window_end_s,fold,trial_id,Temperature,Sample,Trial,y_true,y_pred
1.0,1,30C__aluminum_trial_1,30C,aluminum,1,23958.09466547789,1152.3372802734375
1.0,1,30C__aluminum_trial_2,30C,aluminum,2,23958.09466547789,7588.08544921875
1.0,1,30C__aluminum_trial_3,30C,aluminum,3,23958.09466547789,7958.05224609375
1.0,1,30C__aluminum_trial_4,30C,aluminum,4,23958.09466547789,2796.38671875
1.0,1,30C__aluminum_trial_5,30C,aluminum,5,23958.09466547789,17372.1796875
1.0,1,30C__aluminum_trial_6,30C,aluminum,6,23958.09466547789,12429.802734375
1.0,1,40C__aluminum_trial_1,40C,aluminum,1,23958.09466547789,28127.8671875
1.0,1,40C__aluminum_trial_2,40C,aluminum,2,23958.09466547789,10424.61328125
1.0,1,40C__aluminum_trial_3,40C,aluminum,3,23958.09466547789,7438.50341796875
1.0,1,40C__aluminum_trial_4,40C,aluminum,4,23958.09466547789,18726.62890625
1.0,1,40C__aluminum_trial_5,40C,aluminum,5,23958.09466547789,14676.85546875
1.0,1,40C__aluminum_trial_6,40C,aluminum,6,23958.09466547789,7425.19091796875
1.0,1,50C__aluminum_trial_1,50C,aluminum,1,23958.09466547789,17931.41015625
1.0,1,50C__aluminum_trial_2,50C,aluminum,2,23958.09466547789,16720.859375
1.0,1,50C__aluminum_trial_3,50C,aluminum,3,23958.09466547789,15146.3486328125
1.0,1,50C__aluminum_trial_4,50C,aluminum,4,23958.09466547789,8421.4599609375
1.0,1,50C__aluminum_trial_5,50C,aluminum,5,23958.09466547789,10225.4208984375
1.0,1,50C__aluminum_trial_6,50C,aluminum,6,23958.09466547789,10074.9814453125
1.0,1,60C__aluminum_trial_1,60C,aluminum,1,23958.09466547789,27081.86328125
1.0,1,60C__aluminum_trial_2,60C,aluminum,2,23958.09466547789,20949.900390625
1.0,1,60C__aluminum_trial_3,60C,aluminum,3,23958.09466547789,18884.0625
1.0,1,60C__aluminum_trial_4,60C,aluminum,4,23958.09466547789,16410.5859375
1.0,1,60C__aluminum_trial_5,60C,aluminum,5,23958.09466547789,14701.611328125
1.0,1,60C__aluminum_trial_6,60C,aluminum,6,23958.09466547789,13692.796875
1.0,2,30C__bismuth_trial_1,30C,bismuth,1,3209.1026783199068,3735.770263671875
1.0,2,30C__bismuth_trial_2,30C,bismuth,2,3209.1026783199068,490.83111572265625
1.0,2,30C__bismuth_trial_3,30C,bismuth,3,3209.1026783199068,322.6046142578125
1.0,2,30C__bismuth_trial_4,30C,bismuth,4,3209.1026783199068,1128.6505126953125
1.0,2,30C__bismuth_trial_5,30C,bismuth,5,3209.1026783199068,507.923095703125
1.0,2,30C__bismuth_trial_6,30C,bismuth,6,3209.1026783199068,4286.146484375
1.0,2,40C__bismuth_trial_1,40C,bismuth,1,3209.1026783199068,16328.85546875
1.0,2,40C__bismuth_trial_2,40C,bismuth,2,3209.1026783199068,12820.1669921875
1.0,2,40C__bismuth_trial_3,40C,bismuth,3,3209.1026783199068,9893.6171875
1.0,2,40C__bismuth_trial_4,40C,bismuth,4,3209.1026783199068,10098.21484375
1.0,2,40C__bismuth_trial_5,40C,bismuth,5,3209.1026783199068,10138.0703125
1.0,2,40C__bismuth_trial_6,40C,bismuth,6,3209.1026783199068,13922.7236328125
1.0,2,50C__bismuth_trial_1,50C,bismuth,1,3209.1026783199068,11656.751953125
1.0,2,50C__bismuth_trial_2,50C,bismuth,2,3209.1026783199068,17274.5703125
1.0,2,50C__bismuth_trial_3,50C,bismuth,3,3209.1026783199068,12544.5634765625
1.0,2,50C__bismuth_trial_4,50C,bismuth,4,3209.1026783199068,15632.767578125
1.0,2,50C__bismuth_trial_5,50C,bismuth,5,3209.1026783199068,16589.794921875
1.0,2,50C__bismuth_trial_6,50C,bismuth,6,3209.1026783199068,23020.146484375
1.0,2,60C__bismuth_trial_1,60C,bismuth,1,3209.1026783199068,16752.048828125
1.0,2,60C__bismuth_trial_2,60C,bismuth,2,3209.1026783199068,19071.228515625
1.0,2,60C__bismuth_trial_3,60C,bismuth,3,3209.1026783199068,20217.076171875
1.0,2,60C__bismuth_trial_4,60C,bismuth,4,3209.1026783199068,12020.5126953125
1.0,2,60C__bismuth_trial_5,60C,bismuth,5,3209.1026783199068,10065.9814453125
1.0,2,60C__bismuth_trial_6,60C,bismuth,6,3209.1026783199068,15082.619140625
1.0,3,30C__cement_trial_1,30C,cement,1,559.6427431853289,313.5760803222656
1.0,3,30C__cement_trial_2,30C,cement,2,559.6427431853289,394.4897766113281
1.0,3,30C__cement_trial_3,30C,cement,3,559.6427431853289,489.8080139160156
1.0,3,30C__cement_trial_4,30C,cement,4,559.6427431853289,459.5638732910156
1.0,3,30C__cement_trial_5,30C,cement,5,559.6427431853289,434.3463134765625
1.0,3,30C__cement_trial_6,30C,cement,6,559.6427431853289,372.7229919433594
1.0,3,40C__cement_trial_1,40C,cement,1,559.6427431853289,487.05670166015625
1.0,3,40C__cement_trial_2,40C,cement,2,559.6427431853289,2370.688720703125
1.0,3,40C__cement_trial_3,40C,cement,3,559.6427431853289,177.1924591064453
1.0,3,40C__cement_trial_4,40C,cement,4,559.6427431853289,1260.0084228515625
1.0,3,40C__cement_trial_5,40C,cement,5,559.6427431853289,6833.67626953125
1.0,3,40C__cement_trial_6,40C,cement,6,559.6427431853289,1343.126708984375
1.0,3,50C__cement_trial_1,50C,cement,1,559.6427431853289,276.442626953125
1.0,3,50C__cement_trial_2,50C,cement,2,559.6427431853289,180.36419677734375
1.0,3,50C__cement_trial_3,50C,cement,3,559.6427431853289,402.2033996582031
1.0,3,50C__cement_trial_4,50C,cement,4,559.6427431853289,96.04976654052734
1.0,3,50C__cement_trial_5,50C,cement,5,559.6427431853289,2902.943603515625
1.0,3,50C__cement_trial_6,50C,cement,6,559.6427431853289,2846.3173828125
1.0,3,60C__cement_trial_1,60C,cement,1,559.6427431853289,1345.1112060546875
1.0,3,60C__cement_trial_2,60C,cement,2,559.6427431853289,6046.529296875
1.0,3,60C__cement_trial_3,60C,cement,3,559.6427431853289,1004.7030639648438
1.0,3,60C__cement_trial_4,60C,cement,4,559.6427431853289,888.505859375
1.0,3,60C__cement_trial_5,60C,cement,5,559.6427431853289,674.0927734375
1.0,3,60C__cement_trial_6,60C,cement,6,559.6427431853289,631.962890625
1.0,4,30C__copper_trial_1,30C,copper,1,37192.601414797544,12010.19921875
1.0,4,30C__copper_trial_2,30C,copper,2,37192.601414797544,5256.56787109375
1.0,4,30C__copper_trial_3,30C,copper,3,37192.601414797544,11004.1015625
1.0,4,30C__copper_trial_4,30C,copper,4,37192.601414797544,12796.67578125
1.0,4,30C__copper_trial_5,30C,copper,5,37192.601414797544,17442.837890625
1.0,4,30C__copper_trial_6,30C,copper,6,37192.601414797544,5908.78271484375
1.0,4,40C__copper_trial_1,40C,copper,1,37192.601414797544,11152.318359375
1.0,4,40C__copper_trial_2,40C,copper,2,37192.601414797544,14477.119140625
1.0,4,40C__copper_trial_3,40C,copper,3,37192.601414797544,15684.8134765625
1.0,4,40C__copper_trial_4,40C,copper,4,37192.601414797544,8708.62109375
1.0,4,40C__copper_trial_5,40C,copper,5,37192.601414797544,7265.5087890625
1.0,4,40C__copper_trial_6,40C,copper,6,37192.601414797544,8968.07421875
1.0,4,50C__copper_trial_1,50C,copper,1,37192.601414797544,12484.12109375
1.0,4,50C__copper_trial_2,50C,copper,2,37192.601414797544,16112.861328125
1.0,4,50C__copper_trial_3,50C,copper,3,37192.601414797544,9133.615234375
1.0,4,50C__copper_trial_4,50C,copper,4,37192.601414797544,8068.62255859375
1.0,4,50C__copper_trial_5,50C,copper,5,37192.601414797544,9723.4423828125
1.0,4,50C__copper_trial_6,50C,copper,6,37192.601414797544,10734.814453125
1.0,4,60C__copper_trial_1,60C,copper,1,37192.601414797544,11861.3798828125
1.0,4,60C__copper_trial_2,60C,copper,2,37192.601414797544,12783.3671875
1.0,4,60C__copper_trial_3,60C,copper,3,37192.601414797544,12202.396484375
1.0,4,60C__copper_trial_4,60C,copper,4,37192.601414797544,11464.6591796875
1.0,4,60C__copper_trial_5,60C,copper,5,37192.601414797544,12831.078125
1.0,4,60C__copper_trial_6,60C,copper,6,37192.601414797544,10846.779296875
1.0,5,30C__cork_trial_1,30C,cork,1,136.29380029920657,111.62705993652344
1.0,5,30C__cork_trial_2,30C,cork,2,136.29380029920657,96.52396392822266
1.0,5,30C__cork_trial_3,30C,cork,3,136.29380029920657,100.93815612792969
1.0,5,30C__cork_trial_4,30C,cork,4,136.29380029920657,42.58351516723633
1.0,5,30C__cork_trial_5,30C,cork,5,136.29380029920657,124.62779235839844
1.0,5,30C__cork_trial_6,30C,cork,6,136.29380029920657,217.50479125976562
1.0,5,40C__cork_trial_1,40C,cork,1,136.29380029920657,138.0347442626953
1.0,5,40C__cork_trial_2,40C,cork,2,136.29380029920657,315.10394287109375
1.0,5,40C__cork_trial_3,40C,cork,3,136.29380029920657,139.14398193359375
1.0,5,40C__cork_trial_4,40C,cork,4,136.29380029920657,159.23471069335938
1.0,5,40C__cork_trial_5,40C,cork,5,136.29380029920657,91.0678939819336
1.0,5,40C__cork_trial_6,40C,cork,6,136.29380029920657,46.349143981933594
1.0,5,50C__cork_trial_1,50C,cork,1,136.29380029920657,205.5282440185547
1.0,5,50C__cork_trial_2,50C,cork,2,136.29380029920657,362.1233215332031
1.0,5,50C__cork_trial_3,50C,cork,3,136.29380029920657,306.9277038574219
1.0,5,50C__cork_trial_4,50C,cork,4,136.29380029920657,158.33375549316406
1.0,5,50C__cork_trial_5,50C,cork,5,136.29380029920657,246.6624755859375
1.0,5,50C__cork_trial_6,50C,cork,6,136.29380029920657,68.31625366210938
1.0,5,60C__cork_trial_1,60C,cork,1,136.29380029920657,527.0345458984375
1.0,5,60C__cork_trial_2,60C,cork,2,136.29380029920657,182.932373046875
1.0,5,60C__cork_trial_3,60C,cork,3,136.29380029920657,268.5131530761719
1.0,5,60C__cork_trial_4,60C,cork,4,136.29380029920657,193.9863739013672
1.0,5,60C__cork_trial_5,60C,cork,5,136.29380029920657,402.6133117675781
1.0,5,60C__cork_trial_6,60C,cork,6,136.29380029920657,169.76158142089844
1.0,6,30C__graphite_trial_1,30C,graphite,1,11367.497525840945,2685.070068359375
1.0,6,30C__graphite_trial_2,30C,graphite,2,11367.497525840945,22659.345703125
1.0,6,30C__graphite_trial_3,30C,graphite,3,11367.497525840945,10131.603515625
1.0,6,30C__graphite_trial_4,30C,graphite,4,11367.497525840945,3686.7275390625
1.0,6,30C__graphite_trial_5,30C,graphite,5,11367.497525840945,22239.4375
1.0,6,30C__graphite_trial_6,30C,graphite,6,11367.497525840945,14300.3408203125
1.0,6,40C__graphite_trial_1,40C,graphite,1,11367.497525840945,13107.9130859375
1.0,6,40C__graphite_trial_2,40C,graphite,2,11367.497525840945,20886.119140625
1.0,6,40C__graphite_trial_3,40C,graphite,3,11367.497525840945,4574.3095703125
1.0,6,40C__graphite_trial_4,40C,graphite,4,11367.497525840945,18488.66796875
1.0,6,40C__graphite_trial_5,40C,graphite,5,11367.497525840945,10693.4794921875
1.0,6,40C__graphite_trial_6,40C,graphite,6,11367.497525840945,4376.380859375
1.0,6,50C__graphite_trial_1,50C,graphite,1,11367.497525840945,17983.302734375
1.0,6,50C__graphite_trial_2,50C,graphite,2,11367.497525840945,18345.865234375
1.0,6,50C__graphite_trial_3,50C,graphite,3,11367.497525840945,7656.13916015625
1.0,6,50C__graphite_trial_4,50C,graphite,4,11367.497525840945,16078.23046875
1.0,6,50C__graphite_trial_5,50C,graphite,5,11367.497525840945,14451.0888671875
1.0,6,50C__graphite_trial_6,50C,graphite,6,11367.497525840945,14253.9345703125
1.0,6,60C__graphite_trial_1,60C,graphite,1,11367.497525840945,16223.8720703125
1.0,6,60C__graphite_trial_2,60C,graphite,2,11367.497525840945,16876.0234375
1.0,6,60C__graphite_trial_3,60C,graphite,3,11367.497525840945,15960.5732421875
1.0,6,60C__graphite_trial_4,60C,graphite,4,11367.497525840945,10365.2265625
1.0,6,60C__graphite_trial_5,60C,graphite,5,11367.497525840945,15998.3837890625
1.0,6,60C__graphite_trial_6,60C,graphite,6,11367.497525840945,21008.583984375
1.0,7,30C__gypsum_trial_1,30C,gypsum,1,385.01948002666046,57.748355865478516
1.0,7,30C__gypsum_trial_2,30C,gypsum,2,385.01948002666046,112.72738647460938
1.0,7,30C__gypsum_trial_3,30C,gypsum,3,385.01948002666046,211.57855224609375
1.0,7,30C__gypsum_trial_4,30C,gypsum,4,385.01948002666046,96.0138168334961
1.0,7,30C__gypsum_trial_5,30C,gypsum,5,385.01948002666046,60.595760345458984
1.0,7,30C__gypsum_trial_6,30C,gypsum,6,385.01948002666046,102.89300537109375
1.0,7,40C__gypsum_trial_1,40C,gypsum,1,385.01948002666046,233.89393615722656
1.0,7,40C__gypsum_trial_2,40C,gypsum,2,385.01948002666046,110.38882446289062
1.0,7,40C__gypsum_trial_3,40C,gypsum,3,385.01948002666046,110.4520492553711
1.0,7,40C__gypsum_trial_4,40C,gypsum,4,385.01948002666046,203.6315155029297
1.0,7,40C__gypsum_trial_5,40C,gypsum,5,385.01948002666046,3420.5888671875
1.0,7,40C__gypsum_trial_6,40C,gypsum,6,385.01948002666046,522.1908569335938
1.0,7,50C__gypsum_trial_1,50C,gypsum,1,385.01948002666046,2722.00048828125
1.0,7,50C__gypsum_trial_2,50C,gypsum,2,385.01948002666046,4229.6142578125
1.0,7,50C__gypsum_trial_3,50C,gypsum,3,385.01948002666046,3219.81201171875
1.0,7,50C__gypsum_trial_4,50C,gypsum,4,385.01948002666046,11399.2177734375
1.0,7,50C__gypsum_trial_5,50C,gypsum,5,385.01948002666046,9809.521484375
1.0,7,50C__gypsum_trial_6,50C,gypsum,6,385.01948002666046,2750.784423828125
1.0,7,60C__gypsum_trial_1,60C,gypsum,1,385.01948002666046,12127.16796875
1.0,7,60C__gypsum_trial_2,60C,gypsum,2,385.01948002666046,2156.851806640625
1.0,7,60C__gypsum_trial_3,60C,gypsum,3,385.01948002666046,7583.25244140625
1.0,7,60C__gypsum_trial_4,60C,gypsum,4,385.01948002666046,7524.833984375
1.0,7,60C__gypsum_trial_5,60C,gypsum,5,385.01948002666046,7832.96240234375
1.0,7,60C__gypsum_trial_6,60C,gypsum,6,385.01948002666046,12807.93359375
1.0,8,30C__iron_trial_1,30C,iron,1,16859.663413010356,17316.154296875
1.0,8,30C__iron_trial_2,30C,iron,2,16859.663413010356,8255.2705078125
1.0,8,30C__iron_trial_3,30C,iron,3,16859.663413010356,2785.86083984375
1.0,8,30C__iron_trial_4,30C,iron,4,16859.663413010356,15134.9697265625
1.0,8,30C__iron_trial_5,30C,iron,5,16859.663413010356,3636.6455078125
1.0,8,30C__iron_trial_6,30C,iron,6,16859.663413010356,1894.156494140625
1.0,8,40C__iron_trial_1,40C,iron,1,16859.663413010356,9697.3525390625
1.0,8,40C__iron_trial_2,40C,iron,2,16859.663413010356,2099.370361328125
1.0,8,40C__iron_trial_3,40C,iron,3,16859.663413010356,2750.43408203125
1.0,8,40C__iron_trial_4,40C,iron,4,16859.663413010356,7634.64892578125
1.0,8,40C__iron_trial_5,40C,iron,5,16859.663413010356,13288.1513671875
1.0,8,40C__iron_trial_6,40C,iron,6,16859.663413010356,15136.802734375
1.0,8,50C__iron_trial_1,50C,iron,1,16859.663413010356,15780.814453125
1.0,8,50C__iron_trial_2,50C,iron,2,16859.663413010356,12503.90234375
1.0,8,50C__iron_trial_3,50C,iron,3,16859.663413010356,7123.95654296875
1.0,8,50C__iron_trial_4,50C,iron,4,16859.663413010356,9498.611328125
1.0,8,50C__iron_trial_5,50C,iron,5,16859.663413010356,16927.380859375
1.0,8,50C__iron_trial_6,50C,iron,6,16859.663413010356,16731.435546875
1.0,8,60C__iron_trial_1,60C,iron,1,16859.663413010356,11979.310546875
1.0,8,60C__iron_trial_2,60C,iron,2,16859.663413010356,8619.28515625
1.0,8,60C__iron_trial_3,60C,iron,3,16859.663413010356,14044.7158203125
1.0,8,60C__iron_trial_4,60C,iron,4,16859.663413010356,13058.537109375
1.0,8,60C__iron_trial_5,60C,iron,5,16859.663413010356,15264.015625
1.0,8,60C__iron_trial_6,60C,iron,6,16859.663413010356,14976.03125
1.0,9,30C__nickel_trial_1,30C,nickel,1,19320.68449098013,6199.01171875
1.0,9,30C__nickel_trial_2,30C,nickel,2,19320.68449098013,3017.37841796875
1.0,9,30C__nickel_trial_3,30C,nickel,3,19320.68449098013,1987.4996337890625
1.0,9,30C__nickel_trial_4,30C,nickel,4,19320.68449098013,2100.146728515625
1.0,9,30C__nickel_trial_5,30C,nickel,5,19320.68449098013,2384.86962890625
1.0,9,30C__nickel_trial_6,30C,nickel,6,19320.68449098013,13024.990234375
1.0,9,40C__nickel_trial_1,40C,nickel,1,19320.68449098013,5172.57958984375
1.0,9,40C__nickel_trial_2,40C,nickel,2,19320.68449098013,13459.7333984375
1.0,9,40C__nickel_trial_3,40C,nickel,3,19320.68449098013,5457.685546875
1.0,9,40C__nickel_trial_4,40C,nickel,4,19320.68449098013,12134.3994140625
1.0,9,40C__nickel_trial_5,40C,nickel,5,19320.68449098013,9590.7001953125
1.0,9,40C__nickel_trial_6,40C,nickel,6,19320.68449098013,12166.3603515625
1.0,9,50C__nickel_trial_1,50C,nickel,1,19320.68449098013,14967.94921875
1.0,9,50C__nickel_trial_2,50C,nickel,2,19320.68449098013,10773.14453125
1.0,9,50C__nickel_trial_3,50C,nickel,3,19320.68449098013,12320.884765625
1.0,9,50C__nickel_trial_4,50C,nickel,4,19320.68449098013,17414.115234375
1.0,9,50C__nickel_trial_5,50C,nickel,5,19320.68449098013,8204.7578125
1.0,9,50C__nickel_trial_6,50C,nickel,6,19320.68449098013,15772.5234375
1.0,9,60C__nickel_trial_1,60C,nickel,1,19320.68449098013,14232.4306640625
1.0,9,60C__nickel_trial_2,60C,nickel,2,19320.68449098013,12705.8173828125
1.0,9,60C__nickel_trial_3,60C,nickel,3,19320.68449098013,17084.443359375
1.0,9,60C__nickel_trial_4,60C,nickel,4,19320.68449098013,13618.1708984375
1.0,9,60C__nickel_trial_5,60C,nickel,5,19320.68449098013,15447.76953125
1.0,9,60C__nickel_trial_6,60C,nickel,6,19320.68449098013,15886.9912109375
1.0,10,30C__pdms_trial_1,30C,pdms,1,460.90129095067635,559.276123046875
1.0,10,30C__pdms_trial_2,30C,pdms,2,460.90129095067635,158.21231079101562
1.0,10,30C__pdms_trial_3,30C,pdms,3,460.90129095067635,362.1752624511719
1.0,10,30C__pdms_trial_4,30C,pdms,4,460.90129095067635,76.76029968261719
1.0,10,30C__pdms_trial_5,30C,pdms,5,460.90129095067635,52.417808532714844
1.0,10,30C__pdms_trial_6,30C,pdms,6,460.90129095067635,111.12774658203125
1.0,10,40C__pdms_trial_1,40C,pdms,1,460.90129095067635,460.4376525878906
1.0,10,40C__pdms_trial_2,40C,pdms,2,460.90129095067635,276.00177001953125
1.0,10,40C__pdms_trial_3,40C,pdms,3,460.90129095067635,203.8225555419922
1.0,10,40C__pdms_trial_4,40C,pdms,4,460.90129095067635,399.4095458984375
1.0,10,40C__pdms_trial_5,40C,pdms,5,460.90129095067635,595.141845703125
1.0,10,40C__pdms_trial_6,40C,pdms,6,460.90129095067635,377.62176513671875
1.0,10,50C__pdms_trial_1,50C,pdms,1,460.90129095067635,254.0441436767578
1.0,10,50C__pdms_trial_2,50C,pdms,2,460.90129095067635,403.9679870605469
1.0,10,50C__pdms_trial_3,50C,pdms,3,460.90129095067635,540.9171142578125
1.0,10,50C__pdms_trial_4,50C,pdms,4,460.90129095067635,751.2160034179688
1.0,10,50C__pdms_trial_5,50C,pdms,5,460.90129095067635,317.56707763671875
1.0,10,50C__pdms_trial_6,50C,pdms,6,460.90129095067635,511.7202453613281
1.0,10,60C__pdms_trial_1,60C,pdms,1,460.90129095067635,522.2958984375
1.0,10,60C__pdms_trial_2,60C,pdms,2,460.90129095067635,321.1473693847656
1.0,10,60C__pdms_trial_3,60C,pdms,3,460.90129095067635,419.30206298828125
1.0,10,60C__pdms_trial_4,60C,pdms,4,460.90129095067635,228.21434020996094
1.0,10,60C__pdms_trial_5,60C,pdms,5,460.90129095067635,147.45697021484375
1.0,10,60C__pdms_trial_6,60C,pdms,6,460.90129095067635,156.98565673828125
1.0,11,30C__ps_foam_trial_1,30C,ps_foam,1,34.496376621320685,75.41775512695312
1.0,11,30C__ps_foam_trial_2,30C,ps_foam,2,34.496376621320685,68.23343658447266
1.0,11,30C__ps_foam_trial_3,30C,ps_foam,3,34.496376621320685,399.1866149902344
1.0,11,30C__ps_foam_trial_4,30C,ps_foam,4,34.496376621320685,288.2543640136719
1.0,11,30C__ps_foam_trial_5,30C,ps_foam,5,34.496376621320685,121.32164001464844
1.0,11,30C__ps_foam_trial_6,30C,ps_foam,6,34.496376621320685,91.88105010986328
1.0,11,40C__ps_foam_trial_1,40C,ps_foam,1,34.496376621320685,96.86743927001953
1.0,11,40C__ps_foam_trial_2,40C,ps_foam,2,34.496376621320685,111.79780578613281
1.0,11,40C__ps_foam_trial_3,40C,ps_foam,3,34.496376621320685,99.39527130126953
1.0,11,40C__ps_foam_trial_4,40C,ps_foam,4,34.496376621320685,197.18780517578125
1.0,11,40C__ps_foam_trial_5,40C,ps_foam,5,34.496376621320685,99.76158905029297
1.0,11,40C__ps_foam_trial_6,40C,ps_foam,6,34.496376621320685,120.18952941894531
1.0,11,50C__ps_foam_trial_1,50C,ps_foam,1,34.496376621320685,74.38296508789062
1.0,11,50C__ps_foam_trial_2,50C,ps_foam,2,34.496376621320685,187.9839324951172
1.0,11,50C__ps_foam_trial_3,50C,ps_foam,3,34.496376621320685,93.04439544677734
1.0,11,50C__ps_foam_trial_4,50C,ps_foam,4,34.496376621320685,223.0604248046875
1.0,11,50C__ps_foam_trial_5,50C,ps_foam,5,34.496376621320685,172.87857055664062
1.0,11,50C__ps_foam_trial_6,50C,ps_foam,6,34.496376621320685,63.846954345703125
1.0,11,60C__ps_foam_trial_1,60C,ps_foam,1,34.496376621320685,354.8359375
1.0,11,60C__ps_foam_trial_2,60C,ps_foam,2,34.496376621320685,228.95724487304688
1.0,11,60C__ps_foam_trial_3,60C,ps_foam,3,34.496376621320685,113.33856201171875
1.0,11,60C__ps_foam_trial_4,60C,ps_foam,4,34.496376621320685,107.67094421386719
1.0,11,60C__ps_foam_trial_5,60C,ps_foam,5,34.496376621320685,133.266357421875
1.0,11,60C__ps_foam_trial_6,60C,ps_foam,6,34.496376621320685,993.0294189453125
1.0,12,30C__pu_foam_trial_1,30C,pu_foam,1,42.49705872175155,202.63340759277344
1.0,12,30C__pu_foam_trial_2,30C,pu_foam,2,42.49705872175155,72.9666748046875
1.0,12,30C__pu_foam_trial_3,30C,pu_foam,3,42.49705872175155,70.31383514404297
1.0,12,30C__pu_foam_trial_4,30C,pu_foam,4,42.49705872175155,100.90865325927734
1.0,12,30C__pu_foam_trial_5,30C,pu_foam,5,42.49705872175155,144.9453887939453
1.0,12,30C__pu_foam_trial_6,30C,pu_foam,6,42.49705872175155,211.07901000976562
1.0,12,40C__pu_foam_trial_1,40C,pu_foam,1,42.49705872175155,281.08880615234375
1.0,12,40C__pu_foam_trial_2,40C,pu_foam,2,42.49705872175155,283.0872802734375
1.0,12,40C__pu_foam_trial_3,40C,pu_foam,3,42.49705872175155,210.08473205566406
1.0,12,40C__pu_foam_trial_4,40C,pu_foam,4,42.49705872175155,174.82521057128906
1.0,12,40C__pu_foam_trial_5,40C,pu_foam,5,42.49705872175155,97.36579895019531
1.0,12,40C__pu_foam_trial_6,40C,pu_foam,6,42.49705872175155,141.24087524414062
1.0,12,50C__pu_foam_trial_1,50C,pu_foam,1,42.49705872175155,168.88363647460938
1.0,12,50C__pu_foam_trial_2,50C,pu_foam,2,42.49705872175155,188.34799194335938
1.0,12,50C__pu_foam_trial_3,50C,pu_foam,3,42.49705872175155,226.1439208984375
1.0,12,50C__pu_foam_trial_4,50C,pu_foam,4,42.49705872175155,47.60454559326172
1.0,12,50C__pu_foam_trial_5,50C,pu_foam,5,42.49705872175155,120.23420715332031
1.0,12,50C__pu_foam_trial_6,50C,pu_foam,6,42.49705872175155,63.66813659667969
1.0,12,60C__pu_foam_trial_1,60C,pu_foam,1,42.49705872175155,399.0196838378906
1.0,12,60C__pu_foam_trial_2,60C,pu_foam,2,42.49705872175155,295.7926330566406
1.0,12,60C__pu_foam_trial_3,60C,pu_foam,3,42.49705872175155,146.5873260498047
1.0,12,60C__pu_foam_trial_4,60C,pu_foam,4,42.49705872175155,241.1520538330078
1.0,12,60C__pu_foam_trial_5,60C,pu_foam,5,42.49705872175155,271.48394775390625
1.0,12,60C__pu_foam_trial_6,60C,pu_foam,6,42.49705872175155,444.68365478515625
1.0,13,30C__titanium_trial_1,30C,titanium,1,7184.0359269702985,24352.490234375
1.0,13,30C__titanium_trial_2,30C,titanium,2,7184.0359269702985,23158.32421875
1.0,13,30C__titanium_trial_3,30C,titanium,3,7184.0359269702985,818.56494140625
1.0,13,30C__titanium_trial_4,30C,titanium,4,7184.0359269702985,2570.78369140625
1.0,13,30C__titanium_trial_5,30C,titanium,5,7184.0359269702985,787.6190185546875
1.0,13,30C__titanium_trial_6,30C,titanium,6,7184.0359269702985,3465.07080078125
1.0,13,40C__titanium_trial_1,40C,titanium,1,7184.0359269702985,9902.1318359375
1.0,13,40C__titanium_trial_2,40C,titanium,2,7184.0359269702985,6616.4560546875
1.0,13,40C__titanium_trial_3,40C,titanium,3,7184.0359269702985,6503.68017578125
1.0,13,40C__titanium_trial_4,40C,titanium,4,7184.0359269702985,3212.347412109375
1.0,13,40C__titanium_trial_5,40C,titanium,5,7184.0359269702985,7527.044921875
1.0,13,40C__titanium_trial_6,40C,titanium,6,7184.0359269702985,15270.1455078125
1.0,13,50C__titanium_trial_1,50C,titanium,1,7184.0359269702985,6839.75390625
1.0,13,50C__titanium_trial_2,50C,titanium,2,7184.0359269702985,4261.6162109375
1.0,13,50C__titanium_trial_3,50C,titanium,3,7184.0359269702985,20018.705078125
1.0,13,50C__titanium_trial_4,50C,titanium,4,7184.0359269702985,24600.068359375
1.0,13,50C__titanium_trial_5,50C,titanium,5,7184.0359269702985,20925.0390625
1.0,13,50C__titanium_trial_6,50C,titanium,6,7184.0359269702985,22443.197265625
1.0,13,60C__titanium_trial_1,60C,titanium,1,7184.0359269702985,8463.96875
1.0,13,60C__titanium_trial_2,60C,titanium,2,7184.0359269702985,13677.1083984375
1.0,13,60C__titanium_trial_3,60C,titanium,3,7184.0359269702985,5322.61767578125
1.0,13,60C__titanium_trial_4,60C,titanium,4,7184.0359269702985,18828.978515625
1.0,13,60C__titanium_trial_5,60C,titanium,5,7184.0359269702985,12137.166015625
1.0,13,60C__titanium_trial_6,60C,titanium,6,7184.0359269702985,7593.40673828125
1.0,14,30C__wood_trial_1,30C,wood,1,422.49260348555214,70.29520416259766
1.0,14,30C__wood_trial_2,30C,wood,2,422.49260348555214,47.23152160644531
1.0,14,30C__wood_trial_3,30C,wood,3,422.49260348555214,72.18846893310547
1.0,14,30C__wood_trial_4,30C,wood,4,422.49260348555214,128.78713989257812
1.0,14,30C__wood_trial_5,30C,wood,5,422.49260348555214,80.60120391845703
1.0,14,30C__wood_trial_6,30C,wood,6,422.49260348555214,153.53668212890625
1.0,14,40C__wood_trial_1,40C,wood,1,422.49260348555214,173.5413818359375
1.0,14,40C__wood_trial_2,40C,wood,2,422.49260348555214,151.2954864501953
1.0,14,40C__wood_trial_3,40C,wood,3,422.49260348555214,79.07274627685547
1.0,14,40C__wood_trial_4,40C,wood,4,422.49260348555214,118.8007583618164
1.0,14,40C__wood_trial_5,40C,wood,5,422.49260348555214,178.6285858154297
1.0,14,40C__wood_trial_6,40C,wood,6,422.49260348555214,309.5934753417969
1.0,14,50C__wood_trial_1,50C,wood,1,422.49260348555214,360.0357666015625
1.0,14,50C__wood_trial_2,50C,wood,2,422.49260348555214,273.41412353515625
1.0,14,50C__wood_trial_3,50C,wood,3,422.49260348555214,363.2057189941406
1.0,14,50C__wood_trial_4,50C,wood,4,422.49260348555214,302.4787292480469
1.0,14,50C__wood_trial_5,50C,wood,5,422.49260348555214,244.8348846435547
1.0,14,50C__wood_trial_6,50C,wood,6,422.49260348555214,293.7192687988281
1.0,14,60C__wood_trial_1,60C,wood,1,422.49260348555214,9946.9521484375
1.0,14,60C__wood_trial_2,60C,wood,2,422.49260348555214,16754.205078125
1.0,14,60C__wood_trial_3,60C,wood,3,422.49260348555214,2724.614013671875
1.0,14,60C__wood_trial_4,60C,wood,4,422.49260348555214,11986.0419921875
1.0,14,60C__wood_trial_5,60C,wood,5,422.49260348555214,14592.927734375
1.0,14,60C__wood_trial_6,60C,wood,6,422.49260348555214,11932.0234375
1.5,1,30C__aluminum_trial_1,30C,aluminum,1,23958.09466547789,668.051025390625
1.5,1,30C__aluminum_trial_2,30C,aluminum,2,23958.09466547789,25636.333984375
1.5,1,30C__aluminum_trial_3,30C,aluminum,3,23958.09466547789,19689.31640625
1.5,1,30C__aluminum_trial_4,30C,aluminum,4,23958.09466547789,3092.39794921875
1.5,1,30C__aluminum_trial_5,30C,aluminum,5,23958.09466547789,12549.421875
1.5,1,30C__aluminum_trial_6,30C,aluminum,6,23958.09466547789,11519.341796875
1.5,1,40C__aluminum_trial_1,40C,aluminum,1,23958.09466547789,26026.408203125
1.5,1,40C__aluminum_trial_2,40C,aluminum,2,23958.09466547789,16132.0517578125
1.5,1,40C__aluminum_trial_3,40C,aluminum,3,23958.09466547789,12925.6796875
1.5,1,40C__aluminum_trial_4,40C,aluminum,4,23958.09466547789,12365.6083984375
1.5,1,40C__aluminum_trial_5,40C,aluminum,5,23958.09466547789,12868.482421875
1.5,1,40C__aluminum_trial_6,40C,aluminum,6,23958.09466547789,11318.0546875
1.5,1,50C__aluminum_trial_1,50C,aluminum,1,23958.09466547789,17299.662109375
1.5,1,50C__aluminum_trial_2,50C,aluminum,2,23958.09466547789,16375.814453125
1.5,1,50C__aluminum_trial_3,50C,aluminum,3,23958.09466547789,12667.775390625
1.5,1,50C__aluminum_trial_4,50C,aluminum,4,23958.09466547789,10427.486328125
1.5,1,50C__aluminum_trial_5,50C,aluminum,5,23958.09466547789,10159.19140625
1.5,1,50C__aluminum_trial_6,50C,aluminum,6,23958.09466547789,11634.5595703125
1.5,1,60C__aluminum_trial_1,60C,aluminum,1,23958.09466547789,21792.259765625
1.5,1,60C__aluminum_trial_2,60C,aluminum,2,23958.09466547789,26208.462890625
1.5,1,60C__aluminum_trial_3,60C,aluminum,3,23958.09466547789,15670.966796875
1.5,1,60C__aluminum_trial_4,60C,aluminum,4,23958.09466547789,19721.7734375
1.5,1,60C__aluminum_trial_5,60C,aluminum,5,23958.09466547789,23786.345703125
1.5,1,60C__aluminum_trial_6,60C,aluminum,6,23958.09466547789,21685.072265625
1.5,2,30C__bismuth_trial_1,30C,bismuth,1,3209.1026783199068,9352.912109375
1.5,2,30C__bismuth_trial_2,30C,bismuth,2,3209.1026783199068,1298.0509033203125
1.5,2,30C__bismuth_trial_3,30C,bismuth,3,3209.1026783199068,1021.8600463867188
1.5,2,30C__bismuth_trial_4,30C,bismuth,4,3209.1026783199068,5890.42626953125
1.5,2,30C__bismuth_trial_5,30C,bismuth,5,3209.1026783199068,4470.62451171875
1.5,2,30C__bismuth_trial_6,30C,bismuth,6,3209.1026783199068,7494.328125
1.5,2,40C__bismuth_trial_1,40C,bismuth,1,3209.1026783199068,13406.9609375
1.5,2,40C__bismuth_trial_2,40C,bismuth,2,3209.1026783199068,12231.0595703125
1.5,2,40C__bismuth_trial_3,40C,bismuth,3,3209.1026783199068,10645.478515625
1.5,2,40C__bismuth_trial_4,40C,bismuth,4,3209.1026783199068,15031.09375
1.5,2,40C__bismuth_trial_5,40C,bismuth,5,3209.1026783199068,8769.42578125
1.5,2,40C__bismuth_trial_6,40C,bismuth,6,3209.1026783199068,13616.677734375
1.5,2,50C__bismuth_trial_1,50C,bismuth,1,3209.1026783199068,12385.638671875
1.5,2,50C__bismuth_trial_2,50C,bismuth,2,3209.1026783199068,13947.697265625
1.5,2,50C__bismuth_trial_3,50C,bismuth,3,3209.1026783199068,14008.7421875
1.5,2,50C__bismuth_trial_4,50C,bismuth,4,3209.1026783199068,12816.4501953125
1.5,2,50C__bismuth_trial_5,50C,bismuth,5,3209.1026783199068,16182.548828125
1.5,2,50C__bismuth_trial_6,50C,bismuth,6,3209.1026783199068,12950.3955078125
1.5,2,60C__bismuth_trial_1,60C,bismuth,1,3209.1026783199068,14706.154296875
1.5,2,60C__bismuth_trial_2,60C,bismuth,2,3209.1026783199068,14394.00390625
1.5,2,60C__bismuth_trial_3,60C,bismuth,3,3209.1026783199068,18793.9921875
1.5,2,60C__bismuth_trial_4,60C,bismuth,4,3209.1026783199068,22560.37109375
1.5,2,60C__bismuth_trial_5,60C,bismuth,5,3209.1026783199068,15171.2587890625
1.5,2,60C__bismuth_trial_6,60C,bismuth,6,3209.1026783199068,12412.2216796875
1.5,3,30C__cement_trial_1,30C,cement,1,559.6427431853289,397.4080810546875
1.5,3,30C__cement_trial_2,30C,cement,2,559.6427431853289,383.9944763183594
1.5,3,30C__cement_trial_3,30C,cement,3,559.6427431853289,386.8813781738281
1.5,3,30C__cement_trial_4,30C,cement,4,559.6427431853289,418.12286376953125
1.5,3,30C__cement_trial_5,30C,cement,5,559.6427431853289,395.21044921875
1.5,3,30C__cement_trial_6,30C,cement,6,559.6427431853289,361.4342956542969
1.5,3,40C__cement_trial_1,40C,cement,1,559.6427431853289,789.0552978515625
1.5,3,40C__cement_trial_2,40C,cement,2,559.6427431853289,2562.3505859375
1.5,3,40C__cement_trial_3,40C,cement,3,559.6427431853289,728.9681396484375
1.5,3,40C__cement_trial_4,40C,cement,4,559.6427431853289,1082.4921875
1.5,3,40C__cement_trial_5,40C,cement,5,559.6427431853289,7068.81982421875
1.5,3,40C__cement_trial_6,40C,cement,6,559.6427431853289,1952.0052490234375
1.5,3,50C__cement_trial_1,50C,cement,1,559.6427431853289,2172.829345703125
1.5,3,50C__cement_trial_2,50C,cement,2,559.6427431853289,303.864013671875
1.5,3,50C__cement_trial_3,50C,cement,3,559.6427431853289,953.3009643554688
1.5,3,50C__cement_trial_4,50C,cement,4,559.6427431853289,546.22998046875
1.5,3,50C__cement_trial_5,50C,cement,5,559.6427431853289,3163.286376953125
1.5,3,50C__cement_trial_6,50C,cement,6,559.6427431853289,1810.186767578125
1.5,3,60C__cement_trial_1,60C,cement,1,559.6427431853289,2226.19140625
1.5,3,60C__cement_trial_2,60C,cement,2,559.6427431853289,2272.62060546875
1.5,3,60C__cement_trial_3,60C,cement,3,559.6427431853289,2157.4013671875
1.5,3,60C__cement_trial_4,60C,cement,4,559.6427431853289,2358.61669921875
1.5,3,60C__cement_trial_5,60C,cement,5,559.6427431853289,1907.4918212890625
1.5,3,60C__cement_trial_6,60C,cement,6,559.6427431853289,1059.16552734375
1.5,4,30C__copper_trial_1,30C,copper,1,37192.601414797544,14739.36328125
1.5,4,30C__copper_trial_2,30C,copper,2,37192.601414797544,12641.8740234375
1.5,4,30C__copper_trial_3,30C,copper,3,37192.601414797544,11348.763671875
1.5,4,30C__copper_trial_4,30C,copper,4,37192.601414797544,3964.677001953125
1.5,4,30C__copper_trial_5,30C,copper,5,37192.601414797544,12991.1953125
1.5,4,30C__copper_trial_6,30C,copper,6,37192.601414797544,2328.292236328125
1.5,4,40C__copper_trial_1,40C,copper,1,37192.601414797544,13255.923828125
1.5,4,40C__copper_trial_2,40C,copper,2,37192.601414797544,15960.9833984375
1.5,4,40C__copper_trial_3,40C,copper,3,37192.601414797544,10282.3876953125
1.5,4,40C__copper_trial_4,40C,copper,4,37192.601414797544,11175.4765625
1.5,4,40C__copper_trial_5,40C,copper,5,37192.601414797544,15217.5009765625
1.5,4,40C__copper_trial_6,40C,copper,6,37192.601414797544,14663.6474609375
1.5,4,50C__copper_trial_1,50C,copper,1,37192.601414797544,13212.869140625
1.5,4,50C__copper_trial_2,50C,copper,2,37192.601414797544,15738.3388671875
1.5,4,50C__copper_trial_3,50C,copper,3,37192.601414797544,6498.87451171875
1.5,4,50C__copper_trial_4,50C,copper,4,37192.601414797544,6461.53564453125
1.5,4,50C__copper_trial_5,50C,copper,5,37192.601414797544,6206.2060546875
1.5,4,50C__copper_trial_6,50C,copper,6,37192.601414797544,8115.95947265625
1.5,4,60C__copper_trial_1,60C,copper,1,37192.601414797544,14957.275390625
1.5,4,60C__copper_trial_2,60C,copper,2,37192.601414797544,11740.478515625
1.5,4,60C__copper_trial_3,60C,copper,3,37192.601414797544,15541.9794921875
1.5,4,60C__copper_trial_4,60C,copper,4,37192.601414797544,13723.7568359375
1.5,4,60C__copper_trial_5,60C,copper,5,37192.601414797544,17421.890625
1.5,4,60C__copper_trial_6,60C,copper,6,37192.601414797544,6110.0537109375
1.5,5,30C__cork_trial_1,30C,cork,1,136.29380029920657,106.09160614013672
1.5,5,30C__cork_trial_2,30C,cork,2,136.29380029920657,57.15330505371094
1.5,5,30C__cork_trial_3,30C,cork,3,136.29380029920657,135.71456909179688
1.5,5,30C__cork_trial_4,30C,cork,4,136.29380029920657,34.496376621320685
1.5,5,30C__cork_trial_5,30C,cork,5,136.29380029920657,136.72535705566406
1.5,5,30C__cork_trial_6,30C,cork,6,136.29380029920657,348.2370910644531
1.5,5,40C__cork_trial_1,40C,cork,1,136.29380029920657,268.45159912109375
1.5,5,40C__cork_trial_2,40C,cork,2,136.29380029920657,184.6120147705078
1.5,5,40C__cork_trial_3,40C,cork,3,136.29380029920657,154.55931091308594
1.5,5,40C__cork_trial_4,40C,cork,4,136.29380029920657,152.16563415527344
1.5,5,40C__cork_trial_5,40C,cork,5,136.29380029920657,250.7542266845703
1.5,5,40C__cork_trial_6,40C,cork,6,136.29380029920657,43.14156723022461
1.5,5,50C__cork_trial_1,50C,cork,1,136.29380029920657,453.6235046386719
1.5,5,50C__cork_trial_2,50C,cork,2,136.29380029920657,423.18896484375
1.5,5,50C__cork_trial_3,50C,cork,3,136.29380029920657,335.5831604003906
1.5,5,50C__cork_trial_4,50C,cork,4,136.29380029920657,283.4917907714844
1.5,5,50C__cork_trial_5,50C,cork,5,136.29380029920657,309.25286865234375
1.5,5,50C__cork_trial_6,50C,cork,6,136.29380029920657,95.42110443115234
1.5,5,60C__cork_trial_1,60C,cork,1,136.29380029920657,1302.5738525390625
1.5,5,60C__cork_trial_2,60C,cork,2,136.29380029920657,211.09730529785156
1.5,5,60C__cork_trial_3,60C,cork,3,136.29380029920657,152.53233337402344
1.5,5,60C__cork_trial_4,60C,cork,4,136.29380029920657,304.8704528808594
1.5,5,60C__cork_trial_5,60C,cork,5,136.29380029920657,501.1171569824219
1.5,5,60C__cork_trial_6,60C,cork,6,136.29380029920657,228.84312438964844
1.5,6,30C__graphite_trial_1,30C,graphite,1,11367.497525840945,4517.181640625
1.5,6,30C__graphite_trial_2,30C,graphite,2,11367.497525840945,17230.505859375
1.5,6,30C__graphite_trial_3,30C,graphite,3,11367.497525840945,11173.5048828125
1.5,6,30C__graphite_trial_4,30C,graphite,4,11367.497525840945,5141.88818359375
1.5,6,30C__graphite_trial_5,30C,graphite,5,11367.497525840945,19383.75
1.5,6,30C__graphite_trial_6,30C,graphite,6,11367.497525840945,8866.16796875
1.5,6,40C__graphite_trial_1,40C,graphite,1,11367.497525840945,12979.35546875
1.5,6,40C__graphite_trial_2,40C,graphite,2,11367.497525840945,21087.775390625
1.5,6,40C__graphite_trial_3,40C,graphite,3,11367.497525840945,8801.125
1.5,6,40C__graphite_trial_4,40C,graphite,4,11367.497525840945,21478.279296875
1.5,6,40C__graphite_trial_5,40C,graphite,5,11367.497525840945,12064.744140625
1.5,6,40C__graphite_trial_6,40C,graphite,6,11367.497525840945,6627.16796875
1.5,6,50C__graphite_trial_1,50C,graphite,1,11367.497525840945,18986.494140625
1.5,6,50C__graphite_trial_2,50C,graphite,2,11367.497525840945,30072.005859375
1.5,6,50C__graphite_trial_3,50C,graphite,3,11367.497525840945,11929.69140625
1.5,6,50C__graphite_trial_4,50C,graphite,4,11367.497525840945,29217.197265625
1.5,6,50C__graphite_trial_5,50C,graphite,5,11367.497525840945,11582.865234375
1.5,6,50C__graphite_trial_6,50C,graphite,6,11367.497525840945,13532.1884765625
1.5,6,60C__graphite_trial_1,60C,graphite,1,11367.497525840945,8105.8251953125
1.5,6,60C__graphite_trial_2,60C,graphite,2,11367.497525840945,13249.6796875
1.5,6,60C__graphite_trial_3,60C,graphite,3,11367.497525840945,12749.78515625
1.5,6,60C__graphite_trial_4,60C,graphite,4,11367.497525840945,10797.935546875
1.5,6,60C__graphite_trial_5,60C,graphite,5,11367.497525840945,7589.31591796875
1.5,6,60C__graphite_trial_6,60C,graphite,6,11367.497525840945,14198.427734375
1.5,7,30C__gypsum_trial_1,30C,gypsum,1,385.01948002666046,58.94938278198242
1.5,7,30C__gypsum_trial_2,30C,gypsum,2,385.01948002666046,218.75657653808594
1.5,7,30C__gypsum_trial_3,30C,gypsum,3,385.01948002666046,122.52745819091797
1.5,7,30C__gypsum_trial_4,30C,gypsum,4,385.01948002666046,91.99134826660156
1.5,7,30C__gypsum_trial_5,30C,gypsum,5,385.01948002666046,78.20589447021484
1.5,7,30C__gypsum_trial_6,30C,gypsum,6,385.01948002666046,73.3769760131836
1.5,7,40C__gypsum_trial_1,40C,gypsum,1,385.01948002666046,211.35171508789062
1.5,7,40C__gypsum_trial_2,40C,gypsum,2,385.01948002666046,139.9539031982422
1.5,7,40C__gypsum_trial_3,40C,gypsum,3,385.01948002666046,77.1940689086914
1.5,7,40C__gypsum_trial_4,40C,gypsum,4,385.01948002666046,317.1681213378906
1.5,7,40C__gypsum_trial_5,40C,gypsum,5,385.01948002666046,1572.539794921875
1.5,7,40C__gypsum_trial_6,40C,gypsum,6,385.01948002666046,603.65283203125
1.5,7,50C__gypsum_trial_1,50C,gypsum,1,385.01948002666046,1539.8475341796875
1.5,7,50C__gypsum_trial_2,50C,gypsum,2,385.01948002666046,4838.89208984375
1.5,7,50C__gypsum_trial_3,50C,gypsum,3,385.01948002666046,4047.2841796875
1.5,7,50C__gypsum_trial_4,50C,gypsum,4,385.01948002666046,4054.75
1.5,7,50C__gypsum_trial_5,50C,gypsum,5,385.01948002666046,2650.139404296875
1.5,7,50C__gypsum_trial_6,50C,gypsum,6,385.01948002666046,5217.6533203125
1.5,7,60C__gypsum_trial_1,60C,gypsum,1,385.01948002666046,9187.41796875
1.5,7,60C__gypsum_trial_2,60C,gypsum,2,385.01948002666046,1838.8553466796875
1.5,7,60C__gypsum_trial_3,60C,gypsum,3,385.01948002666046,2994.549072265625
1.5,7,60C__gypsum_trial_4,60C,gypsum,4,385.01948002666046,3272.52978515625
1.5,7,60C__gypsum_trial_5,60C,gypsum,5,385.01948002666046,3342.775146484375
1.5,7,60C__gypsum_trial_6,60C,gypsum,6,385.01948002666046,4366.73974609375
1.5,8,30C__iron_trial_1,30C,iron,1,16859.663413010356,10457.0166015625
1.5,8,30C__iron_trial_2,30C,iron,2,16859.663413010356,3516.206787109375
1.5,8,30C__iron_trial_3,30C,iron,3,16859.663413010356,12374.255859375
1.5,8,30C__iron_trial_4,30C,iron,4,16859.663413010356,13331.8837890625
1.5,8,30C__iron_trial_5,30C,iron,5,16859.663413010356,5724.794921875
1.5,8,30C__iron_trial_6,30C,iron,6,16859.663413010356,3796.69775390625
1.5,8,40C__iron_trial_1,40C,iron,1,16859.663413010356,9771.6376953125
1.5,8,40C__iron_trial_2,40C,iron,2,16859.663413010356,3986.81005859375
1.5,8,40C__iron_trial_3,40C,iron,3,16859.663413010356,5038.00244140625
1.5,8,40C__iron_trial_4,40C,iron,4,16859.663413010356,10583.279296875
1.5,8,40C__iron_trial_5,40C,iron,5,16859.663413010356,14223.556640625
1.5,8,40C__iron_trial_6,40C,iron,6,16859.663413010356,8405.001953125
1.5,8,50C__iron_trial_1,50C,iron,1,16859.663413010356,11041.67578125
1.5,8,50C__iron_trial_2,50C,iron,2,16859.663413010356,12351.4755859375
1.5,8,50C__iron_trial_3,50C,iron,3,16859.663413010356,8819.990234375
1.5,8,50C__iron_trial_4,50C,iron,4,16859.663413010356,21742.125
1.5,8,50C__iron_trial_5,50C,iron,5,16859.663413010356,16153.8369140625
1.5,8,50C__iron_trial_6,50C,iron,6,16859.663413010356,25459.783203125
1.5,8,60C__iron_trial_1,60C,iron,1,16859.663413010356,19918.740234375
1.5,8,60C__iron_trial_2,60C,iron,2,16859.663413010356,9767.66796875
1.5,8,60C__iron_trial_3,60C,iron,3,16859.663413010356,8046.68896484375
1.5,8,60C__iron_trial_4,60C,iron,4,16859.663413010356,9287.4423828125
1.5,8,60C__iron_trial_5,60C,iron,5,16859.663413010356,13494.5419921875
1.5,8,60C__iron_trial_6,60C,iron,6,16859.663413010356,12142.8271484375
1.5,9,30C__nickel_trial_1,30C,nickel,1,19320.68449098013,3958.4189453125
1.5,9,30C__nickel_trial_2,30C,nickel,2,19320.68449098013,14127.6328125
1.5,9,30C__nickel_trial_3,30C,nickel,3,19320.68449098013,1103.01220703125
1.5,9,30C__nickel_trial_4,30C,nickel,4,19320.68449098013,524.5459594726562
1.5,9,30C__nickel_trial_5,30C,nickel,5,19320.68449098013,1515.513427734375
1.5,9,30C__nickel_trial_6,30C,nickel,6,19320.68449098013,12657.31640625
1.5,9,40C__nickel_trial_1,40C,nickel,1,19320.68449098013,4344.7392578125
1.5,9,40C__nickel_trial_2,40C,nickel,2,19320.68449098013,11989.9521484375
1.5,9,40C__nickel_trial_3,40C,nickel,3,19320.68449098013,6021.04541015625
1.5,9,40C__nickel_trial_4,40C,nickel,4,19320.68449098013,20067.947265625
1.5,9,40C__nickel_trial_5,40C,nickel,5,19320.68449098013,7892.71826171875
1.5,9,40C__nickel_trial_6,40C,nickel,6,19320.68449098013,14973.2177734375
1.5,9,50C__nickel_trial_1,50C,nickel,1,19320.68449098013,10907.7490234375
1.5,9,50C__nickel_trial_2,50C,nickel,2,19320.68449098013,10572.4951171875
1.5,9,50C__nickel_trial_3,50C,nickel,3,19320.68449098013,16880.94921875
1.5,9,50C__nickel_trial_4,50C,nickel,4,19320.68449098013,17840.96484375
1.5,9,50C__nickel_trial_5,50C,nickel,5,19320.68449098013,10268.4521484375
1.5,9,50C__nickel_trial_6,50C,nickel,6,19320.68449098013,9484.7060546875
1.5,9,60C__nickel_trial_1,60C,nickel,1,19320.68449098013,16967.22265625
1.5,9,60C__nickel_trial_2,60C,nickel,2,19320.68449098013,18857.6953125
1.5,9,60C__nickel_trial_3,60C,nickel,3,19320.68449098013,15788.447265625
1.5,9,60C__nickel_trial_4,60C,nickel,4,19320.68449098013,17405.9296875
1.5,9,60C__nickel_trial_5,60C,nickel,5,19320.68449098013,16779.0546875
1.5,9,60C__nickel_trial_6,60C,nickel,6,19320.68449098013,18273.552734375
1.5,10,30C__pdms_trial_1,30C,pdms,1,460.90129095067635,133.07237243652344
1.5,10,30C__pdms_trial_2,30C,pdms,2,460.90129095067635,79.02285766601562
1.5,10,30C__pdms_trial_3,30C,pdms,3,460.90129095067635,225.7741241455078
1.5,10,30C__pdms_trial_4,30C,pdms,4,460.90129095067635,82.21746826171875
1.5,10,30C__pdms_trial_5,30C,pdms,5,460.90129095067635,41.03187942504883
1.5,10,30C__pdms_trial_6,30C,pdms,6,460.90129095067635,35.16082000732422
1.5,10,40C__pdms_trial_1,40C,pdms,1,460.90129095067635,501.85894775390625
1.5,10,40C__pdms_trial_2,40C,pdms,2,460.90129095067635,575.7305297851562
1.5,10,40C__pdms_trial_3,40C,pdms,3,460.90129095067635,520.3129272460938
1.5,10,40C__pdms_trial_4,40C,pdms,4,460.90129095067635,4378.32666015625
1.5,10,40C__pdms_trial_5,40C,pdms,5,460.90129095067635,89.30168914794922
1.5,10,40C__pdms_trial_6,40C,pdms,6,460.90129095067635,507.71807861328125
1.5,10,50C__pdms_trial_1,50C,pdms,1,460.90129095067635,96.44768524169922
1.5,10,50C__pdms_trial_2,50C,pdms,2,460.90129095067635,123.97748565673828
1.5,10,50C__pdms_trial_3,50C,pdms,3,460.90129095067635,626.4367065429688
1.5,10,50C__pdms_trial_4,50C,pdms,4,460.90129095067635,600.3932495117188
1.5,10,50C__pdms_trial_5,50C,pdms,5,460.90129095067635,299.9733581542969
1.5,10,50C__pdms_trial_6,50C,pdms,6,460.90129095067635,654.5318603515625
1.5,10,60C__pdms_trial_1,60C,pdms,1,460.90129095067635,552.7360229492188
1.5,10,60C__pdms_trial_2,60C,pdms,2,460.90129095067635,700.7802734375
1.5,10,60C__pdms_trial_3,60C,pdms,3,460.90129095067635,499.3289489746094
1.5,10,60C__pdms_trial_4,60C,pdms,4,460.90129095067635,98.8286361694336
1.5,10,60C__pdms_trial_5,60C,pdms,5,460.90129095067635,99.36329650878906
1.5,10,60C__pdms_trial_6,60C,pdms,6,460.90129095067635,363.12933349609375
1.5,11,30C__ps_foam_trial_1,30C,ps_foam,1,34.496376621320685,130.78976440429688
1.5,11,30C__ps_foam_trial_2,30C,ps_foam,2,34.496376621320685,69.91498565673828
1.5,11,30C__ps_foam_trial_3,30C,ps_foam,3,34.496376621320685,409.69757080078125
1.5,11,30C__ps_foam_trial_4,30C,ps_foam,4,34.496376621320685,175.33863830566406
1.5,11,30C__ps_foam_trial_5,30C,ps_foam,5,34.496376621320685,137.8109130859375
1.5,11,30C__ps_foam_trial_6,30C,ps_foam,6,34.496376621320685,132.23622131347656
1.5,11,40C__ps_foam_trial_1,40C,ps_foam,1,34.496376621320685,83.67693328857422
1.5,11,40C__ps_foam_trial_2,40C,ps_foam,2,34.496376621320685,144.25790405273438
1.5,11,40C__ps_foam_trial_3,40C,ps_foam,3,34.496376621320685,132.20236206054688
1.5,11,40C__ps_foam_trial_4,40C,ps_foam,4,34.496376621320685,121.37612915039062
1.5,11,40C__ps_foam_trial_5,40C,ps_foam,5,34.496376621320685,118.31583404541016
1.5,11,40C__ps_foam_trial_6,40C,ps_foam,6,34.496376621320685,127.69352722167969
1.5,11,50C__ps_foam_trial_1,50C,ps_foam,1,34.496376621320685,92.57283782958984
1.5,11,50C__ps_foam_trial_2,50C,ps_foam,2,34.496376621320685,86.2414779663086
1.5,11,50C__ps_foam_trial_3,50C,ps_foam,3,34.496376621320685,59.877567291259766
1.5,11,50C__ps_foam_trial_4,50C,ps_foam,4,34.496376621320685,110.87454986572266
1.5,11,50C__ps_foam_trial_5,50C,ps_foam,5,34.496376621320685,101.77460479736328
1.5,11,50C__ps_foam_trial_6,50C,ps_foam,6,34.496376621320685,114.61735534667969
1.5,11,60C__ps_foam_trial_1,60C,ps_foam,1,34.496376621320685,544.8063354492188
1.5,11,60C__ps_foam_trial_2,60C,ps_foam,2,34.496376621320685,453.1024475097656
1.5,11,60C__ps_foam_trial_3,60C,ps_foam,3,34.496376621320685,96.0579605102539
1.5,11,60C__ps_foam_trial_4,60C,ps_foam,4,34.496376621320685,203.37164306640625
1.5,11,60C__ps_foam_trial_5,60C,ps_foam,5,34.496376621320685,130.392822265625
1.5,11,60C__ps_foam_trial_6,60C,ps_foam,6,34.496376621320685,1301.6573486328125
1.5,12,30C__pu_foam_trial_1,30C,pu_foam,1,42.49705872175155,79.75531005859375
1.5,12,30C__pu_foam_trial_2,30C,pu_foam,2,42.49705872175155,93.02776336669922
1.5,12,30C__pu_foam_trial_3,30C,pu_foam,3,42.49705872175155,77.73771667480469
1.5,12,30C__pu_foam_trial_4,30C,pu_foam,4,42.49705872175155,52.030723571777344
1.5,12,30C__pu_foam_trial_5,30C,pu_foam,5,42.49705872175155,82.23060607910156
1.5,12,30C__pu_foam_trial_6,30C,pu_foam,6,42.49705872175155,101.27371215820312
1.5,12,40C__pu_foam_trial_1,40C,pu_foam,1,42.49705872175155,148.97061157226562
1.5,12,40C__pu_foam_trial_2,40C,pu_foam,2,42.49705872175155,293.1332702636719
1.5,12,40C__pu_foam_trial_3,40C,pu_foam,3,42.49705872175155,400.65924072265625
1.5,12,40C__pu_foam_trial_4,40C,pu_foam,4,42.49705872175155,161.85150146484375
1.5,12,40C__pu_foam_trial_5,40C,pu_foam,5,42.49705872175155,69.11968994140625
1.5,12,40C__pu_foam_trial_6,40C,pu_foam,6,42.49705872175155,189.77984619140625
1.5,12,50C__pu_foam_trial_1,50C,pu_foam,1,42.49705872175155,111.67518615722656
1.5,12,50C__pu_foam_trial_2,50C,pu_foam,2,42.49705872175155,119.47679901123047
1.5,12,50C__pu_foam_trial_3,50C,pu_foam,3,42.49705872175155,194.6820526123047
1.5,12,50C__pu_foam_trial_4,50C,pu_foam,4,42.49705872175155,89.80892944335938
1.5,12,50C__pu_foam_trial_5,50C,pu_foam,5,42.49705872175155,48.6619987487793
1.5,12,50C__pu_foam_trial_6,50C,pu_foam,6,42.49705872175155,131.18292236328125
1.5,12,60C__pu_foam_trial_1,60C,pu_foam,1,42.49705872175155,391.81195068359375
1.5,12,60C__pu_foam_trial_2,60C,pu_foam,2,42.49705872175155,240.50721740722656
1.5,12,60C__pu_foam_trial_3,60C,pu_foam,3,42.49705872175155,217.33668518066406
1.5,12,60C__pu_foam_trial_4,60C,pu_foam,4,42.49705872175155,477.7642822265625
1.5,12,60C__pu_foam_trial_5,60C,pu_foam,5,42.49705872175155,428.7365417480469
1.5,12,60C__pu_foam_trial_6,60C,pu_foam,6,42.49705872175155,212.0238037109375
1.5,13,30C__titanium_trial_1,30C,titanium,1,7184.0359269702985,3075.4580078125
1.5,13,30C__titanium_trial_2,30C,titanium,2,7184.0359269702985,5612.16357421875
1.5,13,30C__titanium_trial_3,30C,titanium,3,7184.0359269702985,2279.26318359375
1.5,13,30C__titanium_trial_4,30C,titanium,4,7184.0359269702985,2928.886474609375
1.5,13,30C__titanium_trial_5,30C,titanium,5,7184.0359269702985,1860.9202880859375
1.5,13,30C__titanium_trial_6,30C,titanium,6,7184.0359269702985,2946.136474609375
1.5,13,40C__titanium_trial_1,40C,titanium,1,7184.0359269702985,7886.99169921875
1.5,13,40C__titanium_trial_2,40C,titanium,2,7184.0359269702985,7721.04638671875
1.5,13,40C__titanium_trial_3,40C,titanium,3,7184.0359269702985,5689.3134765625
1.5,13,40C__titanium_trial_4,40C,titanium,4,7184.0359269702985,7859.66455078125
1.5,13,40C__titanium_trial_5,40C,titanium,5,7184.0359269702985,6790.41015625
1.5,13,40C__titanium_trial_6,40C,titanium,6,7184.0359269702985,16941.818359375
1.5,13,50C__titanium_trial_1,50C,titanium,1,7184.0359269702985,9007.3955078125
1.5,13,50C__titanium_trial_2,50C,titanium,2,7184.0359269702985,5557.7890625
1.5,13,50C__titanium_trial_3,50C,titanium,3,7184.0359269702985,14546.6826171875
1.5,13,50C__titanium_trial_4,50C,titanium,4,7184.0359269702985,12894.3310546875
1.5,13,50C__titanium_trial_5,50C,titanium,5,7184.0359269702985,14627.177734375
1.5,13,50C__titanium_trial_6,50C,titanium,6,7184.0359269702985,20445.376953125
1.5,13,60C__titanium_trial_1,60C,titanium,1,7184.0359269702985,21380.220703125
1.5,13,60C__titanium_trial_2,60C,titanium,2,7184.0359269702985,15663.4208984375
1.5,13,60C__titanium_trial_3,60C,titanium,3,7184.0359269702985,14142.15234375
1.5,13,60C__titanium_trial_4,60C,titanium,4,7184.0359269702985,15054.4365234375
1.5,13,60C__titanium_trial_5,60C,titanium,5,7184.0359269702985,15456.685546875
1.5,13,60C__titanium_trial_6,60C,titanium,6,7184.0359269702985,15811.15625
1.5,14,30C__wood_trial_1,30C,wood,1,422.49260348555214,70.95816802978516
1.5,14,30C__wood_trial_2,30C,wood,2,422.49260348555214,62.79704666137695
1.5,14,30C__wood_trial_3,30C,wood,3,422.49260348555214,93.69151306152344
1.5,14,30C__wood_trial_4,30C,wood,4,422.49260348555214,64.36318969726562
1.5,14,30C__wood_trial_5,30C,wood,5,422.49260348555214,115.23497772216797
1.5,14,30C__wood_trial_6,30C,wood,6,422.49260348555214,329.7585754394531
1.5,14,40C__wood_trial_1,40C,wood,1,422.49260348555214,205.62379455566406
1.5,14,40C__wood_trial_2,40C,wood,2,422.49260348555214,148.0405731201172
1.5,14,40C__wood_trial_3,40C,wood,3,422.49260348555214,35.218265533447266
1.5,14,40C__wood_trial_4,40C,wood,4,422.49260348555214,170.52149963378906
1.5,14,40C__wood_trial_5,40C,wood,5,422.49260348555214,135.3605194091797
1.5,14,40C__wood_trial_6,40C,wood,6,422.49260348555214,448.85650634765625
1.5,14,50C__wood_trial_1,50C,wood,1,422.49260348555214,214.0484619140625
1.5,14,50C__wood_trial_2,50C,wood,2,422.49260348555214,134.9249267578125
1.5,14,50C__wood_trial_3,50C,wood,3,422.49260348555214,490.3608703613281
1.5,14,50C__wood_trial_4,50C,wood,4,422.49260348555214,252.8329620361328
1.5,14,50C__wood_trial_5,50C,wood,5,422.49260348555214,496.6886901855469
1.5,14,50C__wood_trial_6,50C,wood,6,422.49260348555214,61.112735748291016
1.5,14,60C__wood_trial_1,60C,wood,1,422.49260348555214,27646.77734375
1.5,14,60C__wood_trial_2,60C,wood,2,422.49260348555214,16339.0908203125
1.5,14,60C__wood_trial_3,60C,wood,3,422.49260348555214,9214.6142578125
1.5,14,60C__wood_trial_4,60C,wood,4,422.49260348555214,13800.646484375
1.5,14,60C__wood_trial_5,60C,wood,5,422.49260348555214,13152.7705078125
1.5,14,60C__wood_trial_6,60C,wood,6,422.49260348555214,11890.4443359375
2.0,1,30C__aluminum_trial_1,30C,aluminum,1,23958.09466547789,648.6995849609375
2.0,1,30C__aluminum_trial_2,30C,aluminum,2,23958.09466547789,19708.912109375
2.0,1,30C__aluminum_trial_3,30C,aluminum,3,23958.09466547789,15226.3564453125
2.0,1,30C__aluminum_trial_4,30C,aluminum,4,23958.09466547789,2454.546630859375
2.0,1,30C__aluminum_trial_5,30C,aluminum,5,23958.09466547789,7974.44921875
2.0,1,30C__aluminum_trial_6,30C,aluminum,6,23958.09466547789,15789.44140625
2.0,1,40C__aluminum_trial_1,40C,aluminum,1,23958.09466547789,27001.888671875
2.0,1,40C__aluminum_trial_2,40C,aluminum,2,23958.09466547789,9819.0791015625
2.0,1,40C__aluminum_trial_3,40C,aluminum,3,23958.09466547789,1820.4134521484375
2.0,1,40C__aluminum_trial_4,40C,aluminum,4,23958.09466547789,11883.0419921875
2.0,1,40C__aluminum_trial_5,40C,aluminum,5,23958.09466547789,12828.5087890625
2.0,1,40C__aluminum_trial_6,40C,aluminum,6,23958.09466547789,7120.98095703125
2.0,1,50C__aluminum_trial_1,50C,aluminum,1,23958.09466547789,11808.3623046875
2.0,1,50C__aluminum_trial_2,50C,aluminum,2,23958.09466547789,12026.166015625
2.0,1,50C__aluminum_trial_3,50C,aluminum,3,23958.09466547789,14826.466796875
2.0,1,50C__aluminum_trial_4,50C,aluminum,4,23958.09466547789,15245.595703125
2.0,1,50C__aluminum_trial_5,50C,aluminum,5,23958.09466547789,9591.0576171875
2.0,1,50C__aluminum_trial_6,50C,aluminum,6,23958.09466547789,14466.064453125
2.0,1,60C__aluminum_trial_1,60C,aluminum,1,23958.09466547789,21921.291015625
2.0,1,60C__aluminum_trial_2,60C,aluminum,2,23958.09466547789,16868.814453125
2.0,1,60C__aluminum_trial_3,60C,aluminum,3,23958.09466547789,15869.7431640625
2.0,1,60C__aluminum_trial_4,60C,aluminum,4,23958.09466547789,20455.458984375
2.0,1,60C__aluminum_trial_5,60C,aluminum,5,23958.09466547789,20017.828125
2.0,1,60C__aluminum_trial_6,60C,aluminum,6,23958.09466547789,19146.001953125
2.0,2,30C__bismuth_trial_1,30C,bismuth,1,3209.1026783199068,4756.19677734375
2.0,2,30C__bismuth_trial_2,30C,bismuth,2,3209.1026783199068,798.5267944335938
2.0,2,30C__bismuth_trial_3,30C,bismuth,3,3209.1026783199068,1744.242431640625
2.0,2,30C__bismuth_trial_4,30C,bismuth,4,3209.1026783199068,4804.0087890625
2.0,2,30C__bismuth_trial_5,30C,bismuth,5,3209.1026783199068,2570.132568359375
2.0,2,30C__bismuth_trial_6,30C,bismuth,6,3209.1026783199068,8085.625
2.0,2,40C__bismuth_trial_1,40C,bismuth,1,3209.1026783199068,11780.6455078125
2.0,2,40C__bismuth_trial_2,40C,bismuth,2,3209.1026783199068,14081.4921875
2.0,2,40C__bismuth_trial_3,40C,bismuth,3,3209.1026783199068,6553.546875
2.0,2,40C__bismuth_trial_4,40C,bismuth,4,3209.1026783199068,13702.6083984375
2.0,2,40C__bismuth_trial_5,40C,bismuth,5,3209.1026783199068,15272.869140625
2.0,2,40C__bismuth_trial_6,40C,bismuth,6,3209.1026783199068,12930.0078125
2.0,2,50C__bismuth_trial_1,50C,bismuth,1,3209.1026783199068,12308.447265625
2.0,2,50C__bismuth_trial_2,50C,bismuth,2,3209.1026783199068,13101.23828125
2.0,2,50C__bismuth_trial_3,50C,bismuth,3,3209.1026783199068,14703.490234375
2.0,2,50C__bismuth_trial_4,50C,bismuth,4,3209.1026783199068,16644.693359375
2.0,2,50C__bismuth_trial_5,50C,bismuth,5,3209.1026783199068,12470.3056640625
2.0,2,50C__bismuth_trial_6,50C,bismuth,6,3209.1026783199068,11657.9853515625
2.0,2,60C__bismuth_trial_1,60C,bismuth,1,3209.1026783199068,15980.953125
2.0,2,60C__bismuth_trial_2,60C,bismuth,2,3209.1026783199068,15956.2197265625
2.0,2,60C__bismuth_trial_3,60C,bismuth,3,3209.1026783199068,14826.0849609375
2.0,2,60C__bismuth_trial_4,60C,bismuth,4,3209.1026783199068,16414.169921875
2.0,2,60C__bismuth_trial_5,60C,bismuth,5,3209.1026783199068,14223.8408203125
2.0,2,60C__bismuth_trial_6,60C,bismuth,6,3209.1026783199068,13599.6748046875
2.0,3,30C__cement_trial_1,30C,cement,1,559.6427431853289,322.3766174316406
2.0,3,30C__cement_trial_2,30C,cement,2,559.6427431853289,344.13873291015625
2.0,3,30C__cement_trial_3,30C,cement,3,559.6427431853289,398.29779052734375
2.0,3,30C__cement_trial_4,30C,cement,4,559.6427431853289,377.2884521484375
2.0,3,30C__cement_trial_5,30C,cement,5,559.6427431853289,375.6686706542969
2.0,3,30C__cement_trial_6,30C,cement,6,559.6427431853289,314.3053283691406
2.0,3,40C__cement_trial_1,40C,cement,1,559.6427431853289,732.4578857421875
2.0,3,40C__cement_trial_2,40C,cement,2,559.6427431853289,1854.7060546875
2.0,3,40C__cement_trial_3,40C,cement,3,559.6427431853289,333.1497497558594
2.0,3,40C__cement_trial_4,40C,cement,4,559.6427431853289,1337.969482421875
2.0,3,40C__cement_trial_5,40C,cement,5,559.6427431853289,2498.82275390625
2.0,3,40C__cement_trial_6,40C,cement,6,559.6427431853289,1579.78662109375
2.0,3,50C__cement_trial_1,50C,cement,1,559.6427431853289,1300.5819091796875
2.0,3,50C__cement_trial_2,50C,cement,2,559.6427431853289,431.9028015136719
2.0,3,50C__cement_trial_3,50C,cement,3,559.6427431853289,1011.5242919921875
2.0,3,50C__cement_trial_4,50C,cement,4,559.6427431853289,694.1979370117188
2.0,3,50C__cement_trial_5,50C,cement,5,559.6427431853289,1240.62646484375
2.0,3,50C__cement_trial_6,50C,cement,6,559.6427431853289,782.5927124023438
2.0,3,60C__cement_trial_1,60C,cement,1,559.6427431853289,1471.113037109375
2.0,3,60C__cement_trial_2,60C,cement,2,559.6427431853289,2127.560791015625
2.0,3,60C__cement_trial_3,60C,cement,3,559.6427431853289,1383.6517333984375
2.0,3,60C__cement_trial_4,60C,cement,4,559.6427431853289,1648.557373046875
2.0,3,60C__cement_trial_5,60C,cement,5,559.6427431853289,1376.710693359375
2.0,3,60C__cement_trial_6,60C,cement,6,559.6427431853289,565.4408569335938
2.0,4,30C__copper_trial_1,30C,copper,1,37192.601414797544,9106.388671875
2.0,4,30C__copper_trial_2,30C,copper,2,37192.601414797544,14583.6611328125
2.0,4,30C__copper_trial_3,30C,copper,3,37192.601414797544,11934.7783203125
2.0,4,30C__copper_trial_4,30C,copper,4,37192.601414797544,11449.765625
2.0,4,30C__copper_trial_5,30C,copper,5,37192.601414797544,11896.865234375
2.0,4,30C__copper_trial_6,30C,copper,6,37192.601414797544,4661.59130859375
2.0,4,40C__copper_trial_1,40C,copper,1,37192.601414797544,9476.4951171875
2.0,4,40C__copper_trial_2,40C,copper,2,37192.601414797544,9587.8466796875
2.0,4,40C__copper_trial_3,40C,copper,3,37192.601414797544,10812.7236328125
2.0,4,40C__copper_trial_4,40C,copper,4,37192.601414797544,16952.29296875
2.0,4,40C__copper_trial_5,40C,copper,5,37192.601414797544,12089.2783203125
2.0,4,40C__copper_trial_6,40C,copper,6,37192.601414797544,13208.875
2.0,4,50C__copper_trial_1,50C,copper,1,37192.601414797544,14528.7265625
2.0,4,50C__copper_trial_2,50C,copper,2,37192.601414797544,15386.630859375
2.0,4,50C__copper_trial_3,50C,copper,3,37192.601414797544,15919.5263671875
2.0,4,50C__copper_trial_4,50C,copper,4,37192.601414797544,11218.0439453125
2.0,4,50C__copper_trial_5,50C,copper,5,37192.601414797544,2716.930908203125
2.0,4,50C__copper_trial_6,50C,copper,6,37192.601414797544,14385.302734375
2.0,4,60C__copper_trial_1,60C,copper,1,37192.601414797544,7372.89697265625
2.0,4,60C__copper_trial_2,60C,copper,2,37192.601414797544,17751.451171875
2.0,4,60C__copper_trial_3,60C,copper,3,37192.601414797544,14660.3896484375
2.0,4,60C__copper_trial_4,60C,copper,4,37192.601414797544,15514.951171875
2.0,4,60C__copper_trial_5,60C,copper,5,37192.601414797544,13368.0947265625
2.0,4,60C__copper_trial_6,60C,copper,6,37192.601414797544,4386.4658203125
2.0,5,30C__cork_trial_1,30C,cork,1,136.29380029920657,92.19683074951172
2.0,5,30C__cork_trial_2,30C,cork,2,136.29380029920657,41.49348449707031
2.0,5,30C__cork_trial_3,30C,cork,3,136.29380029920657,69.2125015258789
2.0,5,30C__cork_trial_4,30C,cork,4,136.29380029920657,51.84535217285156
2.0,5,30C__cork_trial_5,30C,cork,5,136.29380029920657,111.06830596923828
2.0,5,30C__cork_trial_6,30C,cork,6,136.29380029920657,220.85411071777344
2.0,5,40C__cork_trial_1,40C,cork,1,136.29380029920657,151.56455993652344
2.0,5,40C__cork_trial_2,40C,cork,2,136.29380029920657,166.7366180419922
2.0,5,40C__cork_trial_3,40C,cork,3,136.29380029920657,154.10882568359375
2.0,5,40C__cork_trial_4,40C,cork,4,136.29380029920657,151.3525848388672
2.0,5,40C__cork_trial_5,40C,cork,5,136.29380029920657,232.01654052734375
2.0,5,40C__cork_trial_6,40C,cork,6,136.29380029920657,51.885597229003906
2.0,5,50C__cork_trial_1,50C,cork,1,136.29380029920657,596.46826171875
2.0,5,50C__cork_trial_2,50C,cork,2,136.29380029920657,383.6672668457031
2.0,5,50C__cork_trial_3,50C,cork,3,136.29380029920657,108.3843765258789
2.0,5,50C__cork_trial_4,50C,cork,4,136.29380029920657,202.6483612060547
2.0,5,50C__cork_trial_5,50C,cork,5,136.29380029920657,123.71328735351562
2.0,5,50C__cork_trial_6,50C,cork,6,136.29380029920657,178.34237670898438
2.0,5,60C__cork_trial_1,60C,cork,1,136.29380029920657,857.4483032226562
2.0,5,60C__cork_trial_2,60C,cork,2,136.29380029920657,508.8794250488281
2.0,5,60C__cork_trial_3,60C,cork,3,136.29380029920657,466.0840148925781
2.0,5,60C__cork_trial_4,60C,cork,4,136.29380029920657,303.5005187988281
2.0,5,60C__cork_trial_5,60C,cork,5,136.29380029920657,388.2830810546875
2.0,5,60C__cork_trial_6,60C,cork,6,136.29380029920657,300.06134033203125
2.0,6,30C__graphite_trial_1,30C,graphite,1,11367.497525840945,4635.240234375
2.0,6,30C__graphite_trial_2,30C,graphite,2,11367.497525840945,15356.5185546875
2.0,6,30C__graphite_trial_3,30C,graphite,3,11367.497525840945,15355.595703125
2.0,6,30C__graphite_trial_4,30C,graphite,4,11367.497525840945,3308.66357421875
2.0,6,30C__graphite_trial_5,30C,graphite,5,11367.497525840945,14482.173828125
2.0,6,30C__graphite_trial_6,30C,graphite,6,11367.497525840945,23147.328125
2.0,6,40C__graphite_trial_1,40C,graphite,1,11367.497525840945,8796.6435546875
2.0,6,40C__graphite_trial_2,40C,graphite,2,11367.497525840945,23051.2109375
2.0,6,40C__graphite_trial_3,40C,graphite,3,11367.497525840945,7886.54052734375
2.0,6,40C__graphite_trial_4,40C,graphite,4,11367.497525840945,19300.333984375
2.0,6,40C__graphite_trial_5,40C,graphite,5,11367.497525840945,10372.7822265625
2.0,6,40C__graphite_trial_6,40C,graphite,6,11367.497525840945,8735.9169921875
2.0,6,50C__graphite_trial_1,50C,graphite,1,11367.497525840945,11983.595703125
2.0,6,50C__graphite_trial_2,50C,graphite,2,11367.497525840945,17649.72265625
2.0,6,50C__graphite_trial_3,50C,graphite,3,11367.497525840945,10652.9853515625
2.0,6,50C__graphite_trial_4,50C,graphite,4,11367.497525840945,16756.107421875
2.0,6,50C__graphite_trial_5,50C,graphite,5,11367.497525840945,11059.107421875
2.0,6,50C__graphite_trial_6,50C,graphite,6,11367.497525840945,7978.580078125
2.0,6,60C__graphite_trial_1,60C,graphite,1,11367.497525840945,7480.28857421875
2.0,6,60C__graphite_trial_2,60C,graphite,2,11367.497525840945,21232.857421875
2.0,6,60C__graphite_trial_3,60C,graphite,3,11367.497525840945,16621.548828125
2.0,6,60C__graphite_trial_4,60C,graphite,4,11367.497525840945,18783.115234375
2.0,6,60C__graphite_trial_5,60C,graphite,5,11367.497525840945,10315.2841796875
2.0,6,60C__graphite_trial_6,60C,graphite,6,11367.497525840945,11530.0693359375
2.0,7,30C__gypsum_trial_1,30C,gypsum,1,385.01948002666046,106.94095611572266
2.0,7,30C__gypsum_trial_2,30C,gypsum,2,385.01948002666046,109.82479858398438
2.0,7,30C__gypsum_trial_3,30C,gypsum,3,385.01948002666046,105.09473419189453
2.0,7,30C__gypsum_trial_4,30C,gypsum,4,385.01948002666046,146.26536560058594
2.0,7,30C__gypsum_trial_5,30C,gypsum,5,385.01948002666046,103.6863784790039
2.0,7,30C__gypsum_trial_6,30C,gypsum,6,385.01948002666046,83.16995239257812
2.0,7,40C__gypsum_trial_1,40C,gypsum,1,385.01948002666046,258.7193908691406
2.0,7,40C__gypsum_trial_2,40C,gypsum,2,385.01948002666046,116.05593872070312
2.0,7,40C__gypsum_trial_3,40C,gypsum,3,385.01948002666046,150.28428649902344
2.0,7,40C__gypsum_trial_4,40C,gypsum,4,385.01948002666046,348.9390563964844
2.0,7,40C__gypsum_trial_5,40C,gypsum,5,385.01948002666046,2845.5693359375
2.0,7,40C__gypsum_trial_6,40C,gypsum,6,385.01948002666046,529.2647705078125
2.0,7,50C__gypsum_trial_1,50C,gypsum,1,385.01948002666046,1480.1517333984375
2.0,7,50C__gypsum_trial_2,50C,gypsum,2,385.01948002666046,4185.4052734375
2.0,7,50C__gypsum_trial_3,50C,gypsum,3,385.01948002666046,8958.65234375
2.0,7,50C__gypsum_trial_4,50C,gypsum,4,385.01948002666046,6503.03515625
2.0,7,50C__gypsum_trial_5,50C,gypsum,5,385.01948002666046,5209.6171875
2.0,7,50C__gypsum_trial_6,50C,gypsum,6,385.01948002666046,4368.22265625
2.0,7,60C__gypsum_trial_1,60C,gypsum,1,385.01948002666046,16556.033203125
2.0,7,60C__gypsum_trial_2,60C,gypsum,2,385.01948002666046,1651.365478515625
2.0,7,60C__gypsum_trial_3,60C,gypsum,3,385.01948002666046,2055.749267578125
2.0,7,60C__gypsum_trial_4,60C,gypsum,4,385.01948002666046,4536.45751953125
2.0,7,60C__gypsum_trial_5,60C,gypsum,5,385.01948002666046,4632.45556640625
2.0,7,60C__gypsum_trial_6,60C,gypsum,6,385.01948002666046,4422.3701171875
2.0,8,30C__iron_trial_1,30C,iron,1,16859.663413010356,13017.265625
2.0,8,30C__iron_trial_2,30C,iron,2,16859.663413010356,4785.7548828125
2.0,8,30C__iron_trial_3,30C,iron,3,16859.663413010356,10588.6611328125
2.0,8,30C__iron_trial_4,30C,iron,4,16859.663413010356,19005.806640625
2.0,8,30C__iron_trial_5,30C,iron,5,16859.663413010356,7617.4248046875
2.0,8,30C__iron_trial_6,30C,iron,6,16859.663413010356,2589.02587890625
2.0,8,40C__iron_trial_1,40C,iron,1,16859.663413010356,9510.3134765625
2.0,8,40C__iron_trial_2,40C,iron,2,16859.663413010356,6306.0361328125
2.0,8,40C__iron_trial_3,40C,iron,3,16859.663413010356,7362.2509765625
2.0,8,40C__iron_trial_4,40C,iron,4,16859.663413010356,7369.17822265625
2.0,8,40C__iron_trial_5,40C,iron,5,16859.663413010356,17547.47265625
2.0,8,40C__iron_trial_6,40C,iron,6,16859.663413010356,10997.6376953125
2.0,8,50C__iron_trial_1,50C,iron,1,16859.663413010356,13582.33203125
2.0,8,50C__iron_trial_2,50C,iron,2,16859.663413010356,21034.6875
2.0,8,50C__iron_trial_3,50C,iron,3,16859.663413010356,13512.919921875
2.0,8,50C__iron_trial_4,50C,iron,4,16859.663413010356,21468.01953125
2.0,8,50C__iron_trial_5,50C,iron,5,16859.663413010356,16342.0205078125
2.0,8,50C__iron_trial_6,50C,iron,6,16859.663413010356,21781.953125
2.0,8,60C__iron_trial_1,60C,iron,1,16859.663413010356,18360.11328125
2.0,8,60C__iron_trial_2,60C,iron,2,16859.663413010356,10390.2880859375
2.0,8,60C__iron_trial_3,60C,iron,3,16859.663413010356,9919.515625
2.0,8,60C__iron_trial_4,60C,iron,4,16859.663413010356,12053.0126953125
2.0,8,60C__iron_trial_5,60C,iron,5,16859.663413010356,9819.734375
2.0,8,60C__iron_trial_6,60C,iron,6,16859.663413010356,13472.1142578125
2.0,9,30C__nickel_trial_1,30C,nickel,1,19320.68449098013,7818.1689453125
2.0,9,30C__nickel_trial_2,30C,nickel,2,19320.68449098013,6565.38427734375
2.0,9,30C__nickel_trial_3,30C,nickel,3,19320.68449098013,1334.1676025390625
2.0,9,30C__nickel_trial_4,30C,nickel,4,19320.68449098013,1431.396484375
2.0,9,30C__nickel_trial_5,30C,nickel,5,19320.68449098013,1129.0184326171875
2.0,9,30C__nickel_trial_6,30C,nickel,6,19320.68449098013,11564.298828125
2.0,9,40C__nickel_trial_1,40C,nickel,1,19320.68449098013,5138.2255859375
2.0,9,40C__nickel_trial_2,40C,nickel,2,19320.68449098013,11747.5908203125
2.0,9,40C__nickel_trial_3,40C,nickel,3,19320.68449098013,6733.8837890625
2.0,9,40C__nickel_trial_4,40C,nickel,4,19320.68449098013,24679.990234375
2.0,9,40C__nickel_trial_5,40C,nickel,5,19320.68449098013,7644.1650390625
2.0,9,40C__nickel_trial_6,40C,nickel,6,19320.68449098013,12610.7685546875
2.0,9,50C__nickel_trial_1,50C,nickel,1,19320.68449098013,14782.5830078125
2.0,9,50C__nickel_trial_2,50C,nickel,2,19320.68449098013,11841.384765625
2.0,9,50C__nickel_trial_3,50C,nickel,3,19320.68449098013,15470.4462890625
2.0,9,50C__nickel_trial_4,50C,nickel,4,19320.68449098013,11632.41796875
2.0,9,50C__nickel_trial_5,50C,nickel,5,19320.68449098013,9690.5576171875
2.0,9,50C__nickel_trial_6,50C,nickel,6,19320.68449098013,18037.564453125
2.0,9,60C__nickel_trial_1,60C,nickel,1,19320.68449098013,12943.01171875
2.0,9,60C__nickel_trial_2,60C,nickel,2,19320.68449098013,14603.23046875
2.0,9,60C__nickel_trial_3,60C,nickel,3,19320.68449098013,17319.17578125
2.0,9,60C__nickel_trial_4,60C,nickel,4,19320.68449098013,25465.125
2.0,9,60C__nickel_trial_5,60C,nickel,5,19320.68449098013,16838.193359375
2.0,9,60C__nickel_trial_6,60C,nickel,6,19320.68449098013,13255.2666015625
2.0,10,30C__pdms_trial_1,30C,pdms,1,460.90129095067635,173.46083068847656
2.0,10,30C__pdms_trial_2,30C,pdms,2,460.90129095067635,50.1480827331543
2.0,10,30C__pdms_trial_3,30C,pdms,3,460.90129095067635,198.95758056640625
2.0,10,30C__pdms_trial_4,30C,pdms,4,460.90129095067635,73.69834899902344
2.0,10,30C__pdms_trial_5,30C,pdms,5,460.90129095067635,34.496376621320685
2.0,10,30C__pdms_trial_6,30C,pdms,6,460.90129095067635,40.665218353271484
2.0,10,40C__pdms_trial_1,40C,pdms,1,460.90129095067635,559.9730224609375
2.0,10,40C__pdms_trial_2,40C,pdms,2,460.90129095067635,627.2210083007812
2.0,10,40C__pdms_trial_3,40C,pdms,3,460.90129095067635,390.954833984375
2.0,10,40C__pdms_trial_4,40C,pdms,4,460.90129095067635,2902.802490234375
2.0,10,40C__pdms_trial_5,40C,pdms,5,460.90129095067635,62.88474655151367
2.0,10,40C__pdms_trial_6,40C,pdms,6,460.90129095067635,779.3922729492188
2.0,10,50C__pdms_trial_1,50C,pdms,1,460.90129095067635,150.4918975830078
2.0,10,50C__pdms_trial_2,50C,pdms,2,460.90129095067635,125.09615325927734
2.0,10,50C__pdms_trial_3,50C,pdms,3,460.90129095067635,549.8772583007812
2.0,10,50C__pdms_trial_4,50C,pdms,4,460.90129095067635,540.1569213867188
2.0,10,50C__pdms_trial_5,50C,pdms,5,460.90129095067635,243.6840057373047
2.0,10,50C__pdms_trial_6,50C,pdms,6,460.90129095067635,546.0679931640625
2.0,10,60C__pdms_trial_1,60C,pdms,1,460.90129095067635,535.18798828125
2.0,10,60C__pdms_trial_2,60C,pdms,2,460.90129095067635,738.4551391601562
2.0,10,60C__pdms_trial_3,60C,pdms,3,460.90129095067635,619.8277587890625
2.0,10,60C__pdms_trial_4,60C,pdms,4,460.90129095067635,95.452880859375
2.0,10,60C__pdms_trial_5,60C,pdms,5,460.90129095067635,123.1693344116211
2.0,10,60C__pdms_trial_6,60C,pdms,6,460.90129095067635,343.3728332519531
2.0,11,30C__ps_foam_trial_1,30C,ps_foam,1,34.496376621320685,90.91261291503906
2.0,11,30C__ps_foam_trial_2,30C,ps_foam,2,34.496376621320685,110.17916870117188
2.0,11,30C__ps_foam_trial_3,30C,ps_foam,3,34.496376621320685,345.7809753417969
2.0,11,30C__ps_foam_trial_4,30C,ps_foam,4,34.496376621320685,550.2921752929688
2.0,11,30C__ps_foam_trial_5,30C,ps_foam,5,34.496376621320685,211.30807495117188
2.0,11,30C__ps_foam_trial_6,30C,ps_foam,6,34.496376621320685,492.2190856933594
2.0,11,40C__ps_foam_trial_1,40C,ps_foam,1,34.496376621320685,58.609718322753906
2.0,11,40C__ps_foam_trial_2,40C,ps_foam,2,34.496376621320685,166.82350158691406
2.0,11,40C__ps_foam_trial_3,40C,ps_foam,3,34.496376621320685,242.73146057128906
2.0,11,40C__ps_foam_trial_4,40C,ps_foam,4,34.496376621320685,104.95802307128906
2.0,11,40C__ps_foam_trial_5,40C,ps_foam,5,34.496376621320685,83.84652709960938
2.0,11,40C__ps_foam_trial_6,40C,ps_foam,6,34.496376621320685,119.36333465576172
2.0,11,50C__ps_foam_trial_1,50C,ps_foam,1,34.496376621320685,113.87428283691406
2.0,11,50C__ps_foam_trial_2,50C,ps_foam,2,34.496376621320685,77.55976104736328
2.0,11,50C__ps_foam_trial_3,50C,ps_foam,3,34.496376621320685,76.32259368896484
2.0,11,50C__ps_foam_trial_4,50C,ps_foam,4,34.496376621320685,86.34400177001953
2.0,11,50C__ps_foam_trial_5,50C,ps_foam,5,34.496376621320685,176.10166931152344
2.0,11,50C__ps_foam_trial_6,50C,ps_foam,6,34.496376621320685,142.22242736816406
2.0,11,60C__ps_foam_trial_1,60C,ps_foam,1,34.496376621320685,130.60426330566406
2.0,11,60C__ps_foam_trial_2,60C,ps_foam,2,34.496376621320685,298.7041931152344
2.0,11,60C__ps_foam_trial_3,60C,ps_foam,3,34.496376621320685,80.84335327148438
2.0,11,60C__ps_foam_trial_4,60C,ps_foam,4,34.496376621320685,111.15373229980469
2.0,11,60C__ps_foam_trial_5,60C,ps_foam,5,34.496376621320685,78.81520080566406
2.0,11,60C__ps_foam_trial_6,60C,ps_foam,6,34.496376621320685,375.8438415527344
2.0,12,30C__pu_foam_trial_1,30C,pu_foam,1,42.49705872175155,98.27366638183594
2.0,12,30C__pu_foam_trial_2,30C,pu_foam,2,42.49705872175155,92.29109191894531
2.0,12,30C__pu_foam_trial_3,30C,pu_foam,3,42.49705872175155,62.6204833984375
2.0,12,30C__pu_foam_trial_4,30C,pu_foam,4,42.49705872175155,87.70453643798828
2.0,12,30C__pu_foam_trial_5,30C,pu_foam,5,42.49705872175155,97.86061096191406
2.0,12,30C__pu_foam_trial_6,30C,pu_foam,6,42.49705872175155,268.8191833496094
2.0,12,40C__pu_foam_trial_1,40C,pu_foam,1,42.49705872175155,182.28659057617188
2.0,12,40C__pu_foam_trial_2,40C,pu_foam,2,42.49705872175155,194.00477600097656
2.0,12,40C__pu_foam_trial_3,40C,pu_foam,3,42.49705872175155,385.933349609375
2.0,12,40C__pu_foam_trial_4,40C,pu_foam,4,42.49705872175155,288.083251953125
2.0,12,40C__pu_foam_trial_5,40C,pu_foam,5,42.49705872175155,126.50486755371094
2.0,12,40C__pu_foam_trial_6,40C,pu_foam,6,42.49705872175155,196.08087158203125
2.0,12,50C__pu_foam_trial_1,50C,pu_foam,1,42.49705872175155,124.70652770996094
2.0,12,50C__pu_foam_trial_2,50C,pu_foam,2,42.49705872175155,114.95951080322266
2.0,12,50C__pu_foam_trial_3,50C,pu_foam,3,42.49705872175155,236.0082244873047
2.0,12,50C__pu_foam_trial_4,50C,pu_foam,4,42.49705872175155,53.53645706176758
2.0,12,50C__pu_foam_trial_5,50C,pu_foam,5,42.49705872175155,70.77715301513672
2.0,12,50C__pu_foam_trial_6,50C,pu_foam,6,42.49705872175155,58.4544677734375
2.0,12,60C__pu_foam_trial_1,60C,pu_foam,1,42.49705872175155,354.25103759765625
2.0,12,60C__pu_foam_trial_2,60C,pu_foam,2,42.49705872175155,196.9334716796875
2.0,12,60C__pu_foam_trial_3,60C,pu_foam,3,42.49705872175155,173.06529235839844
2.0,12,60C__pu_foam_trial_4,60C,pu_foam,4,42.49705872175155,409.7239990234375
2.0,12,60C__pu_foam_trial_5,60C,pu_foam,5,42.49705872175155,242.78329467773438
2.0,12,60C__pu_foam_trial_6,60C,pu_foam,6,42.49705872175155,169.73764038085938
2.0,13,30C__titanium_trial_1,30C,titanium,1,7184.0359269702985,9982.296875
2.0,13,30C__titanium_trial_2,30C,titanium,2,7184.0359269702985,14389.4462890625
2.0,13,30C__titanium_trial_3,30C,titanium,3,7184.0359269702985,3722.5654296875
2.0,13,30C__titanium_trial_4,30C,titanium,4,7184.0359269702985,2092.52099609375
2.0,13,30C__titanium_trial_5,30C,titanium,5,7184.0359269702985,972.6807861328125
2.0,13,30C__titanium_trial_6,30C,titanium,6,7184.0359269702985,4078.747314453125
2.0,13,40C__titanium_trial_1,40C,titanium,1,7184.0359269702985,10177.1904296875
2.0,13,40C__titanium_trial_2,40C,titanium,2,7184.0359269702985,7140.24169921875
2.0,13,40C__titanium_trial_3,40C,titanium,3,7184.0359269702985,9621.2646484375
2.0,13,40C__titanium_trial_4,40C,titanium,4,7184.0359269702985,11225.953125
2.0,13,40C__titanium_trial_5,40C,titanium,5,7184.0359269702985,7284.1533203125
2.0,13,40C__titanium_trial_6,40C,titanium,6,7184.0359269702985,14414.65234375
2.0,13,50C__titanium_trial_1,50C,titanium,1,7184.0359269702985,12787.720703125
2.0,13,50C__titanium_trial_2,50C,titanium,2,7184.0359269702985,5197.98193359375
2.0,13,50C__titanium_trial_3,50C,titanium,3,7184.0359269702985,12269.8974609375
2.0,13,50C__titanium_trial_4,50C,titanium,4,7184.0359269702985,10071.013671875
2.0,13,50C__titanium_trial_5,50C,titanium,5,7184.0359269702985,15891.2802734375
2.0,13,50C__titanium_trial_6,50C,titanium,6,7184.0359269702985,13099.4013671875
2.0,13,60C__titanium_trial_1,60C,titanium,1,7184.0359269702985,12463.3857421875
2.0,13,60C__titanium_trial_2,60C,titanium,2,7184.0359269702985,11318.140625
2.0,13,60C__titanium_trial_3,60C,titanium,3,7184.0359269702985,8438.70703125
2.0,13,60C__titanium_trial_4,60C,titanium,4,7184.0359269702985,9294.0615234375
2.0,13,60C__titanium_trial_5,60C,titanium,5,7184.0359269702985,8687.83984375
2.0,13,60C__titanium_trial_6,60C,titanium,6,7184.0359269702985,13945.7412109375
2.0,14,30C__wood_trial_1,30C,wood,1,422.49260348555214,73.64411926269531
2.0,14,30C__wood_trial_2,30C,wood,2,422.49260348555214,49.46830368041992
2.0,14,30C__wood_trial_3,30C,wood,3,422.49260348555214,110.92208862304688
2.0,14,30C__wood_trial_4,30C,wood,4,422.49260348555214,45.35017395019531
2.0,14,30C__wood_trial_5,30C,wood,5,422.49260348555214,155.8205108642578
2.0,14,30C__wood_trial_6,30C,wood,6,422.49260348555214,235.1152801513672
2.0,14,40C__wood_trial_1,40C,wood,1,422.49260348555214,207.30455017089844
2.0,14,40C__wood_trial_2,40C,wood,2,422.49260348555214,105.52688598632812
2.0,14,40C__wood_trial_3,40C,wood,3,422.49260348555214,64.22859191894531
2.0,14,40C__wood_trial_4,40C,wood,4,422.49260348555214,183.48654174804688
2.0,14,40C__wood_trial_5,40C,wood,5,422.49260348555214,245.51290893554688
2.0,14,40C__wood_trial_6,40C,wood,6,422.49260348555214,267.241943359375
2.0,14,50C__wood_trial_1,50C,wood,1,422.49260348555214,227.63404846191406
2.0,14,50C__wood_trial_2,50C,wood,2,422.49260348555214,230.57479858398438
2.0,14,50C__wood_trial_3,50C,wood,3,422.49260348555214,251.45458984375
2.0,14,50C__wood_trial_4,50C,wood,4,422.49260348555214,189.16986083984375
2.0,14,50C__wood_trial_5,50C,wood,5,422.49260348555214,219.21339416503906
2.0,14,50C__wood_trial_6,50C,wood,6,422.49260348555214,154.50250244140625
2.0,14,60C__wood_trial_1,60C,wood,1,422.49260348555214,12529.5087890625
2.0,14,60C__wood_trial_2,60C,wood,2,422.49260348555214,12909.34375
2.0,14,60C__wood_trial_3,60C,wood,3,422.49260348555214,5183.2080078125
2.0,14,60C__wood_trial_4,60C,wood,4,422.49260348555214,9161.47265625
2.0,14,60C__wood_trial_5,60C,wood,5,422.49260348555214,6597.10986328125
2.0,14,60C__wood_trial_6,60C,wood,6,422.49260348555214,9722.2001953125
2.5,1,30C__aluminum_trial_1,30C,aluminum,1,23958.09466547789,2801.362548828125
2.5,1,30C__aluminum_trial_2,30C,aluminum,2,23958.09466547789,13513.0234375
2.5,1,30C__aluminum_trial_3,30C,aluminum,3,23958.09466547789,6861.45361328125
2.5,1,30C__aluminum_trial_4,30C,aluminum,4,23958.09466547789,2898.35009765625
2.5,1,30C__aluminum_trial_5,30C,aluminum,5,23958.09466547789,9710.884765625
2.5,1,30C__aluminum_trial_6,30C,aluminum,6,23958.09466547789,5412.7216796875
2.5,1,40C__aluminum_trial_1,40C,aluminum,1,23958.09466547789,27815.353515625
2.5,1,40C__aluminum_trial_2,40C,aluminum,2,23958.09466547789,17198.408203125
2.5,1,40C__aluminum_trial_3,40C,aluminum,3,23958.09466547789,9589.6484375
2.5,1,40C__aluminum_trial_4,40C,aluminum,4,23958.09466547789,15637.0166015625
2.5,1,40C__aluminum_trial_5,40C,aluminum,5,23958.09466547789,10708.6162109375
2.5,1,40C__aluminum_trial_6,40C,aluminum,6,23958.09466547789,10746.8720703125
2.5,1,50C__aluminum_trial_1,50C,aluminum,1,23958.09466547789,12616.9404296875
2.5,1,50C__aluminum_trial_2,50C,aluminum,2,23958.09466547789,14311.2421875
2.5,1,50C__aluminum_trial_3,50C,aluminum,3,23958.09466547789,14353.9599609375
2.5,1,50C__aluminum_trial_4,50C,aluminum,4,23958.09466547789,17794.28515625
2.5,1,50C__aluminum_trial_5,50C,aluminum,5,23958.09466547789,10812.951171875
2.5,1,50C__aluminum_trial_6,50C,aluminum,6,23958.09466547789,15539.9189453125
2.5,1,60C__aluminum_trial_1,60C,aluminum,1,23958.09466547789,19535.619140625
2.5,1,60C__aluminum_trial_2,60C,aluminum,2,23958.09466547789,18695.775390625
2.5,1,60C__aluminum_trial_3,60C,aluminum,3,23958.09466547789,14086.5166015625
2.5,1,60C__aluminum_trial_4,60C,aluminum,4,23958.09466547789,13160.7509765625
2.5,1,60C__aluminum_trial_5,60C,aluminum,5,23958.09466547789,19430.095703125
2.5,1,60C__aluminum_trial_6,60C,aluminum,6,23958.09466547789,18194.669921875
2.5,2,30C__bismuth_trial_1,30C,bismuth,1,3209.1026783199068,6984.8212890625
2.5,2,30C__bismuth_trial_2,30C,bismuth,2,3209.1026783199068,950.428466796875
2.5,2,30C__bismuth_trial_3,30C,bismuth,3,3209.1026783199068,1252.47998046875
2.5,2,30C__bismuth_trial_4,30C,bismuth,4,3209.1026783199068,2556.708740234375
2.5,2,30C__bismuth_trial_5,30C,bismuth,5,3209.1026783199068,1707.7325439453125
2.5,2,30C__bismuth_trial_6,30C,bismuth,6,3209.1026783199068,9186.138671875
2.5,2,40C__bismuth_trial_1,40C,bismuth,1,3209.1026783199068,14544.6982421875
2.5,2,40C__bismuth_trial_2,40C,bismuth,2,3209.1026783199068,14712.4814453125
2.5,2,40C__bismuth_trial_3,40C,bismuth,3,3209.1026783199068,9393.3828125
2.5,2,40C__bismuth_trial_4,40C,bismuth,4,3209.1026783199068,14057.78125
2.5,2,40C__bismuth_trial_5,40C,bismuth,5,3209.1026783199068,13318.48828125
2.5,2,40C__bismuth_trial_6,40C,bismuth,6,3209.1026783199068,12190.1943359375
2.5,2,50C__bismuth_trial_1,50C,bismuth,1,3209.1026783199068,11947.875
2.5,2,50C__bismuth_trial_2,50C,bismuth,2,3209.1026783199068,13261.5888671875
2.5,2,50C__bismuth_trial_3,50C,bismuth,3,3209.1026783199068,12394.583984375
2.5,2,50C__bismuth_trial_4,50C,bismuth,4,3209.1026783199068,12470.7333984375
2.5,2,50C__bismuth_trial_5,50C,bismuth,5,3209.1026783199068,11592.4912109375
2.5,2,50C__bismuth_trial_6,50C,bismuth,6,3209.1026783199068,21466.33984375
2.5,2,60C__bismuth_trial_1,60C,bismuth,1,3209.1026783199068,14160.0888671875
2.5,2,60C__bismuth_trial_2,60C,bismuth,2,3209.1026783199068,14267.208984375
2.5,2,60C__bismuth_trial_3,60C,bismuth,3,3209.1026783199068,13518.6826171875
2.5,2,60C__bismuth_trial_4,60C,bismuth,4,3209.1026783199068,21178.736328125
2.5,2,60C__bismuth_trial_5,60C,bismuth,5,3209.1026783199068,11957.37109375
2.5,2,60C__bismuth_trial_6,60C,bismuth,6,3209.1026783199068,15373.6640625
2.5,3,30C__cement_trial_1,30C,cement,1,559.6427431853289,396.5774230957031
2.5,3,30C__cement_trial_2,30C,cement,2,559.6427431853289,366.8624572753906
2.5,3,30C__cement_trial_3,30C,cement,3,559.6427431853289,331.4198913574219
2.5,3,30C__cement_trial_4,30C,cement,4,559.6427431853289,323.09381103515625
2.5,3,30C__cement_trial_5,30C,cement,5,559.6427431853289,284.7527770996094
2.5,3,30C__cement_trial_6,30C,cement,6,559.6427431853289,309.9789123535156
2.5,3,40C__cement_trial_1,40C,cement,1,559.6427431853289,1223.5849609375
2.5,3,40C__cement_trial_2,40C,cement,2,559.6427431853289,1966.8460693359375
2.5,3,40C__cement_trial_3,40C,cement,3,559.6427431853289,414.5284423828125
2.5,3,40C__cement_trial_4,40C,cement,4,559.6427431853289,812.2374267578125
2.5,3,40C__cement_trial_5,40C,cement,5,559.6427431853289,5670.6435546875
2.5,3,40C__cement_trial_6,40C,cement,6,559.6427431853289,6141.99853515625
2.5,3,50C__cement_trial_1,50C,cement,1,559.6427431853289,1026.0186767578125
2.5,3,50C__cement_trial_2,50C,cement,2,559.6427431853289,869.3763427734375
2.5,3,50C__cement_trial_3,50C,cement,3,559.6427431853289,1198.6739501953125
2.5,3,50C__cement_trial_4,50C,cement,4,559.6427431853289,501.4735412597656
2.5,3,50C__cement_trial_5,50C,cement,5,559.6427431853289,1887.3531494140625
2.5,3,50C__cement_trial_6,50C,cement,6,559.6427431853289,646.2113647460938
2.5,3,60C__cement_trial_1,60C,cement,1,559.6427431853289,5526.056640625
2.5,3,60C__cement_trial_2,60C,cement,2,559.6427431853289,7470.5341796875
2.5,3,60C__cement_trial_3,60C,cement,3,559.6427431853289,2879.45068359375
2.5,3,60C__cement_trial_4,60C,cement,4,559.6427431853289,5415.48974609375
2.5,3,60C__cement_trial_5,60C,cement,5,559.6427431853289,3279.10791015625
2.5,3,60C__cement_trial_6,60C,cement,6,559.6427431853289,2220.27001953125
2.5,4,30C__copper_trial_1,30C,copper,1,37192.601414797544,3440.177490234375
2.5,4,30C__copper_trial_2,30C,copper,2,37192.601414797544,12150.90234375
2.5,4,30C__copper_trial_3,30C,copper,3,37192.601414797544,7765.52197265625
2.5,4,30C__copper_trial_4,30C,copper,4,37192.601414797544,9946.638671875
2.5,4,30C__copper_trial_5,30C,copper,5,37192.601414797544,12199.5107421875
2.5,4,30C__copper_trial_6,30C,copper,6,37192.601414797544,11196.900390625
2.5,4,40C__copper_trial_1,40C,copper,1,37192.601414797544,14212.314453125
2.5,4,40C__copper_trial_2,40C,copper,2,37192.601414797544,14172.9111328125
2.5,4,40C__copper_trial_3,40C,copper,3,37192.601414797544,17598.775390625
2.5,4,40C__copper_trial_4,40C,copper,4,37192.601414797544,12573.119140625
2.5,4,40C__copper_trial_5,40C,copper,5,37192.601414797544,8974.9111328125
2.5,4,40C__copper_trial_6,40C,copper,6,37192.601414797544,8623.50390625
2.5,4,50C__copper_trial_1,50C,copper,1,37192.601414797544,12474.7783203125
2.5,4,50C__copper_trial_2,50C,copper,2,37192.601414797544,15320.7939453125
2.5,4,50C__copper_trial_3,50C,copper,3,37192.601414797544,9336.09375
2.5,4,50C__copper_trial_4,50C,copper,4,37192.601414797544,13275.7373046875
2.5,4,50C__copper_trial_5,50C,copper,5,37192.601414797544,4084.922607421875
2.5,4,50C__copper_trial_6,50C,copper,6,37192.601414797544,9724.8525390625
2.5,4,60C__copper_trial_1,60C,copper,1,37192.601414797544,11571.966796875
2.5,4,60C__copper_trial_2,60C,copper,2,37192.601414797544,21543.72265625
2.5,4,60C__copper_trial_3,60C,copper,3,37192.601414797544,10702.9287109375
2.5,4,60C__copper_trial_4,60C,copper,4,37192.601414797544,14417.7587890625
2.5,4,60C__copper_trial_5,60C,copper,5,37192.601414797544,12718.1845703125
2.5,4,60C__copper_trial_6,60C,copper,6,37192.601414797544,8923.705078125
2.5,5,30C__cork_trial_1,30C,cork,1,136.29380029920657,111.34728240966797
2.5,5,30C__cork_trial_2,30C,cork,2,136.29380029920657,34.496376621320685
2.5,5,30C__cork_trial_3,30C,cork,3,136.29380029920657,55.6508903503418
2.5,5,30C__cork_trial_4,30C,cork,4,136.29380029920657,55.4653434753418
2.5,5,30C__cork_trial_5,30C,cork,5,136.29380029920657,86.26444244384766
2.5,5,30C__cork_trial_6,30C,cork,6,136.29380029920657,110.99854278564453
2.5,5,40C__cork_trial_1,40C,cork,1,136.29380029920657,195.6609649658203
2.5,5,40C__cork_trial_2,40C,cork,2,136.29380029920657,176.57952880859375
2.5,5,40C__cork_trial_3,40C,cork,3,136.29380029920657,153.5084686279297
2.5,5,40C__cork_trial_4,40C,cork,4,136.29380029920657,170.75033569335938
2.5,5,40C__cork_trial_5,40C,cork,5,136.29380029920657,190.3375701904297
2.5,5,40C__cork_trial_6,40C,cork,6,136.29380029920657,58.39303970336914
2.5,5,50C__cork_trial_1,50C,cork,1,136.29380029920657,410.06353759765625
2.5,5,50C__cork_trial_2,50C,cork,2,136.29380029920657,378.3272705078125
2.5,5,50C__cork_trial_3,50C,cork,3,136.29380029920657,219.40963745117188
2.5,5,50C__cork_trial_4,50C,cork,4,136.29380029920657,112.56671142578125
2.5,5,50C__cork_trial_5,50C,cork,5,136.29380029920657,226.745849609375
2.5,5,50C__cork_trial_6,50C,cork,6,136.29380029920657,71.62410736083984
2.5,5,60C__cork_trial_1,60C,cork,1,136.29380029920657,789.3880004882812
2.5,5,60C__cork_trial_2,60C,cork,2,136.29380029920657,262.8234558105469
2.5,5,60C__cork_trial_3,60C,cork,3,136.29380029920657,693.6074829101562
2.5,5,60C__cork_trial_4,60C,cork,4,136.29380029920657,259.4764404296875
2.5,5,60C__cork_trial_5,60C,cork,5,136.29380029920657,618.390380859375
2.5,5,60C__cork_trial_6,60C,cork,6,136.29380029920657,631.858154296875
2.5,6,30C__graphite_trial_1,30C,graphite,1,11367.497525840945,6990.43310546875
2.5,6,30C__graphite_trial_2,30C,graphite,2,11367.497525840945,22235.59765625
2.5,6,30C__graphite_trial_3,30C,graphite,3,11367.497525840945,17152.884765625
2.5,6,30C__graphite_trial_4,30C,graphite,4,11367.497525840945,6203.0751953125
2.5,6,30C__graphite_trial_5,30C,graphite,5,11367.497525840945,19614.646484375
2.5,6,30C__graphite_trial_6,30C,graphite,6,11367.497525840945,19877.9765625
2.5,6,40C__graphite_trial_1,40C,graphite,1,11367.497525840945,7687.4130859375
2.5,6,40C__graphite_trial_2,40C,graphite,2,11367.497525840945,18901.072265625
2.5,6,40C__graphite_trial_3,40C,graphite,3,11367.497525840945,9553.3701171875
2.5,6,40C__graphite_trial_4,40C,graphite,4,11367.497525840945,21119.818359375
2.5,6,40C__graphite_trial_5,40C,graphite,5,11367.497525840945,10564.078125
2.5,6,40C__graphite_trial_6,40C,graphite,6,11367.497525840945,7051.4189453125
2.5,6,50C__graphite_trial_1,50C,graphite,1,11367.497525840945,16687.625
2.5,6,50C__graphite_trial_2,50C,graphite,2,11367.497525840945,21676.015625
2.5,6,50C__graphite_trial_3,50C,graphite,3,11367.497525840945,15113.880859375
2.5,6,50C__graphite_trial_4,50C,graphite,4,11367.497525840945,13733.7216796875
2.5,6,50C__graphite_trial_5,50C,graphite,5,11367.497525840945,6889.22607421875
2.5,6,50C__graphite_trial_6,50C,graphite,6,11367.497525840945,14169.0595703125
2.5,6,60C__graphite_trial_1,60C,graphite,1,11367.497525840945,7944.32568359375
2.5,6,60C__graphite_trial_2,60C,graphite,2,11367.497525840945,15275.126953125
2.5,6,60C__graphite_trial_3,60C,graphite,3,11367.497525840945,14057.5263671875
2.5,6,60C__graphite_trial_4,60C,graphite,4,11367.497525840945,14743.341796875
2.5,6,60C__graphite_trial_5,60C,graphite,5,11367.497525840945,11752.9365234375
2.5,6,60C__graphite_trial_6,60C,graphite,6,11367.497525840945,11403.806640625
2.5,7,30C__gypsum_trial_1,30C,gypsum,1,385.01948002666046,99.11188507080078
2.5,7,30C__gypsum_trial_2,30C,gypsum,2,385.01948002666046,100.19035339355469
2.5,7,30C__gypsum_trial_3,30C,gypsum,3,385.01948002666046,78.33373260498047
2.5,7,30C__gypsum_trial_4,30C,gypsum,4,385.01948002666046,149.49298095703125
2.5,7,30C__gypsum_trial_5,30C,gypsum,5,385.01948002666046,114.91743469238281
2.5,7,30C__gypsum_trial_6,30C,gypsum,6,385.01948002666046,129.8836212158203
2.5,7,40C__gypsum_trial_1,40C,gypsum,1,385.01948002666046,238.30738830566406
2.5,7,40C__gypsum_trial_2,40C,gypsum,2,385.01948002666046,131.07064819335938
2.5,7,40C__gypsum_trial_3,40C,gypsum,3,385.01948002666046,133.92401123046875
2.5,7,40C__gypsum_trial_4,40C,gypsum,4,385.01948002666046,203.50363159179688
2.5,7,40C__gypsum_trial_5,40C,gypsum,5,385.01948002666046,1701.0164794921875
2.5,7,40C__gypsum_trial_6,40C,gypsum,6,385.01948002666046,824.9129028320312
2.5,7,50C__gypsum_trial_1,50C,gypsum,1,385.01948002666046,1278.8145751953125
2.5,7,50C__gypsum_trial_2,50C,gypsum,2,385.01948002666046,2191.49560546875
2.5,7,50C__gypsum_trial_3,50C,gypsum,3,385.01948002666046,7822.95751953125
2.5,7,50C__gypsum_trial_4,50C,gypsum,4,385.01948002666046,5191.04052734375
2.5,7,50C__gypsum_trial_5,50C,gypsum,5,385.01948002666046,7176.0107421875
2.5,7,50C__gypsum_trial_6,50C,gypsum,6,385.01948002666046,2309.16845703125
2.5,7,60C__gypsum_trial_1,60C,gypsum,1,385.01948002666046,18515.966796875
2.5,7,60C__gypsum_trial_2,60C,gypsum,2,385.01948002666046,1520.8797607421875
2.5,7,60C__gypsum_trial_3,60C,gypsum,3,385.01948002666046,4689.2734375
2.5,7,60C__gypsum_trial_4,60C,gypsum,4,385.01948002666046,5552.89306640625
2.5,7,60C__gypsum_trial_5,60C,gypsum,5,385.01948002666046,4729.49609375
2.5,7,60C__gypsum_trial_6,60C,gypsum,6,385.01948002666046,4616.82568359375
2.5,8,30C__iron_trial_1,30C,iron,1,16859.663413010356,6151.220703125
2.5,8,30C__iron_trial_2,30C,iron,2,16859.663413010356,2661.2607421875
2.5,8,30C__iron_trial_3,30C,iron,3,16859.663413010356,9420.0205078125
2.5,8,30C__iron_trial_4,30C,iron,4,16859.663413010356,8800.671875
2.5,8,30C__iron_trial_5,30C,iron,5,16859.663413010356,6822.55224609375
2.5,8,30C__iron_trial_6,30C,iron,6,16859.663413010356,3186.675048828125
2.5,8,40C__iron_trial_1,40C,iron,1,16859.663413010356,5768.5693359375
2.5,8,40C__iron_trial_2,40C,iron,2,16859.663413010356,5792.3994140625
2.5,8,40C__iron_trial_3,40C,iron,3,16859.663413010356,4504.77197265625
2.5,8,40C__iron_trial_4,40C,iron,4,16859.663413010356,7044.85107421875
2.5,8,40C__iron_trial_5,40C,iron,5,16859.663413010356,11367.5693359375
2.5,8,40C__iron_trial_6,40C,iron,6,16859.663413010356,11642.7626953125
2.5,8,50C__iron_trial_1,50C,iron,1,16859.663413010356,11488.1923828125
2.5,8,50C__iron_trial_2,50C,iron,2,16859.663413010356,15106.962890625
2.5,8,50C__iron_trial_3,50C,iron,3,16859.663413010356,16170.0986328125
2.5,8,50C__iron_trial_4,50C,iron,4,16859.663413010356,18149.505859375
2.5,8,50C__iron_trial_5,50C,iron,5,16859.663413010356,21809.580078125
2.5,8,50C__iron_trial_6,50C,iron,6,16859.663413010356,23783.3984375
2.5,8,60C__iron_trial_1,60C,iron,1,16859.663413010356,16351.9365234375
2.5,8,60C__iron_trial_2,60C,iron,2,16859.663413010356,18366.611328125
2.5,8,60C__iron_trial_3,60C,iron,3,16859.663413010356,12665.044921875
2.5,8,60C__iron_trial_4,60C,iron,4,16859.663413010356,17250.697265625
2.5,8,60C__iron_trial_5,60C,iron,5,16859.663413010356,18420.783203125
2.5,8,60C__iron_trial_6,60C,iron,6,16859.663413010356,15955.8544921875
2.5,9,30C__nickel_trial_1,30C,nickel,1,19320.68449098013,8701.7138671875
2.5,9,30C__nickel_trial_2,30C,nickel,2,19320.68449098013,10759.2509765625
2.5,9,30C__nickel_trial_3,30C,nickel,3,19320.68449098013,2422.479736328125
2.5,9,30C__nickel_trial_4,30C,nickel,4,19320.68449098013,1656.6646728515625
2.5,9,30C__nickel_trial_5,30C,nickel,5,19320.68449098013,2042.138671875
2.5,9,30C__nickel_trial_6,30C,nickel,6,19320.68449098013,16259.220703125
2.5,9,40C__nickel_trial_1,40C,nickel,1,19320.68449098013,7155.84130859375
2.5,9,40C__nickel_trial_2,40C,nickel,2,19320.68449098013,8381.9775390625
2.5,9,40C__nickel_trial_3,40C,nickel,3,19320.68449098013,6641.0068359375
2.5,9,40C__nickel_trial_4,40C,nickel,4,19320.68449098013,21278.08203125
2.5,9,40C__nickel_trial_5,40C,nickel,5,19320.68449098013,9368.8662109375
2.5,9,40C__nickel_trial_6,40C,nickel,6,19320.68449098013,12911.423828125
2.5,9,50C__nickel_trial_1,50C,nickel,1,19320.68449098013,14716.466796875
2.5,9,50C__nickel_trial_2,50C,nickel,2,19320.68449098013,12177.1103515625
2.5,9,50C__nickel_trial_3,50C,nickel,3,19320.68449098013,14859.2666015625
2.5,9,50C__nickel_trial_4,50C,nickel,4,19320.68449098013,15524.8681640625
2.5,9,50C__nickel_trial_5,50C,nickel,5,19320.68449098013,7110.203125
2.5,9,50C__nickel_trial_6,50C,nickel,6,19320.68449098013,15020.8193359375
2.5,9,60C__nickel_trial_1,60C,nickel,1,19320.68449098013,12745.408203125
2.5,9,60C__nickel_trial_2,60C,nickel,2,19320.68449098013,14327.767578125
2.5,9,60C__nickel_trial_3,60C,nickel,3,19320.68449098013,11657.3408203125
2.5,9,60C__nickel_trial_4,60C,nickel,4,19320.68449098013,21666.240234375
2.5,9,60C__nickel_trial_5,60C,nickel,5,19320.68449098013,15754.9638671875
2.5,9,60C__nickel_trial_6,60C,nickel,6,19320.68449098013,13117.955078125
2.5,10,30C__pdms_trial_1,30C,pdms,1,460.90129095067635,132.65179443359375
2.5,10,30C__pdms_trial_2,30C,pdms,2,460.90129095067635,59.09572219848633
2.5,10,30C__pdms_trial_3,30C,pdms,3,460.90129095067635,175.0329132080078
2.5,10,30C__pdms_trial_4,30C,pdms,4,460.90129095067635,75.3133544921875
2.5,10,30C__pdms_trial_5,30C,pdms,5,460.90129095067635,42.834083557128906
2.5,10,30C__pdms_trial_6,30C,pdms,6,460.90129095067635,38.680328369140625
2.5,10,40C__pdms_trial_1,40C,pdms,1,460.90129095067635,494.61553955078125
2.5,10,40C__pdms_trial_2,40C,pdms,2,460.90129095067635,559.8831787109375
2.5,10,40C__pdms_trial_3,40C,pdms,3,460.90129095067635,481.58233642578125
2.5,10,40C__pdms_trial_4,40C,pdms,4,460.90129095067635,3048.845458984375
2.5,10,40C__pdms_trial_5,40C,pdms,5,460.90129095067635,63.37932586669922
2.5,10,40C__pdms_trial_6,40C,pdms,6,460.90129095067635,532.8106689453125
2.5,10,50C__pdms_trial_1,50C,pdms,1,460.90129095067635,108.42579650878906
2.5,10,50C__pdms_trial_2,50C,pdms,2,460.90129095067635,211.44651794433594
2.5,10,50C__pdms_trial_3,50C,pdms,3,460.90129095067635,807.7056884765625
2.5,10,50C__pdms_trial_4,50C,pdms,4,460.90129095067635,792.98486328125
2.5,10,50C__pdms_trial_5,50C,pdms,5,460.90129095067635,314.5306396484375
2.5,10,50C__pdms_trial_6,50C,pdms,6,460.90129095067635,677.7379150390625
2.5,10,60C__pdms_trial_1,60C,pdms,1,460.90129095067635,627.4052734375
2.5,10,60C__pdms_trial_2,60C,pdms,2,460.90129095067635,374.6181640625
2.5,10,60C__pdms_trial_3,60C,pdms,3,460.90129095067635,696.4680786132812
2.5,10,60C__pdms_trial_4,60C,pdms,4,460.90129095067635,264.546875
2.5,10,60C__pdms_trial_5,60C,pdms,5,460.90129095067635,162.97012329101562
2.5,10,60C__pdms_trial_6,60C,pdms,6,460.90129095067635,259.5386657714844
2.5,11,30C__ps_foam_trial_1,30C,ps_foam,1,34.496376621320685,378.2749938964844
2.5,11,30C__ps_foam_trial_2,30C,ps_foam,2,34.496376621320685,350.1736755371094
2.5,11,30C__ps_foam_trial_3,30C,ps_foam,3,34.496376621320685,422.30352783203125
2.5,11,30C__ps_foam_trial_4,30C,ps_foam,4,34.496376621320685,442.76513671875
2.5,11,30C__ps_foam_trial_5,30C,ps_foam,5,34.496376621320685,598.1346435546875
2.5,11,30C__ps_foam_trial_6,30C,ps_foam,6,34.496376621320685,378.4951477050781
2.5,11,40C__ps_foam_trial_1,40C,ps_foam,1,34.496376621320685,114.47273254394531
2.5,11,40C__ps_foam_trial_2,40C,ps_foam,2,34.496376621320685,142.2405242919922
2.5,11,40C__ps_foam_trial_3,40C,ps_foam,3,34.496376621320685,56.89140701293945
2.5,11,40C__ps_foam_trial_4,40C,ps_foam,4,34.496376621320685,370.1803283691406
2.5,11,40C__ps_foam_trial_5,40C,ps_foam,5,34.496376621320685,125.14095306396484
2.5,11,40C__ps_foam_trial_6,40C,ps_foam,6,34.496376621320685,173.42913818359375
2.5,11,50C__ps_foam_trial_1,50C,ps_foam,1,34.496376621320685,117.47010040283203
2.5,11,50C__ps_foam_trial_2,50C,ps_foam,2,34.496376621320685,48.57297134399414
2.5,11,50C__ps_foam_trial_3,50C,ps_foam,3,34.496376621320685,60.643890380859375
2.5,11,50C__ps_foam_trial_4,50C,ps_foam,4,34.496376621320685,101.95226287841797
2.5,11,50C__ps_foam_trial_5,50C,ps_foam,5,34.496376621320685,141.1017608642578
2.5,11,50C__ps_foam_trial_6,50C,ps_foam,6,34.496376621320685,69.49177551269531
2.5,11,60C__ps_foam_trial_1,60C,ps_foam,1,34.496376621320685,275.7650451660156
2.5,11,60C__ps_foam_trial_2,60C,ps_foam,2,34.496376621320685,147.21676635742188
2.5,11,60C__ps_foam_trial_3,60C,ps_foam,3,34.496376621320685,78.49766540527344
2.5,11,60C__ps_foam_trial_4,60C,ps_foam,4,34.496376621320685,89.22722625732422
2.5,11,60C__ps_foam_trial_5,60C,ps_foam,5,34.496376621320685,57.39006805419922
2.5,11,60C__ps_foam_trial_6,60C,ps_foam,6,34.496376621320685,111.75419616699219
2.5,12,30C__pu_foam_trial_1,30C,pu_foam,1,42.49705872175155,179.13894653320312
2.5,12,30C__pu_foam_trial_2,30C,pu_foam,2,42.49705872175155,79.24474334716797
2.5,12,30C__pu_foam_trial_3,30C,pu_foam,3,42.49705872175155,70.52027130126953
2.5,12,30C__pu_foam_trial_4,30C,pu_foam,4,42.49705872175155,84.61798858642578
2.5,12,30C__pu_foam_trial_5,30C,pu_foam,5,42.49705872175155,191.39244079589844
2.5,12,30C__pu_foam_trial_6,30C,pu_foam,6,42.49705872175155,300.6600036621094
2.5,12,40C__pu_foam_trial_1,40C,pu_foam,1,42.49705872175155,157.32638549804688
2.5,12,40C__pu_foam_trial_2,40C,pu_foam,2,42.49705872175155,337.64105224609375
2.5,12,40C__pu_foam_trial_3,40C,pu_foam,3,42.49705872175155,377.828369140625
2.5,12,40C__pu_foam_trial_4,40C,pu_foam,4,42.49705872175155,326.525634765625
2.5,12,40C__pu_foam_trial_5,40C,pu_foam,5,42.49705872175155,139.1508026123047
2.5,12,40C__pu_foam_trial_6,40C,pu_foam,6,42.49705872175155,229.9249725341797
2.5,12,50C__pu_foam_trial_1,50C,pu_foam,1,42.49705872175155,137.28199768066406
2.5,12,50C__pu_foam_trial_2,50C,pu_foam,2,42.49705872175155,128.43917846679688
2.5,12,50C__pu_foam_trial_3,50C,pu_foam,3,42.49705872175155,227.1921844482422
2.5,12,50C__pu_foam_trial_4,50C,pu_foam,4,42.49705872175155,69.04186248779297
2.5,12,50C__pu_foam_trial_5,50C,pu_foam,5,42.49705872175155,126.8080062866211
2.5,12,50C__pu_foam_trial_6,50C,pu_foam,6,42.49705872175155,53.90826416015625
2.5,12,60C__pu_foam_trial_1,60C,pu_foam,1,42.49705872175155,298.2977600097656
2.5,12,60C__pu_foam_trial_2,60C,pu_foam,2,42.49705872175155,616.809326171875
2.5,12,60C__pu_foam_trial_3,60C,pu_foam,3,42.49705872175155,123.84793090820312
2.5,12,60C__pu_foam_trial_4,60C,pu_foam,4,42.49705872175155,266.0118713378906
2.5,12,60C__pu_foam_trial_5,60C,pu_foam,5,42.49705872175155,237.2095489501953
2.5,12,60C__pu_foam_trial_6,60C,pu_foam,6,42.49705872175155,139.1256103515625
2.5,13,30C__titanium_trial_1,30C,titanium,1,7184.0359269702985,10500.44140625
2.5,13,30C__titanium_trial_2,30C,titanium,2,7184.0359269702985,11574.7919921875
2.5,13,30C__titanium_trial_3,30C,titanium,3,7184.0359269702985,1274.9384765625
2.5,13,30C__titanium_trial_4,30C,titanium,4,7184.0359269702985,873.9440307617188
2.5,13,30C__titanium_trial_5,30C,titanium,5,7184.0359269702985,630.5170288085938
2.5,13,30C__titanium_trial_6,30C,titanium,6,7184.0359269702985,2260.022216796875
2.5,13,40C__titanium_trial_1,40C,titanium,1,7184.0359269702985,11701.91015625
2.5,13,40C__titanium_trial_2,40C,titanium,2,7184.0359269702985,10196.3212890625
2.5,13,40C__titanium_trial_3,40C,titanium,3,7184.0359269702985,6206.2890625
2.5,13,40C__titanium_trial_4,40C,titanium,4,7184.0359269702985,13544.8291015625
2.5,13,40C__titanium_trial_5,40C,titanium,5,7184.0359269702985,6374.66943359375
2.5,13,40C__titanium_trial_6,40C,titanium,6,7184.0359269702985,13975.6064453125
2.5,13,50C__titanium_trial_1,50C,titanium,1,7184.0359269702985,12891.7978515625
2.5,13,50C__titanium_trial_2,50C,titanium,2,7184.0359269702985,7623.93017578125
2.5,13,50C__titanium_trial_3,50C,titanium,3,7184.0359269702985,15172.0693359375
2.5,13,50C__titanium_trial_4,50C,titanium,4,7184.0359269702985,10942.9580078125
2.5,13,50C__titanium_trial_5,50C,titanium,5,7184.0359269702985,8959.83203125
2.5,13,50C__titanium_trial_6,50C,titanium,6,7184.0359269702985,19708.216796875
2.5,13,60C__titanium_trial_1,60C,titanium,1,7184.0359269702985,16973.291015625
2.5,13,60C__titanium_trial_2,60C,titanium,2,7184.0359269702985,15308.861328125
2.5,13,60C__titanium_trial_3,60C,titanium,3,7184.0359269702985,9975.064453125
2.5,13,60C__titanium_trial_4,60C,titanium,4,7184.0359269702985,13467.96484375
2.5,13,60C__titanium_trial_5,60C,titanium,5,7184.0359269702985,10633.2109375
2.5,13,60C__titanium_trial_6,60C,titanium,6,7184.0359269702985,12272.5302734375
2.5,14,30C__wood_trial_1,30C,wood,1,422.49260348555214,104.64246368408203
2.5,14,30C__wood_trial_2,30C,wood,2,422.49260348555214,50.89242172241211
2.5,14,30C__wood_trial_3,30C,wood,3,422.49260348555214,117.17693328857422
2.5,14,30C__wood_trial_4,30C,wood,4,422.49260348555214,56.71349334716797
2.5,14,30C__wood_trial_5,30C,wood,5,422.49260348555214,119.79075622558594
2.5,14,30C__wood_trial_6,30C,wood,6,422.49260348555214,97.97282409667969
2.5,14,40C__wood_trial_1,40C,wood,1,422.49260348555214,172.52911376953125
2.5,14,40C__wood_trial_2,40C,wood,2,422.49260348555214,139.1024169921875
2.5,14,40C__wood_trial_3,40C,wood,3,422.49260348555214,82.96102142333984
2.5,14,40C__wood_trial_4,40C,wood,4,422.49260348555214,115.07402038574219
2.5,14,40C__wood_trial_5,40C,wood,5,422.49260348555214,221.0247039794922
2.5,14,40C__wood_trial_6,40C,wood,6,422.49260348555214,460.21240234375
2.5,14,50C__wood_trial_1,50C,wood,1,422.49260348555214,493.0914611816406
2.5,14,50C__wood_trial_2,50C,wood,2,422.49260348555214,1644.40869140625
2.5,14,50C__wood_trial_3,50C,wood,3,422.49260348555214,2888.5439453125
2.5,14,50C__wood_trial_4,50C,wood,4,422.49260348555214,252.76434326171875
2.5,14,50C__wood_trial_5,50C,wood,5,422.49260348555214,531.4475708007812
2.5,14,50C__wood_trial_6,50C,wood,6,422.49260348555214,380.2083435058594
2.5,14,60C__wood_trial_1,60C,wood,1,422.49260348555214,12155.306640625
2.5,14,60C__wood_trial_2,60C,wood,2,422.49260348555214,16956.578125
2.5,14,60C__wood_trial_3,60C,wood,3,422.49260348555214,6905.041015625
2.5,14,60C__wood_trial_4,60C,wood,4,422.49260348555214,16338.623046875
2.5,14,60C__wood_trial_5,60C,wood,5,422.49260348555214,11347.80078125
2.5,14,60C__wood_trial_6,60C,wood,6,422.49260348555214,4822.9345703125
3.0,1,30C__aluminum_trial_1,30C,aluminum,1,23958.09466547789,5248.8271484375
3.0,1,30C__aluminum_trial_2,30C,aluminum,2,23958.09466547789,13099.7890625
3.0,1,30C__aluminum_trial_3,30C,aluminum,3,23958.09466547789,12585.8359375
3.0,1,30C__aluminum_trial_4,30C,aluminum,4,23958.09466547789,2196.320556640625
3.0,1,30C__aluminum_trial_5,30C,aluminum,5,23958.09466547789,9594.7265625
3.0,1,30C__aluminum_trial_6,30C,aluminum,6,23958.09466547789,6499.09130859375
3.0,1,40C__aluminum_trial_1,40C,aluminum,1,23958.09466547789,27334.8359375
3.0,1,40C__aluminum_trial_2,40C,aluminum,2,23958.09466547789,13980.486328125
3.0,1,40C__aluminum_trial_3,40C,aluminum,3,23958.09466547789,5768.81689453125
3.0,1,40C__aluminum_trial_4,40C,aluminum,4,23958.09466547789,16581.7265625
3.0,1,40C__aluminum_trial_5,40C,aluminum,5,23958.09466547789,15853.1181640625
3.0,1,40C__aluminum_trial_6,40C,aluminum,6,23958.09466547789,13559.5908203125
3.0,1,50C__aluminum_trial_1,50C,aluminum,1,23958.09466547789,12725.076171875
3.0,1,50C__aluminum_trial_2,50C,aluminum,2,23958.09466547789,9684.7822265625
3.0,1,50C__aluminum_trial_3,50C,aluminum,3,23958.09466547789,11674.564453125
3.0,1,50C__aluminum_trial_4,50C,aluminum,4,23958.09466547789,15817.7314453125
3.0,1,50C__aluminum_trial_5,50C,aluminum,5,23958.09466547789,10509.849609375
3.0,1,50C__aluminum_trial_6,50C,aluminum,6,23958.09466547789,18148.501953125
3.0,1,60C__aluminum_trial_1,60C,aluminum,1,23958.09466547789,20235.537109375
3.0,1,60C__aluminum_trial_2,60C,aluminum,2,23958.09466547789,21669.009765625
3.0,1,60C__aluminum_trial_3,60C,aluminum,3,23958.09466547789,16829.908203125
3.0,1,60C__aluminum_trial_4,60C,aluminum,4,23958.09466547789,19378.630859375
3.0,1,60C__aluminum_trial_5,60C,aluminum,5,23958.09466547789,19304.365234375
3.0,1,60C__aluminum_trial_6,60C,aluminum,6,23958.09466547789,21291.642578125
3.0,2,30C__bismuth_trial_1,30C,bismuth,1,3209.1026783199068,13295.3642578125
3.0,2,30C__bismuth_trial_2,30C,bismuth,2,3209.1026783199068,763.6572265625
3.0,2,30C__bismuth_trial_3,30C,bismuth,3,3209.1026783199068,3703.106689453125
3.0,2,30C__bismuth_trial_4,30C,bismuth,4,3209.1026783199068,3412.877197265625
3.0,2,30C__bismuth_trial_5,30C,bismuth,5,3209.1026783199068,3101.101318359375
3.0,2,30C__bismuth_trial_6,30C,bismuth,6,3209.1026783199068,5573.4658203125
3.0,2,40C__bismuth_trial_1,40C,bismuth,1,3209.1026783199068,14382.353515625
3.0,2,40C__bismuth_trial_2,40C,bismuth,2,3209.1026783199068,16228.9638671875
3.0,2,40C__bismuth_trial_3,40C,bismuth,3,3209.1026783199068,12227.677734375
3.0,2,40C__bismuth_trial_4,40C,bismuth,4,3209.1026783199068,13867.421875
3.0,2,40C__bismuth_trial_5,40C,bismuth,5,3209.1026783199068,14744.748046875
3.0,2,40C__bismuth_trial_6,40C,bismuth,6,3209.1026783199068,12111.494140625
3.0,2,50C__bismuth_trial_1,50C,bismuth,1,3209.1026783199068,11754.8193359375
3.0,2,50C__bismuth_trial_2,50C,bismuth,2,3209.1026783199068,12362.931640625
3.0,2,50C__bismuth_trial_3,50C,bismuth,3,3209.1026783199068,12117.3173828125
3.0,2,50C__bismuth_trial_4,50C,bismuth,4,3209.1026783199068,13587.423828125
3.0,2,50C__bismuth_trial_5,50C,bismuth,5,3209.1026783199068,10911.140625
3.0,2,50C__bismuth_trial_6,50C,bismuth,6,3209.1026783199068,13465.216796875
3.0,2,60C__bismuth_trial_1,60C,bismuth,1,3209.1026783199068,14460.6708984375
3.0,2,60C__bismuth_trial_2,60C,bismuth,2,3209.1026783199068,15502.23046875
3.0,2,60C__bismuth_trial_3,60C,bismuth,3,3209.1026783199068,14933.61328125
3.0,2,60C__bismuth_trial_4,60C,bismuth,4,3209.1026783199068,21250.845703125
3.0,2,60C__bismuth_trial_5,60C,bismuth,5,3209.1026783199068,12527.1787109375
3.0,2,60C__bismuth_trial_6,60C,bismuth,6,3209.1026783199068,14882.427734375
3.0,3,30C__cement_trial_1,30C,cement,1,559.6427431853289,383.27734375
3.0,3,30C__cement_trial_2,30C,cement,2,559.6427431853289,287.6775817871094
3.0,3,30C__cement_trial_3,30C,cement,3,559.6427431853289,285.4770812988281
3.0,3,30C__cement_trial_4,30C,cement,4,559.6427431853289,310.22100830078125
3.0,3,30C__cement_trial_5,30C,cement,5,559.6427431853289,309.39935302734375
3.0,3,30C__cement_trial_6,30C,cement,6,559.6427431853289,350.42779541015625
3.0,3,40C__cement_trial_1,40C,cement,1,559.6427431853289,1212.773681640625
3.0,3,40C__cement_trial_2,40C,cement,2,559.6427431853289,4649.720703125
3.0,3,40C__cement_trial_3,40C,cement,3,559.6427431853289,1504.9600830078125
3.0,3,40C__cement_trial_4,40C,cement,4,559.6427431853289,474.9477233886719
3.0,3,40C__cement_trial_5,40C,cement,5,559.6427431853289,2499.598876953125
3.0,3,40C__cement_trial_6,40C,cement,6,559.6427431853289,4294.75341796875
3.0,3,50C__cement_trial_1,50C,cement,1,559.6427431853289,2144.1162109375
3.0,3,50C__cement_trial_2,50C,cement,2,559.6427431853289,2387.19384765625
3.0,3,50C__cement_trial_3,50C,cement,3,559.6427431853289,2714.95654296875
3.0,3,50C__cement_trial_4,50C,cement,4,559.6427431853289,1910.47900390625
3.0,3,50C__cement_trial_5,50C,cement,5,559.6427431853289,1293.071533203125
3.0,3,50C__cement_trial_6,50C,cement,6,559.6427431853289,706.6544799804688
3.0,3,60C__cement_trial_1,60C,cement,1,559.6427431853289,10441.7685546875
3.0,3,60C__cement_trial_2,60C,cement,2,559.6427431853289,12131.8994140625
3.0,3,60C__cement_trial_3,60C,cement,3,559.6427431853289,6693.943359375
3.0,3,60C__cement_trial_4,60C,cement,4,559.6427431853289,6908.47314453125
3.0,3,60C__cement_trial_5,60C,cement,5,559.6427431853289,5735.583984375
3.0,3,60C__cement_trial_6,60C,cement,6,559.6427431853289,4444.3603515625
3.0,4,30C__copper_trial_1,30C,copper,1,37192.601414797544,13278.611328125
3.0,4,30C__copper_trial_2,30C,copper,2,37192.601414797544,9878.0400390625
3.0,4,30C__copper_trial_3,30C,copper,3,37192.601414797544,8630.76953125
3.0,4,30C__copper_trial_4,30C,copper,4,37192.601414797544,12931.7958984375
3.0,4,30C__copper_trial_5,30C,copper,5,37192.601414797544,14616.634765625
3.0,4,30C__copper_trial_6,30C,copper,6,37192.601414797544,6052.20703125
3.0,4,40C__copper_trial_1,40C,copper,1,37192.601414797544,9214.078125
3.0,4,40C__copper_trial_2,40C,copper,2,37192.601414797544,16693.611328125
3.0,4,40C__copper_trial_3,40C,copper,3,37192.601414797544,11517.44140625
3.0,4,40C__copper_trial_4,40C,copper,4,37192.601414797544,12396.9130859375
3.0,4,40C__copper_trial_5,40C,copper,5,37192.601414797544,13594.734375
3.0,4,40C__copper_trial_6,40C,copper,6,37192.601414797544,13758.8017578125
3.0,4,50C__copper_trial_1,50C,copper,1,37192.601414797544,11099.9072265625
3.0,4,50C__copper_trial_2,50C,copper,2,37192.601414797544,11464.2001953125
3.0,4,50C__copper_trial_3,50C,copper,3,37192.601414797544,14115.0810546875
3.0,4,50C__copper_trial_4,50C,copper,4,37192.601414797544,16377.3603515625
3.0,4,50C__copper_trial_5,50C,copper,5,37192.601414797544,5882.64990234375
3.0,4,50C__copper_trial_6,50C,copper,6,37192.601414797544,14903.9462890625
3.0,4,60C__copper_trial_1,60C,copper,1,37192.601414797544,17027.576171875
3.0,4,60C__copper_trial_2,60C,copper,2,37192.601414797544,20607.41015625
3.0,4,60C__copper_trial_3,60C,copper,3,37192.601414797544,16621.833984375
3.0,4,60C__copper_trial_4,60C,copper,4,37192.601414797544,16733.3828125
3.0,4,60C__copper_trial_5,60C,copper,5,37192.601414797544,15611.818359375
3.0,4,60C__copper_trial_6,60C,copper,6,37192.601414797544,10200.54296875
3.0,5,30C__cork_trial_1,30C,cork,1,136.29380029920657,125.74097442626953
3.0,5,30C__cork_trial_2,30C,cork,2,136.29380029920657,40.9210090637207
3.0,5,30C__cork_trial_3,30C,cork,3,136.29380029920657,37.368629455566406
3.0,5,30C__cork_trial_4,30C,cork,4,136.29380029920657,34.496376621320685
3.0,5,30C__cork_trial_5,30C,cork,5,136.29380029920657,113.80626678466797
3.0,5,30C__cork_trial_6,30C,cork,6,136.29380029920657,99.44186401367188
3.0,5,40C__cork_trial_1,40C,cork,1,136.29380029920657,128.91995239257812
3.0,5,40C__cork_trial_2,40C,cork,2,136.29380029920657,115.86040496826172
3.0,5,40C__cork_trial_3,40C,cork,3,136.29380029920657,74.29950714111328
3.0,5,40C__cork_trial_4,40C,cork,4,136.29380029920657,91.38426208496094
3.0,5,40C__cork_trial_5,40C,cork,5,136.29380029920657,114.82405853271484
3.0,5,40C__cork_trial_6,40C,cork,6,136.29380029920657,47.673057556152344
3.0,5,50C__cork_trial_1,50C,cork,1,136.29380029920657,392.9668884277344
3.0,5,50C__cork_trial_2,50C,cork,2,136.29380029920657,288.2682800292969
3.0,5,50C__cork_trial_3,50C,cork,3,136.29380029920657,349.7870788574219
3.0,5,50C__cork_trial_4,50C,cork,4,136.29380029920657,175.1281280517578
3.0,5,50C__cork_trial_5,50C,cork,5,136.29380029920657,322.91351318359375
3.0,5,50C__cork_trial_6,50C,cork,6,136.29380029920657,173.88836669921875
3.0,5,60C__cork_trial_1,60C,cork,1,136.29380029920657,595.4025268554688
3.0,5,60C__cork_trial_2,60C,cork,2,136.29380029920657,332.6092529296875
3.0,5,60C__cork_trial_3,60C,cork,3,136.29380029920657,540.4041748046875
3.0,5,60C__cork_trial_4,60C,cork,4,136.29380029920657,314.1291809082031
3.0,5,60C__cork_trial_5,60C,cork,5,136.29380029920657,502.60235595703125
3.0,5,60C__cork_trial_6,60C,cork,6,136.29380029920657,548.857421875
3.0,6,30C__graphite_trial_1,30C,graphite,1,11367.497525840945,4905.98486328125
3.0,6,30C__graphite_trial_2,30C,graphite,2,11367.497525840945,26229.716796875
3.0,6,30C__graphite_trial_3,30C,graphite,3,11367.497525840945,11785.083984375
3.0,6,30C__graphite_trial_4,30C,graphite,4,11367.497525840945,6113.4638671875
3.0,6,30C__graphite_trial_5,30C,graphite,5,11367.497525840945,19372.421875
3.0,6,30C__graphite_trial_6,30C,graphite,6,11367.497525840945,10873.22265625
3.0,6,40C__graphite_trial_1,40C,graphite,1,11367.497525840945,6715.72509765625
3.0,6,40C__graphite_trial_2,40C,graphite,2,11367.497525840945,14152.892578125
3.0,6,40C__graphite_trial_3,40C,graphite,3,11367.497525840945,9364.0419921875
3.0,6,40C__graphite_trial_4,40C,graphite,4,11367.497525840945,17566.09375
3.0,6,40C__graphite_trial_5,40C,graphite,5,11367.497525840945,11906.025390625
3.0,6,40C__graphite_trial_6,40C,graphite,6,11367.497525840945,7383.685546875
3.0,6,50C__graphite_trial_1,50C,graphite,1,11367.497525840945,16162.759765625
3.0,6,50C__graphite_trial_2,50C,graphite,2,11367.497525840945,12362.63671875
3.0,6,50C__graphite_trial_3,50C,graphite,3,11367.497525840945,5649.6259765625
3.0,6,50C__graphite_trial_4,50C,graphite,4,11367.497525840945,12240.3720703125
3.0,6,50C__graphite_trial_5,50C,graphite,5,11367.497525840945,9341.625
3.0,6,50C__graphite_trial_6,50C,graphite,6,11367.497525840945,11826.0244140625
3.0,6,60C__graphite_trial_1,60C,graphite,1,11367.497525840945,7368.60888671875
3.0,6,60C__graphite_trial_2,60C,graphite,2,11367.497525840945,18100.447265625
3.0,6,60C__graphite_trial_3,60C,graphite,3,11367.497525840945,15067.177734375
3.0,6,60C__graphite_trial_4,60C,graphite,4,11367.497525840945,17459.099609375
3.0,6,60C__graphite_trial_5,60C,graphite,5,11367.497525840945,10442.5546875
3.0,6,60C__graphite_trial_6,60C,graphite,6,11367.497525840945,18592.943359375
3.0,7,30C__gypsum_trial_1,30C,gypsum,1,385.01948002666046,90.7557144165039
3.0,7,30C__gypsum_trial_2,30C,gypsum,2,385.01948002666046,163.4595947265625
3.0,7,30C__gypsum_trial_3,30C,gypsum,3,385.01948002666046,150.86154174804688
3.0,7,30C__gypsum_trial_4,30C,gypsum,4,385.01948002666046,72.27909088134766
3.0,7,30C__gypsum_trial_5,30C,gypsum,5,385.01948002666046,72.30624389648438
3.0,7,30C__gypsum_trial_6,30C,gypsum,6,385.01948002666046,70.4998779296875
3.0,7,40C__gypsum_trial_1,40C,gypsum,1,385.01948002666046,328.0555114746094
3.0,7,40C__gypsum_trial_2,40C,gypsum,2,385.01948002666046,128.26451110839844
3.0,7,40C__gypsum_trial_3,40C,gypsum,3,385.01948002666046,147.4459228515625
3.0,7,40C__gypsum_trial_4,40C,gypsum,4,385.01948002666046,435.55364990234375
3.0,7,40C__gypsum_trial_5,40C,gypsum,5,385.01948002666046,1261.155029296875
3.0,7,40C__gypsum_trial_6,40C,gypsum,6,385.01948002666046,678.5822143554688
3.0,7,50C__gypsum_trial_1,50C,gypsum,1,385.01948002666046,5073.19580078125
3.0,7,50C__gypsum_trial_2,50C,gypsum,2,385.01948002666046,5460.90869140625
3.0,7,50C__gypsum_trial_3,50C,gypsum,3,385.01948002666046,9427.18359375
3.0,7,50C__gypsum_trial_4,50C,gypsum,4,385.01948002666046,10725.6044921875
3.0,7,50C__gypsum_trial_5,50C,gypsum,5,385.01948002666046,5787.85400390625
3.0,7,50C__gypsum_trial_6,50C,gypsum,6,385.01948002666046,4698.0576171875
3.0,7,60C__gypsum_trial_1,60C,gypsum,1,385.01948002666046,10692.6435546875
3.0,7,60C__gypsum_trial_2,60C,gypsum,2,385.01948002666046,5474.05126953125
3.0,7,60C__gypsum_trial_3,60C,gypsum,3,385.01948002666046,6280.45263671875
3.0,7,60C__gypsum_trial_4,60C,gypsum,4,385.01948002666046,6544.9140625
3.0,7,60C__gypsum_trial_5,60C,gypsum,5,385.01948002666046,6048.0634765625
3.0,7,60C__gypsum_trial_6,60C,gypsum,6,385.01948002666046,5912.92626953125
3.0,8,30C__iron_trial_1,30C,iron,1,16859.663413010356,11809.1962890625
3.0,8,30C__iron_trial_2,30C,iron,2,16859.663413010356,4574.78515625
3.0,8,30C__iron_trial_3,30C,iron,3,16859.663413010356,14089.9697265625
3.0,8,30C__iron_trial_4,30C,iron,4,16859.663413010356,20924.021484375
3.0,8,30C__iron_trial_5,30C,iron,5,16859.663413010356,6858.45703125
3.0,8,30C__iron_trial_6,30C,iron,6,16859.663413010356,15573.9560546875
3.0,8,40C__iron_trial_1,40C,iron,1,16859.663413010356,7351.26953125
3.0,8,40C__iron_trial_2,40C,iron,2,16859.663413010356,5941.32373046875
3.0,8,40C__iron_trial_3,40C,iron,3,16859.663413010356,5869.98828125
3.0,8,40C__iron_trial_4,40C,iron,4,16859.663413010356,7617.337890625
3.0,8,40C__iron_trial_5,40C,iron,5,16859.663413010356,17978.10546875
3.0,8,40C__iron_trial_6,40C,iron,6,16859.663413010356,11875.7333984375
3.0,8,50C__iron_trial_1,50C,iron,1,16859.663413010356,9949.2294921875
3.0,8,50C__iron_trial_2,50C,iron,2,16859.663413010356,12899.0419921875
3.0,8,50C__iron_trial_3,50C,iron,3,16859.663413010356,14814.791015625
3.0,8,50C__iron_trial_4,50C,iron,4,16859.663413010356,15239.78125
3.0,8,50C__iron_trial_5,50C,iron,5,16859.663413010356,19218.8515625
3.0,8,50C__iron_trial_6,50C,iron,6,16859.663413010356,24836.89453125
3.0,8,60C__iron_trial_1,60C,iron,1,16859.663413010356,24676.765625
3.0,8,60C__iron_trial_2,60C,iron,2,16859.663413010356,18904.83984375
3.0,8,60C__iron_trial_3,60C,iron,3,16859.663413010356,12337.0302734375
3.0,8,60C__iron_trial_4,60C,iron,4,16859.663413010356,21304.623046875
3.0,8,60C__iron_trial_5,60C,iron,5,16859.663413010356,15047.388671875
3.0,8,60C__iron_trial_6,60C,iron,6,16859.663413010356,23535.306640625
3.0,9,30C__nickel_trial_1,30C,nickel,1,19320.68449098013,8005.48095703125
3.0,9,30C__nickel_trial_2,30C,nickel,2,19320.68449098013,18647.3203125
3.0,9,30C__nickel_trial_3,30C,nickel,3,19320.68449098013,2505.718505859375
3.0,9,30C__nickel_trial_4,30C,nickel,4,19320.68449098013,729.201416015625
3.0,9,30C__nickel_trial_5,30C,nickel,5,19320.68449098013,1269.083251953125
3.0,9,30C__nickel_trial_6,30C,nickel,6,19320.68449098013,20493.146484375
3.0,9,40C__nickel_trial_1,40C,nickel,1,19320.68449098013,6834.6865234375
3.0,9,40C__nickel_trial_2,40C,nickel,2,19320.68449098013,8351.7802734375
3.0,9,40C__nickel_trial_3,40C,nickel,3,19320.68449098013,7171.70703125
3.0,9,40C__nickel_trial_4,40C,nickel,4,19320.68449098013,15959.2177734375
3.0,9,40C__nickel_trial_5,40C,nickel,5,19320.68449098013,11053.8037109375
3.0,9,40C__nickel_trial_6,40C,nickel,6,19320.68449098013,14183.59375
3.0,9,50C__nickel_trial_1,50C,nickel,1,19320.68449098013,11293.5126953125
3.0,9,50C__nickel_trial_2,50C,nickel,2,19320.68449098013,14889.185546875
3.0,9,50C__nickel_trial_3,50C,nickel,3,19320.68449098013,12441.0107421875
3.0,9,50C__nickel_trial_4,50C,nickel,4,19320.68449098013,19056.5546875
3.0,9,50C__nickel_trial_5,50C,nickel,5,19320.68449098013,8325.2958984375
3.0,9,50C__nickel_trial_6,50C,nickel,6,19320.68449098013,13919.98828125
3.0,9,60C__nickel_trial_1,60C,nickel,1,19320.68449098013,10004.9443359375
3.0,9,60C__nickel_trial_2,60C,nickel,2,19320.68449098013,15127.494140625
3.0,9,60C__nickel_trial_3,60C,nickel,3,19320.68449098013,11734.9365234375
3.0,9,60C__nickel_trial_4,60C,nickel,4,19320.68449098013,22260.083984375
3.0,9,60C__nickel_trial_5,60C,nickel,5,19320.68449098013,17235.287109375
3.0,9,60C__nickel_trial_6,60C,nickel,6,19320.68449098013,15672.9248046875
3.0,10,30C__pdms_trial_1,30C,pdms,1,460.90129095067635,193.4803924560547
3.0,10,30C__pdms_trial_2,30C,pdms,2,460.90129095067635,109.49158477783203
3.0,10,30C__pdms_trial_3,30C,pdms,3,460.90129095067635,176.3247528076172
3.0,10,30C__pdms_trial_4,30C,pdms,4,460.90129095067635,109.26689147949219
3.0,10,30C__pdms_trial_5,30C,pdms,5,460.90129095067635,63.670387268066406
3.0,10,30C__pdms_trial_6,30C,pdms,6,460.90129095067635,46.66083526611328
3.0,10,40C__pdms_trial_1,40C,pdms,1,460.90129095067635,467.10833740234375
3.0,10,40C__pdms_trial_2,40C,pdms,2,460.90129095067635,477.41558837890625
3.0,10,40C__pdms_trial_3,40C,pdms,3,460.90129095067635,502.9439392089844
3.0,10,40C__pdms_trial_4,40C,pdms,4,460.90129095067635,473.3675842285156
3.0,10,40C__pdms_trial_5,40C,pdms,5,460.90129095067635,85.37549591064453
3.0,10,40C__pdms_trial_6,40C,pdms,6,460.90129095067635,546.782958984375
3.0,10,50C__pdms_trial_1,50C,pdms,1,460.90129095067635,163.31552124023438
3.0,10,50C__pdms_trial_2,50C,pdms,2,460.90129095067635,221.70213317871094
3.0,10,50C__pdms_trial_3,50C,pdms,3,460.90129095067635,840.1257934570312
3.0,10,50C__pdms_trial_4,50C,pdms,4,460.90129095067635,722.585693359375
3.0,10,50C__pdms_trial_5,50C,pdms,5,460.90129095067635,412.43463134765625
3.0,10,50C__pdms_trial_6,50C,pdms,6,460.90129095067635,662.5864868164062
3.0,10,60C__pdms_trial_1,60C,pdms,1,460.90129095067635,682.4555053710938
3.0,10,60C__pdms_trial_2,60C,pdms,2,460.90129095067635,601.9144897460938
3.0,10,60C__pdms_trial_3,60C,pdms,3,460.90129095067635,793.9243774414062
3.0,10,60C__pdms_trial_4,60C,pdms,4,460.90129095067635,358.41119384765625
3.0,10,60C__pdms_trial_5,60C,pdms,5,460.90129095067635,202.23753356933594
3.0,10,60C__pdms_trial_6,60C,pdms,6,460.90129095067635,261.5101013183594
3.0,11,30C__ps_foam_trial_1,30C,ps_foam,1,34.496376621320685,381.8711853027344
3.0,11,30C__ps_foam_trial_2,30C,ps_foam,2,34.496376621320685,452.657470703125
3.0,11,30C__ps_foam_trial_3,30C,ps_foam,3,34.496376621320685,407.1955871582031
3.0,11,30C__ps_foam_trial_4,30C,ps_foam,4,34.496376621320685,532.9537353515625
3.0,11,30C__ps_foam_trial_5,30C,ps_foam,5,34.496376621320685,449.21661376953125
3.0,11,30C__ps_foam_trial_6,30C,ps_foam,6,34.496376621320685,354.1360168457031
3.0,11,40C__ps_foam_trial_1,40C,ps_foam,1,34.496376621320685,92.61626434326172
3.0,11,40C__ps_foam_trial_2,40C,ps_foam,2,34.496376621320685,142.86904907226562
3.0,11,40C__ps_foam_trial_3,40C,ps_foam,3,34.496376621320685,65.66771697998047
3.0,11,40C__ps_foam_trial_4,40C,ps_foam,4,34.496376621320685,181.19737243652344
3.0,11,40C__ps_foam_trial_5,40C,ps_foam,5,34.496376621320685,62.065155029296875
3.0,11,40C__ps_foam_trial_6,40C,ps_foam,6,34.496376621320685,137.01185607910156
3.0,11,50C__ps_foam_trial_1,50C,ps_foam,1,34.496376621320685,59.693572998046875
3.0,11,50C__ps_foam_trial_2,50C,ps_foam,2,34.496376621320685,64.89507293701172
3.0,11,50C__ps_foam_trial_3,50C,ps_foam,3,34.496376621320685,65.7894287109375
3.0,11,50C__ps_foam_trial_4,50C,ps_foam,4,34.496376621320685,101.59735870361328
3.0,11,50C__ps_foam_trial_5,50C,ps_foam,5,34.496376621320685,129.21121215820312
3.0,11,50C__ps_foam_trial_6,50C,ps_foam,6,34.496376621320685,64.9437255859375
3.0,11,60C__ps_foam_trial_1,60C,ps_foam,1,34.496376621320685,139.60630798339844
3.0,11,60C__ps_foam_trial_2,60C,ps_foam,2,34.496376621320685,142.2528839111328
3.0,11,60C__ps_foam_trial_3,60C,ps_foam,3,34.496376621320685,67.93396759033203
3.0,11,60C__ps_foam_trial_4,60C,ps_foam,4,34.496376621320685,82.9957046508789
3.0,11,60C__ps_foam_trial_5,60C,ps_foam,5,34.496376621320685,58.945953369140625
3.0,11,60C__ps_foam_trial_6,60C,ps_foam,6,34.496376621320685,72.71492004394531
3.0,12,30C__pu_foam_trial_1,30C,pu_foam,1,42.49705872175155,119.09818267822266
3.0,12,30C__pu_foam_trial_2,30C,pu_foam,2,42.49705872175155,46.79026794433594
3.0,12,30C__pu_foam_trial_3,30C,pu_foam,3,42.49705872175155,49.410831451416016
3.0,12,30C__pu_foam_trial_4,30C,pu_foam,4,42.49705872175155,84.2506103515625
3.0,12,30C__pu_foam_trial_5,30C,pu_foam,5,42.49705872175155,61.35405349731445
3.0,12,30C__pu_foam_trial_6,30C,pu_foam,6,42.49705872175155,169.00648498535156
3.0,12,40C__pu_foam_trial_1,40C,pu_foam,1,42.49705872175155,198.96148681640625
3.0,12,40C__pu_foam_trial_2,40C,pu_foam,2,42.49705872175155,261.1447448730469
3.0,12,40C__pu_foam_trial_3,40C,pu_foam,3,42.49705872175155,313.2201843261719
3.0,12,40C__pu_foam_trial_4,40C,pu_foam,4,42.49705872175155,305.90203857421875
3.0,12,40C__pu_foam_trial_5,40C,pu_foam,5,42.49705872175155,131.02777099609375
3.0,12,40C__pu_foam_trial_6,40C,pu_foam,6,42.49705872175155,181.35137939453125
3.0,12,50C__pu_foam_trial_1,50C,pu_foam,1,42.49705872175155,142.4967498779297
3.0,12,50C__pu_foam_trial_2,50C,pu_foam,2,42.49705872175155,106.92134857177734
3.0,12,50C__pu_foam_trial_3,50C,pu_foam,3,42.49705872175155,200.13983154296875
3.0,12,50C__pu_foam_trial_4,50C,pu_foam,4,42.49705872175155,64.84961700439453
3.0,12,50C__pu_foam_trial_5,50C,pu_foam,5,42.49705872175155,52.22892761230469
3.0,12,50C__pu_foam_trial_6,50C,pu_foam,6,42.49705872175155,43.859256744384766
3.0,12,60C__pu_foam_trial_1,60C,pu_foam,1,42.49705872175155,231.91989135742188
3.0,12,60C__pu_foam_trial_2,60C,pu_foam,2,42.49705872175155,392.69873046875
3.0,12,60C__pu_foam_trial_3,60C,pu_foam,3,42.49705872175155,156.23143005371094
3.0,12,60C__pu_foam_trial_4,60C,pu_foam,4,42.49705872175155,283.9445495605469
3.0,12,60C__pu_foam_trial_5,60C,pu_foam,5,42.49705872175155,192.27450561523438
3.0,12,60C__pu_foam_trial_6,60C,pu_foam,6,42.49705872175155,93.25072479248047
3.0,13,30C__titanium_trial_1,30C,titanium,1,7184.0359269702985,11283.1015625
3.0,13,30C__titanium_trial_2,30C,titanium,2,7184.0359269702985,7666.83740234375
3.0,13,30C__titanium_trial_3,30C,titanium,3,7184.0359269702985,4120.677734375
3.0,13,30C__titanium_trial_4,30C,titanium,4,7184.0359269702985,3795.2890625
3.0,13,30C__titanium_trial_5,30C,titanium,5,7184.0359269702985,1499.61181640625
3.0,13,30C__titanium_trial_6,30C,titanium,6,7184.0359269702985,1939.6724853515625
3.0,13,40C__titanium_trial_1,40C,titanium,1,7184.0359269702985,11280.2607421875
3.0,13,40C__titanium_trial_2,40C,titanium,2,7184.0359269702985,12341.8310546875
3.0,13,40C__titanium_trial_3,40C,titanium,3,7184.0359269702985,8134.97021484375
3.0,13,40C__titanium_trial_4,40C,titanium,4,7184.0359269702985,5947.58349609375
3.0,13,40C__titanium_trial_5,40C,titanium,5,7184.0359269702985,6844.15869140625
3.0,13,40C__titanium_trial_6,40C,titanium,6,7184.0359269702985,17293.873046875
3.0,13,50C__titanium_trial_1,50C,titanium,1,7184.0359269702985,14623.5791015625
3.0,13,50C__titanium_trial_2,50C,titanium,2,7184.0359269702985,8680.658203125
3.0,13,50C__titanium_trial_3,50C,titanium,3,7184.0359269702985,12816.658203125
3.0,13,50C__titanium_trial_4,50C,titanium,4,7184.0359269702985,14244.5849609375
3.0,13,50C__titanium_trial_5,50C,titanium,5,7184.0359269702985,10408.2001953125
3.0,13,50C__titanium_trial_6,50C,titanium,6,7184.0359269702985,11272.1083984375
3.0,13,60C__titanium_trial_1,60C,titanium,1,7184.0359269702985,17052.375
3.0,13,60C__titanium_trial_2,60C,titanium,2,7184.0359269702985,11936.65625
3.0,13,60C__titanium_trial_3,60C,titanium,3,7184.0359269702985,8982.29296875
3.0,13,60C__titanium_trial_4,60C,titanium,4,7184.0359269702985,9639.966796875
3.0,13,60C__titanium_trial_5,60C,titanium,5,7184.0359269702985,9126.15234375
3.0,13,60C__titanium_trial_6,60C,titanium,6,7184.0359269702985,10286.2919921875
3.0,14,30C__wood_trial_1,30C,wood,1,422.49260348555214,70.43148803710938
3.0,14,30C__wood_trial_2,30C,wood,2,422.49260348555214,79.41171264648438
3.0,14,30C__wood_trial_3,30C,wood,3,422.49260348555214,86.87517547607422
3.0,14,30C__wood_trial_4,30C,wood,4,422.49260348555214,67.03123474121094
3.0,14,30C__wood_trial_5,30C,wood,5,422.49260348555214,79.57414245605469
3.0,14,30C__wood_trial_6,30C,wood,6,422.49260348555214,80.28221893310547
3.0,14,40C__wood_trial_1,40C,wood,1,422.49260348555214,167.3490447998047
3.0,14,40C__wood_trial_2,40C,wood,2,422.49260348555214,83.855224609375
3.0,14,40C__wood_trial_3,40C,wood,3,422.49260348555214,68.36598205566406
3.0,14,40C__wood_trial_4,40C,wood,4,422.49260348555214,100.58092498779297
3.0,14,40C__wood_trial_5,40C,wood,5,422.49260348555214,267.840087890625
3.0,14,40C__wood_trial_6,40C,wood,6,422.49260348555214,340.865478515625
3.0,14,50C__wood_trial_1,50C,wood,1,422.49260348555214,351.85272216796875
3.0,14,50C__wood_trial_2,50C,wood,2,422.49260348555214,813.187255859375
3.0,14,50C__wood_trial_3,50C,wood,3,422.49260348555214,1231.8719482421875
3.0,14,50C__wood_trial_4,50C,wood,4,422.49260348555214,244.0418701171875
3.0,14,50C__wood_trial_5,50C,wood,5,422.49260348555214,349.4346618652344
3.0,14,50C__wood_trial_6,50C,wood,6,422.49260348555214,143.12110900878906
3.0,14,60C__wood_trial_1,60C,wood,1,422.49260348555214,10528.2197265625
3.0,14,60C__wood_trial_2,60C,wood,2,422.49260348555214,12770.9248046875
3.0,14,60C__wood_trial_3,60C,wood,3,422.49260348555214,19048.814453125
3.0,14,60C__wood_trial_4,60C,wood,4,422.49260348555214,13117.279296875
3.0,14,60C__wood_trial_5,60C,wood,5,422.49260348555214,5044.474609375
3.0,14,60C__wood_trial_6,60C,wood,6,422.49260348555214,5512.7421875
3.5,1,30C__aluminum_trial_1,30C,aluminum,1,23958.09466547789,4166.734375
3.5,1,30C__aluminum_trial_2,30C,aluminum,2,23958.09466547789,14961.298828125
3.5,1,30C__aluminum_trial_3,30C,aluminum,3,23958.09466547789,15241.728515625
3.5,1,30C__aluminum_trial_4,30C,aluminum,4,23958.09466547789,3899.994140625
3.5,1,30C__aluminum_trial_5,30C,aluminum,5,23958.09466547789,14223.3125
3.5,1,30C__aluminum_trial_6,30C,aluminum,6,23958.09466547789,15159.06640625
3.5,1,40C__aluminum_trial_1,40C,aluminum,1,23958.09466547789,23600.421875
3.5,1,40C__aluminum_trial_2,40C,aluminum,2,23958.09466547789,12308.0126953125
3.5,1,40C__aluminum_trial_3,40C,aluminum,3,23958.09466547789,9983.677734375
3.5,1,40C__aluminum_trial_4,40C,aluminum,4,23958.09466547789,16621.453125
3.5,1,40C__aluminum_trial_5,40C,aluminum,5,23958.09466547789,15323.46875
3.5,1,40C__aluminum_trial_6,40C,aluminum,6,23958.09466547789,14150.6796875
3.5,1,50C__aluminum_trial_1,50C,aluminum,1,23958.09466547789,14237.4267578125
3.5,1,50C__aluminum_trial_2,50C,aluminum,2,23958.09466547789,10163.4453125
3.5,1,50C__aluminum_trial_3,50C,aluminum,3,23958.09466547789,16811.36328125
3.5,1,50C__aluminum_trial_4,50C,aluminum,4,23958.09466547789,16374.955078125
3.5,1,50C__aluminum_trial_5,50C,aluminum,5,23958.09466547789,14507.34765625
3.5,1,50C__aluminum_trial_6,50C,aluminum,6,23958.09466547789,15219.1552734375
3.5,1,60C__aluminum_trial_1,60C,aluminum,1,23958.09466547789,19030.728515625
3.5,1,60C__aluminum_trial_2,60C,aluminum,2,23958.09466547789,20963.2109375
3.5,1,60C__aluminum_trial_3,60C,aluminum,3,23958.09466547789,17854.48046875
3.5,1,60C__aluminum_trial_4,60C,aluminum,4,23958.09466547789,20692.587890625
3.5,1,60C__aluminum_trial_5,60C,aluminum,5,23958.09466547789,21528.03125
3.5,1,60C__aluminum_trial_6,60C,aluminum,6,23958.09466547789,21124.7734375
3.5,2,30C__bismuth_trial_1,30C,bismuth,1,3209.1026783199068,11171.3310546875
3.5,2,30C__bismuth_trial_2,30C,bismuth,2,3209.1026783199068,3230.475830078125
3.5,2,30C__bismuth_trial_3,30C,bismuth,3,3209.1026783199068,5819.85693359375
3.5,2,30C__bismuth_trial_4,30C,bismuth,4,3209.1026783199068,1822.7269287109375
3.5,2,30C__bismuth_trial_5,30C,bismuth,5,3209.1026783199068,2319.50439453125
3.5,2,30C__bismuth_trial_6,30C,bismuth,6,3209.1026783199068,6458.7197265625
3.5,2,40C__bismuth_trial_1,40C,bismuth,1,3209.1026783199068,15792.9951171875
3.5,2,40C__bismuth_trial_2,40C,bismuth,2,3209.1026783199068,12646.203125
3.5,2,40C__bismuth_trial_3,40C,bismuth,3,3209.1026783199068,11279.5615234375
3.5,2,40C__bismuth_trial_4,40C,bismuth,4,3209.1026783199068,14339.7705078125
3.5,2,40C__bismuth_trial_5,40C,bismuth,5,3209.1026783199068,12182.1279296875
3.5,2,40C__bismuth_trial_6,40C,bismuth,6,3209.1026783199068,11935.4609375
3.5,2,50C__bismuth_trial_1,50C,bismuth,1,3209.1026783199068,10826.1904296875
3.5,2,50C__bismuth_trial_2,50C,bismuth,2,3209.1026783199068,12773.970703125
3.5,2,50C__bismuth_trial_3,50C,bismuth,3,3209.1026783199068,8939.763671875
3.5,2,50C__bismuth_trial_4,50C,bismuth,4,3209.1026783199068,12637.28125
3.5,2,50C__bismuth_trial_5,50C,bismuth,5,3209.1026783199068,11162.33203125
3.5,2,50C__bismuth_trial_6,50C,bismuth,6,3209.1026783199068,10928.5546875
3.5,2,60C__bismuth_trial_1,60C,bismuth,1,3209.1026783199068,12376.8408203125
3.5,2,60C__bismuth_trial_2,60C,bismuth,2,3209.1026783199068,12130.025390625
3.5,2,60C__bismuth_trial_3,60C,bismuth,3,3209.1026783199068,15772.5537109375
3.5,2,60C__bismuth_trial_4,60C,bismuth,4,3209.1026783199068,18050.74609375
3.5,2,60C__bismuth_trial_5,60C,bismuth,5,3209.1026783199068,11493.57421875
3.5,2,60C__bismuth_trial_6,60C,bismuth,6,3209.1026783199068,13185.2880859375
3.5,3,30C__cement_trial_1,30C,cement,1,559.6427431853289,347.6449279785156
3.5,3,30C__cement_trial_2,30C,cement,2,559.6427431853289,276.59930419921875
3.5,3,30C__cement_trial_3,30C,cement,3,559.6427431853289,297.0595397949219
3.5,3,30C__cement_trial_4,30C,cement,4,559.6427431853289,274.0697937011719
3.5,3,30C__cement_trial_5,30C,cement,5,559.6427431853289,268.4891357421875
3.5,3,30C__cement_trial_6,30C,cement,6,559.6427431853289,268.6490478515625
3.5,3,40C__cement_trial_1,40C,cement,1,559.6427431853289,463.3600769042969
3.5,3,40C__cement_trial_2,40C,cement,2,559.6427431853289,756.2789306640625
3.5,3,40C__cement_trial_3,40C,cement,3,559.6427431853289,703.0578002929688
3.5,3,40C__cement_trial_4,40C,cement,4,559.6427431853289,731.4083862304688
3.5,3,40C__cement_trial_5,40C,cement,5,559.6427431853289,2349.170654296875
3.5,3,40C__cement_trial_6,40C,cement,6,559.6427431853289,5015.92578125
3.5,3,50C__cement_trial_1,50C,cement,1,559.6427431853289,649.2958984375
3.5,3,50C__cement_trial_2,50C,cement,2,559.6427431853289,740.1054077148438
3.5,3,50C__cement_trial_3,50C,cement,3,559.6427431853289,774.6665649414062
3.5,3,50C__cement_trial_4,50C,cement,4,559.6427431853289,659.2084350585938
3.5,3,50C__cement_trial_5,50C,cement,5,559.6427431853289,596.4944458007812
3.5,3,50C__cement_trial_6,50C,cement,6,559.6427431853289,404.229736328125
3.5,3,60C__cement_trial_1,60C,cement,1,559.6427431853289,10593.5703125
3.5,3,60C__cement_trial_2,60C,cement,2,559.6427431853289,10425.060546875
3.5,3,60C__cement_trial_3,60C,cement,3,559.6427431853289,9546.5751953125
3.5,3,60C__cement_trial_4,60C,cement,4,559.6427431853289,10284.427734375
3.5,3,60C__cement_trial_5,60C,cement,5,559.6427431853289,9958.599609375
3.5,3,60C__cement_trial_6,60C,cement,6,559.6427431853289,9461.494140625
3.5,4,30C__copper_trial_1,30C,copper,1,37192.601414797544,10010.2802734375
3.5,4,30C__copper_trial_2,30C,copper,2,37192.601414797544,6487.8623046875
3.5,4,30C__copper_trial_3,30C,copper,3,37192.601414797544,12939.408203125
3.5,4,30C__copper_trial_4,30C,copper,4,37192.601414797544,8190.58984375
3.5,4,30C__copper_trial_5,30C,copper,5,37192.601414797544,5117.27197265625
3.5,4,30C__copper_trial_6,30C,copper,6,37192.601414797544,5965.69677734375
3.5,4,40C__copper_trial_1,40C,copper,1,37192.601414797544,14559.8818359375
3.5,4,40C__copper_trial_2,40C,copper,2,37192.601414797544,11023.3037109375
3.5,4,40C__copper_trial_3,40C,copper,3,37192.601414797544,20525.205078125
3.5,4,40C__copper_trial_4,40C,copper,4,37192.601414797544,10700.9375
3.5,4,40C__copper_trial_5,40C,copper,5,37192.601414797544,9543.2705078125
3.5,4,40C__copper_trial_6,40C,copper,6,37192.601414797544,11537.2197265625
3.5,4,50C__copper_trial_1,50C,copper,1,37192.601414797544,16016.7958984375
3.5,4,50C__copper_trial_2,50C,copper,2,37192.601414797544,15342.3330078125
3.5,4,50C__copper_trial_3,50C,copper,3,37192.601414797544,18197.951171875
3.5,4,50C__copper_trial_4,50C,copper,4,37192.601414797544,12155.4921875
3.5,4,50C__copper_trial_5,50C,copper,5,37192.601414797544,6133.36328125
3.5,4,50C__copper_trial_6,50C,copper,6,37192.601414797544,11907.9677734375
3.5,4,60C__copper_trial_1,60C,copper,1,37192.601414797544,13868.4267578125
3.5,4,60C__copper_trial_2,60C,copper,2,37192.601414797544,19330.78515625
3.5,4,60C__copper_trial_3,60C,copper,3,37192.601414797544,13699.328125
3.5,4,60C__copper_trial_4,60C,copper,4,37192.601414797544,15485.22265625
3.5,4,60C__copper_trial_5,60C,copper,5,37192.601414797544,12332.265625
3.5,4,60C__copper_trial_6,60C,copper,6,37192.601414797544,11077.1904296875
3.5,5,30C__cork_trial_1,30C,cork,1,136.29380029920657,134.24671936035156
3.5,5,30C__cork_trial_2,30C,cork,2,136.29380029920657,55.637733459472656
3.5,5,30C__cork_trial_3,30C,cork,3,136.29380029920657,49.45799255371094
3.5,5,30C__cork_trial_4,30C,cork,4,136.29380029920657,53.42393112182617
3.5,5,30C__cork_trial_5,30C,cork,5,136.29380029920657,94.26114654541016
3.5,5,30C__cork_trial_6,30C,cork,6,136.29380029920657,76.0215835571289
3.5,5,40C__cork_trial_1,40C,cork,1,136.29380029920657,126.64600372314453
3.5,5,40C__cork_trial_2,40C,cork,2,136.29380029920657,157.22396850585938
3.5,5,40C__cork_trial_3,40C,cork,3,136.29380029920657,75.14883422851562
3.5,5,40C__cork_trial_4,40C,cork,4,136.29380029920657,74.12406158447266
3.5,5,40C__cork_trial_5,40C,cork,5,136.29380029920657,113.32754516601562
3.5,5,40C__cork_trial_6,40C,cork,6,136.29380029920657,45.63642883300781
3.5,5,50C__cork_trial_1,50C,cork,1,136.29380029920657,526.053466796875
3.5,5,50C__cork_trial_2,50C,cork,2,136.29380029920657,506.7736511230469
3.5,5,50C__cork_trial_3,50C,cork,3,136.29380029920657,398.2313537597656
3.5,5,50C__cork_trial_4,50C,cork,4,136.29380029920657,210.5214080810547
3.5,5,50C__cork_trial_5,50C,cork,5,136.29380029920657,363.0671691894531
3.5,5,50C__cork_trial_6,50C,cork,6,136.29380029920657,257.495849609375
3.5,5,60C__cork_trial_1,60C,cork,1,136.29380029920657,389.6127624511719
3.5,5,60C__cork_trial_2,60C,cork,2,136.29380029920657,302.6295471191406
3.5,5,60C__cork_trial_3,60C,cork,3,136.29380029920657,357.2447814941406
3.5,5,60C__cork_trial_4,60C,cork,4,136.29380029920657,300.4349670410156
3.5,5,60C__cork_trial_5,60C,cork,5,136.29380029920657,402.4924621582031
3.5,5,60C__cork_trial_6,60C,cork,6,136.29380029920657,411.6800842285156
3.5,6,30C__graphite_trial_1,30C,graphite,1,11367.497525840945,3084.372314453125
3.5,6,30C__graphite_trial_2,30C,graphite,2,11367.497525840945,25105.146484375
3.5,6,30C__graphite_trial_3,30C,graphite,3,11367.497525840945,5658.30322265625
3.5,6,30C__graphite_trial_4,30C,graphite,4,11367.497525840945,5921.79345703125
3.5,6,30C__graphite_trial_5,30C,graphite,5,11367.497525840945,20383.619140625
3.5,6,30C__graphite_trial_6,30C,graphite,6,11367.497525840945,10175.83203125
3.5,6,40C__graphite_trial_1,40C,graphite,1,11367.497525840945,7286.064453125
3.5,6,40C__graphite_trial_2,40C,graphite,2,11367.497525840945,10028.9150390625
3.5,6,40C__graphite_trial_3,40C,graphite,3,11367.497525840945,8490.6591796875
3.5,6,40C__graphite_trial_4,40C,graphite,4,11367.497525840945,12238.71484375
3.5,6,40C__graphite_trial_5,40C,graphite,5,11367.497525840945,16224.4755859375
3.5,6,40C__graphite_trial_6,40C,graphite,6,11367.497525840945,10233.7919921875
3.5,6,50C__graphite_trial_1,50C,graphite,1,11367.497525840945,14490.6435546875
3.5,6,50C__graphite_trial_2,50C,graphite,2,11367.497525840945,2617.59765625
3.5,6,50C__graphite_trial_3,50C,graphite,3,11367.497525840945,6269.53564453125
3.5,6,50C__graphite_trial_4,50C,graphite,4,11367.497525840945,10578.2841796875
3.5,6,50C__graphite_trial_5,50C,graphite,5,11367.497525840945,7758.37744140625
3.5,6,50C__graphite_trial_6,50C,graphite,6,11367.497525840945,12398.142578125
3.5,6,60C__graphite_trial_1,60C,graphite,1,11367.497525840945,8341.884765625
3.5,6,60C__graphite_trial_2,60C,graphite,2,11367.497525840945,17919.25390625
3.5,6,60C__graphite_trial_3,60C,graphite,3,11367.497525840945,13527.671875
3.5,6,60C__graphite_trial_4,60C,graphite,4,11367.497525840945,17888.5703125
3.5,6,60C__graphite_trial_5,60C,graphite,5,11367.497525840945,13176.587890625
3.5,6,60C__graphite_trial_6,60C,graphite,6,11367.497525840945,11469.8984375
3.5,7,30C__gypsum_trial_1,30C,gypsum,1,385.01948002666046,132.35018920898438
3.5,7,30C__gypsum_trial_2,30C,gypsum,2,385.01948002666046,171.07626342773438
3.5,7,30C__gypsum_trial_3,30C,gypsum,3,385.01948002666046,141.54946899414062
3.5,7,30C__gypsum_trial_4,30C,gypsum,4,385.01948002666046,88.67683410644531
3.5,7,30C__gypsum_trial_5,30C,gypsum,5,385.01948002666046,114.8473129272461
3.5,7,30C__gypsum_trial_6,30C,gypsum,6,385.01948002666046,88.05485534667969
3.5,7,40C__gypsum_trial_1,40C,gypsum,1,385.01948002666046,445.5462341308594
3.5,7,40C__gypsum_trial_2,40C,gypsum,2,385.01948002666046,151.9153289794922
3.5,7,40C__gypsum_trial_3,40C,gypsum,3,385.01948002666046,143.83497619628906
3.5,7,40C__gypsum_trial_4,40C,gypsum,4,385.01948002666046,318.7779235839844
3.5,7,40C__gypsum_trial_5,40C,gypsum,5,385.01948002666046,343.2890930175781
3.5,7,40C__gypsum_trial_6,40C,gypsum,6,385.01948002666046,404.9323425292969
3.5,7,50C__gypsum_trial_1,50C,gypsum,1,385.01948002666046,4511.78173828125
3.5,7,50C__gypsum_trial_2,50C,gypsum,2,385.01948002666046,5447.21630859375
3.5,7,50C__gypsum_trial_3,50C,gypsum,3,385.01948002666046,8004.70947265625
3.5,7,50C__gypsum_trial_4,50C,gypsum,4,385.01948002666046,7928.0888671875
3.5,7,50C__gypsum_trial_5,50C,gypsum,5,385.01948002666046,5363.7470703125
3.5,7,50C__gypsum_trial_6,50C,gypsum,6,385.01948002666046,2337.18017578125
3.5,7,60C__gypsum_trial_1,60C,gypsum,1,385.01948002666046,11979.859375
3.5,7,60C__gypsum_trial_2,60C,gypsum,2,385.01948002666046,2593.37060546875
3.5,7,60C__gypsum_trial_3,60C,gypsum,3,385.01948002666046,5368.8349609375
3.5,7,60C__gypsum_trial_4,60C,gypsum,4,385.01948002666046,5040.2421875
3.5,7,60C__gypsum_trial_5,60C,gypsum,5,385.01948002666046,5494.96630859375
3.5,7,60C__gypsum_trial_6,60C,gypsum,6,385.01948002666046,3575.109130859375
3.5,8,30C__iron_trial_1,30C,iron,1,16859.663413010356,8467.7158203125
3.5,8,30C__iron_trial_2,30C,iron,2,16859.663413010356,5222.65283203125
3.5,8,30C__iron_trial_3,30C,iron,3,16859.663413010356,11317.234375
3.5,8,30C__iron_trial_4,30C,iron,4,16859.663413010356,7689.796875
3.5,8,30C__iron_trial_5,30C,iron,5,16859.663413010356,3794.8837890625
3.5,8,30C__iron_trial_6,30C,iron,6,16859.663413010356,7472.30908203125
3.5,8,40C__iron_trial_1,40C,iron,1,16859.663413010356,9490.787109375
3.5,8,40C__iron_trial_2,40C,iron,2,16859.663413010356,4338.216796875
3.5,8,40C__iron_trial_3,40C,iron,3,16859.663413010356,5134.453125
3.5,8,40C__iron_trial_4,40C,iron,4,16859.663413010356,5494.478515625
3.5,8,40C__iron_trial_5,40C,iron,5,16859.663413010356,14464.4638671875
3.5,8,40C__iron_trial_6,40C,iron,6,16859.663413010356,10733.50390625
3.5,8,50C__iron_trial_1,50C,iron,1,16859.663413010356,11666.1494140625
3.5,8,50C__iron_trial_2,50C,iron,2,16859.663413010356,18481.58203125
3.5,8,50C__iron_trial_3,50C,iron,3,16859.663413010356,14635.7314453125
3.5,8,50C__iron_trial_4,50C,iron,4,16859.663413010356,16977.2734375
3.5,8,50C__iron_trial_5,50C,iron,5,16859.663413010356,17512.130859375
3.5,8,50C__iron_trial_6,50C,iron,6,16859.663413010356,21297.533203125
3.5,8,60C__iron_trial_1,60C,iron,1,16859.663413010356,26996.8671875
3.5,8,60C__iron_trial_2,60C,iron,2,16859.663413010356,23092.447265625
3.5,8,60C__iron_trial_3,60C,iron,3,16859.663413010356,16694.279296875
3.5,8,60C__iron_trial_4,60C,iron,4,16859.663413010356,20818.384765625
3.5,8,60C__iron_trial_5,60C,iron,5,16859.663413010356,18627.767578125
3.5,8,60C__iron_trial_6,60C,iron,6,16859.663413010356,21729.0859375
3.5,9,30C__nickel_trial_1,30C,nickel,1,19320.68449098013,9701.9326171875
3.5,9,30C__nickel_trial_2,30C,nickel,2,19320.68449098013,19264.638671875
3.5,9,30C__nickel_trial_3,30C,nickel,3,19320.68449098013,5674.6044921875
3.5,9,30C__nickel_trial_4,30C,nickel,4,19320.68449098013,1036.5972900390625
3.5,9,30C__nickel_trial_5,30C,nickel,5,19320.68449098013,1371.7747802734375
3.5,9,30C__nickel_trial_6,30C,nickel,6,19320.68449098013,13067.7939453125
3.5,9,40C__nickel_trial_1,40C,nickel,1,19320.68449098013,6948.8583984375
3.5,9,40C__nickel_trial_2,40C,nickel,2,19320.68449098013,7491.39111328125
3.5,9,40C__nickel_trial_3,40C,nickel,3,19320.68449098013,7979.173828125
3.5,9,40C__nickel_trial_4,40C,nickel,4,19320.68449098013,12341.619140625
3.5,9,40C__nickel_trial_5,40C,nickel,5,19320.68449098013,10772.8046875
3.5,9,40C__nickel_trial_6,40C,nickel,6,19320.68449098013,13361.033203125
3.5,9,50C__nickel_trial_1,50C,nickel,1,19320.68449098013,15953.6328125
3.5,9,50C__nickel_trial_2,50C,nickel,2,19320.68449098013,14974.345703125
3.5,9,50C__nickel_trial_3,50C,nickel,3,19320.68449098013,15970.927734375
3.5,9,50C__nickel_trial_4,50C,nickel,4,19320.68449098013,17219.318359375
3.5,9,50C__nickel_trial_5,50C,nickel,5,19320.68449098013,7131.35302734375
3.5,9,50C__nickel_trial_6,50C,nickel,6,19320.68449098013,14701.5126953125
3.5,9,60C__nickel_trial_1,60C,nickel,1,19320.68449098013,13941.7919921875
3.5,9,60C__nickel_trial_2,60C,nickel,2,19320.68449098013,13098.876953125
3.5,9,60C__nickel_trial_3,60C,nickel,3,19320.68449098013,9992.8427734375
3.5,9,60C__nickel_trial_4,60C,nickel,4,19320.68449098013,24186.00390625
3.5,9,60C__nickel_trial_5,60C,nickel,5,19320.68449098013,14203.25
3.5,9,60C__nickel_trial_6,60C,nickel,6,19320.68449098013,17872.880859375
3.5,10,30C__pdms_trial_1,30C,pdms,1,460.90129095067635,264.063232421875
3.5,10,30C__pdms_trial_2,30C,pdms,2,460.90129095067635,72.66685485839844
3.5,10,30C__pdms_trial_3,30C,pdms,3,460.90129095067635,183.64776611328125
3.5,10,30C__pdms_trial_4,30C,pdms,4,460.90129095067635,76.95840454101562
3.5,10,30C__pdms_trial_5,30C,pdms,5,460.90129095067635,42.30420684814453
3.5,10,30C__pdms_trial_6,30C,pdms,6,460.90129095067635,37.989418029785156
3.5,10,40C__pdms_trial_1,40C,pdms,1,460.90129095067635,500.2382507324219
3.5,10,40C__pdms_trial_2,40C,pdms,2,460.90129095067635,562.4097900390625
3.5,10,40C__pdms_trial_3,40C,pdms,3,460.90129095067635,488.1025085449219
3.5,10,40C__pdms_trial_4,40C,pdms,4,460.90129095067635,426.8101806640625
3.5,10,40C__pdms_trial_5,40C,pdms,5,460.90129095067635,145.38623046875
3.5,10,40C__pdms_trial_6,40C,pdms,6,460.90129095067635,597.6343383789062
3.5,10,50C__pdms_trial_1,50C,pdms,1,460.90129095067635,171.4802703857422
3.5,10,50C__pdms_trial_2,50C,pdms,2,460.90129095067635,372.13946533203125
3.5,10,50C__pdms_trial_3,50C,pdms,3,460.90129095067635,589.749755859375
3.5,10,50C__pdms_trial_4,50C,pdms,4,460.90129095067635,620.1697387695312
3.5,10,50C__pdms_trial_5,50C,pdms,5,460.90129095067635,453.1202087402344
3.5,10,50C__pdms_trial_6,50C,pdms,6,460.90129095067635,509.7325439453125
3.5,10,60C__pdms_trial_1,60C,pdms,1,460.90129095067635,622.5542602539062
3.5,10,60C__pdms_trial_2,60C,pdms,2,460.90129095067635,546.358154296875
3.5,10,60C__pdms_trial_3,60C,pdms,3,460.90129095067635,699.0336303710938
3.5,10,60C__pdms_trial_4,60C,pdms,4,460.90129095067635,257.76507568359375
3.5,10,60C__pdms_trial_5,60C,pdms,5,460.90129095067635,242.12635803222656
3.5,10,60C__pdms_trial_6,60C,pdms,6,460.90129095067635,213.87411499023438
3.5,11,30C__ps_foam_trial_1,30C,ps_foam,1,34.496376621320685,344.1525573730469
3.5,11,30C__ps_foam_trial_2,30C,ps_foam,2,34.496376621320685,472.75634765625
3.5,11,30C__ps_foam_trial_3,30C,ps_foam,3,34.496376621320685,417.85894775390625
3.5,11,30C__ps_foam_trial_4,30C,ps_foam,4,34.496376621320685,336.2908935546875
3.5,11,30C__ps_foam_trial_5,30C,ps_foam,5,34.496376621320685,416.27252197265625
3.5,11,30C__ps_foam_trial_6,30C,ps_foam,6,34.496376621320685,438.2304992675781
3.5,11,40C__ps_foam_trial_1,40C,ps_foam,1,34.496376621320685,124.70083618164062
3.5,11,40C__ps_foam_trial_2,40C,ps_foam,2,34.496376621320685,130.43211364746094
3.5,11,40C__ps_foam_trial_3,40C,ps_foam,3,34.496376621320685,64.79450225830078
3.5,11,40C__ps_foam_trial_4,40C,ps_foam,4,34.496376621320685,360.42401123046875
3.5,11,40C__ps_foam_trial_5,40C,ps_foam,5,34.496376621320685,115.9219970703125
3.5,11,40C__ps_foam_trial_6,40C,ps_foam,6,34.496376621320685,148.25442504882812
3.5,11,50C__ps_foam_trial_1,50C,ps_foam,1,34.496376621320685,71.6196060180664
3.5,11,50C__ps_foam_trial_2,50C,ps_foam,2,34.496376621320685,71.34986877441406
3.5,11,50C__ps_foam_trial_3,50C,ps_foam,3,34.496376621320685,63.50586700439453
3.5,11,50C__ps_foam_trial_4,50C,ps_foam,4,34.496376621320685,61.104976654052734
3.5,11,50C__ps_foam_trial_5,50C,ps_foam,5,34.496376621320685,145.02906799316406
3.5,11,50C__ps_foam_trial_6,50C,ps_foam,6,34.496376621320685,60.878990173339844
3.5,11,60C__ps_foam_trial_1,60C,ps_foam,1,34.496376621320685,167.77223205566406
3.5,11,60C__ps_foam_trial_2,60C,ps_foam,2,34.496376621320685,142.25555419921875
3.5,11,60C__ps_foam_trial_3,60C,ps_foam,3,34.496376621320685,62.2697639465332
3.5,11,60C__ps_foam_trial_4,60C,ps_foam,4,34.496376621320685,76.01339721679688
3.5,11,60C__ps_foam_trial_5,60C,ps_foam,5,34.496376621320685,62.77858352661133
3.5,11,60C__ps_foam_trial_6,60C,ps_foam,6,34.496376621320685,90.04847717285156
3.5,12,30C__pu_foam_trial_1,30C,pu_foam,1,42.49705872175155,127.57293701171875
3.5,12,30C__pu_foam_trial_2,30C,pu_foam,2,42.49705872175155,53.4196891784668
3.5,12,30C__pu_foam_trial_3,30C,pu_foam,3,42.49705872175155,57.20537567138672
3.5,12,30C__pu_foam_trial_4,30C,pu_foam,4,42.49705872175155,110.2599868774414
3.5,12,30C__pu_foam_trial_5,30C,pu_foam,5,42.49705872175155,85.5879898071289
3.5,12,30C__pu_foam_trial_6,30C,pu_foam,6,42.49705872175155,212.39093017578125
3.5,12,40C__pu_foam_trial_1,40C,pu_foam,1,42.49705872175155,137.43077087402344
3.5,12,40C__pu_foam_trial_2,40C,pu_foam,2,42.49705872175155,164.0113525390625
3.5,12,40C__pu_foam_trial_3,40C,pu_foam,3,42.49705872175155,237.98341369628906
3.5,12,40C__pu_foam_trial_4,40C,pu_foam,4,42.49705872175155,196.20712280273438
3.5,12,40C__pu_foam_trial_5,40C,pu_foam,5,42.49705872175155,179.50152587890625
3.5,12,40C__pu_foam_trial_6,40C,pu_foam,6,42.49705872175155,141.82972717285156
3.5,12,50C__pu_foam_trial_1,50C,pu_foam,1,42.49705872175155,195.1404571533203
3.5,12,50C__pu_foam_trial_2,50C,pu_foam,2,42.49705872175155,121.96393585205078
3.5,12,50C__pu_foam_trial_3,50C,pu_foam,3,42.49705872175155,346.24163818359375
3.5,12,50C__pu_foam_trial_4,50C,pu_foam,4,42.49705872175155,62.635231018066406
3.5,12,50C__pu_foam_trial_5,50C,pu_foam,5,42.49705872175155,58.62910842895508
3.5,12,50C__pu_foam_trial_6,50C,pu_foam,6,42.49705872175155,63.27764129638672
3.5,12,60C__pu_foam_trial_1,60C,pu_foam,1,42.49705872175155,306.45294189453125
3.5,12,60C__pu_foam_trial_2,60C,pu_foam,2,42.49705872175155,287.0046691894531
3.5,12,60C__pu_foam_trial_3,60C,pu_foam,3,42.49705872175155,231.474609375
3.5,12,60C__pu_foam_trial_4,60C,pu_foam,4,42.49705872175155,361.255126953125
3.5,12,60C__pu_foam_trial_5,60C,pu_foam,5,42.49705872175155,275.2920837402344
3.5,12,60C__pu_foam_trial_6,60C,pu_foam,6,42.49705872175155,102.79847717285156
3.5,13,30C__titanium_trial_1,30C,titanium,1,7184.0359269702985,6343.47509765625
3.5,13,30C__titanium_trial_2,30C,titanium,2,7184.0359269702985,9023.431640625
3.5,13,30C__titanium_trial_3,30C,titanium,3,7184.0359269702985,3585.65966796875
3.5,13,30C__titanium_trial_4,30C,titanium,4,7184.0359269702985,3206.352783203125
3.5,13,30C__titanium_trial_5,30C,titanium,5,7184.0359269702985,3202.983642578125
3.5,13,30C__titanium_trial_6,30C,titanium,6,7184.0359269702985,5295.716796875
3.5,13,40C__titanium_trial_1,40C,titanium,1,7184.0359269702985,6998.59228515625
3.5,13,40C__titanium_trial_2,40C,titanium,2,7184.0359269702985,11054.0146484375
3.5,13,40C__titanium_trial_3,40C,titanium,3,7184.0359269702985,5133.400390625
3.5,13,40C__titanium_trial_4,40C,titanium,4,7184.0359269702985,4792.94140625
3.5,13,40C__titanium_trial_5,40C,titanium,5,7184.0359269702985,12773.3740234375
3.5,13,40C__titanium_trial_6,40C,titanium,6,7184.0359269702985,19153.80078125
3.5,13,50C__titanium_trial_1,50C,titanium,1,7184.0359269702985,8463.1298828125
3.5,13,50C__titanium_trial_2,50C,titanium,2,7184.0359269702985,5829.91357421875
3.5,13,50C__titanium_trial_3,50C,titanium,3,7184.0359269702985,14320.03515625
3.5,13,50C__titanium_trial_4,50C,titanium,4,7184.0359269702985,18499.287109375
3.5,13,50C__titanium_trial_5,50C,titanium,5,7184.0359269702985,12257.744140625
3.5,13,50C__titanium_trial_6,50C,titanium,6,7184.0359269702985,15712.3173828125
3.5,13,60C__titanium_trial_1,60C,titanium,1,7184.0359269702985,17918.98046875
3.5,13,60C__titanium_trial_2,60C,titanium,2,7184.0359269702985,17929.544921875
3.5,13,60C__titanium_trial_3,60C,titanium,3,7184.0359269702985,8840.1357421875
3.5,13,60C__titanium_trial_4,60C,titanium,4,7184.0359269702985,12676.7314453125
3.5,13,60C__titanium_trial_5,60C,titanium,5,7184.0359269702985,13344.3759765625
3.5,13,60C__titanium_trial_6,60C,titanium,6,7184.0359269702985,13146.4111328125
3.5,14,30C__wood_trial_1,30C,wood,1,422.49260348555214,61.54594802856445
3.5,14,30C__wood_trial_2,30C,wood,2,422.49260348555214,59.336944580078125
3.5,14,30C__wood_trial_3,30C,wood,3,422.49260348555214,72.74037170410156
3.5,14,30C__wood_trial_4,30C,wood,4,422.49260348555214,73.55564880371094
3.5,14,30C__wood_trial_5,30C,wood,5,422.49260348555214,89.9826889038086
3.5,14,30C__wood_trial_6,30C,wood,6,422.49260348555214,80.85228729248047
3.5,14,40C__wood_trial_1,40C,wood,1,422.49260348555214,141.5389404296875
3.5,14,40C__wood_trial_2,40C,wood,2,422.49260348555214,127.7957992553711
3.5,14,40C__wood_trial_3,40C,wood,3,422.49260348555214,96.28179931640625
3.5,14,40C__wood_trial_4,40C,wood,4,422.49260348555214,125.18155670166016
3.5,14,40C__wood_trial_5,40C,wood,5,422.49260348555214,252.04478454589844
3.5,14,40C__wood_trial_6,40C,wood,6,422.49260348555214,343.93487548828125
3.5,14,50C__wood_trial_1,50C,wood,1,422.49260348555214,196.05136108398438
3.5,14,50C__wood_trial_2,50C,wood,2,422.49260348555214,184.2661895751953
3.5,14,50C__wood_trial_3,50C,wood,3,422.49260348555214,207.87039184570312
3.5,14,50C__wood_trial_4,50C,wood,4,422.49260348555214,184.6825714111328
3.5,14,50C__wood_trial_5,50C,wood,5,422.49260348555214,143.4127197265625
3.5,14,50C__wood_trial_6,50C,wood,6,422.49260348555214,163.41961669921875
3.5,14,60C__wood_trial_1,60C,wood,1,422.49260348555214,2469.551513671875
3.5,14,60C__wood_trial_2,60C,wood,2,422.49260348555214,20483.181640625
3.5,14,60C__wood_trial_3,60C,wood,3,422.49260348555214,15290.9853515625
3.5,14,60C__wood_trial_4,60C,wood,4,422.49260348555214,11661.978515625
3.5,14,60C__wood_trial_5,60C,wood,5,422.49260348555214,10139.2890625
3.5,14,60C__wood_trial_6,60C,wood,6,422.49260348555214,5297.35400390625
4.0,1,30C__aluminum_trial_1,30C,aluminum,1,23958.09466547789,3962.990478515625
4.0,1,30C__aluminum_trial_2,30C,aluminum,2,23958.09466547789,20641.103515625
4.0,1,30C__aluminum_trial_3,30C,aluminum,3,23958.09466547789,16291.8642578125
4.0,1,30C__aluminum_trial_4,30C,aluminum,4,23958.09466547789,4964.30078125
4.0,1,30C__aluminum_trial_5,30C,aluminum,5,23958.09466547789,9542.66015625
4.0,1,30C__aluminum_trial_6,30C,aluminum,6,23958.09466547789,23958.833984375
4.0,1,40C__aluminum_trial_1,40C,aluminum,1,23958.09466547789,24632.349609375
4.0,1,40C__aluminum_trial_2,40C,aluminum,2,23958.09466547789,10240.685546875
4.0,1,40C__aluminum_trial_3,40C,aluminum,3,23958.09466547789,17960.642578125
4.0,1,40C__aluminum_trial_4,40C,aluminum,4,23958.09466547789,15259.4736328125
4.0,1,40C__aluminum_trial_5,40C,aluminum,5,23958.09466547789,15164.9658203125
4.0,1,40C__aluminum_trial_6,40C,aluminum,6,23958.09466547789,14494.1123046875
4.0,1,50C__aluminum_trial_1,50C,aluminum,1,23958.09466547789,18315.02734375
4.0,1,50C__aluminum_trial_2,50C,aluminum,2,23958.09466547789,15524.2763671875
4.0,1,50C__aluminum_trial_3,50C,aluminum,3,23958.09466547789,16029.9228515625
4.0,1,50C__aluminum_trial_4,50C,aluminum,4,23958.09466547789,19466.822265625
4.0,1,50C__aluminum_trial_5,50C,aluminum,5,23958.09466547789,10603.072265625
4.0,1,50C__aluminum_trial_6,50C,aluminum,6,23958.09466547789,17544.244140625
4.0,1,60C__aluminum_trial_1,60C,aluminum,1,23958.09466547789,15377.3154296875
4.0,1,60C__aluminum_trial_2,60C,aluminum,2,23958.09466547789,23019.7734375
4.0,1,60C__aluminum_trial_3,60C,aluminum,3,23958.09466547789,21188.111328125
4.0,1,60C__aluminum_trial_4,60C,aluminum,4,23958.09466547789,19185.447265625
4.0,1,60C__aluminum_trial_5,60C,aluminum,5,23958.09466547789,22306.328125
4.0,1,60C__aluminum_trial_6,60C,aluminum,6,23958.09466547789,18868.400390625
4.0,2,30C__bismuth_trial_1,30C,bismuth,1,3209.1026783199068,13763.97265625
4.0,2,30C__bismuth_trial_2,30C,bismuth,2,3209.1026783199068,3583.65576171875
4.0,2,30C__bismuth_trial_3,30C,bismuth,3,3209.1026783199068,5758.7998046875
4.0,2,30C__bismuth_trial_4,30C,bismuth,4,3209.1026783199068,3311.5498046875
4.0,2,30C__bismuth_trial_5,30C,bismuth,5,3209.1026783199068,4042.607666015625
4.0,2,30C__bismuth_trial_6,30C,bismuth,6,3209.1026783199068,6605.0244140625
4.0,2,40C__bismuth_trial_1,40C,bismuth,1,3209.1026783199068,15133.7861328125
4.0,2,40C__bismuth_trial_2,40C,bismuth,2,3209.1026783199068,16867.783203125
4.0,2,40C__bismuth_trial_3,40C,bismuth,3,3209.1026783199068,11199.08984375
4.0,2,40C__bismuth_trial_4,40C,bismuth,4,3209.1026783199068,13497.373046875
4.0,2,40C__bismuth_trial_5,40C,bismuth,5,3209.1026783199068,12492.2685546875
4.0,2,40C__bismuth_trial_6,40C,bismuth,6,3209.1026783199068,15947.6240234375
4.0,2,50C__bismuth_trial_1,50C,bismuth,1,3209.1026783199068,10645.2353515625
4.0,2,50C__bismuth_trial_2,50C,bismuth,2,3209.1026783199068,15348.7578125
4.0,2,50C__bismuth_trial_3,50C,bismuth,3,3209.1026783199068,11472.8525390625
4.0,2,50C__bismuth_trial_4,50C,bismuth,4,3209.1026783199068,12698.9609375
4.0,2,50C__bismuth_trial_5,50C,bismuth,5,3209.1026783199068,12311.9453125
4.0,2,50C__bismuth_trial_6,50C,bismuth,6,3209.1026783199068,13479.7099609375
4.0,2,60C__bismuth_trial_1,60C,bismuth,1,3209.1026783199068,15168.19140625
4.0,2,60C__bismuth_trial_2,60C,bismuth,2,3209.1026783199068,12463.599609375
4.0,2,60C__bismuth_trial_3,60C,bismuth,3,3209.1026783199068,15722.5859375
4.0,2,60C__bismuth_trial_4,60C,bismuth,4,3209.1026783199068,18325.212890625
4.0,2,60C__bismuth_trial_5,60C,bismuth,5,3209.1026783199068,12806.5654296875
4.0,2,60C__bismuth_trial_6,60C,bismuth,6,3209.1026783199068,12527.5732421875
4.0,3,30C__cement_trial_1,30C,cement,1,559.6427431853289,441.6013488769531
4.0,3,30C__cement_trial_2,30C,cement,2,559.6427431853289,333.2828063964844
4.0,3,30C__cement_trial_3,30C,cement,3,559.6427431853289,420.66571044921875
4.0,3,30C__cement_trial_4,30C,cement,4,559.6427431853289,316.1695861816406
4.0,3,30C__cement_trial_5,30C,cement,5,559.6427431853289,424.06610107421875
4.0,3,30C__cement_trial_6,30C,cement,6,559.6427431853289,298.11029052734375
4.0,3,40C__cement_trial_1,40C,cement,1,559.6427431853289,389.88385009765625
4.0,3,40C__cement_trial_2,40C,cement,2,559.6427431853289,928.8394775390625
4.0,3,40C__cement_trial_3,40C,cement,3,559.6427431853289,584.3399658203125
4.0,3,40C__cement_trial_4,40C,cement,4,559.6427431853289,336.286865234375
4.0,3,40C__cement_trial_5,40C,cement,5,559.6427431853289,1568.739501953125
4.0,3,40C__cement_trial_6,40C,cement,6,559.6427431853289,3581.786376953125
4.0,3,50C__cement_trial_1,50C,cement,1,559.6427431853289,497.2652282714844
4.0,3,50C__cement_trial_2,50C,cement,2,559.6427431853289,817.3395385742188
4.0,3,50C__cement_trial_3,50C,cement,3,559.6427431853289,752.2982177734375
4.0,3,50C__cement_trial_4,50C,cement,4,559.6427431853289,867.749267578125
4.0,3,50C__cement_trial_5,50C,cement,5,559.6427431853289,503.46783447265625
4.0,3,50C__cement_trial_6,50C,cement,6,559.6427431853289,405.646240234375
4.0,3,60C__cement_trial_1,60C,cement,1,559.6427431853289,14364.3544921875
4.0,3,60C__cement_trial_2,60C,cement,2,559.6427431853289,11942.41796875
4.0,3,60C__cement_trial_3,60C,cement,3,559.6427431853289,10534.9697265625
4.0,3,60C__cement_trial_4,60C,cement,4,559.6427431853289,11408.94140625
4.0,3,60C__cement_trial_5,60C,cement,5,559.6427431853289,12069.8310546875
4.0,3,60C__cement_trial_6,60C,cement,6,559.6427431853289,12478.7412109375
4.0,4,30C__copper_trial_1,30C,copper,1,37192.601414797544,8888.19921875
4.0,4,30C__copper_trial_2,30C,copper,2,37192.601414797544,10653.4013671875
4.0,4,30C__copper_trial_3,30C,copper,3,37192.601414797544,14260.693359375
4.0,4,30C__copper_trial_4,30C,copper,4,37192.601414797544,10547.8994140625
4.0,4,30C__copper_trial_5,30C,copper,5,37192.601414797544,12198.521484375
4.0,4,30C__copper_trial_6,30C,copper,6,37192.601414797544,4815.11083984375
4.0,4,40C__copper_trial_1,40C,copper,1,37192.601414797544,15703.3134765625
4.0,4,40C__copper_trial_2,40C,copper,2,37192.601414797544,10817.1083984375
4.0,4,40C__copper_trial_3,40C,copper,3,37192.601414797544,12342.7734375
4.0,4,40C__copper_trial_4,40C,copper,4,37192.601414797544,12917.927734375
4.0,4,40C__copper_trial_5,40C,copper,5,37192.601414797544,13299.029296875
4.0,4,40C__copper_trial_6,40C,copper,6,37192.601414797544,12558.353515625
4.0,4,50C__copper_trial_1,50C,copper,1,37192.601414797544,8540.822265625
4.0,4,50C__copper_trial_2,50C,copper,2,37192.601414797544,11754.763671875
4.0,4,50C__copper_trial_3,50C,copper,3,37192.601414797544,9584.1806640625
4.0,4,50C__copper_trial_4,50C,copper,4,37192.601414797544,15310.3505859375
4.0,4,50C__copper_trial_5,50C,copper,5,37192.601414797544,8196.107421875
4.0,4,50C__copper_trial_6,50C,copper,6,37192.601414797544,11159.9580078125
4.0,4,60C__copper_trial_1,60C,copper,1,37192.601414797544,12940.494140625
4.0,4,60C__copper_trial_2,60C,copper,2,37192.601414797544,16938.701171875
4.0,4,60C__copper_trial_3,60C,copper,3,37192.601414797544,10709.2900390625
4.0,4,60C__copper_trial_4,60C,copper,4,37192.601414797544,12214.3662109375
4.0,4,60C__copper_trial_5,60C,copper,5,37192.601414797544,13188.8466796875
4.0,4,60C__copper_trial_6,60C,copper,6,37192.601414797544,8659.009765625
4.0,5,30C__cork_trial_1,30C,cork,1,136.29380029920657,89.47698211669922
4.0,5,30C__cork_trial_2,30C,cork,2,136.29380029920657,36.85854721069336
4.0,5,30C__cork_trial_3,30C,cork,3,136.29380029920657,56.646602630615234
4.0,5,30C__cork_trial_4,30C,cork,4,136.29380029920657,40.73119354248047
4.0,5,30C__cork_trial_5,30C,cork,5,136.29380029920657,85.64312744140625
4.0,5,30C__cork_trial_6,30C,cork,6,136.29380029920657,64.05750274658203
4.0,5,40C__cork_trial_1,40C,cork,1,136.29380029920657,72.55298614501953
4.0,5,40C__cork_trial_2,40C,cork,2,136.29380029920657,98.55093383789062
4.0,5,40C__cork_trial_3,40C,cork,3,136.29380029920657,72.21199798583984
4.0,5,40C__cork_trial_4,40C,cork,4,136.29380029920657,51.30406951904297
4.0,5,40C__cork_trial_5,40C,cork,5,136.29380029920657,122.30406951904297
4.0,5,40C__cork_trial_6,40C,cork,6,136.29380029920657,34.7974739074707
4.0,5,50C__cork_trial_1,50C,cork,1,136.29380029920657,392.39697265625
4.0,5,50C__cork_trial_2,50C,cork,2,136.29380029920657,415.1722717285156
4.0,5,50C__cork_trial_3,50C,cork,3,136.29380029920657,509.52557373046875
4.0,5,50C__cork_trial_4,50C,cork,4,136.29380029920657,174.7467498779297
4.0,5,50C__cork_trial_5,50C,cork,5,136.29380029920657,376.6798095703125
4.0,5,50C__cork_trial_6,50C,cork,6,136.29380029920657,278.48333740234375
4.0,5,60C__cork_trial_1,60C,cork,1,136.29380029920657,406.5963134765625
4.0,5,60C__cork_trial_2,60C,cork,2,136.29380029920657,295.6445007324219
4.0,5,60C__cork_trial_3,60C,cork,3,136.29380029920657,392.14324951171875
4.0,5,60C__cork_trial_4,60C,cork,4,136.29380029920657,303.3051452636719
4.0,5,60C__cork_trial_5,60C,cork,5,136.29380029920657,345.3633728027344
4.0,5,60C__cork_trial_6,60C,cork,6,136.29380029920657,420.7029113769531
4.0,6,30C__graphite_trial_1,30C,graphite,1,11367.497525840945,6405.19873046875
4.0,6,30C__graphite_trial_2,30C,graphite,2,11367.497525840945,13851.6650390625
4.0,6,30C__graphite_trial_3,30C,graphite,3,11367.497525840945,8918.7529296875
4.0,6,30C__graphite_trial_4,30C,graphite,4,11367.497525840945,7930.19873046875
4.0,6,30C__graphite_trial_5,30C,graphite,5,11367.497525840945,20193.93359375
4.0,6,30C__graphite_trial_6,30C,graphite,6,11367.497525840945,11211.326171875
4.0,6,40C__graphite_trial_1,40C,graphite,1,11367.497525840945,7464.78662109375
4.0,6,40C__graphite_trial_2,40C,graphite,2,11367.497525840945,12974.88671875
4.0,6,40C__graphite_trial_3,40C,graphite,3,11367.497525840945,9920.7265625
4.0,6,40C__graphite_trial_4,40C,graphite,4,11367.497525840945,17255.107421875
4.0,6,40C__graphite_trial_5,40C,graphite,5,11367.497525840945,17429.701171875
4.0,6,40C__graphite_trial_6,40C,graphite,6,11367.497525840945,8560.166015625
4.0,6,50C__graphite_trial_1,50C,graphite,1,11367.497525840945,10408.25
4.0,6,50C__graphite_trial_2,50C,graphite,2,11367.497525840945,12412.9443359375
4.0,6,50C__graphite_trial_3,50C,graphite,3,11367.497525840945,12808.837890625
4.0,6,50C__graphite_trial_4,50C,graphite,4,11367.497525840945,14237.8076171875
4.0,6,50C__graphite_trial_5,50C,graphite,5,11367.497525840945,6160.49755859375
4.0,6,50C__graphite_trial_6,50C,graphite,6,11367.497525840945,10435.31640625
4.0,6,60C__graphite_trial_1,60C,graphite,1,11367.497525840945,7763.70751953125
4.0,6,60C__graphite_trial_2,60C,graphite,2,11367.497525840945,13406.705078125
4.0,6,60C__graphite_trial_3,60C,graphite,3,11367.497525840945,11026.478515625
4.0,6,60C__graphite_trial_4,60C,graphite,4,11367.497525840945,17691.197265625
4.0,6,60C__graphite_trial_5,60C,graphite,5,11367.497525840945,14129.7490234375
4.0,6,60C__graphite_trial_6,60C,graphite,6,11367.497525840945,9641.0791015625
4.0,7,30C__gypsum_trial_1,30C,gypsum,1,385.01948002666046,162.97450256347656
4.0,7,30C__gypsum_trial_2,30C,gypsum,2,385.01948002666046,270.4049377441406
4.0,7,30C__gypsum_trial_3,30C,gypsum,3,385.01948002666046,160.41468811035156
4.0,7,30C__gypsum_trial_4,30C,gypsum,4,385.01948002666046,101.5582275390625
4.0,7,30C__gypsum_trial_5,30C,gypsum,5,385.01948002666046,102.14645385742188
4.0,7,30C__gypsum_trial_6,30C,gypsum,6,385.01948002666046,132.37155151367188
4.0,7,40C__gypsum_trial_1,40C,gypsum,1,385.01948002666046,304.34454345703125
4.0,7,40C__gypsum_trial_2,40C,gypsum,2,385.01948002666046,205.39248657226562
4.0,7,40C__gypsum_trial_3,40C,gypsum,3,385.01948002666046,137.75479125976562
4.0,7,40C__gypsum_trial_4,40C,gypsum,4,385.01948002666046,326.83831787109375
4.0,7,40C__gypsum_trial_5,40C,gypsum,5,385.01948002666046,689.9898071289062
4.0,7,40C__gypsum_trial_6,40C,gypsum,6,385.01948002666046,448.0271301269531
4.0,7,50C__gypsum_trial_1,50C,gypsum,1,385.01948002666046,4940.9443359375
4.0,7,50C__gypsum_trial_2,50C,gypsum,2,385.01948002666046,5188.21875
4.0,7,50C__gypsum_trial_3,50C,gypsum,3,385.01948002666046,3401.1279296875
4.0,7,50C__gypsum_trial_4,50C,gypsum,4,385.01948002666046,4001.543701171875
4.0,7,50C__gypsum_trial_5,50C,gypsum,5,385.01948002666046,4124.701171875
4.0,7,50C__gypsum_trial_6,50C,gypsum,6,385.01948002666046,1049.4576416015625
4.0,7,60C__gypsum_trial_1,60C,gypsum,1,385.01948002666046,13743.6669921875
4.0,7,60C__gypsum_trial_2,60C,gypsum,2,385.01948002666046,7987.76318359375
4.0,7,60C__gypsum_trial_3,60C,gypsum,3,385.01948002666046,8841.8388671875
4.0,7,60C__gypsum_trial_4,60C,gypsum,4,385.01948002666046,7526.52783203125
4.0,7,60C__gypsum_trial_5,60C,gypsum,5,385.01948002666046,8038.73388671875
4.0,7,60C__gypsum_trial_6,60C,gypsum,6,385.01948002666046,7786.28857421875
4.0,8,30C__iron_trial_1,30C,iron,1,16859.663413010356,10524.474609375
4.0,8,30C__iron_trial_2,30C,iron,2,16859.663413010356,7875.75341796875
4.0,8,30C__iron_trial_3,30C,iron,3,16859.663413010356,11583.9365234375
4.0,8,30C__iron_trial_4,30C,iron,4,16859.663413010356,9991.9658203125
4.0,8,30C__iron_trial_5,30C,iron,5,16859.663413010356,7834.666015625
4.0,8,30C__iron_trial_6,30C,iron,6,16859.663413010356,7692.50341796875
4.0,8,40C__iron_trial_1,40C,iron,1,16859.663413010356,5995.685546875
4.0,8,40C__iron_trial_2,40C,iron,2,16859.663413010356,3425.10791015625
4.0,8,40C__iron_trial_3,40C,iron,3,16859.663413010356,4640.05322265625
4.0,8,40C__iron_trial_4,40C,iron,4,16859.663413010356,7768.9814453125
4.0,8,40C__iron_trial_5,40C,iron,5,16859.663413010356,17358.134765625
4.0,8,40C__iron_trial_6,40C,iron,6,16859.663413010356,13326.125
4.0,8,50C__iron_trial_1,50C,iron,1,16859.663413010356,13466.1025390625
4.0,8,50C__iron_trial_2,50C,iron,2,16859.663413010356,13088.599609375
4.0,8,50C__iron_trial_3,50C,iron,3,16859.663413010356,9320.275390625
4.0,8,50C__iron_trial_4,50C,iron,4,16859.663413010356,13797.48828125
4.0,8,50C__iron_trial_5,50C,iron,5,16859.663413010356,12499.4306640625
4.0,8,50C__iron_trial_6,50C,iron,6,16859.663413010356,18193.404296875
4.0,8,60C__iron_trial_1,60C,iron,1,16859.663413010356,23410.92578125
4.0,8,60C__iron_trial_2,60C,iron,2,16859.663413010356,22654.548828125
4.0,8,60C__iron_trial_3,60C,iron,3,16859.663413010356,10003.322265625
4.0,8,60C__iron_trial_4,60C,iron,4,16859.663413010356,22602.83984375
4.0,8,60C__iron_trial_5,60C,iron,5,16859.663413010356,18253.95703125
4.0,8,60C__iron_trial_6,60C,iron,6,16859.663413010356,21032.94140625
4.0,9,30C__nickel_trial_1,30C,nickel,1,19320.68449098013,16377.5478515625
4.0,9,30C__nickel_trial_2,30C,nickel,2,19320.68449098013,7386.89794921875
4.0,9,30C__nickel_trial_3,30C,nickel,3,19320.68449098013,7249.9609375
4.0,9,30C__nickel_trial_4,30C,nickel,4,19320.68449098013,2206.291748046875
4.0,9,30C__nickel_trial_5,30C,nickel,5,19320.68449098013,1261.5072021484375
4.0,9,30C__nickel_trial_6,30C,nickel,6,19320.68449098013,20131.341796875
4.0,9,40C__nickel_trial_1,40C,nickel,1,19320.68449098013,4270.3447265625
4.0,9,40C__nickel_trial_2,40C,nickel,2,19320.68449098013,5797.2080078125
4.0,9,40C__nickel_trial_3,40C,nickel,3,19320.68449098013,8518.24609375
4.0,9,40C__nickel_trial_4,40C,nickel,4,19320.68449098013,12604.888671875
4.0,9,40C__nickel_trial_5,40C,nickel,5,19320.68449098013,8581.0771484375
4.0,9,40C__nickel_trial_6,40C,nickel,6,19320.68449098013,11369.87890625
4.0,9,50C__nickel_trial_1,50C,nickel,1,19320.68449098013,11326.671875
4.0,9,50C__nickel_trial_2,50C,nickel,2,19320.68449098013,10971.9169921875
4.0,9,50C__nickel_trial_3,50C,nickel,3,19320.68449098013,15540.8232421875
4.0,9,50C__nickel_trial_4,50C,nickel,4,19320.68449098013,22097.234375
4.0,9,50C__nickel_trial_5,50C,nickel,5,19320.68449098013,7701.36474609375
4.0,9,50C__nickel_trial_6,50C,nickel,6,19320.68449098013,13226.7509765625
4.0,9,60C__nickel_trial_1,60C,nickel,1,19320.68449098013,12465.14453125
4.0,9,60C__nickel_trial_2,60C,nickel,2,19320.68449098013,13094.6298828125
4.0,9,60C__nickel_trial_3,60C,nickel,3,19320.68449098013,12754.857421875
4.0,9,60C__nickel_trial_4,60C,nickel,4,19320.68449098013,24522.11328125
4.0,9,60C__nickel_trial_5,60C,nickel,5,19320.68449098013,19554.296875
4.0,9,60C__nickel_trial_6,60C,nickel,6,19320.68449098013,15117.0810546875
4.0,10,30C__pdms_trial_1,30C,pdms,1,460.90129095067635,158.72352600097656
4.0,10,30C__pdms_trial_2,30C,pdms,2,460.90129095067635,81.04630279541016
4.0,10,30C__pdms_trial_3,30C,pdms,3,460.90129095067635,173.84976196289062
4.0,10,30C__pdms_trial_4,30C,pdms,4,460.90129095067635,90.14378356933594
4.0,10,30C__pdms_trial_5,30C,pdms,5,460.90129095067635,37.123878479003906
4.0,10,30C__pdms_trial_6,30C,pdms,6,460.90129095067635,48.457618713378906
4.0,10,40C__pdms_trial_1,40C,pdms,1,460.90129095067635,355.5324401855469
4.0,10,40C__pdms_trial_2,40C,pdms,2,460.90129095067635,480.5052185058594
4.0,10,40C__pdms_trial_3,40C,pdms,3,460.90129095067635,352.9463806152344
4.0,10,40C__pdms_trial_4,40C,pdms,4,460.90129095067635,474.21795654296875
4.0,10,40C__pdms_trial_5,40C,pdms,5,460.90129095067635,131.20196533203125
4.0,10,40C__pdms_trial_6,40C,pdms,6,460.90129095067635,512.0181274414062
4.0,10,50C__pdms_trial_1,50C,pdms,1,460.90129095067635,187.72926330566406
4.0,10,50C__pdms_trial_2,50C,pdms,2,460.90129095067635,200.1729278564453
4.0,10,50C__pdms_trial_3,50C,pdms,3,460.90129095067635,504.26153564453125
4.0,10,50C__pdms_trial_4,50C,pdms,4,460.90129095067635,504.3037109375
4.0,10,50C__pdms_trial_5,50C,pdms,5,460.90129095067635,318.02630615234375
4.0,10,50C__pdms_trial_6,50C,pdms,6,460.90129095067635,622.8611450195312
4.0,10,60C__pdms_trial_1,60C,pdms,1,460.90129095067635,847.7000122070312
4.0,10,60C__pdms_trial_2,60C,pdms,2,460.90129095067635,564.0739135742188
4.0,10,60C__pdms_trial_3,60C,pdms,3,460.90129095067635,517.7593383789062
4.0,10,60C__pdms_trial_4,60C,pdms,4,460.90129095067635,256.10797119140625
4.0,10,60C__pdms_trial_5,60C,pdms,5,460.90129095067635,184.5086669921875
4.0,10,60C__pdms_trial_6,60C,pdms,6,460.90129095067635,264.8570251464844
4.0,11,30C__ps_foam_trial_1,30C,ps_foam,1,34.496376621320685,459.6633605957031
4.0,11,30C__ps_foam_trial_2,30C,ps_foam,2,34.496376621320685,476.25537109375
4.0,11,30C__ps_foam_trial_3,30C,ps_foam,3,34.496376621320685,406.7347106933594
4.0,11,30C__ps_foam_trial_4,30C,ps_foam,4,34.496376621320685,509.4695739746094
4.0,11,30C__ps_foam_trial_5,30C,ps_foam,5,34.496376621320685,492.6070556640625
4.0,11,30C__ps_foam_trial_6,30C,ps_foam,6,34.496376621320685,549.45556640625
4.0,11,40C__ps_foam_trial_1,40C,ps_foam,1,34.496376621320685,66.21011352539062
4.0,11,40C__ps_foam_trial_2,40C,ps_foam,2,34.496376621320685,101.05516815185547
4.0,11,40C__ps_foam_trial_3,40C,ps_foam,3,34.496376621320685,74.45614624023438
4.0,11,40C__ps_foam_trial_4,40C,ps_foam,4,34.496376621320685,285.1355285644531
4.0,11,40C__ps_foam_trial_5,40C,ps_foam,5,34.496376621320685,103.78871154785156
4.0,11,40C__ps_foam_trial_6,40C,ps_foam,6,34.496376621320685,134.871337890625
4.0,11,50C__ps_foam_trial_1,50C,ps_foam,1,34.496376621320685,84.01426696777344
4.0,11,50C__ps_foam_trial_2,50C,ps_foam,2,34.496376621320685,54.790367126464844
4.0,11,50C__ps_foam_trial_3,50C,ps_foam,3,34.496376621320685,60.06611251831055
4.0,11,50C__ps_foam_trial_4,50C,ps_foam,4,34.496376621320685,88.11705017089844
4.0,11,50C__ps_foam_trial_5,50C,ps_foam,5,34.496376621320685,154.86790466308594
4.0,11,50C__ps_foam_trial_6,50C,ps_foam,6,34.496376621320685,87.86978149414062
4.0,11,60C__ps_foam_trial_1,60C,ps_foam,1,34.496376621320685,155.19808959960938
4.0,11,60C__ps_foam_trial_2,60C,ps_foam,2,34.496376621320685,188.12664794921875
4.0,11,60C__ps_foam_trial_3,60C,ps_foam,3,34.496376621320685,74.58824157714844
4.0,11,60C__ps_foam_trial_4,60C,ps_foam,4,34.496376621320685,75.93092346191406
4.0,11,60C__ps_foam_trial_5,60C,ps_foam,5,34.496376621320685,81.46956634521484
4.0,11,60C__ps_foam_trial_6,60C,ps_foam,6,34.496376621320685,93.65729522705078
4.0,12,30C__pu_foam_trial_1,30C,pu_foam,1,42.49705872175155,102.70996856689453
4.0,12,30C__pu_foam_trial_2,30C,pu_foam,2,42.49705872175155,44.701053619384766
4.0,12,30C__pu_foam_trial_3,30C,pu_foam,3,42.49705872175155,64.07289123535156
4.0,12,30C__pu_foam_trial_4,30C,pu_foam,4,42.49705872175155,84.20870971679688
4.0,12,30C__pu_foam_trial_5,30C,pu_foam,5,42.49705872175155,92.69499969482422
4.0,12,30C__pu_foam_trial_6,30C,pu_foam,6,42.49705872175155,157.8896026611328
4.0,12,40C__pu_foam_trial_1,40C,pu_foam,1,42.49705872175155,108.32462310791016
4.0,12,40C__pu_foam_trial_2,40C,pu_foam,2,42.49705872175155,150.17063903808594
4.0,12,40C__pu_foam_trial_3,40C,pu_foam,3,42.49705872175155,272.5962219238281
4.0,12,40C__pu_foam_trial_4,40C,pu_foam,4,42.49705872175155,279.5851135253906
4.0,12,40C__pu_foam_trial_5,40C,pu_foam,5,42.49705872175155,85.98722076416016
4.0,12,40C__pu_foam_trial_6,40C,pu_foam,6,42.49705872175155,124.82262420654297
4.0,12,50C__pu_foam_trial_1,50C,pu_foam,1,42.49705872175155,217.85169982910156
4.0,12,50C__pu_foam_trial_2,50C,pu_foam,2,42.49705872175155,210.3737030029297
4.0,12,50C__pu_foam_trial_3,50C,pu_foam,3,42.49705872175155,275.151123046875
4.0,12,50C__pu_foam_trial_4,50C,pu_foam,4,42.49705872175155,173.62013244628906
4.0,12,50C__pu_foam_trial_5,50C,pu_foam,5,42.49705872175155,121.40676879882812
4.0,12,50C__pu_foam_trial_6,50C,pu_foam,6,42.49705872175155,119.0447006225586
4.0,12,60C__pu_foam_trial_1,60C,pu_foam,1,42.49705872175155,245.75881958007812
4.0,12,60C__pu_foam_trial_2,60C,pu_foam,2,42.49705872175155,210.3979034423828
4.0,12,60C__pu_foam_trial_3,60C,pu_foam,3,42.49705872175155,222.95948791503906
4.0,12,60C__pu_foam_trial_4,60C,pu_foam,4,42.49705872175155,348.1175537109375
4.0,12,60C__pu_foam_trial_5,60C,pu_foam,5,42.49705872175155,198.52650451660156
4.0,12,60C__pu_foam_trial_6,60C,pu_foam,6,42.49705872175155,161.54010009765625
4.0,13,30C__titanium_trial_1,30C,titanium,1,7184.0359269702985,5927.427734375
4.0,13,30C__titanium_trial_2,30C,titanium,2,7184.0359269702985,14475.4072265625
4.0,13,30C__titanium_trial_3,30C,titanium,3,7184.0359269702985,4337.80322265625
4.0,13,30C__titanium_trial_4,30C,titanium,4,7184.0359269702985,4045.36572265625
4.0,13,30C__titanium_trial_5,30C,titanium,5,7184.0359269702985,1237.05322265625
4.0,13,30C__titanium_trial_6,30C,titanium,6,7184.0359269702985,2466.42236328125
4.0,13,40C__titanium_trial_1,40C,titanium,1,7184.0359269702985,9768.525390625
4.0,13,40C__titanium_trial_2,40C,titanium,2,7184.0359269702985,9769.140625
4.0,13,40C__titanium_trial_3,40C,titanium,3,7184.0359269702985,5882.43115234375
4.0,13,40C__titanium_trial_4,40C,titanium,4,7184.0359269702985,6761.2431640625
4.0,13,40C__titanium_trial_5,40C,titanium,5,7184.0359269702985,11370.7578125
4.0,13,40C__titanium_trial_6,40C,titanium,6,7184.0359269702985,16550.427734375
4.0,13,50C__titanium_trial_1,50C,titanium,1,7184.0359269702985,7783.48193359375
4.0,13,50C__titanium_trial_2,50C,titanium,2,7184.0359269702985,8099.67333984375
4.0,13,50C__titanium_trial_3,50C,titanium,3,7184.0359269702985,16807.62890625
4.0,13,50C__titanium_trial_4,50C,titanium,4,7184.0359269702985,21649.158203125
4.0,13,50C__titanium_trial_5,50C,titanium,5,7184.0359269702985,14500.7490234375
4.0,13,50C__titanium_trial_6,50C,titanium,6,7184.0359269702985,20246.869140625
4.0,13,60C__titanium_trial_1,60C,titanium,1,7184.0359269702985,15688.5986328125
4.0,13,60C__titanium_trial_2,60C,titanium,2,7184.0359269702985,15381.61328125
4.0,13,60C__titanium_trial_3,60C,titanium,3,7184.0359269702985,11469.55859375
4.0,13,60C__titanium_trial_4,60C,titanium,4,7184.0359269702985,10854.685546875
4.0,13,60C__titanium_trial_5,60C,titanium,5,7184.0359269702985,11049.9248046875
4.0,13,60C__titanium_trial_6,60C,titanium,6,7184.0359269702985,10583.3505859375
4.0,14,30C__wood_trial_1,30C,wood,1,422.49260348555214,56.30131912231445
4.0,14,30C__wood_trial_2,30C,wood,2,422.49260348555214,82.11832427978516
4.0,14,30C__wood_trial_3,30C,wood,3,422.49260348555214,78.78308868408203
4.0,14,30C__wood_trial_4,30C,wood,4,422.49260348555214,64.45042419433594
4.0,14,30C__wood_trial_5,30C,wood,5,422.49260348555214,111.69351196289062
4.0,14,30C__wood_trial_6,30C,wood,6,422.49260348555214,105.92678833007812
4.0,14,40C__wood_trial_1,40C,wood,1,422.49260348555214,162.88851928710938
4.0,14,40C__wood_trial_2,40C,wood,2,422.49260348555214,108.23770141601562
4.0,14,40C__wood_trial_3,40C,wood,3,422.49260348555214,82.01031494140625
4.0,14,40C__wood_trial_4,40C,wood,4,422.49260348555214,106.82721710205078
4.0,14,40C__wood_trial_5,40C,wood,5,422.49260348555214,224.724853515625
4.0,14,40C__wood_trial_6,40C,wood,6,422.49260348555214,393.3760681152344
4.0,14,50C__wood_trial_1,50C,wood,1,422.49260348555214,173.24966430664062
4.0,14,50C__wood_trial_2,50C,wood,2,422.49260348555214,218.68292236328125
4.0,14,50C__wood_trial_3,50C,wood,3,422.49260348555214,306.6632385253906
4.0,14,50C__wood_trial_4,50C,wood,4,422.49260348555214,155.65481567382812
4.0,14,50C__wood_trial_5,50C,wood,5,422.49260348555214,258.69671630859375
4.0,14,50C__wood_trial_6,50C,wood,6,422.49260348555214,149.8092803955078
4.0,14,60C__wood_trial_1,60C,wood,1,422.49260348555214,4130.43359375
4.0,14,60C__wood_trial_2,60C,wood,2,422.49260348555214,19861.07421875
4.0,14,60C__wood_trial_3,60C,wood,3,422.49260348555214,14630.275390625
4.0,14,60C__wood_trial_4,60C,wood,4,422.49260348555214,11558.5751953125
4.0,14,60C__wood_trial_5,60C,wood,5,422.49260348555214,12140.001953125
4.0,14,60C__wood_trial_6,60C,wood,6,422.49260348555214,5884.45166015625
4.5,1,30C__aluminum_trial_1,30C,aluminum,1,23958.09466547789,5185.6064453125
4.5,1,30C__aluminum_trial_2,30C,aluminum,2,23958.09466547789,10007.7880859375
4.5,1,30C__aluminum_trial_3,30C,aluminum,3,23958.09466547789,12745.67578125
4.5,1,30C__aluminum_trial_4,30C,aluminum,4,23958.09466547789,2205.2509765625
4.5,1,30C__aluminum_trial_5,30C,aluminum,5,23958.09466547789,9547.767578125
4.5,1,30C__aluminum_trial_6,30C,aluminum,6,23958.09466547789,18974.509765625
4.5,1,40C__aluminum_trial_1,40C,aluminum,1,23958.09466547789,22071.033203125
4.5,1,40C__aluminum_trial_2,40C,aluminum,2,23958.09466547789,12463.587890625
4.5,1,40C__aluminum_trial_3,40C,aluminum,3,23958.09466547789,20066.818359375
4.5,1,40C__aluminum_trial_4,40C,aluminum,4,23958.09466547789,12983.7509765625
4.5,1,40C__aluminum_trial_5,40C,aluminum,5,23958.09466547789,12717.869140625
4.5,1,40C__aluminum_trial_6,40C,aluminum,6,23958.09466547789,15375.1005859375
4.5,1,50C__aluminum_trial_1,50C,aluminum,1,23958.09466547789,13950.583984375
4.5,1,50C__aluminum_trial_2,50C,aluminum,2,23958.09466547789,17206.64453125
4.5,1,50C__aluminum_trial_3,50C,aluminum,3,23958.09466547789,13648.115234375
4.5,1,50C__aluminum_trial_4,50C,aluminum,4,23958.09466547789,24297.34765625
4.5,1,50C__aluminum_trial_5,50C,aluminum,5,23958.09466547789,12204.2587890625
4.5,1,50C__aluminum_trial_6,50C,aluminum,6,23958.09466547789,19408.853515625
4.5,1,60C__aluminum_trial_1,60C,aluminum,1,23958.09466547789,17343.705078125
4.5,1,60C__aluminum_trial_2,60C,aluminum,2,23958.09466547789,20948.8203125
4.5,1,60C__aluminum_trial_3,60C,aluminum,3,23958.09466547789,23694.716796875
4.5,1,60C__aluminum_trial_4,60C,aluminum,4,23958.09466547789,21797.478515625
4.5,1,60C__aluminum_trial_5,60C,aluminum,5,23958.09466547789,22109.8828125
4.5,1,60C__aluminum_trial_6,60C,aluminum,6,23958.09466547789,23927.025390625
4.5,2,30C__bismuth_trial_1,30C,bismuth,1,3209.1026783199068,17085.373046875
4.5,2,30C__bismuth_trial_2,30C,bismuth,2,3209.1026783199068,3963.45556640625
4.5,2,30C__bismuth_trial_3,30C,bismuth,3,3209.1026783199068,4408.853515625
4.5,2,30C__bismuth_trial_4,30C,bismuth,4,3209.1026783199068,2833.791748046875
4.5,2,30C__bismuth_trial_5,30C,bismuth,5,3209.1026783199068,3886.10498046875
4.5,2,30C__bismuth_trial_6,30C,bismuth,6,3209.1026783199068,14337.705078125
4.5,2,40C__bismuth_trial_1,40C,bismuth,1,3209.1026783199068,19381.865234375
4.5,2,40C__bismuth_trial_2,40C,bismuth,2,3209.1026783199068,15438.4462890625
4.5,2,40C__bismuth_trial_3,40C,bismuth,3,3209.1026783199068,11583.638671875
4.5,2,40C__bismuth_trial_4,40C,bismuth,4,3209.1026783199068,13483.001953125
4.5,2,40C__bismuth_trial_5,40C,bismuth,5,3209.1026783199068,14949.1748046875
4.5,2,40C__bismuth_trial_6,40C,bismuth,6,3209.1026783199068,15507.8056640625
4.5,2,50C__bismuth_trial_1,50C,bismuth,1,3209.1026783199068,9353.3935546875
4.5,2,50C__bismuth_trial_2,50C,bismuth,2,3209.1026783199068,13120.845703125
4.5,2,50C__bismuth_trial_3,50C,bismuth,3,3209.1026783199068,9972.552734375
4.5,2,50C__bismuth_trial_4,50C,bismuth,4,3209.1026783199068,13764.208984375
4.5,2,50C__bismuth_trial_5,50C,bismuth,5,3209.1026783199068,13246.7099609375
4.5,2,50C__bismuth_trial_6,50C,bismuth,6,3209.1026783199068,13678.8701171875
4.5,2,60C__bismuth_trial_1,60C,bismuth,1,3209.1026783199068,13887.314453125
4.5,2,60C__bismuth_trial_2,60C,bismuth,2,3209.1026783199068,12393.9814453125
4.5,2,60C__bismuth_trial_3,60C,bismuth,3,3209.1026783199068,14236.9248046875
4.5,2,60C__bismuth_trial_4,60C,bismuth,4,3209.1026783199068,13711.419921875
4.5,2,60C__bismuth_trial_5,60C,bismuth,5,3209.1026783199068,15310.3505859375
4.5,2,60C__bismuth_trial_6,60C,bismuth,6,3209.1026783199068,11005.759765625
4.5,3,30C__cement_trial_1,30C,cement,1,559.6427431853289,447.78076171875
4.5,3,30C__cement_trial_2,30C,cement,2,559.6427431853289,353.04510498046875
4.5,3,30C__cement_trial_3,30C,cement,3,559.6427431853289,402.7113037109375
4.5,3,30C__cement_trial_4,30C,cement,4,559.6427431853289,418.3641662597656
4.5,3,30C__cement_trial_5,30C,cement,5,559.6427431853289,356.4468994140625
4.5,3,30C__cement_trial_6,30C,cement,6,559.6427431853289,442.79095458984375
4.5,3,40C__cement_trial_1,40C,cement,1,559.6427431853289,559.1537475585938
4.5,3,40C__cement_trial_2,40C,cement,2,559.6427431853289,950.150390625
4.5,3,40C__cement_trial_3,40C,cement,3,559.6427431853289,581.605224609375
4.5,3,40C__cement_trial_4,40C,cement,4,559.6427431853289,225.19720458984375
4.5,3,40C__cement_trial_5,40C,cement,5,559.6427431853289,1106.793701171875
4.5,3,40C__cement_trial_6,40C,cement,6,559.6427431853289,1491.943603515625
4.5,3,50C__cement_trial_1,50C,cement,1,559.6427431853289,757.8904418945312
4.5,3,50C__cement_trial_2,50C,cement,2,559.6427431853289,814.9879760742188
4.5,3,50C__cement_trial_3,50C,cement,3,559.6427431853289,514.0139770507812
4.5,3,50C__cement_trial_4,50C,cement,4,559.6427431853289,730.930419921875
4.5,3,50C__cement_trial_5,50C,cement,5,559.6427431853289,543.074462890625
4.5,3,50C__cement_trial_6,50C,cement,6,559.6427431853289,451.87701416015625
4.5,3,60C__cement_trial_1,60C,cement,1,559.6427431853289,15370.013671875
4.5,3,60C__cement_trial_2,60C,cement,2,559.6427431853289,14036.734375
4.5,3,60C__cement_trial_3,60C,cement,3,559.6427431853289,14396.1455078125
4.5,3,60C__cement_trial_4,60C,cement,4,559.6427431853289,13609.5107421875
4.5,3,60C__cement_trial_5,60C,cement,5,559.6427431853289,13250.1220703125
4.5,3,60C__cement_trial_6,60C,cement,6,559.6427431853289,8188.79345703125
4.5,4,30C__copper_trial_1,30C,copper,1,37192.601414797544,13819.138671875
4.5,4,30C__copper_trial_2,30C,copper,2,37192.601414797544,6475.2568359375
4.5,4,30C__copper_trial_3,30C,copper,3,37192.601414797544,16424.537109375
4.5,4,30C__copper_trial_4,30C,copper,4,37192.601414797544,8984.6748046875
4.5,4,30C__copper_trial_5,30C,copper,5,37192.601414797544,14824.515625
4.5,4,30C__copper_trial_6,30C,copper,6,37192.601414797544,4001.707763671875
4.5,4,40C__copper_trial_1,40C,copper,1,37192.601414797544,14005.2421875
4.5,4,40C__copper_trial_2,40C,copper,2,37192.601414797544,7218.53125
4.5,4,40C__copper_trial_3,40C,copper,3,37192.601414797544,8377.341796875
4.5,4,40C__copper_trial_4,40C,copper,4,37192.601414797544,13274.4072265625
4.5,4,40C__copper_trial_5,40C,copper,5,37192.601414797544,12727.6494140625
4.5,4,40C__copper_trial_6,40C,copper,6,37192.601414797544,12134.966796875
4.5,4,50C__copper_trial_1,50C,copper,1,37192.601414797544,8455.7626953125
4.5,4,50C__copper_trial_2,50C,copper,2,37192.601414797544,14555.3837890625
4.5,4,50C__copper_trial_3,50C,copper,3,37192.601414797544,11648.7939453125
4.5,4,50C__copper_trial_4,50C,copper,4,37192.601414797544,16974.037109375
4.5,4,50C__copper_trial_5,50C,copper,5,37192.601414797544,8688.1044921875
4.5,4,50C__copper_trial_6,50C,copper,6,37192.601414797544,12370.255859375
4.5,4,60C__copper_trial_1,60C,copper,1,37192.601414797544,11118.5234375
4.5,4,60C__copper_trial_2,60C,copper,2,37192.601414797544,17158.3671875
4.5,4,60C__copper_trial_3,60C,copper,3,37192.601414797544,14012.443359375
4.5,4,60C__copper_trial_4,60C,copper,4,37192.601414797544,15841.3896484375
4.5,4,60C__copper_trial_5,60C,copper,5,37192.601414797544,11526.759765625
4.5,4,60C__copper_trial_6,60C,copper,6,37192.601414797544,6856.357421875
4.5,5,30C__cork_trial_1,30C,cork,1,136.29380029920657,91.9433822631836
4.5,5,30C__cork_trial_2,30C,cork,2,136.29380029920657,34.496376621320685
4.5,5,30C__cork_trial_3,30C,cork,3,136.29380029920657,55.43336486816406
4.5,5,30C__cork_trial_4,30C,cork,4,136.29380029920657,41.49782180786133
4.5,5,30C__cork_trial_5,30C,cork,5,136.29380029920657,85.5940170288086
4.5,5,30C__cork_trial_6,30C,cork,6,136.29380029920657,82.62061309814453
4.5,5,40C__cork_trial_1,40C,cork,1,136.29380029920657,106.49024963378906
4.5,5,40C__cork_trial_2,40C,cork,2,136.29380029920657,98.632568359375
4.5,5,40C__cork_trial_3,40C,cork,3,136.29380029920657,77.33427429199219
4.5,5,40C__cork_trial_4,40C,cork,4,136.29380029920657,92.11847686767578
4.5,5,40C__cork_trial_5,40C,cork,5,136.29380029920657,175.73545837402344
4.5,5,40C__cork_trial_6,40C,cork,6,136.29380029920657,50.41063690185547
4.5,5,50C__cork_trial_1,50C,cork,1,136.29380029920657,419.3040771484375
4.5,5,50C__cork_trial_2,50C,cork,2,136.29380029920657,447.0663757324219
4.5,5,50C__cork_trial_3,50C,cork,3,136.29380029920657,429.7787780761719
4.5,5,50C__cork_trial_4,50C,cork,4,136.29380029920657,156.42144775390625
4.5,5,50C__cork_trial_5,50C,cork,5,136.29380029920657,486.2191467285156
4.5,5,50C__cork_trial_6,50C,cork,6,136.29380029920657,237.23135375976562
4.5,5,60C__cork_trial_1,60C,cork,1,136.29380029920657,387.2422180175781
4.5,5,60C__cork_trial_2,60C,cork,2,136.29380029920657,315.5709533691406
4.5,5,60C__cork_trial_3,60C,cork,3,136.29380029920657,406.5395812988281
4.5,5,60C__cork_trial_4,60C,cork,4,136.29380029920657,296.7880554199219
4.5,5,60C__cork_trial_5,60C,cork,5,136.29380029920657,339.99139404296875
4.5,5,60C__cork_trial_6,60C,cork,6,136.29380029920657,400.8232116699219
4.5,6,30C__graphite_trial_1,30C,graphite,1,11367.497525840945,4225.55712890625
4.5,6,30C__graphite_trial_2,30C,graphite,2,11367.497525840945,17643.427734375
4.5,6,30C__graphite_trial_3,30C,graphite,3,11367.497525840945,6114.7822265625
4.5,6,30C__graphite_trial_4,30C,graphite,4,11367.497525840945,5388.7158203125
4.5,6,30C__graphite_trial_5,30C,graphite,5,11367.497525840945,20432.978515625
4.5,6,30C__graphite_trial_6,30C,graphite,6,11367.497525840945,18047.35546875
4.5,6,40C__graphite_trial_1,40C,graphite,1,11367.497525840945,9762.443359375
4.5,6,40C__graphite_trial_2,40C,graphite,2,11367.497525840945,12664.923828125
4.5,6,40C__graphite_trial_3,40C,graphite,3,11367.497525840945,8309.3828125
4.5,6,40C__graphite_trial_4,40C,graphite,4,11367.497525840945,15700.5283203125
4.5,6,40C__graphite_trial_5,40C,graphite,5,11367.497525840945,16558.57421875
4.5,6,40C__graphite_trial_6,40C,graphite,6,11367.497525840945,12238.0380859375
4.5,6,50C__graphite_trial_1,50C,graphite,1,11367.497525840945,10784.0927734375
4.5,6,50C__graphite_trial_2,50C,graphite,2,11367.497525840945,12733.9267578125
4.5,6,50C__graphite_trial_3,50C,graphite,3,11367.497525840945,9775.7763671875
4.5,6,50C__graphite_trial_4,50C,graphite,4,11367.497525840945,10586.9443359375
4.5,6,50C__graphite_trial_5,50C,graphite,5,11367.497525840945,6459.1259765625
4.5,6,50C__graphite_trial_6,50C,graphite,6,11367.497525840945,10189.0693359375
4.5,6,60C__graphite_trial_1,60C,graphite,1,11367.497525840945,5565.958984375
4.5,6,60C__graphite_trial_2,60C,graphite,2,11367.497525840945,14698.9609375
4.5,6,60C__graphite_trial_3,60C,graphite,3,11367.497525840945,13013.6904296875
4.5,6,60C__graphite_trial_4,60C,graphite,4,11367.497525840945,9980.8408203125
4.5,6,60C__graphite_trial_5,60C,graphite,5,11367.497525840945,12236.4736328125
4.5,6,60C__graphite_trial_6,60C,graphite,6,11367.497525840945,12964.64453125
4.5,7,30C__gypsum_trial_1,30C,gypsum,1,385.01948002666046,122.26838684082031
4.5,7,30C__gypsum_trial_2,30C,gypsum,2,385.01948002666046,255.8137969970703
4.5,7,30C__gypsum_trial_3,30C,gypsum,3,385.01948002666046,110.07424926757812
4.5,7,30C__gypsum_trial_4,30C,gypsum,4,385.01948002666046,69.33212280273438
4.5,7,30C__gypsum_trial_5,30C,gypsum,5,385.01948002666046,119.66692352294922
4.5,7,30C__gypsum_trial_6,30C,gypsum,6,385.01948002666046,69.73886108398438
4.5,7,40C__gypsum_trial_1,40C,gypsum,1,385.01948002666046,333.5494384765625
4.5,7,40C__gypsum_trial_2,40C,gypsum,2,385.01948002666046,149.60137939453125
4.5,7,40C__gypsum_trial_3,40C,gypsum,3,385.01948002666046,205.1478729248047
4.5,7,40C__gypsum_trial_4,40C,gypsum,4,385.01948002666046,372.2417907714844
4.5,7,40C__gypsum_trial_5,40C,gypsum,5,385.01948002666046,649.9539184570312
4.5,7,40C__gypsum_trial_6,40C,gypsum,6,385.01948002666046,474.55682373046875
4.5,7,50C__gypsum_trial_1,50C,gypsum,1,385.01948002666046,3679.07568359375
4.5,7,50C__gypsum_trial_2,50C,gypsum,2,385.01948002666046,1630.551025390625
4.5,7,50C__gypsum_trial_3,50C,gypsum,3,385.01948002666046,4787.35302734375
4.5,7,50C__gypsum_trial_4,50C,gypsum,4,385.01948002666046,5484.27880859375
4.5,7,50C__gypsum_trial_5,50C,gypsum,5,385.01948002666046,3717.391357421875
4.5,7,50C__gypsum_trial_6,50C,gypsum,6,385.01948002666046,2501.873779296875
4.5,7,60C__gypsum_trial_1,60C,gypsum,1,385.01948002666046,10078.0283203125
4.5,7,60C__gypsum_trial_2,60C,gypsum,2,385.01948002666046,6209.45654296875
4.5,7,60C__gypsum_trial_3,60C,gypsum,3,385.01948002666046,5462.904296875
4.5,7,60C__gypsum_trial_4,60C,gypsum,4,385.01948002666046,5869.20458984375
4.5,7,60C__gypsum_trial_5,60C,gypsum,5,385.01948002666046,6001.5673828125
4.5,7,60C__gypsum_trial_6,60C,gypsum,6,385.01948002666046,6084.029296875
4.5,8,30C__iron_trial_1,30C,iron,1,16859.663413010356,9750.59765625
4.5,8,30C__iron_trial_2,30C,iron,2,16859.663413010356,4289.75830078125
4.5,8,30C__iron_trial_3,30C,iron,3,16859.663413010356,12293.8642578125
4.5,8,30C__iron_trial_4,30C,iron,4,16859.663413010356,20852.5625
4.5,8,30C__iron_trial_5,30C,iron,5,16859.663413010356,6242.09375
4.5,8,30C__iron_trial_6,30C,iron,6,16859.663413010356,6599.5205078125
4.5,8,40C__iron_trial_1,40C,iron,1,16859.663413010356,9710.263671875
4.5,8,40C__iron_trial_2,40C,iron,2,16859.663413010356,3355.795166015625
4.5,8,40C__iron_trial_3,40C,iron,3,16859.663413010356,5646.89990234375
4.5,8,40C__iron_trial_4,40C,iron,4,16859.663413010356,12106.9443359375
4.5,8,40C__iron_trial_5,40C,iron,5,16859.663413010356,12805.955078125
4.5,8,40C__iron_trial_6,40C,iron,6,16859.663413010356,10239.1328125
4.5,8,50C__iron_trial_1,50C,iron,1,16859.663413010356,13886.9443359375
4.5,8,50C__iron_trial_2,50C,iron,2,16859.663413010356,17989.6484375
4.5,8,50C__iron_trial_3,50C,iron,3,16859.663413010356,12255.1611328125
4.5,8,50C__iron_trial_4,50C,iron,4,16859.663413010356,14146.185546875
4.5,8,50C__iron_trial_5,50C,iron,5,16859.663413010356,15324.111328125
4.5,8,50C__iron_trial_6,50C,iron,6,16859.663413010356,14608.927734375
4.5,8,60C__iron_trial_1,60C,iron,1,16859.663413010356,21223.30078125
4.5,8,60C__iron_trial_2,60C,iron,2,16859.663413010356,24747.0703125
4.5,8,60C__iron_trial_3,60C,iron,3,16859.663413010356,11820.2734375
4.5,8,60C__iron_trial_4,60C,iron,4,16859.663413010356,25145.283203125
4.5,8,60C__iron_trial_5,60C,iron,5,16859.663413010356,19580.3671875
4.5,8,60C__iron_trial_6,60C,iron,6,16859.663413010356,19448.83984375
4.5,9,30C__nickel_trial_1,30C,nickel,1,19320.68449098013,7096.83544921875
4.5,9,30C__nickel_trial_2,30C,nickel,2,19320.68449098013,14975.759765625
4.5,9,30C__nickel_trial_3,30C,nickel,3,19320.68449098013,8231.337890625
4.5,9,30C__nickel_trial_4,30C,nickel,4,19320.68449098013,1352.8216552734375
4.5,9,30C__nickel_trial_5,30C,nickel,5,19320.68449098013,2244.658203125
4.5,9,30C__nickel_trial_6,30C,nickel,6,19320.68449098013,22435.4921875
4.5,9,40C__nickel_trial_1,40C,nickel,1,19320.68449098013,5841.814453125
4.5,9,40C__nickel_trial_2,40C,nickel,2,19320.68449098013,6063.27197265625
4.5,9,40C__nickel_trial_3,40C,nickel,3,19320.68449098013,14266.12109375
4.5,9,40C__nickel_trial_4,40C,nickel,4,19320.68449098013,15715.8388671875
4.5,9,40C__nickel_trial_5,40C,nickel,5,19320.68449098013,11703.2490234375
4.5,9,40C__nickel_trial_6,40C,nickel,6,19320.68449098013,16228.359375
4.5,9,50C__nickel_trial_1,50C,nickel,1,19320.68449098013,13501.609375
4.5,9,50C__nickel_trial_2,50C,nickel,2,19320.68449098013,14260.5302734375
4.5,9,50C__nickel_trial_3,50C,nickel,3,19320.68449098013,10261.197265625
4.5,9,50C__nickel_trial_4,50C,nickel,4,19320.68449098013,16670.68359375
4.5,9,50C__nickel_trial_5,50C,nickel,5,19320.68449098013,9149.3349609375
4.5,9,50C__nickel_trial_6,50C,nickel,6,19320.68449098013,13324.8662109375
4.5,9,60C__nickel_trial_1,60C,nickel,1,19320.68449098013,13654.5087890625
4.5,9,60C__nickel_trial_2,60C,nickel,2,19320.68449098013,13248.365234375
4.5,9,60C__nickel_trial_3,60C,nickel,3,19320.68449098013,12564.7158203125
4.5,9,60C__nickel_trial_4,60C,nickel,4,19320.68449098013,20900.40625
4.5,9,60C__nickel_trial_5,60C,nickel,5,19320.68449098013,18315.65625
4.5,9,60C__nickel_trial_6,60C,nickel,6,19320.68449098013,13803.384765625
4.5,10,30C__pdms_trial_1,30C,pdms,1,460.90129095067635,224.86029052734375
4.5,10,30C__pdms_trial_2,30C,pdms,2,460.90129095067635,54.85030746459961
4.5,10,30C__pdms_trial_3,30C,pdms,3,460.90129095067635,182.24044799804688
4.5,10,30C__pdms_trial_4,30C,pdms,4,460.90129095067635,91.69535064697266
4.5,10,30C__pdms_trial_5,30C,pdms,5,460.90129095067635,60.512962341308594
4.5,10,30C__pdms_trial_6,30C,pdms,6,460.90129095067635,51.23028564453125
4.5,10,40C__pdms_trial_1,40C,pdms,1,460.90129095067635,406.5683288574219
4.5,10,40C__pdms_trial_2,40C,pdms,2,460.90129095067635,365.9315185546875
4.5,10,40C__pdms_trial_3,40C,pdms,3,460.90129095067635,374.5085754394531
4.5,10,40C__pdms_trial_4,40C,pdms,4,460.90129095067635,359.3383483886719
4.5,10,40C__pdms_trial_5,40C,pdms,5,460.90129095067635,98.01691436767578
4.5,10,40C__pdms_trial_6,40C,pdms,6,460.90129095067635,425.138427734375
4.5,10,50C__pdms_trial_1,50C,pdms,1,460.90129095067635,253.50559997558594
4.5,10,50C__pdms_trial_2,50C,pdms,2,460.90129095067635,250.77908325195312
4.5,10,50C__pdms_trial_3,50C,pdms,3,460.90129095067635,457.027099609375
4.5,10,50C__pdms_trial_4,50C,pdms,4,460.90129095067635,471.3988037109375
4.5,10,50C__pdms_trial_5,50C,pdms,5,460.90129095067635,292.831298828125
4.5,10,50C__pdms_trial_6,50C,pdms,6,460.90129095067635,600.5068359375
4.5,10,60C__pdms_trial_1,60C,pdms,1,460.90129095067635,467.3717956542969
4.5,10,60C__pdms_trial_2,60C,pdms,2,460.90129095067635,497.6466979980469
4.5,10,60C__pdms_trial_3,60C,pdms,3,460.90129095067635,482.7328796386719
4.5,10,60C__pdms_trial_4,60C,pdms,4,460.90129095067635,300.22015380859375
4.5,10,60C__pdms_trial_5,60C,pdms,5,460.90129095067635,232.08554077148438
4.5,10,60C__pdms_trial_6,60C,pdms,6,460.90129095067635,299.2125244140625
4.5,11,30C__ps_foam_trial_1,30C,ps_foam,1,34.496376621320685,457.1417541503906
4.5,11,30C__ps_foam_trial_2,30C,ps_foam,2,34.496376621320685,384.42095947265625
4.5,11,30C__ps_foam_trial_3,30C,ps_foam,3,34.496376621320685,399.45367431640625
4.5,11,30C__ps_foam_trial_4,30C,ps_foam,4,34.496376621320685,423.4904479980469
4.5,11,30C__ps_foam_trial_5,30C,ps_foam,5,34.496376621320685,466.3876953125
4.5,11,30C__ps_foam_trial_6,30C,ps_foam,6,34.496376621320685,452.73773193359375
4.5,11,40C__ps_foam_trial_1,40C,ps_foam,1,34.496376621320685,83.510986328125
4.5,11,40C__ps_foam_trial_2,40C,ps_foam,2,34.496376621320685,118.1604995727539
4.5,11,40C__ps_foam_trial_3,40C,ps_foam,3,34.496376621320685,73.22030639648438
4.5,11,40C__ps_foam_trial_4,40C,ps_foam,4,34.496376621320685,300.29656982421875
4.5,11,40C__ps_foam_trial_5,40C,ps_foam,5,34.496376621320685,85.72315216064453
4.5,11,40C__ps_foam_trial_6,40C,ps_foam,6,34.496376621320685,163.41592407226562
4.5,11,50C__ps_foam_trial_1,50C,ps_foam,1,34.496376621320685,85.06640625
4.5,11,50C__ps_foam_trial_2,50C,ps_foam,2,34.496376621320685,50.79058837890625
4.5,11,50C__ps_foam_trial_3,50C,ps_foam,3,34.496376621320685,65.60391235351562
4.5,11,50C__ps_foam_trial_4,50C,ps_foam,4,34.496376621320685,79.91261291503906
4.5,11,50C__ps_foam_trial_5,50C,ps_foam,5,34.496376621320685,187.5664520263672
4.5,11,50C__ps_foam_trial_6,50C,ps_foam,6,34.496376621320685,57.378875732421875
4.5,11,60C__ps_foam_trial_1,60C,ps_foam,1,34.496376621320685,126.34712982177734
4.5,11,60C__ps_foam_trial_2,60C,ps_foam,2,34.496376621320685,227.7749481201172
4.5,11,60C__ps_foam_trial_3,60C,ps_foam,3,34.496376621320685,90.84785461425781
4.5,11,60C__ps_foam_trial_4,60C,ps_foam,4,34.496376621320685,95.26197052001953
4.5,11,60C__ps_foam_trial_5,60C,ps_foam,5,34.496376621320685,62.55938720703125
4.5,11,60C__ps_foam_trial_6,60C,ps_foam,6,34.496376621320685,116.80667114257812
4.5,12,30C__pu_foam_trial_1,30C,pu_foam,1,42.49705872175155,118.74987030029297
4.5,12,30C__pu_foam_trial_2,30C,pu_foam,2,42.49705872175155,40.69211959838867
4.5,12,30C__pu_foam_trial_3,30C,pu_foam,3,42.49705872175155,52.02425003051758
4.5,12,30C__pu_foam_trial_4,30C,pu_foam,4,42.49705872175155,56.46226119995117
4.5,12,30C__pu_foam_trial_5,30C,pu_foam,5,42.49705872175155,76.91365814208984
4.5,12,30C__pu_foam_trial_6,30C,pu_foam,6,42.49705872175155,112.24111938476562
4.5,12,40C__pu_foam_trial_1,40C,pu_foam,1,42.49705872175155,125.95376586914062
4.5,12,40C__pu_foam_trial_2,40C,pu_foam,2,42.49705872175155,110.25245666503906
4.5,12,40C__pu_foam_trial_3,40C,pu_foam,3,42.49705872175155,208.3590850830078
4.5,12,40C__pu_foam_trial_4,40C,pu_foam,4,42.49705872175155,185.8637237548828
4.5,12,40C__pu_foam_trial_5,40C,pu_foam,5,42.49705872175155,50.980064392089844
4.5,12,40C__pu_foam_trial_6,40C,pu_foam,6,42.49705872175155,112.49925231933594
4.5,12,50C__pu_foam_trial_1,50C,pu_foam,1,42.49705872175155,205.66783142089844
4.5,12,50C__pu_foam_trial_2,50C,pu_foam,2,42.49705872175155,150.6721649169922
4.5,12,50C__pu_foam_trial_3,50C,pu_foam,3,42.49705872175155,374.3134460449219
4.5,12,50C__pu_foam_trial_4,50C,pu_foam,4,42.49705872175155,85.37091827392578
4.5,12,50C__pu_foam_trial_5,50C,pu_foam,5,42.49705872175155,75.37410736083984
4.5,12,50C__pu_foam_trial_6,50C,pu_foam,6,42.49705872175155,56.533599853515625
4.5,12,60C__pu_foam_trial_1,60C,pu_foam,1,42.49705872175155,212.928955078125
4.5,12,60C__pu_foam_trial_2,60C,pu_foam,2,42.49705872175155,133.34397888183594
4.5,12,60C__pu_foam_trial_3,60C,pu_foam,3,42.49705872175155,272.0221252441406
4.5,12,60C__pu_foam_trial_4,60C,pu_foam,4,42.49705872175155,384.1312561035156
4.5,12,60C__pu_foam_trial_5,60C,pu_foam,5,42.49705872175155,238.9072265625
4.5,12,60C__pu_foam_trial_6,60C,pu_foam,6,42.49705872175155,137.20144653320312
4.5,13,30C__titanium_trial_1,30C,titanium,1,7184.0359269702985,1236.09375
4.5,13,30C__titanium_trial_2,30C,titanium,2,7184.0359269702985,8133.767578125
4.5,13,30C__titanium_trial_3,30C,titanium,3,7184.0359269702985,2707.114501953125
4.5,13,30C__titanium_trial_4,30C,titanium,4,7184.0359269702985,3135.02880859375
4.5,13,30C__titanium_trial_5,30C,titanium,5,7184.0359269702985,1451.088134765625
4.5,13,30C__titanium_trial_6,30C,titanium,6,7184.0359269702985,1399.32568359375
4.5,13,40C__titanium_trial_1,40C,titanium,1,7184.0359269702985,7005.52490234375
4.5,13,40C__titanium_trial_2,40C,titanium,2,7184.0359269702985,9866.5439453125
4.5,13,40C__titanium_trial_3,40C,titanium,3,7184.0359269702985,6455.31982421875
4.5,13,40C__titanium_trial_4,40C,titanium,4,7184.0359269702985,6349.62548828125
4.5,13,40C__titanium_trial_5,40C,titanium,5,7184.0359269702985,11490.2421875
4.5,13,40C__titanium_trial_6,40C,titanium,6,7184.0359269702985,18801.91796875
4.5,13,50C__titanium_trial_1,50C,titanium,1,7184.0359269702985,8127.462890625
4.5,13,50C__titanium_trial_2,50C,titanium,2,7184.0359269702985,4866.71240234375
4.5,13,50C__titanium_trial_3,50C,titanium,3,7184.0359269702985,13083.9189453125
4.5,13,50C__titanium_trial_4,50C,titanium,4,7184.0359269702985,12060.44140625
4.5,13,50C__titanium_trial_5,50C,titanium,5,7184.0359269702985,12686.7705078125
4.5,13,50C__titanium_trial_6,50C,titanium,6,7184.0359269702985,14297.7900390625
4.5,13,60C__titanium_trial_1,60C,titanium,1,7184.0359269702985,16325.974609375
4.5,13,60C__titanium_trial_2,60C,titanium,2,7184.0359269702985,13876.1806640625
4.5,13,60C__titanium_trial_3,60C,titanium,3,7184.0359269702985,12680.3349609375
4.5,13,60C__titanium_trial_4,60C,titanium,4,7184.0359269702985,8525.2607421875
4.5,13,60C__titanium_trial_5,60C,titanium,5,7184.0359269702985,9420.478515625
4.5,13,60C__titanium_trial_6,60C,titanium,6,7184.0359269702985,10312.40234375
4.5,14,30C__wood_trial_1,30C,wood,1,422.49260348555214,50.18337631225586
4.5,14,30C__wood_trial_2,30C,wood,2,422.49260348555214,83.25531768798828
4.5,14,30C__wood_trial_3,30C,wood,3,422.49260348555214,91.67656707763672
4.5,14,30C__wood_trial_4,30C,wood,4,422.49260348555214,59.3648567199707
4.5,14,30C__wood_trial_5,30C,wood,5,422.49260348555214,102.85689544677734
4.5,14,30C__wood_trial_6,30C,wood,6,422.49260348555214,112.07406616210938
4.5,14,40C__wood_trial_1,40C,wood,1,422.49260348555214,194.5870819091797
4.5,14,40C__wood_trial_2,40C,wood,2,422.49260348555214,128.40203857421875
4.5,14,40C__wood_trial_3,40C,wood,3,422.49260348555214,105.50849914550781
4.5,14,40C__wood_trial_4,40C,wood,4,422.49260348555214,133.41099548339844
4.5,14,40C__wood_trial_5,40C,wood,5,422.49260348555214,274.20452880859375
4.5,14,40C__wood_trial_6,40C,wood,6,422.49260348555214,322.55755615234375
4.5,14,50C__wood_trial_1,50C,wood,1,422.49260348555214,307.05108642578125
4.5,14,50C__wood_trial_2,50C,wood,2,422.49260348555214,237.08656311035156
4.5,14,50C__wood_trial_3,50C,wood,3,422.49260348555214,380.78753662109375
4.5,14,50C__wood_trial_4,50C,wood,4,422.49260348555214,234.497314453125
4.5,14,50C__wood_trial_5,50C,wood,5,422.49260348555214,224.82562255859375
4.5,14,50C__wood_trial_6,50C,wood,6,422.49260348555214,168.98776245117188
4.5,14,60C__wood_trial_1,60C,wood,1,422.49260348555214,2920.47705078125
4.5,14,60C__wood_trial_2,60C,wood,2,422.49260348555214,21903.3828125
4.5,14,60C__wood_trial_3,60C,wood,3,422.49260348555214,16018.4765625
4.5,14,60C__wood_trial_4,60C,wood,4,422.49260348555214,13655.380859375
4.5,14,60C__wood_trial_5,60C,wood,5,422.49260348555214,10434.6201171875
4.5,14,60C__wood_trial_6,60C,wood,6,422.49260348555214,981.8665771484375
5.0,1,30C__aluminum_trial_1,30C,aluminum,1,23958.09466547789,4788.61376953125
5.0,1,30C__aluminum_trial_2,30C,aluminum,2,23958.09466547789,13689.6630859375
5.0,1,30C__aluminum_trial_3,30C,aluminum,3,23958.09466547789,15546.189453125
5.0,1,30C__aluminum_trial_4,30C,aluminum,4,23958.09466547789,3639.907958984375
5.0,1,30C__aluminum_trial_5,30C,aluminum,5,23958.09466547789,18720.7890625
5.0,1,30C__aluminum_trial_6,30C,aluminum,6,23958.09466547789,16949.28515625
5.0,1,40C__aluminum_trial_1,40C,aluminum,1,23958.09466547789,21452.5859375
5.0,1,40C__aluminum_trial_2,40C,aluminum,2,23958.09466547789,8274.166015625
5.0,1,40C__aluminum_trial_3,40C,aluminum,3,23958.09466547789,15454.931640625
5.0,1,40C__aluminum_trial_4,40C,aluminum,4,23958.09466547789,12005.82421875
5.0,1,40C__aluminum_trial_5,40C,aluminum,5,23958.09466547789,11487.1845703125
5.0,1,40C__aluminum_trial_6,40C,aluminum,6,23958.09466547789,12390.3056640625
5.0,1,50C__aluminum_trial_1,50C,aluminum,1,23958.09466547789,12828.6552734375
5.0,1,50C__aluminum_trial_2,50C,aluminum,2,23958.09466547789,14441.2646484375
5.0,1,50C__aluminum_trial_3,50C,aluminum,3,23958.09466547789,17362.2421875
5.0,1,50C__aluminum_trial_4,50C,aluminum,4,23958.09466547789,21011.109375
5.0,1,50C__aluminum_trial_5,50C,aluminum,5,23958.09466547789,11529.376953125
5.0,1,50C__aluminum_trial_6,50C,aluminum,6,23958.09466547789,14877.5166015625
5.0,1,60C__aluminum_trial_1,60C,aluminum,1,23958.09466547789,15679.2646484375
5.0,1,60C__aluminum_trial_2,60C,aluminum,2,23958.09466547789,18814.564453125
5.0,1,60C__aluminum_trial_3,60C,aluminum,3,23958.09466547789,22207.326171875
5.0,1,60C__aluminum_trial_4,60C,aluminum,4,23958.09466547789,21553.814453125
5.0,1,60C__aluminum_trial_5,60C,aluminum,5,23958.09466547789,21547.5859375
5.0,1,60C__aluminum_trial_6,60C,aluminum,6,23958.09466547789,20583.837890625
5.0,2,30C__bismuth_trial_1,30C,bismuth,1,3209.1026783199068,10873.4716796875
5.0,2,30C__bismuth_trial_2,30C,bismuth,2,3209.1026783199068,4183.55322265625
5.0,2,30C__bismuth_trial_3,30C,bismuth,3,3209.1026783199068,4689.88134765625
5.0,2,30C__bismuth_trial_4,30C,bismuth,4,3209.1026783199068,1428.7371826171875
5.0,2,30C__bismuth_trial_5,30C,bismuth,5,3209.1026783199068,5109.95556640625
5.0,2,30C__bismuth_trial_6,30C,bismuth,6,3209.1026783199068,9268.416015625
5.0,2,40C__bismuth_trial_1,40C,bismuth,1,3209.1026783199068,15242.615234375
5.0,2,40C__bismuth_trial_2,40C,bismuth,2,3209.1026783199068,14023.6875
5.0,2,40C__bismuth_trial_3,40C,bismuth,3,3209.1026783199068,10467.8037109375
5.0,2,40C__bismuth_trial_4,40C,bismuth,4,3209.1026783199068,12637.3173828125
5.0,2,40C__bismuth_trial_5,40C,bismuth,5,3209.1026783199068,15322.5625
5.0,2,40C__bismuth_trial_6,40C,bismuth,6,3209.1026783199068,15679.548828125
5.0,2,50C__bismuth_trial_1,50C,bismuth,1,3209.1026783199068,9019.2587890625
5.0,2,50C__bismuth_trial_2,50C,bismuth,2,3209.1026783199068,15265.470703125
5.0,2,50C__bismuth_trial_3,50C,bismuth,3,3209.1026783199068,8736.1416015625
5.0,2,50C__bismuth_trial_4,50C,bismuth,4,3209.1026783199068,12555.15625
5.0,2,50C__bismuth_trial_5,50C,bismuth,5,3209.1026783199068,11824.6484375
5.0,2,50C__bismuth_trial_6,50C,bismuth,6,3209.1026783199068,11851.6669921875
5.0,2,60C__bismuth_trial_1,60C,bismuth,1,3209.1026783199068,15381.275390625
5.0,2,60C__bismuth_trial_2,60C,bismuth,2,3209.1026783199068,11350.203125
5.0,2,60C__bismuth_trial_3,60C,bismuth,3,3209.1026783199068,13754.904296875
5.0,2,60C__bismuth_trial_4,60C,bismuth,4,3209.1026783199068,12587.3603515625
5.0,2,60C__bismuth_trial_5,60C,bismuth,5,3209.1026783199068,11784.21875
5.0,2,60C__bismuth_trial_6,60C,bismuth,6,3209.1026783199068,15869.5615234375
5.0,3,30C__cement_trial_1,30C,cement,1,559.6427431853289,511.21246337890625
5.0,3,30C__cement_trial_2,30C,cement,2,559.6427431853289,427.00830078125
5.0,3,30C__cement_trial_3,30C,cement,3,559.6427431853289,512.8433837890625
5.0,3,30C__cement_trial_4,30C,cement,4,559.6427431853289,478.7673034667969
5.0,3,30C__cement_trial_5,30C,cement,5,559.6427431853289,483.1528625488281
5.0,3,30C__cement_trial_6,30C,cement,6,559.6427431853289,527.3319702148438
5.0,3,40C__cement_trial_1,40C,cement,1,559.6427431853289,298.4175109863281
5.0,3,40C__cement_trial_2,40C,cement,2,559.6427431853289,883.0237426757812
5.0,3,40C__cement_trial_3,40C,cement,3,559.6427431853289,767.4700317382812
5.0,3,40C__cement_trial_4,40C,cement,4,559.6427431853289,315.17193603515625
5.0,3,40C__cement_trial_5,40C,cement,5,559.6427431853289,506.11669921875
5.0,3,40C__cement_trial_6,40C,cement,6,559.6427431853289,1119.5655517578125
5.0,3,50C__cement_trial_1,50C,cement,1,559.6427431853289,780.82958984375
5.0,3,50C__cement_trial_2,50C,cement,2,559.6427431853289,654.7613525390625
5.0,3,50C__cement_trial_3,50C,cement,3,559.6427431853289,625.1076049804688
5.0,3,50C__cement_trial_4,50C,cement,4,559.6427431853289,805.0873413085938
5.0,3,50C__cement_trial_5,50C,cement,5,559.6427431853289,709.9934692382812
5.0,3,50C__cement_trial_6,50C,cement,6,559.6427431853289,602.8124389648438
5.0,3,60C__cement_trial_1,60C,cement,1,559.6427431853289,14335.791015625
5.0,3,60C__cement_trial_2,60C,cement,2,559.6427431853289,11683.8544921875
5.0,3,60C__cement_trial_3,60C,cement,3,559.6427431853289,10208.8740234375
5.0,3,60C__cement_trial_4,60C,cement,4,559.6427431853289,9796.9931640625
5.0,3,60C__cement_trial_5,60C,cement,5,559.6427431853289,11148.904296875
5.0,3,60C__cement_trial_6,60C,cement,6,559.6427431853289,9406.1220703125
5.0,4,30C__copper_trial_1,30C,copper,1,37192.601414797544,8584.0400390625
5.0,4,30C__copper_trial_2,30C,copper,2,37192.601414797544,8704.0048828125
5.0,4,30C__copper_trial_3,30C,copper,3,37192.601414797544,10255.6103515625
5.0,4,30C__copper_trial_4,30C,copper,4,37192.601414797544,14212.9658203125
5.0,4,30C__copper_trial_5,30C,copper,5,37192.601414797544,10652.6796875
5.0,4,30C__copper_trial_6,30C,copper,6,37192.601414797544,6004.91748046875
5.0,4,40C__copper_trial_1,40C,copper,1,37192.601414797544,13007.623046875
5.0,4,40C__copper_trial_2,40C,copper,2,37192.601414797544,9997.751953125
5.0,4,40C__copper_trial_3,40C,copper,3,37192.601414797544,9304.4736328125
5.0,4,40C__copper_trial_4,40C,copper,4,37192.601414797544,13506.5546875
5.0,4,40C__copper_trial_5,40C,copper,5,37192.601414797544,9274.4296875
5.0,4,40C__copper_trial_6,40C,copper,6,37192.601414797544,9340.751953125
5.0,4,50C__copper_trial_1,50C,copper,1,37192.601414797544,11319.0908203125
5.0,4,50C__copper_trial_2,50C,copper,2,37192.601414797544,12822.7353515625
5.0,4,50C__copper_trial_3,50C,copper,3,37192.601414797544,8918.046875
5.0,4,50C__copper_trial_4,50C,copper,4,37192.601414797544,14797.46484375
5.0,4,50C__copper_trial_5,50C,copper,5,37192.601414797544,9031.25
5.0,4,50C__copper_trial_6,50C,copper,6,37192.601414797544,15742.421875
5.0,4,60C__copper_trial_1,60C,copper,1,37192.601414797544,14076.0947265625
5.0,4,60C__copper_trial_2,60C,copper,2,37192.601414797544,18387.642578125
5.0,4,60C__copper_trial_3,60C,copper,3,37192.601414797544,12031.5234375
5.0,4,60C__copper_trial_4,60C,copper,4,37192.601414797544,13759.2734375
5.0,4,60C__copper_trial_5,60C,copper,5,37192.601414797544,12594.169921875
5.0,4,60C__copper_trial_6,60C,copper,6,37192.601414797544,8094.3134765625
5.0,5,30C__cork_trial_1,30C,cork,1,136.29380029920657,158.5109405517578
5.0,5,30C__cork_trial_2,30C,cork,2,136.29380029920657,54.176368713378906
5.0,5,30C__cork_trial_3,30C,cork,3,136.29380029920657,59.48290252685547
5.0,5,30C__cork_trial_4,30C,cork,4,136.29380029920657,35.73733901977539
5.0,5,30C__cork_trial_5,30C,cork,5,136.29380029920657,72.49457550048828
5.0,5,30C__cork_trial_6,30C,cork,6,136.29380029920657,81.36023712158203
5.0,5,40C__cork_trial_1,40C,cork,1,136.29380029920657,88.60228729248047
5.0,5,40C__cork_trial_2,40C,cork,2,136.29380029920657,66.41932678222656
5.0,5,40C__cork_trial_3,40C,cork,3,136.29380029920657,57.24113464355469
5.0,5,40C__cork_trial_4,40C,cork,4,136.29380029920657,71.10183715820312
5.0,5,40C__cork_trial_5,40C,cork,5,136.29380029920657,137.5231475830078
5.0,5,40C__cork_trial_6,40C,cork,6,136.29380029920657,69.07920837402344
5.0,5,50C__cork_trial_1,50C,cork,1,136.29380029920657,428.32037353515625
5.0,5,50C__cork_trial_2,50C,cork,2,136.29380029920657,416.9033508300781
5.0,5,50C__cork_trial_3,50C,cork,3,136.29380029920657,402.51806640625
5.0,5,50C__cork_trial_4,50C,cork,4,136.29380029920657,154.40585327148438
5.0,5,50C__cork_trial_5,50C,cork,5,136.29380029920657,438.2173156738281
5.0,5,50C__cork_trial_6,50C,cork,6,136.29380029920657,310.7007141113281
5.0,5,60C__cork_trial_1,60C,cork,1,136.29380029920657,462.3424377441406
5.0,5,60C__cork_trial_2,60C,cork,2,136.29380029920657,366.4494323730469
5.0,5,60C__cork_trial_3,60C,cork,3,136.29380029920657,459.09918212890625
5.0,5,60C__cork_trial_4,60C,cork,4,136.29380029920657,306.6675109863281
5.0,5,60C__cork_trial_5,60C,cork,5,136.29380029920657,413.8735046386719
5.0,5,60C__cork_trial_6,60C,cork,6,136.29380029920657,380.1541748046875
5.0,6,30C__graphite_trial_1,30C,graphite,1,11367.497525840945,5473.8369140625
5.0,6,30C__graphite_trial_2,30C,graphite,2,11367.497525840945,15316.3671875
5.0,6,30C__graphite_trial_3,30C,graphite,3,11367.497525840945,9593.033203125
5.0,6,30C__graphite_trial_4,30C,graphite,4,11367.497525840945,4814.3623046875
5.0,6,30C__graphite_trial_5,30C,graphite,5,11367.497525840945,15024.1142578125
5.0,6,30C__graphite_trial_6,30C,graphite,6,11367.497525840945,10391.2890625
5.0,6,40C__graphite_trial_1,40C,graphite,1,11367.497525840945,9406.66015625
5.0,6,40C__graphite_trial_2,40C,graphite,2,11367.497525840945,13262.5126953125
5.0,6,40C__graphite_trial_3,40C,graphite,3,11367.497525840945,5935.60302734375
5.0,6,40C__graphite_trial_4,40C,graphite,4,11367.497525840945,18537.7890625
5.0,6,40C__graphite_trial_5,40C,graphite,5,11367.497525840945,23363.015625
5.0,6,40C__graphite_trial_6,40C,graphite,6,11367.497525840945,10337.6513671875
5.0,6,50C__graphite_trial_1,50C,graphite,1,11367.497525840945,9366.9814453125
5.0,6,50C__graphite_trial_2,50C,graphite,2,11367.497525840945,8630.744140625
5.0,6,50C__graphite_trial_3,50C,graphite,3,11367.497525840945,6125.400390625
5.0,6,50C__graphite_trial_4,50C,graphite,4,11367.497525840945,8751.51171875
5.0,6,50C__graphite_trial_5,50C,graphite,5,11367.497525840945,7843.8330078125
5.0,6,50C__graphite_trial_6,50C,graphite,6,11367.497525840945,11384.94140625
5.0,6,60C__graphite_trial_1,60C,graphite,1,11367.497525840945,6403.21923828125
5.0,6,60C__graphite_trial_2,60C,graphite,2,11367.497525840945,15811.140625
5.0,6,60C__graphite_trial_3,60C,graphite,3,11367.497525840945,14095.9775390625
5.0,6,60C__graphite_trial_4,60C,graphite,4,11367.497525840945,14388.087890625
5.0,6,60C__graphite_trial_5,60C,graphite,5,11367.497525840945,12009.0302734375
5.0,6,60C__graphite_trial_6,60C,graphite,6,11367.497525840945,19913.916015625
5.0,7,30C__gypsum_trial_1,30C,gypsum,1,385.01948002666046,109.52867889404297
5.0,7,30C__gypsum_trial_2,30C,gypsum,2,385.01948002666046,318.14605712890625
5.0,7,30C__gypsum_trial_3,30C,gypsum,3,385.01948002666046,83.51900482177734
5.0,7,30C__gypsum_trial_4,30C,gypsum,4,385.01948002666046,110.94253540039062
5.0,7,30C__gypsum_trial_5,30C,gypsum,5,385.01948002666046,136.58416748046875
5.0,7,30C__gypsum_trial_6,30C,gypsum,6,385.01948002666046,101.02758026123047
5.0,7,40C__gypsum_trial_1,40C,gypsum,1,385.01948002666046,382.191162109375
5.0,7,40C__gypsum_trial_2,40C,gypsum,2,385.01948002666046,196.62139892578125
5.0,7,40C__gypsum_trial_3,40C,gypsum,3,385.01948002666046,205.16537475585938
5.0,7,40C__gypsum_trial_4,40C,gypsum,4,385.01948002666046,376.581298828125
5.0,7,40C__gypsum_trial_5,40C,gypsum,5,385.01948002666046,474.3446350097656
5.0,7,40C__gypsum_trial_6,40C,gypsum,6,385.01948002666046,510.6249084472656
5.0,7,50C__gypsum_trial_1,50C,gypsum,1,385.01948002666046,3323.3828125
5.0,7,50C__gypsum_trial_2,50C,gypsum,2,385.01948002666046,1737.18798828125
5.0,7,50C__gypsum_trial_3,50C,gypsum,3,385.01948002666046,6020.98193359375
5.0,7,50C__gypsum_trial_4,50C,gypsum,4,385.01948002666046,4916.98974609375
5.0,7,50C__gypsum_trial_5,50C,gypsum,5,385.01948002666046,3361.59765625
5.0,7,50C__gypsum_trial_6,50C,gypsum,6,385.01948002666046,986.7669677734375
5.0,7,60C__gypsum_trial_1,60C,gypsum,1,385.01948002666046,17319.505859375
5.0,7,60C__gypsum_trial_2,60C,gypsum,2,385.01948002666046,6612.44970703125
5.0,7,60C__gypsum_trial_3,60C,gypsum,3,385.01948002666046,2866.247314453125
5.0,7,60C__gypsum_trial_4,60C,gypsum,4,385.01948002666046,4450.32080078125
5.0,7,60C__gypsum_trial_5,60C,gypsum,5,385.01948002666046,4255.10888671875
5.0,7,60C__gypsum_trial_6,60C,gypsum,6,385.01948002666046,3312.9716796875
5.0,8,30C__iron_trial_1,30C,iron,1,16859.663413010356,21427.375
5.0,8,30C__iron_trial_2,30C,iron,2,16859.663413010356,4674.6962890625
5.0,8,30C__iron_trial_3,30C,iron,3,16859.663413010356,12680.2744140625
5.0,8,30C__iron_trial_4,30C,iron,4,16859.663413010356,23085.267578125
5.0,8,30C__iron_trial_5,30C,iron,5,16859.663413010356,3084.3046875
5.0,8,30C__iron_trial_6,30C,iron,6,16859.663413010356,7619.28515625
5.0,8,40C__iron_trial_1,40C,iron,1,16859.663413010356,8553.08203125
5.0,8,40C__iron_trial_2,40C,iron,2,16859.663413010356,3342.0419921875
5.0,8,40C__iron_trial_3,40C,iron,3,16859.663413010356,5530.0166015625
5.0,8,40C__iron_trial_4,40C,iron,4,16859.663413010356,10610.55859375
5.0,8,40C__iron_trial_5,40C,iron,5,16859.663413010356,15004.6962890625
5.0,8,40C__iron_trial_6,40C,iron,6,16859.663413010356,11399.2177734375
5.0,8,50C__iron_trial_1,50C,iron,1,16859.663413010356,14347.2529296875
5.0,8,50C__iron_trial_2,50C,iron,2,16859.663413010356,17833.87109375
5.0,8,50C__iron_trial_3,50C,iron,3,16859.663413010356,15055.2548828125
5.0,8,50C__iron_trial_4,50C,iron,4,16859.663413010356,17386.517578125
5.0,8,50C__iron_trial_5,50C,iron,5,16859.663413010356,13870.8349609375
5.0,8,50C__iron_trial_6,50C,iron,6,16859.663413010356,17628.677734375
5.0,8,60C__iron_trial_1,60C,iron,1,16859.663413010356,21375.55078125
5.0,8,60C__iron_trial_2,60C,iron,2,16859.663413010356,23189.6875
5.0,8,60C__iron_trial_3,60C,iron,3,16859.663413010356,11019.85546875
5.0,8,60C__iron_trial_4,60C,iron,4,16859.663413010356,23787.935546875
5.0,8,60C__iron_trial_5,60C,iron,5,16859.663413010356,22906.876953125
5.0,8,60C__iron_trial_6,60C,iron,6,16859.663413010356,21612.6640625
5.0,9,30C__nickel_trial_1,30C,nickel,1,19320.68449098013,5161.40625
5.0,9,30C__nickel_trial_2,30C,nickel,2,19320.68449098013,22303.392578125
5.0,9,30C__nickel_trial_3,30C,nickel,3,19320.68449098013,5748.43310546875
5.0,9,30C__nickel_trial_4,30C,nickel,4,19320.68449098013,1451.642822265625
5.0,9,30C__nickel_trial_5,30C,nickel,5,19320.68449098013,1749.4747314453125
5.0,9,30C__nickel_trial_6,30C,nickel,6,19320.68449098013,14508.455078125
5.0,9,40C__nickel_trial_1,40C,nickel,1,19320.68449098013,5288.49853515625
5.0,9,40C__nickel_trial_2,40C,nickel,2,19320.68449098013,8413.3427734375
5.0,9,40C__nickel_trial_3,40C,nickel,3,19320.68449098013,11209.294921875
5.0,9,40C__nickel_trial_4,40C,nickel,4,19320.68449098013,14870.09765625
5.0,9,40C__nickel_trial_5,40C,nickel,5,19320.68449098013,11555.6767578125
5.0,9,40C__nickel_trial_6,40C,nickel,6,19320.68449098013,15494.3525390625
5.0,9,50C__nickel_trial_1,50C,nickel,1,19320.68449098013,19472.20703125
5.0,9,50C__nickel_trial_2,50C,nickel,2,19320.68449098013,17085.6171875
5.0,9,50C__nickel_trial_3,50C,nickel,3,19320.68449098013,12651.51171875
5.0,9,50C__nickel_trial_4,50C,nickel,4,19320.68449098013,20844.529296875
5.0,9,50C__nickel_trial_5,50C,nickel,5,19320.68449098013,11705.4599609375
5.0,9,50C__nickel_trial_6,50C,nickel,6,19320.68449098013,16803.91015625
5.0,9,60C__nickel_trial_1,60C,nickel,1,19320.68449098013,19582.869140625
5.0,9,60C__nickel_trial_2,60C,nickel,2,19320.68449098013,17924.451171875
5.0,9,60C__nickel_trial_3,60C,nickel,3,19320.68449098013,13799.8173828125
5.0,9,60C__nickel_trial_4,60C,nickel,4,19320.68449098013,20566.255859375
5.0,9,60C__nickel_trial_5,60C,nickel,5,19320.68449098013,20808.478515625
5.0,9,60C__nickel_trial_6,60C,nickel,6,19320.68449098013,18637.470703125
5.0,10,30C__pdms_trial_1,30C,pdms,1,460.90129095067635,183.37440490722656
5.0,10,30C__pdms_trial_2,30C,pdms,2,460.90129095067635,55.417518615722656
5.0,10,30C__pdms_trial_3,30C,pdms,3,460.90129095067635,218.8265838623047
5.0,10,30C__pdms_trial_4,30C,pdms,4,460.90129095067635,93.89292907714844
5.0,10,30C__pdms_trial_5,30C,pdms,5,460.90129095067635,47.838470458984375
5.0,10,30C__pdms_trial_6,30C,pdms,6,460.90129095067635,44.98419952392578
5.0,10,40C__pdms_trial_1,40C,pdms,1,460.90129095067635,405.2923278808594
5.0,10,40C__pdms_trial_2,40C,pdms,2,460.90129095067635,375.1031494140625
5.0,10,40C__pdms_trial_3,40C,pdms,3,460.90129095067635,378.9851379394531
5.0,10,40C__pdms_trial_4,40C,pdms,4,460.90129095067635,271.4259948730469
5.0,10,40C__pdms_trial_5,40C,pdms,5,460.90129095067635,118.3177719116211
5.0,10,40C__pdms_trial_6,40C,pdms,6,460.90129095067635,489.8089294433594
5.0,10,50C__pdms_trial_1,50C,pdms,1,460.90129095067635,221.1165008544922
5.0,10,50C__pdms_trial_2,50C,pdms,2,460.90129095067635,225.91355895996094
5.0,10,50C__pdms_trial_3,50C,pdms,3,460.90129095067635,411.86785888671875
5.0,10,50C__pdms_trial_4,50C,pdms,4,460.90129095067635,413.92572021484375
5.0,10,50C__pdms_trial_5,50C,pdms,5,460.90129095067635,273.1703186035156
5.0,10,50C__pdms_trial_6,50C,pdms,6,460.90129095067635,308.1663818359375
5.0,10,60C__pdms_trial_1,60C,pdms,1,460.90129095067635,434.09539794921875
5.0,10,60C__pdms_trial_2,60C,pdms,2,460.90129095067635,574.2380981445312
5.0,10,60C__pdms_trial_3,60C,pdms,3,460.90129095067635,442.61236572265625
5.0,10,60C__pdms_trial_4,60C,pdms,4,460.90129095067635,527.716552734375
5.0,10,60C__pdms_trial_5,60C,pdms,5,460.90129095067635,278.31732177734375
5.0,10,60C__pdms_trial_6,60C,pdms,6,460.90129095067635,289.93267822265625
5.0,11,30C__ps_foam_trial_1,30C,ps_foam,1,34.496376621320685,536.8924560546875
5.0,11,30C__ps_foam_trial_2,30C,ps_foam,2,34.496376621320685,459.368896484375
5.0,11,30C__ps_foam_trial_3,30C,ps_foam,3,34.496376621320685,480.42901611328125
5.0,11,30C__ps_foam_trial_4,30C,ps_foam,4,34.496376621320685,460.5390930175781
5.0,11,30C__ps_foam_trial_5,30C,ps_foam,5,34.496376621320685,725.9125366210938
5.0,11,30C__ps_foam_trial_6,30C,ps_foam,6,34.496376621320685,541.6846313476562
5.0,11,40C__ps_foam_trial_1,40C,ps_foam,1,34.496376621320685,82.59358215332031
5.0,11,40C__ps_foam_trial_2,40C,ps_foam,2,34.496376621320685,160.91807556152344
5.0,11,40C__ps_foam_trial_3,40C,ps_foam,3,34.496376621320685,65.92325592041016
5.0,11,40C__ps_foam_trial_4,40C,ps_foam,4,34.496376621320685,202.04884338378906
5.0,11,40C__ps_foam_trial_5,40C,ps_foam,5,34.496376621320685,95.16136169433594
5.0,11,40C__ps_foam_trial_6,40C,ps_foam,6,34.496376621320685,281.015380859375
5.0,11,50C__ps_foam_trial_1,50C,ps_foam,1,34.496376621320685,65.11257934570312
5.0,11,50C__ps_foam_trial_2,50C,ps_foam,2,34.496376621320685,53.400657653808594
5.0,11,50C__ps_foam_trial_3,50C,ps_foam,3,34.496376621320685,71.99186706542969
5.0,11,50C__ps_foam_trial_4,50C,ps_foam,4,34.496376621320685,58.527801513671875
5.0,11,50C__ps_foam_trial_5,50C,ps_foam,5,34.496376621320685,161.9193115234375
5.0,11,50C__ps_foam_trial_6,50C,ps_foam,6,34.496376621320685,67.49419403076172
5.0,11,60C__ps_foam_trial_1,60C,ps_foam,1,34.496376621320685,158.38230895996094
5.0,11,60C__ps_foam_trial_2,60C,ps_foam,2,34.496376621320685,227.8261260986328
5.0,11,60C__ps_foam_trial_3,60C,ps_foam,3,34.496376621320685,83.86112976074219
5.0,11,60C__ps_foam_trial_4,60C,ps_foam,4,34.496376621320685,117.8765640258789
5.0,11,60C__ps_foam_trial_5,60C,ps_foam,5,34.496376621320685,103.68882751464844
5.0,11,60C__ps_foam_trial_6,60C,ps_foam,6,34.496376621320685,122.42759704589844
5.0,12,30C__pu_foam_trial_1,30C,pu_foam,1,42.49705872175155,106.05081176757812
5.0,12,30C__pu_foam_trial_2,30C,pu_foam,2,42.49705872175155,47.33855056762695
5.0,12,30C__pu_foam_trial_3,30C,pu_foam,3,42.49705872175155,53.37696838378906
5.0,12,30C__pu_foam_trial_4,30C,pu_foam,4,42.49705872175155,61.456451416015625
5.0,12,30C__pu_foam_trial_5,30C,pu_foam,5,42.49705872175155,67.52555084228516
5.0,12,30C__pu_foam_trial_6,30C,pu_foam,6,42.49705872175155,145.57662963867188
5.0,12,40C__pu_foam_trial_1,40C,pu_foam,1,42.49705872175155,126.034912109375
5.0,12,40C__pu_foam_trial_2,40C,pu_foam,2,42.49705872175155,147.15402221679688
5.0,12,40C__pu_foam_trial_3,40C,pu_foam,3,42.49705872175155,201.7621612548828
5.0,12,40C__pu_foam_trial_4,40C,pu_foam,4,42.49705872175155,153.91294860839844
5.0,12,40C__pu_foam_trial_5,40C,pu_foam,5,42.49705872175155,60.708003997802734
5.0,12,40C__pu_foam_trial_6,40C,pu_foam,6,42.49705872175155,154.28228759765625
5.0,12,50C__pu_foam_trial_1,50C,pu_foam,1,42.49705872175155,171.31857299804688
5.0,12,50C__pu_foam_trial_2,50C,pu_foam,2,42.49705872175155,104.69768524169922
5.0,12,50C__pu_foam_trial_3,50C,pu_foam,3,42.49705872175155,218.68417358398438
5.0,12,50C__pu_foam_trial_4,50C,pu_foam,4,42.49705872175155,98.08478546142578
5.0,12,50C__pu_foam_trial_5,50C,pu_foam,5,42.49705872175155,88.58665466308594
5.0,12,50C__pu_foam_trial_6,50C,pu_foam,6,42.49705872175155,75.64057159423828
5.0,12,60C__pu_foam_trial_1,60C,pu_foam,1,42.49705872175155,220.16184997558594
5.0,12,60C__pu_foam_trial_2,60C,pu_foam,2,42.49705872175155,126.3328628540039
5.0,12,60C__pu_foam_trial_3,60C,pu_foam,3,42.49705872175155,321.43060302734375
5.0,12,60C__pu_foam_trial_4,60C,pu_foam,4,42.49705872175155,321.73687744140625
5.0,12,60C__pu_foam_trial_5,60C,pu_foam,5,42.49705872175155,226.01095581054688
5.0,12,60C__pu_foam_trial_6,60C,pu_foam,6,42.49705872175155,154.67848205566406
5.0,13,30C__titanium_trial_1,30C,titanium,1,7184.0359269702985,2165.141357421875
5.0,13,30C__titanium_trial_2,30C,titanium,2,7184.0359269702985,15884.8251953125
5.0,13,30C__titanium_trial_3,30C,titanium,3,7184.0359269702985,2297.387451171875
5.0,13,30C__titanium_trial_4,30C,titanium,4,7184.0359269702985,4106.10107421875
5.0,13,30C__titanium_trial_5,30C,titanium,5,7184.0359269702985,2661.1845703125
5.0,13,30C__titanium_trial_6,30C,titanium,6,7184.0359269702985,2063.5419921875
5.0,13,40C__titanium_trial_1,40C,titanium,1,7184.0359269702985,10365.927734375
5.0,13,40C__titanium_trial_2,40C,titanium,2,7184.0359269702985,13445.04296875
5.0,13,40C__titanium_trial_3,40C,titanium,3,7184.0359269702985,6754.037109375
5.0,13,40C__titanium_trial_4,40C,titanium,4,7184.0359269702985,7737.64111328125
5.0,13,40C__titanium_trial_5,40C,titanium,5,7184.0359269702985,14224.4921875
5.0,13,40C__titanium_trial_6,40C,titanium,6,7184.0359269702985,18571.322265625
5.0,13,50C__titanium_trial_1,50C,titanium,1,7184.0359269702985,5248.50146484375
5.0,13,50C__titanium_trial_2,50C,titanium,2,7184.0359269702985,6280.17138671875
5.0,13,50C__titanium_trial_3,50C,titanium,3,7184.0359269702985,17459.1484375
5.0,13,50C__titanium_trial_4,50C,titanium,4,7184.0359269702985,15158.8779296875
5.0,13,50C__titanium_trial_5,50C,titanium,5,7184.0359269702985,15623.9287109375
5.0,13,50C__titanium_trial_6,50C,titanium,6,7184.0359269702985,18310.013671875
5.0,13,60C__titanium_trial_1,60C,titanium,1,7184.0359269702985,9779.3671875
5.0,13,60C__titanium_trial_2,60C,titanium,2,7184.0359269702985,11277.0654296875
5.0,13,60C__titanium_trial_3,60C,titanium,3,7184.0359269702985,9195.693359375
5.0,13,60C__titanium_trial_4,60C,titanium,4,7184.0359269702985,9923.8212890625
5.0,13,60C__titanium_trial_5,60C,titanium,5,7184.0359269702985,9459.64453125
5.0,13,60C__titanium_trial_6,60C,titanium,6,7184.0359269702985,7503.58349609375
5.0,14,30C__wood_trial_1,30C,wood,1,422.49260348555214,48.563446044921875
5.0,14,30C__wood_trial_2,30C,wood,2,422.49260348555214,59.17839431762695
5.0,14,30C__wood_trial_3,30C,wood,3,422.49260348555214,90.07262420654297
5.0,14,30C__wood_trial_4,30C,wood,4,422.49260348555214,48.56473159790039
5.0,14,30C__wood_trial_5,30C,wood,5,422.49260348555214,82.669189453125
5.0,14,30C__wood_trial_6,30C,wood,6,422.49260348555214,128.38265991210938
5.0,14,40C__wood_trial_1,40C,wood,1,422.49260348555214,208.990966796875
5.0,14,40C__wood_trial_2,40C,wood,2,422.49260348555214,136.42626953125
5.0,14,40C__wood_trial_3,40C,wood,3,422.49260348555214,117.45286560058594
5.0,14,40C__wood_trial_4,40C,wood,4,422.49260348555214,161.9517059326172
5.0,14,40C__wood_trial_5,40C,wood,5,422.49260348555214,244.2821044921875
5.0,14,40C__wood_trial_6,40C,wood,6,422.49260348555214,348.5049743652344
5.0,14,50C__wood_trial_1,50C,wood,1,422.49260348555214,312.4049377441406
5.0,14,50C__wood_trial_2,50C,wood,2,422.49260348555214,184.7899169921875
5.0,14,50C__wood_trial_3,50C,wood,3,422.49260348555214,210.6793212890625
5.0,14,50C__wood_trial_4,50C,wood,4,422.49260348555214,177.6459197998047
5.0,14,50C__wood_trial_5,50C,wood,5,422.49260348555214,195.0278778076172
5.0,14,50C__wood_trial_6,50C,wood,6,422.49260348555214,126.37470245361328
5.0,14,60C__wood_trial_1,60C,wood,1,422.49260348555214,941.8125
5.0,14,60C__wood_trial_2,60C,wood,2,422.49260348555214,14492.5234375
5.0,14,60C__wood_trial_3,60C,wood,3,422.49260348555214,18517.291015625
5.0,14,60C__wood_trial_4,60C,wood,4,422.49260348555214,16130.744140625
5.0,14,60C__wood_trial_5,60C,wood,5,422.49260348555214,9983.2109375
5.0,14,60C__wood_trial_6,60C,wood,6,422.49260348555214,1002.4191284179688
