leak_rate,fold,trial_id,Temperature,Temperature_C,Sample,Trial,y_true,y_pred
0.01,1,30C__aluminum_trial_1,30C,30.0,aluminum,1,23958.09466547789,15328.6455078125
0.01,1,30C__aluminum_trial_2,30C,30.0,aluminum,2,23958.09466547789,17590.135091145832
0.01,1,30C__aluminum_trial_3,30C,30.0,aluminum,3,23958.09466547789,7487.27001953125
0.01,1,30C__aluminum_trial_4,30C,30.0,aluminum,4,23958.09466547789,14745.426432291666
0.01,1,30C__aluminum_trial_5,30C,30.0,aluminum,5,23958.09466547789,11061.409830729166
0.01,1,30C__aluminum_trial_6,30C,30.0,aluminum,6,23958.09466547789,10258.1943359375
0.01,1,40C__aluminum_trial_1,40C,40.0,aluminum,1,23958.09466547789,22131.016276041668
0.01,1,40C__aluminum_trial_2,40C,40.0,aluminum,2,23958.09466547789,6450.264811197917
0.01,1,40C__aluminum_trial_3,40C,40.0,aluminum,3,23958.09466547789,26052.151692708332
0.01,1,40C__aluminum_trial_4,40C,40.0,aluminum,4,23958.09466547789,12910.641927083334
0.01,1,40C__aluminum_trial_5,40C,40.0,aluminum,5,23958.09466547789,12440.397786458334
0.01,1,40C__aluminum_trial_6,40C,40.0,aluminum,6,23958.09466547789,10680.953125
0.01,1,50C__aluminum_trial_1,50C,50.0,aluminum,1,23958.09466547789,11738.116536458334
0.01,1,50C__aluminum_trial_2,50C,50.0,aluminum,2,23958.09466547789,11435.03125
0.01,1,50C__aluminum_trial_3,50C,50.0,aluminum,3,23958.09466547789,14497.3798828125
0.01,1,50C__aluminum_trial_4,50C,50.0,aluminum,4,23958.09466547789,17648.600911458332
0.01,1,50C__aluminum_trial_5,50C,50.0,aluminum,5,23958.09466547789,15570.983072916666
0.01,1,50C__aluminum_trial_6,50C,50.0,aluminum,6,23958.09466547789,19955.298828125
0.01,1,60C__aluminum_trial_1,60C,60.0,aluminum,1,23958.09466547789,18368.713541666668
0.01,1,60C__aluminum_trial_2,60C,60.0,aluminum,2,23958.09466547789,13893.317708333334
0.01,1,60C__aluminum_trial_3,60C,60.0,aluminum,3,23958.09466547789,12446.0322265625
0.01,1,60C__aluminum_trial_4,60C,60.0,aluminum,4,23958.09466547789,15198.276692708334
0.01,1,60C__aluminum_trial_5,60C,60.0,aluminum,5,23958.09466547789,14499.136067708334
0.01,1,60C__aluminum_trial_6,60C,60.0,aluminum,6,23958.09466547789,21055.111979166668
0.01,2,30C__bismuth_trial_1,30C,30.0,bismuth,1,3209.1026783199068,7401.647786458333
0.01,2,30C__bismuth_trial_2,30C,30.0,bismuth,2,3209.1026783199068,6487.15283203125
0.01,2,30C__bismuth_trial_3,30C,30.0,bismuth,3,3209.1026783199068,5895.69970703125
0.01,2,30C__bismuth_trial_4,30C,30.0,bismuth,4,3209.1026783199068,9374.893880208334
0.01,2,30C__bismuth_trial_5,30C,30.0,bismuth,5,3209.1026783199068,6826.253743489583
0.01,2,30C__bismuth_trial_6,30C,30.0,bismuth,6,3209.1026783199068,10709.412760416666
0.01,2,40C__bismuth_trial_1,40C,40.0,bismuth,1,3209.1026783199068,14694.251953125
0.01,2,40C__bismuth_trial_2,40C,40.0,bismuth,2,3209.1026783199068,12862.118815104166
0.01,2,40C__bismuth_trial_3,40C,40.0,bismuth,3,3209.1026783199068,12333.592447916666
0.01,2,40C__bismuth_trial_4,40C,40.0,bismuth,4,3209.1026783199068,10938.0029296875
0.01,2,40C__bismuth_trial_5,40C,40.0,bismuth,5,3209.1026783199068,15559.421549479166
0.01,2,40C__bismuth_trial_6,40C,40.0,bismuth,6,3209.1026783199068,13415.363932291666
0.01,2,50C__bismuth_trial_1,50C,50.0,bismuth,1,3209.1026783199068,10743.660807291666
0.01,2,50C__bismuth_trial_2,50C,50.0,bismuth,2,3209.1026783199068,13993.54296875
0.01,2,50C__bismuth_trial_3,50C,50.0,bismuth,3,3209.1026783199068,17636.873697916668
0.01,2,50C__bismuth_trial_4,50C,50.0,bismuth,4,3209.1026783199068,14380.3173828125
0.01,2,50C__bismuth_trial_5,50C,50.0,bismuth,5,3209.1026783199068,15657.111328125
0.01,2,50C__bismuth_trial_6,50C,50.0,bismuth,6,3209.1026783199068,13199.304361979166
0.01,2,60C__bismuth_trial_1,60C,60.0,bismuth,1,3209.1026783199068,12429.8115234375
0.01,2,60C__bismuth_trial_2,60C,60.0,bismuth,2,3209.1026783199068,10795.510091145834
0.01,2,60C__bismuth_trial_3,60C,60.0,bismuth,3,3209.1026783199068,11986.52734375
0.01,2,60C__bismuth_trial_4,60C,60.0,bismuth,4,3209.1026783199068,15470.9609375
0.01,2,60C__bismuth_trial_5,60C,60.0,bismuth,5,3209.1026783199068,11205.188151041666
0.01,2,60C__bismuth_trial_6,60C,60.0,bismuth,6,3209.1026783199068,17000.385091145832
0.01,3,30C__cement_trial_1,30C,30.0,cement,1,559.6427431853289,509.83873494466144
0.01,3,30C__cement_trial_2,30C,30.0,cement,2,559.6427431853289,445.6164957682292
0.01,3,30C__cement_trial_3,30C,30.0,cement,3,559.6427431853289,477.7919108072917
0.01,3,30C__cement_trial_4,30C,30.0,cement,4,559.6427431853289,402.3343200683594
0.01,3,30C__cement_trial_5,30C,30.0,cement,5,559.6427431853289,531.9761861165365
0.01,3,30C__cement_trial_6,30C,30.0,cement,6,559.6427431853289,432.9265645345052
0.01,3,40C__cement_trial_1,40C,40.0,cement,1,559.6427431853289,392.1429036458333
0.01,3,40C__cement_trial_2,40C,40.0,cement,2,559.6427431853289,417.95105997721356
0.01,3,40C__cement_trial_3,40C,40.0,cement,3,559.6427431853289,330.4529520670573
0.01,3,40C__cement_trial_4,40C,40.0,cement,4,559.6427431853289,631.6646321614584
0.01,3,40C__cement_trial_5,40C,40.0,cement,5,559.6427431853289,592.7961832682291
0.01,3,40C__cement_trial_6,40C,40.0,cement,6,559.6427431853289,373.6393636067708
0.01,3,50C__cement_trial_1,50C,50.0,cement,1,559.6427431853289,467.1392415364583
0.01,3,50C__cement_trial_2,50C,50.0,cement,2,559.6427431853289,272.4457041422526
0.01,3,50C__cement_trial_3,50C,50.0,cement,3,559.6427431853289,378.6409505208333
0.01,3,50C__cement_trial_4,50C,50.0,cement,4,559.6427431853289,345.802001953125
0.01,3,50C__cement_trial_5,50C,50.0,cement,5,559.6427431853289,578.0948791503906
0.01,3,50C__cement_trial_6,50C,50.0,cement,6,559.6427431853289,628.57177734375
0.01,3,60C__cement_trial_1,60C,60.0,cement,1,559.6427431853289,891.9583333333334
0.01,3,60C__cement_trial_2,60C,60.0,cement,2,559.6427431853289,605.1808064778646
0.01,3,60C__cement_trial_3,60C,60.0,cement,3,559.6427431853289,683.4299011230469
0.01,3,60C__cement_trial_4,60C,60.0,cement,4,559.6427431853289,570.1295369466146
0.01,3,60C__cement_trial_5,60C,60.0,cement,5,559.6427431853289,774.9872843424479
0.01,3,60C__cement_trial_6,60C,60.0,cement,6,559.6427431853289,537.1203104654948
0.01,4,30C__copper_trial_1,30C,30.0,copper,1,37192.601414797544,1508.7171223958333
0.01,4,30C__copper_trial_2,30C,30.0,copper,2,37192.601414797544,16401.09765625
0.01,4,30C__copper_trial_3,30C,30.0,copper,3,37192.601414797544,15426.9384765625
0.01,4,30C__copper_trial_4,30C,30.0,copper,4,37192.601414797544,15656.779622395834
0.01,4,30C__copper_trial_5,30C,30.0,copper,5,37192.601414797544,14324.202473958334
0.01,4,30C__copper_trial_6,30C,30.0,copper,6,37192.601414797544,10957.426106770834
0.01,4,40C__copper_trial_1,40C,40.0,copper,1,37192.601414797544,19122.013671875
0.01,4,40C__copper_trial_2,40C,40.0,copper,2,37192.601414797544,11441.801106770834
0.01,4,40C__copper_trial_3,40C,40.0,copper,3,37192.601414797544,11547.164713541666
0.01,4,40C__copper_trial_4,40C,40.0,copper,4,37192.601414797544,9432.831380208334
0.01,4,40C__copper_trial_5,40C,40.0,copper,5,37192.601414797544,10180.00390625
0.01,4,40C__copper_trial_6,40C,40.0,copper,6,37192.601414797544,8745.526529947916
0.01,4,50C__copper_trial_1,50C,50.0,copper,1,37192.601414797544,5643.646321614583
0.01,4,50C__copper_trial_2,50C,50.0,copper,2,37192.601414797544,12484.559244791666
0.01,4,50C__copper_trial_3,50C,50.0,copper,3,37192.601414797544,9219.099283854166
0.01,4,50C__copper_trial_4,50C,50.0,copper,4,37192.601414797544,9185.8583984375
0.01,4,50C__copper_trial_5,50C,50.0,copper,5,37192.601414797544,7910.858723958333
0.01,4,50C__copper_trial_6,50C,50.0,copper,6,37192.601414797544,8080.689290364583
0.01,4,60C__copper_trial_1,60C,60.0,copper,1,37192.601414797544,15635.4033203125
0.01,4,60C__copper_trial_2,60C,60.0,copper,2,37192.601414797544,20991.12890625
0.01,4,60C__copper_trial_3,60C,60.0,copper,3,37192.601414797544,17672.986979166668
0.01,4,60C__copper_trial_4,60C,60.0,copper,4,37192.601414797544,20092.774739583332
0.01,4,60C__copper_trial_5,60C,60.0,copper,5,37192.601414797544,14641.595703125
0.01,4,60C__copper_trial_6,60C,60.0,copper,6,37192.601414797544,12289.8828125
0.01,5,30C__cork_trial_1,30C,30.0,cork,1,136.29380029920657,137.92480977376303
0.01,5,30C__cork_trial_2,30C,30.0,cork,2,136.29380029920657,80.1859130859375
0.01,5,30C__cork_trial_3,30C,30.0,cork,3,136.29380029920657,66.00273259480794
0.01,5,30C__cork_trial_4,30C,30.0,cork,4,136.29380029920657,50.026617685953774
0.01,5,30C__cork_trial_5,30C,30.0,cork,5,136.29380029920657,68.17670567830403
0.01,5,30C__cork_trial_6,30C,30.0,cork,6,136.29380029920657,64.09854253133138
0.01,5,40C__cork_trial_1,40C,40.0,cork,1,136.29380029920657,84.9436518351237
0.01,5,40C__cork_trial_2,40C,40.0,cork,2,136.29380029920657,76.71943791707356
0.01,5,40C__cork_trial_3,40C,40.0,cork,3,136.29380029920657,90.77921803792317
0.01,5,40C__cork_trial_4,40C,40.0,cork,4,136.29380029920657,95.74561309814453
0.01,5,40C__cork_trial_5,40C,40.0,cork,5,136.29380029920657,40.270147959391274
0.01,5,40C__cork_trial_6,40C,40.0,cork,6,136.29380029920657,34.496376621320685
0.01,5,50C__cork_trial_1,50C,50.0,cork,1,136.29380029920657,471.0144348144531
0.01,5,50C__cork_trial_2,50C,50.0,cork,2,136.29380029920657,450.7211405436198
0.01,5,50C__cork_trial_3,50C,50.0,cork,3,136.29380029920657,423.6563313802083
0.01,5,50C__cork_trial_4,50C,50.0,cork,4,136.29380029920657,252.58236694335938
0.01,5,50C__cork_trial_5,50C,50.0,cork,5,136.29380029920657,456.1324869791667
0.01,5,50C__cork_trial_6,50C,50.0,cork,6,136.29380029920657,373.6118469238281
0.01,5,60C__cork_trial_1,60C,60.0,cork,1,136.29380029920657,388.5104573567708
0.01,5,60C__cork_trial_2,60C,60.0,cork,2,136.29380029920657,394.61487833658856
0.01,5,60C__cork_trial_3,60C,60.0,cork,3,136.29380029920657,325.0011901855469
0.01,5,60C__cork_trial_4,60C,60.0,cork,4,136.29380029920657,365.9660135904948
0.01,5,60C__cork_trial_5,60C,60.0,cork,5,136.29380029920657,431.23072306315106
0.01,5,60C__cork_trial_6,60C,60.0,cork,6,136.29380029920657,348.43372599283856
0.01,6,30C__graphite_trial_1,30C,30.0,graphite,1,11367.497525840945,11310.251302083334
0.01,6,30C__graphite_trial_2,30C,30.0,graphite,2,11367.497525840945,3481.4374186197915
0.01,6,30C__graphite_trial_3,30C,30.0,graphite,3,11367.497525840945,1915.3040364583333
0.01,6,30C__graphite_trial_4,30C,30.0,graphite,4,11367.497525840945,3775.0799153645835
0.01,6,30C__graphite_trial_5,30C,30.0,graphite,5,11367.497525840945,3937.94091796875
0.01,6,30C__graphite_trial_6,30C,30.0,graphite,6,11367.497525840945,4032.812255859375
0.01,6,40C__graphite_trial_1,40C,40.0,graphite,1,11367.497525840945,11363.203776041666
0.01,6,40C__graphite_trial_2,40C,40.0,graphite,2,11367.497525840945,13165.815104166666
0.01,6,40C__graphite_trial_3,40C,40.0,graphite,3,11367.497525840945,5484.975911458333
0.01,6,40C__graphite_trial_4,40C,40.0,graphite,4,11367.497525840945,14280.35546875
0.01,6,40C__graphite_trial_5,40C,40.0,graphite,5,11367.497525840945,2612.522216796875
0.01,6,40C__graphite_trial_6,40C,40.0,graphite,6,11367.497525840945,7082.840169270833
0.01,6,50C__graphite_trial_1,50C,50.0,graphite,1,11367.497525840945,13443.611328125
0.01,6,50C__graphite_trial_2,50C,50.0,graphite,2,11367.497525840945,15888.667643229166
0.01,6,50C__graphite_trial_3,50C,50.0,graphite,3,11367.497525840945,16613.260416666668
0.01,6,50C__graphite_trial_4,50C,50.0,graphite,4,11367.497525840945,17822.865234375
0.01,6,50C__graphite_trial_5,50C,50.0,graphite,5,11367.497525840945,9068.502115885416
0.01,6,50C__graphite_trial_6,50C,50.0,graphite,6,11367.497525840945,11139.397786458334
0.01,6,60C__graphite_trial_1,60C,60.0,graphite,1,11367.497525840945,8134.722819010417
0.01,6,60C__graphite_trial_2,60C,60.0,graphite,2,11367.497525840945,18391.986328125
0.01,6,60C__graphite_trial_3,60C,60.0,graphite,3,11367.497525840945,13774.948567708334
0.01,6,60C__graphite_trial_4,60C,60.0,graphite,4,11367.497525840945,12352.6005859375
0.01,6,60C__graphite_trial_5,60C,60.0,graphite,5,11367.497525840945,9531.634114583334
0.01,6,60C__graphite_trial_6,60C,60.0,graphite,6,11367.497525840945,12912.220703125
0.01,7,30C__gypsum_trial_1,30C,30.0,gypsum,1,385.01948002666046,281.7561848958333
0.01,7,30C__gypsum_trial_2,30C,30.0,gypsum,2,385.01948002666046,412.7724609375
0.01,7,30C__gypsum_trial_3,30C,30.0,gypsum,3,385.01948002666046,300.94114176432294
0.01,7,30C__gypsum_trial_4,30C,30.0,gypsum,4,385.01948002666046,203.0095672607422
0.01,7,30C__gypsum_trial_5,30C,30.0,gypsum,5,385.01948002666046,311.0189208984375
0.01,7,30C__gypsum_trial_6,30C,30.0,gypsum,6,385.01948002666046,168.3997802734375
0.01,7,40C__gypsum_trial_1,40C,40.0,gypsum,1,385.01948002666046,266.35132853190106
0.01,7,40C__gypsum_trial_2,40C,40.0,gypsum,2,385.01948002666046,201.67996215820312
0.01,7,40C__gypsum_trial_3,40C,40.0,gypsum,3,385.01948002666046,217.67670694986978
0.01,7,40C__gypsum_trial_4,40C,40.0,gypsum,4,385.01948002666046,369.6648254394531
0.01,7,40C__gypsum_trial_5,40C,40.0,gypsum,5,385.01948002666046,729.9683430989584
0.01,7,40C__gypsum_trial_6,40C,40.0,gypsum,6,385.01948002666046,587.1047973632812
0.01,7,50C__gypsum_trial_1,50C,50.0,gypsum,1,385.01948002666046,723.5316569010416
0.01,7,50C__gypsum_trial_2,50C,50.0,gypsum,2,385.01948002666046,712.0796508789062
0.01,7,50C__gypsum_trial_3,50C,50.0,gypsum,3,385.01948002666046,704.6324259440104
0.01,7,50C__gypsum_trial_4,50C,50.0,gypsum,4,385.01948002666046,711.5929972330729
0.01,7,50C__gypsum_trial_5,50C,50.0,gypsum,5,385.01948002666046,848.0123494466146
0.01,7,50C__gypsum_trial_6,50C,50.0,gypsum,6,385.01948002666046,639.073974609375
0.01,7,60C__gypsum_trial_1,60C,60.0,gypsum,1,385.01948002666046,3086.2618815104165
0.01,7,60C__gypsum_trial_2,60C,60.0,gypsum,2,385.01948002666046,966.4979858398438
0.01,7,60C__gypsum_trial_3,60C,60.0,gypsum,3,385.01948002666046,1114.946512858073
0.01,7,60C__gypsum_trial_4,60C,60.0,gypsum,4,385.01948002666046,2218.392822265625
0.01,7,60C__gypsum_trial_5,60C,60.0,gypsum,5,385.01948002666046,2599.152099609375
0.01,7,60C__gypsum_trial_6,60C,60.0,gypsum,6,385.01948002666046,1854.8953043619792
0.01,8,30C__iron_trial_1,30C,30.0,iron,1,16859.663413010356,11478.959309895834
0.01,8,30C__iron_trial_2,30C,30.0,iron,2,16859.663413010356,23957.300130208332
0.01,8,30C__iron_trial_3,30C,30.0,iron,3,16859.663413010356,13428.263671875
0.01,8,30C__iron_trial_4,30C,30.0,iron,4,16859.663413010356,20680.111979166668
0.01,8,30C__iron_trial_5,30C,30.0,iron,5,16859.663413010356,16084.765625
0.01,8,30C__iron_trial_6,30C,30.0,iron,6,16859.663413010356,12702.1005859375
0.01,8,40C__iron_trial_1,40C,40.0,iron,1,16859.663413010356,15369.912760416666
0.01,8,40C__iron_trial_2,40C,40.0,iron,2,16859.663413010356,6665.493977864583
0.01,8,40C__iron_trial_3,40C,40.0,iron,3,16859.663413010356,7709.363932291667
0.01,8,40C__iron_trial_4,40C,40.0,iron,4,16859.663413010356,5735.14990234375
0.01,8,40C__iron_trial_5,40C,40.0,iron,5,16859.663413010356,13714.281575520834
0.01,8,40C__iron_trial_6,40C,40.0,iron,6,16859.663413010356,12349.683268229166
0.01,8,50C__iron_trial_1,50C,50.0,iron,1,16859.663413010356,11072.306640625
0.01,8,50C__iron_trial_2,50C,50.0,iron,2,16859.663413010356,11901.569010416666
0.01,8,50C__iron_trial_3,50C,50.0,iron,3,16859.663413010356,14945.252604166666
0.01,8,50C__iron_trial_4,50C,50.0,iron,4,16859.663413010356,13316.799153645834
0.01,8,50C__iron_trial_5,50C,50.0,iron,5,16859.663413010356,19050.25390625
0.01,8,50C__iron_trial_6,50C,50.0,iron,6,16859.663413010356,25419.768229166668
0.01,8,60C__iron_trial_1,60C,60.0,iron,1,16859.663413010356,30788.360026041668
0.01,8,60C__iron_trial_2,60C,60.0,iron,2,16859.663413010356,21015.458984375
0.01,8,60C__iron_trial_3,60C,60.0,iron,3,16859.663413010356,19771.811848958332
0.01,8,60C__iron_trial_4,60C,60.0,iron,4,16859.663413010356,12955.565755208334
0.01,8,60C__iron_trial_5,60C,60.0,iron,5,16859.663413010356,19439.0
0.01,8,60C__iron_trial_6,60C,60.0,iron,6,16859.663413010356,21259.974609375
0.01,9,30C__nickel_trial_1,30C,30.0,nickel,1,19320.68449098013,9392.185872395834
0.01,9,30C__nickel_trial_2,30C,30.0,nickel,2,19320.68449098013,15705.322916666666
0.01,9,30C__nickel_trial_3,30C,30.0,nickel,3,19320.68449098013,17919.362955729168
0.01,9,30C__nickel_trial_4,30C,30.0,nickel,4,19320.68449098013,10565.428385416666
0.01,9,30C__nickel_trial_5,30C,30.0,nickel,5,19320.68449098013,22810.3203125
0.01,9,30C__nickel_trial_6,30C,30.0,nickel,6,19320.68449098013,19936.290364583332
0.01,9,40C__nickel_trial_1,40C,40.0,nickel,1,19320.68449098013,7298.746907552083
0.01,9,40C__nickel_trial_2,40C,40.0,nickel,2,19320.68449098013,6931.491048177083
0.01,9,40C__nickel_trial_3,40C,40.0,nickel,3,19320.68449098013,20309.528645833332
0.01,9,40C__nickel_trial_4,40C,40.0,nickel,4,19320.68449098013,12833.5009765625
0.01,9,40C__nickel_trial_5,40C,40.0,nickel,5,19320.68449098013,13027.515625
0.01,9,40C__nickel_trial_6,40C,40.0,nickel,6,19320.68449098013,9924.666341145834
0.01,9,50C__nickel_trial_1,50C,50.0,nickel,1,19320.68449098013,10814.396158854166
0.01,9,50C__nickel_trial_2,50C,50.0,nickel,2,19320.68449098013,13536.775390625
0.01,9,50C__nickel_trial_3,50C,50.0,nickel,3,19320.68449098013,13775.947265625
0.01,9,50C__nickel_trial_4,50C,50.0,nickel,4,19320.68449098013,11283.495768229166
0.01,9,50C__nickel_trial_5,50C,50.0,nickel,5,19320.68449098013,8116.453287760417
0.01,9,50C__nickel_trial_6,50C,50.0,nickel,6,19320.68449098013,16314.7880859375
0.01,9,60C__nickel_trial_1,60C,60.0,nickel,1,19320.68449098013,11831.044596354166
0.01,9,60C__nickel_trial_2,60C,60.0,nickel,2,19320.68449098013,16897.400716145832
0.01,9,60C__nickel_trial_3,60C,60.0,nickel,3,19320.68449098013,14106.94921875
0.01,9,60C__nickel_trial_4,60C,60.0,nickel,4,19320.68449098013,22258.776041666668
0.01,9,60C__nickel_trial_5,60C,60.0,nickel,5,19320.68449098013,20809.08203125
0.01,9,60C__nickel_trial_6,60C,60.0,nickel,6,19320.68449098013,23862.291666666668
0.01,10,30C__pdms_trial_1,30C,30.0,pdms,1,460.90129095067635,158.62707010904947
0.01,10,30C__pdms_trial_2,30C,30.0,pdms,2,460.90129095067635,98.56366221110027
0.01,10,30C__pdms_trial_3,30C,30.0,pdms,3,460.90129095067635,128.8147226969401
0.01,10,30C__pdms_trial_4,30C,30.0,pdms,4,460.90129095067635,48.45866394042969
0.01,10,30C__pdms_trial_5,30C,30.0,pdms,5,460.90129095067635,180.72234598795572
0.01,10,30C__pdms_trial_6,30C,30.0,pdms,6,460.90129095067635,74.26947275797527
0.01,10,40C__pdms_trial_1,40C,40.0,pdms,1,460.90129095067635,465.6952819824219
0.01,10,40C__pdms_trial_2,40C,40.0,pdms,2,460.90129095067635,477.8804016113281
0.01,10,40C__pdms_trial_3,40C,40.0,pdms,3,460.90129095067635,430.9847005208333
0.01,10,40C__pdms_trial_4,40C,40.0,pdms,4,460.90129095067635,450.53497314453125
0.01,10,40C__pdms_trial_5,40C,40.0,pdms,5,460.90129095067635,289.4497375488281
0.01,10,40C__pdms_trial_6,40C,40.0,pdms,6,460.90129095067635,376.8168538411458
0.01,10,50C__pdms_trial_1,50C,50.0,pdms,1,460.90129095067635,265.10255432128906
0.01,10,50C__pdms_trial_2,50C,50.0,pdms,2,460.90129095067635,155.20685831705728
0.01,10,50C__pdms_trial_3,50C,50.0,pdms,3,460.90129095067635,467.34022013346356
0.01,10,50C__pdms_trial_4,50C,50.0,pdms,4,460.90129095067635,460.7985432942708
0.01,10,50C__pdms_trial_5,50C,50.0,pdms,5,460.90129095067635,254.32414754231772
0.01,10,50C__pdms_trial_6,50C,50.0,pdms,6,460.90129095067635,286.6133219401042
0.01,10,60C__pdms_trial_1,60C,60.0,pdms,1,460.90129095067635,615.6652425130209
0.01,10,60C__pdms_trial_2,60C,60.0,pdms,2,460.90129095067635,421.0136311848958
0.01,10,60C__pdms_trial_3,60C,60.0,pdms,3,460.90129095067635,539.1133219401041
0.01,10,60C__pdms_trial_4,60C,60.0,pdms,4,460.90129095067635,254.7972666422526
0.01,10,60C__pdms_trial_5,60C,60.0,pdms,5,460.90129095067635,244.6434783935547
0.01,10,60C__pdms_trial_6,60C,60.0,pdms,6,460.90129095067635,160.54120890299478
0.01,11,30C__ps_foam_trial_1,30C,30.0,ps_foam,1,34.496376621320685,540.3165181477865
0.01,11,30C__ps_foam_trial_2,30C,30.0,ps_foam,2,34.496376621320685,686.9752298990885
0.01,11,30C__ps_foam_trial_3,30C,30.0,ps_foam,3,34.496376621320685,362.6973063151042
0.01,11,30C__ps_foam_trial_4,30C,30.0,ps_foam,4,34.496376621320685,288.59312438964844
0.01,11,30C__ps_foam_trial_5,30C,30.0,ps_foam,5,34.496376621320685,190.2846425374349
0.01,11,30C__ps_foam_trial_6,30C,30.0,ps_foam,6,34.496376621320685,186.58025105794272
0.01,11,40C__ps_foam_trial_1,40C,40.0,ps_foam,1,34.496376621320685,54.54888025919596
0.01,11,40C__ps_foam_trial_2,40C,40.0,ps_foam,2,34.496376621320685,56.45498784383138
0.01,11,40C__ps_foam_trial_3,40C,40.0,ps_foam,3,34.496376621320685,51.4071413675944
0.01,11,40C__ps_foam_trial_4,40C,40.0,ps_foam,4,34.496376621320685,1019.4026489257812
0.01,11,40C__ps_foam_trial_5,40C,40.0,ps_foam,5,34.496376621320685,95.15453720092773
0.01,11,40C__ps_foam_trial_6,40C,40.0,ps_foam,6,34.496376621320685,102.36520640055339
0.01,11,50C__ps_foam_trial_1,50C,50.0,ps_foam,1,34.496376621320685,62.32721455891927
0.01,11,50C__ps_foam_trial_2,50C,50.0,ps_foam,2,34.496376621320685,69.99459838867188
0.01,11,50C__ps_foam_trial_3,50C,50.0,ps_foam,3,34.496376621320685,64.78023147583008
0.01,11,50C__ps_foam_trial_4,50C,50.0,ps_foam,4,34.496376621320685,61.71343231201172
0.01,11,50C__ps_foam_trial_5,50C,50.0,ps_foam,5,34.496376621320685,64.0998026529948
0.01,11,50C__ps_foam_trial_6,50C,50.0,ps_foam,6,34.496376621320685,65.27033106486003
0.01,11,60C__ps_foam_trial_1,60C,60.0,ps_foam,1,34.496376621320685,315.0922597249349
0.01,11,60C__ps_foam_trial_2,60C,60.0,ps_foam,2,34.496376621320685,249.0857696533203
0.01,11,60C__ps_foam_trial_3,60C,60.0,ps_foam,3,34.496376621320685,241.25554402669272
0.01,11,60C__ps_foam_trial_4,60C,60.0,ps_foam,4,34.496376621320685,153.86324055989584
0.01,11,60C__ps_foam_trial_5,60C,60.0,ps_foam,5,34.496376621320685,265.8755747477214
0.01,11,60C__ps_foam_trial_6,60C,60.0,ps_foam,6,34.496376621320685,344.24770100911456
0.01,12,30C__pu_foam_trial_1,30C,30.0,pu_foam,1,42.49705872175155,166.1056671142578
0.01,12,30C__pu_foam_trial_2,30C,30.0,pu_foam,2,42.49705872175155,93.16200256347656
0.01,12,30C__pu_foam_trial_3,30C,30.0,pu_foam,3,42.49705872175155,202.56641642252603
0.01,12,30C__pu_foam_trial_4,30C,30.0,pu_foam,4,42.49705872175155,227.5162099202474
0.01,12,30C__pu_foam_trial_5,30C,30.0,pu_foam,5,42.49705872175155,301.5922088623047
0.01,12,30C__pu_foam_trial_6,30C,30.0,pu_foam,6,42.49705872175155,85.96602121988933
0.01,12,40C__pu_foam_trial_1,40C,40.0,pu_foam,1,42.49705872175155,77.05565134684245
0.01,12,40C__pu_foam_trial_2,40C,40.0,pu_foam,2,42.49705872175155,88.18318176269531
0.01,12,40C__pu_foam_trial_3,40C,40.0,pu_foam,3,42.49705872175155,90.3445307413737
0.01,12,40C__pu_foam_trial_4,40C,40.0,pu_foam,4,42.49705872175155,75.00273895263672
0.01,12,40C__pu_foam_trial_5,40C,40.0,pu_foam,5,42.49705872175155,34.53826053115714
0.01,12,40C__pu_foam_trial_6,40C,40.0,pu_foam,6,42.49705872175155,42.489359732334755
0.01,12,50C__pu_foam_trial_1,50C,50.0,pu_foam,1,42.49705872175155,111.86619313557942
0.01,12,50C__pu_foam_trial_2,50C,50.0,pu_foam,2,42.49705872175155,83.57382202148438
0.01,12,50C__pu_foam_trial_3,50C,50.0,pu_foam,3,42.49705872175155,99.63316090901692
0.01,12,50C__pu_foam_trial_4,50C,50.0,pu_foam,4,42.49705872175155,65.2774264017741
0.01,12,50C__pu_foam_trial_5,50C,50.0,pu_foam,5,42.49705872175155,78.78017679850261
0.01,12,50C__pu_foam_trial_6,50C,50.0,pu_foam,6,42.49705872175155,105.43970489501953
0.01,12,60C__pu_foam_trial_1,60C,60.0,pu_foam,1,42.49705872175155,180.89721171061197
0.01,12,60C__pu_foam_trial_2,60C,60.0,pu_foam,2,42.49705872175155,1194.578104654948
0.01,12,60C__pu_foam_trial_3,60C,60.0,pu_foam,3,42.49705872175155,315.23841349283856
0.01,12,60C__pu_foam_trial_4,60C,60.0,pu_foam,4,42.49705872175155,192.609499613444
0.01,12,60C__pu_foam_trial_5,60C,60.0,pu_foam,5,42.49705872175155,296.1399332682292
0.01,12,60C__pu_foam_trial_6,60C,60.0,pu_foam,6,42.49705872175155,268.9209899902344
0.01,13,30C__titanium_trial_1,30C,30.0,titanium,1,7184.0359269702985,15104.406575520834
0.01,13,30C__titanium_trial_2,30C,30.0,titanium,2,7184.0359269702985,7812.567057291667
0.01,13,30C__titanium_trial_3,30C,30.0,titanium,3,7184.0359269702985,6043.720133463542
0.01,13,30C__titanium_trial_4,30C,30.0,titanium,4,7184.0359269702985,3673.1900227864585
0.01,13,30C__titanium_trial_5,30C,30.0,titanium,5,7184.0359269702985,7180.72216796875
0.01,13,30C__titanium_trial_6,30C,30.0,titanium,6,7184.0359269702985,4177.096516927083
0.01,13,40C__titanium_trial_1,40C,40.0,titanium,1,7184.0359269702985,18204.262369791668
0.01,13,40C__titanium_trial_2,40C,40.0,titanium,2,7184.0359269702985,13974.450846354166
0.01,13,40C__titanium_trial_3,40C,40.0,titanium,3,7184.0359269702985,18630.525390625
0.01,13,40C__titanium_trial_4,40C,40.0,titanium,4,7184.0359269702985,10278.9052734375
0.01,13,40C__titanium_trial_5,40C,40.0,titanium,5,7184.0359269702985,16282.767252604166
0.01,13,40C__titanium_trial_6,40C,40.0,titanium,6,7184.0359269702985,19149.533203125
0.01,13,50C__titanium_trial_1,50C,50.0,titanium,1,7184.0359269702985,11622.952799479166
0.01,13,50C__titanium_trial_2,50C,50.0,titanium,2,7184.0359269702985,8138.560872395833
0.01,13,50C__titanium_trial_3,50C,50.0,titanium,3,7184.0359269702985,17356.0419921875
0.01,13,50C__titanium_trial_4,50C,50.0,titanium,4,7184.0359269702985,13689.635091145834
0.01,13,50C__titanium_trial_5,50C,50.0,titanium,5,7184.0359269702985,13790.723958333334
0.01,13,50C__titanium_trial_6,50C,50.0,titanium,6,7184.0359269702985,18637.423502604168
0.01,13,60C__titanium_trial_1,60C,60.0,titanium,1,7184.0359269702985,11853.924153645834
0.01,13,60C__titanium_trial_2,60C,60.0,titanium,2,7184.0359269702985,11644.051106770834
0.01,13,60C__titanium_trial_3,60C,60.0,titanium,3,7184.0359269702985,11115.720052083334
0.01,13,60C__titanium_trial_4,60C,60.0,titanium,4,7184.0359269702985,12036.445963541666
0.01,13,60C__titanium_trial_5,60C,60.0,titanium,5,7184.0359269702985,12358.920247395834
0.01,13,60C__titanium_trial_6,60C,60.0,titanium,6,7184.0359269702985,13348.2861328125
0.01,14,30C__wood_trial_1,30C,30.0,wood,1,422.49260348555214,68.67225646972656
0.01,14,30C__wood_trial_2,30C,30.0,wood,2,422.49260348555214,162.46702575683594
0.01,14,30C__wood_trial_3,30C,30.0,wood,3,422.49260348555214,116.2581558227539
0.01,14,30C__wood_trial_4,30C,30.0,wood,4,422.49260348555214,68.94480641682942
0.01,14,30C__wood_trial_5,30C,30.0,wood,5,422.49260348555214,137.7001724243164
0.01,14,30C__wood_trial_6,30C,30.0,wood,6,422.49260348555214,211.62943013509116
0.01,14,40C__wood_trial_1,40C,40.0,wood,1,422.49260348555214,157.60617065429688
0.01,14,40C__wood_trial_2,40C,40.0,wood,2,422.49260348555214,175.53665669759116
0.01,14,40C__wood_trial_3,40C,40.0,wood,3,422.49260348555214,158.60775756835938
0.01,14,40C__wood_trial_4,40C,40.0,wood,4,422.49260348555214,140.23489634195963
0.01,14,40C__wood_trial_5,40C,40.0,wood,5,422.49260348555214,289.074956258138
0.01,14,40C__wood_trial_6,40C,40.0,wood,6,422.49260348555214,253.82441202799478
0.01,14,50C__wood_trial_1,50C,50.0,wood,1,422.49260348555214,241.94881693522134
0.01,14,50C__wood_trial_2,50C,50.0,wood,2,422.49260348555214,281.40305582682294
0.01,14,50C__wood_trial_3,50C,50.0,wood,3,422.49260348555214,297.7983907063802
0.01,14,50C__wood_trial_4,50C,50.0,wood,4,422.49260348555214,253.00567118326822
0.01,14,50C__wood_trial_5,50C,50.0,wood,5,422.49260348555214,218.04126485188803
0.01,14,50C__wood_trial_6,50C,50.0,wood,6,422.49260348555214,178.01488749186197
0.01,14,60C__wood_trial_1,60C,60.0,wood,1,422.49260348555214,13380.779622395834
0.01,14,60C__wood_trial_2,60C,60.0,wood,2,422.49260348555214,5549.754557291667
0.01,14,60C__wood_trial_3,60C,60.0,wood,3,422.49260348555214,8502.489908854166
0.01,14,60C__wood_trial_4,60C,60.0,wood,4,422.49260348555214,7214.140625
0.01,14,60C__wood_trial_5,60C,60.0,wood,5,422.49260348555214,4653.327799479167
0.01,14,60C__wood_trial_6,60C,60.0,wood,6,422.49260348555214,603.6675109863281
0.05,1,30C__aluminum_trial_1,30C,30.0,aluminum,1,23958.09466547789,15256.1318359375
0.05,1,30C__aluminum_trial_2,30C,30.0,aluminum,2,23958.09466547789,16755.281901041668
0.05,1,30C__aluminum_trial_3,30C,30.0,aluminum,3,23958.09466547789,8498.54150390625
0.05,1,30C__aluminum_trial_4,30C,30.0,aluminum,4,23958.09466547789,14168.7568359375
0.05,1,30C__aluminum_trial_5,30C,30.0,aluminum,5,23958.09466547789,11225.992838541666
0.05,1,30C__aluminum_trial_6,30C,30.0,aluminum,6,23958.09466547789,13500.743815104166
0.05,1,40C__aluminum_trial_1,40C,40.0,aluminum,1,23958.09466547789,20073.274739583332
0.05,1,40C__aluminum_trial_2,40C,40.0,aluminum,2,23958.09466547789,8113.005045572917
0.05,1,40C__aluminum_trial_3,40C,40.0,aluminum,3,23958.09466547789,26050.931640625
0.05,1,40C__aluminum_trial_4,40C,40.0,aluminum,4,23958.09466547789,13787.282877604166
0.05,1,40C__aluminum_trial_5,40C,40.0,aluminum,5,23958.09466547789,12135.3857421875
0.05,1,40C__aluminum_trial_6,40C,40.0,aluminum,6,23958.09466547789,10986.052083333334
0.05,1,50C__aluminum_trial_1,50C,50.0,aluminum,1,23958.09466547789,13469.069010416666
0.05,1,50C__aluminum_trial_2,50C,50.0,aluminum,2,23958.09466547789,12456.817057291666
0.05,1,50C__aluminum_trial_3,50C,50.0,aluminum,3,23958.09466547789,15984.8896484375
0.05,1,50C__aluminum_trial_4,50C,50.0,aluminum,4,23958.09466547789,19758.485677083332
0.05,1,50C__aluminum_trial_5,50C,50.0,aluminum,5,23958.09466547789,14766.331705729166
0.05,1,50C__aluminum_trial_6,50C,50.0,aluminum,6,23958.09466547789,21645.948567708332
0.05,1,60C__aluminum_trial_1,60C,60.0,aluminum,1,23958.09466547789,16578.92578125
0.05,1,60C__aluminum_trial_2,60C,60.0,aluminum,2,23958.09466547789,13528.9228515625
0.05,1,60C__aluminum_trial_3,60C,60.0,aluminum,3,23958.09466547789,12333.068033854166
0.05,1,60C__aluminum_trial_4,60C,60.0,aluminum,4,23958.09466547789,14724.8212890625
0.05,1,60C__aluminum_trial_5,60C,60.0,aluminum,5,23958.09466547789,14237.23046875
0.05,1,60C__aluminum_trial_6,60C,60.0,aluminum,6,23958.09466547789,18089.821614583332
0.05,2,30C__bismuth_trial_1,30C,30.0,bismuth,1,3209.1026783199068,8316.75830078125
0.05,2,30C__bismuth_trial_2,30C,30.0,bismuth,2,3209.1026783199068,5691.062174479167
0.05,2,30C__bismuth_trial_3,30C,30.0,bismuth,3,3209.1026783199068,4879.493001302083
0.05,2,30C__bismuth_trial_4,30C,30.0,bismuth,4,3209.1026783199068,9032.876139322916
0.05,2,30C__bismuth_trial_5,30C,30.0,bismuth,5,3209.1026783199068,5461.498046875
0.05,2,30C__bismuth_trial_6,30C,30.0,bismuth,6,3209.1026783199068,11367.321940104166
0.05,2,40C__bismuth_trial_1,40C,40.0,bismuth,1,3209.1026783199068,13944.8671875
0.05,2,40C__bismuth_trial_2,40C,40.0,bismuth,2,3209.1026783199068,12765.098307291666
0.05,2,40C__bismuth_trial_3,40C,40.0,bismuth,3,3209.1026783199068,11679.825520833334
0.05,2,40C__bismuth_trial_4,40C,40.0,bismuth,4,3209.1026783199068,11096.255533854166
0.05,2,40C__bismuth_trial_5,40C,40.0,bismuth,5,3209.1026783199068,15730.300130208334
0.05,2,40C__bismuth_trial_6,40C,40.0,bismuth,6,3209.1026783199068,14165.282552083334
0.05,2,50C__bismuth_trial_1,50C,50.0,bismuth,1,3209.1026783199068,10713.624348958334
0.05,2,50C__bismuth_trial_2,50C,50.0,bismuth,2,3209.1026783199068,15354.161458333334
0.05,2,50C__bismuth_trial_3,50C,50.0,bismuth,3,3209.1026783199068,17898.801432291668
0.05,2,50C__bismuth_trial_4,50C,50.0,bismuth,4,3209.1026783199068,15600.1904296875
0.05,2,50C__bismuth_trial_5,50C,50.0,bismuth,5,3209.1026783199068,14474.845377604166
0.05,2,50C__bismuth_trial_6,50C,50.0,bismuth,6,3209.1026783199068,11863.243815104166
0.05,2,60C__bismuth_trial_1,60C,60.0,bismuth,1,3209.1026783199068,11685.505533854166
0.05,2,60C__bismuth_trial_2,60C,60.0,bismuth,2,3209.1026783199068,9932.692708333334
0.05,2,60C__bismuth_trial_3,60C,60.0,bismuth,3,3209.1026783199068,11988.849934895834
0.05,2,60C__bismuth_trial_4,60C,60.0,bismuth,4,3209.1026783199068,15238.037109375
0.05,2,60C__bismuth_trial_5,60C,60.0,bismuth,5,3209.1026783199068,10767.786783854166
0.05,2,60C__bismuth_trial_6,60C,60.0,bismuth,6,3209.1026783199068,16008.149088541666
0.05,3,30C__cement_trial_1,30C,30.0,cement,1,559.6427431853289,532.5042317708334
0.05,3,30C__cement_trial_2,30C,30.0,cement,2,559.6427431853289,463.4676005045573
0.05,3,30C__cement_trial_3,30C,30.0,cement,3,559.6427431853289,476.7236328125
0.05,3,30C__cement_trial_4,30C,30.0,cement,4,559.6427431853289,482.09816487630206
0.05,3,30C__cement_trial_5,30C,30.0,cement,5,559.6427431853289,614.5421752929688
0.05,3,30C__cement_trial_6,30C,30.0,cement,6,559.6427431853289,494.05633544921875
0.05,3,40C__cement_trial_1,40C,40.0,cement,1,559.6427431853289,382.3975321451823
0.05,3,40C__cement_trial_2,40C,40.0,cement,2,559.6427431853289,428.38414510091144
0.05,3,40C__cement_trial_3,40C,40.0,cement,3,559.6427431853289,341.10276285807294
0.05,3,40C__cement_trial_4,40C,40.0,cement,4,559.6427431853289,611.9151204427084
0.05,3,40C__cement_trial_5,40C,40.0,cement,5,559.6427431853289,498.19626871744794
0.05,3,40C__cement_trial_6,40C,40.0,cement,6,559.6427431853289,399.02345784505206
0.05,3,50C__cement_trial_1,50C,50.0,cement,1,559.6427431853289,503.7599589029948
0.05,3,50C__cement_trial_2,50C,50.0,cement,2,559.6427431853289,286.92860921223956
0.05,3,50C__cement_trial_3,50C,50.0,cement,3,559.6427431853289,418.8615417480469
0.05,3,50C__cement_trial_4,50C,50.0,cement,4,559.6427431853289,374.41261800130206
0.05,3,50C__cement_trial_5,50C,50.0,cement,5,559.6427431853289,586.5210774739584
0.05,3,50C__cement_trial_6,50C,50.0,cement,6,559.6427431853289,650.7188720703125
0.05,3,60C__cement_trial_1,60C,60.0,cement,1,559.6427431853289,997.6475423177084
0.05,3,60C__cement_trial_2,60C,60.0,cement,2,559.6427431853289,602.9867960611979
0.05,3,60C__cement_trial_3,60C,60.0,cement,3,559.6427431853289,738.5376790364584
0.05,3,60C__cement_trial_4,60C,60.0,cement,4,559.6427431853289,642.8805541992188
0.05,3,60C__cement_trial_5,60C,60.0,cement,5,559.6427431853289,763.7649332682291
0.05,3,60C__cement_trial_6,60C,60.0,cement,6,559.6427431853289,560.7052510579427
0.05,4,30C__copper_trial_1,30C,30.0,copper,1,37192.601414797544,1645.822509765625
0.05,4,30C__copper_trial_2,30C,30.0,copper,2,37192.601414797544,13457.897786458334
0.05,4,30C__copper_trial_3,30C,30.0,copper,3,37192.601414797544,15040.660481770834
0.05,4,30C__copper_trial_4,30C,30.0,copper,4,37192.601414797544,14751.8544921875
0.05,4,30C__copper_trial_5,30C,30.0,copper,5,37192.601414797544,14455.877278645834
0.05,4,30C__copper_trial_6,30C,30.0,copper,6,37192.601414797544,14059.669596354166
0.05,4,40C__copper_trial_1,40C,40.0,copper,1,37192.601414797544,19003.970052083332
0.05,4,40C__copper_trial_2,40C,40.0,copper,2,37192.601414797544,11305.3056640625
0.05,4,40C__copper_trial_3,40C,40.0,copper,3,37192.601414797544,13319.2646484375
0.05,4,40C__copper_trial_4,40C,40.0,copper,4,37192.601414797544,8573.66796875
0.05,4,40C__copper_trial_5,40C,40.0,copper,5,37192.601414797544,8175.504557291667
0.05,4,40C__copper_trial_6,40C,40.0,copper,6,37192.601414797544,9184.165852864584
0.05,4,50C__copper_trial_1,50C,50.0,copper,1,37192.601414797544,6415.756022135417
0.05,4,50C__copper_trial_2,50C,50.0,copper,2,37192.601414797544,11981.661783854166
0.05,4,50C__copper_trial_3,50C,50.0,copper,3,37192.601414797544,9205.177408854166
0.05,4,50C__copper_trial_4,50C,50.0,copper,4,37192.601414797544,9540.8427734375
0.05,4,50C__copper_trial_5,50C,50.0,copper,5,37192.601414797544,8927.947591145834
0.05,4,50C__copper_trial_6,50C,50.0,copper,6,37192.601414797544,9346.541015625
0.05,4,60C__copper_trial_1,60C,60.0,copper,1,37192.601414797544,16309.576822916666
0.05,4,60C__copper_trial_2,60C,60.0,copper,2,37192.601414797544,20320.570963541668
0.05,4,60C__copper_trial_3,60C,60.0,copper,3,37192.601414797544,17275.268229166668
0.05,4,60C__copper_trial_4,60C,60.0,copper,4,37192.601414797544,21226.716145833332
0.05,4,60C__copper_trial_5,60C,60.0,copper,5,37192.601414797544,14862.107096354166
0.05,4,60C__copper_trial_6,60C,60.0,copper,6,37192.601414797544,13174.813802083334
0.05,5,30C__cork_trial_1,30C,30.0,cork,1,136.29380029920657,146.70665995279947
0.05,5,30C__cork_trial_2,30C,30.0,cork,2,136.29380029920657,77.20125198364258
0.05,5,30C__cork_trial_3,30C,30.0,cork,3,136.29380029920657,62.55671056111654
0.05,5,30C__cork_trial_4,30C,30.0,cork,4,136.29380029920657,51.922201792399086
0.05,5,30C__cork_trial_5,30C,30.0,cork,5,136.29380029920657,65.17875544230144
0.05,5,30C__cork_trial_6,30C,30.0,cork,6,136.29380029920657,59.569740295410156
0.05,5,40C__cork_trial_1,40C,40.0,cork,1,136.29380029920657,79.08974711100261
0.05,5,40C__cork_trial_2,40C,40.0,cork,2,136.29380029920657,75.50210062662761
0.05,5,40C__cork_trial_3,40C,40.0,cork,3,136.29380029920657,87.58821614583333
0.05,5,40C__cork_trial_4,40C,40.0,cork,4,136.29380029920657,88.57996877034505
0.05,5,40C__cork_trial_5,40C,40.0,cork,5,136.29380029920657,40.425774892171226
0.05,5,40C__cork_trial_6,40C,40.0,cork,6,136.29380029920657,34.580980054269126
0.05,5,50C__cork_trial_1,50C,50.0,cork,1,136.29380029920657,485.5659484863281
0.05,5,50C__cork_trial_2,50C,50.0,cork,2,136.29380029920657,449.49932861328125
0.05,5,50C__cork_trial_3,50C,50.0,cork,3,136.29380029920657,446.9775390625
0.05,5,50C__cork_trial_4,50C,50.0,cork,4,136.29380029920657,262.8364003499349
0.05,5,50C__cork_trial_5,50C,50.0,cork,5,136.29380029920657,442.9332682291667
0.05,5,50C__cork_trial_6,50C,50.0,cork,6,136.29380029920657,347.86720784505206
0.05,5,60C__cork_trial_1,60C,60.0,cork,1,136.29380029920657,327.2223612467448
0.05,5,60C__cork_trial_2,60C,60.0,cork,2,136.29380029920657,385.19081624348956
0.05,5,60C__cork_trial_3,60C,60.0,cork,3,136.29380029920657,296.7470703125
0.05,5,60C__cork_trial_4,60C,60.0,cork,4,136.29380029920657,327.3129475911458
0.05,5,60C__cork_trial_5,60C,60.0,cork,5,136.29380029920657,376.16530354817706
0.05,5,60C__cork_trial_6,60C,60.0,cork,6,136.29380029920657,316.8978983561198
0.05,6,30C__graphite_trial_1,30C,30.0,graphite,1,11367.497525840945,10492.044921875
0.05,6,30C__graphite_trial_2,30C,30.0,graphite,2,11367.497525840945,4253.966634114583
0.05,6,30C__graphite_trial_3,30C,30.0,graphite,3,11367.497525840945,2430.218017578125
0.05,6,30C__graphite_trial_4,30C,30.0,graphite,4,11367.497525840945,3856.2979329427085
0.05,6,30C__graphite_trial_5,30C,30.0,graphite,5,11367.497525840945,4251.424479166667
0.05,6,30C__graphite_trial_6,30C,30.0,graphite,6,11367.497525840945,4537.3408203125
0.05,6,40C__graphite_trial_1,40C,40.0,graphite,1,11367.497525840945,12122.1630859375
0.05,6,40C__graphite_trial_2,40C,40.0,graphite,2,11367.497525840945,11399.648274739584
0.05,6,40C__graphite_trial_3,40C,40.0,graphite,3,11367.497525840945,8066.138834635417
0.05,6,40C__graphite_trial_4,40C,40.0,graphite,4,11367.497525840945,13135.14453125
0.05,6,40C__graphite_trial_5,40C,40.0,graphite,5,11367.497525840945,2811.4561360677085
0.05,6,40C__graphite_trial_6,40C,40.0,graphite,6,11367.497525840945,6730.0029296875
0.05,6,50C__graphite_trial_1,50C,50.0,graphite,1,11367.497525840945,14029.450520833334
0.05,6,50C__graphite_trial_2,50C,50.0,graphite,2,11367.497525840945,15582.816080729166
0.05,6,50C__graphite_trial_3,50C,50.0,graphite,3,11367.497525840945,16535.3427734375
0.05,6,50C__graphite_trial_4,50C,50.0,graphite,4,11367.497525840945,17723.208984375
0.05,6,50C__graphite_trial_5,50C,50.0,graphite,5,11367.497525840945,8723.406412760416
0.05,6,50C__graphite_trial_6,50C,50.0,graphite,6,11367.497525840945,10372.335286458334
0.05,6,60C__graphite_trial_1,60C,60.0,graphite,1,11367.497525840945,9149.986328125
0.05,6,60C__graphite_trial_2,60C,60.0,graphite,2,11367.497525840945,13787.798502604166
0.05,6,60C__graphite_trial_3,60C,60.0,graphite,3,11367.497525840945,13705.665690104166
0.05,6,60C__graphite_trial_4,60C,60.0,graphite,4,11367.497525840945,12665.229817708334
0.05,6,60C__graphite_trial_5,60C,60.0,graphite,5,11367.497525840945,11088.1005859375
0.05,6,60C__graphite_trial_6,60C,60.0,graphite,6,11367.497525840945,11452.792643229166
0.05,7,30C__gypsum_trial_1,30C,30.0,gypsum,1,385.01948002666046,265.2907460530599
0.05,7,30C__gypsum_trial_2,30C,30.0,gypsum,2,385.01948002666046,380.29322306315106
0.05,7,30C__gypsum_trial_3,30C,30.0,gypsum,3,385.01948002666046,277.6023457845052
0.05,7,30C__gypsum_trial_4,30C,30.0,gypsum,4,385.01948002666046,200.00157165527344
0.05,7,30C__gypsum_trial_5,30C,30.0,gypsum,5,385.01948002666046,308.37497965494794
0.05,7,30C__gypsum_trial_6,30C,30.0,gypsum,6,385.01948002666046,167.72254943847656
0.05,7,40C__gypsum_trial_1,40C,40.0,gypsum,1,385.01948002666046,303.50441487630206
0.05,7,40C__gypsum_trial_2,40C,40.0,gypsum,2,385.01948002666046,202.1913299560547
0.05,7,40C__gypsum_trial_3,40C,40.0,gypsum,3,385.01948002666046,229.784423828125
0.05,7,40C__gypsum_trial_4,40C,40.0,gypsum,4,385.01948002666046,371.3277282714844
0.05,7,40C__gypsum_trial_5,40C,40.0,gypsum,5,385.01948002666046,739.7267862955729
0.05,7,40C__gypsum_trial_6,40C,40.0,gypsum,6,385.01948002666046,621.8524475097656
0.05,7,50C__gypsum_trial_1,50C,50.0,gypsum,1,385.01948002666046,793.2853393554688
0.05,7,50C__gypsum_trial_2,50C,50.0,gypsum,2,385.01948002666046,758.2352294921875
0.05,7,50C__gypsum_trial_3,50C,50.0,gypsum,3,385.01948002666046,740.7976684570312
0.05,7,50C__gypsum_trial_4,50C,50.0,gypsum,4,385.01948002666046,731.9812622070312
0.05,7,50C__gypsum_trial_5,50C,50.0,gypsum,5,385.01948002666046,875.8649698893229
0.05,7,50C__gypsum_trial_6,50C,50.0,gypsum,6,385.01948002666046,660.3628845214844
0.05,7,60C__gypsum_trial_1,60C,60.0,gypsum,1,385.01948002666046,2367.5323893229165
0.05,7,60C__gypsum_trial_2,60C,60.0,gypsum,2,385.01948002666046,1006.3346557617188
0.05,7,60C__gypsum_trial_3,60C,60.0,gypsum,3,385.01948002666046,1037.0035196940105
0.05,7,60C__gypsum_trial_4,60C,60.0,gypsum,4,385.01948002666046,1890.9556884765625
0.05,7,60C__gypsum_trial_5,60C,60.0,gypsum,5,385.01948002666046,2531.64892578125
0.05,7,60C__gypsum_trial_6,60C,60.0,gypsum,6,385.01948002666046,2057.9549153645835
0.05,8,30C__iron_trial_1,30C,30.0,iron,1,16859.663413010356,11170.442057291666
0.05,8,30C__iron_trial_2,30C,30.0,iron,2,16859.663413010356,22849.396484375
0.05,8,30C__iron_trial_3,30C,30.0,iron,3,16859.663413010356,13973.598958333334
0.05,8,30C__iron_trial_4,30C,30.0,iron,4,16859.663413010356,20284.772135416668
0.05,8,30C__iron_trial_5,30C,30.0,iron,5,16859.663413010356,16018.787760416666
0.05,8,30C__iron_trial_6,30C,30.0,iron,6,16859.663413010356,14899.073893229166
0.05,8,40C__iron_trial_1,40C,40.0,iron,1,16859.663413010356,14335.888671875
0.05,8,40C__iron_trial_2,40C,40.0,iron,2,16859.663413010356,8104.706217447917
0.05,8,40C__iron_trial_3,40C,40.0,iron,3,16859.663413010356,10436.5927734375
0.05,8,40C__iron_trial_4,40C,40.0,iron,4,16859.663413010356,6504.320638020833
0.05,8,40C__iron_trial_5,40C,40.0,iron,5,16859.663413010356,13873.16015625
0.05,8,40C__iron_trial_6,40C,40.0,iron,6,16859.663413010356,12357.008463541666
0.05,8,50C__iron_trial_1,50C,50.0,iron,1,16859.663413010356,10744.908528645834
0.05,8,50C__iron_trial_2,50C,50.0,iron,2,16859.663413010356,11381.281575520834
0.05,8,50C__iron_trial_3,50C,50.0,iron,3,16859.663413010356,14635.536783854166
0.05,8,50C__iron_trial_4,50C,50.0,iron,4,16859.663413010356,11496.703450520834
0.05,8,50C__iron_trial_5,50C,50.0,iron,5,16859.663413010356,17923.594401041668
0.05,8,50C__iron_trial_6,50C,50.0,iron,6,16859.663413010356,25612.225911458332
0.05,8,60C__iron_trial_1,60C,60.0,iron,1,16859.663413010356,31743.96875
0.05,8,60C__iron_trial_2,60C,60.0,iron,2,16859.663413010356,21962.973307291668
0.05,8,60C__iron_trial_3,60C,60.0,iron,3,16859.663413010356,21519.405598958332
0.05,8,60C__iron_trial_4,60C,60.0,iron,4,16859.663413010356,13320.732421875
0.05,8,60C__iron_trial_5,60C,60.0,iron,5,16859.663413010356,17337.698893229168
0.05,8,60C__iron_trial_6,60C,60.0,iron,6,16859.663413010356,20673.02734375
0.05,9,30C__nickel_trial_1,30C,30.0,nickel,1,19320.68449098013,9036.59326171875
0.05,9,30C__nickel_trial_2,30C,30.0,nickel,2,19320.68449098013,15248.53515625
0.05,9,30C__nickel_trial_3,30C,30.0,nickel,3,19320.68449098013,18023.745768229168
0.05,9,30C__nickel_trial_4,30C,30.0,nickel,4,19320.68449098013,11105.2392578125
0.05,9,30C__nickel_trial_5,30C,30.0,nickel,5,19320.68449098013,21913.113932291668
0.05,9,30C__nickel_trial_6,30C,30.0,nickel,6,19320.68449098013,20592.108723958332
0.05,9,40C__nickel_trial_1,40C,40.0,nickel,1,19320.68449098013,6152.187174479167
0.05,9,40C__nickel_trial_2,40C,40.0,nickel,2,19320.68449098013,7470.093912760417
0.05,9,40C__nickel_trial_3,40C,40.0,nickel,3,19320.68449098013,18629.764973958332
0.05,9,40C__nickel_trial_4,40C,40.0,nickel,4,19320.68449098013,13207.8974609375
0.05,9,40C__nickel_trial_5,40C,40.0,nickel,5,19320.68449098013,11687.131510416666
0.05,9,40C__nickel_trial_6,40C,40.0,nickel,6,19320.68449098013,10470.2861328125
0.05,9,50C__nickel_trial_1,50C,50.0,nickel,1,19320.68449098013,10524.357421875
0.05,9,50C__nickel_trial_2,50C,50.0,nickel,2,19320.68449098013,11708.673502604166
0.05,9,50C__nickel_trial_3,50C,50.0,nickel,3,19320.68449098013,13259.157552083334
0.05,9,50C__nickel_trial_4,50C,50.0,nickel,4,19320.68449098013,10927.65234375
0.05,9,50C__nickel_trial_5,50C,50.0,nickel,5,19320.68449098013,8362.868977864584
0.05,9,50C__nickel_trial_6,50C,50.0,nickel,6,19320.68449098013,16267.697916666666
0.05,9,60C__nickel_trial_1,60C,60.0,nickel,1,19320.68449098013,11661.717447916666
0.05,9,60C__nickel_trial_2,60C,60.0,nickel,2,19320.68449098013,22037.754557291668
0.05,9,60C__nickel_trial_3,60C,60.0,nickel,3,19320.68449098013,17966.6796875
0.05,9,60C__nickel_trial_4,60C,60.0,nickel,4,19320.68449098013,20808.573567708332
0.05,9,60C__nickel_trial_5,60C,60.0,nickel,5,19320.68449098013,21098.029947916668
0.05,9,60C__nickel_trial_6,60C,60.0,nickel,6,19320.68449098013,26120.666666666668
0.05,10,30C__pdms_trial_1,30C,30.0,pdms,1,460.90129095067635,167.2096405029297
0.05,10,30C__pdms_trial_2,30C,30.0,pdms,2,460.90129095067635,123.67226155598958
0.05,10,30C__pdms_trial_3,30C,30.0,pdms,3,460.90129095067635,141.5906194051107
0.05,10,30C__pdms_trial_4,30C,30.0,pdms,4,460.90129095067635,49.49542490641276
0.05,10,30C__pdms_trial_5,30C,30.0,pdms,5,460.90129095067635,181.39933268229166
0.05,10,30C__pdms_trial_6,30C,30.0,pdms,6,460.90129095067635,84.52229817708333
0.05,10,40C__pdms_trial_1,40C,40.0,pdms,1,460.90129095067635,441.1519368489583
0.05,10,40C__pdms_trial_2,40C,40.0,pdms,2,460.90129095067635,461.35022989908856
0.05,10,40C__pdms_trial_3,40C,40.0,pdms,3,460.90129095067635,456.77808634440106
0.05,10,40C__pdms_trial_4,40C,40.0,pdms,4,460.90129095067635,414.99672444661456
0.05,10,40C__pdms_trial_5,40C,40.0,pdms,5,460.90129095067635,222.35052998860678
0.05,10,40C__pdms_trial_6,40C,40.0,pdms,6,460.90129095067635,333.78436279296875
0.05,10,50C__pdms_trial_1,50C,50.0,pdms,1,460.90129095067635,243.95279947916666
0.05,10,50C__pdms_trial_2,50C,50.0,pdms,2,460.90129095067635,143.0204874674479
0.05,10,50C__pdms_trial_3,50C,50.0,pdms,3,460.90129095067635,381.199951171875
0.05,10,50C__pdms_trial_4,50C,50.0,pdms,4,460.90129095067635,398.7760823567708
0.05,10,50C__pdms_trial_5,50C,50.0,pdms,5,460.90129095067635,262.5922444661458
0.05,10,50C__pdms_trial_6,50C,50.0,pdms,6,460.90129095067635,254.39612833658853
0.05,10,60C__pdms_trial_1,60C,60.0,pdms,1,460.90129095067635,600.5130310058594
0.05,10,60C__pdms_trial_2,60C,60.0,pdms,2,460.90129095067635,435.0079854329427
0.05,10,60C__pdms_trial_3,60C,60.0,pdms,3,460.90129095067635,500.8653157552083
0.05,10,60C__pdms_trial_4,60C,60.0,pdms,4,460.90129095067635,261.3753204345703
0.05,10,60C__pdms_trial_5,60C,60.0,pdms,5,460.90129095067635,226.62476094563803
0.05,10,60C__pdms_trial_6,60C,60.0,pdms,6,460.90129095067635,148.7052764892578
0.05,11,30C__ps_foam_trial_1,30C,30.0,ps_foam,1,34.496376621320685,572.2258605957031
0.05,11,30C__ps_foam_trial_2,30C,30.0,ps_foam,2,34.496376621320685,709.2802022298177
0.05,11,30C__ps_foam_trial_3,30C,30.0,ps_foam,3,34.496376621320685,380.6124979654948
0.05,11,30C__ps_foam_trial_4,30C,30.0,ps_foam,4,34.496376621320685,313.81385294596356
0.05,11,30C__ps_foam_trial_5,30C,30.0,ps_foam,5,34.496376621320685,180.3209482828776
0.05,11,30C__ps_foam_trial_6,30C,30.0,ps_foam,6,34.496376621320685,189.79708862304688
0.05,11,40C__ps_foam_trial_1,40C,40.0,ps_foam,1,34.496376621320685,51.291151682535805
0.05,11,40C__ps_foam_trial_2,40C,40.0,ps_foam,2,34.496376621320685,49.14590072631836
0.05,11,40C__ps_foam_trial_3,40C,40.0,ps_foam,3,34.496376621320685,44.55404780465403
0.05,11,40C__ps_foam_trial_4,40C,40.0,ps_foam,4,34.496376621320685,1061.7036539713542
0.05,11,40C__ps_foam_trial_5,40C,40.0,ps_foam,5,34.496376621320685,110.10401916503906
0.05,11,40C__ps_foam_trial_6,40C,40.0,ps_foam,6,34.496376621320685,87.62377166748047
0.05,11,50C__ps_foam_trial_1,50C,50.0,ps_foam,1,34.496376621320685,59.12747701009115
0.05,11,50C__ps_foam_trial_2,50C,50.0,ps_foam,2,34.496376621320685,66.45591481526692
0.05,11,50C__ps_foam_trial_3,50C,50.0,ps_foam,3,34.496376621320685,57.824990590413414
0.05,11,50C__ps_foam_trial_4,50C,50.0,ps_foam,4,34.496376621320685,59.432247161865234
0.05,11,50C__ps_foam_trial_5,50C,50.0,ps_foam,5,34.496376621320685,58.49611028035482
0.05,11,50C__ps_foam_trial_6,50C,50.0,ps_foam,6,34.496376621320685,57.01484680175781
0.05,11,60C__ps_foam_trial_1,60C,60.0,ps_foam,1,34.496376621320685,291.31467692057294
0.05,11,60C__ps_foam_trial_2,60C,60.0,ps_foam,2,34.496376621320685,242.87848917643228
0.05,11,60C__ps_foam_trial_3,60C,60.0,ps_foam,3,34.496376621320685,198.69695027669272
0.05,11,60C__ps_foam_trial_4,60C,60.0,ps_foam,4,34.496376621320685,153.71660359700522
0.05,11,60C__ps_foam_trial_5,60C,60.0,ps_foam,5,34.496376621320685,277.3461405436198
0.05,11,60C__ps_foam_trial_6,60C,60.0,ps_foam,6,34.496376621320685,338.78997802734375
0.05,12,30C__pu_foam_trial_1,30C,30.0,pu_foam,1,42.49705872175155,125.36920928955078
0.05,12,30C__pu_foam_trial_2,30C,30.0,pu_foam,2,42.49705872175155,99.04337565104167
0.05,12,30C__pu_foam_trial_3,30C,30.0,pu_foam,3,42.49705872175155,216.96835327148438
0.05,12,30C__pu_foam_trial_4,30C,30.0,pu_foam,4,42.49705872175155,227.21028645833334
0.05,12,30C__pu_foam_trial_5,30C,30.0,pu_foam,5,42.49705872175155,257.1925913492839
0.05,12,30C__pu_foam_trial_6,30C,30.0,pu_foam,6,42.49705872175155,83.63609568277995
0.05,12,40C__pu_foam_trial_1,40C,40.0,pu_foam,1,42.49705872175155,81.92172495524089
0.05,12,40C__pu_foam_trial_2,40C,40.0,pu_foam,2,42.49705872175155,86.17567698160808
0.05,12,40C__pu_foam_trial_3,40C,40.0,pu_foam,3,42.49705872175155,94.66935729980469
0.05,12,40C__pu_foam_trial_4,40C,40.0,pu_foam,4,42.49705872175155,87.12552388509114
0.05,12,40C__pu_foam_trial_5,40C,40.0,pu_foam,5,42.49705872175155,34.98266640477368
0.05,12,40C__pu_foam_trial_6,40C,40.0,pu_foam,6,42.49705872175155,40.946434020996094
0.05,12,50C__pu_foam_trial_1,50C,50.0,pu_foam,1,42.49705872175155,119.74691518147786
0.05,12,50C__pu_foam_trial_2,50C,50.0,pu_foam,2,42.49705872175155,76.89273071289062
0.05,12,50C__pu_foam_trial_3,50C,50.0,pu_foam,3,42.49705872175155,96.08003234863281
0.05,12,50C__pu_foam_trial_4,50C,50.0,pu_foam,4,42.49705872175155,76.70813242594402
0.05,12,50C__pu_foam_trial_5,50C,50.0,pu_foam,5,42.49705872175155,93.47476959228516
0.05,12,50C__pu_foam_trial_6,50C,50.0,pu_foam,6,42.49705872175155,92.7434565226237
0.05,12,60C__pu_foam_trial_1,60C,60.0,pu_foam,1,42.49705872175155,185.54597981770834
0.05,12,60C__pu_foam_trial_2,60C,60.0,pu_foam,2,42.49705872175155,1128.6670735677083
0.05,12,60C__pu_foam_trial_3,60C,60.0,pu_foam,3,42.49705872175155,382.5097249348958
0.05,12,60C__pu_foam_trial_4,60C,60.0,pu_foam,4,42.49705872175155,221.9647674560547
0.05,12,60C__pu_foam_trial_5,60C,60.0,pu_foam,5,42.49705872175155,373.9238993326823
0.05,12,60C__pu_foam_trial_6,60C,60.0,pu_foam,6,42.49705872175155,321.6418151855469
0.05,13,30C__titanium_trial_1,30C,30.0,titanium,1,7184.0359269702985,12266.376627604166
0.05,13,30C__titanium_trial_2,30C,30.0,titanium,2,7184.0359269702985,9217.309244791666
0.05,13,30C__titanium_trial_3,30C,30.0,titanium,3,7184.0359269702985,6762.382649739583
0.05,13,30C__titanium_trial_4,30C,30.0,titanium,4,7184.0359269702985,5220.171549479167
0.05,13,30C__titanium_trial_5,30C,30.0,titanium,5,7184.0359269702985,9253.867024739584
0.05,13,30C__titanium_trial_6,30C,30.0,titanium,6,7184.0359269702985,4665.76025390625
0.05,13,40C__titanium_trial_1,40C,40.0,titanium,1,7184.0359269702985,18141.403645833332
0.05,13,40C__titanium_trial_2,40C,40.0,titanium,2,7184.0359269702985,13652.237630208334
0.05,13,40C__titanium_trial_3,40C,40.0,titanium,3,7184.0359269702985,16542.706380208332
0.05,13,40C__titanium_trial_4,40C,40.0,titanium,4,7184.0359269702985,10219.659505208334
0.05,13,40C__titanium_trial_5,40C,40.0,titanium,5,7184.0359269702985,17234.638020833332
0.05,13,40C__titanium_trial_6,40C,40.0,titanium,6,7184.0359269702985,18707.131510416668
0.05,13,50C__titanium_trial_1,50C,50.0,titanium,1,7184.0359269702985,13005.400716145834
0.05,13,50C__titanium_trial_2,50C,50.0,titanium,2,7184.0359269702985,6149.07373046875
0.05,13,50C__titanium_trial_3,50C,50.0,titanium,3,7184.0359269702985,15605.482421875
0.05,13,50C__titanium_trial_4,50C,50.0,titanium,4,7184.0359269702985,15381.3740234375
0.05,13,50C__titanium_trial_5,50C,50.0,titanium,5,7184.0359269702985,13006.215169270834
0.05,13,50C__titanium_trial_6,50C,50.0,titanium,6,7184.0359269702985,14968.822265625
0.05,13,60C__titanium_trial_1,60C,60.0,titanium,1,7184.0359269702985,9153.288411458334
0.05,13,60C__titanium_trial_2,60C,60.0,titanium,2,7184.0359269702985,9050.761555989584
0.05,13,60C__titanium_trial_3,60C,60.0,titanium,3,7184.0359269702985,9651.249348958334
0.05,13,60C__titanium_trial_4,60C,60.0,titanium,4,7184.0359269702985,12843.5556640625
0.05,13,60C__titanium_trial_5,60C,60.0,titanium,5,7184.0359269702985,11715.6513671875
0.05,13,60C__titanium_trial_6,60C,60.0,titanium,6,7184.0359269702985,12661.331380208334
0.05,14,30C__wood_trial_1,30C,30.0,wood,1,422.49260348555214,71.16183980305989
0.05,14,30C__wood_trial_2,30C,30.0,wood,2,422.49260348555214,195.70591735839844
0.05,14,30C__wood_trial_3,30C,30.0,wood,3,422.49260348555214,113.31873575846355
0.05,14,30C__wood_trial_4,30C,30.0,wood,4,422.49260348555214,79.38981374104817
0.05,14,30C__wood_trial_5,30C,30.0,wood,5,422.49260348555214,128.88220977783203
0.05,14,30C__wood_trial_6,30C,30.0,wood,6,422.49260348555214,223.79936726888022
0.05,14,40C__wood_trial_1,40C,40.0,wood,1,422.49260348555214,159.2322998046875
0.05,14,40C__wood_trial_2,40C,40.0,wood,2,422.49260348555214,173.39796447753906
0.05,14,40C__wood_trial_3,40C,40.0,wood,3,422.49260348555214,165.7774658203125
0.05,14,40C__wood_trial_4,40C,40.0,wood,4,422.49260348555214,136.57428232828775
0.05,14,40C__wood_trial_5,40C,40.0,wood,5,422.49260348555214,263.40386454264325
0.05,14,40C__wood_trial_6,40C,40.0,wood,6,422.49260348555214,260.90663655598956
0.05,14,50C__wood_trial_1,50C,50.0,wood,1,422.49260348555214,277.6245422363281
0.05,14,50C__wood_trial_2,50C,50.0,wood,2,422.49260348555214,299.0754089355469
0.05,14,50C__wood_trial_3,50C,50.0,wood,3,422.49260348555214,279.4488016764323
0.05,14,50C__wood_trial_4,50C,50.0,wood,4,422.49260348555214,260.2073109944661
0.05,14,50C__wood_trial_5,50C,50.0,wood,5,422.49260348555214,226.62142944335938
0.05,14,50C__wood_trial_6,50C,50.0,wood,6,422.49260348555214,175.72645568847656
0.05,14,60C__wood_trial_1,60C,60.0,wood,1,422.49260348555214,12349.818359375
0.05,14,60C__wood_trial_2,60C,60.0,wood,2,422.49260348555214,5041.046549479167
0.05,14,60C__wood_trial_3,60C,60.0,wood,3,422.49260348555214,7859.747395833333
0.05,14,60C__wood_trial_4,60C,60.0,wood,4,422.49260348555214,6829.171061197917
0.05,14,60C__wood_trial_5,60C,60.0,wood,5,422.49260348555214,4014.440185546875
0.05,14,60C__wood_trial_6,60C,60.0,wood,6,422.49260348555214,550.3889465332031
0.1,1,30C__aluminum_trial_1,30C,30.0,aluminum,1,23958.09466547789,16399.376302083332
0.1,1,30C__aluminum_trial_2,30C,30.0,aluminum,2,23958.09466547789,18000.765625
0.1,1,30C__aluminum_trial_3,30C,30.0,aluminum,3,23958.09466547789,9295.812174479166
0.1,1,30C__aluminum_trial_4,30C,30.0,aluminum,4,23958.09466547789,15888.800455729166
0.1,1,30C__aluminum_trial_5,30C,30.0,aluminum,5,23958.09466547789,13849.695638020834
0.1,1,30C__aluminum_trial_6,30C,30.0,aluminum,6,23958.09466547789,12613.387369791666
0.1,1,40C__aluminum_trial_1,40C,40.0,aluminum,1,23958.09466547789,20452.860677083332
0.1,1,40C__aluminum_trial_2,40C,40.0,aluminum,2,23958.09466547789,8074.115071614583
0.1,1,40C__aluminum_trial_3,40C,40.0,aluminum,3,23958.09466547789,24512.429036458332
0.1,1,40C__aluminum_trial_4,40C,40.0,aluminum,4,23958.09466547789,13653.796223958334
0.1,1,40C__aluminum_trial_5,40C,40.0,aluminum,5,23958.09466547789,11836.4638671875
0.1,1,40C__aluminum_trial_6,40C,40.0,aluminum,6,23958.09466547789,11494.011067708334
0.1,1,50C__aluminum_trial_1,50C,50.0,aluminum,1,23958.09466547789,13141.199544270834
0.1,1,50C__aluminum_trial_2,50C,50.0,aluminum,2,23958.09466547789,12999.790364583334
0.1,1,50C__aluminum_trial_3,50C,50.0,aluminum,3,23958.09466547789,17505.354166666668
0.1,1,50C__aluminum_trial_4,50C,50.0,aluminum,4,23958.09466547789,18733.184895833332
0.1,1,50C__aluminum_trial_5,50C,50.0,aluminum,5,23958.09466547789,16181.440104166666
0.1,1,50C__aluminum_trial_6,50C,50.0,aluminum,6,23958.09466547789,19011.342447916668
0.1,1,60C__aluminum_trial_1,60C,60.0,aluminum,1,23958.09466547789,15308.363606770834
0.1,1,60C__aluminum_trial_2,60C,60.0,aluminum,2,23958.09466547789,14586.537109375
0.1,1,60C__aluminum_trial_3,60C,60.0,aluminum,3,23958.09466547789,12045.44921875
0.1,1,60C__aluminum_trial_4,60C,60.0,aluminum,4,23958.09466547789,15057.456705729166
0.1,1,60C__aluminum_trial_5,60C,60.0,aluminum,5,23958.09466547789,15622.370442708334
0.1,1,60C__aluminum_trial_6,60C,60.0,aluminum,6,23958.09466547789,20808.500651041668
0.1,2,30C__bismuth_trial_1,30C,30.0,bismuth,1,3209.1026783199068,8838.305338541666
0.1,2,30C__bismuth_trial_2,30C,30.0,bismuth,2,3209.1026783199068,7594.774251302083
0.1,2,30C__bismuth_trial_3,30C,30.0,bismuth,3,3209.1026783199068,5302.042073567708
0.1,2,30C__bismuth_trial_4,30C,30.0,bismuth,4,3209.1026783199068,10043.797200520834
0.1,2,30C__bismuth_trial_5,30C,30.0,bismuth,5,3209.1026783199068,6300.3505859375
0.1,2,30C__bismuth_trial_6,30C,30.0,bismuth,6,3209.1026783199068,10332.444986979166
0.1,2,40C__bismuth_trial_1,40C,40.0,bismuth,1,3209.1026783199068,13765.2470703125
0.1,2,40C__bismuth_trial_2,40C,40.0,bismuth,2,3209.1026783199068,11152.084635416666
0.1,2,40C__bismuth_trial_3,40C,40.0,bismuth,3,3209.1026783199068,8767.332194010416
0.1,2,40C__bismuth_trial_4,40C,40.0,bismuth,4,3209.1026783199068,10873.95703125
0.1,2,40C__bismuth_trial_5,40C,40.0,bismuth,5,3209.1026783199068,15601.883138020834
0.1,2,40C__bismuth_trial_6,40C,40.0,bismuth,6,3209.1026783199068,12944.570963541666
0.1,2,50C__bismuth_trial_1,50C,50.0,bismuth,1,3209.1026783199068,9403.458984375
0.1,2,50C__bismuth_trial_2,50C,50.0,bismuth,2,3209.1026783199068,15216.758463541666
0.1,2,50C__bismuth_trial_3,50C,50.0,bismuth,3,3209.1026783199068,19115.984375
0.1,2,50C__bismuth_trial_4,50C,50.0,bismuth,4,3209.1026783199068,16283.895182291666
0.1,2,50C__bismuth_trial_5,50C,50.0,bismuth,5,3209.1026783199068,15436.349283854166
0.1,2,50C__bismuth_trial_6,50C,50.0,bismuth,6,3209.1026783199068,11926.451171875
0.1,2,60C__bismuth_trial_1,60C,60.0,bismuth,1,3209.1026783199068,11767.1728515625
0.1,2,60C__bismuth_trial_2,60C,60.0,bismuth,2,3209.1026783199068,10376.073567708334
0.1,2,60C__bismuth_trial_3,60C,60.0,bismuth,3,3209.1026783199068,12126.651692708334
0.1,2,60C__bismuth_trial_4,60C,60.0,bismuth,4,3209.1026783199068,17063.263020833332
0.1,2,60C__bismuth_trial_5,60C,60.0,bismuth,5,3209.1026783199068,11445.059244791666
0.1,2,60C__bismuth_trial_6,60C,60.0,bismuth,6,3209.1026783199068,17380.091145833332
0.1,3,30C__cement_trial_1,30C,30.0,cement,1,559.6427431853289,423.4112141927083
0.1,3,30C__cement_trial_2,30C,30.0,cement,2,559.6427431853289,459.3192443847656
0.1,3,30C__cement_trial_3,30C,30.0,cement,3,559.6427431853289,430.1796875
0.1,3,30C__cement_trial_4,30C,30.0,cement,4,559.6427431853289,453.2826232910156
0.1,3,30C__cement_trial_5,30C,30.0,cement,5,559.6427431853289,523.0274353027344
0.1,3,30C__cement_trial_6,30C,30.0,cement,6,559.6427431853289,469.42836507161456
0.1,3,40C__cement_trial_1,40C,40.0,cement,1,559.6427431853289,437.1980692545573
0.1,3,40C__cement_trial_2,40C,40.0,cement,2,559.6427431853289,383.7971598307292
0.1,3,40C__cement_trial_3,40C,40.0,cement,3,559.6427431853289,326.94313557942706
0.1,3,40C__cement_trial_4,40C,40.0,cement,4,559.6427431853289,756.030029296875
0.1,3,40C__cement_trial_5,40C,40.0,cement,5,559.6427431853289,652.5641581217448
0.1,3,40C__cement_trial_6,40C,40.0,cement,6,559.6427431853289,416.6734110514323
0.1,3,50C__cement_trial_1,50C,50.0,cement,1,559.6427431853289,456.3441162109375
0.1,3,50C__cement_trial_2,50C,50.0,cement,2,559.6427431853289,321.96059163411456
0.1,3,50C__cement_trial_3,50C,50.0,cement,3,559.6427431853289,348.155517578125
0.1,3,50C__cement_trial_4,50C,50.0,cement,4,559.6427431853289,344.1627502441406
0.1,3,50C__cement_trial_5,50C,50.0,cement,5,559.6427431853289,481.0243225097656
0.1,3,50C__cement_trial_6,50C,50.0,cement,6,559.6427431853289,532.8245849609375
0.1,3,60C__cement_trial_1,60C,60.0,cement,1,559.6427431853289,1024.1199137369792
0.1,3,60C__cement_trial_2,60C,60.0,cement,2,559.6427431853289,817.6472778320312
0.1,3,60C__cement_trial_3,60C,60.0,cement,3,559.6427431853289,877.5189208984375
0.1,3,60C__cement_trial_4,60C,60.0,cement,4,559.6427431853289,744.7846476236979
0.1,3,60C__cement_trial_5,60C,60.0,cement,5,559.6427431853289,938.8477986653646
0.1,3,60C__cement_trial_6,60C,60.0,cement,6,559.6427431853289,708.757578531901
0.1,4,30C__copper_trial_1,30C,30.0,copper,1,37192.601414797544,2588.6070963541665
0.1,4,30C__copper_trial_2,30C,30.0,copper,2,37192.601414797544,16290.562174479166
0.1,4,30C__copper_trial_3,30C,30.0,copper,3,37192.601414797544,15454.310221354166
0.1,4,30C__copper_trial_4,30C,30.0,copper,4,37192.601414797544,15720.4130859375
0.1,4,30C__copper_trial_5,30C,30.0,copper,5,37192.601414797544,13541.945963541666
0.1,4,30C__copper_trial_6,30C,30.0,copper,6,37192.601414797544,13598.341471354166
0.1,4,40C__copper_trial_1,40C,40.0,copper,1,37192.601414797544,19006.104166666668
0.1,4,40C__copper_trial_2,40C,40.0,copper,2,37192.601414797544,15063.8310546875
0.1,4,40C__copper_trial_3,40C,40.0,copper,3,37192.601414797544,16471.5439453125
0.1,4,40C__copper_trial_4,40C,40.0,copper,4,37192.601414797544,9409.421875
0.1,4,40C__copper_trial_5,40C,40.0,copper,5,37192.601414797544,8954.877278645834
0.1,4,40C__copper_trial_6,40C,40.0,copper,6,37192.601414797544,8699.89697265625
0.1,4,50C__copper_trial_1,50C,50.0,copper,1,37192.601414797544,6233.590657552083
0.1,4,50C__copper_trial_2,50C,50.0,copper,2,37192.601414797544,12289.520833333334
0.1,4,50C__copper_trial_3,50C,50.0,copper,3,37192.601414797544,8932.83837890625
0.1,4,50C__copper_trial_4,50C,50.0,copper,4,37192.601414797544,11007.767252604166
0.1,4,50C__copper_trial_5,50C,50.0,copper,5,37192.601414797544,8814.225260416666
0.1,4,50C__copper_trial_6,50C,50.0,copper,6,37192.601414797544,10172.615234375
0.1,4,60C__copper_trial_1,60C,60.0,copper,1,37192.601414797544,15482.45703125
0.1,4,60C__copper_trial_2,60C,60.0,copper,2,37192.601414797544,20728.208984375
0.1,4,60C__copper_trial_3,60C,60.0,copper,3,37192.601414797544,16457.407552083332
0.1,4,60C__copper_trial_4,60C,60.0,copper,4,37192.601414797544,20752.705078125
0.1,4,60C__copper_trial_5,60C,60.0,copper,5,37192.601414797544,15936.486328125
0.1,4,60C__copper_trial_6,60C,60.0,copper,6,37192.601414797544,12278.815755208334
0.1,5,30C__cork_trial_1,30C,30.0,cork,1,136.29380029920657,133.02091471354166
0.1,5,30C__cork_trial_2,30C,30.0,cork,2,136.29380029920657,77.92479451497395
0.1,5,30C__cork_trial_3,30C,30.0,cork,3,136.29380029920657,59.22418340047201
0.1,5,30C__cork_trial_4,30C,30.0,cork,4,136.29380029920657,49.68101501464844
0.1,5,30C__cork_trial_5,30C,30.0,cork,5,136.29380029920657,59.938803354899086
0.1,5,30C__cork_trial_6,30C,30.0,cork,6,136.29380029920657,67.11947250366211
0.1,5,40C__cork_trial_1,40C,40.0,cork,1,136.29380029920657,83.24648539225261
0.1,5,40C__cork_trial_2,40C,40.0,cork,2,136.29380029920657,80.34365336100261
0.1,5,40C__cork_trial_3,40C,40.0,cork,3,136.29380029920657,91.16221364339192
0.1,5,40C__cork_trial_4,40C,40.0,cork,4,136.29380029920657,77.62628173828125
0.1,5,40C__cork_trial_5,40C,40.0,cork,5,136.29380029920657,35.21582050707434
0.1,5,40C__cork_trial_6,40C,40.0,cork,6,136.29380029920657,34.784316134184486
0.1,5,50C__cork_trial_1,50C,50.0,cork,1,136.29380029920657,455.1718343098958
0.1,5,50C__cork_trial_2,50C,50.0,cork,2,136.29380029920657,459.3231201171875
0.1,5,50C__cork_trial_3,50C,50.0,cork,3,136.29380029920657,475.9923095703125
0.1,5,50C__cork_trial_4,50C,50.0,cork,4,136.29380029920657,268.9851582845052
0.1,5,50C__cork_trial_5,50C,50.0,cork,5,136.29380029920657,444.1945088704427
0.1,5,50C__cork_trial_6,50C,50.0,cork,6,136.29380029920657,380.83026123046875
0.1,5,60C__cork_trial_1,60C,60.0,cork,1,136.29380029920657,354.588134765625
0.1,5,60C__cork_trial_2,60C,60.0,cork,2,136.29380029920657,344.80210367838544
0.1,5,60C__cork_trial_3,60C,60.0,cork,3,136.29380029920657,303.9478759765625
0.1,5,60C__cork_trial_4,60C,60.0,cork,4,136.29380029920657,327.0818786621094
0.1,5,60C__cork_trial_5,60C,60.0,cork,5,136.29380029920657,406.9319152832031
0.1,5,60C__cork_trial_6,60C,60.0,cork,6,136.29380029920657,372.4688415527344
0.1,6,30C__graphite_trial_1,30C,30.0,graphite,1,11367.497525840945,12638.394205729166
0.1,6,30C__graphite_trial_2,30C,30.0,graphite,2,11367.497525840945,2733.479939778646
0.1,6,30C__graphite_trial_3,30C,30.0,graphite,3,11367.497525840945,1984.6587727864583
0.1,6,30C__graphite_trial_4,30C,30.0,graphite,4,11367.497525840945,5594.222819010417
0.1,6,30C__graphite_trial_5,30C,30.0,graphite,5,11367.497525840945,5205.747151692708
0.1,6,30C__graphite_trial_6,30C,30.0,graphite,6,11367.497525840945,3428.3404947916665
0.1,6,40C__graphite_trial_1,40C,40.0,graphite,1,11367.497525840945,11485.906901041666
0.1,6,40C__graphite_trial_2,40C,40.0,graphite,2,11367.497525840945,8219.63037109375
0.1,6,40C__graphite_trial_3,40C,40.0,graphite,3,11367.497525840945,6909.757486979167
0.1,6,40C__graphite_trial_4,40C,40.0,graphite,4,11367.497525840945,12618.595703125
0.1,6,40C__graphite_trial_5,40C,40.0,graphite,5,11367.497525840945,3167.458984375
0.1,6,40C__graphite_trial_6,40C,40.0,graphite,6,11367.497525840945,7025.811848958333
0.1,6,50C__graphite_trial_1,50C,50.0,graphite,1,11367.497525840945,14393.5830078125
0.1,6,50C__graphite_trial_2,50C,50.0,graphite,2,11367.497525840945,13058.3447265625
0.1,6,50C__graphite_trial_3,50C,50.0,graphite,3,11367.497525840945,13558.967447916666
0.1,6,50C__graphite_trial_4,50C,50.0,graphite,4,11367.497525840945,15304.579427083334
0.1,6,50C__graphite_trial_5,50C,50.0,graphite,5,11367.497525840945,10422.709309895834
0.1,6,50C__graphite_trial_6,50C,50.0,graphite,6,11367.497525840945,14256.459635416666
0.1,6,60C__graphite_trial_1,60C,60.0,graphite,1,11367.497525840945,9215.079752604166
0.1,6,60C__graphite_trial_2,60C,60.0,graphite,2,11367.497525840945,14349.369140625
0.1,6,60C__graphite_trial_3,60C,60.0,graphite,3,11367.497525840945,14141.605143229166
0.1,6,60C__graphite_trial_4,60C,60.0,graphite,4,11367.497525840945,12193.406575520834
0.1,6,60C__graphite_trial_5,60C,60.0,graphite,5,11367.497525840945,9093.658854166666
0.1,6,60C__graphite_trial_6,60C,60.0,graphite,6,11367.497525840945,12049.9345703125
0.1,7,30C__gypsum_trial_1,30C,30.0,gypsum,1,385.01948002666046,276.1451822916667
0.1,7,30C__gypsum_trial_2,30C,30.0,gypsum,2,385.01948002666046,373.8219299316406
0.1,7,30C__gypsum_trial_3,30C,30.0,gypsum,3,385.01948002666046,301.7896474202474
0.1,7,30C__gypsum_trial_4,30C,30.0,gypsum,4,385.01948002666046,214.327392578125
0.1,7,30C__gypsum_trial_5,30C,30.0,gypsum,5,385.01948002666046,319.4979248046875
0.1,7,30C__gypsum_trial_6,30C,30.0,gypsum,6,385.01948002666046,199.16116841634116
0.1,7,40C__gypsum_trial_1,40C,40.0,gypsum,1,385.01948002666046,331.1293233235677
0.1,7,40C__gypsum_trial_2,40C,40.0,gypsum,2,385.01948002666046,229.4012196858724
0.1,7,40C__gypsum_trial_3,40C,40.0,gypsum,3,385.01948002666046,260.04083251953125
0.1,7,40C__gypsum_trial_4,40C,40.0,gypsum,4,385.01948002666046,302.92112223307294
0.1,7,40C__gypsum_trial_5,40C,40.0,gypsum,5,385.01948002666046,936.7769775390625
0.1,7,40C__gypsum_trial_6,40C,40.0,gypsum,6,385.01948002666046,471.396484375
0.1,7,50C__gypsum_trial_1,50C,50.0,gypsum,1,385.01948002666046,898.7340698242188
0.1,7,50C__gypsum_trial_2,50C,50.0,gypsum,2,385.01948002666046,722.1751708984375
0.1,7,50C__gypsum_trial_3,50C,50.0,gypsum,3,385.01948002666046,731.2455444335938
0.1,7,50C__gypsum_trial_4,50C,50.0,gypsum,4,385.01948002666046,747.2207641601562
0.1,7,50C__gypsum_trial_5,50C,50.0,gypsum,5,385.01948002666046,790.4698384602865
0.1,7,50C__gypsum_trial_6,50C,50.0,gypsum,6,385.01948002666046,621.6951700846354
0.1,7,60C__gypsum_trial_1,60C,60.0,gypsum,1,385.01948002666046,5196.669108072917
0.1,7,60C__gypsum_trial_2,60C,60.0,gypsum,2,385.01948002666046,2545.6847534179688
0.1,7,60C__gypsum_trial_3,60C,60.0,gypsum,3,385.01948002666046,1048.7699584960938
0.1,7,60C__gypsum_trial_4,60C,60.0,gypsum,4,385.01948002666046,3708.8681640625
0.1,7,60C__gypsum_trial_5,60C,60.0,gypsum,5,385.01948002666046,5017.070149739583
0.1,7,60C__gypsum_trial_6,60C,60.0,gypsum,6,385.01948002666046,2174.9554443359375
0.1,8,30C__iron_trial_1,30C,30.0,iron,1,16859.663413010356,12443.399739583334
0.1,8,30C__iron_trial_2,30C,30.0,iron,2,16859.663413010356,23454.526692708332
0.1,8,30C__iron_trial_3,30C,30.0,iron,3,16859.663413010356,18060.70703125
0.1,8,30C__iron_trial_4,30C,30.0,iron,4,16859.663413010356,21052.811197916668
0.1,8,30C__iron_trial_5,30C,30.0,iron,5,16859.663413010356,15591.869140625
0.1,8,30C__iron_trial_6,30C,30.0,iron,6,16859.663413010356,12541.8798828125
0.1,8,40C__iron_trial_1,40C,40.0,iron,1,16859.663413010356,15611.735677083334
0.1,8,40C__iron_trial_2,40C,40.0,iron,2,16859.663413010356,9285.52587890625
0.1,8,40C__iron_trial_3,40C,40.0,iron,3,16859.663413010356,6910.188720703125
0.1,8,40C__iron_trial_4,40C,40.0,iron,4,16859.663413010356,6011.955240885417
0.1,8,40C__iron_trial_5,40C,40.0,iron,5,16859.663413010356,12751.988606770834
0.1,8,40C__iron_trial_6,40C,40.0,iron,6,16859.663413010356,15160.138997395834
0.1,8,50C__iron_trial_1,50C,50.0,iron,1,16859.663413010356,12338.385416666666
0.1,8,50C__iron_trial_2,50C,50.0,iron,2,16859.663413010356,11517.051432291666
0.1,8,50C__iron_trial_3,50C,50.0,iron,3,16859.663413010356,15998.8037109375
0.1,8,50C__iron_trial_4,50C,50.0,iron,4,16859.663413010356,12752.7587890625
0.1,8,50C__iron_trial_5,50C,50.0,iron,5,16859.663413010356,18539.444661458332
0.1,8,50C__iron_trial_6,50C,50.0,iron,6,16859.663413010356,26447.472005208332
0.1,8,60C__iron_trial_1,60C,60.0,iron,1,16859.663413010356,29874.624348958332
0.1,8,60C__iron_trial_2,60C,60.0,iron,2,16859.663413010356,20965.423177083332
0.1,8,60C__iron_trial_3,60C,60.0,iron,3,16859.663413010356,17957.856119791668
0.1,8,60C__iron_trial_4,60C,60.0,iron,4,16859.663413010356,13340.849934895834
0.1,8,60C__iron_trial_5,60C,60.0,iron,5,16859.663413010356,19753.097005208332
0.1,8,60C__iron_trial_6,60C,60.0,iron,6,16859.663413010356,22559.659505208332
0.1,9,30C__nickel_trial_1,30C,30.0,nickel,1,19320.68449098013,8433.48583984375
0.1,9,30C__nickel_trial_2,30C,30.0,nickel,2,19320.68449098013,13660.8828125
0.1,9,30C__nickel_trial_3,30C,30.0,nickel,3,19320.68449098013,16563.1357421875
0.1,9,30C__nickel_trial_4,30C,30.0,nickel,4,19320.68449098013,9784.794596354166
0.1,9,30C__nickel_trial_5,30C,30.0,nickel,5,19320.68449098013,21256.962239583332
0.1,9,30C__nickel_trial_6,30C,30.0,nickel,6,19320.68449098013,19965.093098958332
0.1,9,40C__nickel_trial_1,40C,40.0,nickel,1,19320.68449098013,7683.404459635417
0.1,9,40C__nickel_trial_2,40C,40.0,nickel,2,19320.68449098013,8756.175455729166
0.1,9,40C__nickel_trial_3,40C,40.0,nickel,3,19320.68449098013,21712.205078125
0.1,9,40C__nickel_trial_4,40C,40.0,nickel,4,19320.68449098013,12514.709635416666
0.1,9,40C__nickel_trial_5,40C,40.0,nickel,5,19320.68449098013,11956.790690104166
0.1,9,40C__nickel_trial_6,40C,40.0,nickel,6,19320.68449098013,9560.830729166666
0.1,9,50C__nickel_trial_1,50C,50.0,nickel,1,19320.68449098013,9908.650227864584
0.1,9,50C__nickel_trial_2,50C,50.0,nickel,2,19320.68449098013,11542.4619140625
0.1,9,50C__nickel_trial_3,50C,50.0,nickel,3,19320.68449098013,12639.1396484375
0.1,9,50C__nickel_trial_4,50C,50.0,nickel,4,19320.68449098013,13037.793294270834
0.1,9,50C__nickel_trial_5,50C,50.0,nickel,5,19320.68449098013,7443.325520833333
0.1,9,50C__nickel_trial_6,50C,50.0,nickel,6,19320.68449098013,16867.53515625
0.1,9,60C__nickel_trial_1,60C,60.0,nickel,1,19320.68449098013,9316.1435546875
0.1,9,60C__nickel_trial_2,60C,60.0,nickel,2,19320.68449098013,21631.775390625
0.1,9,60C__nickel_trial_3,60C,60.0,nickel,3,19320.68449098013,14985.162434895834
0.1,9,60C__nickel_trial_4,60C,60.0,nickel,4,19320.68449098013,22105.974609375
0.1,9,60C__nickel_trial_5,60C,60.0,nickel,5,19320.68449098013,20194.395182291668
0.1,9,60C__nickel_trial_6,60C,60.0,nickel,6,19320.68449098013,23768.600260416668
0.1,10,30C__pdms_trial_1,30C,30.0,pdms,1,460.90129095067635,186.26610310872397
0.1,10,30C__pdms_trial_2,30C,30.0,pdms,2,460.90129095067635,125.40975443522136
0.1,10,30C__pdms_trial_3,30C,30.0,pdms,3,460.90129095067635,158.21058146158853
0.1,10,30C__pdms_trial_4,30C,30.0,pdms,4,460.90129095067635,47.350172678629555
0.1,10,30C__pdms_trial_5,30C,30.0,pdms,5,460.90129095067635,118.89401753743489
0.1,10,30C__pdms_trial_6,30C,30.0,pdms,6,460.90129095067635,87.93734232584636
0.1,10,40C__pdms_trial_1,40C,40.0,pdms,1,460.90129095067635,432.88950602213544
0.1,10,40C__pdms_trial_2,40C,40.0,pdms,2,460.90129095067635,489.0778299967448
0.1,10,40C__pdms_trial_3,40C,40.0,pdms,3,460.90129095067635,442.8093566894531
0.1,10,40C__pdms_trial_4,40C,40.0,pdms,4,460.90129095067635,425.4424540201823
0.1,10,40C__pdms_trial_5,40C,40.0,pdms,5,460.90129095067635,240.48041788736978
0.1,10,40C__pdms_trial_6,40C,40.0,pdms,6,460.90129095067635,375.9483235677083
0.1,10,50C__pdms_trial_1,50C,50.0,pdms,1,460.90129095067635,242.2175089518229
0.1,10,50C__pdms_trial_2,50C,50.0,pdms,2,460.90129095067635,155.77088419596353
0.1,10,50C__pdms_trial_3,50C,50.0,pdms,3,460.90129095067635,378.75970458984375
0.1,10,50C__pdms_trial_4,50C,50.0,pdms,4,460.90129095067635,403.9722900390625
0.1,10,50C__pdms_trial_5,50C,50.0,pdms,5,460.90129095067635,243.10491434733072
0.1,10,50C__pdms_trial_6,50C,50.0,pdms,6,460.90129095067635,273.11292521158856
0.1,10,60C__pdms_trial_1,60C,60.0,pdms,1,460.90129095067635,589.1748453776041
0.1,10,60C__pdms_trial_2,60C,60.0,pdms,2,460.90129095067635,380.59136962890625
0.1,10,60C__pdms_trial_3,60C,60.0,pdms,3,460.90129095067635,431.4283142089844
0.1,10,60C__pdms_trial_4,60C,60.0,pdms,4,460.90129095067635,253.0000254313151
0.1,10,60C__pdms_trial_5,60C,60.0,pdms,5,460.90129095067635,231.8582305908203
0.1,10,60C__pdms_trial_6,60C,60.0,pdms,6,460.90129095067635,170.25983174641928
0.1,11,30C__ps_foam_trial_1,30C,30.0,ps_foam,1,34.496376621320685,381.7476806640625
0.1,11,30C__ps_foam_trial_2,30C,30.0,ps_foam,2,34.496376621320685,499.62355550130206
0.1,11,30C__ps_foam_trial_3,30C,30.0,ps_foam,3,34.496376621320685,331.24216715494794
0.1,11,30C__ps_foam_trial_4,30C,30.0,ps_foam,4,34.496376621320685,276.37877400716144
0.1,11,30C__ps_foam_trial_5,30C,30.0,ps_foam,5,34.496376621320685,164.14664713541666
0.1,11,30C__ps_foam_trial_6,30C,30.0,ps_foam,6,34.496376621320685,167.63213602701822
0.1,11,40C__ps_foam_trial_1,40C,40.0,ps_foam,1,34.496376621320685,48.614462534586586
0.1,11,40C__ps_foam_trial_2,40C,40.0,ps_foam,2,34.496376621320685,48.68971379597982
0.1,11,40C__ps_foam_trial_3,40C,40.0,ps_foam,3,34.496376621320685,47.96581009108841
0.1,11,40C__ps_foam_trial_4,40C,40.0,ps_foam,4,34.496376621320685,812.2088216145834
0.1,11,40C__ps_foam_trial_5,40C,40.0,ps_foam,5,34.496376621320685,115.0612284342448
0.1,11,40C__ps_foam_trial_6,40C,40.0,ps_foam,6,34.496376621320685,92.57337443033855
0.1,11,50C__ps_foam_trial_1,50C,50.0,ps_foam,1,34.496376621320685,53.56463495890299
0.1,11,50C__ps_foam_trial_2,50C,50.0,ps_foam,2,34.496376621320685,61.60250981648763
0.1,11,50C__ps_foam_trial_3,50C,50.0,ps_foam,3,34.496376621320685,52.90038553873698
0.1,11,50C__ps_foam_trial_4,50C,50.0,ps_foam,4,34.496376621320685,53.403873443603516
0.1,11,50C__ps_foam_trial_5,50C,50.0,ps_foam,5,34.496376621320685,54.357245127360024
0.1,11,50C__ps_foam_trial_6,50C,50.0,ps_foam,6,34.496376621320685,54.0514170328776
0.1,11,60C__ps_foam_trial_1,60C,60.0,ps_foam,1,34.496376621320685,281.4906463623047
0.1,11,60C__ps_foam_trial_2,60C,60.0,ps_foam,2,34.496376621320685,243.32171122233072
0.1,11,60C__ps_foam_trial_3,60C,60.0,ps_foam,3,34.496376621320685,224.64222717285156
0.1,11,60C__ps_foam_trial_4,60C,60.0,ps_foam,4,34.496376621320685,177.18561808268228
0.1,11,60C__ps_foam_trial_5,60C,60.0,ps_foam,5,34.496376621320685,264.3549092610677
0.1,11,60C__ps_foam_trial_6,60C,60.0,ps_foam,6,34.496376621320685,307.25795491536456
0.1,12,30C__pu_foam_trial_1,30C,30.0,pu_foam,1,42.49705872175155,144.62337239583334
0.1,12,30C__pu_foam_trial_2,30C,30.0,pu_foam,2,42.49705872175155,92.52515920003255
0.1,12,30C__pu_foam_trial_3,30C,30.0,pu_foam,3,42.49705872175155,212.3544464111328
0.1,12,30C__pu_foam_trial_4,30C,30.0,pu_foam,4,42.49705872175155,242.2436269124349
0.1,12,30C__pu_foam_trial_5,30C,30.0,pu_foam,5,42.49705872175155,264.07280985514325
0.1,12,30C__pu_foam_trial_6,30C,30.0,pu_foam,6,42.49705872175155,89.28051503499348
0.1,12,40C__pu_foam_trial_1,40C,40.0,pu_foam,1,42.49705872175155,74.06744639078777
0.1,12,40C__pu_foam_trial_2,40C,40.0,pu_foam,2,42.49705872175155,85.17179107666016
0.1,12,40C__pu_foam_trial_3,40C,40.0,pu_foam,3,42.49705872175155,90.59302266438802
0.1,12,40C__pu_foam_trial_4,40C,40.0,pu_foam,4,42.49705872175155,85.89668528238933
0.1,12,40C__pu_foam_trial_5,40C,40.0,pu_foam,5,42.49705872175155,34.86056938939282
0.1,12,40C__pu_foam_trial_6,40C,40.0,pu_foam,6,42.49705872175155,41.039634704589844
0.1,12,50C__pu_foam_trial_1,50C,50.0,pu_foam,1,42.49705872175155,119.58949788411458
0.1,12,50C__pu_foam_trial_2,50C,50.0,pu_foam,2,42.49705872175155,82.94273376464844
0.1,12,50C__pu_foam_trial_3,50C,50.0,pu_foam,3,42.49705872175155,112.68330891927083
0.1,12,50C__pu_foam_trial_4,50C,50.0,pu_foam,4,42.49705872175155,74.02607727050781
0.1,12,50C__pu_foam_trial_5,50C,50.0,pu_foam,5,42.49705872175155,79.50459289550781
0.1,12,50C__pu_foam_trial_6,50C,50.0,pu_foam,6,42.49705872175155,95.52971903483073
0.1,12,60C__pu_foam_trial_1,60C,60.0,pu_foam,1,42.49705872175155,193.26304626464844
0.1,12,60C__pu_foam_trial_2,60C,60.0,pu_foam,2,42.49705872175155,917.9970906575521
0.1,12,60C__pu_foam_trial_3,60C,60.0,pu_foam,3,42.49705872175155,263.40940856933594
0.1,12,60C__pu_foam_trial_4,60C,60.0,pu_foam,4,42.49705872175155,153.3620122273763
0.1,12,60C__pu_foam_trial_5,60C,60.0,pu_foam,5,42.49705872175155,261.58373006184894
0.1,12,60C__pu_foam_trial_6,60C,60.0,pu_foam,6,42.49705872175155,249.5238291422526
0.1,13,30C__titanium_trial_1,30C,30.0,titanium,1,7184.0359269702985,11535.771809895834
0.1,13,30C__titanium_trial_2,30C,30.0,titanium,2,7184.0359269702985,5965.211588541667
0.1,13,30C__titanium_trial_3,30C,30.0,titanium,3,7184.0359269702985,4554.238606770833
0.1,13,30C__titanium_trial_4,30C,30.0,titanium,4,7184.0359269702985,4478.94580078125
0.1,13,30C__titanium_trial_5,30C,30.0,titanium,5,7184.0359269702985,8287.537272135416
0.1,13,30C__titanium_trial_6,30C,30.0,titanium,6,7184.0359269702985,5482.162434895833
0.1,13,40C__titanium_trial_1,40C,40.0,titanium,1,7184.0359269702985,15355.1826171875
0.1,13,40C__titanium_trial_2,40C,40.0,titanium,2,7184.0359269702985,14196.928059895834
0.1,13,40C__titanium_trial_3,40C,40.0,titanium,3,7184.0359269702985,17408.130208333332
0.1,13,40C__titanium_trial_4,40C,40.0,titanium,4,7184.0359269702985,10982.217122395834
0.1,13,40C__titanium_trial_5,40C,40.0,titanium,5,7184.0359269702985,16867.900065104168
0.1,13,40C__titanium_trial_6,40C,40.0,titanium,6,7184.0359269702985,19056.346354166668
0.1,13,50C__titanium_trial_1,50C,50.0,titanium,1,7184.0359269702985,13757.060546875
0.1,13,50C__titanium_trial_2,50C,50.0,titanium,2,7184.0359269702985,6168.705078125
0.1,13,50C__titanium_trial_3,50C,50.0,titanium,3,7184.0359269702985,14000.731770833334
0.1,13,50C__titanium_trial_4,50C,50.0,titanium,4,7184.0359269702985,14383.812174479166
0.1,13,50C__titanium_trial_5,50C,50.0,titanium,5,7184.0359269702985,9465.271809895834
0.1,13,50C__titanium_trial_6,50C,50.0,titanium,6,7184.0359269702985,12449.936848958334
0.1,13,60C__titanium_trial_1,60C,60.0,titanium,1,7184.0359269702985,10083.067708333334
0.1,13,60C__titanium_trial_2,60C,60.0,titanium,2,7184.0359269702985,11846.275065104166
0.1,13,60C__titanium_trial_3,60C,60.0,titanium,3,7184.0359269702985,10898.972330729166
0.1,13,60C__titanium_trial_4,60C,60.0,titanium,4,7184.0359269702985,11482.427083333334
0.1,13,60C__titanium_trial_5,60C,60.0,titanium,5,7184.0359269702985,12258.730794270834
0.1,13,60C__titanium_trial_6,60C,60.0,titanium,6,7184.0359269702985,13021.463216145834
0.1,14,30C__wood_trial_1,30C,30.0,wood,1,422.49260348555214,72.87594858805339
0.1,14,30C__wood_trial_2,30C,30.0,wood,2,422.49260348555214,214.2503407796224
0.1,14,30C__wood_trial_3,30C,30.0,wood,3,422.49260348555214,133.85607147216797
0.1,14,30C__wood_trial_4,30C,30.0,wood,4,422.49260348555214,91.70648193359375
0.1,14,30C__wood_trial_5,30C,30.0,wood,5,422.49260348555214,128.81151580810547
0.1,14,30C__wood_trial_6,30C,30.0,wood,6,422.49260348555214,225.1904093424479
0.1,14,40C__wood_trial_1,40C,40.0,wood,1,422.49260348555214,171.30347696940103
0.1,14,40C__wood_trial_2,40C,40.0,wood,2,422.49260348555214,184.36290995279947
0.1,14,40C__wood_trial_3,40C,40.0,wood,3,422.49260348555214,169.43701680501303
0.1,14,40C__wood_trial_4,40C,40.0,wood,4,422.49260348555214,141.65008036295572
0.1,14,40C__wood_trial_5,40C,40.0,wood,5,422.49260348555214,276.5536142985026
0.1,14,40C__wood_trial_6,40C,40.0,wood,6,422.49260348555214,260.1426035563151
0.1,14,50C__wood_trial_1,50C,50.0,wood,1,422.49260348555214,217.59150187174478
0.1,14,50C__wood_trial_2,50C,50.0,wood,2,422.49260348555214,286.3223368326823
0.1,14,50C__wood_trial_3,50C,50.0,wood,3,422.49260348555214,237.08750915527344
0.1,14,50C__wood_trial_4,50C,50.0,wood,4,422.49260348555214,251.14606221516928
0.1,14,50C__wood_trial_5,50C,50.0,wood,5,422.49260348555214,212.53645833333334
0.1,14,50C__wood_trial_6,50C,50.0,wood,6,422.49260348555214,175.71951802571616
0.1,14,60C__wood_trial_1,60C,60.0,wood,1,422.49260348555214,11777.62060546875
0.1,14,60C__wood_trial_2,60C,60.0,wood,2,422.49260348555214,5068.338623046875
0.1,14,60C__wood_trial_3,60C,60.0,wood,3,422.49260348555214,4302.67578125
0.1,14,60C__wood_trial_4,60C,60.0,wood,4,422.49260348555214,4364.436116536458
0.1,14,60C__wood_trial_5,60C,60.0,wood,5,422.49260348555214,2803.48193359375
0.1,14,60C__wood_trial_6,60C,60.0,wood,6,422.49260348555214,642.2209981282552
0.2,1,30C__aluminum_trial_1,30C,30.0,aluminum,1,23958.09466547789,17305.098958333332
0.2,1,30C__aluminum_trial_2,30C,30.0,aluminum,2,23958.09466547789,18796.763671875
0.2,1,30C__aluminum_trial_3,30C,30.0,aluminum,3,23958.09466547789,9639.671549479166
0.2,1,30C__aluminum_trial_4,30C,30.0,aluminum,4,23958.09466547789,16544.9794921875
0.2,1,30C__aluminum_trial_5,30C,30.0,aluminum,5,23958.09466547789,13669.053059895834
0.2,1,30C__aluminum_trial_6,30C,30.0,aluminum,6,23958.09466547789,12376.633138020834
0.2,1,40C__aluminum_trial_1,40C,40.0,aluminum,1,23958.09466547789,22652.1962890625
0.2,1,40C__aluminum_trial_2,40C,40.0,aluminum,2,23958.09466547789,7220.279296875
0.2,1,40C__aluminum_trial_3,40C,40.0,aluminum,3,23958.09466547789,25445.630859375
0.2,1,40C__aluminum_trial_4,40C,40.0,aluminum,4,23958.09466547789,15941.819661458334
0.2,1,40C__aluminum_trial_5,40C,40.0,aluminum,5,23958.09466547789,11254.5361328125
0.2,1,40C__aluminum_trial_6,40C,40.0,aluminum,6,23958.09466547789,10960.209635416666
0.2,1,50C__aluminum_trial_1,50C,50.0,aluminum,1,23958.09466547789,13215.8916015625
0.2,1,50C__aluminum_trial_2,50C,50.0,aluminum,2,23958.09466547789,12692.187174479166
0.2,1,50C__aluminum_trial_3,50C,50.0,aluminum,3,23958.09466547789,15952.140299479166
0.2,1,50C__aluminum_trial_4,50C,50.0,aluminum,4,23958.09466547789,17760.7861328125
0.2,1,50C__aluminum_trial_5,50C,50.0,aluminum,5,23958.09466547789,15641.999674479166
0.2,1,50C__aluminum_trial_6,50C,50.0,aluminum,6,23958.09466547789,21744.530598958332
0.2,1,60C__aluminum_trial_1,60C,60.0,aluminum,1,23958.09466547789,17519.053059895832
0.2,1,60C__aluminum_trial_2,60C,60.0,aluminum,2,23958.09466547789,14841.736653645834
0.2,1,60C__aluminum_trial_3,60C,60.0,aluminum,3,23958.09466547789,12747.110026041666
0.2,1,60C__aluminum_trial_4,60C,60.0,aluminum,4,23958.09466547789,15706.539388020834
0.2,1,60C__aluminum_trial_5,60C,60.0,aluminum,5,23958.09466547789,14976.6826171875
0.2,1,60C__aluminum_trial_6,60C,60.0,aluminum,6,23958.09466547789,22119.785807291668
0.2,2,30C__bismuth_trial_1,30C,30.0,bismuth,1,3209.1026783199068,9695.76513671875
0.2,2,30C__bismuth_trial_2,30C,30.0,bismuth,2,3209.1026783199068,6803.127278645833
0.2,2,30C__bismuth_trial_3,30C,30.0,bismuth,3,3209.1026783199068,5796.15576171875
0.2,2,30C__bismuth_trial_4,30C,30.0,bismuth,4,3209.1026783199068,10895.095052083334
0.2,2,30C__bismuth_trial_5,30C,30.0,bismuth,5,3209.1026783199068,5992.849283854167
0.2,2,30C__bismuth_trial_6,30C,30.0,bismuth,6,3209.1026783199068,10309.413736979166
0.2,2,40C__bismuth_trial_1,40C,40.0,bismuth,1,3209.1026783199068,14041.319010416666
0.2,2,40C__bismuth_trial_2,40C,40.0,bismuth,2,3209.1026783199068,12410.7998046875
0.2,2,40C__bismuth_trial_3,40C,40.0,bismuth,3,3209.1026783199068,12539.276692708334
0.2,2,40C__bismuth_trial_4,40C,40.0,bismuth,4,3209.1026783199068,11493.726888020834
0.2,2,40C__bismuth_trial_5,40C,40.0,bismuth,5,3209.1026783199068,14648.347981770834
0.2,2,40C__bismuth_trial_6,40C,40.0,bismuth,6,3209.1026783199068,13866.3505859375
0.2,2,50C__bismuth_trial_1,50C,50.0,bismuth,1,3209.1026783199068,9912.013671875
0.2,2,50C__bismuth_trial_2,50C,50.0,bismuth,2,3209.1026783199068,13374.309895833334
0.2,2,50C__bismuth_trial_3,50C,50.0,bismuth,3,3209.1026783199068,17559.151041666668
0.2,2,50C__bismuth_trial_4,50C,50.0,bismuth,4,3209.1026783199068,16045.772786458334
0.2,2,50C__bismuth_trial_5,50C,50.0,bismuth,5,3209.1026783199068,15540.597330729166
0.2,2,50C__bismuth_trial_6,50C,50.0,bismuth,6,3209.1026783199068,12165.629557291666
0.2,2,60C__bismuth_trial_1,60C,60.0,bismuth,1,3209.1026783199068,10932.024088541666
0.2,2,60C__bismuth_trial_2,60C,60.0,bismuth,2,3209.1026783199068,10007.304361979166
0.2,2,60C__bismuth_trial_3,60C,60.0,bismuth,3,3209.1026783199068,12736.5615234375
0.2,2,60C__bismuth_trial_4,60C,60.0,bismuth,4,3209.1026783199068,16917.499674479168
0.2,2,60C__bismuth_trial_5,60C,60.0,bismuth,5,3209.1026783199068,10336.3037109375
0.2,2,60C__bismuth_trial_6,60C,60.0,bismuth,6,3209.1026783199068,17256.513020833332
0.2,3,30C__cement_trial_1,30C,30.0,cement,1,559.6427431853289,513.6496073404948
0.2,3,30C__cement_trial_2,30C,30.0,cement,2,559.6427431853289,472.89483642578125
0.2,3,30C__cement_trial_3,30C,30.0,cement,3,559.6427431853289,495.6047058105469
0.2,3,30C__cement_trial_4,30C,30.0,cement,4,559.6427431853289,516.2109680175781
0.2,3,30C__cement_trial_5,30C,30.0,cement,5,559.6427431853289,624.872792561849
0.2,3,30C__cement_trial_6,30C,30.0,cement,6,559.6427431853289,511.9508463541667
0.2,3,40C__cement_trial_1,40C,40.0,cement,1,559.6427431853289,408.6174825032552
0.2,3,40C__cement_trial_2,40C,40.0,cement,2,559.6427431853289,446.44984944661456
0.2,3,40C__cement_trial_3,40C,40.0,cement,3,559.6427431853289,328.2013397216797
0.2,3,40C__cement_trial_4,40C,40.0,cement,4,559.6427431853289,740.7255452473959
0.2,3,40C__cement_trial_5,40C,40.0,cement,5,559.6427431853289,798.6411336263021
0.2,3,40C__cement_trial_6,40C,40.0,cement,6,559.6427431853289,396.2045084635417
0.2,3,50C__cement_trial_1,50C,50.0,cement,1,559.6427431853289,472.9782206217448
0.2,3,50C__cement_trial_2,50C,50.0,cement,2,559.6427431853289,326.05694580078125
0.2,3,50C__cement_trial_3,50C,50.0,cement,3,559.6427431853289,419.54384358723956
0.2,3,50C__cement_trial_4,50C,50.0,cement,4,559.6427431853289,352.5449727376302
0.2,3,50C__cement_trial_5,50C,50.0,cement,5,559.6427431853289,492.078125
0.2,3,50C__cement_trial_6,50C,50.0,cement,6,559.6427431853289,587.4493306477865
0.2,3,60C__cement_trial_1,60C,60.0,cement,1,559.6427431853289,999.5141194661459
0.2,3,60C__cement_trial_2,60C,60.0,cement,2,559.6427431853289,736.4735921223959
0.2,3,60C__cement_trial_3,60C,60.0,cement,3,559.6427431853289,816.5821126302084
0.2,3,60C__cement_trial_4,60C,60.0,cement,4,559.6427431853289,695.3465576171875
0.2,3,60C__cement_trial_5,60C,60.0,cement,5,559.6427431853289,893.0630289713541
0.2,3,60C__cement_trial_6,60C,60.0,cement,6,559.6427431853289,689.0826822916666
0.2,4,30C__copper_trial_1,30C,30.0,copper,1,37192.601414797544,3386.851318359375
0.2,4,30C__copper_trial_2,30C,30.0,copper,2,37192.601414797544,18521.149088541668
0.2,4,30C__copper_trial_3,30C,30.0,copper,3,37192.601414797544,15109.2412109375
0.2,4,30C__copper_trial_4,30C,30.0,copper,4,37192.601414797544,17788.190755208332
0.2,4,30C__copper_trial_5,30C,30.0,copper,5,37192.601414797544,15279.927408854166
0.2,4,30C__copper_trial_6,30C,30.0,copper,6,37192.601414797544,12631.444661458334
0.2,4,40C__copper_trial_1,40C,40.0,copper,1,37192.601414797544,16898.830078125
0.2,4,40C__copper_trial_2,40C,40.0,copper,2,37192.601414797544,13919.070638020834
0.2,4,40C__copper_trial_3,40C,40.0,copper,3,37192.601414797544,16062.020182291666
0.2,4,40C__copper_trial_4,40C,40.0,copper,4,37192.601414797544,8915.493815104166
0.2,4,40C__copper_trial_5,40C,40.0,copper,5,37192.601414797544,8906.350260416666
0.2,4,40C__copper_trial_6,40C,40.0,copper,6,37192.601414797544,7175.069986979167
0.2,4,50C__copper_trial_1,50C,50.0,copper,1,37192.601414797544,6689.700358072917
0.2,4,50C__copper_trial_2,50C,50.0,copper,2,37192.601414797544,13211.1787109375
0.2,4,50C__copper_trial_3,50C,50.0,copper,3,37192.601414797544,10752.829752604166
0.2,4,50C__copper_trial_4,50C,50.0,copper,4,37192.601414797544,9877.030924479166
0.2,4,50C__copper_trial_5,50C,50.0,copper,5,37192.601414797544,9063.337076822916
0.2,4,50C__copper_trial_6,50C,50.0,copper,6,37192.601414797544,8220.4150390625
0.2,4,60C__copper_trial_1,60C,60.0,copper,1,37192.601414797544,15329.505533854166
0.2,4,60C__copper_trial_2,60C,60.0,copper,2,37192.601414797544,20064.727864583332
0.2,4,60C__copper_trial_3,60C,60.0,copper,3,37192.601414797544,14927.419596354166
0.2,4,60C__copper_trial_4,60C,60.0,copper,4,37192.601414797544,20490.423828125
0.2,4,60C__copper_trial_5,60C,60.0,copper,5,37192.601414797544,15108.352213541666
0.2,4,60C__copper_trial_6,60C,60.0,copper,6,37192.601414797544,11651.921875
0.2,5,30C__cork_trial_1,30C,30.0,cork,1,136.29380029920657,142.77229817708334
0.2,5,30C__cork_trial_2,30C,30.0,cork,2,136.29380029920657,71.94032033284505
0.2,5,30C__cork_trial_3,30C,30.0,cork,3,136.29380029920657,69.04505666097005
0.2,5,30C__cork_trial_4,30C,30.0,cork,4,136.29380029920657,44.4979262708276
0.2,5,30C__cork_trial_5,30C,30.0,cork,5,136.29380029920657,66.17364120483398
0.2,5,30C__cork_trial_6,30C,30.0,cork,6,136.29380029920657,72.39588038126628
0.2,5,40C__cork_trial_1,40C,40.0,cork,1,136.29380029920657,89.33658599853516
0.2,5,40C__cork_trial_2,40C,40.0,cork,2,136.29380029920657,84.7450180053711
0.2,5,40C__cork_trial_3,40C,40.0,cork,3,136.29380029920657,100.09688822428386
0.2,5,40C__cork_trial_4,40C,40.0,cork,4,136.29380029920657,88.94848124186198
0.2,5,40C__cork_trial_5,40C,40.0,cork,5,136.29380029920657,39.87678146362305
0.2,5,40C__cork_trial_6,40C,40.0,cork,6,136.29380029920657,35.11676954401522
0.2,5,50C__cork_trial_1,50C,50.0,cork,1,136.29380029920657,451.29221598307294
0.2,5,50C__cork_trial_2,50C,50.0,cork,2,136.29380029920657,441.49598185221356
0.2,5,50C__cork_trial_3,50C,50.0,cork,3,136.29380029920657,430.8299967447917
0.2,5,50C__cork_trial_4,50C,50.0,cork,4,136.29380029920657,267.14613342285156
0.2,5,50C__cork_trial_5,50C,50.0,cork,5,136.29380029920657,438.8172607421875
0.2,5,50C__cork_trial_6,50C,50.0,cork,6,136.29380029920657,360.42315673828125
0.2,5,60C__cork_trial_1,60C,60.0,cork,1,136.29380029920657,314.4040934244792
0.2,5,60C__cork_trial_2,60C,60.0,cork,2,136.29380029920657,352.656005859375
0.2,5,60C__cork_trial_3,60C,60.0,cork,3,136.29380029920657,296.9212239583333
0.2,5,60C__cork_trial_4,60C,60.0,cork,4,136.29380029920657,304.66815185546875
0.2,5,60C__cork_trial_5,60C,60.0,cork,5,136.29380029920657,393.7888895670573
0.2,5,60C__cork_trial_6,60C,60.0,cork,6,136.29380029920657,363.34808349609375
0.2,6,30C__graphite_trial_1,30C,30.0,graphite,1,11367.497525840945,12537.37890625
0.2,6,30C__graphite_trial_2,30C,30.0,graphite,2,11367.497525840945,4023.0836588541665
0.2,6,30C__graphite_trial_3,30C,30.0,graphite,3,11367.497525840945,2872.1524658203125
0.2,6,30C__graphite_trial_4,30C,30.0,graphite,4,11367.497525840945,9008.280924479166
0.2,6,30C__graphite_trial_5,30C,30.0,graphite,5,11367.497525840945,9006.119466145834
0.2,6,30C__graphite_trial_6,30C,30.0,graphite,6,11367.497525840945,4046.7294921875
0.2,6,40C__graphite_trial_1,40C,40.0,graphite,1,11367.497525840945,10556.4765625
0.2,6,40C__graphite_trial_2,40C,40.0,graphite,2,11367.497525840945,12263.478190104166
0.2,6,40C__graphite_trial_3,40C,40.0,graphite,3,11367.497525840945,8134.05078125
0.2,6,40C__graphite_trial_4,40C,40.0,graphite,4,11367.497525840945,12332.894856770834
0.2,6,40C__graphite_trial_5,40C,40.0,graphite,5,11367.497525840945,2923.4337565104165
0.2,6,40C__graphite_trial_6,40C,40.0,graphite,6,11367.497525840945,7345.243815104167
0.2,6,50C__graphite_trial_1,50C,50.0,graphite,1,11367.497525840945,18751.662434895832
0.2,6,50C__graphite_trial_2,50C,50.0,graphite,2,11367.497525840945,14845.205729166666
0.2,6,50C__graphite_trial_3,50C,50.0,graphite,3,11367.497525840945,14925.255859375
0.2,6,50C__graphite_trial_4,50C,50.0,graphite,4,11367.497525840945,16715.206705729168
0.2,6,50C__graphite_trial_5,50C,50.0,graphite,5,11367.497525840945,7629.481608072917
0.2,6,50C__graphite_trial_6,50C,50.0,graphite,6,11367.497525840945,12980.4248046875
0.2,6,60C__graphite_trial_1,60C,60.0,graphite,1,11367.497525840945,8584.583984375
0.2,6,60C__graphite_trial_2,60C,60.0,graphite,2,11367.497525840945,12559.95703125
0.2,6,60C__graphite_trial_3,60C,60.0,graphite,3,11367.497525840945,12787.4306640625
0.2,6,60C__graphite_trial_4,60C,60.0,graphite,4,11367.497525840945,13913.6171875
0.2,6,60C__graphite_trial_5,60C,60.0,graphite,5,11367.497525840945,10943.222981770834
0.2,6,60C__graphite_trial_6,60C,60.0,graphite,6,11367.497525840945,13122.7529296875
0.2,7,30C__gypsum_trial_1,30C,30.0,gypsum,1,385.01948002666046,258.43531290690106
0.2,7,30C__gypsum_trial_2,30C,30.0,gypsum,2,385.01948002666046,303.1552225748698
0.2,7,30C__gypsum_trial_3,30C,30.0,gypsum,3,385.01948002666046,262.5040588378906
0.2,7,30C__gypsum_trial_4,30C,30.0,gypsum,4,385.01948002666046,191.89749145507812
0.2,7,30C__gypsum_trial_5,30C,30.0,gypsum,5,385.01948002666046,250.31118774414062
0.2,7,30C__gypsum_trial_6,30C,30.0,gypsum,6,385.01948002666046,194.7547403971354
0.2,7,40C__gypsum_trial_1,40C,40.0,gypsum,1,385.01948002666046,311.36900838216144
0.2,7,40C__gypsum_trial_2,40C,40.0,gypsum,2,385.01948002666046,219.294189453125
0.2,7,40C__gypsum_trial_3,40C,40.0,gypsum,3,385.01948002666046,252.1639607747396
0.2,7,40C__gypsum_trial_4,40C,40.0,gypsum,4,385.01948002666046,382.90590413411456
0.2,7,40C__gypsum_trial_5,40C,40.0,gypsum,5,385.01948002666046,1128.1836751302083
0.2,7,40C__gypsum_trial_6,40C,40.0,gypsum,6,385.01948002666046,545.7374267578125
0.2,7,50C__gypsum_trial_1,50C,50.0,gypsum,1,385.01948002666046,702.7846883138021
0.2,7,50C__gypsum_trial_2,50C,50.0,gypsum,2,385.01948002666046,615.1243286132812
0.2,7,50C__gypsum_trial_3,50C,50.0,gypsum,3,385.01948002666046,602.0051676432291
0.2,7,50C__gypsum_trial_4,50C,50.0,gypsum,4,385.01948002666046,647.48046875
0.2,7,50C__gypsum_trial_5,50C,50.0,gypsum,5,385.01948002666046,901.4190673828125
0.2,7,50C__gypsum_trial_6,50C,50.0,gypsum,6,385.01948002666046,597.7954508463541
0.2,7,60C__gypsum_trial_1,60C,60.0,gypsum,1,385.01948002666046,5421.426432291667
0.2,7,60C__gypsum_trial_2,60C,60.0,gypsum,2,385.01948002666046,3301.7428181966147
0.2,7,60C__gypsum_trial_3,60C,60.0,gypsum,3,385.01948002666046,1254.3996988932292
0.2,7,60C__gypsum_trial_4,60C,60.0,gypsum,4,385.01948002666046,4088.4715983072915
0.2,7,60C__gypsum_trial_5,60C,60.0,gypsum,5,385.01948002666046,4994.967610677083
0.2,7,60C__gypsum_trial_6,60C,60.0,gypsum,6,385.01948002666046,2154.1826171875
0.2,8,30C__iron_trial_1,30C,30.0,iron,1,16859.663413010356,11203.263346354166
0.2,8,30C__iron_trial_2,30C,30.0,iron,2,16859.663413010356,22718.674479166668
0.2,8,30C__iron_trial_3,30C,30.0,iron,3,16859.663413010356,16942.4326171875
0.2,8,30C__iron_trial_4,30C,30.0,iron,4,16859.663413010356,19303.274088541668
0.2,8,30C__iron_trial_5,30C,30.0,iron,5,16859.663413010356,15767.8818359375
0.2,8,30C__iron_trial_6,30C,30.0,iron,6,16859.663413010356,11900.936197916666
0.2,8,40C__iron_trial_1,40C,40.0,iron,1,16859.663413010356,15881.81640625
0.2,8,40C__iron_trial_2,40C,40.0,iron,2,16859.663413010356,9066.644856770834
0.2,8,40C__iron_trial_3,40C,40.0,iron,3,16859.663413010356,8940.47021484375
0.2,8,40C__iron_trial_4,40C,40.0,iron,4,16859.663413010356,6288.47265625
0.2,8,40C__iron_trial_5,40C,40.0,iron,5,16859.663413010356,15435.773763020834
0.2,8,40C__iron_trial_6,40C,40.0,iron,6,16859.663413010356,15460.579752604166
0.2,8,50C__iron_trial_1,50C,50.0,iron,1,16859.663413010356,12691.084635416666
0.2,8,50C__iron_trial_2,50C,50.0,iron,2,16859.663413010356,11123.76953125
0.2,8,50C__iron_trial_3,50C,50.0,iron,3,16859.663413010356,14049.608723958334
0.2,8,50C__iron_trial_4,50C,50.0,iron,4,16859.663413010356,12382.607421875
0.2,8,50C__iron_trial_5,50C,50.0,iron,5,16859.663413010356,19250.845052083332
0.2,8,50C__iron_trial_6,50C,50.0,iron,6,16859.663413010356,26166.356770833332
0.2,8,60C__iron_trial_1,60C,60.0,iron,1,16859.663413010356,31147.82421875
0.2,8,60C__iron_trial_2,60C,60.0,iron,2,16859.663413010356,20131.607421875
0.2,8,60C__iron_trial_3,60C,60.0,iron,3,16859.663413010356,17331.557291666668
0.2,8,60C__iron_trial_4,60C,60.0,iron,4,16859.663413010356,14704.155598958334
0.2,8,60C__iron_trial_5,60C,60.0,iron,5,16859.663413010356,18585.712239583332
0.2,8,60C__iron_trial_6,60C,60.0,iron,6,16859.663413010356,24239.459635416668
0.2,9,30C__nickel_trial_1,30C,30.0,nickel,1,19320.68449098013,9432.04833984375
0.2,9,30C__nickel_trial_2,30C,30.0,nickel,2,19320.68449098013,13568.4365234375
0.2,9,30C__nickel_trial_3,30C,30.0,nickel,3,19320.68449098013,16365.876953125
0.2,9,30C__nickel_trial_4,30C,30.0,nickel,4,19320.68449098013,8854.900553385416
0.2,9,30C__nickel_trial_5,30C,30.0,nickel,5,19320.68449098013,18599.063802083332
0.2,9,30C__nickel_trial_6,30C,30.0,nickel,6,19320.68449098013,21884.473958333332
0.2,9,40C__nickel_trial_1,40C,40.0,nickel,1,19320.68449098013,6075.072591145833
0.2,9,40C__nickel_trial_2,40C,40.0,nickel,2,19320.68449098013,7982.46923828125
0.2,9,40C__nickel_trial_3,40C,40.0,nickel,3,19320.68449098013,19757.159505208332
0.2,9,40C__nickel_trial_4,40C,40.0,nickel,4,19320.68449098013,13816.087890625
0.2,9,40C__nickel_trial_5,40C,40.0,nickel,5,19320.68449098013,11262.376953125
0.2,9,40C__nickel_trial_6,40C,40.0,nickel,6,19320.68449098013,9150.077962239584
0.2,9,50C__nickel_trial_1,50C,50.0,nickel,1,19320.68449098013,11577.396809895834
0.2,9,50C__nickel_trial_2,50C,50.0,nickel,2,19320.68449098013,11731.9130859375
0.2,9,50C__nickel_trial_3,50C,50.0,nickel,3,19320.68449098013,12750.560872395834
0.2,9,50C__nickel_trial_4,50C,50.0,nickel,4,19320.68449098013,11223.030598958334
0.2,9,50C__nickel_trial_5,50C,50.0,nickel,5,19320.68449098013,7740.548665364583
0.2,9,50C__nickel_trial_6,50C,50.0,nickel,6,19320.68449098013,16629.189127604168
0.2,9,60C__nickel_trial_1,60C,60.0,nickel,1,19320.68449098013,8553.042154947916
0.2,9,60C__nickel_trial_2,60C,60.0,nickel,2,19320.68449098013,22414.708984375
0.2,9,60C__nickel_trial_3,60C,60.0,nickel,3,19320.68449098013,13388.417317708334
0.2,9,60C__nickel_trial_4,60C,60.0,nickel,4,19320.68449098013,21586.018229166668
0.2,9,60C__nickel_trial_5,60C,60.0,nickel,5,19320.68449098013,21268.548177083332
0.2,9,60C__nickel_trial_6,60C,60.0,nickel,6,19320.68449098013,24834.293619791668
0.2,10,30C__pdms_trial_1,30C,30.0,pdms,1,460.90129095067635,189.48442586263022
0.2,10,30C__pdms_trial_2,30C,30.0,pdms,2,460.90129095067635,115.28235371907552
0.2,10,30C__pdms_trial_3,30C,30.0,pdms,3,460.90129095067635,134.79825083414713
0.2,10,30C__pdms_trial_4,30C,30.0,pdms,4,460.90129095067635,52.42110697428385
0.2,10,30C__pdms_trial_5,30C,30.0,pdms,5,460.90129095067635,106.21632512410481
0.2,10,30C__pdms_trial_6,30C,30.0,pdms,6,460.90129095067635,78.76124318440755
0.2,10,40C__pdms_trial_1,40C,40.0,pdms,1,460.90129095067635,460.5515950520833
0.2,10,40C__pdms_trial_2,40C,40.0,pdms,2,460.90129095067635,487.8132832845052
0.2,10,40C__pdms_trial_3,40C,40.0,pdms,3,460.90129095067635,417.9499206542969
0.2,10,40C__pdms_trial_4,40C,40.0,pdms,4,460.90129095067635,412.16697184244794
0.2,10,40C__pdms_trial_5,40C,40.0,pdms,5,460.90129095067635,237.88204956054688
0.2,10,40C__pdms_trial_6,40C,40.0,pdms,6,460.90129095067635,361.0793863932292
0.2,10,50C__pdms_trial_1,50C,50.0,pdms,1,460.90129095067635,239.04851277669272
0.2,10,50C__pdms_trial_2,50C,50.0,pdms,2,460.90129095067635,161.9894816080729
0.2,10,50C__pdms_trial_3,50C,50.0,pdms,3,460.90129095067635,406.89137776692706
0.2,10,50C__pdms_trial_4,50C,50.0,pdms,4,460.90129095067635,392.71872965494794
0.2,10,50C__pdms_trial_5,50C,50.0,pdms,5,460.90129095067635,236.65065002441406
0.2,10,50C__pdms_trial_6,50C,50.0,pdms,6,460.90129095067635,306.3266092936198
0.2,10,60C__pdms_trial_1,60C,60.0,pdms,1,460.90129095067635,616.75830078125
0.2,10,60C__pdms_trial_2,60C,60.0,pdms,2,460.90129095067635,425.1115010579427
0.2,10,60C__pdms_trial_3,60C,60.0,pdms,3,460.90129095067635,480.35251871744794
0.2,10,60C__pdms_trial_4,60C,60.0,pdms,4,460.90129095067635,235.3094685872396
0.2,10,60C__pdms_trial_5,60C,60.0,pdms,5,460.90129095067635,260.05577596028644
0.2,10,60C__pdms_trial_6,60C,60.0,pdms,6,460.90129095067635,153.8625946044922
0.2,11,30C__ps_foam_trial_1,30C,30.0,ps_foam,1,34.496376621320685,397.89772542317706
0.2,11,30C__ps_foam_trial_2,30C,30.0,ps_foam,2,34.496376621320685,441.4359842936198
0.2,11,30C__ps_foam_trial_3,30C,30.0,ps_foam,3,34.496376621320685,359.44873046875
0.2,11,30C__ps_foam_trial_4,30C,30.0,ps_foam,4,34.496376621320685,289.7585856119792
0.2,11,30C__ps_foam_trial_5,30C,30.0,ps_foam,5,34.496376621320685,179.7909418741862
0.2,11,30C__ps_foam_trial_6,30C,30.0,ps_foam,6,34.496376621320685,193.70281982421875
0.2,11,40C__ps_foam_trial_1,40C,40.0,ps_foam,1,34.496376621320685,48.215948740641274
0.2,11,40C__ps_foam_trial_2,40C,40.0,ps_foam,2,34.496376621320685,52.47199249267578
0.2,11,40C__ps_foam_trial_3,40C,40.0,ps_foam,3,34.496376621320685,49.95610555013021
0.2,11,40C__ps_foam_trial_4,40C,40.0,ps_foam,4,34.496376621320685,729.2238362630209
0.2,11,40C__ps_foam_trial_5,40C,40.0,ps_foam,5,34.496376621320685,117.48689524332683
0.2,11,40C__ps_foam_trial_6,40C,40.0,ps_foam,6,34.496376621320685,92.97037251790364
0.2,11,50C__ps_foam_trial_1,50C,50.0,ps_foam,1,34.496376621320685,50.334517112165884
0.2,11,50C__ps_foam_trial_2,50C,50.0,ps_foam,2,34.496376621320685,61.028717041015625
0.2,11,50C__ps_foam_trial_3,50C,50.0,ps_foam,3,34.496376621320685,56.26689147949219
0.2,11,50C__ps_foam_trial_4,50C,50.0,ps_foam,4,34.496376621320685,48.45217127679805
0.2,11,50C__ps_foam_trial_5,50C,50.0,ps_foam,5,34.496376621320685,56.1063346862793
0.2,11,50C__ps_foam_trial_6,50C,50.0,ps_foam,6,34.496376621320685,55.81430435180664
0.2,11,60C__ps_foam_trial_1,60C,60.0,ps_foam,1,34.496376621320685,284.2729899088542
0.2,11,60C__ps_foam_trial_2,60C,60.0,ps_foam,2,34.496376621320685,228.11334228515625
0.2,11,60C__ps_foam_trial_3,60C,60.0,ps_foam,3,34.496376621320685,242.00901794433594
0.2,11,60C__ps_foam_trial_4,60C,60.0,ps_foam,4,34.496376621320685,177.80239868164062
0.2,11,60C__ps_foam_trial_5,60C,60.0,ps_foam,5,34.496376621320685,286.48736063639325
0.2,11,60C__ps_foam_trial_6,60C,60.0,ps_foam,6,34.496376621320685,301.70008341471356
0.2,12,30C__pu_foam_trial_1,30C,30.0,pu_foam,1,42.49705872175155,134.17046864827475
0.2,12,30C__pu_foam_trial_2,30C,30.0,pu_foam,2,42.49705872175155,83.4482930501302
0.2,12,30C__pu_foam_trial_3,30C,30.0,pu_foam,3,42.49705872175155,233.8097941080729
0.2,12,30C__pu_foam_trial_4,30C,30.0,pu_foam,4,42.49705872175155,212.6766815185547
0.2,12,30C__pu_foam_trial_5,30C,30.0,pu_foam,5,42.49705872175155,252.43181355794272
0.2,12,30C__pu_foam_trial_6,30C,30.0,pu_foam,6,42.49705872175155,76.289794921875
0.2,12,40C__pu_foam_trial_1,40C,40.0,pu_foam,1,42.49705872175155,62.78862380981445
0.2,12,40C__pu_foam_trial_2,40C,40.0,pu_foam,2,42.49705872175155,96.7045669555664
0.2,12,40C__pu_foam_trial_3,40C,40.0,pu_foam,3,42.49705872175155,105.51229604085286
0.2,12,40C__pu_foam_trial_4,40C,40.0,pu_foam,4,42.49705872175155,79.97298431396484
0.2,12,40C__pu_foam_trial_5,40C,40.0,pu_foam,5,42.49705872175155,35.74581312311678
0.2,12,40C__pu_foam_trial_6,40C,40.0,pu_foam,6,42.49705872175155,43.62543741861979
0.2,12,50C__pu_foam_trial_1,50C,50.0,pu_foam,1,42.49705872175155,121.6593017578125
0.2,12,50C__pu_foam_trial_2,50C,50.0,pu_foam,2,42.49705872175155,81.98675791422527
0.2,12,50C__pu_foam_trial_3,50C,50.0,pu_foam,3,42.49705872175155,103.83374532063802
0.2,12,50C__pu_foam_trial_4,50C,50.0,pu_foam,4,42.49705872175155,73.84141794840495
0.2,12,50C__pu_foam_trial_5,50C,50.0,pu_foam,5,42.49705872175155,87.44583638509114
0.2,12,50C__pu_foam_trial_6,50C,50.0,pu_foam,6,42.49705872175155,96.92904408772786
0.2,12,60C__pu_foam_trial_1,60C,60.0,pu_foam,1,42.49705872175155,182.37675984700522
0.2,12,60C__pu_foam_trial_2,60C,60.0,pu_foam,2,42.49705872175155,708.6386922200521
0.2,12,60C__pu_foam_trial_3,60C,60.0,pu_foam,3,42.49705872175155,246.37863159179688
0.2,12,60C__pu_foam_trial_4,60C,60.0,pu_foam,4,42.49705872175155,164.11856079101562
0.2,12,60C__pu_foam_trial_5,60C,60.0,pu_foam,5,42.49705872175155,226.01810201009116
0.2,12,60C__pu_foam_trial_6,60C,60.0,pu_foam,6,42.49705872175155,260.8471374511719
0.2,13,30C__titanium_trial_1,30C,30.0,titanium,1,7184.0359269702985,12775.376627604166
0.2,13,30C__titanium_trial_2,30C,30.0,titanium,2,7184.0359269702985,5983.685546875
0.2,13,30C__titanium_trial_3,30C,30.0,titanium,3,7184.0359269702985,6907.714192708333
0.2,13,30C__titanium_trial_4,30C,30.0,titanium,4,7184.0359269702985,4568.626220703125
0.2,13,30C__titanium_trial_5,30C,30.0,titanium,5,7184.0359269702985,8958.543131510416
0.2,13,30C__titanium_trial_6,30C,30.0,titanium,6,7184.0359269702985,6046.607096354167
0.2,13,40C__titanium_trial_1,40C,40.0,titanium,1,7184.0359269702985,16180.4345703125
0.2,13,40C__titanium_trial_2,40C,40.0,titanium,2,7184.0359269702985,14360.822265625
0.2,13,40C__titanium_trial_3,40C,40.0,titanium,3,7184.0359269702985,15048.192708333334
0.2,13,40C__titanium_trial_4,40C,40.0,titanium,4,7184.0359269702985,8424.227213541666
0.2,13,40C__titanium_trial_5,40C,40.0,titanium,5,7184.0359269702985,19630.695963541668
0.2,13,40C__titanium_trial_6,40C,40.0,titanium,6,7184.0359269702985,18167.572916666668
0.2,13,50C__titanium_trial_1,50C,50.0,titanium,1,7184.0359269702985,13202.931640625
0.2,13,50C__titanium_trial_2,50C,50.0,titanium,2,7184.0359269702985,5933.670247395833
0.2,13,50C__titanium_trial_3,50C,50.0,titanium,3,7184.0359269702985,14319.780598958334
0.2,13,50C__titanium_trial_4,50C,50.0,titanium,4,7184.0359269702985,14902.967447916666
0.2,13,50C__titanium_trial_5,50C,50.0,titanium,5,7184.0359269702985,10584.53173828125
0.2,13,50C__titanium_trial_6,50C,50.0,titanium,6,7184.0359269702985,15269.025390625
0.2,13,60C__titanium_trial_1,60C,60.0,titanium,1,7184.0359269702985,10684.24462890625
0.2,13,60C__titanium_trial_2,60C,60.0,titanium,2,7184.0359269702985,11091.64501953125
0.2,13,60C__titanium_trial_3,60C,60.0,titanium,3,7184.0359269702985,11163.168294270834
0.2,13,60C__titanium_trial_4,60C,60.0,titanium,4,7184.0359269702985,12992.778645833334
0.2,13,60C__titanium_trial_5,60C,60.0,titanium,5,7184.0359269702985,11734.079752604166
0.2,13,60C__titanium_trial_6,60C,60.0,titanium,6,7184.0359269702985,14754.242513020834
0.2,14,30C__wood_trial_1,30C,30.0,wood,1,422.49260348555214,66.7937723795573
0.2,14,30C__wood_trial_2,30C,30.0,wood,2,422.49260348555214,176.73026529947916
0.2,14,30C__wood_trial_3,30C,30.0,wood,3,422.49260348555214,119.3551508585612
0.2,14,30C__wood_trial_4,30C,30.0,wood,4,422.49260348555214,71.89913177490234
0.2,14,30C__wood_trial_5,30C,30.0,wood,5,422.49260348555214,121.88121541341145
0.2,14,30C__wood_trial_6,30C,30.0,wood,6,422.49260348555214,202.0485382080078
0.2,14,40C__wood_trial_1,40C,40.0,wood,1,422.49260348555214,150.11752319335938
0.2,14,40C__wood_trial_2,40C,40.0,wood,2,422.49260348555214,167.7040761311849
0.2,14,40C__wood_trial_3,40C,40.0,wood,3,422.49260348555214,173.09835815429688
0.2,14,40C__wood_trial_4,40C,40.0,wood,4,422.49260348555214,141.98064168294272
0.2,14,40C__wood_trial_5,40C,40.0,wood,5,422.49260348555214,316.0926818847656
0.2,14,40C__wood_trial_6,40C,40.0,wood,6,422.49260348555214,262.8869272867839
0.2,14,50C__wood_trial_1,50C,50.0,wood,1,422.49260348555214,216.9915568033854
0.2,14,50C__wood_trial_2,50C,50.0,wood,2,422.49260348555214,268.7135874430339
0.2,14,50C__wood_trial_3,50C,50.0,wood,3,422.49260348555214,306.8831380208333
0.2,14,50C__wood_trial_4,50C,50.0,wood,4,422.49260348555214,240.90816243489584
0.2,14,50C__wood_trial_5,50C,50.0,wood,5,422.49260348555214,246.91116841634116
0.2,14,50C__wood_trial_6,50C,50.0,wood,6,422.49260348555214,188.13139851888022
0.2,14,60C__wood_trial_1,60C,60.0,wood,1,422.49260348555214,13941.7138671875
0.2,14,60C__wood_trial_2,60C,60.0,wood,2,422.49260348555214,5254.4713134765625
0.2,14,60C__wood_trial_3,60C,60.0,wood,3,422.49260348555214,8822.393798828125
0.2,14,60C__wood_trial_4,60C,60.0,wood,4,422.49260348555214,7463.164632161458
0.2,14,60C__wood_trial_5,60C,60.0,wood,5,422.49260348555214,2057.2425944010415
0.2,14,60C__wood_trial_6,60C,60.0,wood,6,422.49260348555214,1709.370381673177
0.3,1,30C__aluminum_trial_1,30C,30.0,aluminum,1,23958.09466547789,16948.800455729168
0.3,1,30C__aluminum_trial_2,30C,30.0,aluminum,2,23958.09466547789,20881.427083333332
0.3,1,30C__aluminum_trial_3,30C,30.0,aluminum,3,23958.09466547789,10708.8759765625
0.3,1,30C__aluminum_trial_4,30C,30.0,aluminum,4,23958.09466547789,18022.393880208332
0.3,1,30C__aluminum_trial_5,30C,30.0,aluminum,5,23958.09466547789,12707.533203125
0.3,1,30C__aluminum_trial_6,30C,30.0,aluminum,6,23958.09466547789,13791.638020833334
0.3,1,40C__aluminum_trial_1,40C,40.0,aluminum,1,23958.09466547789,19763.001953125
0.3,1,40C__aluminum_trial_2,40C,40.0,aluminum,2,23958.09466547789,6045.1177978515625
0.3,1,40C__aluminum_trial_3,40C,40.0,aluminum,3,23958.09466547789,29742.470052083332
0.3,1,40C__aluminum_trial_4,40C,40.0,aluminum,4,23958.09466547789,14378.0576171875
0.3,1,40C__aluminum_trial_5,40C,40.0,aluminum,5,23958.09466547789,11660.919921875
0.3,1,40C__aluminum_trial_6,40C,40.0,aluminum,6,23958.09466547789,11779.3232421875
0.3,1,50C__aluminum_trial_1,50C,50.0,aluminum,1,23958.09466547789,14655.3291015625
0.3,1,50C__aluminum_trial_2,50C,50.0,aluminum,2,23958.09466547789,12088.8544921875
0.3,1,50C__aluminum_trial_3,50C,50.0,aluminum,3,23958.09466547789,15926.352213541666
0.3,1,50C__aluminum_trial_4,50C,50.0,aluminum,4,23958.09466547789,20154.407552083332
0.3,1,50C__aluminum_trial_5,50C,50.0,aluminum,5,23958.09466547789,12732.012369791666
0.3,1,50C__aluminum_trial_6,50C,50.0,aluminum,6,23958.09466547789,20929.619140625
0.3,1,60C__aluminum_trial_1,60C,60.0,aluminum,1,23958.09466547789,16351.218424479166
0.3,1,60C__aluminum_trial_2,60C,60.0,aluminum,2,23958.09466547789,15065.4248046875
0.3,1,60C__aluminum_trial_3,60C,60.0,aluminum,3,23958.09466547789,11088.2568359375
0.3,1,60C__aluminum_trial_4,60C,60.0,aluminum,4,23958.09466547789,15809.927083333334
0.3,1,60C__aluminum_trial_5,60C,60.0,aluminum,5,23958.09466547789,15189.466471354166
0.3,1,60C__aluminum_trial_6,60C,60.0,aluminum,6,23958.09466547789,20681.712890625
0.3,2,30C__bismuth_trial_1,30C,30.0,bismuth,1,3209.1026783199068,9091.569173177084
0.3,2,30C__bismuth_trial_2,30C,30.0,bismuth,2,3209.1026783199068,7366.7587890625
0.3,2,30C__bismuth_trial_3,30C,30.0,bismuth,3,3209.1026783199068,5333.523274739583
0.3,2,30C__bismuth_trial_4,30C,30.0,bismuth,4,3209.1026783199068,10443.1337890625
0.3,2,30C__bismuth_trial_5,30C,30.0,bismuth,5,3209.1026783199068,7329.927083333333
0.3,2,30C__bismuth_trial_6,30C,30.0,bismuth,6,3209.1026783199068,9917.398111979166
0.3,2,40C__bismuth_trial_1,40C,40.0,bismuth,1,3209.1026783199068,14011.877604166666
0.3,2,40C__bismuth_trial_2,40C,40.0,bismuth,2,3209.1026783199068,13211.858072916666
0.3,2,40C__bismuth_trial_3,40C,40.0,bismuth,3,3209.1026783199068,7947.933837890625
0.3,2,40C__bismuth_trial_4,40C,40.0,bismuth,4,3209.1026783199068,12010.311848958334
0.3,2,40C__bismuth_trial_5,40C,40.0,bismuth,5,3209.1026783199068,13215.234375
0.3,2,40C__bismuth_trial_6,40C,40.0,bismuth,6,3209.1026783199068,13647.554036458334
0.3,2,50C__bismuth_trial_1,50C,50.0,bismuth,1,3209.1026783199068,9781.364583333334
0.3,2,50C__bismuth_trial_2,50C,50.0,bismuth,2,3209.1026783199068,12947.594401041666
0.3,2,50C__bismuth_trial_3,50C,50.0,bismuth,3,3209.1026783199068,18187.978190104168
0.3,2,50C__bismuth_trial_4,50C,50.0,bismuth,4,3209.1026783199068,14622.994140625
0.3,2,50C__bismuth_trial_5,50C,50.0,bismuth,5,3209.1026783199068,14493.244466145834
0.3,2,50C__bismuth_trial_6,50C,50.0,bismuth,6,3209.1026783199068,11795.3251953125
0.3,2,60C__bismuth_trial_1,60C,60.0,bismuth,1,3209.1026783199068,11712.679036458334
0.3,2,60C__bismuth_trial_2,60C,60.0,bismuth,2,3209.1026783199068,10418.602213541666
0.3,2,60C__bismuth_trial_3,60C,60.0,bismuth,3,3209.1026783199068,11993.247395833334
0.3,2,60C__bismuth_trial_4,60C,60.0,bismuth,4,3209.1026783199068,16301.050455729166
0.3,2,60C__bismuth_trial_5,60C,60.0,bismuth,5,3209.1026783199068,10661.507486979166
0.3,2,60C__bismuth_trial_6,60C,60.0,bismuth,6,3209.1026783199068,17435.2607421875
0.3,3,30C__cement_trial_1,30C,30.0,cement,1,559.6427431853289,521.7596232096354
0.3,3,30C__cement_trial_2,30C,30.0,cement,2,559.6427431853289,455.0373229980469
0.3,3,30C__cement_trial_3,30C,30.0,cement,3,559.6427431853289,493.02984619140625
0.3,3,30C__cement_trial_4,30C,30.0,cement,4,559.6427431853289,512.0355326334635
0.3,3,30C__cement_trial_5,30C,30.0,cement,5,559.6427431853289,612.7415873209635
0.3,3,30C__cement_trial_6,30C,30.0,cement,6,559.6427431853289,486.72398885091144
0.3,3,40C__cement_trial_1,40C,40.0,cement,1,559.6427431853289,471.9674377441406
0.3,3,40C__cement_trial_2,40C,40.0,cement,2,559.6427431853289,490.8783874511719
0.3,3,40C__cement_trial_3,40C,40.0,cement,3,559.6427431853289,364.6583709716797
0.3,3,40C__cement_trial_4,40C,40.0,cement,4,559.6427431853289,708.7932535807291
0.3,3,40C__cement_trial_5,40C,40.0,cement,5,559.6427431853289,697.4102579752604
0.3,3,40C__cement_trial_6,40C,40.0,cement,6,559.6427431853289,357.7242838541667
0.3,3,50C__cement_trial_1,50C,50.0,cement,1,559.6427431853289,523.273681640625
0.3,3,50C__cement_trial_2,50C,50.0,cement,2,559.6427431853289,309.7549235026042
0.3,3,50C__cement_trial_3,50C,50.0,cement,3,559.6427431853289,431.17287190755206
0.3,3,50C__cement_trial_4,50C,50.0,cement,4,559.6427431853289,334.9043477376302
0.3,3,50C__cement_trial_5,50C,50.0,cement,5,559.6427431853289,698.3187561035156
0.3,3,50C__cement_trial_6,50C,50.0,cement,6,559.6427431853289,633.0498453776041
0.3,3,60C__cement_trial_1,60C,60.0,cement,1,559.6427431853289,986.3046468098959
0.3,3,60C__cement_trial_2,60C,60.0,cement,2,559.6427431853289,723.0959269205729
0.3,3,60C__cement_trial_3,60C,60.0,cement,3,559.6427431853289,810.5496215820312
0.3,3,60C__cement_trial_4,60C,60.0,cement,4,559.6427431853289,706.4867350260416
0.3,3,60C__cement_trial_5,60C,60.0,cement,5,559.6427431853289,870.5062052408854
0.3,3,60C__cement_trial_6,60C,60.0,cement,6,559.6427431853289,699.9902547200521
0.3,4,30C__copper_trial_1,30C,30.0,copper,1,37192.601414797544,2661.819051106771
0.3,4,30C__copper_trial_2,30C,30.0,copper,2,37192.601414797544,16903.404622395832
0.3,4,30C__copper_trial_3,30C,30.0,copper,3,37192.601414797544,16567.921549479168
0.3,4,30C__copper_trial_4,30C,30.0,copper,4,37192.601414797544,15508.996744791666
0.3,4,30C__copper_trial_5,30C,30.0,copper,5,37192.601414797544,14302.402669270834
0.3,4,30C__copper_trial_6,30C,30.0,copper,6,37192.601414797544,11994.738606770834
0.3,4,40C__copper_trial_1,40C,40.0,copper,1,37192.601414797544,18915.747395833332
0.3,4,40C__copper_trial_2,40C,40.0,copper,2,37192.601414797544,15095.9990234375
0.3,4,40C__copper_trial_3,40C,40.0,copper,3,37192.601414797544,18008.738606770832
0.3,4,40C__copper_trial_4,40C,40.0,copper,4,37192.601414797544,8628.189453125
0.3,4,40C__copper_trial_5,40C,40.0,copper,5,37192.601414797544,8483.05859375
0.3,4,40C__copper_trial_6,40C,40.0,copper,6,37192.601414797544,8031.63623046875
0.3,4,50C__copper_trial_1,50C,50.0,copper,1,37192.601414797544,7203.31640625
0.3,4,50C__copper_trial_2,50C,50.0,copper,2,37192.601414797544,11980.313151041666
0.3,4,50C__copper_trial_3,50C,50.0,copper,3,37192.601414797544,10592.224609375
0.3,4,50C__copper_trial_4,50C,50.0,copper,4,37192.601414797544,9591.431315104166
0.3,4,50C__copper_trial_5,50C,50.0,copper,5,37192.601414797544,9488.520833333334
0.3,4,50C__copper_trial_6,50C,50.0,copper,6,37192.601414797544,8018.470865885417
0.3,4,60C__copper_trial_1,60C,60.0,copper,1,37192.601414797544,15603.41796875
0.3,4,60C__copper_trial_2,60C,60.0,copper,2,37192.601414797544,19231.923177083332
0.3,4,60C__copper_trial_3,60C,60.0,copper,3,37192.601414797544,16908.261067708332
0.3,4,60C__copper_trial_4,60C,60.0,copper,4,37192.601414797544,19530.423177083332
0.3,4,60C__copper_trial_5,60C,60.0,copper,5,37192.601414797544,17428.700520833332
0.3,4,60C__copper_trial_6,60C,60.0,copper,6,37192.601414797544,13607.4609375
0.3,5,30C__cork_trial_1,30C,30.0,cork,1,136.29380029920657,160.87707010904947
0.3,5,30C__cork_trial_2,30C,30.0,cork,2,136.29380029920657,66.93926493326823
0.3,5,30C__cork_trial_3,30C,30.0,cork,3,136.29380029920657,60.53602091471354
0.3,5,30C__cork_trial_4,30C,30.0,cork,4,136.29380029920657,48.65658060709635
0.3,5,30C__cork_trial_5,30C,30.0,cork,5,136.29380029920657,74.79219055175781
0.3,5,30C__cork_trial_6,30C,30.0,cork,6,136.29380029920657,60.98093032836914
0.3,5,40C__cork_trial_1,40C,40.0,cork,1,136.29380029920657,86.40699513753255
0.3,5,40C__cork_trial_2,40C,40.0,cork,2,136.29380029920657,84.3711649576823
0.3,5,40C__cork_trial_3,40C,40.0,cork,3,136.29380029920657,98.92322794596355
0.3,5,40C__cork_trial_4,40C,40.0,cork,4,136.29380029920657,92.38953399658203
0.3,5,40C__cork_trial_5,40C,40.0,cork,5,136.29380029920657,39.33795293172201
0.3,5,40C__cork_trial_6,40C,40.0,cork,6,136.29380029920657,35.4872478561897
0.3,5,50C__cork_trial_1,50C,50.0,cork,1,136.29380029920657,446.8601786295573
0.3,5,50C__cork_trial_2,50C,50.0,cork,2,136.29380029920657,447.24249267578125
0.3,5,50C__cork_trial_3,50C,50.0,cork,3,136.29380029920657,424.4473164876302
0.3,5,50C__cork_trial_4,50C,50.0,cork,4,136.29380029920657,262.56884765625
0.3,5,50C__cork_trial_5,50C,50.0,cork,5,136.29380029920657,441.2561543782552
0.3,5,50C__cork_trial_6,50C,50.0,cork,6,136.29380029920657,372.44385782877606
0.3,5,60C__cork_trial_1,60C,60.0,cork,1,136.29380029920657,321.76776123046875
0.3,5,60C__cork_trial_2,60C,60.0,cork,2,136.29380029920657,327.0840759277344
0.3,5,60C__cork_trial_3,60C,60.0,cork,3,136.29380029920657,310.3889567057292
0.3,5,60C__cork_trial_4,60C,60.0,cork,4,136.29380029920657,291.8853251139323
0.3,5,60C__cork_trial_5,60C,60.0,cork,5,136.29380029920657,395.70421346028644
0.3,5,60C__cork_trial_6,60C,60.0,cork,6,136.29380029920657,366.3093973795573
0.3,6,30C__graphite_trial_1,30C,30.0,graphite,1,11367.497525840945,11483.937174479166
0.3,6,30C__graphite_trial_2,30C,30.0,graphite,2,11367.497525840945,5530.453531901042
0.3,6,30C__graphite_trial_3,30C,30.0,graphite,3,11367.497525840945,2098.4835611979165
0.3,6,30C__graphite_trial_4,30C,30.0,graphite,4,11367.497525840945,8704.628092447916
0.3,6,30C__graphite_trial_5,30C,30.0,graphite,5,11367.497525840945,8602.33740234375
0.3,6,30C__graphite_trial_6,30C,30.0,graphite,6,11367.497525840945,5729.797200520833
0.3,6,40C__graphite_trial_1,40C,40.0,graphite,1,11367.497525840945,8815.632975260416
0.3,6,40C__graphite_trial_2,40C,40.0,graphite,2,11367.497525840945,12181.512369791666
0.3,6,40C__graphite_trial_3,40C,40.0,graphite,3,11367.497525840945,6504.883463541667
0.3,6,40C__graphite_trial_4,40C,40.0,graphite,4,11367.497525840945,11527.958333333334
0.3,6,40C__graphite_trial_5,40C,40.0,graphite,5,11367.497525840945,3667.739990234375
0.3,6,40C__graphite_trial_6,40C,40.0,graphite,6,11367.497525840945,6776.125813802083
0.3,6,50C__graphite_trial_1,50C,50.0,graphite,1,11367.497525840945,15480.360026041666
0.3,6,50C__graphite_trial_2,50C,50.0,graphite,2,11367.497525840945,15168.368489583334
0.3,6,50C__graphite_trial_3,50C,50.0,graphite,3,11367.497525840945,13050.3876953125
0.3,6,50C__graphite_trial_4,50C,50.0,graphite,4,11367.497525840945,19878.468098958332
0.3,6,50C__graphite_trial_5,50C,50.0,graphite,5,11367.497525840945,7045.184407552083
0.3,6,50C__graphite_trial_6,50C,50.0,graphite,6,11367.497525840945,11269.10009765625
0.3,6,60C__graphite_trial_1,60C,60.0,graphite,1,11367.497525840945,8840.660807291666
0.3,6,60C__graphite_trial_2,60C,60.0,graphite,2,11367.497525840945,12767.7587890625
0.3,6,60C__graphite_trial_3,60C,60.0,graphite,3,11367.497525840945,12466.655924479166
0.3,6,60C__graphite_trial_4,60C,60.0,graphite,4,11367.497525840945,11072.526041666666
0.3,6,60C__graphite_trial_5,60C,60.0,graphite,5,11367.497525840945,10954.868489583334
0.3,6,60C__graphite_trial_6,60C,60.0,graphite,6,11367.497525840945,11463.308268229166
0.3,7,30C__gypsum_trial_1,30C,30.0,gypsum,1,385.01948002666046,252.219482421875
0.3,7,30C__gypsum_trial_2,30C,30.0,gypsum,2,385.01948002666046,323.35096232096356
0.3,7,30C__gypsum_trial_3,30C,30.0,gypsum,3,385.01948002666046,267.1205190022786
0.3,7,30C__gypsum_trial_4,30C,30.0,gypsum,4,385.01948002666046,187.0392812093099
0.3,7,30C__gypsum_trial_5,30C,30.0,gypsum,5,385.01948002666046,275.1207326253255
0.3,7,30C__gypsum_trial_6,30C,30.0,gypsum,6,385.01948002666046,188.5074717203776
0.3,7,40C__gypsum_trial_1,40C,40.0,gypsum,1,385.01948002666046,285.6094970703125
0.3,7,40C__gypsum_trial_2,40C,40.0,gypsum,2,385.01948002666046,207.1761220296224
0.3,7,40C__gypsum_trial_3,40C,40.0,gypsum,3,385.01948002666046,253.1944834391276
0.3,7,40C__gypsum_trial_4,40C,40.0,gypsum,4,385.01948002666046,448.8858235677083
0.3,7,40C__gypsum_trial_5,40C,40.0,gypsum,5,385.01948002666046,595.65087890625
0.3,7,40C__gypsum_trial_6,40C,40.0,gypsum,6,385.01948002666046,553.1367390950521
0.3,7,50C__gypsum_trial_1,50C,50.0,gypsum,1,385.01948002666046,689.98046875
0.3,7,50C__gypsum_trial_2,50C,50.0,gypsum,2,385.01948002666046,658.6647745768229
0.3,7,50C__gypsum_trial_3,50C,50.0,gypsum,3,385.01948002666046,633.0607299804688
0.3,7,50C__gypsum_trial_4,50C,50.0,gypsum,4,385.01948002666046,686.7222696940104
0.3,7,50C__gypsum_trial_5,50C,50.0,gypsum,5,385.01948002666046,730.7462768554688
0.3,7,50C__gypsum_trial_6,50C,50.0,gypsum,6,385.01948002666046,607.7242736816406
0.3,7,60C__gypsum_trial_1,60C,60.0,gypsum,1,385.01948002666046,4748.117513020833
0.3,7,60C__gypsum_trial_2,60C,60.0,gypsum,2,385.01948002666046,2247.4601236979165
0.3,7,60C__gypsum_trial_3,60C,60.0,gypsum,3,385.01948002666046,1937.3173421223958
0.3,7,60C__gypsum_trial_4,60C,60.0,gypsum,4,385.01948002666046,3982.341796875
0.3,7,60C__gypsum_trial_5,60C,60.0,gypsum,5,385.01948002666046,3686.1940104166665
0.3,7,60C__gypsum_trial_6,60C,60.0,gypsum,6,385.01948002666046,2997.544677734375
0.3,8,30C__iron_trial_1,30C,30.0,iron,1,16859.663413010356,10151.831705729166
0.3,8,30C__iron_trial_2,30C,30.0,iron,2,16859.663413010356,23766.840494791668
0.3,8,30C__iron_trial_3,30C,30.0,iron,3,16859.663413010356,17456.936197916668
0.3,8,30C__iron_trial_4,30C,30.0,iron,4,16859.663413010356,18987.93359375
0.3,8,30C__iron_trial_5,30C,30.0,iron,5,16859.663413010356,17714.748372395832
0.3,8,30C__iron_trial_6,30C,30.0,iron,6,16859.663413010356,14640.031901041666
0.3,8,40C__iron_trial_1,40C,40.0,iron,1,16859.663413010356,13470.1435546875
0.3,8,40C__iron_trial_2,40C,40.0,iron,2,16859.663413010356,8559.286783854166
0.3,8,40C__iron_trial_3,40C,40.0,iron,3,16859.663413010356,8970.897298177084
0.3,8,40C__iron_trial_4,40C,40.0,iron,4,16859.663413010356,6130.09326171875
0.3,8,40C__iron_trial_5,40C,40.0,iron,5,16859.663413010356,14158.646809895834
0.3,8,40C__iron_trial_6,40C,40.0,iron,6,16859.663413010356,14826.906901041666
0.3,8,50C__iron_trial_1,50C,50.0,iron,1,16859.663413010356,10449.033528645834
0.3,8,50C__iron_trial_2,50C,50.0,iron,2,16859.663413010356,13251.720703125
0.3,8,50C__iron_trial_3,50C,50.0,iron,3,16859.663413010356,13346.3505859375
0.3,8,50C__iron_trial_4,50C,50.0,iron,4,16859.663413010356,14778.758463541666
0.3,8,50C__iron_trial_5,50C,50.0,iron,5,16859.663413010356,14942.0791015625
0.3,8,50C__iron_trial_6,50C,50.0,iron,6,16859.663413010356,26104.694661458332
0.3,8,60C__iron_trial_1,60C,60.0,iron,1,16859.663413010356,29825.324869791668
0.3,8,60C__iron_trial_2,60C,60.0,iron,2,16859.663413010356,20403.716796875
0.3,8,60C__iron_trial_3,60C,60.0,iron,3,16859.663413010356,17316.512369791668
0.3,8,60C__iron_trial_4,60C,60.0,iron,4,16859.663413010356,14335.914388020834
0.3,8,60C__iron_trial_5,60C,60.0,iron,5,16859.663413010356,16499.8505859375
0.3,8,60C__iron_trial_6,60C,60.0,iron,6,16859.663413010356,23249.080729166668
0.3,9,30C__nickel_trial_1,30C,30.0,nickel,1,19320.68449098013,12085.970703125
0.3,9,30C__nickel_trial_2,30C,30.0,nickel,2,19320.68449098013,13294.126953125
0.3,9,30C__nickel_trial_3,30C,30.0,nickel,3,19320.68449098013,17889.533854166668
0.3,9,30C__nickel_trial_4,30C,30.0,nickel,4,19320.68449098013,11247.2177734375
0.3,9,30C__nickel_trial_5,30C,30.0,nickel,5,19320.68449098013,17853.64453125
0.3,9,30C__nickel_trial_6,30C,30.0,nickel,6,19320.68449098013,21323.450520833332
0.3,9,40C__nickel_trial_1,40C,40.0,nickel,1,19320.68449098013,5849.751139322917
0.3,9,40C__nickel_trial_2,40C,40.0,nickel,2,19320.68449098013,8453.265299479166
0.3,9,40C__nickel_trial_3,40C,40.0,nickel,3,19320.68449098013,16747.5419921875
0.3,9,40C__nickel_trial_4,40C,40.0,nickel,4,19320.68449098013,12447.857421875
0.3,9,40C__nickel_trial_5,40C,40.0,nickel,5,19320.68449098013,12289.643880208334
0.3,9,40C__nickel_trial_6,40C,40.0,nickel,6,19320.68449098013,10727.1328125
0.3,9,50C__nickel_trial_1,50C,50.0,nickel,1,19320.68449098013,11354.431640625
0.3,9,50C__nickel_trial_2,50C,50.0,nickel,2,19320.68449098013,13489.0361328125
0.3,9,50C__nickel_trial_3,50C,50.0,nickel,3,19320.68449098013,13267.7392578125
0.3,9,50C__nickel_trial_4,50C,50.0,nickel,4,19320.68449098013,12718.140950520834
0.3,9,50C__nickel_trial_5,50C,50.0,nickel,5,19320.68449098013,7466.204915364583
0.3,9,50C__nickel_trial_6,50C,50.0,nickel,6,19320.68449098013,17899.900390625
0.3,9,60C__nickel_trial_1,60C,60.0,nickel,1,19320.68449098013,9113.402018229166
0.3,9,60C__nickel_trial_2,60C,60.0,nickel,2,19320.68449098013,20667.759114583332
0.3,9,60C__nickel_trial_3,60C,60.0,nickel,3,19320.68449098013,13538.4775390625
0.3,9,60C__nickel_trial_4,60C,60.0,nickel,4,19320.68449098013,23591.014973958332
0.3,9,60C__nickel_trial_5,60C,60.0,nickel,5,19320.68449098013,22170.251302083332
0.3,9,60C__nickel_trial_6,60C,60.0,nickel,6,19320.68449098013,21827.880208333332
0.3,10,30C__pdms_trial_1,30C,30.0,pdms,1,460.90129095067635,194.88382975260416
0.3,10,30C__pdms_trial_2,30C,30.0,pdms,2,460.90129095067635,126.58555348714192
0.3,10,30C__pdms_trial_3,30C,30.0,pdms,3,460.90129095067635,145.84063975016275
0.3,10,30C__pdms_trial_4,30C,30.0,pdms,4,460.90129095067635,52.53020731608073
0.3,10,30C__pdms_trial_5,30C,30.0,pdms,5,460.90129095067635,108.80005900065105
0.3,10,30C__pdms_trial_6,30C,30.0,pdms,6,460.90129095067635,81.5366694132487
0.3,10,40C__pdms_trial_1,40C,40.0,pdms,1,460.90129095067635,474.06972249348956
0.3,10,40C__pdms_trial_2,40C,40.0,pdms,2,460.90129095067635,496.6191914876302
0.3,10,40C__pdms_trial_3,40C,40.0,pdms,3,460.90129095067635,438.88414510091144
0.3,10,40C__pdms_trial_4,40C,40.0,pdms,4,460.90129095067635,417.92262776692706
0.3,10,40C__pdms_trial_5,40C,40.0,pdms,5,460.90129095067635,253.6265411376953
0.3,10,40C__pdms_trial_6,40C,40.0,pdms,6,460.90129095067635,381.0373229980469
0.3,10,50C__pdms_trial_1,50C,50.0,pdms,1,460.90129095067635,259.1913299560547
0.3,10,50C__pdms_trial_2,50C,50.0,pdms,2,460.90129095067635,158.25218709309897
0.3,10,50C__pdms_trial_3,50C,50.0,pdms,3,460.90129095067635,441.9827168782552
0.3,10,50C__pdms_trial_4,50C,50.0,pdms,4,460.90129095067635,416.7571207682292
0.3,10,50C__pdms_trial_5,50C,50.0,pdms,5,460.90129095067635,259.18333435058594
0.3,10,50C__pdms_trial_6,50C,50.0,pdms,6,460.90129095067635,314.14109293619794
0.3,10,60C__pdms_trial_1,60C,60.0,pdms,1,460.90129095067635,610.0786336263021
0.3,10,60C__pdms_trial_2,60C,60.0,pdms,2,460.90129095067635,441.4552307128906
0.3,10,60C__pdms_trial_3,60C,60.0,pdms,3,460.90129095067635,478.6244201660156
0.3,10,60C__pdms_trial_4,60C,60.0,pdms,4,460.90129095067635,269.10777282714844
0.3,10,60C__pdms_trial_5,60C,60.0,pdms,5,460.90129095067635,268.1134948730469
0.3,10,60C__pdms_trial_6,60C,60.0,pdms,6,460.90129095067635,170.39779663085938
0.3,11,30C__ps_foam_trial_1,30C,30.0,ps_foam,1,34.496376621320685,429.8225504557292
0.3,11,30C__ps_foam_trial_2,30C,30.0,ps_foam,2,34.496376621320685,433.3696797688802
0.3,11,30C__ps_foam_trial_3,30C,30.0,ps_foam,3,34.496376621320685,409.0873209635417
0.3,11,30C__ps_foam_trial_4,30C,30.0,ps_foam,4,34.496376621320685,363.0839436848958
0.3,11,30C__ps_foam_trial_5,30C,30.0,ps_foam,5,34.496376621320685,173.5414021809896
0.3,11,30C__ps_foam_trial_6,30C,30.0,ps_foam,6,34.496376621320685,212.36066691080728
0.3,11,40C__ps_foam_trial_1,40C,40.0,ps_foam,1,34.496376621320685,53.52708435058594
0.3,11,40C__ps_foam_trial_2,40C,40.0,ps_foam,2,34.496376621320685,51.29941431681315
0.3,11,40C__ps_foam_trial_3,40C,40.0,ps_foam,3,34.496376621320685,51.13289255975703
0.3,11,40C__ps_foam_trial_4,40C,40.0,ps_foam,4,34.496376621320685,723.0272420247396
0.3,11,40C__ps_foam_trial_5,40C,40.0,ps_foam,5,34.496376621320685,126.53101094563802
0.3,11,40C__ps_foam_trial_6,40C,40.0,ps_foam,6,34.496376621320685,109.09818267822266
0.3,11,50C__ps_foam_trial_1,50C,50.0,ps_foam,1,34.496376621320685,48.36870193481445
0.3,11,50C__ps_foam_trial_2,50C,50.0,ps_foam,2,34.496376621320685,63.374935150146484
0.3,11,50C__ps_foam_trial_3,50C,50.0,ps_foam,3,34.496376621320685,51.45658874511719
0.3,11,50C__ps_foam_trial_4,50C,50.0,ps_foam,4,34.496376621320685,47.792442321777344
0.3,11,50C__ps_foam_trial_5,50C,50.0,ps_foam,5,34.496376621320685,53.94798151652018
0.3,11,50C__ps_foam_trial_6,50C,50.0,ps_foam,6,34.496376621320685,54.21717325846354
0.3,11,60C__ps_foam_trial_1,60C,60.0,ps_foam,1,34.496376621320685,287.6286214192708
0.3,11,60C__ps_foam_trial_2,60C,60.0,ps_foam,2,34.496376621320685,269.8762512207031
0.3,11,60C__ps_foam_trial_3,60C,60.0,ps_foam,3,34.496376621320685,225.7092081705729
0.3,11,60C__ps_foam_trial_4,60C,60.0,ps_foam,4,34.496376621320685,134.8176752726237
0.3,11,60C__ps_foam_trial_5,60C,60.0,ps_foam,5,34.496376621320685,315.0238087972005
0.3,11,60C__ps_foam_trial_6,60C,60.0,ps_foam,6,34.496376621320685,300.3482259114583
0.3,12,30C__pu_foam_trial_1,30C,30.0,pu_foam,1,42.49705872175155,147.46633911132812
0.3,12,30C__pu_foam_trial_2,30C,30.0,pu_foam,2,42.49705872175155,107.30549621582031
0.3,12,30C__pu_foam_trial_3,30C,30.0,pu_foam,3,42.49705872175155,207.52318827311197
0.3,12,30C__pu_foam_trial_4,30C,30.0,pu_foam,4,42.49705872175155,218.81731160481772
0.3,12,30C__pu_foam_trial_5,30C,30.0,pu_foam,5,42.49705872175155,288.32338460286456
0.3,12,30C__pu_foam_trial_6,30C,30.0,pu_foam,6,42.49705872175155,94.28940073649089
0.3,12,40C__pu_foam_trial_1,40C,40.0,pu_foam,1,42.49705872175155,74.31331380208333
0.3,12,40C__pu_foam_trial_2,40C,40.0,pu_foam,2,42.49705872175155,96.4878641764323
0.3,12,40C__pu_foam_trial_3,40C,40.0,pu_foam,3,42.49705872175155,102.11830393473308
0.3,12,40C__pu_foam_trial_4,40C,40.0,pu_foam,4,42.49705872175155,82.65885670979817
0.3,12,40C__pu_foam_trial_5,40C,40.0,pu_foam,5,42.49705872175155,34.496376621320685
0.3,12,40C__pu_foam_trial_6,40C,40.0,pu_foam,6,42.49705872175155,47.42462921142578
0.3,12,50C__pu_foam_trial_1,50C,50.0,pu_foam,1,42.49705872175155,108.79669698079427
0.3,12,50C__pu_foam_trial_2,50C,50.0,pu_foam,2,42.49705872175155,88.78580220540364
0.3,12,50C__pu_foam_trial_3,50C,50.0,pu_foam,3,42.49705872175155,111.29718780517578
0.3,12,50C__pu_foam_trial_4,50C,50.0,pu_foam,4,42.49705872175155,83.51377614339192
0.3,12,50C__pu_foam_trial_5,50C,50.0,pu_foam,5,42.49705872175155,103.35858408610027
0.3,12,50C__pu_foam_trial_6,50C,50.0,pu_foam,6,42.49705872175155,79.20232391357422
0.3,12,60C__pu_foam_trial_1,60C,60.0,pu_foam,1,42.49705872175155,190.63352966308594
0.3,12,60C__pu_foam_trial_2,60C,60.0,pu_foam,2,42.49705872175155,1080.4080607096355
0.3,12,60C__pu_foam_trial_3,60C,60.0,pu_foam,3,42.49705872175155,279.9181823730469
0.3,12,60C__pu_foam_trial_4,60C,60.0,pu_foam,4,42.49705872175155,162.7522226969401
0.3,12,60C__pu_foam_trial_5,60C,60.0,pu_foam,5,42.49705872175155,224.85347493489584
0.3,12,60C__pu_foam_trial_6,60C,60.0,pu_foam,6,42.49705872175155,264.06903584798175
0.3,13,30C__titanium_trial_1,30C,30.0,titanium,1,7184.0359269702985,8517.9873046875
0.3,13,30C__titanium_trial_2,30C,30.0,titanium,2,7184.0359269702985,6211.142415364583
0.3,13,30C__titanium_trial_3,30C,30.0,titanium,3,7184.0359269702985,4996.824462890625
0.3,13,30C__titanium_trial_4,30C,30.0,titanium,4,7184.0359269702985,6325.6142578125
0.3,13,30C__titanium_trial_5,30C,30.0,titanium,5,7184.0359269702985,8844.384928385416
0.3,13,30C__titanium_trial_6,30C,30.0,titanium,6,7184.0359269702985,4736.564534505208
0.3,13,40C__titanium_trial_1,40C,40.0,titanium,1,7184.0359269702985,18682.555338541668
0.3,13,40C__titanium_trial_2,40C,40.0,titanium,2,7184.0359269702985,14839.7978515625
0.3,13,40C__titanium_trial_3,40C,40.0,titanium,3,7184.0359269702985,18624.92578125
0.3,13,40C__titanium_trial_4,40C,40.0,titanium,4,7184.0359269702985,10732.661783854166
0.3,13,40C__titanium_trial_5,40C,40.0,titanium,5,7184.0359269702985,18359.716145833332
0.3,13,40C__titanium_trial_6,40C,40.0,titanium,6,7184.0359269702985,18054.494791666668
0.3,13,50C__titanium_trial_1,50C,50.0,titanium,1,7184.0359269702985,13993.095377604166
0.3,13,50C__titanium_trial_2,50C,50.0,titanium,2,7184.0359269702985,5276.905110677083
0.3,13,50C__titanium_trial_3,50C,50.0,titanium,3,7184.0359269702985,15279.583658854166
0.3,13,50C__titanium_trial_4,50C,50.0,titanium,4,7184.0359269702985,13751.144205729166
0.3,13,50C__titanium_trial_5,50C,50.0,titanium,5,7184.0359269702985,10094.460286458334
0.3,13,50C__titanium_trial_6,50C,50.0,titanium,6,7184.0359269702985,13023.052734375
0.3,13,60C__titanium_trial_1,60C,60.0,titanium,1,7184.0359269702985,9409.126953125
0.3,13,60C__titanium_trial_2,60C,60.0,titanium,2,7184.0359269702985,9545.4951171875
0.3,13,60C__titanium_trial_3,60C,60.0,titanium,3,7184.0359269702985,9581.90234375
0.3,13,60C__titanium_trial_4,60C,60.0,titanium,4,7184.0359269702985,13621.3896484375
0.3,13,60C__titanium_trial_5,60C,60.0,titanium,5,7184.0359269702985,11949.310709635416
0.3,13,60C__titanium_trial_6,60C,60.0,titanium,6,7184.0359269702985,13507.558919270834
0.3,14,30C__wood_trial_1,30C,30.0,wood,1,422.49260348555214,70.08418528238933
0.3,14,30C__wood_trial_2,30C,30.0,wood,2,422.49260348555214,188.22565205891928
0.3,14,30C__wood_trial_3,30C,30.0,wood,3,422.49260348555214,113.05284372965495
0.3,14,30C__wood_trial_4,30C,30.0,wood,4,422.49260348555214,78.93893178304036
0.3,14,30C__wood_trial_5,30C,30.0,wood,5,422.49260348555214,126.8191655476888
0.3,14,30C__wood_trial_6,30C,30.0,wood,6,422.49260348555214,199.80936686197916
0.3,14,40C__wood_trial_1,40C,40.0,wood,1,422.49260348555214,173.57198079427084
0.3,14,40C__wood_trial_2,40C,40.0,wood,2,422.49260348555214,174.18043009440103
0.3,14,40C__wood_trial_3,40C,40.0,wood,3,422.49260348555214,165.8986562093099
0.3,14,40C__wood_trial_4,40C,40.0,wood,4,422.49260348555214,144.21861775716147
0.3,14,40C__wood_trial_5,40C,40.0,wood,5,422.49260348555214,267.0780843098958
0.3,14,40C__wood_trial_6,40C,40.0,wood,6,422.49260348555214,240.94422912597656
0.3,14,50C__wood_trial_1,50C,50.0,wood,1,422.49260348555214,249.65619405110678
0.3,14,50C__wood_trial_2,50C,50.0,wood,2,422.49260348555214,294.8670959472656
0.3,14,50C__wood_trial_3,50C,50.0,wood,3,422.49260348555214,327.5325520833333
0.3,14,50C__wood_trial_4,50C,50.0,wood,4,422.49260348555214,249.3410898844401
0.3,14,50C__wood_trial_5,50C,50.0,wood,5,422.49260348555214,233.71419779459634
0.3,14,50C__wood_trial_6,50C,50.0,wood,6,422.49260348555214,218.49377950032553
0.3,14,60C__wood_trial_1,60C,60.0,wood,1,422.49260348555214,11123.333333333334
0.3,14,60C__wood_trial_2,60C,60.0,wood,2,422.49260348555214,4588.4384765625
0.3,14,60C__wood_trial_3,60C,60.0,wood,3,422.49260348555214,7303.800618489583
0.3,14,60C__wood_trial_4,60C,60.0,wood,4,422.49260348555214,7705.597900390625
0.3,14,60C__wood_trial_5,60C,60.0,wood,5,422.49260348555214,4441.539082845052
0.3,14,60C__wood_trial_6,60C,60.0,wood,6,422.49260348555214,868.2662760416666
0.5,1,30C__aluminum_trial_1,30C,30.0,aluminum,1,23958.09466547789,15621.500325520834
0.5,1,30C__aluminum_trial_2,30C,30.0,aluminum,2,23958.09466547789,20205.55078125
0.5,1,30C__aluminum_trial_3,30C,30.0,aluminum,3,23958.09466547789,9680.526529947916
0.5,1,30C__aluminum_trial_4,30C,30.0,aluminum,4,23958.09466547789,16011.986979166666
0.5,1,30C__aluminum_trial_5,30C,30.0,aluminum,5,23958.09466547789,13046.271484375
0.5,1,30C__aluminum_trial_6,30C,30.0,aluminum,6,23958.09466547789,14102.29296875
0.5,1,40C__aluminum_trial_1,40C,40.0,aluminum,1,23958.09466547789,22281.36328125
0.5,1,40C__aluminum_trial_2,40C,40.0,aluminum,2,23958.09466547789,6611.447428385417
0.5,1,40C__aluminum_trial_3,40C,40.0,aluminum,3,23958.09466547789,25716.3515625
0.5,1,40C__aluminum_trial_4,40C,40.0,aluminum,4,23958.09466547789,13953.896484375
0.5,1,40C__aluminum_trial_5,40C,40.0,aluminum,5,23958.09466547789,11637.393880208334
0.5,1,40C__aluminum_trial_6,40C,40.0,aluminum,6,23958.09466547789,10280.969401041666
0.5,1,50C__aluminum_trial_1,50C,50.0,aluminum,1,23958.09466547789,15685.4560546875
0.5,1,50C__aluminum_trial_2,50C,50.0,aluminum,2,23958.09466547789,11839.064127604166
0.5,1,50C__aluminum_trial_3,50C,50.0,aluminum,3,23958.09466547789,15834.951497395834
0.5,1,50C__aluminum_trial_4,50C,50.0,aluminum,4,23958.09466547789,19544.453776041668
0.5,1,50C__aluminum_trial_5,50C,50.0,aluminum,5,23958.09466547789,12051.908854166666
0.5,1,50C__aluminum_trial_6,50C,50.0,aluminum,6,23958.09466547789,19360.518880208332
0.5,1,60C__aluminum_trial_1,60C,60.0,aluminum,1,23958.09466547789,13494.80859375
0.5,1,60C__aluminum_trial_2,60C,60.0,aluminum,2,23958.09466547789,14930.080729166666
0.5,1,60C__aluminum_trial_3,60C,60.0,aluminum,3,23958.09466547789,9699.187825520834
0.5,1,60C__aluminum_trial_4,60C,60.0,aluminum,4,23958.09466547789,14071.139322916666
0.5,1,60C__aluminum_trial_5,60C,60.0,aluminum,5,23958.09466547789,15870.189127604166
0.5,1,60C__aluminum_trial_6,60C,60.0,aluminum,6,23958.09466547789,18940.847981770832
0.5,2,30C__bismuth_trial_1,30C,30.0,bismuth,1,3209.1026783199068,8748.763997395834
0.5,2,30C__bismuth_trial_2,30C,30.0,bismuth,2,3209.1026783199068,5947.704020182292
0.5,2,30C__bismuth_trial_3,30C,30.0,bismuth,3,3209.1026783199068,5237.369710286458
0.5,2,30C__bismuth_trial_4,30C,30.0,bismuth,4,3209.1026783199068,10081.2314453125
0.5,2,30C__bismuth_trial_5,30C,30.0,bismuth,5,3209.1026783199068,7583.79052734375
0.5,2,30C__bismuth_trial_6,30C,30.0,bismuth,6,3209.1026783199068,10600.304361979166
0.5,2,40C__bismuth_trial_1,40C,40.0,bismuth,1,3209.1026783199068,14385.915364583334
0.5,2,40C__bismuth_trial_2,40C,40.0,bismuth,2,3209.1026783199068,12832.280924479166
0.5,2,40C__bismuth_trial_3,40C,40.0,bismuth,3,3209.1026783199068,12766.3955078125
0.5,2,40C__bismuth_trial_4,40C,40.0,bismuth,4,3209.1026783199068,12651.58203125
0.5,2,40C__bismuth_trial_5,40C,40.0,bismuth,5,3209.1026783199068,12763.437825520834
0.5,2,40C__bismuth_trial_6,40C,40.0,bismuth,6,3209.1026783199068,13805.447265625
0.5,2,50C__bismuth_trial_1,50C,50.0,bismuth,1,3209.1026783199068,9385.73828125
0.5,2,50C__bismuth_trial_2,50C,50.0,bismuth,2,3209.1026783199068,12501.115234375
0.5,2,50C__bismuth_trial_3,50C,50.0,bismuth,3,3209.1026783199068,18149.025390625
0.5,2,50C__bismuth_trial_4,50C,50.0,bismuth,4,3209.1026783199068,13946.767578125
0.5,2,50C__bismuth_trial_5,50C,50.0,bismuth,5,3209.1026783199068,13417.1064453125
0.5,2,50C__bismuth_trial_6,50C,50.0,bismuth,6,3209.1026783199068,12042.096028645834
0.5,2,60C__bismuth_trial_1,60C,60.0,bismuth,1,3209.1026783199068,12255.507161458334
0.5,2,60C__bismuth_trial_2,60C,60.0,bismuth,2,3209.1026783199068,12450.83984375
0.5,2,60C__bismuth_trial_3,60C,60.0,bismuth,3,3209.1026783199068,12541.438802083334
0.5,2,60C__bismuth_trial_4,60C,60.0,bismuth,4,3209.1026783199068,16381.311848958334
0.5,2,60C__bismuth_trial_5,60C,60.0,bismuth,5,3209.1026783199068,9641.3662109375
0.5,2,60C__bismuth_trial_6,60C,60.0,bismuth,6,3209.1026783199068,16973.604166666668
0.5,3,30C__cement_trial_1,30C,30.0,cement,1,559.6427431853289,484.97669474283856
0.5,3,30C__cement_trial_2,30C,30.0,cement,2,559.6427431853289,484.9582112630208
0.5,3,30C__cement_trial_3,30C,30.0,cement,3,559.6427431853289,462.79062906901044
0.5,3,30C__cement_trial_4,30C,30.0,cement,4,559.6427431853289,540.8866577148438
0.5,3,30C__cement_trial_5,30C,30.0,cement,5,559.6427431853289,566.4611002604166
0.5,3,30C__cement_trial_6,30C,30.0,cement,6,559.6427431853289,471.9986877441406
0.5,3,40C__cement_trial_1,40C,40.0,cement,1,559.6427431853289,357.69554646809894
0.5,3,40C__cement_trial_2,40C,40.0,cement,2,559.6427431853289,401.98626708984375
0.5,3,40C__cement_trial_3,40C,40.0,cement,3,559.6427431853289,295.19712829589844
0.5,3,40C__cement_trial_4,40C,40.0,cement,4,559.6427431853289,904.9163208007812
0.5,3,40C__cement_trial_5,40C,40.0,cement,5,559.6427431853289,785.7389526367188
0.5,3,40C__cement_trial_6,40C,40.0,cement,6,559.6427431853289,385.78882853190106
0.5,3,50C__cement_trial_1,50C,50.0,cement,1,559.6427431853289,434.88718668619794
0.5,3,50C__cement_trial_2,50C,50.0,cement,2,559.6427431853289,323.1155090332031
0.5,3,50C__cement_trial_3,50C,50.0,cement,3,559.6427431853289,402.3868916829427
0.5,3,50C__cement_trial_4,50C,50.0,cement,4,559.6427431853289,326.0305989583333
0.5,3,50C__cement_trial_5,50C,50.0,cement,5,559.6427431853289,541.098866780599
0.5,3,50C__cement_trial_6,50C,50.0,cement,6,559.6427431853289,652.3858846028646
0.5,3,60C__cement_trial_1,60C,60.0,cement,1,559.6427431853289,1129.3739420572917
0.5,3,60C__cement_trial_2,60C,60.0,cement,2,559.6427431853289,871.54052734375
0.5,3,60C__cement_trial_3,60C,60.0,cement,3,559.6427431853289,901.11669921875
0.5,3,60C__cement_trial_4,60C,60.0,cement,4,559.6427431853289,722.8045247395834
0.5,3,60C__cement_trial_5,60C,60.0,cement,5,559.6427431853289,941.8293050130209
0.5,3,60C__cement_trial_6,60C,60.0,cement,6,559.6427431853289,692.1037394205729
0.5,4,30C__copper_trial_1,30C,30.0,copper,1,37192.601414797544,4296.009521484375
0.5,4,30C__copper_trial_2,30C,30.0,copper,2,37192.601414797544,16176.607096354166
0.5,4,30C__copper_trial_3,30C,30.0,copper,3,37192.601414797544,14600.3935546875
0.5,4,30C__copper_trial_4,30C,30.0,copper,4,37192.601414797544,16420.174153645832
0.5,4,30C__copper_trial_5,30C,30.0,copper,5,37192.601414797544,13494.823893229166
0.5,4,30C__copper_trial_6,30C,30.0,copper,6,37192.601414797544,13625.626627604166
0.5,4,40C__copper_trial_1,40C,40.0,copper,1,37192.601414797544,18717.587239583332
0.5,4,40C__copper_trial_2,40C,40.0,copper,2,37192.601414797544,12657.256184895834
0.5,4,40C__copper_trial_3,40C,40.0,copper,3,37192.601414797544,15842.832682291666
0.5,4,40C__copper_trial_4,40C,40.0,copper,4,37192.601414797544,9710.883138020834
0.5,4,40C__copper_trial_5,40C,40.0,copper,5,37192.601414797544,9069.962239583334
0.5,4,40C__copper_trial_6,40C,40.0,copper,6,37192.601414797544,7686.9541015625
0.5,4,50C__copper_trial_1,50C,50.0,copper,1,37192.601414797544,7141.0458984375
0.5,4,50C__copper_trial_2,50C,50.0,copper,2,37192.601414797544,11894.859049479166
0.5,4,50C__copper_trial_3,50C,50.0,copper,3,37192.601414797544,10254.237955729166
0.5,4,50C__copper_trial_4,50C,50.0,copper,4,37192.601414797544,10821.917317708334
0.5,4,50C__copper_trial_5,50C,50.0,copper,5,37192.601414797544,10474.972330729166
0.5,4,50C__copper_trial_6,50C,50.0,copper,6,37192.601414797544,10051.142903645834
0.5,4,60C__copper_trial_1,60C,60.0,copper,1,37192.601414797544,16202.8408203125
0.5,4,60C__copper_trial_2,60C,60.0,copper,2,37192.601414797544,19738.694661458332
0.5,4,60C__copper_trial_3,60C,60.0,copper,3,37192.601414797544,14930.155924479166
0.5,4,60C__copper_trial_4,60C,60.0,copper,4,37192.601414797544,20646.377604166668
0.5,4,60C__copper_trial_5,60C,60.0,copper,5,37192.601414797544,15672.629231770834
0.5,4,60C__copper_trial_6,60C,60.0,copper,6,37192.601414797544,12950.4423828125
0.5,5,30C__cork_trial_1,30C,30.0,cork,1,136.29380029920657,161.78668212890625
0.5,5,30C__cork_trial_2,30C,30.0,cork,2,136.29380029920657,62.314440409342446
0.5,5,30C__cork_trial_3,30C,30.0,cork,3,136.29380029920657,58.13028208414713
0.5,5,30C__cork_trial_4,30C,30.0,cork,4,136.29380029920657,48.28470993041992
0.5,5,30C__cork_trial_5,30C,30.0,cork,5,136.29380029920657,53.316795349121094
0.5,5,30C__cork_trial_6,30C,30.0,cork,6,136.29380029920657,64.71221160888672
0.5,5,40C__cork_trial_1,40C,40.0,cork,1,136.29380029920657,81.69734954833984
0.5,5,40C__cork_trial_2,40C,40.0,cork,2,136.29380029920657,78.39356231689453
0.5,5,40C__cork_trial_3,40C,40.0,cork,3,136.29380029920657,93.10428873697917
0.5,5,40C__cork_trial_4,40C,40.0,cork,4,136.29380029920657,84.70795440673828
0.5,5,40C__cork_trial_5,40C,40.0,cork,5,136.29380029920657,39.138301849365234
0.5,5,40C__cork_trial_6,40C,40.0,cork,6,136.29380029920657,36.56704242202628
0.5,5,50C__cork_trial_1,50C,50.0,cork,1,136.29380029920657,449.1097920735677
0.5,5,50C__cork_trial_2,50C,50.0,cork,2,136.29380029920657,421.1029764811198
0.5,5,50C__cork_trial_3,50C,50.0,cork,3,136.29380029920657,441.06642659505206
0.5,5,50C__cork_trial_4,50C,50.0,cork,4,136.29380029920657,263.5102996826172
0.5,5,50C__cork_trial_5,50C,50.0,cork,5,136.29380029920657,446.67762247721356
0.5,5,50C__cork_trial_6,50C,50.0,cork,6,136.29380029920657,371.13330078125
0.5,5,60C__cork_trial_1,60C,60.0,cork,1,136.29380029920657,354.77773030598956
0.5,5,60C__cork_trial_2,60C,60.0,cork,2,136.29380029920657,349.9076639811198
0.5,5,60C__cork_trial_3,60C,60.0,cork,3,136.29380029920657,346.4140930175781
0.5,5,60C__cork_trial_4,60C,60.0,cork,4,136.29380029920657,341.62391153971356
0.5,5,60C__cork_trial_5,60C,60.0,cork,5,136.29380029920657,451.43292236328125
0.5,5,60C__cork_trial_6,60C,60.0,cork,6,136.29380029920657,364.23033650716144
0.5,6,30C__graphite_trial_1,30C,30.0,graphite,1,11367.497525840945,11726.159830729166
0.5,6,30C__graphite_trial_2,30C,30.0,graphite,2,11367.497525840945,8838.17724609375
0.5,6,30C__graphite_trial_3,30C,30.0,graphite,3,11367.497525840945,3870.36083984375
0.5,6,30C__graphite_trial_4,30C,30.0,graphite,4,11367.497525840945,10343.178304036459
0.5,6,30C__graphite_trial_5,30C,30.0,graphite,5,11367.497525840945,9001.31591796875
0.5,6,30C__graphite_trial_6,30C,30.0,graphite,6,11367.497525840945,4740.259521484375
0.5,6,40C__graphite_trial_1,40C,40.0,graphite,1,11367.497525840945,9685.535807291666
0.5,6,40C__graphite_trial_2,40C,40.0,graphite,2,11367.497525840945,11056.037760416666
0.5,6,40C__graphite_trial_3,40C,40.0,graphite,3,11367.497525840945,6731.58642578125
0.5,6,40C__graphite_trial_4,40C,40.0,graphite,4,11367.497525840945,11812.457356770834
0.5,6,40C__graphite_trial_5,40C,40.0,graphite,5,11367.497525840945,3645.616943359375
0.5,6,40C__graphite_trial_6,40C,40.0,graphite,6,11367.497525840945,7546.518229166667
0.5,6,50C__graphite_trial_1,50C,50.0,graphite,1,11367.497525840945,14821.249674479166
0.5,6,50C__graphite_trial_2,50C,50.0,graphite,2,11367.497525840945,13994.068359375
0.5,6,50C__graphite_trial_3,50C,50.0,graphite,3,11367.497525840945,13560.287760416666
0.5,6,50C__graphite_trial_4,50C,50.0,graphite,4,11367.497525840945,16312.708658854166
0.5,6,50C__graphite_trial_5,50C,50.0,graphite,5,11367.497525840945,6995.254069010417
0.5,6,50C__graphite_trial_6,50C,50.0,graphite,6,11367.497525840945,10352.689127604166
0.5,6,60C__graphite_trial_1,60C,60.0,graphite,1,11367.497525840945,9480.520833333334
0.5,6,60C__graphite_trial_2,60C,60.0,graphite,2,11367.497525840945,10073.1259765625
0.5,6,60C__graphite_trial_3,60C,60.0,graphite,3,11367.497525840945,11491.539713541666
0.5,6,60C__graphite_trial_4,60C,60.0,graphite,4,11367.497525840945,13238.333333333334
0.5,6,60C__graphite_trial_5,60C,60.0,graphite,5,11367.497525840945,10489.938802083334
0.5,6,60C__graphite_trial_6,60C,60.0,graphite,6,11367.497525840945,12675.634440104166
0.5,7,30C__gypsum_trial_1,30C,30.0,gypsum,1,385.01948002666046,249.1576894124349
0.5,7,30C__gypsum_trial_2,30C,30.0,gypsum,2,385.01948002666046,314.5065409342448
0.5,7,30C__gypsum_trial_3,30C,30.0,gypsum,3,385.01948002666046,236.47027079264322
0.5,7,30C__gypsum_trial_4,30C,30.0,gypsum,4,385.01948002666046,185.3754119873047
0.5,7,30C__gypsum_trial_5,30C,30.0,gypsum,5,385.01948002666046,248.19231160481772
0.5,7,30C__gypsum_trial_6,30C,30.0,gypsum,6,385.01948002666046,170.56176249186197
0.5,7,40C__gypsum_trial_1,40C,40.0,gypsum,1,385.01948002666046,296.0138905843099
0.5,7,40C__gypsum_trial_2,40C,40.0,gypsum,2,385.01948002666046,233.3467051188151
0.5,7,40C__gypsum_trial_3,40C,40.0,gypsum,3,385.01948002666046,278.78484598795575
0.5,7,40C__gypsum_trial_4,40C,40.0,gypsum,4,385.01948002666046,450.11789957682294
0.5,7,40C__gypsum_trial_5,40C,40.0,gypsum,5,385.01948002666046,600.8814493815104
0.5,7,40C__gypsum_trial_6,40C,40.0,gypsum,6,385.01948002666046,478.8790791829427
0.5,7,50C__gypsum_trial_1,50C,50.0,gypsum,1,385.01948002666046,641.7244262695312
0.5,7,50C__gypsum_trial_2,50C,50.0,gypsum,2,385.01948002666046,655.6184285481771
0.5,7,50C__gypsum_trial_3,50C,50.0,gypsum,3,385.01948002666046,695.0258178710938
0.5,7,50C__gypsum_trial_4,50C,50.0,gypsum,4,385.01948002666046,682.3196004231771
0.5,7,50C__gypsum_trial_5,50C,50.0,gypsum,5,385.01948002666046,644.1716613769531
0.5,7,50C__gypsum_trial_6,50C,50.0,gypsum,6,385.01948002666046,576.4124959309896
0.5,7,60C__gypsum_trial_1,60C,60.0,gypsum,1,385.01948002666046,5736.041422526042
0.5,7,60C__gypsum_trial_2,60C,60.0,gypsum,2,385.01948002666046,2736.0199381510415
0.5,7,60C__gypsum_trial_3,60C,60.0,gypsum,3,385.01948002666046,1420.4838053385417
0.5,7,60C__gypsum_trial_4,60C,60.0,gypsum,4,385.01948002666046,5265.718505859375
0.5,7,60C__gypsum_trial_5,60C,60.0,gypsum,5,385.01948002666046,4813.28369140625
0.5,7,60C__gypsum_trial_6,60C,60.0,gypsum,6,385.01948002666046,2031.061279296875
0.5,8,30C__iron_trial_1,30C,30.0,iron,1,16859.663413010356,12358.353841145834
0.5,8,30C__iron_trial_2,30C,30.0,iron,2,16859.663413010356,24550.48828125
0.5,8,30C__iron_trial_3,30C,30.0,iron,3,16859.663413010356,16674.837239583332
0.5,8,30C__iron_trial_4,30C,30.0,iron,4,16859.663413010356,19879.16796875
0.5,8,30C__iron_trial_5,30C,30.0,iron,5,16859.663413010356,17297.471028645832
0.5,8,30C__iron_trial_6,30C,30.0,iron,6,16859.663413010356,16509.05859375
0.5,8,40C__iron_trial_1,40C,40.0,iron,1,16859.663413010356,14420.845052083334
0.5,8,40C__iron_trial_2,40C,40.0,iron,2,16859.663413010356,7701.566975911458
0.5,8,40C__iron_trial_3,40C,40.0,iron,3,16859.663413010356,8110.84375
0.5,8,40C__iron_trial_4,40C,40.0,iron,4,16859.663413010356,7359.123697916667
0.5,8,40C__iron_trial_5,40C,40.0,iron,5,16859.663413010356,13377.341145833334
0.5,8,40C__iron_trial_6,40C,40.0,iron,6,16859.663413010356,15071.35546875
0.5,8,50C__iron_trial_1,50C,50.0,iron,1,16859.663413010356,10640.3427734375
0.5,8,50C__iron_trial_2,50C,50.0,iron,2,16859.663413010356,14896.308268229166
0.5,8,50C__iron_trial_3,50C,50.0,iron,3,16859.663413010356,12208.316731770834
0.5,8,50C__iron_trial_4,50C,50.0,iron,4,16859.663413010356,15559.219075520834
0.5,8,50C__iron_trial_5,50C,50.0,iron,5,16859.663413010356,17092.872721354168
0.5,8,50C__iron_trial_6,50C,50.0,iron,6,16859.663413010356,24490.956380208332
0.5,8,60C__iron_trial_1,60C,60.0,iron,1,16859.663413010356,31258.95703125
0.5,8,60C__iron_trial_2,60C,60.0,iron,2,16859.663413010356,20651.979817708332
0.5,8,60C__iron_trial_3,60C,60.0,iron,3,16859.663413010356,18441.281575520832
0.5,8,60C__iron_trial_4,60C,60.0,iron,4,16859.663413010356,13444.466796875
0.5,8,60C__iron_trial_5,60C,60.0,iron,5,16859.663413010356,16671.7939453125
0.5,8,60C__iron_trial_6,60C,60.0,iron,6,16859.663413010356,21854.280598958332
0.5,9,30C__nickel_trial_1,30C,30.0,nickel,1,19320.68449098013,9983.25
0.5,9,30C__nickel_trial_2,30C,30.0,nickel,2,19320.68449098013,11993.832356770834
0.5,9,30C__nickel_trial_3,30C,30.0,nickel,3,19320.68449098013,17327.171549479168
0.5,9,30C__nickel_trial_4,30C,30.0,nickel,4,19320.68449098013,10349.362955729166
0.5,9,30C__nickel_trial_5,30C,30.0,nickel,5,19320.68449098013,16378.120768229166
0.5,9,30C__nickel_trial_6,30C,30.0,nickel,6,19320.68449098013,25451.907552083332
0.5,9,40C__nickel_trial_1,40C,40.0,nickel,1,19320.68449098013,6261.44970703125
0.5,9,40C__nickel_trial_2,40C,40.0,nickel,2,19320.68449098013,6851.84765625
0.5,9,40C__nickel_trial_3,40C,40.0,nickel,3,19320.68449098013,19023.194010416668
0.5,9,40C__nickel_trial_4,40C,40.0,nickel,4,19320.68449098013,13784.396809895834
0.5,9,40C__nickel_trial_5,40C,40.0,nickel,5,19320.68449098013,13259.023111979166
0.5,9,40C__nickel_trial_6,40C,40.0,nickel,6,19320.68449098013,11012.3876953125
0.5,9,50C__nickel_trial_1,50C,50.0,nickel,1,19320.68449098013,11897.421223958334
0.5,9,50C__nickel_trial_2,50C,50.0,nickel,2,19320.68449098013,12799.288411458334
0.5,9,50C__nickel_trial_3,50C,50.0,nickel,3,19320.68449098013,14904.626953125
0.5,9,50C__nickel_trial_4,50C,50.0,nickel,4,19320.68449098013,14847.041666666666
0.5,9,50C__nickel_trial_5,50C,50.0,nickel,5,19320.68449098013,8201.407389322916
0.5,9,50C__nickel_trial_6,50C,50.0,nickel,6,19320.68449098013,16549.213541666668
0.5,9,60C__nickel_trial_1,60C,60.0,nickel,1,19320.68449098013,9853.894205729166
0.5,9,60C__nickel_trial_2,60C,60.0,nickel,2,19320.68449098013,24408.120442708332
0.5,9,60C__nickel_trial_3,60C,60.0,nickel,3,19320.68449098013,15632.906575520834
0.5,9,60C__nickel_trial_4,60C,60.0,nickel,4,19320.68449098013,24438.880859375
0.5,9,60C__nickel_trial_5,60C,60.0,nickel,5,19320.68449098013,21871.436848958332
0.5,9,60C__nickel_trial_6,60C,60.0,nickel,6,19320.68449098013,26343.4765625
0.5,10,30C__pdms_trial_1,30C,30.0,pdms,1,460.90129095067635,207.9043986002604
0.5,10,30C__pdms_trial_2,30C,30.0,pdms,2,460.90129095067635,105.74889119466145
0.5,10,30C__pdms_trial_3,30C,30.0,pdms,3,460.90129095067635,132.2890370686849
0.5,10,30C__pdms_trial_4,30C,30.0,pdms,4,460.90129095067635,58.75667953491211
0.5,10,30C__pdms_trial_5,30C,30.0,pdms,5,460.90129095067635,120.09938557942708
0.5,10,30C__pdms_trial_6,30C,30.0,pdms,6,460.90129095067635,81.36826578776042
0.5,10,40C__pdms_trial_1,40C,40.0,pdms,1,460.90129095067635,472.2543029785156
0.5,10,40C__pdms_trial_2,40C,40.0,pdms,2,460.90129095067635,496.90696207682294
0.5,10,40C__pdms_trial_3,40C,40.0,pdms,3,460.90129095067635,458.20887247721356
0.5,10,40C__pdms_trial_4,40C,40.0,pdms,4,460.90129095067635,414.8184814453125
0.5,10,40C__pdms_trial_5,40C,40.0,pdms,5,460.90129095067635,236.94178263346353
0.5,10,40C__pdms_trial_6,40C,40.0,pdms,6,460.90129095067635,380.7304280598958
0.5,10,50C__pdms_trial_1,50C,50.0,pdms,1,460.90129095067635,260.2819315592448
0.5,10,50C__pdms_trial_2,50C,50.0,pdms,2,460.90129095067635,168.75878397623697
0.5,10,50C__pdms_trial_3,50C,50.0,pdms,3,460.90129095067635,426.44749959309894
0.5,10,50C__pdms_trial_4,50C,50.0,pdms,4,460.90129095067635,382.26817830403644
0.5,10,50C__pdms_trial_5,50C,50.0,pdms,5,460.90129095067635,255.03998819986978
0.5,10,50C__pdms_trial_6,50C,50.0,pdms,6,460.90129095067635,288.56983439127606
0.5,10,60C__pdms_trial_1,60C,60.0,pdms,1,460.90129095067635,568.1350911458334
0.5,10,60C__pdms_trial_2,60C,60.0,pdms,2,460.90129095067635,406.6569417317708
0.5,10,60C__pdms_trial_3,60C,60.0,pdms,3,460.90129095067635,479.9031473795573
0.5,10,60C__pdms_trial_4,60C,60.0,pdms,4,460.90129095067635,259.3553721110026
0.5,10,60C__pdms_trial_5,60C,60.0,pdms,5,460.90129095067635,241.6727752685547
0.5,10,60C__pdms_trial_6,60C,60.0,pdms,6,460.90129095067635,181.00494384765625
0.5,11,30C__ps_foam_trial_1,30C,30.0,ps_foam,1,34.496376621320685,490.4000651041667
0.5,11,30C__ps_foam_trial_2,30C,30.0,ps_foam,2,34.496376621320685,613.5229187011719
0.5,11,30C__ps_foam_trial_3,30C,30.0,ps_foam,3,34.496376621320685,327.14105224609375
0.5,11,30C__ps_foam_trial_4,30C,30.0,ps_foam,4,34.496376621320685,296.38172403971356
0.5,11,30C__ps_foam_trial_5,30C,30.0,ps_foam,5,34.496376621320685,165.55669148763022
0.5,11,30C__ps_foam_trial_6,30C,30.0,ps_foam,6,34.496376621320685,184.0365193684896
0.5,11,40C__ps_foam_trial_1,40C,40.0,ps_foam,1,34.496376621320685,53.33868281046549
0.5,11,40C__ps_foam_trial_2,40C,40.0,ps_foam,2,34.496376621320685,54.03736368815104
0.5,11,40C__ps_foam_trial_3,40C,40.0,ps_foam,3,34.496376621320685,52.37889984328567
0.5,11,40C__ps_foam_trial_4,40C,40.0,ps_foam,4,34.496376621320685,811.9272664388021
0.5,11,40C__ps_foam_trial_5,40C,40.0,ps_foam,5,34.496376621320685,123.04576619466145
0.5,11,40C__ps_foam_trial_6,40C,40.0,ps_foam,6,34.496376621320685,101.37680562337239
0.5,11,50C__ps_foam_trial_1,50C,50.0,ps_foam,1,34.496376621320685,50.28779856363932
0.5,11,50C__ps_foam_trial_2,50C,50.0,ps_foam,2,34.496376621320685,64.9970817565918
0.5,11,50C__ps_foam_trial_3,50C,50.0,ps_foam,3,34.496376621320685,55.15418243408203
0.5,11,50C__ps_foam_trial_4,50C,50.0,ps_foam,4,34.496376621320685,53.32009506225586
0.5,11,50C__ps_foam_trial_5,50C,50.0,ps_foam,5,34.496376621320685,57.302164713541664
0.5,11,50C__ps_foam_trial_6,50C,50.0,ps_foam,6,34.496376621320685,56.339805603027344
0.5,11,60C__ps_foam_trial_1,60C,60.0,ps_foam,1,34.496376621320685,225.96580505371094
0.5,11,60C__ps_foam_trial_2,60C,60.0,ps_foam,2,34.496376621320685,237.20177205403647
0.5,11,60C__ps_foam_trial_3,60C,60.0,ps_foam,3,34.496376621320685,200.7651570638021
0.5,11,60C__ps_foam_trial_4,60C,60.0,ps_foam,4,34.496376621320685,152.80618286132812
0.5,11,60C__ps_foam_trial_5,60C,60.0,ps_foam,5,34.496376621320685,326.4721272786458
0.5,11,60C__ps_foam_trial_6,60C,60.0,ps_foam,6,34.496376621320685,286.69945271809894
0.5,12,30C__pu_foam_trial_1,30C,30.0,pu_foam,1,42.49705872175155,126.70885213216145
0.5,12,30C__pu_foam_trial_2,30C,30.0,pu_foam,2,42.49705872175155,109.08855946858723
0.5,12,30C__pu_foam_trial_3,30C,30.0,pu_foam,3,42.49705872175155,227.83238728841147
0.5,12,30C__pu_foam_trial_4,30C,30.0,pu_foam,4,42.49705872175155,221.8797861735026
0.5,12,30C__pu_foam_trial_5,30C,30.0,pu_foam,5,42.49705872175155,325.0315755208333
0.5,12,30C__pu_foam_trial_6,30C,30.0,pu_foam,6,42.49705872175155,93.33816528320312
0.5,12,40C__pu_foam_trial_1,40C,40.0,pu_foam,1,42.49705872175155,81.43443934122722
0.5,12,40C__pu_foam_trial_2,40C,40.0,pu_foam,2,42.49705872175155,97.75296783447266
0.5,12,40C__pu_foam_trial_3,40C,40.0,pu_foam,3,42.49705872175155,101.95791880289714
0.5,12,40C__pu_foam_trial_4,40C,40.0,pu_foam,4,42.49705872175155,76.24948120117188
0.5,12,40C__pu_foam_trial_5,40C,40.0,pu_foam,5,42.49705872175155,35.15858752700675
0.5,12,40C__pu_foam_trial_6,40C,40.0,pu_foam,6,42.49705872175155,49.39156977335612
0.5,12,50C__pu_foam_trial_1,50C,50.0,pu_foam,1,42.49705872175155,108.00319925944011
0.5,12,50C__pu_foam_trial_2,50C,50.0,pu_foam,2,42.49705872175155,88.61424001057942
0.5,12,50C__pu_foam_trial_3,50C,50.0,pu_foam,3,42.49705872175155,117.55443572998047
0.5,12,50C__pu_foam_trial_4,50C,50.0,pu_foam,4,42.49705872175155,73.84674580891927
0.5,12,50C__pu_foam_trial_5,50C,50.0,pu_foam,5,42.49705872175155,80.71396001180013
0.5,12,50C__pu_foam_trial_6,50C,50.0,pu_foam,6,42.49705872175155,95.18434651692708
0.5,12,60C__pu_foam_trial_1,60C,60.0,pu_foam,1,42.49705872175155,155.89168802897134
0.5,12,60C__pu_foam_trial_2,60C,60.0,pu_foam,2,42.49705872175155,1048.1078084309895
0.5,12,60C__pu_foam_trial_3,60C,60.0,pu_foam,3,42.49705872175155,248.74397786458334
0.5,12,60C__pu_foam_trial_4,60C,60.0,pu_foam,4,42.49705872175155,152.5856196085612
0.5,12,60C__pu_foam_trial_5,60C,60.0,pu_foam,5,42.49705872175155,247.15897623697916
0.5,12,60C__pu_foam_trial_6,60C,60.0,pu_foam,6,42.49705872175155,242.09938049316406
0.5,13,30C__titanium_trial_1,30C,30.0,titanium,1,7184.0359269702985,8601.246256510416
0.5,13,30C__titanium_trial_2,30C,30.0,titanium,2,7184.0359269702985,5670.582194010417
0.5,13,30C__titanium_trial_3,30C,30.0,titanium,3,7184.0359269702985,6454.213053385417
0.5,13,30C__titanium_trial_4,30C,30.0,titanium,4,7184.0359269702985,5743.551432291667
0.5,13,30C__titanium_trial_5,30C,30.0,titanium,5,7184.0359269702985,10517.071126302084
0.5,13,30C__titanium_trial_6,30C,30.0,titanium,6,7184.0359269702985,6887.080240885417
0.5,13,40C__titanium_trial_1,40C,40.0,titanium,1,7184.0359269702985,13862.943359375
0.5,13,40C__titanium_trial_2,40C,40.0,titanium,2,7184.0359269702985,14107.009114583334
0.5,13,40C__titanium_trial_3,40C,40.0,titanium,3,7184.0359269702985,18568.318359375
0.5,13,40C__titanium_trial_4,40C,40.0,titanium,4,7184.0359269702985,10537.249674479166
0.5,13,40C__titanium_trial_5,40C,40.0,titanium,5,7184.0359269702985,18162.05859375
0.5,13,40C__titanium_trial_6,40C,40.0,titanium,6,7184.0359269702985,17731.974609375
0.5,13,50C__titanium_trial_1,50C,50.0,titanium,1,7184.0359269702985,11705.945638020834
0.5,13,50C__titanium_trial_2,50C,50.0,titanium,2,7184.0359269702985,6277.516438802083
0.5,13,50C__titanium_trial_3,50C,50.0,titanium,3,7184.0359269702985,13804.4033203125
0.5,13,50C__titanium_trial_4,50C,50.0,titanium,4,7184.0359269702985,13347.509440104166
0.5,13,50C__titanium_trial_5,50C,50.0,titanium,5,7184.0359269702985,11793.318359375
0.5,13,50C__titanium_trial_6,50C,50.0,titanium,6,7184.0359269702985,19468.263671875
0.5,13,60C__titanium_trial_1,60C,60.0,titanium,1,7184.0359269702985,9874.667643229166
0.5,13,60C__titanium_trial_2,60C,60.0,titanium,2,7184.0359269702985,8914.10498046875
0.5,13,60C__titanium_trial_3,60C,60.0,titanium,3,7184.0359269702985,9575.90234375
0.5,13,60C__titanium_trial_4,60C,60.0,titanium,4,7184.0359269702985,13530.7392578125
0.5,13,60C__titanium_trial_5,60C,60.0,titanium,5,7184.0359269702985,11701.121419270834
0.5,13,60C__titanium_trial_6,60C,60.0,titanium,6,7184.0359269702985,12669.974283854166
0.5,14,30C__wood_trial_1,30C,30.0,wood,1,422.49260348555214,80.67770131429036
0.5,14,30C__wood_trial_2,30C,30.0,wood,2,422.49260348555214,197.2470448811849
0.5,14,30C__wood_trial_3,30C,30.0,wood,3,422.49260348555214,134.70089975992838
0.5,14,30C__wood_trial_4,30C,30.0,wood,4,422.49260348555214,74.3553237915039
0.5,14,30C__wood_trial_5,30C,30.0,wood,5,422.49260348555214,128.7655258178711
0.5,14,30C__wood_trial_6,30C,30.0,wood,6,422.49260348555214,216.4655507405599
0.5,14,40C__wood_trial_1,40C,40.0,wood,1,422.49260348555214,152.04063924153647
0.5,14,40C__wood_trial_2,40C,40.0,wood,2,422.49260348555214,167.97493998209634
0.5,14,40C__wood_trial_3,40C,40.0,wood,3,422.49260348555214,165.88640340169272
0.5,14,40C__wood_trial_4,40C,40.0,wood,4,422.49260348555214,107.83549499511719
0.5,14,40C__wood_trial_5,40C,40.0,wood,5,422.49260348555214,264.6961161295573
0.5,14,40C__wood_trial_6,40C,40.0,wood,6,422.49260348555214,264.02467346191406
0.5,14,50C__wood_trial_1,50C,50.0,wood,1,422.49260348555214,229.83124796549478
0.5,14,50C__wood_trial_2,50C,50.0,wood,2,422.49260348555214,292.9418487548828
0.5,14,50C__wood_trial_3,50C,50.0,wood,3,422.49260348555214,273.8130289713542
0.5,14,50C__wood_trial_4,50C,50.0,wood,4,422.49260348555214,242.36779276529947
0.5,14,50C__wood_trial_5,50C,50.0,wood,5,422.49260348555214,246.32551066080728
0.5,14,50C__wood_trial_6,50C,50.0,wood,6,422.49260348555214,218.87322489420572
0.5,14,60C__wood_trial_1,60C,60.0,wood,1,422.49260348555214,11605.1083984375
0.5,14,60C__wood_trial_2,60C,60.0,wood,2,422.49260348555214,4270.3663330078125
0.5,14,60C__wood_trial_3,60C,60.0,wood,3,422.49260348555214,5809.0419514973955
0.5,14,60C__wood_trial_4,60C,60.0,wood,4,422.49260348555214,6198.5003662109375
0.5,14,60C__wood_trial_5,60C,60.0,wood,5,422.49260348555214,3907.9405517578125
0.5,14,60C__wood_trial_6,60C,60.0,wood,6,422.49260348555214,811.3649698893229
0.7,1,30C__aluminum_trial_1,30C,30.0,aluminum,1,23958.09466547789,17399.403971354168
0.7,1,30C__aluminum_trial_2,30C,30.0,aluminum,2,23958.09466547789,20565.172526041668
0.7,1,30C__aluminum_trial_3,30C,30.0,aluminum,3,23958.09466547789,9490.738606770834
0.7,1,30C__aluminum_trial_4,30C,30.0,aluminum,4,23958.09466547789,16991.258138020832
0.7,1,30C__aluminum_trial_5,30C,30.0,aluminum,5,23958.09466547789,10342.94677734375
0.7,1,30C__aluminum_trial_6,30C,30.0,aluminum,6,23958.09466547789,13874.279296875
0.7,1,40C__aluminum_trial_1,40C,40.0,aluminum,1,23958.09466547789,23801.686848958332
0.7,1,40C__aluminum_trial_2,40C,40.0,aluminum,2,23958.09466547789,4358.6288655598955
0.7,1,40C__aluminum_trial_3,40C,40.0,aluminum,3,23958.09466547789,25732.667317708332
0.7,1,40C__aluminum_trial_4,40C,40.0,aluminum,4,23958.09466547789,13180.985026041666
0.7,1,40C__aluminum_trial_5,40C,40.0,aluminum,5,23958.09466547789,11120.813151041666
0.7,1,40C__aluminum_trial_6,40C,40.0,aluminum,6,23958.09466547789,10273.948567708334
0.7,1,50C__aluminum_trial_1,50C,50.0,aluminum,1,23958.09466547789,14767.785807291666
0.7,1,50C__aluminum_trial_2,50C,50.0,aluminum,2,23958.09466547789,12383.8212890625
0.7,1,50C__aluminum_trial_3,50C,50.0,aluminum,3,23958.09466547789,18087.311848958332
0.7,1,50C__aluminum_trial_4,50C,50.0,aluminum,4,23958.09466547789,20525.587890625
0.7,1,50C__aluminum_trial_5,50C,50.0,aluminum,5,23958.09466547789,12619.4990234375
0.7,1,50C__aluminum_trial_6,50C,50.0,aluminum,6,23958.09466547789,22293.483723958332
0.7,1,60C__aluminum_trial_1,60C,60.0,aluminum,1,23958.09466547789,11974.623372395834
0.7,1,60C__aluminum_trial_2,60C,60.0,aluminum,2,23958.09466547789,14135.672200520834
0.7,1,60C__aluminum_trial_3,60C,60.0,aluminum,3,23958.09466547789,9939.9853515625
0.7,1,60C__aluminum_trial_4,60C,60.0,aluminum,4,23958.09466547789,13691.03125
0.7,1,60C__aluminum_trial_5,60C,60.0,aluminum,5,23958.09466547789,16006.800130208334
0.7,1,60C__aluminum_trial_6,60C,60.0,aluminum,6,23958.09466547789,19737.427734375
0.7,2,30C__bismuth_trial_1,30C,30.0,bismuth,1,3209.1026783199068,9047.808268229166
0.7,2,30C__bismuth_trial_2,30C,30.0,bismuth,2,3209.1026783199068,6733.936686197917
0.7,2,30C__bismuth_trial_3,30C,30.0,bismuth,3,3209.1026783199068,5029.671793619792
0.7,2,30C__bismuth_trial_4,30C,30.0,bismuth,4,3209.1026783199068,9826.959309895834
0.7,2,30C__bismuth_trial_5,30C,30.0,bismuth,5,3209.1026783199068,5740.128662109375
0.7,2,30C__bismuth_trial_6,30C,30.0,bismuth,6,3209.1026783199068,10381.393229166666
0.7,2,40C__bismuth_trial_1,40C,40.0,bismuth,1,3209.1026783199068,14508.998372395834
0.7,2,40C__bismuth_trial_2,40C,40.0,bismuth,2,3209.1026783199068,11332.711263020834
0.7,2,40C__bismuth_trial_3,40C,40.0,bismuth,3,3209.1026783199068,11888.4912109375
0.7,2,40C__bismuth_trial_4,40C,40.0,bismuth,4,3209.1026783199068,12203.69140625
0.7,2,40C__bismuth_trial_5,40C,40.0,bismuth,5,3209.1026783199068,12876.451171875
0.7,2,40C__bismuth_trial_6,40C,40.0,bismuth,6,3209.1026783199068,13647.167643229166
0.7,2,50C__bismuth_trial_1,50C,50.0,bismuth,1,3209.1026783199068,10736.263997395834
0.7,2,50C__bismuth_trial_2,50C,50.0,bismuth,2,3209.1026783199068,12465.473958333334
0.7,2,50C__bismuth_trial_3,50C,50.0,bismuth,3,3209.1026783199068,16925.713216145832
0.7,2,50C__bismuth_trial_4,50C,50.0,bismuth,4,3209.1026783199068,14672.746419270834
0.7,2,50C__bismuth_trial_5,50C,50.0,bismuth,5,3209.1026783199068,13735.82421875
0.7,2,50C__bismuth_trial_6,50C,50.0,bismuth,6,3209.1026783199068,13182.233723958334
0.7,2,60C__bismuth_trial_1,60C,60.0,bismuth,1,3209.1026783199068,12114.83203125
0.7,2,60C__bismuth_trial_2,60C,60.0,bismuth,2,3209.1026783199068,12202.692057291666
0.7,2,60C__bismuth_trial_3,60C,60.0,bismuth,3,3209.1026783199068,12985.586263020834
0.7,2,60C__bismuth_trial_4,60C,60.0,bismuth,4,3209.1026783199068,17933.684244791668
0.7,2,60C__bismuth_trial_5,60C,60.0,bismuth,5,3209.1026783199068,10195.311197916666
0.7,2,60C__bismuth_trial_6,60C,60.0,bismuth,6,3209.1026783199068,15804.174153645834
0.7,3,30C__cement_trial_1,30C,30.0,cement,1,559.6427431853289,553.1917928059896
0.7,3,30C__cement_trial_2,30C,30.0,cement,2,559.6427431853289,512.2972717285156
0.7,3,30C__cement_trial_3,30C,30.0,cement,3,559.6427431853289,501.87896728515625
0.7,3,30C__cement_trial_4,30C,30.0,cement,4,559.6427431853289,529.3589477539062
0.7,3,30C__cement_trial_5,30C,30.0,cement,5,559.6427431853289,594.6122639973959
0.7,3,30C__cement_trial_6,30C,30.0,cement,6,559.6427431853289,463.4420674641927
0.7,3,40C__cement_trial_1,40C,40.0,cement,1,559.6427431853289,407.1108703613281
0.7,3,40C__cement_trial_2,40C,40.0,cement,2,559.6427431853289,508.12286376953125
0.7,3,40C__cement_trial_3,40C,40.0,cement,3,559.6427431853289,340.9562632242839
0.7,3,40C__cement_trial_4,40C,40.0,cement,4,559.6427431853289,821.8380330403646
0.7,3,40C__cement_trial_5,40C,40.0,cement,5,559.6427431853289,793.193115234375
0.7,3,40C__cement_trial_6,40C,40.0,cement,6,559.6427431853289,373.75323486328125
0.7,3,50C__cement_trial_1,50C,50.0,cement,1,559.6427431853289,442.4979960123698
0.7,3,50C__cement_trial_2,50C,50.0,cement,2,559.6427431853289,331.80861409505206
0.7,3,50C__cement_trial_3,50C,50.0,cement,3,559.6427431853289,388.66916910807294
0.7,3,50C__cement_trial_4,50C,50.0,cement,4,559.6427431853289,342.1150817871094
0.7,3,50C__cement_trial_5,50C,50.0,cement,5,559.6427431853289,496.0814514160156
0.7,3,50C__cement_trial_6,50C,50.0,cement,6,559.6427431853289,566.4393208821615
0.7,3,60C__cement_trial_1,60C,60.0,cement,1,559.6427431853289,1230.1639811197917
0.7,3,60C__cement_trial_2,60C,60.0,cement,2,559.6427431853289,807.5508219401041
0.7,3,60C__cement_trial_3,60C,60.0,cement,3,559.6427431853289,885.7165934244791
0.7,3,60C__cement_trial_4,60C,60.0,cement,4,559.6427431853289,784.7173665364584
0.7,3,60C__cement_trial_5,60C,60.0,cement,5,559.6427431853289,906.9275512695312
0.7,3,60C__cement_trial_6,60C,60.0,cement,6,559.6427431853289,678.8429768880209
0.7,4,30C__copper_trial_1,30C,30.0,copper,1,37192.601414797544,2842.14453125
0.7,4,30C__copper_trial_2,30C,30.0,copper,2,37192.601414797544,16372.845052083334
0.7,4,30C__copper_trial_3,30C,30.0,copper,3,37192.601414797544,16514.3828125
0.7,4,30C__copper_trial_4,30C,30.0,copper,4,37192.601414797544,12922.227864583334
0.7,4,30C__copper_trial_5,30C,30.0,copper,5,37192.601414797544,14528.660807291666
0.7,4,30C__copper_trial_6,30C,30.0,copper,6,37192.601414797544,13495.1435546875
0.7,4,40C__copper_trial_1,40C,40.0,copper,1,37192.601414797544,18872.604817708332
0.7,4,40C__copper_trial_2,40C,40.0,copper,2,37192.601414797544,12407.333821614584
0.7,4,40C__copper_trial_3,40C,40.0,copper,3,37192.601414797544,16687.687825520832
0.7,4,40C__copper_trial_4,40C,40.0,copper,4,37192.601414797544,9596.931640625
0.7,4,40C__copper_trial_5,40C,40.0,copper,5,37192.601414797544,9685.437174479166
0.7,4,40C__copper_trial_6,40C,40.0,copper,6,37192.601414797544,7057.9443359375
0.7,4,50C__copper_trial_1,50C,50.0,copper,1,37192.601414797544,8134.623046875
0.7,4,50C__copper_trial_2,50C,50.0,copper,2,37192.601414797544,12823.681640625
0.7,4,50C__copper_trial_3,50C,50.0,copper,3,37192.601414797544,11640.3486328125
0.7,4,50C__copper_trial_4,50C,50.0,copper,4,37192.601414797544,10454.993489583334
0.7,4,50C__copper_trial_5,50C,50.0,copper,5,37192.601414797544,9796.854817708334
0.7,4,50C__copper_trial_6,50C,50.0,copper,6,37192.601414797544,9367.550455729166
0.7,4,60C__copper_trial_1,60C,60.0,copper,1,37192.601414797544,14967.769856770834
0.7,4,60C__copper_trial_2,60C,60.0,copper,2,37192.601414797544,19962.659505208332
0.7,4,60C__copper_trial_3,60C,60.0,copper,3,37192.601414797544,15497.369466145834
0.7,4,60C__copper_trial_4,60C,60.0,copper,4,37192.601414797544,19789.420572916668
0.7,4,60C__copper_trial_5,60C,60.0,copper,5,37192.601414797544,16938.106770833332
0.7,4,60C__copper_trial_6,60C,60.0,copper,6,37192.601414797544,10872.728352864584
0.7,5,30C__cork_trial_1,30C,30.0,cork,1,136.29380029920657,166.21340942382812
0.7,5,30C__cork_trial_2,30C,30.0,cork,2,136.29380029920657,66.69797897338867
0.7,5,30C__cork_trial_3,30C,30.0,cork,3,136.29380029920657,69.01515452067058
0.7,5,30C__cork_trial_4,30C,30.0,cork,4,136.29380029920657,46.62654113769531
0.7,5,30C__cork_trial_5,30C,30.0,cork,5,136.29380029920657,67.98208618164062
0.7,5,30C__cork_trial_6,30C,30.0,cork,6,136.29380029920657,67.7626215616862
0.7,5,40C__cork_trial_1,40C,40.0,cork,1,136.29380029920657,79.07848866780598
0.7,5,40C__cork_trial_2,40C,40.0,cork,2,136.29380029920657,83.82460276285808
0.7,5,40C__cork_trial_3,40C,40.0,cork,3,136.29380029920657,80.79648844401042
0.7,5,40C__cork_trial_4,40C,40.0,cork,4,136.29380029920657,77.50601196289062
0.7,5,40C__cork_trial_5,40C,40.0,cork,5,136.29380029920657,39.98467274096106
0.7,5,40C__cork_trial_6,40C,40.0,cork,6,136.29380029920657,39.56266676968827
0.7,5,50C__cork_trial_1,50C,50.0,cork,1,136.29380029920657,455.9488118489583
0.7,5,50C__cork_trial_2,50C,50.0,cork,2,136.29380029920657,463.05713907877606
0.7,5,50C__cork_trial_3,50C,50.0,cork,3,136.29380029920657,433.95343017578125
0.7,5,50C__cork_trial_4,50C,50.0,cork,4,136.29380029920657,285.45799763997394
0.7,5,50C__cork_trial_5,50C,50.0,cork,5,136.29380029920657,434.86023966471356
0.7,5,50C__cork_trial_6,50C,50.0,cork,6,136.29380029920657,405.8887939453125
0.7,5,60C__cork_trial_1,60C,60.0,cork,1,136.29380029920657,320.67551676432294
0.7,5,60C__cork_trial_2,60C,60.0,cork,2,136.29380029920657,318.5877990722656
0.7,5,60C__cork_trial_3,60C,60.0,cork,3,136.29380029920657,297.00025431315106
0.7,5,60C__cork_trial_4,60C,60.0,cork,4,136.29380029920657,325.9392903645833
0.7,5,60C__cork_trial_5,60C,60.0,cork,5,136.29380029920657,391.91978963216144
0.7,5,60C__cork_trial_6,60C,60.0,cork,6,136.29380029920657,359.0276387532552
0.7,6,30C__graphite_trial_1,30C,30.0,graphite,1,11367.497525840945,11034.1845703125
0.7,6,30C__graphite_trial_2,30C,30.0,graphite,2,11367.497525840945,2850.4384765625
0.7,6,30C__graphite_trial_3,30C,30.0,graphite,3,11367.497525840945,1783.185567220052
0.7,6,30C__graphite_trial_4,30C,30.0,graphite,4,11367.497525840945,6745.421549479167
0.7,6,30C__graphite_trial_5,30C,30.0,graphite,5,11367.497525840945,9069.579182942709
0.7,6,30C__graphite_trial_6,30C,30.0,graphite,6,11367.497525840945,3069.2261962890625
0.7,6,40C__graphite_trial_1,40C,40.0,graphite,1,11367.497525840945,10454.34375
0.7,6,40C__graphite_trial_2,40C,40.0,graphite,2,11367.497525840945,11824.978515625
0.7,6,40C__graphite_trial_3,40C,40.0,graphite,3,11367.497525840945,5303.340494791667
0.7,6,40C__graphite_trial_4,40C,40.0,graphite,4,11367.497525840945,11139.274739583334
0.7,6,40C__graphite_trial_5,40C,40.0,graphite,5,11367.497525840945,5335.926595052083
0.7,6,40C__graphite_trial_6,40C,40.0,graphite,6,11367.497525840945,8110.251790364583
0.7,6,50C__graphite_trial_1,50C,50.0,graphite,1,11367.497525840945,16003.1171875
0.7,6,50C__graphite_trial_2,50C,50.0,graphite,2,11367.497525840945,13766.969401041666
0.7,6,50C__graphite_trial_3,50C,50.0,graphite,3,11367.497525840945,13466.531575520834
0.7,6,50C__graphite_trial_4,50C,50.0,graphite,4,11367.497525840945,16986.475911458332
0.7,6,50C__graphite_trial_5,50C,50.0,graphite,5,11367.497525840945,7943.8291015625
0.7,6,50C__graphite_trial_6,50C,50.0,graphite,6,11367.497525840945,11618.550455729166
0.7,6,60C__graphite_trial_1,60C,60.0,graphite,1,11367.497525840945,9844.003580729166
0.7,6,60C__graphite_trial_2,60C,60.0,graphite,2,11367.497525840945,12957.532877604166
0.7,6,60C__graphite_trial_3,60C,60.0,graphite,3,11367.497525840945,12989.771809895834
0.7,6,60C__graphite_trial_4,60C,60.0,graphite,4,11367.497525840945,13707.2900390625
0.7,6,60C__graphite_trial_5,60C,60.0,graphite,5,11367.497525840945,10629.798177083334
0.7,6,60C__graphite_trial_6,60C,60.0,graphite,6,11367.497525840945,15876.780598958334
0.7,7,30C__gypsum_trial_1,30C,30.0,gypsum,1,385.01948002666046,247.9643096923828
0.7,7,30C__gypsum_trial_2,30C,30.0,gypsum,2,385.01948002666046,335.81824747721356
0.7,7,30C__gypsum_trial_3,30C,30.0,gypsum,3,385.01948002666046,239.12719217936197
0.7,7,30C__gypsum_trial_4,30C,30.0,gypsum,4,385.01948002666046,212.3596649169922
0.7,7,30C__gypsum_trial_5,30C,30.0,gypsum,5,385.01948002666046,246.01318868001303
0.7,7,30C__gypsum_trial_6,30C,30.0,gypsum,6,385.01948002666046,205.58575439453125
0.7,7,40C__gypsum_trial_1,40C,40.0,gypsum,1,385.01948002666046,281.22308349609375
0.7,7,40C__gypsum_trial_2,40C,40.0,gypsum,2,385.01948002666046,226.63338724772134
0.7,7,40C__gypsum_trial_3,40C,40.0,gypsum,3,385.01948002666046,256.7174580891927
0.7,7,40C__gypsum_trial_4,40C,40.0,gypsum,4,385.01948002666046,353.7822672526042
0.7,7,40C__gypsum_trial_5,40C,40.0,gypsum,5,385.01948002666046,687.695068359375
0.7,7,40C__gypsum_trial_6,40C,40.0,gypsum,6,385.01948002666046,651.4347330729166
0.7,7,50C__gypsum_trial_1,50C,50.0,gypsum,1,385.01948002666046,686.6520589192709
0.7,7,50C__gypsum_trial_2,50C,50.0,gypsum,2,385.01948002666046,698.7487996419271
0.7,7,50C__gypsum_trial_3,50C,50.0,gypsum,3,385.01948002666046,677.5768432617188
0.7,7,50C__gypsum_trial_4,50C,50.0,gypsum,4,385.01948002666046,570.0775655110677
0.7,7,50C__gypsum_trial_5,50C,50.0,gypsum,5,385.01948002666046,873.9525960286459
0.7,7,50C__gypsum_trial_6,50C,50.0,gypsum,6,385.01948002666046,481.03758748372394
0.7,7,60C__gypsum_trial_1,60C,60.0,gypsum,1,385.01948002666046,6399.557291666667
0.7,7,60C__gypsum_trial_2,60C,60.0,gypsum,2,385.01948002666046,2680.0780436197915
0.7,7,60C__gypsum_trial_3,60C,60.0,gypsum,3,385.01948002666046,1734.6983642578125
0.7,7,60C__gypsum_trial_4,60C,60.0,gypsum,4,385.01948002666046,5313.856201171875
0.7,7,60C__gypsum_trial_5,60C,60.0,gypsum,5,385.01948002666046,6048.341145833333
0.7,7,60C__gypsum_trial_6,60C,60.0,gypsum,6,385.01948002666046,2575.8165690104165
0.7,8,30C__iron_trial_1,30C,30.0,iron,1,16859.663413010356,11561.182454427084
0.7,8,30C__iron_trial_2,30C,30.0,iron,2,16859.663413010356,23609.916666666668
0.7,8,30C__iron_trial_3,30C,30.0,iron,3,16859.663413010356,18175.978515625
0.7,8,30C__iron_trial_4,30C,30.0,iron,4,16859.663413010356,20696.975911458332
0.7,8,30C__iron_trial_5,30C,30.0,iron,5,16859.663413010356,17348.648111979168
0.7,8,30C__iron_trial_6,30C,30.0,iron,6,16859.663413010356,14334.562174479166
0.7,8,40C__iron_trial_1,40C,40.0,iron,1,16859.663413010356,15130.344401041666
0.7,8,40C__iron_trial_2,40C,40.0,iron,2,16859.663413010356,10425.782389322916
0.7,8,40C__iron_trial_3,40C,40.0,iron,3,16859.663413010356,11717.938151041666
0.7,8,40C__iron_trial_4,40C,40.0,iron,4,16859.663413010356,7507.366861979167
0.7,8,40C__iron_trial_5,40C,40.0,iron,5,16859.663413010356,16380.8828125
0.7,8,40C__iron_trial_6,40C,40.0,iron,6,16859.663413010356,15680.544921875
0.7,8,50C__iron_trial_1,50C,50.0,iron,1,16859.663413010356,9797.751953125
0.7,8,50C__iron_trial_2,50C,50.0,iron,2,16859.663413010356,15304.915690104166
0.7,8,50C__iron_trial_3,50C,50.0,iron,3,16859.663413010356,9482.041341145834
0.7,8,50C__iron_trial_4,50C,50.0,iron,4,16859.663413010356,17144.259114583332
0.7,8,50C__iron_trial_5,50C,50.0,iron,5,16859.663413010356,19099.806640625
0.7,8,50C__iron_trial_6,50C,50.0,iron,6,16859.663413010356,24883.041666666668
0.7,8,60C__iron_trial_1,60C,60.0,iron,1,16859.663413010356,28085.103515625
0.7,8,60C__iron_trial_2,60C,60.0,iron,2,16859.663413010356,21625.843098958332
0.7,8,60C__iron_trial_3,60C,60.0,iron,3,16859.663413010356,17779.069661458332
0.7,8,60C__iron_trial_4,60C,60.0,iron,4,16859.663413010356,14324.12109375
0.7,8,60C__iron_trial_5,60C,60.0,iron,5,16859.663413010356,17624.453450520832
0.7,8,60C__iron_trial_6,60C,60.0,iron,6,16859.663413010356,22193.324869791668
0.7,9,30C__nickel_trial_1,30C,30.0,nickel,1,19320.68449098013,10628.99267578125
0.7,9,30C__nickel_trial_2,30C,30.0,nickel,2,19320.68449098013,13681.236979166666
0.7,9,30C__nickel_trial_3,30C,30.0,nickel,3,19320.68449098013,20142.606770833332
0.7,9,30C__nickel_trial_4,30C,30.0,nickel,4,19320.68449098013,10717.249348958334
0.7,9,30C__nickel_trial_5,30C,30.0,nickel,5,19320.68449098013,17923.125325520832
0.7,9,30C__nickel_trial_6,30C,30.0,nickel,6,19320.68449098013,23402.15625
0.7,9,40C__nickel_trial_1,40C,40.0,nickel,1,19320.68449098013,6554.05029296875
0.7,9,40C__nickel_trial_2,40C,40.0,nickel,2,19320.68449098013,8529.19140625
0.7,9,40C__nickel_trial_3,40C,40.0,nickel,3,19320.68449098013,17646.499674479168
0.7,9,40C__nickel_trial_4,40C,40.0,nickel,4,19320.68449098013,13370.364583333334
0.7,9,40C__nickel_trial_5,40C,40.0,nickel,5,19320.68449098013,12149.4912109375
0.7,9,40C__nickel_trial_6,40C,40.0,nickel,6,19320.68449098013,10154.8017578125
0.7,9,50C__nickel_trial_1,50C,50.0,nickel,1,19320.68449098013,10430.962565104166
0.7,9,50C__nickel_trial_2,50C,50.0,nickel,2,19320.68449098013,11862.444661458334
0.7,9,50C__nickel_trial_3,50C,50.0,nickel,3,19320.68449098013,14052.9755859375
0.7,9,50C__nickel_trial_4,50C,50.0,nickel,4,19320.68449098013,11376.8173828125
0.7,9,50C__nickel_trial_5,50C,50.0,nickel,5,19320.68449098013,7570.671875
0.7,9,50C__nickel_trial_6,50C,50.0,nickel,6,19320.68449098013,16491.4384765625
0.7,9,60C__nickel_trial_1,60C,60.0,nickel,1,19320.68449098013,10345.765950520834
0.7,9,60C__nickel_trial_2,60C,60.0,nickel,2,19320.68449098013,19123.296875
0.7,9,60C__nickel_trial_3,60C,60.0,nickel,3,19320.68449098013,13509.259765625
0.7,9,60C__nickel_trial_4,60C,60.0,nickel,4,19320.68449098013,23862.12109375
0.7,9,60C__nickel_trial_5,60C,60.0,nickel,5,19320.68449098013,22781.32421875
0.7,9,60C__nickel_trial_6,60C,60.0,nickel,6,19320.68449098013,21989.721354166668
0.7,10,30C__pdms_trial_1,30C,30.0,pdms,1,460.90129095067635,239.40076700846353
0.7,10,30C__pdms_trial_2,30C,30.0,pdms,2,460.90129095067635,111.65354665120442
0.7,10,30C__pdms_trial_3,30C,30.0,pdms,3,460.90129095067635,156.03585306803384
0.7,10,30C__pdms_trial_4,30C,30.0,pdms,4,460.90129095067635,52.655189514160156
0.7,10,30C__pdms_trial_5,30C,30.0,pdms,5,460.90129095067635,95.90397389729817
0.7,10,30C__pdms_trial_6,30C,30.0,pdms,6,460.90129095067635,76.09121958414714
0.7,10,40C__pdms_trial_1,40C,40.0,pdms,1,460.90129095067635,502.40394083658856
0.7,10,40C__pdms_trial_2,40C,40.0,pdms,2,460.90129095067635,446.0884094238281
0.7,10,40C__pdms_trial_3,40C,40.0,pdms,3,460.90129095067635,428.5139973958333
0.7,10,40C__pdms_trial_4,40C,40.0,pdms,4,460.90129095067635,347.8582458496094
0.7,10,40C__pdms_trial_5,40C,40.0,pdms,5,460.90129095067635,227.52972412109375
0.7,10,40C__pdms_trial_6,40C,40.0,pdms,6,460.90129095067635,355.6807047526042
0.7,10,50C__pdms_trial_1,50C,50.0,pdms,1,460.90129095067635,251.55181884765625
0.7,10,50C__pdms_trial_2,50C,50.0,pdms,2,460.90129095067635,160.27622985839844
0.7,10,50C__pdms_trial_3,50C,50.0,pdms,3,460.90129095067635,440.93874104817706
0.7,10,50C__pdms_trial_4,50C,50.0,pdms,4,460.90129095067635,428.6503092447917
0.7,10,50C__pdms_trial_5,50C,50.0,pdms,5,460.90129095067635,255.93771362304688
0.7,10,50C__pdms_trial_6,50C,50.0,pdms,6,460.90129095067635,299.29612223307294
0.7,10,60C__pdms_trial_1,60C,60.0,pdms,1,460.90129095067635,567.9434305826823
0.7,10,60C__pdms_trial_2,60C,60.0,pdms,2,460.90129095067635,397.5962626139323
0.7,10,60C__pdms_trial_3,60C,60.0,pdms,3,460.90129095067635,470.8211161295573
0.7,10,60C__pdms_trial_4,60C,60.0,pdms,4,460.90129095067635,256.00489298502606
0.7,10,60C__pdms_trial_5,60C,60.0,pdms,5,460.90129095067635,208.6276397705078
0.7,10,60C__pdms_trial_6,60C,60.0,pdms,6,460.90129095067635,151.20894368489584
0.7,11,30C__ps_foam_trial_1,30C,30.0,ps_foam,1,34.496376621320685,398.8355407714844
0.7,11,30C__ps_foam_trial_2,30C,30.0,ps_foam,2,34.496376621320685,419.6536458333333
0.7,11,30C__ps_foam_trial_3,30C,30.0,ps_foam,3,34.496376621320685,391.4914042154948
0.7,11,30C__ps_foam_trial_4,30C,30.0,ps_foam,4,34.496376621320685,277.9767252604167
0.7,11,30C__ps_foam_trial_5,30C,30.0,ps_foam,5,34.496376621320685,174.26053365071616
0.7,11,30C__ps_foam_trial_6,30C,30.0,ps_foam,6,34.496376621320685,202.97901407877603
0.7,11,40C__ps_foam_trial_1,40C,40.0,ps_foam,1,34.496376621320685,57.80770619710287
0.7,11,40C__ps_foam_trial_2,40C,40.0,ps_foam,2,34.496376621320685,59.10367965698242
0.7,11,40C__ps_foam_trial_3,40C,40.0,ps_foam,3,34.496376621320685,45.76651509602865
0.7,11,40C__ps_foam_trial_4,40C,40.0,ps_foam,4,34.496376621320685,607.5095011393229
0.7,11,40C__ps_foam_trial_5,40C,40.0,ps_foam,5,34.496376621320685,117.27381388346355
0.7,11,40C__ps_foam_trial_6,40C,40.0,ps_foam,6,34.496376621320685,104.02651468912761
0.7,11,50C__ps_foam_trial_1,50C,50.0,ps_foam,1,34.496376621320685,52.80730311075846
0.7,11,50C__ps_foam_trial_2,50C,50.0,ps_foam,2,34.496376621320685,59.766614278157554
0.7,11,50C__ps_foam_trial_3,50C,50.0,ps_foam,3,34.496376621320685,55.26467514038086
0.7,11,50C__ps_foam_trial_4,50C,50.0,ps_foam,4,34.496376621320685,47.666823069254555
0.7,11,50C__ps_foam_trial_5,50C,50.0,ps_foam,5,34.496376621320685,50.36108525594076
0.7,11,50C__ps_foam_trial_6,50C,50.0,ps_foam,6,34.496376621320685,54.11030578613281
0.7,11,60C__ps_foam_trial_1,60C,60.0,ps_foam,1,34.496376621320685,229.2641855875651
0.7,11,60C__ps_foam_trial_2,60C,60.0,ps_foam,2,34.496376621320685,210.07296244303384
0.7,11,60C__ps_foam_trial_3,60C,60.0,ps_foam,3,34.496376621320685,223.41136169433594
0.7,11,60C__ps_foam_trial_4,60C,60.0,ps_foam,4,34.496376621320685,171.3888956705729
0.7,11,60C__ps_foam_trial_5,60C,60.0,ps_foam,5,34.496376621320685,254.37726338704428
0.7,11,60C__ps_foam_trial_6,60C,60.0,ps_foam,6,34.496376621320685,323.6880696614583
0.7,12,30C__pu_foam_trial_1,30C,30.0,pu_foam,1,42.49705872175155,139.40820821126303
0.7,12,30C__pu_foam_trial_2,30C,30.0,pu_foam,2,42.49705872175155,101.71954345703125
0.7,12,30C__pu_foam_trial_3,30C,30.0,pu_foam,3,42.49705872175155,200.10661824544272
0.7,12,30C__pu_foam_trial_4,30C,30.0,pu_foam,4,42.49705872175155,236.15311686197916
0.7,12,30C__pu_foam_trial_5,30C,30.0,pu_foam,5,42.49705872175155,272.93572489420575
0.7,12,30C__pu_foam_trial_6,30C,30.0,pu_foam,6,42.49705872175155,92.647216796875
0.7,12,40C__pu_foam_trial_1,40C,40.0,pu_foam,1,42.49705872175155,60.69500859578451
0.7,12,40C__pu_foam_trial_2,40C,40.0,pu_foam,2,42.49705872175155,95.45763142903645
0.7,12,40C__pu_foam_trial_3,40C,40.0,pu_foam,3,42.49705872175155,101.6583964029948
0.7,12,40C__pu_foam_trial_4,40C,40.0,pu_foam,4,42.49705872175155,79.91845957438152
0.7,12,40C__pu_foam_trial_5,40C,40.0,pu_foam,5,42.49705872175155,39.66267052464673
0.7,12,40C__pu_foam_trial_6,40C,40.0,pu_foam,6,42.49705872175155,49.74700800577799
0.7,12,50C__pu_foam_trial_1,50C,50.0,pu_foam,1,42.49705872175155,113.65079498291016
0.7,12,50C__pu_foam_trial_2,50C,50.0,pu_foam,2,42.49705872175155,75.74962107340495
0.7,12,50C__pu_foam_trial_3,50C,50.0,pu_foam,3,42.49705872175155,104.79153442382812
0.7,12,50C__pu_foam_trial_4,50C,50.0,pu_foam,4,42.49705872175155,89.42801157633464
0.7,12,50C__pu_foam_trial_5,50C,50.0,pu_foam,5,42.49705872175155,76.90585327148438
0.7,12,50C__pu_foam_trial_6,50C,50.0,pu_foam,6,42.49705872175155,103.15338389078777
0.7,12,60C__pu_foam_trial_1,60C,60.0,pu_foam,1,42.49705872175155,173.7937978108724
0.7,12,60C__pu_foam_trial_2,60C,60.0,pu_foam,2,42.49705872175155,891.9194539388021
0.7,12,60C__pu_foam_trial_3,60C,60.0,pu_foam,3,42.49705872175155,249.80851236979166
0.7,12,60C__pu_foam_trial_4,60C,60.0,pu_foam,4,42.49705872175155,147.0071589152018
0.7,12,60C__pu_foam_trial_5,60C,60.0,pu_foam,5,42.49705872175155,202.67343139648438
0.7,12,60C__pu_foam_trial_6,60C,60.0,pu_foam,6,42.49705872175155,203.2347412109375
0.7,13,30C__titanium_trial_1,30C,30.0,titanium,1,7184.0359269702985,9907.874674479166
0.7,13,30C__titanium_trial_2,30C,30.0,titanium,2,7184.0359269702985,6231.954752604167
0.7,13,30C__titanium_trial_3,30C,30.0,titanium,3,7184.0359269702985,6320.204915364583
0.7,13,30C__titanium_trial_4,30C,30.0,titanium,4,7184.0359269702985,5754.08935546875
0.7,13,30C__titanium_trial_5,30C,30.0,titanium,5,7184.0359269702985,10027.294596354166
0.7,13,30C__titanium_trial_6,30C,30.0,titanium,6,7184.0359269702985,5417.653157552083
0.7,13,40C__titanium_trial_1,40C,40.0,titanium,1,7184.0359269702985,12338.2353515625
0.7,13,40C__titanium_trial_2,40C,40.0,titanium,2,7184.0359269702985,14768.647786458334
0.7,13,40C__titanium_trial_3,40C,40.0,titanium,3,7184.0359269702985,17795.122721354168
0.7,13,40C__titanium_trial_4,40C,40.0,titanium,4,7184.0359269702985,9822.307942708334
0.7,13,40C__titanium_trial_5,40C,40.0,titanium,5,7184.0359269702985,17997.746744791668
0.7,13,40C__titanium_trial_6,40C,40.0,titanium,6,7184.0359269702985,18216.0078125
0.7,13,50C__titanium_trial_1,50C,50.0,titanium,1,7184.0359269702985,12970.0703125
0.7,13,50C__titanium_trial_2,50C,50.0,titanium,2,7184.0359269702985,5834.716064453125
0.7,13,50C__titanium_trial_3,50C,50.0,titanium,3,7184.0359269702985,12749.7333984375
0.7,13,50C__titanium_trial_4,50C,50.0,titanium,4,7184.0359269702985,15116.729166666666
0.7,13,50C__titanium_trial_5,50C,50.0,titanium,5,7184.0359269702985,9379.090006510416
0.7,13,50C__titanium_trial_6,50C,50.0,titanium,6,7184.0359269702985,19242.106119791668
0.7,13,60C__titanium_trial_1,60C,60.0,titanium,1,7184.0359269702985,10658.1953125
0.7,13,60C__titanium_trial_2,60C,60.0,titanium,2,7184.0359269702985,10290.888671875
0.7,13,60C__titanium_trial_3,60C,60.0,titanium,3,7184.0359269702985,9696.865234375
0.7,13,60C__titanium_trial_4,60C,60.0,titanium,4,7184.0359269702985,11588.802083333334
0.7,13,60C__titanium_trial_5,60C,60.0,titanium,5,7184.0359269702985,12680.475911458334
0.7,13,60C__titanium_trial_6,60C,60.0,titanium,6,7184.0359269702985,13022.4658203125
0.7,14,30C__wood_trial_1,30C,30.0,wood,1,422.49260348555214,81.46719360351562
0.7,14,30C__wood_trial_2,30C,30.0,wood,2,422.49260348555214,221.69588724772134
0.7,14,30C__wood_trial_3,30C,30.0,wood,3,422.49260348555214,146.84117126464844
0.7,14,30C__wood_trial_4,30C,30.0,wood,4,422.49260348555214,73.8545913696289
0.7,14,30C__wood_trial_5,30C,30.0,wood,5,422.49260348555214,120.15417734781902
0.7,14,30C__wood_trial_6,30C,30.0,wood,6,422.49260348555214,191.1554718017578
0.7,14,40C__wood_trial_1,40C,40.0,wood,1,422.49260348555214,150.34112548828125
0.7,14,40C__wood_trial_2,40C,40.0,wood,2,422.49260348555214,177.7342732747396
0.7,14,40C__wood_trial_3,40C,40.0,wood,3,422.49260348555214,175.04063924153647
0.7,14,40C__wood_trial_4,40C,40.0,wood,4,422.49260348555214,101.36888631184895
0.7,14,40C__wood_trial_5,40C,40.0,wood,5,422.49260348555214,256.99254353841144
0.7,14,40C__wood_trial_6,40C,40.0,wood,6,422.49260348555214,212.00071716308594
0.7,14,50C__wood_trial_1,50C,50.0,wood,1,422.49260348555214,224.74573262532553
0.7,14,50C__wood_trial_2,50C,50.0,wood,2,422.49260348555214,332.40040079752606
0.7,14,50C__wood_trial_3,50C,50.0,wood,3,422.49260348555214,290.8434651692708
0.7,14,50C__wood_trial_4,50C,50.0,wood,4,422.49260348555214,252.8395029703776
0.7,14,50C__wood_trial_5,50C,50.0,wood,5,422.49260348555214,214.64586893717447
0.7,14,50C__wood_trial_6,50C,50.0,wood,6,422.49260348555214,217.51851399739584
0.7,14,60C__wood_trial_1,60C,60.0,wood,1,422.49260348555214,11352.934244791666
0.7,14,60C__wood_trial_2,60C,60.0,wood,2,422.49260348555214,7075.159016927083
0.7,14,60C__wood_trial_3,60C,60.0,wood,3,422.49260348555214,9045.231282552084
0.7,14,60C__wood_trial_4,60C,60.0,wood,4,422.49260348555214,7847.8212890625
0.7,14,60C__wood_trial_5,60C,60.0,wood,5,422.49260348555214,4608.34033203125
0.7,14,60C__wood_trial_6,60C,60.0,wood,6,422.49260348555214,1552.3921508789062
0.9,1,30C__aluminum_trial_1,30C,30.0,aluminum,1,23958.09466547789,15464.316731770834
0.9,1,30C__aluminum_trial_2,30C,30.0,aluminum,2,23958.09466547789,18992.113932291668
0.9,1,30C__aluminum_trial_3,30C,30.0,aluminum,3,23958.09466547789,9633.510904947916
0.9,1,30C__aluminum_trial_4,30C,30.0,aluminum,4,23958.09466547789,14036.012369791666
0.9,1,30C__aluminum_trial_5,30C,30.0,aluminum,5,23958.09466547789,11744.394205729166
0.9,1,30C__aluminum_trial_6,30C,30.0,aluminum,6,23958.09466547789,14529.015950520834
0.9,1,40C__aluminum_trial_1,40C,40.0,aluminum,1,23958.09466547789,20419.327473958332
0.9,1,40C__aluminum_trial_2,40C,40.0,aluminum,2,23958.09466547789,5868.05517578125
0.9,1,40C__aluminum_trial_3,40C,40.0,aluminum,3,23958.09466547789,28661.3125
0.9,1,40C__aluminum_trial_4,40C,40.0,aluminum,4,23958.09466547789,12798.296223958334
0.9,1,40C__aluminum_trial_5,40C,40.0,aluminum,5,23958.09466547789,10718.659830729166
0.9,1,40C__aluminum_trial_6,40C,40.0,aluminum,6,23958.09466547789,10294.3828125
0.9,1,50C__aluminum_trial_1,50C,50.0,aluminum,1,23958.09466547789,14816.872721354166
0.9,1,50C__aluminum_trial_2,50C,50.0,aluminum,2,23958.09466547789,10954.141927083334
0.9,1,50C__aluminum_trial_3,50C,50.0,aluminum,3,23958.09466547789,16237.702473958334
0.9,1,50C__aluminum_trial_4,50C,50.0,aluminum,4,23958.09466547789,19814.417317708332
0.9,1,50C__aluminum_trial_5,50C,50.0,aluminum,5,23958.09466547789,12644.240559895834
0.9,1,50C__aluminum_trial_6,50C,50.0,aluminum,6,23958.09466547789,20094.768880208332
0.9,1,60C__aluminum_trial_1,60C,60.0,aluminum,1,23958.09466547789,11552.378255208334
0.9,1,60C__aluminum_trial_2,60C,60.0,aluminum,2,23958.09466547789,14819.17578125
0.9,1,60C__aluminum_trial_3,60C,60.0,aluminum,3,23958.09466547789,8297.01904296875
0.9,1,60C__aluminum_trial_4,60C,60.0,aluminum,4,23958.09466547789,12899.228515625
0.9,1,60C__aluminum_trial_5,60C,60.0,aluminum,5,23958.09466547789,14061.145182291666
0.9,1,60C__aluminum_trial_6,60C,60.0,aluminum,6,23958.09466547789,17401.255859375
0.9,2,30C__bismuth_trial_1,30C,30.0,bismuth,1,3209.1026783199068,11588.640625
0.9,2,30C__bismuth_trial_2,30C,30.0,bismuth,2,3209.1026783199068,8886.22509765625
0.9,2,30C__bismuth_trial_3,30C,30.0,bismuth,3,3209.1026783199068,5303.11669921875
0.9,2,30C__bismuth_trial_4,30C,30.0,bismuth,4,3209.1026783199068,11287.263346354166
0.9,2,30C__bismuth_trial_5,30C,30.0,bismuth,5,3209.1026783199068,7489.311197916667
0.9,2,30C__bismuth_trial_6,30C,30.0,bismuth,6,3209.1026783199068,9135.014485677084
0.9,2,40C__bismuth_trial_1,40C,40.0,bismuth,1,3209.1026783199068,14364.294921875
0.9,2,40C__bismuth_trial_2,40C,40.0,bismuth,2,3209.1026783199068,12365.2001953125
0.9,2,40C__bismuth_trial_3,40C,40.0,bismuth,3,3209.1026783199068,8512.142903645834
0.9,2,40C__bismuth_trial_4,40C,40.0,bismuth,4,3209.1026783199068,11492.9013671875
0.9,2,40C__bismuth_trial_5,40C,40.0,bismuth,5,3209.1026783199068,13063.855794270834
0.9,2,40C__bismuth_trial_6,40C,40.0,bismuth,6,3209.1026783199068,14201.541341145834
0.9,2,50C__bismuth_trial_1,50C,50.0,bismuth,1,3209.1026783199068,10162.382486979166
0.9,2,50C__bismuth_trial_2,50C,50.0,bismuth,2,3209.1026783199068,12739.8447265625
0.9,2,50C__bismuth_trial_3,50C,50.0,bismuth,3,3209.1026783199068,16244.581705729166
0.9,2,50C__bismuth_trial_4,50C,50.0,bismuth,4,3209.1026783199068,14700.91796875
0.9,2,50C__bismuth_trial_5,50C,50.0,bismuth,5,3209.1026783199068,13629.52734375
0.9,2,50C__bismuth_trial_6,50C,50.0,bismuth,6,3209.1026783199068,13247.4111328125
0.9,2,60C__bismuth_trial_1,60C,60.0,bismuth,1,3209.1026783199068,12296.543619791666
0.9,2,60C__bismuth_trial_2,60C,60.0,bismuth,2,3209.1026783199068,12340.960286458334
0.9,2,60C__bismuth_trial_3,60C,60.0,bismuth,3,3209.1026783199068,12501.585286458334
0.9,2,60C__bismuth_trial_4,60C,60.0,bismuth,4,3209.1026783199068,17335.171875
0.9,2,60C__bismuth_trial_5,60C,60.0,bismuth,5,3209.1026783199068,10021.757486979166
0.9,2,60C__bismuth_trial_6,60C,60.0,bismuth,6,3209.1026783199068,15135.623697916666
0.9,3,30C__cement_trial_1,30C,30.0,cement,1,559.6427431853289,493.19701131184894
0.9,3,30C__cement_trial_2,30C,30.0,cement,2,559.6427431853289,437.4862772623698
0.9,3,30C__cement_trial_3,30C,30.0,cement,3,559.6427431853289,487.8047790527344
0.9,3,30C__cement_trial_4,30C,30.0,cement,4,559.6427431853289,475.04969278971356
0.9,3,30C__cement_trial_5,30C,30.0,cement,5,559.6427431853289,565.1606648763021
0.9,3,30C__cement_trial_6,30C,30.0,cement,6,559.6427431853289,509.51177978515625
0.9,3,40C__cement_trial_1,40C,40.0,cement,1,559.6427431853289,436.0635070800781
0.9,3,40C__cement_trial_2,40C,40.0,cement,2,559.6427431853289,425.0733947753906
0.9,3,40C__cement_trial_3,40C,40.0,cement,3,559.6427431853289,306.5139872233073
0.9,3,40C__cement_trial_4,40C,40.0,cement,4,559.6427431853289,723.8639119466146
0.9,3,40C__cement_trial_5,40C,40.0,cement,5,559.6427431853289,574.7496541341146
0.9,3,40C__cement_trial_6,40C,40.0,cement,6,559.6427431853289,419.7893575032552
0.9,3,50C__cement_trial_1,50C,50.0,cement,1,559.6427431853289,446.8965759277344
0.9,3,50C__cement_trial_2,50C,50.0,cement,2,559.6427431853289,303.0239969889323
0.9,3,50C__cement_trial_3,50C,50.0,cement,3,559.6427431853289,398.36195882161456
0.9,3,50C__cement_trial_4,50C,50.0,cement,4,559.6427431853289,341.54638671875
0.9,3,50C__cement_trial_5,50C,50.0,cement,5,559.6427431853289,624.7308146158854
0.9,3,50C__cement_trial_6,50C,50.0,cement,6,559.6427431853289,702.1292317708334
0.9,3,60C__cement_trial_1,60C,60.0,cement,1,559.6427431853289,1058.8363850911458
0.9,3,60C__cement_trial_2,60C,60.0,cement,2,559.6427431853289,798.1994222005209
0.9,3,60C__cement_trial_3,60C,60.0,cement,3,559.6427431853289,961.6147054036459
0.9,3,60C__cement_trial_4,60C,60.0,cement,4,559.6427431853289,780.6384887695312
0.9,3,60C__cement_trial_5,60C,60.0,cement,5,559.6427431853289,936.0948893229166
0.9,3,60C__cement_trial_6,60C,60.0,cement,6,559.6427431853289,688.2091471354166
0.9,4,30C__copper_trial_1,30C,30.0,copper,1,37192.601414797544,2360.039835611979
0.9,4,30C__copper_trial_2,30C,30.0,copper,2,37192.601414797544,17270.974609375
0.9,4,30C__copper_trial_3,30C,30.0,copper,3,37192.601414797544,15771.05859375
0.9,4,30C__copper_trial_4,30C,30.0,copper,4,37192.601414797544,15341.277018229166
0.9,4,30C__copper_trial_5,30C,30.0,copper,5,37192.601414797544,14315.8779296875
0.9,4,30C__copper_trial_6,30C,30.0,copper,6,37192.601414797544,11655.725911458334
0.9,4,40C__copper_trial_1,40C,40.0,copper,1,37192.601414797544,18226.951822916668
0.9,4,40C__copper_trial_2,40C,40.0,copper,2,37192.601414797544,11896.162434895834
0.9,4,40C__copper_trial_3,40C,40.0,copper,3,37192.601414797544,15039.796223958334
0.9,4,40C__copper_trial_4,40C,40.0,copper,4,37192.601414797544,9073.7578125
0.9,4,40C__copper_trial_5,40C,40.0,copper,5,37192.601414797544,9009.225911458334
0.9,4,40C__copper_trial_6,40C,40.0,copper,6,37192.601414797544,6321.4599609375
0.9,4,50C__copper_trial_1,50C,50.0,copper,1,37192.601414797544,7776.676106770833
0.9,4,50C__copper_trial_2,50C,50.0,copper,2,37192.601414797544,13137.878580729166
0.9,4,50C__copper_trial_3,50C,50.0,copper,3,37192.601414797544,9575.36962890625
0.9,4,50C__copper_trial_4,50C,50.0,copper,4,37192.601414797544,11325.046223958334
0.9,4,50C__copper_trial_5,50C,50.0,copper,5,37192.601414797544,10209.0478515625
0.9,4,50C__copper_trial_6,50C,50.0,copper,6,37192.601414797544,8875.592447916666
0.9,4,60C__copper_trial_1,60C,60.0,copper,1,37192.601414797544,13199.896484375
0.9,4,60C__copper_trial_2,60C,60.0,copper,2,37192.601414797544,20728.904947916668
0.9,4,60C__copper_trial_3,60C,60.0,copper,3,37192.601414797544,15787.2138671875
0.9,4,60C__copper_trial_4,60C,60.0,copper,4,37192.601414797544,20883.467447916668
0.9,4,60C__copper_trial_5,60C,60.0,copper,5,37192.601414797544,14135.736979166666
0.9,4,60C__copper_trial_6,60C,60.0,copper,6,37192.601414797544,12487.444661458334
0.9,5,30C__cork_trial_1,30C,30.0,cork,1,136.29380029920657,178.6787363688151
0.9,5,30C__cork_trial_2,30C,30.0,cork,2,136.29380029920657,63.209083557128906
0.9,5,30C__cork_trial_3,30C,30.0,cork,3,136.29380029920657,58.56996409098307
0.9,5,30C__cork_trial_4,30C,30.0,cork,4,136.29380029920657,49.704053243001304
0.9,5,30C__cork_trial_5,30C,30.0,cork,5,136.29380029920657,66.67782465616862
0.9,5,30C__cork_trial_6,30C,30.0,cork,6,136.29380029920657,72.10836664835612
0.9,5,40C__cork_trial_1,40C,40.0,cork,1,136.29380029920657,78.41278330485027
0.9,5,40C__cork_trial_2,40C,40.0,cork,2,136.29380029920657,77.15286509195964
0.9,5,40C__cork_trial_3,40C,40.0,cork,3,136.29380029920657,81.56575266520183
0.9,5,40C__cork_trial_4,40C,40.0,cork,4,136.29380029920657,81.51146825154622
0.9,5,40C__cork_trial_5,40C,40.0,cork,5,136.29380029920657,35.44391543838371
0.9,5,40C__cork_trial_6,40C,40.0,cork,6,136.29380029920657,36.0573147494246
0.9,5,50C__cork_trial_1,50C,50.0,cork,1,136.29380029920657,465.513427734375
0.9,5,50C__cork_trial_2,50C,50.0,cork,2,136.29380029920657,440.99611409505206
0.9,5,50C__cork_trial_3,50C,50.0,cork,3,136.29380029920657,434.5914306640625
0.9,5,50C__cork_trial_4,50C,50.0,cork,4,136.29380029920657,266.1621958414714
0.9,5,50C__cork_trial_5,50C,50.0,cork,5,136.29380029920657,426.51806640625
0.9,5,50C__cork_trial_6,50C,50.0,cork,6,136.29380029920657,389.43328857421875
0.9,5,60C__cork_trial_1,60C,60.0,cork,1,136.29380029920657,318.30316162109375
0.9,5,60C__cork_trial_2,60C,60.0,cork,2,136.29380029920657,334.3444010416667
0.9,5,60C__cork_trial_3,60C,60.0,cork,3,136.29380029920657,302.41823323567706
0.9,5,60C__cork_trial_4,60C,60.0,cork,4,136.29380029920657,301.3522644042969
0.9,5,60C__cork_trial_5,60C,60.0,cork,5,136.29380029920657,381.2851969401042
0.9,5,60C__cork_trial_6,60C,60.0,cork,6,136.29380029920657,322.9891052246094
0.9,6,30C__graphite_trial_1,30C,30.0,graphite,1,11367.497525840945,11659.913411458334
0.9,6,30C__graphite_trial_2,30C,30.0,graphite,2,11367.497525840945,3724.2666829427085
0.9,6,30C__graphite_trial_3,30C,30.0,graphite,3,11367.497525840945,2117.98828125
0.9,6,30C__graphite_trial_4,30C,30.0,graphite,4,11367.497525840945,3944.9265950520835
0.9,6,30C__graphite_trial_5,30C,30.0,graphite,5,11367.497525840945,5487.482096354167
0.9,6,30C__graphite_trial_6,30C,30.0,graphite,6,11367.497525840945,3653.4576009114585
0.9,6,40C__graphite_trial_1,40C,40.0,graphite,1,11367.497525840945,11552.823567708334
0.9,6,40C__graphite_trial_2,40C,40.0,graphite,2,11367.497525840945,12904.496744791666
0.9,6,40C__graphite_trial_3,40C,40.0,graphite,3,11367.497525840945,5570.624186197917
0.9,6,40C__graphite_trial_4,40C,40.0,graphite,4,11367.497525840945,10725.356119791666
0.9,6,40C__graphite_trial_5,40C,40.0,graphite,5,11367.497525840945,4453.252197265625
0.9,6,40C__graphite_trial_6,40C,40.0,graphite,6,11367.497525840945,9366.5185546875
0.9,6,50C__graphite_trial_1,50C,50.0,graphite,1,11367.497525840945,18567.453125
0.9,6,50C__graphite_trial_2,50C,50.0,graphite,2,11367.497525840945,17193.243815104168
0.9,6,50C__graphite_trial_3,50C,50.0,graphite,3,11367.497525840945,16060.6669921875
0.9,6,50C__graphite_trial_4,50C,50.0,graphite,4,11367.497525840945,19964.250651041668
0.9,6,50C__graphite_trial_5,50C,50.0,graphite,5,11367.497525840945,5575.154622395833
0.9,6,50C__graphite_trial_6,50C,50.0,graphite,6,11367.497525840945,12502.123372395834
0.9,6,60C__graphite_trial_1,60C,60.0,graphite,1,11367.497525840945,8184.650553385417
0.9,6,60C__graphite_trial_2,60C,60.0,graphite,2,11367.497525840945,11404.764322916666
0.9,6,60C__graphite_trial_3,60C,60.0,graphite,3,11367.497525840945,12191.896158854166
0.9,6,60C__graphite_trial_4,60C,60.0,graphite,4,11367.497525840945,16434.196940104168
0.9,6,60C__graphite_trial_5,60C,60.0,graphite,5,11367.497525840945,12644.290364583334
0.9,6,60C__graphite_trial_6,60C,60.0,graphite,6,11367.497525840945,13662.3388671875
0.9,7,30C__gypsum_trial_1,30C,30.0,gypsum,1,385.01948002666046,292.4642639160156
0.9,7,30C__gypsum_trial_2,30C,30.0,gypsum,2,385.01948002666046,322.4036560058594
0.9,7,30C__gypsum_trial_3,30C,30.0,gypsum,3,385.01948002666046,255.94353739420572
0.9,7,30C__gypsum_trial_4,30C,30.0,gypsum,4,385.01948002666046,209.01792907714844
0.9,7,30C__gypsum_trial_5,30C,30.0,gypsum,5,385.01948002666046,214.6868693033854
0.9,7,30C__gypsum_trial_6,30C,30.0,gypsum,6,385.01948002666046,201.58426920572916
0.9,7,40C__gypsum_trial_1,40C,40.0,gypsum,1,385.01948002666046,284.8686269124349
0.9,7,40C__gypsum_trial_2,40C,40.0,gypsum,2,385.01948002666046,228.36717732747397
0.9,7,40C__gypsum_trial_3,40C,40.0,gypsum,3,385.01948002666046,242.58602396647134
0.9,7,40C__gypsum_trial_4,40C,40.0,gypsum,4,385.01948002666046,341.5664367675781
0.9,7,40C__gypsum_trial_5,40C,40.0,gypsum,5,385.01948002666046,569.5830891927084
0.9,7,40C__gypsum_trial_6,40C,40.0,gypsum,6,385.01948002666046,505.2272542317708
0.9,7,50C__gypsum_trial_1,50C,50.0,gypsum,1,385.01948002666046,588.2261149088541
0.9,7,50C__gypsum_trial_2,50C,50.0,gypsum,2,385.01948002666046,583.1971537272135
0.9,7,50C__gypsum_trial_3,50C,50.0,gypsum,3,385.01948002666046,712.3186645507812
0.9,7,50C__gypsum_trial_4,50C,50.0,gypsum,4,385.01948002666046,663.0835367838541
0.9,7,50C__gypsum_trial_5,50C,50.0,gypsum,5,385.01948002666046,792.5401814778646
0.9,7,50C__gypsum_trial_6,50C,50.0,gypsum,6,385.01948002666046,543.0599568684896
0.9,7,60C__gypsum_trial_1,60C,60.0,gypsum,1,385.01948002666046,4208.062418619792
0.9,7,60C__gypsum_trial_2,60C,60.0,gypsum,2,385.01948002666046,1841.6390380859375
0.9,7,60C__gypsum_trial_3,60C,60.0,gypsum,3,385.01948002666046,1589.3740234375
0.9,7,60C__gypsum_trial_4,60C,60.0,gypsum,4,385.01948002666046,3565.5083821614585
0.9,7,60C__gypsum_trial_5,60C,60.0,gypsum,5,385.01948002666046,3793.3116861979165
0.9,7,60C__gypsum_trial_6,60C,60.0,gypsum,6,385.01948002666046,2023.9914143880208
0.9,8,30C__iron_trial_1,30C,30.0,iron,1,16859.663413010356,9740.990234375
0.9,8,30C__iron_trial_2,30C,30.0,iron,2,16859.663413010356,23779.76953125
0.9,8,30C__iron_trial_3,30C,30.0,iron,3,16859.663413010356,16232.615234375
0.9,8,30C__iron_trial_4,30C,30.0,iron,4,16859.663413010356,20809.530598958332
0.9,8,30C__iron_trial_5,30C,30.0,iron,5,16859.663413010356,17021.805338541668
0.9,8,30C__iron_trial_6,30C,30.0,iron,6,16859.663413010356,16243.457356770834
0.9,8,40C__iron_trial_1,40C,40.0,iron,1,16859.663413010356,14581.931966145834
0.9,8,40C__iron_trial_2,40C,40.0,iron,2,16859.663413010356,7579.707682291667
0.9,8,40C__iron_trial_3,40C,40.0,iron,3,16859.663413010356,8037.367757161458
0.9,8,40C__iron_trial_4,40C,40.0,iron,4,16859.663413010356,6952.988118489583
0.9,8,40C__iron_trial_5,40C,40.0,iron,5,16859.663413010356,15753.4580078125
0.9,8,40C__iron_trial_6,40C,40.0,iron,6,16859.663413010356,15638.523111979166
0.9,8,50C__iron_trial_1,50C,50.0,iron,1,16859.663413010356,12613.319986979166
0.9,8,50C__iron_trial_2,50C,50.0,iron,2,16859.663413010356,16753.934244791668
0.9,8,50C__iron_trial_3,50C,50.0,iron,3,16859.663413010356,11085.778645833334
0.9,8,50C__iron_trial_4,50C,50.0,iron,4,16859.663413010356,16713.375
0.9,8,50C__iron_trial_5,50C,50.0,iron,5,16859.663413010356,18131.285807291668
0.9,8,50C__iron_trial_6,50C,50.0,iron,6,16859.663413010356,24815.6015625
0.9,8,60C__iron_trial_1,60C,60.0,iron,1,16859.663413010356,31222.046875
0.9,8,60C__iron_trial_2,60C,60.0,iron,2,16859.663413010356,21052.375
0.9,8,60C__iron_trial_3,60C,60.0,iron,3,16859.663413010356,17034.885091145832
0.9,8,60C__iron_trial_4,60C,60.0,iron,4,16859.663413010356,14980.263997395834
0.9,8,60C__iron_trial_5,60C,60.0,iron,5,16859.663413010356,16730.0146484375
0.9,8,60C__iron_trial_6,60C,60.0,iron,6,16859.663413010356,24500.155598958332
0.9,9,30C__nickel_trial_1,30C,30.0,nickel,1,19320.68449098013,11666.691080729166
0.9,9,30C__nickel_trial_2,30C,30.0,nickel,2,19320.68449098013,12294.404947916666
0.9,9,30C__nickel_trial_3,30C,30.0,nickel,3,19320.68449098013,19594.369791666668
0.9,9,30C__nickel_trial_4,30C,30.0,nickel,4,19320.68449098013,9005.627278645834
0.9,9,30C__nickel_trial_5,30C,30.0,nickel,5,19320.68449098013,17727.237955729168
0.9,9,30C__nickel_trial_6,30C,30.0,nickel,6,19320.68449098013,23806.252604166668
0.9,9,40C__nickel_trial_1,40C,40.0,nickel,1,19320.68449098013,7090.470703125
0.9,9,40C__nickel_trial_2,40C,40.0,nickel,2,19320.68449098013,6058.362141927083
0.9,9,40C__nickel_trial_3,40C,40.0,nickel,3,19320.68449098013,16190.491536458334
0.9,9,40C__nickel_trial_4,40C,40.0,nickel,4,19320.68449098013,14925.444661458334
0.9,9,40C__nickel_trial_5,40C,40.0,nickel,5,19320.68449098013,11110.333333333334
0.9,9,40C__nickel_trial_6,40C,40.0,nickel,6,19320.68449098013,9713.4921875
0.9,9,50C__nickel_trial_1,50C,50.0,nickel,1,19320.68449098013,9954.142252604166
0.9,9,50C__nickel_trial_2,50C,50.0,nickel,2,19320.68449098013,10776.711588541666
0.9,9,50C__nickel_trial_3,50C,50.0,nickel,3,19320.68449098013,12256.62109375
0.9,9,50C__nickel_trial_4,50C,50.0,nickel,4,19320.68449098013,13405.7470703125
0.9,9,50C__nickel_trial_5,50C,50.0,nickel,5,19320.68449098013,8017.996907552083
0.9,9,50C__nickel_trial_6,50C,50.0,nickel,6,19320.68449098013,15913.024739583334
0.9,9,60C__nickel_trial_1,60C,60.0,nickel,1,19320.68449098013,9602.2861328125
0.9,9,60C__nickel_trial_2,60C,60.0,nickel,2,19320.68449098013,22543.815755208332
0.9,9,60C__nickel_trial_3,60C,60.0,nickel,3,19320.68449098013,16122.589192708334
0.9,9,60C__nickel_trial_4,60C,60.0,nickel,4,19320.68449098013,25369.544921875
0.9,9,60C__nickel_trial_5,60C,60.0,nickel,5,19320.68449098013,21773.285807291668
0.9,9,60C__nickel_trial_6,60C,60.0,nickel,6,19320.68449098013,25228.373697916668
0.9,10,30C__pdms_trial_1,30C,30.0,pdms,1,460.90129095067635,238.96482849121094
0.9,10,30C__pdms_trial_2,30C,30.0,pdms,2,460.90129095067635,102.62496185302734
0.9,10,30C__pdms_trial_3,30C,30.0,pdms,3,460.90129095067635,143.88847859700522
0.9,10,30C__pdms_trial_4,30C,30.0,pdms,4,460.90129095067635,51.71266428629557
0.9,10,30C__pdms_trial_5,30C,30.0,pdms,5,460.90129095067635,99.10266621907552
0.9,10,30C__pdms_trial_6,30C,30.0,pdms,6,460.90129095067635,75.34030405680339
0.9,10,40C__pdms_trial_1,40C,40.0,pdms,1,460.90129095067635,426.3697102864583
0.9,10,40C__pdms_trial_2,40C,40.0,pdms,2,460.90129095067635,453.37209065755206
0.9,10,40C__pdms_trial_3,40C,40.0,pdms,3,460.90129095067635,402.3375244140625
0.9,10,40C__pdms_trial_4,40C,40.0,pdms,4,460.90129095067635,364.02476501464844
0.9,10,40C__pdms_trial_5,40C,40.0,pdms,5,460.90129095067635,225.16964721679688
0.9,10,40C__pdms_trial_6,40C,40.0,pdms,6,460.90129095067635,422.90057373046875
0.9,10,50C__pdms_trial_1,50C,50.0,pdms,1,460.90129095067635,269.86252848307294
0.9,10,50C__pdms_trial_2,50C,50.0,pdms,2,460.90129095067635,161.3074696858724
0.9,10,50C__pdms_trial_3,50C,50.0,pdms,3,460.90129095067635,374.46583048502606
0.9,10,50C__pdms_trial_4,50C,50.0,pdms,4,460.90129095067635,383.5254211425781
0.9,10,50C__pdms_trial_5,50C,50.0,pdms,5,460.90129095067635,235.7855478922526
0.9,10,50C__pdms_trial_6,50C,50.0,pdms,6,460.90129095067635,338.4940897623698
0.9,10,60C__pdms_trial_1,60C,60.0,pdms,1,460.90129095067635,673.7640787760416
0.9,10,60C__pdms_trial_2,60C,60.0,pdms,2,460.90129095067635,425.01648966471356
0.9,10,60C__pdms_trial_3,60C,60.0,pdms,3,460.90129095067635,526.0688069661459
0.9,10,60C__pdms_trial_4,60C,60.0,pdms,4,460.90129095067635,248.24689737955728
0.9,10,60C__pdms_trial_5,60C,60.0,pdms,5,460.90129095067635,200.7824503580729
0.9,10,60C__pdms_trial_6,60C,60.0,pdms,6,460.90129095067635,142.844482421875
0.9,11,30C__ps_foam_trial_1,30C,30.0,ps_foam,1,34.496376621320685,396.25872802734375
0.9,11,30C__ps_foam_trial_2,30C,30.0,ps_foam,2,34.496376621320685,381.69655354817706
0.9,11,30C__ps_foam_trial_3,30C,30.0,ps_foam,3,34.496376621320685,373.96266682942706
0.9,11,30C__ps_foam_trial_4,30C,30.0,ps_foam,4,34.496376621320685,283.9036509195964
0.9,11,30C__ps_foam_trial_5,30C,30.0,ps_foam,5,34.496376621320685,174.03043111165366
0.9,11,30C__ps_foam_trial_6,30C,30.0,ps_foam,6,34.496376621320685,197.88914489746094
0.9,11,40C__ps_foam_trial_1,40C,40.0,ps_foam,1,34.496376621320685,54.21745045979818
0.9,11,40C__ps_foam_trial_2,40C,40.0,ps_foam,2,34.496376621320685,53.658143312523954
0.9,11,40C__ps_foam_trial_3,40C,40.0,ps_foam,3,34.496376621320685,47.65685272216797
0.9,11,40C__ps_foam_trial_4,40C,40.0,ps_foam,4,34.496376621320685,863.8219401041666
0.9,11,40C__ps_foam_trial_5,40C,40.0,ps_foam,5,34.496376621320685,103.7637112935384
0.9,11,40C__ps_foam_trial_6,40C,40.0,ps_foam,6,34.496376621320685,95.60979970296223
0.9,11,50C__ps_foam_trial_1,50C,50.0,ps_foam,1,34.496376621320685,48.80056126912435
0.9,11,50C__ps_foam_trial_2,50C,50.0,ps_foam,2,34.496376621320685,70.16504796346028
0.9,11,50C__ps_foam_trial_3,50C,50.0,ps_foam,3,34.496376621320685,61.92681630452474
0.9,11,50C__ps_foam_trial_4,50C,50.0,ps_foam,4,34.496376621320685,47.99006017049154
0.9,11,50C__ps_foam_trial_5,50C,50.0,ps_foam,5,34.496376621320685,55.727020263671875
0.9,11,50C__ps_foam_trial_6,50C,50.0,ps_foam,6,34.496376621320685,56.76044591267904
0.9,11,60C__ps_foam_trial_1,60C,60.0,ps_foam,1,34.496376621320685,286.8321126302083
0.9,11,60C__ps_foam_trial_2,60C,60.0,ps_foam,2,34.496376621320685,279.4397379557292
0.9,11,60C__ps_foam_trial_3,60C,60.0,ps_foam,3,34.496376621320685,238.5001678466797
0.9,11,60C__ps_foam_trial_4,60C,60.0,ps_foam,4,34.496376621320685,173.97034200032553
0.9,11,60C__ps_foam_trial_5,60C,60.0,ps_foam,5,34.496376621320685,293.8206431070964
0.9,11,60C__ps_foam_trial_6,60C,60.0,ps_foam,6,34.496376621320685,315.80286661783856
0.9,12,30C__pu_foam_trial_1,30C,30.0,pu_foam,1,42.49705872175155,121.42249298095703
0.9,12,30C__pu_foam_trial_2,30C,30.0,pu_foam,2,42.49705872175155,103.41420237223308
0.9,12,30C__pu_foam_trial_3,30C,30.0,pu_foam,3,42.49705872175155,243.95703633626303
0.9,12,30C__pu_foam_trial_4,30C,30.0,pu_foam,4,42.49705872175155,233.8886973063151
0.9,12,30C__pu_foam_trial_5,30C,30.0,pu_foam,5,42.49705872175155,304.0603942871094
0.9,12,30C__pu_foam_trial_6,30C,30.0,pu_foam,6,42.49705872175155,85.71217600504558
0.9,12,40C__pu_foam_trial_1,40C,40.0,pu_foam,1,42.49705872175155,74.59829203287761
0.9,12,40C__pu_foam_trial_2,40C,40.0,pu_foam,2,42.49705872175155,101.68135579427083
0.9,12,40C__pu_foam_trial_3,40C,40.0,pu_foam,3,42.49705872175155,112.48497645060222
0.9,12,40C__pu_foam_trial_4,40C,40.0,pu_foam,4,42.49705872175155,64.13349787394206
0.9,12,40C__pu_foam_trial_5,40C,40.0,pu_foam,5,42.49705872175155,35.70905470026522
0.9,12,40C__pu_foam_trial_6,40C,40.0,pu_foam,6,42.49705872175155,42.35295486450195
0.9,12,50C__pu_foam_trial_1,50C,50.0,pu_foam,1,42.49705872175155,113.25888315836589
0.9,12,50C__pu_foam_trial_2,50C,50.0,pu_foam,2,42.49705872175155,88.51095581054688
0.9,12,50C__pu_foam_trial_3,50C,50.0,pu_foam,3,42.49705872175155,111.26708221435547
0.9,12,50C__pu_foam_trial_4,50C,50.0,pu_foam,4,42.49705872175155,71.130677541097
0.9,12,50C__pu_foam_trial_5,50C,50.0,pu_foam,5,42.49705872175155,84.70658874511719
0.9,12,50C__pu_foam_trial_6,50C,50.0,pu_foam,6,42.49705872175155,92.52705637613933
0.9,12,60C__pu_foam_trial_1,60C,60.0,pu_foam,1,42.49705872175155,177.15687052408853
0.9,12,60C__pu_foam_trial_2,60C,60.0,pu_foam,2,42.49705872175155,873.2808634440104
0.9,12,60C__pu_foam_trial_3,60C,60.0,pu_foam,3,42.49705872175155,230.06494649251303
0.9,12,60C__pu_foam_trial_4,60C,60.0,pu_foam,4,42.49705872175155,150.93370564778647
0.9,12,60C__pu_foam_trial_5,60C,60.0,pu_foam,5,42.49705872175155,233.17236836751303
0.9,12,60C__pu_foam_trial_6,60C,60.0,pu_foam,6,42.49705872175155,262.28249104817706
0.9,13,30C__titanium_trial_1,30C,30.0,titanium,1,7184.0359269702985,9131.71728515625
0.9,13,30C__titanium_trial_2,30C,30.0,titanium,2,7184.0359269702985,5578.94091796875
0.9,13,30C__titanium_trial_3,30C,30.0,titanium,3,7184.0359269702985,6790.788736979167
0.9,13,30C__titanium_trial_4,30C,30.0,titanium,4,7184.0359269702985,5733.8544921875
0.9,13,30C__titanium_trial_5,30C,30.0,titanium,5,7184.0359269702985,11550.6259765625
0.9,13,30C__titanium_trial_6,30C,30.0,titanium,6,7184.0359269702985,4754.427734375
0.9,13,40C__titanium_trial_1,40C,40.0,titanium,1,7184.0359269702985,14893.346354166666
0.9,13,40C__titanium_trial_2,40C,40.0,titanium,2,7184.0359269702985,16582.9541015625
0.9,13,40C__titanium_trial_3,40C,40.0,titanium,3,7184.0359269702985,20886.1455078125
0.9,13,40C__titanium_trial_4,40C,40.0,titanium,4,7184.0359269702985,10321.720540364584
0.9,13,40C__titanium_trial_5,40C,40.0,titanium,5,7184.0359269702985,15355.421223958334
0.9,13,40C__titanium_trial_6,40C,40.0,titanium,6,7184.0359269702985,18009.149739583332
0.9,13,50C__titanium_trial_1,50C,50.0,titanium,1,7184.0359269702985,11171.998372395834
0.9,13,50C__titanium_trial_2,50C,50.0,titanium,2,7184.0359269702985,6398.1181640625
0.9,13,50C__titanium_trial_3,50C,50.0,titanium,3,7184.0359269702985,16613.919596354168
0.9,13,50C__titanium_trial_4,50C,50.0,titanium,4,7184.0359269702985,16859.179036458332
0.9,13,50C__titanium_trial_5,50C,50.0,titanium,5,7184.0359269702985,11340.999674479166
0.9,13,50C__titanium_trial_6,50C,50.0,titanium,6,7184.0359269702985,18545.108072916668
0.9,13,60C__titanium_trial_1,60C,60.0,titanium,1,7184.0359269702985,9606.55224609375
0.9,13,60C__titanium_trial_2,60C,60.0,titanium,2,7184.0359269702985,9130.775390625
0.9,13,60C__titanium_trial_3,60C,60.0,titanium,3,7184.0359269702985,8637.23828125
0.9,13,60C__titanium_trial_4,60C,60.0,titanium,4,7184.0359269702985,13369.171875
0.9,13,60C__titanium_trial_5,60C,60.0,titanium,5,7184.0359269702985,10679.47265625
0.9,13,60C__titanium_trial_6,60C,60.0,titanium,6,7184.0359269702985,13407.6630859375
0.9,14,30C__wood_trial_1,30C,30.0,wood,1,422.49260348555214,74.38571421305339
0.9,14,30C__wood_trial_2,30C,30.0,wood,2,422.49260348555214,192.52434285481772
0.9,14,30C__wood_trial_3,30C,30.0,wood,3,422.49260348555214,119.29754638671875
0.9,14,30C__wood_trial_4,30C,30.0,wood,4,422.49260348555214,76.37576166788737
0.9,14,30C__wood_trial_5,30C,30.0,wood,5,422.49260348555214,110.95999399820964
0.9,14,30C__wood_trial_6,30C,30.0,wood,6,422.49260348555214,182.01382954915366
0.9,14,40C__wood_trial_1,40C,40.0,wood,1,422.49260348555214,164.53582255045572
0.9,14,40C__wood_trial_2,40C,40.0,wood,2,422.49260348555214,189.38756306966147
0.9,14,40C__wood_trial_3,40C,40.0,wood,3,422.49260348555214,196.0327402750651
0.9,14,40C__wood_trial_4,40C,40.0,wood,4,422.49260348555214,103.98692576090495
0.9,14,40C__wood_trial_5,40C,40.0,wood,5,422.49260348555214,249.71924336751303
0.9,14,40C__wood_trial_6,40C,40.0,wood,6,422.49260348555214,233.9827880859375
0.9,14,50C__wood_trial_1,50C,50.0,wood,1,422.49260348555214,263.82433064778644
0.9,14,50C__wood_trial_2,50C,50.0,wood,2,422.49260348555214,345.6883850097656
0.9,14,50C__wood_trial_3,50C,50.0,wood,3,422.49260348555214,308.1866404215495
0.9,14,50C__wood_trial_4,50C,50.0,wood,4,422.49260348555214,291.0311279296875
0.9,14,50C__wood_trial_5,50C,50.0,wood,5,422.49260348555214,239.56471252441406
0.9,14,50C__wood_trial_6,50C,50.0,wood,6,422.49260348555214,249.91177876790366
0.9,14,60C__wood_trial_1,60C,60.0,wood,1,422.49260348555214,12576.611979166666
0.9,14,60C__wood_trial_2,60C,60.0,wood,2,422.49260348555214,7110.359130859375
0.9,14,60C__wood_trial_3,60C,60.0,wood,3,422.49260348555214,7601.294921875
0.9,14,60C__wood_trial_4,60C,60.0,wood,4,422.49260348555214,9305.421875
0.9,14,60C__wood_trial_5,60C,60.0,wood,5,422.49260348555214,4841.537841796875
0.9,14,60C__wood_trial_6,60C,60.0,wood,6,422.49260348555214,779.6366068522135
1.0,1,30C__aluminum_trial_1,30C,30.0,aluminum,1,23958.09466547789,16542.1162109375
1.0,1,30C__aluminum_trial_2,30C,30.0,aluminum,2,23958.09466547789,18958.1513671875
1.0,1,30C__aluminum_trial_3,30C,30.0,aluminum,3,23958.09466547789,9190.04052734375
1.0,1,30C__aluminum_trial_4,30C,30.0,aluminum,4,23958.09466547789,14530.027994791666
1.0,1,30C__aluminum_trial_5,30C,30.0,aluminum,5,23958.09466547789,13112.858723958334
1.0,1,30C__aluminum_trial_6,30C,30.0,aluminum,6,23958.09466547789,13884.368815104166
1.0,1,40C__aluminum_trial_1,40C,40.0,aluminum,1,23958.09466547789,16804.906575520832
1.0,1,40C__aluminum_trial_2,40C,40.0,aluminum,2,23958.09466547789,8186.376708984375
1.0,1,40C__aluminum_trial_3,40C,40.0,aluminum,3,23958.09466547789,26229.348307291668
1.0,1,40C__aluminum_trial_4,40C,40.0,aluminum,4,23958.09466547789,12360.044270833334
1.0,1,40C__aluminum_trial_5,40C,40.0,aluminum,5,23958.09466547789,11680.063802083334
1.0,1,40C__aluminum_trial_6,40C,40.0,aluminum,6,23958.09466547789,10421.478515625
1.0,1,50C__aluminum_trial_1,50C,50.0,aluminum,1,23958.09466547789,17855.303059895832
1.0,1,50C__aluminum_trial_2,50C,50.0,aluminum,2,23958.09466547789,10230.738118489584
1.0,1,50C__aluminum_trial_3,50C,50.0,aluminum,3,23958.09466547789,16542.04296875
1.0,1,50C__aluminum_trial_4,50C,50.0,aluminum,4,23958.09466547789,19410.970052083332
1.0,1,50C__aluminum_trial_5,50C,50.0,aluminum,5,23958.09466547789,10510.361328125
1.0,1,50C__aluminum_trial_6,50C,50.0,aluminum,6,23958.09466547789,19660.027994791668
1.0,1,60C__aluminum_trial_1,60C,60.0,aluminum,1,23958.09466547789,11147.565755208334
1.0,1,60C__aluminum_trial_2,60C,60.0,aluminum,2,23958.09466547789,13774.0302734375
1.0,1,60C__aluminum_trial_3,60C,60.0,aluminum,3,23958.09466547789,9931.96826171875
1.0,1,60C__aluminum_trial_4,60C,60.0,aluminum,4,23958.09466547789,12017.109700520834
1.0,1,60C__aluminum_trial_5,60C,60.0,aluminum,5,23958.09466547789,15342.848958333334
1.0,1,60C__aluminum_trial_6,60C,60.0,aluminum,6,23958.09466547789,16026.642578125
1.0,2,30C__bismuth_trial_1,30C,30.0,bismuth,1,3209.1026783199068,9598.209635416666
1.0,2,30C__bismuth_trial_2,30C,30.0,bismuth,2,3209.1026783199068,5085.9468180338545
1.0,2,30C__bismuth_trial_3,30C,30.0,bismuth,3,3209.1026783199068,4371.136881510417
1.0,2,30C__bismuth_trial_4,30C,30.0,bismuth,4,3209.1026783199068,11725.755859375
1.0,2,30C__bismuth_trial_5,30C,30.0,bismuth,5,3209.1026783199068,8166.26953125
1.0,2,30C__bismuth_trial_6,30C,30.0,bismuth,6,3209.1026783199068,11748.386067708334
1.0,2,40C__bismuth_trial_1,40C,40.0,bismuth,1,3209.1026783199068,15856.317708333334
1.0,2,40C__bismuth_trial_2,40C,40.0,bismuth,2,3209.1026783199068,13720.063802083334
1.0,2,40C__bismuth_trial_3,40C,40.0,bismuth,3,3209.1026783199068,11346.956705729166
1.0,2,40C__bismuth_trial_4,40C,40.0,bismuth,4,3209.1026783199068,12117.357421875
1.0,2,40C__bismuth_trial_5,40C,40.0,bismuth,5,3209.1026783199068,14842.048502604166
1.0,2,40C__bismuth_trial_6,40C,40.0,bismuth,6,3209.1026783199068,14037.834309895834
1.0,2,50C__bismuth_trial_1,50C,50.0,bismuth,1,3209.1026783199068,9814.537760416666
1.0,2,50C__bismuth_trial_2,50C,50.0,bismuth,2,3209.1026783199068,11313.4169921875
1.0,2,50C__bismuth_trial_3,50C,50.0,bismuth,3,3209.1026783199068,16976.013671875
1.0,2,50C__bismuth_trial_4,50C,50.0,bismuth,4,3209.1026783199068,14742.688151041666
1.0,2,50C__bismuth_trial_5,50C,50.0,bismuth,5,3209.1026783199068,12047.205729166666
1.0,2,50C__bismuth_trial_6,50C,50.0,bismuth,6,3209.1026783199068,13018.696940104166
1.0,2,60C__bismuth_trial_1,60C,60.0,bismuth,1,3209.1026783199068,11280.8212890625
1.0,2,60C__bismuth_trial_2,60C,60.0,bismuth,2,3209.1026783199068,12258.4208984375
1.0,2,60C__bismuth_trial_3,60C,60.0,bismuth,3,3209.1026783199068,12759.880859375
1.0,2,60C__bismuth_trial_4,60C,60.0,bismuth,4,3209.1026783199068,15771.356770833334
1.0,2,60C__bismuth_trial_5,60C,60.0,bismuth,5,3209.1026783199068,9716.694661458334
1.0,2,60C__bismuth_trial_6,60C,60.0,bismuth,6,3209.1026783199068,14623.9228515625
1.0,3,30C__cement_trial_1,30C,30.0,cement,1,559.6427431853289,469.8282877604167
1.0,3,30C__cement_trial_2,30C,30.0,cement,2,559.6427431853289,484.4787292480469
1.0,3,30C__cement_trial_3,30C,30.0,cement,3,559.6427431853289,545.8344116210938
1.0,3,30C__cement_trial_4,30C,30.0,cement,4,559.6427431853289,490.6756286621094
1.0,3,30C__cement_trial_5,30C,30.0,cement,5,559.6427431853289,596.4432983398438
1.0,3,30C__cement_trial_6,30C,30.0,cement,6,559.6427431853289,494.25926717122394
1.0,3,40C__cement_trial_1,40C,40.0,cement,1,559.6427431853289,354.0756327311198
1.0,3,40C__cement_trial_2,40C,40.0,cement,2,559.6427431853289,434.9696960449219
1.0,3,40C__cement_trial_3,40C,40.0,cement,3,559.6427431853289,281.35463460286456
1.0,3,40C__cement_trial_4,40C,40.0,cement,4,559.6427431853289,711.6043904622396
1.0,3,40C__cement_trial_5,40C,40.0,cement,5,559.6427431853289,541.0709431966146
1.0,3,40C__cement_trial_6,40C,40.0,cement,6,559.6427431853289,415.28746541341144
1.0,3,50C__cement_trial_1,50C,50.0,cement,1,559.6427431853289,420.2246805826823
1.0,3,50C__cement_trial_2,50C,50.0,cement,2,559.6427431853289,301.13494873046875
1.0,3,50C__cement_trial_3,50C,50.0,cement,3,559.6427431853289,413.5132548014323
1.0,3,50C__cement_trial_4,50C,50.0,cement,4,559.6427431853289,305.91290283203125
1.0,3,50C__cement_trial_5,50C,50.0,cement,5,559.6427431853289,561.419911702474
1.0,3,50C__cement_trial_6,50C,50.0,cement,6,559.6427431853289,729.7465209960938
1.0,3,60C__cement_trial_1,60C,60.0,cement,1,559.6427431853289,1068.4760131835938
1.0,3,60C__cement_trial_2,60C,60.0,cement,2,559.6427431853289,717.949951171875
1.0,3,60C__cement_trial_3,60C,60.0,cement,3,559.6427431853289,882.2399088541666
1.0,3,60C__cement_trial_4,60C,60.0,cement,4,559.6427431853289,727.5669759114584
1.0,3,60C__cement_trial_5,60C,60.0,cement,5,559.6427431853289,806.8302408854166
1.0,3,60C__cement_trial_6,60C,60.0,cement,6,559.6427431853289,797.1392415364584
1.0,4,30C__copper_trial_1,30C,30.0,copper,1,37192.601414797544,1998.7274169921875
1.0,4,30C__copper_trial_2,30C,30.0,copper,2,37192.601414797544,16665.669270833332
1.0,4,30C__copper_trial_3,30C,30.0,copper,3,37192.601414797544,15883.700846354166
1.0,4,30C__copper_trial_4,30C,30.0,copper,4,37192.601414797544,16434.6611328125
1.0,4,30C__copper_trial_5,30C,30.0,copper,5,37192.601414797544,14635.037434895834
1.0,4,30C__copper_trial_6,30C,30.0,copper,6,37192.601414797544,12723.879231770834
1.0,4,40C__copper_trial_1,40C,40.0,copper,1,37192.601414797544,18466.828125
1.0,4,40C__copper_trial_2,40C,40.0,copper,2,37192.601414797544,11314.341145833334
1.0,4,40C__copper_trial_3,40C,40.0,copper,3,37192.601414797544,14834.896809895834
1.0,4,40C__copper_trial_4,40C,40.0,copper,4,37192.601414797544,9270.788411458334
1.0,4,40C__copper_trial_5,40C,40.0,copper,5,37192.601414797544,7965.016927083333
1.0,4,40C__copper_trial_6,40C,40.0,copper,6,37192.601414797544,6639.193522135417
1.0,4,50C__copper_trial_1,50C,50.0,copper,1,37192.601414797544,7212.328125
1.0,4,50C__copper_trial_2,50C,50.0,copper,2,37192.601414797544,12582.801432291666
1.0,4,50C__copper_trial_3,50C,50.0,copper,3,37192.601414797544,9764.7978515625
1.0,4,50C__copper_trial_4,50C,50.0,copper,4,37192.601414797544,10276.753255208334
1.0,4,50C__copper_trial_5,50C,50.0,copper,5,37192.601414797544,10343.737955729166
1.0,4,50C__copper_trial_6,50C,50.0,copper,6,37192.601414797544,8614.8662109375
1.0,4,60C__copper_trial_1,60C,60.0,copper,1,37192.601414797544,12843.740234375
1.0,4,60C__copper_trial_2,60C,60.0,copper,2,37192.601414797544,20097.114583333332
1.0,4,60C__copper_trial_3,60C,60.0,copper,3,37192.601414797544,16389.2685546875
1.0,4,60C__copper_trial_4,60C,60.0,copper,4,37192.601414797544,20134.717447916668
1.0,4,60C__copper_trial_5,60C,60.0,copper,5,37192.601414797544,13749.461263020834
1.0,4,60C__copper_trial_6,60C,60.0,copper,6,37192.601414797544,12982.791666666666
1.0,5,30C__cork_trial_1,30C,30.0,cork,1,136.29380029920657,167.7831776936849
1.0,5,30C__cork_trial_2,30C,30.0,cork,2,136.29380029920657,73.88686752319336
1.0,5,30C__cork_trial_3,30C,30.0,cork,3,136.29380029920657,65.04074605305989
1.0,5,30C__cork_trial_4,30C,30.0,cork,4,136.29380029920657,47.661643981933594
1.0,5,30C__cork_trial_5,30C,30.0,cork,5,136.29380029920657,64.59359868367513
1.0,5,30C__cork_trial_6,30C,30.0,cork,6,136.29380029920657,67.04468536376953
1.0,5,40C__cork_trial_1,40C,40.0,cork,1,136.29380029920657,79.55396525065105
1.0,5,40C__cork_trial_2,40C,40.0,cork,2,136.29380029920657,74.0110855102539
1.0,5,40C__cork_trial_3,40C,40.0,cork,3,136.29380029920657,82.39283498128255
1.0,5,40C__cork_trial_4,40C,40.0,cork,4,136.29380029920657,76.24682744344075
1.0,5,40C__cork_trial_5,40C,40.0,cork,5,136.29380029920657,36.1315578537483
1.0,5,40C__cork_trial_6,40C,40.0,cork,6,136.29380029920657,36.88215783821041
1.0,5,50C__cork_trial_1,50C,50.0,cork,1,136.29380029920657,473.3945719401042
1.0,5,50C__cork_trial_2,50C,50.0,cork,2,136.29380029920657,450.9114481608073
1.0,5,50C__cork_trial_3,50C,50.0,cork,3,136.29380029920657,451.9489440917969
1.0,5,50C__cork_trial_4,50C,50.0,cork,4,136.29380029920657,299.1364339192708
1.0,5,50C__cork_trial_5,50C,50.0,cork,5,136.29380029920657,435.74151611328125
1.0,5,50C__cork_trial_6,50C,50.0,cork,6,136.29380029920657,408.2268778483073
1.0,5,60C__cork_trial_1,60C,60.0,cork,1,136.29380029920657,346.1885986328125
1.0,5,60C__cork_trial_2,60C,60.0,cork,2,136.29380029920657,354.05066935221356
1.0,5,60C__cork_trial_3,60C,60.0,cork,3,136.29380029920657,314.81117757161456
1.0,5,60C__cork_trial_4,60C,60.0,cork,4,136.29380029920657,325.47361246744794
1.0,5,60C__cork_trial_5,60C,60.0,cork,5,136.29380029920657,420.52808634440106
1.0,5,60C__cork_trial_6,60C,60.0,cork,6,136.29380029920657,346.1401875813802
1.0,6,30C__graphite_trial_1,30C,30.0,graphite,1,11367.497525840945,11869.910481770834
1.0,6,30C__graphite_trial_2,30C,30.0,graphite,2,11367.497525840945,3565.2792154947915
1.0,6,30C__graphite_trial_3,30C,30.0,graphite,3,11367.497525840945,1677.9771728515625
1.0,6,30C__graphite_trial_4,30C,30.0,graphite,4,11367.497525840945,5124.223876953125
1.0,6,30C__graphite_trial_5,30C,30.0,graphite,5,11367.497525840945,4904.272623697917
1.0,6,30C__graphite_trial_6,30C,30.0,graphite,6,11367.497525840945,3468.6272786458335
1.0,6,40C__graphite_trial_1,40C,40.0,graphite,1,11367.497525840945,9346.4599609375
1.0,6,40C__graphite_trial_2,40C,40.0,graphite,2,11367.497525840945,12770.182942708334
1.0,6,40C__graphite_trial_3,40C,40.0,graphite,3,11367.497525840945,5154.991861979167
1.0,6,40C__graphite_trial_4,40C,40.0,graphite,4,11367.497525840945,10521.439127604166
1.0,6,40C__graphite_trial_5,40C,40.0,graphite,5,11367.497525840945,3709.1875813802085
1.0,6,40C__graphite_trial_6,40C,40.0,graphite,6,11367.497525840945,8567.496256510416
1.0,6,50C__graphite_trial_1,50C,50.0,graphite,1,11367.497525840945,19441.432942708332
1.0,6,50C__graphite_trial_2,50C,50.0,graphite,2,11367.497525840945,14460.559244791666
1.0,6,50C__graphite_trial_3,50C,50.0,graphite,3,11367.497525840945,13519.84375
1.0,6,50C__graphite_trial_4,50C,50.0,graphite,4,11367.497525840945,18830.630533854168
1.0,6,50C__graphite_trial_5,50C,50.0,graphite,5,11367.497525840945,6142.640299479167
1.0,6,50C__graphite_trial_6,50C,50.0,graphite,6,11367.497525840945,11647.228841145834
1.0,6,60C__graphite_trial_1,60C,60.0,graphite,1,11367.497525840945,9555.355143229166
1.0,6,60C__graphite_trial_2,60C,60.0,graphite,2,11367.497525840945,12574.0693359375
1.0,6,60C__graphite_trial_3,60C,60.0,graphite,3,11367.497525840945,10237.856119791666
1.0,6,60C__graphite_trial_4,60C,60.0,graphite,4,11367.497525840945,16146.992838541666
1.0,6,60C__graphite_trial_5,60C,60.0,graphite,5,11367.497525840945,10307.915690104166
1.0,6,60C__graphite_trial_6,60C,60.0,graphite,6,11367.497525840945,14749.699544270834
1.0,7,30C__gypsum_trial_1,30C,30.0,gypsum,1,385.01948002666046,301.38623046875
1.0,7,30C__gypsum_trial_2,30C,30.0,gypsum,2,385.01948002666046,276.2367451985677
1.0,7,30C__gypsum_trial_3,30C,30.0,gypsum,3,385.01948002666046,276.5320587158203
1.0,7,30C__gypsum_trial_4,30C,30.0,gypsum,4,385.01948002666046,224.09222412109375
1.0,7,30C__gypsum_trial_5,30C,30.0,gypsum,5,385.01948002666046,274.9293263753255
1.0,7,30C__gypsum_trial_6,30C,30.0,gypsum,6,385.01948002666046,197.84908548990884
1.0,7,40C__gypsum_trial_1,40C,40.0,gypsum,1,385.01948002666046,286.434331258138
1.0,7,40C__gypsum_trial_2,40C,40.0,gypsum,2,385.01948002666046,208.41207885742188
1.0,7,40C__gypsum_trial_3,40C,40.0,gypsum,3,385.01948002666046,253.8994394938151
1.0,7,40C__gypsum_trial_4,40C,40.0,gypsum,4,385.01948002666046,431.6699930826823
1.0,7,40C__gypsum_trial_5,40C,40.0,gypsum,5,385.01948002666046,684.4617919921875
1.0,7,40C__gypsum_trial_6,40C,40.0,gypsum,6,385.01948002666046,532.0363362630209
1.0,7,50C__gypsum_trial_1,50C,50.0,gypsum,1,385.01948002666046,638.3869018554688
1.0,7,50C__gypsum_trial_2,50C,50.0,gypsum,2,385.01948002666046,636.3838500976562
1.0,7,50C__gypsum_trial_3,50C,50.0,gypsum,3,385.01948002666046,862.3874715169271
1.0,7,50C__gypsum_trial_4,50C,50.0,gypsum,4,385.01948002666046,712.2864379882812
1.0,7,50C__gypsum_trial_5,50C,50.0,gypsum,5,385.01948002666046,889.0961100260416
1.0,7,50C__gypsum_trial_6,50C,50.0,gypsum,6,385.01948002666046,550.5219014485677
1.0,7,60C__gypsum_trial_1,60C,60.0,gypsum,1,385.01948002666046,2944.162109375
1.0,7,60C__gypsum_trial_2,60C,60.0,gypsum,2,385.01948002666046,1257.0443929036458
1.0,7,60C__gypsum_trial_3,60C,60.0,gypsum,3,385.01948002666046,1518.4990641276042
1.0,7,60C__gypsum_trial_4,60C,60.0,gypsum,4,385.01948002666046,2673.14111328125
1.0,7,60C__gypsum_trial_5,60C,60.0,gypsum,5,385.01948002666046,3064.7950846354165
1.0,7,60C__gypsum_trial_6,60C,60.0,gypsum,6,385.01948002666046,2235.497314453125
1.0,8,30C__iron_trial_1,30C,30.0,iron,1,16859.663413010356,9528.556966145834
1.0,8,30C__iron_trial_2,30C,30.0,iron,2,16859.663413010356,23732.159505208332
1.0,8,30C__iron_trial_3,30C,30.0,iron,3,16859.663413010356,15691.050455729166
1.0,8,30C__iron_trial_4,30C,30.0,iron,4,16859.663413010356,20575.990885416668
1.0,8,30C__iron_trial_5,30C,30.0,iron,5,16859.663413010356,16748.12890625
1.0,8,30C__iron_trial_6,30C,30.0,iron,6,16859.663413010356,12211.008463541666
1.0,8,40C__iron_trial_1,40C,40.0,iron,1,16859.663413010356,13707.659830729166
1.0,8,40C__iron_trial_2,40C,40.0,iron,2,16859.663413010356,9780.976888020834
1.0,8,40C__iron_trial_3,40C,40.0,iron,3,16859.663413010356,10245.3466796875
1.0,8,40C__iron_trial_4,40C,40.0,iron,4,16859.663413010356,6658.943684895833
1.0,8,40C__iron_trial_5,40C,40.0,iron,5,16859.663413010356,14454.568359375
1.0,8,40C__iron_trial_6,40C,40.0,iron,6,16859.663413010356,13649.9619140625
1.0,8,50C__iron_trial_1,50C,50.0,iron,1,16859.663413010356,13562.541666666666
1.0,8,50C__iron_trial_2,50C,50.0,iron,2,16859.663413010356,17459.362630208332
1.0,8,50C__iron_trial_3,50C,50.0,iron,3,16859.663413010356,11139.41796875
1.0,8,50C__iron_trial_4,50C,50.0,iron,4,16859.663413010356,16955.2412109375
1.0,8,50C__iron_trial_5,50C,50.0,iron,5,16859.663413010356,20663.146158854168
1.0,8,50C__iron_trial_6,50C,50.0,iron,6,16859.663413010356,23666.632161458332
1.0,8,60C__iron_trial_1,60C,60.0,iron,1,16859.663413010356,29568.880208333332
1.0,8,60C__iron_trial_2,60C,60.0,iron,2,16859.663413010356,20127.538411458332
1.0,8,60C__iron_trial_3,60C,60.0,iron,3,16859.663413010356,18259.777994791668
1.0,8,60C__iron_trial_4,60C,60.0,iron,4,16859.663413010356,15873.09765625
1.0,8,60C__iron_trial_5,60C,60.0,iron,5,16859.663413010356,17446.843098958332
1.0,8,60C__iron_trial_6,60C,60.0,iron,6,16859.663413010356,24537.517578125
1.0,9,30C__nickel_trial_1,30C,30.0,nickel,1,19320.68449098013,11398.366861979166
1.0,9,30C__nickel_trial_2,30C,30.0,nickel,2,19320.68449098013,14575.662434895834
1.0,9,30C__nickel_trial_3,30C,30.0,nickel,3,19320.68449098013,18500.175455729168
1.0,9,30C__nickel_trial_4,30C,30.0,nickel,4,19320.68449098013,10441.591471354166
1.0,9,30C__nickel_trial_5,30C,30.0,nickel,5,19320.68449098013,19551.987630208332
1.0,9,30C__nickel_trial_6,30C,30.0,nickel,6,19320.68449098013,22819.309895833332
1.0,9,40C__nickel_trial_1,40C,40.0,nickel,1,19320.68449098013,6307.23095703125
1.0,9,40C__nickel_trial_2,40C,40.0,nickel,2,19320.68449098013,6621.66064453125
1.0,9,40C__nickel_trial_3,40C,40.0,nickel,3,19320.68449098013,14209.334309895834
1.0,9,40C__nickel_trial_4,40C,40.0,nickel,4,19320.68449098013,15183.601236979166
1.0,9,40C__nickel_trial_5,40C,40.0,nickel,5,19320.68449098013,11900.270833333334
1.0,9,40C__nickel_trial_6,40C,40.0,nickel,6,19320.68449098013,9907.319010416666
1.0,9,50C__nickel_trial_1,50C,50.0,nickel,1,19320.68449098013,11208.707682291666
1.0,9,50C__nickel_trial_2,50C,50.0,nickel,2,19320.68449098013,11913.440104166666
1.0,9,50C__nickel_trial_3,50C,50.0,nickel,3,19320.68449098013,13615.8837890625
1.0,9,50C__nickel_trial_4,50C,50.0,nickel,4,19320.68449098013,12940.21484375
1.0,9,50C__nickel_trial_5,50C,50.0,nickel,5,19320.68449098013,8263.111002604166
1.0,9,50C__nickel_trial_6,50C,50.0,nickel,6,19320.68449098013,16355.566731770834
1.0,9,60C__nickel_trial_1,60C,60.0,nickel,1,19320.68449098013,9552.988606770834
1.0,9,60C__nickel_trial_2,60C,60.0,nickel,2,19320.68449098013,20971.127604166668
1.0,9,60C__nickel_trial_3,60C,60.0,nickel,3,19320.68449098013,15415.902994791666
1.0,9,60C__nickel_trial_4,60C,60.0,nickel,4,19320.68449098013,26168.367838541668
1.0,9,60C__nickel_trial_5,60C,60.0,nickel,5,19320.68449098013,21900.190104166668
1.0,9,60C__nickel_trial_6,60C,60.0,nickel,6,19320.68449098013,22970.482421875
1.0,10,30C__pdms_trial_1,30C,30.0,pdms,1,460.90129095067635,226.44971720377603
1.0,10,30C__pdms_trial_2,30C,30.0,pdms,2,460.90129095067635,116.15364583333333
1.0,10,30C__pdms_trial_3,30C,30.0,pdms,3,460.90129095067635,134.37222290039062
1.0,10,30C__pdms_trial_4,30C,30.0,pdms,4,460.90129095067635,53.116817474365234
1.0,10,30C__pdms_trial_5,30C,30.0,pdms,5,460.90129095067635,134.90384674072266
1.0,10,30C__pdms_trial_6,30C,30.0,pdms,6,460.90129095067635,85.5324478149414
1.0,10,40C__pdms_trial_1,40C,40.0,pdms,1,460.90129095067635,421.08705647786456
1.0,10,40C__pdms_trial_2,40C,40.0,pdms,2,460.90129095067635,474.5833740234375
1.0,10,40C__pdms_trial_3,40C,40.0,pdms,3,460.90129095067635,414.2855224609375
1.0,10,40C__pdms_trial_4,40C,40.0,pdms,4,460.90129095067635,388.01890055338544
1.0,10,40C__pdms_trial_5,40C,40.0,pdms,5,460.90129095067635,212.24242655436197
1.0,10,40C__pdms_trial_6,40C,40.0,pdms,6,460.90129095067635,376.70826212565106
1.0,10,50C__pdms_trial_1,50C,50.0,pdms,1,460.90129095067635,247.02689615885416
1.0,10,50C__pdms_trial_2,50C,50.0,pdms,2,460.90129095067635,161.71621958414713
1.0,10,50C__pdms_trial_3,50C,50.0,pdms,3,460.90129095067635,389.07273356119794
1.0,10,50C__pdms_trial_4,50C,50.0,pdms,4,460.90129095067635,405.1123962402344
1.0,10,50C__pdms_trial_5,50C,50.0,pdms,5,460.90129095067635,262.2149302164714
1.0,10,50C__pdms_trial_6,50C,50.0,pdms,6,460.90129095067635,298.6426595052083
1.0,10,60C__pdms_trial_1,60C,60.0,pdms,1,460.90129095067635,624.6753845214844
1.0,10,60C__pdms_trial_2,60C,60.0,pdms,2,460.90129095067635,408.64588419596356
1.0,10,60C__pdms_trial_3,60C,60.0,pdms,3,460.90129095067635,495.242919921875
1.0,10,60C__pdms_trial_4,60C,60.0,pdms,4,460.90129095067635,276.4730529785156
1.0,10,60C__pdms_trial_5,60C,60.0,pdms,5,460.90129095067635,219.13929748535156
1.0,10,60C__pdms_trial_6,60C,60.0,pdms,6,460.90129095067635,157.99415079752603
1.0,11,30C__ps_foam_trial_1,30C,30.0,ps_foam,1,34.496376621320685,401.4430643717448
1.0,11,30C__ps_foam_trial_2,30C,30.0,ps_foam,2,34.496376621320685,446.0019022623698
1.0,11,30C__ps_foam_trial_3,30C,30.0,ps_foam,3,34.496376621320685,389.03216044108075
1.0,11,30C__ps_foam_trial_4,30C,30.0,ps_foam,4,34.496376621320685,270.1348622639974
1.0,11,30C__ps_foam_trial_5,30C,30.0,ps_foam,5,34.496376621320685,166.3822275797526
1.0,11,30C__ps_foam_trial_6,30C,30.0,ps_foam,6,34.496376621320685,206.2322998046875
1.0,11,40C__ps_foam_trial_1,40C,40.0,ps_foam,1,34.496376621320685,52.68091837565104
1.0,11,40C__ps_foam_trial_2,40C,40.0,ps_foam,2,34.496376621320685,51.82951990763346
1.0,11,40C__ps_foam_trial_3,40C,40.0,ps_foam,3,34.496376621320685,49.08815002441406
1.0,11,40C__ps_foam_trial_4,40C,40.0,ps_foam,4,34.496376621320685,746.5385437011719
1.0,11,40C__ps_foam_trial_5,40C,40.0,ps_foam,5,34.496376621320685,107.31805165608723
1.0,11,40C__ps_foam_trial_6,40C,40.0,ps_foam,6,34.496376621320685,104.13530985514323
1.0,11,50C__ps_foam_trial_1,50C,50.0,ps_foam,1,34.496376621320685,52.10142389933268
1.0,11,50C__ps_foam_trial_2,50C,50.0,ps_foam,2,34.496376621320685,67.91724522908528
1.0,11,50C__ps_foam_trial_3,50C,50.0,ps_foam,3,34.496376621320685,54.75456110636393
1.0,11,50C__ps_foam_trial_4,50C,50.0,ps_foam,4,34.496376621320685,50.343159993489586
1.0,11,50C__ps_foam_trial_5,50C,50.0,ps_foam,5,34.496376621320685,64.58922958374023
1.0,11,50C__ps_foam_trial_6,50C,50.0,ps_foam,6,34.496376621320685,52.72946421305338
1.0,11,60C__ps_foam_trial_1,60C,60.0,ps_foam,1,34.496376621320685,273.8328348795573
1.0,11,60C__ps_foam_trial_2,60C,60.0,ps_foam,2,34.496376621320685,273.68364969889325
1.0,11,60C__ps_foam_trial_3,60C,60.0,ps_foam,3,34.496376621320685,232.6342010498047
1.0,11,60C__ps_foam_trial_4,60C,60.0,ps_foam,4,34.496376621320685,171.29827372233072
1.0,11,60C__ps_foam_trial_5,60C,60.0,ps_foam,5,34.496376621320685,409.46788533528644
1.0,11,60C__ps_foam_trial_6,60C,60.0,ps_foam,6,34.496376621320685,353.2390543619792
1.0,12,30C__pu_foam_trial_1,30C,30.0,pu_foam,1,42.49705872175155,137.06429799397787
1.0,12,30C__pu_foam_trial_2,30C,30.0,pu_foam,2,42.49705872175155,88.50845845540364
1.0,12,30C__pu_foam_trial_3,30C,30.0,pu_foam,3,42.49705872175155,234.39646911621094
1.0,12,30C__pu_foam_trial_4,30C,30.0,pu_foam,4,42.49705872175155,186.2626749674479
1.0,12,30C__pu_foam_trial_5,30C,30.0,pu_foam,5,42.49705872175155,264.7989857991536
1.0,12,30C__pu_foam_trial_6,30C,30.0,pu_foam,6,42.49705872175155,88.07166544596355
1.0,12,40C__pu_foam_trial_1,40C,40.0,pu_foam,1,42.49705872175155,86.71598561604817
1.0,12,40C__pu_foam_trial_2,40C,40.0,pu_foam,2,42.49705872175155,110.67646026611328
1.0,12,40C__pu_foam_trial_3,40C,40.0,pu_foam,3,42.49705872175155,117.56893920898438
1.0,12,40C__pu_foam_trial_4,40C,40.0,pu_foam,4,42.49705872175155,72.23675918579102
1.0,12,40C__pu_foam_trial_5,40C,40.0,pu_foam,5,42.49705872175155,36.22057381444166
1.0,12,40C__pu_foam_trial_6,40C,40.0,pu_foam,6,42.49705872175155,46.423258463541664
1.0,12,50C__pu_foam_trial_1,50C,50.0,pu_foam,1,42.49705872175155,111.75440979003906
1.0,12,50C__pu_foam_trial_2,50C,50.0,pu_foam,2,42.49705872175155,95.54893747965495
1.0,12,50C__pu_foam_trial_3,50C,50.0,pu_foam,3,42.49705872175155,106.59229278564453
1.0,12,50C__pu_foam_trial_4,50C,50.0,pu_foam,4,42.49705872175155,73.70488739013672
1.0,12,50C__pu_foam_trial_5,50C,50.0,pu_foam,5,42.49705872175155,79.25160471598308
1.0,12,50C__pu_foam_trial_6,50C,50.0,pu_foam,6,42.49705872175155,104.292724609375
1.0,12,60C__pu_foam_trial_1,60C,60.0,pu_foam,1,42.49705872175155,169.60921223958334
1.0,12,60C__pu_foam_trial_2,60C,60.0,pu_foam,2,42.49705872175155,746.4249572753906
1.0,12,60C__pu_foam_trial_3,60C,60.0,pu_foam,3,42.49705872175155,345.7062479654948
1.0,12,60C__pu_foam_trial_4,60C,60.0,pu_foam,4,42.49705872175155,176.5772908528646
1.0,12,60C__pu_foam_trial_5,60C,60.0,pu_foam,5,42.49705872175155,242.67205301920572
1.0,12,60C__pu_foam_trial_6,60C,60.0,pu_foam,6,42.49705872175155,250.93745930989584
1.0,13,30C__titanium_trial_1,30C,30.0,titanium,1,7184.0359269702985,7997.944173177083
1.0,13,30C__titanium_trial_2,30C,30.0,titanium,2,7184.0359269702985,6278.394205729167
1.0,13,30C__titanium_trial_3,30C,30.0,titanium,3,7184.0359269702985,4895.479817708333
1.0,13,30C__titanium_trial_4,30C,30.0,titanium,4,7184.0359269702985,5512.9521484375
1.0,13,30C__titanium_trial_5,30C,30.0,titanium,5,7184.0359269702985,7577.71337890625
1.0,13,30C__titanium_trial_6,30C,30.0,titanium,6,7184.0359269702985,4501.836181640625
1.0,13,40C__titanium_trial_1,40C,40.0,titanium,1,7184.0359269702985,13349.887369791666
1.0,13,40C__titanium_trial_2,40C,40.0,titanium,2,7184.0359269702985,13896.476888020834
1.0,13,40C__titanium_trial_3,40C,40.0,titanium,3,7184.0359269702985,20172.486979166668
1.0,13,40C__titanium_trial_4,40C,40.0,titanium,4,7184.0359269702985,9203.991536458334
1.0,13,40C__titanium_trial_5,40C,40.0,titanium,5,7184.0359269702985,15546.867838541666
1.0,13,40C__titanium_trial_6,40C,40.0,titanium,6,7184.0359269702985,18030.442708333332
1.0,13,50C__titanium_trial_1,50C,50.0,titanium,1,7184.0359269702985,14513.637369791666
1.0,13,50C__titanium_trial_2,50C,50.0,titanium,2,7184.0359269702985,7004.7138671875
1.0,13,50C__titanium_trial_3,50C,50.0,titanium,3,7184.0359269702985,15402.773763020834
1.0,13,50C__titanium_trial_4,50C,50.0,titanium,4,7184.0359269702985,15057.166015625
1.0,13,50C__titanium_trial_5,50C,50.0,titanium,5,7184.0359269702985,9037.150227864584
1.0,13,50C__titanium_trial_6,50C,50.0,titanium,6,7184.0359269702985,20494.6328125
1.0,13,60C__titanium_trial_1,60C,60.0,titanium,1,7184.0359269702985,9588.987141927084
1.0,13,60C__titanium_trial_2,60C,60.0,titanium,2,7184.0359269702985,10766.936848958334
1.0,13,60C__titanium_trial_3,60C,60.0,titanium,3,7184.0359269702985,8989.838216145834
1.0,13,60C__titanium_trial_4,60C,60.0,titanium,4,7184.0359269702985,13753.587565104166
1.0,13,60C__titanium_trial_5,60C,60.0,titanium,5,7184.0359269702985,12094.1298828125
1.0,13,60C__titanium_trial_6,60C,60.0,titanium,6,7184.0359269702985,13962.527018229166
1.0,14,30C__wood_trial_1,30C,30.0,wood,1,422.49260348555214,75.73008219401042
1.0,14,30C__wood_trial_2,30C,30.0,wood,2,422.49260348555214,179.2122344970703
1.0,14,30C__wood_trial_3,30C,30.0,wood,3,422.49260348555214,145.0499725341797
1.0,14,30C__wood_trial_4,30C,30.0,wood,4,422.49260348555214,68.49405670166016
1.0,14,30C__wood_trial_5,30C,30.0,wood,5,422.49260348555214,141.4941609700521
1.0,14,30C__wood_trial_6,30C,30.0,wood,6,422.49260348555214,216.74731953938803
1.0,14,40C__wood_trial_1,40C,40.0,wood,1,422.49260348555214,172.82645670572916
1.0,14,40C__wood_trial_2,40C,40.0,wood,2,422.49260348555214,183.8626963297526
1.0,14,40C__wood_trial_3,40C,40.0,wood,3,422.49260348555214,172.40926615397134
1.0,14,40C__wood_trial_4,40C,40.0,wood,4,422.49260348555214,109.81045786539714
1.0,14,40C__wood_trial_5,40C,40.0,wood,5,422.49260348555214,249.55640157063803
1.0,14,40C__wood_trial_6,40C,40.0,wood,6,422.49260348555214,221.21703592936197
1.0,14,50C__wood_trial_1,50C,50.0,wood,1,422.49260348555214,249.40354919433594
1.0,14,50C__wood_trial_2,50C,50.0,wood,2,422.49260348555214,324.9014485677083
1.0,14,50C__wood_trial_3,50C,50.0,wood,3,422.49260348555214,279.8960774739583
1.0,14,50C__wood_trial_4,50C,50.0,wood,4,422.49260348555214,267.64776611328125
1.0,14,50C__wood_trial_5,50C,50.0,wood,5,422.49260348555214,212.85051472981772
1.0,14,50C__wood_trial_6,50C,50.0,wood,6,422.49260348555214,212.1798299153646
1.0,14,60C__wood_trial_1,60C,60.0,wood,1,422.49260348555214,10259.966145833334
1.0,14,60C__wood_trial_2,60C,60.0,wood,2,422.49260348555214,5251.246907552083
1.0,14,60C__wood_trial_3,60C,60.0,wood,3,422.49260348555214,7215.061686197917
1.0,14,60C__wood_trial_4,60C,60.0,wood,4,422.49260348555214,6268.736979166667
1.0,14,60C__wood_trial_5,60C,60.0,wood,5,422.49260348555214,3401.484130859375
1.0,14,60C__wood_trial_6,60C,60.0,wood,6,422.49260348555214,554.326161702474
1.5,1,30C__aluminum_trial_1,30C,30.0,aluminum,1,23958.09466547789,16925.734375
1.5,1,30C__aluminum_trial_2,30C,30.0,aluminum,2,23958.09466547789,16921.3505859375
1.5,1,30C__aluminum_trial_3,30C,30.0,aluminum,3,23958.09466547789,9494.745768229166
1.5,1,30C__aluminum_trial_4,30C,30.0,aluminum,4,23958.09466547789,14695.903971354166
1.5,1,30C__aluminum_trial_5,30C,30.0,aluminum,5,23958.09466547789,10533.9580078125
1.5,1,30C__aluminum_trial_6,30C,30.0,aluminum,6,23958.09466547789,9212.432779947916
1.5,1,40C__aluminum_trial_1,40C,40.0,aluminum,1,23958.09466547789,20065.051432291668
1.5,1,40C__aluminum_trial_2,40C,40.0,aluminum,2,23958.09466547789,8533.860026041666
1.5,1,40C__aluminum_trial_3,40C,40.0,aluminum,3,23958.09466547789,22269.186848958332
1.5,1,40C__aluminum_trial_4,40C,40.0,aluminum,4,23958.09466547789,14145.701171875
1.5,1,40C__aluminum_trial_5,40C,40.0,aluminum,5,23958.09466547789,10776.45703125
1.5,1,40C__aluminum_trial_6,40C,40.0,aluminum,6,23958.09466547789,8117.051432291667
1.5,1,50C__aluminum_trial_1,50C,50.0,aluminum,1,23958.09466547789,14234.795247395834
1.5,1,50C__aluminum_trial_2,50C,50.0,aluminum,2,23958.09466547789,11600.969075520834
1.5,1,50C__aluminum_trial_3,50C,50.0,aluminum,3,23958.09466547789,14313.815755208334
1.5,1,50C__aluminum_trial_4,50C,50.0,aluminum,4,23958.09466547789,18584.908203125
1.5,1,50C__aluminum_trial_5,50C,50.0,aluminum,5,23958.09466547789,12964.291666666666
1.5,1,50C__aluminum_trial_6,50C,50.0,aluminum,6,23958.09466547789,21804.731119791668
1.5,1,60C__aluminum_trial_1,60C,60.0,aluminum,1,23958.09466547789,13478.405924479166
1.5,1,60C__aluminum_trial_2,60C,60.0,aluminum,2,23958.09466547789,16313.925130208334
1.5,1,60C__aluminum_trial_3,60C,60.0,aluminum,3,23958.09466547789,11734.701822916666
1.5,1,60C__aluminum_trial_4,60C,60.0,aluminum,4,23958.09466547789,15144.663411458334
1.5,1,60C__aluminum_trial_5,60C,60.0,aluminum,5,23958.09466547789,16147.637044270834
1.5,1,60C__aluminum_trial_6,60C,60.0,aluminum,6,23958.09466547789,22500.134765625
1.5,2,30C__bismuth_trial_1,30C,30.0,bismuth,1,3209.1026783199068,9300.055501302084
1.5,2,30C__bismuth_trial_2,30C,30.0,bismuth,2,3209.1026783199068,5918.952962239583
1.5,2,30C__bismuth_trial_3,30C,30.0,bismuth,3,3209.1026783199068,4798.6181640625
1.5,2,30C__bismuth_trial_4,30C,30.0,bismuth,4,3209.1026783199068,9961.91552734375
1.5,2,30C__bismuth_trial_5,30C,30.0,bismuth,5,3209.1026783199068,6183.189290364583
1.5,2,30C__bismuth_trial_6,30C,30.0,bismuth,6,3209.1026783199068,11716.527018229166
1.5,2,40C__bismuth_trial_1,40C,40.0,bismuth,1,3209.1026783199068,14617.975260416666
1.5,2,40C__bismuth_trial_2,40C,40.0,bismuth,2,3209.1026783199068,15740.890299479166
1.5,2,40C__bismuth_trial_3,40C,40.0,bismuth,3,3209.1026783199068,14232.437174479166
1.5,2,40C__bismuth_trial_4,40C,40.0,bismuth,4,3209.1026783199068,13192.185546875
1.5,2,40C__bismuth_trial_5,40C,40.0,bismuth,5,3209.1026783199068,12921.304361979166
1.5,2,40C__bismuth_trial_6,40C,40.0,bismuth,6,3209.1026783199068,12746.926432291666
1.5,2,50C__bismuth_trial_1,50C,50.0,bismuth,1,3209.1026783199068,11282.720703125
1.5,2,50C__bismuth_trial_2,50C,50.0,bismuth,2,3209.1026783199068,11800.221028645834
1.5,2,50C__bismuth_trial_3,50C,50.0,bismuth,3,3209.1026783199068,16457.275390625
1.5,2,50C__bismuth_trial_4,50C,50.0,bismuth,4,3209.1026783199068,16878.807942708332
1.5,2,50C__bismuth_trial_5,50C,50.0,bismuth,5,3209.1026783199068,15954.947591145834
1.5,2,50C__bismuth_trial_6,50C,50.0,bismuth,6,3209.1026783199068,13933.032552083334
1.5,2,60C__bismuth_trial_1,60C,60.0,bismuth,1,3209.1026783199068,13955.385091145834
1.5,2,60C__bismuth_trial_2,60C,60.0,bismuth,2,3209.1026783199068,13092.005533854166
1.5,2,60C__bismuth_trial_3,60C,60.0,bismuth,3,3209.1026783199068,14310.19921875
1.5,2,60C__bismuth_trial_4,60C,60.0,bismuth,4,3209.1026783199068,17012.720052083332
1.5,2,60C__bismuth_trial_5,60C,60.0,bismuth,5,3209.1026783199068,11618.037109375
1.5,2,60C__bismuth_trial_6,60C,60.0,bismuth,6,3209.1026783199068,16363.3701171875
1.5,3,30C__cement_trial_1,30C,30.0,cement,1,559.6427431853289,428.6523946126302
1.5,3,30C__cement_trial_2,30C,30.0,cement,2,559.6427431853289,493.95765177408856
1.5,3,30C__cement_trial_3,30C,30.0,cement,3,559.6427431853289,513.1438700358073
1.5,3,30C__cement_trial_4,30C,30.0,cement,4,559.6427431853289,458.0874938964844
1.5,3,30C__cement_trial_5,30C,30.0,cement,5,559.6427431853289,648.8575032552084
1.5,3,30C__cement_trial_6,30C,30.0,cement,6,559.6427431853289,468.951416015625
1.5,3,40C__cement_trial_1,40C,40.0,cement,1,559.6427431853289,370.6223958333333
1.5,3,40C__cement_trial_2,40C,40.0,cement,2,559.6427431853289,451.9282633463542
1.5,3,40C__cement_trial_3,40C,40.0,cement,3,559.6427431853289,314.8398946126302
1.5,3,40C__cement_trial_4,40C,40.0,cement,4,559.6427431853289,957.6483154296875
1.5,3,40C__cement_trial_5,40C,40.0,cement,5,559.6427431853289,691.5243733723959
1.5,3,40C__cement_trial_6,40C,40.0,cement,6,559.6427431853289,423.17970784505206
1.5,3,50C__cement_trial_1,50C,50.0,cement,1,559.6427431853289,439.38950602213544
1.5,3,50C__cement_trial_2,50C,50.0,cement,2,559.6427431853289,282.13720703125
1.5,3,50C__cement_trial_3,50C,50.0,cement,3,559.6427431853289,391.50669352213544
1.5,3,50C__cement_trial_4,50C,50.0,cement,4,559.6427431853289,356.2711130777995
1.5,3,50C__cement_trial_5,50C,50.0,cement,5,559.6427431853289,576.2726440429688
1.5,3,50C__cement_trial_6,50C,50.0,cement,6,559.6427431853289,628.9459737141927
1.5,3,60C__cement_trial_1,60C,60.0,cement,1,559.6427431853289,1330.2987467447917
1.5,3,60C__cement_trial_2,60C,60.0,cement,2,559.6427431853289,855.6309611002604
1.5,3,60C__cement_trial_3,60C,60.0,cement,3,559.6427431853289,937.9146525065104
1.5,3,60C__cement_trial_4,60C,60.0,cement,4,559.6427431853289,735.4580078125
1.5,3,60C__cement_trial_5,60C,60.0,cement,5,559.6427431853289,1051.6609497070312
1.5,3,60C__cement_trial_6,60C,60.0,cement,6,559.6427431853289,895.0006103515625
1.5,4,30C__copper_trial_1,30C,30.0,copper,1,37192.601414797544,1862.4792073567708
1.5,4,30C__copper_trial_2,30C,30.0,copper,2,37192.601414797544,16477.210611979168
1.5,4,30C__copper_trial_3,30C,30.0,copper,3,37192.601414797544,15371.436197916666
1.5,4,30C__copper_trial_4,30C,30.0,copper,4,37192.601414797544,14572.231119791666
1.5,4,30C__copper_trial_5,30C,30.0,copper,5,37192.601414797544,14210.052083333334
1.5,4,30C__copper_trial_6,30C,30.0,copper,6,37192.601414797544,9448.660481770834
1.5,4,40C__copper_trial_1,40C,40.0,copper,1,37192.601414797544,16925.552408854168
1.5,4,40C__copper_trial_2,40C,40.0,copper,2,37192.601414797544,9992.162760416666
1.5,4,40C__copper_trial_3,40C,40.0,copper,3,37192.601414797544,12647.388997395834
1.5,4,40C__copper_trial_4,40C,40.0,copper,4,37192.601414797544,8160.085286458333
1.5,4,40C__copper_trial_5,40C,40.0,copper,5,37192.601414797544,10945.0087890625
1.5,4,40C__copper_trial_6,40C,40.0,copper,6,37192.601414797544,8113.664225260417
1.5,4,50C__copper_trial_1,50C,50.0,copper,1,37192.601414797544,7541.74560546875
1.5,4,50C__copper_trial_2,50C,50.0,copper,2,37192.601414797544,11667.411458333334
1.5,4,50C__copper_trial_3,50C,50.0,copper,3,37192.601414797544,11839.581380208334
1.5,4,50C__copper_trial_4,50C,50.0,copper,4,37192.601414797544,9646.482096354166
1.5,4,50C__copper_trial_5,50C,50.0,copper,5,37192.601414797544,9064.598307291666
1.5,4,50C__copper_trial_6,50C,50.0,copper,6,37192.601414797544,9315.945638020834
1.5,4,60C__copper_trial_1,60C,60.0,copper,1,37192.601414797544,17293.860677083332
1.5,4,60C__copper_trial_2,60C,60.0,copper,2,37192.601414797544,21213.395833333332
1.5,4,60C__copper_trial_3,60C,60.0,copper,3,37192.601414797544,17266.396809895832
1.5,4,60C__copper_trial_4,60C,60.0,copper,4,37192.601414797544,18209.185221354168
1.5,4,60C__copper_trial_5,60C,60.0,copper,5,37192.601414797544,13662.110026041666
1.5,4,60C__copper_trial_6,60C,60.0,copper,6,37192.601414797544,12981.5888671875
1.5,5,30C__cork_trial_1,30C,30.0,cork,1,136.29380029920657,161.1853790283203
1.5,5,30C__cork_trial_2,30C,30.0,cork,2,136.29380029920657,83.51641591389973
1.5,5,30C__cork_trial_3,30C,30.0,cork,3,136.29380029920657,58.377175649007164
1.5,5,30C__cork_trial_4,30C,30.0,cork,4,136.29380029920657,48.77499643961588
1.5,5,30C__cork_trial_5,30C,30.0,cork,5,136.29380029920657,64.76223627726237
1.5,5,30C__cork_trial_6,30C,30.0,cork,6,136.29380029920657,69.99080149332683
1.5,5,40C__cork_trial_1,40C,40.0,cork,1,136.29380029920657,79.39149729410808
1.5,5,40C__cork_trial_2,40C,40.0,cork,2,136.29380029920657,81.2735824584961
1.5,5,40C__cork_trial_3,40C,40.0,cork,3,136.29380029920657,84.7747319539388
1.5,5,40C__cork_trial_4,40C,40.0,cork,4,136.29380029920657,74.10536321004231
1.5,5,40C__cork_trial_5,40C,40.0,cork,5,136.29380029920657,38.341574350992836
1.5,5,40C__cork_trial_6,40C,40.0,cork,6,136.29380029920657,35.0059714673608
1.5,5,50C__cork_trial_1,50C,50.0,cork,1,136.29380029920657,462.48923746744794
1.5,5,50C__cork_trial_2,50C,50.0,cork,2,136.29380029920657,434.5813293457031
1.5,5,50C__cork_trial_3,50C,50.0,cork,3,136.29380029920657,380.7399088541667
1.5,5,50C__cork_trial_4,50C,50.0,cork,4,136.29380029920657,234.43067423502603
1.5,5,50C__cork_trial_5,50C,50.0,cork,5,136.29380029920657,429.98484293619794
1.5,5,50C__cork_trial_6,50C,50.0,cork,6,136.29380029920657,330.54079182942706
1.5,5,60C__cork_trial_1,60C,60.0,cork,1,136.29380029920657,330.34105428059894
1.5,5,60C__cork_trial_2,60C,60.0,cork,2,136.29380029920657,335.0511881510417
1.5,5,60C__cork_trial_3,60C,60.0,cork,3,136.29380029920657,299.66582743326825
1.5,5,60C__cork_trial_4,60C,60.0,cork,4,136.29380029920657,306.7462972005208
1.5,5,60C__cork_trial_5,60C,60.0,cork,5,136.29380029920657,407.9566955566406
1.5,5,60C__cork_trial_6,60C,60.0,cork,6,136.29380029920657,354.12037150065106
1.5,6,30C__graphite_trial_1,30C,30.0,graphite,1,11367.497525840945,10317.447102864584
1.5,6,30C__graphite_trial_2,30C,30.0,graphite,2,11367.497525840945,3203.3347981770835
1.5,6,30C__graphite_trial_3,30C,30.0,graphite,3,11367.497525840945,2483.5277506510415
1.5,6,30C__graphite_trial_4,30C,30.0,graphite,4,11367.497525840945,5028.000813802083
1.5,6,30C__graphite_trial_5,30C,30.0,graphite,5,11367.497525840945,4457.394124348958
1.5,6,30C__graphite_trial_6,30C,30.0,graphite,6,11367.497525840945,4117.863688151042
1.5,6,40C__graphite_trial_1,40C,40.0,graphite,1,11367.497525840945,11807.46923828125
1.5,6,40C__graphite_trial_2,40C,40.0,graphite,2,11367.497525840945,8748.940511067709
1.5,6,40C__graphite_trial_3,40C,40.0,graphite,3,11367.497525840945,3922.5040690104165
1.5,6,40C__graphite_trial_4,40C,40.0,graphite,4,11367.497525840945,14558.958984375
1.5,6,40C__graphite_trial_5,40C,40.0,graphite,5,11367.497525840945,3887.0550944010415
1.5,6,40C__graphite_trial_6,40C,40.0,graphite,6,11367.497525840945,7242.188639322917
1.5,6,50C__graphite_trial_1,50C,50.0,graphite,1,11367.497525840945,11741.119466145834
1.5,6,50C__graphite_trial_2,50C,50.0,graphite,2,11367.497525840945,12763.5791015625
1.5,6,50C__graphite_trial_3,50C,50.0,graphite,3,11367.497525840945,15131.926106770834
1.5,6,50C__graphite_trial_4,50C,50.0,graphite,4,11367.497525840945,14461.134765625
1.5,6,50C__graphite_trial_5,50C,50.0,graphite,5,11367.497525840945,10062.410481770834
1.5,6,50C__graphite_trial_6,50C,50.0,graphite,6,11367.497525840945,10900.406412760416
1.5,6,60C__graphite_trial_1,60C,60.0,graphite,1,11367.497525840945,8178.526692708333
1.5,6,60C__graphite_trial_2,60C,60.0,graphite,2,11367.497525840945,9708.88037109375
1.5,6,60C__graphite_trial_3,60C,60.0,graphite,3,11367.497525840945,12770.632161458334
1.5,6,60C__graphite_trial_4,60C,60.0,graphite,4,11367.497525840945,14604.9658203125
1.5,6,60C__graphite_trial_5,60C,60.0,graphite,5,11367.497525840945,11030.0009765625
1.5,6,60C__graphite_trial_6,60C,60.0,graphite,6,11367.497525840945,16656.796549479168
1.5,7,30C__gypsum_trial_1,30C,30.0,gypsum,1,385.01948002666046,273.74553934733075
1.5,7,30C__gypsum_trial_2,30C,30.0,gypsum,2,385.01948002666046,330.7926737467448
1.5,7,30C__gypsum_trial_3,30C,30.0,gypsum,3,385.01948002666046,242.2059122721354
1.5,7,30C__gypsum_trial_4,30C,30.0,gypsum,4,385.01948002666046,220.47673543294272
1.5,7,30C__gypsum_trial_5,30C,30.0,gypsum,5,385.01948002666046,305.1416778564453
1.5,7,30C__gypsum_trial_6,30C,30.0,gypsum,6,385.01948002666046,162.5476328531901
1.5,7,40C__gypsum_trial_1,40C,40.0,gypsum,1,385.01948002666046,353.7477213541667
1.5,7,40C__gypsum_trial_2,40C,40.0,gypsum,2,385.01948002666046,224.59568786621094
1.5,7,40C__gypsum_trial_3,40C,40.0,gypsum,3,385.01948002666046,269.2681427001953
1.5,7,40C__gypsum_trial_4,40C,40.0,gypsum,4,385.01948002666046,326.85655721028644
1.5,7,40C__gypsum_trial_5,40C,40.0,gypsum,5,385.01948002666046,992.3500773111979
1.5,7,40C__gypsum_trial_6,40C,40.0,gypsum,6,385.01948002666046,550.6829325358073
1.5,7,50C__gypsum_trial_1,50C,50.0,gypsum,1,385.01948002666046,939.0644327799479
1.5,7,50C__gypsum_trial_2,50C,50.0,gypsum,2,385.01948002666046,825.0657755533854
1.5,7,50C__gypsum_trial_3,50C,50.0,gypsum,3,385.01948002666046,984.8173014322916
1.5,7,50C__gypsum_trial_4,50C,50.0,gypsum,4,385.01948002666046,781.6778157552084
1.5,7,50C__gypsum_trial_5,50C,50.0,gypsum,5,385.01948002666046,939.2668660481771
1.5,7,50C__gypsum_trial_6,50C,50.0,gypsum,6,385.01948002666046,678.1558837890625
1.5,7,60C__gypsum_trial_1,60C,60.0,gypsum,1,385.01948002666046,4751.7646484375
1.5,7,60C__gypsum_trial_2,60C,60.0,gypsum,2,385.01948002666046,2351.2793172200522
1.5,7,60C__gypsum_trial_3,60C,60.0,gypsum,3,385.01948002666046,1370.3559977213542
1.5,7,60C__gypsum_trial_4,60C,60.0,gypsum,4,385.01948002666046,4184.513590494792
1.5,7,60C__gypsum_trial_5,60C,60.0,gypsum,5,385.01948002666046,4683.048583984375
1.5,7,60C__gypsum_trial_6,60C,60.0,gypsum,6,385.01948002666046,1844.5090738932292
1.5,8,30C__iron_trial_1,30C,30.0,iron,1,16859.663413010356,10733.839192708334
1.5,8,30C__iron_trial_2,30C,30.0,iron,2,16859.663413010356,22705.69921875
1.5,8,30C__iron_trial_3,30C,30.0,iron,3,16859.663413010356,13806.369140625
1.5,8,30C__iron_trial_4,30C,30.0,iron,4,16859.663413010356,20668.633463541668
1.5,8,30C__iron_trial_5,30C,30.0,iron,5,16859.663413010356,14293.144856770834
1.5,8,30C__iron_trial_6,30C,30.0,iron,6,16859.663413010356,13453.083333333334
1.5,8,40C__iron_trial_1,40C,40.0,iron,1,16859.663413010356,16060.4267578125
1.5,8,40C__iron_trial_2,40C,40.0,iron,2,16859.663413010356,8542.432779947916
1.5,8,40C__iron_trial_3,40C,40.0,iron,3,16859.663413010356,7794.051595052083
1.5,8,40C__iron_trial_4,40C,40.0,iron,4,16859.663413010356,7399.263020833333
1.5,8,40C__iron_trial_5,40C,40.0,iron,5,16859.663413010356,15054.982421875
1.5,8,40C__iron_trial_6,40C,40.0,iron,6,16859.663413010356,15125.345052083334
1.5,8,50C__iron_trial_1,50C,50.0,iron,1,16859.663413010356,10852.9013671875
1.5,8,50C__iron_trial_2,50C,50.0,iron,2,16859.663413010356,15878.096028645834
1.5,8,50C__iron_trial_3,50C,50.0,iron,3,16859.663413010356,10014.0537109375
1.5,8,50C__iron_trial_4,50C,50.0,iron,4,16859.663413010356,17247.495768229168
1.5,8,50C__iron_trial_5,50C,50.0,iron,5,16859.663413010356,17508.3642578125
1.5,8,50C__iron_trial_6,50C,50.0,iron,6,16859.663413010356,22010.198567708332
1.5,8,60C__iron_trial_1,60C,60.0,iron,1,16859.663413010356,31480.590494791668
1.5,8,60C__iron_trial_2,60C,60.0,iron,2,16859.663413010356,18802.837890625
1.5,8,60C__iron_trial_3,60C,60.0,iron,3,16859.663413010356,15626.46875
1.5,8,60C__iron_trial_4,60C,60.0,iron,4,16859.663413010356,13788.857421875
1.5,8,60C__iron_trial_5,60C,60.0,iron,5,16859.663413010356,16643.7197265625
1.5,8,60C__iron_trial_6,60C,60.0,iron,6,16859.663413010356,22489.231119791668
1.5,9,30C__nickel_trial_1,30C,30.0,nickel,1,19320.68449098013,12746.297526041666
1.5,9,30C__nickel_trial_2,30C,30.0,nickel,2,19320.68449098013,16839.029947916668
1.5,9,30C__nickel_trial_3,30C,30.0,nickel,3,19320.68449098013,17909.3525390625
1.5,9,30C__nickel_trial_4,30C,30.0,nickel,4,19320.68449098013,11086.611979166666
1.5,9,30C__nickel_trial_5,30C,30.0,nickel,5,19320.68449098013,16495.334635416668
1.5,9,30C__nickel_trial_6,30C,30.0,nickel,6,19320.68449098013,22374.033854166668
1.5,9,40C__nickel_trial_1,40C,40.0,nickel,1,19320.68449098013,8402.557942708334
1.5,9,40C__nickel_trial_2,40C,40.0,nickel,2,19320.68449098013,6862.965983072917
1.5,9,40C__nickel_trial_3,40C,40.0,nickel,3,19320.68449098013,13877.672200520834
1.5,9,40C__nickel_trial_4,40C,40.0,nickel,4,19320.68449098013,17585.6552734375
1.5,9,40C__nickel_trial_5,40C,40.0,nickel,5,19320.68449098013,11968.191080729166
1.5,9,40C__nickel_trial_6,40C,40.0,nickel,6,19320.68449098013,10566.0517578125
1.5,9,50C__nickel_trial_1,50C,50.0,nickel,1,19320.68449098013,12899.241861979166
1.5,9,50C__nickel_trial_2,50C,50.0,nickel,2,19320.68449098013,11003.414388020834
1.5,9,50C__nickel_trial_3,50C,50.0,nickel,3,19320.68449098013,12191.587565104166
1.5,9,50C__nickel_trial_4,50C,50.0,nickel,4,19320.68449098013,11390.1455078125
1.5,9,50C__nickel_trial_5,50C,50.0,nickel,5,19320.68449098013,8361.917643229166
1.5,9,50C__nickel_trial_6,50C,50.0,nickel,6,19320.68449098013,15955.322591145834
1.5,9,60C__nickel_trial_1,60C,60.0,nickel,1,19320.68449098013,11770.761067708334
1.5,9,60C__nickel_trial_2,60C,60.0,nickel,2,19320.68449098013,20464.727213541668
1.5,9,60C__nickel_trial_3,60C,60.0,nickel,3,19320.68449098013,11385.5732421875
1.5,9,60C__nickel_trial_4,60C,60.0,nickel,4,19320.68449098013,23954.045572916668
1.5,9,60C__nickel_trial_5,60C,60.0,nickel,5,19320.68449098013,18762.867838541668
1.5,9,60C__nickel_trial_6,60C,60.0,nickel,6,19320.68449098013,24081.651041666668
1.5,10,30C__pdms_trial_1,30C,30.0,pdms,1,460.90129095067635,165.5821787516276
1.5,10,30C__pdms_trial_2,30C,30.0,pdms,2,460.90129095067635,116.94366963704427
1.5,10,30C__pdms_trial_3,30C,30.0,pdms,3,460.90129095067635,138.6884740193685
1.5,10,30C__pdms_trial_4,30C,30.0,pdms,4,460.90129095067635,50.8816769917806
1.5,10,30C__pdms_trial_5,30C,30.0,pdms,5,460.90129095067635,139.0613021850586
1.5,10,30C__pdms_trial_6,30C,30.0,pdms,6,460.90129095067635,77.40273793538411
1.5,10,40C__pdms_trial_1,40C,40.0,pdms,1,460.90129095067635,429.1703186035156
1.5,10,40C__pdms_trial_2,40C,40.0,pdms,2,460.90129095067635,412.8103434244792
1.5,10,40C__pdms_trial_3,40C,40.0,pdms,3,460.90129095067635,467.73964436848956
1.5,10,40C__pdms_trial_4,40C,40.0,pdms,4,460.90129095067635,378.18043009440106
1.5,10,40C__pdms_trial_5,40C,40.0,pdms,5,460.90129095067635,246.21359252929688
1.5,10,40C__pdms_trial_6,40C,40.0,pdms,6,460.90129095067635,417.4800313313802
1.5,10,50C__pdms_trial_1,50C,50.0,pdms,1,460.90129095067635,261.6878611246745
1.5,10,50C__pdms_trial_2,50C,50.0,pdms,2,460.90129095067635,190.12684122721353
1.5,10,50C__pdms_trial_3,50C,50.0,pdms,3,460.90129095067635,418.2472330729167
1.5,10,50C__pdms_trial_4,50C,50.0,pdms,4,460.90129095067635,414.23402913411456
1.5,10,50C__pdms_trial_5,50C,50.0,pdms,5,460.90129095067635,224.97876485188803
1.5,10,50C__pdms_trial_6,50C,50.0,pdms,6,460.90129095067635,272.98401896158856
1.5,10,60C__pdms_trial_1,60C,60.0,pdms,1,460.90129095067635,618.280517578125
1.5,10,60C__pdms_trial_2,60C,60.0,pdms,2,460.90129095067635,411.7130635579427
1.5,10,60C__pdms_trial_3,60C,60.0,pdms,3,460.90129095067635,474.99509684244794
1.5,10,60C__pdms_trial_4,60C,60.0,pdms,4,460.90129095067635,239.33761596679688
1.5,10,60C__pdms_trial_5,60C,60.0,pdms,5,460.90129095067635,185.12723795572916
1.5,10,60C__pdms_trial_6,60C,60.0,pdms,6,460.90129095067635,140.11300404866537
1.5,11,30C__ps_foam_trial_1,30C,30.0,ps_foam,1,34.496376621320685,479.1970723470052
1.5,11,30C__ps_foam_trial_2,30C,30.0,ps_foam,2,34.496376621320685,576.4960327148438
1.5,11,30C__ps_foam_trial_3,30C,30.0,ps_foam,3,34.496376621320685,374.0835774739583
1.5,11,30C__ps_foam_trial_4,30C,30.0,ps_foam,4,34.496376621320685,290.6145426432292
1.5,11,30C__ps_foam_trial_5,30C,30.0,ps_foam,5,34.496376621320685,164.4376983642578
1.5,11,30C__ps_foam_trial_6,30C,30.0,ps_foam,6,34.496376621320685,170.28671010335287
1.5,11,40C__ps_foam_trial_1,40C,40.0,ps_foam,1,34.496376621320685,53.72506968180338
1.5,11,40C__ps_foam_trial_2,40C,40.0,ps_foam,2,34.496376621320685,59.22750981648763
1.5,11,40C__ps_foam_trial_3,40C,40.0,ps_foam,3,34.496376621320685,49.88162104288737
1.5,11,40C__ps_foam_trial_4,40C,40.0,ps_foam,4,34.496376621320685,884.8858235677084
1.5,11,40C__ps_foam_trial_5,40C,40.0,ps_foam,5,34.496376621320685,110.14962768554688
1.5,11,40C__ps_foam_trial_6,40C,40.0,ps_foam,6,34.496376621320685,98.96957397460938
1.5,11,50C__ps_foam_trial_1,50C,50.0,ps_foam,1,34.496376621320685,55.433921813964844
1.5,11,50C__ps_foam_trial_2,50C,50.0,ps_foam,2,34.496376621320685,60.457174936930336
1.5,11,50C__ps_foam_trial_3,50C,50.0,ps_foam,3,34.496376621320685,57.66858418782552
1.5,11,50C__ps_foam_trial_4,50C,50.0,ps_foam,4,34.496376621320685,60.59410603841146
1.5,11,50C__ps_foam_trial_5,50C,50.0,ps_foam,5,34.496376621320685,65.92007319132487
1.5,11,50C__ps_foam_trial_6,50C,50.0,ps_foam,6,34.496376621320685,59.2456423441569
1.5,11,60C__ps_foam_trial_1,60C,60.0,ps_foam,1,34.496376621320685,295.39348856608075
1.5,11,60C__ps_foam_trial_2,60C,60.0,ps_foam,2,34.496376621320685,226.51195780436197
1.5,11,60C__ps_foam_trial_3,60C,60.0,ps_foam,3,34.496376621320685,255.94520060221353
1.5,11,60C__ps_foam_trial_4,60C,60.0,ps_foam,4,34.496376621320685,168.87774658203125
1.5,11,60C__ps_foam_trial_5,60C,60.0,ps_foam,5,34.496376621320685,306.14955647786456
1.5,11,60C__ps_foam_trial_6,60C,60.0,ps_foam,6,34.496376621320685,294.850341796875
1.5,12,30C__pu_foam_trial_1,30C,30.0,pu_foam,1,42.49705872175155,143.36234029134116
1.5,12,30C__pu_foam_trial_2,30C,30.0,pu_foam,2,42.49705872175155,105.48856099446614
1.5,12,30C__pu_foam_trial_3,30C,30.0,pu_foam,3,42.49705872175155,202.2718048095703
1.5,12,30C__pu_foam_trial_4,30C,30.0,pu_foam,4,42.49705872175155,207.38458251953125
1.5,12,30C__pu_foam_trial_5,30C,30.0,pu_foam,5,42.49705872175155,259.71181233723956
1.5,12,30C__pu_foam_trial_6,30C,30.0,pu_foam,6,42.49705872175155,77.7422587076823
1.5,12,40C__pu_foam_trial_1,40C,40.0,pu_foam,1,42.49705872175155,67.99552663167317
1.5,12,40C__pu_foam_trial_2,40C,40.0,pu_foam,2,42.49705872175155,80.46203867594402
1.5,12,40C__pu_foam_trial_3,40C,40.0,pu_foam,3,42.49705872175155,96.1858139038086
1.5,12,40C__pu_foam_trial_4,40C,40.0,pu_foam,4,42.49705872175155,69.62079493204753
1.5,12,40C__pu_foam_trial_5,40C,40.0,pu_foam,5,42.49705872175155,36.72815850959713
1.5,12,40C__pu_foam_trial_6,40C,40.0,pu_foam,6,42.49705872175155,35.46287829849113
1.5,12,50C__pu_foam_trial_1,50C,50.0,pu_foam,1,42.49705872175155,96.91764831542969
1.5,12,50C__pu_foam_trial_2,50C,50.0,pu_foam,2,42.49705872175155,77.39993413289388
1.5,12,50C__pu_foam_trial_3,50C,50.0,pu_foam,3,42.49705872175155,85.90302276611328
1.5,12,50C__pu_foam_trial_4,50C,50.0,pu_foam,4,42.49705872175155,73.91470336914062
1.5,12,50C__pu_foam_trial_5,50C,50.0,pu_foam,5,42.49705872175155,81.68637084960938
1.5,12,50C__pu_foam_trial_6,50C,50.0,pu_foam,6,42.49705872175155,104.2052510579427
1.5,12,60C__pu_foam_trial_1,60C,60.0,pu_foam,1,42.49705872175155,162.20328267415366
1.5,12,60C__pu_foam_trial_2,60C,60.0,pu_foam,2,42.49705872175155,908.6714070638021
1.5,12,60C__pu_foam_trial_3,60C,60.0,pu_foam,3,42.49705872175155,312.7294565836589
1.5,12,60C__pu_foam_trial_4,60C,60.0,pu_foam,4,42.49705872175155,189.7904052734375
1.5,12,60C__pu_foam_trial_5,60C,60.0,pu_foam,5,42.49705872175155,323.4419911702474
1.5,12,60C__pu_foam_trial_6,60C,60.0,pu_foam,6,42.49705872175155,260.04169209798175
1.5,13,30C__titanium_trial_1,30C,30.0,titanium,1,7184.0359269702985,15163.0849609375
1.5,13,30C__titanium_trial_2,30C,30.0,titanium,2,7184.0359269702985,8910.268229166666
1.5,13,30C__titanium_trial_3,30C,30.0,titanium,3,7184.0359269702985,4237.571370442708
1.5,13,30C__titanium_trial_4,30C,30.0,titanium,4,7184.0359269702985,4126.043538411458
1.5,13,30C__titanium_trial_5,30C,30.0,titanium,5,7184.0359269702985,5714.575032552083
1.5,13,30C__titanium_trial_6,30C,30.0,titanium,6,7184.0359269702985,3827.1014811197915
1.5,13,40C__titanium_trial_1,40C,40.0,titanium,1,7184.0359269702985,12993.5029296875
1.5,13,40C__titanium_trial_2,40C,40.0,titanium,2,7184.0359269702985,13014.776041666666
1.5,13,40C__titanium_trial_3,40C,40.0,titanium,3,7184.0359269702985,15955.426106770834
1.5,13,40C__titanium_trial_4,40C,40.0,titanium,4,7184.0359269702985,11273.228190104166
1.5,13,40C__titanium_trial_5,40C,40.0,titanium,5,7184.0359269702985,12729.272786458334
1.5,13,40C__titanium_trial_6,40C,40.0,titanium,6,7184.0359269702985,16707.890625
1.5,13,50C__titanium_trial_1,50C,50.0,titanium,1,7184.0359269702985,13139.787760416666
1.5,13,50C__titanium_trial_2,50C,50.0,titanium,2,7184.0359269702985,10407.88671875
1.5,13,50C__titanium_trial_3,50C,50.0,titanium,3,7184.0359269702985,15819.67578125
1.5,13,50C__titanium_trial_4,50C,50.0,titanium,4,7184.0359269702985,13832.720377604166
1.5,13,50C__titanium_trial_5,50C,50.0,titanium,5,7184.0359269702985,13151.8193359375
1.5,13,50C__titanium_trial_6,50C,50.0,titanium,6,7184.0359269702985,19395.727864583332
1.5,13,60C__titanium_trial_1,60C,60.0,titanium,1,7184.0359269702985,11339.569661458334
1.5,13,60C__titanium_trial_2,60C,60.0,titanium,2,7184.0359269702985,11824.444661458334
1.5,13,60C__titanium_trial_3,60C,60.0,titanium,3,7184.0359269702985,11032.183919270834
1.5,13,60C__titanium_trial_4,60C,60.0,titanium,4,7184.0359269702985,16413.1826171875
1.5,13,60C__titanium_trial_5,60C,60.0,titanium,5,7184.0359269702985,11958.646809895834
1.5,13,60C__titanium_trial_6,60C,60.0,titanium,6,7184.0359269702985,14792.011393229166
1.5,14,30C__wood_trial_1,30C,30.0,wood,1,422.49260348555214,77.9055773417155
1.5,14,30C__wood_trial_2,30C,30.0,wood,2,422.49260348555214,194.26377868652344
1.5,14,30C__wood_trial_3,30C,30.0,wood,3,422.49260348555214,109.7132059733073
1.5,14,30C__wood_trial_4,30C,30.0,wood,4,422.49260348555214,73.15453592936198
1.5,14,30C__wood_trial_5,30C,30.0,wood,5,422.49260348555214,152.53992207845053
1.5,14,30C__wood_trial_6,30C,30.0,wood,6,422.49260348555214,224.12075805664062
1.5,14,40C__wood_trial_1,40C,40.0,wood,1,422.49260348555214,183.74804178873697
1.5,14,40C__wood_trial_2,40C,40.0,wood,2,422.49260348555214,195.09083048502603
1.5,14,40C__wood_trial_3,40C,40.0,wood,3,422.49260348555214,179.7021001180013
1.5,14,40C__wood_trial_4,40C,40.0,wood,4,422.49260348555214,136.5285619099935
1.5,14,40C__wood_trial_5,40C,40.0,wood,5,422.49260348555214,262.09466552734375
1.5,14,40C__wood_trial_6,40C,40.0,wood,6,422.49260348555214,276.4650115966797
1.5,14,50C__wood_trial_1,50C,50.0,wood,1,422.49260348555214,269.02837626139325
1.5,14,50C__wood_trial_2,50C,50.0,wood,2,422.49260348555214,323.7576395670573
1.5,14,50C__wood_trial_3,50C,50.0,wood,3,422.49260348555214,301.3094787597656
1.5,14,50C__wood_trial_4,50C,50.0,wood,4,422.49260348555214,292.0601806640625
1.5,14,50C__wood_trial_5,50C,50.0,wood,5,422.49260348555214,226.95953877766928
1.5,14,50C__wood_trial_6,50C,50.0,wood,6,422.49260348555214,228.57294718424478
1.5,14,60C__wood_trial_1,60C,60.0,wood,1,422.49260348555214,11016.099283854166
1.5,14,60C__wood_trial_2,60C,60.0,wood,2,422.49260348555214,5927.95068359375
1.5,14,60C__wood_trial_3,60C,60.0,wood,3,422.49260348555214,9014.978841145834
1.5,14,60C__wood_trial_4,60C,60.0,wood,4,422.49260348555214,7832.4716796875
1.5,14,60C__wood_trial_5,60C,60.0,wood,5,422.49260348555214,3559.2716471354165
1.5,14,60C__wood_trial_6,60C,60.0,wood,6,422.49260348555214,697.8592732747396
