condition,channel_set,fold,trial_id,Temperature,Sample,Trial,y_true,y_pred
A_not_baseline_centered,P_S_delta_dP_dS_ddP_ddS,1,30C__aluminum_trial_1,30C,aluminum,1,23958.09466547789,8649.309733072916
A_not_baseline_centered,P_S_delta_dP_dS_ddP_ddS,1,30C__aluminum_trial_2,30C,aluminum,2,23958.09466547789,13417.6787109375
A_not_baseline_centered,P_S_delta_dP_dS_ddP_ddS,1,30C__aluminum_trial_3,30C,aluminum,3,23958.09466547789,7674.610026041667
A_not_baseline_centered,P_S_delta_dP_dS_ddP_ddS,1,30C__aluminum_trial_4,30C,aluminum,4,23958.09466547789,12334.14501953125
A_not_baseline_centered,P_S_delta_dP_dS_ddP_ddS,1,30C__aluminum_trial_5,30C,aluminum,5,23958.09466547789,7020.193929036458
A_not_baseline_centered,P_S_delta_dP_dS_ddP_ddS,1,30C__aluminum_trial_6,30C,aluminum,6,23958.09466547789,14532.171875
A_not_baseline_centered,P_S_delta_dP_dS_ddP_ddS,1,40C__aluminum_trial_1,40C,aluminum,1,23958.09466547789,16870.151692708332
A_not_baseline_centered,P_S_delta_dP_dS_ddP_ddS,1,40C__aluminum_trial_2,40C,aluminum,2,23958.09466547789,4103.9237874348955
A_not_baseline_centered,P_S_delta_dP_dS_ddP_ddS,1,40C__aluminum_trial_3,40C,aluminum,3,23958.09466547789,23180.436848958332
A_not_baseline_centered,P_S_delta_dP_dS_ddP_ddS,1,40C__aluminum_trial_4,40C,aluminum,4,23958.09466547789,9830.480143229166
A_not_baseline_centered,P_S_delta_dP_dS_ddP_ddS,1,40C__aluminum_trial_5,40C,aluminum,5,23958.09466547789,10989.505859375
A_not_baseline_centered,P_S_delta_dP_dS_ddP_ddS,1,40C__aluminum_trial_6,40C,aluminum,6,23958.09466547789,13403.64453125
A_not_baseline_centered,P_S_delta_dP_dS_ddP_ddS,1,50C__aluminum_trial_1,50C,aluminum,1,23958.09466547789,9917.805338541666
A_not_baseline_centered,P_S_delta_dP_dS_ddP_ddS,1,50C__aluminum_trial_2,50C,aluminum,2,23958.09466547789,8200.06640625
A_not_baseline_centered,P_S_delta_dP_dS_ddP_ddS,1,50C__aluminum_trial_3,50C,aluminum,3,23958.09466547789,16613.8798828125
A_not_baseline_centered,P_S_delta_dP_dS_ddP_ddS,1,50C__aluminum_trial_4,50C,aluminum,4,23958.09466547789,19476.617838541668
A_not_baseline_centered,P_S_delta_dP_dS_ddP_ddS,1,50C__aluminum_trial_5,50C,aluminum,5,23958.09466547789,13133.943033854166
A_not_baseline_centered,P_S_delta_dP_dS_ddP_ddS,1,50C__aluminum_trial_6,50C,aluminum,6,23958.09466547789,19879.143229166668
A_not_baseline_centered,P_S_delta_dP_dS_ddP_ddS,1,60C__aluminum_trial_1,60C,aluminum,1,23958.09466547789,12535.333984375
A_not_baseline_centered,P_S_delta_dP_dS_ddP_ddS,1,60C__aluminum_trial_2,60C,aluminum,2,23958.09466547789,13812.780924479166
A_not_baseline_centered,P_S_delta_dP_dS_ddP_ddS,1,60C__aluminum_trial_3,60C,aluminum,3,23958.09466547789,15294.654947916666
A_not_baseline_centered,P_S_delta_dP_dS_ddP_ddS,1,60C__aluminum_trial_4,60C,aluminum,4,23958.09466547789,16780.087239583332
A_not_baseline_centered,P_S_delta_dP_dS_ddP_ddS,1,60C__aluminum_trial_5,60C,aluminum,5,23958.09466547789,16652.865559895832
A_not_baseline_centered,P_S_delta_dP_dS_ddP_ddS,1,60C__aluminum_trial_6,60C,aluminum,6,23958.09466547789,19096.40234375
A_not_baseline_centered,P_delta_dP,1,30C__aluminum_trial_1,30C,aluminum,1,23958.09466547789,12723.8779296875
A_not_baseline_centered,P_delta_dP,1,30C__aluminum_trial_2,30C,aluminum,2,23958.09466547789,10951.226236979166
A_not_baseline_centered,P_delta_dP,1,30C__aluminum_trial_3,30C,aluminum,3,23958.09466547789,11698.565755208334
A_not_baseline_centered,P_delta_dP,1,30C__aluminum_trial_4,30C,aluminum,4,23958.09466547789,19100.429361979168
A_not_baseline_centered,P_delta_dP,1,30C__aluminum_trial_5,30C,aluminum,5,23958.09466547789,12219.27001953125
A_not_baseline_centered,P_delta_dP,1,30C__aluminum_trial_6,30C,aluminum,6,23958.09466547789,17762.643880208332
A_not_baseline_centered,P_delta_dP,1,40C__aluminum_trial_1,40C,aluminum,1,23958.09466547789,14226.995768229166
A_not_baseline_centered,P_delta_dP,1,40C__aluminum_trial_2,40C,aluminum,2,23958.09466547789,5713.837890625
A_not_baseline_centered,P_delta_dP,1,40C__aluminum_trial_3,40C,aluminum,3,23958.09466547789,20719.018880208332
A_not_baseline_centered,P_delta_dP,1,40C__aluminum_trial_4,40C,aluminum,4,23958.09466547789,8739.6806640625
A_not_baseline_centered,P_delta_dP,1,40C__aluminum_trial_5,40C,aluminum,5,23958.09466547789,10114.123697916666
A_not_baseline_centered,P_delta_dP,1,40C__aluminum_trial_6,40C,aluminum,6,23958.09466547789,11031.009765625
A_not_baseline_centered,P_delta_dP,1,50C__aluminum_trial_1,50C,aluminum,1,23958.09466547789,10389.371419270834
A_not_baseline_centered,P_delta_dP,1,50C__aluminum_trial_2,50C,aluminum,2,23958.09466547789,7533.30078125
A_not_baseline_centered,P_delta_dP,1,50C__aluminum_trial_3,50C,aluminum,3,23958.09466547789,17989.979166666668
A_not_baseline_centered,P_delta_dP,1,50C__aluminum_trial_4,50C,aluminum,4,23958.09466547789,21008.895182291668
A_not_baseline_centered,P_delta_dP,1,50C__aluminum_trial_5,50C,aluminum,5,23958.09466547789,13409.846354166666
A_not_baseline_centered,P_delta_dP,1,50C__aluminum_trial_6,50C,aluminum,6,23958.09466547789,19539.690755208332
A_not_baseline_centered,P_delta_dP,1,60C__aluminum_trial_1,60C,aluminum,1,23958.09466547789,14462.829427083334
A_not_baseline_centered,P_delta_dP,1,60C__aluminum_trial_2,60C,aluminum,2,23958.09466547789,13577.0517578125
A_not_baseline_centered,P_delta_dP,1,60C__aluminum_trial_3,60C,aluminum,3,23958.09466547789,15168.875
A_not_baseline_centered,P_delta_dP,1,60C__aluminum_trial_4,60C,aluminum,4,23958.09466547789,17434.928385416668
A_not_baseline_centered,P_delta_dP,1,60C__aluminum_trial_5,60C,aluminum,5,23958.09466547789,15843.715169270834
A_not_baseline_centered,P_delta_dP,1,60C__aluminum_trial_6,60C,aluminum,6,23958.09466547789,20800.971354166668
A_not_baseline_centered,S_delta_dS,1,30C__aluminum_trial_1,30C,aluminum,1,23958.09466547789,8809.051595052084
A_not_baseline_centered,S_delta_dS,1,30C__aluminum_trial_2,30C,aluminum,2,23958.09466547789,15968.521809895834
A_not_baseline_centered,S_delta_dS,1,30C__aluminum_trial_3,30C,aluminum,3,23958.09466547789,20241.637369791668
A_not_baseline_centered,S_delta_dS,1,30C__aluminum_trial_4,30C,aluminum,4,23958.09466547789,19966.632161458332
A_not_baseline_centered,S_delta_dS,1,30C__aluminum_trial_5,30C,aluminum,5,23958.09466547789,20552.173828125
A_not_baseline_centered,S_delta_dS,1,30C__aluminum_trial_6,30C,aluminum,6,23958.09466547789,23675.280598958332
A_not_baseline_centered,S_delta_dS,1,40C__aluminum_trial_1,40C,aluminum,1,23958.09466547789,15598.192708333334
A_not_baseline_centered,S_delta_dS,1,40C__aluminum_trial_2,40C,aluminum,2,23958.09466547789,11127.333170572916
A_not_baseline_centered,S_delta_dS,1,40C__aluminum_trial_3,40C,aluminum,3,23958.09466547789,24609.418619791668
A_not_baseline_centered,S_delta_dS,1,40C__aluminum_trial_4,40C,aluminum,4,23958.09466547789,11881.451822916666
A_not_baseline_centered,S_delta_dS,1,40C__aluminum_trial_5,40C,aluminum,5,23958.09466547789,10222.541666666666
A_not_baseline_centered,S_delta_dS,1,40C__aluminum_trial_6,40C,aluminum,6,23958.09466547789,11126.938802083334
A_not_baseline_centered,S_delta_dS,1,50C__aluminum_trial_1,50C,aluminum,1,23958.09466547789,12139.593098958334
A_not_baseline_centered,S_delta_dS,1,50C__aluminum_trial_2,50C,aluminum,2,23958.09466547789,13703.772135416666
A_not_baseline_centered,S_delta_dS,1,50C__aluminum_trial_3,50C,aluminum,3,23958.09466547789,21849.580729166668
A_not_baseline_centered,S_delta_dS,1,50C__aluminum_trial_4,50C,aluminum,4,23958.09466547789,23352.733072916668
A_not_baseline_centered,S_delta_dS,1,50C__aluminum_trial_5,50C,aluminum,5,23958.09466547789,15299.533854166666
A_not_baseline_centered,S_delta_dS,1,50C__aluminum_trial_6,50C,aluminum,6,23958.09466547789,21706.94140625
A_not_baseline_centered,S_delta_dS,1,60C__aluminum_trial_1,60C,aluminum,1,23958.09466547789,7048.181966145833
A_not_baseline_centered,S_delta_dS,1,60C__aluminum_trial_2,60C,aluminum,2,23958.09466547789,8342.21630859375
A_not_baseline_centered,S_delta_dS,1,60C__aluminum_trial_3,60C,aluminum,3,23958.09466547789,13093.161783854166
A_not_baseline_centered,S_delta_dS,1,60C__aluminum_trial_4,60C,aluminum,4,23958.09466547789,13091.3857421875
A_not_baseline_centered,S_delta_dS,1,60C__aluminum_trial_5,60C,aluminum,5,23958.09466547789,15803.560221354166
A_not_baseline_centered,S_delta_dS,1,60C__aluminum_trial_6,60C,aluminum,6,23958.09466547789,16862.4296875
A_not_baseline_centered,P_dP,1,30C__aluminum_trial_1,30C,aluminum,1,23958.09466547789,14252.0419921875
A_not_baseline_centered,P_dP,1,30C__aluminum_trial_2,30C,aluminum,2,23958.09466547789,12346.906901041666
A_not_baseline_centered,P_dP,1,30C__aluminum_trial_3,30C,aluminum,3,23958.09466547789,11550.724934895834
A_not_baseline_centered,P_dP,1,30C__aluminum_trial_4,30C,aluminum,4,23958.09466547789,19019.131510416668
A_not_baseline_centered,P_dP,1,30C__aluminum_trial_5,30C,aluminum,5,23958.09466547789,16741.421223958332
A_not_baseline_centered,P_dP,1,30C__aluminum_trial_6,30C,aluminum,6,23958.09466547789,18179.399739583332
A_not_baseline_centered,P_dP,1,40C__aluminum_trial_1,40C,aluminum,1,23958.09466547789,16734.747395833332
A_not_baseline_centered,P_dP,1,40C__aluminum_trial_2,40C,aluminum,2,23958.09466547789,4370.1911214192705
A_not_baseline_centered,P_dP,1,40C__aluminum_trial_3,40C,aluminum,3,23958.09466547789,15098.540364583334
A_not_baseline_centered,P_dP,1,40C__aluminum_trial_4,40C,aluminum,4,23958.09466547789,8360.073404947916
A_not_baseline_centered,P_dP,1,40C__aluminum_trial_5,40C,aluminum,5,23958.09466547789,10213.940104166666
A_not_baseline_centered,P_dP,1,40C__aluminum_trial_6,40C,aluminum,6,23958.09466547789,9031.255045572916
A_not_baseline_centered,P_dP,1,50C__aluminum_trial_1,50C,aluminum,1,23958.09466547789,8838.584147135416
A_not_baseline_centered,P_dP,1,50C__aluminum_trial_2,50C,aluminum,2,23958.09466547789,6991.298177083333
A_not_baseline_centered,P_dP,1,50C__aluminum_trial_3,50C,aluminum,3,23958.09466547789,16776.6259765625
A_not_baseline_centered,P_dP,1,50C__aluminum_trial_4,50C,aluminum,4,23958.09466547789,18893.492838541668
A_not_baseline_centered,P_dP,1,50C__aluminum_trial_5,50C,aluminum,5,23958.09466547789,12319.931640625
A_not_baseline_centered,P_dP,1,50C__aluminum_trial_6,50C,aluminum,6,23958.09466547789,16847.965494791668
A_not_baseline_centered,P_dP,1,60C__aluminum_trial_1,60C,aluminum,1,23958.09466547789,13210.905924479166
A_not_baseline_centered,P_dP,1,60C__aluminum_trial_2,60C,aluminum,2,23958.09466547789,13356.5
A_not_baseline_centered,P_dP,1,60C__aluminum_trial_3,60C,aluminum,3,23958.09466547789,16327.299153645834
A_not_baseline_centered,P_dP,1,60C__aluminum_trial_4,60C,aluminum,4,23958.09466547789,18515.843098958332
A_not_baseline_centered,P_dP,1,60C__aluminum_trial_5,60C,aluminum,5,23958.09466547789,16691.161458333332
A_not_baseline_centered,P_dP,1,60C__aluminum_trial_6,60C,aluminum,6,23958.09466547789,21621.772786458332
A_not_baseline_centered,S_dS,1,30C__aluminum_trial_1,30C,aluminum,1,23958.09466547789,5878.627604166667
A_not_baseline_centered,S_dS,1,30C__aluminum_trial_2,30C,aluminum,2,23958.09466547789,18936.967447916668
A_not_baseline_centered,S_dS,1,30C__aluminum_trial_3,30C,aluminum,3,23958.09466547789,14739.987955729166
A_not_baseline_centered,S_dS,1,30C__aluminum_trial_4,30C,aluminum,4,23958.09466547789,10073.464518229166
A_not_baseline_centered,S_dS,1,30C__aluminum_trial_5,30C,aluminum,5,23958.09466547789,16251.787434895834
A_not_baseline_centered,S_dS,1,30C__aluminum_trial_6,30C,aluminum,6,23958.09466547789,11978.917073567709
A_not_baseline_centered,S_dS,1,40C__aluminum_trial_1,40C,aluminum,1,23958.09466547789,11295.213541666666
A_not_baseline_centered,S_dS,1,40C__aluminum_trial_2,40C,aluminum,2,23958.09466547789,17607.43359375
A_not_baseline_centered,S_dS,1,40C__aluminum_trial_3,40C,aluminum,3,23958.09466547789,21113.353515625
A_not_baseline_centered,S_dS,1,40C__aluminum_trial_4,40C,aluminum,4,23958.09466547789,14139.080403645834
A_not_baseline_centered,S_dS,1,40C__aluminum_trial_5,40C,aluminum,5,23958.09466547789,16207.178385416666
A_not_baseline_centered,S_dS,1,40C__aluminum_trial_6,40C,aluminum,6,23958.09466547789,13173.7392578125
A_not_baseline_centered,S_dS,1,50C__aluminum_trial_1,50C,aluminum,1,23958.09466547789,11500.547200520834
A_not_baseline_centered,S_dS,1,50C__aluminum_trial_2,50C,aluminum,2,23958.09466547789,12376.421875
A_not_baseline_centered,S_dS,1,50C__aluminum_trial_3,50C,aluminum,3,23958.09466547789,16300.554036458334
A_not_baseline_centered,S_dS,1,50C__aluminum_trial_4,50C,aluminum,4,23958.09466547789,13872.0126953125
A_not_baseline_centered,S_dS,1,50C__aluminum_trial_5,50C,aluminum,5,23958.09466547789,16461.682942708332
A_not_baseline_centered,S_dS,1,50C__aluminum_trial_6,50C,aluminum,6,23958.09466547789,12782.8466796875
A_not_baseline_centered,S_dS,1,60C__aluminum_trial_1,60C,aluminum,1,23958.09466547789,9712.705078125
A_not_baseline_centered,S_dS,1,60C__aluminum_trial_2,60C,aluminum,2,23958.09466547789,8170.727213541667
A_not_baseline_centered,S_dS,1,60C__aluminum_trial_3,60C,aluminum,3,23958.09466547789,8668.166829427084
A_not_baseline_centered,S_dS,1,60C__aluminum_trial_4,60C,aluminum,4,23958.09466547789,9215.15478515625
A_not_baseline_centered,S_dS,1,60C__aluminum_trial_5,60C,aluminum,5,23958.09466547789,14723.481770833334
A_not_baseline_centered,S_dS,1,60C__aluminum_trial_6,60C,aluminum,6,23958.09466547789,11202.301432291666
A_not_baseline_centered,delta,1,30C__aluminum_trial_1,30C,aluminum,1,23958.09466547789,10259.090494791666
A_not_baseline_centered,delta,1,30C__aluminum_trial_2,30C,aluminum,2,23958.09466547789,9392.756184895834
A_not_baseline_centered,delta,1,30C__aluminum_trial_3,30C,aluminum,3,23958.09466547789,11500.904947916666
A_not_baseline_centered,delta,1,30C__aluminum_trial_4,30C,aluminum,4,23958.09466547789,15135.352213541666
A_not_baseline_centered,delta,1,30C__aluminum_trial_5,30C,aluminum,5,23958.09466547789,18104.623697916668
A_not_baseline_centered,delta,1,30C__aluminum_trial_6,30C,aluminum,6,23958.09466547789,14825.722981770834
A_not_baseline_centered,delta,1,40C__aluminum_trial_1,40C,aluminum,1,23958.09466547789,12135.7265625
A_not_baseline_centered,delta,1,40C__aluminum_trial_2,40C,aluminum,2,23958.09466547789,9687.76171875
A_not_baseline_centered,delta,1,40C__aluminum_trial_3,40C,aluminum,3,23958.09466547789,12549.667643229166
A_not_baseline_centered,delta,1,40C__aluminum_trial_4,40C,aluminum,4,23958.09466547789,11783.3212890625
A_not_baseline_centered,delta,1,40C__aluminum_trial_5,40C,aluminum,5,23958.09466547789,13115.447265625
A_not_baseline_centered,delta,1,40C__aluminum_trial_6,40C,aluminum,6,23958.09466547789,11950.973958333334
A_not_baseline_centered,delta,1,50C__aluminum_trial_1,50C,aluminum,1,23958.09466547789,10426.106119791666
A_not_baseline_centered,delta,1,50C__aluminum_trial_2,50C,aluminum,2,23958.09466547789,7300.88818359375
A_not_baseline_centered,delta,1,50C__aluminum_trial_3,50C,aluminum,3,23958.09466547789,18486.893229166668
A_not_baseline_centered,delta,1,50C__aluminum_trial_4,50C,aluminum,4,23958.09466547789,18198.328125
A_not_baseline_centered,delta,1,50C__aluminum_trial_5,50C,aluminum,5,23958.09466547789,14809.455729166666
A_not_baseline_centered,delta,1,50C__aluminum_trial_6,50C,aluminum,6,23958.09466547789,19393.6875
A_not_baseline_centered,delta,1,60C__aluminum_trial_1,60C,aluminum,1,23958.09466547789,16223.295247395834
A_not_baseline_centered,delta,1,60C__aluminum_trial_2,60C,aluminum,2,23958.09466547789,13219.620768229166
A_not_baseline_centered,delta,1,60C__aluminum_trial_3,60C,aluminum,3,23958.09466547789,21818.529947916668
A_not_baseline_centered,delta,1,60C__aluminum_trial_4,60C,aluminum,4,23958.09466547789,19514.508463541668
A_not_baseline_centered,delta,1,60C__aluminum_trial_5,60C,aluminum,5,23958.09466547789,18671.5224609375
A_not_baseline_centered,delta,1,60C__aluminum_trial_6,60C,aluminum,6,23958.09466547789,24174.973958333332
A_not_baseline_centered,P,1,30C__aluminum_trial_1,30C,aluminum,1,23958.09466547789,15697.445963541666
A_not_baseline_centered,P,1,30C__aluminum_trial_2,30C,aluminum,2,23958.09466547789,15241.869140625
A_not_baseline_centered,P,1,30C__aluminum_trial_3,30C,aluminum,3,23958.09466547789,14148.252604166666
A_not_baseline_centered,P,1,30C__aluminum_trial_4,30C,aluminum,4,23958.09466547789,18101.229166666668
A_not_baseline_centered,P,1,30C__aluminum_trial_5,30C,aluminum,5,23958.09466547789,17735.743489583332
A_not_baseline_centered,P,1,30C__aluminum_trial_6,30C,aluminum,6,23958.09466547789,15570.089518229166
A_not_baseline_centered,P,1,40C__aluminum_trial_1,40C,aluminum,1,23958.09466547789,14393.655598958334
A_not_baseline_centered,P,1,40C__aluminum_trial_2,40C,aluminum,2,23958.09466547789,16635.202799479168
A_not_baseline_centered,P,1,40C__aluminum_trial_3,40C,aluminum,3,23958.09466547789,15415.991536458334
A_not_baseline_centered,P,1,40C__aluminum_trial_4,40C,aluminum,4,23958.09466547789,12861.856770833334
A_not_baseline_centered,P,1,40C__aluminum_trial_5,40C,aluminum,5,23958.09466547789,11620.816080729166
A_not_baseline_centered,P,1,40C__aluminum_trial_6,40C,aluminum,6,23958.09466547789,16868.736328125
A_not_baseline_centered,P,1,50C__aluminum_trial_1,50C,aluminum,1,23958.09466547789,11565.0869140625
A_not_baseline_centered,P,1,50C__aluminum_trial_2,50C,aluminum,2,23958.09466547789,10068.555013020834
A_not_baseline_centered,P,1,50C__aluminum_trial_3,50C,aluminum,3,23958.09466547789,14744.6962890625
A_not_baseline_centered,P,1,50C__aluminum_trial_4,50C,aluminum,4,23958.09466547789,18678.051106770832
A_not_baseline_centered,P,1,50C__aluminum_trial_5,50C,aluminum,5,23958.09466547789,15452.099283854166
A_not_baseline_centered,P,1,50C__aluminum_trial_6,50C,aluminum,6,23958.09466547789,15641.580078125
A_not_baseline_centered,P,1,60C__aluminum_trial_1,60C,aluminum,1,23958.09466547789,9119.412434895834
A_not_baseline_centered,P,1,60C__aluminum_trial_2,60C,aluminum,2,23958.09466547789,14487.767903645834
A_not_baseline_centered,P,1,60C__aluminum_trial_3,60C,aluminum,3,23958.09466547789,11594.179036458334
A_not_baseline_centered,P,1,60C__aluminum_trial_4,60C,aluminum,4,23958.09466547789,11911.418294270834
A_not_baseline_centered,P,1,60C__aluminum_trial_5,60C,aluminum,5,23958.09466547789,15105.522135416666
A_not_baseline_centered,P,1,60C__aluminum_trial_6,60C,aluminum,6,23958.09466547789,14588.329427083334
A_not_baseline_centered,S,1,30C__aluminum_trial_1,30C,aluminum,1,23958.09466547789,8704.260904947916
A_not_baseline_centered,S,1,30C__aluminum_trial_2,30C,aluminum,2,23958.09466547789,16504.292643229168
A_not_baseline_centered,S,1,30C__aluminum_trial_3,30C,aluminum,3,23958.09466547789,13204.529622395834
A_not_baseline_centered,S,1,30C__aluminum_trial_4,30C,aluminum,4,23958.09466547789,11856.032552083334
A_not_baseline_centered,S,1,30C__aluminum_trial_5,30C,aluminum,5,23958.09466547789,11131.198567708334
A_not_baseline_centered,S,1,30C__aluminum_trial_6,30C,aluminum,6,23958.09466547789,12133.255208333334
A_not_baseline_centered,S,1,40C__aluminum_trial_1,40C,aluminum,1,23958.09466547789,9720.324544270834
A_not_baseline_centered,S,1,40C__aluminum_trial_2,40C,aluminum,2,23958.09466547789,17990.745768229168
A_not_baseline_centered,S,1,40C__aluminum_trial_3,40C,aluminum,3,23958.09466547789,18049.435546875
A_not_baseline_centered,S,1,40C__aluminum_trial_4,40C,aluminum,4,23958.09466547789,9348.686197916666
A_not_baseline_centered,S,1,40C__aluminum_trial_5,40C,aluminum,5,23958.09466547789,14567.887369791666
A_not_baseline_centered,S,1,40C__aluminum_trial_6,40C,aluminum,6,23958.09466547789,16033.248046875
A_not_baseline_centered,S,1,50C__aluminum_trial_1,50C,aluminum,1,23958.09466547789,8181.384602864583
A_not_baseline_centered,S,1,50C__aluminum_trial_2,50C,aluminum,2,23958.09466547789,8812.427734375
A_not_baseline_centered,S,1,50C__aluminum_trial_3,50C,aluminum,3,23958.09466547789,13470.846354166666
A_not_baseline_centered,S,1,50C__aluminum_trial_4,50C,aluminum,4,23958.09466547789,17289.855143229168
A_not_baseline_centered,S,1,50C__aluminum_trial_5,50C,aluminum,5,23958.09466547789,15083.268880208334
A_not_baseline_centered,S,1,50C__aluminum_trial_6,50C,aluminum,6,23958.09466547789,13439.364583333334
A_not_baseline_centered,S,1,60C__aluminum_trial_1,60C,aluminum,1,23958.09466547789,8795.894856770834
A_not_baseline_centered,S,1,60C__aluminum_trial_2,60C,aluminum,2,23958.09466547789,11230.7294921875
A_not_baseline_centered,S,1,60C__aluminum_trial_3,60C,aluminum,3,23958.09466547789,9279.06982421875
A_not_baseline_centered,S,1,60C__aluminum_trial_4,60C,aluminum,4,23958.09466547789,9751.855143229166
A_not_baseline_centered,S,1,60C__aluminum_trial_5,60C,aluminum,5,23958.09466547789,16519.223958333332
A_not_baseline_centered,S,1,60C__aluminum_trial_6,60C,aluminum,6,23958.09466547789,13948.6123046875
A_not_baseline_centered,P_S_delta_dP_dS_ddP_ddS,2,30C__bismuth_trial_1,30C,bismuth,1,3209.1026783199068,9920.515462239584
A_not_baseline_centered,P_S_delta_dP_dS_ddP_ddS,2,30C__bismuth_trial_2,30C,bismuth,2,3209.1026783199068,1861.8639119466145
A_not_baseline_centered,P_S_delta_dP_dS_ddP_ddS,2,30C__bismuth_trial_3,30C,bismuth,3,3209.1026783199068,2169.5718383789062
A_not_baseline_centered,P_S_delta_dP_dS_ddP_ddS,2,30C__bismuth_trial_4,30C,bismuth,4,3209.1026783199068,3612.749267578125
A_not_baseline_centered,P_S_delta_dP_dS_ddP_ddS,2,30C__bismuth_trial_5,30C,bismuth,5,3209.1026783199068,2512.425008138021
A_not_baseline_centered,P_S_delta_dP_dS_ddP_ddS,2,30C__bismuth_trial_6,30C,bismuth,6,3209.1026783199068,12031.417643229166
A_not_baseline_centered,P_S_delta_dP_dS_ddP_ddS,2,40C__bismuth_trial_1,40C,bismuth,1,3209.1026783199068,14005.499674479166
A_not_baseline_centered,P_S_delta_dP_dS_ddP_ddS,2,40C__bismuth_trial_2,40C,bismuth,2,3209.1026783199068,12735.21875
A_not_baseline_centered,P_S_delta_dP_dS_ddP_ddS,2,40C__bismuth_trial_3,40C,bismuth,3,3209.1026783199068,19168.7607421875
A_not_baseline_centered,P_S_delta_dP_dS_ddP_ddS,2,40C__bismuth_trial_4,40C,bismuth,4,3209.1026783199068,13368.072591145834
A_not_baseline_centered,P_S_delta_dP_dS_ddP_ddS,2,40C__bismuth_trial_5,40C,bismuth,5,3209.1026783199068,7275.639811197917
A_not_baseline_centered,P_S_delta_dP_dS_ddP_ddS,2,40C__bismuth_trial_6,40C,bismuth,6,3209.1026783199068,16822.932942708332
A_not_baseline_centered,P_S_delta_dP_dS_ddP_ddS,2,50C__bismuth_trial_1,50C,bismuth,1,3209.1026783199068,17164.020833333332
A_not_baseline_centered,P_S_delta_dP_dS_ddP_ddS,2,50C__bismuth_trial_2,50C,bismuth,2,3209.1026783199068,18474.696614583332
A_not_baseline_centered,P_S_delta_dP_dS_ddP_ddS,2,50C__bismuth_trial_3,50C,bismuth,3,3209.1026783199068,14781.119791666666
A_not_baseline_centered,P_S_delta_dP_dS_ddP_ddS,2,50C__bismuth_trial_4,50C,bismuth,4,3209.1026783199068,15695.1591796875
A_not_baseline_centered,P_S_delta_dP_dS_ddP_ddS,2,50C__bismuth_trial_5,50C,bismuth,5,3209.1026783199068,12885.935546875
A_not_baseline_centered,P_S_delta_dP_dS_ddP_ddS,2,50C__bismuth_trial_6,50C,bismuth,6,3209.1026783199068,17424.233072916668
A_not_baseline_centered,P_S_delta_dP_dS_ddP_ddS,2,60C__bismuth_trial_1,60C,bismuth,1,3209.1026783199068,14460.552083333334
A_not_baseline_centered,P_S_delta_dP_dS_ddP_ddS,2,60C__bismuth_trial_2,60C,bismuth,2,3209.1026783199068,15700.154622395834
A_not_baseline_centered,P_S_delta_dP_dS_ddP_ddS,2,60C__bismuth_trial_3,60C,bismuth,3,3209.1026783199068,14510.4140625
A_not_baseline_centered,P_S_delta_dP_dS_ddP_ddS,2,60C__bismuth_trial_4,60C,bismuth,4,3209.1026783199068,15113.943359375
A_not_baseline_centered,P_S_delta_dP_dS_ddP_ddS,2,60C__bismuth_trial_5,60C,bismuth,5,3209.1026783199068,10576.013997395834
A_not_baseline_centered,P_S_delta_dP_dS_ddP_ddS,2,60C__bismuth_trial_6,60C,bismuth,6,3209.1026783199068,17178.395182291668
A_not_baseline_centered,P_delta_dP,2,30C__bismuth_trial_1,30C,bismuth,1,3209.1026783199068,10046.481770833334
A_not_baseline_centered,P_delta_dP,2,30C__bismuth_trial_2,30C,bismuth,2,3209.1026783199068,2474.171142578125
A_not_baseline_centered,P_delta_dP,2,30C__bismuth_trial_3,30C,bismuth,3,3209.1026783199068,1796.5296630859375
A_not_baseline_centered,P_delta_dP,2,30C__bismuth_trial_4,30C,bismuth,4,3209.1026783199068,5441.445719401042
A_not_baseline_centered,P_delta_dP,2,30C__bismuth_trial_5,30C,bismuth,5,3209.1026783199068,2385.330281575521
A_not_baseline_centered,P_delta_dP,2,30C__bismuth_trial_6,30C,bismuth,6,3209.1026783199068,10001.541341145834
A_not_baseline_centered,P_delta_dP,2,40C__bismuth_trial_1,40C,bismuth,1,3209.1026783199068,13532.894205729166
A_not_baseline_centered,P_delta_dP,2,40C__bismuth_trial_2,40C,bismuth,2,3209.1026783199068,13291.502604166666
A_not_baseline_centered,P_delta_dP,2,40C__bismuth_trial_3,40C,bismuth,3,3209.1026783199068,14305.33203125
A_not_baseline_centered,P_delta_dP,2,40C__bismuth_trial_4,40C,bismuth,4,3209.1026783199068,13497.2255859375
A_not_baseline_centered,P_delta_dP,2,40C__bismuth_trial_5,40C,bismuth,5,3209.1026783199068,8674.142415364584
A_not_baseline_centered,P_delta_dP,2,40C__bismuth_trial_6,40C,bismuth,6,3209.1026783199068,13325.030598958334
A_not_baseline_centered,P_delta_dP,2,50C__bismuth_trial_1,50C,bismuth,1,3209.1026783199068,16279.480143229166
A_not_baseline_centered,P_delta_dP,2,50C__bismuth_trial_2,50C,bismuth,2,3209.1026783199068,19014.444010416668
A_not_baseline_centered,P_delta_dP,2,50C__bismuth_trial_3,50C,bismuth,3,3209.1026783199068,15025.842122395834
A_not_baseline_centered,P_delta_dP,2,50C__bismuth_trial_4,50C,bismuth,4,3209.1026783199068,15030.4580078125
A_not_baseline_centered,P_delta_dP,2,50C__bismuth_trial_5,50C,bismuth,5,3209.1026783199068,11694.839192708334
A_not_baseline_centered,P_delta_dP,2,50C__bismuth_trial_6,50C,bismuth,6,3209.1026783199068,19186.806315104168
A_not_baseline_centered,P_delta_dP,2,60C__bismuth_trial_1,60C,bismuth,1,3209.1026783199068,14157.082682291666
A_not_baseline_centered,P_delta_dP,2,60C__bismuth_trial_2,60C,bismuth,2,3209.1026783199068,12568.6337890625
A_not_baseline_centered,P_delta_dP,2,60C__bismuth_trial_3,60C,bismuth,3,3209.1026783199068,12988.081380208334
A_not_baseline_centered,P_delta_dP,2,60C__bismuth_trial_4,60C,bismuth,4,3209.1026783199068,13606.820963541666
A_not_baseline_centered,P_delta_dP,2,60C__bismuth_trial_5,60C,bismuth,5,3209.1026783199068,11700.034505208334
A_not_baseline_centered,P_delta_dP,2,60C__bismuth_trial_6,60C,bismuth,6,3209.1026783199068,16542.089518229168
A_not_baseline_centered,S_delta_dS,2,30C__bismuth_trial_1,30C,bismuth,1,3209.1026783199068,11842.078450520834
A_not_baseline_centered,S_delta_dS,2,30C__bismuth_trial_2,30C,bismuth,2,3209.1026783199068,9966.24560546875
A_not_baseline_centered,S_delta_dS,2,30C__bismuth_trial_3,30C,bismuth,3,3209.1026783199068,6862.4765625
A_not_baseline_centered,S_delta_dS,2,30C__bismuth_trial_4,30C,bismuth,4,3209.1026783199068,11920.361979166666
A_not_baseline_centered,S_delta_dS,2,30C__bismuth_trial_5,30C,bismuth,5,3209.1026783199068,6673.892578125
A_not_baseline_centered,S_delta_dS,2,30C__bismuth_trial_6,30C,bismuth,6,3209.1026783199068,13007.706380208334
A_not_baseline_centered,S_delta_dS,2,40C__bismuth_trial_1,40C,bismuth,1,3209.1026783199068,13919.142252604166
A_not_baseline_centered,S_delta_dS,2,40C__bismuth_trial_2,40C,bismuth,2,3209.1026783199068,14808.087565104166
A_not_baseline_centered,S_delta_dS,2,40C__bismuth_trial_3,40C,bismuth,3,3209.1026783199068,14352.8681640625
A_not_baseline_centered,S_delta_dS,2,40C__bismuth_trial_4,40C,bismuth,4,3209.1026783199068,13284.864583333334
A_not_baseline_centered,S_delta_dS,2,40C__bismuth_trial_5,40C,bismuth,5,3209.1026783199068,11902.484375
A_not_baseline_centered,S_delta_dS,2,40C__bismuth_trial_6,40C,bismuth,6,3209.1026783199068,12886.972005208334
A_not_baseline_centered,S_delta_dS,2,50C__bismuth_trial_1,50C,bismuth,1,3209.1026783199068,10153.9033203125
A_not_baseline_centered,S_delta_dS,2,50C__bismuth_trial_2,50C,bismuth,2,3209.1026783199068,11686.167643229166
A_not_baseline_centered,S_delta_dS,2,50C__bismuth_trial_3,50C,bismuth,3,3209.1026783199068,11369.066731770834
A_not_baseline_centered,S_delta_dS,2,50C__bismuth_trial_4,50C,bismuth,4,3209.1026783199068,14586.437174479166
A_not_baseline_centered,S_delta_dS,2,50C__bismuth_trial_5,50C,bismuth,5,3209.1026783199068,13227.63671875
A_not_baseline_centered,S_delta_dS,2,50C__bismuth_trial_6,50C,bismuth,6,3209.1026783199068,18395.678385416668
A_not_baseline_centered,S_delta_dS,2,60C__bismuth_trial_1,60C,bismuth,1,3209.1026783199068,10524.874348958334
A_not_baseline_centered,S_delta_dS,2,60C__bismuth_trial_2,60C,bismuth,2,3209.1026783199068,14173.853841145834
A_not_baseline_centered,S_delta_dS,2,60C__bismuth_trial_3,60C,bismuth,3,3209.1026783199068,13465.008463541666
A_not_baseline_centered,S_delta_dS,2,60C__bismuth_trial_4,60C,bismuth,4,3209.1026783199068,13141.0068359375
A_not_baseline_centered,S_delta_dS,2,60C__bismuth_trial_5,60C,bismuth,5,3209.1026783199068,10421.029296875
A_not_baseline_centered,S_delta_dS,2,60C__bismuth_trial_6,60C,bismuth,6,3209.1026783199068,13198.118489583334
A_not_baseline_centered,P_dP,2,30C__bismuth_trial_1,30C,bismuth,1,3209.1026783199068,1870.5055135091145
A_not_baseline_centered,P_dP,2,30C__bismuth_trial_2,30C,bismuth,2,3209.1026783199068,821.2064208984375
A_not_baseline_centered,P_dP,2,30C__bismuth_trial_3,30C,bismuth,3,3209.1026783199068,629.8177286783854
A_not_baseline_centered,P_dP,2,30C__bismuth_trial_4,30C,bismuth,4,3209.1026783199068,1722.0226236979167
A_not_baseline_centered,P_dP,2,30C__bismuth_trial_5,30C,bismuth,5,3209.1026783199068,796.985107421875
A_not_baseline_centered,P_dP,2,30C__bismuth_trial_6,30C,bismuth,6,3209.1026783199068,3710.4501139322915
A_not_baseline_centered,P_dP,2,40C__bismuth_trial_1,40C,bismuth,1,3209.1026783199068,8160.260904947917
A_not_baseline_centered,P_dP,2,40C__bismuth_trial_2,40C,bismuth,2,3209.1026783199068,8075.641438802083
A_not_baseline_centered,P_dP,2,40C__bismuth_trial_3,40C,bismuth,3,3209.1026783199068,9504.288736979166
A_not_baseline_centered,P_dP,2,40C__bismuth_trial_4,40C,bismuth,4,3209.1026783199068,14216.586263020834
A_not_baseline_centered,P_dP,2,40C__bismuth_trial_5,40C,bismuth,5,3209.1026783199068,8082.025227864583
A_not_baseline_centered,P_dP,2,40C__bismuth_trial_6,40C,bismuth,6,3209.1026783199068,14419.6142578125
A_not_baseline_centered,P_dP,2,50C__bismuth_trial_1,50C,bismuth,1,3209.1026783199068,17697.734375
A_not_baseline_centered,P_dP,2,50C__bismuth_trial_2,50C,bismuth,2,3209.1026783199068,19813.332682291668
A_not_baseline_centered,P_dP,2,50C__bismuth_trial_3,50C,bismuth,3,3209.1026783199068,15138.257161458334
A_not_baseline_centered,P_dP,2,50C__bismuth_trial_4,50C,bismuth,4,3209.1026783199068,14430.1943359375
A_not_baseline_centered,P_dP,2,50C__bismuth_trial_5,50C,bismuth,5,3209.1026783199068,11087.861002604166
A_not_baseline_centered,P_dP,2,50C__bismuth_trial_6,50C,bismuth,6,3209.1026783199068,20500.910807291668
A_not_baseline_centered,P_dP,2,60C__bismuth_trial_1,60C,bismuth,1,3209.1026783199068,14197.071614583334
A_not_baseline_centered,P_dP,2,60C__bismuth_trial_2,60C,bismuth,2,3209.1026783199068,15147.540690104166
A_not_baseline_centered,P_dP,2,60C__bismuth_trial_3,60C,bismuth,3,3209.1026783199068,14586.4609375
A_not_baseline_centered,P_dP,2,60C__bismuth_trial_4,60C,bismuth,4,3209.1026783199068,14920.072265625
A_not_baseline_centered,P_dP,2,60C__bismuth_trial_5,60C,bismuth,5,3209.1026783199068,10064.5146484375
A_not_baseline_centered,P_dP,2,60C__bismuth_trial_6,60C,bismuth,6,3209.1026783199068,16324.84375
A_not_baseline_centered,S_dS,2,30C__bismuth_trial_1,30C,bismuth,1,3209.1026783199068,7461.537434895833
A_not_baseline_centered,S_dS,2,30C__bismuth_trial_2,30C,bismuth,2,3209.1026783199068,8563.353678385416
A_not_baseline_centered,S_dS,2,30C__bismuth_trial_3,30C,bismuth,3,3209.1026783199068,5497.310546875
A_not_baseline_centered,S_dS,2,30C__bismuth_trial_4,30C,bismuth,4,3209.1026783199068,5502.415690104167
A_not_baseline_centered,S_dS,2,30C__bismuth_trial_5,30C,bismuth,5,3209.1026783199068,12283.593098958334
A_not_baseline_centered,S_dS,2,30C__bismuth_trial_6,30C,bismuth,6,3209.1026783199068,8954.65478515625
A_not_baseline_centered,S_dS,2,40C__bismuth_trial_1,40C,bismuth,1,3209.1026783199068,9995.672688802084
A_not_baseline_centered,S_dS,2,40C__bismuth_trial_2,40C,bismuth,2,3209.1026783199068,12466.594401041666
A_not_baseline_centered,S_dS,2,40C__bismuth_trial_3,40C,bismuth,3,3209.1026783199068,17918.283854166668
A_not_baseline_centered,S_dS,2,40C__bismuth_trial_4,40C,bismuth,4,3209.1026783199068,9455.6796875
A_not_baseline_centered,S_dS,2,40C__bismuth_trial_5,40C,bismuth,5,3209.1026783199068,11908.734049479166
A_not_baseline_centered,S_dS,2,40C__bismuth_trial_6,40C,bismuth,6,3209.1026783199068,15504.41015625
A_not_baseline_centered,S_dS,2,50C__bismuth_trial_1,50C,bismuth,1,3209.1026783199068,6037.844482421875
A_not_baseline_centered,S_dS,2,50C__bismuth_trial_2,50C,bismuth,2,3209.1026783199068,5806.676350911458
A_not_baseline_centered,S_dS,2,50C__bismuth_trial_3,50C,bismuth,3,3209.1026783199068,8480.859375
A_not_baseline_centered,S_dS,2,50C__bismuth_trial_4,50C,bismuth,4,3209.1026783199068,14169.565104166666
A_not_baseline_centered,S_dS,2,50C__bismuth_trial_5,50C,bismuth,5,3209.1026783199068,13602.506184895834
A_not_baseline_centered,S_dS,2,50C__bismuth_trial_6,50C,bismuth,6,3209.1026783199068,16672.6767578125
A_not_baseline_centered,S_dS,2,60C__bismuth_trial_1,60C,bismuth,1,3209.1026783199068,16250.847330729166
A_not_baseline_centered,S_dS,2,60C__bismuth_trial_2,60C,bismuth,2,3209.1026783199068,15828.331705729166
A_not_baseline_centered,S_dS,2,60C__bismuth_trial_3,60C,bismuth,3,3209.1026783199068,16449.878255208332
A_not_baseline_centered,S_dS,2,60C__bismuth_trial_4,60C,bismuth,4,3209.1026783199068,13115.098958333334
A_not_baseline_centered,S_dS,2,60C__bismuth_trial_5,60C,bismuth,5,3209.1026783199068,15562.267578125
A_not_baseline_centered,S_dS,2,60C__bismuth_trial_6,60C,bismuth,6,3209.1026783199068,15217.203776041666
A_not_baseline_centered,delta,2,30C__bismuth_trial_1,30C,bismuth,1,3209.1026783199068,8311.596354166666
A_not_baseline_centered,delta,2,30C__bismuth_trial_2,30C,bismuth,2,3209.1026783199068,19517.055338541668
A_not_baseline_centered,delta,2,30C__bismuth_trial_3,30C,bismuth,3,3209.1026783199068,12767.725260416666
A_not_baseline_centered,delta,2,30C__bismuth_trial_4,30C,bismuth,4,3209.1026783199068,14710.562825520834
A_not_baseline_centered,delta,2,30C__bismuth_trial_5,30C,bismuth,5,3209.1026783199068,9551.129557291666
A_not_baseline_centered,delta,2,30C__bismuth_trial_6,30C,bismuth,6,3209.1026783199068,17103.730794270832
A_not_baseline_centered,delta,2,40C__bismuth_trial_1,40C,bismuth,1,3209.1026783199068,20423.8203125
A_not_baseline_centered,delta,2,40C__bismuth_trial_2,40C,bismuth,2,3209.1026783199068,19527.143880208332
A_not_baseline_centered,delta,2,40C__bismuth_trial_3,40C,bismuth,3,3209.1026783199068,17869.7236328125
A_not_baseline_centered,delta,2,40C__bismuth_trial_4,40C,bismuth,4,3209.1026783199068,16063.085286458334
A_not_baseline_centered,delta,2,40C__bismuth_trial_5,40C,bismuth,5,3209.1026783199068,16408.490234375
A_not_baseline_centered,delta,2,40C__bismuth_trial_6,40C,bismuth,6,3209.1026783199068,14790.1103515625
A_not_baseline_centered,delta,2,50C__bismuth_trial_1,50C,bismuth,1,3209.1026783199068,17464.243815104168
A_not_baseline_centered,delta,2,50C__bismuth_trial_2,50C,bismuth,2,3209.1026783199068,14920.203776041666
A_not_baseline_centered,delta,2,50C__bismuth_trial_3,50C,bismuth,3,3209.1026783199068,15660.484049479166
A_not_baseline_centered,delta,2,50C__bismuth_trial_4,50C,bismuth,4,3209.1026783199068,13330.580403645834
A_not_baseline_centered,delta,2,50C__bismuth_trial_5,50C,bismuth,5,3209.1026783199068,10813.617513020834
A_not_baseline_centered,delta,2,50C__bismuth_trial_6,50C,bismuth,6,3209.1026783199068,16203.78125
A_not_baseline_centered,delta,2,60C__bismuth_trial_1,60C,bismuth,1,3209.1026783199068,10193.242024739584
A_not_baseline_centered,delta,2,60C__bismuth_trial_2,60C,bismuth,2,3209.1026783199068,15115.106119791666
A_not_baseline_centered,delta,2,60C__bismuth_trial_3,60C,bismuth,3,3209.1026783199068,14182.229817708334
A_not_baseline_centered,delta,2,60C__bismuth_trial_4,60C,bismuth,4,3209.1026783199068,13734.6044921875
A_not_baseline_centered,delta,2,60C__bismuth_trial_5,60C,bismuth,5,3209.1026783199068,11558.0732421875
A_not_baseline_centered,delta,2,60C__bismuth_trial_6,60C,bismuth,6,3209.1026783199068,12659.904947916666
A_not_baseline_centered,P,2,30C__bismuth_trial_1,30C,bismuth,1,3209.1026783199068,1941.1440022786458
A_not_baseline_centered,P,2,30C__bismuth_trial_2,30C,bismuth,2,3209.1026783199068,815.6970621744791
A_not_baseline_centered,P,2,30C__bismuth_trial_3,30C,bismuth,3,3209.1026783199068,675.9448852539062
A_not_baseline_centered,P,2,30C__bismuth_trial_4,30C,bismuth,4,3209.1026783199068,1827.1610921223958
A_not_baseline_centered,P,2,30C__bismuth_trial_5,30C,bismuth,5,3209.1026783199068,1698.3498942057292
A_not_baseline_centered,P,2,30C__bismuth_trial_6,30C,bismuth,6,3209.1026783199068,2614.729532877604
A_not_baseline_centered,P,2,40C__bismuth_trial_1,40C,bismuth,1,3209.1026783199068,3503.43603515625
A_not_baseline_centered,P,2,40C__bismuth_trial_2,40C,bismuth,2,3209.1026783199068,4019.764892578125
A_not_baseline_centered,P,2,40C__bismuth_trial_3,40C,bismuth,3,3209.1026783199068,11260.354817708334
A_not_baseline_centered,P,2,40C__bismuth_trial_4,40C,bismuth,4,3209.1026783199068,13246.266927083334
A_not_baseline_centered,P,2,40C__bismuth_trial_5,40C,bismuth,5,3209.1026783199068,11378.7587890625
A_not_baseline_centered,P,2,40C__bismuth_trial_6,40C,bismuth,6,3209.1026783199068,15725.528645833334
A_not_baseline_centered,P,2,50C__bismuth_trial_1,50C,bismuth,1,3209.1026783199068,18097.008463541668
A_not_baseline_centered,P,2,50C__bismuth_trial_2,50C,bismuth,2,3209.1026783199068,12832.1494140625
A_not_baseline_centered,P,2,50C__bismuth_trial_3,50C,bismuth,3,3209.1026783199068,14879.597005208334
A_not_baseline_centered,P,2,50C__bismuth_trial_4,50C,bismuth,4,3209.1026783199068,12374.144694010416
A_not_baseline_centered,P,2,50C__bismuth_trial_5,50C,bismuth,5,3209.1026783199068,8564.170572916666
A_not_baseline_centered,P,2,50C__bismuth_trial_6,50C,bismuth,6,3209.1026783199068,16643.322916666668
A_not_baseline_centered,P,2,60C__bismuth_trial_1,60C,bismuth,1,3209.1026783199068,11792.722981770834
A_not_baseline_centered,P,2,60C__bismuth_trial_2,60C,bismuth,2,3209.1026783199068,11859.8408203125
A_not_baseline_centered,P,2,60C__bismuth_trial_3,60C,bismuth,3,3209.1026783199068,13308.396158854166
A_not_baseline_centered,P,2,60C__bismuth_trial_4,60C,bismuth,4,3209.1026783199068,12502.589192708334
A_not_baseline_centered,P,2,60C__bismuth_trial_5,60C,bismuth,5,3209.1026783199068,10175.632161458334
A_not_baseline_centered,P,2,60C__bismuth_trial_6,60C,bismuth,6,3209.1026783199068,13186.544270833334
A_not_baseline_centered,S,2,30C__bismuth_trial_1,30C,bismuth,1,3209.1026783199068,8802.376139322916
A_not_baseline_centered,S,2,30C__bismuth_trial_2,30C,bismuth,2,3209.1026783199068,2541.1698404947915
A_not_baseline_centered,S,2,30C__bismuth_trial_3,30C,bismuth,3,3209.1026783199068,1594.830301920573
A_not_baseline_centered,S,2,30C__bismuth_trial_4,30C,bismuth,4,3209.1026783199068,3126.220011393229
A_not_baseline_centered,S,2,30C__bismuth_trial_5,30C,bismuth,5,3209.1026783199068,6091.796875
A_not_baseline_centered,S,2,30C__bismuth_trial_6,30C,bismuth,6,3209.1026783199068,7023.9208984375
A_not_baseline_centered,S,2,40C__bismuth_trial_1,40C,bismuth,1,3209.1026783199068,11697.090169270834
A_not_baseline_centered,S,2,40C__bismuth_trial_2,40C,bismuth,2,3209.1026783199068,11382.848958333334
A_not_baseline_centered,S,2,40C__bismuth_trial_3,40C,bismuth,3,3209.1026783199068,17981.373372395832
A_not_baseline_centered,S,2,40C__bismuth_trial_4,40C,bismuth,4,3209.1026783199068,6657.189208984375
A_not_baseline_centered,S,2,40C__bismuth_trial_5,40C,bismuth,5,3209.1026783199068,12384.3837890625
A_not_baseline_centered,S,2,40C__bismuth_trial_6,40C,bismuth,6,3209.1026783199068,8320.435872395834
A_not_baseline_centered,S,2,50C__bismuth_trial_1,50C,bismuth,1,3209.1026783199068,12245.246419270834
A_not_baseline_centered,S,2,50C__bismuth_trial_2,50C,bismuth,2,3209.1026783199068,13051.076822916666
A_not_baseline_centered,S,2,50C__bismuth_trial_3,50C,bismuth,3,3209.1026783199068,17097.185221354168
A_not_baseline_centered,S,2,50C__bismuth_trial_4,50C,bismuth,4,3209.1026783199068,11007.861002604166
A_not_baseline_centered,S,2,50C__bismuth_trial_5,50C,bismuth,5,3209.1026783199068,11668.935221354166
A_not_baseline_centered,S,2,50C__bismuth_trial_6,50C,bismuth,6,3209.1026783199068,18621.137369791668
A_not_baseline_centered,S,2,60C__bismuth_trial_1,60C,bismuth,1,3209.1026783199068,17291.38671875
A_not_baseline_centered,S,2,60C__bismuth_trial_2,60C,bismuth,2,3209.1026783199068,16154.51953125
A_not_baseline_centered,S,2,60C__bismuth_trial_3,60C,bismuth,3,3209.1026783199068,16833.547526041668
A_not_baseline_centered,S,2,60C__bismuth_trial_4,60C,bismuth,4,3209.1026783199068,15779.849609375
A_not_baseline_centered,S,2,60C__bismuth_trial_5,60C,bismuth,5,3209.1026783199068,15636.9443359375
A_not_baseline_centered,S,2,60C__bismuth_trial_6,60C,bismuth,6,3209.1026783199068,15491.579427083334
A_not_baseline_centered,P_S_delta_dP_dS_ddP_ddS,3,30C__cement_trial_1,30C,cement,1,559.6427431853289,467.5248514811198
A_not_baseline_centered,P_S_delta_dP_dS_ddP_ddS,3,30C__cement_trial_2,30C,cement,2,559.6427431853289,481.1582539876302
A_not_baseline_centered,P_S_delta_dP_dS_ddP_ddS,3,30C__cement_trial_3,30C,cement,3,559.6427431853289,340.99131266276044
A_not_baseline_centered,P_S_delta_dP_dS_ddP_ddS,3,30C__cement_trial_4,30C,cement,4,559.6427431853289,484.7945861816406
A_not_baseline_centered,P_S_delta_dP_dS_ddP_ddS,3,30C__cement_trial_5,30C,cement,5,559.6427431853289,493.65093994140625
A_not_baseline_centered,P_S_delta_dP_dS_ddP_ddS,3,30C__cement_trial_6,30C,cement,6,559.6427431853289,362.1653340657552
A_not_baseline_centered,P_S_delta_dP_dS_ddP_ddS,3,40C__cement_trial_1,40C,cement,1,559.6427431853289,477.7078348795573
A_not_baseline_centered,P_S_delta_dP_dS_ddP_ddS,3,40C__cement_trial_2,40C,cement,2,559.6427431853289,299.1768391927083
A_not_baseline_centered,P_S_delta_dP_dS_ddP_ddS,3,40C__cement_trial_3,40C,cement,3,559.6427431853289,260.71494547526044
A_not_baseline_centered,P_S_delta_dP_dS_ddP_ddS,3,40C__cement_trial_4,40C,cement,4,559.6427431853289,1558.5394999186199
A_not_baseline_centered,P_S_delta_dP_dS_ddP_ddS,3,40C__cement_trial_5,40C,cement,5,559.6427431853289,2347.6856689453125
A_not_baseline_centered,P_S_delta_dP_dS_ddP_ddS,3,40C__cement_trial_6,40C,cement,6,559.6427431853289,670.5912679036459
A_not_baseline_centered,P_S_delta_dP_dS_ddP_ddS,3,50C__cement_trial_1,50C,cement,1,559.6427431853289,433.4135030110677
A_not_baseline_centered,P_S_delta_dP_dS_ddP_ddS,3,50C__cement_trial_2,50C,cement,2,559.6427431853289,344.4043375651042
A_not_baseline_centered,P_S_delta_dP_dS_ddP_ddS,3,50C__cement_trial_3,50C,cement,3,559.6427431853289,373.7851053873698
A_not_baseline_centered,P_S_delta_dP_dS_ddP_ddS,3,50C__cement_trial_4,50C,cement,4,559.6427431853289,323.99547322591144
A_not_baseline_centered,P_S_delta_dP_dS_ddP_ddS,3,50C__cement_trial_5,50C,cement,5,559.6427431853289,447.9587097167969
A_not_baseline_centered,P_S_delta_dP_dS_ddP_ddS,3,50C__cement_trial_6,50C,cement,6,559.6427431853289,356.9146219889323
A_not_baseline_centered,P_S_delta_dP_dS_ddP_ddS,3,60C__cement_trial_1,60C,cement,1,559.6427431853289,10108.162760416666
A_not_baseline_centered,P_S_delta_dP_dS_ddP_ddS,3,60C__cement_trial_2,60C,cement,2,559.6427431853289,6703.2616780598955
A_not_baseline_centered,P_S_delta_dP_dS_ddP_ddS,3,60C__cement_trial_3,60C,cement,3,559.6427431853289,7572.449544270833
A_not_baseline_centered,P_S_delta_dP_dS_ddP_ddS,3,60C__cement_trial_4,60C,cement,4,559.6427431853289,7177.101399739583
A_not_baseline_centered,P_S_delta_dP_dS_ddP_ddS,3,60C__cement_trial_5,60C,cement,5,559.6427431853289,7894.933756510417
A_not_baseline_centered,P_S_delta_dP_dS_ddP_ddS,3,60C__cement_trial_6,60C,cement,6,559.6427431853289,4599.838704427083
A_not_baseline_centered,P_delta_dP,3,30C__cement_trial_1,30C,cement,1,559.6427431853289,360.8137715657552
A_not_baseline_centered,P_delta_dP,3,30C__cement_trial_2,30C,cement,2,559.6427431853289,511.19329833984375
A_not_baseline_centered,P_delta_dP,3,30C__cement_trial_3,30C,cement,3,559.6427431853289,326.17698160807294
A_not_baseline_centered,P_delta_dP,3,30C__cement_trial_4,30C,cement,4,559.6427431853289,452.9040832519531
A_not_baseline_centered,P_delta_dP,3,30C__cement_trial_5,30C,cement,5,559.6427431853289,489.9220784505208
A_not_baseline_centered,P_delta_dP,3,30C__cement_trial_6,30C,cement,6,559.6427431853289,336.15728759765625
A_not_baseline_centered,P_delta_dP,3,40C__cement_trial_1,40C,cement,1,559.6427431853289,410.47727457682294
A_not_baseline_centered,P_delta_dP,3,40C__cement_trial_2,40C,cement,2,559.6427431853289,471.41064453125
A_not_baseline_centered,P_delta_dP,3,40C__cement_trial_3,40C,cement,3,559.6427431853289,572.4710286458334
A_not_baseline_centered,P_delta_dP,3,40C__cement_trial_4,40C,cement,4,559.6427431853289,2483.0865275065103
A_not_baseline_centered,P_delta_dP,3,40C__cement_trial_5,40C,cement,5,559.6427431853289,4073.8943684895835
A_not_baseline_centered,P_delta_dP,3,40C__cement_trial_6,40C,cement,6,559.6427431853289,400.30682373046875
A_not_baseline_centered,P_delta_dP,3,50C__cement_trial_1,50C,cement,1,559.6427431853289,375.86920166015625
A_not_baseline_centered,P_delta_dP,3,50C__cement_trial_2,50C,cement,2,559.6427431853289,383.6780598958333
A_not_baseline_centered,P_delta_dP,3,50C__cement_trial_3,50C,cement,3,559.6427431853289,384.9120585123698
A_not_baseline_centered,P_delta_dP,3,50C__cement_trial_4,50C,cement,4,559.6427431853289,357.16501871744794
A_not_baseline_centered,P_delta_dP,3,50C__cement_trial_5,50C,cement,5,559.6427431853289,359.6151631673177
A_not_baseline_centered,P_delta_dP,3,50C__cement_trial_6,50C,cement,6,559.6427431853289,400.6676737467448
A_not_baseline_centered,P_delta_dP,3,60C__cement_trial_1,60C,cement,1,559.6427431853289,5598.162272135417
A_not_baseline_centered,P_delta_dP,3,60C__cement_trial_2,60C,cement,2,559.6427431853289,2920.4971923828125
A_not_baseline_centered,P_delta_dP,3,60C__cement_trial_3,60C,cement,3,559.6427431853289,2990.3091634114585
A_not_baseline_centered,P_delta_dP,3,60C__cement_trial_4,60C,cement,4,559.6427431853289,2958.124552408854
A_not_baseline_centered,P_delta_dP,3,60C__cement_trial_5,60C,cement,5,559.6427431853289,2700.39599609375
A_not_baseline_centered,P_delta_dP,3,60C__cement_trial_6,60C,cement,6,559.6427431853289,2315.690185546875
A_not_baseline_centered,S_delta_dS,3,30C__cement_trial_1,30C,cement,1,559.6427431853289,415.4023844401042
A_not_baseline_centered,S_delta_dS,3,30C__cement_trial_2,30C,cement,2,559.6427431853289,455.94678751627606
A_not_baseline_centered,S_delta_dS,3,30C__cement_trial_3,30C,cement,3,559.6427431853289,322.921630859375
A_not_baseline_centered,S_delta_dS,3,30C__cement_trial_4,30C,cement,4,559.6427431853289,399.4454040527344
A_not_baseline_centered,S_delta_dS,3,30C__cement_trial_5,30C,cement,5,559.6427431853289,425.1119893391927
A_not_baseline_centered,S_delta_dS,3,30C__cement_trial_6,30C,cement,6,559.6427431853289,356.65074666341144
A_not_baseline_centered,S_delta_dS,3,40C__cement_trial_1,40C,cement,1,559.6427431853289,551.2027587890625
A_not_baseline_centered,S_delta_dS,3,40C__cement_trial_2,40C,cement,2,559.6427431853289,302.8598124186198
A_not_baseline_centered,S_delta_dS,3,40C__cement_trial_3,40C,cement,3,559.6427431853289,382.49786376953125
A_not_baseline_centered,S_delta_dS,3,40C__cement_trial_4,40C,cement,4,559.6427431853289,2677.4041748046875
A_not_baseline_centered,S_delta_dS,3,40C__cement_trial_5,40C,cement,5,559.6427431853289,5695.009460449219
A_not_baseline_centered,S_delta_dS,3,40C__cement_trial_6,40C,cement,6,559.6427431853289,610.8575439453125
A_not_baseline_centered,S_delta_dS,3,50C__cement_trial_1,50C,cement,1,559.6427431853289,252.05518086751303
A_not_baseline_centered,S_delta_dS,3,50C__cement_trial_2,50C,cement,2,559.6427431853289,298.7813313802083
A_not_baseline_centered,S_delta_dS,3,50C__cement_trial_3,50C,cement,3,559.6427431853289,425.62896728515625
A_not_baseline_centered,S_delta_dS,3,50C__cement_trial_4,50C,cement,4,559.6427431853289,337.3701883951823
A_not_baseline_centered,S_delta_dS,3,50C__cement_trial_5,50C,cement,5,559.6427431853289,342.6046549479167
A_not_baseline_centered,S_delta_dS,3,50C__cement_trial_6,50C,cement,6,559.6427431853289,663.8816935221354
A_not_baseline_centered,S_delta_dS,3,60C__cement_trial_1,60C,cement,1,559.6427431853289,7456.263346354167
A_not_baseline_centered,S_delta_dS,3,60C__cement_trial_2,60C,cement,2,559.6427431853289,8024.94921875
A_not_baseline_centered,S_delta_dS,3,60C__cement_trial_3,60C,cement,3,559.6427431853289,5875.31494140625
A_not_baseline_centered,S_delta_dS,3,60C__cement_trial_4,60C,cement,4,559.6427431853289,5767.87255859375
A_not_baseline_centered,S_delta_dS,3,60C__cement_trial_5,60C,cement,5,559.6427431853289,6755.75341796875
A_not_baseline_centered,S_delta_dS,3,60C__cement_trial_6,60C,cement,6,559.6427431853289,5957.922119140625
A_not_baseline_centered,P_dP,3,30C__cement_trial_1,30C,cement,1,559.6427431853289,305.28159586588544
A_not_baseline_centered,P_dP,3,30C__cement_trial_2,30C,cement,2,559.6427431853289,554.1048075358073
A_not_baseline_centered,P_dP,3,30C__cement_trial_3,30C,cement,3,559.6427431853289,339.1934000651042
A_not_baseline_centered,P_dP,3,30C__cement_trial_4,30C,cement,4,559.6427431853289,382.2229359944661
A_not_baseline_centered,P_dP,3,30C__cement_trial_5,30C,cement,5,559.6427431853289,344.25396728515625
A_not_baseline_centered,P_dP,3,30C__cement_trial_6,30C,cement,6,559.6427431853289,314.69432067871094
A_not_baseline_centered,P_dP,3,40C__cement_trial_1,40C,cement,1,559.6427431853289,402.1348470052083
A_not_baseline_centered,P_dP,3,40C__cement_trial_2,40C,cement,2,559.6427431853289,389.2062174479167
A_not_baseline_centered,P_dP,3,40C__cement_trial_3,40C,cement,3,559.6427431853289,411.86548868815106
A_not_baseline_centered,P_dP,3,40C__cement_trial_4,40C,cement,4,559.6427431853289,1575.1387125651042
A_not_baseline_centered,P_dP,3,40C__cement_trial_5,40C,cement,5,559.6427431853289,4152.4523518880205
A_not_baseline_centered,P_dP,3,40C__cement_trial_6,40C,cement,6,559.6427431853289,736.0260213216146
A_not_baseline_centered,P_dP,3,50C__cement_trial_1,50C,cement,1,559.6427431853289,422.5298767089844
A_not_baseline_centered,P_dP,3,50C__cement_trial_2,50C,cement,2,559.6427431853289,406.4309895833333
A_not_baseline_centered,P_dP,3,50C__cement_trial_3,50C,cement,3,559.6427431853289,495.22808837890625
A_not_baseline_centered,P_dP,3,50C__cement_trial_4,50C,cement,4,559.6427431853289,554.2905069986979
A_not_baseline_centered,P_dP,3,50C__cement_trial_5,50C,cement,5,559.6427431853289,381.9914042154948
A_not_baseline_centered,P_dP,3,50C__cement_trial_6,50C,cement,6,559.6427431853289,420.3372802734375
A_not_baseline_centered,P_dP,3,60C__cement_trial_1,60C,cement,1,559.6427431853289,5104.998209635417
A_not_baseline_centered,P_dP,3,60C__cement_trial_2,60C,cement,2,559.6427431853289,2671.1749674479165
A_not_baseline_centered,P_dP,3,60C__cement_trial_3,60C,cement,3,559.6427431853289,4026.3332722981772
A_not_baseline_centered,P_dP,3,60C__cement_trial_4,60C,cement,4,559.6427431853289,3320.2767333984375
A_not_baseline_centered,P_dP,3,60C__cement_trial_5,60C,cement,5,559.6427431853289,3451.840535481771
A_not_baseline_centered,P_dP,3,60C__cement_trial_6,60C,cement,6,559.6427431853289,2562.2676798502603
A_not_baseline_centered,S_dS,3,30C__cement_trial_1,30C,cement,1,559.6427431853289,270.01976521809894
A_not_baseline_centered,S_dS,3,30C__cement_trial_2,30C,cement,2,559.6427431853289,441.74367268880206
A_not_baseline_centered,S_dS,3,30C__cement_trial_3,30C,cement,3,559.6427431853289,155.60489908854166
A_not_baseline_centered,S_dS,3,30C__cement_trial_4,30C,cement,4,559.6427431853289,250.83197021484375
A_not_baseline_centered,S_dS,3,30C__cement_trial_5,30C,cement,5,559.6427431853289,294.2171173095703
A_not_baseline_centered,S_dS,3,30C__cement_trial_6,30C,cement,6,559.6427431853289,271.48113505045575
A_not_baseline_centered,S_dS,3,40C__cement_trial_1,40C,cement,1,559.6427431853289,611.6979471842448
A_not_baseline_centered,S_dS,3,40C__cement_trial_2,40C,cement,2,559.6427431853289,472.6368815104167
A_not_baseline_centered,S_dS,3,40C__cement_trial_3,40C,cement,3,559.6427431853289,336.58287048339844
A_not_baseline_centered,S_dS,3,40C__cement_trial_4,40C,cement,4,559.6427431853289,14588.8740234375
A_not_baseline_centered,S_dS,3,40C__cement_trial_5,40C,cement,5,559.6427431853289,7540.958984375
A_not_baseline_centered,S_dS,3,40C__cement_trial_6,40C,cement,6,559.6427431853289,2240.36572265625
A_not_baseline_centered,S_dS,3,50C__cement_trial_1,50C,cement,1,559.6427431853289,2256.4903971354165
A_not_baseline_centered,S_dS,3,50C__cement_trial_2,50C,cement,2,559.6427431853289,424.382568359375
A_not_baseline_centered,S_dS,3,50C__cement_trial_3,50C,cement,3,559.6427431853289,340.9638264973958
A_not_baseline_centered,S_dS,3,50C__cement_trial_4,50C,cement,4,559.6427431853289,335.15452067057294
A_not_baseline_centered,S_dS,3,50C__cement_trial_5,50C,cement,5,559.6427431853289,698.0535990397135
A_not_baseline_centered,S_dS,3,50C__cement_trial_6,50C,cement,6,559.6427431853289,699.2578328450521
A_not_baseline_centered,S_dS,3,60C__cement_trial_1,60C,cement,1,559.6427431853289,2698.1617024739585
A_not_baseline_centered,S_dS,3,60C__cement_trial_2,60C,cement,2,559.6427431853289,3819.0843912760415
A_not_baseline_centered,S_dS,3,60C__cement_trial_3,60C,cement,3,559.6427431853289,2770.4190266927085
A_not_baseline_centered,S_dS,3,60C__cement_trial_4,60C,cement,4,559.6427431853289,2819.984578450521
A_not_baseline_centered,S_dS,3,60C__cement_trial_5,60C,cement,5,559.6427431853289,3199.4852701822915
A_not_baseline_centered,S_dS,3,60C__cement_trial_6,60C,cement,6,559.6427431853289,2264.4552408854165
A_not_baseline_centered,delta,3,30C__cement_trial_1,30C,cement,1,559.6427431853289,193.61953735351562
A_not_baseline_centered,delta,3,30C__cement_trial_2,30C,cement,2,559.6427431853289,426.66233317057294
A_not_baseline_centered,delta,3,30C__cement_trial_3,30C,cement,3,559.6427431853289,166.68443806966147
A_not_baseline_centered,delta,3,30C__cement_trial_4,30C,cement,4,559.6427431853289,161.19565073649088
A_not_baseline_centered,delta,3,30C__cement_trial_5,30C,cement,5,559.6427431853289,196.3824920654297
A_not_baseline_centered,delta,3,30C__cement_trial_6,30C,cement,6,559.6427431853289,148.41851552327475
A_not_baseline_centered,delta,3,40C__cement_trial_1,40C,cement,1,559.6427431853289,562.856211344401
A_not_baseline_centered,delta,3,40C__cement_trial_2,40C,cement,2,559.6427431853289,259.7360585530599
A_not_baseline_centered,delta,3,40C__cement_trial_3,40C,cement,3,559.6427431853289,741.4881388346354
A_not_baseline_centered,delta,3,40C__cement_trial_4,40C,cement,4,559.6427431853289,440.6417643229167
A_not_baseline_centered,delta,3,40C__cement_trial_5,40C,cement,5,559.6427431853289,376.8446756998698
A_not_baseline_centered,delta,3,40C__cement_trial_6,40C,cement,6,559.6427431853289,376.4083557128906
A_not_baseline_centered,delta,3,50C__cement_trial_1,50C,cement,1,559.6427431853289,245.0706990559896
A_not_baseline_centered,delta,3,50C__cement_trial_2,50C,cement,2,559.6427431853289,397.93995157877606
A_not_baseline_centered,delta,3,50C__cement_trial_3,50C,cement,3,559.6427431853289,670.568115234375
A_not_baseline_centered,delta,3,50C__cement_trial_4,50C,cement,4,559.6427431853289,644.6405639648438
A_not_baseline_centered,delta,3,50C__cement_trial_5,50C,cement,5,559.6427431853289,415.57716878255206
A_not_baseline_centered,delta,3,50C__cement_trial_6,50C,cement,6,559.6427431853289,486.06215413411456
A_not_baseline_centered,delta,3,60C__cement_trial_1,60C,cement,1,559.6427431853289,1416.0620524088542
A_not_baseline_centered,delta,3,60C__cement_trial_2,60C,cement,2,559.6427431853289,1102.7532348632812
A_not_baseline_centered,delta,3,60C__cement_trial_3,60C,cement,3,559.6427431853289,1331.7686360677083
A_not_baseline_centered,delta,3,60C__cement_trial_4,60C,cement,4,559.6427431853289,936.9873860677084
A_not_baseline_centered,delta,3,60C__cement_trial_5,60C,cement,5,559.6427431853289,1005.7242024739584
A_not_baseline_centered,delta,3,60C__cement_trial_6,60C,cement,6,559.6427431853289,1476.0740559895833
A_not_baseline_centered,P,3,30C__cement_trial_1,30C,cement,1,559.6427431853289,363.70465087890625
A_not_baseline_centered,P,3,30C__cement_trial_2,30C,cement,2,559.6427431853289,554.969004313151
A_not_baseline_centered,P,3,30C__cement_trial_3,30C,cement,3,559.6427431853289,385.6507263183594
A_not_baseline_centered,P,3,30C__cement_trial_4,30C,cement,4,559.6427431853289,352.6269938151042
A_not_baseline_centered,P,3,30C__cement_trial_5,30C,cement,5,559.6427431853289,377.3865661621094
A_not_baseline_centered,P,3,30C__cement_trial_6,30C,cement,6,559.6427431853289,297.04320271809894
A_not_baseline_centered,P,3,40C__cement_trial_1,40C,cement,1,559.6427431853289,693.2568562825521
A_not_baseline_centered,P,3,40C__cement_trial_2,40C,cement,2,559.6427431853289,1148.9876912434895
A_not_baseline_centered,P,3,40C__cement_trial_3,40C,cement,3,559.6427431853289,1192.9446818033855
A_not_baseline_centered,P,3,40C__cement_trial_4,40C,cement,4,559.6427431853289,1851.8525797526042
A_not_baseline_centered,P,3,40C__cement_trial_5,40C,cement,5,559.6427431853289,2143.693115234375
A_not_baseline_centered,P,3,40C__cement_trial_6,40C,cement,6,559.6427431853289,599.9849853515625
A_not_baseline_centered,P,3,50C__cement_trial_1,50C,cement,1,559.6427431853289,508.356201171875
A_not_baseline_centered,P,3,50C__cement_trial_2,50C,cement,2,559.6427431853289,517.0736185709635
A_not_baseline_centered,P,3,50C__cement_trial_3,50C,cement,3,559.6427431853289,486.1858622233073
A_not_baseline_centered,P,3,50C__cement_trial_4,50C,cement,4,559.6427431853289,879.0366923014323
A_not_baseline_centered,P,3,50C__cement_trial_5,50C,cement,5,559.6427431853289,443.9427185058594
A_not_baseline_centered,P,3,50C__cement_trial_6,50C,cement,6,559.6427431853289,414.03033447265625
A_not_baseline_centered,P,3,60C__cement_trial_1,60C,cement,1,559.6427431853289,11158.888997395834
A_not_baseline_centered,P,3,60C__cement_trial_2,60C,cement,2,559.6427431853289,6528.799235026042
A_not_baseline_centered,P,3,60C__cement_trial_3,60C,cement,3,559.6427431853289,11220.605794270834
A_not_baseline_centered,P,3,60C__cement_trial_4,60C,cement,4,559.6427431853289,5071.5322265625
A_not_baseline_centered,P,3,60C__cement_trial_5,60C,cement,5,559.6427431853289,9296.375
A_not_baseline_centered,P,3,60C__cement_trial_6,60C,cement,6,559.6427431853289,1678.6456298828125
A_not_baseline_centered,S,3,30C__cement_trial_1,30C,cement,1,559.6427431853289,381.60923767089844
A_not_baseline_centered,S,3,30C__cement_trial_2,30C,cement,2,559.6427431853289,638.5533142089844
A_not_baseline_centered,S,3,30C__cement_trial_3,30C,cement,3,559.6427431853289,264.0033009847005
A_not_baseline_centered,S,3,30C__cement_trial_4,30C,cement,4,559.6427431853289,373.3124542236328
A_not_baseline_centered,S,3,30C__cement_trial_5,30C,cement,5,559.6427431853289,483.42333984375
A_not_baseline_centered,S,3,30C__cement_trial_6,30C,cement,6,559.6427431853289,391.5661875406901
A_not_baseline_centered,S,3,40C__cement_trial_1,40C,cement,1,559.6427431853289,529.3041687011719
A_not_baseline_centered,S,3,40C__cement_trial_2,40C,cement,2,559.6427431853289,1373.2862345377605
A_not_baseline_centered,S,3,40C__cement_trial_3,40C,cement,3,559.6427431853289,1606.8834838867188
A_not_baseline_centered,S,3,40C__cement_trial_4,40C,cement,4,559.6427431853289,16838.120442708332
A_not_baseline_centered,S,3,40C__cement_trial_5,40C,cement,5,559.6427431853289,5667.092936197917
A_not_baseline_centered,S,3,40C__cement_trial_6,40C,cement,6,559.6427431853289,967.7786254882812
A_not_baseline_centered,S,3,50C__cement_trial_1,50C,cement,1,559.6427431853289,769.8813273111979
A_not_baseline_centered,S,3,50C__cement_trial_2,50C,cement,2,559.6427431853289,300.2727457682292
A_not_baseline_centered,S,3,50C__cement_trial_3,50C,cement,3,559.6427431853289,549.0698750813802
A_not_baseline_centered,S,3,50C__cement_trial_4,50C,cement,4,559.6427431853289,223.67027791341147
A_not_baseline_centered,S,3,50C__cement_trial_5,50C,cement,5,559.6427431853289,580.5806477864584
A_not_baseline_centered,S,3,50C__cement_trial_6,50C,cement,6,559.6427431853289,568.1334330240885
A_not_baseline_centered,S,3,60C__cement_trial_1,60C,cement,1,559.6427431853289,6679.530598958333
A_not_baseline_centered,S,3,60C__cement_trial_2,60C,cement,2,559.6427431853289,8213.14013671875
A_not_baseline_centered,S,3,60C__cement_trial_3,60C,cement,3,559.6427431853289,9032.153483072916
A_not_baseline_centered,S,3,60C__cement_trial_4,60C,cement,4,559.6427431853289,6270.880859375
A_not_baseline_centered,S,3,60C__cement_trial_5,60C,cement,5,559.6427431853289,6814.415690104167
A_not_baseline_centered,S,3,60C__cement_trial_6,60C,cement,6,559.6427431853289,7145.146321614583
A_not_baseline_centered,P_S_delta_dP_dS_ddP_ddS,4,30C__copper_trial_1,30C,copper,1,37192.601414797544,14594.330403645834
A_not_baseline_centered,P_S_delta_dP_dS_ddP_ddS,4,30C__copper_trial_2,30C,copper,2,37192.601414797544,11594.5986328125
A_not_baseline_centered,P_S_delta_dP_dS_ddP_ddS,4,30C__copper_trial_3,30C,copper,3,37192.601414797544,9411.57861328125
A_not_baseline_centered,P_S_delta_dP_dS_ddP_ddS,4,30C__copper_trial_4,30C,copper,4,37192.601414797544,14070.582356770834
A_not_baseline_centered,P_S_delta_dP_dS_ddP_ddS,4,30C__copper_trial_5,30C,copper,5,37192.601414797544,14911.850911458334
A_not_baseline_centered,P_S_delta_dP_dS_ddP_ddS,4,30C__copper_trial_6,30C,copper,6,37192.601414797544,10084.029947916666
A_not_baseline_centered,P_S_delta_dP_dS_ddP_ddS,4,40C__copper_trial_1,40C,copper,1,37192.601414797544,19777.810546875
A_not_baseline_centered,P_S_delta_dP_dS_ddP_ddS,4,40C__copper_trial_2,40C,copper,2,37192.601414797544,9333.77783203125
A_not_baseline_centered,P_S_delta_dP_dS_ddP_ddS,4,40C__copper_trial_3,40C,copper,3,37192.601414797544,9782.837727864584
A_not_baseline_centered,P_S_delta_dP_dS_ddP_ddS,4,40C__copper_trial_4,40C,copper,4,37192.601414797544,5615.906982421875
A_not_baseline_centered,P_S_delta_dP_dS_ddP_ddS,4,40C__copper_trial_5,40C,copper,5,37192.601414797544,4212.480875651042
A_not_baseline_centered,P_S_delta_dP_dS_ddP_ddS,4,40C__copper_trial_6,40C,copper,6,37192.601414797544,6611.127766927083
A_not_baseline_centered,P_S_delta_dP_dS_ddP_ddS,4,50C__copper_trial_1,50C,copper,1,37192.601414797544,11511.509440104166
A_not_baseline_centered,P_S_delta_dP_dS_ddP_ddS,4,50C__copper_trial_2,50C,copper,2,37192.601414797544,10087.676106770834
A_not_baseline_centered,P_S_delta_dP_dS_ddP_ddS,4,50C__copper_trial_3,50C,copper,3,37192.601414797544,7270.569498697917
A_not_baseline_centered,P_S_delta_dP_dS_ddP_ddS,4,50C__copper_trial_4,50C,copper,4,37192.601414797544,12449.331705729166
A_not_baseline_centered,P_S_delta_dP_dS_ddP_ddS,4,50C__copper_trial_5,50C,copper,5,37192.601414797544,9265.088216145834
A_not_baseline_centered,P_S_delta_dP_dS_ddP_ddS,4,50C__copper_trial_6,50C,copper,6,37192.601414797544,15155.17578125
A_not_baseline_centered,P_S_delta_dP_dS_ddP_ddS,4,60C__copper_trial_1,60C,copper,1,37192.601414797544,17028.716145833332
A_not_baseline_centered,P_S_delta_dP_dS_ddP_ddS,4,60C__copper_trial_2,60C,copper,2,37192.601414797544,20890.107421875
A_not_baseline_centered,P_S_delta_dP_dS_ddP_ddS,4,60C__copper_trial_3,60C,copper,3,37192.601414797544,14652.6142578125
A_not_baseline_centered,P_S_delta_dP_dS_ddP_ddS,4,60C__copper_trial_4,60C,copper,4,37192.601414797544,15425.020833333334
A_not_baseline_centered,P_S_delta_dP_dS_ddP_ddS,4,60C__copper_trial_5,60C,copper,5,37192.601414797544,12066.227213541666
A_not_baseline_centered,P_S_delta_dP_dS_ddP_ddS,4,60C__copper_trial_6,60C,copper,6,37192.601414797544,12603.04296875
A_not_baseline_centered,P_delta_dP,4,30C__copper_trial_1,30C,copper,1,37192.601414797544,14158.949544270834
A_not_baseline_centered,P_delta_dP,4,30C__copper_trial_2,30C,copper,2,37192.601414797544,13604.2060546875
A_not_baseline_centered,P_delta_dP,4,30C__copper_trial_3,30C,copper,3,37192.601414797544,14530.725911458334
A_not_baseline_centered,P_delta_dP,4,30C__copper_trial_4,30C,copper,4,37192.601414797544,16678.255533854168
A_not_baseline_centered,P_delta_dP,4,30C__copper_trial_5,30C,copper,5,37192.601414797544,14719.785807291666
A_not_baseline_centered,P_delta_dP,4,30C__copper_trial_6,30C,copper,6,37192.601414797544,14255.806966145834
A_not_baseline_centered,P_delta_dP,4,40C__copper_trial_1,40C,copper,1,37192.601414797544,20547.587890625
A_not_baseline_centered,P_delta_dP,4,40C__copper_trial_2,40C,copper,2,37192.601414797544,13446.382649739584
A_not_baseline_centered,P_delta_dP,4,40C__copper_trial_3,40C,copper,3,37192.601414797544,9427.994954427084
A_not_baseline_centered,P_delta_dP,4,40C__copper_trial_4,40C,copper,4,37192.601414797544,6153.765218098958
A_not_baseline_centered,P_delta_dP,4,40C__copper_trial_5,40C,copper,5,37192.601414797544,4460.917399088542
A_not_baseline_centered,P_delta_dP,4,40C__copper_trial_6,40C,copper,6,37192.601414797544,5847.127685546875
A_not_baseline_centered,P_delta_dP,4,50C__copper_trial_1,50C,copper,1,37192.601414797544,8660.205403645834
A_not_baseline_centered,P_delta_dP,4,50C__copper_trial_2,50C,copper,2,37192.601414797544,9092.684407552084
A_not_baseline_centered,P_delta_dP,4,50C__copper_trial_3,50C,copper,3,37192.601414797544,7461.402180989583
A_not_baseline_centered,P_delta_dP,4,50C__copper_trial_4,50C,copper,4,37192.601414797544,15544.251302083334
A_not_baseline_centered,P_delta_dP,4,50C__copper_trial_5,50C,copper,5,37192.601414797544,11387.148763020834
A_not_baseline_centered,P_delta_dP,4,50C__copper_trial_6,50C,copper,6,37192.601414797544,15585.371744791666
A_not_baseline_centered,P_delta_dP,4,60C__copper_trial_1,60C,copper,1,37192.601414797544,16815.830078125
A_not_baseline_centered,P_delta_dP,4,60C__copper_trial_2,60C,copper,2,37192.601414797544,20089.531901041668
A_not_baseline_centered,P_delta_dP,4,60C__copper_trial_3,60C,copper,3,37192.601414797544,17313.945638020832
A_not_baseline_centered,P_delta_dP,4,60C__copper_trial_4,60C,copper,4,37192.601414797544,16504.0
A_not_baseline_centered,P_delta_dP,4,60C__copper_trial_5,60C,copper,5,37192.601414797544,13999.5703125
A_not_baseline_centered,P_delta_dP,4,60C__copper_trial_6,60C,copper,6,37192.601414797544,12743.715494791666
A_not_baseline_centered,S_delta_dS,4,30C__copper_trial_1,30C,copper,1,37192.601414797544,16584.232096354168
A_not_baseline_centered,S_delta_dS,4,30C__copper_trial_2,30C,copper,2,37192.601414797544,8940.1142578125
A_not_baseline_centered,S_delta_dS,4,30C__copper_trial_3,30C,copper,3,37192.601414797544,17182.625325520832
A_not_baseline_centered,S_delta_dS,4,30C__copper_trial_4,30C,copper,4,37192.601414797544,12343.505045572916
A_not_baseline_centered,S_delta_dS,4,30C__copper_trial_5,30C,copper,5,37192.601414797544,18116.347005208332
A_not_baseline_centered,S_delta_dS,4,30C__copper_trial_6,30C,copper,6,37192.601414797544,11362.118489583334
A_not_baseline_centered,S_delta_dS,4,40C__copper_trial_1,40C,copper,1,37192.601414797544,19527.595377604168
A_not_baseline_centered,S_delta_dS,4,40C__copper_trial_2,40C,copper,2,37192.601414797544,15256.881184895834
A_not_baseline_centered,S_delta_dS,4,40C__copper_trial_3,40C,copper,3,37192.601414797544,10333.773763020834
A_not_baseline_centered,S_delta_dS,4,40C__copper_trial_4,40C,copper,4,37192.601414797544,5067.347819010417
A_not_baseline_centered,S_delta_dS,4,40C__copper_trial_5,40C,copper,5,37192.601414797544,6241.2666015625
A_not_baseline_centered,S_delta_dS,4,40C__copper_trial_6,40C,copper,6,37192.601414797544,6335.7470703125
A_not_baseline_centered,S_delta_dS,4,50C__copper_trial_1,50C,copper,1,37192.601414797544,8807.59521484375
A_not_baseline_centered,S_delta_dS,4,50C__copper_trial_2,50C,copper,2,37192.601414797544,10432.2373046875
A_not_baseline_centered,S_delta_dS,4,50C__copper_trial_3,50C,copper,3,37192.601414797544,11079.837890625
A_not_baseline_centered,S_delta_dS,4,50C__copper_trial_4,50C,copper,4,37192.601414797544,13247.27734375
A_not_baseline_centered,S_delta_dS,4,50C__copper_trial_5,50C,copper,5,37192.601414797544,9426.876627604166
A_not_baseline_centered,S_delta_dS,4,50C__copper_trial_6,50C,copper,6,37192.601414797544,12952.995768229166
A_not_baseline_centered,S_delta_dS,4,60C__copper_trial_1,60C,copper,1,37192.601414797544,14217.6064453125
A_not_baseline_centered,S_delta_dS,4,60C__copper_trial_2,60C,copper,2,37192.601414797544,18827.576822916668
A_not_baseline_centered,S_delta_dS,4,60C__copper_trial_3,60C,copper,3,37192.601414797544,15919.738932291666
A_not_baseline_centered,S_delta_dS,4,60C__copper_trial_4,60C,copper,4,37192.601414797544,15639.982747395834
A_not_baseline_centered,S_delta_dS,4,60C__copper_trial_5,60C,copper,5,37192.601414797544,12785.722981770834
A_not_baseline_centered,S_delta_dS,4,60C__copper_trial_6,60C,copper,6,37192.601414797544,9412.19921875
A_not_baseline_centered,P_dP,4,30C__copper_trial_1,30C,copper,1,37192.601414797544,15081.515299479166
A_not_baseline_centered,P_dP,4,30C__copper_trial_2,30C,copper,2,37192.601414797544,14916.138020833334
A_not_baseline_centered,P_dP,4,30C__copper_trial_3,30C,copper,3,37192.601414797544,13944.5546875
A_not_baseline_centered,P_dP,4,30C__copper_trial_4,30C,copper,4,37192.601414797544,17508.4375
A_not_baseline_centered,P_dP,4,30C__copper_trial_5,30C,copper,5,37192.601414797544,18606.532552083332
A_not_baseline_centered,P_dP,4,30C__copper_trial_6,30C,copper,6,37192.601414797544,13107.800130208334
A_not_baseline_centered,P_dP,4,40C__copper_trial_1,40C,copper,1,37192.601414797544,17404.063151041668
A_not_baseline_centered,P_dP,4,40C__copper_trial_2,40C,copper,2,37192.601414797544,9391.58251953125
A_not_baseline_centered,P_dP,4,40C__copper_trial_3,40C,copper,3,37192.601414797544,7177.69482421875
A_not_baseline_centered,P_dP,4,40C__copper_trial_4,40C,copper,4,37192.601414797544,8547.862467447916
A_not_baseline_centered,P_dP,4,40C__copper_trial_5,40C,copper,5,37192.601414797544,7340.213541666667
A_not_baseline_centered,P_dP,4,40C__copper_trial_6,40C,copper,6,37192.601414797544,8432.7041015625
A_not_baseline_centered,P_dP,4,50C__copper_trial_1,50C,copper,1,37192.601414797544,11095.066080729166
A_not_baseline_centered,P_dP,4,50C__copper_trial_2,50C,copper,2,37192.601414797544,10299.193684895834
A_not_baseline_centered,P_dP,4,50C__copper_trial_3,50C,copper,3,37192.601414797544,9229.326497395834
A_not_baseline_centered,P_dP,4,50C__copper_trial_4,50C,copper,4,37192.601414797544,14898.527994791666
A_not_baseline_centered,P_dP,4,50C__copper_trial_5,50C,copper,5,37192.601414797544,11707.831705729166
A_not_baseline_centered,P_dP,4,50C__copper_trial_6,50C,copper,6,37192.601414797544,16699.15625
A_not_baseline_centered,P_dP,4,60C__copper_trial_1,60C,copper,1,37192.601414797544,16166.765950520834
A_not_baseline_centered,P_dP,4,60C__copper_trial_2,60C,copper,2,37192.601414797544,19434.950520833332
A_not_baseline_centered,P_dP,4,60C__copper_trial_3,60C,copper,3,37192.601414797544,15736.760416666666
A_not_baseline_centered,P_dP,4,60C__copper_trial_4,60C,copper,4,37192.601414797544,16438.989908854168
A_not_baseline_centered,P_dP,4,60C__copper_trial_5,60C,copper,5,37192.601414797544,14671.508463541666
A_not_baseline_centered,P_dP,4,60C__copper_trial_6,60C,copper,6,37192.601414797544,16331.801432291666
A_not_baseline_centered,S_dS,4,30C__copper_trial_1,30C,copper,1,37192.601414797544,8521.39111328125
A_not_baseline_centered,S_dS,4,30C__copper_trial_2,30C,copper,2,37192.601414797544,1770.6001383463542
A_not_baseline_centered,S_dS,4,30C__copper_trial_3,30C,copper,3,37192.601414797544,13888.9345703125
A_not_baseline_centered,S_dS,4,30C__copper_trial_4,30C,copper,4,37192.601414797544,7876.222493489583
A_not_baseline_centered,S_dS,4,30C__copper_trial_5,30C,copper,5,37192.601414797544,14533.035807291666
A_not_baseline_centered,S_dS,4,30C__copper_trial_6,30C,copper,6,37192.601414797544,9195.1572265625
A_not_baseline_centered,S_dS,4,40C__copper_trial_1,40C,copper,1,37192.601414797544,18334.880208333332
A_not_baseline_centered,S_dS,4,40C__copper_trial_2,40C,copper,2,37192.601414797544,15643.725911458334
A_not_baseline_centered,S_dS,4,40C__copper_trial_3,40C,copper,3,37192.601414797544,6641.912109375
A_not_baseline_centered,S_dS,4,40C__copper_trial_4,40C,copper,4,37192.601414797544,2767.1956380208335
A_not_baseline_centered,S_dS,4,40C__copper_trial_5,40C,copper,5,37192.601414797544,4432.709228515625
A_not_baseline_centered,S_dS,4,40C__copper_trial_6,40C,copper,6,37192.601414797544,3701.4144694010415
A_not_baseline_centered,S_dS,4,50C__copper_trial_1,50C,copper,1,37192.601414797544,13920.7822265625
A_not_baseline_centered,S_dS,4,50C__copper_trial_2,50C,copper,2,37192.601414797544,13263.1669921875
A_not_baseline_centered,S_dS,4,50C__copper_trial_3,50C,copper,3,37192.601414797544,5614.259928385417
A_not_baseline_centered,S_dS,4,50C__copper_trial_4,50C,copper,4,37192.601414797544,11683.580729166666
A_not_baseline_centered,S_dS,4,50C__copper_trial_5,50C,copper,5,37192.601414797544,5167.454752604167
A_not_baseline_centered,S_dS,4,50C__copper_trial_6,50C,copper,6,37192.601414797544,7810.574055989583
A_not_baseline_centered,S_dS,4,60C__copper_trial_1,60C,copper,1,37192.601414797544,14257.315755208334
A_not_baseline_centered,S_dS,4,60C__copper_trial_2,60C,copper,2,37192.601414797544,18078.333984375
A_not_baseline_centered,S_dS,4,60C__copper_trial_3,60C,copper,3,37192.601414797544,14033.291341145834
A_not_baseline_centered,S_dS,4,60C__copper_trial_4,60C,copper,4,37192.601414797544,12811.597330729166
A_not_baseline_centered,S_dS,4,60C__copper_trial_5,60C,copper,5,37192.601414797544,12876.397135416666
A_not_baseline_centered,S_dS,4,60C__copper_trial_6,60C,copper,6,37192.601414797544,11406.744466145834
A_not_baseline_centered,delta,4,30C__copper_trial_1,30C,copper,1,37192.601414797544,15365.9775390625
A_not_baseline_centered,delta,4,30C__copper_trial_2,30C,copper,2,37192.601414797544,8363.09521484375
A_not_baseline_centered,delta,4,30C__copper_trial_3,30C,copper,3,37192.601414797544,11332.728515625
A_not_baseline_centered,delta,4,30C__copper_trial_4,30C,copper,4,37192.601414797544,11978.337239583334
A_not_baseline_centered,delta,4,30C__copper_trial_5,30C,copper,5,37192.601414797544,12003.728190104166
A_not_baseline_centered,delta,4,30C__copper_trial_6,30C,copper,6,37192.601414797544,8607.405436197916
A_not_baseline_centered,delta,4,40C__copper_trial_1,40C,copper,1,37192.601414797544,17085.401041666668
A_not_baseline_centered,delta,4,40C__copper_trial_2,40C,copper,2,37192.601414797544,7529.349446614583
A_not_baseline_centered,delta,4,40C__copper_trial_3,40C,copper,3,37192.601414797544,11497.4921875
A_not_baseline_centered,delta,4,40C__copper_trial_4,40C,copper,4,37192.601414797544,5713.008463541667
A_not_baseline_centered,delta,4,40C__copper_trial_5,40C,copper,5,37192.601414797544,7658.46337890625
A_not_baseline_centered,delta,4,40C__copper_trial_6,40C,copper,6,37192.601414797544,8362.402018229166
A_not_baseline_centered,delta,4,50C__copper_trial_1,50C,copper,1,37192.601414797544,12914.3349609375
A_not_baseline_centered,delta,4,50C__copper_trial_2,50C,copper,2,37192.601414797544,16265.427408854166
A_not_baseline_centered,delta,4,50C__copper_trial_3,50C,copper,3,37192.601414797544,13585.501953125
A_not_baseline_centered,delta,4,50C__copper_trial_4,50C,copper,4,37192.601414797544,11699.249348958334
A_not_baseline_centered,delta,4,50C__copper_trial_5,50C,copper,5,37192.601414797544,10677.196614583334
A_not_baseline_centered,delta,4,50C__copper_trial_6,50C,copper,6,37192.601414797544,12901.5185546875
A_not_baseline_centered,delta,4,60C__copper_trial_1,60C,copper,1,37192.601414797544,14825.6572265625
A_not_baseline_centered,delta,4,60C__copper_trial_2,60C,copper,2,37192.601414797544,17001.762369791668
A_not_baseline_centered,delta,4,60C__copper_trial_3,60C,copper,3,37192.601414797544,16128.148111979166
A_not_baseline_centered,delta,4,60C__copper_trial_4,60C,copper,4,37192.601414797544,16746.745442708332
A_not_baseline_centered,delta,4,60C__copper_trial_5,60C,copper,5,37192.601414797544,13293.946614583334
A_not_baseline_centered,delta,4,60C__copper_trial_6,60C,copper,6,37192.601414797544,13353.404947916666
A_not_baseline_centered,P,4,30C__copper_trial_1,30C,copper,1,37192.601414797544,13165.21484375
A_not_baseline_centered,P,4,30C__copper_trial_2,30C,copper,2,37192.601414797544,13385.763671875
A_not_baseline_centered,P,4,30C__copper_trial_3,30C,copper,3,37192.601414797544,13612.406575520834
A_not_baseline_centered,P,4,30C__copper_trial_4,30C,copper,4,37192.601414797544,19067.882486979168
A_not_baseline_centered,P,4,30C__copper_trial_5,30C,copper,5,37192.601414797544,17785.710286458332
A_not_baseline_centered,P,4,30C__copper_trial_6,30C,copper,6,37192.601414797544,12236.7626953125
A_not_baseline_centered,P,4,40C__copper_trial_1,40C,copper,1,37192.601414797544,20425.89548745096
A_not_baseline_centered,P,4,40C__copper_trial_2,40C,copper,2,37192.601414797544,7962.540201822917
A_not_baseline_centered,P,4,40C__copper_trial_3,40C,copper,3,37192.601414797544,4116.985514322917
A_not_baseline_centered,P,4,40C__copper_trial_4,40C,copper,4,37192.601414797544,4296.078776041667
A_not_baseline_centered,P,4,40C__copper_trial_5,40C,copper,5,37192.601414797544,6271.635904947917
A_not_baseline_centered,P,4,40C__copper_trial_6,40C,copper,6,37192.601414797544,7825.760091145833
A_not_baseline_centered,P,4,50C__copper_trial_1,50C,copper,1,37192.601414797544,11179.694010416666
A_not_baseline_centered,P,4,50C__copper_trial_2,50C,copper,2,37192.601414797544,10288.361002604166
A_not_baseline_centered,P,4,50C__copper_trial_3,50C,copper,3,37192.601414797544,9047.328938802084
A_not_baseline_centered,P,4,50C__copper_trial_4,50C,copper,4,37192.601414797544,18544.43359375
A_not_baseline_centered,P,4,50C__copper_trial_5,50C,copper,5,37192.601414797544,12862.565104166666
A_not_baseline_centered,P,4,50C__copper_trial_6,50C,copper,6,37192.601414797544,18695.876302083332
A_not_baseline_centered,P,4,60C__copper_trial_1,60C,copper,1,37192.601414797544,17115.221354166668
A_not_baseline_centered,P,4,60C__copper_trial_2,60C,copper,2,37192.601414797544,17186.720052083332
A_not_baseline_centered,P,4,60C__copper_trial_3,60C,copper,3,37192.601414797544,18689.7734375
A_not_baseline_centered,P,4,60C__copper_trial_4,60C,copper,4,37192.601414797544,16412.544270833332
A_not_baseline_centered,P,4,60C__copper_trial_5,60C,copper,5,37192.601414797544,14215.298828125
A_not_baseline_centered,P,4,60C__copper_trial_6,60C,copper,6,37192.601414797544,17073.162434895832
A_not_baseline_centered,S,4,30C__copper_trial_1,30C,copper,1,37192.601414797544,10497.24951171875
A_not_baseline_centered,S,4,30C__copper_trial_2,30C,copper,2,37192.601414797544,3481.3768717447915
A_not_baseline_centered,S,4,30C__copper_trial_3,30C,copper,3,37192.601414797544,12524.311848958334
A_not_baseline_centered,S,4,30C__copper_trial_4,30C,copper,4,37192.601414797544,7491.587565104167
A_not_baseline_centered,S,4,30C__copper_trial_5,30C,copper,5,37192.601414797544,16816.587565104168
A_not_baseline_centered,S,4,30C__copper_trial_6,30C,copper,6,37192.601414797544,14097.7998046875
A_not_baseline_centered,S,4,40C__copper_trial_1,40C,copper,1,37192.601414797544,18388.818033854168
A_not_baseline_centered,S,4,40C__copper_trial_2,40C,copper,2,37192.601414797544,14716.8818359375
A_not_baseline_centered,S,4,40C__copper_trial_3,40C,copper,3,37192.601414797544,7813.912760416667
A_not_baseline_centered,S,4,40C__copper_trial_4,40C,copper,4,37192.601414797544,3057.7890625
A_not_baseline_centered,S,4,40C__copper_trial_5,40C,copper,5,37192.601414797544,4027.3162841796875
A_not_baseline_centered,S,4,40C__copper_trial_6,40C,copper,6,37192.601414797544,3808.8074544270835
A_not_baseline_centered,S,4,50C__copper_trial_1,50C,copper,1,37192.601414797544,10614.177408854166
A_not_baseline_centered,S,4,50C__copper_trial_2,50C,copper,2,37192.601414797544,11048.462890625
A_not_baseline_centered,S,4,50C__copper_trial_3,50C,copper,3,37192.601414797544,7672.517252604167
A_not_baseline_centered,S,4,50C__copper_trial_4,50C,copper,4,37192.601414797544,17500.016276041668
A_not_baseline_centered,S,4,50C__copper_trial_5,50C,copper,5,37192.601414797544,9217.341145833334
A_not_baseline_centered,S,4,50C__copper_trial_6,50C,copper,6,37192.601414797544,16321.080403645834
A_not_baseline_centered,S,4,60C__copper_trial_1,60C,copper,1,37192.601414797544,15831.71875
A_not_baseline_centered,S,4,60C__copper_trial_2,60C,copper,2,37192.601414797544,16933.002604166668
A_not_baseline_centered,S,4,60C__copper_trial_3,60C,copper,3,37192.601414797544,16530.485026041668
A_not_baseline_centered,S,4,60C__copper_trial_4,60C,copper,4,37192.601414797544,15186.242513020834
A_not_baseline_centered,S,4,60C__copper_trial_5,60C,copper,5,37192.601414797544,12336.394856770834
A_not_baseline_centered,S,4,60C__copper_trial_6,60C,copper,6,37192.601414797544,14392.538736979166
A_not_baseline_centered,P_S_delta_dP_dS_ddP_ddS,5,30C__cork_trial_1,30C,cork,1,136.29380029920657,353.94626871744794
A_not_baseline_centered,P_S_delta_dP_dS_ddP_ddS,5,30C__cork_trial_2,30C,cork,2,136.29380029920657,88.99708302815755
A_not_baseline_centered,P_S_delta_dP_dS_ddP_ddS,5,30C__cork_trial_3,30C,cork,3,136.29380029920657,77.28549448649089
A_not_baseline_centered,P_S_delta_dP_dS_ddP_ddS,5,30C__cork_trial_4,30C,cork,4,136.29380029920657,47.88017654418945
A_not_baseline_centered,P_S_delta_dP_dS_ddP_ddS,5,30C__cork_trial_5,30C,cork,5,136.29380029920657,94.06515375773112
A_not_baseline_centered,P_S_delta_dP_dS_ddP_ddS,5,30C__cork_trial_6,30C,cork,6,136.29380029920657,111.05935287475586
A_not_baseline_centered,P_S_delta_dP_dS_ddP_ddS,5,40C__cork_trial_1,40C,cork,1,136.29380029920657,138.5091756184896
A_not_baseline_centered,P_S_delta_dP_dS_ddP_ddS,5,40C__cork_trial_2,40C,cork,2,136.29380029920657,152.24339040120444
A_not_baseline_centered,P_S_delta_dP_dS_ddP_ddS,5,40C__cork_trial_3,40C,cork,3,136.29380029920657,199.72064717610678
A_not_baseline_centered,P_S_delta_dP_dS_ddP_ddS,5,40C__cork_trial_4,40C,cork,4,136.29380029920657,73.27219009399414
A_not_baseline_centered,P_S_delta_dP_dS_ddP_ddS,5,40C__cork_trial_5,40C,cork,5,136.29380029920657,54.54167811075846
A_not_baseline_centered,P_S_delta_dP_dS_ddP_ddS,5,40C__cork_trial_6,40C,cork,6,136.29380029920657,45.7302769381453
A_not_baseline_centered,P_S_delta_dP_dS_ddP_ddS,5,50C__cork_trial_1,50C,cork,1,136.29380029920657,368.2950032552083
A_not_baseline_centered,P_S_delta_dP_dS_ddP_ddS,5,50C__cork_trial_2,50C,cork,2,136.29380029920657,316.43756103515625
A_not_baseline_centered,P_S_delta_dP_dS_ddP_ddS,5,50C__cork_trial_3,50C,cork,3,136.29380029920657,224.89640045166016
A_not_baseline_centered,P_S_delta_dP_dS_ddP_ddS,5,50C__cork_trial_4,50C,cork,4,136.29380029920657,240.53229777018228
A_not_baseline_centered,P_S_delta_dP_dS_ddP_ddS,5,50C__cork_trial_5,50C,cork,5,136.29380029920657,323.04417419433594
A_not_baseline_centered,P_S_delta_dP_dS_ddP_ddS,5,50C__cork_trial_6,50C,cork,6,136.29380029920657,207.7676035563151
A_not_baseline_centered,P_S_delta_dP_dS_ddP_ddS,5,60C__cork_trial_1,60C,cork,1,136.29380029920657,260.2996877034505
A_not_baseline_centered,P_S_delta_dP_dS_ddP_ddS,5,60C__cork_trial_2,60C,cork,2,136.29380029920657,273.76051839192706
A_not_baseline_centered,P_S_delta_dP_dS_ddP_ddS,5,60C__cork_trial_3,60C,cork,3,136.29380029920657,319.89356994628906
A_not_baseline_centered,P_S_delta_dP_dS_ddP_ddS,5,60C__cork_trial_4,60C,cork,4,136.29380029920657,229.97647603352866
A_not_baseline_centered,P_S_delta_dP_dS_ddP_ddS,5,60C__cork_trial_5,60C,cork,5,136.29380029920657,384.1236572265625
A_not_baseline_centered,P_S_delta_dP_dS_ddP_ddS,5,60C__cork_trial_6,60C,cork,6,136.29380029920657,288.13526407877606
A_not_baseline_centered,P_delta_dP,5,30C__cork_trial_1,30C,cork,1,136.29380029920657,264.9026743570964
A_not_baseline_centered,P_delta_dP,5,30C__cork_trial_2,30C,cork,2,136.29380029920657,111.5903803507487
A_not_baseline_centered,P_delta_dP,5,30C__cork_trial_3,30C,cork,3,136.29380029920657,95.5518086751302
A_not_baseline_centered,P_delta_dP,5,30C__cork_trial_4,30C,cork,4,136.29380029920657,68.2343037923177
A_not_baseline_centered,P_delta_dP,5,30C__cork_trial_5,30C,cork,5,136.29380029920657,126.80627950032552
A_not_baseline_centered,P_delta_dP,5,30C__cork_trial_6,30C,cork,6,136.29380029920657,79.58840306599934
A_not_baseline_centered,P_delta_dP,5,40C__cork_trial_1,40C,cork,1,136.29380029920657,112.3452657063802
A_not_baseline_centered,P_delta_dP,5,40C__cork_trial_2,40C,cork,2,136.29380029920657,155.67957051595053
A_not_baseline_centered,P_delta_dP,5,40C__cork_trial_3,40C,cork,3,136.29380029920657,117.25403086344402
A_not_baseline_centered,P_delta_dP,5,40C__cork_trial_4,40C,cork,4,136.29380029920657,46.75420888264974
A_not_baseline_centered,P_delta_dP,5,40C__cork_trial_5,40C,cork,5,136.29380029920657,46.50946044921875
A_not_baseline_centered,P_delta_dP,5,40C__cork_trial_6,40C,cork,6,136.29380029920657,41.650079091389976
A_not_baseline_centered,P_delta_dP,5,50C__cork_trial_1,50C,cork,1,136.29380029920657,443.87611897786456
A_not_baseline_centered,P_delta_dP,5,50C__cork_trial_2,50C,cork,2,136.29380029920657,279.10577901204425
A_not_baseline_centered,P_delta_dP,5,50C__cork_trial_3,50C,cork,3,136.29380029920657,180.48307291666666
A_not_baseline_centered,P_delta_dP,5,50C__cork_trial_4,50C,cork,4,136.29380029920657,208.00160217285156
A_not_baseline_centered,P_delta_dP,5,50C__cork_trial_5,50C,cork,5,136.29380029920657,305.9378306070964
A_not_baseline_centered,P_delta_dP,5,50C__cork_trial_6,50C,cork,6,136.29380029920657,298.5691884358724
A_not_baseline_centered,P_delta_dP,5,60C__cork_trial_1,60C,cork,1,136.29380029920657,275.9367370605469
A_not_baseline_centered,P_delta_dP,5,60C__cork_trial_2,60C,cork,2,136.29380029920657,299.4955647786458
A_not_baseline_centered,P_delta_dP,5,60C__cork_trial_3,60C,cork,3,136.29380029920657,267.3124135335286
A_not_baseline_centered,P_delta_dP,5,60C__cork_trial_4,60C,cork,4,136.29380029920657,230.7650604248047
A_not_baseline_centered,P_delta_dP,5,60C__cork_trial_5,60C,cork,5,136.29380029920657,282.01207478841144
A_not_baseline_centered,P_delta_dP,5,60C__cork_trial_6,60C,cork,6,136.29380029920657,340.44549560546875
A_not_baseline_centered,S_delta_dS,5,30C__cork_trial_1,30C,cork,1,136.29380029920657,317.6389617919922
A_not_baseline_centered,S_delta_dS,5,30C__cork_trial_2,30C,cork,2,136.29380029920657,83.25662231445312
A_not_baseline_centered,S_delta_dS,5,30C__cork_trial_3,30C,cork,3,136.29380029920657,92.32322692871094
A_not_baseline_centered,S_delta_dS,5,30C__cork_trial_4,30C,cork,4,136.29380029920657,36.32399896369869
A_not_baseline_centered,S_delta_dS,5,30C__cork_trial_5,30C,cork,5,136.29380029920657,199.71642049153647
A_not_baseline_centered,S_delta_dS,5,30C__cork_trial_6,30C,cork,6,136.29380029920657,145.0483881632487
A_not_baseline_centered,S_delta_dS,5,40C__cork_trial_1,40C,cork,1,136.29380029920657,264.7117462158203
A_not_baseline_centered,S_delta_dS,5,40C__cork_trial_2,40C,cork,2,136.29380029920657,329.64337158203125
A_not_baseline_centered,S_delta_dS,5,40C__cork_trial_3,40C,cork,3,136.29380029920657,324.1186218261719
A_not_baseline_centered,S_delta_dS,5,40C__cork_trial_4,40C,cork,4,136.29380029920657,73.724058787028
A_not_baseline_centered,S_delta_dS,5,40C__cork_trial_5,40C,cork,5,136.29380029920657,56.84519958496094
A_not_baseline_centered,S_delta_dS,5,40C__cork_trial_6,40C,cork,6,136.29380029920657,37.1531399447371
A_not_baseline_centered,S_delta_dS,5,50C__cork_trial_1,50C,cork,1,136.29380029920657,451.319580078125
A_not_baseline_centered,S_delta_dS,5,50C__cork_trial_2,50C,cork,2,136.29380029920657,262.17164103190106
A_not_baseline_centered,S_delta_dS,5,50C__cork_trial_3,50C,cork,3,136.29380029920657,132.16712443033853
A_not_baseline_centered,S_delta_dS,5,50C__cork_trial_4,50C,cork,4,136.29380029920657,136.15245310465494
A_not_baseline_centered,S_delta_dS,5,50C__cork_trial_5,50C,cork,5,136.29380029920657,219.1954142252604
A_not_baseline_centered,S_delta_dS,5,50C__cork_trial_6,50C,cork,6,136.29380029920657,172.50164031982422
A_not_baseline_centered,S_delta_dS,5,60C__cork_trial_1,60C,cork,1,136.29380029920657,141.19632975260416
A_not_baseline_centered,S_delta_dS,5,60C__cork_trial_2,60C,cork,2,136.29380029920657,183.30028279622397
A_not_baseline_centered,S_delta_dS,5,60C__cork_trial_3,60C,cork,3,136.29380029920657,146.5243708292643
A_not_baseline_centered,S_delta_dS,5,60C__cork_trial_4,60C,cork,4,136.29380029920657,185.848508199056
A_not_baseline_centered,S_delta_dS,5,60C__cork_trial_5,60C,cork,5,136.29380029920657,191.01752726236978
A_not_baseline_centered,S_delta_dS,5,60C__cork_trial_6,60C,cork,6,136.29380029920657,120.48191324869792
A_not_baseline_centered,P_dP,5,30C__cork_trial_1,30C,cork,1,136.29380029920657,220.57811482747397
A_not_baseline_centered,P_dP,5,30C__cork_trial_2,30C,cork,2,136.29380029920657,67.07708994547527
A_not_baseline_centered,P_dP,5,30C__cork_trial_3,30C,cork,3,136.29380029920657,65.23998133341472
A_not_baseline_centered,P_dP,5,30C__cork_trial_4,30C,cork,4,136.29380029920657,57.31347910563151
A_not_baseline_centered,P_dP,5,30C__cork_trial_5,30C,cork,5,136.29380029920657,96.78258768717448
A_not_baseline_centered,P_dP,5,30C__cork_trial_6,30C,cork,6,136.29380029920657,56.50872548421224
A_not_baseline_centered,P_dP,5,40C__cork_trial_1,40C,cork,1,136.29380029920657,101.78878275553386
A_not_baseline_centered,P_dP,5,40C__cork_trial_2,40C,cork,2,136.29380029920657,161.249148050944
A_not_baseline_centered,P_dP,5,40C__cork_trial_3,40C,cork,3,136.29380029920657,93.67686208089192
A_not_baseline_centered,P_dP,5,40C__cork_trial_4,40C,cork,4,136.29380029920657,45.34790293375651
A_not_baseline_centered,P_dP,5,40C__cork_trial_5,40C,cork,5,136.29380029920657,50.62970225016276
A_not_baseline_centered,P_dP,5,40C__cork_trial_6,40C,cork,6,136.29380029920657,43.630751291910805
A_not_baseline_centered,P_dP,5,50C__cork_trial_1,50C,cork,1,136.29380029920657,386.9915466308594
A_not_baseline_centered,P_dP,5,50C__cork_trial_2,50C,cork,2,136.29380029920657,346.77520751953125
A_not_baseline_centered,P_dP,5,50C__cork_trial_3,50C,cork,3,136.29380029920657,203.8048095703125
A_not_baseline_centered,P_dP,5,50C__cork_trial_4,50C,cork,4,136.29380029920657,233.7575225830078
A_not_baseline_centered,P_dP,5,50C__cork_trial_5,50C,cork,5,136.29380029920657,317.4844156901042
A_not_baseline_centered,P_dP,5,50C__cork_trial_6,50C,cork,6,136.29380029920657,285.8960215250651
A_not_baseline_centered,P_dP,5,60C__cork_trial_1,60C,cork,1,136.29380029920657,340.24803670247394
A_not_baseline_centered,P_dP,5,60C__cork_trial_2,60C,cork,2,136.29380029920657,264.7637176513672
A_not_baseline_centered,P_dP,5,60C__cork_trial_3,60C,cork,3,136.29380029920657,348.2979990641276
A_not_baseline_centered,P_dP,5,60C__cork_trial_4,60C,cork,4,136.29380029920657,120.87498219807942
A_not_baseline_centered,P_dP,5,60C__cork_trial_5,60C,cork,5,136.29380029920657,254.60090128580728
A_not_baseline_centered,P_dP,5,60C__cork_trial_6,60C,cork,6,136.29380029920657,266.23619079589844
A_not_baseline_centered,S_dS,5,30C__cork_trial_1,30C,cork,1,136.29380029920657,169.7242177327474
A_not_baseline_centered,S_dS,5,30C__cork_trial_2,30C,cork,2,136.29380029920657,87.2399393717448
A_not_baseline_centered,S_dS,5,30C__cork_trial_3,30C,cork,3,136.29380029920657,122.91891733805339
A_not_baseline_centered,S_dS,5,30C__cork_trial_4,30C,cork,4,136.29380029920657,75.10511144002278
A_not_baseline_centered,S_dS,5,30C__cork_trial_5,30C,cork,5,136.29380029920657,113.9777094523112
A_not_baseline_centered,S_dS,5,30C__cork_trial_6,30C,cork,6,136.29380029920657,130.42395782470703
A_not_baseline_centered,S_dS,5,40C__cork_trial_1,40C,cork,1,136.29380029920657,239.93880716959634
A_not_baseline_centered,S_dS,5,40C__cork_trial_2,40C,cork,2,136.29380029920657,244.36861165364584
A_not_baseline_centered,S_dS,5,40C__cork_trial_3,40C,cork,3,136.29380029920657,372.9306335449219
A_not_baseline_centered,S_dS,5,40C__cork_trial_4,40C,cork,4,136.29380029920657,232.74518839518228
A_not_baseline_centered,S_dS,5,40C__cork_trial_5,40C,cork,5,136.29380029920657,152.10301208496094
A_not_baseline_centered,S_dS,5,40C__cork_trial_6,40C,cork,6,136.29380029920657,69.09077962239583
A_not_baseline_centered,S_dS,5,50C__cork_trial_1,50C,cork,1,136.29380029920657,367.6542561848958
A_not_baseline_centered,S_dS,5,50C__cork_trial_2,50C,cork,2,136.29380029920657,245.3307139078776
A_not_baseline_centered,S_dS,5,50C__cork_trial_3,50C,cork,3,136.29380029920657,162.5289764404297
A_not_baseline_centered,S_dS,5,50C__cork_trial_4,50C,cork,4,136.29380029920657,154.24219767252603
A_not_baseline_centered,S_dS,5,50C__cork_trial_5,50C,cork,5,136.29380029920657,207.50385538736978
A_not_baseline_centered,S_dS,5,50C__cork_trial_6,50C,cork,6,136.29380029920657,107.86039733886719
A_not_baseline_centered,S_dS,5,60C__cork_trial_1,60C,cork,1,136.29380029920657,424.7881774902344
A_not_baseline_centered,S_dS,5,60C__cork_trial_2,60C,cork,2,136.29380029920657,375.8963928222656
A_not_baseline_centered,S_dS,5,60C__cork_trial_3,60C,cork,3,136.29380029920657,306.1927185058594
A_not_baseline_centered,S_dS,5,60C__cork_trial_4,60C,cork,4,136.29380029920657,311.52171834309894
A_not_baseline_centered,S_dS,5,60C__cork_trial_5,60C,cork,5,136.29380029920657,300.07664998372394
A_not_baseline_centered,S_dS,5,60C__cork_trial_6,60C,cork,6,136.29380029920657,142.6594009399414
A_not_baseline_centered,delta,5,30C__cork_trial_1,30C,cork,1,136.29380029920657,460.24024454752606
A_not_baseline_centered,delta,5,30C__cork_trial_2,30C,cork,2,136.29380029920657,81.1603775024414
A_not_baseline_centered,delta,5,30C__cork_trial_3,30C,cork,3,136.29380029920657,219.37679545084634
A_not_baseline_centered,delta,5,30C__cork_trial_4,30C,cork,4,136.29380029920657,104.8708012898763
A_not_baseline_centered,delta,5,30C__cork_trial_5,30C,cork,5,136.29380029920657,208.4998550415039
A_not_baseline_centered,delta,5,30C__cork_trial_6,30C,cork,6,136.29380029920657,180.77619425455728
A_not_baseline_centered,delta,5,40C__cork_trial_1,40C,cork,1,136.29380029920657,49.14773941040039
A_not_baseline_centered,delta,5,40C__cork_trial_2,40C,cork,2,136.29380029920657,61.4317881266276
A_not_baseline_centered,delta,5,40C__cork_trial_3,40C,cork,3,136.29380029920657,156.55297342936197
A_not_baseline_centered,delta,5,40C__cork_trial_4,40C,cork,4,136.29380029920657,65.30484771728516
A_not_baseline_centered,delta,5,40C__cork_trial_5,40C,cork,5,136.29380029920657,193.8104451497396
A_not_baseline_centered,delta,5,40C__cork_trial_6,40C,cork,6,136.29380029920657,141.53302256266275
A_not_baseline_centered,delta,5,50C__cork_trial_1,50C,cork,1,136.29380029920657,335.26183064778644
A_not_baseline_centered,delta,5,50C__cork_trial_2,50C,cork,2,136.29380029920657,259.5830434163411
A_not_baseline_centered,delta,5,50C__cork_trial_3,50C,cork,3,136.29380029920657,190.84713236490884
A_not_baseline_centered,delta,5,50C__cork_trial_4,50C,cork,4,136.29380029920657,124.21544647216797
A_not_baseline_centered,delta,5,50C__cork_trial_5,50C,cork,5,136.29380029920657,96.67569732666016
A_not_baseline_centered,delta,5,50C__cork_trial_6,50C,cork,6,136.29380029920657,93.21703847249348
A_not_baseline_centered,delta,5,60C__cork_trial_1,60C,cork,1,136.29380029920657,405.2214864095052
A_not_baseline_centered,delta,5,60C__cork_trial_2,60C,cork,2,136.29380029920657,392.7287292480469
A_not_baseline_centered,delta,5,60C__cork_trial_3,60C,cork,3,136.29380029920657,220.50280253092447
A_not_baseline_centered,delta,5,60C__cork_trial_4,60C,cork,4,136.29380029920657,184.24152628580728
A_not_baseline_centered,delta,5,60C__cork_trial_5,60C,cork,5,136.29380029920657,422.7987060546875
A_not_baseline_centered,delta,5,60C__cork_trial_6,60C,cork,6,136.29380029920657,245.89078776041666
A_not_baseline_centered,P,5,30C__cork_trial_1,30C,cork,1,136.29380029920657,223.3670399983724
A_not_baseline_centered,P,5,30C__cork_trial_2,30C,cork,2,136.29380029920657,46.6173210144043
A_not_baseline_centered,P,5,30C__cork_trial_3,30C,cork,3,136.29380029920657,62.20112864176432
A_not_baseline_centered,P,5,30C__cork_trial_4,30C,cork,4,136.29380029920657,52.39172236124674
A_not_baseline_centered,P,5,30C__cork_trial_5,30C,cork,5,136.29380029920657,105.25713348388672
A_not_baseline_centered,P,5,30C__cork_trial_6,30C,cork,6,136.29380029920657,44.97883733113607
A_not_baseline_centered,P,5,40C__cork_trial_1,40C,cork,1,136.29380029920657,95.03868611653645
A_not_baseline_centered,P,5,40C__cork_trial_2,40C,cork,2,136.29380029920657,143.3500010172526
A_not_baseline_centered,P,5,40C__cork_trial_3,40C,cork,3,136.29380029920657,80.69278717041016
A_not_baseline_centered,P,5,40C__cork_trial_4,40C,cork,4,136.29380029920657,45.61661275227865
A_not_baseline_centered,P,5,40C__cork_trial_5,40C,cork,5,136.29380029920657,51.81277084350586
A_not_baseline_centered,P,5,40C__cork_trial_6,40C,cork,6,136.29380029920657,46.2171645520776
A_not_baseline_centered,P,5,50C__cork_trial_1,50C,cork,1,136.29380029920657,361.26320393880206
A_not_baseline_centered,P,5,50C__cork_trial_2,50C,cork,2,136.29380029920657,369.97747802734375
A_not_baseline_centered,P,5,50C__cork_trial_3,50C,cork,3,136.29380029920657,235.4976043701172
A_not_baseline_centered,P,5,50C__cork_trial_4,50C,cork,4,136.29380029920657,241.24293009440103
A_not_baseline_centered,P,5,50C__cork_trial_5,50C,cork,5,136.29380029920657,241.23771158854166
A_not_baseline_centered,P,5,50C__cork_trial_6,50C,cork,6,136.29380029920657,254.26571146647134
A_not_baseline_centered,P,5,60C__cork_trial_1,60C,cork,1,136.29380029920657,450.5220540364583
A_not_baseline_centered,P,5,60C__cork_trial_2,60C,cork,2,136.29380029920657,273.37656656901044
A_not_baseline_centered,P,5,60C__cork_trial_3,60C,cork,3,136.29380029920657,336.0437469482422
A_not_baseline_centered,P,5,60C__cork_trial_4,60C,cork,4,136.29380029920657,167.99786885579428
A_not_baseline_centered,P,5,60C__cork_trial_5,60C,cork,5,136.29380029920657,204.13441212972006
A_not_baseline_centered,P,5,60C__cork_trial_6,60C,cork,6,136.29380029920657,223.51116434733072
A_not_baseline_centered,S,5,30C__cork_trial_1,30C,cork,1,136.29380029920657,207.13868713378906
A_not_baseline_centered,S,5,30C__cork_trial_2,30C,cork,2,136.29380029920657,63.85493850708008
A_not_baseline_centered,S,5,30C__cork_trial_3,30C,cork,3,136.29380029920657,173.56356048583984
A_not_baseline_centered,S,5,30C__cork_trial_4,30C,cork,4,136.29380029920657,64.99389902750652
A_not_baseline_centered,S,5,30C__cork_trial_5,30C,cork,5,136.29380029920657,119.08429463704427
A_not_baseline_centered,S,5,30C__cork_trial_6,30C,cork,6,136.29380029920657,72.68004989624023
A_not_baseline_centered,S,5,40C__cork_trial_1,40C,cork,1,136.29380029920657,332.2302754720052
A_not_baseline_centered,S,5,40C__cork_trial_2,40C,cork,2,136.29380029920657,402.10316975911456
A_not_baseline_centered,S,5,40C__cork_trial_3,40C,cork,3,136.29380029920657,216.09851582845053
A_not_baseline_centered,S,5,40C__cork_trial_4,40C,cork,4,136.29380029920657,168.7313232421875
A_not_baseline_centered,S,5,40C__cork_trial_5,40C,cork,5,136.29380029920657,158.47168731689453
A_not_baseline_centered,S,5,40C__cork_trial_6,40C,cork,6,136.29380029920657,72.62437947591145
A_not_baseline_centered,S,5,50C__cork_trial_1,50C,cork,1,136.29380029920657,327.52638753255206
A_not_baseline_centered,S,5,50C__cork_trial_2,50C,cork,2,136.29380029920657,281.6360677083333
A_not_baseline_centered,S,5,50C__cork_trial_3,50C,cork,3,136.29380029920657,113.08364868164062
A_not_baseline_centered,S,5,50C__cork_trial_4,50C,cork,4,136.29380029920657,78.55890528361003
A_not_baseline_centered,S,5,50C__cork_trial_5,50C,cork,5,136.29380029920657,129.59410858154297
A_not_baseline_centered,S,5,50C__cork_trial_6,50C,cork,6,136.29380029920657,144.56964365641275
A_not_baseline_centered,S,5,60C__cork_trial_1,60C,cork,1,136.29380029920657,443.74525960286456
A_not_baseline_centered,S,5,60C__cork_trial_2,60C,cork,2,136.29380029920657,324.73058064778644
A_not_baseline_centered,S,5,60C__cork_trial_3,60C,cork,3,136.29380029920657,400.46844482421875
A_not_baseline_centered,S,5,60C__cork_trial_4,60C,cork,4,136.29380029920657,370.9474792480469
A_not_baseline_centered,S,5,60C__cork_trial_5,60C,cork,5,136.29380029920657,254.21155293782553
A_not_baseline_centered,S,5,60C__cork_trial_6,60C,cork,6,136.29380029920657,218.0551554361979
A_not_baseline_centered,P_S_delta_dP_dS_ddP_ddS,6,30C__graphite_trial_1,30C,graphite,1,11367.497525840945,19453.981770833332
A_not_baseline_centered,P_S_delta_dP_dS_ddP_ddS,6,30C__graphite_trial_2,30C,graphite,2,11367.497525840945,12314.624674479166
A_not_baseline_centered,P_S_delta_dP_dS_ddP_ddS,6,30C__graphite_trial_3,30C,graphite,3,11367.497525840945,2234.3082682291665
A_not_baseline_centered,P_S_delta_dP_dS_ddP_ddS,6,30C__graphite_trial_4,30C,graphite,4,11367.497525840945,14095.669596354166
A_not_baseline_centered,P_S_delta_dP_dS_ddP_ddS,6,30C__graphite_trial_5,30C,graphite,5,11367.497525840945,18135.977213541668
A_not_baseline_centered,P_S_delta_dP_dS_ddP_ddS,6,30C__graphite_trial_6,30C,graphite,6,11367.497525840945,14772.5234375
A_not_baseline_centered,P_S_delta_dP_dS_ddP_ddS,6,40C__graphite_trial_1,40C,graphite,1,11367.497525840945,9301.55712890625
A_not_baseline_centered,P_S_delta_dP_dS_ddP_ddS,6,40C__graphite_trial_2,40C,graphite,2,11367.497525840945,9921.138346354166
A_not_baseline_centered,P_S_delta_dP_dS_ddP_ddS,6,40C__graphite_trial_3,40C,graphite,3,11367.497525840945,11749.139973958334
A_not_baseline_centered,P_S_delta_dP_dS_ddP_ddS,6,40C__graphite_trial_4,40C,graphite,4,11367.497525840945,8621.530598958334
A_not_baseline_centered,P_S_delta_dP_dS_ddP_ddS,6,40C__graphite_trial_5,40C,graphite,5,11367.497525840945,2476.1707356770835
A_not_baseline_centered,P_S_delta_dP_dS_ddP_ddS,6,40C__graphite_trial_6,40C,graphite,6,11367.497525840945,5916.612141927083
A_not_baseline_centered,P_S_delta_dP_dS_ddP_ddS,6,50C__graphite_trial_1,50C,graphite,1,11367.497525840945,13545.636067708334
A_not_baseline_centered,P_S_delta_dP_dS_ddP_ddS,6,50C__graphite_trial_2,50C,graphite,2,11367.497525840945,7998.402180989583
A_not_baseline_centered,P_S_delta_dP_dS_ddP_ddS,6,50C__graphite_trial_3,50C,graphite,3,11367.497525840945,10218.0810546875
A_not_baseline_centered,P_S_delta_dP_dS_ddP_ddS,6,50C__graphite_trial_4,50C,graphite,4,11367.497525840945,7923.025553385417
A_not_baseline_centered,P_S_delta_dP_dS_ddP_ddS,6,50C__graphite_trial_5,50C,graphite,5,11367.497525840945,7779.05908203125
A_not_baseline_centered,P_S_delta_dP_dS_ddP_ddS,6,50C__graphite_trial_6,50C,graphite,6,11367.497525840945,18782.6787109375
A_not_baseline_centered,P_S_delta_dP_dS_ddP_ddS,6,60C__graphite_trial_1,60C,graphite,1,11367.497525840945,6970.386393229167
A_not_baseline_centered,P_S_delta_dP_dS_ddP_ddS,6,60C__graphite_trial_2,60C,graphite,2,11367.497525840945,11074.82421875
A_not_baseline_centered,P_S_delta_dP_dS_ddP_ddS,6,60C__graphite_trial_3,60C,graphite,3,11367.497525840945,9638.77783203125
A_not_baseline_centered,P_S_delta_dP_dS_ddP_ddS,6,60C__graphite_trial_4,60C,graphite,4,11367.497525840945,8644.92529296875
A_not_baseline_centered,P_S_delta_dP_dS_ddP_ddS,6,60C__graphite_trial_5,60C,graphite,5,11367.497525840945,13495.5146484375
A_not_baseline_centered,P_S_delta_dP_dS_ddP_ddS,6,60C__graphite_trial_6,60C,graphite,6,11367.497525840945,17015.402669270832
A_not_baseline_centered,P_delta_dP,6,30C__graphite_trial_1,30C,graphite,1,11367.497525840945,22539.561197916668
A_not_baseline_centered,P_delta_dP,6,30C__graphite_trial_2,30C,graphite,2,11367.497525840945,4381.5242919921875
A_not_baseline_centered,P_delta_dP,6,30C__graphite_trial_3,30C,graphite,3,11367.497525840945,2623.0154724121094
A_not_baseline_centered,P_delta_dP,6,30C__graphite_trial_4,30C,graphite,4,11367.497525840945,12379.311848958334
A_not_baseline_centered,P_delta_dP,6,30C__graphite_trial_5,30C,graphite,5,11367.497525840945,18645.7421875
A_not_baseline_centered,P_delta_dP,6,30C__graphite_trial_6,30C,graphite,6,11367.497525840945,9814.05078125
A_not_baseline_centered,P_delta_dP,6,40C__graphite_trial_1,40C,graphite,1,11367.497525840945,10509.8681640625
A_not_baseline_centered,P_delta_dP,6,40C__graphite_trial_2,40C,graphite,2,11367.497525840945,7525.429036458333
A_not_baseline_centered,P_delta_dP,6,40C__graphite_trial_3,40C,graphite,3,11367.497525840945,10297.022786458334
A_not_baseline_centered,P_delta_dP,6,40C__graphite_trial_4,40C,graphite,4,11367.497525840945,7668.915690104167
A_not_baseline_centered,P_delta_dP,6,40C__graphite_trial_5,40C,graphite,5,11367.497525840945,2404.1156005859375
A_not_baseline_centered,P_delta_dP,6,40C__graphite_trial_6,40C,graphite,6,11367.497525840945,6272.486653645833
A_not_baseline_centered,P_delta_dP,6,50C__graphite_trial_1,50C,graphite,1,11367.497525840945,11204.967936197916
A_not_baseline_centered,P_delta_dP,6,50C__graphite_trial_2,50C,graphite,2,11367.497525840945,7844.114339192708
A_not_baseline_centered,P_delta_dP,6,50C__graphite_trial_3,50C,graphite,3,11367.497525840945,7593.074544270833
A_not_baseline_centered,P_delta_dP,6,50C__graphite_trial_4,50C,graphite,4,11367.497525840945,6515.857747395833
A_not_baseline_centered,P_delta_dP,6,50C__graphite_trial_5,50C,graphite,5,11367.497525840945,6609.5712890625
A_not_baseline_centered,P_delta_dP,6,50C__graphite_trial_6,50C,graphite,6,11367.497525840945,10682.643880208334
A_not_baseline_centered,P_delta_dP,6,60C__graphite_trial_1,60C,graphite,1,11367.497525840945,5824.089925130208
A_not_baseline_centered,P_delta_dP,6,60C__graphite_trial_2,60C,graphite,2,11367.497525840945,12632.103841145834
A_not_baseline_centered,P_delta_dP,6,60C__graphite_trial_3,60C,graphite,3,11367.497525840945,11283.592122395834
A_not_baseline_centered,P_delta_dP,6,60C__graphite_trial_4,60C,graphite,4,11367.497525840945,9007.45751953125
A_not_baseline_centered,P_delta_dP,6,60C__graphite_trial_5,60C,graphite,5,11367.497525840945,12487.532552083334
A_not_baseline_centered,P_delta_dP,6,60C__graphite_trial_6,60C,graphite,6,11367.497525840945,9410.697428385416
A_not_baseline_centered,S_delta_dS,6,30C__graphite_trial_1,30C,graphite,1,11367.497525840945,19121.162760416668
A_not_baseline_centered,S_delta_dS,6,30C__graphite_trial_2,30C,graphite,2,11367.497525840945,3493.4258626302085
A_not_baseline_centered,S_delta_dS,6,30C__graphite_trial_3,30C,graphite,3,11367.497525840945,1190.5445760091145
A_not_baseline_centered,S_delta_dS,6,30C__graphite_trial_4,30C,graphite,4,11367.497525840945,10111.714599609375
A_not_baseline_centered,S_delta_dS,6,30C__graphite_trial_5,30C,graphite,5,11367.497525840945,18596.809895833332
A_not_baseline_centered,S_delta_dS,6,30C__graphite_trial_6,30C,graphite,6,11367.497525840945,10077.662679036459
A_not_baseline_centered,S_delta_dS,6,40C__graphite_trial_1,40C,graphite,1,11367.497525840945,5755.115966796875
A_not_baseline_centered,S_delta_dS,6,40C__graphite_trial_2,40C,graphite,2,11367.497525840945,7319.7421875
A_not_baseline_centered,S_delta_dS,6,40C__graphite_trial_3,40C,graphite,3,11367.497525840945,11332.146809895834
A_not_baseline_centered,S_delta_dS,6,40C__graphite_trial_4,40C,graphite,4,11367.497525840945,6667.650227864583
A_not_baseline_centered,S_delta_dS,6,40C__graphite_trial_5,40C,graphite,5,11367.497525840945,3793.6935221354165
A_not_baseline_centered,S_delta_dS,6,40C__graphite_trial_6,40C,graphite,6,11367.497525840945,5787.346516927083
A_not_baseline_centered,S_delta_dS,6,50C__graphite_trial_1,50C,graphite,1,11367.497525840945,11996.776692708334
A_not_baseline_centered,S_delta_dS,6,50C__graphite_trial_2,50C,graphite,2,11367.497525840945,9644.3115234375
A_not_baseline_centered,S_delta_dS,6,50C__graphite_trial_3,50C,graphite,3,11367.497525840945,7209.213704427083
A_not_baseline_centered,S_delta_dS,6,50C__graphite_trial_4,50C,graphite,4,11367.497525840945,10402.635416666666
A_not_baseline_centered,S_delta_dS,6,50C__graphite_trial_5,50C,graphite,5,11367.497525840945,7541.700358072917
A_not_baseline_centered,S_delta_dS,6,50C__graphite_trial_6,50C,graphite,6,11367.497525840945,11308.181315104166
A_not_baseline_centered,S_delta_dS,6,60C__graphite_trial_1,60C,graphite,1,11367.497525840945,8481.517415364584
A_not_baseline_centered,S_delta_dS,6,60C__graphite_trial_2,60C,graphite,2,11367.497525840945,8013.147786458333
A_not_baseline_centered,S_delta_dS,6,60C__graphite_trial_3,60C,graphite,3,11367.497525840945,9790.0751953125
A_not_baseline_centered,S_delta_dS,6,60C__graphite_trial_4,60C,graphite,4,11367.497525840945,10641.11328125
A_not_baseline_centered,S_delta_dS,6,60C__graphite_trial_5,60C,graphite,5,11367.497525840945,14985.641927083334
A_not_baseline_centered,S_delta_dS,6,60C__graphite_trial_6,60C,graphite,6,11367.497525840945,10465.659505208334
A_not_baseline_centered,P_dP,6,30C__graphite_trial_1,30C,graphite,1,11367.497525840945,18457.561848958332
A_not_baseline_centered,P_dP,6,30C__graphite_trial_2,30C,graphite,2,11367.497525840945,15619.36328125
A_not_baseline_centered,P_dP,6,30C__graphite_trial_3,30C,graphite,3,11367.497525840945,11465.271809895834
A_not_baseline_centered,P_dP,6,30C__graphite_trial_4,30C,graphite,4,11367.497525840945,14870.8564453125
A_not_baseline_centered,P_dP,6,30C__graphite_trial_5,30C,graphite,5,11367.497525840945,20553.528645833332
A_not_baseline_centered,P_dP,6,30C__graphite_trial_6,30C,graphite,6,11367.497525840945,19961.180989583332
A_not_baseline_centered,P_dP,6,40C__graphite_trial_1,40C,graphite,1,11367.497525840945,6775.020182291667
A_not_baseline_centered,P_dP,6,40C__graphite_trial_2,40C,graphite,2,11367.497525840945,7556.201822916667
A_not_baseline_centered,P_dP,6,40C__graphite_trial_3,40C,graphite,3,11367.497525840945,12440.900390625
A_not_baseline_centered,P_dP,6,40C__graphite_trial_4,40C,graphite,4,11367.497525840945,7303.19921875
A_not_baseline_centered,P_dP,6,40C__graphite_trial_5,40C,graphite,5,11367.497525840945,1620.7820231119792
A_not_baseline_centered,P_dP,6,40C__graphite_trial_6,40C,graphite,6,11367.497525840945,5501.878011067708
A_not_baseline_centered,P_dP,6,50C__graphite_trial_1,50C,graphite,1,11367.497525840945,15530.90234375
A_not_baseline_centered,P_dP,6,50C__graphite_trial_2,50C,graphite,2,11367.497525840945,9165.498372395834
A_not_baseline_centered,P_dP,6,50C__graphite_trial_3,50C,graphite,3,11367.497525840945,10296.0751953125
A_not_baseline_centered,P_dP,6,50C__graphite_trial_4,50C,graphite,4,11367.497525840945,9862.780924479166
A_not_baseline_centered,P_dP,6,50C__graphite_trial_5,50C,graphite,5,11367.497525840945,8941.748860677084
A_not_baseline_centered,P_dP,6,50C__graphite_trial_6,50C,graphite,6,11367.497525840945,14524.049153645834
A_not_baseline_centered,P_dP,6,60C__graphite_trial_1,60C,graphite,1,11367.497525840945,9553.4677734375
A_not_baseline_centered,P_dP,6,60C__graphite_trial_2,60C,graphite,2,11367.497525840945,9926.481119791666
A_not_baseline_centered,P_dP,6,60C__graphite_trial_3,60C,graphite,3,11367.497525840945,8830.070963541666
A_not_baseline_centered,P_dP,6,60C__graphite_trial_4,60C,graphite,4,11367.497525840945,6902.77783203125
A_not_baseline_centered,P_dP,6,60C__graphite_trial_5,60C,graphite,5,11367.497525840945,9879.112955729166
A_not_baseline_centered,P_dP,6,60C__graphite_trial_6,60C,graphite,6,11367.497525840945,11264.754231770834
A_not_baseline_centered,S_dS,6,30C__graphite_trial_1,30C,graphite,1,11367.497525840945,20216.098307291668
A_not_baseline_centered,S_dS,6,30C__graphite_trial_2,30C,graphite,2,11367.497525840945,21099.160481770832
A_not_baseline_centered,S_dS,6,30C__graphite_trial_3,30C,graphite,3,11367.497525840945,13931.20849609375
A_not_baseline_centered,S_dS,6,30C__graphite_trial_4,30C,graphite,4,11367.497525840945,14120.271809895834
A_not_baseline_centered,S_dS,6,30C__graphite_trial_5,30C,graphite,5,11367.497525840945,20152.076171875
A_not_baseline_centered,S_dS,6,30C__graphite_trial_6,30C,graphite,6,11367.497525840945,24819.502604166668
A_not_baseline_centered,S_dS,6,40C__graphite_trial_1,40C,graphite,1,11367.497525840945,13554.995768229166
A_not_baseline_centered,S_dS,6,40C__graphite_trial_2,40C,graphite,2,11367.497525840945,7879.679361979167
A_not_baseline_centered,S_dS,6,40C__graphite_trial_3,40C,graphite,3,11367.497525840945,9632.415690104166
A_not_baseline_centered,S_dS,6,40C__graphite_trial_4,40C,graphite,4,11367.497525840945,4857.994140625
A_not_baseline_centered,S_dS,6,40C__graphite_trial_5,40C,graphite,5,11367.497525840945,1755.3067626953125
A_not_baseline_centered,S_dS,6,40C__graphite_trial_6,40C,graphite,6,11367.497525840945,5795.997395833333
A_not_baseline_centered,S_dS,6,50C__graphite_trial_1,50C,graphite,1,11367.497525840945,16083.616861979166
A_not_baseline_centered,S_dS,6,50C__graphite_trial_2,50C,graphite,2,11367.497525840945,13849.361002604166
A_not_baseline_centered,S_dS,6,50C__graphite_trial_3,50C,graphite,3,11367.497525840945,8474.074055989584
A_not_baseline_centered,S_dS,6,50C__graphite_trial_4,50C,graphite,4,11367.497525840945,16166.1171875
A_not_baseline_centered,S_dS,6,50C__graphite_trial_5,50C,graphite,5,11367.497525840945,9295.265625
A_not_baseline_centered,S_dS,6,50C__graphite_trial_6,50C,graphite,6,11367.497525840945,12097.2236328125
A_not_baseline_centered,S_dS,6,60C__graphite_trial_1,60C,graphite,1,11367.497525840945,7954.87255859375
A_not_baseline_centered,S_dS,6,60C__graphite_trial_2,60C,graphite,2,11367.497525840945,12260.348307291666
A_not_baseline_centered,S_dS,6,60C__graphite_trial_3,60C,graphite,3,11367.497525840945,15663.359700520834
A_not_baseline_centered,S_dS,6,60C__graphite_trial_4,60C,graphite,4,11367.497525840945,13327.878255208334
A_not_baseline_centered,S_dS,6,60C__graphite_trial_5,60C,graphite,5,11367.497525840945,20194.701822916668
A_not_baseline_centered,S_dS,6,60C__graphite_trial_6,60C,graphite,6,11367.497525840945,8572.283365885416
A_not_baseline_centered,delta,6,30C__graphite_trial_1,30C,graphite,1,11367.497525840945,19531.498046875
A_not_baseline_centered,delta,6,30C__graphite_trial_2,30C,graphite,2,11367.497525840945,630.9254048665365
A_not_baseline_centered,delta,6,30C__graphite_trial_3,30C,graphite,3,11367.497525840945,412.1577860514323
A_not_baseline_centered,delta,6,30C__graphite_trial_4,30C,graphite,4,11367.497525840945,4508.074055989583
A_not_baseline_centered,delta,6,30C__graphite_trial_5,30C,graphite,5,11367.497525840945,2017.5907389322917
A_not_baseline_centered,delta,6,30C__graphite_trial_6,30C,graphite,6,11367.497525840945,1234.9338989257812
A_not_baseline_centered,delta,6,40C__graphite_trial_1,40C,graphite,1,11367.497525840945,14329.988606770834
A_not_baseline_centered,delta,6,40C__graphite_trial_2,40C,graphite,2,11367.497525840945,20546.078776041668
A_not_baseline_centered,delta,6,40C__graphite_trial_3,40C,graphite,3,11367.497525840945,23651.744140625
A_not_baseline_centered,delta,6,40C__graphite_trial_4,40C,graphite,4,11367.497525840945,7180.777018229167
A_not_baseline_centered,delta,6,40C__graphite_trial_5,40C,graphite,5,11367.497525840945,3408.9573567708335
A_not_baseline_centered,delta,6,40C__graphite_trial_6,40C,graphite,6,11367.497525840945,7764.989583333333
A_not_baseline_centered,delta,6,50C__graphite_trial_1,50C,graphite,1,11367.497525840945,10429.495442708334
A_not_baseline_centered,delta,6,50C__graphite_trial_2,50C,graphite,2,11367.497525840945,7630.739501953125
A_not_baseline_centered,delta,6,50C__graphite_trial_3,50C,graphite,3,11367.497525840945,5829.467041015625
A_not_baseline_centered,delta,6,50C__graphite_trial_4,50C,graphite,4,11367.497525840945,5928.520751953125
A_not_baseline_centered,delta,6,50C__graphite_trial_5,50C,graphite,5,11367.497525840945,7343.5068359375
A_not_baseline_centered,delta,6,50C__graphite_trial_6,50C,graphite,6,11367.497525840945,9580.1513671875
A_not_baseline_centered,delta,6,60C__graphite_trial_1,60C,graphite,1,11367.497525840945,5658.097900390625
A_not_baseline_centered,delta,6,60C__graphite_trial_2,60C,graphite,2,11367.497525840945,14080.484049479166
A_not_baseline_centered,delta,6,60C__graphite_trial_3,60C,graphite,3,11367.497525840945,7882.268391927083
A_not_baseline_centered,delta,6,60C__graphite_trial_4,60C,graphite,4,11367.497525840945,6461.221354166667
A_not_baseline_centered,delta,6,60C__graphite_trial_5,60C,graphite,5,11367.497525840945,8297.5673828125
A_not_baseline_centered,delta,6,60C__graphite_trial_6,60C,graphite,6,11367.497525840945,18967.904622395832
A_not_baseline_centered,P,6,30C__graphite_trial_1,30C,graphite,1,11367.497525840945,20686.998697916668
A_not_baseline_centered,P,6,30C__graphite_trial_2,30C,graphite,2,11367.497525840945,7767.74365234375
A_not_baseline_centered,P,6,30C__graphite_trial_3,30C,graphite,3,11367.497525840945,7482.322916666667
A_not_baseline_centered,P,6,30C__graphite_trial_4,30C,graphite,4,11367.497525840945,9827.9658203125
A_not_baseline_centered,P,6,30C__graphite_trial_5,30C,graphite,5,11367.497525840945,15988.663736979166
A_not_baseline_centered,P,6,30C__graphite_trial_6,30C,graphite,6,11367.497525840945,12192.031901041666
A_not_baseline_centered,P,6,40C__graphite_trial_1,40C,graphite,1,11367.497525840945,2830.8211263020835
A_not_baseline_centered,P,6,40C__graphite_trial_2,40C,graphite,2,11367.497525840945,2071.6067708333335
A_not_baseline_centered,P,6,40C__graphite_trial_3,40C,graphite,3,11367.497525840945,11335.9013671875
A_not_baseline_centered,P,6,40C__graphite_trial_4,40C,graphite,4,11367.497525840945,2354.4622395833335
A_not_baseline_centered,P,6,40C__graphite_trial_5,40C,graphite,5,11367.497525840945,1228.5919596354167
A_not_baseline_centered,P,6,40C__graphite_trial_6,40C,graphite,6,11367.497525840945,5767.948323567708
A_not_baseline_centered,P,6,50C__graphite_trial_1,50C,graphite,1,11367.497525840945,14490.765950520834
A_not_baseline_centered,P,6,50C__graphite_trial_2,50C,graphite,2,11367.497525840945,8652.726888020834
A_not_baseline_centered,P,6,50C__graphite_trial_3,50C,graphite,3,11367.497525840945,9116.114908854166
A_not_baseline_centered,P,6,50C__graphite_trial_4,50C,graphite,4,11367.497525840945,10446.035807291666
A_not_baseline_centered,P,6,50C__graphite_trial_5,50C,graphite,5,11367.497525840945,9470.087890625
A_not_baseline_centered,P,6,50C__graphite_trial_6,50C,graphite,6,11367.497525840945,13012.63623046875
A_not_baseline_centered,P,6,60C__graphite_trial_1,60C,graphite,1,11367.497525840945,7314.6181640625
A_not_baseline_centered,P,6,60C__graphite_trial_2,60C,graphite,2,11367.497525840945,6659.888020833333
A_not_baseline_centered,P,6,60C__graphite_trial_3,60C,graphite,3,11367.497525840945,9508.637858072916
A_not_baseline_centered,P,6,60C__graphite_trial_4,60C,graphite,4,11367.497525840945,9413.87109375
A_not_baseline_centered,P,6,60C__graphite_trial_5,60C,graphite,5,11367.497525840945,7631.52294921875
A_not_baseline_centered,P,6,60C__graphite_trial_6,60C,graphite,6,11367.497525840945,7483.413248697917
A_not_baseline_centered,S,6,30C__graphite_trial_1,30C,graphite,1,11367.497525840945,14699.2861328125
A_not_baseline_centered,S,6,30C__graphite_trial_2,30C,graphite,2,11367.497525840945,19338.657877604168
A_not_baseline_centered,S,6,30C__graphite_trial_3,30C,graphite,3,11367.497525840945,15789.37109375
A_not_baseline_centered,S,6,30C__graphite_trial_4,30C,graphite,4,11367.497525840945,11588.732421875
A_not_baseline_centered,S,6,30C__graphite_trial_5,30C,graphite,5,11367.497525840945,18718.236979166668
A_not_baseline_centered,S,6,30C__graphite_trial_6,30C,graphite,6,11367.497525840945,20262.639322916668
A_not_baseline_centered,S,6,40C__graphite_trial_1,40C,graphite,1,11367.497525840945,17772.89453125
A_not_baseline_centered,S,6,40C__graphite_trial_2,40C,graphite,2,11367.497525840945,6818.007242838542
A_not_baseline_centered,S,6,40C__graphite_trial_3,40C,graphite,3,11367.497525840945,9161.801106770834
A_not_baseline_centered,S,6,40C__graphite_trial_4,40C,graphite,4,11367.497525840945,2004.6596272786458
A_not_baseline_centered,S,6,40C__graphite_trial_5,40C,graphite,5,11367.497525840945,1047.3927612304688
A_not_baseline_centered,S,6,40C__graphite_trial_6,40C,graphite,6,11367.497525840945,6411.050618489583
A_not_baseline_centered,S,6,50C__graphite_trial_1,50C,graphite,1,11367.497525840945,13081.982096354166
A_not_baseline_centered,S,6,50C__graphite_trial_2,50C,graphite,2,11367.497525840945,10582.8349609375
A_not_baseline_centered,S,6,50C__graphite_trial_3,50C,graphite,3,11367.497525840945,8393.76611328125
A_not_baseline_centered,S,6,50C__graphite_trial_4,50C,graphite,4,11367.497525840945,10088.074869791666
A_not_baseline_centered,S,6,50C__graphite_trial_5,50C,graphite,5,11367.497525840945,11210.6435546875
A_not_baseline_centered,S,6,50C__graphite_trial_6,50C,graphite,6,11367.497525840945,11778.396484375
A_not_baseline_centered,S,6,60C__graphite_trial_1,60C,graphite,1,11367.497525840945,7593.162923177083
A_not_baseline_centered,S,6,60C__graphite_trial_2,60C,graphite,2,11367.497525840945,15163.412434895834
A_not_baseline_centered,S,6,60C__graphite_trial_3,60C,graphite,3,11367.497525840945,16040.6572265625
A_not_baseline_centered,S,6,60C__graphite_trial_4,60C,graphite,4,11367.497525840945,15068.437174479166
A_not_baseline_centered,S,6,60C__graphite_trial_5,60C,graphite,5,11367.497525840945,20459.288411458332
A_not_baseline_centered,S,6,60C__graphite_trial_6,60C,graphite,6,11367.497525840945,7863.1396484375
A_not_baseline_centered,P_S_delta_dP_dS_ddP_ddS,7,30C__gypsum_trial_1,30C,gypsum,1,385.01948002666046,154.12904357910156
A_not_baseline_centered,P_S_delta_dP_dS_ddP_ddS,7,30C__gypsum_trial_2,30C,gypsum,2,385.01948002666046,181.104248046875
A_not_baseline_centered,P_S_delta_dP_dS_ddP_ddS,7,30C__gypsum_trial_3,30C,gypsum,3,385.01948002666046,264.4769592285156
A_not_baseline_centered,P_S_delta_dP_dS_ddP_ddS,7,30C__gypsum_trial_4,30C,gypsum,4,385.01948002666046,144.29806518554688
A_not_baseline_centered,P_S_delta_dP_dS_ddP_ddS,7,30C__gypsum_trial_5,30C,gypsum,5,385.01948002666046,159.7791493733724
A_not_baseline_centered,P_S_delta_dP_dS_ddP_ddS,7,30C__gypsum_trial_6,30C,gypsum,6,385.01948002666046,153.51642354329428
A_not_baseline_centered,P_S_delta_dP_dS_ddP_ddS,7,40C__gypsum_trial_1,40C,gypsum,1,385.01948002666046,234.96351114908853
A_not_baseline_centered,P_S_delta_dP_dS_ddP_ddS,7,40C__gypsum_trial_2,40C,gypsum,2,385.01948002666046,241.7084503173828
A_not_baseline_centered,P_S_delta_dP_dS_ddP_ddS,7,40C__gypsum_trial_3,40C,gypsum,3,385.01948002666046,308.91278076171875
A_not_baseline_centered,P_S_delta_dP_dS_ddP_ddS,7,40C__gypsum_trial_4,40C,gypsum,4,385.01948002666046,261.5743713378906
A_not_baseline_centered,P_S_delta_dP_dS_ddP_ddS,7,40C__gypsum_trial_5,40C,gypsum,5,385.01948002666046,366.7167663574219
A_not_baseline_centered,P_S_delta_dP_dS_ddP_ddS,7,40C__gypsum_trial_6,40C,gypsum,6,385.01948002666046,348.2949727376302
A_not_baseline_centered,P_S_delta_dP_dS_ddP_ddS,7,50C__gypsum_trial_1,50C,gypsum,1,385.01948002666046,1220.742696126302
A_not_baseline_centered,P_S_delta_dP_dS_ddP_ddS,7,50C__gypsum_trial_2,50C,gypsum,2,385.01948002666046,543.6073303222656
A_not_baseline_centered,P_S_delta_dP_dS_ddP_ddS,7,50C__gypsum_trial_3,50C,gypsum,3,385.01948002666046,574.8459269205729
A_not_baseline_centered,P_S_delta_dP_dS_ddP_ddS,7,50C__gypsum_trial_4,50C,gypsum,4,385.01948002666046,1245.0928955078125
A_not_baseline_centered,P_S_delta_dP_dS_ddP_ddS,7,50C__gypsum_trial_5,50C,gypsum,5,385.01948002666046,1403.7794596354167
A_not_baseline_centered,P_S_delta_dP_dS_ddP_ddS,7,50C__gypsum_trial_6,50C,gypsum,6,385.01948002666046,1030.265869140625
A_not_baseline_centered,P_S_delta_dP_dS_ddP_ddS,7,60C__gypsum_trial_1,60C,gypsum,1,385.01948002666046,8582.72509765625
A_not_baseline_centered,P_S_delta_dP_dS_ddP_ddS,7,60C__gypsum_trial_2,60C,gypsum,2,385.01948002666046,1608.8587443033855
A_not_baseline_centered,P_S_delta_dP_dS_ddP_ddS,7,60C__gypsum_trial_3,60C,gypsum,3,385.01948002666046,7013.937825520833
A_not_baseline_centered,P_S_delta_dP_dS_ddP_ddS,7,60C__gypsum_trial_4,60C,gypsum,4,385.01948002666046,9911.339518229166
A_not_baseline_centered,P_S_delta_dP_dS_ddP_ddS,7,60C__gypsum_trial_5,60C,gypsum,5,385.01948002666046,8521.865234375
A_not_baseline_centered,P_S_delta_dP_dS_ddP_ddS,7,60C__gypsum_trial_6,60C,gypsum,6,385.01948002666046,8685.962076822916
A_not_baseline_centered,P_delta_dP,7,30C__gypsum_trial_1,30C,gypsum,1,385.01948002666046,320.0907389322917
A_not_baseline_centered,P_delta_dP,7,30C__gypsum_trial_2,30C,gypsum,2,385.01948002666046,346.8687032063802
A_not_baseline_centered,P_delta_dP,7,30C__gypsum_trial_3,30C,gypsum,3,385.01948002666046,398.72142537434894
A_not_baseline_centered,P_delta_dP,7,30C__gypsum_trial_4,30C,gypsum,4,385.01948002666046,273.55475362141925
A_not_baseline_centered,P_delta_dP,7,30C__gypsum_trial_5,30C,gypsum,5,385.01948002666046,306.0668589274089
A_not_baseline_centered,P_delta_dP,7,30C__gypsum_trial_6,30C,gypsum,6,385.01948002666046,339.963623046875
A_not_baseline_centered,P_delta_dP,7,40C__gypsum_trial_1,40C,gypsum,1,385.01948002666046,102.84688568115234
A_not_baseline_centered,P_delta_dP,7,40C__gypsum_trial_2,40C,gypsum,2,385.01948002666046,245.93811543782553
A_not_baseline_centered,P_delta_dP,7,40C__gypsum_trial_3,40C,gypsum,3,385.01948002666046,325.4475504557292
A_not_baseline_centered,P_delta_dP,7,40C__gypsum_trial_4,40C,gypsum,4,385.01948002666046,417.4352315266927
A_not_baseline_centered,P_delta_dP,7,40C__gypsum_trial_5,40C,gypsum,5,385.01948002666046,286.1632029215495
A_not_baseline_centered,P_delta_dP,7,40C__gypsum_trial_6,40C,gypsum,6,385.01948002666046,374.82337443033856
A_not_baseline_centered,P_delta_dP,7,50C__gypsum_trial_1,50C,gypsum,1,385.01948002666046,483.4989013671875
A_not_baseline_centered,P_delta_dP,7,50C__gypsum_trial_2,50C,gypsum,2,385.01948002666046,465.1998291015625
A_not_baseline_centered,P_delta_dP,7,50C__gypsum_trial_3,50C,gypsum,3,385.01948002666046,437.25649007161456
A_not_baseline_centered,P_delta_dP,7,50C__gypsum_trial_4,50C,gypsum,4,385.01948002666046,556.8878580729166
A_not_baseline_centered,P_delta_dP,7,50C__gypsum_trial_5,50C,gypsum,5,385.01948002666046,852.9299519856771
A_not_baseline_centered,P_delta_dP,7,50C__gypsum_trial_6,50C,gypsum,6,385.01948002666046,568.9072265625
A_not_baseline_centered,P_delta_dP,7,60C__gypsum_trial_1,60C,gypsum,1,385.01948002666046,2966.749267578125
A_not_baseline_centered,P_delta_dP,7,60C__gypsum_trial_2,60C,gypsum,2,385.01948002666046,4807.163167317708
A_not_baseline_centered,P_delta_dP,7,60C__gypsum_trial_3,60C,gypsum,3,385.01948002666046,3535.793212890625
A_not_baseline_centered,P_delta_dP,7,60C__gypsum_trial_4,60C,gypsum,4,385.01948002666046,5302.247314453125
A_not_baseline_centered,P_delta_dP,7,60C__gypsum_trial_5,60C,gypsum,5,385.01948002666046,2796.640828450521
A_not_baseline_centered,P_delta_dP,7,60C__gypsum_trial_6,60C,gypsum,6,385.01948002666046,6877.400227864583
A_not_baseline_centered,S_delta_dS,7,30C__gypsum_trial_1,30C,gypsum,1,385.01948002666046,182.54161580403647
A_not_baseline_centered,S_delta_dS,7,30C__gypsum_trial_2,30C,gypsum,2,385.01948002666046,190.21342976888022
A_not_baseline_centered,S_delta_dS,7,30C__gypsum_trial_3,30C,gypsum,3,385.01948002666046,293.1722819010417
A_not_baseline_centered,S_delta_dS,7,30C__gypsum_trial_4,30C,gypsum,4,385.01948002666046,201.21536254882812
A_not_baseline_centered,S_delta_dS,7,30C__gypsum_trial_5,30C,gypsum,5,385.01948002666046,197.40392557779947
A_not_baseline_centered,S_delta_dS,7,30C__gypsum_trial_6,30C,gypsum,6,385.01948002666046,214.84436543782553
A_not_baseline_centered,S_delta_dS,7,40C__gypsum_trial_1,40C,gypsum,1,385.01948002666046,235.54883829752603
A_not_baseline_centered,S_delta_dS,7,40C__gypsum_trial_2,40C,gypsum,2,385.01948002666046,220.8924306233724
A_not_baseline_centered,S_delta_dS,7,40C__gypsum_trial_3,40C,gypsum,3,385.01948002666046,234.49945576985678
A_not_baseline_centered,S_delta_dS,7,40C__gypsum_trial_4,40C,gypsum,4,385.01948002666046,244.2257537841797
A_not_baseline_centered,S_delta_dS,7,40C__gypsum_trial_5,40C,gypsum,5,385.01948002666046,303.1444091796875
A_not_baseline_centered,S_delta_dS,7,40C__gypsum_trial_6,40C,gypsum,6,385.01948002666046,460.2740173339844
A_not_baseline_centered,S_delta_dS,7,50C__gypsum_trial_1,50C,gypsum,1,385.01948002666046,587.4958699544271
A_not_baseline_centered,S_delta_dS,7,50C__gypsum_trial_2,50C,gypsum,2,385.01948002666046,554.7391560872396
A_not_baseline_centered,S_delta_dS,7,50C__gypsum_trial_3,50C,gypsum,3,385.01948002666046,769.4686482747396
A_not_baseline_centered,S_delta_dS,7,50C__gypsum_trial_4,50C,gypsum,4,385.01948002666046,693.4634399414062
A_not_baseline_centered,S_delta_dS,7,50C__gypsum_trial_5,50C,gypsum,5,385.01948002666046,906.2696329752604
A_not_baseline_centered,S_delta_dS,7,50C__gypsum_trial_6,50C,gypsum,6,385.01948002666046,721.4918009440104
A_not_baseline_centered,S_delta_dS,7,60C__gypsum_trial_1,60C,gypsum,1,385.01948002666046,15303.058919270834
A_not_baseline_centered,S_delta_dS,7,60C__gypsum_trial_2,60C,gypsum,2,385.01948002666046,4180.569091796875
A_not_baseline_centered,S_delta_dS,7,60C__gypsum_trial_3,60C,gypsum,3,385.01948002666046,10217.27490234375
A_not_baseline_centered,S_delta_dS,7,60C__gypsum_trial_4,60C,gypsum,4,385.01948002666046,16337.246419270834
A_not_baseline_centered,S_delta_dS,7,60C__gypsum_trial_5,60C,gypsum,5,385.01948002666046,13824.523763020834
A_not_baseline_centered,S_delta_dS,7,60C__gypsum_trial_6,60C,gypsum,6,385.01948002666046,11295.631022135416
A_not_baseline_centered,P_dP,7,30C__gypsum_trial_1,30C,gypsum,1,385.01948002666046,462.3811747233073
A_not_baseline_centered,P_dP,7,30C__gypsum_trial_2,30C,gypsum,2,385.01948002666046,301.40306091308594
A_not_baseline_centered,P_dP,7,30C__gypsum_trial_3,30C,gypsum,3,385.01948002666046,511.89244588216144
A_not_baseline_centered,P_dP,7,30C__gypsum_trial_4,30C,gypsum,4,385.01948002666046,254.2386220296224
A_not_baseline_centered,P_dP,7,30C__gypsum_trial_5,30C,gypsum,5,385.01948002666046,274.0963389078776
A_not_baseline_centered,P_dP,7,30C__gypsum_trial_6,30C,gypsum,6,385.01948002666046,458.94207763671875
A_not_baseline_centered,P_dP,7,40C__gypsum_trial_1,40C,gypsum,1,385.01948002666046,192.82373809814453
A_not_baseline_centered,P_dP,7,40C__gypsum_trial_2,40C,gypsum,2,385.01948002666046,382.28297932942706
A_not_baseline_centered,P_dP,7,40C__gypsum_trial_3,40C,gypsum,3,385.01948002666046,279.7328389485677
A_not_baseline_centered,P_dP,7,40C__gypsum_trial_4,40C,gypsum,4,385.01948002666046,405.5851236979167
A_not_baseline_centered,P_dP,7,40C__gypsum_trial_5,40C,gypsum,5,385.01948002666046,368.9937235514323
A_not_baseline_centered,P_dP,7,40C__gypsum_trial_6,40C,gypsum,6,385.01948002666046,281.2185414632161
A_not_baseline_centered,P_dP,7,50C__gypsum_trial_1,50C,gypsum,1,385.01948002666046,658.4214070638021
A_not_baseline_centered,P_dP,7,50C__gypsum_trial_2,50C,gypsum,2,385.01948002666046,809.7202555338541
A_not_baseline_centered,P_dP,7,50C__gypsum_trial_3,50C,gypsum,3,385.01948002666046,611.6009012858073
A_not_baseline_centered,P_dP,7,50C__gypsum_trial_4,50C,gypsum,4,385.01948002666046,646.4388834635416
A_not_baseline_centered,P_dP,7,50C__gypsum_trial_5,50C,gypsum,5,385.01948002666046,613.5329895019531
A_not_baseline_centered,P_dP,7,50C__gypsum_trial_6,50C,gypsum,6,385.01948002666046,1302.5398356119792
A_not_baseline_centered,P_dP,7,60C__gypsum_trial_1,60C,gypsum,1,385.01948002666046,1790.9072672526042
A_not_baseline_centered,P_dP,7,60C__gypsum_trial_2,60C,gypsum,2,385.01948002666046,2094.7020060221353
A_not_baseline_centered,P_dP,7,60C__gypsum_trial_3,60C,gypsum,3,385.01948002666046,1585.6825358072917
A_not_baseline_centered,P_dP,7,60C__gypsum_trial_4,60C,gypsum,4,385.01948002666046,2833.110310872396
A_not_baseline_centered,P_dP,7,60C__gypsum_trial_5,60C,gypsum,5,385.01948002666046,1768.5374348958333
A_not_baseline_centered,P_dP,7,60C__gypsum_trial_6,60C,gypsum,6,385.01948002666046,4361.7901611328125
A_not_baseline_centered,S_dS,7,30C__gypsum_trial_1,30C,gypsum,1,385.01948002666046,67.45493443806966
A_not_baseline_centered,S_dS,7,30C__gypsum_trial_2,30C,gypsum,2,385.01948002666046,201.98143513997397
A_not_baseline_centered,S_dS,7,30C__gypsum_trial_3,30C,gypsum,3,385.01948002666046,189.00628153483072
A_not_baseline_centered,S_dS,7,30C__gypsum_trial_4,30C,gypsum,4,385.01948002666046,132.3049570719401
A_not_baseline_centered,S_dS,7,30C__gypsum_trial_5,30C,gypsum,5,385.01948002666046,129.85893758138022
A_not_baseline_centered,S_dS,7,30C__gypsum_trial_6,30C,gypsum,6,385.01948002666046,148.4179255167643
A_not_baseline_centered,S_dS,7,40C__gypsum_trial_1,40C,gypsum,1,385.01948002666046,335.0062764485677
A_not_baseline_centered,S_dS,7,40C__gypsum_trial_2,40C,gypsum,2,385.01948002666046,162.3216756184896
A_not_baseline_centered,S_dS,7,40C__gypsum_trial_3,40C,gypsum,3,385.01948002666046,201.72002156575522
A_not_baseline_centered,S_dS,7,40C__gypsum_trial_4,40C,gypsum,4,385.01948002666046,249.25724283854166
A_not_baseline_centered,S_dS,7,40C__gypsum_trial_5,40C,gypsum,5,385.01948002666046,3149.044677734375
A_not_baseline_centered,S_dS,7,40C__gypsum_trial_6,40C,gypsum,6,385.01948002666046,529.8305155436198
A_not_baseline_centered,S_dS,7,50C__gypsum_trial_1,50C,gypsum,1,385.01948002666046,5529.00146484375
A_not_baseline_centered,S_dS,7,50C__gypsum_trial_2,50C,gypsum,2,385.01948002666046,2816.567423502604
A_not_baseline_centered,S_dS,7,50C__gypsum_trial_3,50C,gypsum,3,385.01948002666046,3510.9104817708335
A_not_baseline_centered,S_dS,7,50C__gypsum_trial_4,50C,gypsum,4,385.01948002666046,2416.727986653646
A_not_baseline_centered,S_dS,7,50C__gypsum_trial_5,50C,gypsum,5,385.01948002666046,7284.781575520833
A_not_baseline_centered,S_dS,7,50C__gypsum_trial_6,50C,gypsum,6,385.01948002666046,2246.720174153646
A_not_baseline_centered,S_dS,7,60C__gypsum_trial_1,60C,gypsum,1,385.01948002666046,6209.646158854167
A_not_baseline_centered,S_dS,7,60C__gypsum_trial_2,60C,gypsum,2,385.01948002666046,3225.1289265950522
A_not_baseline_centered,S_dS,7,60C__gypsum_trial_3,60C,gypsum,3,385.01948002666046,4729.480550130208
A_not_baseline_centered,S_dS,7,60C__gypsum_trial_4,60C,gypsum,4,385.01948002666046,4153.5229899088545
A_not_baseline_centered,S_dS,7,60C__gypsum_trial_5,60C,gypsum,5,385.01948002666046,7240.915201822917
A_not_baseline_centered,S_dS,7,60C__gypsum_trial_6,60C,gypsum,6,385.01948002666046,4017.990234375
A_not_baseline_centered,delta,7,30C__gypsum_trial_1,30C,gypsum,1,385.01948002666046,291.2032826741536
A_not_baseline_centered,delta,7,30C__gypsum_trial_2,30C,gypsum,2,385.01948002666046,177.84515889485678
A_not_baseline_centered,delta,7,30C__gypsum_trial_3,30C,gypsum,3,385.01948002666046,303.2595520019531
A_not_baseline_centered,delta,7,30C__gypsum_trial_4,30C,gypsum,4,385.01948002666046,183.92523701985678
A_not_baseline_centered,delta,7,30C__gypsum_trial_5,30C,gypsum,5,385.01948002666046,240.59978739420572
A_not_baseline_centered,delta,7,30C__gypsum_trial_6,30C,gypsum,6,385.01948002666046,444.73644002278644
A_not_baseline_centered,delta,7,40C__gypsum_trial_1,40C,gypsum,1,385.01948002666046,89.21456654866536
A_not_baseline_centered,delta,7,40C__gypsum_trial_2,40C,gypsum,2,385.01948002666046,116.8368657430013
A_not_baseline_centered,delta,7,40C__gypsum_trial_3,40C,gypsum,3,385.01948002666046,291.0549062093099
A_not_baseline_centered,delta,7,40C__gypsum_trial_4,40C,gypsum,4,385.01948002666046,125.85500208536784
A_not_baseline_centered,delta,7,40C__gypsum_trial_5,40C,gypsum,5,385.01948002666046,292.0672302246094
A_not_baseline_centered,delta,7,40C__gypsum_trial_6,40C,gypsum,6,385.01948002666046,240.18260192871094
A_not_baseline_centered,delta,7,50C__gypsum_trial_1,50C,gypsum,1,385.01948002666046,700.8134358723959
A_not_baseline_centered,delta,7,50C__gypsum_trial_2,50C,gypsum,2,385.01948002666046,476.21937052408856
A_not_baseline_centered,delta,7,50C__gypsum_trial_3,50C,gypsum,3,385.01948002666046,404.82383219401044
A_not_baseline_centered,delta,7,50C__gypsum_trial_4,50C,gypsum,4,385.01948002666046,526.0984700520834
A_not_baseline_centered,delta,7,50C__gypsum_trial_5,50C,gypsum,5,385.01948002666046,607.0434163411459
A_not_baseline_centered,delta,7,50C__gypsum_trial_6,50C,gypsum,6,385.01948002666046,794.3451741536459
A_not_baseline_centered,delta,7,60C__gypsum_trial_1,60C,gypsum,1,385.01948002666046,5634.725748697917
A_not_baseline_centered,delta,7,60C__gypsum_trial_2,60C,gypsum,2,385.01948002666046,5079.494954427083
A_not_baseline_centered,delta,7,60C__gypsum_trial_3,60C,gypsum,3,385.01948002666046,1892.1063435872395
A_not_baseline_centered,delta,7,60C__gypsum_trial_4,60C,gypsum,4,385.01948002666046,6960.992350260417
A_not_baseline_centered,delta,7,60C__gypsum_trial_5,60C,gypsum,5,385.01948002666046,2930.1099446614585
A_not_baseline_centered,delta,7,60C__gypsum_trial_6,60C,gypsum,6,385.01948002666046,3652.5606282552085
A_not_baseline_centered,P,7,30C__gypsum_trial_1,30C,gypsum,1,385.01948002666046,421.8196614583333
A_not_baseline_centered,P,7,30C__gypsum_trial_2,30C,gypsum,2,385.01948002666046,282.2821350097656
A_not_baseline_centered,P,7,30C__gypsum_trial_3,30C,gypsum,3,385.01948002666046,363.03782145182294
A_not_baseline_centered,P,7,30C__gypsum_trial_4,30C,gypsum,4,385.01948002666046,199.12432861328125
A_not_baseline_centered,P,7,30C__gypsum_trial_5,30C,gypsum,5,385.01948002666046,212.85846455891928
A_not_baseline_centered,P,7,30C__gypsum_trial_6,30C,gypsum,6,385.01948002666046,466.4929504394531
A_not_baseline_centered,P,7,40C__gypsum_trial_1,40C,gypsum,1,385.01948002666046,121.55493927001953
A_not_baseline_centered,P,7,40C__gypsum_trial_2,40C,gypsum,2,385.01948002666046,300.86561584472656
A_not_baseline_centered,P,7,40C__gypsum_trial_3,40C,gypsum,3,385.01948002666046,237.44140116373697
A_not_baseline_centered,P,7,40C__gypsum_trial_4,40C,gypsum,4,385.01948002666046,346.3755187988281
A_not_baseline_centered,P,7,40C__gypsum_trial_5,40C,gypsum,5,385.01948002666046,444.9085286458333
A_not_baseline_centered,P,7,40C__gypsum_trial_6,40C,gypsum,6,385.01948002666046,599.442626953125
A_not_baseline_centered,P,7,50C__gypsum_trial_1,50C,gypsum,1,385.01948002666046,582.2690022786459
A_not_baseline_centered,P,7,50C__gypsum_trial_2,50C,gypsum,2,385.01948002666046,595.5007731119791
A_not_baseline_centered,P,7,50C__gypsum_trial_3,50C,gypsum,3,385.01948002666046,1008.9046020507812
A_not_baseline_centered,P,7,50C__gypsum_trial_4,50C,gypsum,4,385.01948002666046,728.2412516276041
A_not_baseline_centered,P,7,50C__gypsum_trial_5,50C,gypsum,5,385.01948002666046,938.8481241861979
A_not_baseline_centered,P,7,50C__gypsum_trial_6,50C,gypsum,6,385.01948002666046,800.3848266601562
A_not_baseline_centered,P,7,60C__gypsum_trial_1,60C,gypsum,1,385.01948002666046,2680.5228678385415
A_not_baseline_centered,P,7,60C__gypsum_trial_2,60C,gypsum,2,385.01948002666046,6630.956217447917
A_not_baseline_centered,P,7,60C__gypsum_trial_3,60C,gypsum,3,385.01948002666046,5831.618733723958
A_not_baseline_centered,P,7,60C__gypsum_trial_4,60C,gypsum,4,385.01948002666046,4487.616292317708
A_not_baseline_centered,P,7,60C__gypsum_trial_5,60C,gypsum,5,385.01948002666046,1701.7827555338542
A_not_baseline_centered,P,7,60C__gypsum_trial_6,60C,gypsum,6,385.01948002666046,10053.479817708334
A_not_baseline_centered,S,7,30C__gypsum_trial_1,30C,gypsum,1,385.01948002666046,67.84115727742513
A_not_baseline_centered,S,7,30C__gypsum_trial_2,30C,gypsum,2,385.01948002666046,250.3179728190104
A_not_baseline_centered,S,7,30C__gypsum_trial_3,30C,gypsum,3,385.01948002666046,304.2141977945964
A_not_baseline_centered,S,7,30C__gypsum_trial_4,30C,gypsum,4,385.01948002666046,129.39850362141928
A_not_baseline_centered,S,7,30C__gypsum_trial_5,30C,gypsum,5,385.01948002666046,158.08226013183594
A_not_baseline_centered,S,7,30C__gypsum_trial_6,30C,gypsum,6,385.01948002666046,106.59763463338216
A_not_baseline_centered,S,7,40C__gypsum_trial_1,40C,gypsum,1,385.01948002666046,234.62016805013022
A_not_baseline_centered,S,7,40C__gypsum_trial_2,40C,gypsum,2,385.01948002666046,176.80520629882812
A_not_baseline_centered,S,7,40C__gypsum_trial_3,40C,gypsum,3,385.01948002666046,218.42801920572916
A_not_baseline_centered,S,7,40C__gypsum_trial_4,40C,gypsum,4,385.01948002666046,265.8791097005208
A_not_baseline_centered,S,7,40C__gypsum_trial_5,40C,gypsum,5,385.01948002666046,4643.409016927083
A_not_baseline_centered,S,7,40C__gypsum_trial_6,40C,gypsum,6,385.01948002666046,2563.8534342447915
A_not_baseline_centered,S,7,50C__gypsum_trial_1,50C,gypsum,1,385.01948002666046,1568.7980550130208
A_not_baseline_centered,S,7,50C__gypsum_trial_2,50C,gypsum,2,385.01948002666046,1444.9151204427083
A_not_baseline_centered,S,7,50C__gypsum_trial_3,50C,gypsum,3,385.01948002666046,1391.0217692057292
A_not_baseline_centered,S,7,50C__gypsum_trial_4,50C,gypsum,4,385.01948002666046,1485.375
A_not_baseline_centered,S,7,50C__gypsum_trial_5,50C,gypsum,5,385.01948002666046,3743.218709309896
A_not_baseline_centered,S,7,50C__gypsum_trial_6,50C,gypsum,6,385.01948002666046,1529.9583129882812
A_not_baseline_centered,S,7,60C__gypsum_trial_1,60C,gypsum,1,385.01948002666046,5678.2748616536455
A_not_baseline_centered,S,7,60C__gypsum_trial_2,60C,gypsum,2,385.01948002666046,4315.567220052083
A_not_baseline_centered,S,7,60C__gypsum_trial_3,60C,gypsum,3,385.01948002666046,1544.346171061198
A_not_baseline_centered,S,7,60C__gypsum_trial_4,60C,gypsum,4,385.01948002666046,2543.7730712890625
A_not_baseline_centered,S,7,60C__gypsum_trial_5,60C,gypsum,5,385.01948002666046,4325.1346435546875
A_not_baseline_centered,S,7,60C__gypsum_trial_6,60C,gypsum,6,385.01948002666046,2142.798055013021
A_not_baseline_centered,P_S_delta_dP_dS_ddP_ddS,8,30C__iron_trial_1,30C,iron,1,16859.663413010356,18600.007161458332
A_not_baseline_centered,P_S_delta_dP_dS_ddP_ddS,8,30C__iron_trial_2,30C,iron,2,16859.663413010356,19082.251302083332
A_not_baseline_centered,P_S_delta_dP_dS_ddP_ddS,8,30C__iron_trial_3,30C,iron,3,16859.663413010356,21350.87109375
A_not_baseline_centered,P_S_delta_dP_dS_ddP_ddS,8,30C__iron_trial_4,30C,iron,4,16859.663413010356,20025.618815104168
A_not_baseline_centered,P_S_delta_dP_dS_ddP_ddS,8,30C__iron_trial_5,30C,iron,5,16859.663413010356,13163.4443359375
A_not_baseline_centered,P_S_delta_dP_dS_ddP_ddS,8,30C__iron_trial_6,30C,iron,6,16859.663413010356,21948.807942708332
A_not_baseline_centered,P_S_delta_dP_dS_ddP_ddS,8,40C__iron_trial_1,40C,iron,1,16859.663413010356,15898.4462890625
A_not_baseline_centered,P_S_delta_dP_dS_ddP_ddS,8,40C__iron_trial_2,40C,iron,2,16859.663413010356,12324.727213541666
A_not_baseline_centered,P_S_delta_dP_dS_ddP_ddS,8,40C__iron_trial_3,40C,iron,3,16859.663413010356,18842.41259765625
A_not_baseline_centered,P_S_delta_dP_dS_ddP_ddS,8,40C__iron_trial_4,40C,iron,4,16859.663413010356,8807.716471354166
A_not_baseline_centered,P_S_delta_dP_dS_ddP_ddS,8,40C__iron_trial_5,40C,iron,5,16859.663413010356,14703.264973958334
A_not_baseline_centered,P_S_delta_dP_dS_ddP_ddS,8,40C__iron_trial_6,40C,iron,6,16859.663413010356,15944.078125
A_not_baseline_centered,P_S_delta_dP_dS_ddP_ddS,8,50C__iron_trial_1,50C,iron,1,16859.663413010356,12852.616536458334
A_not_baseline_centered,P_S_delta_dP_dS_ddP_ddS,8,50C__iron_trial_2,50C,iron,2,16859.663413010356,14021.236002604166
A_not_baseline_centered,P_S_delta_dP_dS_ddP_ddS,8,50C__iron_trial_3,50C,iron,3,16859.663413010356,9016.002604166666
A_not_baseline_centered,P_S_delta_dP_dS_ddP_ddS,8,50C__iron_trial_4,50C,iron,4,16859.663413010356,18237.212890625
A_not_baseline_centered,P_S_delta_dP_dS_ddP_ddS,8,50C__iron_trial_5,50C,iron,5,16859.663413010356,13811.607747395834
A_not_baseline_centered,P_S_delta_dP_dS_ddP_ddS,8,50C__iron_trial_6,50C,iron,6,16859.663413010356,28129.645833333332
A_not_baseline_centered,P_S_delta_dP_dS_ddP_ddS,8,60C__iron_trial_1,60C,iron,1,16859.663413010356,26434.131510416668
A_not_baseline_centered,P_S_delta_dP_dS_ddP_ddS,8,60C__iron_trial_2,60C,iron,2,16859.663413010356,23931.735026041668
A_not_baseline_centered,P_S_delta_dP_dS_ddP_ddS,8,60C__iron_trial_3,60C,iron,3,16859.663413010356,15067.547200520834
A_not_baseline_centered,P_S_delta_dP_dS_ddP_ddS,8,60C__iron_trial_4,60C,iron,4,16859.663413010356,15341.161458333334
A_not_baseline_centered,P_S_delta_dP_dS_ddP_ddS,8,60C__iron_trial_5,60C,iron,5,16859.663413010356,16010.679036458334
A_not_baseline_centered,P_S_delta_dP_dS_ddP_ddS,8,60C__iron_trial_6,60C,iron,6,16859.663413010356,25586.393880208332
A_not_baseline_centered,P_delta_dP,8,30C__iron_trial_1,30C,iron,1,16859.663413010356,13320.375325520834
A_not_baseline_centered,P_delta_dP,8,30C__iron_trial_2,30C,iron,2,16859.663413010356,20972.193359375
A_not_baseline_centered,P_delta_dP,8,30C__iron_trial_3,30C,iron,3,16859.663413010356,19924.986979166668
A_not_baseline_centered,P_delta_dP,8,30C__iron_trial_4,30C,iron,4,16859.663413010356,21181.16015625
A_not_baseline_centered,P_delta_dP,8,30C__iron_trial_5,30C,iron,5,16859.663413010356,12755.639485677084
A_not_baseline_centered,P_delta_dP,8,30C__iron_trial_6,30C,iron,6,16859.663413010356,20791.103515625
A_not_baseline_centered,P_delta_dP,8,40C__iron_trial_1,40C,iron,1,16859.663413010356,13322.066080729166
A_not_baseline_centered,P_delta_dP,8,40C__iron_trial_2,40C,iron,2,16859.663413010356,17535.380533854168
A_not_baseline_centered,P_delta_dP,8,40C__iron_trial_3,40C,iron,3,16859.663413010356,25624.457682291668
A_not_baseline_centered,P_delta_dP,8,40C__iron_trial_4,40C,iron,4,16859.663413010356,9482.452799479166
A_not_baseline_centered,P_delta_dP,8,40C__iron_trial_5,40C,iron,5,16859.663413010356,15396.763346354166
A_not_baseline_centered,P_delta_dP,8,40C__iron_trial_6,40C,iron,6,16859.663413010356,15586.940755208334
A_not_baseline_centered,P_delta_dP,8,50C__iron_trial_1,50C,iron,1,16859.663413010356,16280.568684895834
A_not_baseline_centered,P_delta_dP,8,50C__iron_trial_2,50C,iron,2,16859.663413010356,18008.348958333332
A_not_baseline_centered,P_delta_dP,8,50C__iron_trial_3,50C,iron,3,16859.663413010356,12497.553385416666
A_not_baseline_centered,P_delta_dP,8,50C__iron_trial_4,50C,iron,4,16859.663413010356,17028.9814453125
A_not_baseline_centered,P_delta_dP,8,50C__iron_trial_5,50C,iron,5,16859.663413010356,17293.755208333332
A_not_baseline_centered,P_delta_dP,8,50C__iron_trial_6,50C,iron,6,16859.663413010356,23742.932942708332
A_not_baseline_centered,P_delta_dP,8,60C__iron_trial_1,60C,iron,1,16859.663413010356,27372.654296875
A_not_baseline_centered,P_delta_dP,8,60C__iron_trial_2,60C,iron,2,16859.663413010356,27010.550130208332
A_not_baseline_centered,P_delta_dP,8,60C__iron_trial_3,60C,iron,3,16859.663413010356,19141.253255208332
A_not_baseline_centered,P_delta_dP,8,60C__iron_trial_4,60C,iron,4,16859.663413010356,16010.783203125
A_not_baseline_centered,P_delta_dP,8,60C__iron_trial_5,60C,iron,5,16859.663413010356,19875.26171875
A_not_baseline_centered,P_delta_dP,8,60C__iron_trial_6,60C,iron,6,16859.663413010356,24109.745442708332
A_not_baseline_centered,S_delta_dS,8,30C__iron_trial_1,30C,iron,1,16859.663413010356,20832.147786458332
A_not_baseline_centered,S_delta_dS,8,30C__iron_trial_2,30C,iron,2,16859.663413010356,17586.540364583332
A_not_baseline_centered,S_delta_dS,8,30C__iron_trial_3,30C,iron,3,16859.663413010356,22146.540364583332
A_not_baseline_centered,S_delta_dS,8,30C__iron_trial_4,30C,iron,4,16859.663413010356,20560.046223958332
A_not_baseline_centered,S_delta_dS,8,30C__iron_trial_5,30C,iron,5,16859.663413010356,15142.9091796875
A_not_baseline_centered,S_delta_dS,8,30C__iron_trial_6,30C,iron,6,16859.663413010356,19263.214192708332
A_not_baseline_centered,S_delta_dS,8,40C__iron_trial_1,40C,iron,1,16859.663413010356,13097.609700520834
A_not_baseline_centered,S_delta_dS,8,40C__iron_trial_2,40C,iron,2,16859.663413010356,10977.253255208334
A_not_baseline_centered,S_delta_dS,8,40C__iron_trial_3,40C,iron,3,16859.663413010356,13900.626627604166
A_not_baseline_centered,S_delta_dS,8,40C__iron_trial_4,40C,iron,4,16859.663413010356,7431.198404947917
A_not_baseline_centered,S_delta_dS,8,40C__iron_trial_5,40C,iron,5,16859.663413010356,13587.1845703125
A_not_baseline_centered,S_delta_dS,8,40C__iron_trial_6,40C,iron,6,16859.663413010356,14487.3203125
A_not_baseline_centered,S_delta_dS,8,50C__iron_trial_1,50C,iron,1,16859.663413010356,10196.343424479166
A_not_baseline_centered,S_delta_dS,8,50C__iron_trial_2,50C,iron,2,16859.663413010356,12696.962565104166
A_not_baseline_centered,S_delta_dS,8,50C__iron_trial_3,50C,iron,3,16859.663413010356,18626.026041666668
A_not_baseline_centered,S_delta_dS,8,50C__iron_trial_4,50C,iron,4,16859.663413010356,14785.290364583334
A_not_baseline_centered,S_delta_dS,8,50C__iron_trial_5,50C,iron,5,16859.663413010356,21408.604817708332
A_not_baseline_centered,S_delta_dS,8,50C__iron_trial_6,50C,iron,6,16859.663413010356,25518.118489583332
A_not_baseline_centered,S_delta_dS,8,60C__iron_trial_1,60C,iron,1,16859.663413010356,23152.981770833332
A_not_baseline_centered,S_delta_dS,8,60C__iron_trial_2,60C,iron,2,16859.663413010356,28717.376302083332
A_not_baseline_centered,S_delta_dS,8,60C__iron_trial_3,60C,iron,3,16859.663413010356,17148.755208333332
A_not_baseline_centered,S_delta_dS,8,60C__iron_trial_4,60C,iron,4,16859.663413010356,11050.916666666666
A_not_baseline_centered,S_delta_dS,8,60C__iron_trial_5,60C,iron,5,16859.663413010356,18954.327473958332
A_not_baseline_centered,S_delta_dS,8,60C__iron_trial_6,60C,iron,6,16859.663413010356,25161.061197916668
A_not_baseline_centered,P_dP,8,30C__iron_trial_1,30C,iron,1,16859.663413010356,17222.0888671875
A_not_baseline_centered,P_dP,8,30C__iron_trial_2,30C,iron,2,16859.663413010356,23220.483723958332
A_not_baseline_centered,P_dP,8,30C__iron_trial_3,30C,iron,3,16859.663413010356,18967.914713541668
A_not_baseline_centered,P_dP,8,30C__iron_trial_4,30C,iron,4,16859.663413010356,22238.576171875
A_not_baseline_centered,P_dP,8,30C__iron_trial_5,30C,iron,5,16859.663413010356,12095.767578125
A_not_baseline_centered,P_dP,8,30C__iron_trial_6,30C,iron,6,16859.663413010356,19385.33203125
A_not_baseline_centered,P_dP,8,40C__iron_trial_1,40C,iron,1,16859.663413010356,13394.197591145834
A_not_baseline_centered,P_dP,8,40C__iron_trial_2,40C,iron,2,16859.663413010356,14886.024739583334
A_not_baseline_centered,P_dP,8,40C__iron_trial_3,40C,iron,3,16859.663413010356,20873.361328125
A_not_baseline_centered,P_dP,8,40C__iron_trial_4,40C,iron,4,16859.663413010356,11794.346028645834
A_not_baseline_centered,P_dP,8,40C__iron_trial_5,40C,iron,5,16859.663413010356,17537.298502604168
A_not_baseline_centered,P_dP,8,40C__iron_trial_6,40C,iron,6,16859.663413010356,18089.517252604168
A_not_baseline_centered,P_dP,8,50C__iron_trial_1,50C,iron,1,16859.663413010356,13887.60546875
A_not_baseline_centered,P_dP,8,50C__iron_trial_2,50C,iron,2,16859.663413010356,15834.001627604166
A_not_baseline_centered,P_dP,8,50C__iron_trial_3,50C,iron,3,16859.663413010356,13861.148111979166
A_not_baseline_centered,P_dP,8,50C__iron_trial_4,50C,iron,4,16859.663413010356,17403.154947916668
A_not_baseline_centered,P_dP,8,50C__iron_trial_5,50C,iron,5,16859.663413010356,11854.263346354166
A_not_baseline_centered,P_dP,8,50C__iron_trial_6,50C,iron,6,16859.663413010356,23004.612630208332
A_not_baseline_centered,P_dP,8,60C__iron_trial_1,60C,iron,1,16859.663413010356,21957.78125
A_not_baseline_centered,P_dP,8,60C__iron_trial_2,60C,iron,2,16859.663413010356,26404.526692708332
A_not_baseline_centered,P_dP,8,60C__iron_trial_3,60C,iron,3,16859.663413010356,16306.8837890625
A_not_baseline_centered,P_dP,8,60C__iron_trial_4,60C,iron,4,16859.663413010356,17710.324869791668
A_not_baseline_centered,P_dP,8,60C__iron_trial_5,60C,iron,5,16859.663413010356,19542.266927083332
A_not_baseline_centered,P_dP,8,60C__iron_trial_6,60C,iron,6,16859.663413010356,21487.524088541668
A_not_baseline_centered,S_dS,8,30C__iron_trial_1,30C,iron,1,16859.663413010356,21607.375651041668
A_not_baseline_centered,S_dS,8,30C__iron_trial_2,30C,iron,2,16859.663413010356,13244.644856770834
A_not_baseline_centered,S_dS,8,30C__iron_trial_3,30C,iron,3,16859.663413010356,15495.328450520834
A_not_baseline_centered,S_dS,8,30C__iron_trial_4,30C,iron,4,16859.663413010356,15240.583658854166
A_not_baseline_centered,S_dS,8,30C__iron_trial_5,30C,iron,5,16859.663413010356,17149.3095703125
A_not_baseline_centered,S_dS,8,30C__iron_trial_6,30C,iron,6,16859.663413010356,16576.7724609375
A_not_baseline_centered,S_dS,8,40C__iron_trial_1,40C,iron,1,16859.663413010356,9563.2197265625
A_not_baseline_centered,S_dS,8,40C__iron_trial_2,40C,iron,2,16859.663413010356,8947.627115885416
A_not_baseline_centered,S_dS,8,40C__iron_trial_3,40C,iron,3,16859.663413010356,14990.435221354166
A_not_baseline_centered,S_dS,8,40C__iron_trial_4,40C,iron,4,16859.663413010356,8843.50439453125
A_not_baseline_centered,S_dS,8,40C__iron_trial_5,40C,iron,5,16859.663413010356,17436.670247395832
A_not_baseline_centered,S_dS,8,40C__iron_trial_6,40C,iron,6,16859.663413010356,14583.083984375
A_not_baseline_centered,S_dS,8,50C__iron_trial_1,50C,iron,1,16859.663413010356,8684.705891927084
A_not_baseline_centered,S_dS,8,50C__iron_trial_2,50C,iron,2,16859.663413010356,11099.287760416666
A_not_baseline_centered,S_dS,8,50C__iron_trial_3,50C,iron,3,16859.663413010356,18492.847005208332
A_not_baseline_centered,S_dS,8,50C__iron_trial_4,50C,iron,4,16859.663413010356,15181.525716145834
A_not_baseline_centered,S_dS,8,50C__iron_trial_5,50C,iron,5,16859.663413010356,11561.3603515625
A_not_baseline_centered,S_dS,8,50C__iron_trial_6,50C,iron,6,16859.663413010356,24189.994791666668
A_not_baseline_centered,S_dS,8,60C__iron_trial_1,60C,iron,1,16859.663413010356,23688.492838541668
A_not_baseline_centered,S_dS,8,60C__iron_trial_2,60C,iron,2,16859.663413010356,29767.928385416668
A_not_baseline_centered,S_dS,8,60C__iron_trial_3,60C,iron,3,16859.663413010356,23036.608723958332
A_not_baseline_centered,S_dS,8,60C__iron_trial_4,60C,iron,4,16859.663413010356,9813.8544921875
A_not_baseline_centered,S_dS,8,60C__iron_trial_5,60C,iron,5,16859.663413010356,12456.224283854166
A_not_baseline_centered,S_dS,8,60C__iron_trial_6,60C,iron,6,16859.663413010356,24427.319010416668
A_not_baseline_centered,delta,8,30C__iron_trial_1,30C,iron,1,16859.663413010356,9319.0361328125
A_not_baseline_centered,delta,8,30C__iron_trial_2,30C,iron,2,16859.663413010356,14944.228190104166
A_not_baseline_centered,delta,8,30C__iron_trial_3,30C,iron,3,16859.663413010356,17305.467447916668
A_not_baseline_centered,delta,8,30C__iron_trial_4,30C,iron,4,16859.663413010356,15011.6513671875
A_not_baseline_centered,delta,8,30C__iron_trial_5,30C,iron,5,16859.663413010356,1917.7471110026042
A_not_baseline_centered,delta,8,30C__iron_trial_6,30C,iron,6,16859.663413010356,11391.645182291666
A_not_baseline_centered,delta,8,40C__iron_trial_1,40C,iron,1,16859.663413010356,13391.534505208334
A_not_baseline_centered,delta,8,40C__iron_trial_2,40C,iron,2,16859.663413010356,8907.3779296875
A_not_baseline_centered,delta,8,40C__iron_trial_3,40C,iron,3,16859.663413010356,13316.6337890625
A_not_baseline_centered,delta,8,40C__iron_trial_4,40C,iron,4,16859.663413010356,7872.115234375
A_not_baseline_centered,delta,8,40C__iron_trial_5,40C,iron,5,16859.663413010356,12823.2177734375
A_not_baseline_centered,delta,8,40C__iron_trial_6,40C,iron,6,16859.663413010356,13386.035807291666
A_not_baseline_centered,delta,8,50C__iron_trial_1,50C,iron,1,16859.663413010356,20462.772786458332
A_not_baseline_centered,delta,8,50C__iron_trial_2,50C,iron,2,16859.663413010356,17633.162109375
A_not_baseline_centered,delta,8,50C__iron_trial_3,50C,iron,3,16859.663413010356,11603.3857421875
A_not_baseline_centered,delta,8,50C__iron_trial_4,50C,iron,4,16859.663413010356,17048.662109375
A_not_baseline_centered,delta,8,50C__iron_trial_5,50C,iron,5,16859.663413010356,16230.970703125
A_not_baseline_centered,delta,8,50C__iron_trial_6,50C,iron,6,16859.663413010356,26953.638020833332
A_not_baseline_centered,delta,8,60C__iron_trial_1,60C,iron,1,16859.663413010356,24384.326171875
A_not_baseline_centered,delta,8,60C__iron_trial_2,60C,iron,2,16859.663413010356,16859.873697916668
A_not_baseline_centered,delta,8,60C__iron_trial_3,60C,iron,3,16859.663413010356,13106.9677734375
A_not_baseline_centered,delta,8,60C__iron_trial_4,60C,iron,4,16859.663413010356,12066.25390625
A_not_baseline_centered,delta,8,60C__iron_trial_5,60C,iron,5,16859.663413010356,20757.774088541668
A_not_baseline_centered,delta,8,60C__iron_trial_6,60C,iron,6,16859.663413010356,18887.095703125
A_not_baseline_centered,P,8,30C__iron_trial_1,30C,iron,1,16859.663413010356,9220.388346354166
A_not_baseline_centered,P,8,30C__iron_trial_2,30C,iron,2,16859.663413010356,22521.143229166668
A_not_baseline_centered,P,8,30C__iron_trial_3,30C,iron,3,16859.663413010356,21463.248697916668
A_not_baseline_centered,P,8,30C__iron_trial_4,30C,iron,4,16859.663413010356,17385.331705729168
A_not_baseline_centered,P,8,30C__iron_trial_5,30C,iron,5,16859.663413010356,20070.909505208332
A_not_baseline_centered,P,8,30C__iron_trial_6,30C,iron,6,16859.663413010356,20575.935546875
A_not_baseline_centered,P,8,40C__iron_trial_1,40C,iron,1,16859.663413010356,8900.02490234375
A_not_baseline_centered,P,8,40C__iron_trial_2,40C,iron,2,16859.663413010356,7046.780110677083
A_not_baseline_centered,P,8,40C__iron_trial_3,40C,iron,3,16859.663413010356,20679.633463541668
A_not_baseline_centered,P,8,40C__iron_trial_4,40C,iron,4,16859.663413010356,9615.036295572916
A_not_baseline_centered,P,8,40C__iron_trial_5,40C,iron,5,16859.663413010356,13074.583984375
A_not_baseline_centered,P,8,40C__iron_trial_6,40C,iron,6,16859.663413010356,13242.564127604166
A_not_baseline_centered,P,8,50C__iron_trial_1,50C,iron,1,16859.663413010356,14532.510091145834
A_not_baseline_centered,P,8,50C__iron_trial_2,50C,iron,2,16859.663413010356,15588.230794270834
A_not_baseline_centered,P,8,50C__iron_trial_3,50C,iron,3,16859.663413010356,15716.203450520834
A_not_baseline_centered,P,8,50C__iron_trial_4,50C,iron,4,16859.663413010356,19690.100260416668
A_not_baseline_centered,P,8,50C__iron_trial_5,50C,iron,5,16859.663413010356,15868.141276041666
A_not_baseline_centered,P,8,50C__iron_trial_6,50C,iron,6,16859.663413010356,25430.824869791668
A_not_baseline_centered,P,8,60C__iron_trial_1,60C,iron,1,16859.663413010356,24579.396484375
A_not_baseline_centered,P,8,60C__iron_trial_2,60C,iron,2,16859.663413010356,25972.328776041668
A_not_baseline_centered,P,8,60C__iron_trial_3,60C,iron,3,16859.663413010356,17545.764973958332
A_not_baseline_centered,P,8,60C__iron_trial_4,60C,iron,4,16859.663413010356,20524.549479166668
A_not_baseline_centered,P,8,60C__iron_trial_5,60C,iron,5,16859.663413010356,18705.578776041668
A_not_baseline_centered,P,8,60C__iron_trial_6,60C,iron,6,16859.663413010356,32879.986328125
A_not_baseline_centered,S,8,30C__iron_trial_1,30C,iron,1,16859.663413010356,21792.638020833332
A_not_baseline_centered,S,8,30C__iron_trial_2,30C,iron,2,16859.663413010356,13530.341145833334
A_not_baseline_centered,S,8,30C__iron_trial_3,30C,iron,3,16859.663413010356,17720.847981770832
A_not_baseline_centered,S,8,30C__iron_trial_4,30C,iron,4,16859.663413010356,15275.673177083334
A_not_baseline_centered,S,8,30C__iron_trial_5,30C,iron,5,16859.663413010356,15103.900716145834
A_not_baseline_centered,S,8,30C__iron_trial_6,30C,iron,6,16859.663413010356,12326.901692708334
A_not_baseline_centered,S,8,40C__iron_trial_1,40C,iron,1,16859.663413010356,11299.83837890625
A_not_baseline_centered,S,8,40C__iron_trial_2,40C,iron,2,16859.663413010356,11230.240071614584
A_not_baseline_centered,S,8,40C__iron_trial_3,40C,iron,3,16859.663413010356,26653.333984375
A_not_baseline_centered,S,8,40C__iron_trial_4,40C,iron,4,16859.663413010356,7908.760416666667
A_not_baseline_centered,S,8,40C__iron_trial_5,40C,iron,5,16859.663413010356,14466.517578125
A_not_baseline_centered,S,8,40C__iron_trial_6,40C,iron,6,16859.663413010356,12379.319010416666
A_not_baseline_centered,S,8,50C__iron_trial_1,50C,iron,1,16859.663413010356,11934.001953125
A_not_baseline_centered,S,8,50C__iron_trial_2,50C,iron,2,16859.663413010356,12882.403645833334
A_not_baseline_centered,S,8,50C__iron_trial_3,50C,iron,3,16859.663413010356,17174.851236979168
A_not_baseline_centered,S,8,50C__iron_trial_4,50C,iron,4,16859.663413010356,12791.773111979166
A_not_baseline_centered,S,8,50C__iron_trial_5,50C,iron,5,16859.663413010356,16358.8349609375
A_not_baseline_centered,S,8,50C__iron_trial_6,50C,iron,6,16859.663413010356,21329.103515625
A_not_baseline_centered,S,8,60C__iron_trial_1,60C,iron,1,16859.663413010356,22716.423828125
A_not_baseline_centered,S,8,60C__iron_trial_2,60C,iron,2,16859.663413010356,25317.938151041668
A_not_baseline_centered,S,8,60C__iron_trial_3,60C,iron,3,16859.663413010356,17435.997721354168
A_not_baseline_centered,S,8,60C__iron_trial_4,60C,iron,4,16859.663413010356,11156.638997395834
A_not_baseline_centered,S,8,60C__iron_trial_5,60C,iron,5,16859.663413010356,15704.591796875
A_not_baseline_centered,S,8,60C__iron_trial_6,60C,iron,6,16859.663413010356,24171.638020833332
A_not_baseline_centered,P_S_delta_dP_dS_ddP_ddS,9,30C__nickel_trial_1,30C,nickel,1,19320.68449098013,8816.32568359375
A_not_baseline_centered,P_S_delta_dP_dS_ddP_ddS,9,30C__nickel_trial_2,30C,nickel,2,19320.68449098013,12072.616536458334
A_not_baseline_centered,P_S_delta_dP_dS_ddP_ddS,9,30C__nickel_trial_3,30C,nickel,3,19320.68449098013,14184.938802083334
A_not_baseline_centered,P_S_delta_dP_dS_ddP_ddS,9,30C__nickel_trial_4,30C,nickel,4,19320.68449098013,12546.501627604166
A_not_baseline_centered,P_S_delta_dP_dS_ddP_ddS,9,30C__nickel_trial_5,30C,nickel,5,19320.68449098013,13335.732747395834
A_not_baseline_centered,P_S_delta_dP_dS_ddP_ddS,9,30C__nickel_trial_6,30C,nickel,6,19320.68449098013,18741.7548828125
A_not_baseline_centered,P_S_delta_dP_dS_ddP_ddS,9,40C__nickel_trial_1,40C,nickel,1,19320.68449098013,13208.968424479166
A_not_baseline_centered,P_S_delta_dP_dS_ddP_ddS,9,40C__nickel_trial_2,40C,nickel,2,19320.68449098013,8586.524251302084
A_not_baseline_centered,P_S_delta_dP_dS_ddP_ddS,9,40C__nickel_trial_3,40C,nickel,3,19320.68449098013,22705.432291666668
A_not_baseline_centered,P_S_delta_dP_dS_ddP_ddS,9,40C__nickel_trial_4,40C,nickel,4,19320.68449098013,14320.152018229166
A_not_baseline_centered,P_S_delta_dP_dS_ddP_ddS,9,40C__nickel_trial_5,40C,nickel,5,19320.68449098013,11632.788736979166
A_not_baseline_centered,P_S_delta_dP_dS_ddP_ddS,9,40C__nickel_trial_6,40C,nickel,6,19320.68449098013,13740.479166666666
A_not_baseline_centered,P_S_delta_dP_dS_ddP_ddS,9,50C__nickel_trial_1,50C,nickel,1,19320.68449098013,19260.145182291668
A_not_baseline_centered,P_S_delta_dP_dS_ddP_ddS,9,50C__nickel_trial_2,50C,nickel,2,19320.68449098013,19474.332682291668
A_not_baseline_centered,P_S_delta_dP_dS_ddP_ddS,9,50C__nickel_trial_3,50C,nickel,3,19320.68449098013,11509.697916666666
A_not_baseline_centered,P_S_delta_dP_dS_ddP_ddS,9,50C__nickel_trial_4,50C,nickel,4,19320.68449098013,14383.0888671875
A_not_baseline_centered,P_S_delta_dP_dS_ddP_ddS,9,50C__nickel_trial_5,50C,nickel,5,19320.68449098013,15985.228190104166
A_not_baseline_centered,P_S_delta_dP_dS_ddP_ddS,9,50C__nickel_trial_6,50C,nickel,6,19320.68449098013,15393.19921875
A_not_baseline_centered,P_S_delta_dP_dS_ddP_ddS,9,60C__nickel_trial_1,60C,nickel,1,19320.68449098013,10936.935872395834
A_not_baseline_centered,P_S_delta_dP_dS_ddP_ddS,9,60C__nickel_trial_2,60C,nickel,2,19320.68449098013,20238.30859375
A_not_baseline_centered,P_S_delta_dP_dS_ddP_ddS,9,60C__nickel_trial_3,60C,nickel,3,19320.68449098013,6722.139485677083
A_not_baseline_centered,P_S_delta_dP_dS_ddP_ddS,9,60C__nickel_trial_4,60C,nickel,4,19320.68449098013,22725.802734375
A_not_baseline_centered,P_S_delta_dP_dS_ddP_ddS,9,60C__nickel_trial_5,60C,nickel,5,19320.68449098013,27363.89453125
A_not_baseline_centered,P_S_delta_dP_dS_ddP_ddS,9,60C__nickel_trial_6,60C,nickel,6,19320.68449098013,20045.994140625
A_not_baseline_centered,P_delta_dP,9,30C__nickel_trial_1,30C,nickel,1,19320.68449098013,7266.23974609375
A_not_baseline_centered,P_delta_dP,9,30C__nickel_trial_2,30C,nickel,2,19320.68449098013,12819.881510416666
A_not_baseline_centered,P_delta_dP,9,30C__nickel_trial_3,30C,nickel,3,19320.68449098013,11519.479166666666
A_not_baseline_centered,P_delta_dP,9,30C__nickel_trial_4,30C,nickel,4,19320.68449098013,16008.441080729166
A_not_baseline_centered,P_delta_dP,9,30C__nickel_trial_5,30C,nickel,5,19320.68449098013,18759.336588541668
A_not_baseline_centered,P_delta_dP,9,30C__nickel_trial_6,30C,nickel,6,19320.68449098013,13229.19970703125
A_not_baseline_centered,P_delta_dP,9,40C__nickel_trial_1,40C,nickel,1,19320.68449098013,16029.892903645834
A_not_baseline_centered,P_delta_dP,9,40C__nickel_trial_2,40C,nickel,2,19320.68449098013,10149.164713541666
A_not_baseline_centered,P_delta_dP,9,40C__nickel_trial_3,40C,nickel,3,19320.68449098013,25888.427083333332
A_not_baseline_centered,P_delta_dP,9,40C__nickel_trial_4,40C,nickel,4,19320.68449098013,12495.5322265625
A_not_baseline_centered,P_delta_dP,9,40C__nickel_trial_5,40C,nickel,5,19320.68449098013,14920.271158854166
A_not_baseline_centered,P_delta_dP,9,40C__nickel_trial_6,40C,nickel,6,19320.68449098013,14216.353190104166
A_not_baseline_centered,P_delta_dP,9,50C__nickel_trial_1,50C,nickel,1,19320.68449098013,15753.2578125
A_not_baseline_centered,P_delta_dP,9,50C__nickel_trial_2,50C,nickel,2,19320.68449098013,18006.3994140625
A_not_baseline_centered,P_delta_dP,9,50C__nickel_trial_3,50C,nickel,3,19320.68449098013,14317.015299479166
A_not_baseline_centered,P_delta_dP,9,50C__nickel_trial_4,50C,nickel,4,19320.68449098013,12664.863606770834
A_not_baseline_centered,P_delta_dP,9,50C__nickel_trial_5,50C,nickel,5,19320.68449098013,24628.349609375
A_not_baseline_centered,P_delta_dP,9,50C__nickel_trial_6,50C,nickel,6,19320.68449098013,20288.806640625
A_not_baseline_centered,P_delta_dP,9,60C__nickel_trial_1,60C,nickel,1,19320.68449098013,10509.783528645834
A_not_baseline_centered,P_delta_dP,9,60C__nickel_trial_2,60C,nickel,2,19320.68449098013,24733.367838541668
A_not_baseline_centered,P_delta_dP,9,60C__nickel_trial_3,60C,nickel,3,19320.68449098013,14002.4560546875
A_not_baseline_centered,P_delta_dP,9,60C__nickel_trial_4,60C,nickel,4,19320.68449098013,19958.1953125
A_not_baseline_centered,P_delta_dP,9,60C__nickel_trial_5,60C,nickel,5,19320.68449098013,26512.536458333332
A_not_baseline_centered,P_delta_dP,9,60C__nickel_trial_6,60C,nickel,6,19320.68449098013,27075.154947916668
A_not_baseline_centered,S_delta_dS,9,30C__nickel_trial_1,30C,nickel,1,19320.68449098013,7667.851236979167
A_not_baseline_centered,S_delta_dS,9,30C__nickel_trial_2,30C,nickel,2,19320.68449098013,13268.933919270834
A_not_baseline_centered,S_delta_dS,9,30C__nickel_trial_3,30C,nickel,3,19320.68449098013,7896.856119791667
A_not_baseline_centered,S_delta_dS,9,30C__nickel_trial_4,30C,nickel,4,19320.68449098013,8432.334309895834
A_not_baseline_centered,S_delta_dS,9,30C__nickel_trial_5,30C,nickel,5,19320.68449098013,9306.729329427084
A_not_baseline_centered,S_delta_dS,9,30C__nickel_trial_6,30C,nickel,6,19320.68449098013,21599.132161458332
A_not_baseline_centered,S_delta_dS,9,40C__nickel_trial_1,40C,nickel,1,19320.68449098013,10216.903483072916
A_not_baseline_centered,S_delta_dS,9,40C__nickel_trial_2,40C,nickel,2,19320.68449098013,8149.097819010417
A_not_baseline_centered,S_delta_dS,9,40C__nickel_trial_3,40C,nickel,3,19320.68449098013,19888.629231770832
A_not_baseline_centered,S_delta_dS,9,40C__nickel_trial_4,40C,nickel,4,19320.68449098013,14492.411783854166
A_not_baseline_centered,S_delta_dS,9,40C__nickel_trial_5,40C,nickel,5,19320.68449098013,10515.195963541666
A_not_baseline_centered,S_delta_dS,9,40C__nickel_trial_6,40C,nickel,6,19320.68449098013,14824.432291666666
A_not_baseline_centered,S_delta_dS,9,50C__nickel_trial_1,50C,nickel,1,19320.68449098013,10937.037760416666
A_not_baseline_centered,S_delta_dS,9,50C__nickel_trial_2,50C,nickel,2,19320.68449098013,17568.384440104168
A_not_baseline_centered,S_delta_dS,9,50C__nickel_trial_3,50C,nickel,3,19320.68449098013,17053.398111979168
A_not_baseline_centered,S_delta_dS,9,50C__nickel_trial_4,50C,nickel,4,19320.68449098013,17503.9853515625
A_not_baseline_centered,S_delta_dS,9,50C__nickel_trial_5,50C,nickel,5,19320.68449098013,12758.385091145834
A_not_baseline_centered,S_delta_dS,9,50C__nickel_trial_6,50C,nickel,6,19320.68449098013,16809.392903645832
A_not_baseline_centered,S_delta_dS,9,60C__nickel_trial_1,60C,nickel,1,19320.68449098013,12425.771158854166
A_not_baseline_centered,S_delta_dS,9,60C__nickel_trial_2,60C,nickel,2,19320.68449098013,18337.664388020832
A_not_baseline_centered,S_delta_dS,9,60C__nickel_trial_3,60C,nickel,3,19320.68449098013,12830.208658854166
A_not_baseline_centered,S_delta_dS,9,60C__nickel_trial_4,60C,nickel,4,19320.68449098013,22496.392578125
A_not_baseline_centered,S_delta_dS,9,60C__nickel_trial_5,60C,nickel,5,19320.68449098013,31909.99609375
A_not_baseline_centered,S_delta_dS,9,60C__nickel_trial_6,60C,nickel,6,19320.68449098013,23949.859375
A_not_baseline_centered,P_dP,9,30C__nickel_trial_1,30C,nickel,1,19320.68449098013,15121.759765625
A_not_baseline_centered,P_dP,9,30C__nickel_trial_2,30C,nickel,2,19320.68449098013,16986.524739583332
A_not_baseline_centered,P_dP,9,30C__nickel_trial_3,30C,nickel,3,19320.68449098013,18903.457682291668
A_not_baseline_centered,P_dP,9,30C__nickel_trial_4,30C,nickel,4,19320.68449098013,16662.5185546875
A_not_baseline_centered,P_dP,9,30C__nickel_trial_5,30C,nickel,5,19320.68449098013,14935.363932291666
A_not_baseline_centered,P_dP,9,30C__nickel_trial_6,30C,nickel,6,19320.68449098013,14811.170572916666
A_not_baseline_centered,P_dP,9,40C__nickel_trial_1,40C,nickel,1,19320.68449098013,12404.7919921875
A_not_baseline_centered,P_dP,9,40C__nickel_trial_2,40C,nickel,2,19320.68449098013,12799.08203125
A_not_baseline_centered,P_dP,9,40C__nickel_trial_3,40C,nickel,3,19320.68449098013,21209.287760416668
A_not_baseline_centered,P_dP,9,40C__nickel_trial_4,40C,nickel,4,19320.68449098013,18951.997395833332
A_not_baseline_centered,P_dP,9,40C__nickel_trial_5,40C,nickel,5,19320.68449098013,16611.399088541668
A_not_baseline_centered,P_dP,9,40C__nickel_trial_6,40C,nickel,6,19320.68449098013,17098.2275390625
A_not_baseline_centered,P_dP,9,50C__nickel_trial_1,50C,nickel,1,19320.68449098013,17492.704427083332
A_not_baseline_centered,P_dP,9,50C__nickel_trial_2,50C,nickel,2,19320.68449098013,21189.2587890625
A_not_baseline_centered,P_dP,9,50C__nickel_trial_3,50C,nickel,3,19320.68449098013,12506.404622395834
A_not_baseline_centered,P_dP,9,50C__nickel_trial_4,50C,nickel,4,19320.68449098013,18213.615885416668
A_not_baseline_centered,P_dP,9,50C__nickel_trial_5,50C,nickel,5,19320.68449098013,21182.197916666668
A_not_baseline_centered,P_dP,9,50C__nickel_trial_6,50C,nickel,6,19320.68449098013,18725.45703125
A_not_baseline_centered,P_dP,9,60C__nickel_trial_1,60C,nickel,1,19320.68449098013,14228.8505859375
A_not_baseline_centered,P_dP,9,60C__nickel_trial_2,60C,nickel,2,19320.68449098013,20965.401692708332
A_not_baseline_centered,P_dP,9,60C__nickel_trial_3,60C,nickel,3,19320.68449098013,12657.535807291666
A_not_baseline_centered,P_dP,9,60C__nickel_trial_4,60C,nickel,4,19320.68449098013,21230.102213541668
A_not_baseline_centered,P_dP,9,60C__nickel_trial_5,60C,nickel,5,19320.68449098013,24131.907552083332
A_not_baseline_centered,P_dP,9,60C__nickel_trial_6,60C,nickel,6,19320.68449098013,19500.365885416668
A_not_baseline_centered,S_dS,9,30C__nickel_trial_1,30C,nickel,1,19320.68449098013,7231.728678385417
A_not_baseline_centered,S_dS,9,30C__nickel_trial_2,30C,nickel,2,19320.68449098013,6560.562662760417
A_not_baseline_centered,S_dS,9,30C__nickel_trial_3,30C,nickel,3,19320.68449098013,6496.394856770833
A_not_baseline_centered,S_dS,9,30C__nickel_trial_4,30C,nickel,4,19320.68449098013,5662.211751302083
A_not_baseline_centered,S_dS,9,30C__nickel_trial_5,30C,nickel,5,19320.68449098013,8413.737467447916
A_not_baseline_centered,S_dS,9,30C__nickel_trial_6,30C,nickel,6,19320.68449098013,19845.011067708332
A_not_baseline_centered,S_dS,9,40C__nickel_trial_1,40C,nickel,1,19320.68449098013,9560.736002604166
A_not_baseline_centered,S_dS,9,40C__nickel_trial_2,40C,nickel,2,19320.68449098013,7001.1533203125
A_not_baseline_centered,S_dS,9,40C__nickel_trial_3,40C,nickel,3,19320.68449098013,15314.995768229166
A_not_baseline_centered,S_dS,9,40C__nickel_trial_4,40C,nickel,4,19320.68449098013,14996.8505859375
A_not_baseline_centered,S_dS,9,40C__nickel_trial_5,40C,nickel,5,19320.68449098013,10594.985514322916
A_not_baseline_centered,S_dS,9,40C__nickel_trial_6,40C,nickel,6,19320.68449098013,15928.6044921875
A_not_baseline_centered,S_dS,9,50C__nickel_trial_1,50C,nickel,1,19320.68449098013,6246.974446614583
A_not_baseline_centered,S_dS,9,50C__nickel_trial_2,50C,nickel,2,19320.68449098013,12231.470377604166
A_not_baseline_centered,S_dS,9,50C__nickel_trial_3,50C,nickel,3,19320.68449098013,14207.510416666666
A_not_baseline_centered,S_dS,9,50C__nickel_trial_4,50C,nickel,4,19320.68449098013,12437.493489583334
A_not_baseline_centered,S_dS,9,50C__nickel_trial_5,50C,nickel,5,19320.68449098013,22036.3583984375
A_not_baseline_centered,S_dS,9,50C__nickel_trial_6,50C,nickel,6,19320.68449098013,14978.474609375
A_not_baseline_centered,S_dS,9,60C__nickel_trial_1,60C,nickel,1,19320.68449098013,13084.252278645834
A_not_baseline_centered,S_dS,9,60C__nickel_trial_2,60C,nickel,2,19320.68449098013,18585.419921875
A_not_baseline_centered,S_dS,9,60C__nickel_trial_3,60C,nickel,3,19320.68449098013,14405.091471354166
A_not_baseline_centered,S_dS,9,60C__nickel_trial_4,60C,nickel,4,19320.68449098013,16964.102864583332
A_not_baseline_centered,S_dS,9,60C__nickel_trial_5,60C,nickel,5,19320.68449098013,25024.904947916668
A_not_baseline_centered,S_dS,9,60C__nickel_trial_6,60C,nickel,6,19320.68449098013,20945.52734375
A_not_baseline_centered,delta,9,30C__nickel_trial_1,30C,nickel,1,19320.68449098013,5063.70654296875
A_not_baseline_centered,delta,9,30C__nickel_trial_2,30C,nickel,2,19320.68449098013,10969.1220703125
A_not_baseline_centered,delta,9,30C__nickel_trial_3,30C,nickel,3,19320.68449098013,5181.235514322917
A_not_baseline_centered,delta,9,30C__nickel_trial_4,30C,nickel,4,19320.68449098013,15167.722005208334
A_not_baseline_centered,delta,9,30C__nickel_trial_5,30C,nickel,5,19320.68449098013,10379.046875
A_not_baseline_centered,delta,9,30C__nickel_trial_6,30C,nickel,6,19320.68449098013,14938.775716145834
A_not_baseline_centered,delta,9,40C__nickel_trial_1,40C,nickel,1,19320.68449098013,8611.94384765625
A_not_baseline_centered,delta,9,40C__nickel_trial_2,40C,nickel,2,19320.68449098013,9067.161458333334
A_not_baseline_centered,delta,9,40C__nickel_trial_3,40C,nickel,3,19320.68449098013,19677.973958333332
A_not_baseline_centered,delta,9,40C__nickel_trial_4,40C,nickel,4,19320.68449098013,11176.321614583334
A_not_baseline_centered,delta,9,40C__nickel_trial_5,40C,nickel,5,19320.68449098013,13324.771158854166
A_not_baseline_centered,delta,9,40C__nickel_trial_6,40C,nickel,6,19320.68449098013,11029.888997395834
A_not_baseline_centered,delta,9,50C__nickel_trial_1,50C,nickel,1,19320.68449098013,17604.991536458332
A_not_baseline_centered,delta,9,50C__nickel_trial_2,50C,nickel,2,19320.68449098013,17994.3154296875
A_not_baseline_centered,delta,9,50C__nickel_trial_3,50C,nickel,3,19320.68449098013,10754.427408854166
A_not_baseline_centered,delta,9,50C__nickel_trial_4,50C,nickel,4,19320.68449098013,13160.809895833334
A_not_baseline_centered,delta,9,50C__nickel_trial_5,50C,nickel,5,19320.68449098013,18802.833658854168
A_not_baseline_centered,delta,9,50C__nickel_trial_6,50C,nickel,6,19320.68449098013,17144.050455729168
A_not_baseline_centered,delta,9,60C__nickel_trial_1,60C,nickel,1,19320.68449098013,14705.725911458334
A_not_baseline_centered,delta,9,60C__nickel_trial_2,60C,nickel,2,19320.68449098013,14283.430013020834
A_not_baseline_centered,delta,9,60C__nickel_trial_3,60C,nickel,3,19320.68449098013,10945.721028645834
A_not_baseline_centered,delta,9,60C__nickel_trial_4,60C,nickel,4,19320.68449098013,17993.0830078125
A_not_baseline_centered,delta,9,60C__nickel_trial_5,60C,nickel,5,19320.68449098013,21011.548828125
A_not_baseline_centered,delta,9,60C__nickel_trial_6,60C,nickel,6,19320.68449098013,19090.391276041668
A_not_baseline_centered,P,9,30C__nickel_trial_1,30C,nickel,1,19320.68449098013,10978.5791015625
A_not_baseline_centered,P,9,30C__nickel_trial_2,30C,nickel,2,19320.68449098013,13571.624348958334
A_not_baseline_centered,P,9,30C__nickel_trial_3,30C,nickel,3,19320.68449098013,17760.248697916668
A_not_baseline_centered,P,9,30C__nickel_trial_4,30C,nickel,4,19320.68449098013,16109.118489583334
A_not_baseline_centered,P,9,30C__nickel_trial_5,30C,nickel,5,19320.68449098013,14299.2880859375
A_not_baseline_centered,P,9,30C__nickel_trial_6,30C,nickel,6,19320.68449098013,8217.170084635416
A_not_baseline_centered,P,9,40C__nickel_trial_1,40C,nickel,1,19320.68449098013,8588.141764322916
A_not_baseline_centered,P,9,40C__nickel_trial_2,40C,nickel,2,19320.68449098013,13515.6484375
A_not_baseline_centered,P,9,40C__nickel_trial_3,40C,nickel,3,19320.68449098013,21062.390950520832
A_not_baseline_centered,P,9,40C__nickel_trial_4,40C,nickel,4,19320.68449098013,15703.248697916666
A_not_baseline_centered,P,9,40C__nickel_trial_5,40C,nickel,5,19320.68449098013,13903.350911458334
A_not_baseline_centered,P,9,40C__nickel_trial_6,40C,nickel,6,19320.68449098013,15094.213216145834
A_not_baseline_centered,P,9,50C__nickel_trial_1,50C,nickel,1,19320.68449098013,12225.8994140625
A_not_baseline_centered,P,9,50C__nickel_trial_2,50C,nickel,2,19320.68449098013,16994.452473958332
A_not_baseline_centered,P,9,50C__nickel_trial_3,50C,nickel,3,19320.68449098013,12200.145182291666
A_not_baseline_centered,P,9,50C__nickel_trial_4,50C,nickel,4,19320.68449098013,19053.533203125
A_not_baseline_centered,P,9,50C__nickel_trial_5,50C,nickel,5,19320.68449098013,25346.886067708332
A_not_baseline_centered,P,9,50C__nickel_trial_6,50C,nickel,6,19320.68449098013,17386.1630859375
A_not_baseline_centered,P,9,60C__nickel_trial_1,60C,nickel,1,19320.68449098013,16897.146484375
A_not_baseline_centered,P,9,60C__nickel_trial_2,60C,nickel,2,19320.68449098013,26746.96484375
A_not_baseline_centered,P,9,60C__nickel_trial_3,60C,nickel,3,19320.68449098013,13549.849283854166
A_not_baseline_centered,P,9,60C__nickel_trial_4,60C,nickel,4,19320.68449098013,23749.72265625
A_not_baseline_centered,P,9,60C__nickel_trial_5,60C,nickel,5,19320.68449098013,29699.649739583332
A_not_baseline_centered,P,9,60C__nickel_trial_6,60C,nickel,6,19320.68449098013,30546.255208333332
A_not_baseline_centered,S,9,30C__nickel_trial_1,30C,nickel,1,19320.68449098013,6149.540852864583
A_not_baseline_centered,S,9,30C__nickel_trial_2,30C,nickel,2,19320.68449098013,6230.953125
A_not_baseline_centered,S,9,30C__nickel_trial_3,30C,nickel,3,19320.68449098013,12895.431966145834
A_not_baseline_centered,S,9,30C__nickel_trial_4,30C,nickel,4,19320.68449098013,10042.68994140625
A_not_baseline_centered,S,9,30C__nickel_trial_5,30C,nickel,5,19320.68449098013,11083.888834635416
A_not_baseline_centered,S,9,30C__nickel_trial_6,30C,nickel,6,19320.68449098013,17845.97265625
A_not_baseline_centered,S,9,40C__nickel_trial_1,40C,nickel,1,19320.68449098013,10756.076171875
A_not_baseline_centered,S,9,40C__nickel_trial_2,40C,nickel,2,19320.68449098013,7045.463053385417
A_not_baseline_centered,S,9,40C__nickel_trial_3,40C,nickel,3,19320.68449098013,18387.665364583332
A_not_baseline_centered,S,9,40C__nickel_trial_4,40C,nickel,4,19320.68449098013,11376.247721354166
A_not_baseline_centered,S,9,40C__nickel_trial_5,40C,nickel,5,19320.68449098013,8403.859537760416
A_not_baseline_centered,S,9,40C__nickel_trial_6,40C,nickel,6,19320.68449098013,13500.763346354166
A_not_baseline_centered,S,9,50C__nickel_trial_1,50C,nickel,1,19320.68449098013,6470.553548177083
A_not_baseline_centered,S,9,50C__nickel_trial_2,50C,nickel,2,19320.68449098013,6498.8095703125
A_not_baseline_centered,S,9,50C__nickel_trial_3,50C,nickel,3,19320.68449098013,7710.75830078125
A_not_baseline_centered,S,9,50C__nickel_trial_4,50C,nickel,4,19320.68449098013,13154.783528645834
A_not_baseline_centered,S,9,50C__nickel_trial_5,50C,nickel,5,19320.68449098013,20023.6875
A_not_baseline_centered,S,9,50C__nickel_trial_6,50C,nickel,6,19320.68449098013,12269.548177083334
A_not_baseline_centered,S,9,60C__nickel_trial_1,60C,nickel,1,19320.68449098013,15261.367838541666
A_not_baseline_centered,S,9,60C__nickel_trial_2,60C,nickel,2,19320.68449098013,27302.922526041668
A_not_baseline_centered,S,9,60C__nickel_trial_3,60C,nickel,3,19320.68449098013,15372.446940104166
A_not_baseline_centered,S,9,60C__nickel_trial_4,60C,nickel,4,19320.68449098013,13670.754557291666
A_not_baseline_centered,S,9,60C__nickel_trial_5,60C,nickel,5,19320.68449098013,27551.1796875
A_not_baseline_centered,S,9,60C__nickel_trial_6,60C,nickel,6,19320.68449098013,29910.296223958332
A_not_baseline_centered,P_S_delta_dP_dS_ddP_ddS,10,30C__pdms_trial_1,30C,pdms,1,460.90129095067635,551.5438435872396
A_not_baseline_centered,P_S_delta_dP_dS_ddP_ddS,10,30C__pdms_trial_2,30C,pdms,2,460.90129095067635,128.21274058024088
A_not_baseline_centered,P_S_delta_dP_dS_ddP_ddS,10,30C__pdms_trial_3,30C,pdms,3,460.90129095067635,259.98150634765625
A_not_baseline_centered,P_S_delta_dP_dS_ddP_ddS,10,30C__pdms_trial_4,30C,pdms,4,460.90129095067635,53.90753046671549
A_not_baseline_centered,P_S_delta_dP_dS_ddP_ddS,10,30C__pdms_trial_5,30C,pdms,5,460.90129095067635,50.57392120361328
A_not_baseline_centered,P_S_delta_dP_dS_ddP_ddS,10,30C__pdms_trial_6,30C,pdms,6,460.90129095067635,138.89987182617188
A_not_baseline_centered,P_S_delta_dP_dS_ddP_ddS,10,40C__pdms_trial_1,40C,pdms,1,460.90129095067635,485.4475402832031
A_not_baseline_centered,P_S_delta_dP_dS_ddP_ddS,10,40C__pdms_trial_2,40C,pdms,2,460.90129095067635,448.65857950846356
A_not_baseline_centered,P_S_delta_dP_dS_ddP_ddS,10,40C__pdms_trial_3,40C,pdms,3,460.90129095067635,445.6908264160156
A_not_baseline_centered,P_S_delta_dP_dS_ddP_ddS,10,40C__pdms_trial_4,40C,pdms,4,460.90129095067635,278.21092224121094
A_not_baseline_centered,P_S_delta_dP_dS_ddP_ddS,10,40C__pdms_trial_5,40C,pdms,5,460.90129095067635,153.65902709960938
A_not_baseline_centered,P_S_delta_dP_dS_ddP_ddS,10,40C__pdms_trial_6,40C,pdms,6,460.90129095067635,332.6931966145833
A_not_baseline_centered,P_S_delta_dP_dS_ddP_ddS,10,50C__pdms_trial_1,50C,pdms,1,460.90129095067635,317.15155029296875
A_not_baseline_centered,P_S_delta_dP_dS_ddP_ddS,10,50C__pdms_trial_2,50C,pdms,2,460.90129095067635,356.42893473307294
A_not_baseline_centered,P_S_delta_dP_dS_ddP_ddS,10,50C__pdms_trial_3,50C,pdms,3,460.90129095067635,382.38219197591144
A_not_baseline_centered,P_S_delta_dP_dS_ddP_ddS,10,50C__pdms_trial_4,50C,pdms,4,460.90129095067635,421.2371520996094
A_not_baseline_centered,P_S_delta_dP_dS_ddP_ddS,10,50C__pdms_trial_5,50C,pdms,5,460.90129095067635,197.55497233072916
A_not_baseline_centered,P_S_delta_dP_dS_ddP_ddS,10,50C__pdms_trial_6,50C,pdms,6,460.90129095067635,514.0614522298177
A_not_baseline_centered,P_S_delta_dP_dS_ddP_ddS,10,60C__pdms_trial_1,60C,pdms,1,460.90129095067635,636.5453694661459
A_not_baseline_centered,P_S_delta_dP_dS_ddP_ddS,10,60C__pdms_trial_2,60C,pdms,2,460.90129095067635,311.86329650878906
A_not_baseline_centered,P_S_delta_dP_dS_ddP_ddS,10,60C__pdms_trial_3,60C,pdms,3,460.90129095067635,331.13979085286456
A_not_baseline_centered,P_S_delta_dP_dS_ddP_ddS,10,60C__pdms_trial_4,60C,pdms,4,460.90129095067635,430.7801208496094
A_not_baseline_centered,P_S_delta_dP_dS_ddP_ddS,10,60C__pdms_trial_5,60C,pdms,5,460.90129095067635,286.1091003417969
A_not_baseline_centered,P_S_delta_dP_dS_ddP_ddS,10,60C__pdms_trial_6,60C,pdms,6,460.90129095067635,225.94600423177084
A_not_baseline_centered,P_delta_dP,10,30C__pdms_trial_1,30C,pdms,1,460.90129095067635,512.5263875325521
A_not_baseline_centered,P_delta_dP,10,30C__pdms_trial_2,30C,pdms,2,460.90129095067635,65.37541580200195
A_not_baseline_centered,P_delta_dP,10,30C__pdms_trial_3,30C,pdms,3,460.90129095067635,271.86187744140625
A_not_baseline_centered,P_delta_dP,10,30C__pdms_trial_4,30C,pdms,4,460.90129095067635,60.50282287597656
A_not_baseline_centered,P_delta_dP,10,30C__pdms_trial_5,30C,pdms,5,460.90129095067635,39.805100758870445
A_not_baseline_centered,P_delta_dP,10,30C__pdms_trial_6,30C,pdms,6,460.90129095067635,110.98978169759114
A_not_baseline_centered,P_delta_dP,10,40C__pdms_trial_1,40C,pdms,1,460.90129095067635,453.57567342122394
A_not_baseline_centered,P_delta_dP,10,40C__pdms_trial_2,40C,pdms,2,460.90129095067635,383.18125406901044
A_not_baseline_centered,P_delta_dP,10,40C__pdms_trial_3,40C,pdms,3,460.90129095067635,369.44492594401044
A_not_baseline_centered,P_delta_dP,10,40C__pdms_trial_4,40C,pdms,4,460.90129095067635,224.98894246419272
A_not_baseline_centered,P_delta_dP,10,40C__pdms_trial_5,40C,pdms,5,460.90129095067635,213.88299560546875
A_not_baseline_centered,P_delta_dP,10,40C__pdms_trial_6,40C,pdms,6,460.90129095067635,343.2611389160156
A_not_baseline_centered,P_delta_dP,10,50C__pdms_trial_1,50C,pdms,1,460.90129095067635,194.08967081705728
A_not_baseline_centered,P_delta_dP,10,50C__pdms_trial_2,50C,pdms,2,460.90129095067635,342.1176452636719
A_not_baseline_centered,P_delta_dP,10,50C__pdms_trial_3,50C,pdms,3,460.90129095067635,198.01451110839844
A_not_baseline_centered,P_delta_dP,10,50C__pdms_trial_4,50C,pdms,4,460.90129095067635,211.6280059814453
A_not_baseline_centered,P_delta_dP,10,50C__pdms_trial_5,50C,pdms,5,460.90129095067635,213.7371571858724
A_not_baseline_centered,P_delta_dP,10,50C__pdms_trial_6,50C,pdms,6,460.90129095067635,334.3224690755208
A_not_baseline_centered,P_delta_dP,10,60C__pdms_trial_1,60C,pdms,1,460.90129095067635,345.34850056966144
A_not_baseline_centered,P_delta_dP,10,60C__pdms_trial_2,60C,pdms,2,460.90129095067635,346.92970784505206
A_not_baseline_centered,P_delta_dP,10,60C__pdms_trial_3,60C,pdms,3,460.90129095067635,331.8203633626302
A_not_baseline_centered,P_delta_dP,10,60C__pdms_trial_4,60C,pdms,4,460.90129095067635,394.5101318359375
A_not_baseline_centered,P_delta_dP,10,60C__pdms_trial_5,60C,pdms,5,460.90129095067635,228.30929311116537
A_not_baseline_centered,P_delta_dP,10,60C__pdms_trial_6,60C,pdms,6,460.90129095067635,196.89254252115884
A_not_baseline_centered,S_delta_dS,10,30C__pdms_trial_1,30C,pdms,1,460.90129095067635,390.25437418619794
A_not_baseline_centered,S_delta_dS,10,30C__pdms_trial_2,30C,pdms,2,460.90129095067635,118.98023478190105
A_not_baseline_centered,S_delta_dS,10,30C__pdms_trial_3,30C,pdms,3,460.90129095067635,235.49866739908853
A_not_baseline_centered,S_delta_dS,10,30C__pdms_trial_4,30C,pdms,4,460.90129095067635,54.2766965230306
A_not_baseline_centered,S_delta_dS,10,30C__pdms_trial_5,30C,pdms,5,460.90129095067635,39.34369659423828
A_not_baseline_centered,S_delta_dS,10,30C__pdms_trial_6,30C,pdms,6,460.90129095067635,79.18769073486328
A_not_baseline_centered,S_delta_dS,10,40C__pdms_trial_1,40C,pdms,1,460.90129095067635,377.00963338216144
A_not_baseline_centered,S_delta_dS,10,40C__pdms_trial_2,40C,pdms,2,460.90129095067635,345.2780253092448
A_not_baseline_centered,S_delta_dS,10,40C__pdms_trial_3,40C,pdms,3,460.90129095067635,369.92218017578125
A_not_baseline_centered,S_delta_dS,10,40C__pdms_trial_4,40C,pdms,4,460.90129095067635,243.3603973388672
A_not_baseline_centered,S_delta_dS,10,40C__pdms_trial_5,40C,pdms,5,460.90129095067635,109.37883758544922
A_not_baseline_centered,S_delta_dS,10,40C__pdms_trial_6,40C,pdms,6,460.90129095067635,241.25946044921875
A_not_baseline_centered,S_delta_dS,10,50C__pdms_trial_1,50C,pdms,1,460.90129095067635,274.57447814941406
A_not_baseline_centered,S_delta_dS,10,50C__pdms_trial_2,50C,pdms,2,460.90129095067635,265.59779357910156
A_not_baseline_centered,S_delta_dS,10,50C__pdms_trial_3,50C,pdms,3,460.90129095067635,338.41855875651044
A_not_baseline_centered,S_delta_dS,10,50C__pdms_trial_4,50C,pdms,4,460.90129095067635,320.7367757161458
A_not_baseline_centered,S_delta_dS,10,50C__pdms_trial_5,50C,pdms,5,460.90129095067635,171.84756978352866
A_not_baseline_centered,S_delta_dS,10,50C__pdms_trial_6,50C,pdms,6,460.90129095067635,593.820322672526
A_not_baseline_centered,S_delta_dS,10,60C__pdms_trial_1,60C,pdms,1,460.90129095067635,640.8781127929688
A_not_baseline_centered,S_delta_dS,10,60C__pdms_trial_2,60C,pdms,2,460.90129095067635,408.9820251464844
A_not_baseline_centered,S_delta_dS,10,60C__pdms_trial_3,60C,pdms,3,460.90129095067635,474.5242513020833
A_not_baseline_centered,S_delta_dS,10,60C__pdms_trial_4,60C,pdms,4,460.90129095067635,309.8115234375
A_not_baseline_centered,S_delta_dS,10,60C__pdms_trial_5,60C,pdms,5,460.90129095067635,252.60330200195312
A_not_baseline_centered,S_delta_dS,10,60C__pdms_trial_6,60C,pdms,6,460.90129095067635,217.67872111002603
A_not_baseline_centered,P_dP,10,30C__pdms_trial_1,30C,pdms,1,460.90129095067635,458.46886189778644
A_not_baseline_centered,P_dP,10,30C__pdms_trial_2,30C,pdms,2,460.90129095067635,91.50097401936848
A_not_baseline_centered,P_dP,10,30C__pdms_trial_3,30C,pdms,3,460.90129095067635,354.8150329589844
A_not_baseline_centered,P_dP,10,30C__pdms_trial_4,30C,pdms,4,460.90129095067635,70.4110476175944
A_not_baseline_centered,P_dP,10,30C__pdms_trial_5,30C,pdms,5,460.90129095067635,57.07365926106771
A_not_baseline_centered,P_dP,10,30C__pdms_trial_6,30C,pdms,6,460.90129095067635,249.08703104654947
A_not_baseline_centered,P_dP,10,40C__pdms_trial_1,40C,pdms,1,460.90129095067635,299.3839416503906
A_not_baseline_centered,P_dP,10,40C__pdms_trial_2,40C,pdms,2,460.90129095067635,257.18031311035156
A_not_baseline_centered,P_dP,10,40C__pdms_trial_3,40C,pdms,3,460.90129095067635,291.85718790690106
A_not_baseline_centered,P_dP,10,40C__pdms_trial_4,40C,pdms,4,460.90129095067635,309.5896962483724
A_not_baseline_centered,P_dP,10,40C__pdms_trial_5,40C,pdms,5,460.90129095067635,263.1510518391927
A_not_baseline_centered,P_dP,10,40C__pdms_trial_6,40C,pdms,6,460.90129095067635,282.4391174316406
A_not_baseline_centered,P_dP,10,50C__pdms_trial_1,50C,pdms,1,460.90129095067635,182.2771962483724
A_not_baseline_centered,P_dP,10,50C__pdms_trial_2,50C,pdms,2,460.90129095067635,334.8161315917969
A_not_baseline_centered,P_dP,10,50C__pdms_trial_3,50C,pdms,3,460.90129095067635,200.58747355143228
A_not_baseline_centered,P_dP,10,50C__pdms_trial_4,50C,pdms,4,460.90129095067635,280.815673828125
A_not_baseline_centered,P_dP,10,50C__pdms_trial_5,50C,pdms,5,460.90129095067635,220.41663614908853
A_not_baseline_centered,P_dP,10,50C__pdms_trial_6,50C,pdms,6,460.90129095067635,374.92958577473956
A_not_baseline_centered,P_dP,10,60C__pdms_trial_1,60C,pdms,1,460.90129095067635,493.1591796875
A_not_baseline_centered,P_dP,10,60C__pdms_trial_2,60C,pdms,2,460.90129095067635,409.5783386230469
A_not_baseline_centered,P_dP,10,60C__pdms_trial_3,60C,pdms,3,460.90129095067635,404.4080403645833
A_not_baseline_centered,P_dP,10,60C__pdms_trial_4,60C,pdms,4,460.90129095067635,432.0227864583333
A_not_baseline_centered,P_dP,10,60C__pdms_trial_5,60C,pdms,5,460.90129095067635,201.4415079752604
A_not_baseline_centered,P_dP,10,60C__pdms_trial_6,60C,pdms,6,460.90129095067635,241.92630004882812
A_not_baseline_centered,S_dS,10,30C__pdms_trial_1,30C,pdms,1,460.90129095067635,226.58325703938803
A_not_baseline_centered,S_dS,10,30C__pdms_trial_2,30C,pdms,2,460.90129095067635,147.5361785888672
A_not_baseline_centered,S_dS,10,30C__pdms_trial_3,30C,pdms,3,460.90129095067635,179.8896967569987
A_not_baseline_centered,S_dS,10,30C__pdms_trial_4,30C,pdms,4,460.90129095067635,65.70458094278972
A_not_baseline_centered,S_dS,10,30C__pdms_trial_5,30C,pdms,5,460.90129095067635,436.07662200927734
A_not_baseline_centered,S_dS,10,30C__pdms_trial_6,30C,pdms,6,460.90129095067635,99.57034556070964
A_not_baseline_centered,S_dS,10,40C__pdms_trial_1,40C,pdms,1,460.90129095067635,337.25189208984375
A_not_baseline_centered,S_dS,10,40C__pdms_trial_2,40C,pdms,2,460.90129095067635,364.43895467122394
A_not_baseline_centered,S_dS,10,40C__pdms_trial_3,40C,pdms,3,460.90129095067635,248.3123321533203
A_not_baseline_centered,S_dS,10,40C__pdms_trial_4,40C,pdms,4,460.90129095067635,905.0091145833334
A_not_baseline_centered,S_dS,10,40C__pdms_trial_5,40C,pdms,5,460.90129095067635,147.5462214152018
A_not_baseline_centered,S_dS,10,40C__pdms_trial_6,40C,pdms,6,460.90129095067635,538.1859029134115
A_not_baseline_centered,S_dS,10,50C__pdms_trial_1,50C,pdms,1,460.90129095067635,238.60964965820312
A_not_baseline_centered,S_dS,10,50C__pdms_trial_2,50C,pdms,2,460.90129095067635,417.4690755208333
A_not_baseline_centered,S_dS,10,50C__pdms_trial_3,50C,pdms,3,460.90129095067635,460.51404825846356
A_not_baseline_centered,S_dS,10,50C__pdms_trial_4,50C,pdms,4,460.90129095067635,423.5782470703125
A_not_baseline_centered,S_dS,10,50C__pdms_trial_5,50C,pdms,5,460.90129095067635,164.80433146158853
A_not_baseline_centered,S_dS,10,50C__pdms_trial_6,50C,pdms,6,460.90129095067635,565.4021301269531
A_not_baseline_centered,S_dS,10,60C__pdms_trial_1,60C,pdms,1,460.90129095067635,406.4300842285156
A_not_baseline_centered,S_dS,10,60C__pdms_trial_2,60C,pdms,2,460.90129095067635,534.8577677408854
A_not_baseline_centered,S_dS,10,60C__pdms_trial_3,60C,pdms,3,460.90129095067635,441.5224202473958
A_not_baseline_centered,S_dS,10,60C__pdms_trial_4,60C,pdms,4,460.90129095067635,325.9357096354167
A_not_baseline_centered,S_dS,10,60C__pdms_trial_5,60C,pdms,5,460.90129095067635,276.1610107421875
A_not_baseline_centered,S_dS,10,60C__pdms_trial_6,60C,pdms,6,460.90129095067635,245.91283671061197
A_not_baseline_centered,delta,10,30C__pdms_trial_1,30C,pdms,1,460.90129095067635,388.1232503255208
A_not_baseline_centered,delta,10,30C__pdms_trial_2,30C,pdms,2,460.90129095067635,53.26878102620443
A_not_baseline_centered,delta,10,30C__pdms_trial_3,30C,pdms,3,460.90129095067635,317.6954701741536
A_not_baseline_centered,delta,10,30C__pdms_trial_4,30C,pdms,4,460.90129095067635,39.36060078938802
A_not_baseline_centered,delta,10,30C__pdms_trial_5,30C,pdms,5,460.90129095067635,34.97203611506014
A_not_baseline_centered,delta,10,30C__pdms_trial_6,30C,pdms,6,460.90129095067635,72.27442804972331
A_not_baseline_centered,delta,10,40C__pdms_trial_1,40C,pdms,1,460.90129095067635,75.70607376098633
A_not_baseline_centered,delta,10,40C__pdms_trial_2,40C,pdms,2,460.90129095067635,95.8246358235677
A_not_baseline_centered,delta,10,40C__pdms_trial_3,40C,pdms,3,460.90129095067635,171.4028574625651
A_not_baseline_centered,delta,10,40C__pdms_trial_4,40C,pdms,4,460.90129095067635,360.51414998372394
A_not_baseline_centered,delta,10,40C__pdms_trial_5,40C,pdms,5,460.90129095067635,95.28258768717448
A_not_baseline_centered,delta,10,40C__pdms_trial_6,40C,pdms,6,460.90129095067635,49.96527989705404
A_not_baseline_centered,delta,10,50C__pdms_trial_1,50C,pdms,1,460.90129095067635,187.99231974283853
A_not_baseline_centered,delta,10,50C__pdms_trial_2,50C,pdms,2,460.90129095067635,219.6426544189453
A_not_baseline_centered,delta,10,50C__pdms_trial_3,50C,pdms,3,460.90129095067635,115.74664306640625
A_not_baseline_centered,delta,10,50C__pdms_trial_4,50C,pdms,4,460.90129095067635,125.28379313151042
A_not_baseline_centered,delta,10,50C__pdms_trial_5,50C,pdms,5,460.90129095067635,150.3031463623047
A_not_baseline_centered,delta,10,50C__pdms_trial_6,50C,pdms,6,460.90129095067635,271.60792032877606
A_not_baseline_centered,delta,10,60C__pdms_trial_1,60C,pdms,1,460.90129095067635,443.0210774739583
A_not_baseline_centered,delta,10,60C__pdms_trial_2,60C,pdms,2,460.90129095067635,281.5531311035156
A_not_baseline_centered,delta,10,60C__pdms_trial_3,60C,pdms,3,460.90129095067635,230.57579040527344
A_not_baseline_centered,delta,10,60C__pdms_trial_4,60C,pdms,4,460.90129095067635,416.0231526692708
A_not_baseline_centered,delta,10,60C__pdms_trial_5,60C,pdms,5,460.90129095067635,282.2647196451823
A_not_baseline_centered,delta,10,60C__pdms_trial_6,60C,pdms,6,460.90129095067635,153.686642964681
A_not_baseline_centered,P,10,30C__pdms_trial_1,30C,pdms,1,460.90129095067635,477.2735087076823
A_not_baseline_centered,P,10,30C__pdms_trial_2,30C,pdms,2,460.90129095067635,102.6556905110677
A_not_baseline_centered,P,10,30C__pdms_trial_3,30C,pdms,3,460.90129095067635,285.97254435221356
A_not_baseline_centered,P,10,30C__pdms_trial_4,30C,pdms,4,460.90129095067635,79.51571146647136
A_not_baseline_centered,P,10,30C__pdms_trial_5,30C,pdms,5,460.90129095067635,55.313480377197266
A_not_baseline_centered,P,10,30C__pdms_trial_6,30C,pdms,6,460.90129095067635,271.8276112874349
A_not_baseline_centered,P,10,40C__pdms_trial_1,40C,pdms,1,460.90129095067635,321.74823506673175
A_not_baseline_centered,P,10,40C__pdms_trial_2,40C,pdms,2,460.90129095067635,195.01561482747397
A_not_baseline_centered,P,10,40C__pdms_trial_3,40C,pdms,3,460.90129095067635,215.6885019938151
A_not_baseline_centered,P,10,40C__pdms_trial_4,40C,pdms,4,460.90129095067635,307.7798156738281
A_not_baseline_centered,P,10,40C__pdms_trial_5,40C,pdms,5,460.90129095067635,181.31023661295572
A_not_baseline_centered,P,10,40C__pdms_trial_6,40C,pdms,6,460.90129095067635,205.03764851888022
A_not_baseline_centered,P,10,50C__pdms_trial_1,50C,pdms,1,460.90129095067635,226.266357421875
A_not_baseline_centered,P,10,50C__pdms_trial_2,50C,pdms,2,460.90129095067635,290.28285725911456
A_not_baseline_centered,P,10,50C__pdms_trial_3,50C,pdms,3,460.90129095067635,248.43997192382812
A_not_baseline_centered,P,10,50C__pdms_trial_4,50C,pdms,4,460.90129095067635,304.86664326985675
A_not_baseline_centered,P,10,50C__pdms_trial_5,50C,pdms,5,460.90129095067635,170.69685872395834
A_not_baseline_centered,P,10,50C__pdms_trial_6,50C,pdms,6,460.90129095067635,342.2692565917969
A_not_baseline_centered,P,10,60C__pdms_trial_1,60C,pdms,1,460.90129095067635,628.5238952636719
A_not_baseline_centered,P,10,60C__pdms_trial_2,60C,pdms,2,460.90129095067635,873.3212483723959
A_not_baseline_centered,P,10,60C__pdms_trial_3,60C,pdms,3,460.90129095067635,952.8481038411459
A_not_baseline_centered,P,10,60C__pdms_trial_4,60C,pdms,4,460.90129095067635,773.0010019938151
A_not_baseline_centered,P,10,60C__pdms_trial_5,60C,pdms,5,460.90129095067635,134.0724639892578
A_not_baseline_centered,P,10,60C__pdms_trial_6,60C,pdms,6,460.90129095067635,615.4260431925455
A_not_baseline_centered,S,10,30C__pdms_trial_1,30C,pdms,1,460.90129095067635,259.376459757487
A_not_baseline_centered,S,10,30C__pdms_trial_2,30C,pdms,2,460.90129095067635,101.49260711669922
A_not_baseline_centered,S,10,30C__pdms_trial_3,30C,pdms,3,460.90129095067635,157.70413716634116
A_not_baseline_centered,S,10,30C__pdms_trial_4,30C,pdms,4,460.90129095067635,64.95613861083984
A_not_baseline_centered,S,10,30C__pdms_trial_5,30C,pdms,5,460.90129095067635,76.57271830240886
A_not_baseline_centered,S,10,30C__pdms_trial_6,30C,pdms,6,460.90129095067635,92.05369567871094
A_not_baseline_centered,S,10,40C__pdms_trial_1,40C,pdms,1,460.90129095067635,272.9191385904948
A_not_baseline_centered,S,10,40C__pdms_trial_2,40C,pdms,2,460.90129095067635,348.2400156656901
A_not_baseline_centered,S,10,40C__pdms_trial_3,40C,pdms,3,460.90129095067635,253.3726043701172
A_not_baseline_centered,S,10,40C__pdms_trial_4,40C,pdms,4,460.90129095067635,1498.0221761067708
A_not_baseline_centered,S,10,40C__pdms_trial_5,40C,pdms,5,460.90129095067635,114.43544006347656
A_not_baseline_centered,S,10,40C__pdms_trial_6,40C,pdms,6,460.90129095067635,1133.3326416015625
A_not_baseline_centered,S,10,50C__pdms_trial_1,50C,pdms,1,460.90129095067635,158.63888549804688
A_not_baseline_centered,S,10,50C__pdms_trial_2,50C,pdms,2,460.90129095067635,239.36211140950522
A_not_baseline_centered,S,10,50C__pdms_trial_3,50C,pdms,3,460.90129095067635,539.4992167154948
A_not_baseline_centered,S,10,50C__pdms_trial_4,50C,pdms,4,460.90129095067635,459.1660563151042
A_not_baseline_centered,S,10,50C__pdms_trial_5,50C,pdms,5,460.90129095067635,214.71395874023438
A_not_baseline_centered,S,10,50C__pdms_trial_6,50C,pdms,6,460.90129095067635,549.5064188639323
A_not_baseline_centered,S,10,60C__pdms_trial_1,60C,pdms,1,460.90129095067635,515.6081136067709
A_not_baseline_centered,S,10,60C__pdms_trial_2,60C,pdms,2,460.90129095067635,344.9872792561849
A_not_baseline_centered,S,10,60C__pdms_trial_3,60C,pdms,3,460.90129095067635,475.8494567871094
A_not_baseline_centered,S,10,60C__pdms_trial_4,60C,pdms,4,460.90129095067635,235.27160135904947
A_not_baseline_centered,S,10,60C__pdms_trial_5,60C,pdms,5,460.90129095067635,248.66046651204428
A_not_baseline_centered,S,10,60C__pdms_trial_6,60C,pdms,6,460.90129095067635,220.11154174804688
A_not_baseline_centered,P_S_delta_dP_dS_ddP_ddS,11,30C__ps_foam_trial_1,30C,ps_foam,1,34.496376621320685,124.28834406534831
A_not_baseline_centered,P_S_delta_dP_dS_ddP_ddS,11,30C__ps_foam_trial_2,30C,ps_foam,2,34.496376621320685,137.9335149129232
A_not_baseline_centered,P_S_delta_dP_dS_ddP_ddS,11,30C__ps_foam_trial_3,30C,ps_foam,3,34.496376621320685,277.99082438151044
A_not_baseline_centered,P_S_delta_dP_dS_ddP_ddS,11,30C__ps_foam_trial_4,30C,ps_foam,4,34.496376621320685,158.85758463541666
A_not_baseline_centered,P_S_delta_dP_dS_ddP_ddS,11,30C__ps_foam_trial_5,30C,ps_foam,5,34.496376621320685,96.86469141642253
A_not_baseline_centered,P_S_delta_dP_dS_ddP_ddS,11,30C__ps_foam_trial_6,30C,ps_foam,6,34.496376621320685,81.1368916829427
A_not_baseline_centered,P_S_delta_dP_dS_ddP_ddS,11,40C__ps_foam_trial_1,40C,ps_foam,1,34.496376621320685,58.44099044799805
A_not_baseline_centered,P_S_delta_dP_dS_ddP_ddS,11,40C__ps_foam_trial_2,40C,ps_foam,2,34.496376621320685,53.935567220052086
A_not_baseline_centered,P_S_delta_dP_dS_ddP_ddS,11,40C__ps_foam_trial_3,40C,ps_foam,3,34.496376621320685,67.74927520751953
A_not_baseline_centered,P_S_delta_dP_dS_ddP_ddS,11,40C__ps_foam_trial_4,40C,ps_foam,4,34.496376621320685,129.33634440104166
A_not_baseline_centered,P_S_delta_dP_dS_ddP_ddS,11,40C__ps_foam_trial_5,40C,ps_foam,5,34.496376621320685,129.55382792154947
A_not_baseline_centered,P_S_delta_dP_dS_ddP_ddS,11,40C__ps_foam_trial_6,40C,ps_foam,6,34.496376621320685,93.09902954101562
A_not_baseline_centered,P_S_delta_dP_dS_ddP_ddS,11,50C__ps_foam_trial_1,50C,ps_foam,1,34.496376621320685,62.79104487101237
A_not_baseline_centered,P_S_delta_dP_dS_ddP_ddS,11,50C__ps_foam_trial_2,50C,ps_foam,2,34.496376621320685,56.26674270629883
A_not_baseline_centered,P_S_delta_dP_dS_ddP_ddS,11,50C__ps_foam_trial_3,50C,ps_foam,3,34.496376621320685,47.51282364287018
A_not_baseline_centered,P_S_delta_dP_dS_ddP_ddS,11,50C__ps_foam_trial_4,50C,ps_foam,4,34.496376621320685,49.60232416788737
A_not_baseline_centered,P_S_delta_dP_dS_ddP_ddS,11,50C__ps_foam_trial_5,50C,ps_foam,5,34.496376621320685,44.08031199532786
A_not_baseline_centered,P_S_delta_dP_dS_ddP_ddS,11,50C__ps_foam_trial_6,50C,ps_foam,6,34.496376621320685,47.13667165318151
A_not_baseline_centered,P_S_delta_dP_dS_ddP_ddS,11,60C__ps_foam_trial_1,60C,ps_foam,1,34.496376621320685,273.3992055257161
A_not_baseline_centered,P_S_delta_dP_dS_ddP_ddS,11,60C__ps_foam_trial_2,60C,ps_foam,2,34.496376621320685,534.0980529785156
A_not_baseline_centered,P_S_delta_dP_dS_ddP_ddS,11,60C__ps_foam_trial_3,60C,ps_foam,3,34.496376621320685,324.3062235514323
A_not_baseline_centered,P_S_delta_dP_dS_ddP_ddS,11,60C__ps_foam_trial_4,60C,ps_foam,4,34.496376621320685,184.20396423339844
A_not_baseline_centered,P_S_delta_dP_dS_ddP_ddS,11,60C__ps_foam_trial_5,60C,ps_foam,5,34.496376621320685,296.7211201985677
A_not_baseline_centered,P_S_delta_dP_dS_ddP_ddS,11,60C__ps_foam_trial_6,60C,ps_foam,6,34.496376621320685,407.1996663411458
A_not_baseline_centered,P_delta_dP,11,30C__ps_foam_trial_1,30C,ps_foam,1,34.496376621320685,86.67039489746094
A_not_baseline_centered,P_delta_dP,11,30C__ps_foam_trial_2,30C,ps_foam,2,34.496376621320685,137.33131408691406
A_not_baseline_centered,P_delta_dP,11,30C__ps_foam_trial_3,30C,ps_foam,3,34.496376621320685,165.9177500406901
A_not_baseline_centered,P_delta_dP,11,30C__ps_foam_trial_4,30C,ps_foam,4,34.496376621320685,164.95195515950522
A_not_baseline_centered,P_delta_dP,11,30C__ps_foam_trial_5,30C,ps_foam,5,34.496376621320685,74.78412755330403
A_not_baseline_centered,P_delta_dP,11,30C__ps_foam_trial_6,30C,ps_foam,6,34.496376621320685,117.09675598144531
A_not_baseline_centered,P_delta_dP,11,40C__ps_foam_trial_1,40C,ps_foam,1,34.496376621320685,88.4736557006836
A_not_baseline_centered,P_delta_dP,11,40C__ps_foam_trial_2,40C,ps_foam,2,34.496376621320685,78.08676147460938
A_not_baseline_centered,P_delta_dP,11,40C__ps_foam_trial_3,40C,ps_foam,3,34.496376621320685,82.80054473876953
A_not_baseline_centered,P_delta_dP,11,40C__ps_foam_trial_4,40C,ps_foam,4,34.496376621320685,121.94322458902995
A_not_baseline_centered,P_delta_dP,11,40C__ps_foam_trial_5,40C,ps_foam,5,34.496376621320685,108.97212727864583
A_not_baseline_centered,P_delta_dP,11,40C__ps_foam_trial_6,40C,ps_foam,6,34.496376621320685,86.78252665201823
A_not_baseline_centered,P_delta_dP,11,50C__ps_foam_trial_1,50C,ps_foam,1,34.496376621320685,55.903839111328125
A_not_baseline_centered,P_delta_dP,11,50C__ps_foam_trial_2,50C,ps_foam,2,34.496376621320685,69.1967035929362
A_not_baseline_centered,P_delta_dP,11,50C__ps_foam_trial_3,50C,ps_foam,3,34.496376621320685,45.071651458740234
A_not_baseline_centered,P_delta_dP,11,50C__ps_foam_trial_4,50C,ps_foam,4,34.496376621320685,55.08078257242838
A_not_baseline_centered,P_delta_dP,11,50C__ps_foam_trial_5,50C,ps_foam,5,34.496376621320685,48.46069712518672
A_not_baseline_centered,P_delta_dP,11,50C__ps_foam_trial_6,50C,ps_foam,6,34.496376621320685,46.803115795841016
A_not_baseline_centered,P_delta_dP,11,60C__ps_foam_trial_1,60C,ps_foam,1,34.496376621320685,245.91102854410806
A_not_baseline_centered,P_delta_dP,11,60C__ps_foam_trial_2,60C,ps_foam,2,34.496376621320685,241.2578887939453
A_not_baseline_centered,P_delta_dP,11,60C__ps_foam_trial_3,60C,ps_foam,3,34.496376621320685,387.4480895996094
A_not_baseline_centered,P_delta_dP,11,60C__ps_foam_trial_4,60C,ps_foam,4,34.496376621320685,203.80818684895834
A_not_baseline_centered,P_delta_dP,11,60C__ps_foam_trial_5,60C,ps_foam,5,34.496376621320685,322.19861857096356
A_not_baseline_centered,P_delta_dP,11,60C__ps_foam_trial_6,60C,ps_foam,6,34.496376621320685,310.4945983886719
A_not_baseline_centered,S_delta_dS,11,30C__ps_foam_trial_1,30C,ps_foam,1,34.496376621320685,249.33303833007812
A_not_baseline_centered,S_delta_dS,11,30C__ps_foam_trial_2,30C,ps_foam,2,34.496376621320685,315.0369415283203
A_not_baseline_centered,S_delta_dS,11,30C__ps_foam_trial_3,30C,ps_foam,3,34.496376621320685,298.4281921386719
A_not_baseline_centered,S_delta_dS,11,30C__ps_foam_trial_4,30C,ps_foam,4,34.496376621320685,309.0763804117839
A_not_baseline_centered,S_delta_dS,11,30C__ps_foam_trial_5,30C,ps_foam,5,34.496376621320685,178.42385228474936
A_not_baseline_centered,S_delta_dS,11,30C__ps_foam_trial_6,30C,ps_foam,6,34.496376621320685,205.10255686442056
A_not_baseline_centered,S_delta_dS,11,40C__ps_foam_trial_1,40C,ps_foam,1,34.496376621320685,62.9890505472819
A_not_baseline_centered,S_delta_dS,11,40C__ps_foam_trial_2,40C,ps_foam,2,34.496376621320685,63.806695302327476
A_not_baseline_centered,S_delta_dS,11,40C__ps_foam_trial_3,40C,ps_foam,3,34.496376621320685,131.1487833658854
A_not_baseline_centered,S_delta_dS,11,40C__ps_foam_trial_4,40C,ps_foam,4,34.496376621320685,238.11626180013022
A_not_baseline_centered,S_delta_dS,11,40C__ps_foam_trial_5,40C,ps_foam,5,34.496376621320685,117.5322748819987
A_not_baseline_centered,S_delta_dS,11,40C__ps_foam_trial_6,40C,ps_foam,6,34.496376621320685,104.13048299153645
A_not_baseline_centered,S_delta_dS,11,50C__ps_foam_trial_1,50C,ps_foam,1,34.496376621320685,56.369468688964844
A_not_baseline_centered,S_delta_dS,11,50C__ps_foam_trial_2,50C,ps_foam,2,34.496376621320685,60.22363154093424
A_not_baseline_centered,S_delta_dS,11,50C__ps_foam_trial_3,50C,ps_foam,3,34.496376621320685,44.57730860589961
A_not_baseline_centered,S_delta_dS,11,50C__ps_foam_trial_4,50C,ps_foam,4,34.496376621320685,55.624682108561196
A_not_baseline_centered,S_delta_dS,11,50C__ps_foam_trial_5,50C,ps_foam,5,34.496376621320685,47.62386062819778
A_not_baseline_centered,S_delta_dS,11,50C__ps_foam_trial_6,50C,ps_foam,6,34.496376621320685,49.88230005900065
A_not_baseline_centered,S_delta_dS,11,60C__ps_foam_trial_1,60C,ps_foam,1,34.496376621320685,284.56080118815106
A_not_baseline_centered,S_delta_dS,11,60C__ps_foam_trial_2,60C,ps_foam,2,34.496376621320685,346.25035603841144
A_not_baseline_centered,S_delta_dS,11,60C__ps_foam_trial_3,60C,ps_foam,3,34.496376621320685,320.7773742675781
A_not_baseline_centered,S_delta_dS,11,60C__ps_foam_trial_4,60C,ps_foam,4,34.496376621320685,152.8115030924479
A_not_baseline_centered,S_delta_dS,11,60C__ps_foam_trial_5,60C,ps_foam,5,34.496376621320685,232.12508646647134
A_not_baseline_centered,S_delta_dS,11,60C__ps_foam_trial_6,60C,ps_foam,6,34.496376621320685,226.15796407063803
A_not_baseline_centered,P_dP,11,30C__ps_foam_trial_1,30C,ps_foam,1,34.496376621320685,51.170183768660024
A_not_baseline_centered,P_dP,11,30C__ps_foam_trial_2,30C,ps_foam,2,34.496376621320685,81.32457860310872
A_not_baseline_centered,P_dP,11,30C__ps_foam_trial_3,30C,ps_foam,3,34.496376621320685,106.96635437011719
A_not_baseline_centered,P_dP,11,30C__ps_foam_trial_4,30C,ps_foam,4,34.496376621320685,86.0958989461263
A_not_baseline_centered,P_dP,11,30C__ps_foam_trial_5,30C,ps_foam,5,34.496376621320685,61.72158686319987
A_not_baseline_centered,P_dP,11,30C__ps_foam_trial_6,30C,ps_foam,6,34.496376621320685,80.16310755411784
A_not_baseline_centered,P_dP,11,40C__ps_foam_trial_1,40C,ps_foam,1,34.496376621320685,88.99868520100911
A_not_baseline_centered,P_dP,11,40C__ps_foam_trial_2,40C,ps_foam,2,34.496376621320685,74.99238586425781
A_not_baseline_centered,P_dP,11,40C__ps_foam_trial_3,40C,ps_foam,3,34.496376621320685,69.49794387817383
A_not_baseline_centered,P_dP,11,40C__ps_foam_trial_4,40C,ps_foam,4,34.496376621320685,104.55225626627605
A_not_baseline_centered,P_dP,11,40C__ps_foam_trial_5,40C,ps_foam,5,34.496376621320685,71.91322835286458
A_not_baseline_centered,P_dP,11,40C__ps_foam_trial_6,40C,ps_foam,6,34.496376621320685,67.25037129720052
A_not_baseline_centered,P_dP,11,50C__ps_foam_trial_1,50C,ps_foam,1,34.496376621320685,76.43970235188802
A_not_baseline_centered,P_dP,11,50C__ps_foam_trial_2,50C,ps_foam,2,34.496376621320685,80.51546986897786
A_not_baseline_centered,P_dP,11,50C__ps_foam_trial_3,50C,ps_foam,3,34.496376621320685,58.286791483561196
A_not_baseline_centered,P_dP,11,50C__ps_foam_trial_4,50C,ps_foam,4,34.496376621320685,59.004748026529946
A_not_baseline_centered,P_dP,11,50C__ps_foam_trial_5,50C,ps_foam,5,34.496376621320685,69.76876958211263
A_not_baseline_centered,P_dP,11,50C__ps_foam_trial_6,50C,ps_foam,6,34.496376621320685,45.89721806844076
A_not_baseline_centered,P_dP,11,60C__ps_foam_trial_1,60C,ps_foam,1,34.496376621320685,181.85407511393228
A_not_baseline_centered,P_dP,11,60C__ps_foam_trial_2,60C,ps_foam,2,34.496376621320685,246.42108662923178
A_not_baseline_centered,P_dP,11,60C__ps_foam_trial_3,60C,ps_foam,3,34.496376621320685,406.83721923828125
A_not_baseline_centered,P_dP,11,60C__ps_foam_trial_4,60C,ps_foam,4,34.496376621320685,302.1218566894531
A_not_baseline_centered,P_dP,11,60C__ps_foam_trial_5,60C,ps_foam,5,34.496376621320685,320.32191975911456
A_not_baseline_centered,P_dP,11,60C__ps_foam_trial_6,60C,ps_foam,6,34.496376621320685,311.76111857096356
A_not_baseline_centered,S_dS,11,30C__ps_foam_trial_1,30C,ps_foam,1,34.496376621320685,430.84202067057294
A_not_baseline_centered,S_dS,11,30C__ps_foam_trial_2,30C,ps_foam,2,34.496376621320685,1686.0367635091145
A_not_baseline_centered,S_dS,11,30C__ps_foam_trial_3,30C,ps_foam,3,34.496376621320685,282.16175333658856
A_not_baseline_centered,S_dS,11,30C__ps_foam_trial_4,30C,ps_foam,4,34.496376621320685,340.16896057128906
A_not_baseline_centered,S_dS,11,30C__ps_foam_trial_5,30C,ps_foam,5,34.496376621320685,184.80191548665366
A_not_baseline_centered,S_dS,11,30C__ps_foam_trial_6,30C,ps_foam,6,34.496376621320685,272.88401285807294
A_not_baseline_centered,S_dS,11,40C__ps_foam_trial_1,40C,ps_foam,1,34.496376621320685,62.74379094441732
A_not_baseline_centered,S_dS,11,40C__ps_foam_trial_2,40C,ps_foam,2,34.496376621320685,67.90923563639323
A_not_baseline_centered,S_dS,11,40C__ps_foam_trial_3,40C,ps_foam,3,34.496376621320685,73.43066787719727
A_not_baseline_centered,S_dS,11,40C__ps_foam_trial_4,40C,ps_foam,4,34.496376621320685,467.280029296875
A_not_baseline_centered,S_dS,11,40C__ps_foam_trial_5,40C,ps_foam,5,34.496376621320685,249.9077402750651
A_not_baseline_centered,S_dS,11,40C__ps_foam_trial_6,40C,ps_foam,6,34.496376621320685,198.40638478597006
A_not_baseline_centered,S_dS,11,50C__ps_foam_trial_1,50C,ps_foam,1,34.496376621320685,42.49705872175155
A_not_baseline_centered,S_dS,11,50C__ps_foam_trial_2,50C,ps_foam,2,34.496376621320685,61.29301829217891
A_not_baseline_centered,S_dS,11,50C__ps_foam_trial_3,50C,ps_foam,3,34.496376621320685,42.49705872175155
A_not_baseline_centered,S_dS,11,50C__ps_foam_trial_4,50C,ps_foam,4,34.496376621320685,42.49705872175155
A_not_baseline_centered,S_dS,11,50C__ps_foam_trial_5,50C,ps_foam,5,34.496376621320685,42.49705872175155
A_not_baseline_centered,S_dS,11,50C__ps_foam_trial_6,50C,ps_foam,6,34.496376621320685,42.49705872175155
A_not_baseline_centered,S_dS,11,60C__ps_foam_trial_1,60C,ps_foam,1,34.496376621320685,466.2685241699219
A_not_baseline_centered,S_dS,11,60C__ps_foam_trial_2,60C,ps_foam,2,34.496376621320685,318.8393249511719
A_not_baseline_centered,S_dS,11,60C__ps_foam_trial_3,60C,ps_foam,3,34.496376621320685,268.35252888997394
A_not_baseline_centered,S_dS,11,60C__ps_foam_trial_4,60C,ps_foam,4,34.496376621320685,125.36196645100911
A_not_baseline_centered,S_dS,11,60C__ps_foam_trial_5,60C,ps_foam,5,34.496376621320685,156.15755716959634
A_not_baseline_centered,S_dS,11,60C__ps_foam_trial_6,60C,ps_foam,6,34.496376621320685,106.5480448404948
A_not_baseline_centered,delta,11,30C__ps_foam_trial_1,30C,ps_foam,1,34.496376621320685,97.43065388997395
A_not_baseline_centered,delta,11,30C__ps_foam_trial_2,30C,ps_foam,2,34.496376621320685,163.7676264444987
A_not_baseline_centered,delta,11,30C__ps_foam_trial_3,30C,ps_foam,3,34.496376621320685,219.09131876627603
A_not_baseline_centered,delta,11,30C__ps_foam_trial_4,30C,ps_foam,4,34.496376621320685,129.67138671875
A_not_baseline_centered,delta,11,30C__ps_foam_trial_5,30C,ps_foam,5,34.496376621320685,62.48667780558268
A_not_baseline_centered,delta,11,30C__ps_foam_trial_6,30C,ps_foam,6,34.496376621320685,88.2544682820638
A_not_baseline_centered,delta,11,40C__ps_foam_trial_1,40C,ps_foam,1,34.496376621320685,114.03690592447917
A_not_baseline_centered,delta,11,40C__ps_foam_trial_2,40C,ps_foam,2,34.496376621320685,125.23114522298177
A_not_baseline_centered,delta,11,40C__ps_foam_trial_3,40C,ps_foam,3,34.496376621320685,254.52191162109375
A_not_baseline_centered,delta,11,40C__ps_foam_trial_4,40C,ps_foam,4,34.496376621320685,103.45554606119792
A_not_baseline_centered,delta,11,40C__ps_foam_trial_5,40C,ps_foam,5,34.496376621320685,157.8275146484375
A_not_baseline_centered,delta,11,40C__ps_foam_trial_6,40C,ps_foam,6,34.496376621320685,112.96573638916016
A_not_baseline_centered,delta,11,50C__ps_foam_trial_1,50C,ps_foam,1,34.496376621320685,110.9551010131836
A_not_baseline_centered,delta,11,50C__ps_foam_trial_2,50C,ps_foam,2,34.496376621320685,231.59318033854166
A_not_baseline_centered,delta,11,50C__ps_foam_trial_3,50C,ps_foam,3,34.496376621320685,75.5799051920573
A_not_baseline_centered,delta,11,50C__ps_foam_trial_4,50C,ps_foam,4,34.496376621320685,90.9354985555013
A_not_baseline_centered,delta,11,50C__ps_foam_trial_5,50C,ps_foam,5,34.496376621320685,124.24474589029948
A_not_baseline_centered,delta,11,50C__ps_foam_trial_6,50C,ps_foam,6,34.496376621320685,115.82647196451823
A_not_baseline_centered,delta,11,60C__ps_foam_trial_1,60C,ps_foam,1,34.496376621320685,349.1346740722656
A_not_baseline_centered,delta,11,60C__ps_foam_trial_2,60C,ps_foam,2,34.496376621320685,364.56349690755206
A_not_baseline_centered,delta,11,60C__ps_foam_trial_3,60C,ps_foam,3,34.496376621320685,425.5483805338542
A_not_baseline_centered,delta,11,60C__ps_foam_trial_4,60C,ps_foam,4,34.496376621320685,245.61160786946616
A_not_baseline_centered,delta,11,60C__ps_foam_trial_5,60C,ps_foam,5,34.496376621320685,155.92965698242188
A_not_baseline_centered,delta,11,60C__ps_foam_trial_6,60C,ps_foam,6,34.496376621320685,223.20862325032553
A_not_baseline_centered,P,11,30C__ps_foam_trial_1,30C,ps_foam,1,34.496376621320685,65.60461171468098
A_not_baseline_centered,P,11,30C__ps_foam_trial_2,30C,ps_foam,2,34.496376621320685,85.51731872558594
A_not_baseline_centered,P,11,30C__ps_foam_trial_3,30C,ps_foam,3,34.496376621320685,86.09812418619792
A_not_baseline_centered,P,11,30C__ps_foam_trial_4,30C,ps_foam,4,34.496376621320685,76.7275873819987
A_not_baseline_centered,P,11,30C__ps_foam_trial_5,30C,ps_foam,5,34.496376621320685,58.23586908976237
A_not_baseline_centered,P,11,30C__ps_foam_trial_6,30C,ps_foam,6,34.496376621320685,79.5244140625
A_not_baseline_centered,P,11,40C__ps_foam_trial_1,40C,ps_foam,1,34.496376621320685,75.18406931559245
A_not_baseline_centered,P,11,40C__ps_foam_trial_2,40C,ps_foam,2,34.496376621320685,75.50329844156902
A_not_baseline_centered,P,11,40C__ps_foam_trial_3,40C,ps_foam,3,34.496376621320685,64.92909876505534
A_not_baseline_centered,P,11,40C__ps_foam_trial_4,40C,ps_foam,4,34.496376621320685,75.74396006266277
A_not_baseline_centered,P,11,40C__ps_foam_trial_5,40C,ps_foam,5,34.496376621320685,79.12572987874348
A_not_baseline_centered,P,11,40C__ps_foam_trial_6,40C,ps_foam,6,34.496376621320685,56.67481231689453
A_not_baseline_centered,P,11,50C__ps_foam_trial_1,50C,ps_foam,1,34.496376621320685,64.73025385538737
A_not_baseline_centered,P,11,50C__ps_foam_trial_2,50C,ps_foam,2,34.496376621320685,91.92526499430339
A_not_baseline_centered,P,11,50C__ps_foam_trial_3,50C,ps_foam,3,34.496376621320685,51.80342356363932
A_not_baseline_centered,P,11,50C__ps_foam_trial_4,50C,ps_foam,4,34.496376621320685,64.0399169921875
A_not_baseline_centered,P,11,50C__ps_foam_trial_5,50C,ps_foam,5,34.496376621320685,68.04856236775716
A_not_baseline_centered,P,11,50C__ps_foam_trial_6,50C,ps_foam,6,34.496376621320685,49.73713175455729
A_not_baseline_centered,P,11,60C__ps_foam_trial_1,60C,ps_foam,1,34.496376621320685,98.9616216023763
A_not_baseline_centered,P,11,60C__ps_foam_trial_2,60C,ps_foam,2,34.496376621320685,161.60865020751953
A_not_baseline_centered,P,11,60C__ps_foam_trial_3,60C,ps_foam,3,34.496376621320685,371.0001220703125
A_not_baseline_centered,P,11,60C__ps_foam_trial_4,60C,ps_foam,4,34.496376621320685,331.63172403971356
A_not_baseline_centered,P,11,60C__ps_foam_trial_5,60C,ps_foam,5,34.496376621320685,229.16084798177084
A_not_baseline_centered,P,11,60C__ps_foam_trial_6,60C,ps_foam,6,34.496376621320685,328.7938944498698
A_not_baseline_centered,S,11,30C__ps_foam_trial_1,30C,ps_foam,1,34.496376621320685,406.1299692789714
A_not_baseline_centered,S,11,30C__ps_foam_trial_2,30C,ps_foam,2,34.496376621320685,1741.5093790690105
A_not_baseline_centered,S,11,30C__ps_foam_trial_3,30C,ps_foam,3,34.496376621320685,320.50775146484375
A_not_baseline_centered,S,11,30C__ps_foam_trial_4,30C,ps_foam,4,34.496376621320685,1962.1405639648438
A_not_baseline_centered,S,11,30C__ps_foam_trial_5,30C,ps_foam,5,34.496376621320685,1402.1670532226562
A_not_baseline_centered,S,11,30C__ps_foam_trial_6,30C,ps_foam,6,34.496376621320685,1081.3908182779949
A_not_baseline_centered,S,11,40C__ps_foam_trial_1,40C,ps_foam,1,34.496376621320685,71.37229283650716
A_not_baseline_centered,S,11,40C__ps_foam_trial_2,40C,ps_foam,2,34.496376621320685,74.75348281860352
A_not_baseline_centered,S,11,40C__ps_foam_trial_3,40C,ps_foam,3,34.496376621320685,86.56313578287761
A_not_baseline_centered,S,11,40C__ps_foam_trial_4,40C,ps_foam,4,34.496376621320685,758.9164326985677
A_not_baseline_centered,S,11,40C__ps_foam_trial_5,40C,ps_foam,5,34.496376621320685,333.49681599934894
A_not_baseline_centered,S,11,40C__ps_foam_trial_6,40C,ps_foam,6,34.496376621320685,279.02696736653644
A_not_baseline_centered,S,11,50C__ps_foam_trial_1,50C,ps_foam,1,34.496376621320685,42.53678884265859
A_not_baseline_centered,S,11,50C__ps_foam_trial_2,50C,ps_foam,2,34.496376621320685,57.95874913533529
A_not_baseline_centered,S,11,50C__ps_foam_trial_3,50C,ps_foam,3,34.496376621320685,42.49705872175155
A_not_baseline_centered,S,11,50C__ps_foam_trial_4,50C,ps_foam,4,34.496376621320685,42.49705872175155
A_not_baseline_centered,S,11,50C__ps_foam_trial_5,50C,ps_foam,5,34.496376621320685,46.976531982421875
A_not_baseline_centered,S,11,50C__ps_foam_trial_6,50C,ps_foam,6,34.496376621320685,43.66557810860911
A_not_baseline_centered,S,11,60C__ps_foam_trial_1,60C,ps_foam,1,34.496376621320685,724.5608520507812
A_not_baseline_centered,S,11,60C__ps_foam_trial_2,60C,ps_foam,2,34.496376621320685,624.4676615397135
A_not_baseline_centered,S,11,60C__ps_foam_trial_3,60C,ps_foam,3,34.496376621320685,209.54791259765625
A_not_baseline_centered,S,11,60C__ps_foam_trial_4,60C,ps_foam,4,34.496376621320685,155.635498046875
A_not_baseline_centered,S,11,60C__ps_foam_trial_5,60C,ps_foam,5,34.496376621320685,235.99467976888022
A_not_baseline_centered,S,11,60C__ps_foam_trial_6,60C,ps_foam,6,34.496376621320685,119.65063222249348
A_not_baseline_centered,P_S_delta_dP_dS_ddP_ddS,12,30C__pu_foam_trial_1,30C,pu_foam,1,42.49705872175155,96.22218322753906
A_not_baseline_centered,P_S_delta_dP_dS_ddP_ddS,12,30C__pu_foam_trial_2,30C,pu_foam,2,42.49705872175155,145.55394744873047
A_not_baseline_centered,P_S_delta_dP_dS_ddP_ddS,12,30C__pu_foam_trial_3,30C,pu_foam,3,42.49705872175155,260.854487101237
A_not_baseline_centered,P_S_delta_dP_dS_ddP_ddS,12,30C__pu_foam_trial_4,30C,pu_foam,4,42.49705872175155,241.22447204589844
A_not_baseline_centered,P_S_delta_dP_dS_ddP_ddS,12,30C__pu_foam_trial_5,30C,pu_foam,5,42.49705872175155,194.72515360514322
A_not_baseline_centered,P_S_delta_dP_dS_ddP_ddS,12,30C__pu_foam_trial_6,30C,pu_foam,6,42.49705872175155,147.76081339518228
A_not_baseline_centered,P_S_delta_dP_dS_ddP_ddS,12,40C__pu_foam_trial_1,40C,pu_foam,1,42.49705872175155,106.91793568929036
A_not_baseline_centered,P_S_delta_dP_dS_ddP_ddS,12,40C__pu_foam_trial_2,40C,pu_foam,2,42.49705872175155,126.12060801188152
A_not_baseline_centered,P_S_delta_dP_dS_ddP_ddS,12,40C__pu_foam_trial_3,40C,pu_foam,3,42.49705872175155,147.95038350423178
A_not_baseline_centered,P_S_delta_dP_dS_ddP_ddS,12,40C__pu_foam_trial_4,40C,pu_foam,4,42.49705872175155,99.52622731526692
A_not_baseline_centered,P_S_delta_dP_dS_ddP_ddS,12,40C__pu_foam_trial_5,40C,pu_foam,5,42.49705872175155,79.29842885335286
A_not_baseline_centered,P_S_delta_dP_dS_ddP_ddS,12,40C__pu_foam_trial_6,40C,pu_foam,6,42.49705872175155,65.15258280436198
A_not_baseline_centered,P_S_delta_dP_dS_ddP_ddS,12,50C__pu_foam_trial_1,50C,pu_foam,1,42.49705872175155,93.01187642415364
A_not_baseline_centered,P_S_delta_dP_dS_ddP_ddS,12,50C__pu_foam_trial_2,50C,pu_foam,2,42.49705872175155,88.8492825826009
A_not_baseline_centered,P_S_delta_dP_dS_ddP_ddS,12,50C__pu_foam_trial_3,50C,pu_foam,3,42.49705872175155,125.67397562662761
A_not_baseline_centered,P_S_delta_dP_dS_ddP_ddS,12,50C__pu_foam_trial_4,50C,pu_foam,4,42.49705872175155,79.36155446370442
A_not_baseline_centered,P_S_delta_dP_dS_ddP_ddS,12,50C__pu_foam_trial_5,50C,pu_foam,5,42.49705872175155,66.0576540629069
A_not_baseline_centered,P_S_delta_dP_dS_ddP_ddS,12,50C__pu_foam_trial_6,50C,pu_foam,6,42.49705872175155,43.26788584391276
A_not_baseline_centered,P_S_delta_dP_dS_ddP_ddS,12,60C__pu_foam_trial_1,60C,pu_foam,1,42.49705872175155,236.23625691731772
A_not_baseline_centered,P_S_delta_dP_dS_ddP_ddS,12,60C__pu_foam_trial_2,60C,pu_foam,2,42.49705872175155,1885.011962890625
A_not_baseline_centered,P_S_delta_dP_dS_ddP_ddS,12,60C__pu_foam_trial_3,60C,pu_foam,3,42.49705872175155,343.7321421305339
A_not_baseline_centered,P_S_delta_dP_dS_ddP_ddS,12,60C__pu_foam_trial_4,60C,pu_foam,4,42.49705872175155,270.7866923014323
A_not_baseline_centered,P_S_delta_dP_dS_ddP_ddS,12,60C__pu_foam_trial_5,60C,pu_foam,5,42.49705872175155,406.1615498860677
A_not_baseline_centered,P_S_delta_dP_dS_ddP_ddS,12,60C__pu_foam_trial_6,60C,pu_foam,6,42.49705872175155,442.019780476888
A_not_baseline_centered,P_delta_dP,12,30C__pu_foam_trial_1,30C,pu_foam,1,42.49705872175155,109.34137725830078
A_not_baseline_centered,P_delta_dP,12,30C__pu_foam_trial_2,30C,pu_foam,2,42.49705872175155,244.15931701660156
A_not_baseline_centered,P_delta_dP,12,30C__pu_foam_trial_3,30C,pu_foam,3,42.49705872175155,256.31186930338544
A_not_baseline_centered,P_delta_dP,12,30C__pu_foam_trial_4,30C,pu_foam,4,42.49705872175155,157.91559855143228
A_not_baseline_centered,P_delta_dP,12,30C__pu_foam_trial_5,30C,pu_foam,5,42.49705872175155,312.01239013671875
A_not_baseline_centered,P_delta_dP,12,30C__pu_foam_trial_6,30C,pu_foam,6,42.49705872175155,132.2146453857422
A_not_baseline_centered,P_delta_dP,12,40C__pu_foam_trial_1,40C,pu_foam,1,42.49705872175155,91.32727559407552
A_not_baseline_centered,P_delta_dP,12,40C__pu_foam_trial_2,40C,pu_foam,2,42.49705872175155,133.76962280273438
A_not_baseline_centered,P_delta_dP,12,40C__pu_foam_trial_3,40C,pu_foam,3,42.49705872175155,155.7296396891276
A_not_baseline_centered,P_delta_dP,12,40C__pu_foam_trial_4,40C,pu_foam,4,42.49705872175155,85.16920979817708
A_not_baseline_centered,P_delta_dP,12,40C__pu_foam_trial_5,40C,pu_foam,5,42.49705872175155,48.284253438313804
A_not_baseline_centered,P_delta_dP,12,40C__pu_foam_trial_6,40C,pu_foam,6,42.49705872175155,77.86383310953777
A_not_baseline_centered,P_delta_dP,12,50C__pu_foam_trial_1,50C,pu_foam,1,42.49705872175155,69.64737955729167
A_not_baseline_centered,P_delta_dP,12,50C__pu_foam_trial_2,50C,pu_foam,2,42.49705872175155,63.94097773234049
A_not_baseline_centered,P_delta_dP,12,50C__pu_foam_trial_3,50C,pu_foam,3,42.49705872175155,94.28833770751953
A_not_baseline_centered,P_delta_dP,12,50C__pu_foam_trial_4,50C,pu_foam,4,42.49705872175155,71.41744995117188
A_not_baseline_centered,P_delta_dP,12,50C__pu_foam_trial_5,50C,pu_foam,5,42.49705872175155,97.9214096069336
A_not_baseline_centered,P_delta_dP,12,50C__pu_foam_trial_6,50C,pu_foam,6,42.49705872175155,49.34274164835612
A_not_baseline_centered,P_delta_dP,12,60C__pu_foam_trial_1,60C,pu_foam,1,42.49705872175155,221.9653116861979
A_not_baseline_centered,P_delta_dP,12,60C__pu_foam_trial_2,60C,pu_foam,2,42.49705872175155,1107.7928263346355
A_not_baseline_centered,P_delta_dP,12,60C__pu_foam_trial_3,60C,pu_foam,3,42.49705872175155,299.2955830891927
A_not_baseline_centered,P_delta_dP,12,60C__pu_foam_trial_4,60C,pu_foam,4,42.49705872175155,183.77183532714844
A_not_baseline_centered,P_delta_dP,12,60C__pu_foam_trial_5,60C,pu_foam,5,42.49705872175155,218.91043090820312
A_not_baseline_centered,P_delta_dP,12,60C__pu_foam_trial_6,60C,pu_foam,6,42.49705872175155,270.93324279785156
A_not_baseline_centered,S_delta_dS,12,30C__pu_foam_trial_1,30C,pu_foam,1,42.49705872175155,110.99400329589844
A_not_baseline_centered,S_delta_dS,12,30C__pu_foam_trial_2,30C,pu_foam,2,42.49705872175155,133.16979217529297
A_not_baseline_centered,S_delta_dS,12,30C__pu_foam_trial_3,30C,pu_foam,3,42.49705872175155,265.89393107096356
A_not_baseline_centered,S_delta_dS,12,30C__pu_foam_trial_4,30C,pu_foam,4,42.49705872175155,235.6947479248047
A_not_baseline_centered,S_delta_dS,12,30C__pu_foam_trial_5,30C,pu_foam,5,42.49705872175155,229.6058095296224
A_not_baseline_centered,S_delta_dS,12,30C__pu_foam_trial_6,30C,pu_foam,6,42.49705872175155,184.200070699056
A_not_baseline_centered,S_delta_dS,12,40C__pu_foam_trial_1,40C,pu_foam,1,42.49705872175155,138.42289225260416
A_not_baseline_centered,S_delta_dS,12,40C__pu_foam_trial_2,40C,pu_foam,2,42.49705872175155,172.10724894205728
A_not_baseline_centered,S_delta_dS,12,40C__pu_foam_trial_3,40C,pu_foam,3,42.49705872175155,189.09762573242188
A_not_baseline_centered,S_delta_dS,12,40C__pu_foam_trial_4,40C,pu_foam,4,42.49705872175155,108.4058125813802
A_not_baseline_centered,S_delta_dS,12,40C__pu_foam_trial_5,40C,pu_foam,5,42.49705872175155,49.04057057698568
A_not_baseline_centered,S_delta_dS,12,40C__pu_foam_trial_6,40C,pu_foam,6,42.49705872175155,94.11622111002605
A_not_baseline_centered,S_delta_dS,12,50C__pu_foam_trial_1,50C,pu_foam,1,42.49705872175155,132.60909271240234
A_not_baseline_centered,S_delta_dS,12,50C__pu_foam_trial_2,50C,pu_foam,2,42.49705872175155,86.62838617960612
A_not_baseline_centered,S_delta_dS,12,50C__pu_foam_trial_3,50C,pu_foam,3,42.49705872175155,149.6179402669271
A_not_baseline_centered,S_delta_dS,12,50C__pu_foam_trial_4,50C,pu_foam,4,42.49705872175155,47.108743031819664
A_not_baseline_centered,S_delta_dS,12,50C__pu_foam_trial_5,50C,pu_foam,5,42.49705872175155,45.93950271606445
A_not_baseline_centered,S_delta_dS,12,50C__pu_foam_trial_6,50C,pu_foam,6,42.49705872175155,39.3487917582194
A_not_baseline_centered,S_delta_dS,12,60C__pu_foam_trial_1,60C,pu_foam,1,42.49705872175155,172.06026204427084
A_not_baseline_centered,S_delta_dS,12,60C__pu_foam_trial_2,60C,pu_foam,2,42.49705872175155,339.4097544352214
A_not_baseline_centered,S_delta_dS,12,60C__pu_foam_trial_3,60C,pu_foam,3,42.49705872175155,307.6939239501953
A_not_baseline_centered,S_delta_dS,12,60C__pu_foam_trial_4,60C,pu_foam,4,42.49705872175155,203.22950744628906
A_not_baseline_centered,S_delta_dS,12,60C__pu_foam_trial_5,60C,pu_foam,5,42.49705872175155,202.54806518554688
A_not_baseline_centered,S_delta_dS,12,60C__pu_foam_trial_6,60C,pu_foam,6,42.49705872175155,197.16058349609375
A_not_baseline_centered,P_dP,12,30C__pu_foam_trial_1,30C,pu_foam,1,42.49705872175155,111.10046895345052
A_not_baseline_centered,P_dP,12,30C__pu_foam_trial_2,30C,pu_foam,2,42.49705872175155,255.66934712727866
A_not_baseline_centered,P_dP,12,30C__pu_foam_trial_3,30C,pu_foam,3,42.49705872175155,296.1058654785156
A_not_baseline_centered,P_dP,12,30C__pu_foam_trial_4,30C,pu_foam,4,42.49705872175155,200.18208821614584
A_not_baseline_centered,P_dP,12,30C__pu_foam_trial_5,30C,pu_foam,5,42.49705872175155,327.7007548014323
A_not_baseline_centered,P_dP,12,30C__pu_foam_trial_6,30C,pu_foam,6,42.49705872175155,147.57382456461588
A_not_baseline_centered,P_dP,12,40C__pu_foam_trial_1,40C,pu_foam,1,42.49705872175155,88.77040100097656
A_not_baseline_centered,P_dP,12,40C__pu_foam_trial_2,40C,pu_foam,2,42.49705872175155,118.41214243570964
A_not_baseline_centered,P_dP,12,40C__pu_foam_trial_3,40C,pu_foam,3,42.49705872175155,185.71391805013022
A_not_baseline_centered,P_dP,12,40C__pu_foam_trial_4,40C,pu_foam,4,42.49705872175155,81.50589497884114
A_not_baseline_centered,P_dP,12,40C__pu_foam_trial_5,40C,pu_foam,5,42.49705872175155,48.294010162353516
A_not_baseline_centered,P_dP,12,40C__pu_foam_trial_6,40C,pu_foam,6,42.49705872175155,56.3252207438151
A_not_baseline_centered,P_dP,12,50C__pu_foam_trial_1,50C,pu_foam,1,42.49705872175155,49.07805506388346
A_not_baseline_centered,P_dP,12,50C__pu_foam_trial_2,50C,pu_foam,2,42.49705872175155,49.40284220377604
A_not_baseline_centered,P_dP,12,50C__pu_foam_trial_3,50C,pu_foam,3,42.49705872175155,83.9262186686198
A_not_baseline_centered,P_dP,12,50C__pu_foam_trial_4,50C,pu_foam,4,42.49705872175155,84.26334889729817
A_not_baseline_centered,P_dP,12,50C__pu_foam_trial_5,50C,pu_foam,5,42.49705872175155,93.73287582397461
A_not_baseline_centered,P_dP,12,50C__pu_foam_trial_6,50C,pu_foam,6,42.49705872175155,63.551761627197266
A_not_baseline_centered,P_dP,12,60C__pu_foam_trial_1,60C,pu_foam,1,42.49705872175155,200.17627970377603
A_not_baseline_centered,P_dP,12,60C__pu_foam_trial_2,60C,pu_foam,2,42.49705872175155,1149.013448079427
A_not_baseline_centered,P_dP,12,60C__pu_foam_trial_3,60C,pu_foam,3,42.49705872175155,556.4820251464844
A_not_baseline_centered,P_dP,12,60C__pu_foam_trial_4,60C,pu_foam,4,42.49705872175155,186.81595865885416
A_not_baseline_centered,P_dP,12,60C__pu_foam_trial_5,60C,pu_foam,5,42.49705872175155,404.71910603841144
A_not_baseline_centered,P_dP,12,60C__pu_foam_trial_6,60C,pu_foam,6,42.49705872175155,462.92746988932294
A_not_baseline_centered,S_dS,12,30C__pu_foam_trial_1,30C,pu_foam,1,42.49705872175155,125.15399169921875
A_not_baseline_centered,S_dS,12,30C__pu_foam_trial_2,30C,pu_foam,2,42.49705872175155,91.92378997802734
A_not_baseline_centered,S_dS,12,30C__pu_foam_trial_3,30C,pu_foam,3,42.49705872175155,102.14325714111328
A_not_baseline_centered,S_dS,12,30C__pu_foam_trial_4,30C,pu_foam,4,42.49705872175155,119.97667185465495
A_not_baseline_centered,S_dS,12,30C__pu_foam_trial_5,30C,pu_foam,5,42.49705872175155,195.10765075683594
A_not_baseline_centered,S_dS,12,30C__pu_foam_trial_6,30C,pu_foam,6,42.49705872175155,94.64573415120442
A_not_baseline_centered,S_dS,12,40C__pu_foam_trial_1,40C,pu_foam,1,42.49705872175155,164.8462117513021
A_not_baseline_centered,S_dS,12,40C__pu_foam_trial_2,40C,pu_foam,2,42.49705872175155,162.02399190266928
A_not_baseline_centered,S_dS,12,40C__pu_foam_trial_3,40C,pu_foam,3,42.49705872175155,226.19330851236978
A_not_baseline_centered,S_dS,12,40C__pu_foam_trial_4,40C,pu_foam,4,42.49705872175155,108.17601776123047
A_not_baseline_centered,S_dS,12,40C__pu_foam_trial_5,40C,pu_foam,5,42.49705872175155,75.32826868693034
A_not_baseline_centered,S_dS,12,40C__pu_foam_trial_6,40C,pu_foam,6,42.49705872175155,84.73253885904948
A_not_baseline_centered,S_dS,12,50C__pu_foam_trial_1,50C,pu_foam,1,42.49705872175155,305.2992757161458
A_not_baseline_centered,S_dS,12,50C__pu_foam_trial_2,50C,pu_foam,2,42.49705872175155,121.09806060791016
A_not_baseline_centered,S_dS,12,50C__pu_foam_trial_3,50C,pu_foam,3,42.49705872175155,165.16785176595053
A_not_baseline_centered,S_dS,12,50C__pu_foam_trial_4,50C,pu_foam,4,42.49705872175155,53.27103932698568
A_not_baseline_centered,S_dS,12,50C__pu_foam_trial_5,50C,pu_foam,5,42.49705872175155,64.09060923258464
A_not_baseline_centered,S_dS,12,50C__pu_foam_trial_6,50C,pu_foam,6,42.49705872175155,43.803473154703774
A_not_baseline_centered,S_dS,12,60C__pu_foam_trial_1,60C,pu_foam,1,42.49705872175155,137.5207722981771
A_not_baseline_centered,S_dS,12,60C__pu_foam_trial_2,60C,pu_foam,2,42.49705872175155,131.80467224121094
A_not_baseline_centered,S_dS,12,60C__pu_foam_trial_3,60C,pu_foam,3,42.49705872175155,175.23081970214844
A_not_baseline_centered,S_dS,12,60C__pu_foam_trial_4,60C,pu_foam,4,42.49705872175155,130.87232716878256
A_not_baseline_centered,S_dS,12,60C__pu_foam_trial_5,60C,pu_foam,5,42.49705872175155,164.7740224202474
A_not_baseline_centered,S_dS,12,60C__pu_foam_trial_6,60C,pu_foam,6,42.49705872175155,154.38991038004556
A_not_baseline_centered,delta,12,30C__pu_foam_trial_1,30C,pu_foam,1,42.49705872175155,141.30286153157553
A_not_baseline_centered,delta,12,30C__pu_foam_trial_2,30C,pu_foam,2,42.49705872175155,162.2149658203125
A_not_baseline_centered,delta,12,30C__pu_foam_trial_3,30C,pu_foam,3,42.49705872175155,315.2223205566406
A_not_baseline_centered,delta,12,30C__pu_foam_trial_4,30C,pu_foam,4,42.49705872175155,199.78022257486978
A_not_baseline_centered,delta,12,30C__pu_foam_trial_5,30C,pu_foam,5,42.49705872175155,181.18953959147134
A_not_baseline_centered,delta,12,30C__pu_foam_trial_6,30C,pu_foam,6,42.49705872175155,118.08758799235027
A_not_baseline_centered,delta,12,40C__pu_foam_trial_1,40C,pu_foam,1,42.49705872175155,100.6428705851237
A_not_baseline_centered,delta,12,40C__pu_foam_trial_2,40C,pu_foam,2,42.49705872175155,79.08218638102214
A_not_baseline_centered,delta,12,40C__pu_foam_trial_3,40C,pu_foam,3,42.49705872175155,95.9438705444336
A_not_baseline_centered,delta,12,40C__pu_foam_trial_4,40C,pu_foam,4,42.49705872175155,91.69017537434895
A_not_baseline_centered,delta,12,40C__pu_foam_trial_5,40C,pu_foam,5,42.49705872175155,116.28596496582031
A_not_baseline_centered,delta,12,40C__pu_foam_trial_6,40C,pu_foam,6,42.49705872175155,145.01654307047525
A_not_baseline_centered,delta,12,50C__pu_foam_trial_1,50C,pu_foam,1,42.49705872175155,88.38302357991536
A_not_baseline_centered,delta,12,50C__pu_foam_trial_2,50C,pu_foam,2,42.49705872175155,90.43276468912761
A_not_baseline_centered,delta,12,50C__pu_foam_trial_3,50C,pu_foam,3,42.49705872175155,174.13848876953125
A_not_baseline_centered,delta,12,50C__pu_foam_trial_4,50C,pu_foam,4,42.49705872175155,145.32110087076822
A_not_baseline_centered,delta,12,50C__pu_foam_trial_5,50C,pu_foam,5,42.49705872175155,180.6214141845703
A_not_baseline_centered,delta,12,50C__pu_foam_trial_6,50C,pu_foam,6,42.49705872175155,122.802001953125
A_not_baseline_centered,delta,12,60C__pu_foam_trial_1,60C,pu_foam,1,42.49705872175155,286.45107014973956
A_not_baseline_centered,delta,12,60C__pu_foam_trial_2,60C,pu_foam,2,42.49705872175155,862.4337972005209
A_not_baseline_centered,delta,12,60C__pu_foam_trial_3,60C,pu_foam,3,42.49705872175155,388.294677734375
A_not_baseline_centered,delta,12,60C__pu_foam_trial_4,60C,pu_foam,4,42.49705872175155,312.5639241536458
A_not_baseline_centered,delta,12,60C__pu_foam_trial_5,60C,pu_foam,5,42.49705872175155,279.0101623535156
A_not_baseline_centered,delta,12,60C__pu_foam_trial_6,60C,pu_foam,6,42.49705872175155,421.52886962890625
A_not_baseline_centered,P,12,30C__pu_foam_trial_1,30C,pu_foam,1,42.49705872175155,128.06016794840494
A_not_baseline_centered,P,12,30C__pu_foam_trial_2,30C,pu_foam,2,42.49705872175155,204.88252766927084
A_not_baseline_centered,P,12,30C__pu_foam_trial_3,30C,pu_foam,3,42.49705872175155,274.5584665934245
A_not_baseline_centered,P,12,30C__pu_foam_trial_4,30C,pu_foam,4,42.49705872175155,175.6023406982422
A_not_baseline_centered,P,12,30C__pu_foam_trial_5,30C,pu_foam,5,42.49705872175155,266.1341857910156
A_not_baseline_centered,P,12,30C__pu_foam_trial_6,30C,pu_foam,6,42.49705872175155,173.0082244873047
A_not_baseline_centered,P,12,40C__pu_foam_trial_1,40C,pu_foam,1,42.49705872175155,75.23470306396484
A_not_baseline_centered,P,12,40C__pu_foam_trial_2,40C,pu_foam,2,42.49705872175155,89.68825276692708
A_not_baseline_centered,P,12,40C__pu_foam_trial_3,40C,pu_foam,3,42.49705872175155,200.06089782714844
A_not_baseline_centered,P,12,40C__pu_foam_trial_4,40C,pu_foam,4,42.49705872175155,90.26507314046223
A_not_baseline_centered,P,12,40C__pu_foam_trial_5,40C,pu_foam,5,42.49705872175155,56.54153315226237
A_not_baseline_centered,P,12,40C__pu_foam_trial_6,40C,pu_foam,6,42.49705872175155,67.41933822631836
A_not_baseline_centered,P,12,50C__pu_foam_trial_1,50C,pu_foam,1,42.49705872175155,62.005879720052086
A_not_baseline_centered,P,12,50C__pu_foam_trial_2,50C,pu_foam,2,42.49705872175155,43.34729258219401
A_not_baseline_centered,P,12,50C__pu_foam_trial_3,50C,pu_foam,3,42.49705872175155,79.1603406270345
A_not_baseline_centered,P,12,50C__pu_foam_trial_4,50C,pu_foam,4,42.49705872175155,61.405906677246094
A_not_baseline_centered,P,12,50C__pu_foam_trial_5,50C,pu_foam,5,42.49705872175155,66.76844151814778
A_not_baseline_centered,P,12,50C__pu_foam_trial_6,50C,pu_foam,6,42.49705872175155,48.007484436035156
A_not_baseline_centered,P,12,60C__pu_foam_trial_1,60C,pu_foam,1,42.49705872175155,175.37696329752603
A_not_baseline_centered,P,12,60C__pu_foam_trial_2,60C,pu_foam,2,42.49705872175155,3505.9698893229165
A_not_baseline_centered,P,12,60C__pu_foam_trial_3,60C,pu_foam,3,42.49705872175155,449.40334065755206
A_not_baseline_centered,P,12,60C__pu_foam_trial_4,60C,pu_foam,4,42.49705872175155,190.47720845540366
A_not_baseline_centered,P,12,60C__pu_foam_trial_5,60C,pu_foam,5,42.49705872175155,307.0764923095703
A_not_baseline_centered,P,12,60C__pu_foam_trial_6,60C,pu_foam,6,42.49705872175155,312.9434458414714
A_not_baseline_centered,S,12,30C__pu_foam_trial_1,30C,pu_foam,1,42.49705872175155,133.2471720377604
A_not_baseline_centered,S,12,30C__pu_foam_trial_2,30C,pu_foam,2,42.49705872175155,132.18417104085287
A_not_baseline_centered,S,12,30C__pu_foam_trial_3,30C,pu_foam,3,42.49705872175155,98.84666951497395
A_not_baseline_centered,S,12,30C__pu_foam_trial_4,30C,pu_foam,4,42.49705872175155,119.85217539469402
A_not_baseline_centered,S,12,30C__pu_foam_trial_5,30C,pu_foam,5,42.49705872175155,167.28672790527344
A_not_baseline_centered,S,12,30C__pu_foam_trial_6,30C,pu_foam,6,42.49705872175155,94.89749908447266
A_not_baseline_centered,S,12,40C__pu_foam_trial_1,40C,pu_foam,1,42.49705872175155,173.44676208496094
A_not_baseline_centered,S,12,40C__pu_foam_trial_2,40C,pu_foam,2,42.49705872175155,122.25341542561848
A_not_baseline_centered,S,12,40C__pu_foam_trial_3,40C,pu_foam,3,42.49705872175155,216.23363240559897
A_not_baseline_centered,S,12,40C__pu_foam_trial_4,40C,pu_foam,4,42.49705872175155,76.63405863444011
A_not_baseline_centered,S,12,40C__pu_foam_trial_5,40C,pu_foam,5,42.49705872175155,75.84193929036458
A_not_baseline_centered,S,12,40C__pu_foam_trial_6,40C,pu_foam,6,42.49705872175155,83.99381764729817
A_not_baseline_centered,S,12,50C__pu_foam_trial_1,50C,pu_foam,1,42.49705872175155,281.9158121744792
A_not_baseline_centered,S,12,50C__pu_foam_trial_2,50C,pu_foam,2,42.49705872175155,95.26153310139973
A_not_baseline_centered,S,12,50C__pu_foam_trial_3,50C,pu_foam,3,42.49705872175155,340.67298380533856
A_not_baseline_centered,S,12,50C__pu_foam_trial_4,50C,pu_foam,4,42.49705872175155,56.00784047444662
A_not_baseline_centered,S,12,50C__pu_foam_trial_5,50C,pu_foam,5,42.49705872175155,50.84861501057943
A_not_baseline_centered,S,12,50C__pu_foam_trial_6,50C,pu_foam,6,42.49705872175155,43.39537048339844
A_not_baseline_centered,S,12,60C__pu_foam_trial_1,60C,pu_foam,1,42.49705872175155,201.85289001464844
A_not_baseline_centered,S,12,60C__pu_foam_trial_2,60C,pu_foam,2,42.49705872175155,242.28383127848306
A_not_baseline_centered,S,12,60C__pu_foam_trial_3,60C,pu_foam,3,42.49705872175155,220.01866149902344
A_not_baseline_centered,S,12,60C__pu_foam_trial_4,60C,pu_foam,4,42.49705872175155,195.2676035563151
A_not_baseline_centered,S,12,60C__pu_foam_trial_5,60C,pu_foam,5,42.49705872175155,200.51421610514322
A_not_baseline_centered,S,12,60C__pu_foam_trial_6,60C,pu_foam,6,42.49705872175155,152.37999725341797
A_not_baseline_centered,P_S_delta_dP_dS_ddP_ddS,13,30C__titanium_trial_1,30C,titanium,1,7184.0359269702985,9086.9482421875
A_not_baseline_centered,P_S_delta_dP_dS_ddP_ddS,13,30C__titanium_trial_2,30C,titanium,2,7184.0359269702985,11607.548014322916
A_not_baseline_centered,P_S_delta_dP_dS_ddP_ddS,13,30C__titanium_trial_3,30C,titanium,3,7184.0359269702985,9416.475911458334
A_not_baseline_centered,P_S_delta_dP_dS_ddP_ddS,13,30C__titanium_trial_4,30C,titanium,4,7184.0359269702985,5088.154622395833
A_not_baseline_centered,P_S_delta_dP_dS_ddP_ddS,13,30C__titanium_trial_5,30C,titanium,5,7184.0359269702985,5540.47802734375
A_not_baseline_centered,P_S_delta_dP_dS_ddP_ddS,13,30C__titanium_trial_6,30C,titanium,6,7184.0359269702985,4952.385498046875
A_not_baseline_centered,P_S_delta_dP_dS_ddP_ddS,13,40C__titanium_trial_1,40C,titanium,1,7184.0359269702985,21342.981119791668
A_not_baseline_centered,P_S_delta_dP_dS_ddP_ddS,13,40C__titanium_trial_2,40C,titanium,2,7184.0359269702985,18235.66015625
A_not_baseline_centered,P_S_delta_dP_dS_ddP_ddS,13,40C__titanium_trial_3,40C,titanium,3,7184.0359269702985,16862.0224609375
A_not_baseline_centered,P_S_delta_dP_dS_ddP_ddS,13,40C__titanium_trial_4,40C,titanium,4,7184.0359269702985,4264.5709228515625
A_not_baseline_centered,P_S_delta_dP_dS_ddP_ddS,13,40C__titanium_trial_5,40C,titanium,5,7184.0359269702985,12654.055989583334
A_not_baseline_centered,P_S_delta_dP_dS_ddP_ddS,13,40C__titanium_trial_6,40C,titanium,6,7184.0359269702985,19834.439453125
A_not_baseline_centered,P_S_delta_dP_dS_ddP_ddS,13,50C__titanium_trial_1,50C,titanium,1,7184.0359269702985,10499.764485677084
A_not_baseline_centered,P_S_delta_dP_dS_ddP_ddS,13,50C__titanium_trial_2,50C,titanium,2,7184.0359269702985,6631.138346354167
A_not_baseline_centered,P_S_delta_dP_dS_ddP_ddS,13,50C__titanium_trial_3,50C,titanium,3,7184.0359269702985,16474.940755208332
A_not_baseline_centered,P_S_delta_dP_dS_ddP_ddS,13,50C__titanium_trial_4,50C,titanium,4,7184.0359269702985,17711.276692708332
A_not_baseline_centered,P_S_delta_dP_dS_ddP_ddS,13,50C__titanium_trial_5,50C,titanium,5,7184.0359269702985,9482.8095703125
A_not_baseline_centered,P_S_delta_dP_dS_ddP_ddS,13,50C__titanium_trial_6,50C,titanium,6,7184.0359269702985,18347.315104166668
A_not_baseline_centered,P_S_delta_dP_dS_ddP_ddS,13,60C__titanium_trial_1,60C,titanium,1,7184.0359269702985,10977.9267578125
A_not_baseline_centered,P_S_delta_dP_dS_ddP_ddS,13,60C__titanium_trial_2,60C,titanium,2,7184.0359269702985,10158.021484375
A_not_baseline_centered,P_S_delta_dP_dS_ddP_ddS,13,60C__titanium_trial_3,60C,titanium,3,7184.0359269702985,6732.780436197917
A_not_baseline_centered,P_S_delta_dP_dS_ddP_ddS,13,60C__titanium_trial_4,60C,titanium,4,7184.0359269702985,15228.973307291666
A_not_baseline_centered,P_S_delta_dP_dS_ddP_ddS,13,60C__titanium_trial_5,60C,titanium,5,7184.0359269702985,13060.935872395834
A_not_baseline_centered,P_S_delta_dP_dS_ddP_ddS,13,60C__titanium_trial_6,60C,titanium,6,7184.0359269702985,14774.6650390625
A_not_baseline_centered,P_delta_dP,13,30C__titanium_trial_1,30C,titanium,1,7184.0359269702985,8400.42333984375
A_not_baseline_centered,P_delta_dP,13,30C__titanium_trial_2,30C,titanium,2,7184.0359269702985,7722.892578125
A_not_baseline_centered,P_delta_dP,13,30C__titanium_trial_3,30C,titanium,3,7184.0359269702985,8036.2490234375
A_not_baseline_centered,P_delta_dP,13,30C__titanium_trial_4,30C,titanium,4,7184.0359269702985,7047.60302734375
A_not_baseline_centered,P_delta_dP,13,30C__titanium_trial_5,30C,titanium,5,7184.0359269702985,10459.271484375
A_not_baseline_centered,P_delta_dP,13,30C__titanium_trial_6,30C,titanium,6,7184.0359269702985,2674.4458821614585
A_not_baseline_centered,P_delta_dP,13,40C__titanium_trial_1,40C,titanium,1,7184.0359269702985,18989.009765625
A_not_baseline_centered,P_delta_dP,13,40C__titanium_trial_2,40C,titanium,2,7184.0359269702985,21154.268880208332
A_not_baseline_centered,P_delta_dP,13,40C__titanium_trial_3,40C,titanium,3,7184.0359269702985,23022.996744791668
A_not_baseline_centered,P_delta_dP,13,40C__titanium_trial_4,40C,titanium,4,7184.0359269702985,9670.878580729166
A_not_baseline_centered,P_delta_dP,13,40C__titanium_trial_5,40C,titanium,5,7184.0359269702985,14116.082682291666
A_not_baseline_centered,P_delta_dP,13,40C__titanium_trial_6,40C,titanium,6,7184.0359269702985,20965.037760416668
A_not_baseline_centered,P_delta_dP,13,50C__titanium_trial_1,50C,titanium,1,7184.0359269702985,10503.892578125
A_not_baseline_centered,P_delta_dP,13,50C__titanium_trial_2,50C,titanium,2,7184.0359269702985,6602.81591796875
A_not_baseline_centered,P_delta_dP,13,50C__titanium_trial_3,50C,titanium,3,7184.0359269702985,21927.618489583332
A_not_baseline_centered,P_delta_dP,13,50C__titanium_trial_4,50C,titanium,4,7184.0359269702985,19745.802734375
A_not_baseline_centered,P_delta_dP,13,50C__titanium_trial_5,50C,titanium,5,7184.0359269702985,8859.971516927084
A_not_baseline_centered,P_delta_dP,13,50C__titanium_trial_6,50C,titanium,6,7184.0359269702985,17569.8095703125
A_not_baseline_centered,P_delta_dP,13,60C__titanium_trial_1,60C,titanium,1,7184.0359269702985,7967.248209635417
A_not_baseline_centered,P_delta_dP,13,60C__titanium_trial_2,60C,titanium,2,7184.0359269702985,9043.1875
A_not_baseline_centered,P_delta_dP,13,60C__titanium_trial_3,60C,titanium,3,7184.0359269702985,8475.586263020834
A_not_baseline_centered,P_delta_dP,13,60C__titanium_trial_4,60C,titanium,4,7184.0359269702985,14930.441731770834
A_not_baseline_centered,P_delta_dP,13,60C__titanium_trial_5,60C,titanium,5,7184.0359269702985,12227.544921875
A_not_baseline_centered,P_delta_dP,13,60C__titanium_trial_6,60C,titanium,6,7184.0359269702985,12071.812825520834
A_not_baseline_centered,S_delta_dS,13,30C__titanium_trial_1,30C,titanium,1,7184.0359269702985,8369.505045572916
A_not_baseline_centered,S_delta_dS,13,30C__titanium_trial_2,30C,titanium,2,7184.0359269702985,7913.385416666667
A_not_baseline_centered,S_delta_dS,13,30C__titanium_trial_3,30C,titanium,3,7184.0359269702985,7494.0517578125
A_not_baseline_centered,S_delta_dS,13,30C__titanium_trial_4,30C,titanium,4,7184.0359269702985,3758.1509602864585
A_not_baseline_centered,S_delta_dS,13,30C__titanium_trial_5,30C,titanium,5,7184.0359269702985,3126.1566162109375
A_not_baseline_centered,S_delta_dS,13,30C__titanium_trial_6,30C,titanium,6,7184.0359269702985,2836.3715006510415
A_not_baseline_centered,S_delta_dS,13,40C__titanium_trial_1,40C,titanium,1,7184.0359269702985,16346.906575520834
A_not_baseline_centered,S_delta_dS,13,40C__titanium_trial_2,40C,titanium,2,7184.0359269702985,15624.73828125
A_not_baseline_centered,S_delta_dS,13,40C__titanium_trial_3,40C,titanium,3,7184.0359269702985,18014.7216796875
A_not_baseline_centered,S_delta_dS,13,40C__titanium_trial_4,40C,titanium,4,7184.0359269702985,5781.162353515625
A_not_baseline_centered,S_delta_dS,13,40C__titanium_trial_5,40C,titanium,5,7184.0359269702985,8286.674641927084
A_not_baseline_centered,S_delta_dS,13,40C__titanium_trial_6,40C,titanium,6,7184.0359269702985,19541.83203125
A_not_baseline_centered,S_delta_dS,13,50C__titanium_trial_1,50C,titanium,1,7184.0359269702985,3326.1270345052085
A_not_baseline_centered,S_delta_dS,13,50C__titanium_trial_2,50C,titanium,2,7184.0359269702985,3936.2870279947915
A_not_baseline_centered,S_delta_dS,13,50C__titanium_trial_3,50C,titanium,3,7184.0359269702985,23293.822916666668
A_not_baseline_centered,S_delta_dS,13,50C__titanium_trial_4,50C,titanium,4,7184.0359269702985,12095.724609375
A_not_baseline_centered,S_delta_dS,13,50C__titanium_trial_5,50C,titanium,5,7184.0359269702985,14803.549479166666
A_not_baseline_centered,S_delta_dS,13,50C__titanium_trial_6,50C,titanium,6,7184.0359269702985,17268.471354166668
A_not_baseline_centered,S_delta_dS,13,60C__titanium_trial_1,60C,titanium,1,7184.0359269702985,7712.94580078125
A_not_baseline_centered,S_delta_dS,13,60C__titanium_trial_2,60C,titanium,2,7184.0359269702985,11757.202799479166
A_not_baseline_centered,S_delta_dS,13,60C__titanium_trial_3,60C,titanium,3,7184.0359269702985,9272.0283203125
A_not_baseline_centered,S_delta_dS,13,60C__titanium_trial_4,60C,titanium,4,7184.0359269702985,21050.227864583332
A_not_baseline_centered,S_delta_dS,13,60C__titanium_trial_5,60C,titanium,5,7184.0359269702985,16403.625
A_not_baseline_centered,S_delta_dS,13,60C__titanium_trial_6,60C,titanium,6,7184.0359269702985,15202.378255208334
A_not_baseline_centered,P_dP,13,30C__titanium_trial_1,30C,titanium,1,7184.0359269702985,5973.6025390625
A_not_baseline_centered,P_dP,13,30C__titanium_trial_2,30C,titanium,2,7184.0359269702985,3604.9439290364585
A_not_baseline_centered,P_dP,13,30C__titanium_trial_3,30C,titanium,3,7184.0359269702985,9074.63671875
A_not_baseline_centered,P_dP,13,30C__titanium_trial_4,30C,titanium,4,7184.0359269702985,4439.871826171875
A_not_baseline_centered,P_dP,13,30C__titanium_trial_5,30C,titanium,5,7184.0359269702985,16948.952473958332
A_not_baseline_centered,P_dP,13,30C__titanium_trial_6,30C,titanium,6,7184.0359269702985,2378.781453450521
A_not_baseline_centered,P_dP,13,40C__titanium_trial_1,40C,titanium,1,7184.0359269702985,12726.062174479166
A_not_baseline_centered,P_dP,13,40C__titanium_trial_2,40C,titanium,2,7184.0359269702985,11690.141764322916
A_not_baseline_centered,P_dP,13,40C__titanium_trial_3,40C,titanium,3,7184.0359269702985,16209.341796875
A_not_baseline_centered,P_dP,13,40C__titanium_trial_4,40C,titanium,4,7184.0359269702985,14428.579752604166
A_not_baseline_centered,P_dP,13,40C__titanium_trial_5,40C,titanium,5,7184.0359269702985,16162.533854166666
A_not_baseline_centered,P_dP,13,40C__titanium_trial_6,40C,titanium,6,7184.0359269702985,22895.712239583332
A_not_baseline_centered,P_dP,13,50C__titanium_trial_1,50C,titanium,1,7184.0359269702985,13595.0625
A_not_baseline_centered,P_dP,13,50C__titanium_trial_2,50C,titanium,2,7184.0359269702985,6331.222493489583
A_not_baseline_centered,P_dP,13,50C__titanium_trial_3,50C,titanium,3,7184.0359269702985,19152.650390625
A_not_baseline_centered,P_dP,13,50C__titanium_trial_4,50C,titanium,4,7184.0359269702985,17671.906901041668
A_not_baseline_centered,P_dP,13,50C__titanium_trial_5,50C,titanium,5,7184.0359269702985,8451.772298177084
A_not_baseline_centered,P_dP,13,50C__titanium_trial_6,50C,titanium,6,7184.0359269702985,15199.740559895834
A_not_baseline_centered,P_dP,13,60C__titanium_trial_1,60C,titanium,1,7184.0359269702985,9069.902669270834
A_not_baseline_centered,P_dP,13,60C__titanium_trial_2,60C,titanium,2,7184.0359269702985,10052.861653645834
A_not_baseline_centered,P_dP,13,60C__titanium_trial_3,60C,titanium,3,7184.0359269702985,7951.0634765625
A_not_baseline_centered,P_dP,13,60C__titanium_trial_4,60C,titanium,4,7184.0359269702985,13770.0283203125
A_not_baseline_centered,P_dP,13,60C__titanium_trial_5,60C,titanium,5,7184.0359269702985,11277.025065104166
A_not_baseline_centered,P_dP,13,60C__titanium_trial_6,60C,titanium,6,7184.0359269702985,14346.5732421875
A_not_baseline_centered,S_dS,13,30C__titanium_trial_1,30C,titanium,1,7184.0359269702985,4596.944010416667
A_not_baseline_centered,S_dS,13,30C__titanium_trial_2,30C,titanium,2,7184.0359269702985,4891.700602213542
A_not_baseline_centered,S_dS,13,30C__titanium_trial_3,30C,titanium,3,7184.0359269702985,7727.63720703125
A_not_baseline_centered,S_dS,13,30C__titanium_trial_4,30C,titanium,4,7184.0359269702985,6086.259765625
A_not_baseline_centered,S_dS,13,30C__titanium_trial_5,30C,titanium,5,7184.0359269702985,3949.1765950520835
A_not_baseline_centered,S_dS,13,30C__titanium_trial_6,30C,titanium,6,7184.0359269702985,2402.5166015625
A_not_baseline_centered,S_dS,13,40C__titanium_trial_1,40C,titanium,1,7184.0359269702985,17362.752604166668
A_not_baseline_centered,S_dS,13,40C__titanium_trial_2,40C,titanium,2,7184.0359269702985,17561.147135416668
A_not_baseline_centered,S_dS,13,40C__titanium_trial_3,40C,titanium,3,7184.0359269702985,17267.806315104168
A_not_baseline_centered,S_dS,13,40C__titanium_trial_4,40C,titanium,4,7184.0359269702985,3819.5790201822915
A_not_baseline_centered,S_dS,13,40C__titanium_trial_5,40C,titanium,5,7184.0359269702985,9369.7255859375
A_not_baseline_centered,S_dS,13,40C__titanium_trial_6,40C,titanium,6,7184.0359269702985,14118.314778645834
A_not_baseline_centered,S_dS,13,50C__titanium_trial_1,50C,titanium,1,7184.0359269702985,4124.593180338542
A_not_baseline_centered,S_dS,13,50C__titanium_trial_2,50C,titanium,2,7184.0359269702985,3967.2313639322915
A_not_baseline_centered,S_dS,13,50C__titanium_trial_3,50C,titanium,3,7184.0359269702985,20332.985677083332
A_not_baseline_centered,S_dS,13,50C__titanium_trial_4,50C,titanium,4,7184.0359269702985,14274.016927083334
A_not_baseline_centered,S_dS,13,50C__titanium_trial_5,50C,titanium,5,7184.0359269702985,10519.86328125
A_not_baseline_centered,S_dS,13,50C__titanium_trial_6,50C,titanium,6,7184.0359269702985,21306.970703125
A_not_baseline_centered,S_dS,13,60C__titanium_trial_1,60C,titanium,1,7184.0359269702985,12773.695638020834
A_not_baseline_centered,S_dS,13,60C__titanium_trial_2,60C,titanium,2,7184.0359269702985,13721.634440104166
A_not_baseline_centered,S_dS,13,60C__titanium_trial_3,60C,titanium,3,7184.0359269702985,7766.123697916667
A_not_baseline_centered,S_dS,13,60C__titanium_trial_4,60C,titanium,4,7184.0359269702985,22456.190104166668
A_not_baseline_centered,S_dS,13,60C__titanium_trial_5,60C,titanium,5,7184.0359269702985,14741.4345703125
A_not_baseline_centered,S_dS,13,60C__titanium_trial_6,60C,titanium,6,7184.0359269702985,16566.545572916668
A_not_baseline_centered,delta,13,30C__titanium_trial_1,30C,titanium,1,7184.0359269702985,19554.587239583332
A_not_baseline_centered,delta,13,30C__titanium_trial_2,30C,titanium,2,7184.0359269702985,7654.159505208333
A_not_baseline_centered,delta,13,30C__titanium_trial_3,30C,titanium,3,7184.0359269702985,8305.313151041666
A_not_baseline_centered,delta,13,30C__titanium_trial_4,30C,titanium,4,7184.0359269702985,6649.292643229167
A_not_baseline_centered,delta,13,30C__titanium_trial_5,30C,titanium,5,7184.0359269702985,6072.906412760417
A_not_baseline_centered,delta,13,30C__titanium_trial_6,30C,titanium,6,7184.0359269702985,4646.335856119792
A_not_baseline_centered,delta,13,40C__titanium_trial_1,40C,titanium,1,7184.0359269702985,19487.4384765625
A_not_baseline_centered,delta,13,40C__titanium_trial_2,40C,titanium,2,7184.0359269702985,12727.308268229166
A_not_baseline_centered,delta,13,40C__titanium_trial_3,40C,titanium,3,7184.0359269702985,16216.354166666666
A_not_baseline_centered,delta,13,40C__titanium_trial_4,40C,titanium,4,7184.0359269702985,9271.976888020834
A_not_baseline_centered,delta,13,40C__titanium_trial_5,40C,titanium,5,7184.0359269702985,14024.831380208334
A_not_baseline_centered,delta,13,40C__titanium_trial_6,40C,titanium,6,7184.0359269702985,19896.588541666668
A_not_baseline_centered,delta,13,50C__titanium_trial_1,50C,titanium,1,7184.0359269702985,11641.859049479166
A_not_baseline_centered,delta,13,50C__titanium_trial_2,50C,titanium,2,7184.0359269702985,12261.650716145834
A_not_baseline_centered,delta,13,50C__titanium_trial_3,50C,titanium,3,7184.0359269702985,23276.56640625
A_not_baseline_centered,delta,13,50C__titanium_trial_4,50C,titanium,4,7184.0359269702985,14750.166015625
A_not_baseline_centered,delta,13,50C__titanium_trial_5,50C,titanium,5,7184.0359269702985,10751.819661458334
A_not_baseline_centered,delta,13,50C__titanium_trial_6,50C,titanium,6,7184.0359269702985,15772.201171875
A_not_baseline_centered,delta,13,60C__titanium_trial_1,60C,titanium,1,7184.0359269702985,14277.888020833334
A_not_baseline_centered,delta,13,60C__titanium_trial_2,60C,titanium,2,7184.0359269702985,14755.094075520834
A_not_baseline_centered,delta,13,60C__titanium_trial_3,60C,titanium,3,7184.0359269702985,10107.188151041666
A_not_baseline_centered,delta,13,60C__titanium_trial_4,60C,titanium,4,7184.0359269702985,10126.074869791666
A_not_baseline_centered,delta,13,60C__titanium_trial_5,60C,titanium,5,7184.0359269702985,14325.581380208334
A_not_baseline_centered,delta,13,60C__titanium_trial_6,60C,titanium,6,7184.0359269702985,13603.734700520834
A_not_baseline_centered,P,13,30C__titanium_trial_1,30C,titanium,1,7184.0359269702985,4602.28173828125
A_not_baseline_centered,P,13,30C__titanium_trial_2,30C,titanium,2,7184.0359269702985,2195.930908203125
A_not_baseline_centered,P,13,30C__titanium_trial_3,30C,titanium,3,7184.0359269702985,7734.94970703125
A_not_baseline_centered,P,13,30C__titanium_trial_4,30C,titanium,4,7184.0359269702985,5292.969482421875
A_not_baseline_centered,P,13,30C__titanium_trial_5,30C,titanium,5,7184.0359269702985,16884.352864583332
A_not_baseline_centered,P,13,30C__titanium_trial_6,30C,titanium,6,7184.0359269702985,2507.3926595052085
A_not_baseline_centered,P,13,40C__titanium_trial_1,40C,titanium,1,7184.0359269702985,9107.314290364584
A_not_baseline_centered,P,13,40C__titanium_trial_2,40C,titanium,2,7184.0359269702985,9961.30712890625
A_not_baseline_centered,P,13,40C__titanium_trial_3,40C,titanium,3,7184.0359269702985,9685.018717447916
A_not_baseline_centered,P,13,40C__titanium_trial_4,40C,titanium,4,7184.0359269702985,16308.1240234375
A_not_baseline_centered,P,13,40C__titanium_trial_5,40C,titanium,5,7184.0359269702985,11137.0732421875
A_not_baseline_centered,P,13,40C__titanium_trial_6,40C,titanium,6,7184.0359269702985,20594.716145833332
A_not_baseline_centered,P,13,50C__titanium_trial_1,50C,titanium,1,7184.0359269702985,19475.686848958332
A_not_baseline_centered,P,13,50C__titanium_trial_2,50C,titanium,2,7184.0359269702985,9482.80029296875
A_not_baseline_centered,P,13,50C__titanium_trial_3,50C,titanium,3,7184.0359269702985,22138.432291666668
A_not_baseline_centered,P,13,50C__titanium_trial_4,50C,titanium,4,7184.0359269702985,19085.145182291668
A_not_baseline_centered,P,13,50C__titanium_trial_5,50C,titanium,5,7184.0359269702985,8972.36865234375
A_not_baseline_centered,P,13,50C__titanium_trial_6,50C,titanium,6,7184.0359269702985,18172.930989583332
A_not_baseline_centered,P,13,60C__titanium_trial_1,60C,titanium,1,7184.0359269702985,7468.426595052083
A_not_baseline_centered,P,13,60C__titanium_trial_2,60C,titanium,2,7184.0359269702985,6557.923828125
A_not_baseline_centered,P,13,60C__titanium_trial_3,60C,titanium,3,7184.0359269702985,7914.8955078125
A_not_baseline_centered,P,13,60C__titanium_trial_4,60C,titanium,4,7184.0359269702985,21973.339192708332
A_not_baseline_centered,P,13,60C__titanium_trial_5,60C,titanium,5,7184.0359269702985,11512.520182291666
A_not_baseline_centered,P,13,60C__titanium_trial_6,60C,titanium,6,7184.0359269702985,16080.610677083334
A_not_baseline_centered,S,13,30C__titanium_trial_1,30C,titanium,1,7184.0359269702985,4012.457275390625
A_not_baseline_centered,S,13,30C__titanium_trial_2,30C,titanium,2,7184.0359269702985,4275.260498046875
A_not_baseline_centered,S,13,30C__titanium_trial_3,30C,titanium,3,7184.0359269702985,5074.104736328125
A_not_baseline_centered,S,13,30C__titanium_trial_4,30C,titanium,4,7184.0359269702985,3615.9220377604165
A_not_baseline_centered,S,13,30C__titanium_trial_5,30C,titanium,5,7184.0359269702985,2101.7684733072915
A_not_baseline_centered,S,13,30C__titanium_trial_6,30C,titanium,6,7184.0359269702985,2356.3050130208335
A_not_baseline_centered,S,13,40C__titanium_trial_1,40C,titanium,1,7184.0359269702985,18637.356770833332
A_not_baseline_centered,S,13,40C__titanium_trial_2,40C,titanium,2,7184.0359269702985,18368.679036458332
A_not_baseline_centered,S,13,40C__titanium_trial_3,40C,titanium,3,7184.0359269702985,19014.999348958332
A_not_baseline_centered,S,13,40C__titanium_trial_4,40C,titanium,4,7184.0359269702985,9503.769856770834
A_not_baseline_centered,S,13,40C__titanium_trial_5,40C,titanium,5,7184.0359269702985,5601.97216796875
A_not_baseline_centered,S,13,40C__titanium_trial_6,40C,titanium,6,7184.0359269702985,16987.4609375
A_not_baseline_centered,S,13,50C__titanium_trial_1,50C,titanium,1,7184.0359269702985,7935.484212239583
A_not_baseline_centered,S,13,50C__titanium_trial_2,50C,titanium,2,7184.0359269702985,10712.212890625
A_not_baseline_centered,S,13,50C__titanium_trial_3,50C,titanium,3,7184.0359269702985,20372.8583984375
A_not_baseline_centered,S,13,50C__titanium_trial_4,50C,titanium,4,7184.0359269702985,15734.746419270834
A_not_baseline_centered,S,13,50C__titanium_trial_5,50C,titanium,5,7184.0359269702985,9501.4033203125
A_not_baseline_centered,S,13,50C__titanium_trial_6,50C,titanium,6,7184.0359269702985,17552.446614583332
A_not_baseline_centered,S,13,60C__titanium_trial_1,60C,titanium,1,7184.0359269702985,11584.28125
A_not_baseline_centered,S,13,60C__titanium_trial_2,60C,titanium,2,7184.0359269702985,14184.390625
A_not_baseline_centered,S,13,60C__titanium_trial_3,60C,titanium,3,7184.0359269702985,9161.85986328125
A_not_baseline_centered,S,13,60C__titanium_trial_4,60C,titanium,4,7184.0359269702985,20012.310546875
A_not_baseline_centered,S,13,60C__titanium_trial_5,60C,titanium,5,7184.0359269702985,15445.513671875
A_not_baseline_centered,S,13,60C__titanium_trial_6,60C,titanium,6,7184.0359269702985,18016.5302734375
A_not_baseline_centered,P_S_delta_dP_dS_ddP_ddS,14,30C__wood_trial_1,30C,wood,1,422.49260348555214,118.77950541178386
A_not_baseline_centered,P_S_delta_dP_dS_ddP_ddS,14,30C__wood_trial_2,30C,wood,2,422.49260348555214,90.24779891967773
A_not_baseline_centered,P_S_delta_dP_dS_ddP_ddS,14,30C__wood_trial_3,30C,wood,3,422.49260348555214,116.0328140258789
A_not_baseline_centered,P_S_delta_dP_dS_ddP_ddS,14,30C__wood_trial_4,30C,wood,4,422.49260348555214,73.79001490275066
A_not_baseline_centered,P_S_delta_dP_dS_ddP_ddS,14,30C__wood_trial_5,30C,wood,5,422.49260348555214,118.92101033528645
A_not_baseline_centered,P_S_delta_dP_dS_ddP_ddS,14,30C__wood_trial_6,30C,wood,6,422.49260348555214,99.2161356608073
A_not_baseline_centered,P_S_delta_dP_dS_ddP_ddS,14,40C__wood_trial_1,40C,wood,1,422.49260348555214,172.89649454752603
A_not_baseline_centered,P_S_delta_dP_dS_ddP_ddS,14,40C__wood_trial_2,40C,wood,2,422.49260348555214,169.4881846110026
A_not_baseline_centered,P_S_delta_dP_dS_ddP_ddS,14,40C__wood_trial_3,40C,wood,3,422.49260348555214,192.26300048828125
A_not_baseline_centered,P_S_delta_dP_dS_ddP_ddS,14,40C__wood_trial_4,40C,wood,4,422.49260348555214,91.91109466552734
A_not_baseline_centered,P_S_delta_dP_dS_ddP_ddS,14,40C__wood_trial_5,40C,wood,5,422.49260348555214,146.052126566569
A_not_baseline_centered,P_S_delta_dP_dS_ddP_ddS,14,40C__wood_trial_6,40C,wood,6,422.49260348555214,127.24735514322917
A_not_baseline_centered,P_S_delta_dP_dS_ddP_ddS,14,50C__wood_trial_1,50C,wood,1,422.49260348555214,314.088617960612
A_not_baseline_centered,P_S_delta_dP_dS_ddP_ddS,14,50C__wood_trial_2,50C,wood,2,422.49260348555214,225.09253438313803
A_not_baseline_centered,P_S_delta_dP_dS_ddP_ddS,14,50C__wood_trial_3,50C,wood,3,422.49260348555214,239.14726765950522
A_not_baseline_centered,P_S_delta_dP_dS_ddP_ddS,14,50C__wood_trial_4,50C,wood,4,422.49260348555214,263.49530029296875
A_not_baseline_centered,P_S_delta_dP_dS_ddP_ddS,14,50C__wood_trial_5,50C,wood,5,422.49260348555214,264.468989054362
A_not_baseline_centered,P_S_delta_dP_dS_ddP_ddS,14,50C__wood_trial_6,50C,wood,6,422.49260348555214,266.9712270100911
A_not_baseline_centered,P_S_delta_dP_dS_ddP_ddS,14,60C__wood_trial_1,60C,wood,1,422.49260348555214,4509.77783203125
A_not_baseline_centered,P_S_delta_dP_dS_ddP_ddS,14,60C__wood_trial_2,60C,wood,2,422.49260348555214,1438.8597208658855
A_not_baseline_centered,P_S_delta_dP_dS_ddP_ddS,14,60C__wood_trial_3,60C,wood,3,422.49260348555214,1316.1191813151042
A_not_baseline_centered,P_S_delta_dP_dS_ddP_ddS,14,60C__wood_trial_4,60C,wood,4,422.49260348555214,1743.9642130533855
A_not_baseline_centered,P_S_delta_dP_dS_ddP_ddS,14,60C__wood_trial_5,60C,wood,5,422.49260348555214,1958.1381225585938
A_not_baseline_centered,P_S_delta_dP_dS_ddP_ddS,14,60C__wood_trial_6,60C,wood,6,422.49260348555214,1794.2965494791667
A_not_baseline_centered,P_delta_dP,14,30C__wood_trial_1,30C,wood,1,422.49260348555214,142.5237553914388
A_not_baseline_centered,P_delta_dP,14,30C__wood_trial_2,30C,wood,2,422.49260348555214,139.40313466389975
A_not_baseline_centered,P_delta_dP,14,30C__wood_trial_3,30C,wood,3,422.49260348555214,142.9456532796224
A_not_baseline_centered,P_delta_dP,14,30C__wood_trial_4,30C,wood,4,422.49260348555214,85.63272603352864
A_not_baseline_centered,P_delta_dP,14,30C__wood_trial_5,30C,wood,5,422.49260348555214,112.98966725667317
A_not_baseline_centered,P_delta_dP,14,30C__wood_trial_6,30C,wood,6,422.49260348555214,165.63005574544272
A_not_baseline_centered,P_delta_dP,14,40C__wood_trial_1,40C,wood,1,422.49260348555214,222.39872233072916
A_not_baseline_centered,P_delta_dP,14,40C__wood_trial_2,40C,wood,2,422.49260348555214,250.74270629882812
A_not_baseline_centered,P_delta_dP,14,40C__wood_trial_3,40C,wood,3,422.49260348555214,335.04912821451825
A_not_baseline_centered,P_delta_dP,14,40C__wood_trial_4,40C,wood,4,422.49260348555214,107.67269388834636
A_not_baseline_centered,P_delta_dP,14,40C__wood_trial_5,40C,wood,5,422.49260348555214,110.650146484375
A_not_baseline_centered,P_delta_dP,14,40C__wood_trial_6,40C,wood,6,422.49260348555214,101.53233591715495
A_not_baseline_centered,P_delta_dP,14,50C__wood_trial_1,50C,wood,1,422.49260348555214,394.79311116536456
A_not_baseline_centered,P_delta_dP,14,50C__wood_trial_2,50C,wood,2,422.49260348555214,379.05433146158856
A_not_baseline_centered,P_delta_dP,14,50C__wood_trial_3,50C,wood,3,422.49260348555214,357.3967692057292
A_not_baseline_centered,P_delta_dP,14,50C__wood_trial_4,50C,wood,4,422.49260348555214,335.2253723144531
A_not_baseline_centered,P_delta_dP,14,50C__wood_trial_5,50C,wood,5,422.49260348555214,368.96031697591144
A_not_baseline_centered,P_delta_dP,14,50C__wood_trial_6,50C,wood,6,422.49260348555214,353.82738240559894
A_not_baseline_centered,P_delta_dP,14,60C__wood_trial_1,60C,wood,1,422.49260348555214,3886.8374837239585
A_not_baseline_centered,P_delta_dP,14,60C__wood_trial_2,60C,wood,2,422.49260348555214,4383.489013671875
A_not_baseline_centered,P_delta_dP,14,60C__wood_trial_3,60C,wood,3,422.49260348555214,2712.5310872395835
A_not_baseline_centered,P_delta_dP,14,60C__wood_trial_4,60C,wood,4,422.49260348555214,4921.616292317708
A_not_baseline_centered,P_delta_dP,14,60C__wood_trial_5,60C,wood,5,422.49260348555214,2410.9329833984375
A_not_baseline_centered,P_delta_dP,14,60C__wood_trial_6,60C,wood,6,422.49260348555214,2847.1372680664062
A_not_baseline_centered,S_delta_dS,14,30C__wood_trial_1,30C,wood,1,422.49260348555214,141.85834757486978
A_not_baseline_centered,S_delta_dS,14,30C__wood_trial_2,30C,wood,2,422.49260348555214,88.66895548502605
A_not_baseline_centered,S_delta_dS,14,30C__wood_trial_3,30C,wood,3,422.49260348555214,89.34130223592122
A_not_baseline_centered,S_delta_dS,14,30C__wood_trial_4,30C,wood,4,422.49260348555214,59.27743657430013
A_not_baseline_centered,S_delta_dS,14,30C__wood_trial_5,30C,wood,5,422.49260348555214,152.56690979003906
A_not_baseline_centered,S_delta_dS,14,30C__wood_trial_6,30C,wood,6,422.49260348555214,116.48435465494792
A_not_baseline_centered,S_delta_dS,14,40C__wood_trial_1,40C,wood,1,422.49260348555214,137.61507161458334
A_not_baseline_centered,S_delta_dS,14,40C__wood_trial_2,40C,wood,2,422.49260348555214,132.3042475382487
A_not_baseline_centered,S_delta_dS,14,40C__wood_trial_3,40C,wood,3,422.49260348555214,194.24515279134116
A_not_baseline_centered,S_delta_dS,14,40C__wood_trial_4,40C,wood,4,422.49260348555214,112.75414530436198
A_not_baseline_centered,S_delta_dS,14,40C__wood_trial_5,40C,wood,5,422.49260348555214,162.50584920247397
A_not_baseline_centered,S_delta_dS,14,40C__wood_trial_6,40C,wood,6,422.49260348555214,187.61290995279947
A_not_baseline_centered,S_delta_dS,14,50C__wood_trial_1,50C,wood,1,422.49260348555214,252.62836201985678
A_not_baseline_centered,S_delta_dS,14,50C__wood_trial_2,50C,wood,2,422.49260348555214,202.50659688313803
A_not_baseline_centered,S_delta_dS,14,50C__wood_trial_3,50C,wood,3,422.49260348555214,247.1544647216797
A_not_baseline_centered,S_delta_dS,14,50C__wood_trial_4,50C,wood,4,422.49260348555214,163.74061075846353
A_not_baseline_centered,S_delta_dS,14,50C__wood_trial_5,50C,wood,5,422.49260348555214,239.29996744791666
A_not_baseline_centered,S_delta_dS,14,50C__wood_trial_6,50C,wood,6,422.49260348555214,292.5199381510417
A_not_baseline_centered,S_delta_dS,14,60C__wood_trial_1,60C,wood,1,422.49260348555214,2339.2875162760415
A_not_baseline_centered,S_delta_dS,14,60C__wood_trial_2,60C,wood,2,422.49260348555214,2006.1001586914062
A_not_baseline_centered,S_delta_dS,14,60C__wood_trial_3,60C,wood,3,422.49260348555214,1400.1470947265625
A_not_baseline_centered,S_delta_dS,14,60C__wood_trial_4,60C,wood,4,422.49260348555214,1218.3887430826824
A_not_baseline_centered,S_delta_dS,14,60C__wood_trial_5,60C,wood,5,422.49260348555214,1237.815912882487
A_not_baseline_centered,S_delta_dS,14,60C__wood_trial_6,60C,wood,6,422.49260348555214,1059.9413553873699
A_not_baseline_centered,P_dP,14,30C__wood_trial_1,30C,wood,1,422.49260348555214,133.43228912353516
A_not_baseline_centered,P_dP,14,30C__wood_trial_2,30C,wood,2,422.49260348555214,108.12690989176433
A_not_baseline_centered,P_dP,14,30C__wood_trial_3,30C,wood,3,422.49260348555214,108.34932454427083
A_not_baseline_centered,P_dP,14,30C__wood_trial_4,30C,wood,4,422.49260348555214,128.6924082438151
A_not_baseline_centered,P_dP,14,30C__wood_trial_5,30C,wood,5,422.49260348555214,115.96657307942708
A_not_baseline_centered,P_dP,14,30C__wood_trial_6,30C,wood,6,422.49260348555214,178.76085662841797
A_not_baseline_centered,P_dP,14,40C__wood_trial_1,40C,wood,1,422.49260348555214,130.866574605306
A_not_baseline_centered,P_dP,14,40C__wood_trial_2,40C,wood,2,422.49260348555214,112.84529622395833
A_not_baseline_centered,P_dP,14,40C__wood_trial_3,40C,wood,3,422.49260348555214,300.4206237792969
A_not_baseline_centered,P_dP,14,40C__wood_trial_4,40C,wood,4,422.49260348555214,154.31484985351562
A_not_baseline_centered,P_dP,14,40C__wood_trial_5,40C,wood,5,422.49260348555214,133.7064005533854
A_not_baseline_centered,P_dP,14,40C__wood_trial_6,40C,wood,6,422.49260348555214,143.80118306477866
A_not_baseline_centered,P_dP,14,50C__wood_trial_1,50C,wood,1,422.49260348555214,541.3121439615885
A_not_baseline_centered,P_dP,14,50C__wood_trial_2,50C,wood,2,422.49260348555214,366.97967529296875
A_not_baseline_centered,P_dP,14,50C__wood_trial_3,50C,wood,3,422.49260348555214,415.0815022786458
A_not_baseline_centered,P_dP,14,50C__wood_trial_4,50C,wood,4,422.49260348555214,399.3321533203125
A_not_baseline_centered,P_dP,14,50C__wood_trial_5,50C,wood,5,422.49260348555214,456.0166524251302
A_not_baseline_centered,P_dP,14,50C__wood_trial_6,50C,wood,6,422.49260348555214,526.9021199544271
A_not_baseline_centered,P_dP,14,60C__wood_trial_1,60C,wood,1,422.49260348555214,7438.4803466796875
A_not_baseline_centered,P_dP,14,60C__wood_trial_2,60C,wood,2,422.49260348555214,3969.5499674479165
A_not_baseline_centered,P_dP,14,60C__wood_trial_3,60C,wood,3,422.49260348555214,4534.999450683594
A_not_baseline_centered,P_dP,14,60C__wood_trial_4,60C,wood,4,422.49260348555214,5954.042399088542
A_not_baseline_centered,P_dP,14,60C__wood_trial_5,60C,wood,5,422.49260348555214,4259.657063802083
A_not_baseline_centered,P_dP,14,60C__wood_trial_6,60C,wood,6,422.49260348555214,4782.452392578125
A_not_baseline_centered,S_dS,14,30C__wood_trial_1,30C,wood,1,422.49260348555214,90.25533930460612
A_not_baseline_centered,S_dS,14,30C__wood_trial_2,30C,wood,2,422.49260348555214,59.814568837483726
A_not_baseline_centered,S_dS,14,30C__wood_trial_3,30C,wood,3,422.49260348555214,38.949580263823165
A_not_baseline_centered,S_dS,14,30C__wood_trial_4,30C,wood,4,422.49260348555214,49.524245138828896
A_not_baseline_centered,S_dS,14,30C__wood_trial_5,30C,wood,5,422.49260348555214,92.93570454915364
A_not_baseline_centered,S_dS,14,30C__wood_trial_6,30C,wood,6,422.49260348555214,77.78255716959636
A_not_baseline_centered,S_dS,14,40C__wood_trial_1,40C,wood,1,422.49260348555214,192.4525604248047
A_not_baseline_centered,S_dS,14,40C__wood_trial_2,40C,wood,2,422.49260348555214,161.23803202311197
A_not_baseline_centered,S_dS,14,40C__wood_trial_3,40C,wood,3,422.49260348555214,125.91461690266927
A_not_baseline_centered,S_dS,14,40C__wood_trial_4,40C,wood,4,422.49260348555214,106.45502217610677
A_not_baseline_centered,S_dS,14,40C__wood_trial_5,40C,wood,5,422.49260348555214,292.04578653971356
A_not_baseline_centered,S_dS,14,40C__wood_trial_6,40C,wood,6,422.49260348555214,258.5392710367839
A_not_baseline_centered,S_dS,14,50C__wood_trial_1,50C,wood,1,422.49260348555214,250.3989715576172
A_not_baseline_centered,S_dS,14,50C__wood_trial_2,50C,wood,2,422.49260348555214,206.02243041992188
A_not_baseline_centered,S_dS,14,50C__wood_trial_3,50C,wood,3,422.49260348555214,224.4560292561849
A_not_baseline_centered,S_dS,14,50C__wood_trial_4,50C,wood,4,422.49260348555214,175.4351348876953
A_not_baseline_centered,S_dS,14,50C__wood_trial_5,50C,wood,5,422.49260348555214,176.3639704386393
A_not_baseline_centered,S_dS,14,50C__wood_trial_6,50C,wood,6,422.49260348555214,106.55425262451172
A_not_baseline_centered,S_dS,14,60C__wood_trial_1,60C,wood,1,422.49260348555214,1257.290771484375
A_not_baseline_centered,S_dS,14,60C__wood_trial_2,60C,wood,2,422.49260348555214,690.8165079752604
A_not_baseline_centered,S_dS,14,60C__wood_trial_3,60C,wood,3,422.49260348555214,566.1370137532552
A_not_baseline_centered,S_dS,14,60C__wood_trial_4,60C,wood,4,422.49260348555214,539.1325887044271
A_not_baseline_centered,S_dS,14,60C__wood_trial_5,60C,wood,5,422.49260348555214,554.8780314127604
A_not_baseline_centered,S_dS,14,60C__wood_trial_6,60C,wood,6,422.49260348555214,411.8055725097656
A_not_baseline_centered,delta,14,30C__wood_trial_1,30C,wood,1,422.49260348555214,181.12945810953775
A_not_baseline_centered,delta,14,30C__wood_trial_2,30C,wood,2,422.49260348555214,139.7336858113607
A_not_baseline_centered,delta,14,30C__wood_trial_3,30C,wood,3,422.49260348555214,112.69754282633464
A_not_baseline_centered,delta,14,30C__wood_trial_4,30C,wood,4,422.49260348555214,147.06971232096353
A_not_baseline_centered,delta,14,30C__wood_trial_5,30C,wood,5,422.49260348555214,167.66717529296875
A_not_baseline_centered,delta,14,30C__wood_trial_6,30C,wood,6,422.49260348555214,96.59712219238281
A_not_baseline_centered,delta,14,40C__wood_trial_1,40C,wood,1,422.49260348555214,86.1572977701823
A_not_baseline_centered,delta,14,40C__wood_trial_2,40C,wood,2,422.49260348555214,119.33073170979817
A_not_baseline_centered,delta,14,40C__wood_trial_3,40C,wood,3,422.49260348555214,259.67388916015625
A_not_baseline_centered,delta,14,40C__wood_trial_4,40C,wood,4,422.49260348555214,134.23060099283853
A_not_baseline_centered,delta,14,40C__wood_trial_5,40C,wood,5,422.49260348555214,104.5252456665039
A_not_baseline_centered,delta,14,40C__wood_trial_6,40C,wood,6,422.49260348555214,122.93202718098958
A_not_baseline_centered,delta,14,50C__wood_trial_1,50C,wood,1,422.49260348555214,245.2277628580729
A_not_baseline_centered,delta,14,50C__wood_trial_2,50C,wood,2,422.49260348555214,269.58141072591144
A_not_baseline_centered,delta,14,50C__wood_trial_3,50C,wood,3,422.49260348555214,206.67654418945312
A_not_baseline_centered,delta,14,50C__wood_trial_4,50C,wood,4,422.49260348555214,221.4545135498047
A_not_baseline_centered,delta,14,50C__wood_trial_5,50C,wood,5,422.49260348555214,272.43931070963544
A_not_baseline_centered,delta,14,50C__wood_trial_6,50C,wood,6,422.49260348555214,431.0949961344401
A_not_baseline_centered,delta,14,60C__wood_trial_1,60C,wood,1,422.49260348555214,10939.2431640625
A_not_baseline_centered,delta,14,60C__wood_trial_2,60C,wood,2,422.49260348555214,11542.138346354166
A_not_baseline_centered,delta,14,60C__wood_trial_3,60C,wood,3,422.49260348555214,4532.573811848958
A_not_baseline_centered,delta,14,60C__wood_trial_4,60C,wood,4,422.49260348555214,4409.322591145833
A_not_baseline_centered,delta,14,60C__wood_trial_5,60C,wood,5,422.49260348555214,805.6547546386719
A_not_baseline_centered,delta,14,60C__wood_trial_6,60C,wood,6,422.49260348555214,663.109141031901
A_not_baseline_centered,P,14,30C__wood_trial_1,30C,wood,1,422.49260348555214,123.05889638264973
A_not_baseline_centered,P,14,30C__wood_trial_2,30C,wood,2,422.49260348555214,105.14479319254558
A_not_baseline_centered,P,14,30C__wood_trial_3,30C,wood,3,422.49260348555214,128.85611470540366
A_not_baseline_centered,P,14,30C__wood_trial_4,30C,wood,4,422.49260348555214,142.01800537109375
A_not_baseline_centered,P,14,30C__wood_trial_5,30C,wood,5,422.49260348555214,117.88246409098308
A_not_baseline_centered,P,14,30C__wood_trial_6,30C,wood,6,422.49260348555214,103.22934214274089
A_not_baseline_centered,P,14,40C__wood_trial_1,40C,wood,1,422.49260348555214,161.4700927734375
A_not_baseline_centered,P,14,40C__wood_trial_2,40C,wood,2,422.49260348555214,141.26187896728516
A_not_baseline_centered,P,14,40C__wood_trial_3,40C,wood,3,422.49260348555214,251.22444661458334
A_not_baseline_centered,P,14,40C__wood_trial_4,40C,wood,4,422.49260348555214,162.21930948893228
A_not_baseline_centered,P,14,40C__wood_trial_5,40C,wood,5,422.49260348555214,129.56063079833984
A_not_baseline_centered,P,14,40C__wood_trial_6,40C,wood,6,422.49260348555214,126.19942474365234
A_not_baseline_centered,P,14,50C__wood_trial_1,50C,wood,1,422.49260348555214,532.6515706380209
A_not_baseline_centered,P,14,50C__wood_trial_2,50C,wood,2,422.49260348555214,454.6498514811198
A_not_baseline_centered,P,14,50C__wood_trial_3,50C,wood,3,422.49260348555214,465.3963114420573
A_not_baseline_centered,P,14,50C__wood_trial_4,50C,wood,4,422.49260348555214,409.7110595703125
A_not_baseline_centered,P,14,50C__wood_trial_5,50C,wood,5,422.49260348555214,362.8798319498698
A_not_baseline_centered,P,14,50C__wood_trial_6,50C,wood,6,422.49260348555214,430.0638020833333
A_not_baseline_centered,P,14,60C__wood_trial_1,60C,wood,1,422.49260348555214,945.7672526041666
A_not_baseline_centered,P,14,60C__wood_trial_2,60C,wood,2,422.49260348555214,796.2047271728516
A_not_baseline_centered,P,14,60C__wood_trial_3,60C,wood,3,422.49260348555214,1222.261739095052
A_not_baseline_centered,P,14,60C__wood_trial_4,60C,wood,4,422.49260348555214,1042.9464111328125
A_not_baseline_centered,P,14,60C__wood_trial_5,60C,wood,5,422.49260348555214,1013.2009480794271
A_not_baseline_centered,P,14,60C__wood_trial_6,60C,wood,6,422.49260348555214,1212.648701985677
A_not_baseline_centered,S,14,30C__wood_trial_1,30C,wood,1,422.49260348555214,85.03692881266277
A_not_baseline_centered,S,14,30C__wood_trial_2,30C,wood,2,422.49260348555214,57.67767842610677
A_not_baseline_centered,S,14,30C__wood_trial_3,30C,wood,3,422.49260348555214,34.63528481297681
A_not_baseline_centered,S,14,30C__wood_trial_4,30C,wood,4,422.49260348555214,50.631099700927734
A_not_baseline_centered,S,14,30C__wood_trial_5,30C,wood,5,422.49260348555214,66.75366465250652
A_not_baseline_centered,S,14,30C__wood_trial_6,30C,wood,6,422.49260348555214,56.517983754475914
A_not_baseline_centered,S,14,40C__wood_trial_1,40C,wood,1,422.49260348555214,170.54975382486978
A_not_baseline_centered,S,14,40C__wood_trial_2,40C,wood,2,422.49260348555214,141.97825622558594
A_not_baseline_centered,S,14,40C__wood_trial_3,40C,wood,3,422.49260348555214,207.53501892089844
A_not_baseline_centered,S,14,40C__wood_trial_4,40C,wood,4,422.49260348555214,166.0706787109375
A_not_baseline_centered,S,14,40C__wood_trial_5,40C,wood,5,422.49260348555214,289.0538330078125
A_not_baseline_centered,S,14,40C__wood_trial_6,40C,wood,6,422.49260348555214,246.85409037272134
A_not_baseline_centered,S,14,50C__wood_trial_1,50C,wood,1,422.49260348555214,316.08655802408856
A_not_baseline_centered,S,14,50C__wood_trial_2,50C,wood,2,422.49260348555214,261.0458984375
A_not_baseline_centered,S,14,50C__wood_trial_3,50C,wood,3,422.49260348555214,365.56756591796875
A_not_baseline_centered,S,14,50C__wood_trial_4,50C,wood,4,422.49260348555214,177.8309809366862
A_not_baseline_centered,S,14,50C__wood_trial_5,50C,wood,5,422.49260348555214,265.4117024739583
A_not_baseline_centered,S,14,50C__wood_trial_6,50C,wood,6,422.49260348555214,207.58570861816406
A_not_baseline_centered,S,14,60C__wood_trial_1,60C,wood,1,422.49260348555214,598.5384724934896
A_not_baseline_centered,S,14,60C__wood_trial_2,60C,wood,2,422.49260348555214,567.6429239908854
A_not_baseline_centered,S,14,60C__wood_trial_3,60C,wood,3,422.49260348555214,516.5409647623698
A_not_baseline_centered,S,14,60C__wood_trial_4,60C,wood,4,422.49260348555214,439.86582438151044
A_not_baseline_centered,S,14,60C__wood_trial_5,60C,wood,5,422.49260348555214,419.87828572591144
A_not_baseline_centered,S,14,60C__wood_trial_6,60C,wood,6,422.49260348555214,458.59405517578125
A_not_baseline_centered,P_S_delta_dP_dS,1,30C__aluminum_trial_1,30C,aluminum,1,23958.09466547789,10343.705891927084
A_not_baseline_centered,P_S_delta_dP_dS,1,30C__aluminum_trial_2,30C,aluminum,2,23958.09466547789,13043.595377604166
A_not_baseline_centered,P_S_delta_dP_dS,1,30C__aluminum_trial_3,30C,aluminum,3,23958.09466547789,12061.248046875
A_not_baseline_centered,P_S_delta_dP_dS,1,30C__aluminum_trial_4,30C,aluminum,4,23958.09466547789,19815.0595703125
A_not_baseline_centered,P_S_delta_dP_dS,1,30C__aluminum_trial_5,30C,aluminum,5,23958.09466547789,14370.32861328125
A_not_baseline_centered,P_S_delta_dP_dS,1,30C__aluminum_trial_6,30C,aluminum,6,23958.09466547789,19150.656901041668
A_not_baseline_centered,P_S_delta_dP_dS,1,40C__aluminum_trial_1,40C,aluminum,1,23958.09466547789,13945.345052083334
A_not_baseline_centered,P_S_delta_dP_dS,1,40C__aluminum_trial_2,40C,aluminum,2,23958.09466547789,4116.914388020833
A_not_baseline_centered,P_S_delta_dP_dS,1,40C__aluminum_trial_3,40C,aluminum,3,23958.09466547789,22850.2265625
A_not_baseline_centered,P_S_delta_dP_dS,1,40C__aluminum_trial_4,40C,aluminum,4,23958.09466547789,8826.569661458334
A_not_baseline_centered,P_S_delta_dP_dS,1,40C__aluminum_trial_5,40C,aluminum,5,23958.09466547789,11047.580729166666
A_not_baseline_centered,P_S_delta_dP_dS,1,40C__aluminum_trial_6,40C,aluminum,6,23958.09466547789,11637.012044270834
A_not_baseline_centered,P_S_delta_dP_dS,1,50C__aluminum_trial_1,50C,aluminum,1,23958.09466547789,11356.7451171875
A_not_baseline_centered,P_S_delta_dP_dS,1,50C__aluminum_trial_2,50C,aluminum,2,23958.09466547789,8806.9052734375
A_not_baseline_centered,P_S_delta_dP_dS,1,50C__aluminum_trial_3,50C,aluminum,3,23958.09466547789,17287.587239583332
A_not_baseline_centered,P_S_delta_dP_dS,1,50C__aluminum_trial_4,50C,aluminum,4,23958.09466547789,22803.283203125
A_not_baseline_centered,P_S_delta_dP_dS,1,50C__aluminum_trial_5,50C,aluminum,5,23958.09466547789,14011.102864583334
A_not_baseline_centered,P_S_delta_dP_dS,1,50C__aluminum_trial_6,50C,aluminum,6,23958.09466547789,17714.058268229168
A_not_baseline_centered,P_S_delta_dP_dS,1,60C__aluminum_trial_1,60C,aluminum,1,23958.09466547789,14473.3466796875
A_not_baseline_centered,P_S_delta_dP_dS,1,60C__aluminum_trial_2,60C,aluminum,2,23958.09466547789,15498.302083333334
A_not_baseline_centered,P_S_delta_dP_dS,1,60C__aluminum_trial_3,60C,aluminum,3,23958.09466547789,13036.186848958334
A_not_baseline_centered,P_S_delta_dP_dS,1,60C__aluminum_trial_4,60C,aluminum,4,23958.09466547789,15446.5673828125
A_not_baseline_centered,P_S_delta_dP_dS,1,60C__aluminum_trial_5,60C,aluminum,5,23958.09466547789,16211.0830078125
A_not_baseline_centered,P_S_delta_dP_dS,1,60C__aluminum_trial_6,60C,aluminum,6,23958.09466547789,18022.9990234375
A_not_baseline_centered,P_S_delta_dP_dS,2,30C__bismuth_trial_1,30C,bismuth,1,3209.1026783199068,9957.732096354166
A_not_baseline_centered,P_S_delta_dP_dS,2,30C__bismuth_trial_2,30C,bismuth,2,3209.1026783199068,1446.3473510742188
A_not_baseline_centered,P_S_delta_dP_dS,2,30C__bismuth_trial_3,30C,bismuth,3,3209.1026783199068,1470.3921712239583
A_not_baseline_centered,P_S_delta_dP_dS,2,30C__bismuth_trial_4,30C,bismuth,4,3209.1026783199068,6495.6611328125
A_not_baseline_centered,P_S_delta_dP_dS,2,30C__bismuth_trial_5,30C,bismuth,5,3209.1026783199068,6256.478841145833
A_not_baseline_centered,P_S_delta_dP_dS,2,30C__bismuth_trial_6,30C,bismuth,6,3209.1026783199068,10915.740885416666
A_not_baseline_centered,P_S_delta_dP_dS,2,40C__bismuth_trial_1,40C,bismuth,1,3209.1026783199068,13735.299153645834
A_not_baseline_centered,P_S_delta_dP_dS,2,40C__bismuth_trial_2,40C,bismuth,2,3209.1026783199068,14568.33984375
A_not_baseline_centered,P_S_delta_dP_dS,2,40C__bismuth_trial_3,40C,bismuth,3,3209.1026783199068,11340.089192708334
A_not_baseline_centered,P_S_delta_dP_dS,2,40C__bismuth_trial_4,40C,bismuth,4,3209.1026783199068,14558.962239583334
A_not_baseline_centered,P_S_delta_dP_dS,2,40C__bismuth_trial_5,40C,bismuth,5,3209.1026783199068,11092.7109375
A_not_baseline_centered,P_S_delta_dP_dS,2,40C__bismuth_trial_6,40C,bismuth,6,3209.1026783199068,13373.390950520834
A_not_baseline_centered,P_S_delta_dP_dS,2,50C__bismuth_trial_1,50C,bismuth,1,3209.1026783199068,13916.595377604166
A_not_baseline_centered,P_S_delta_dP_dS,2,50C__bismuth_trial_2,50C,bismuth,2,3209.1026783199068,15254.591796875
A_not_baseline_centered,P_S_delta_dP_dS,2,50C__bismuth_trial_3,50C,bismuth,3,3209.1026783199068,11572.769205729166
A_not_baseline_centered,P_S_delta_dP_dS,2,50C__bismuth_trial_4,50C,bismuth,4,3209.1026783199068,13576.228190104166
A_not_baseline_centered,P_S_delta_dP_dS,2,50C__bismuth_trial_5,50C,bismuth,5,3209.1026783199068,13406.363606770834
A_not_baseline_centered,P_S_delta_dP_dS,2,50C__bismuth_trial_6,50C,bismuth,6,3209.1026783199068,15963.405598958334
A_not_baseline_centered,P_S_delta_dP_dS,2,60C__bismuth_trial_1,60C,bismuth,1,3209.1026783199068,13470.601888020834
A_not_baseline_centered,P_S_delta_dP_dS,2,60C__bismuth_trial_2,60C,bismuth,2,3209.1026783199068,13425.708658854166
A_not_baseline_centered,P_S_delta_dP_dS,2,60C__bismuth_trial_3,60C,bismuth,3,3209.1026783199068,12862.491536458334
A_not_baseline_centered,P_S_delta_dP_dS,2,60C__bismuth_trial_4,60C,bismuth,4,3209.1026783199068,14232.012369791666
A_not_baseline_centered,P_S_delta_dP_dS,2,60C__bismuth_trial_5,60C,bismuth,5,3209.1026783199068,11203.326497395834
A_not_baseline_centered,P_S_delta_dP_dS,2,60C__bismuth_trial_6,60C,bismuth,6,3209.1026783199068,13432.906901041666
A_not_baseline_centered,P_S_delta_dP_dS,3,30C__cement_trial_1,30C,cement,1,559.6427431853289,368.7736409505208
A_not_baseline_centered,P_S_delta_dP_dS,3,30C__cement_trial_2,30C,cement,2,559.6427431853289,488.5824279785156
A_not_baseline_centered,P_S_delta_dP_dS,3,30C__cement_trial_3,30C,cement,3,559.6427431853289,274.99192301432294
A_not_baseline_centered,P_S_delta_dP_dS,3,30C__cement_trial_4,30C,cement,4,559.6427431853289,349.626708984375
A_not_baseline_centered,P_S_delta_dP_dS,3,30C__cement_trial_5,30C,cement,5,559.6427431853289,376.87085978190106
A_not_baseline_centered,P_S_delta_dP_dS,3,30C__cement_trial_6,30C,cement,6,559.6427431853289,283.9978535970052
A_not_baseline_centered,P_S_delta_dP_dS,3,40C__cement_trial_1,40C,cement,1,559.6427431853289,547.2089233398438
A_not_baseline_centered,P_S_delta_dP_dS,3,40C__cement_trial_2,40C,cement,2,559.6427431853289,399.1676737467448
A_not_baseline_centered,P_S_delta_dP_dS,3,40C__cement_trial_3,40C,cement,3,559.6427431853289,405.85560099283856
A_not_baseline_centered,P_S_delta_dP_dS,3,40C__cement_trial_4,40C,cement,4,559.6427431853289,1585.6210123697917
A_not_baseline_centered,P_S_delta_dP_dS,3,40C__cement_trial_5,40C,cement,5,559.6427431853289,3826.5748697916665
A_not_baseline_centered,P_S_delta_dP_dS,3,40C__cement_trial_6,40C,cement,6,559.6427431853289,513.1006469726562
A_not_baseline_centered,P_S_delta_dP_dS,3,50C__cement_trial_1,50C,cement,1,559.6427431853289,433.8111267089844
A_not_baseline_centered,P_S_delta_dP_dS,3,50C__cement_trial_2,50C,cement,2,559.6427431853289,404.0745035807292
A_not_baseline_centered,P_S_delta_dP_dS,3,50C__cement_trial_3,50C,cement,3,559.6427431853289,435.59705607096356
A_not_baseline_centered,P_S_delta_dP_dS,3,50C__cement_trial_4,50C,cement,4,559.6427431853289,404.7236735026042
A_not_baseline_centered,P_S_delta_dP_dS,3,50C__cement_trial_5,50C,cement,5,559.6427431853289,458.7538553873698
A_not_baseline_centered,P_S_delta_dP_dS,3,50C__cement_trial_6,50C,cement,6,559.6427431853289,464.1172790527344
A_not_baseline_centered,P_S_delta_dP_dS,3,60C__cement_trial_1,60C,cement,1,559.6427431853289,7947.15673828125
A_not_baseline_centered,P_S_delta_dP_dS,3,60C__cement_trial_2,60C,cement,2,559.6427431853289,4608.328043619792
A_not_baseline_centered,P_S_delta_dP_dS,3,60C__cement_trial_3,60C,cement,3,559.6427431853289,6390.099934895833
A_not_baseline_centered,P_S_delta_dP_dS,3,60C__cement_trial_4,60C,cement,4,559.6427431853289,5162.37255859375
A_not_baseline_centered,P_S_delta_dP_dS,3,60C__cement_trial_5,60C,cement,5,559.6427431853289,5573.501953125
A_not_baseline_centered,P_S_delta_dP_dS,3,60C__cement_trial_6,60C,cement,6,559.6427431853289,3852.618123372396
A_not_baseline_centered,P_S_delta_dP_dS,4,30C__copper_trial_1,30C,copper,1,37192.601414797544,10533.073567708334
A_not_baseline_centered,P_S_delta_dP_dS,4,30C__copper_trial_2,30C,copper,2,37192.601414797544,8263.40869140625
A_not_baseline_centered,P_S_delta_dP_dS,4,30C__copper_trial_3,30C,copper,3,37192.601414797544,13241.123372395834
A_not_baseline_centered,P_S_delta_dP_dS,4,30C__copper_trial_4,30C,copper,4,37192.601414797544,13568.492513020834
A_not_baseline_centered,P_S_delta_dP_dS,4,30C__copper_trial_5,30C,copper,5,37192.601414797544,14779.048177083334
A_not_baseline_centered,P_S_delta_dP_dS,4,30C__copper_trial_6,30C,copper,6,37192.601414797544,11689.207682291666
A_not_baseline_centered,P_S_delta_dP_dS,4,40C__copper_trial_1,40C,copper,1,37192.601414797544,21625.475911458332
A_not_baseline_centered,P_S_delta_dP_dS,4,40C__copper_trial_2,40C,copper,2,37192.601414797544,13256.114908854166
A_not_baseline_centered,P_S_delta_dP_dS,4,40C__copper_trial_3,40C,copper,3,37192.601414797544,8936.589518229166
A_not_baseline_centered,P_S_delta_dP_dS,4,40C__copper_trial_4,40C,copper,4,37192.601414797544,6283.912434895833
A_not_baseline_centered,P_S_delta_dP_dS,4,40C__copper_trial_5,40C,copper,5,37192.601414797544,4821.45751953125
A_not_baseline_centered,P_S_delta_dP_dS,4,40C__copper_trial_6,40C,copper,6,37192.601414797544,6759.318359375
A_not_baseline_centered,P_S_delta_dP_dS,4,50C__copper_trial_1,50C,copper,1,37192.601414797544,8755.27783203125
A_not_baseline_centered,P_S_delta_dP_dS,4,50C__copper_trial_2,50C,copper,2,37192.601414797544,8682.888671875
A_not_baseline_centered,P_S_delta_dP_dS,4,50C__copper_trial_3,50C,copper,3,37192.601414797544,8000.857421875
A_not_baseline_centered,P_S_delta_dP_dS,4,50C__copper_trial_4,50C,copper,4,37192.601414797544,14470.585286458334
A_not_baseline_centered,P_S_delta_dP_dS,4,50C__copper_trial_5,50C,copper,5,37192.601414797544,9958.368815104166
A_not_baseline_centered,P_S_delta_dP_dS,4,50C__copper_trial_6,50C,copper,6,37192.601414797544,14478.419596354166
A_not_baseline_centered,P_S_delta_dP_dS,4,60C__copper_trial_1,60C,copper,1,37192.601414797544,18355.518880208332
A_not_baseline_centered,P_S_delta_dP_dS,4,60C__copper_trial_2,60C,copper,2,37192.601414797544,19251.650390625
A_not_baseline_centered,P_S_delta_dP_dS,4,60C__copper_trial_3,60C,copper,3,37192.601414797544,16263.114908854166
A_not_baseline_centered,P_S_delta_dP_dS,4,60C__copper_trial_4,60C,copper,4,37192.601414797544,15873.71484375
A_not_baseline_centered,P_S_delta_dP_dS,4,60C__copper_trial_5,60C,copper,5,37192.601414797544,13773.659505208334
A_not_baseline_centered,P_S_delta_dP_dS,4,60C__copper_trial_6,60C,copper,6,37192.601414797544,15308.037760416666
A_not_baseline_centered,P_S_delta_dP_dS,5,30C__cork_trial_1,30C,cork,1,136.29380029920657,253.80593872070312
A_not_baseline_centered,P_S_delta_dP_dS,5,30C__cork_trial_2,30C,cork,2,136.29380029920657,82.77566655476888
A_not_baseline_centered,P_S_delta_dP_dS,5,30C__cork_trial_3,30C,cork,3,136.29380029920657,95.1799799601237
A_not_baseline_centered,P_S_delta_dP_dS,5,30C__cork_trial_4,30C,cork,4,136.29380029920657,59.94348653157552
A_not_baseline_centered,P_S_delta_dP_dS,5,30C__cork_trial_5,30C,cork,5,136.29380029920657,100.20837148030598
A_not_baseline_centered,P_S_delta_dP_dS,5,30C__cork_trial_6,30C,cork,6,136.29380029920657,97.0740483601888
A_not_baseline_centered,P_S_delta_dP_dS,5,40C__cork_trial_1,40C,cork,1,136.29380029920657,96.39124298095703
A_not_baseline_centered,P_S_delta_dP_dS,5,40C__cork_trial_2,40C,cork,2,136.29380029920657,166.46883646647134
A_not_baseline_centered,P_S_delta_dP_dS,5,40C__cork_trial_3,40C,cork,3,136.29380029920657,112.78207143147786
A_not_baseline_centered,P_S_delta_dP_dS,5,40C__cork_trial_4,40C,cork,4,136.29380029920657,71.79772059122722
A_not_baseline_centered,P_S_delta_dP_dS,5,40C__cork_trial_5,40C,cork,5,136.29380029920657,48.30650329589844
A_not_baseline_centered,P_S_delta_dP_dS,5,40C__cork_trial_6,40C,cork,6,136.29380029920657,37.98644784675533
A_not_baseline_centered,P_S_delta_dP_dS,5,50C__cork_trial_1,50C,cork,1,136.29380029920657,370.0047912597656
A_not_baseline_centered,P_S_delta_dP_dS,5,50C__cork_trial_2,50C,cork,2,136.29380029920657,343.96482340494794
A_not_baseline_centered,P_S_delta_dP_dS,5,50C__cork_trial_3,50C,cork,3,136.29380029920657,255.83822631835938
A_not_baseline_centered,P_S_delta_dP_dS,5,50C__cork_trial_4,50C,cork,4,136.29380029920657,220.42024739583334
A_not_baseline_centered,P_S_delta_dP_dS,5,50C__cork_trial_5,50C,cork,5,136.29380029920657,297.0741780598958
A_not_baseline_centered,P_S_delta_dP_dS,5,50C__cork_trial_6,50C,cork,6,136.29380029920657,209.8358357747396
A_not_baseline_centered,P_S_delta_dP_dS,5,60C__cork_trial_1,60C,cork,1,136.29380029920657,283.19629923502606
A_not_baseline_centered,P_S_delta_dP_dS,5,60C__cork_trial_2,60C,cork,2,136.29380029920657,324.47905985514325
A_not_baseline_centered,P_S_delta_dP_dS,5,60C__cork_trial_3,60C,cork,3,136.29380029920657,252.25599161783853
A_not_baseline_centered,P_S_delta_dP_dS,5,60C__cork_trial_4,60C,cork,4,136.29380029920657,246.11524963378906
A_not_baseline_centered,P_S_delta_dP_dS,5,60C__cork_trial_5,60C,cork,5,136.29380029920657,300.9182535807292
A_not_baseline_centered,P_S_delta_dP_dS,5,60C__cork_trial_6,60C,cork,6,136.29380029920657,317.46288045247394
A_not_baseline_centered,P_S_delta_dP_dS,6,30C__graphite_trial_1,30C,graphite,1,11367.497525840945,20616.405598958332
A_not_baseline_centered,P_S_delta_dP_dS,6,30C__graphite_trial_2,30C,graphite,2,11367.497525840945,11045.351725260416
A_not_baseline_centered,P_S_delta_dP_dS,6,30C__graphite_trial_3,30C,graphite,3,11367.497525840945,3687.3493855794272
A_not_baseline_centered,P_S_delta_dP_dS,6,30C__graphite_trial_4,30C,graphite,4,11367.497525840945,13433.367513020834
A_not_baseline_centered,P_S_delta_dP_dS,6,30C__graphite_trial_5,30C,graphite,5,11367.497525840945,21336.725260416668
A_not_baseline_centered,P_S_delta_dP_dS,6,30C__graphite_trial_6,30C,graphite,6,11367.497525840945,15376.9287109375
A_not_baseline_centered,P_S_delta_dP_dS,6,40C__graphite_trial_1,40C,graphite,1,11367.497525840945,6248.2607421875
A_not_baseline_centered,P_S_delta_dP_dS,6,40C__graphite_trial_2,40C,graphite,2,11367.497525840945,7099.888590494792
A_not_baseline_centered,P_S_delta_dP_dS,6,40C__graphite_trial_3,40C,graphite,3,11367.497525840945,11187.1259765625
A_not_baseline_centered,P_S_delta_dP_dS,6,40C__graphite_trial_4,40C,graphite,4,11367.497525840945,5561.948649088542
A_not_baseline_centered,P_S_delta_dP_dS,6,40C__graphite_trial_5,40C,graphite,5,11367.497525840945,2795.5868326822915
A_not_baseline_centered,P_S_delta_dP_dS,6,40C__graphite_trial_6,40C,graphite,6,11367.497525840945,6250.945475260417
A_not_baseline_centered,P_S_delta_dP_dS,6,50C__graphite_trial_1,50C,graphite,1,11367.497525840945,13249.858723958334
A_not_baseline_centered,P_S_delta_dP_dS,6,50C__graphite_trial_2,50C,graphite,2,11367.497525840945,9815.619710286459
A_not_baseline_centered,P_S_delta_dP_dS,6,50C__graphite_trial_3,50C,graphite,3,11367.497525840945,10944.571126302084
A_not_baseline_centered,P_S_delta_dP_dS,6,50C__graphite_trial_4,50C,graphite,4,11367.497525840945,13699.412109375
A_not_baseline_centered,P_S_delta_dP_dS,6,50C__graphite_trial_5,50C,graphite,5,11367.497525840945,6875.7236328125
A_not_baseline_centered,P_S_delta_dP_dS,6,50C__graphite_trial_6,50C,graphite,6,11367.497525840945,12682.342447916666
A_not_baseline_centered,P_S_delta_dP_dS,6,60C__graphite_trial_1,60C,graphite,1,11367.497525840945,7152.194010416667
A_not_baseline_centered,P_S_delta_dP_dS,6,60C__graphite_trial_2,60C,graphite,2,11367.497525840945,10651.636555989584
A_not_baseline_centered,P_S_delta_dP_dS,6,60C__graphite_trial_3,60C,graphite,3,11367.497525840945,11869.0078125
A_not_baseline_centered,P_S_delta_dP_dS,6,60C__graphite_trial_4,60C,graphite,4,11367.497525840945,9338.836263020834
A_not_baseline_centered,P_S_delta_dP_dS,6,60C__graphite_trial_5,60C,graphite,5,11367.497525840945,13203.853515625
A_not_baseline_centered,P_S_delta_dP_dS,6,60C__graphite_trial_6,60C,graphite,6,11367.497525840945,9114.59326171875
A_not_baseline_centered,P_S_delta_dP_dS,7,30C__gypsum_trial_1,30C,gypsum,1,385.01948002666046,198.7474619547526
A_not_baseline_centered,P_S_delta_dP_dS,7,30C__gypsum_trial_2,30C,gypsum,2,385.01948002666046,258.34742228190106
A_not_baseline_centered,P_S_delta_dP_dS,7,30C__gypsum_trial_3,30C,gypsum,3,385.01948002666046,334.51751708984375
A_not_baseline_centered,P_S_delta_dP_dS,7,30C__gypsum_trial_4,30C,gypsum,4,385.01948002666046,159.02886199951172
A_not_baseline_centered,P_S_delta_dP_dS,7,30C__gypsum_trial_5,30C,gypsum,5,385.01948002666046,173.9144541422526
A_not_baseline_centered,P_S_delta_dP_dS,7,30C__gypsum_trial_6,30C,gypsum,6,385.01948002666046,229.6525624593099
A_not_baseline_centered,P_S_delta_dP_dS,7,40C__gypsum_trial_1,40C,gypsum,1,385.01948002666046,249.45643107096353
A_not_baseline_centered,P_S_delta_dP_dS,7,40C__gypsum_trial_2,40C,gypsum,2,385.01948002666046,183.10680135091147
A_not_baseline_centered,P_S_delta_dP_dS,7,40C__gypsum_trial_3,40C,gypsum,3,385.01948002666046,272.7056020100911
A_not_baseline_centered,P_S_delta_dP_dS,7,40C__gypsum_trial_4,40C,gypsum,4,385.01948002666046,328.8029530843099
A_not_baseline_centered,P_S_delta_dP_dS,7,40C__gypsum_trial_5,40C,gypsum,5,385.01948002666046,366.3148549397786
A_not_baseline_centered,P_S_delta_dP_dS,7,40C__gypsum_trial_6,40C,gypsum,6,385.01948002666046,564.1125691731771
A_not_baseline_centered,P_S_delta_dP_dS,7,50C__gypsum_trial_1,50C,gypsum,1,385.01948002666046,532.7816975911459
A_not_baseline_centered,P_S_delta_dP_dS,7,50C__gypsum_trial_2,50C,gypsum,2,385.01948002666046,493.77907307942706
A_not_baseline_centered,P_S_delta_dP_dS,7,50C__gypsum_trial_3,50C,gypsum,3,385.01948002666046,533.150146484375
A_not_baseline_centered,P_S_delta_dP_dS,7,50C__gypsum_trial_4,50C,gypsum,4,385.01948002666046,579.9047444661459
A_not_baseline_centered,P_S_delta_dP_dS,7,50C__gypsum_trial_5,50C,gypsum,5,385.01948002666046,835.1331380208334
A_not_baseline_centered,P_S_delta_dP_dS,7,50C__gypsum_trial_6,50C,gypsum,6,385.01948002666046,543.0719706217448
A_not_baseline_centered,P_S_delta_dP_dS,7,60C__gypsum_trial_1,60C,gypsum,1,385.01948002666046,7994.06396484375
A_not_baseline_centered,P_S_delta_dP_dS,7,60C__gypsum_trial_2,60C,gypsum,2,385.01948002666046,3277.06884765625
A_not_baseline_centered,P_S_delta_dP_dS,7,60C__gypsum_trial_3,60C,gypsum,3,385.01948002666046,6560.287841796875
A_not_baseline_centered,P_S_delta_dP_dS,7,60C__gypsum_trial_4,60C,gypsum,4,385.01948002666046,7664.222493489583
A_not_baseline_centered,P_S_delta_dP_dS,7,60C__gypsum_trial_5,60C,gypsum,5,385.01948002666046,7417.630208333333
A_not_baseline_centered,P_S_delta_dP_dS,7,60C__gypsum_trial_6,60C,gypsum,6,385.01948002666046,8980.68994140625
A_not_baseline_centered,P_S_delta_dP_dS,8,30C__iron_trial_1,30C,iron,1,16859.663413010356,17889.8994140625
A_not_baseline_centered,P_S_delta_dP_dS,8,30C__iron_trial_2,30C,iron,2,16859.663413010356,23308.231770833332
A_not_baseline_centered,P_S_delta_dP_dS,8,30C__iron_trial_3,30C,iron,3,16859.663413010356,22238.259765625
A_not_baseline_centered,P_S_delta_dP_dS,8,30C__iron_trial_4,30C,iron,4,16859.663413010356,20344.137369791668
A_not_baseline_centered,P_S_delta_dP_dS,8,30C__iron_trial_5,30C,iron,5,16859.663413010356,15436.388997395834
A_not_baseline_centered,P_S_delta_dP_dS,8,30C__iron_trial_6,30C,iron,6,16859.663413010356,20839.87890625
A_not_baseline_centered,P_S_delta_dP_dS,8,40C__iron_trial_1,40C,iron,1,16859.663413010356,13644.861002604166
A_not_baseline_centered,P_S_delta_dP_dS,8,40C__iron_trial_2,40C,iron,2,16859.663413010356,15566.522786458334
A_not_baseline_centered,P_S_delta_dP_dS,8,40C__iron_trial_3,40C,iron,3,16859.663413010356,20540.376627604168
A_not_baseline_centered,P_S_delta_dP_dS,8,40C__iron_trial_4,40C,iron,4,16859.663413010356,7487.273111979167
A_not_baseline_centered,P_S_delta_dP_dS,8,40C__iron_trial_5,40C,iron,5,16859.663413010356,16554.578450520832
A_not_baseline_centered,P_S_delta_dP_dS,8,40C__iron_trial_6,40C,iron,6,16859.663413010356,17162.698567708332
A_not_baseline_centered,P_S_delta_dP_dS,8,50C__iron_trial_1,50C,iron,1,16859.663413010356,13463.9169921875
A_not_baseline_centered,P_S_delta_dP_dS,8,50C__iron_trial_2,50C,iron,2,16859.663413010356,16124.488932291666
A_not_baseline_centered,P_S_delta_dP_dS,8,50C__iron_trial_3,50C,iron,3,16859.663413010356,14782.332356770834
A_not_baseline_centered,P_S_delta_dP_dS,8,50C__iron_trial_4,50C,iron,4,16859.663413010356,19508.813151041668
A_not_baseline_centered,P_S_delta_dP_dS,8,50C__iron_trial_5,50C,iron,5,16859.663413010356,17355.785807291668
A_not_baseline_centered,P_S_delta_dP_dS,8,50C__iron_trial_6,50C,iron,6,16859.663413010356,26346.378255208332
A_not_baseline_centered,P_S_delta_dP_dS,8,60C__iron_trial_1,60C,iron,1,16859.663413010356,26710.244791666668
A_not_baseline_centered,P_S_delta_dP_dS,8,60C__iron_trial_2,60C,iron,2,16859.663413010356,28093.067708333332
A_not_baseline_centered,P_S_delta_dP_dS,8,60C__iron_trial_3,60C,iron,3,16859.663413010356,19101.536458333332
A_not_baseline_centered,P_S_delta_dP_dS,8,60C__iron_trial_4,60C,iron,4,16859.663413010356,13880.586588541666
A_not_baseline_centered,P_S_delta_dP_dS,8,60C__iron_trial_5,60C,iron,5,16859.663413010356,18339.522135416668
A_not_baseline_centered,P_S_delta_dP_dS,8,60C__iron_trial_6,60C,iron,6,16859.663413010356,21411.669270833332
A_not_baseline_centered,P_S_delta_dP_dS,9,30C__nickel_trial_1,30C,nickel,1,19320.68449098013,9867.860188802084
A_not_baseline_centered,P_S_delta_dP_dS,9,30C__nickel_trial_2,30C,nickel,2,19320.68449098013,14023.3115234375
A_not_baseline_centered,P_S_delta_dP_dS,9,30C__nickel_trial_3,30C,nickel,3,19320.68449098013,12537.62744140625
A_not_baseline_centered,P_S_delta_dP_dS,9,30C__nickel_trial_4,30C,nickel,4,19320.68449098013,12348.159830729166
A_not_baseline_centered,P_S_delta_dP_dS,9,30C__nickel_trial_5,30C,nickel,5,19320.68449098013,13238.469401041666
A_not_baseline_centered,P_S_delta_dP_dS,9,30C__nickel_trial_6,30C,nickel,6,19320.68449098013,16629.531901041668
A_not_baseline_centered,P_S_delta_dP_dS,9,40C__nickel_trial_1,40C,nickel,1,19320.68449098013,13606.766276041666
A_not_baseline_centered,P_S_delta_dP_dS,9,40C__nickel_trial_2,40C,nickel,2,19320.68449098013,9569.251627604166
A_not_baseline_centered,P_S_delta_dP_dS,9,40C__nickel_trial_3,40C,nickel,3,19320.68449098013,19783.757486979168
A_not_baseline_centered,P_S_delta_dP_dS,9,40C__nickel_trial_4,40C,nickel,4,19320.68449098013,13035.5615234375
A_not_baseline_centered,P_S_delta_dP_dS,9,40C__nickel_trial_5,40C,nickel,5,19320.68449098013,12068.978841145834
A_not_baseline_centered,P_S_delta_dP_dS,9,40C__nickel_trial_6,40C,nickel,6,19320.68449098013,15923.948567708334
A_not_baseline_centered,P_S_delta_dP_dS,9,50C__nickel_trial_1,50C,nickel,1,19320.68449098013,15546.668294270834
A_not_baseline_centered,P_S_delta_dP_dS,9,50C__nickel_trial_2,50C,nickel,2,19320.68449098013,16621.552734375
A_not_baseline_centered,P_S_delta_dP_dS,9,50C__nickel_trial_3,50C,nickel,3,19320.68449098013,14971.335286458334
A_not_baseline_centered,P_S_delta_dP_dS,9,50C__nickel_trial_4,50C,nickel,4,19320.68449098013,17907.736653645832
A_not_baseline_centered,P_S_delta_dP_dS,9,50C__nickel_trial_5,50C,nickel,5,19320.68449098013,17937.059895833332
A_not_baseline_centered,P_S_delta_dP_dS,9,50C__nickel_trial_6,50C,nickel,6,19320.68449098013,16444.2861328125
A_not_baseline_centered,P_S_delta_dP_dS,9,60C__nickel_trial_1,60C,nickel,1,19320.68449098013,10921.059244791666
A_not_baseline_centered,P_S_delta_dP_dS,9,60C__nickel_trial_2,60C,nickel,2,19320.68449098013,23133.245442708332
A_not_baseline_centered,P_S_delta_dP_dS,9,60C__nickel_trial_3,60C,nickel,3,19320.68449098013,12437.6982421875
A_not_baseline_centered,P_S_delta_dP_dS,9,60C__nickel_trial_4,60C,nickel,4,19320.68449098013,20996.929036458332
A_not_baseline_centered,P_S_delta_dP_dS,9,60C__nickel_trial_5,60C,nickel,5,19320.68449098013,29504.19140625
A_not_baseline_centered,P_S_delta_dP_dS,9,60C__nickel_trial_6,60C,nickel,6,19320.68449098013,26317.405598958332
A_not_baseline_centered,P_S_delta_dP_dS,10,30C__pdms_trial_1,30C,pdms,1,460.90129095067635,360.6240234375
A_not_baseline_centered,P_S_delta_dP_dS,10,30C__pdms_trial_2,30C,pdms,2,460.90129095067635,127.87627919514973
A_not_baseline_centered,P_S_delta_dP_dS,10,30C__pdms_trial_3,30C,pdms,3,460.90129095067635,292.9385681152344
A_not_baseline_centered,P_S_delta_dP_dS,10,30C__pdms_trial_4,30C,pdms,4,460.90129095067635,69.81004969278972
A_not_baseline_centered,P_S_delta_dP_dS,10,30C__pdms_trial_5,30C,pdms,5,460.90129095067635,47.50676472981771
A_not_baseline_centered,P_S_delta_dP_dS,10,30C__pdms_trial_6,30C,pdms,6,460.90129095067635,115.60100555419922
A_not_baseline_centered,P_S_delta_dP_dS,10,40C__pdms_trial_1,40C,pdms,1,460.90129095067635,436.32372029622394
A_not_baseline_centered,P_S_delta_dP_dS,10,40C__pdms_trial_2,40C,pdms,2,460.90129095067635,432.12010701497394
A_not_baseline_centered,P_S_delta_dP_dS,10,40C__pdms_trial_3,40C,pdms,3,460.90129095067635,435.37498982747394
A_not_baseline_centered,P_S_delta_dP_dS,10,40C__pdms_trial_4,40C,pdms,4,460.90129095067635,244.413818359375
A_not_baseline_centered,P_S_delta_dP_dS,10,40C__pdms_trial_5,40C,pdms,5,460.90129095067635,174.65577952067056
A_not_baseline_centered,P_S_delta_dP_dS,10,40C__pdms_trial_6,40C,pdms,6,460.90129095067635,317.0408426920573
A_not_baseline_centered,P_S_delta_dP_dS,10,50C__pdms_trial_1,50C,pdms,1,460.90129095067635,279.0695444742839
A_not_baseline_centered,P_S_delta_dP_dS,10,50C__pdms_trial_2,50C,pdms,2,460.90129095067635,326.9847819010417
A_not_baseline_centered,P_S_delta_dP_dS,10,50C__pdms_trial_3,50C,pdms,3,460.90129095067635,433.2803649902344
A_not_baseline_centered,P_S_delta_dP_dS,10,50C__pdms_trial_4,50C,pdms,4,460.90129095067635,436.08460489908856
A_not_baseline_centered,P_S_delta_dP_dS,10,50C__pdms_trial_5,50C,pdms,5,460.90129095067635,251.74438985188803
A_not_baseline_centered,P_S_delta_dP_dS,10,50C__pdms_trial_6,50C,pdms,6,460.90129095067635,506.1263834635417
A_not_baseline_centered,P_S_delta_dP_dS,10,60C__pdms_trial_1,60C,pdms,1,460.90129095067635,793.2465006510416
A_not_baseline_centered,P_S_delta_dP_dS,10,60C__pdms_trial_2,60C,pdms,2,460.90129095067635,441.14483642578125
A_not_baseline_centered,P_S_delta_dP_dS,10,60C__pdms_trial_3,60C,pdms,3,460.90129095067635,505.3966471354167
A_not_baseline_centered,P_S_delta_dP_dS,10,60C__pdms_trial_4,60C,pdms,4,460.90129095067635,378.4731750488281
A_not_baseline_centered,P_S_delta_dP_dS,10,60C__pdms_trial_5,60C,pdms,5,460.90129095067635,260.71436564127606
A_not_baseline_centered,P_S_delta_dP_dS,10,60C__pdms_trial_6,60C,pdms,6,460.90129095067635,168.88206227620444
A_not_baseline_centered,P_S_delta_dP_dS,11,30C__ps_foam_trial_1,30C,ps_foam,1,34.496376621320685,107.96294403076172
A_not_baseline_centered,P_S_delta_dP_dS,11,30C__ps_foam_trial_2,30C,ps_foam,2,34.496376621320685,159.20226287841797
A_not_baseline_centered,P_S_delta_dP_dS,11,30C__ps_foam_trial_3,30C,ps_foam,3,34.496376621320685,279.7229410807292
A_not_baseline_centered,P_S_delta_dP_dS,11,30C__ps_foam_trial_4,30C,ps_foam,4,34.496376621320685,248.6925506591797
A_not_baseline_centered,P_S_delta_dP_dS,11,30C__ps_foam_trial_5,30C,ps_foam,5,34.496376621320685,85.92943954467773
A_not_baseline_centered,P_S_delta_dP_dS,11,30C__ps_foam_trial_6,30C,ps_foam,6,34.496376621320685,138.40069834391275
A_not_baseline_centered,P_S_delta_dP_dS,11,40C__ps_foam_trial_1,40C,ps_foam,1,34.496376621320685,71.64707819620769
A_not_baseline_centered,P_S_delta_dP_dS,11,40C__ps_foam_trial_2,40C,ps_foam,2,34.496376621320685,63.90563074747721
A_not_baseline_centered,P_S_delta_dP_dS,11,40C__ps_foam_trial_3,40C,ps_foam,3,34.496376621320685,73.29102579752605
A_not_baseline_centered,P_S_delta_dP_dS,11,40C__ps_foam_trial_4,40C,ps_foam,4,34.496376621320685,205.96692911783853
A_not_baseline_centered,P_S_delta_dP_dS,11,40C__ps_foam_trial_5,40C,ps_foam,5,34.496376621320685,145.81558990478516
A_not_baseline_centered,P_S_delta_dP_dS,11,40C__ps_foam_trial_6,40C,ps_foam,6,34.496376621320685,71.36005020141602
A_not_baseline_centered,P_S_delta_dP_dS,11,50C__ps_foam_trial_1,50C,ps_foam,1,34.496376621320685,48.62047576904297
A_not_baseline_centered,P_S_delta_dP_dS,11,50C__ps_foam_trial_2,50C,ps_foam,2,34.496376621320685,58.79040273030599
A_not_baseline_centered,P_S_delta_dP_dS,11,50C__ps_foam_trial_3,50C,ps_foam,3,34.496376621320685,47.87968821405391
A_not_baseline_centered,P_S_delta_dP_dS,11,50C__ps_foam_trial_4,50C,ps_foam,4,34.496376621320685,50.17041269938151
A_not_baseline_centered,P_S_delta_dP_dS,11,50C__ps_foam_trial_5,50C,ps_foam,5,34.496376621320685,52.94257481892904
A_not_baseline_centered,P_S_delta_dP_dS,11,50C__ps_foam_trial_6,50C,ps_foam,6,34.496376621320685,45.651414235432945
A_not_baseline_centered,P_S_delta_dP_dS,11,60C__ps_foam_trial_1,60C,ps_foam,1,34.496376621320685,343.8891347249349
A_not_baseline_centered,P_S_delta_dP_dS,11,60C__ps_foam_trial_2,60C,ps_foam,2,34.496376621320685,354.4132792154948
A_not_baseline_centered,P_S_delta_dP_dS,11,60C__ps_foam_trial_3,60C,ps_foam,3,34.496376621320685,624.4148864746094
A_not_baseline_centered,P_S_delta_dP_dS,11,60C__ps_foam_trial_4,60C,ps_foam,4,34.496376621320685,109.86870829264323
A_not_baseline_centered,P_S_delta_dP_dS,11,60C__ps_foam_trial_5,60C,ps_foam,5,34.496376621320685,645.7343037923177
A_not_baseline_centered,P_S_delta_dP_dS,11,60C__ps_foam_trial_6,60C,ps_foam,6,34.496376621320685,438.7632751464844
A_not_baseline_centered,P_S_delta_dP_dS,12,30C__pu_foam_trial_1,30C,pu_foam,1,42.49705872175155,84.92660649617513
A_not_baseline_centered,P_S_delta_dP_dS,12,30C__pu_foam_trial_2,30C,pu_foam,2,42.49705872175155,188.11367543538412
A_not_baseline_centered,P_S_delta_dP_dS,12,30C__pu_foam_trial_3,30C,pu_foam,3,42.49705872175155,297.1950988769531
A_not_baseline_centered,P_S_delta_dP_dS,12,30C__pu_foam_trial_4,30C,pu_foam,4,42.49705872175155,205.51808166503906
A_not_baseline_centered,P_S_delta_dP_dS,12,30C__pu_foam_trial_5,30C,pu_foam,5,42.49705872175155,295.425298055013
A_not_baseline_centered,P_S_delta_dP_dS,12,30C__pu_foam_trial_6,30C,pu_foam,6,42.49705872175155,157.4889373779297
A_not_baseline_centered,P_S_delta_dP_dS,12,40C__pu_foam_trial_1,40C,pu_foam,1,42.49705872175155,118.42062886555989
A_not_baseline_centered,P_S_delta_dP_dS,12,40C__pu_foam_trial_2,40C,pu_foam,2,42.49705872175155,123.8876469930013
A_not_baseline_centered,P_S_delta_dP_dS,12,40C__pu_foam_trial_3,40C,pu_foam,3,42.49705872175155,152.13757832845053
A_not_baseline_centered,P_S_delta_dP_dS,12,40C__pu_foam_trial_4,40C,pu_foam,4,42.49705872175155,89.22641245524089
A_not_baseline_centered,P_S_delta_dP_dS,12,40C__pu_foam_trial_5,40C,pu_foam,5,42.49705872175155,45.74451192220052
A_not_baseline_centered,P_S_delta_dP_dS,12,40C__pu_foam_trial_6,40C,pu_foam,6,42.49705872175155,72.79877090454102
A_not_baseline_centered,P_S_delta_dP_dS,12,50C__pu_foam_trial_1,50C,pu_foam,1,42.49705872175155,91.66813659667969
A_not_baseline_centered,P_S_delta_dP_dS,12,50C__pu_foam_trial_2,50C,pu_foam,2,42.49705872175155,79.05721028645833
A_not_baseline_centered,P_S_delta_dP_dS,12,50C__pu_foam_trial_3,50C,pu_foam,3,42.49705872175155,105.60220082600911
A_not_baseline_centered,P_S_delta_dP_dS,12,50C__pu_foam_trial_4,50C,pu_foam,4,42.49705872175155,82.75458272298177
A_not_baseline_centered,P_S_delta_dP_dS,12,50C__pu_foam_trial_5,50C,pu_foam,5,42.49705872175155,74.92741775512695
A_not_baseline_centered,P_S_delta_dP_dS,12,50C__pu_foam_trial_6,50C,pu_foam,6,42.49705872175155,55.29669952392578
A_not_baseline_centered,P_S_delta_dP_dS,12,60C__pu_foam_trial_1,60C,pu_foam,1,42.49705872175155,184.18748474121094
A_not_baseline_centered,P_S_delta_dP_dS,12,60C__pu_foam_trial_2,60C,pu_foam,2,42.49705872175155,1497.6019694010417
A_not_baseline_centered,P_S_delta_dP_dS,12,60C__pu_foam_trial_3,60C,pu_foam,3,42.49705872175155,336.47601318359375
A_not_baseline_centered,P_S_delta_dP_dS,12,60C__pu_foam_trial_4,60C,pu_foam,4,42.49705872175155,219.68669637044272
A_not_baseline_centered,P_S_delta_dP_dS,12,60C__pu_foam_trial_5,60C,pu_foam,5,42.49705872175155,279.76661682128906
A_not_baseline_centered,P_S_delta_dP_dS,12,60C__pu_foam_trial_6,60C,pu_foam,6,42.49705872175155,230.5940144856771
A_not_baseline_centered,P_S_delta_dP_dS,13,30C__titanium_trial_1,30C,titanium,1,7184.0359269702985,7167.052897135417
A_not_baseline_centered,P_S_delta_dP_dS,13,30C__titanium_trial_2,30C,titanium,2,7184.0359269702985,5936.120686848958
A_not_baseline_centered,P_S_delta_dP_dS,13,30C__titanium_trial_3,30C,titanium,3,7184.0359269702985,8587.249837239584
A_not_baseline_centered,P_S_delta_dP_dS,13,30C__titanium_trial_4,30C,titanium,4,7184.0359269702985,5080.589680989583
A_not_baseline_centered,P_S_delta_dP_dS,13,30C__titanium_trial_5,30C,titanium,5,7184.0359269702985,7144.4775390625
A_not_baseline_centered,P_S_delta_dP_dS,13,30C__titanium_trial_6,30C,titanium,6,7184.0359269702985,5199.669677734375
A_not_baseline_centered,P_S_delta_dP_dS,13,40C__titanium_trial_1,40C,titanium,1,7184.0359269702985,19691.823567708332
A_not_baseline_centered,P_S_delta_dP_dS,13,40C__titanium_trial_2,40C,titanium,2,7184.0359269702985,21352.927083333332
A_not_baseline_centered,P_S_delta_dP_dS,13,40C__titanium_trial_3,40C,titanium,3,7184.0359269702985,20454.950520833332
A_not_baseline_centered,P_S_delta_dP_dS,13,40C__titanium_trial_4,40C,titanium,4,7184.0359269702985,6778.798095703125
A_not_baseline_centered,P_S_delta_dP_dS,13,40C__titanium_trial_5,40C,titanium,5,7184.0359269702985,13195.54296875
A_not_baseline_centered,P_S_delta_dP_dS,13,40C__titanium_trial_6,40C,titanium,6,7184.0359269702985,20641.995442708332
A_not_baseline_centered,P_S_delta_dP_dS,13,50C__titanium_trial_1,50C,titanium,1,7184.0359269702985,11184.6142578125
A_not_baseline_centered,P_S_delta_dP_dS,13,50C__titanium_trial_2,50C,titanium,2,7184.0359269702985,7215.423828125
A_not_baseline_centered,P_S_delta_dP_dS,13,50C__titanium_trial_3,50C,titanium,3,7184.0359269702985,23112.244140625
A_not_baseline_centered,P_S_delta_dP_dS,13,50C__titanium_trial_4,50C,titanium,4,7184.0359269702985,17292.147786458332
A_not_baseline_centered,P_S_delta_dP_dS,13,50C__titanium_trial_5,50C,titanium,5,7184.0359269702985,8566.144205729166
A_not_baseline_centered,P_S_delta_dP_dS,13,50C__titanium_trial_6,50C,titanium,6,7184.0359269702985,14050.011393229166
A_not_baseline_centered,P_S_delta_dP_dS,13,60C__titanium_trial_1,60C,titanium,1,7184.0359269702985,8411.912434895834
A_not_baseline_centered,P_S_delta_dP_dS,13,60C__titanium_trial_2,60C,titanium,2,7184.0359269702985,9941.390950520834
A_not_baseline_centered,P_S_delta_dP_dS,13,60C__titanium_trial_3,60C,titanium,3,7184.0359269702985,8779.074869791666
A_not_baseline_centered,P_S_delta_dP_dS,13,60C__titanium_trial_4,60C,titanium,4,7184.0359269702985,14777.167643229166
A_not_baseline_centered,P_S_delta_dP_dS,13,60C__titanium_trial_5,60C,titanium,5,7184.0359269702985,10334.335774739584
A_not_baseline_centered,P_S_delta_dP_dS,13,60C__titanium_trial_6,60C,titanium,6,7184.0359269702985,13407.146809895834
A_not_baseline_centered,P_S_delta_dP_dS,14,30C__wood_trial_1,30C,wood,1,422.49260348555214,104.8529535929362
A_not_baseline_centered,P_S_delta_dP_dS,14,30C__wood_trial_2,30C,wood,2,422.49260348555214,87.88515981038411
A_not_baseline_centered,P_S_delta_dP_dS,14,30C__wood_trial_3,30C,wood,3,422.49260348555214,117.83050028483073
A_not_baseline_centered,P_S_delta_dP_dS,14,30C__wood_trial_4,30C,wood,4,422.49260348555214,67.90559641520183
A_not_baseline_centered,P_S_delta_dP_dS,14,30C__wood_trial_5,30C,wood,5,422.49260348555214,155.1353302001953
A_not_baseline_centered,P_S_delta_dP_dS,14,30C__wood_trial_6,30C,wood,6,422.49260348555214,138.08668772379556
A_not_baseline_centered,P_S_delta_dP_dS,14,40C__wood_trial_1,40C,wood,1,422.49260348555214,184.78602091471353
A_not_baseline_centered,P_S_delta_dP_dS,14,40C__wood_trial_2,40C,wood,2,422.49260348555214,164.0068155924479
A_not_baseline_centered,P_S_delta_dP_dS,14,40C__wood_trial_3,40C,wood,3,422.49260348555214,215.4592081705729
A_not_baseline_centered,P_S_delta_dP_dS,14,40C__wood_trial_4,40C,wood,4,422.49260348555214,181.3209966023763
A_not_baseline_centered,P_S_delta_dP_dS,14,40C__wood_trial_5,40C,wood,5,422.49260348555214,182.5701904296875
A_not_baseline_centered,P_S_delta_dP_dS,14,40C__wood_trial_6,40C,wood,6,422.49260348555214,147.5483169555664
A_not_baseline_centered,P_S_delta_dP_dS,14,50C__wood_trial_1,50C,wood,1,422.49260348555214,311.21363830566406
A_not_baseline_centered,P_S_delta_dP_dS,14,50C__wood_trial_2,50C,wood,2,422.49260348555214,291.9774576822917
A_not_baseline_centered,P_S_delta_dP_dS,14,50C__wood_trial_3,50C,wood,3,422.49260348555214,274.20781962076825
A_not_baseline_centered,P_S_delta_dP_dS,14,50C__wood_trial_4,50C,wood,4,422.49260348555214,212.10172526041666
A_not_baseline_centered,P_S_delta_dP_dS,14,50C__wood_trial_5,50C,wood,5,422.49260348555214,279.828852335612
A_not_baseline_centered,P_S_delta_dP_dS,14,50C__wood_trial_6,50C,wood,6,422.49260348555214,281.34022013346356
A_not_baseline_centered,P_S_delta_dP_dS,14,60C__wood_trial_1,60C,wood,1,422.49260348555214,3324.7862141927085
A_not_baseline_centered,P_S_delta_dP_dS,14,60C__wood_trial_2,60C,wood,2,422.49260348555214,2134.7080078125
A_not_baseline_centered,P_S_delta_dP_dS,14,60C__wood_trial_3,60C,wood,3,422.49260348555214,1643.8850402832031
A_not_baseline_centered,P_S_delta_dP_dS,14,60C__wood_trial_4,60C,wood,4,422.49260348555214,1452.1176350911458
A_not_baseline_centered,P_S_delta_dP_dS,14,60C__wood_trial_5,60C,wood,5,422.49260348555214,1161.5186360677083
A_not_baseline_centered,P_S_delta_dP_dS,14,60C__wood_trial_6,60C,wood,6,422.49260348555214,1229.1761678059895
