condition,fold,held_out_material,seed,feature,feature_family,training_abs_spearman_to_log_target
F_optimized_summarized_ESN,1,aluminum,42,esn_u013_max,ESN:max,0.8034867027579314
F_optimized_summarized_ESN,1,aluminum,42,esn_u003_max,ESN:max,0.7942516606966638
F_optimized_summarized_ESN,1,aluminum,42,esn_u003_initial,ESN:initial,0.7534881279730868
F_optimized_summarized_ESN,1,aluminum,42,esn_u007_initial,ESN:initial,0.741238144270808
F_optimized_summarized_ESN,1,aluminum,42,esn_u012_initial,ESN:initial,0.7388318974721462
F_optimized_summarized_ESN,1,aluminum,42,esn_u016_initial,ESN:initial,0.7295873445539668
F_optimized_summarized_ESN,1,aluminum,42,esn_u015_initial,ESN:initial,0.7174800237053636
F_optimized_summarized_ESN,1,aluminum,42,esn_u007_min,ESN:min,0.697821082468865
F_optimized_summarized_ESN,1,aluminum,42,esn_u000_max,ESN:max,0.6560113554850003
F_optimized_summarized_ESN,1,aluminum,42,esn_u008_initial,ESN:initial,0.5384476531993884
F_optimized_summarized_ESN,1,aluminum,42,esn_u001_initial,ESN:initial,0.49292869201995787
F_optimized_summarized_ESN,1,aluminum,42,esn_u005_initial,ESN:initial,0.47105372112303145
F_optimized_summarized_ESN,1,aluminum,42,esn_u002_initial,ESN:initial,0.4671828023599666
F_optimized_summarized_ESN,1,aluminum,42,esn_u010_mean,ESN:mean,0.4573295545994381
F_optimized_summarized_ESN,1,aluminum,42,esn_u006_min,ESN:min,0.4546379820934249
F_optimized_summarized_ESN,1,aluminum,42,esn_u006_net_change,ESN:net_change,0.3913242076321905
F_optimized_summarized_ESN,1,aluminum,42,esn_u001_mean,ESN:mean,0.3886897002676476
F_optimized_summarized_ESN,1,aluminum,42,esn_u008_abs_auc,ESN:abs_auc,0.3749179794594956
F_optimized_summarized_ESN,1,aluminum,42,esn_u001_max,ESN:max,0.3635525054500056
F_optimized_summarized_ESN,1,aluminum,42,esn_u003_std,ESN:std,0.3509791526127288
F_optimized_summarized_ESN,1,aluminum,42,esn_u017_initial,ESN:initial,0.33913813575765334
F_optimized_summarized_ESN,1,aluminum,42,esn_u003_slope,ESN:slope,0.31526588490926843
F_optimized_summarized_ESN,1,aluminum,42,esn_u011_std,ESN:std,0.3021979675125828
F_optimized_summarized_ESN,1,aluminum,42,esn_u016_std,ESN:std,0.3012944361059706
F_optimized_summarized_ESN,1,aluminum,42,esn_u002_max,ESN:max,0.2876273347238475
F_optimized_summarized_ESN,1,aluminum,42,esn_u015_abs_auc,ESN:abs_auc,0.27939093263830905
F_optimized_summarized_ESN,1,aluminum,42,esn_u002_abs_auc,ESN:abs_auc,0.27872517265448954
F_optimized_summarized_ESN,1,aluminum,42,esn_u016_slope,ESN:slope,0.26990860829733704
F_optimized_summarized_ESN,1,aluminum,42,esn_u006_slope,ESN:slope,0.25285564185464615
F_optimized_summarized_ESN,1,aluminum,42,esn_u011_slope,ESN:slope,0.22516002652775494
F_optimized_summarized_ESN,1,aluminum,42,esn_u003_abs_auc,ESN:abs_auc,0.21700922215442192
F_optimized_summarized_ESN,1,aluminum,42,esn_u006_std,ESN:std,0.20866820064285474
F_optimized_summarized_ESN,1,aluminum,42,esn_u000_abs_auc,ESN:abs_auc,0.1754182448795266
F_optimized_summarized_ESN,1,aluminum,42,esn_u011_net_change,ESN:net_change,0.12814928602834208
F_optimized_summarized_ESN,1,aluminum,42,esn_u004_max,ESN:max,0.1277878734656972
F_optimized_summarized_ESN,1,aluminum,42,esn_u010_slope,ESN:slope,0.05772139059715066
F_optimized_summarized_ESN,1,aluminum,42,esn_u006_abs_auc,ESN:abs_auc,0.04775401255368157
F_optimized_summarized_ESN,1,aluminum,42,esn_u015_mean,ESN:mean,0.03238446778436283
F_optimized_summarized_ESN,1,aluminum,42,esn_u016_abs_auc,ESN:abs_auc,0.01965894123649867
F_optimized_summarized_ESN,1,aluminum,43,esn_u003_max,ESN:max,0.8007761085380948
F_optimized_summarized_ESN,1,aluminum,43,esn_u013_initial,ESN:initial,0.7780071170914679
F_optimized_summarized_ESN,1,aluminum,43,esn_u011_min,ESN:min,0.7549242673667546
F_optimized_summarized_ESN,1,aluminum,43,esn_u006_initial,ESN:initial,0.7430071636563856
F_optimized_summarized_ESN,1,aluminum,43,esn_u015_initial,ESN:initial,0.7137612786528862
F_optimized_summarized_ESN,1,aluminum,43,esn_u016_initial,ESN:initial,0.614972007910984
F_optimized_summarized_ESN,1,aluminum,43,esn_u018_initial,ESN:initial,0.6097790800371918
F_optimized_summarized_ESN,1,aluminum,43,esn_u016_max,ESN:max,0.5814367264403046
F_optimized_summarized_ESN,1,aluminum,43,esn_u003_initial,ESN:initial,0.5760345597144549
F_optimized_summarized_ESN,1,aluminum,43,esn_u012_max,ESN:max,0.5581446378635337
F_optimized_summarized_ESN,1,aluminum,43,esn_u010_initial,ESN:initial,0.5328552693353045
F_optimized_summarized_ESN,1,aluminum,43,esn_u007_std,ESN:std,0.45751977173767217
F_optimized_summarized_ESN,1,aluminum,43,esn_u007_initial,ESN:initial,0.4413418041308584
F_optimized_summarized_ESN,1,aluminum,43,esn_u000_initial,ESN:initial,0.3918092613346876
F_optimized_summarized_ESN,1,aluminum,43,esn_u007_max,ESN:max,0.391371761916749
F_optimized_summarized_ESN,1,aluminum,43,esn_u012_mean,ESN:mean,0.3691163567433543
F_optimized_summarized_ESN,1,aluminum,43,esn_u008_initial,ESN:initial,0.3629057671800095
F_optimized_summarized_ESN,1,aluminum,43,esn_u003_abs_auc,ESN:abs_auc,0.35818838215180276
F_optimized_summarized_ESN,1,aluminum,43,esn_u013_slope,ESN:slope,0.3505226314809668
F_optimized_summarized_ESN,1,aluminum,43,esn_u004_abs_auc,ESN:abs_auc,0.2647442129942801
F_optimized_summarized_ESN,1,aluminum,43,esn_u019_abs_auc,ESN:abs_auc,0.2564127023396246
F_optimized_summarized_ESN,1,aluminum,43,esn_u019_max,ESN:max,0.24498065233175265
F_optimized_summarized_ESN,1,aluminum,43,esn_u015_max,ESN:max,0.23831354163664595
F_optimized_summarized_ESN,1,aluminum,43,esn_u018_min,ESN:min,0.2346803942963738
F_optimized_summarized_ESN,1,aluminum,43,esn_u015_mean,ESN:mean,0.2313420835203646
F_optimized_summarized_ESN,1,aluminum,43,esn_u015_slope,ESN:slope,0.197683160909833
F_optimized_summarized_ESN,1,aluminum,43,esn_u014_net_change,ESN:net_change,0.17619813514628657
F_optimized_summarized_ESN,1,aluminum,43,esn_u018_mean,ESN:mean,0.142539212535755
F_optimized_summarized_ESN,1,aluminum,43,esn_u012_abs_auc,ESN:abs_auc,0.1287294482999562
F_optimized_summarized_ESN,1,aluminum,43,esn_u011_mean,ESN:mean,0.11668870344973496
F_optimized_summarized_ESN,1,aluminum,43,esn_u013_mean,ESN:mean,0.09577432910089094
F_optimized_summarized_ESN,1,aluminum,43,esn_u018_abs_auc,ESN:abs_auc,0.08791836129182085
F_optimized_summarized_ESN,1,aluminum,43,esn_u009_abs_auc,ESN:abs_auc,0.08511265850286724
F_optimized_summarized_ESN,1,aluminum,43,esn_u000_std,ESN:std,0.008350532368478873
F_optimized_summarized_ESN,1,aluminum,43,esn_u009_slope,ESN:slope,0.006258143847903301
F_optimized_summarized_ESN,1,aluminum,44,esn_u000_min,ESN:min,0.802973116484699
F_optimized_summarized_ESN,1,aluminum,44,esn_u011_initial,ESN:initial,0.7623807791855329
F_optimized_summarized_ESN,1,aluminum,44,esn_u007_initial,ESN:initial,0.7574636661621804
F_optimized_summarized_ESN,1,aluminum,44,esn_u009_min,ESN:min,0.741238144270808
F_optimized_summarized_ESN,1,aluminum,44,esn_u002_max,ESN:max,0.67277899622034
F_optimized_summarized_ESN,1,aluminum,44,esn_u015_initial,ESN:initial,0.6621648799068749
F_optimized_summarized_ESN,1,aluminum,44,esn_u019_std,ESN:std,0.6369611090908509
F_optimized_summarized_ESN,1,aluminum,44,esn_u000_initial,ESN:initial,0.6043864241682539
F_optimized_summarized_ESN,1,aluminum,44,esn_u004_initial,ESN:initial,0.5667329416548054
F_optimized_summarized_ESN,1,aluminum,44,esn_u019_initial,ESN:initial,0.556385129334868
F_optimized_summarized_ESN,1,aluminum,44,esn_u014_initial,ESN:initial,0.5317615207904581
F_optimized_summarized_ESN,1,aluminum,44,esn_u018_initial,ESN:initial,0.48680370016881847
F_optimized_summarized_ESN,1,aluminum,44,esn_u012_mean,ESN:mean,0.4569015660384112
F_optimized_summarized_ESN,1,aluminum,44,esn_u016_mean,ESN:mean,0.3931978464437968
F_optimized_summarized_ESN,1,aluminum,44,esn_u002_std,ESN:std,0.3907155127898412
F_optimized_summarized_ESN,1,aluminum,44,esn_u012_abs_auc,ESN:abs_auc,0.37773319310536096
F_optimized_summarized_ESN,1,aluminum,44,esn_u001_slope,ESN:slope,0.3580552301550389
F_optimized_summarized_ESN,1,aluminum,44,esn_u011_mean,ESN:mean,0.3571802313191618
F_optimized_summarized_ESN,1,aluminum,44,esn_u002_net_change,ESN:net_change,0.2984316681755468
F_optimized_summarized_ESN,1,aluminum,44,esn_u009_mean,ESN:mean,0.260426283956365
F_optimized_summarized_ESN,1,aluminum,44,esn_u003_std,ESN:std,0.21665732044868877
F_optimized_summarized_ESN,1,aluminum,44,esn_u013_abs_auc,ESN:abs_auc,0.20891548292255915
F_optimized_summarized_ESN,1,aluminum,44,esn_u015_slope,ESN:slope,0.2033706533430339
F_optimized_summarized_ESN,1,aluminum,44,esn_u011_abs_auc,ESN:abs_auc,0.1952674032542594
F_optimized_summarized_ESN,1,aluminum,44,esn_u009_max,ESN:max,0.1885812708453293
F_optimized_summarized_ESN,1,aluminum,44,esn_u004_net_change,ESN:net_change,0.1662688005304643
F_optimized_summarized_ESN,1,aluminum,44,esn_u003_slope,ESN:slope,0.15256365572069433
F_optimized_summarized_ESN,1,aluminum,44,esn_u002_slope,ESN:slope,0.12055962221279977
F_optimized_summarized_ESN,1,aluminum,44,esn_u000_std,ESN:std,0.08017652376569123
F_optimized_summarized_ESN,1,aluminum,44,esn_u009_mean_abs,ESN:mean_abs,0.03438174773582133
F_optimized_summarized_ESN,1,aluminum,44,esn_u009_abs_auc,ESN:abs_auc,0.022911654300302516
G_optimized_summarized_ESN_plus_thermal,1,aluminum,42,esn_u013_max,ESN:max,0.8034867027579314
G_optimized_summarized_ESN_plus_thermal,1,aluminum,42,thermal_secondary_late_slope,Thermal:late_slope,0.8025070844960255
G_optimized_summarized_ESN_plus_thermal,1,aluminum,42,thermal_secondary_final_change,Thermal:final_change,0.7836090118124633
G_optimized_summarized_ESN_plus_thermal,1,aluminum,42,thermal_secondary_middle_slope,Thermal:middle_slope,0.7752870120147197
G_optimized_summarized_ESN_plus_thermal,1,aluminum,42,esn_u003_initial,ESN:initial,0.7534881279730868
G_optimized_summarized_ESN_plus_thermal,1,aluminum,42,esn_u007_initial,ESN:initial,0.741238144270808
G_optimized_summarized_ESN_plus_thermal,1,aluminum,42,esn_u012_initial,ESN:initial,0.7388318974721462
G_optimized_summarized_ESN_plus_thermal,1,aluminum,42,esn_u016_initial,ESN:initial,0.7295873445539668
G_optimized_summarized_ESN_plus_thermal,1,aluminum,42,thermal_difference_middle_slope,Thermal:middle_slope,0.7280275640204469
G_optimized_summarized_ESN_plus_thermal,1,aluminum,42,esn_u015_initial,ESN:initial,0.7174800237053636
G_optimized_summarized_ESN_plus_thermal,1,aluminum,42,esn_u007_min,ESN:min,0.697821082468865
G_optimized_summarized_ESN_plus_thermal,1,aluminum,42,thermal_difference_late_slope,Thermal:late_slope,0.6887096815474495
G_optimized_summarized_ESN_plus_thermal,1,aluminum,42,thermal_secondary_max_abs_rate,Thermal:max_abs_rate,0.6586934171341017
G_optimized_summarized_ESN_plus_thermal,1,aluminum,42,esn_u000_max,ESN:max,0.6560113554850003
G_optimized_summarized_ESN_plus_thermal,1,aluminum,42,esn_u008_initial,ESN:initial,0.5384476531993884
G_optimized_summarized_ESN_plus_thermal,1,aluminum,42,esn_u001_initial,ESN:initial,0.49292869201995787
G_optimized_summarized_ESN_plus_thermal,1,aluminum,42,esn_u005_initial,ESN:initial,0.47105372112303145
G_optimized_summarized_ESN_plus_thermal,1,aluminum,42,esn_u002_initial,ESN:initial,0.4671828023599666
G_optimized_summarized_ESN_plus_thermal,1,aluminum,42,esn_u010_mean,ESN:mean,0.4573295545994381
G_optimized_summarized_ESN_plus_thermal,1,aluminum,42,esn_u006_min,ESN:min,0.4546379820934249
G_optimized_summarized_ESN_plus_thermal,1,aluminum,42,thermal_secondary_primary_auc_ratio,Thermal:cross_sensor,0.44887440280493035
G_optimized_summarized_ESN_plus_thermal,1,aluminum,42,thermal_secondary_early_slope,Thermal:early_slope,0.4387738727646975
G_optimized_summarized_ESN_plus_thermal,1,aluminum,42,esn_u006_net_change,ESN:net_change,0.3913242076321905
G_optimized_summarized_ESN_plus_thermal,1,aluminum,42,esn_u001_mean,ESN:mean,0.3886897002676476
G_optimized_summarized_ESN_plus_thermal,1,aluminum,42,esn_u008_abs_auc,ESN:abs_auc,0.3749179794594956
G_optimized_summarized_ESN_plus_thermal,1,aluminum,42,esn_u001_max,ESN:max,0.3635525054500056
G_optimized_summarized_ESN_plus_thermal,1,aluminum,42,esn_u003_std,ESN:std,0.3509791526127288
G_optimized_summarized_ESN_plus_thermal,1,aluminum,42,esn_u017_initial,ESN:initial,0.33913813575765334
G_optimized_summarized_ESN_plus_thermal,1,aluminum,42,esn_u003_slope,ESN:slope,0.31526588490926843
G_optimized_summarized_ESN_plus_thermal,1,aluminum,42,esn_u011_std,ESN:std,0.3021979675125828
G_optimized_summarized_ESN_plus_thermal,1,aluminum,42,esn_u016_std,ESN:std,0.3012944361059706
G_optimized_summarized_ESN_plus_thermal,1,aluminum,42,thermal_initial_sensor_difference,Thermal:cross_sensor,0.2912604820641196
G_optimized_summarized_ESN_plus_thermal,1,aluminum,42,esn_u002_max,ESN:max,0.2876273347238475
G_optimized_summarized_ESN_plus_thermal,1,aluminum,42,esn_u015_abs_auc,ESN:abs_auc,0.27939093263830905
G_optimized_summarized_ESN_plus_thermal,1,aluminum,42,esn_u002_abs_auc,ESN:abs_auc,0.27872517265448954
G_optimized_summarized_ESN_plus_thermal,1,aluminum,42,esn_u016_slope,ESN:slope,0.26990860829733704
G_optimized_summarized_ESN_plus_thermal,1,aluminum,42,esn_u006_slope,ESN:slope,0.25285564185464615
G_optimized_summarized_ESN_plus_thermal,1,aluminum,42,esn_u011_slope,ESN:slope,0.22516002652775494
G_optimized_summarized_ESN_plus_thermal,1,aluminum,42,esn_u003_abs_auc,ESN:abs_auc,0.21700922215442192
G_optimized_summarized_ESN_plus_thermal,1,aluminum,42,esn_u006_std,ESN:std,0.20866820064285474
G_optimized_summarized_ESN_plus_thermal,1,aluminum,42,esn_u000_abs_auc,ESN:abs_auc,0.1754182448795266
G_optimized_summarized_ESN_plus_thermal,1,aluminum,42,esn_u011_net_change,ESN:net_change,0.12814928602834208
G_optimized_summarized_ESN_plus_thermal,1,aluminum,42,esn_u004_max,ESN:max,0.1277878734656972
G_optimized_summarized_ESN_plus_thermal,1,aluminum,42,esn_u010_slope,ESN:slope,0.05772139059715066
G_optimized_summarized_ESN_plus_thermal,1,aluminum,42,esn_u006_abs_auc,ESN:abs_auc,0.04775401255368157
G_optimized_summarized_ESN_plus_thermal,1,aluminum,42,esn_u015_mean,ESN:mean,0.03238446778436283
G_optimized_summarized_ESN_plus_thermal,1,aluminum,42,esn_u016_abs_auc,ESN:abs_auc,0.01965894123649867
G_optimized_summarized_ESN_plus_thermal,1,aluminum,43,thermal_secondary_late_slope,Thermal:late_slope,0.8025070844960255
G_optimized_summarized_ESN_plus_thermal,1,aluminum,43,esn_u003_max,ESN:max,0.8007761085380948
G_optimized_summarized_ESN_plus_thermal,1,aluminum,43,thermal_secondary_final_change,Thermal:final_change,0.7836090118124633
G_optimized_summarized_ESN_plus_thermal,1,aluminum,43,esn_u013_initial,ESN:initial,0.7780071170914679
G_optimized_summarized_ESN_plus_thermal,1,aluminum,43,thermal_secondary_middle_slope,Thermal:middle_slope,0.7752870120147197
G_optimized_summarized_ESN_plus_thermal,1,aluminum,43,esn_u011_min,ESN:min,0.7549242673667546
G_optimized_summarized_ESN_plus_thermal,1,aluminum,43,esn_u006_initial,ESN:initial,0.7430071636563856
G_optimized_summarized_ESN_plus_thermal,1,aluminum,43,thermal_difference_middle_slope,Thermal:middle_slope,0.7280275640204469
G_optimized_summarized_ESN_plus_thermal,1,aluminum,43,esn_u015_initial,ESN:initial,0.7137612786528862
G_optimized_summarized_ESN_plus_thermal,1,aluminum,43,thermal_difference_late_slope,Thermal:late_slope,0.6887096815474495
G_optimized_summarized_ESN_plus_thermal,1,aluminum,43,thermal_secondary_max_abs_rate,Thermal:max_abs_rate,0.6586934171341017
G_optimized_summarized_ESN_plus_thermal,1,aluminum,43,esn_u016_initial,ESN:initial,0.614972007910984
G_optimized_summarized_ESN_plus_thermal,1,aluminum,43,esn_u018_initial,ESN:initial,0.6097790800371918
G_optimized_summarized_ESN_plus_thermal,1,aluminum,43,esn_u016_max,ESN:max,0.5814367264403046
G_optimized_summarized_ESN_plus_thermal,1,aluminum,43,esn_u003_initial,ESN:initial,0.5760345597144549
G_optimized_summarized_ESN_plus_thermal,1,aluminum,43,esn_u012_max,ESN:max,0.5581446378635337
G_optimized_summarized_ESN_plus_thermal,1,aluminum,43,esn_u010_initial,ESN:initial,0.5328552693353045
G_optimized_summarized_ESN_plus_thermal,1,aluminum,43,esn_u007_std,ESN:std,0.45751977173767217
G_optimized_summarized_ESN_plus_thermal,1,aluminum,43,thermal_secondary_primary_auc_ratio,Thermal:cross_sensor,0.44887440280493035
G_optimized_summarized_ESN_plus_thermal,1,aluminum,43,esn_u007_initial,ESN:initial,0.4413418041308584
G_optimized_summarized_ESN_plus_thermal,1,aluminum,43,thermal_secondary_early_slope,Thermal:early_slope,0.4387738727646975
G_optimized_summarized_ESN_plus_thermal,1,aluminum,43,esn_u000_initial,ESN:initial,0.3918092613346876
G_optimized_summarized_ESN_plus_thermal,1,aluminum,43,esn_u007_max,ESN:max,0.391371761916749
G_optimized_summarized_ESN_plus_thermal,1,aluminum,43,esn_u012_mean,ESN:mean,0.3691163567433543
G_optimized_summarized_ESN_plus_thermal,1,aluminum,43,esn_u008_initial,ESN:initial,0.3629057671800095
G_optimized_summarized_ESN_plus_thermal,1,aluminum,43,esn_u003_abs_auc,ESN:abs_auc,0.35818838215180276
G_optimized_summarized_ESN_plus_thermal,1,aluminum,43,esn_u013_slope,ESN:slope,0.3505226314809668
G_optimized_summarized_ESN_plus_thermal,1,aluminum,43,thermal_initial_sensor_difference,Thermal:cross_sensor,0.2912604820641196
G_optimized_summarized_ESN_plus_thermal,1,aluminum,43,esn_u004_abs_auc,ESN:abs_auc,0.2647442129942801
G_optimized_summarized_ESN_plus_thermal,1,aluminum,43,esn_u019_abs_auc,ESN:abs_auc,0.2564127023396246
G_optimized_summarized_ESN_plus_thermal,1,aluminum,43,esn_u019_max,ESN:max,0.24498065233175265
G_optimized_summarized_ESN_plus_thermal,1,aluminum,43,esn_u015_max,ESN:max,0.23831354163664595
G_optimized_summarized_ESN_plus_thermal,1,aluminum,43,esn_u018_min,ESN:min,0.2346803942963738
G_optimized_summarized_ESN_plus_thermal,1,aluminum,43,esn_u015_mean,ESN:mean,0.2313420835203646
G_optimized_summarized_ESN_plus_thermal,1,aluminum,43,esn_u015_slope,ESN:slope,0.197683160909833
G_optimized_summarized_ESN_plus_thermal,1,aluminum,43,esn_u014_net_change,ESN:net_change,0.17619813514628657
G_optimized_summarized_ESN_plus_thermal,1,aluminum,43,esn_u018_mean,ESN:mean,0.142539212535755
G_optimized_summarized_ESN_plus_thermal,1,aluminum,43,esn_u012_abs_auc,ESN:abs_auc,0.1287294482999562
G_optimized_summarized_ESN_plus_thermal,1,aluminum,43,esn_u011_mean,ESN:mean,0.11668870344973496
G_optimized_summarized_ESN_plus_thermal,1,aluminum,43,esn_u013_mean,ESN:mean,0.09577432910089094
G_optimized_summarized_ESN_plus_thermal,1,aluminum,43,esn_u018_abs_auc,ESN:abs_auc,0.08791836129182085
G_optimized_summarized_ESN_plus_thermal,1,aluminum,43,esn_u009_abs_auc,ESN:abs_auc,0.08511265850286724
G_optimized_summarized_ESN_plus_thermal,1,aluminum,43,esn_u000_std,ESN:std,0.008350532368478873
G_optimized_summarized_ESN_plus_thermal,1,aluminum,43,esn_u009_slope,ESN:slope,0.006258143847903301
G_optimized_summarized_ESN_plus_thermal,1,aluminum,44,esn_u000_min,ESN:min,0.802973116484699
G_optimized_summarized_ESN_plus_thermal,1,aluminum,44,thermal_secondary_late_slope,Thermal:late_slope,0.8025070844960255
G_optimized_summarized_ESN_plus_thermal,1,aluminum,44,thermal_secondary_final_change,Thermal:final_change,0.7836090118124633
G_optimized_summarized_ESN_plus_thermal,1,aluminum,44,esn_u011_initial,ESN:initial,0.7623807791855329
G_optimized_summarized_ESN_plus_thermal,1,aluminum,44,esn_u007_initial,ESN:initial,0.7574636661621804
G_optimized_summarized_ESN_plus_thermal,1,aluminum,44,esn_u009_min,ESN:min,0.741238144270808
G_optimized_summarized_ESN_plus_thermal,1,aluminum,44,thermal_difference_middle_slope,Thermal:middle_slope,0.7280275640204469
G_optimized_summarized_ESN_plus_thermal,1,aluminum,44,thermal_difference_late_slope,Thermal:late_slope,0.6887096815474495
G_optimized_summarized_ESN_plus_thermal,1,aluminum,44,esn_u002_max,ESN:max,0.67277899622034
G_optimized_summarized_ESN_plus_thermal,1,aluminum,44,esn_u015_initial,ESN:initial,0.6621648799068749
G_optimized_summarized_ESN_plus_thermal,1,aluminum,44,thermal_secondary_max_abs_rate,Thermal:max_abs_rate,0.6586934171341017
G_optimized_summarized_ESN_plus_thermal,1,aluminum,44,esn_u019_std,ESN:std,0.6369611090908509
G_optimized_summarized_ESN_plus_thermal,1,aluminum,44,esn_u000_initial,ESN:initial,0.6043864241682539
G_optimized_summarized_ESN_plus_thermal,1,aluminum,44,esn_u004_initial,ESN:initial,0.5667329416548054
G_optimized_summarized_ESN_plus_thermal,1,aluminum,44,esn_u019_initial,ESN:initial,0.556385129334868
G_optimized_summarized_ESN_plus_thermal,1,aluminum,44,esn_u014_initial,ESN:initial,0.5317615207904581
G_optimized_summarized_ESN_plus_thermal,1,aluminum,44,esn_u018_initial,ESN:initial,0.48680370016881847
G_optimized_summarized_ESN_plus_thermal,1,aluminum,44,esn_u012_mean,ESN:mean,0.4569015660384112
G_optimized_summarized_ESN_plus_thermal,1,aluminum,44,thermal_secondary_primary_auc_ratio,Thermal:cross_sensor,0.44887440280493035
G_optimized_summarized_ESN_plus_thermal,1,aluminum,44,thermal_secondary_early_slope,Thermal:early_slope,0.4387738727646975
G_optimized_summarized_ESN_plus_thermal,1,aluminum,44,esn_u016_mean,ESN:mean,0.3931978464437968
G_optimized_summarized_ESN_plus_thermal,1,aluminum,44,esn_u002_std,ESN:std,0.3907155127898412
G_optimized_summarized_ESN_plus_thermal,1,aluminum,44,esn_u012_abs_auc,ESN:abs_auc,0.37773319310536096
G_optimized_summarized_ESN_plus_thermal,1,aluminum,44,esn_u001_slope,ESN:slope,0.3580552301550389
G_optimized_summarized_ESN_plus_thermal,1,aluminum,44,esn_u011_mean,ESN:mean,0.3571802313191618
G_optimized_summarized_ESN_plus_thermal,1,aluminum,44,esn_u002_net_change,ESN:net_change,0.2984316681755468
G_optimized_summarized_ESN_plus_thermal,1,aluminum,44,thermal_initial_sensor_difference,Thermal:cross_sensor,0.2912604820641196
G_optimized_summarized_ESN_plus_thermal,1,aluminum,44,esn_u009_mean,ESN:mean,0.260426283956365
G_optimized_summarized_ESN_plus_thermal,1,aluminum,44,esn_u003_std,ESN:std,0.21665732044868877
G_optimized_summarized_ESN_plus_thermal,1,aluminum,44,esn_u013_abs_auc,ESN:abs_auc,0.20891548292255915
G_optimized_summarized_ESN_plus_thermal,1,aluminum,44,esn_u015_slope,ESN:slope,0.2033706533430339
G_optimized_summarized_ESN_plus_thermal,1,aluminum,44,esn_u011_abs_auc,ESN:abs_auc,0.1952674032542594
G_optimized_summarized_ESN_plus_thermal,1,aluminum,44,esn_u009_max,ESN:max,0.1885812708453293
G_optimized_summarized_ESN_plus_thermal,1,aluminum,44,esn_u004_net_change,ESN:net_change,0.1662688005304643
G_optimized_summarized_ESN_plus_thermal,1,aluminum,44,esn_u003_slope,ESN:slope,0.15256365572069433
G_optimized_summarized_ESN_plus_thermal,1,aluminum,44,esn_u002_slope,ESN:slope,0.12055962221279977
G_optimized_summarized_ESN_plus_thermal,1,aluminum,44,esn_u000_std,ESN:std,0.08017652376569123
G_optimized_summarized_ESN_plus_thermal,1,aluminum,44,esn_u009_mean_abs,ESN:mean_abs,0.03438174773582133
G_optimized_summarized_ESN_plus_thermal,1,aluminum,44,esn_u009_abs_auc,ESN:abs_auc,0.022911654300302516
F_optimized_summarized_ESN,2,bismuth,42,esn_u013_max,ESN:max,0.8000437725558933
F_optimized_summarized_ESN,2,bismuth,42,esn_u003_max,ESN:max,0.7868522140193555
F_optimized_summarized_ESN,2,bismuth,42,esn_u003_initial,ESN:initial,0.7655859379647784
F_optimized_summarized_ESN,2,bismuth,42,esn_u007_initial,ESN:initial,0.7483522652407649
F_optimized_summarized_ESN,2,bismuth,42,esn_u012_initial,ESN:initial,0.7410954814171324
F_optimized_summarized_ESN,2,bismuth,42,esn_u016_initial,ESN:initial,0.7217313767448966
F_optimized_summarized_ESN,2,bismuth,42,esn_u015_initial,ESN:initial,0.7216838224603382
F_optimized_summarized_ESN,2,bismuth,42,esn_u007_min,ESN:min,0.702005859510016
F_optimized_summarized_ESN,2,bismuth,42,esn_u000_max,ESN:max,0.6626784661801071
F_optimized_summarized_ESN,2,bismuth,42,esn_u008_initial,ESN:initial,0.5438403090683263
F_optimized_summarized_ESN,2,bismuth,42,esn_u001_initial,ESN:initial,0.506110739699584
F_optimized_summarized_ESN,2,bismuth,42,esn_u002_initial,ESN:initial,0.48075479517297276
F_optimized_summarized_ESN,2,bismuth,42,esn_u006_min,ESN:min,0.4646148709938057
F_optimized_summarized_ESN,2,bismuth,42,esn_u005_initial,ESN:initial,0.4593553671216316
F_optimized_summarized_ESN,2,bismuth,42,esn_u010_mean,ESN:mean,0.4577765648742883
F_optimized_summarized_ESN,2,bismuth,42,esn_u006_net_change,ESN:net_change,0.3951570829676085
F_optimized_summarized_ESN,2,bismuth,42,esn_u001_mean,ESN:mean,0.3801394399040228
F_optimized_summarized_ESN,2,bismuth,42,esn_u009_abs_auc,ESN:abs_auc,0.36897369388967866
F_optimized_summarized_ESN,2,bismuth,42,esn_u003_std,ESN:std,0.3650171774144085
F_optimized_summarized_ESN,2,bismuth,42,esn_u001_max,ESN:max,0.36385685287118025
F_optimized_summarized_ESN,2,bismuth,42,esn_u017_initial,ESN:initial,0.3285049977303648
F_optimized_summarized_ESN,2,bismuth,42,esn_u003_slope,ESN:slope,0.3228270161540756
F_optimized_summarized_ESN,2,bismuth,42,esn_u002_max,ESN:max,0.32024006307409125
F_optimized_summarized_ESN,2,bismuth,42,esn_u011_std,ESN:std,0.30436644288845205
F_optimized_summarized_ESN,2,bismuth,42,esn_u016_std,ESN:std,0.2948650968336566
F_optimized_summarized_ESN,2,bismuth,42,esn_u015_abs_auc,ESN:abs_auc,0.2912509712072079
F_optimized_summarized_ESN,2,bismuth,42,esn_u006_slope,ESN:slope,0.27264773508790874
F_optimized_summarized_ESN,2,bismuth,42,esn_u002_abs_auc,ESN:abs_auc,0.2673977420726464
F_optimized_summarized_ESN,2,bismuth,42,esn_u016_slope,ESN:slope,0.2625091616200289
F_optimized_summarized_ESN,2,bismuth,42,esn_u003_abs_auc,ESN:abs_auc,0.23930267075546346
F_optimized_summarized_ESN,2,bismuth,42,esn_u011_slope,ESN:slope,0.21711384158045066
F_optimized_summarized_ESN,2,bismuth,42,esn_u006_std,ESN:std,0.211939935420482
F_optimized_summarized_ESN,2,bismuth,42,esn_u000_abs_auc,ESN:abs_auc,0.1581845721555132
F_optimized_summarized_ESN,2,bismuth,42,esn_u004_max,ESN:max,0.11640337774238375
F_optimized_summarized_ESN,2,bismuth,42,esn_u011_net_change,ESN:net_change,0.11566153090327061
F_optimized_summarized_ESN,2,bismuth,42,esn_u010_slope,ESN:slope,0.04183825955459973
F_optimized_summarized_ESN,2,bismuth,42,esn_u016_abs_auc,ESN:abs_auc,0.03880429619976515
F_optimized_summarized_ESN,2,bismuth,42,esn_u015_mean,ESN:mean,0.037710547654918825
F_optimized_summarized_ESN,2,bismuth,42,esn_u006_abs_auc,ESN:abs_auc,0.03723500480933347
F_optimized_summarized_ESN,2,bismuth,43,esn_u003_max,ESN:max,0.7981511120304636
F_optimized_summarized_ESN,2,bismuth,43,esn_u013_initial,ESN:initial,0.7830764038254078
F_optimized_summarized_ESN,2,bismuth,43,esn_u006_min,ESN:min,0.7555519839229273
F_optimized_summarized_ESN,2,bismuth,43,esn_u004_initial,ESN:initial,0.7266389789113374
F_optimized_summarized_ESN,2,bismuth,43,esn_u015_initial,ESN:initial,0.717204208854924
F_optimized_summarized_ESN,2,bismuth,43,esn_u016_initial,ESN:initial,0.6250249836666584
F_optimized_summarized_ESN,2,bismuth,43,esn_u018_initial,ESN:initial,0.6202600443538931
F_optimized_summarized_ESN,2,bismuth,43,esn_u016_max,ESN:max,0.5901772039421634
F_optimized_summarized_ESN,2,bismuth,43,esn_u003_initial,ESN:initial,0.5666473439426
F_optimized_summarized_ESN,2,bismuth,43,esn_u010_initial,ESN:initial,0.5430413970877428
F_optimized_summarized_ESN,2,bismuth,43,esn_u012_max,ESN:max,0.5376297195049815
F_optimized_summarized_ESN,2,bismuth,43,esn_u007_std,ESN:std,0.4577004780189946
F_optimized_summarized_ESN,2,bismuth,43,esn_u007_initial,ESN:initial,0.44176979269188515
F_optimized_summarized_ESN,2,bismuth,43,esn_u000_initial,ESN:initial,0.3857128020542832
F_optimized_summarized_ESN,2,bismuth,43,esn_u007_max,ESN:max,0.38342068553856185
F_optimized_summarized_ESN,2,bismuth,43,esn_u003_abs_auc,ESN:abs_auc,0.3710946149809894
F_optimized_summarized_ESN,2,bismuth,43,esn_u012_mean,ESN:mean,0.3661489693869016
F_optimized_summarized_ESN,2,bismuth,43,esn_u008_initial,ESN:initial,0.3606516940919349
F_optimized_summarized_ESN,2,bismuth,43,esn_u013_slope,ESN:slope,0.3574180027419545
F_optimized_summarized_ESN,2,bismuth,43,esn_u014_mean,ESN:mean,0.30342486805419305
F_optimized_summarized_ESN,2,bismuth,43,esn_u019_abs_auc,ESN:abs_auc,0.2758243612964189
F_optimized_summarized_ESN,2,bismuth,43,esn_u004_abs_auc,ESN:abs_auc,0.25028771048848525
F_optimized_summarized_ESN,2,bismuth,43,esn_u019_max,ESN:max,0.24332576322911562
F_optimized_summarized_ESN,2,bismuth,43,esn_u015_max,ESN:max,0.23979723531487226
F_optimized_summarized_ESN,2,bismuth,43,esn_u018_min,ESN:min,0.21713286329427414
F_optimized_summarized_ESN,2,bismuth,43,esn_u015_slope,ESN:slope,0.19269947188809847
F_optimized_summarized_ESN,2,bismuth,43,esn_u014_net_change,ESN:net_change,0.18015465162155675
F_optimized_summarized_ESN,2,bismuth,43,esn_u012_abs_auc,ESN:abs_auc,0.15211664544584405
F_optimized_summarized_ESN,2,bismuth,43,esn_u018_mean,ESN:mean,0.14228241939913888
F_optimized_summarized_ESN,2,bismuth,43,esn_u011_mean,ESN:mean,0.1159468566106218
F_optimized_summarized_ESN,2,bismuth,43,esn_u018_abs_auc,ESN:abs_auc,0.09760041362793874
F_optimized_summarized_ESN,2,bismuth,43,esn_u013_mean,ESN:mean,0.08960178296519301
F_optimized_summarized_ESN,2,bismuth,43,esn_u009_abs_auc,ESN:abs_auc,0.06227709105785839
F_optimized_summarized_ESN,2,bismuth,43,esn_u009_slope,ESN:slope,0.0027676593613067796
F_optimized_summarized_ESN,2,bismuth,43,esn_u000_std,ESN:std,0.0023777142279267863
F_optimized_summarized_ESN,2,bismuth,44,esn_u016_initial,ESN:initial,0.8059690364118869
F_optimized_summarized_ESN,2,bismuth,44,esn_u007_min,ESN:min,0.7782068450866136
F_optimized_summarized_ESN,2,bismuth,44,esn_u008_max,ESN:max,0.7771321182555908
F_optimized_summarized_ESN,2,bismuth,44,esn_u014_max,ESN:max,0.7635601254425847
F_optimized_summarized_ESN,2,bismuth,44,esn_u009_min,ESN:min,0.7309854405199877
F_optimized_summarized_ESN,2,bismuth,44,esn_u003_initial,ESN:initial,0.6898985386614128
F_optimized_summarized_ESN,2,bismuth,44,esn_u002_max,ESN:max,0.6732925824935722
F_optimized_summarized_ESN,2,bismuth,44,esn_u015_initial,ESN:initial,0.648745060804456
F_optimized_summarized_ESN,2,bismuth,44,esn_u019_std,ESN:std,0.6358958931167397
F_optimized_summarized_ESN,2,bismuth,44,esn_u004_initial,ESN:initial,0.5776133619617982
F_optimized_summarized_ESN,2,bismuth,44,esn_u019_initial,ESN:initial,0.5599707223905815
F_optimized_summarized_ESN,2,bismuth,44,esn_u014_initial,ESN:initial,0.5389517286157087
F_optimized_summarized_ESN,2,bismuth,44,esn_u018_initial,ESN:initial,0.48886755611865895
F_optimized_summarized_ESN,2,bismuth,44,esn_u012_mean,ESN:mean,0.4581569991507565
F_optimized_summarized_ESN,2,bismuth,44,esn_u002_std,ESN:std,0.39890436059082107
F_optimized_summarized_ESN,2,bismuth,44,esn_u016_mean,ESN:mean,0.38424813008988035
F_optimized_summarized_ESN,2,bismuth,44,esn_u010_mean,ESN:mean,0.38167068786680775
F_optimized_summarized_ESN,2,bismuth,44,esn_u006_abs_auc,ESN:abs_auc,0.3772291176890405
F_optimized_summarized_ESN,2,bismuth,44,esn_u001_slope,ESN:slope,0.3627440826125105
F_optimized_summarized_ESN,2,bismuth,44,esn_u018_abs_auc,ESN:abs_auc,0.29883112416583846
F_optimized_summarized_ESN,2,bismuth,44,esn_u002_net_change,ESN:net_change,0.2894439083939835
F_optimized_summarized_ESN,2,bismuth,44,esn_u009_mean,ESN:mean,0.2478719528329116
F_optimized_summarized_ESN,2,bismuth,44,esn_u003_std,ESN:std,0.20407445675450023
F_optimized_summarized_ESN,2,bismuth,44,esn_u009_max,ESN:max,0.1976926717667447
F_optimized_summarized_ESN,2,bismuth,44,esn_u015_slope,ESN:slope,0.1975309871992457
F_optimized_summarized_ESN,2,bismuth,44,esn_u013_abs_auc,ESN:abs_auc,0.19467773012573356
F_optimized_summarized_ESN,2,bismuth,44,esn_u004_net_change,ESN:net_change,0.16715331022325308
F_optimized_summarized_ESN,2,bismuth,44,esn_u003_slope,ESN:slope,0.16511798684414775
F_optimized_summarized_ESN,2,bismuth,44,esn_u002_slope,ESN:slope,0.14159763770149597
F_optimized_summarized_ESN,2,bismuth,44,esn_u000_std,ESN:std,0.08724309045108963
F_optimized_summarized_ESN,2,bismuth,44,esn_u009_abs_auc,ESN:abs_auc,0.03604614769537008
F_optimized_summarized_ESN,2,bismuth,44,esn_u009_mean_abs,ESN:mean_abs,0.02708692048454195
G_optimized_summarized_ESN_plus_thermal,2,bismuth,42,thermal_secondary_late_slope,Thermal:late_slope,0.8001579028388337
G_optimized_summarized_ESN_plus_thermal,2,bismuth,42,esn_u013_max,ESN:max,0.8000437725558933
G_optimized_summarized_ESN_plus_thermal,2,bismuth,42,thermal_secondary_final_change,Thermal:final_change,0.7816783078593867
G_optimized_summarized_ESN_plus_thermal,2,bismuth,42,thermal_secondary_middle_slope,Thermal:middle_slope,0.7757054897188348
G_optimized_summarized_ESN_plus_thermal,2,bismuth,42,esn_u003_initial,ESN:initial,0.7655859379647784
G_optimized_summarized_ESN_plus_thermal,2,bismuth,42,esn_u007_initial,ESN:initial,0.7483522652407649
G_optimized_summarized_ESN_plus_thermal,2,bismuth,42,esn_u012_initial,ESN:initial,0.7410954814171324
G_optimized_summarized_ESN_plus_thermal,2,bismuth,42,esn_u016_initial,ESN:initial,0.7217313767448966
G_optimized_summarized_ESN_plus_thermal,2,bismuth,42,esn_u015_initial,ESN:initial,0.7216838224603382
G_optimized_summarized_ESN_plus_thermal,2,bismuth,42,thermal_primary_late_slope,Thermal:late_slope,0.7201145310699064
G_optimized_summarized_ESN_plus_thermal,2,bismuth,42,esn_u007_min,ESN:min,0.702005859510016
G_optimized_summarized_ESN_plus_thermal,2,bismuth,42,thermal_difference_late_slope,Thermal:late_slope,0.6950724448213816
G_optimized_summarized_ESN_plus_thermal,2,bismuth,42,esn_u000_max,ESN:max,0.6626784661801071
G_optimized_summarized_ESN_plus_thermal,2,bismuth,42,thermal_secondary_max_abs_rate,Thermal:max_abs_rate,0.6573714080233745
G_optimized_summarized_ESN_plus_thermal,2,bismuth,42,esn_u008_initial,ESN:initial,0.5438403090683263
G_optimized_summarized_ESN_plus_thermal,2,bismuth,42,esn_u001_initial,ESN:initial,0.506110739699584
G_optimized_summarized_ESN_plus_thermal,2,bismuth,42,esn_u002_initial,ESN:initial,0.48075479517297276
G_optimized_summarized_ESN_plus_thermal,2,bismuth,42,esn_u006_min,ESN:min,0.4646148709938057
G_optimized_summarized_ESN_plus_thermal,2,bismuth,42,thermal_secondary_primary_auc_ratio,Thermal:cross_sensor,0.461390690500737
G_optimized_summarized_ESN_plus_thermal,2,bismuth,42,esn_u005_initial,ESN:initial,0.4593553671216316
G_optimized_summarized_ESN_plus_thermal,2,bismuth,42,esn_u010_mean,ESN:mean,0.4577765648742883
G_optimized_summarized_ESN_plus_thermal,2,bismuth,42,thermal_secondary_early_slope,Thermal:early_slope,0.42382280569949377
G_optimized_summarized_ESN_plus_thermal,2,bismuth,42,esn_u006_net_change,ESN:net_change,0.3951570829676085
G_optimized_summarized_ESN_plus_thermal,2,bismuth,42,esn_u001_mean,ESN:mean,0.3801394399040228
G_optimized_summarized_ESN_plus_thermal,2,bismuth,42,esn_u009_abs_auc,ESN:abs_auc,0.36897369388967866
G_optimized_summarized_ESN_plus_thermal,2,bismuth,42,esn_u003_std,ESN:std,0.3650171774144085
G_optimized_summarized_ESN_plus_thermal,2,bismuth,42,esn_u001_max,ESN:max,0.36385685287118025
G_optimized_summarized_ESN_plus_thermal,2,bismuth,42,esn_u017_initial,ESN:initial,0.3285049977303648
G_optimized_summarized_ESN_plus_thermal,2,bismuth,42,esn_u003_slope,ESN:slope,0.3228270161540756
G_optimized_summarized_ESN_plus_thermal,2,bismuth,42,esn_u002_max,ESN:max,0.32024006307409125
G_optimized_summarized_ESN_plus_thermal,2,bismuth,42,esn_u011_std,ESN:std,0.30436644288845205
G_optimized_summarized_ESN_plus_thermal,2,bismuth,42,thermal_initial_sensor_difference,Thermal:cross_sensor,0.2976327561949634
G_optimized_summarized_ESN_plus_thermal,2,bismuth,42,esn_u016_std,ESN:std,0.2948650968336566
G_optimized_summarized_ESN_plus_thermal,2,bismuth,42,esn_u015_abs_auc,ESN:abs_auc,0.2912509712072079
G_optimized_summarized_ESN_plus_thermal,2,bismuth,42,esn_u006_slope,ESN:slope,0.27264773508790874
G_optimized_summarized_ESN_plus_thermal,2,bismuth,42,esn_u002_abs_auc,ESN:abs_auc,0.2673977420726464
G_optimized_summarized_ESN_plus_thermal,2,bismuth,42,esn_u016_slope,ESN:slope,0.2625091616200289
G_optimized_summarized_ESN_plus_thermal,2,bismuth,42,esn_u003_abs_auc,ESN:abs_auc,0.23930267075546346
G_optimized_summarized_ESN_plus_thermal,2,bismuth,42,esn_u011_slope,ESN:slope,0.21711384158045066
G_optimized_summarized_ESN_plus_thermal,2,bismuth,42,esn_u006_std,ESN:std,0.211939935420482
G_optimized_summarized_ESN_plus_thermal,2,bismuth,42,esn_u000_abs_auc,ESN:abs_auc,0.1581845721555132
G_optimized_summarized_ESN_plus_thermal,2,bismuth,42,esn_u004_max,ESN:max,0.11640337774238375
G_optimized_summarized_ESN_plus_thermal,2,bismuth,42,esn_u011_net_change,ESN:net_change,0.11566153090327061
G_optimized_summarized_ESN_plus_thermal,2,bismuth,42,esn_u010_slope,ESN:slope,0.04183825955459973
G_optimized_summarized_ESN_plus_thermal,2,bismuth,42,esn_u016_abs_auc,ESN:abs_auc,0.03880429619976515
G_optimized_summarized_ESN_plus_thermal,2,bismuth,42,esn_u015_mean,ESN:mean,0.037710547654918825
G_optimized_summarized_ESN_plus_thermal,2,bismuth,42,esn_u006_abs_auc,ESN:abs_auc,0.03723500480933347
G_optimized_summarized_ESN_plus_thermal,2,bismuth,43,thermal_secondary_late_slope,Thermal:late_slope,0.8001579028388337
G_optimized_summarized_ESN_plus_thermal,2,bismuth,43,esn_u003_max,ESN:max,0.7981511120304636
G_optimized_summarized_ESN_plus_thermal,2,bismuth,43,esn_u013_initial,ESN:initial,0.7830764038254078
G_optimized_summarized_ESN_plus_thermal,2,bismuth,43,thermal_secondary_final_change,Thermal:final_change,0.7816783078593867
G_optimized_summarized_ESN_plus_thermal,2,bismuth,43,thermal_secondary_middle_slope,Thermal:middle_slope,0.7757054897188348
G_optimized_summarized_ESN_plus_thermal,2,bismuth,43,esn_u006_min,ESN:min,0.7555519839229273
G_optimized_summarized_ESN_plus_thermal,2,bismuth,43,esn_u004_initial,ESN:initial,0.7266389789113374
G_optimized_summarized_ESN_plus_thermal,2,bismuth,43,thermal_primary_late_slope,Thermal:late_slope,0.7201145310699064
G_optimized_summarized_ESN_plus_thermal,2,bismuth,43,esn_u015_initial,ESN:initial,0.717204208854924
G_optimized_summarized_ESN_plus_thermal,2,bismuth,43,thermal_difference_late_slope,Thermal:late_slope,0.6950724448213816
G_optimized_summarized_ESN_plus_thermal,2,bismuth,43,thermal_secondary_max_abs_rate,Thermal:max_abs_rate,0.6573714080233745
G_optimized_summarized_ESN_plus_thermal,2,bismuth,43,esn_u016_initial,ESN:initial,0.6250249836666584
G_optimized_summarized_ESN_plus_thermal,2,bismuth,43,esn_u018_initial,ESN:initial,0.6202600443538931
G_optimized_summarized_ESN_plus_thermal,2,bismuth,43,esn_u016_max,ESN:max,0.5901772039421634
G_optimized_summarized_ESN_plus_thermal,2,bismuth,43,esn_u003_initial,ESN:initial,0.5666473439426
G_optimized_summarized_ESN_plus_thermal,2,bismuth,43,esn_u010_initial,ESN:initial,0.5430413970877428
G_optimized_summarized_ESN_plus_thermal,2,bismuth,43,esn_u012_max,ESN:max,0.5376297195049815
G_optimized_summarized_ESN_plus_thermal,2,bismuth,43,thermal_secondary_primary_auc_ratio,Thermal:cross_sensor,0.461390690500737
G_optimized_summarized_ESN_plus_thermal,2,bismuth,43,esn_u007_std,ESN:std,0.4577004780189946
G_optimized_summarized_ESN_plus_thermal,2,bismuth,43,esn_u007_initial,ESN:initial,0.44176979269188515
G_optimized_summarized_ESN_plus_thermal,2,bismuth,43,thermal_secondary_early_slope,Thermal:early_slope,0.42382280569949377
G_optimized_summarized_ESN_plus_thermal,2,bismuth,43,esn_u000_initial,ESN:initial,0.3857128020542832
G_optimized_summarized_ESN_plus_thermal,2,bismuth,43,esn_u007_max,ESN:max,0.38342068553856185
G_optimized_summarized_ESN_plus_thermal,2,bismuth,43,esn_u003_abs_auc,ESN:abs_auc,0.3710946149809894
G_optimized_summarized_ESN_plus_thermal,2,bismuth,43,esn_u012_mean,ESN:mean,0.3661489693869016
G_optimized_summarized_ESN_plus_thermal,2,bismuth,43,esn_u008_initial,ESN:initial,0.3606516940919349
G_optimized_summarized_ESN_plus_thermal,2,bismuth,43,esn_u013_slope,ESN:slope,0.3574180027419545
G_optimized_summarized_ESN_plus_thermal,2,bismuth,43,esn_u014_mean,ESN:mean,0.30342486805419305
G_optimized_summarized_ESN_plus_thermal,2,bismuth,43,thermal_initial_sensor_difference,Thermal:cross_sensor,0.2976327561949634
G_optimized_summarized_ESN_plus_thermal,2,bismuth,43,esn_u019_abs_auc,ESN:abs_auc,0.2758243612964189
G_optimized_summarized_ESN_plus_thermal,2,bismuth,43,esn_u004_abs_auc,ESN:abs_auc,0.25028771048848525
G_optimized_summarized_ESN_plus_thermal,2,bismuth,43,esn_u019_max,ESN:max,0.24332576322911562
G_optimized_summarized_ESN_plus_thermal,2,bismuth,43,esn_u015_max,ESN:max,0.23979723531487226
G_optimized_summarized_ESN_plus_thermal,2,bismuth,43,esn_u018_min,ESN:min,0.21713286329427414
G_optimized_summarized_ESN_plus_thermal,2,bismuth,43,esn_u015_slope,ESN:slope,0.19269947188809847
G_optimized_summarized_ESN_plus_thermal,2,bismuth,43,esn_u014_net_change,ESN:net_change,0.18015465162155675
G_optimized_summarized_ESN_plus_thermal,2,bismuth,43,esn_u012_abs_auc,ESN:abs_auc,0.15211664544584405
G_optimized_summarized_ESN_plus_thermal,2,bismuth,43,esn_u018_mean,ESN:mean,0.14228241939913888
G_optimized_summarized_ESN_plus_thermal,2,bismuth,43,esn_u011_mean,ESN:mean,0.1159468566106218
G_optimized_summarized_ESN_plus_thermal,2,bismuth,43,esn_u018_abs_auc,ESN:abs_auc,0.09760041362793874
G_optimized_summarized_ESN_plus_thermal,2,bismuth,43,esn_u013_mean,ESN:mean,0.08960178296519301
G_optimized_summarized_ESN_plus_thermal,2,bismuth,43,esn_u009_abs_auc,ESN:abs_auc,0.06227709105785839
G_optimized_summarized_ESN_plus_thermal,2,bismuth,43,esn_u009_slope,ESN:slope,0.0027676593613067796
G_optimized_summarized_ESN_plus_thermal,2,bismuth,43,esn_u000_std,ESN:std,0.0023777142279267863
G_optimized_summarized_ESN_plus_thermal,2,bismuth,44,esn_u016_initial,ESN:initial,0.8059690364118869
G_optimized_summarized_ESN_plus_thermal,2,bismuth,44,thermal_secondary_late_slope,Thermal:late_slope,0.8001579028388337
G_optimized_summarized_ESN_plus_thermal,2,bismuth,44,thermal_secondary_final_change,Thermal:final_change,0.7816783078593867
G_optimized_summarized_ESN_plus_thermal,2,bismuth,44,esn_u008_max,ESN:max,0.7771321182555908
G_optimized_summarized_ESN_plus_thermal,2,bismuth,44,esn_u014_max,ESN:max,0.7635601254425847
G_optimized_summarized_ESN_plus_thermal,2,bismuth,44,esn_u009_min,ESN:min,0.7309854405199877
G_optimized_summarized_ESN_plus_thermal,2,bismuth,44,thermal_primary_late_slope,Thermal:late_slope,0.7201145310699064
G_optimized_summarized_ESN_plus_thermal,2,bismuth,44,thermal_difference_late_slope,Thermal:late_slope,0.6950724448213816
G_optimized_summarized_ESN_plus_thermal,2,bismuth,44,esn_u003_initial,ESN:initial,0.6898985386614128
G_optimized_summarized_ESN_plus_thermal,2,bismuth,44,esn_u002_max,ESN:max,0.6732925824935722
G_optimized_summarized_ESN_plus_thermal,2,bismuth,44,thermal_secondary_max_abs_rate,Thermal:max_abs_rate,0.6573714080233745
G_optimized_summarized_ESN_plus_thermal,2,bismuth,44,esn_u015_initial,ESN:initial,0.648745060804456
G_optimized_summarized_ESN_plus_thermal,2,bismuth,44,esn_u019_std,ESN:std,0.6358958931167397
G_optimized_summarized_ESN_plus_thermal,2,bismuth,44,esn_u004_initial,ESN:initial,0.5776133619617982
G_optimized_summarized_ESN_plus_thermal,2,bismuth,44,esn_u019_initial,ESN:initial,0.5599707223905815
G_optimized_summarized_ESN_plus_thermal,2,bismuth,44,esn_u014_initial,ESN:initial,0.5389517286157087
G_optimized_summarized_ESN_plus_thermal,2,bismuth,44,esn_u018_initial,ESN:initial,0.48886755611865895
G_optimized_summarized_ESN_plus_thermal,2,bismuth,44,thermal_secondary_primary_auc_ratio,Thermal:cross_sensor,0.461390690500737
G_optimized_summarized_ESN_plus_thermal,2,bismuth,44,esn_u012_mean,ESN:mean,0.4581569991507565
G_optimized_summarized_ESN_plus_thermal,2,bismuth,44,thermal_secondary_early_slope,Thermal:early_slope,0.42382280569949377
G_optimized_summarized_ESN_plus_thermal,2,bismuth,44,esn_u002_std,ESN:std,0.39890436059082107
G_optimized_summarized_ESN_plus_thermal,2,bismuth,44,esn_u016_mean,ESN:mean,0.38424813008988035
G_optimized_summarized_ESN_plus_thermal,2,bismuth,44,esn_u010_mean,ESN:mean,0.38167068786680775
G_optimized_summarized_ESN_plus_thermal,2,bismuth,44,esn_u006_abs_auc,ESN:abs_auc,0.3772291176890405
G_optimized_summarized_ESN_plus_thermal,2,bismuth,44,esn_u001_slope,ESN:slope,0.3627440826125105
G_optimized_summarized_ESN_plus_thermal,2,bismuth,44,esn_u018_abs_auc,ESN:abs_auc,0.29883112416583846
G_optimized_summarized_ESN_plus_thermal,2,bismuth,44,thermal_initial_sensor_difference,Thermal:cross_sensor,0.2976327561949634
G_optimized_summarized_ESN_plus_thermal,2,bismuth,44,esn_u002_net_change,ESN:net_change,0.2894439083939835
G_optimized_summarized_ESN_plus_thermal,2,bismuth,44,esn_u009_mean,ESN:mean,0.2478719528329116
G_optimized_summarized_ESN_plus_thermal,2,bismuth,44,esn_u003_std,ESN:std,0.20407445675450023
G_optimized_summarized_ESN_plus_thermal,2,bismuth,44,esn_u009_max,ESN:max,0.1976926717667447
G_optimized_summarized_ESN_plus_thermal,2,bismuth,44,esn_u015_slope,ESN:slope,0.1975309871992457
G_optimized_summarized_ESN_plus_thermal,2,bismuth,44,esn_u013_abs_auc,ESN:abs_auc,0.19467773012573356
G_optimized_summarized_ESN_plus_thermal,2,bismuth,44,esn_u004_net_change,ESN:net_change,0.16715331022325308
G_optimized_summarized_ESN_plus_thermal,2,bismuth,44,esn_u003_slope,ESN:slope,0.16511798684414775
G_optimized_summarized_ESN_plus_thermal,2,bismuth,44,esn_u002_slope,ESN:slope,0.14159763770149597
G_optimized_summarized_ESN_plus_thermal,2,bismuth,44,esn_u000_std,ESN:std,0.08724309045108963
G_optimized_summarized_ESN_plus_thermal,2,bismuth,44,esn_u009_abs_auc,ESN:abs_auc,0.03604614769537008
G_optimized_summarized_ESN_plus_thermal,2,bismuth,44,esn_u009_mean_abs,ESN:mean_abs,0.02708692048454195
F_optimized_summarized_ESN,3,cement,42,esn_u013_max,ESN:max,0.780403853033218
F_optimized_summarized_ESN,3,cement,42,esn_u003_max,ESN:max,0.7754391857253069
F_optimized_summarized_ESN,3,cement,42,esn_u003_initial,ESN:initial,0.7375859752167124
F_optimized_summarized_ESN,3,cement,42,esn_u012_initial,ESN:initial,0.7257069149339903
F_optimized_summarized_ESN,3,cement,42,esn_u015_min,ESN:min,0.7222069195904821
F_optimized_summarized_ESN,3,cement,42,esn_u016_initial,ESN:initial,0.7072748742391018
F_optimized_summarized_ESN,3,cement,42,esn_u005_max,ESN:max,0.6765928498419347
F_optimized_summarized_ESN,3,cement,42,esn_u000_max,ESN:max,0.66141352221085
F_optimized_summarized_ESN,3,cement,42,esn_u008_initial,ESN:initial,0.5249232146709407
F_optimized_summarized_ESN,3,cement,42,esn_u001_initial,ESN:initial,0.5128824698207195
F_optimized_summarized_ESN,3,cement,42,esn_u002_initial,ESN:initial,0.5011365615347612
F_optimized_summarized_ESN,3,cement,42,esn_u006_min,ESN:min,0.48105914259414734
F_optimized_summarized_ESN,3,cement,42,esn_u010_mean,ESN:mean,0.44476571261907294
F_optimized_summarized_ESN,3,cement,42,esn_u005_initial,ESN:initial,0.4372426248019126
F_optimized_summarized_ESN,3,cement,42,esn_u006_net_change,ESN:net_change,0.39503344182775624
F_optimized_summarized_ESN,3,cement,42,esn_u001_max,ESN:max,0.3741666217634708
F_optimized_summarized_ESN,3,cement,42,esn_u001_mean,ESN:mean,0.3670525007935138
F_optimized_summarized_ESN,3,cement,42,esn_u009_abs_auc,ESN:abs_auc,0.365454676832347
F_optimized_summarized_ESN,3,cement,42,esn_u003_std,ESN:std,0.3616313123538408
F_optimized_summarized_ESN,3,cement,42,esn_u002_max,ESN:max,0.334278087875771
F_optimized_summarized_ESN,3,cement,42,esn_u003_slope,ESN:slope,0.3213147899051142
F_optimized_summarized_ESN,3,cement,42,esn_u019_initial,ESN:initial,0.3186422391129245
F_optimized_summarized_ESN,3,cement,42,esn_u011_std,ESN:std,0.3153895260491206
F_optimized_summarized_ESN,3,cement,42,esn_u015_abs_auc,ESN:abs_auc,0.2888066809808991
F_optimized_summarized_ESN,3,cement,42,esn_u011_max,ESN:max,0.27210561624394136
F_optimized_summarized_ESN,3,cement,42,esn_u006_slope,ESN:slope,0.26892899003543125
F_optimized_summarized_ESN,3,cement,42,esn_u003_abs_auc,ESN:abs_auc,0.23555539313225085
F_optimized_summarized_ESN,3,cement,42,esn_u011_slope,ESN:slope,0.2256355693733403
F_optimized_summarized_ESN,3,cement,42,esn_u019_abs_auc,ESN:abs_auc,0.22452279911467057
F_optimized_summarized_ESN,3,cement,42,esn_u006_std,ESN:std,0.21314781424826884
F_optimized_summarized_ESN,3,cement,42,esn_u005_slope,ESN:slope,0.1779861762456875
F_optimized_summarized_ESN,3,cement,42,esn_u016_mean,ESN:mean,0.06334230703196958
F_optimized_summarized_ESN,3,cement,42,esn_u010_slope,ESN:slope,0.04093472814798755
F_optimized_summarized_ESN,3,cement,42,esn_u015_mean,ESN:mean,0.03877576362903003
F_optimized_summarized_ESN,3,cement,42,esn_u016_abs_auc,ESN:abs_auc,0.03870918763064808
F_optimized_summarized_ESN,3,cement,42,esn_u006_abs_auc,ESN:abs_auc,0.03482875801067156
F_optimized_summarized_ESN,3,cement,43,esn_u003_max,ESN:max,0.7772842919661782
F_optimized_summarized_ESN,3,cement,43,esn_u013_initial,ESN:initial,0.7533264434055879
F_optimized_summarized_ESN,3,cement,43,esn_u011_min,ESN:min,0.7395452117405242
F_optimized_summarized_ESN,3,cement,43,esn_u002_initial,ESN:initial,0.6429814815159616
F_optimized_summarized_ESN,3,cement,43,esn_u016_initial,ESN:initial,0.6314257903682373
F_optimized_summarized_ESN,3,cement,43,esn_u018_initial,ESN:initial,0.6101024491721899
F_optimized_summarized_ESN,3,cement,43,esn_u016_max,ESN:max,0.5823117252761816
F_optimized_summarized_ESN,3,cement,43,esn_u003_initial,ESN:initial,0.5796867287685505
F_optimized_summarized_ESN,3,cement,43,esn_u010_initial,ESN:initial,0.5406351502890809
F_optimized_summarized_ESN,3,cement,43,esn_u012_max,ESN:max,0.5364884166755766
F_optimized_summarized_ESN,3,cement,43,esn_u017_std,ESN:std,0.4440238657799597
F_optimized_summarized_ESN,3,cement,43,esn_u007_initial,ESN:initial,0.43658637567500475
F_optimized_summarized_ESN,3,cement,43,esn_u000_initial,ESN:initial,0.38353481582150234
F_optimized_summarized_ESN,3,cement,43,esn_u007_max,ESN:max,0.3702196161451123
F_optimized_summarized_ESN,3,cement,43,esn_u008_initial,ESN:initial,0.3687644550376211
F_optimized_summarized_ESN,3,cement,43,esn_u003_abs_auc,ESN:abs_auc,0.36541663340470015
F_optimized_summarized_ESN,3,cement,43,esn_u012_mean,ESN:mean,0.36099408494075635
F_optimized_summarized_ESN,3,cement,43,esn_u008_slope,ESN:slope,0.2804371268985969
F_optimized_summarized_ESN,3,cement,43,esn_u019_abs_auc,ESN:abs_auc,0.2746164824686321
F_optimized_summarized_ESN,3,cement,43,esn_u019_max,ESN:max,0.2592564485562251
F_optimized_summarized_ESN,3,cement,43,esn_u004_abs_auc,ESN:abs_auc,0.24352549122426145
F_optimized_summarized_ESN,3,cement,43,esn_u015_max,ESN:max,0.23451870972887479
F_optimized_summarized_ESN,3,cement,43,esn_u015_mean,ESN:mean,0.23272115777256214
F_optimized_summarized_ESN,3,cement,43,esn_u018_min,ESN:min,0.21988150094175749
F_optimized_summarized_ESN,3,cement,43,esn_u015_slope,ESN:slope,0.19165327762781065
F_optimized_summarized_ESN,3,cement,43,esn_u014_net_change,ESN:net_change,0.17693047112848803
F_optimized_summarized_ESN,3,cement,43,esn_u012_abs_auc,ESN:abs_auc,0.15063295176761776
F_optimized_summarized_ESN,3,cement,43,esn_u018_mean,ESN:mean,0.141207692568116
F_optimized_summarized_ESN,3,cement,43,esn_u011_mean,ESN:mean,0.12016016622250807
F_optimized_summarized_ESN,3,cement,43,esn_u018_abs_auc,ESN:abs_auc,0.09574579653015583
F_optimized_summarized_ESN,3,cement,43,esn_u013_mean,ESN:mean,0.09322541944855343
F_optimized_summarized_ESN,3,cement,43,esn_u009_abs_auc,ESN:abs_auc,0.061535244218745226
F_optimized_summarized_ESN,3,cement,43,esn_u009_slope,ESN:slope,0.0017499976717541149
F_optimized_summarized_ESN,3,cement,43,esn_u000_std,ESN:std,3.804342764682858e-05
F_optimized_summarized_ESN,3,cement,44,esn_u000_min,ESN:min,0.7816592861455635
F_optimized_summarized_ESN,3,cement,44,esn_u011_initial,ESN:initial,0.7434446630743241
F_optimized_summarized_ESN,3,cement,44,esn_u015_max,ESN:max,0.7308522885232238
F_optimized_summarized_ESN,3,cement,44,esn_u009_min,ESN:min,0.7159392648856671
F_optimized_summarized_ESN,3,cement,44,esn_u002_max,ESN:max,0.6601390673846813
F_optimized_summarized_ESN,3,cement,44,esn_u015_initial,ESN:initial,0.6424393626719943
F_optimized_summarized_ESN,3,cement,44,esn_u019_std,ESN:std,0.6322912783472027
F_optimized_summarized_ESN,3,cement,44,esn_u000_initial,ESN:initial,0.6105209268763051
F_optimized_summarized_ESN,3,cement,44,esn_u004_initial,ESN:initial,0.5598756138214646
F_optimized_summarized_ESN,3,cement,44,esn_u019_initial,ESN:initial,0.5489856826575599
F_optimized_summarized_ESN,3,cement,44,esn_u014_initial,ESN:initial,0.5382574360611542
F_optimized_summarized_ESN,3,cement,44,esn_u018_initial,ESN:initial,0.47566648672520945
F_optimized_summarized_ESN,3,cement,44,esn_u012_mean,ESN:mean,0.44424261548892907
F_optimized_summarized_ESN,3,cement,44,esn_u016_mean,ESN:mean,0.36973456244261527
F_optimized_summarized_ESN,3,cement,44,esn_u006_abs_auc,ESN:abs_auc,0.3691734218848245
F_optimized_summarized_ESN,3,cement,44,esn_u011_mean,ESN:mean,0.35698050332401593
F_optimized_summarized_ESN,3,cement,44,esn_u013_slope,ESN:slope,0.35032290348582096
F_optimized_summarized_ESN,3,cement,44,esn_u018_abs_auc,ESN:abs_auc,0.2953121071085068
F_optimized_summarized_ESN,3,cement,44,esn_u009_mean,ESN:mean,0.24335429579985074
F_optimized_summarized_ESN,3,cement,44,esn_u003_std,ESN:std,0.20577690014169578
F_optimized_summarized_ESN,3,cement,44,esn_u015_slope,ESN:slope,0.19677962950322084
F_optimized_summarized_ESN,3,cement,44,esn_u009_max,ESN:max,0.19468724098264523
F_optimized_summarized_ESN,3,cement,44,esn_u013_abs_auc,ESN:abs_auc,0.19269947188809847
F_optimized_summarized_ESN,3,cement,44,esn_u004_net_change,ESN:net_change,0.1710337398432296
F_optimized_summarized_ESN,3,cement,44,esn_u003_slope,ESN:slope,0.16421445543753557
F_optimized_summarized_ESN,3,cement,44,esn_u002_slope,ESN:slope,0.1407987257209126
F_optimized_summarized_ESN,3,cement,44,esn_u000_std,ESN:std,0.09052433608562861
F_optimized_summarized_ESN,3,cement,44,esn_u009_abs_auc,ESN:abs_auc,0.035047507719640825
F_optimized_summarized_ESN,3,cement,44,esn_u009_mean_abs,ESN:mean_abs,0.021998612036778626
G_optimized_summarized_ESN_plus_thermal,3,cement,42,thermal_secondary_late_slope,Thermal:late_slope,0.7829052084009971
G_optimized_summarized_ESN_plus_thermal,3,cement,42,thermal_final_sensor_difference,Thermal:cross_sensor,0.763293821449057
G_optimized_summarized_ESN_plus_thermal,3,cement,42,esn_u003_initial,ESN:initial,0.7375859752167124
G_optimized_summarized_ESN_plus_thermal,3,cement,42,thermal_difference_late_slope,Thermal:late_slope,0.728446041724562
G_optimized_summarized_ESN_plus_thermal,3,cement,42,esn_u012_initial,ESN:initial,0.7257069149339903
G_optimized_summarized_ESN_plus_thermal,3,cement,42,esn_u015_min,ESN:min,0.7222069195904821
G_optimized_summarized_ESN_plus_thermal,3,cement,42,thermal_primary_late_slope,Thermal:late_slope,0.7143889952090589
G_optimized_summarized_ESN_plus_thermal,3,cement,42,esn_u016_initial,ESN:initial,0.7072748742391018
G_optimized_summarized_ESN_plus_thermal,3,cement,42,thermal_secondary_response_auc,Thermal:response_auc,0.7047069428729409
G_optimized_summarized_ESN_plus_thermal,3,cement,42,esn_u005_max,ESN:max,0.6765928498419347
G_optimized_summarized_ESN_plus_thermal,3,cement,42,esn_u000_max,ESN:max,0.66141352221085
G_optimized_summarized_ESN_plus_thermal,3,cement,42,esn_u008_initial,ESN:initial,0.5249232146709407
G_optimized_summarized_ESN_plus_thermal,3,cement,42,esn_u001_initial,ESN:initial,0.5128824698207195
G_optimized_summarized_ESN_plus_thermal,3,cement,42,esn_u002_initial,ESN:initial,0.5011365615347612
G_optimized_summarized_ESN_plus_thermal,3,cement,42,esn_u006_min,ESN:min,0.48105914259414734
G_optimized_summarized_ESN_plus_thermal,3,cement,42,thermal_secondary_primary_auc_ratio,Thermal:cross_sensor,0.466165140670414
G_optimized_summarized_ESN_plus_thermal,3,cement,42,esn_u010_mean,ESN:mean,0.44476571261907294
G_optimized_summarized_ESN_plus_thermal,3,cement,42,esn_u005_initial,ESN:initial,0.4372426248019126
G_optimized_summarized_ESN_plus_thermal,3,cement,42,thermal_secondary_early_slope,Thermal:early_slope,0.429890732409163
G_optimized_summarized_ESN_plus_thermal,3,cement,42,esn_u006_net_change,ESN:net_change,0.39503344182775624
G_optimized_summarized_ESN_plus_thermal,3,cement,42,esn_u001_max,ESN:max,0.3741666217634708
G_optimized_summarized_ESN_plus_thermal,3,cement,42,esn_u001_mean,ESN:mean,0.3670525007935138
G_optimized_summarized_ESN_plus_thermal,3,cement,42,esn_u009_abs_auc,ESN:abs_auc,0.365454676832347
G_optimized_summarized_ESN_plus_thermal,3,cement,42,esn_u003_std,ESN:std,0.3616313123538408
G_optimized_summarized_ESN_plus_thermal,3,cement,42,esn_u002_max,ESN:max,0.334278087875771
G_optimized_summarized_ESN_plus_thermal,3,cement,42,esn_u003_slope,ESN:slope,0.3213147899051142
G_optimized_summarized_ESN_plus_thermal,3,cement,42,esn_u019_initial,ESN:initial,0.3186422391129245
G_optimized_summarized_ESN_plus_thermal,3,cement,42,esn_u011_std,ESN:std,0.3153895260491206
G_optimized_summarized_ESN_plus_thermal,3,cement,42,thermal_initial_sensor_difference,Thermal:cross_sensor,0.2975661801965814
G_optimized_summarized_ESN_plus_thermal,3,cement,42,esn_u015_abs_auc,ESN:abs_auc,0.2888066809808991
G_optimized_summarized_ESN_plus_thermal,3,cement,42,esn_u011_max,ESN:max,0.27210561624394136
G_optimized_summarized_ESN_plus_thermal,3,cement,42,esn_u006_slope,ESN:slope,0.26892899003543125
G_optimized_summarized_ESN_plus_thermal,3,cement,42,esn_u003_abs_auc,ESN:abs_auc,0.23555539313225085
G_optimized_summarized_ESN_plus_thermal,3,cement,42,esn_u011_slope,ESN:slope,0.2256355693733403
G_optimized_summarized_ESN_plus_thermal,3,cement,42,esn_u019_abs_auc,ESN:abs_auc,0.22452279911467057
G_optimized_summarized_ESN_plus_thermal,3,cement,42,esn_u006_std,ESN:std,0.21314781424826884
G_optimized_summarized_ESN_plus_thermal,3,cement,42,esn_u005_slope,ESN:slope,0.1779861762456875
G_optimized_summarized_ESN_plus_thermal,3,cement,42,esn_u016_mean,ESN:mean,0.06334230703196958
G_optimized_summarized_ESN_plus_thermal,3,cement,42,esn_u010_slope,ESN:slope,0.04093472814798755
G_optimized_summarized_ESN_plus_thermal,3,cement,42,esn_u015_mean,ESN:mean,0.03877576362903003
G_optimized_summarized_ESN_plus_thermal,3,cement,42,esn_u016_abs_auc,ESN:abs_auc,0.03870918763064808
G_optimized_summarized_ESN_plus_thermal,3,cement,42,esn_u006_abs_auc,ESN:abs_auc,0.03482875801067156
G_optimized_summarized_ESN_plus_thermal,3,cement,43,thermal_secondary_late_slope,Thermal:late_slope,0.7829052084009971
G_optimized_summarized_ESN_plus_thermal,3,cement,43,esn_u009_initial,ESN:initial,0.7732611994925259
G_optimized_summarized_ESN_plus_thermal,3,cement,43,esn_u013_initial,ESN:initial,0.7533264434055879
G_optimized_summarized_ESN_plus_thermal,3,cement,43,esn_u006_min,ESN:min,0.7355886952652541
G_optimized_summarized_ESN_plus_thermal,3,cement,43,thermal_difference_late_slope,Thermal:late_slope,0.728446041724562
G_optimized_summarized_ESN_plus_thermal,3,cement,43,thermal_primary_late_slope,Thermal:late_slope,0.7143889952090589
G_optimized_summarized_ESN_plus_thermal,3,cement,43,esn_u015_initial,ESN:initial,0.712401226114512
G_optimized_summarized_ESN_plus_thermal,3,cement,43,thermal_secondary_response_auc,Thermal:response_auc,0.7047069428729409
G_optimized_summarized_ESN_plus_thermal,3,cement,43,esn_u016_initial,ESN:initial,0.6314257903682373
G_optimized_summarized_ESN_plus_thermal,3,cement,43,esn_u018_initial,ESN:initial,0.6101024491721899
G_optimized_summarized_ESN_plus_thermal,3,cement,43,esn_u016_max,ESN:max,0.5823117252761816
G_optimized_summarized_ESN_plus_thermal,3,cement,43,esn_u003_initial,ESN:initial,0.5796867287685505
G_optimized_summarized_ESN_plus_thermal,3,cement,43,esn_u010_initial,ESN:initial,0.5406351502890809
G_optimized_summarized_ESN_plus_thermal,3,cement,43,esn_u012_max,ESN:max,0.5364884166755766
G_optimized_summarized_ESN_plus_thermal,3,cement,43,thermal_secondary_primary_auc_ratio,Thermal:cross_sensor,0.466165140670414
G_optimized_summarized_ESN_plus_thermal,3,cement,43,esn_u017_std,ESN:std,0.4440238657799597
G_optimized_summarized_ESN_plus_thermal,3,cement,43,esn_u007_initial,ESN:initial,0.43658637567500475
G_optimized_summarized_ESN_plus_thermal,3,cement,43,thermal_secondary_early_slope,Thermal:early_slope,0.429890732409163
G_optimized_summarized_ESN_plus_thermal,3,cement,43,esn_u000_initial,ESN:initial,0.38353481582150234
G_optimized_summarized_ESN_plus_thermal,3,cement,43,esn_u007_max,ESN:max,0.3702196161451123
G_optimized_summarized_ESN_plus_thermal,3,cement,43,esn_u008_initial,ESN:initial,0.3687644550376211
G_optimized_summarized_ESN_plus_thermal,3,cement,43,esn_u003_abs_auc,ESN:abs_auc,0.36541663340470015
G_optimized_summarized_ESN_plus_thermal,3,cement,43,esn_u012_mean,ESN:mean,0.36099408494075635
G_optimized_summarized_ESN_plus_thermal,3,cement,43,thermal_initial_sensor_difference,Thermal:cross_sensor,0.2975661801965814
G_optimized_summarized_ESN_plus_thermal,3,cement,43,esn_u008_slope,ESN:slope,0.2804371268985969
G_optimized_summarized_ESN_plus_thermal,3,cement,43,esn_u019_abs_auc,ESN:abs_auc,0.2746164824686321
G_optimized_summarized_ESN_plus_thermal,3,cement,43,esn_u019_max,ESN:max,0.2592564485562251
G_optimized_summarized_ESN_plus_thermal,3,cement,43,esn_u004_abs_auc,ESN:abs_auc,0.24352549122426145
G_optimized_summarized_ESN_plus_thermal,3,cement,43,esn_u015_max,ESN:max,0.23451870972887479
G_optimized_summarized_ESN_plus_thermal,3,cement,43,esn_u015_mean,ESN:mean,0.23272115777256214
G_optimized_summarized_ESN_plus_thermal,3,cement,43,esn_u018_min,ESN:min,0.21988150094175749
G_optimized_summarized_ESN_plus_thermal,3,cement,43,esn_u015_slope,ESN:slope,0.19165327762781065
G_optimized_summarized_ESN_plus_thermal,3,cement,43,esn_u014_net_change,ESN:net_change,0.17693047112848803
G_optimized_summarized_ESN_plus_thermal,3,cement,43,esn_u012_abs_auc,ESN:abs_auc,0.15063295176761776
G_optimized_summarized_ESN_plus_thermal,3,cement,43,esn_u018_mean,ESN:mean,0.141207692568116
G_optimized_summarized_ESN_plus_thermal,3,cement,43,esn_u011_mean,ESN:mean,0.12016016622250807
G_optimized_summarized_ESN_plus_thermal,3,cement,43,esn_u018_abs_auc,ESN:abs_auc,0.09574579653015583
G_optimized_summarized_ESN_plus_thermal,3,cement,43,esn_u013_mean,ESN:mean,0.09322541944855343
G_optimized_summarized_ESN_plus_thermal,3,cement,43,esn_u009_abs_auc,ESN:abs_auc,0.061535244218745226
G_optimized_summarized_ESN_plus_thermal,3,cement,43,esn_u009_slope,ESN:slope,0.0017499976717541149
G_optimized_summarized_ESN_plus_thermal,3,cement,43,esn_u000_std,ESN:std,3.804342764682858e-05
G_optimized_summarized_ESN_plus_thermal,3,cement,44,thermal_secondary_late_slope,Thermal:late_slope,0.7829052084009971
G_optimized_summarized_ESN_plus_thermal,3,cement,44,esn_u005_initial,ESN:initial,0.7666416430819777
G_optimized_summarized_ESN_plus_thermal,3,cement,44,esn_u011_initial,ESN:initial,0.7434446630743241
G_optimized_summarized_ESN_plus_thermal,3,cement,44,thermal_difference_late_slope,Thermal:late_slope,0.728446041724562
G_optimized_summarized_ESN_plus_thermal,3,cement,44,esn_u009_min,ESN:min,0.7159392648856671
G_optimized_summarized_ESN_plus_thermal,3,cement,44,thermal_primary_late_slope,Thermal:late_slope,0.7143889952090589
G_optimized_summarized_ESN_plus_thermal,3,cement,44,thermal_secondary_response_auc,Thermal:response_auc,0.7047069428729409
G_optimized_summarized_ESN_plus_thermal,3,cement,44,esn_u002_max,ESN:max,0.6601390673846813
G_optimized_summarized_ESN_plus_thermal,3,cement,44,esn_u015_initial,ESN:initial,0.6424393626719943
G_optimized_summarized_ESN_plus_thermal,3,cement,44,esn_u019_std,ESN:std,0.6322912783472027
G_optimized_summarized_ESN_plus_thermal,3,cement,44,esn_u000_initial,ESN:initial,0.6105209268763051
G_optimized_summarized_ESN_plus_thermal,3,cement,44,esn_u004_initial,ESN:initial,0.5598756138214646
G_optimized_summarized_ESN_plus_thermal,3,cement,44,esn_u019_initial,ESN:initial,0.5489856826575599
G_optimized_summarized_ESN_plus_thermal,3,cement,44,esn_u014_initial,ESN:initial,0.5382574360611542
G_optimized_summarized_ESN_plus_thermal,3,cement,44,esn_u018_initial,ESN:initial,0.47566648672520945
G_optimized_summarized_ESN_plus_thermal,3,cement,44,thermal_secondary_primary_auc_ratio,Thermal:cross_sensor,0.466165140670414
G_optimized_summarized_ESN_plus_thermal,3,cement,44,esn_u012_mean,ESN:mean,0.44424261548892907
G_optimized_summarized_ESN_plus_thermal,3,cement,44,thermal_secondary_early_slope,Thermal:early_slope,0.429890732409163
G_optimized_summarized_ESN_plus_thermal,3,cement,44,esn_u016_mean,ESN:mean,0.36973456244261527
G_optimized_summarized_ESN_plus_thermal,3,cement,44,esn_u006_abs_auc,ESN:abs_auc,0.3691734218848245
G_optimized_summarized_ESN_plus_thermal,3,cement,44,esn_u011_mean,ESN:mean,0.35698050332401593
G_optimized_summarized_ESN_plus_thermal,3,cement,44,esn_u013_slope,ESN:slope,0.35032290348582096
G_optimized_summarized_ESN_plus_thermal,3,cement,44,thermal_initial_sensor_difference,Thermal:cross_sensor,0.2975661801965814
G_optimized_summarized_ESN_plus_thermal,3,cement,44,esn_u018_abs_auc,ESN:abs_auc,0.2953121071085068
G_optimized_summarized_ESN_plus_thermal,3,cement,44,esn_u009_mean,ESN:mean,0.24335429579985074
G_optimized_summarized_ESN_plus_thermal,3,cement,44,esn_u003_std,ESN:std,0.20577690014169578
G_optimized_summarized_ESN_plus_thermal,3,cement,44,esn_u015_slope,ESN:slope,0.19677962950322084
G_optimized_summarized_ESN_plus_thermal,3,cement,44,esn_u009_max,ESN:max,0.19468724098264523
G_optimized_summarized_ESN_plus_thermal,3,cement,44,esn_u013_abs_auc,ESN:abs_auc,0.19269947188809847
G_optimized_summarized_ESN_plus_thermal,3,cement,44,esn_u004_net_change,ESN:net_change,0.1710337398432296
G_optimized_summarized_ESN_plus_thermal,3,cement,44,esn_u003_slope,ESN:slope,0.16421445543753557
G_optimized_summarized_ESN_plus_thermal,3,cement,44,esn_u002_slope,ESN:slope,0.1407987257209126
G_optimized_summarized_ESN_plus_thermal,3,cement,44,esn_u000_std,ESN:std,0.09052433608562861
G_optimized_summarized_ESN_plus_thermal,3,cement,44,esn_u009_abs_auc,ESN:abs_auc,0.035047507719640825
G_optimized_summarized_ESN_plus_thermal,3,cement,44,esn_u009_mean_abs,ESN:mean_abs,0.021998612036778626
F_optimized_summarized_ESN,4,copper,42,esn_u013_max,ESN:max,0.8074717518039366
F_optimized_summarized_ESN,4,copper,42,esn_u003_max,ESN:max,0.7949935075357768
F_optimized_summarized_ESN,4,copper,42,esn_u003_initial,ESN:initial,0.7566742650385088
F_optimized_summarized_ESN,4,copper,42,esn_u007_initial,ESN:initial,0.745527540737988
F_optimized_summarized_ESN,4,copper,42,esn_u016_initial,ESN:initial,0.7401443957259617
F_optimized_summarized_ESN,4,copper,42,esn_u012_initial,ESN:initial,0.737728638070388
F_optimized_summarized_ESN,4,copper,42,esn_u015_initial,ESN:initial,0.7212558338993112
F_optimized_summarized_ESN,4,copper,42,esn_u007_min,ESN:min,0.6996186344251775
F_optimized_summarized_ESN,4,copper,42,esn_u000_max,ESN:max,0.6640290078615694
F_optimized_summarized_ESN,4,copper,42,esn_u008_initial,ESN:initial,0.5437261787853858
F_optimized_summarized_ESN,4,copper,42,esn_u001_initial,ESN:initial,0.49873031473609925
F_optimized_summarized_ESN,4,copper,42,esn_u005_initial,ESN:initial,0.4766746375578504
F_optimized_summarized_ESN,4,copper,42,esn_u010_mean,ESN:mean,0.4719096982450851
F_optimized_summarized_ESN,4,copper,42,esn_u002_initial,ESN:initial,0.4630075361757272
F_optimized_summarized_ESN,4,copper,42,esn_u006_min,ESN:min,0.4521271158687342
F_optimized_summarized_ESN,4,copper,42,esn_u006_net_change,ESN:net_change,0.400302456556842
F_optimized_summarized_ESN,4,copper,42,esn_u008_abs_auc,ESN:abs_auc,0.3836965003890013
F_optimized_summarized_ESN,4,copper,42,esn_u001_mean,ESN:mean,0.3668147293707212
F_optimized_summarized_ESN,4,copper,42,esn_u003_std,ESN:std,0.36536907912014166
F_optimized_summarized_ESN,4,copper,42,esn_u001_max,ESN:max,0.3589587615616511
F_optimized_summarized_ESN,4,copper,42,esn_u017_initial,ESN:initial,0.35416528967815064
F_optimized_summarized_ESN,4,copper,42,esn_u011_std,ESN:std,0.31953625966262494
F_optimized_summarized_ESN,4,copper,42,esn_u003_slope,ESN:slope,0.31779577284778254
F_optimized_summarized_ESN,4,copper,42,esn_u015_abs_auc,ESN:abs_auc,0.3144764837855967
F_optimized_summarized_ESN,4,copper,42,esn_u016_std,ESN:std,0.2781069669552287
F_optimized_summarized_ESN,4,copper,42,esn_u002_max,ESN:max,0.2713827911186517
F_optimized_summarized_ESN,4,copper,42,esn_u006_slope,ESN:slope,0.2667700255164737
F_optimized_summarized_ESN,4,copper,42,esn_u016_slope,ESN:slope,0.26177682563782745
F_optimized_summarized_ESN,4,copper,42,esn_u002_abs_auc,ESN:abs_auc,0.25735427717388365
F_optimized_summarized_ESN,4,copper,42,esn_u003_abs_auc,ESN:abs_auc,0.23085702981786752
F_optimized_summarized_ESN,4,copper,42,esn_u006_std,ESN:std,0.21650514673810142
F_optimized_summarized_ESN,4,copper,42,esn_u011_slope,ESN:slope,0.2112171102951923
F_optimized_summarized_ESN,4,copper,42,esn_u000_abs_auc,ESN:abs_auc,0.1436139393667779
F_optimized_summarized_ESN,4,copper,42,esn_u004_max,ESN:max,0.10345910148555032
F_optimized_summarized_ESN,4,copper,42,esn_u011_net_change,ESN:net_change,0.10025394270630501
F_optimized_summarized_ESN,4,copper,42,esn_u010_slope,ESN:slope,0.05300400556894392
F_optimized_summarized_ESN,4,copper,42,esn_u016_abs_auc,ESN:abs_auc,0.030453763831286278
F_optimized_summarized_ESN,4,copper,42,esn_u015_mean,ESN:mean,0.028152136458653148
F_optimized_summarized_ESN,4,copper,42,esn_u006_abs_auc,ESN:abs_auc,0.01449454593344169
F_optimized_summarized_ESN,4,copper,43,esn_u009_min,ESN:min,0.8044948535905723
F_optimized_summarized_ESN,4,copper,43,esn_u013_initial,ESN:initial,0.7810505913032141
F_optimized_summarized_ESN,4,copper,43,esn_u018_max,ESN:max,0.7753155445854548
F_optimized_summarized_ESN,4,copper,43,esn_u006_min,ESN:min,0.7491987315059069
F_optimized_summarized_ESN,4,copper,43,esn_u004_initial,ESN:initial,0.716262634020665
F_optimized_summarized_ESN,4,copper,43,esn_u002_initial,ESN:initial,0.642543982098023
F_optimized_summarized_ESN,4,copper,43,esn_u016_initial,ESN:initial,0.6208211849116839
F_optimized_summarized_ESN,4,copper,43,esn_u018_initial,ESN:initial,0.6050141407244266
F_optimized_summarized_ESN,4,copper,43,esn_u016_max,ESN:max,0.588731553691584
F_optimized_summarized_ESN,4,copper,43,esn_u003_initial,ESN:initial,0.5848035697870488
F_optimized_summarized_ESN,4,copper,43,esn_u012_max,ESN:max,0.5657723451067229
F_optimized_summarized_ESN,4,copper,43,esn_u010_initial,ESN:initial,0.5291175025690036
F_optimized_summarized_ESN,4,copper,43,esn_u007_std,ESN:std,0.47170997024993927
F_optimized_summarized_ESN,4,copper,43,esn_u007_initial,ESN:initial,0.44663935143067923
F_optimized_summarized_ESN,4,copper,43,esn_u000_initial,ESN:initial,0.40230924736521223
F_optimized_summarized_ESN,4,copper,43,esn_u012_mean,ESN:mean,0.38294514269297647
F_optimized_summarized_ESN,4,copper,43,esn_u008_initial,ESN:initial,0.3793215062096161
F_optimized_summarized_ESN,4,copper,43,esn_u003_abs_auc,ESN:abs_auc,0.37322504692921177
F_optimized_summarized_ESN,4,copper,43,esn_u007_max,ESN:max,0.36969651901496847
F_optimized_summarized_ESN,4,copper,43,esn_u013_slope,ESN:slope,0.3578079478753345
F_optimized_summarized_ESN,4,copper,43,esn_u019_abs_auc,ESN:abs_auc,0.2799996274806584
F_optimized_summarized_ESN,4,copper,43,esn_u018_min,ESN:min,0.2691287180305771
F_optimized_summarized_ESN,4,copper,43,esn_u015_max,ESN:max,0.25749694002755924
F_optimized_summarized_ESN,4,copper,43,esn_u019_max,ESN:max,0.25433933553287247
F_optimized_summarized_ESN,4,copper,43,esn_u004_abs_auc,ESN:abs_auc,0.24143310270368587
F_optimized_summarized_ESN,4,copper,43,esn_u015_mean,ESN:mean,0.21144537086107326
F_optimized_summarized_ESN,4,copper,43,esn_u015_slope,ESN:slope,0.19723615063498276
F_optimized_summarized_ESN,4,copper,43,esn_u011_mean,ESN:mean,0.15846989786286445
F_optimized_summarized_ESN,4,copper,43,esn_u014_net_change,ESN:net_change,0.15844136529212932
F_optimized_summarized_ESN,4,copper,43,esn_u012_abs_auc,ESN:abs_auc,0.14347127651310226
F_optimized_summarized_ESN,4,copper,43,esn_u013_mean,ESN:mean,0.13068868482376786
F_optimized_summarized_ESN,4,copper,43,esn_u018_mean,ESN:mean,0.11525256405606718
F_optimized_summarized_ESN,4,copper,43,esn_u018_abs_auc,ESN:abs_auc,0.11249441555167211
F_optimized_summarized_ESN,4,copper,43,esn_u009_abs_auc,ESN:abs_auc,0.06681376980474268
F_optimized_summarized_ESN,4,copper,43,esn_u000_std,ESN:std,0.03424859573905743
F_optimized_summarized_ESN,4,copper,43,esn_u009_slope,ESN:slope,0.007884500379805225
F_optimized_summarized_ESN,4,copper,44,esn_u000_min,ESN:min,0.8068345243908523
F_optimized_summarized_ESN,4,copper,44,esn_u011_initial,ESN:initial,0.7657476225322773
F_optimized_summarized_ESN,4,copper,44,esn_u009_min,ESN:min,0.7491226446506133
F_optimized_summarized_ESN,4,copper,44,esn_u015_max,ESN:max,0.7462408550063659
F_optimized_summarized_ESN,4,copper,44,esn_u002_max,ESN:max,0.6741580704725376
F_optimized_summarized_ESN,4,copper,44,esn_u015_initial,ESN:initial,0.6729026373601922
F_optimized_summarized_ESN,4,copper,44,esn_u019_std,ESN:std,0.6355915456955651
F_optimized_summarized_ESN,4,copper,44,esn_u000_initial,ESN:initial,0.6115671211365928
F_optimized_summarized_ESN,4,copper,44,esn_u004_initial,ESN:initial,0.5708796752683096
F_optimized_summarized_ESN,4,copper,44,esn_u019_initial,ESN:initial,0.5628525120348288
F_optimized_summarized_ESN,4,copper,44,esn_u014_initial,ESN:initial,0.5293172305641495
F_optimized_summarized_ESN,4,copper,44,esn_u018_initial,ESN:initial,0.4910265206376165
F_optimized_summarized_ESN,4,copper,44,esn_u012_mean,ESN:mean,0.4706067108481813
F_optimized_summarized_ESN,4,copper,44,esn_u002_std,ESN:std,0.4035456587637341
F_optimized_summarized_ESN,4,copper,44,esn_u012_abs_auc,ESN:abs_auc,0.3906679585052827
F_optimized_summarized_ESN,4,copper,44,esn_u011_mean,ESN:mean,0.37233102637951127
F_optimized_summarized_ESN,4,copper,44,esn_u016_mean,ESN:mean,0.3713133646899586
F_optimized_summarized_ESN,4,copper,44,esn_u001_slope,ESN:slope,0.3646557648517636
F_optimized_summarized_ESN,4,copper,44,esn_u002_net_change,ESN:net_change,0.2752061555971579
F_optimized_summarized_ESN,4,copper,44,esn_u009_mean,ESN:mean,0.24125239642236343
F_optimized_summarized_ESN,4,copper,44,esn_u011_abs_auc,ESN:abs_auc,0.21236792398150883
F_optimized_summarized_ESN,4,copper,44,esn_u009_max,ESN:max,0.2039222830439129
F_optimized_summarized_ESN,4,copper,44,esn_u015_slope,ESN:slope,0.19743587863012863
F_optimized_summarized_ESN,4,copper,44,esn_u013_abs_auc,ESN:abs_auc,0.19260436331898137
F_optimized_summarized_ESN,4,copper,44,esn_u003_std,ESN:std,0.18204731214698644
F_optimized_summarized_ESN,4,copper,44,esn_u004_net_change,ESN:net_change,0.15731908417654789
F_optimized_summarized_ESN,4,copper,44,esn_u003_slope,ESN:slope,0.15420903396641966
F_optimized_summarized_ESN,4,copper,44,esn_u002_slope,ESN:slope,0.13208678078978883
F_optimized_summarized_ESN,4,copper,44,esn_u000_std,ESN:std,0.09773356562470262
F_optimized_summarized_ESN,4,copper,44,esn_u009_abs_auc,ESN:abs_auc,0.04124858642607389
F_optimized_summarized_ESN,4,copper,44,esn_u009_mean_abs,ESN:mean_abs,0.019373615529147455
G_optimized_summarized_ESN_plus_thermal,4,copper,42,thermal_secondary_late_slope,Thermal:late_slope,0.8077570775112878
G_optimized_summarized_ESN_plus_thermal,4,copper,42,esn_u013_max,ESN:max,0.8074717518039366
G_optimized_summarized_ESN_plus_thermal,4,copper,42,thermal_secondary_final_change,Thermal:final_change,0.788849493970814
G_optimized_summarized_ESN_plus_thermal,4,copper,42,thermal_secondary_middle_slope,Thermal:middle_slope,0.7812408084414483
G_optimized_summarized_ESN_plus_thermal,4,copper,42,esn_u003_initial,ESN:initial,0.7566742650385088
G_optimized_summarized_ESN_plus_thermal,4,copper,42,esn_u007_initial,ESN:initial,0.745527540737988
G_optimized_summarized_ESN_plus_thermal,4,copper,42,esn_u016_initial,ESN:initial,0.7401443957259617
G_optimized_summarized_ESN_plus_thermal,4,copper,42,esn_u012_initial,ESN:initial,0.737728638070388
G_optimized_summarized_ESN_plus_thermal,4,copper,42,esn_u015_initial,ESN:initial,0.7212558338993112
G_optimized_summarized_ESN_plus_thermal,4,copper,42,thermal_difference_middle_slope,Thermal:middle_slope,0.7179936099785958
G_optimized_summarized_ESN_plus_thermal,4,copper,42,thermal_primary_late_slope,Thermal:late_slope,0.7177748602696266
G_optimized_summarized_ESN_plus_thermal,4,copper,42,thermal_difference_late_slope,Thermal:late_slope,0.7044691714501482
G_optimized_summarized_ESN_plus_thermal,4,copper,42,esn_u007_min,ESN:min,0.6996186344251775
G_optimized_summarized_ESN_plus_thermal,4,copper,42,esn_u000_max,ESN:max,0.6640290078615694
G_optimized_summarized_ESN_plus_thermal,4,copper,42,thermal_secondary_max_abs_rate,Thermal:max_abs_rate,0.6636771061558362
G_optimized_summarized_ESN_plus_thermal,4,copper,42,esn_u008_initial,ESN:initial,0.5437261787853858
G_optimized_summarized_ESN_plus_thermal,4,copper,42,esn_u001_initial,ESN:initial,0.49873031473609925
G_optimized_summarized_ESN_plus_thermal,4,copper,42,esn_u005_initial,ESN:initial,0.4766746375578504
G_optimized_summarized_ESN_plus_thermal,4,copper,42,esn_u010_mean,ESN:mean,0.4719096982450851
G_optimized_summarized_ESN_plus_thermal,4,copper,42,esn_u002_initial,ESN:initial,0.4630075361757272
G_optimized_summarized_ESN_plus_thermal,4,copper,42,thermal_secondary_early_slope,Thermal:early_slope,0.45537982893253814
G_optimized_summarized_ESN_plus_thermal,4,copper,42,esn_u006_min,ESN:min,0.4521271158687342
G_optimized_summarized_ESN_plus_thermal,4,copper,42,thermal_secondary_primary_auc_ratio,Thermal:cross_sensor,0.4488363593772836
G_optimized_summarized_ESN_plus_thermal,4,copper,42,esn_u006_net_change,ESN:net_change,0.400302456556842
G_optimized_summarized_ESN_plus_thermal,4,copper,42,esn_u008_abs_auc,ESN:abs_auc,0.3836965003890013
G_optimized_summarized_ESN_plus_thermal,4,copper,42,esn_u001_mean,ESN:mean,0.3668147293707212
G_optimized_summarized_ESN_plus_thermal,4,copper,42,esn_u003_std,ESN:std,0.36536907912014166
G_optimized_summarized_ESN_plus_thermal,4,copper,42,esn_u001_max,ESN:max,0.3589587615616511
G_optimized_summarized_ESN_plus_thermal,4,copper,42,esn_u017_initial,ESN:initial,0.35416528967815064
G_optimized_summarized_ESN_plus_thermal,4,copper,42,esn_u011_std,ESN:std,0.31953625966262494
G_optimized_summarized_ESN_plus_thermal,4,copper,42,esn_u003_slope,ESN:slope,0.31779577284778254
G_optimized_summarized_ESN_plus_thermal,4,copper,42,esn_u015_abs_auc,ESN:abs_auc,0.3144764837855967
G_optimized_summarized_ESN_plus_thermal,4,copper,42,thermal_initial_sensor_difference,Thermal:cross_sensor,0.2952645528239483
G_optimized_summarized_ESN_plus_thermal,4,copper,42,esn_u016_std,ESN:std,0.2781069669552287
G_optimized_summarized_ESN_plus_thermal,4,copper,42,esn_u002_max,ESN:max,0.2713827911186517
G_optimized_summarized_ESN_plus_thermal,4,copper,42,esn_u006_slope,ESN:slope,0.2667700255164737
G_optimized_summarized_ESN_plus_thermal,4,copper,42,esn_u016_slope,ESN:slope,0.26177682563782745
G_optimized_summarized_ESN_plus_thermal,4,copper,42,esn_u002_abs_auc,ESN:abs_auc,0.25735427717388365
G_optimized_summarized_ESN_plus_thermal,4,copper,42,esn_u003_abs_auc,ESN:abs_auc,0.23085702981786752
G_optimized_summarized_ESN_plus_thermal,4,copper,42,esn_u006_std,ESN:std,0.21650514673810142
G_optimized_summarized_ESN_plus_thermal,4,copper,42,esn_u011_slope,ESN:slope,0.2112171102951923
G_optimized_summarized_ESN_plus_thermal,4,copper,42,esn_u000_abs_auc,ESN:abs_auc,0.1436139393667779
G_optimized_summarized_ESN_plus_thermal,4,copper,42,esn_u004_max,ESN:max,0.10345910148555032
G_optimized_summarized_ESN_plus_thermal,4,copper,42,esn_u011_net_change,ESN:net_change,0.10025394270630501
G_optimized_summarized_ESN_plus_thermal,4,copper,42,esn_u010_slope,ESN:slope,0.05300400556894392
G_optimized_summarized_ESN_plus_thermal,4,copper,42,esn_u016_abs_auc,ESN:abs_auc,0.030453763831286278
G_optimized_summarized_ESN_plus_thermal,4,copper,42,esn_u015_mean,ESN:mean,0.028152136458653148
G_optimized_summarized_ESN_plus_thermal,4,copper,42,esn_u006_abs_auc,ESN:abs_auc,0.01449454593344169
G_optimized_summarized_ESN_plus_thermal,4,copper,43,thermal_secondary_late_slope,Thermal:late_slope,0.8077570775112878
G_optimized_summarized_ESN_plus_thermal,4,copper,43,esn_u003_max,ESN:max,0.8043236581661617
G_optimized_summarized_ESN_plus_thermal,4,copper,43,thermal_secondary_final_change,Thermal:final_change,0.788849493970814
G_optimized_summarized_ESN_plus_thermal,4,copper,43,thermal_secondary_middle_slope,Thermal:middle_slope,0.7812408084414483
G_optimized_summarized_ESN_plus_thermal,4,copper,43,esn_u013_initial,ESN:initial,0.7810505913032141
G_optimized_summarized_ESN_plus_thermal,4,copper,43,esn_u011_min,ESN:min,0.7582530672858522
G_optimized_summarized_ESN_plus_thermal,4,copper,43,esn_u006_initial,ESN:initial,0.7460316161543085
G_optimized_summarized_ESN_plus_thermal,4,copper,43,thermal_difference_middle_slope,Thermal:middle_slope,0.7179936099785958
G_optimized_summarized_ESN_plus_thermal,4,copper,43,thermal_primary_late_slope,Thermal:late_slope,0.7177748602696266
G_optimized_summarized_ESN_plus_thermal,4,copper,43,esn_u015_initial,ESN:initial,0.7161009494531659
G_optimized_summarized_ESN_plus_thermal,4,copper,43,thermal_difference_late_slope,Thermal:late_slope,0.7044691714501482
G_optimized_summarized_ESN_plus_thermal,4,copper,43,thermal_secondary_max_abs_rate,Thermal:max_abs_rate,0.6636771061558362
G_optimized_summarized_ESN_plus_thermal,4,copper,43,esn_u016_initial,ESN:initial,0.6208211849116839
G_optimized_summarized_ESN_plus_thermal,4,copper,43,esn_u018_initial,ESN:initial,0.6050141407244266
G_optimized_summarized_ESN_plus_thermal,4,copper,43,esn_u016_max,ESN:max,0.588731553691584
G_optimized_summarized_ESN_plus_thermal,4,copper,43,esn_u003_initial,ESN:initial,0.5848035697870488
G_optimized_summarized_ESN_plus_thermal,4,copper,43,esn_u012_max,ESN:max,0.5657723451067229
G_optimized_summarized_ESN_plus_thermal,4,copper,43,esn_u010_initial,ESN:initial,0.5291175025690036
G_optimized_summarized_ESN_plus_thermal,4,copper,43,esn_u007_std,ESN:std,0.47170997024993927
G_optimized_summarized_ESN_plus_thermal,4,copper,43,thermal_secondary_early_slope,Thermal:early_slope,0.45537982893253814
G_optimized_summarized_ESN_plus_thermal,4,copper,43,thermal_secondary_primary_auc_ratio,Thermal:cross_sensor,0.4488363593772836
G_optimized_summarized_ESN_plus_thermal,4,copper,43,esn_u007_initial,ESN:initial,0.44663935143067923
G_optimized_summarized_ESN_plus_thermal,4,copper,43,esn_u000_initial,ESN:initial,0.40230924736521223
G_optimized_summarized_ESN_plus_thermal,4,copper,43,esn_u012_mean,ESN:mean,0.38294514269297647
G_optimized_summarized_ESN_plus_thermal,4,copper,43,esn_u008_initial,ESN:initial,0.3793215062096161
G_optimized_summarized_ESN_plus_thermal,4,copper,43,esn_u003_abs_auc,ESN:abs_auc,0.37322504692921177
G_optimized_summarized_ESN_plus_thermal,4,copper,43,esn_u007_max,ESN:max,0.36969651901496847
G_optimized_summarized_ESN_plus_thermal,4,copper,43,esn_u013_slope,ESN:slope,0.3578079478753345
G_optimized_summarized_ESN_plus_thermal,4,copper,43,thermal_initial_sensor_difference,Thermal:cross_sensor,0.2952645528239483
G_optimized_summarized_ESN_plus_thermal,4,copper,43,esn_u019_abs_auc,ESN:abs_auc,0.2799996274806584
G_optimized_summarized_ESN_plus_thermal,4,copper,43,esn_u018_min,ESN:min,0.2691287180305771
G_optimized_summarized_ESN_plus_thermal,4,copper,43,esn_u015_max,ESN:max,0.25749694002755924
G_optimized_summarized_ESN_plus_thermal,4,copper,43,esn_u019_max,ESN:max,0.25433933553287247
G_optimized_summarized_ESN_plus_thermal,4,copper,43,esn_u004_abs_auc,ESN:abs_auc,0.24143310270368587
G_optimized_summarized_ESN_plus_thermal,4,copper,43,esn_u015_mean,ESN:mean,0.21144537086107326
G_optimized_summarized_ESN_plus_thermal,4,copper,43,esn_u015_slope,ESN:slope,0.19723615063498276
G_optimized_summarized_ESN_plus_thermal,4,copper,43,esn_u011_mean,ESN:mean,0.15846989786286445
G_optimized_summarized_ESN_plus_thermal,4,copper,43,esn_u014_net_change,ESN:net_change,0.15844136529212932
G_optimized_summarized_ESN_plus_thermal,4,copper,43,esn_u012_abs_auc,ESN:abs_auc,0.14347127651310226
G_optimized_summarized_ESN_plus_thermal,4,copper,43,esn_u013_mean,ESN:mean,0.13068868482376786
G_optimized_summarized_ESN_plus_thermal,4,copper,43,esn_u018_mean,ESN:mean,0.11525256405606718
G_optimized_summarized_ESN_plus_thermal,4,copper,43,esn_u018_abs_auc,ESN:abs_auc,0.11249441555167211
G_optimized_summarized_ESN_plus_thermal,4,copper,43,esn_u009_abs_auc,ESN:abs_auc,0.06681376980474268
G_optimized_summarized_ESN_plus_thermal,4,copper,43,esn_u000_std,ESN:std,0.03424859573905743
G_optimized_summarized_ESN_plus_thermal,4,copper,43,esn_u009_slope,ESN:slope,0.007884500379805225
G_optimized_summarized_ESN_plus_thermal,4,copper,44,thermal_secondary_late_slope,Thermal:late_slope,0.8077570775112878
G_optimized_summarized_ESN_plus_thermal,4,copper,44,esn_u000_min,ESN:min,0.8068345243908523
G_optimized_summarized_ESN_plus_thermal,4,copper,44,thermal_secondary_final_change,Thermal:final_change,0.788849493970814
G_optimized_summarized_ESN_plus_thermal,4,copper,44,esn_u011_initial,ESN:initial,0.7657476225322773
G_optimized_summarized_ESN_plus_thermal,4,copper,44,esn_u009_min,ESN:min,0.7491226446506133
G_optimized_summarized_ESN_plus_thermal,4,copper,44,esn_u015_max,ESN:max,0.7462408550063659
G_optimized_summarized_ESN_plus_thermal,4,copper,44,thermal_difference_middle_slope,Thermal:middle_slope,0.7179936099785958
G_optimized_summarized_ESN_plus_thermal,4,copper,44,thermal_primary_late_slope,Thermal:late_slope,0.7177748602696266
G_optimized_summarized_ESN_plus_thermal,4,copper,44,thermal_difference_late_slope,Thermal:late_slope,0.7044691714501482
G_optimized_summarized_ESN_plus_thermal,4,copper,44,esn_u002_max,ESN:max,0.6741580704725376
G_optimized_summarized_ESN_plus_thermal,4,copper,44,esn_u015_initial,ESN:initial,0.6729026373601922
G_optimized_summarized_ESN_plus_thermal,4,copper,44,thermal_secondary_max_abs_rate,Thermal:max_abs_rate,0.6636771061558362
G_optimized_summarized_ESN_plus_thermal,4,copper,44,esn_u019_std,ESN:std,0.6355915456955651
G_optimized_summarized_ESN_plus_thermal,4,copper,44,esn_u000_initial,ESN:initial,0.6115671211365928
G_optimized_summarized_ESN_plus_thermal,4,copper,44,esn_u004_initial,ESN:initial,0.5708796752683096
G_optimized_summarized_ESN_plus_thermal,4,copper,44,esn_u019_initial,ESN:initial,0.5628525120348288
G_optimized_summarized_ESN_plus_thermal,4,copper,44,esn_u014_initial,ESN:initial,0.5293172305641495
G_optimized_summarized_ESN_plus_thermal,4,copper,44,esn_u018_initial,ESN:initial,0.4910265206376165
G_optimized_summarized_ESN_plus_thermal,4,copper,44,esn_u012_mean,ESN:mean,0.4706067108481813
G_optimized_summarized_ESN_plus_thermal,4,copper,44,thermal_secondary_early_slope,Thermal:early_slope,0.45537982893253814
G_optimized_summarized_ESN_plus_thermal,4,copper,44,thermal_secondary_primary_auc_ratio,Thermal:cross_sensor,0.4488363593772836
G_optimized_summarized_ESN_plus_thermal,4,copper,44,esn_u002_std,ESN:std,0.4035456587637341
G_optimized_summarized_ESN_plus_thermal,4,copper,44,esn_u012_abs_auc,ESN:abs_auc,0.3906679585052827
G_optimized_summarized_ESN_plus_thermal,4,copper,44,esn_u011_mean,ESN:mean,0.37233102637951127
G_optimized_summarized_ESN_plus_thermal,4,copper,44,esn_u016_mean,ESN:mean,0.3713133646899586
G_optimized_summarized_ESN_plus_thermal,4,copper,44,esn_u001_slope,ESN:slope,0.3646557648517636
G_optimized_summarized_ESN_plus_thermal,4,copper,44,thermal_initial_sensor_difference,Thermal:cross_sensor,0.2952645528239483
G_optimized_summarized_ESN_plus_thermal,4,copper,44,esn_u002_net_change,ESN:net_change,0.2752061555971579
G_optimized_summarized_ESN_plus_thermal,4,copper,44,esn_u009_mean,ESN:mean,0.24125239642236343
G_optimized_summarized_ESN_plus_thermal,4,copper,44,esn_u011_abs_auc,ESN:abs_auc,0.21236792398150883
G_optimized_summarized_ESN_plus_thermal,4,copper,44,esn_u009_max,ESN:max,0.2039222830439129
G_optimized_summarized_ESN_plus_thermal,4,copper,44,esn_u015_slope,ESN:slope,0.19743587863012863
G_optimized_summarized_ESN_plus_thermal,4,copper,44,esn_u013_abs_auc,ESN:abs_auc,0.19260436331898137
G_optimized_summarized_ESN_plus_thermal,4,copper,44,esn_u003_std,ESN:std,0.18204731214698644
G_optimized_summarized_ESN_plus_thermal,4,copper,44,esn_u004_net_change,ESN:net_change,0.15731908417654789
G_optimized_summarized_ESN_plus_thermal,4,copper,44,esn_u003_slope,ESN:slope,0.15420903396641966
G_optimized_summarized_ESN_plus_thermal,4,copper,44,esn_u002_slope,ESN:slope,0.13208678078978883
G_optimized_summarized_ESN_plus_thermal,4,copper,44,esn_u000_std,ESN:std,0.09773356562470262
G_optimized_summarized_ESN_plus_thermal,4,copper,44,esn_u009_abs_auc,ESN:abs_auc,0.04124858642607389
G_optimized_summarized_ESN_plus_thermal,4,copper,44,esn_u009_mean_abs,ESN:mean_abs,0.019373615529147455
F_optimized_summarized_ESN,5,cork,42,esn_u013_max,ESN:max,0.7692761504465206
F_optimized_summarized_ESN,5,cork,42,esn_u003_max,ESN:max,0.7314895159363083
F_optimized_summarized_ESN,5,cork,42,esn_u012_initial,ESN:initial,0.7299297354027884
F_optimized_summarized_ESN,5,cork,42,esn_u003_initial,ESN:initial,0.7178319254110967
F_optimized_summarized_ESN,5,cork,42,esn_u015_min,ESN:min,0.7041458023151501
F_optimized_summarized_ESN,5,cork,42,esn_u016_initial,ESN:initial,0.6916580471900786
F_optimized_summarized_ESN,5,cork,42,esn_u005_max,ESN:max,0.6731879630675434
F_optimized_summarized_ESN,5,cork,42,esn_u000_max,ESN:max,0.6319393766414695
F_optimized_summarized_ESN,5,cork,42,esn_u008_initial,ESN:initial,0.5206908833452311
F_optimized_summarized_ESN,5,cork,42,esn_u001_initial,ESN:initial,0.5027438963528397
F_optimized_summarized_ESN,5,cork,42,esn_u002_initial,ESN:initial,0.4930998874443686
F_optimized_summarized_ESN,5,cork,42,esn_u010_mean,ESN:mean,0.4421597378252652
F_optimized_summarized_ESN,5,cork,42,esn_u005_initial,ESN:initial,0.42839752787402496
F_optimized_summarized_ESN,5,cork,42,esn_u006_net_change,ESN:net_change,0.391923391617628
F_optimized_summarized_ESN,5,cork,42,esn_u001_mean,ESN:mean,0.36583511110881534
F_optimized_summarized_ESN,5,cork,42,esn_u003_std,ESN:std,0.3580742518688624
F_optimized_summarized_ESN,5,cork,42,esn_u009_abs_auc,ESN:abs_auc,0.35703756846548623
F_optimized_summarized_ESN,5,cork,42,esn_u001_max,ESN:max,0.3507699137606712
F_optimized_summarized_ESN,5,cork,42,esn_u002_max,ESN:max,0.3365892261053159
F_optimized_summarized_ESN,5,cork,42,esn_u003_slope,ESN:slope,0.3216666916108473
F_optimized_summarized_ESN,5,cork,42,esn_u019_initial,ESN:initial,0.31526588490926843
F_optimized_summarized_ESN,5,cork,42,esn_u011_std,ESN:std,0.30966399018827295
F_optimized_summarized_ESN,5,cork,42,esn_u015_abs_auc,ESN:abs_auc,0.2788393029374301
F_optimized_summarized_ESN,5,cork,42,esn_u011_max,ESN:max,0.27239094195129265
F_optimized_summarized_ESN,5,cork,42,esn_u006_slope,ESN:slope,0.2692904025980761
F_optimized_summarized_ESN,5,cork,42,esn_u019_abs_auc,ESN:abs_auc,0.22786110989067979
F_optimized_summarized_ESN,5,cork,42,esn_u003_abs_auc,ESN:abs_auc,0.22351464828202958
F_optimized_summarized_ESN,5,cork,42,esn_u011_slope,ESN:slope,0.22224019345586088
F_optimized_summarized_ESN,5,cork,42,esn_u006_std,ESN:std,0.21049428516990254
F_optimized_summarized_ESN,5,cork,42,esn_u005_slope,ESN:slope,0.1619984257771078
F_optimized_summarized_ESN,5,cork,42,esn_u011_net_change,ESN:net_change,0.11185718813858773
F_optimized_summarized_ESN,5,cork,42,esn_u004_max,ESN:max,0.11000257104080484
F_optimized_summarized_ESN,5,cork,42,esn_u006_abs_auc,ESN:abs_auc,0.04594694974045722
F_optimized_summarized_ESN,5,cork,42,esn_u015_mean,ESN:mean,0.03665484253771934
F_optimized_summarized_ESN,5,cork,42,esn_u010_slope,ESN:slope,0.028960559296148252
F_optimized_summarized_ESN,5,cork,42,esn_u016_abs_auc,ESN:abs_auc,0.028694255302620455
F_optimized_summarized_ESN,5,cork,43,esn_u003_max,ESN:max,0.7703984315621022
F_optimized_summarized_ESN,5,cork,43,esn_u001_max,ESN:max,0.7241756669712054
F_optimized_summarized_ESN,5,cork,43,esn_u001_initial,ESN:initial,0.7216172464619561
F_optimized_summarized_ESN,5,cork,43,esn_u002_initial,ESN:initial,0.6559447794866183
F_optimized_summarized_ESN,5,cork,43,esn_u018_initial,ESN:initial,0.6402708872961249
F_optimized_summarized_ESN,5,cork,43,esn_u016_initial,ESN:initial,0.6125752719692338
F_optimized_summarized_ESN,5,cork,43,esn_u016_max,ESN:max,0.5598661029645527
F_optimized_summarized_ESN,5,cork,43,esn_u010_initial,ESN:initial,0.5453240027465526
F_optimized_summarized_ESN,5,cork,43,esn_u003_initial,ESN:initial,0.5253797358027027
F_optimized_summarized_ESN,5,cork,43,esn_u012_max,ESN:max,0.5139667075086541
F_optimized_summarized_ESN,5,cork,43,esn_u003_mean,ESN:mean,0.44104696756659545
F_optimized_summarized_ESN,5,cork,43,esn_u007_initial,ESN:initial,0.4228622091514114
F_optimized_summarized_ESN,5,cork,43,esn_u000_initial,ESN:initial,0.39160002248263004
F_optimized_summarized_ESN,5,cork,43,esn_u007_max,ESN:max,0.3662630996698421
F_optimized_summarized_ESN,5,cork,43,esn_u008_initial,ESN:initial,0.3621829420547198
F_optimized_summarized_ESN,5,cork,43,esn_u003_abs_auc,ESN:abs_auc,0.3581218061534209
F_optimized_summarized_ESN,5,cork,43,esn_u008_slope,ESN:slope,0.28046565946933205
F_optimized_summarized_ESN,5,cork,43,esn_u019_abs_auc,ESN:abs_auc,0.2589045468504919
F_optimized_summarized_ESN,5,cork,43,esn_u019_max,ESN:max,0.2511436876105389
F_optimized_summarized_ESN,5,cork,43,esn_u004_abs_auc,ESN:abs_auc,0.24704450828159308
F_optimized_summarized_ESN,5,cork,43,esn_u015_max,ESN:max,0.23660158739253864
F_optimized_summarized_ESN,5,cork,43,esn_u015_mean,ESN:mean,0.22889779329405585
F_optimized_summarized_ESN,5,cork,43,esn_u018_min,ESN:min,0.21285297768400588
F_optimized_summarized_ESN,5,cork,43,esn_u014_net_change,ESN:net_change,0.18929458511370728
F_optimized_summarized_ESN,5,cork,43,esn_u015_slope,ESN:slope,0.1854236663506425
F_optimized_summarized_ESN,5,cork,43,esn_u018_mean,ESN:mean,0.1409604102884116
F_optimized_summarized_ESN,5,cork,43,esn_u012_abs_auc,ESN:abs_auc,0.1359481886959419
F_optimized_summarized_ESN,5,cork,43,esn_u011_mean,ESN:mean,0.11678381201885203
F_optimized_summarized_ESN,5,cork,43,esn_u018_abs_auc,ESN:abs_auc,0.09415748342590072
F_optimized_summarized_ESN,5,cork,43,esn_u013_mean,ESN:mean,0.0817458151561229
F_optimized_summarized_ESN,5,cork,43,esn_u009_abs_auc,ESN:abs_auc,0.07486946560895864
F_optimized_summarized_ESN,5,cork,43,esn_u009_slope,ESN:slope,0.01072824659640566
F_optimized_summarized_ESN,5,cork,43,esn_u000_std,ESN:std,0.006743197550400366
F_optimized_summarized_ESN,5,cork,44,esn_u000_min,ESN:min,0.7739840246178157
F_optimized_summarized_ESN,5,cork,44,esn_u011_initial,ESN:initial,0.7245180578200269
F_optimized_summarized_ESN,5,cork,44,esn_u008_initial,ESN:initial,0.7201050202129948
F_optimized_summarized_ESN,5,cork,44,esn_u009_initial,ESN:initial,0.697887658467247
F_optimized_summarized_ESN,5,cork,44,esn_u002_max,ESN:max,0.6518931544422311
F_optimized_summarized_ESN,5,cork,44,esn_u019_std,ESN:std,0.623902702551077
F_optimized_summarized_ESN,5,cork,44,esn_u015_initial,ESN:initial,0.6073443006677949
F_optimized_summarized_ESN,5,cork,44,esn_u000_initial,ESN:initial,0.5893973136754035
F_optimized_summarized_ESN,5,cork,44,esn_u017_initial,ESN:initial,0.5385617834823287
F_optimized_summarized_ESN,5,cork,44,esn_u014_initial,ESN:initial,0.5360223846869029
F_optimized_summarized_ESN,5,cork,44,esn_u019_initial,ESN:initial,0.532027824783986
F_optimized_summarized_ESN,5,cork,44,esn_u012_mean,ESN:mean,0.44001979502013105
F_optimized_summarized_ESN,5,cork,44,esn_u008_net_change,ESN:net_change,0.36740440249924694
F_optimized_summarized_ESN,5,cork,44,esn_u006_abs_auc,ESN:abs_auc,0.36583511110881534
F_optimized_summarized_ESN,5,cork,44,esn_u011_mean,ESN:mean,0.35487860394652865
F_optimized_summarized_ESN,5,cork,44,esn_u001_slope,ESN:slope,0.35240578114948484
F_optimized_summarized_ESN,5,cork,44,esn_u018_abs_auc,ESN:abs_auc,0.28476456679342366
F_optimized_summarized_ESN,5,cork,44,esn_u002_net_change,ESN:net_change,0.2747306127515726
F_optimized_summarized_ESN,5,cork,44,esn_u009_mean,ESN:mean,0.24020620216207564
F_optimized_summarized_ESN,5,cork,44,esn_u009_max,ESN:max,0.20707988753859966
F_optimized_summarized_ESN,5,cork,44,esn_u013_abs_auc,ESN:abs_auc,0.1954576203924935
F_optimized_summarized_ESN,5,cork,44,esn_u015_slope,ESN:slope,0.18431089609197276
F_optimized_summarized_ESN,5,cork,44,esn_u003_std,ESN:std,0.17250792266454418
F_optimized_summarized_ESN,5,cork,44,esn_u004_net_change,ESN:net_change,0.16951200273735645
F_optimized_summarized_ESN,5,cork,44,esn_u003_slope,ESN:slope,0.14679056557528808
F_optimized_summarized_ESN,5,cork,44,esn_u002_slope,ESN:slope,0.1449835027620637
F_optimized_summarized_ESN,5,cork,44,esn_u000_std,ESN:std,0.095317807969129
F_optimized_summarized_ESN,5,cork,44,esn_u009_abs_auc,ESN:abs_auc,0.03560864827743156
F_optimized_summarized_ESN,5,cork,44,esn_u009_mean_abs,ESN:mean_abs,0.02132334119604742
G_optimized_summarized_ESN_plus_thermal,5,cork,42,esn_u013_max,ESN:max,0.7692761504465206
G_optimized_summarized_ESN_plus_thermal,5,cork,42,esn_u003_max,ESN:max,0.7314895159363083
G_optimized_summarized_ESN_plus_thermal,5,cork,42,esn_u012_initial,ESN:initial,0.7299297354027884
G_optimized_summarized_ESN_plus_thermal,5,cork,42,esn_u003_initial,ESN:initial,0.7178319254110967
G_optimized_summarized_ESN_plus_thermal,5,cork,42,esn_u015_min,ESN:min,0.7041458023151501
G_optimized_summarized_ESN_plus_thermal,5,cork,42,thermal_difference_late_slope,Thermal:late_slope,0.7030235211995687
G_optimized_summarized_ESN_plus_thermal,5,cork,42,esn_u016_initial,ESN:initial,0.6916580471900786
G_optimized_summarized_ESN_plus_thermal,5,cork,42,esn_u005_max,ESN:max,0.6731879630675434
G_optimized_summarized_ESN_plus_thermal,5,cork,42,thermal_secondary_response_auc,Thermal:response_auc,0.6700018260021215
G_optimized_summarized_ESN_plus_thermal,5,cork,42,esn_u000_max,ESN:max,0.6319393766414695
G_optimized_summarized_ESN_plus_thermal,5,cork,42,thermal_secondary_max_abs_rate,Thermal:max_abs_rate,0.624064387118576
G_optimized_summarized_ESN_plus_thermal,5,cork,42,esn_u008_initial,ESN:initial,0.5206908833452311
G_optimized_summarized_ESN_plus_thermal,5,cork,42,esn_u001_initial,ESN:initial,0.5027438963528397
G_optimized_summarized_ESN_plus_thermal,5,cork,42,esn_u002_initial,ESN:initial,0.4930998874443686
G_optimized_summarized_ESN_plus_thermal,5,cork,42,esn_u010_mean,ESN:mean,0.4421597378252652
G_optimized_summarized_ESN_plus_thermal,5,cork,42,esn_u005_initial,ESN:initial,0.42839752787402496
G_optimized_summarized_ESN_plus_thermal,5,cork,42,thermal_secondary_early_slope,Thermal:early_slope,0.41966656122907775
G_optimized_summarized_ESN_plus_thermal,5,cork,42,thermal_secondary_primary_auc_ratio,Thermal:cross_sensor,0.4048866895882849
G_optimized_summarized_ESN_plus_thermal,5,cork,42,esn_u006_net_change,ESN:net_change,0.391923391617628
G_optimized_summarized_ESN_plus_thermal,5,cork,42,esn_u001_mean,ESN:mean,0.36583511110881534
G_optimized_summarized_ESN_plus_thermal,5,cork,42,esn_u003_std,ESN:std,0.3580742518688624
G_optimized_summarized_ESN_plus_thermal,5,cork,42,esn_u009_abs_auc,ESN:abs_auc,0.35703756846548623
G_optimized_summarized_ESN_plus_thermal,5,cork,42,esn_u001_max,ESN:max,0.3507699137606712
G_optimized_summarized_ESN_plus_thermal,5,cork,42,esn_u002_max,ESN:max,0.3365892261053159
G_optimized_summarized_ESN_plus_thermal,5,cork,42,esn_u003_slope,ESN:slope,0.3216666916108473
G_optimized_summarized_ESN_plus_thermal,5,cork,42,esn_u019_initial,ESN:initial,0.31526588490926843
G_optimized_summarized_ESN_plus_thermal,5,cork,42,esn_u011_std,ESN:std,0.30966399018827295
G_optimized_summarized_ESN_plus_thermal,5,cork,42,thermal_initial_sensor_difference,Thermal:cross_sensor,0.296215638515119
G_optimized_summarized_ESN_plus_thermal,5,cork,42,esn_u015_abs_auc,ESN:abs_auc,0.2788393029374301
G_optimized_summarized_ESN_plus_thermal,5,cork,42,esn_u011_max,ESN:max,0.27239094195129265
G_optimized_summarized_ESN_plus_thermal,5,cork,42,esn_u006_slope,ESN:slope,0.2692904025980761
G_optimized_summarized_ESN_plus_thermal,5,cork,42,esn_u019_abs_auc,ESN:abs_auc,0.22786110989067979
G_optimized_summarized_ESN_plus_thermal,5,cork,42,esn_u003_abs_auc,ESN:abs_auc,0.22351464828202958
G_optimized_summarized_ESN_plus_thermal,5,cork,42,esn_u011_slope,ESN:slope,0.22224019345586088
G_optimized_summarized_ESN_plus_thermal,5,cork,42,esn_u006_std,ESN:std,0.21049428516990254
G_optimized_summarized_ESN_plus_thermal,5,cork,42,esn_u005_slope,ESN:slope,0.1619984257771078
G_optimized_summarized_ESN_plus_thermal,5,cork,42,esn_u011_net_change,ESN:net_change,0.11185718813858773
G_optimized_summarized_ESN_plus_thermal,5,cork,42,esn_u004_max,ESN:max,0.11000257104080484
G_optimized_summarized_ESN_plus_thermal,5,cork,42,esn_u006_abs_auc,ESN:abs_auc,0.04594694974045722
G_optimized_summarized_ESN_plus_thermal,5,cork,42,esn_u015_mean,ESN:mean,0.03665484253771934
G_optimized_summarized_ESN_plus_thermal,5,cork,42,esn_u010_slope,ESN:slope,0.028960559296148252
G_optimized_summarized_ESN_plus_thermal,5,cork,42,esn_u016_abs_auc,ESN:abs_auc,0.028694255302620455
G_optimized_summarized_ESN_plus_thermal,5,cork,43,esn_u003_max,ESN:max,0.7703984315621022
G_optimized_summarized_ESN_plus_thermal,5,cork,43,thermal_secondary_final_change,Thermal:final_change,0.7260207732120767
G_optimized_summarized_ESN_plus_thermal,5,cork,43,esn_u001_max,ESN:max,0.7241756669712054
G_optimized_summarized_ESN_plus_thermal,5,cork,43,esn_u001_initial,ESN:initial,0.7216172464619561
G_optimized_summarized_ESN_plus_thermal,5,cork,43,thermal_primary_middle_slope,Thermal:middle_slope,0.7162531231637533
G_optimized_summarized_ESN_plus_thermal,5,cork,43,thermal_difference_late_slope,Thermal:late_slope,0.7030235211995687
G_optimized_summarized_ESN_plus_thermal,5,cork,43,esn_u002_initial,ESN:initial,0.6559447794866183
G_optimized_summarized_ESN_plus_thermal,5,cork,43,esn_u018_initial,ESN:initial,0.6402708872961249
G_optimized_summarized_ESN_plus_thermal,5,cork,43,thermal_secondary_max_abs_rate,Thermal:max_abs_rate,0.624064387118576
G_optimized_summarized_ESN_plus_thermal,5,cork,43,esn_u016_initial,ESN:initial,0.6125752719692338
G_optimized_summarized_ESN_plus_thermal,5,cork,43,esn_u016_max,ESN:max,0.5598661029645527
G_optimized_summarized_ESN_plus_thermal,5,cork,43,esn_u010_initial,ESN:initial,0.5453240027465526
G_optimized_summarized_ESN_plus_thermal,5,cork,43,esn_u003_initial,ESN:initial,0.5253797358027027
G_optimized_summarized_ESN_plus_thermal,5,cork,43,esn_u012_max,ESN:max,0.5139667075086541
G_optimized_summarized_ESN_plus_thermal,5,cork,43,esn_u003_mean,ESN:mean,0.44104696756659545
G_optimized_summarized_ESN_plus_thermal,5,cork,43,esn_u007_initial,ESN:initial,0.4228622091514114
G_optimized_summarized_ESN_plus_thermal,5,cork,43,thermal_secondary_early_slope,Thermal:early_slope,0.41966656122907775
G_optimized_summarized_ESN_plus_thermal,5,cork,43,thermal_secondary_primary_auc_ratio,Thermal:cross_sensor,0.4048866895882849
G_optimized_summarized_ESN_plus_thermal,5,cork,43,esn_u000_initial,ESN:initial,0.39160002248263004
G_optimized_summarized_ESN_plus_thermal,5,cork,43,esn_u007_max,ESN:max,0.3662630996698421
G_optimized_summarized_ESN_plus_thermal,5,cork,43,esn_u008_initial,ESN:initial,0.3621829420547198
G_optimized_summarized_ESN_plus_thermal,5,cork,43,esn_u003_abs_auc,ESN:abs_auc,0.3581218061534209
G_optimized_summarized_ESN_plus_thermal,5,cork,43,thermal_initial_sensor_difference,Thermal:cross_sensor,0.296215638515119
G_optimized_summarized_ESN_plus_thermal,5,cork,43,esn_u008_slope,ESN:slope,0.28046565946933205
G_optimized_summarized_ESN_plus_thermal,5,cork,43,esn_u019_abs_auc,ESN:abs_auc,0.2589045468504919
G_optimized_summarized_ESN_plus_thermal,5,cork,43,esn_u019_max,ESN:max,0.2511436876105389
G_optimized_summarized_ESN_plus_thermal,5,cork,43,esn_u004_abs_auc,ESN:abs_auc,0.24704450828159308
G_optimized_summarized_ESN_plus_thermal,5,cork,43,esn_u015_max,ESN:max,0.23660158739253864
G_optimized_summarized_ESN_plus_thermal,5,cork,43,esn_u015_mean,ESN:mean,0.22889779329405585
G_optimized_summarized_ESN_plus_thermal,5,cork,43,esn_u018_min,ESN:min,0.21285297768400588
G_optimized_summarized_ESN_plus_thermal,5,cork,43,esn_u014_net_change,ESN:net_change,0.18929458511370728
G_optimized_summarized_ESN_plus_thermal,5,cork,43,esn_u015_slope,ESN:slope,0.1854236663506425
G_optimized_summarized_ESN_plus_thermal,5,cork,43,esn_u018_mean,ESN:mean,0.1409604102884116
G_optimized_summarized_ESN_plus_thermal,5,cork,43,esn_u012_abs_auc,ESN:abs_auc,0.1359481886959419
G_optimized_summarized_ESN_plus_thermal,5,cork,43,esn_u011_mean,ESN:mean,0.11678381201885203
G_optimized_summarized_ESN_plus_thermal,5,cork,43,esn_u018_abs_auc,ESN:abs_auc,0.09415748342590072
G_optimized_summarized_ESN_plus_thermal,5,cork,43,esn_u013_mean,ESN:mean,0.0817458151561229
G_optimized_summarized_ESN_plus_thermal,5,cork,43,esn_u009_abs_auc,ESN:abs_auc,0.07486946560895864
G_optimized_summarized_ESN_plus_thermal,5,cork,43,esn_u009_slope,ESN:slope,0.01072824659640566
G_optimized_summarized_ESN_plus_thermal,5,cork,43,esn_u000_std,ESN:std,0.006743197550400366
G_optimized_summarized_ESN_plus_thermal,5,cork,44,esn_u000_min,ESN:min,0.7739840246178157
G_optimized_summarized_ESN_plus_thermal,5,cork,44,thermal_secondary_final_change,Thermal:final_change,0.7260207732120767
G_optimized_summarized_ESN_plus_thermal,5,cork,44,esn_u011_initial,ESN:initial,0.7245180578200269
G_optimized_summarized_ESN_plus_thermal,5,cork,44,esn_u008_initial,ESN:initial,0.7201050202129948
G_optimized_summarized_ESN_plus_thermal,5,cork,44,thermal_primary_middle_slope,Thermal:middle_slope,0.7162531231637533
G_optimized_summarized_ESN_plus_thermal,5,cork,44,thermal_difference_late_slope,Thermal:late_slope,0.7030235211995687
G_optimized_summarized_ESN_plus_thermal,5,cork,44,esn_u009_initial,ESN:initial,0.697887658467247
G_optimized_summarized_ESN_plus_thermal,5,cork,44,esn_u002_max,ESN:max,0.6518931544422311
G_optimized_summarized_ESN_plus_thermal,5,cork,44,thermal_secondary_max_abs_rate,Thermal:max_abs_rate,0.624064387118576
G_optimized_summarized_ESN_plus_thermal,5,cork,44,esn_u019_std,ESN:std,0.623902702551077
G_optimized_summarized_ESN_plus_thermal,5,cork,44,esn_u015_initial,ESN:initial,0.6073443006677949
G_optimized_summarized_ESN_plus_thermal,5,cork,44,esn_u000_initial,ESN:initial,0.5893973136754035
G_optimized_summarized_ESN_plus_thermal,5,cork,44,esn_u017_initial,ESN:initial,0.5385617834823287
G_optimized_summarized_ESN_plus_thermal,5,cork,44,esn_u014_initial,ESN:initial,0.5360223846869029
G_optimized_summarized_ESN_plus_thermal,5,cork,44,esn_u019_initial,ESN:initial,0.532027824783986
G_optimized_summarized_ESN_plus_thermal,5,cork,44,esn_u012_mean,ESN:mean,0.44001979502013105
G_optimized_summarized_ESN_plus_thermal,5,cork,44,thermal_secondary_early_slope,Thermal:early_slope,0.41966656122907775
G_optimized_summarized_ESN_plus_thermal,5,cork,44,thermal_secondary_primary_auc_ratio,Thermal:cross_sensor,0.4048866895882849
G_optimized_summarized_ESN_plus_thermal,5,cork,44,esn_u008_net_change,ESN:net_change,0.36740440249924694
G_optimized_summarized_ESN_plus_thermal,5,cork,44,esn_u006_abs_auc,ESN:abs_auc,0.36583511110881534
G_optimized_summarized_ESN_plus_thermal,5,cork,44,esn_u011_mean,ESN:mean,0.35487860394652865
G_optimized_summarized_ESN_plus_thermal,5,cork,44,esn_u001_slope,ESN:slope,0.35240578114948484
G_optimized_summarized_ESN_plus_thermal,5,cork,44,thermal_initial_sensor_difference,Thermal:cross_sensor,0.296215638515119
G_optimized_summarized_ESN_plus_thermal,5,cork,44,esn_u018_abs_auc,ESN:abs_auc,0.28476456679342366
G_optimized_summarized_ESN_plus_thermal,5,cork,44,esn_u002_net_change,ESN:net_change,0.2747306127515726
G_optimized_summarized_ESN_plus_thermal,5,cork,44,esn_u009_mean,ESN:mean,0.24020620216207564
G_optimized_summarized_ESN_plus_thermal,5,cork,44,esn_u009_max,ESN:max,0.20707988753859966
G_optimized_summarized_ESN_plus_thermal,5,cork,44,esn_u013_abs_auc,ESN:abs_auc,0.1954576203924935
G_optimized_summarized_ESN_plus_thermal,5,cork,44,esn_u015_slope,ESN:slope,0.18431089609197276
G_optimized_summarized_ESN_plus_thermal,5,cork,44,esn_u003_std,ESN:std,0.17250792266454418
G_optimized_summarized_ESN_plus_thermal,5,cork,44,esn_u004_net_change,ESN:net_change,0.16951200273735645
G_optimized_summarized_ESN_plus_thermal,5,cork,44,esn_u003_slope,ESN:slope,0.14679056557528808
G_optimized_summarized_ESN_plus_thermal,5,cork,44,esn_u002_slope,ESN:slope,0.1449835027620637
G_optimized_summarized_ESN_plus_thermal,5,cork,44,esn_u000_std,ESN:std,0.095317807969129
G_optimized_summarized_ESN_plus_thermal,5,cork,44,esn_u009_abs_auc,ESN:abs_auc,0.03560864827743156
G_optimized_summarized_ESN_plus_thermal,5,cork,44,esn_u009_mean_abs,ESN:mean_abs,0.02132334119604742
F_optimized_summarized_ESN,6,graphite,42,esn_u013_max,ESN:max,0.801479911949561
F_optimized_summarized_ESN,6,graphite,42,esn_u003_max,ESN:max,0.7894106345286047
F_optimized_summarized_ESN,6,graphite,42,esn_u003_initial,ESN:initial,0.7553427450708696
F_optimized_summarized_ESN,6,graphite,42,esn_u012_initial,ESN:initial,0.7428359682319747
F_optimized_summarized_ESN,6,graphite,42,esn_u015_min,ESN:min,0.7408006448528697
F_optimized_summarized_ESN,6,graphite,42,esn_u016_initial,ESN:initial,0.7172612739963944
F_optimized_summarized_ESN,6,graphite,42,esn_u007_min,ESN:min,0.6994569498576785
F_optimized_summarized_ESN,6,graphite,42,esn_u000_max,ESN:max,0.6609570010790881
F_optimized_summarized_ESN,6,graphite,42,esn_u008_initial,ESN:initial,0.5394272714612942
F_optimized_summarized_ESN,6,graphite,42,esn_u001_initial,ESN:initial,0.500233030128149
F_optimized_summarized_ESN,6,graphite,42,esn_u002_initial,ESN:initial,0.48412163851971707
F_optimized_summarized_ESN,6,graphite,42,esn_u006_min,ESN:min,0.4639205784392511
F_optimized_summarized_ESN,6,graphite,42,esn_u010_mean,ESN:mean,0.46142873392838385
F_optimized_summarized_ESN,6,graphite,42,esn_u005_initial,ESN:initial,0.45341108155181475
F_optimized_summarized_ESN,6,graphite,42,esn_u006_net_change,ESN:net_change,0.3981244703240611
F_optimized_summarized_ESN,6,graphite,42,esn_u001_mean,ESN:mean,0.3775905302516854
F_optimized_summarized_ESN,6,graphite,42,esn_u009_abs_auc,ESN:abs_auc,0.37611634743037076
F_optimized_summarized_ESN,6,graphite,42,esn_u001_max,ESN:max,0.37009597500526015
F_optimized_summarized_ESN,6,graphite,42,esn_u003_std,ESN:std,0.3619451706319271
F_optimized_summarized_ESN,6,graphite,42,esn_u003_slope,ESN:slope,0.3231503852890737
F_optimized_summarized_ESN,6,graphite,42,esn_u017_initial,ESN:initial,0.31880392368042354
F_optimized_summarized_ESN,6,graphite,42,esn_u002_max,ESN:max,0.31619794888661573
F_optimized_summarized_ESN,6,graphite,42,esn_u011_std,ESN:std,0.30274959721346184
F_optimized_summarized_ESN,6,graphite,42,esn_u015_abs_auc,ESN:abs_auc,0.29589226938012103
F_optimized_summarized_ESN,6,graphite,42,esn_u016_std,ESN:std,0.28998602723795086
F_optimized_summarized_ESN,6,graphite,42,esn_u006_slope,ESN:slope,0.2735417556376092
F_optimized_summarized_ESN,6,graphite,42,esn_u012_abs_auc,ESN:abs_auc,0.2704031728567458
F_optimized_summarized_ESN,6,graphite,42,esn_u003_abs_auc,ESN:abs_auc,0.24631217229939165
F_optimized_summarized_ESN,6,graphite,42,esn_u011_slope,ESN:slope,0.21180678342371811
F_optimized_summarized_ESN,6,graphite,42,esn_u006_std,ESN:std,0.21056086116828446
F_optimized_summarized_ESN,6,graphite,42,esn_u005_slope,ESN:slope,0.17222259695719297
F_optimized_summarized_ESN,6,graphite,42,esn_u004_max,ESN:max,0.11475799949665842
F_optimized_summarized_ESN,6,graphite,42,esn_u011_net_change,ESN:net_change,0.10784360652184731
F_optimized_summarized_ESN,6,graphite,42,esn_u016_abs_auc,ESN:abs_auc,0.04444423434840749
F_optimized_summarized_ESN,6,graphite,42,esn_u015_mean,ESN:mean,0.04142929270739632
F_optimized_summarized_ESN,6,graphite,42,esn_u006_abs_auc,ESN:abs_auc,0.034781203726113034
F_optimized_summarized_ESN,6,graphite,42,esn_u010_slope,ESN:slope,0.0331548471942111
F_optimized_summarized_ESN,6,graphite,43,esn_u003_max,ESN:max,0.7993019257167802
F_optimized_summarized_ESN,6,graphite,43,esn_u013_initial,ESN:initial,0.7792625502038133
F_optimized_summarized_ESN,6,graphite,43,esn_u011_min,ESN:min,0.7546294308024917
F_optimized_summarized_ESN,6,graphite,43,esn_u006_initial,ESN:initial,0.7419895019668328
F_optimized_summarized_ESN,6,graphite,43,esn_u015_initial,ESN:initial,0.7154922546108168
F_optimized_summarized_ESN,6,graphite,43,esn_u018_initial,ESN:initial,0.6269937310473818
F_optimized_summarized_ESN,6,graphite,43,esn_u016_initial,ESN:initial,0.6217817814597663
F_optimized_summarized_ESN,6,graphite,43,esn_u016_max,ESN:max,0.5866486760279201
F_optimized_summarized_ESN,6,graphite,43,esn_u003_initial,ESN:initial,0.5695101118730238
F_optimized_summarized_ESN,6,graphite,43,esn_u010_initial,ESN:initial,0.548396009529034
F_optimized_summarized_ESN,6,graphite,43,esn_u012_max,ESN:max,0.5355848852689645
F_optimized_summarized_ESN,6,graphite,43,esn_u007_std,ESN:std,0.46130509278853166
F_optimized_summarized_ESN,6,graphite,43,esn_u007_initial,ESN:initial,0.4383268624898472
F_optimized_summarized_ESN,6,graphite,43,esn_u007_max,ESN:max,0.3803581896129921
F_optimized_summarized_ESN,6,graphite,43,esn_u000_initial,ESN:initial,0.37951172334785016
F_optimized_summarized_ESN,6,graphite,43,esn_u003_abs_auc,ESN:abs_auc,0.37579297829537267
F_optimized_summarized_ESN,6,graphite,43,esn_u012_mean,ESN:mean,0.365521252830729
F_optimized_summarized_ESN,6,graphite,43,esn_u013_slope,ESN:slope,0.35962452154547064
F_optimized_summarized_ESN,6,graphite,43,esn_u008_initial,ESN:initial,0.3514166520306673
F_optimized_summarized_ESN,6,graphite,43,esn_u014_mean,ESN:mean,0.2968148225005566
F_optimized_summarized_ESN,6,graphite,43,esn_u019_abs_auc,ESN:abs_auc,0.28487869707636415
F_optimized_summarized_ESN,6,graphite,43,esn_u004_abs_auc,ESN:abs_auc,0.24402956664058195
F_optimized_summarized_ESN,6,graphite,43,esn_u015_max,ESN:max,0.23882712790987812
F_optimized_summarized_ESN,6,graphite,43,esn_u019_max,ESN:max,0.23200784350418407
F_optimized_summarized_ESN,6,graphite,43,esn_u018_min,ESN:min,0.21481221420781757
F_optimized_summarized_ESN,6,graphite,43,esn_u015_slope,ESN:slope,0.1889997485494444
F_optimized_summarized_ESN,6,graphite,43,esn_u014_net_change,ESN:net_change,0.1740867249118876
F_optimized_summarized_ESN,6,graphite,43,esn_u012_abs_auc,ESN:abs_auc,0.15898348413609664
F_optimized_summarized_ESN,6,graphite,43,esn_u018_mean,ESN:mean,0.1352538961413873
F_optimized_summarized_ESN,6,graphite,43,esn_u011_mean,ESN:mean,0.1178204954222281
F_optimized_summarized_ESN,6,graphite,43,esn_u018_abs_auc,ESN:abs_auc,0.09574579653015583
F_optimized_summarized_ESN,6,graphite,43,esn_u013_mean,ESN:mean,0.08857461041872865
F_optimized_summarized_ESN,6,graphite,43,esn_u009_abs_auc,ESN:abs_auc,0.05640889234333508
F_optimized_summarized_ESN,6,graphite,43,esn_u009_slope,ESN:slope,0.008274445513185217
F_optimized_summarized_ESN,6,graphite,43,esn_u000_std,ESN:std,0.0029103222149823864
F_optimized_summarized_ESN,6,graphite,44,esn_u000_min,ESN:min,0.8023453999285265
F_optimized_summarized_ESN,6,graphite,44,esn_u011_initial,ESN:initial,0.7640546900019936
F_optimized_summarized_ESN,6,graphite,44,esn_u007_initial,ESN:initial,0.7543726376658756
F_optimized_summarized_ESN,6,graphite,44,esn_u009_min,ESN:min,0.7285126177229438
F_optimized_summarized_ESN,6,graphite,44,esn_u002_max,ESN:max,0.6710955745469679
F_optimized_summarized_ESN,6,graphite,44,esn_u015_initial,ESN:initial,0.6371323045152617
F_optimized_summarized_ESN,6,graphite,44,esn_u019_std,ESN:std,0.6351635571345382
F_optimized_summarized_ESN,6,graphite,44,esn_u000_initial,ESN:initial,0.6115861428504162
F_optimized_summarized_ESN,6,graphite,44,esn_u004_initial,ESN:initial,0.5692057644518492
F_optimized_summarized_ESN,6,graphite,44,esn_u019_initial,ESN:initial,0.5538076871117953
F_optimized_summarized_ESN,6,graphite,44,esn_u014_initial,ESN:initial,0.5359938521161678
F_optimized_summarized_ESN,6,graphite,44,esn_u018_initial,ESN:initial,0.4835890305326615
F_optimized_summarized_ESN,6,graphite,44,esn_u012_mean,ESN:mean,0.4610578105088272
F_optimized_summarized_ESN,6,graphite,44,esn_u002_std,ESN:std,0.39443425784231867
F_optimized_summarized_ESN,6,graphite,44,esn_u006_abs_auc,ESN:abs_auc,0.38440030380046764
F_optimized_summarized_ESN,6,graphite,44,esn_u016_mean,ESN:mean,0.38156606844077895
F_optimized_summarized_ESN,6,graphite,44,esn_u010_mean,ESN:mean,0.3807861781740189
F_optimized_summarized_ESN,6,graphite,44,esn_u001_slope,ESN:slope,0.36663402308939874
F_optimized_summarized_ESN,6,graphite,44,esn_u018_abs_auc,ESN:abs_auc,0.3064968748366744
F_optimized_summarized_ESN,6,graphite,44,esn_u002_net_change,ESN:net_change,0.28640994503914896
F_optimized_summarized_ESN,6,graphite,44,esn_u009_mean,ESN:mean,0.2412238638516283
F_optimized_summarized_ESN,6,graphite,44,esn_u009_max,ESN:max,0.19679865121704423
F_optimized_summarized_ESN,6,graphite,44,esn_u015_slope,ESN:slope,0.19295626502471452
F_optimized_summarized_ESN,6,graphite,44,esn_u003_std,ESN:std,0.19285164559868576
F_optimized_summarized_ESN,6,graphite,44,esn_u013_abs_auc,ESN:abs_auc,0.1874589897297478
F_optimized_summarized_ESN,6,graphite,44,esn_u003_slope,ESN:slope,0.1622552189137239
F_optimized_summarized_ESN,6,graphite,44,esn_u004_net_change,ESN:net_change,0.16071446009402732
F_optimized_summarized_ESN,6,graphite,44,esn_u002_slope,ESN:slope,0.14683811985984663
F_optimized_summarized_ESN,6,graphite,44,esn_u000_std,ESN:std,0.09460449370075098
F_optimized_summarized_ESN,6,graphite,44,esn_u009_abs_auc,ESN:abs_auc,0.04549993946560698
F_optimized_summarized_ESN,6,graphite,44,esn_u009_mean_abs,ESN:mean_abs,0.021047526345607914
G_optimized_summarized_ESN_plus_thermal,6,graphite,42,thermal_secondary_late_slope,Thermal:late_slope,0.8017271942292655
G_optimized_summarized_ESN_plus_thermal,6,graphite,42,esn_u013_max,ESN:max,0.801479911949561
G_optimized_summarized_ESN_plus_thermal,6,graphite,42,thermal_secondary_final_change,Thermal:final_change,0.7817829272854155
G_optimized_summarized_ESN_plus_thermal,6,graphite,42,thermal_secondary_middle_slope,Thermal:middle_slope,0.7765424451270649
G_optimized_summarized_ESN_plus_thermal,6,graphite,42,esn_u003_initial,ESN:initial,0.7553427450708696
G_optimized_summarized_ESN_plus_thermal,6,graphite,42,esn_u012_initial,ESN:initial,0.7428359682319747
G_optimized_summarized_ESN_plus_thermal,6,graphite,42,esn_u015_min,ESN:min,0.7408006448528697
G_optimized_summarized_ESN_plus_thermal,6,graphite,42,thermal_primary_late_slope,Thermal:late_slope,0.7236906132687083
G_optimized_summarized_ESN_plus_thermal,6,graphite,42,esn_u016_initial,ESN:initial,0.7172612739963944
G_optimized_summarized_ESN_plus_thermal,6,graphite,42,esn_u007_min,ESN:min,0.6994569498576785
G_optimized_summarized_ESN_plus_thermal,6,graphite,42,thermal_difference_late_slope,Thermal:late_slope,0.6940833157025641
G_optimized_summarized_ESN_plus_thermal,6,graphite,42,esn_u000_max,ESN:max,0.6609570010790881
G_optimized_summarized_ESN_plus_thermal,6,graphite,42,thermal_secondary_max_abs_rate,Thermal:max_abs_rate,0.6588836342723359
G_optimized_summarized_ESN_plus_thermal,6,graphite,42,esn_u008_initial,ESN:initial,0.5394272714612942
G_optimized_summarized_ESN_plus_thermal,6,graphite,42,esn_u001_initial,ESN:initial,0.500233030128149
G_optimized_summarized_ESN_plus_thermal,6,graphite,42,esn_u002_initial,ESN:initial,0.48412163851971707
G_optimized_summarized_ESN_plus_thermal,6,graphite,42,esn_u006_min,ESN:min,0.4639205784392511
G_optimized_summarized_ESN_plus_thermal,6,graphite,42,thermal_secondary_primary_auc_ratio,Thermal:cross_sensor,0.46298851446190387
G_optimized_summarized_ESN_plus_thermal,6,graphite,42,esn_u010_mean,ESN:mean,0.46142873392838385
G_optimized_summarized_ESN_plus_thermal,6,graphite,42,esn_u005_initial,ESN:initial,0.45341108155181475
G_optimized_summarized_ESN_plus_thermal,6,graphite,42,thermal_secondary_early_slope,Thermal:early_slope,0.4206176469202485
G_optimized_summarized_ESN_plus_thermal,6,graphite,42,esn_u006_net_change,ESN:net_change,0.3981244703240611
G_optimized_summarized_ESN_plus_thermal,6,graphite,42,esn_u001_mean,ESN:mean,0.3775905302516854
G_optimized_summarized_ESN_plus_thermal,6,graphite,42,esn_u009_abs_auc,ESN:abs_auc,0.37611634743037076
G_optimized_summarized_ESN_plus_thermal,6,graphite,42,esn_u001_max,ESN:max,0.37009597500526015
G_optimized_summarized_ESN_plus_thermal,6,graphite,42,esn_u003_std,ESN:std,0.3619451706319271
G_optimized_summarized_ESN_plus_thermal,6,graphite,42,esn_u003_slope,ESN:slope,0.3231503852890737
G_optimized_summarized_ESN_plus_thermal,6,graphite,42,esn_u017_initial,ESN:initial,0.31880392368042354
G_optimized_summarized_ESN_plus_thermal,6,graphite,42,esn_u002_max,ESN:max,0.31619794888661573
G_optimized_summarized_ESN_plus_thermal,6,graphite,42,esn_u011_std,ESN:std,0.30274959721346184
G_optimized_summarized_ESN_plus_thermal,6,graphite,42,esn_u015_abs_auc,ESN:abs_auc,0.29589226938012103
G_optimized_summarized_ESN_plus_thermal,6,graphite,42,thermal_initial_sensor_difference,Thermal:cross_sensor,0.29589226938012103
G_optimized_summarized_ESN_plus_thermal,6,graphite,42,esn_u016_std,ESN:std,0.28998602723795086
G_optimized_summarized_ESN_plus_thermal,6,graphite,42,esn_u006_slope,ESN:slope,0.2735417556376092
G_optimized_summarized_ESN_plus_thermal,6,graphite,42,esn_u012_abs_auc,ESN:abs_auc,0.2704031728567458
G_optimized_summarized_ESN_plus_thermal,6,graphite,42,esn_u003_abs_auc,ESN:abs_auc,0.24631217229939165
G_optimized_summarized_ESN_plus_thermal,6,graphite,42,esn_u011_slope,ESN:slope,0.21180678342371811
G_optimized_summarized_ESN_plus_thermal,6,graphite,42,esn_u006_std,ESN:std,0.21056086116828446
G_optimized_summarized_ESN_plus_thermal,6,graphite,42,esn_u005_slope,ESN:slope,0.17222259695719297
G_optimized_summarized_ESN_plus_thermal,6,graphite,42,esn_u004_max,ESN:max,0.11475799949665842
G_optimized_summarized_ESN_plus_thermal,6,graphite,42,esn_u011_net_change,ESN:net_change,0.10784360652184731
G_optimized_summarized_ESN_plus_thermal,6,graphite,42,esn_u016_abs_auc,ESN:abs_auc,0.04444423434840749
G_optimized_summarized_ESN_plus_thermal,6,graphite,42,esn_u015_mean,ESN:mean,0.04142929270739632
G_optimized_summarized_ESN_plus_thermal,6,graphite,42,esn_u006_abs_auc,ESN:abs_auc,0.034781203726113034
G_optimized_summarized_ESN_plus_thermal,6,graphite,42,esn_u010_slope,ESN:slope,0.0331548471942111
G_optimized_summarized_ESN_plus_thermal,6,graphite,43,thermal_secondary_late_slope,Thermal:late_slope,0.8017271942292655
G_optimized_summarized_ESN_plus_thermal,6,graphite,43,esn_u003_max,ESN:max,0.7993019257167802
G_optimized_summarized_ESN_plus_thermal,6,graphite,43,thermal_secondary_final_change,Thermal:final_change,0.7817829272854155
G_optimized_summarized_ESN_plus_thermal,6,graphite,43,esn_u013_initial,ESN:initial,0.7792625502038133
G_optimized_summarized_ESN_plus_thermal,6,graphite,43,thermal_secondary_middle_slope,Thermal:middle_slope,0.7765424451270649
G_optimized_summarized_ESN_plus_thermal,6,graphite,43,esn_u011_min,ESN:min,0.7546294308024917
G_optimized_summarized_ESN_plus_thermal,6,graphite,43,esn_u006_initial,ESN:initial,0.7419895019668328
G_optimized_summarized_ESN_plus_thermal,6,graphite,43,thermal_primary_late_slope,Thermal:late_slope,0.7236906132687083
G_optimized_summarized_ESN_plus_thermal,6,graphite,43,esn_u015_initial,ESN:initial,0.7154922546108168
G_optimized_summarized_ESN_plus_thermal,6,graphite,43,thermal_difference_late_slope,Thermal:late_slope,0.6940833157025641
G_optimized_summarized_ESN_plus_thermal,6,graphite,43,thermal_secondary_max_abs_rate,Thermal:max_abs_rate,0.6588836342723359
G_optimized_summarized_ESN_plus_thermal,6,graphite,43,esn_u018_initial,ESN:initial,0.6269937310473818
G_optimized_summarized_ESN_plus_thermal,6,graphite,43,esn_u016_initial,ESN:initial,0.6217817814597663
G_optimized_summarized_ESN_plus_thermal,6,graphite,43,esn_u016_max,ESN:max,0.5866486760279201
G_optimized_summarized_ESN_plus_thermal,6,graphite,43,esn_u003_initial,ESN:initial,0.5695101118730238
G_optimized_summarized_ESN_plus_thermal,6,graphite,43,esn_u010_initial,ESN:initial,0.548396009529034
G_optimized_summarized_ESN_plus_thermal,6,graphite,43,esn_u012_max,ESN:max,0.5355848852689645
G_optimized_summarized_ESN_plus_thermal,6,graphite,43,thermal_secondary_primary_auc_ratio,Thermal:cross_sensor,0.46298851446190387
G_optimized_summarized_ESN_plus_thermal,6,graphite,43,esn_u007_std,ESN:std,0.46130509278853166
G_optimized_summarized_ESN_plus_thermal,6,graphite,43,esn_u007_initial,ESN:initial,0.4383268624898472
G_optimized_summarized_ESN_plus_thermal,6,graphite,43,thermal_secondary_early_slope,Thermal:early_slope,0.4206176469202485
G_optimized_summarized_ESN_plus_thermal,6,graphite,43,esn_u007_max,ESN:max,0.3803581896129921
G_optimized_summarized_ESN_plus_thermal,6,graphite,43,esn_u000_initial,ESN:initial,0.37951172334785016
G_optimized_summarized_ESN_plus_thermal,6,graphite,43,esn_u003_abs_auc,ESN:abs_auc,0.37579297829537267
G_optimized_summarized_ESN_plus_thermal,6,graphite,43,esn_u012_mean,ESN:mean,0.365521252830729
G_optimized_summarized_ESN_plus_thermal,6,graphite,43,esn_u013_slope,ESN:slope,0.35962452154547064
G_optimized_summarized_ESN_plus_thermal,6,graphite,43,esn_u008_initial,ESN:initial,0.3514166520306673
G_optimized_summarized_ESN_plus_thermal,6,graphite,43,esn_u014_mean,ESN:mean,0.2968148225005566
G_optimized_summarized_ESN_plus_thermal,6,graphite,43,thermal_initial_sensor_difference,Thermal:cross_sensor,0.29589226938012103
G_optimized_summarized_ESN_plus_thermal,6,graphite,43,esn_u019_abs_auc,ESN:abs_auc,0.28487869707636415
G_optimized_summarized_ESN_plus_thermal,6,graphite,43,esn_u004_abs_auc,ESN:abs_auc,0.24402956664058195
G_optimized_summarized_ESN_plus_thermal,6,graphite,43,esn_u015_max,ESN:max,0.23882712790987812
G_optimized_summarized_ESN_plus_thermal,6,graphite,43,esn_u019_max,ESN:max,0.23200784350418407
G_optimized_summarized_ESN_plus_thermal,6,graphite,43,esn_u018_min,ESN:min,0.21481221420781757
G_optimized_summarized_ESN_plus_thermal,6,graphite,43,esn_u015_slope,ESN:slope,0.1889997485494444
G_optimized_summarized_ESN_plus_thermal,6,graphite,43,esn_u014_net_change,ESN:net_change,0.1740867249118876
G_optimized_summarized_ESN_plus_thermal,6,graphite,43,esn_u012_abs_auc,ESN:abs_auc,0.15898348413609664
G_optimized_summarized_ESN_plus_thermal,6,graphite,43,esn_u018_mean,ESN:mean,0.1352538961413873
G_optimized_summarized_ESN_plus_thermal,6,graphite,43,esn_u011_mean,ESN:mean,0.1178204954222281
G_optimized_summarized_ESN_plus_thermal,6,graphite,43,esn_u018_abs_auc,ESN:abs_auc,0.09574579653015583
G_optimized_summarized_ESN_plus_thermal,6,graphite,43,esn_u013_mean,ESN:mean,0.08857461041872865
G_optimized_summarized_ESN_plus_thermal,6,graphite,43,esn_u009_abs_auc,ESN:abs_auc,0.05640889234333508
G_optimized_summarized_ESN_plus_thermal,6,graphite,43,esn_u009_slope,ESN:slope,0.008274445513185217
G_optimized_summarized_ESN_plus_thermal,6,graphite,43,esn_u000_std,ESN:std,0.0029103222149823864
G_optimized_summarized_ESN_plus_thermal,6,graphite,44,esn_u000_min,ESN:min,0.8023453999285265
G_optimized_summarized_ESN_plus_thermal,6,graphite,44,thermal_secondary_late_slope,Thermal:late_slope,0.8017271942292655
G_optimized_summarized_ESN_plus_thermal,6,graphite,44,thermal_secondary_final_change,Thermal:final_change,0.7817829272854155
G_optimized_summarized_ESN_plus_thermal,6,graphite,44,esn_u011_initial,ESN:initial,0.7640546900019936
G_optimized_summarized_ESN_plus_thermal,6,graphite,44,esn_u007_initial,ESN:initial,0.7543726376658756
G_optimized_summarized_ESN_plus_thermal,6,graphite,44,esn_u009_min,ESN:min,0.7285126177229438
G_optimized_summarized_ESN_plus_thermal,6,graphite,44,thermal_primary_late_slope,Thermal:late_slope,0.7236906132687083
G_optimized_summarized_ESN_plus_thermal,6,graphite,44,thermal_difference_late_slope,Thermal:late_slope,0.6940833157025641
G_optimized_summarized_ESN_plus_thermal,6,graphite,44,esn_u002_max,ESN:max,0.6710955745469679
G_optimized_summarized_ESN_plus_thermal,6,graphite,44,thermal_secondary_max_abs_rate,Thermal:max_abs_rate,0.6588836342723359
G_optimized_summarized_ESN_plus_thermal,6,graphite,44,esn_u015_initial,ESN:initial,0.6371323045152617
G_optimized_summarized_ESN_plus_thermal,6,graphite,44,esn_u019_std,ESN:std,0.6351635571345382
G_optimized_summarized_ESN_plus_thermal,6,graphite,44,esn_u000_initial,ESN:initial,0.6115861428504162
G_optimized_summarized_ESN_plus_thermal,6,graphite,44,esn_u004_initial,ESN:initial,0.5692057644518492
G_optimized_summarized_ESN_plus_thermal,6,graphite,44,esn_u019_initial,ESN:initial,0.5538076871117953
G_optimized_summarized_ESN_plus_thermal,6,graphite,44,esn_u014_initial,ESN:initial,0.5359938521161678
G_optimized_summarized_ESN_plus_thermal,6,graphite,44,esn_u018_initial,ESN:initial,0.4835890305326615
G_optimized_summarized_ESN_plus_thermal,6,graphite,44,thermal_secondary_primary_auc_ratio,Thermal:cross_sensor,0.46298851446190387
G_optimized_summarized_ESN_plus_thermal,6,graphite,44,esn_u012_mean,ESN:mean,0.4610578105088272
G_optimized_summarized_ESN_plus_thermal,6,graphite,44,thermal_secondary_early_slope,Thermal:early_slope,0.4206176469202485
G_optimized_summarized_ESN_plus_thermal,6,graphite,44,esn_u002_std,ESN:std,0.39443425784231867
G_optimized_summarized_ESN_plus_thermal,6,graphite,44,esn_u006_abs_auc,ESN:abs_auc,0.38440030380046764
G_optimized_summarized_ESN_plus_thermal,6,graphite,44,esn_u016_mean,ESN:mean,0.38156606844077895
G_optimized_summarized_ESN_plus_thermal,6,graphite,44,esn_u010_mean,ESN:mean,0.3807861781740189
G_optimized_summarized_ESN_plus_thermal,6,graphite,44,esn_u001_slope,ESN:slope,0.36663402308939874
G_optimized_summarized_ESN_plus_thermal,6,graphite,44,esn_u018_abs_auc,ESN:abs_auc,0.3064968748366744
G_optimized_summarized_ESN_plus_thermal,6,graphite,44,thermal_initial_sensor_difference,Thermal:cross_sensor,0.29589226938012103
G_optimized_summarized_ESN_plus_thermal,6,graphite,44,esn_u002_net_change,ESN:net_change,0.28640994503914896
G_optimized_summarized_ESN_plus_thermal,6,graphite,44,esn_u009_mean,ESN:mean,0.2412238638516283
G_optimized_summarized_ESN_plus_thermal,6,graphite,44,esn_u009_max,ESN:max,0.19679865121704423
G_optimized_summarized_ESN_plus_thermal,6,graphite,44,esn_u015_slope,ESN:slope,0.19295626502471452
G_optimized_summarized_ESN_plus_thermal,6,graphite,44,esn_u003_std,ESN:std,0.19285164559868576
G_optimized_summarized_ESN_plus_thermal,6,graphite,44,esn_u013_abs_auc,ESN:abs_auc,0.1874589897297478
G_optimized_summarized_ESN_plus_thermal,6,graphite,44,esn_u003_slope,ESN:slope,0.1622552189137239
G_optimized_summarized_ESN_plus_thermal,6,graphite,44,esn_u004_net_change,ESN:net_change,0.16071446009402732
G_optimized_summarized_ESN_plus_thermal,6,graphite,44,esn_u002_slope,ESN:slope,0.14683811985984663
G_optimized_summarized_ESN_plus_thermal,6,graphite,44,esn_u000_std,ESN:std,0.09460449370075098
G_optimized_summarized_ESN_plus_thermal,6,graphite,44,esn_u009_abs_auc,ESN:abs_auc,0.04549993946560698
G_optimized_summarized_ESN_plus_thermal,6,graphite,44,esn_u009_mean_abs,ESN:mean_abs,0.021047526345607914
F_optimized_summarized_ESN,7,gypsum,42,esn_u013_max,ESN:max,0.7936144332835793
F_optimized_summarized_ESN,7,gypsum,42,esn_u003_max,ESN:max,0.7852639009151005
F_optimized_summarized_ESN,7,gypsum,42,esn_u003_initial,ESN:initial,0.751662043446039
F_optimized_summarized_ESN,7,gypsum,42,esn_u015_min,ESN:min,0.747344114408124
F_optimized_summarized_ESN,7,gypsum,42,esn_u012_initial,ESN:initial,0.7352272827026091
F_optimized_summarized_ESN,7,gypsum,42,esn_u016_initial,ESN:initial,0.7200669767853479
F_optimized_summarized_ESN,7,gypsum,42,esn_u000_max,ESN:max,0.6733496476350425
F_optimized_summarized_ESN,7,gypsum,42,esn_u006_max,ESN:max,0.5720209780977145
F_optimized_summarized_ESN,7,gypsum,42,esn_u008_initial,ESN:initial,0.5402166725849658
F_optimized_summarized_ESN,7,gypsum,42,esn_u001_initial,ESN:initial,0.5230400650024226
F_optimized_summarized_ESN,7,gypsum,42,esn_u002_initial,ESN:initial,0.5062914459809065
F_optimized_summarized_ESN,7,gypsum,42,esn_u006_min,ESN:min,0.4790999060703357
F_optimized_summarized_ESN,7,gypsum,42,esn_u001_net_change,ESN:net_change,0.4635591658766062
F_optimized_summarized_ESN,7,gypsum,42,esn_u005_initial,ESN:initial,0.44150348869835737
F_optimized_summarized_ESN,7,gypsum,42,esn_u006_net_change,ESN:net_change,0.3948337138326104
F_optimized_summarized_ESN,7,gypsum,42,esn_u008_std,ESN:std,0.3748989577456723
F_optimized_summarized_ESN,7,gypsum,42,esn_u009_abs_auc,ESN:abs_auc,0.3710851041240777
F_optimized_summarized_ESN,7,gypsum,42,esn_u003_std,ESN:std,0.3642848414322071
F_optimized_summarized_ESN,7,gypsum,42,esn_u001_max,ESN:max,0.34648051729349133
F_optimized_summarized_ESN,7,gypsum,42,esn_u002_max,ESN:max,0.3427903048117489
F_optimized_summarized_ESN,7,gypsum,42,esn_u019_initial,ESN:initial,0.3329370570512203
F_optimized_summarized_ESN,7,gypsum,42,esn_u003_slope,ESN:slope,0.329731898271975
F_optimized_summarized_ESN,7,gypsum,42,esn_u011_std,ESN:std,0.3216381590401122
F_optimized_summarized_ESN,7,gypsum,42,esn_u015_abs_auc,ESN:abs_auc,0.2985362876015756
F_optimized_summarized_ESN,7,gypsum,42,esn_u006_slope,ESN:slope,0.2701368688632181
F_optimized_summarized_ESN,7,gypsum,42,esn_u002_abs_auc,ESN:abs_auc,0.26772111120764447
F_optimized_summarized_ESN,7,gypsum,42,esn_u011_max,ESN:max,0.2672741009327942
F_optimized_summarized_ESN,7,gypsum,42,esn_u003_abs_auc,ESN:abs_auc,0.23911245361722933
F_optimized_summarized_ESN,7,gypsum,42,esn_u011_slope,ESN:slope,0.2233244311437955
F_optimized_summarized_ESN,7,gypsum,42,esn_u006_std,ESN:std,0.1983489208936525
F_optimized_summarized_ESN,7,gypsum,42,esn_u005_slope,ESN:slope,0.16338701088621704
F_optimized_summarized_ESN,7,gypsum,42,esn_u000_abs_auc,ESN:abs_auc,0.15491283737788597
F_optimized_summarized_ESN,7,gypsum,42,esn_u004_max,ESN:max,0.12361260728145776
F_optimized_summarized_ESN,7,gypsum,42,esn_u011_net_change,ESN:net_change,0.10045367070145088
F_optimized_summarized_ESN,7,gypsum,42,esn_u016_abs_auc,ESN:abs_auc,0.03712087452639298
F_optimized_summarized_ESN,7,gypsum,42,esn_u010_slope,ESN:slope,0.03161408837451455
F_optimized_summarized_ESN,7,gypsum,42,esn_u006_abs_auc,ESN:abs_auc,0.030311100977610674
F_optimized_summarized_ESN,7,gypsum,42,esn_u015_mean,ESN:mean,0.030263546693052132
F_optimized_summarized_ESN,7,gypsum,43,esn_u009_min,ESN:min,0.7949839966788652
F_optimized_summarized_ESN,7,gypsum,43,esn_u013_initial,ESN:initial,0.7748114691691341
F_optimized_summarized_ESN,7,gypsum,43,esn_u014_max,ESN:max,0.7498930240604615
F_optimized_summarized_ESN,7,gypsum,43,esn_u001_max,ESN:max,0.7255547412234029
F_optimized_summarized_ESN,7,gypsum,43,esn_u002_initial,ESN:initial,0.6683849803271313
F_optimized_summarized_ESN,7,gypsum,43,esn_u016_initial,ESN:initial,0.6433333832216946
F_optimized_summarized_ESN,7,gypsum,43,esn_u018_initial,ESN:initial,0.6407464301417104
F_optimized_summarized_ESN,7,gypsum,43,esn_u016_max,ESN:max,0.6030358824867915
F_optimized_summarized_ESN,7,gypsum,43,esn_u012_max,ESN:max,0.5669231587930396
F_optimized_summarized_ESN,7,gypsum,43,esn_u010_initial,ESN:initial,0.5503076917682871
F_optimized_summarized_ESN,7,gypsum,43,esn_u003_initial,ESN:initial,0.5408443891411385
F_optimized_summarized_ESN,7,gypsum,43,esn_u007_std,ESN:std,0.46289340589278677
F_optimized_summarized_ESN,7,gypsum,43,esn_u007_initial,ESN:initial,0.43597768083265553
F_optimized_summarized_ESN,7,gypsum,43,esn_u000_initial,ESN:initial,0.3965551789336294
F_optimized_summarized_ESN,7,gypsum,43,esn_u008_initial,ESN:initial,0.3878717665732408
F_optimized_summarized_ESN,7,gypsum,43,esn_u012_mean,ESN:mean,0.3854464980607555
F_optimized_summarized_ESN,7,gypsum,43,esn_u003_abs_auc,ESN:abs_auc,0.3755742285864034
F_optimized_summarized_ESN,7,gypsum,43,esn_u007_net_change,ESN:net_change,0.37450901261229225
F_optimized_summarized_ESN,7,gypsum,43,esn_u008_slope,ESN:slope,0.29050912436809473
F_optimized_summarized_ESN,7,gypsum,43,esn_u019_max,ESN:max,0.2782496298089043
F_optimized_summarized_ESN,7,gypsum,43,esn_u019_abs_auc,ESN:abs_auc,0.2774697395421442
F_optimized_summarized_ESN,7,gypsum,43,esn_u018_min,ESN:min,0.25354993440920076
F_optimized_summarized_ESN,7,gypsum,43,esn_u004_abs_auc,ESN:abs_auc,0.24849966938908427
F_optimized_summarized_ESN,7,gypsum,43,esn_u015_max,ESN:max,0.24615048773189263
F_optimized_summarized_ESN,7,gypsum,43,esn_u015_mean,ESN:mean,0.24014913702060542
F_optimized_summarized_ESN,7,gypsum,43,esn_u015_slope,ESN:slope,0.18743996801592439
F_optimized_summarized_ESN,7,gypsum,43,esn_u014_net_change,ESN:net_change,0.1624073926243112
F_optimized_summarized_ESN,7,gypsum,43,esn_u012_abs_auc,ESN:abs_auc,0.15370495855009916
F_optimized_summarized_ESN,7,gypsum,43,esn_u011_mean,ESN:mean,0.1309930322449425
F_optimized_summarized_ESN,7,gypsum,43,esn_u018_mean,ESN:mean,0.12838705745113474
F_optimized_summarized_ESN,7,gypsum,43,esn_u013_mean,ESN:mean,0.10285040664320107
F_optimized_summarized_ESN,7,gypsum,43,esn_u018_abs_auc,ESN:abs_auc,0.09750530505882164
F_optimized_summarized_ESN,7,gypsum,43,esn_u009_abs_auc,ESN:abs_auc,0.06064122366904475
F_optimized_summarized_ESN,7,gypsum,43,esn_u000_std,ESN:std,0.02296871944177276
F_optimized_summarized_ESN,7,gypsum,43,esn_u009_slope,ESN:slope,0.014076068229326574
F_optimized_summarized_ESN,7,gypsum,44,esn_u000_min,ESN:min,0.7963916035017978
F_optimized_summarized_ESN,7,gypsum,44,esn_u011_initial,ESN:initial,0.7619623014814179
F_optimized_summarized_ESN,7,gypsum,44,esn_u015_max,ESN:max,0.7502259040523713
F_optimized_summarized_ESN,7,gypsum,44,esn_u009_min,ESN:min,0.7281607160172108
F_optimized_summarized_ESN,7,gypsum,44,esn_u002_max,ESN:max,0.6672626992115499
F_optimized_summarized_ESN,7,gypsum,44,esn_u019_std,ESN:std,0.6459013145878556
F_optimized_summarized_ESN,7,gypsum,44,esn_u000_initial,ESN:initial,0.6231133014274053
F_optimized_summarized_ESN,7,gypsum,44,esn_u004_initial,ESN:initial,0.570965272980515
F_optimized_summarized_ESN,7,gypsum,44,esn_u019_initial,ESN:initial,0.5666283222287766
F_optimized_summarized_ESN,7,gypsum,44,esn_u014_initial,ESN:initial,0.5353566247030834
F_optimized_summarized_ESN,7,gypsum,44,esn_u018_initial,ESN:initial,0.4805265346070918
F_optimized_summarized_ESN,7,gypsum,44,esn_u012_mean,ESN:mean,0.462883895035875
F_optimized_summarized_ESN,7,gypsum,44,esn_u006_abs_auc,ESN:abs_auc,0.3823079152798921
F_optimized_summarized_ESN,7,gypsum,44,esn_u008_net_change,ESN:net_change,0.375393522305081
F_optimized_summarized_ESN,7,gypsum,44,esn_u001_slope,ESN:slope,0.37434732804479326
F_optimized_summarized_ESN,7,gypsum,44,esn_u011_mean,ESN:mean,0.3739764046252366
F_optimized_summarized_ESN,7,gypsum,44,esn_u018_abs_auc,ESN:abs_auc,0.298945254448779
F_optimized_summarized_ESN,7,gypsum,44,esn_u002_net_change,ESN:net_change,0.28195886400447
F_optimized_summarized_ESN,7,gypsum,44,esn_u009_mean,ESN:mean,0.2520377081602393
F_optimized_summarized_ESN,7,gypsum,44,esn_u003_std,ESN:std,0.19795897576027252
F_optimized_summarized_ESN,7,gypsum,44,esn_u013_abs_auc,ESN:abs_auc,0.19683669464469106
F_optimized_summarized_ESN,7,gypsum,44,esn_u015_slope,ESN:slope,0.1938122421467682
F_optimized_summarized_ESN,7,gypsum,44,esn_u009_max,ESN:max,0.18708806631019123
F_optimized_summarized_ESN,7,gypsum,44,esn_u003_slope,ESN:slope,0.17833807795142068
F_optimized_summarized_ESN,7,gypsum,44,esn_u004_net_change,ESN:net_change,0.17269813980277832
F_optimized_summarized_ESN,7,gypsum,44,esn_u002_slope,ESN:slope,0.15221175401496115
F_optimized_summarized_ESN,7,gypsum,44,esn_u000_std,ESN:std,0.10294551521231814
F_optimized_summarized_ESN,7,gypsum,44,esn_u009_mean_abs,ESN:mean_abs,0.04437765835002553
F_optimized_summarized_ESN,7,gypsum,44,esn_u009_abs_auc,ESN:abs_auc,0.0300828404117297
G_optimized_summarized_ESN_plus_thermal,7,gypsum,42,thermal_secondary_late_slope,Thermal:late_slope,0.7989880674386939
G_optimized_summarized_ESN_plus_thermal,7,gypsum,42,thermal_final_sensor_difference,Thermal:cross_sensor,0.7872992242942057
G_optimized_summarized_ESN_plus_thermal,7,gypsum,42,thermal_secondary_rate_auc,Thermal:rate_auc,0.7544487245211693
G_optimized_summarized_ESN_plus_thermal,7,gypsum,42,esn_u003_initial,ESN:initial,0.751662043446039
G_optimized_summarized_ESN_plus_thermal,7,gypsum,42,esn_u015_min,ESN:min,0.747344114408124
G_optimized_summarized_ESN_plus_thermal,7,gypsum,42,esn_u012_initial,ESN:initial,0.7352272827026091
G_optimized_summarized_ESN_plus_thermal,7,gypsum,42,thermal_difference_middle_slope,Thermal:middle_slope,0.7253169698006103
G_optimized_summarized_ESN_plus_thermal,7,gypsum,42,esn_u016_initial,ESN:initial,0.7200669767853479
G_optimized_summarized_ESN_plus_thermal,7,gypsum,42,thermal_difference_late_slope,Thermal:late_slope,0.702852325775158
G_optimized_summarized_ESN_plus_thermal,7,gypsum,42,esn_u000_max,ESN:max,0.6733496476350425
G_optimized_summarized_ESN_plus_thermal,7,gypsum,42,esn_u006_max,ESN:max,0.5720209780977145
G_optimized_summarized_ESN_plus_thermal,7,gypsum,42,esn_u008_initial,ESN:initial,0.5402166725849658
G_optimized_summarized_ESN_plus_thermal,7,gypsum,42,esn_u001_initial,ESN:initial,0.5230400650024226
G_optimized_summarized_ESN_plus_thermal,7,gypsum,42,esn_u002_initial,ESN:initial,0.5062914459809065
G_optimized_summarized_ESN_plus_thermal,7,gypsum,42,thermal_secondary_primary_auc_ratio,Thermal:cross_sensor,0.4899993480911521
G_optimized_summarized_ESN_plus_thermal,7,gypsum,42,esn_u006_min,ESN:min,0.4790999060703357
G_optimized_summarized_ESN_plus_thermal,7,gypsum,42,esn_u001_net_change,ESN:net_change,0.4635591658766062
G_optimized_summarized_ESN_plus_thermal,7,gypsum,42,esn_u005_initial,ESN:initial,0.44150348869835737
G_optimized_summarized_ESN_plus_thermal,7,gypsum,42,esn_u006_net_change,ESN:net_change,0.3948337138326104
G_optimized_summarized_ESN_plus_thermal,7,gypsum,42,esn_u008_std,ESN:std,0.3748989577456723
G_optimized_summarized_ESN_plus_thermal,7,gypsum,42,esn_u009_abs_auc,ESN:abs_auc,0.3710851041240777
G_optimized_summarized_ESN_plus_thermal,7,gypsum,42,esn_u003_std,ESN:std,0.3642848414322071
G_optimized_summarized_ESN_plus_thermal,7,gypsum,42,thermal_secondary_early_slope,Thermal:early_slope,0.35549680964578967
G_optimized_summarized_ESN_plus_thermal,7,gypsum,42,esn_u001_max,ESN:max,0.34648051729349133
G_optimized_summarized_ESN_plus_thermal,7,gypsum,42,esn_u002_max,ESN:max,0.3427903048117489
G_optimized_summarized_ESN_plus_thermal,7,gypsum,42,esn_u019_initial,ESN:initial,0.3329370570512203
G_optimized_summarized_ESN_plus_thermal,7,gypsum,42,esn_u003_slope,ESN:slope,0.329731898271975
G_optimized_summarized_ESN_plus_thermal,7,gypsum,42,esn_u011_std,ESN:std,0.3216381590401122
G_optimized_summarized_ESN_plus_thermal,7,gypsum,42,thermal_initial_sensor_difference,Thermal:cross_sensor,0.29890721102113216
G_optimized_summarized_ESN_plus_thermal,7,gypsum,42,esn_u015_abs_auc,ESN:abs_auc,0.2985362876015756
G_optimized_summarized_ESN_plus_thermal,7,gypsum,42,esn_u006_slope,ESN:slope,0.2701368688632181
G_optimized_summarized_ESN_plus_thermal,7,gypsum,42,esn_u002_abs_auc,ESN:abs_auc,0.26772111120764447
G_optimized_summarized_ESN_plus_thermal,7,gypsum,42,esn_u011_max,ESN:max,0.2672741009327942
G_optimized_summarized_ESN_plus_thermal,7,gypsum,42,esn_u003_abs_auc,ESN:abs_auc,0.23911245361722933
G_optimized_summarized_ESN_plus_thermal,7,gypsum,42,esn_u011_slope,ESN:slope,0.2233244311437955
G_optimized_summarized_ESN_plus_thermal,7,gypsum,42,esn_u006_std,ESN:std,0.1983489208936525
G_optimized_summarized_ESN_plus_thermal,7,gypsum,42,esn_u005_slope,ESN:slope,0.16338701088621704
G_optimized_summarized_ESN_plus_thermal,7,gypsum,42,esn_u000_abs_auc,ESN:abs_auc,0.15491283737788597
G_optimized_summarized_ESN_plus_thermal,7,gypsum,42,esn_u004_max,ESN:max,0.12361260728145776
G_optimized_summarized_ESN_plus_thermal,7,gypsum,42,esn_u011_net_change,ESN:net_change,0.10045367070145088
G_optimized_summarized_ESN_plus_thermal,7,gypsum,42,esn_u016_abs_auc,ESN:abs_auc,0.03712087452639298
G_optimized_summarized_ESN_plus_thermal,7,gypsum,42,esn_u010_slope,ESN:slope,0.03161408837451455
G_optimized_summarized_ESN_plus_thermal,7,gypsum,42,esn_u006_abs_auc,ESN:abs_auc,0.030311100977610674
G_optimized_summarized_ESN_plus_thermal,7,gypsum,42,esn_u015_mean,ESN:mean,0.030263546693052132
G_optimized_summarized_ESN_plus_thermal,7,gypsum,43,thermal_secondary_late_slope,Thermal:late_slope,0.7989880674386939
G_optimized_summarized_ESN_plus_thermal,7,gypsum,43,thermal_final_sensor_difference,Thermal:cross_sensor,0.7872992242942057
G_optimized_summarized_ESN_plus_thermal,7,gypsum,43,esn_u013_initial,ESN:initial,0.7748114691691341
G_optimized_summarized_ESN_plus_thermal,7,gypsum,43,esn_u010_max,ESN:max,0.7607163792259842
G_optimized_summarized_ESN_plus_thermal,7,gypsum,43,thermal_secondary_rate_auc,Thermal:rate_auc,0.7544487245211693
G_optimized_summarized_ESN_plus_thermal,7,gypsum,43,thermal_difference_middle_slope,Thermal:middle_slope,0.7253169698006103
G_optimized_summarized_ESN_plus_thermal,7,gypsum,43,esn_u006_initial,ESN:initial,0.7167286660093387
G_optimized_summarized_ESN_plus_thermal,7,gypsum,43,thermal_difference_late_slope,Thermal:late_slope,0.702852325775158
G_optimized_summarized_ESN_plus_thermal,7,gypsum,43,esn_u000_min,ESN:min,0.671028998548586
G_optimized_summarized_ESN_plus_thermal,7,gypsum,43,esn_u002_initial,ESN:initial,0.6683849803271313
G_optimized_summarized_ESN_plus_thermal,7,gypsum,43,esn_u016_initial,ESN:initial,0.6433333832216946
G_optimized_summarized_ESN_plus_thermal,7,gypsum,43,esn_u018_initial,ESN:initial,0.6407464301417104
G_optimized_summarized_ESN_plus_thermal,7,gypsum,43,esn_u016_max,ESN:max,0.6030358824867915
G_optimized_summarized_ESN_plus_thermal,7,gypsum,43,esn_u012_max,ESN:max,0.5669231587930396
G_optimized_summarized_ESN_plus_thermal,7,gypsum,43,esn_u010_initial,ESN:initial,0.5503076917682871
G_optimized_summarized_ESN_plus_thermal,7,gypsum,43,esn_u003_initial,ESN:initial,0.5408443891411385
G_optimized_summarized_ESN_plus_thermal,7,gypsum,43,thermal_secondary_primary_auc_ratio,Thermal:cross_sensor,0.4899993480911521
G_optimized_summarized_ESN_plus_thermal,7,gypsum,43,esn_u007_std,ESN:std,0.46289340589278677
G_optimized_summarized_ESN_plus_thermal,7,gypsum,43,esn_u007_initial,ESN:initial,0.43597768083265553
G_optimized_summarized_ESN_plus_thermal,7,gypsum,43,esn_u000_initial,ESN:initial,0.3965551789336294
G_optimized_summarized_ESN_plus_thermal,7,gypsum,43,esn_u008_initial,ESN:initial,0.3878717665732408
G_optimized_summarized_ESN_plus_thermal,7,gypsum,43,esn_u012_mean,ESN:mean,0.3854464980607555
G_optimized_summarized_ESN_plus_thermal,7,gypsum,43,esn_u003_abs_auc,ESN:abs_auc,0.3755742285864034
G_optimized_summarized_ESN_plus_thermal,7,gypsum,43,esn_u007_net_change,ESN:net_change,0.37450901261229225
G_optimized_summarized_ESN_plus_thermal,7,gypsum,43,thermal_secondary_early_slope,Thermal:early_slope,0.35549680964578967
G_optimized_summarized_ESN_plus_thermal,7,gypsum,43,thermal_initial_sensor_difference,Thermal:cross_sensor,0.29890721102113216
G_optimized_summarized_ESN_plus_thermal,7,gypsum,43,esn_u008_slope,ESN:slope,0.29050912436809473
G_optimized_summarized_ESN_plus_thermal,7,gypsum,43,esn_u019_max,ESN:max,0.2782496298089043
G_optimized_summarized_ESN_plus_thermal,7,gypsum,43,esn_u019_abs_auc,ESN:abs_auc,0.2774697395421442
G_optimized_summarized_ESN_plus_thermal,7,gypsum,43,esn_u018_min,ESN:min,0.25354993440920076
G_optimized_summarized_ESN_plus_thermal,7,gypsum,43,esn_u004_abs_auc,ESN:abs_auc,0.24849966938908427
G_optimized_summarized_ESN_plus_thermal,7,gypsum,43,esn_u015_max,ESN:max,0.24615048773189263
G_optimized_summarized_ESN_plus_thermal,7,gypsum,43,esn_u015_mean,ESN:mean,0.24014913702060542
G_optimized_summarized_ESN_plus_thermal,7,gypsum,43,esn_u015_slope,ESN:slope,0.18743996801592439
G_optimized_summarized_ESN_plus_thermal,7,gypsum,43,esn_u014_net_change,ESN:net_change,0.1624073926243112
G_optimized_summarized_ESN_plus_thermal,7,gypsum,43,esn_u012_abs_auc,ESN:abs_auc,0.15370495855009916
G_optimized_summarized_ESN_plus_thermal,7,gypsum,43,esn_u011_mean,ESN:mean,0.1309930322449425
G_optimized_summarized_ESN_plus_thermal,7,gypsum,43,esn_u018_mean,ESN:mean,0.12838705745113474
G_optimized_summarized_ESN_plus_thermal,7,gypsum,43,esn_u013_mean,ESN:mean,0.10285040664320107
G_optimized_summarized_ESN_plus_thermal,7,gypsum,43,esn_u018_abs_auc,ESN:abs_auc,0.09750530505882164
G_optimized_summarized_ESN_plus_thermal,7,gypsum,43,esn_u009_abs_auc,ESN:abs_auc,0.06064122366904475
G_optimized_summarized_ESN_plus_thermal,7,gypsum,43,esn_u000_std,ESN:std,0.02296871944177276
G_optimized_summarized_ESN_plus_thermal,7,gypsum,43,esn_u009_slope,ESN:slope,0.014076068229326574
G_optimized_summarized_ESN_plus_thermal,7,gypsum,44,thermal_secondary_late_slope,Thermal:late_slope,0.7989880674386939
G_optimized_summarized_ESN_plus_thermal,7,gypsum,44,esn_u016_initial,ESN:initial,0.7898005796619848
G_optimized_summarized_ESN_plus_thermal,7,gypsum,44,thermal_secondary_rate_auc,Thermal:rate_auc,0.7544487245211693
G_optimized_summarized_ESN_plus_thermal,7,gypsum,44,esn_u010_min,ESN:min,0.7542680182398468
G_optimized_summarized_ESN_plus_thermal,7,gypsum,44,esn_u009_min,ESN:min,0.7281607160172108
G_optimized_summarized_ESN_plus_thermal,7,gypsum,44,thermal_difference_middle_slope,Thermal:middle_slope,0.7253169698006103
G_optimized_summarized_ESN_plus_thermal,7,gypsum,44,thermal_difference_late_slope,Thermal:late_slope,0.702852325775158
G_optimized_summarized_ESN_plus_thermal,7,gypsum,44,esn_u006_initial,ESN:initial,0.6866077821699622
G_optimized_summarized_ESN_plus_thermal,7,gypsum,44,esn_u002_max,ESN:max,0.6672626992115499
G_optimized_summarized_ESN_plus_thermal,7,gypsum,44,esn_u019_std,ESN:std,0.6459013145878556
G_optimized_summarized_ESN_plus_thermal,7,gypsum,44,esn_u004_initial,ESN:initial,0.570965272980515
G_optimized_summarized_ESN_plus_thermal,7,gypsum,44,esn_u019_initial,ESN:initial,0.5666283222287766
G_optimized_summarized_ESN_plus_thermal,7,gypsum,44,esn_u014_initial,ESN:initial,0.5353566247030834
G_optimized_summarized_ESN_plus_thermal,7,gypsum,44,thermal_secondary_primary_auc_ratio,Thermal:cross_sensor,0.4899993480911521
G_optimized_summarized_ESN_plus_thermal,7,gypsum,44,esn_u018_initial,ESN:initial,0.4805265346070918
G_optimized_summarized_ESN_plus_thermal,7,gypsum,44,esn_u012_mean,ESN:mean,0.462883895035875
G_optimized_summarized_ESN_plus_thermal,7,gypsum,44,esn_u006_abs_auc,ESN:abs_auc,0.3823079152798921
G_optimized_summarized_ESN_plus_thermal,7,gypsum,44,esn_u008_net_change,ESN:net_change,0.375393522305081
G_optimized_summarized_ESN_plus_thermal,7,gypsum,44,esn_u001_slope,ESN:slope,0.37434732804479326
G_optimized_summarized_ESN_plus_thermal,7,gypsum,44,esn_u011_mean,ESN:mean,0.3739764046252366
G_optimized_summarized_ESN_plus_thermal,7,gypsum,44,thermal_secondary_early_slope,Thermal:early_slope,0.35549680964578967
G_optimized_summarized_ESN_plus_thermal,7,gypsum,44,esn_u018_abs_auc,ESN:abs_auc,0.298945254448779
G_optimized_summarized_ESN_plus_thermal,7,gypsum,44,thermal_initial_sensor_difference,Thermal:cross_sensor,0.29890721102113216
G_optimized_summarized_ESN_plus_thermal,7,gypsum,44,esn_u002_net_change,ESN:net_change,0.28195886400447
G_optimized_summarized_ESN_plus_thermal,7,gypsum,44,esn_u009_mean,ESN:mean,0.2520377081602393
G_optimized_summarized_ESN_plus_thermal,7,gypsum,44,esn_u003_std,ESN:std,0.19795897576027252
G_optimized_summarized_ESN_plus_thermal,7,gypsum,44,esn_u013_abs_auc,ESN:abs_auc,0.19683669464469106
G_optimized_summarized_ESN_plus_thermal,7,gypsum,44,esn_u015_slope,ESN:slope,0.1938122421467682
G_optimized_summarized_ESN_plus_thermal,7,gypsum,44,esn_u009_max,ESN:max,0.18708806631019123
G_optimized_summarized_ESN_plus_thermal,7,gypsum,44,esn_u003_slope,ESN:slope,0.17833807795142068
G_optimized_summarized_ESN_plus_thermal,7,gypsum,44,esn_u004_net_change,ESN:net_change,0.17269813980277832
G_optimized_summarized_ESN_plus_thermal,7,gypsum,44,esn_u002_slope,ESN:slope,0.15221175401496115
G_optimized_summarized_ESN_plus_thermal,7,gypsum,44,esn_u000_std,ESN:std,0.10294551521231814
G_optimized_summarized_ESN_plus_thermal,7,gypsum,44,esn_u009_mean_abs,ESN:mean_abs,0.04437765835002553
G_optimized_summarized_ESN_plus_thermal,7,gypsum,44,esn_u009_abs_auc,ESN:abs_auc,0.0300828404117297
F_optimized_summarized_ESN,8,iron,42,esn_u013_max,ESN:max,0.8037149633238123
F_optimized_summarized_ESN,8,iron,42,esn_u003_max,ESN:max,0.7917883487565316
F_optimized_summarized_ESN,8,iron,42,esn_u003_initial,ESN:initial,0.7557136684904263
F_optimized_summarized_ESN,8,iron,42,esn_u012_initial,ESN:initial,0.7408291774236045
F_optimized_summarized_ESN,8,iron,42,esn_u007_initial,ESN:initial,0.7405723842869885
F_optimized_summarized_ESN,8,iron,42,esn_u016_initial,ESN:initial,0.7200289333577011
F_optimized_summarized_ESN,8,iron,42,esn_u015_initial,ESN:initial,0.7195343687982925
F_optimized_summarized_ESN,8,iron,42,esn_u007_min,ESN:min,0.6994379281438552
F_optimized_summarized_ESN,8,iron,42,esn_u000_max,ESN:max,0.6599298285326237
F_optimized_summarized_ESN,8,iron,42,esn_u008_initial,ESN:initial,0.538780533191298
F_optimized_summarized_ESN,8,iron,42,esn_u001_initial,ESN:initial,0.4998525958516806
F_optimized_summarized_ESN,8,iron,42,esn_u002_initial,ESN:initial,0.4754667587300636
F_optimized_summarized_ESN,8,iron,42,esn_u010_mean,ESN:mean,0.46259856932852383
F_optimized_summarized_ESN,8,iron,42,esn_u006_min,ESN:min,0.45944096483383706
F_optimized_summarized_ESN,8,iron,42,esn_u005_initial,ESN:initial,0.4586800962809005
F_optimized_summarized_ESN,8,iron,42,esn_u006_net_change,ESN:net_change,0.38715845230486273
F_optimized_summarized_ESN,8,iron,42,esn_u001_mean,ESN:mean,0.37909324564373503
F_optimized_summarized_ESN,8,iron,42,esn_u009_abs_auc,ESN:abs_auc,0.36929706302467674
F_optimized_summarized_ESN,8,iron,42,esn_u001_max,ESN:max,0.35828349072091986
F_optimized_summarized_ESN,8,iron,42,esn_u003_std,ESN:std,0.3570470793223979
F_optimized_summarized_ESN,8,iron,42,esn_u019_initial,ESN:initial,0.3239873406973039
F_optimized_summarized_ESN,8,iron,42,esn_u003_slope,ESN:slope,0.3213433224758493
F_optimized_summarized_ESN,8,iron,42,esn_u011_std,ESN:std,0.3143243100750094
F_optimized_summarized_ESN,8,iron,42,esn_u002_max,ESN:max,0.3097400770435666
F_optimized_summarized_ESN,8,iron,42,esn_u016_std,ESN:std,0.290727874077064
F_optimized_summarized_ESN,8,iron,42,esn_u015_abs_auc,ESN:abs_auc,0.28910151754516206
F_optimized_summarized_ESN,8,iron,42,esn_u012_abs_auc,ESN:abs_auc,0.2705553465673331
F_optimized_summarized_ESN,8,iron,42,esn_u006_slope,ESN:slope,0.26856757747278637
F_optimized_summarized_ESN,8,iron,42,esn_u003_abs_auc,ESN:abs_auc,0.2395023987506093
F_optimized_summarized_ESN,8,iron,42,esn_u011_slope,ESN:slope,0.22116546662483794
F_optimized_summarized_ESN,8,iron,42,esn_u006_std,ESN:std,0.20689918125727721
F_optimized_summarized_ESN,8,iron,42,esn_u005_slope,ESN:slope,0.16861798218765595
F_optimized_summarized_ESN,8,iron,42,esn_u004_max,ESN:max,0.11763978914090567
F_optimized_summarized_ESN,8,iron,42,esn_u011_net_change,ESN:net_change,0.10789116080640586
F_optimized_summarized_ESN,8,iron,42,esn_u010_slope,ESN:slope,0.04123907556916218
F_optimized_summarized_ESN,8,iron,42,esn_u016_abs_auc,ESN:abs_auc,0.03801489507609346
F_optimized_summarized_ESN,8,iron,42,esn_u006_abs_auc,ESN:abs_auc,0.03148093637775065
F_optimized_summarized_ESN,8,iron,42,esn_u015_mean,ESN:mean,0.02787632160821364
F_optimized_summarized_ESN,8,iron,43,esn_u003_max,ESN:max,0.801356270809709
F_optimized_summarized_ESN,8,iron,43,esn_u013_initial,ESN:initial,0.7787584747874927
F_optimized_summarized_ESN,8,iron,43,esn_u011_min,ESN:min,0.7564745370433628
F_optimized_summarized_ESN,8,iron,43,esn_u006_initial,ESN:initial,0.7413332528399251
F_optimized_summarized_ESN,8,iron,43,esn_u015_initial,ESN:initial,0.7157966020319915
F_optimized_summarized_ESN,8,iron,43,esn_u016_initial,ESN:initial,0.6199176535050717
F_optimized_summarized_ESN,8,iron,43,esn_u018_initial,ESN:initial,0.6191853175228703
F_optimized_summarized_ESN,8,iron,43,esn_u016_max,ESN:max,0.5860875354701294
F_optimized_summarized_ESN,8,iron,43,esn_u003_initial,ESN:initial,0.5622913714770381
F_optimized_summarized_ESN,8,iron,43,esn_u012_max,ESN:max,0.5582397464326508
F_optimized_summarized_ESN,8,iron,43,esn_u010_initial,ESN:initial,0.5392370543230599
F_optimized_summarized_ESN,8,iron,43,esn_u007_std,ESN:std,0.4627697647529345
F_optimized_summarized_ESN,8,iron,43,esn_u007_initial,ESN:initial,0.438203221349995
F_optimized_summarized_ESN,8,iron,43,esn_u000_initial,ESN:initial,0.39646007036451236
F_optimized_summarized_ESN,8,iron,43,esn_u007_max,ESN:max,0.3820606330001877
F_optimized_summarized_ESN,8,iron,43,esn_u012_mean,ESN:mean,0.37858917022741456
F_optimized_summarized_ESN,8,iron,43,esn_u003_abs_auc,ESN:abs_auc,0.3760783040027239
F_optimized_summarized_ESN,8,iron,43,esn_u008_initial,ESN:initial,0.370847332701285
F_optimized_summarized_ESN,8,iron,43,esn_u013_slope,ESN:slope,0.35843566443150715
F_optimized_summarized_ESN,8,iron,43,esn_u019_abs_auc,ESN:abs_auc,0.27493985160363016
F_optimized_summarized_ESN,8,iron,43,esn_u019_max,ESN:max,0.25490047609066324
F_optimized_summarized_ESN,8,iron,43,esn_u004_abs_auc,ESN:abs_auc,0.2421273952582405
F_optimized_summarized_ESN,8,iron,43,esn_u018_min,ESN:min,0.24183255869397755
F_optimized_summarized_ESN,8,iron,43,esn_u015_max,ESN:max,0.239901854740901
F_optimized_summarized_ESN,8,iron,43,esn_u015_mean,ESN:mean,0.23088556238860264
F_optimized_summarized_ESN,8,iron,43,esn_u015_slope,ESN:slope,0.18775382629401074
F_optimized_summarized_ESN,8,iron,43,esn_u014_net_change,ESN:net_change,0.16896988389338913
F_optimized_summarized_ESN,8,iron,43,esn_u012_abs_auc,ESN:abs_auc,0.1516220808864353
F_optimized_summarized_ESN,8,iron,43,esn_u011_mean,ESN:mean,0.13393188703066003
F_optimized_summarized_ESN,8,iron,43,esn_u018_mean,ESN:mean,0.13192509622228982
F_optimized_summarized_ESN,8,iron,43,esn_u013_mean,ESN:mean,0.1060840979931815
F_optimized_summarized_ESN,8,iron,43,esn_u018_abs_auc,ESN:abs_auc,0.09420503771045927
F_optimized_summarized_ESN,8,iron,43,esn_u009_abs_auc,ESN:abs_auc,0.06248632990991595
F_optimized_summarized_ESN,8,iron,43,esn_u000_std,ESN:std,0.01922144181856014
F_optimized_summarized_ESN,8,iron,43,esn_u009_slope,ESN:slope,0.005078797590851615
F_optimized_summarized_ESN,8,iron,44,esn_u000_min,ESN:min,0.8042475713108678
F_optimized_summarized_ESN,8,iron,44,esn_u011_initial,ESN:initial,0.7640642008589051
F_optimized_summarized_ESN,8,iron,44,esn_u007_initial,ESN:initial,0.7548862239391079
F_optimized_summarized_ESN,8,iron,44,esn_u009_min,ESN:min,0.7305669628158726
F_optimized_summarized_ESN,8,iron,44,esn_u002_max,ESN:max,0.6732735607797488
F_optimized_summarized_ESN,8,iron,44,esn_u015_initial,ESN:initial,0.6504189716209166
F_optimized_summarized_ESN,8,iron,44,esn_u019_std,ESN:std,0.6418496895434684
F_optimized_summarized_ESN,8,iron,44,esn_u000_initial,ESN:initial,0.6105875028746871
F_optimized_summarized_ESN,8,iron,44,esn_u004_initial,ESN:initial,0.5703280455674307
F_optimized_summarized_ESN,8,iron,44,esn_u019_initial,ESN:initial,0.5547873053737012
F_optimized_summarized_ESN,8,iron,44,esn_u014_initial,ESN:initial,0.5334639641776538
F_optimized_summarized_ESN,8,iron,44,esn_u018_initial,ESN:initial,0.48500614821250587
F_optimized_summarized_ESN,8,iron,44,esn_u012_mean,ESN:mean,0.4624178630472014
F_optimized_summarized_ESN,8,iron,44,esn_u002_std,ESN:std,0.39495735497246265
F_optimized_summarized_ESN,8,iron,44,esn_u016_mean,ESN:mean,0.3831163381173872
F_optimized_summarized_ESN,8,iron,44,esn_u006_abs_auc,ESN:abs_auc,0.3825361758457731
F_optimized_summarized_ESN,8,iron,44,esn_u011_mean,ESN:mean,0.3675851087805695
F_optimized_summarized_ESN,8,iron,44,esn_u001_slope,ESN:slope,0.3664533168080763
F_optimized_summarized_ESN,8,iron,44,esn_u018_abs_auc,ESN:abs_auc,0.2998297641415677
F_optimized_summarized_ESN,8,iron,44,esn_u002_net_change,ESN:net_change,0.2854493484910665
F_optimized_summarized_ESN,8,iron,44,esn_u009_mean,ESN:mean,0.2562415069152139
F_optimized_summarized_ESN,8,iron,44,esn_u009_max,ESN:max,0.1936695792930926
F_optimized_summarized_ESN,8,iron,44,esn_u003_std,ESN:std,0.19352691643941697
F_optimized_summarized_ESN,8,iron,44,esn_u013_abs_auc,ESN:abs_auc,0.1917864296245746
F_optimized_summarized_ESN,8,iron,44,esn_u015_slope,ESN:slope,0.1915391473448702
F_optimized_summarized_ESN,8,iron,44,esn_u003_slope,ESN:slope,0.16540331255149893
F_optimized_summarized_ESN,8,iron,44,esn_u004_net_change,ESN:net_change,0.1634821194553341
F_optimized_summarized_ESN,8,iron,44,esn_u002_slope,ESN:slope,0.13915334747518726
F_optimized_summarized_ESN,8,iron,44,esn_u000_std,ESN:std,0.09133275892312372
F_optimized_summarized_ESN,8,iron,44,esn_u009_abs_auc,ESN:abs_auc,0.0315475123761326
F_optimized_summarized_ESN,8,iron,44,esn_u009_mean_abs,ESN:mean_abs,0.028332842739975588
G_optimized_summarized_ESN_plus_thermal,8,iron,42,esn_u013_max,ESN:max,0.8037149633238123
G_optimized_summarized_ESN_plus_thermal,8,iron,42,thermal_secondary_late_slope,Thermal:late_slope,0.8026782799204363
G_optimized_summarized_ESN_plus_thermal,8,iron,42,thermal_secondary_final_change,Thermal:final_change,0.7826389044074693
G_optimized_summarized_ESN_plus_thermal,8,iron,42,thermal_secondary_middle_slope,Thermal:middle_slope,0.7757625548603049
G_optimized_summarized_ESN_plus_thermal,8,iron,42,esn_u003_initial,ESN:initial,0.7557136684904263
G_optimized_summarized_ESN_plus_thermal,8,iron,42,esn_u012_initial,ESN:initial,0.7408291774236045
G_optimized_summarized_ESN_plus_thermal,8,iron,42,esn_u007_initial,ESN:initial,0.7405723842869885
G_optimized_summarized_ESN_plus_thermal,8,iron,42,thermal_difference_middle_slope,Thermal:middle_slope,0.7224827344409215
G_optimized_summarized_ESN_plus_thermal,8,iron,42,thermal_primary_late_slope,Thermal:late_slope,0.7218359961709254
G_optimized_summarized_ESN_plus_thermal,8,iron,42,esn_u016_initial,ESN:initial,0.7200289333577011
G_optimized_summarized_ESN_plus_thermal,8,iron,42,esn_u015_initial,ESN:initial,0.7195343687982925
G_optimized_summarized_ESN_plus_thermal,8,iron,42,esn_u007_min,ESN:min,0.6994379281438552
G_optimized_summarized_ESN_plus_thermal,8,iron,42,thermal_difference_late_slope,Thermal:late_slope,0.693693370569184
G_optimized_summarized_ESN_plus_thermal,8,iron,42,esn_u000_max,ESN:max,0.6599298285326237
G_optimized_summarized_ESN_plus_thermal,8,iron,42,thermal_secondary_max_abs_rate,Thermal:max_abs_rate,0.6590358079829232
G_optimized_summarized_ESN_plus_thermal,8,iron,42,esn_u008_initial,ESN:initial,0.538780533191298
G_optimized_summarized_ESN_plus_thermal,8,iron,42,esn_u001_initial,ESN:initial,0.4998525958516806
G_optimized_summarized_ESN_plus_thermal,8,iron,42,esn_u002_initial,ESN:initial,0.4754667587300636
G_optimized_summarized_ESN_plus_thermal,8,iron,42,thermal_secondary_primary_auc_ratio,Thermal:cross_sensor,0.4642915018588077
G_optimized_summarized_ESN_plus_thermal,8,iron,42,esn_u010_mean,ESN:mean,0.46259856932852383
G_optimized_summarized_ESN_plus_thermal,8,iron,42,esn_u006_min,ESN:min,0.45944096483383706
G_optimized_summarized_ESN_plus_thermal,8,iron,42,esn_u005_initial,ESN:initial,0.4586800962809005
G_optimized_summarized_ESN_plus_thermal,8,iron,42,thermal_secondary_early_slope,Thermal:early_slope,0.41095461629795405
G_optimized_summarized_ESN_plus_thermal,8,iron,42,esn_u006_net_change,ESN:net_change,0.38715845230486273
G_optimized_summarized_ESN_plus_thermal,8,iron,42,esn_u001_mean,ESN:mean,0.37909324564373503
G_optimized_summarized_ESN_plus_thermal,8,iron,42,esn_u009_abs_auc,ESN:abs_auc,0.36929706302467674
G_optimized_summarized_ESN_plus_thermal,8,iron,42,esn_u001_max,ESN:max,0.35828349072091986
G_optimized_summarized_ESN_plus_thermal,8,iron,42,esn_u003_std,ESN:std,0.3570470793223979
G_optimized_summarized_ESN_plus_thermal,8,iron,42,esn_u019_initial,ESN:initial,0.3239873406973039
G_optimized_summarized_ESN_plus_thermal,8,iron,42,esn_u003_slope,ESN:slope,0.3213433224758493
G_optimized_summarized_ESN_plus_thermal,8,iron,42,esn_u011_std,ESN:std,0.3143243100750094
G_optimized_summarized_ESN_plus_thermal,8,iron,42,esn_u002_max,ESN:max,0.3097400770435666
G_optimized_summarized_ESN_plus_thermal,8,iron,42,thermal_initial_sensor_difference,Thermal:cross_sensor,0.2960444430907083
G_optimized_summarized_ESN_plus_thermal,8,iron,42,esn_u016_std,ESN:std,0.290727874077064
G_optimized_summarized_ESN_plus_thermal,8,iron,42,esn_u015_abs_auc,ESN:abs_auc,0.28910151754516206
G_optimized_summarized_ESN_plus_thermal,8,iron,42,esn_u012_abs_auc,ESN:abs_auc,0.2705553465673331
G_optimized_summarized_ESN_plus_thermal,8,iron,42,esn_u006_slope,ESN:slope,0.26856757747278637
G_optimized_summarized_ESN_plus_thermal,8,iron,42,esn_u003_abs_auc,ESN:abs_auc,0.2395023987506093
G_optimized_summarized_ESN_plus_thermal,8,iron,42,esn_u011_slope,ESN:slope,0.22116546662483794
G_optimized_summarized_ESN_plus_thermal,8,iron,42,esn_u006_std,ESN:std,0.20689918125727721
G_optimized_summarized_ESN_plus_thermal,8,iron,42,esn_u005_slope,ESN:slope,0.16861798218765595
G_optimized_summarized_ESN_plus_thermal,8,iron,42,esn_u004_max,ESN:max,0.11763978914090567
G_optimized_summarized_ESN_plus_thermal,8,iron,42,esn_u011_net_change,ESN:net_change,0.10789116080640586
G_optimized_summarized_ESN_plus_thermal,8,iron,42,esn_u010_slope,ESN:slope,0.04123907556916218
G_optimized_summarized_ESN_plus_thermal,8,iron,42,esn_u016_abs_auc,ESN:abs_auc,0.03801489507609346
G_optimized_summarized_ESN_plus_thermal,8,iron,42,esn_u006_abs_auc,ESN:abs_auc,0.03148093637775065
G_optimized_summarized_ESN_plus_thermal,8,iron,42,esn_u015_mean,ESN:mean,0.02787632160821364
G_optimized_summarized_ESN_plus_thermal,8,iron,43,thermal_secondary_late_slope,Thermal:late_slope,0.8026782799204363
G_optimized_summarized_ESN_plus_thermal,8,iron,43,esn_u003_max,ESN:max,0.801356270809709
G_optimized_summarized_ESN_plus_thermal,8,iron,43,thermal_secondary_final_change,Thermal:final_change,0.7826389044074693
G_optimized_summarized_ESN_plus_thermal,8,iron,43,esn_u013_initial,ESN:initial,0.7787584747874927
G_optimized_summarized_ESN_plus_thermal,8,iron,43,thermal_secondary_middle_slope,Thermal:middle_slope,0.7757625548603049
G_optimized_summarized_ESN_plus_thermal,8,iron,43,esn_u011_min,ESN:min,0.7564745370433628
G_optimized_summarized_ESN_plus_thermal,8,iron,43,esn_u006_initial,ESN:initial,0.7413332528399251
G_optimized_summarized_ESN_plus_thermal,8,iron,43,thermal_difference_middle_slope,Thermal:middle_slope,0.7224827344409215
G_optimized_summarized_ESN_plus_thermal,8,iron,43,thermal_primary_late_slope,Thermal:late_slope,0.7218359961709254
G_optimized_summarized_ESN_plus_thermal,8,iron,43,esn_u015_initial,ESN:initial,0.7157966020319915
G_optimized_summarized_ESN_plus_thermal,8,iron,43,thermal_difference_late_slope,Thermal:late_slope,0.693693370569184
G_optimized_summarized_ESN_plus_thermal,8,iron,43,thermal_secondary_max_abs_rate,Thermal:max_abs_rate,0.6590358079829232
G_optimized_summarized_ESN_plus_thermal,8,iron,43,esn_u016_initial,ESN:initial,0.6199176535050717
G_optimized_summarized_ESN_plus_thermal,8,iron,43,esn_u018_initial,ESN:initial,0.6191853175228703
G_optimized_summarized_ESN_plus_thermal,8,iron,43,esn_u016_max,ESN:max,0.5860875354701294
G_optimized_summarized_ESN_plus_thermal,8,iron,43,esn_u003_initial,ESN:initial,0.5622913714770381
G_optimized_summarized_ESN_plus_thermal,8,iron,43,esn_u012_max,ESN:max,0.5582397464326508
G_optimized_summarized_ESN_plus_thermal,8,iron,43,esn_u010_initial,ESN:initial,0.5392370543230599
G_optimized_summarized_ESN_plus_thermal,8,iron,43,thermal_secondary_primary_auc_ratio,Thermal:cross_sensor,0.4642915018588077
G_optimized_summarized_ESN_plus_thermal,8,iron,43,esn_u007_std,ESN:std,0.4627697647529345
G_optimized_summarized_ESN_plus_thermal,8,iron,43,esn_u007_initial,ESN:initial,0.438203221349995
G_optimized_summarized_ESN_plus_thermal,8,iron,43,thermal_secondary_early_slope,Thermal:early_slope,0.41095461629795405
G_optimized_summarized_ESN_plus_thermal,8,iron,43,esn_u000_initial,ESN:initial,0.39646007036451236
G_optimized_summarized_ESN_plus_thermal,8,iron,43,esn_u007_max,ESN:max,0.3820606330001877
G_optimized_summarized_ESN_plus_thermal,8,iron,43,esn_u012_mean,ESN:mean,0.37858917022741456
G_optimized_summarized_ESN_plus_thermal,8,iron,43,esn_u003_abs_auc,ESN:abs_auc,0.3760783040027239
G_optimized_summarized_ESN_plus_thermal,8,iron,43,esn_u008_initial,ESN:initial,0.370847332701285
G_optimized_summarized_ESN_plus_thermal,8,iron,43,esn_u013_slope,ESN:slope,0.35843566443150715
G_optimized_summarized_ESN_plus_thermal,8,iron,43,thermal_initial_sensor_difference,Thermal:cross_sensor,0.2960444430907083
G_optimized_summarized_ESN_plus_thermal,8,iron,43,esn_u019_abs_auc,ESN:abs_auc,0.27493985160363016
G_optimized_summarized_ESN_plus_thermal,8,iron,43,esn_u019_max,ESN:max,0.25490047609066324
G_optimized_summarized_ESN_plus_thermal,8,iron,43,esn_u004_abs_auc,ESN:abs_auc,0.2421273952582405
G_optimized_summarized_ESN_plus_thermal,8,iron,43,esn_u018_min,ESN:min,0.24183255869397755
G_optimized_summarized_ESN_plus_thermal,8,iron,43,esn_u015_max,ESN:max,0.239901854740901
G_optimized_summarized_ESN_plus_thermal,8,iron,43,esn_u015_mean,ESN:mean,0.23088556238860264
G_optimized_summarized_ESN_plus_thermal,8,iron,43,esn_u015_slope,ESN:slope,0.18775382629401074
G_optimized_summarized_ESN_plus_thermal,8,iron,43,esn_u014_net_change,ESN:net_change,0.16896988389338913
G_optimized_summarized_ESN_plus_thermal,8,iron,43,esn_u012_abs_auc,ESN:abs_auc,0.1516220808864353
G_optimized_summarized_ESN_plus_thermal,8,iron,43,esn_u011_mean,ESN:mean,0.13393188703066003
G_optimized_summarized_ESN_plus_thermal,8,iron,43,esn_u018_mean,ESN:mean,0.13192509622228982
G_optimized_summarized_ESN_plus_thermal,8,iron,43,esn_u013_mean,ESN:mean,0.1060840979931815
G_optimized_summarized_ESN_plus_thermal,8,iron,43,esn_u018_abs_auc,ESN:abs_auc,0.09420503771045927
G_optimized_summarized_ESN_plus_thermal,8,iron,43,esn_u009_abs_auc,ESN:abs_auc,0.06248632990991595
G_optimized_summarized_ESN_plus_thermal,8,iron,43,esn_u000_std,ESN:std,0.01922144181856014
G_optimized_summarized_ESN_plus_thermal,8,iron,43,esn_u009_slope,ESN:slope,0.005078797590851615
G_optimized_summarized_ESN_plus_thermal,8,iron,44,esn_u000_min,ESN:min,0.8042475713108678
G_optimized_summarized_ESN_plus_thermal,8,iron,44,thermal_secondary_late_slope,Thermal:late_slope,0.8026782799204363
G_optimized_summarized_ESN_plus_thermal,8,iron,44,thermal_secondary_final_change,Thermal:final_change,0.7826389044074693
G_optimized_summarized_ESN_plus_thermal,8,iron,44,esn_u011_initial,ESN:initial,0.7640642008589051
G_optimized_summarized_ESN_plus_thermal,8,iron,44,esn_u007_initial,ESN:initial,0.7548862239391079
G_optimized_summarized_ESN_plus_thermal,8,iron,44,esn_u009_min,ESN:min,0.7305669628158726
G_optimized_summarized_ESN_plus_thermal,8,iron,44,thermal_difference_middle_slope,Thermal:middle_slope,0.7224827344409215
G_optimized_summarized_ESN_plus_thermal,8,iron,44,thermal_primary_late_slope,Thermal:late_slope,0.7218359961709254
G_optimized_summarized_ESN_plus_thermal,8,iron,44,thermal_difference_late_slope,Thermal:late_slope,0.693693370569184
G_optimized_summarized_ESN_plus_thermal,8,iron,44,esn_u002_max,ESN:max,0.6732735607797488
G_optimized_summarized_ESN_plus_thermal,8,iron,44,thermal_secondary_max_abs_rate,Thermal:max_abs_rate,0.6590358079829232
G_optimized_summarized_ESN_plus_thermal,8,iron,44,esn_u015_initial,ESN:initial,0.6504189716209166
G_optimized_summarized_ESN_plus_thermal,8,iron,44,esn_u019_std,ESN:std,0.6418496895434684
G_optimized_summarized_ESN_plus_thermal,8,iron,44,esn_u000_initial,ESN:initial,0.6105875028746871
G_optimized_summarized_ESN_plus_thermal,8,iron,44,esn_u004_initial,ESN:initial,0.5703280455674307
G_optimized_summarized_ESN_plus_thermal,8,iron,44,esn_u019_initial,ESN:initial,0.5547873053737012
G_optimized_summarized_ESN_plus_thermal,8,iron,44,esn_u014_initial,ESN:initial,0.5334639641776538
G_optimized_summarized_ESN_plus_thermal,8,iron,44,esn_u018_initial,ESN:initial,0.48500614821250587
G_optimized_summarized_ESN_plus_thermal,8,iron,44,thermal_secondary_primary_auc_ratio,Thermal:cross_sensor,0.4642915018588077
G_optimized_summarized_ESN_plus_thermal,8,iron,44,esn_u012_mean,ESN:mean,0.4624178630472014
G_optimized_summarized_ESN_plus_thermal,8,iron,44,thermal_secondary_early_slope,Thermal:early_slope,0.41095461629795405
G_optimized_summarized_ESN_plus_thermal,8,iron,44,esn_u002_std,ESN:std,0.39495735497246265
G_optimized_summarized_ESN_plus_thermal,8,iron,44,esn_u016_mean,ESN:mean,0.3831163381173872
G_optimized_summarized_ESN_plus_thermal,8,iron,44,esn_u006_abs_auc,ESN:abs_auc,0.3825361758457731
G_optimized_summarized_ESN_plus_thermal,8,iron,44,esn_u011_mean,ESN:mean,0.3675851087805695
G_optimized_summarized_ESN_plus_thermal,8,iron,44,esn_u001_slope,ESN:slope,0.3664533168080763
G_optimized_summarized_ESN_plus_thermal,8,iron,44,esn_u018_abs_auc,ESN:abs_auc,0.2998297641415677
G_optimized_summarized_ESN_plus_thermal,8,iron,44,thermal_initial_sensor_difference,Thermal:cross_sensor,0.2960444430907083
G_optimized_summarized_ESN_plus_thermal,8,iron,44,esn_u002_net_change,ESN:net_change,0.2854493484910665
G_optimized_summarized_ESN_plus_thermal,8,iron,44,esn_u009_mean,ESN:mean,0.2562415069152139
G_optimized_summarized_ESN_plus_thermal,8,iron,44,esn_u009_max,ESN:max,0.1936695792930926
G_optimized_summarized_ESN_plus_thermal,8,iron,44,esn_u003_std,ESN:std,0.19352691643941697
G_optimized_summarized_ESN_plus_thermal,8,iron,44,esn_u013_abs_auc,ESN:abs_auc,0.1917864296245746
G_optimized_summarized_ESN_plus_thermal,8,iron,44,esn_u015_slope,ESN:slope,0.1915391473448702
G_optimized_summarized_ESN_plus_thermal,8,iron,44,esn_u003_slope,ESN:slope,0.16540331255149893
G_optimized_summarized_ESN_plus_thermal,8,iron,44,esn_u004_net_change,ESN:net_change,0.1634821194553341
G_optimized_summarized_ESN_plus_thermal,8,iron,44,esn_u002_slope,ESN:slope,0.13915334747518726
G_optimized_summarized_ESN_plus_thermal,8,iron,44,esn_u000_std,ESN:std,0.09133275892312372
G_optimized_summarized_ESN_plus_thermal,8,iron,44,esn_u009_abs_auc,ESN:abs_auc,0.0315475123761326
G_optimized_summarized_ESN_plus_thermal,8,iron,44,esn_u009_mean_abs,ESN:mean_abs,0.028332842739975588
F_optimized_summarized_ESN,9,nickel,42,esn_u013_max,ESN:max,0.8033155073335206
F_optimized_summarized_ESN,9,nickel,42,esn_u003_max,ESN:max,0.7902380790799234
F_optimized_summarized_ESN,9,nickel,42,esn_u003_initial,ESN:initial,0.7579962741492361
F_optimized_summarized_ESN,9,nickel,42,esn_u012_initial,ESN:initial,0.7417041762594816
F_optimized_summarized_ESN,9,nickel,42,esn_u015_min,ESN:min,0.7414949374074241
F_optimized_summarized_ESN,9,nickel,42,esn_u016_initial,ESN:initial,0.7171946979980123
F_optimized_summarized_ESN,9,nickel,42,esn_u007_min,ESN:min,0.7031281406255975
F_optimized_summarized_ESN,9,nickel,42,esn_u000_max,ESN:max,0.6639814535770109
F_optimized_summarized_ESN,9,nickel,42,esn_u008_initial,ESN:initial,0.5406256394321692
F_optimized_summarized_ESN,9,nickel,42,esn_u001_initial,ESN:initial,0.5098770390366201
F_optimized_summarized_ESN,9,nickel,42,esn_u002_initial,ESN:initial,0.481981695714583
F_optimized_summarized_ESN,9,nickel,42,esn_u006_min,ESN:min,0.4660414995305618
F_optimized_summarized_ESN,9,nickel,42,esn_u005_initial,ESN:initial,0.45147086674182646
F_optimized_summarized_ESN,9,nickel,42,esn_u010_mean,ESN:mean,0.44023854472910035
F_optimized_summarized_ESN,9,nickel,42,esn_u001_mean,ESN:mean,0.41615705502865785
F_optimized_summarized_ESN,9,nickel,42,esn_u006_net_change,ESN:net_change,0.36983918186864406
F_optimized_summarized_ESN,9,nickel,42,esn_u001_max,ESN:max,0.36191663806119195
F_optimized_summarized_ESN,9,nickel,42,esn_u008_abs_auc,ESN:abs_auc,0.35728485074519056
F_optimized_summarized_ESN,9,nickel,42,esn_u003_std,ESN:std,0.3367033563882563
F_optimized_summarized_ESN,9,nickel,42,esn_u002_max,ESN:max,0.3308161359599096
F_optimized_summarized_ESN,9,nickel,42,esn_u016_std,ESN:std,0.3275824446099292
F_optimized_summarized_ESN,9,nickel,42,esn_u017_initial,ESN:initial,0.3221612561702561
F_optimized_summarized_ESN,9,nickel,42,esn_u012_abs_auc,ESN:abs_auc,0.30794252508725395
F_optimized_summarized_ESN,9,nickel,42,esn_u003_slope,ESN:slope,0.30625910341388174
F_optimized_summarized_ESN,9,nickel,42,esn_u011_std,ESN:std,0.2881789644247265
F_optimized_summarized_ESN,9,nickel,42,esn_u015_abs_auc,ESN:abs_auc,0.26964230430380925
F_optimized_summarized_ESN,9,nickel,42,esn_u011_slope,ESN:slope,0.2515051001731837
F_optimized_summarized_ESN,9,nickel,42,esn_u006_slope,ESN:slope,0.2513053721780379
F_optimized_summarized_ESN,9,nickel,42,esn_u003_abs_auc,ESN:abs_auc,0.2145268885004664
F_optimized_summarized_ESN,9,nickel,42,esn_u005_slope,ESN:slope,0.19733125920409986
F_optimized_summarized_ESN,9,nickel,42,esn_u006_std,ESN:std,0.18039242304434938
F_optimized_summarized_ESN,9,nickel,42,esn_u004_max,ESN:max,0.14999572435453337
F_optimized_summarized_ESN,9,nickel,42,esn_u011_net_change,ESN:net_change,0.1395242708947438
F_optimized_summarized_ESN,9,nickel,42,esn_u006_abs_auc,ESN:abs_auc,0.06284774247256082
F_optimized_summarized_ESN,9,nickel,42,esn_u010_slope,ESN:slope,0.061421113935804746
F_optimized_summarized_ESN,9,nickel,42,esn_u016_abs_auc,ESN:abs_auc,0.006400806701578909
F_optimized_summarized_ESN,9,nickel,42,esn_u015_mean,ESN:mean,0.005896731285258429
F_optimized_summarized_ESN,9,nickel,43,esn_u003_max,ESN:max,0.8012040970991217
F_optimized_summarized_ESN,9,nickel,43,esn_u013_initial,ESN:initial,0.7797951581908689
F_optimized_summarized_ESN,9,nickel,43,esn_u011_min,ESN:min,0.7571688295979174
F_optimized_summarized_ESN,9,nickel,43,esn_u006_initial,ESN:initial,0.7422938493880075
F_optimized_summarized_ESN,9,nickel,43,esn_u015_initial,ESN:initial,0.7172612739963944
F_optimized_summarized_ESN,9,nickel,43,esn_u016_initial,ESN:initial,0.629875520691629
F_optimized_summarized_ESN,9,nickel,43,esn_u018_initial,ESN:initial,0.6257763413626833
F_optimized_summarized_ESN,9,nickel,43,esn_u016_max,ESN:max,0.5892641616786395
F_optimized_summarized_ESN,9,nickel,43,esn_u003_initial,ESN:initial,0.5607981669419001
F_optimized_summarized_ESN,9,nickel,43,esn_u010_initial,ESN:initial,0.5481297055355062
F_optimized_summarized_ESN,9,nickel,43,esn_u012_max,ESN:max,0.5438403090683263
F_optimized_summarized_ESN,9,nickel,43,esn_u007_std,ESN:std,0.4403907184396877
F_optimized_summarized_ESN,9,nickel,43,esn_u007_initial,ESN:initial,0.43775621107514473
F_optimized_summarized_ESN,9,nickel,43,esn_u007_max,ESN:max,0.4189722686745232
F_optimized_summarized_ESN,9,nickel,43,esn_u000_initial,ESN:initial,0.3902209482304324
F_optimized_summarized_ESN,9,nickel,43,esn_u008_initial,ESN:initial,0.35516392965387994
F_optimized_summarized_ESN,9,nickel,43,esn_u003_abs_auc,ESN:abs_auc,0.3501326863475868
F_optimized_summarized_ESN,9,nickel,43,esn_u012_mean,ESN:mean,0.34511095389820545
F_optimized_summarized_ESN,9,nickel,43,esn_u013_slope,ESN:slope,0.34283785909630743
F_optimized_summarized_ESN,9,nickel,43,esn_u014_mean,ESN:mean,0.33554303184502804
F_optimized_summarized_ESN,9,nickel,43,esn_u004_abs_auc,ESN:abs_auc,0.28411782852342754
F_optimized_summarized_ESN,9,nickel,43,esn_u019_abs_auc,ESN:abs_auc,0.25456759609875346
F_optimized_summarized_ESN,9,nickel,43,esn_u019_max,ESN:max,0.24982167849981157
F_optimized_summarized_ESN,9,nickel,43,esn_u018_min,ESN:min,0.23235023435300556
F_optimized_summarized_ESN,9,nickel,43,esn_u015_slope,ESN:slope,0.21733259128941998
F_optimized_summarized_ESN,9,nickel,43,esn_u015_max,ESN:max,0.2142891170776737
F_optimized_summarized_ESN,9,nickel,43,esn_u014_net_change,ESN:net_change,0.20960026462020206
F_optimized_summarized_ESN,9,nickel,43,esn_u018_mean,ESN:mean,0.1709100987033774
F_optimized_summarized_ESN,9,nickel,43,esn_u012_abs_auc,ESN:abs_auc,0.12542918095159383
F_optimized_summarized_ESN,9,nickel,43,esn_u011_mean,ESN:mean,0.10794822594787609
F_optimized_summarized_ESN,9,nickel,43,esn_u009_abs_auc,ESN:abs_auc,0.0930352023103193
F_optimized_summarized_ESN,9,nickel,43,esn_u013_mean,ESN:mean,0.0764102244286552
F_optimized_summarized_ESN,9,nickel,43,esn_u018_abs_auc,ESN:abs_auc,0.06691838923077148
F_optimized_summarized_ESN,9,nickel,43,esn_u009_slope,ESN:slope,0.023558392570298597
F_optimized_summarized_ESN,9,nickel,43,esn_u000_std,ESN:std,0.01299183054139196
F_optimized_summarized_ESN,9,nickel,44,esn_u000_min,ESN:min,0.8040858867433688
F_optimized_summarized_ESN,9,nickel,44,esn_u011_initial,ESN:initial,0.7661280568087457
F_optimized_summarized_ESN,9,nickel,44,esn_u007_initial,ESN:initial,0.7548576913683727
F_optimized_summarized_ESN,9,nickel,44,esn_u009_min,ESN:min,0.7278849011667712
F_optimized_summarized_ESN,9,nickel,44,esn_u002_max,ESN:max,0.6750520910222381
F_optimized_summarized_ESN,9,nickel,44,esn_u019_std,ESN:std,0.6386635524780465
F_optimized_summarized_ESN,9,nickel,44,esn_u015_initial,ESN:initial,0.6377790427852578
F_optimized_summarized_ESN,9,nickel,44,esn_u000_initial,ESN:initial,0.6160277130281835
F_optimized_summarized_ESN,9,nickel,44,esn_u004_initial,ESN:initial,0.5730386397872671
F_optimized_summarized_ESN,9,nickel,44,esn_u019_initial,ESN:initial,0.5570223567479523
F_optimized_summarized_ESN,9,nickel,44,esn_u014_initial,ESN:initial,0.5369924920918971
F_optimized_summarized_ESN,9,nickel,44,esn_u018_initial,ESN:initial,0.4849015287864771
F_optimized_summarized_ESN,9,nickel,44,esn_u012_mean,ESN:mean,0.43989615388027886
F_optimized_summarized_ESN,9,nickel,44,esn_u016_mean,ESN:mean,0.4201516149315748
F_optimized_summarized_ESN,9,nickel,44,esn_u002_std,ESN:std,0.37165575553878016
F_optimized_summarized_ESN,9,nickel,44,esn_u010_mean,ESN:mean,0.3616218014969291
F_optimized_summarized_ESN,9,nickel,44,esn_u006_abs_auc,ESN:abs_auc,0.3521109445852219
F_optimized_summarized_ESN,9,nickel,44,esn_u001_slope,ESN:slope,0.34846828638803806
F_optimized_summarized_ESN,9,nickel,44,esn_u002_net_change,ESN:net_change,0.3217808218937878
F_optimized_summarized_ESN,9,nickel,44,esn_u009_mean,ESN:mean,0.2866096730342948
F_optimized_summarized_ESN,9,nickel,44,esn_u018_abs_auc,ESN:abs_auc,0.2763950127111213
F_optimized_summarized_ESN,9,nickel,44,esn_u013_abs_auc,ESN:abs_auc,0.22901192357699635
F_optimized_summarized_ESN,9,nickel,44,esn_u015_slope,ESN:slope,0.22259209516159403
F_optimized_summarized_ESN,9,nickel,44,esn_u003_std,ESN:std,0.221260575193955
F_optimized_summarized_ESN,9,nickel,44,esn_u004_net_change,ESN:net_change,0.20023207056217054
F_optimized_summarized_ESN,9,nickel,44,esn_u009_max,ESN:max,0.1714522175473447
F_optimized_summarized_ESN,9,nickel,44,esn_u003_slope,ESN:slope,0.1389631303369531
F_optimized_summarized_ESN,9,nickel,44,esn_u002_slope,ESN:slope,0.12255690216425826
F_optimized_summarized_ESN,9,nickel,44,esn_u000_std,ESN:std,0.06863985433179046
F_optimized_summarized_ESN,9,nickel,44,esn_u009_mean_abs,ESN:mean_abs,0.05787356430773798
F_optimized_summarized_ESN,9,nickel,44,esn_u009_abs_auc,ESN:abs_auc,0.0017309759579307005
G_optimized_summarized_ESN_plus_thermal,9,nickel,42,esn_u013_max,ESN:max,0.8033155073335206
G_optimized_summarized_ESN_plus_thermal,9,nickel,42,thermal_secondary_late_slope,Thermal:late_slope,0.8024214867838202
G_optimized_summarized_ESN_plus_thermal,9,nickel,42,thermal_secondary_final_change,Thermal:final_change,0.7815166232918879
G_optimized_summarized_ESN_plus_thermal,9,nickel,42,thermal_secondary_middle_slope,Thermal:middle_slope,0.7762000542782436
G_optimized_summarized_ESN_plus_thermal,9,nickel,42,esn_u003_initial,ESN:initial,0.7579962741492361
G_optimized_summarized_ESN_plus_thermal,9,nickel,42,esn_u012_initial,ESN:initial,0.7417041762594816
G_optimized_summarized_ESN_plus_thermal,9,nickel,42,esn_u015_min,ESN:min,0.7414949374074241
G_optimized_summarized_ESN_plus_thermal,9,nickel,42,thermal_primary_late_slope,Thermal:late_slope,0.7192965973754997
G_optimized_summarized_ESN_plus_thermal,9,nickel,42,thermal_difference_middle_slope,Thermal:middle_slope,0.7186213265347684
G_optimized_summarized_ESN_plus_thermal,9,nickel,42,esn_u016_initial,ESN:initial,0.7171946979980123
G_optimized_summarized_ESN_plus_thermal,9,nickel,42,esn_u007_min,ESN:min,0.7031281406255975
G_optimized_summarized_ESN_plus_thermal,9,nickel,42,thermal_difference_late_slope,Thermal:late_slope,0.6951960859612337
G_optimized_summarized_ESN_plus_thermal,9,nickel,42,esn_u000_max,ESN:max,0.6639814535770109
G_optimized_summarized_ESN_plus_thermal,9,nickel,42,thermal_secondary_max_abs_rate,Thermal:max_abs_rate,0.6561920617663227
G_optimized_summarized_ESN_plus_thermal,9,nickel,42,esn_u008_initial,ESN:initial,0.5406256394321692
G_optimized_summarized_ESN_plus_thermal,9,nickel,42,esn_u001_initial,ESN:initial,0.5098770390366201
G_optimized_summarized_ESN_plus_thermal,9,nickel,42,esn_u002_initial,ESN:initial,0.481981695714583
G_optimized_summarized_ESN_plus_thermal,9,nickel,42,thermal_secondary_primary_auc_ratio,Thermal:cross_sensor,0.4664599772346769
G_optimized_summarized_ESN_plus_thermal,9,nickel,42,esn_u006_min,ESN:min,0.4660414995305618
G_optimized_summarized_ESN_plus_thermal,9,nickel,42,esn_u005_initial,ESN:initial,0.45147086674182646
G_optimized_summarized_ESN_plus_thermal,9,nickel,42,esn_u010_mean,ESN:mean,0.44023854472910035
G_optimized_summarized_ESN_plus_thermal,9,nickel,42,esn_u001_mean,ESN:mean,0.41615705502865785
G_optimized_summarized_ESN_plus_thermal,9,nickel,42,thermal_secondary_early_slope,Thermal:early_slope,0.40708369753488927
G_optimized_summarized_ESN_plus_thermal,9,nickel,42,esn_u006_net_change,ESN:net_change,0.36983918186864406
G_optimized_summarized_ESN_plus_thermal,9,nickel,42,esn_u001_max,ESN:max,0.36191663806119195
G_optimized_summarized_ESN_plus_thermal,9,nickel,42,esn_u008_abs_auc,ESN:abs_auc,0.35728485074519056
G_optimized_summarized_ESN_plus_thermal,9,nickel,42,esn_u003_std,ESN:std,0.3367033563882563
G_optimized_summarized_ESN_plus_thermal,9,nickel,42,esn_u002_max,ESN:max,0.3308161359599096
G_optimized_summarized_ESN_plus_thermal,9,nickel,42,esn_u016_std,ESN:std,0.3275824446099292
G_optimized_summarized_ESN_plus_thermal,9,nickel,42,esn_u017_initial,ESN:initial,0.3221612561702561
G_optimized_summarized_ESN_plus_thermal,9,nickel,42,esn_u012_abs_auc,ESN:abs_auc,0.30794252508725395
G_optimized_summarized_ESN_plus_thermal,9,nickel,42,esn_u003_slope,ESN:slope,0.30625910341388174
G_optimized_summarized_ESN_plus_thermal,9,nickel,42,thermal_initial_sensor_difference,Thermal:cross_sensor,0.29958248186186337
G_optimized_summarized_ESN_plus_thermal,9,nickel,42,esn_u011_std,ESN:std,0.2881789644247265
G_optimized_summarized_ESN_plus_thermal,9,nickel,42,esn_u015_abs_auc,ESN:abs_auc,0.26964230430380925
G_optimized_summarized_ESN_plus_thermal,9,nickel,42,esn_u011_slope,ESN:slope,0.2515051001731837
G_optimized_summarized_ESN_plus_thermal,9,nickel,42,esn_u006_slope,ESN:slope,0.2513053721780379
G_optimized_summarized_ESN_plus_thermal,9,nickel,42,esn_u003_abs_auc,ESN:abs_auc,0.2145268885004664
G_optimized_summarized_ESN_plus_thermal,9,nickel,42,esn_u005_slope,ESN:slope,0.19733125920409986
G_optimized_summarized_ESN_plus_thermal,9,nickel,42,esn_u006_std,ESN:std,0.18039242304434938
G_optimized_summarized_ESN_plus_thermal,9,nickel,42,esn_u004_max,ESN:max,0.14999572435453337
G_optimized_summarized_ESN_plus_thermal,9,nickel,42,esn_u011_net_change,ESN:net_change,0.1395242708947438
G_optimized_summarized_ESN_plus_thermal,9,nickel,42,esn_u006_abs_auc,ESN:abs_auc,0.06284774247256082
G_optimized_summarized_ESN_plus_thermal,9,nickel,42,esn_u010_slope,ESN:slope,0.061421113935804746
G_optimized_summarized_ESN_plus_thermal,9,nickel,42,esn_u016_abs_auc,ESN:abs_auc,0.006400806701578909
G_optimized_summarized_ESN_plus_thermal,9,nickel,42,esn_u015_mean,ESN:mean,0.005896731285258429
G_optimized_summarized_ESN_plus_thermal,9,nickel,43,thermal_secondary_late_slope,Thermal:late_slope,0.8024214867838202
G_optimized_summarized_ESN_plus_thermal,9,nickel,43,esn_u003_max,ESN:max,0.8012040970991217
G_optimized_summarized_ESN_plus_thermal,9,nickel,43,thermal_secondary_final_change,Thermal:final_change,0.7815166232918879
G_optimized_summarized_ESN_plus_thermal,9,nickel,43,esn_u013_initial,ESN:initial,0.7797951581908689
G_optimized_summarized_ESN_plus_thermal,9,nickel,43,thermal_secondary_middle_slope,Thermal:middle_slope,0.7762000542782436
G_optimized_summarized_ESN_plus_thermal,9,nickel,43,esn_u011_min,ESN:min,0.7571688295979174
G_optimized_summarized_ESN_plus_thermal,9,nickel,43,esn_u006_initial,ESN:initial,0.7422938493880075
G_optimized_summarized_ESN_plus_thermal,9,nickel,43,thermal_primary_late_slope,Thermal:late_slope,0.7192965973754997
G_optimized_summarized_ESN_plus_thermal,9,nickel,43,thermal_difference_middle_slope,Thermal:middle_slope,0.7186213265347684
G_optimized_summarized_ESN_plus_thermal,9,nickel,43,esn_u015_initial,ESN:initial,0.7172612739963944
G_optimized_summarized_ESN_plus_thermal,9,nickel,43,thermal_difference_late_slope,Thermal:late_slope,0.6951960859612337
G_optimized_summarized_ESN_plus_thermal,9,nickel,43,thermal_secondary_max_abs_rate,Thermal:max_abs_rate,0.6561920617663227
G_optimized_summarized_ESN_plus_thermal,9,nickel,43,esn_u016_initial,ESN:initial,0.629875520691629
G_optimized_summarized_ESN_plus_thermal,9,nickel,43,esn_u018_initial,ESN:initial,0.6257763413626833
G_optimized_summarized_ESN_plus_thermal,9,nickel,43,esn_u016_max,ESN:max,0.5892641616786395
G_optimized_summarized_ESN_plus_thermal,9,nickel,43,esn_u003_initial,ESN:initial,0.5607981669419001
G_optimized_summarized_ESN_plus_thermal,9,nickel,43,esn_u010_initial,ESN:initial,0.5481297055355062
G_optimized_summarized_ESN_plus_thermal,9,nickel,43,esn_u012_max,ESN:max,0.5438403090683263
G_optimized_summarized_ESN_plus_thermal,9,nickel,43,thermal_secondary_primary_auc_ratio,Thermal:cross_sensor,0.4664599772346769
G_optimized_summarized_ESN_plus_thermal,9,nickel,43,esn_u007_std,ESN:std,0.4403907184396877
G_optimized_summarized_ESN_plus_thermal,9,nickel,43,esn_u007_initial,ESN:initial,0.43775621107514473
G_optimized_summarized_ESN_plus_thermal,9,nickel,43,esn_u007_max,ESN:max,0.4189722686745232
G_optimized_summarized_ESN_plus_thermal,9,nickel,43,thermal_secondary_early_slope,Thermal:early_slope,0.40708369753488927
G_optimized_summarized_ESN_plus_thermal,9,nickel,43,esn_u000_initial,ESN:initial,0.3902209482304324
G_optimized_summarized_ESN_plus_thermal,9,nickel,43,esn_u008_initial,ESN:initial,0.35516392965387994
G_optimized_summarized_ESN_plus_thermal,9,nickel,43,esn_u003_abs_auc,ESN:abs_auc,0.3501326863475868
G_optimized_summarized_ESN_plus_thermal,9,nickel,43,esn_u012_mean,ESN:mean,0.34511095389820545
G_optimized_summarized_ESN_plus_thermal,9,nickel,43,esn_u013_slope,ESN:slope,0.34283785909630743
G_optimized_summarized_ESN_plus_thermal,9,nickel,43,esn_u014_mean,ESN:mean,0.33554303184502804
G_optimized_summarized_ESN_plus_thermal,9,nickel,43,thermal_initial_sensor_difference,Thermal:cross_sensor,0.29958248186186337
G_optimized_summarized_ESN_plus_thermal,9,nickel,43,esn_u004_abs_auc,ESN:abs_auc,0.28411782852342754
G_optimized_summarized_ESN_plus_thermal,9,nickel,43,esn_u019_abs_auc,ESN:abs_auc,0.25456759609875346
G_optimized_summarized_ESN_plus_thermal,9,nickel,43,esn_u019_max,ESN:max,0.24982167849981157
G_optimized_summarized_ESN_plus_thermal,9,nickel,43,esn_u018_min,ESN:min,0.23235023435300556
G_optimized_summarized_ESN_plus_thermal,9,nickel,43,esn_u015_slope,ESN:slope,0.21733259128941998
G_optimized_summarized_ESN_plus_thermal,9,nickel,43,esn_u015_max,ESN:max,0.2142891170776737
G_optimized_summarized_ESN_plus_thermal,9,nickel,43,esn_u014_net_change,ESN:net_change,0.20960026462020206
G_optimized_summarized_ESN_plus_thermal,9,nickel,43,esn_u018_mean,ESN:mean,0.1709100987033774
G_optimized_summarized_ESN_plus_thermal,9,nickel,43,esn_u012_abs_auc,ESN:abs_auc,0.12542918095159383
G_optimized_summarized_ESN_plus_thermal,9,nickel,43,esn_u011_mean,ESN:mean,0.10794822594787609
G_optimized_summarized_ESN_plus_thermal,9,nickel,43,esn_u009_abs_auc,ESN:abs_auc,0.0930352023103193
G_optimized_summarized_ESN_plus_thermal,9,nickel,43,esn_u013_mean,ESN:mean,0.0764102244286552
G_optimized_summarized_ESN_plus_thermal,9,nickel,43,esn_u018_abs_auc,ESN:abs_auc,0.06691838923077148
G_optimized_summarized_ESN_plus_thermal,9,nickel,43,esn_u009_slope,ESN:slope,0.023558392570298597
G_optimized_summarized_ESN_plus_thermal,9,nickel,43,esn_u000_std,ESN:std,0.01299183054139196
G_optimized_summarized_ESN_plus_thermal,9,nickel,44,esn_u000_min,ESN:min,0.8040858867433688
G_optimized_summarized_ESN_plus_thermal,9,nickel,44,thermal_secondary_late_slope,Thermal:late_slope,0.8024214867838202
G_optimized_summarized_ESN_plus_thermal,9,nickel,44,thermal_secondary_final_change,Thermal:final_change,0.7815166232918879
G_optimized_summarized_ESN_plus_thermal,9,nickel,44,esn_u011_initial,ESN:initial,0.7661280568087457
G_optimized_summarized_ESN_plus_thermal,9,nickel,44,esn_u007_initial,ESN:initial,0.7548576913683727
G_optimized_summarized_ESN_plus_thermal,9,nickel,44,esn_u009_min,ESN:min,0.7278849011667712
G_optimized_summarized_ESN_plus_thermal,9,nickel,44,thermal_primary_late_slope,Thermal:late_slope,0.7192965973754997
G_optimized_summarized_ESN_plus_thermal,9,nickel,44,thermal_difference_middle_slope,Thermal:middle_slope,0.7186213265347684
G_optimized_summarized_ESN_plus_thermal,9,nickel,44,thermal_difference_late_slope,Thermal:late_slope,0.6951960859612337
G_optimized_summarized_ESN_plus_thermal,9,nickel,44,esn_u002_max,ESN:max,0.6750520910222381
G_optimized_summarized_ESN_plus_thermal,9,nickel,44,thermal_secondary_max_abs_rate,Thermal:max_abs_rate,0.6561920617663227
G_optimized_summarized_ESN_plus_thermal,9,nickel,44,esn_u019_std,ESN:std,0.6386635524780465
G_optimized_summarized_ESN_plus_thermal,9,nickel,44,esn_u015_initial,ESN:initial,0.6377790427852578
G_optimized_summarized_ESN_plus_thermal,9,nickel,44,esn_u000_initial,ESN:initial,0.6160277130281835
G_optimized_summarized_ESN_plus_thermal,9,nickel,44,esn_u004_initial,ESN:initial,0.5730386397872671
G_optimized_summarized_ESN_plus_thermal,9,nickel,44,esn_u019_initial,ESN:initial,0.5570223567479523
G_optimized_summarized_ESN_plus_thermal,9,nickel,44,esn_u014_initial,ESN:initial,0.5369924920918971
G_optimized_summarized_ESN_plus_thermal,9,nickel,44,esn_u018_initial,ESN:initial,0.4849015287864771
G_optimized_summarized_ESN_plus_thermal,9,nickel,44,thermal_secondary_primary_auc_ratio,Thermal:cross_sensor,0.4664599772346769
G_optimized_summarized_ESN_plus_thermal,9,nickel,44,esn_u012_mean,ESN:mean,0.43989615388027886
G_optimized_summarized_ESN_plus_thermal,9,nickel,44,esn_u016_mean,ESN:mean,0.4201516149315748
G_optimized_summarized_ESN_plus_thermal,9,nickel,44,thermal_secondary_early_slope,Thermal:early_slope,0.40708369753488927
G_optimized_summarized_ESN_plus_thermal,9,nickel,44,esn_u002_std,ESN:std,0.37165575553878016
G_optimized_summarized_ESN_plus_thermal,9,nickel,44,esn_u010_mean,ESN:mean,0.3616218014969291
G_optimized_summarized_ESN_plus_thermal,9,nickel,44,esn_u006_abs_auc,ESN:abs_auc,0.3521109445852219
G_optimized_summarized_ESN_plus_thermal,9,nickel,44,esn_u001_slope,ESN:slope,0.34846828638803806
G_optimized_summarized_ESN_plus_thermal,9,nickel,44,esn_u002_net_change,ESN:net_change,0.3217808218937878
G_optimized_summarized_ESN_plus_thermal,9,nickel,44,thermal_initial_sensor_difference,Thermal:cross_sensor,0.29958248186186337
G_optimized_summarized_ESN_plus_thermal,9,nickel,44,esn_u009_mean,ESN:mean,0.2866096730342948
G_optimized_summarized_ESN_plus_thermal,9,nickel,44,esn_u018_abs_auc,ESN:abs_auc,0.2763950127111213
G_optimized_summarized_ESN_plus_thermal,9,nickel,44,esn_u013_abs_auc,ESN:abs_auc,0.22901192357699635
G_optimized_summarized_ESN_plus_thermal,9,nickel,44,esn_u015_slope,ESN:slope,0.22259209516159403
G_optimized_summarized_ESN_plus_thermal,9,nickel,44,esn_u003_std,ESN:std,0.221260575193955
G_optimized_summarized_ESN_plus_thermal,9,nickel,44,esn_u004_net_change,ESN:net_change,0.20023207056217054
G_optimized_summarized_ESN_plus_thermal,9,nickel,44,esn_u009_max,ESN:max,0.1714522175473447
G_optimized_summarized_ESN_plus_thermal,9,nickel,44,esn_u003_slope,ESN:slope,0.1389631303369531
G_optimized_summarized_ESN_plus_thermal,9,nickel,44,esn_u002_slope,ESN:slope,0.12255690216425826
G_optimized_summarized_ESN_plus_thermal,9,nickel,44,esn_u000_std,ESN:std,0.06863985433179046
G_optimized_summarized_ESN_plus_thermal,9,nickel,44,esn_u009_mean_abs,ESN:mean_abs,0.05787356430773798
G_optimized_summarized_ESN_plus_thermal,9,nickel,44,esn_u009_abs_auc,ESN:abs_auc,0.0017309759579307005
F_optimized_summarized_ESN,10,pdms,42,esn_u013_max,ESN:max,0.7820206987082083
F_optimized_summarized_ESN,10,pdms,42,esn_u003_max,ESN:max,0.753906605677202
F_optimized_summarized_ESN,10,pdms,42,esn_u003_initial,ESN:initial,0.7422748276741841
F_optimized_summarized_ESN,10,pdms,42,esn_u012_initial,ESN:initial,0.7345900552895248
F_optimized_summarized_ESN,10,pdms,42,esn_u015_min,ESN:min,0.7313848965102794
F_optimized_summarized_ESN,10,pdms,42,esn_u016_initial,ESN:initial,0.7102993267370247
F_optimized_summarized_ESN,10,pdms,42,esn_u000_max,ESN:max,0.6654175929706786
F_optimized_summarized_ESN,10,pdms,42,esn_u006_max,ESN:max,0.5756255928672516
F_optimized_summarized_ESN,10,pdms,42,esn_u008_initial,ESN:initial,0.5347193972899991
F_optimized_summarized_ESN,10,pdms,42,esn_u001_initial,ESN:initial,0.5207003942021428
F_optimized_summarized_ESN,10,pdms,42,esn_u002_initial,ESN:initial,0.49942460729065385
F_optimized_summarized_ESN,10,pdms,42,esn_u013_mean,ESN:mean,0.46098172365353357
F_optimized_summarized_ESN,10,pdms,42,esn_u005_initial,ESN:initial,0.4428540303798198
F_optimized_summarized_ESN,10,pdms,42,esn_u006_net_change,ESN:net_change,0.40005517427713766
F_optimized_summarized_ESN,10,pdms,42,esn_u009_abs_auc,ESN:abs_auc,0.3770389005508063
F_optimized_summarized_ESN,10,pdms,42,esn_u003_std,ESN:std,0.3750796640269946
F_optimized_summarized_ESN,10,pdms,42,esn_u001_mean,ESN:mean,0.3632386471719193
F_optimized_summarized_ESN,10,pdms,42,esn_u001_max,ESN:max,0.3625538654742763
F_optimized_summarized_ESN,10,pdms,42,esn_u003_slope,ESN:slope,0.3359234661214963
F_optimized_summarized_ESN,10,pdms,42,esn_u002_max,ESN:max,0.332394938207253
F_optimized_summarized_ESN,10,pdms,42,esn_u011_std,ESN:std,0.3264411417805243
F_optimized_summarized_ESN,10,pdms,42,esn_u019_initial,ESN:initial,0.3253949475202365
F_optimized_summarized_ESN,10,pdms,42,esn_u015_abs_auc,ESN:abs_auc,0.3017794898084677
F_optimized_summarized_ESN,10,pdms,42,esn_u006_slope,ESN:slope,0.2846789690812183
F_optimized_summarized_ESN,10,pdms,42,esn_u011_max,ESN:max,0.2630988347485547
F_optimized_summarized_ESN,10,pdms,42,esn_u002_abs_auc,ESN:abs_auc,0.2548814543768398
F_optimized_summarized_ESN,10,pdms,42,esn_u003_abs_auc,ESN:abs_auc,0.24977412421525302
F_optimized_summarized_ESN,10,pdms,42,esn_u006_std,ESN:std,0.22590187336686812
F_optimized_summarized_ESN,10,pdms,42,esn_u011_slope,ESN:slope,0.2173991672878019
F_optimized_summarized_ESN,10,pdms,42,esn_u005_slope,ESN:slope,0.16287342461298485
F_optimized_summarized_ESN,10,pdms,42,esn_u000_abs_auc,ESN:abs_auc,0.14689518500131685
F_optimized_summarized_ESN,10,pdms,42,esn_u004_max,ESN:max,0.10281236321555424
F_optimized_summarized_ESN,10,pdms,42,esn_u016_abs_auc,ESN:abs_auc,0.051073301615867366
F_optimized_summarized_ESN,10,pdms,42,esn_u015_mean,ESN:mean,0.04825808797000205
F_optimized_summarized_ESN,10,pdms,42,esn_u006_abs_auc,ESN:abs_auc,0.026792083920279024
F_optimized_summarized_ESN,10,pdms,42,esn_u010_slope,ESN:slope,0.025070618819260034
F_optimized_summarized_ESN,10,pdms,43,esn_u003_max,ESN:max,0.7848454232109854
F_optimized_summarized_ESN,10,pdms,43,esn_u001_initial,ESN:initial,0.7514052503094228
F_optimized_summarized_ESN,10,pdms,43,esn_u006_min,ESN:min,0.7307952233817536
F_optimized_summarized_ESN,10,pdms,43,esn_u002_initial,ESN:initial,0.6544515749514803
F_optimized_summarized_ESN,10,pdms,43,esn_u016_initial,ESN:initial,0.6442464254852186
F_optimized_summarized_ESN,10,pdms,43,esn_u018_initial,ESN:initial,0.6301513355420686
F_optimized_summarized_ESN,10,pdms,43,esn_u016_max,ESN:max,0.5966636083559478
F_optimized_summarized_ESN,10,pdms,43,esn_u003_initial,ESN:initial,0.5560332276291348
F_optimized_summarized_ESN,10,pdms,43,esn_u010_initial,ESN:initial,0.5426324302405394
F_optimized_summarized_ESN,10,pdms,43,esn_u012_max,ESN:max,0.5377914040724805
F_optimized_summarized_ESN,10,pdms,43,esn_u007_std,ESN:std,0.4600972139607448
F_optimized_summarized_ESN,10,pdms,43,esn_u007_initial,ESN:initial,0.43800349335484917
F_optimized_summarized_ESN,10,pdms,43,esn_u000_initial,ESN:initial,0.3944627904130539
F_optimized_summarized_ESN,10,pdms,43,esn_u012_mean,ESN:mean,0.3770959656922766
F_optimized_summarized_ESN,10,pdms,43,esn_u002_abs_auc,ESN:abs_auc,0.377019878836983
F_optimized_summarized_ESN,10,pdms,43,esn_u008_initial,ESN:initial,0.3709424412704021
F_optimized_summarized_ESN,10,pdms,43,esn_u007_max,ESN:max,0.3647984277054392
F_optimized_summarized_ESN,10,pdms,43,esn_u008_slope,ESN:slope,0.2959303128077678
F_optimized_summarized_ESN,10,pdms,43,esn_u019_abs_auc,ESN:abs_auc,0.28749418272708355
F_optimized_summarized_ESN,10,pdms,43,esn_u019_max,ESN:max,0.2565078109087417
F_optimized_summarized_ESN,10,pdms,43,esn_u015_max,ESN:max,0.25481487837845784
F_optimized_summarized_ESN,10,pdms,43,esn_u004_abs_auc,ESN:abs_auc,0.23792359650326592
F_optimized_summarized_ESN,10,pdms,43,esn_u015_mean,ESN:mean,0.22594942765142664
F_optimized_summarized_ESN,10,pdms,43,esn_u018_min,ESN:min,0.21784617756265218
F_optimized_summarized_ESN,10,pdms,43,esn_u015_slope,ESN:slope,0.17975519563126502
F_optimized_summarized_ESN,10,pdms,43,esn_u014_net_change,ESN:net_change,0.1750568323168817
F_optimized_summarized_ESN,10,pdms,43,esn_u012_abs_auc,ESN:abs_auc,0.16636390909958138
F_optimized_summarized_ESN,10,pdms,43,esn_u018_mean,ESN:mean,0.13766965379696092
F_optimized_summarized_ESN,10,pdms,43,esn_u011_mean,ESN:mean,0.12752156947216942
F_optimized_summarized_ESN,10,pdms,43,esn_u018_abs_auc,ESN:abs_auc,0.10882322478375314
F_optimized_summarized_ESN,10,pdms,43,esn_u013_mean,ESN:mean,0.09922677015984063
F_optimized_summarized_ESN,10,pdms,43,esn_u009_abs_auc,ESN:abs_auc,0.05029341134910738
F_optimized_summarized_ESN,10,pdms,43,esn_u009_slope,ESN:slope,0.01502715392049729
F_optimized_summarized_ESN,10,pdms,43,esn_u000_std,ESN:std,0.01122281115581443
F_optimized_summarized_ESN,10,pdms,44,esn_u000_min,ESN:min,0.7859106391850964
F_optimized_summarized_ESN,10,pdms,44,esn_u011_initial,ESN:initial,0.748903894941644
F_optimized_summarized_ESN,10,pdms,44,esn_u009_initial,ESN:initial,0.7157205151766978
F_optimized_summarized_ESN,10,pdms,44,esn_u002_max,ESN:max,0.6617178696320246
F_optimized_summarized_ESN,10,pdms,44,esn_u019_std,ESN:std,0.6381880096324611
F_optimized_summarized_ESN,10,pdms,44,esn_u000_initial,ESN:initial,0.6190046112415477
F_optimized_summarized_ESN,10,pdms,44,esn_u019_initial,ESN:initial,0.5572981715983919
F_optimized_summarized_ESN,10,pdms,44,esn_u017_initial,ESN:initial,0.5503647569097573
F_optimized_summarized_ESN,10,pdms,44,esn_u014_initial,ESN:initial,0.5406351502890809
F_optimized_summarized_ESN,10,pdms,44,esn_u012_mean,ESN:mean,0.46006868139000967
F_optimized_summarized_ESN,10,pdms,44,esn_u006_abs_auc,ESN:abs_auc,0.38512312892575745
F_optimized_summarized_ESN,10,pdms,44,esn_u011_mean,ESN:mean,0.3747277623212615
F_optimized_summarized_ESN,10,pdms,44,esn_u001_slope,ESN:slope,0.3719220595323079
F_optimized_summarized_ESN,10,pdms,44,esn_u008_net_change,ESN:net_change,0.3654261442616119
F_optimized_summarized_ESN,10,pdms,44,esn_u018_abs_auc,ESN:abs_auc,0.3081517639393115
F_optimized_summarized_ESN,10,pdms,44,esn_u009_mean,ESN:mean,0.2412143529947166
F_optimized_summarized_ESN,10,pdms,44,esn_u009_max,ESN:max,0.2142986279345854
F_optimized_summarized_ESN,10,pdms,44,esn_u013_abs_auc,ESN:abs_auc,0.1842348092366791
F_optimized_summarized_ESN,10,pdms,44,esn_u015_slope,ESN:slope,0.18281769155683475
F_optimized_summarized_ESN,10,pdms,44,esn_u003_std,ESN:std,0.18017367333538017
F_optimized_summarized_ESN,10,pdms,44,esn_u003_slope,ESN:slope,0.17150928268881493
F_optimized_summarized_ESN,10,pdms,44,esn_u004_net_change,ESN:net_change,0.16297804403901364
F_optimized_summarized_ESN,10,pdms,44,esn_u002_slope,ESN:slope,0.15704326932610838
F_optimized_summarized_ESN,10,pdms,44,esn_u000_std,ESN:std,0.10359225348231423
F_optimized_summarized_ESN,10,pdms,44,esn_u009_abs_auc,ESN:abs_auc,0.04878118510014595
F_optimized_summarized_ESN,10,pdms,44,esn_u009_mean_abs,ESN:mean_abs,0.012592374551100259
G_optimized_summarized_ESN_plus_thermal,10,pdms,42,esn_u013_max,ESN:max,0.7820206987082083
G_optimized_summarized_ESN_plus_thermal,10,pdms,42,esn_u003_max,ESN:max,0.753906605677202
G_optimized_summarized_ESN_plus_thermal,10,pdms,42,esn_u003_initial,ESN:initial,0.7422748276741841
G_optimized_summarized_ESN_plus_thermal,10,pdms,42,esn_u012_initial,ESN:initial,0.7345900552895248
G_optimized_summarized_ESN_plus_thermal,10,pdms,42,esn_u015_min,ESN:min,0.7313848965102794
G_optimized_summarized_ESN_plus_thermal,10,pdms,42,thermal_difference_late_slope,Thermal:late_slope,0.7168047528646323
G_optimized_summarized_ESN_plus_thermal,10,pdms,42,esn_u016_initial,ESN:initial,0.7102993267370247
G_optimized_summarized_ESN_plus_thermal,10,pdms,42,thermal_secondary_response_auc,Thermal:response_auc,0.6929610345869827
G_optimized_summarized_ESN_plus_thermal,10,pdms,42,esn_u000_max,ESN:max,0.6654175929706786
G_optimized_summarized_ESN_plus_thermal,10,pdms,42,esn_u006_max,ESN:max,0.5756255928672516
G_optimized_summarized_ESN_plus_thermal,10,pdms,42,esn_u008_initial,ESN:initial,0.5347193972899991
G_optimized_summarized_ESN_plus_thermal,10,pdms,42,esn_u001_initial,ESN:initial,0.5207003942021428
G_optimized_summarized_ESN_plus_thermal,10,pdms,42,esn_u002_initial,ESN:initial,0.49942460729065385
G_optimized_summarized_ESN_plus_thermal,10,pdms,42,esn_u013_mean,ESN:mean,0.46098172365353357
G_optimized_summarized_ESN_plus_thermal,10,pdms,42,thermal_secondary_primary_auc_ratio,Thermal:cross_sensor,0.452298311293145
G_optimized_summarized_ESN_plus_thermal,10,pdms,42,esn_u005_initial,ESN:initial,0.4428540303798198
G_optimized_summarized_ESN_plus_thermal,10,pdms,42,thermal_secondary_early_slope,Thermal:early_slope,0.4355877356992755
G_optimized_summarized_ESN_plus_thermal,10,pdms,42,esn_u006_net_change,ESN:net_change,0.40005517427713766
G_optimized_summarized_ESN_plus_thermal,10,pdms,42,esn_u009_abs_auc,ESN:abs_auc,0.3770389005508063
G_optimized_summarized_ESN_plus_thermal,10,pdms,42,esn_u003_std,ESN:std,0.3750796640269946
G_optimized_summarized_ESN_plus_thermal,10,pdms,42,esn_u001_mean,ESN:mean,0.3632386471719193
G_optimized_summarized_ESN_plus_thermal,10,pdms,42,esn_u001_max,ESN:max,0.3625538654742763
G_optimized_summarized_ESN_plus_thermal,10,pdms,42,esn_u003_slope,ESN:slope,0.3359234661214963
G_optimized_summarized_ESN_plus_thermal,10,pdms,42,esn_u002_max,ESN:max,0.332394938207253
G_optimized_summarized_ESN_plus_thermal,10,pdms,42,esn_u011_std,ESN:std,0.3264411417805243
G_optimized_summarized_ESN_plus_thermal,10,pdms,42,esn_u019_initial,ESN:initial,0.3253949475202365
G_optimized_summarized_ESN_plus_thermal,10,pdms,42,thermal_initial_sensor_difference,Thermal:cross_sensor,0.3039384543274252
G_optimized_summarized_ESN_plus_thermal,10,pdms,42,esn_u015_abs_auc,ESN:abs_auc,0.3017794898084677
G_optimized_summarized_ESN_plus_thermal,10,pdms,42,esn_u006_slope,ESN:slope,0.2846789690812183
G_optimized_summarized_ESN_plus_thermal,10,pdms,42,esn_u011_max,ESN:max,0.2630988347485547
G_optimized_summarized_ESN_plus_thermal,10,pdms,42,esn_u002_abs_auc,ESN:abs_auc,0.2548814543768398
G_optimized_summarized_ESN_plus_thermal,10,pdms,42,esn_u003_abs_auc,ESN:abs_auc,0.24977412421525302
G_optimized_summarized_ESN_plus_thermal,10,pdms,42,esn_u006_std,ESN:std,0.22590187336686812
G_optimized_summarized_ESN_plus_thermal,10,pdms,42,esn_u011_slope,ESN:slope,0.2173991672878019
G_optimized_summarized_ESN_plus_thermal,10,pdms,42,esn_u005_slope,ESN:slope,0.16287342461298485
G_optimized_summarized_ESN_plus_thermal,10,pdms,42,esn_u000_abs_auc,ESN:abs_auc,0.14689518500131685
G_optimized_summarized_ESN_plus_thermal,10,pdms,42,esn_u004_max,ESN:max,0.10281236321555424
G_optimized_summarized_ESN_plus_thermal,10,pdms,42,esn_u016_abs_auc,ESN:abs_auc,0.051073301615867366
G_optimized_summarized_ESN_plus_thermal,10,pdms,42,esn_u015_mean,ESN:mean,0.04825808797000205
G_optimized_summarized_ESN_plus_thermal,10,pdms,42,esn_u006_abs_auc,ESN:abs_auc,0.026792083920279024
G_optimized_summarized_ESN_plus_thermal,10,pdms,42,esn_u010_slope,ESN:slope,0.025070618819260034
G_optimized_summarized_ESN_plus_thermal,10,pdms,43,esn_u003_max,ESN:max,0.7848454232109854
G_optimized_summarized_ESN_plus_thermal,10,pdms,43,esn_u001_initial,ESN:initial,0.7514052503094228
G_optimized_summarized_ESN_plus_thermal,10,pdms,43,thermal_secondary_max_abs_change,Thermal:max_abs_change,0.7500166652003136
G_optimized_summarized_ESN_plus_thermal,10,pdms,43,thermal_primary_middle_slope,Thermal:middle_slope,0.7401158631552266
G_optimized_summarized_ESN_plus_thermal,10,pdms,43,esn_u006_min,ESN:min,0.7307952233817536
G_optimized_summarized_ESN_plus_thermal,10,pdms,43,thermal_difference_late_slope,Thermal:late_slope,0.7168047528646323
G_optimized_summarized_ESN_plus_thermal,10,pdms,43,esn_u002_initial,ESN:initial,0.6544515749514803
G_optimized_summarized_ESN_plus_thermal,10,pdms,43,thermal_secondary_max_abs_rate,Thermal:max_abs_rate,0.6469760414188785
G_optimized_summarized_ESN_plus_thermal,10,pdms,43,esn_u016_initial,ESN:initial,0.6442464254852186
G_optimized_summarized_ESN_plus_thermal,10,pdms,43,esn_u018_initial,ESN:initial,0.6301513355420686
G_optimized_summarized_ESN_plus_thermal,10,pdms,43,esn_u016_max,ESN:max,0.5966636083559478
G_optimized_summarized_ESN_plus_thermal,10,pdms,43,esn_u003_initial,ESN:initial,0.5560332276291348
G_optimized_summarized_ESN_plus_thermal,10,pdms,43,esn_u010_initial,ESN:initial,0.5426324302405394
G_optimized_summarized_ESN_plus_thermal,10,pdms,43,esn_u012_max,ESN:max,0.5377914040724805
G_optimized_summarized_ESN_plus_thermal,10,pdms,43,esn_u007_std,ESN:std,0.4600972139607448
G_optimized_summarized_ESN_plus_thermal,10,pdms,43,thermal_secondary_primary_auc_ratio,Thermal:cross_sensor,0.452298311293145
G_optimized_summarized_ESN_plus_thermal,10,pdms,43,esn_u007_initial,ESN:initial,0.43800349335484917
G_optimized_summarized_ESN_plus_thermal,10,pdms,43,thermal_secondary_early_slope,Thermal:early_slope,0.4355877356992755
G_optimized_summarized_ESN_plus_thermal,10,pdms,43,esn_u000_initial,ESN:initial,0.3944627904130539
G_optimized_summarized_ESN_plus_thermal,10,pdms,43,esn_u012_mean,ESN:mean,0.3770959656922766
G_optimized_summarized_ESN_plus_thermal,10,pdms,43,esn_u002_abs_auc,ESN:abs_auc,0.377019878836983
G_optimized_summarized_ESN_plus_thermal,10,pdms,43,esn_u008_initial,ESN:initial,0.3709424412704021
G_optimized_summarized_ESN_plus_thermal,10,pdms,43,esn_u007_max,ESN:max,0.3647984277054392
G_optimized_summarized_ESN_plus_thermal,10,pdms,43,thermal_initial_sensor_difference,Thermal:cross_sensor,0.3039384543274252
G_optimized_summarized_ESN_plus_thermal,10,pdms,43,esn_u008_slope,ESN:slope,0.2959303128077678
G_optimized_summarized_ESN_plus_thermal,10,pdms,43,esn_u019_abs_auc,ESN:abs_auc,0.28749418272708355
G_optimized_summarized_ESN_plus_thermal,10,pdms,43,esn_u019_max,ESN:max,0.2565078109087417
G_optimized_summarized_ESN_plus_thermal,10,pdms,43,esn_u015_max,ESN:max,0.25481487837845784
G_optimized_summarized_ESN_plus_thermal,10,pdms,43,esn_u004_abs_auc,ESN:abs_auc,0.23792359650326592
G_optimized_summarized_ESN_plus_thermal,10,pdms,43,esn_u015_mean,ESN:mean,0.22594942765142664
G_optimized_summarized_ESN_plus_thermal,10,pdms,43,esn_u018_min,ESN:min,0.21784617756265218
G_optimized_summarized_ESN_plus_thermal,10,pdms,43,esn_u015_slope,ESN:slope,0.17975519563126502
G_optimized_summarized_ESN_plus_thermal,10,pdms,43,esn_u014_net_change,ESN:net_change,0.1750568323168817
G_optimized_summarized_ESN_plus_thermal,10,pdms,43,esn_u012_abs_auc,ESN:abs_auc,0.16636390909958138
G_optimized_summarized_ESN_plus_thermal,10,pdms,43,esn_u018_mean,ESN:mean,0.13766965379696092
G_optimized_summarized_ESN_plus_thermal,10,pdms,43,esn_u011_mean,ESN:mean,0.12752156947216942
G_optimized_summarized_ESN_plus_thermal,10,pdms,43,esn_u018_abs_auc,ESN:abs_auc,0.10882322478375314
G_optimized_summarized_ESN_plus_thermal,10,pdms,43,esn_u013_mean,ESN:mean,0.09922677015984063
G_optimized_summarized_ESN_plus_thermal,10,pdms,43,esn_u009_abs_auc,ESN:abs_auc,0.05029341134910738
G_optimized_summarized_ESN_plus_thermal,10,pdms,43,esn_u009_slope,ESN:slope,0.01502715392049729
G_optimized_summarized_ESN_plus_thermal,10,pdms,43,esn_u000_std,ESN:std,0.01122281115581443
G_optimized_summarized_ESN_plus_thermal,10,pdms,44,esn_u000_min,ESN:min,0.7859106391850964
G_optimized_summarized_ESN_plus_thermal,10,pdms,44,thermal_secondary_max_abs_change,Thermal:max_abs_change,0.7500166652003136
G_optimized_summarized_ESN_plus_thermal,10,pdms,44,esn_u011_initial,ESN:initial,0.748903894941644
G_optimized_summarized_ESN_plus_thermal,10,pdms,44,thermal_primary_middle_slope,Thermal:middle_slope,0.7401158631552266
G_optimized_summarized_ESN_plus_thermal,10,pdms,44,thermal_difference_late_slope,Thermal:late_slope,0.7168047528646323
G_optimized_summarized_ESN_plus_thermal,10,pdms,44,esn_u009_initial,ESN:initial,0.7157205151766978
G_optimized_summarized_ESN_plus_thermal,10,pdms,44,esn_u002_max,ESN:max,0.6617178696320246
G_optimized_summarized_ESN_plus_thermal,10,pdms,44,thermal_secondary_max_abs_rate,Thermal:max_abs_rate,0.6469760414188785
G_optimized_summarized_ESN_plus_thermal,10,pdms,44,esn_u019_std,ESN:std,0.6381880096324611
G_optimized_summarized_ESN_plus_thermal,10,pdms,44,esn_u000_initial,ESN:initial,0.6190046112415477
G_optimized_summarized_ESN_plus_thermal,10,pdms,44,esn_u019_initial,ESN:initial,0.5572981715983919
G_optimized_summarized_ESN_plus_thermal,10,pdms,44,esn_u017_initial,ESN:initial,0.5503647569097573
G_optimized_summarized_ESN_plus_thermal,10,pdms,44,esn_u014_initial,ESN:initial,0.5406351502890809
G_optimized_summarized_ESN_plus_thermal,10,pdms,44,esn_u012_mean,ESN:mean,0.46006868139000967
G_optimized_summarized_ESN_plus_thermal,10,pdms,44,thermal_secondary_primary_auc_ratio,Thermal:cross_sensor,0.452298311293145
G_optimized_summarized_ESN_plus_thermal,10,pdms,44,thermal_secondary_early_slope,Thermal:early_slope,0.4355877356992755
G_optimized_summarized_ESN_plus_thermal,10,pdms,44,esn_u006_abs_auc,ESN:abs_auc,0.38512312892575745
G_optimized_summarized_ESN_plus_thermal,10,pdms,44,esn_u011_mean,ESN:mean,0.3747277623212615
G_optimized_summarized_ESN_plus_thermal,10,pdms,44,esn_u001_slope,ESN:slope,0.3719220595323079
G_optimized_summarized_ESN_plus_thermal,10,pdms,44,esn_u008_net_change,ESN:net_change,0.3654261442616119
G_optimized_summarized_ESN_plus_thermal,10,pdms,44,esn_u018_abs_auc,ESN:abs_auc,0.3081517639393115
G_optimized_summarized_ESN_plus_thermal,10,pdms,44,thermal_initial_sensor_difference,Thermal:cross_sensor,0.3039384543274252
G_optimized_summarized_ESN_plus_thermal,10,pdms,44,esn_u009_mean,ESN:mean,0.2412143529947166
G_optimized_summarized_ESN_plus_thermal,10,pdms,44,esn_u009_max,ESN:max,0.2142986279345854
G_optimized_summarized_ESN_plus_thermal,10,pdms,44,esn_u013_abs_auc,ESN:abs_auc,0.1842348092366791
G_optimized_summarized_ESN_plus_thermal,10,pdms,44,esn_u015_slope,ESN:slope,0.18281769155683475
G_optimized_summarized_ESN_plus_thermal,10,pdms,44,esn_u003_std,ESN:std,0.18017367333538017
G_optimized_summarized_ESN_plus_thermal,10,pdms,44,esn_u003_slope,ESN:slope,0.17150928268881493
G_optimized_summarized_ESN_plus_thermal,10,pdms,44,esn_u004_net_change,ESN:net_change,0.16297804403901364
G_optimized_summarized_ESN_plus_thermal,10,pdms,44,esn_u002_slope,ESN:slope,0.15704326932610838
G_optimized_summarized_ESN_plus_thermal,10,pdms,44,esn_u000_std,ESN:std,0.10359225348231423
G_optimized_summarized_ESN_plus_thermal,10,pdms,44,esn_u009_abs_auc,ESN:abs_auc,0.04878118510014595
G_optimized_summarized_ESN_plus_thermal,10,pdms,44,esn_u009_mean_abs,ESN:mean_abs,0.012592374551100259
F_optimized_summarized_ESN,11,ps_foam,42,esn_u013_max,ESN:max,0.7571117644564472
F_optimized_summarized_ESN,11,ps_foam,42,esn_u003_max,ESN:max,0.7300153331149936
F_optimized_summarized_ESN,11,ps_foam,42,esn_u015_min,ESN:min,0.7285791937213257
F_optimized_summarized_ESN,11,ps_foam,42,esn_u016_initial,ESN:initial,0.7128577472462738
F_optimized_summarized_ESN,11,ps_foam,42,esn_u003_initial,ESN:initial,0.7099379141743799
F_optimized_summarized_ESN,11,ps_foam,42,esn_u012_initial,ESN:initial,0.6911539717737583
F_optimized_summarized_ESN,11,ps_foam,42,esn_u000_max,ESN:max,0.6381119227771674
F_optimized_summarized_ESN,11,ps_foam,42,esn_u005_max,ESN:max,0.6310738886625042
F_optimized_summarized_ESN,11,ps_foam,42,esn_u008_initial,ESN:initial,0.5628239794640937
F_optimized_summarized_ESN,11,ps_foam,42,esn_u001_initial,ESN:initial,0.536279177823519
F_optimized_summarized_ESN,11,ps_foam,42,esn_u006_max,ESN:max,0.5148512172014429
F_optimized_summarized_ESN,11,ps_foam,42,esn_u002_initial,ESN:initial,0.5086311167811864
F_optimized_summarized_ESN,11,ps_foam,42,esn_u006_min,ESN:min,0.4763702901366758
F_optimized_summarized_ESN,11,ps_foam,42,esn_u005_initial,ESN:initial,0.46462438185071747
F_optimized_summarized_ESN,11,ps_foam,42,esn_u010_mean,ESN:mean,0.41255244025912086
F_optimized_summarized_ESN,11,ps_foam,42,esn_u019_initial,ESN:initial,0.38017748333166973
F_optimized_summarized_ESN,11,ps_foam,42,esn_u001_mean,ESN:mean,0.3755742285864034
F_optimized_summarized_ESN,11,ps_foam,42,esn_u002_max,ESN:max,0.334962869573414
F_optimized_summarized_ESN,11,ps_foam,42,esn_u003_std,ESN:std,0.3326612422007808
F_optimized_summarized_ESN,11,ps_foam,42,esn_u006_net_change,ESN:net_change,0.33204303650151984
F_optimized_summarized_ESN,11,ps_foam,42,esn_u009_abs_auc,ESN:abs_auc,0.3217713110368761
F_optimized_summarized_ESN,11,ps_foam,42,esn_u011_std,ESN:std,0.3040525846103657
F_optimized_summarized_ESN,11,ps_foam,42,esn_u003_slope,ESN:slope,0.28582978276753485
F_optimized_summarized_ESN,11,ps_foam,42,esn_u016_std,ESN:std,0.28039908347095005
F_optimized_summarized_ESN,11,ps_foam,42,esn_u002_abs_auc,ESN:abs_auc,0.2700322494371893
F_optimized_summarized_ESN,11,ps_foam,42,esn_u015_abs_auc,ESN:abs_auc,0.2692904025980761
F_optimized_summarized_ESN,11,ps_foam,42,esn_u011_slope,ESN:slope,0.25901867713343235
F_optimized_summarized_ESN,11,ps_foam,42,esn_u001_max,ESN:max,0.2562795503428607
F_optimized_summarized_ESN,11,ps_foam,42,esn_u006_slope,ESN:slope,0.2070323332540411
F_optimized_summarized_ESN,11,ps_foam,42,esn_u003_abs_auc,ESN:abs_auc,0.19624702151616524
F_optimized_summarized_ESN,11,ps_foam,42,esn_u000_abs_auc,ESN:abs_auc,0.16486119370753166
F_optimized_summarized_ESN,11,ps_foam,42,esn_u005_slope,ESN:slope,0.16467097656929752
F_optimized_summarized_ESN,11,ps_foam,42,esn_u004_max,ESN:max,0.1574712578871352
F_optimized_summarized_ESN,11,ps_foam,42,esn_u006_std,ESN:std,0.12258543473499338
F_optimized_summarized_ESN,11,ps_foam,42,esn_u006_mean,ESN:mean,0.09073357493768618
F_optimized_summarized_ESN,11,ps_foam,42,esn_u010_slope,ESN:slope,0.06124991851139401
F_optimized_summarized_ESN,11,ps_foam,42,esn_u015_mean,ESN:mean,0.0399360881722583
F_optimized_summarized_ESN,11,ps_foam,42,esn_u006_abs_auc,ESN:abs_auc,0.031899414081865765
F_optimized_summarized_ESN,11,ps_foam,42,esn_u016_abs_auc,ESN:abs_auc,0.012154875133161732
F_optimized_summarized_ESN,11,ps_foam,43,esn_u003_max,ESN:max,0.7581199152890882
F_optimized_summarized_ESN,11,ps_foam,43,esn_u013_initial,ESN:initial,0.7496362309238455
F_optimized_summarized_ESN,11,ps_foam,43,esn_u001_max,ESN:max,0.6840113182330663
F_optimized_summarized_ESN,11,ps_foam,43,esn_u016_initial,ESN:initial,0.6459678905862376
F_optimized_summarized_ESN,11,ps_foam,43,esn_u016_max,ESN:max,0.6185195575390507
F_optimized_summarized_ESN,11,ps_foam,43,esn_u002_initial,ESN:initial,0.6123565222602645
F_optimized_summarized_ESN,11,ps_foam,43,esn_u018_initial,ESN:initial,0.5675413644923004
F_optimized_summarized_ESN,11,ps_foam,43,esn_u012_max,ESN:max,0.5598851246783763
F_optimized_summarized_ESN,11,ps_foam,43,esn_u003_initial,ESN:initial,0.4944599399827428
F_optimized_summarized_ESN,11,ps_foam,43,esn_u007_initial,ESN:initial,0.4658607932492394
F_optimized_summarized_ESN,11,ps_foam,43,esn_u010_initial,ESN:initial,0.4580904231523746
F_optimized_summarized_ESN,11,ps_foam,43,esn_u000_initial,ESN:initial,0.45483771008857077
F_optimized_summarized_ESN,11,ps_foam,43,esn_u008_initial,ESN:initial,0.4372045813742657
F_optimized_summarized_ESN,11,ps_foam,43,esn_u003_mean,ESN:mean,0.41015570431737064
F_optimized_summarized_ESN,11,ps_foam,43,esn_u007_max,ESN:max,0.3761068365734591
F_optimized_summarized_ESN,11,ps_foam,43,esn_u019_max,ESN:max,0.3454438338901152
F_optimized_summarized_ESN,11,ps_foam,43,esn_u003_abs_auc,ESN:abs_auc,0.3283718457336009
F_optimized_summarized_ESN,11,ps_foam,43,esn_u008_std,ESN:std,0.3118609981348773
F_optimized_summarized_ESN,11,ps_foam,43,esn_u018_min,ESN:min,0.29715721334937806
F_optimized_summarized_ESN,11,ps_foam,43,esn_u004_abs_auc,ESN:abs_auc,0.2534833584108188
F_optimized_summarized_ESN,11,ps_foam,43,esn_u015_mean,ESN:mean,0.24737738827350284
F_optimized_summarized_ESN,11,ps_foam,43,esn_u019_abs_auc,ESN:abs_auc,0.23809479192767663
F_optimized_summarized_ESN,11,ps_foam,43,esn_u008_slope,ESN:slope,0.23328229833035283
F_optimized_summarized_ESN,11,ps_foam,43,esn_u015_slope,ESN:slope,0.21223477198474494
F_optimized_summarized_ESN,11,ps_foam,43,esn_u015_max,ESN:max,0.20442635846023335
F_optimized_summarized_ESN,11,ps_foam,43,esn_u014_net_change,ESN:net_change,0.17434351804850368
F_optimized_summarized_ESN,11,ps_foam,43,esn_u011_mean,ESN:mean,0.14574437131500032
F_optimized_summarized_ESN,11,ps_foam,43,esn_u012_abs_auc,ESN:abs_auc,0.11494821663489256
F_optimized_summarized_ESN,11,ps_foam,43,esn_u013_mean,ESN:mean,0.10654061912494343
F_optimized_summarized_ESN,11,ps_foam,43,esn_u018_mean,ESN:mean,0.10259361350658497
F_optimized_summarized_ESN,11,ps_foam,43,esn_u009_abs_auc,ESN:abs_auc,0.08769961158285158
F_optimized_summarized_ESN,11,ps_foam,43,esn_u018_abs_auc,ESN:abs_auc,0.06718469322429926
F_optimized_summarized_ESN,11,ps_foam,43,esn_u009_slope,ESN:slope,0.02881789644247265
F_optimized_summarized_ESN,11,ps_foam,43,esn_u000_std,ESN:std,0.02530839024205271
F_optimized_summarized_ESN,11,ps_foam,44,esn_u016_initial,ESN:initial,0.7627326808912662
F_optimized_summarized_ESN,11,ps_foam,44,esn_u010_min,ESN:min,0.7261158817811937
F_optimized_summarized_ESN,11,ps_foam,44,esn_u009_min,ESN:min,0.7202191504959353
F_optimized_summarized_ESN,11,ps_foam,44,esn_u007_min,ESN:min,0.712401226114512
F_optimized_summarized_ESN,11,ps_foam,44,esn_u006_initial,ESN:initial,0.6586363519926315
F_optimized_summarized_ESN,11,ps_foam,44,esn_u015_initial,ESN:initial,0.6276499801742896
F_optimized_summarized_ESN,11,ps_foam,44,esn_u002_max,ESN:max,0.6104353291640996
F_optimized_summarized_ESN,11,ps_foam,44,esn_u019_std,ESN:std,0.6043293590267836
F_optimized_summarized_ESN,11,ps_foam,44,esn_u019_initial,ESN:initial,0.5924217661733264
F_optimized_summarized_ESN,11,ps_foam,44,esn_u017_initial,ESN:initial,0.5562614881950159
F_optimized_summarized_ESN,11,ps_foam,44,esn_u014_initial,ESN:initial,0.5071854665306069
F_optimized_summarized_ESN,11,ps_foam,44,esn_u012_mean,ESN:mean,0.40914755348472964
F_optimized_summarized_ESN,11,ps_foam,44,esn_u016_mean,ESN:mean,0.37724813940286384
F_optimized_summarized_ESN,11,ps_foam,44,esn_u006_abs_auc,ESN:abs_auc,0.34515850818276395
F_optimized_summarized_ESN,11,ps_foam,44,esn_u011_mean,ESN:mean,0.32969385484432817
F_optimized_summarized_ESN,11,ps_foam,44,esn_u001_slope,ESN:slope,0.3157794711825006
F_optimized_summarized_ESN,11,ps_foam,44,esn_u009_mean,ESN:mean,0.27955261720580815
F_optimized_summarized_ESN,11,ps_foam,44,esn_u002_net_change,ESN:net_change,0.26775915463529126
F_optimized_summarized_ESN,11,ps_foam,44,esn_u018_abs_auc,ESN:abs_auc,0.25433933553287247
F_optimized_summarized_ESN,11,ps_foam,44,esn_u013_abs_auc,ESN:abs_auc,0.21116004515372203
F_optimized_summarized_ESN,11,ps_foam,44,esn_u015_slope,ESN:slope,0.2065567904084558
F_optimized_summarized_ESN,11,ps_foam,44,esn_u004_net_change,ESN:net_change,0.20265733907465583
F_optimized_summarized_ESN,11,ps_foam,44,esn_u003_std,ESN:std,0.1546465333843582
F_optimized_summarized_ESN,11,ps_foam,44,esn_u009_max,ESN:max,0.1351302550015351
F_optimized_summarized_ESN,11,ps_foam,44,esn_u000_std,ESN:std,0.11789658227752177
F_optimized_summarized_ESN,11,ps_foam,44,esn_u002_slope,ESN:slope,0.11585174804150472
F_optimized_summarized_ESN,11,ps_foam,44,esn_u003_slope,ESN:slope,0.09387215771854951
F_optimized_summarized_ESN,11,ps_foam,44,esn_u009_mean_abs,ESN:mean_abs,0.08629200475991892
F_optimized_summarized_ESN,11,ps_foam,44,esn_u009_abs_auc,ESN:abs_auc,0.00369972333865408
G_optimized_summarized_ESN_plus_thermal,11,ps_foam,42,esn_u013_max,ESN:max,0.7571117644564472
G_optimized_summarized_ESN_plus_thermal,11,ps_foam,42,esn_u003_max,ESN:max,0.7300153331149936
G_optimized_summarized_ESN_plus_thermal,11,ps_foam,42,esn_u015_min,ESN:min,0.7285791937213257
G_optimized_summarized_ESN_plus_thermal,11,ps_foam,42,esn_u016_initial,ESN:initial,0.7128577472462738
G_optimized_summarized_ESN_plus_thermal,11,ps_foam,42,esn_u003_initial,ESN:initial,0.7099379141743799
G_optimized_summarized_ESN_plus_thermal,11,ps_foam,42,thermal_difference_late_slope,Thermal:late_slope,0.7079311233660095
G_optimized_summarized_ESN_plus_thermal,11,ps_foam,42,esn_u012_initial,ESN:initial,0.6911539717737583
G_optimized_summarized_ESN_plus_thermal,11,ps_foam,42,thermal_secondary_response_auc,Thermal:response_auc,0.648678484806074
G_optimized_summarized_ESN_plus_thermal,11,ps_foam,42,esn_u000_max,ESN:max,0.6381119227771674
G_optimized_summarized_ESN_plus_thermal,11,ps_foam,42,esn_u005_max,ESN:max,0.6310738886625042
G_optimized_summarized_ESN_plus_thermal,11,ps_foam,42,esn_u008_initial,ESN:initial,0.5628239794640937
G_optimized_summarized_ESN_plus_thermal,11,ps_foam,42,esn_u001_initial,ESN:initial,0.536279177823519
G_optimized_summarized_ESN_plus_thermal,11,ps_foam,42,esn_u006_max,ESN:max,0.5148512172014429
G_optimized_summarized_ESN_plus_thermal,11,ps_foam,42,esn_u002_initial,ESN:initial,0.5086311167811864
G_optimized_summarized_ESN_plus_thermal,11,ps_foam,42,esn_u006_min,ESN:min,0.4763702901366758
G_optimized_summarized_ESN_plus_thermal,11,ps_foam,42,esn_u005_initial,ESN:initial,0.46462438185071747
G_optimized_summarized_ESN_plus_thermal,11,ps_foam,42,thermal_secondary_primary_auc_ratio,Thermal:cross_sensor,0.46097221279662187
G_optimized_summarized_ESN_plus_thermal,11,ps_foam,42,esn_u010_mean,ESN:mean,0.41255244025912086
G_optimized_summarized_ESN_plus_thermal,11,ps_foam,42,esn_u019_initial,ESN:initial,0.38017748333166973
G_optimized_summarized_ESN_plus_thermal,11,ps_foam,42,esn_u001_mean,ESN:mean,0.3755742285864034
G_optimized_summarized_ESN_plus_thermal,11,ps_foam,42,thermal_initial_sensor_difference,Thermal:cross_sensor,0.34613812644466985
G_optimized_summarized_ESN_plus_thermal,11,ps_foam,42,esn_u002_max,ESN:max,0.334962869573414
G_optimized_summarized_ESN_plus_thermal,11,ps_foam,42,esn_u003_std,ESN:std,0.3326612422007808
G_optimized_summarized_ESN_plus_thermal,11,ps_foam,42,esn_u006_net_change,ESN:net_change,0.33204303650151984
G_optimized_summarized_ESN_plus_thermal,11,ps_foam,42,esn_u009_abs_auc,ESN:abs_auc,0.3217713110368761
G_optimized_summarized_ESN_plus_thermal,11,ps_foam,42,thermal_secondary_early_slope,Thermal:early_slope,0.30952132733459736
G_optimized_summarized_ESN_plus_thermal,11,ps_foam,42,esn_u011_std,ESN:std,0.3040525846103657
G_optimized_summarized_ESN_plus_thermal,11,ps_foam,42,esn_u003_slope,ESN:slope,0.28582978276753485
G_optimized_summarized_ESN_plus_thermal,11,ps_foam,42,esn_u016_std,ESN:std,0.28039908347095005
G_optimized_summarized_ESN_plus_thermal,11,ps_foam,42,esn_u002_abs_auc,ESN:abs_auc,0.2700322494371893
G_optimized_summarized_ESN_plus_thermal,11,ps_foam,42,esn_u015_abs_auc,ESN:abs_auc,0.2692904025980761
G_optimized_summarized_ESN_plus_thermal,11,ps_foam,42,esn_u011_slope,ESN:slope,0.25901867713343235
G_optimized_summarized_ESN_plus_thermal,11,ps_foam,42,esn_u001_max,ESN:max,0.2562795503428607
G_optimized_summarized_ESN_plus_thermal,11,ps_foam,42,esn_u006_slope,ESN:slope,0.2070323332540411
G_optimized_summarized_ESN_plus_thermal,11,ps_foam,42,esn_u003_abs_auc,ESN:abs_auc,0.19624702151616524
G_optimized_summarized_ESN_plus_thermal,11,ps_foam,42,esn_u000_abs_auc,ESN:abs_auc,0.16486119370753166
G_optimized_summarized_ESN_plus_thermal,11,ps_foam,42,esn_u005_slope,ESN:slope,0.16467097656929752
G_optimized_summarized_ESN_plus_thermal,11,ps_foam,42,esn_u004_max,ESN:max,0.1574712578871352
G_optimized_summarized_ESN_plus_thermal,11,ps_foam,42,esn_u006_std,ESN:std,0.12258543473499338
G_optimized_summarized_ESN_plus_thermal,11,ps_foam,42,esn_u006_mean,ESN:mean,0.09073357493768618
G_optimized_summarized_ESN_plus_thermal,11,ps_foam,42,esn_u010_slope,ESN:slope,0.06124991851139401
G_optimized_summarized_ESN_plus_thermal,11,ps_foam,42,esn_u015_mean,ESN:mean,0.0399360881722583
G_optimized_summarized_ESN_plus_thermal,11,ps_foam,42,esn_u006_abs_auc,ESN:abs_auc,0.031899414081865765
G_optimized_summarized_ESN_plus_thermal,11,ps_foam,42,esn_u016_abs_auc,ESN:abs_auc,0.012154875133161732
G_optimized_summarized_ESN_plus_thermal,11,ps_foam,43,esn_u003_max,ESN:max,0.7581199152890882
G_optimized_summarized_ESN_plus_thermal,11,ps_foam,43,esn_u013_initial,ESN:initial,0.7496362309238455
G_optimized_summarized_ESN_plus_thermal,11,ps_foam,43,thermal_secondary_final_change,Thermal:final_change,0.7191919779494709
G_optimized_summarized_ESN_plus_thermal,11,ps_foam,43,thermal_difference_late_slope,Thermal:late_slope,0.7079311233660095
G_optimized_summarized_ESN_plus_thermal,11,ps_foam,43,thermal_primary_middle_slope,Thermal:middle_slope,0.7069705268179273
G_optimized_summarized_ESN_plus_thermal,11,ps_foam,43,esn_u001_max,ESN:max,0.6840113182330663
G_optimized_summarized_ESN_plus_thermal,11,ps_foam,43,esn_u016_initial,ESN:initial,0.6459678905862376
G_optimized_summarized_ESN_plus_thermal,11,ps_foam,43,thermal_secondary_max_abs_rate,Thermal:max_abs_rate,0.6286010658654603
G_optimized_summarized_ESN_plus_thermal,11,ps_foam,43,esn_u016_max,ESN:max,0.6185195575390507
G_optimized_summarized_ESN_plus_thermal,11,ps_foam,43,esn_u002_initial,ESN:initial,0.6123565222602645
G_optimized_summarized_ESN_plus_thermal,11,ps_foam,43,esn_u018_initial,ESN:initial,0.5675413644923004
G_optimized_summarized_ESN_plus_thermal,11,ps_foam,43,esn_u012_max,ESN:max,0.5598851246783763
G_optimized_summarized_ESN_plus_thermal,11,ps_foam,43,esn_u003_initial,ESN:initial,0.4944599399827428
G_optimized_summarized_ESN_plus_thermal,11,ps_foam,43,esn_u007_initial,ESN:initial,0.4658607932492394
G_optimized_summarized_ESN_plus_thermal,11,ps_foam,43,thermal_secondary_primary_auc_ratio,Thermal:cross_sensor,0.46097221279662187
G_optimized_summarized_ESN_plus_thermal,11,ps_foam,43,esn_u010_initial,ESN:initial,0.4580904231523746
G_optimized_summarized_ESN_plus_thermal,11,ps_foam,43,esn_u000_initial,ESN:initial,0.45483771008857077
G_optimized_summarized_ESN_plus_thermal,11,ps_foam,43,esn_u008_initial,ESN:initial,0.4372045813742657
G_optimized_summarized_ESN_plus_thermal,11,ps_foam,43,esn_u003_mean,ESN:mean,0.41015570431737064
G_optimized_summarized_ESN_plus_thermal,11,ps_foam,43,esn_u007_max,ESN:max,0.3761068365734591
G_optimized_summarized_ESN_plus_thermal,11,ps_foam,43,thermal_initial_sensor_difference,Thermal:cross_sensor,0.34613812644466985
G_optimized_summarized_ESN_plus_thermal,11,ps_foam,43,esn_u019_max,ESN:max,0.3454438338901152
G_optimized_summarized_ESN_plus_thermal,11,ps_foam,43,esn_u003_abs_auc,ESN:abs_auc,0.3283718457336009
G_optimized_summarized_ESN_plus_thermal,11,ps_foam,43,esn_u008_std,ESN:std,0.3118609981348773
G_optimized_summarized_ESN_plus_thermal,11,ps_foam,43,thermal_secondary_early_slope,Thermal:early_slope,0.30952132733459736
G_optimized_summarized_ESN_plus_thermal,11,ps_foam,43,esn_u018_min,ESN:min,0.29715721334937806
G_optimized_summarized_ESN_plus_thermal,11,ps_foam,43,esn_u004_abs_auc,ESN:abs_auc,0.2534833584108188
G_optimized_summarized_ESN_plus_thermal,11,ps_foam,43,esn_u015_mean,ESN:mean,0.24737738827350284
G_optimized_summarized_ESN_plus_thermal,11,ps_foam,43,esn_u019_abs_auc,ESN:abs_auc,0.23809479192767663
G_optimized_summarized_ESN_plus_thermal,11,ps_foam,43,esn_u008_slope,ESN:slope,0.23328229833035283
G_optimized_summarized_ESN_plus_thermal,11,ps_foam,43,esn_u015_slope,ESN:slope,0.21223477198474494
G_optimized_summarized_ESN_plus_thermal,11,ps_foam,43,esn_u015_max,ESN:max,0.20442635846023335
G_optimized_summarized_ESN_plus_thermal,11,ps_foam,43,esn_u014_net_change,ESN:net_change,0.17434351804850368
G_optimized_summarized_ESN_plus_thermal,11,ps_foam,43,esn_u011_mean,ESN:mean,0.14574437131500032
G_optimized_summarized_ESN_plus_thermal,11,ps_foam,43,esn_u012_abs_auc,ESN:abs_auc,0.11494821663489256
G_optimized_summarized_ESN_plus_thermal,11,ps_foam,43,esn_u013_mean,ESN:mean,0.10654061912494343
G_optimized_summarized_ESN_plus_thermal,11,ps_foam,43,esn_u018_mean,ESN:mean,0.10259361350658497
G_optimized_summarized_ESN_plus_thermal,11,ps_foam,43,esn_u009_abs_auc,ESN:abs_auc,0.08769961158285158
G_optimized_summarized_ESN_plus_thermal,11,ps_foam,43,esn_u018_abs_auc,ESN:abs_auc,0.06718469322429926
G_optimized_summarized_ESN_plus_thermal,11,ps_foam,43,esn_u009_slope,ESN:slope,0.02881789644247265
G_optimized_summarized_ESN_plus_thermal,11,ps_foam,43,esn_u000_std,ESN:std,0.02530839024205271
G_optimized_summarized_ESN_plus_thermal,11,ps_foam,44,esn_u016_initial,ESN:initial,0.7627326808912662
G_optimized_summarized_ESN_plus_thermal,11,ps_foam,44,esn_u010_min,ESN:min,0.7261158817811937
G_optimized_summarized_ESN_plus_thermal,11,ps_foam,44,thermal_difference_final_change,Thermal:final_change,0.7226729515791557
G_optimized_summarized_ESN_plus_thermal,11,ps_foam,44,esn_u009_min,ESN:min,0.7202191504959353
G_optimized_summarized_ESN_plus_thermal,11,ps_foam,44,thermal_secondary_rate_auc,Thermal:rate_auc,0.7181743162599182
G_optimized_summarized_ESN_plus_thermal,11,ps_foam,44,thermal_difference_late_slope,Thermal:late_slope,0.7079311233660095
G_optimized_summarized_ESN_plus_thermal,11,ps_foam,44,esn_u006_initial,ESN:initial,0.6586363519926315
G_optimized_summarized_ESN_plus_thermal,11,ps_foam,44,thermal_primary_late_slope,Thermal:late_slope,0.6525874469967857
G_optimized_summarized_ESN_plus_thermal,11,ps_foam,44,esn_u015_initial,ESN:initial,0.6276499801742896
G_optimized_summarized_ESN_plus_thermal,11,ps_foam,44,esn_u002_max,ESN:max,0.6104353291640996
G_optimized_summarized_ESN_plus_thermal,11,ps_foam,44,esn_u019_std,ESN:std,0.6043293590267836
G_optimized_summarized_ESN_plus_thermal,11,ps_foam,44,esn_u019_initial,ESN:initial,0.5924217661733264
G_optimized_summarized_ESN_plus_thermal,11,ps_foam,44,esn_u017_initial,ESN:initial,0.5562614881950159
G_optimized_summarized_ESN_plus_thermal,11,ps_foam,44,esn_u014_initial,ESN:initial,0.5071854665306069
G_optimized_summarized_ESN_plus_thermal,11,ps_foam,44,thermal_secondary_primary_auc_ratio,Thermal:cross_sensor,0.46097221279662187
G_optimized_summarized_ESN_plus_thermal,11,ps_foam,44,esn_u012_mean,ESN:mean,0.40914755348472964
G_optimized_summarized_ESN_plus_thermal,11,ps_foam,44,esn_u016_mean,ESN:mean,0.37724813940286384
G_optimized_summarized_ESN_plus_thermal,11,ps_foam,44,thermal_initial_sensor_difference,Thermal:cross_sensor,0.34613812644466985
G_optimized_summarized_ESN_plus_thermal,11,ps_foam,44,esn_u006_abs_auc,ESN:abs_auc,0.34515850818276395
G_optimized_summarized_ESN_plus_thermal,11,ps_foam,44,esn_u011_mean,ESN:mean,0.32969385484432817
G_optimized_summarized_ESN_plus_thermal,11,ps_foam,44,esn_u001_slope,ESN:slope,0.3157794711825006
G_optimized_summarized_ESN_plus_thermal,11,ps_foam,44,thermal_secondary_early_slope,Thermal:early_slope,0.30952132733459736
G_optimized_summarized_ESN_plus_thermal,11,ps_foam,44,esn_u009_mean,ESN:mean,0.27955261720580815
G_optimized_summarized_ESN_plus_thermal,11,ps_foam,44,esn_u002_net_change,ESN:net_change,0.26775915463529126
G_optimized_summarized_ESN_plus_thermal,11,ps_foam,44,esn_u018_abs_auc,ESN:abs_auc,0.25433933553287247
G_optimized_summarized_ESN_plus_thermal,11,ps_foam,44,esn_u013_abs_auc,ESN:abs_auc,0.21116004515372203
G_optimized_summarized_ESN_plus_thermal,11,ps_foam,44,esn_u015_slope,ESN:slope,0.2065567904084558
G_optimized_summarized_ESN_plus_thermal,11,ps_foam,44,esn_u004_net_change,ESN:net_change,0.20265733907465583
G_optimized_summarized_ESN_plus_thermal,11,ps_foam,44,esn_u003_std,ESN:std,0.1546465333843582
G_optimized_summarized_ESN_plus_thermal,11,ps_foam,44,esn_u009_max,ESN:max,0.1351302550015351
G_optimized_summarized_ESN_plus_thermal,11,ps_foam,44,esn_u000_std,ESN:std,0.11789658227752177
G_optimized_summarized_ESN_plus_thermal,11,ps_foam,44,esn_u002_slope,ESN:slope,0.11585174804150472
G_optimized_summarized_ESN_plus_thermal,11,ps_foam,44,esn_u003_slope,ESN:slope,0.09387215771854951
G_optimized_summarized_ESN_plus_thermal,11,ps_foam,44,esn_u009_mean_abs,ESN:mean_abs,0.08629200475991892
G_optimized_summarized_ESN_plus_thermal,11,ps_foam,44,esn_u009_abs_auc,ESN:abs_auc,0.00369972333865408
F_optimized_summarized_ESN,12,pu_foam,42,esn_u013_max,ESN:max,0.7725098417965012
F_optimized_summarized_ESN,12,pu_foam,42,esn_u012_initial,ESN:initial,0.732050656494099
F_optimized_summarized_ESN,12,pu_foam,42,esn_u003_max,ESN:max,0.728893051999412
F_optimized_summarized_ESN,12,pu_foam,42,esn_u003_initial,ESN:initial,0.7227205058637142
F_optimized_summarized_ESN,12,pu_foam,42,esn_u015_min,ESN:min,0.7045452583054418
F_optimized_summarized_ESN,12,pu_foam,42,esn_u016_initial,ESN:initial,0.6913822323396392
F_optimized_summarized_ESN,12,pu_foam,42,esn_u005_max,ESN:max,0.6721798122349025
F_optimized_summarized_ESN,12,pu_foam,42,esn_u000_max,ESN:max,0.6548224983710369
F_optimized_summarized_ESN,12,pu_foam,42,esn_u001_initial,ESN:initial,0.5241813678318276
F_optimized_summarized_ESN,12,pu_foam,42,esn_u008_initial,ESN:initial,0.5221175118819871
F_optimized_summarized_ESN,12,pu_foam,42,esn_u002_initial,ESN:initial,0.5190550159564175
F_optimized_summarized_ESN,12,pu_foam,42,esn_u006_min,ESN:min,0.49328059372569105
F_optimized_summarized_ESN,12,pu_foam,42,esn_u013_mean,ESN:mean,0.46004965967618633
F_optimized_summarized_ESN,12,pu_foam,42,esn_u005_initial,ESN:initial,0.42717062733241473
F_optimized_summarized_ESN,12,pu_foam,42,esn_u006_net_change,ESN:net_change,0.39383507385688116
F_optimized_summarized_ESN,12,pu_foam,42,esn_u003_std,ESN:std,0.38320193582959255
F_optimized_summarized_ESN,12,pu_foam,42,esn_u009_abs_auc,ESN:abs_auc,0.37911226735755854
F_optimized_summarized_ESN,12,pu_foam,42,esn_u002_max,ESN:max,0.37336770978288736
F_optimized_summarized_ESN,12,pu_foam,42,esn_u001_mean,ESN:mean,0.3544981696700604
F_optimized_summarized_ESN,12,pu_foam,42,esn_u003_slope,ESN:slope,0.34166802369616744
F_optimized_summarized_ESN,12,pu_foam,42,esn_u001_max,ESN:max,0.331386787374612
F_optimized_summarized_ESN,12,pu_foam,42,esn_u011_std,ESN:std,0.33021695197447204
F_optimized_summarized_ESN,12,pu_foam,42,esn_u019_initial,ESN:initial,0.3225987555881946
F_optimized_summarized_ESN,12,pu_foam,42,esn_u015_abs_auc,ESN:abs_auc,0.28665722731885335
F_optimized_summarized_ESN,12,pu_foam,42,esn_u006_slope,ESN:slope,0.2745974607548087
F_optimized_summarized_ESN,12,pu_foam,42,esn_u003_abs_auc,ESN:abs_auc,0.2578678634471158
F_optimized_summarized_ESN,12,pu_foam,42,esn_u011_max,ESN:max,0.2513909698902433
F_optimized_summarized_ESN,12,pu_foam,42,esn_u002_abs_auc,ESN:abs_auc,0.24087196214589515
F_optimized_summarized_ESN,12,pu_foam,42,esn_u011_slope,ESN:slope,0.21785568841956385
F_optimized_summarized_ESN,12,pu_foam,42,esn_u006_std,ESN:std,0.20482581445052508
F_optimized_summarized_ESN,12,pu_foam,42,esn_u005_slope,ESN:slope,0.14327154851795643
F_optimized_summarized_ESN,12,pu_foam,42,esn_u000_abs_auc,ESN:abs_auc,0.14045633487209114
F_optimized_summarized_ESN,12,pu_foam,42,esn_u004_max,ESN:max,0.09353927772663977
F_optimized_summarized_ESN,12,pu_foam,42,esn_u011_net_change,ESN:net_change,0.07631511585953814
F_optimized_summarized_ESN,12,pu_foam,42,esn_u016_abs_auc,ESN:abs_auc,0.0698952874441358
F_optimized_summarized_ESN,12,pu_foam,42,esn_u015_mean,ESN:mean,0.046631731438100135
F_optimized_summarized_ESN,12,pu_foam,42,esn_u006_abs_auc,ESN:abs_auc,0.028199690743211683
F_optimized_summarized_ESN,12,pu_foam,42,esn_u010_slope,ESN:slope,0.024423880549263945
F_optimized_summarized_ESN,12,pu_foam,43,esn_u003_max,ESN:max,0.7705696269865129
F_optimized_summarized_ESN,12,pu_foam,43,esn_u013_initial,ESN:initial,0.7410098837049272
F_optimized_summarized_ESN,12,pu_foam,43,esn_u001_max,ESN:max,0.7244229492509098
F_optimized_summarized_ESN,12,pu_foam,43,esn_u002_initial,ESN:initial,0.6661118855252333
F_optimized_summarized_ESN,12,pu_foam,43,esn_u018_initial,ESN:initial,0.6408700712815625
F_optimized_summarized_ESN,12,pu_foam,43,esn_u016_initial,ESN:initial,0.6335562223164598
F_optimized_summarized_ESN,12,pu_foam,43,esn_u016_max,ESN:max,0.5794584682026696
F_optimized_summarized_ESN,12,pu_foam,43,esn_u010_initial,ESN:initial,0.5393702063198239
F_optimized_summarized_ESN,12,pu_foam,43,esn_u003_initial,ESN:initial,0.5249327255278524
F_optimized_summarized_ESN,12,pu_foam,43,esn_u012_max,ESN:max,0.5215753930380198
F_optimized_summarized_ESN,12,pu_foam,43,esn_u003_mean,ESN:mean,0.4587942265638409
F_optimized_summarized_ESN,12,pu_foam,43,esn_u007_initial,ESN:initial,0.42534454280536693
F_optimized_summarized_ESN,12,pu_foam,43,esn_u000_initial,ESN:initial,0.3837440546735598
F_optimized_summarized_ESN,12,pu_foam,43,esn_u003_abs_auc,ESN:abs_auc,0.3835728592491492
F_optimized_summarized_ESN,12,pu_foam,43,esn_u008_initial,ESN:initial,0.37827531194932834
F_optimized_summarized_ESN,12,pu_foam,43,esn_u007_max,ESN:max,0.3556204507856418
F_optimized_summarized_ESN,12,pu_foam,43,esn_u008_slope,ESN:slope,0.2986409070276044
F_optimized_summarized_ESN,12,pu_foam,43,esn_u019_abs_auc,ESN:abs_auc,0.279134139501693
F_optimized_summarized_ESN,12,pu_foam,43,esn_u019_max,ESN:max,0.2772319681193516
F_optimized_summarized_ESN,12,pu_foam,43,esn_u015_max,ESN:max,0.2347755028654909
F_optimized_summarized_ESN,12,pu_foam,43,esn_u015_mean,ESN:mean,0.2244657339732003
F_optimized_summarized_ESN,12,pu_foam,43,esn_u004_abs_auc,ESN:abs_auc,0.22384752827393936
F_optimized_summarized_ESN,12,pu_foam,43,esn_u018_min,ESN:min,0.22268720373071108
F_optimized_summarized_ESN,12,pu_foam,43,esn_u015_slope,ESN:slope,0.17340194321424465
F_optimized_summarized_ESN,12,pu_foam,43,esn_u012_abs_auc,ESN:abs_auc,0.17329732378821588
F_optimized_summarized_ESN,12,pu_foam,43,esn_u014_net_change,ESN:net_change,0.16645901766869844
F_optimized_summarized_ESN,12,pu_foam,43,esn_u011_mean,ESN:mean,0.13279058420125514
F_optimized_summarized_ESN,12,pu_foam,43,esn_u018_mean,ESN:mean,0.12113027362750219
F_optimized_summarized_ESN,12,pu_foam,43,esn_u013_mean,ESN:mean,0.09669688222132655
F_optimized_summarized_ESN,12,pu_foam,43,esn_u018_abs_auc,ESN:abs_auc,0.08987759781563251
F_optimized_summarized_ESN,12,pu_foam,43,esn_u009_abs_auc,ESN:abs_auc,0.03346870547229744
F_optimized_summarized_ESN,12,pu_foam,43,esn_u009_slope,ESN:slope,0.023177958293830313
F_optimized_summarized_ESN,12,pu_foam,43,esn_u000_std,ESN:std,0.02008692979752549
F_optimized_summarized_ESN,12,pu_foam,44,esn_u000_min,ESN:min,0.7760193479969212
F_optimized_summarized_ESN,12,pu_foam,44,esn_u011_initial,ESN:initial,0.7287123457180897
F_optimized_summarized_ESN,12,pu_foam,44,esn_u008_initial,ESN:initial,0.7282843571570629
F_optimized_summarized_ESN,12,pu_foam,44,esn_u009_initial,ESN:initial,0.6978781476103352
F_optimized_summarized_ESN,12,pu_foam,44,esn_u019_std,ESN:std,0.6304176395355965
F_optimized_summarized_ESN,12,pu_foam,44,esn_u002_max,ESN:max,0.6229040625753477
F_optimized_summarized_ESN,12,pu_foam,44,esn_u000_initial,ESN:initial,0.6103402205949825
F_optimized_summarized_ESN,12,pu_foam,44,esn_u015_initial,ESN:initial,0.6001160494148975
F_optimized_summarized_ESN,12,pu_foam,44,esn_u017_initial,ESN:initial,0.5407397697151097
F_optimized_summarized_ESN,12,pu_foam,44,esn_u019_initial,ESN:initial,0.540245205155701
F_optimized_summarized_ESN,12,pu_foam,44,esn_u014_initial,ESN:initial,0.5386949354790926
F_optimized_summarized_ESN,12,pu_foam,44,esn_u012_mean,ESN:mean,0.45950754083221895
F_optimized_summarized_ESN,12,pu_foam,44,esn_u006_abs_auc,ESN:abs_auc,0.3890701345441159
F_optimized_summarized_ESN,12,pu_foam,44,esn_u011_mean,ESN:mean,0.3729397212218606
F_optimized_summarized_ESN,12,pu_foam,44,esn_u001_slope,ESN:slope,0.3706000504215806
F_optimized_summarized_ESN,12,pu_foam,44,esn_u008_net_change,ESN:net_change,0.3570470793223979
F_optimized_summarized_ESN,12,pu_foam,44,esn_u018_abs_auc,ESN:abs_auc,0.3131164312472226
F_optimized_summarized_ESN,12,pu_foam,44,esn_u002_net_change,ESN:net_change,0.24264098153147268
F_optimized_summarized_ESN,12,pu_foam,44,esn_u009_mean,ESN:mean,0.22702415448244956
F_optimized_summarized_ESN,12,pu_foam,44,esn_u009_max,ESN:max,0.2078883103760948
F_optimized_summarized_ESN,12,pu_foam,44,esn_u015_slope,ESN:slope,0.17578916829908314
F_optimized_summarized_ESN,12,pu_foam,44,esn_u013_abs_auc,ESN:abs_auc,0.16944542673897448
F_optimized_summarized_ESN,12,pu_foam,44,esn_u002_slope,ESN:slope,0.1636247823090097
F_optimized_summarized_ESN,12,pu_foam,44,esn_u003_slope,ESN:slope,0.15685305218787424
F_optimized_summarized_ESN,12,pu_foam,44,esn_u004_net_change,ESN:net_change,0.15632995505773034
F_optimized_summarized_ESN,12,pu_foam,44,esn_u003_std,ESN:std,0.1345691144437444
F_optimized_summarized_ESN,12,pu_foam,44,esn_u000_std,ESN:std,0.12324168386190118
F_optimized_summarized_ESN,12,pu_foam,44,esn_u009_abs_auc,ESN:abs_auc,0.05098770390366201
F_optimized_summarized_ESN,12,pu_foam,44,esn_u009_mean_abs,ESN:mean_abs,0.005677981576289164
G_optimized_summarized_ESN_plus_thermal,12,pu_foam,42,esn_u013_max,ESN:max,0.7725098417965012
G_optimized_summarized_ESN_plus_thermal,12,pu_foam,42,esn_u012_initial,ESN:initial,0.732050656494099
G_optimized_summarized_ESN_plus_thermal,12,pu_foam,42,esn_u003_max,ESN:max,0.728893051999412
G_optimized_summarized_ESN_plus_thermal,12,pu_foam,42,esn_u003_initial,ESN:initial,0.7227205058637142
G_optimized_summarized_ESN_plus_thermal,12,pu_foam,42,thermal_difference_late_slope,Thermal:late_slope,0.7101661747402608
G_optimized_summarized_ESN_plus_thermal,12,pu_foam,42,esn_u015_min,ESN:min,0.7045452583054418
G_optimized_summarized_ESN_plus_thermal,12,pu_foam,42,thermal_secondary_rate_auc,Thermal:rate_auc,0.7039936286045629
G_optimized_summarized_ESN_plus_thermal,12,pu_foam,42,esn_u016_initial,ESN:initial,0.6913822323396392
G_optimized_summarized_ESN_plus_thermal,12,pu_foam,42,esn_u005_max,ESN:max,0.6721798122349025
G_optimized_summarized_ESN_plus_thermal,12,pu_foam,42,esn_u000_max,ESN:max,0.6548224983710369
G_optimized_summarized_ESN_plus_thermal,12,pu_foam,42,thermal_secondary_max_abs_rate,Thermal:max_abs_rate,0.584052212091024
G_optimized_summarized_ESN_plus_thermal,12,pu_foam,42,esn_u001_initial,ESN:initial,0.5241813678318276
G_optimized_summarized_ESN_plus_thermal,12,pu_foam,42,esn_u008_initial,ESN:initial,0.5221175118819871
G_optimized_summarized_ESN_plus_thermal,12,pu_foam,42,esn_u002_initial,ESN:initial,0.5190550159564175
G_optimized_summarized_ESN_plus_thermal,12,pu_foam,42,thermal_secondary_primary_auc_ratio,Thermal:cross_sensor,0.5117506778482264
G_optimized_summarized_ESN_plus_thermal,12,pu_foam,42,esn_u006_min,ESN:min,0.49328059372569105
G_optimized_summarized_ESN_plus_thermal,12,pu_foam,42,esn_u013_mean,ESN:mean,0.46004965967618633
G_optimized_summarized_ESN_plus_thermal,12,pu_foam,42,esn_u005_initial,ESN:initial,0.42717062733241473
G_optimized_summarized_ESN_plus_thermal,12,pu_foam,42,esn_u006_net_change,ESN:net_change,0.39383507385688116
G_optimized_summarized_ESN_plus_thermal,12,pu_foam,42,esn_u003_std,ESN:std,0.38320193582959255
G_optimized_summarized_ESN_plus_thermal,12,pu_foam,42,esn_u009_abs_auc,ESN:abs_auc,0.37911226735755854
G_optimized_summarized_ESN_plus_thermal,12,pu_foam,42,esn_u002_max,ESN:max,0.37336770978288736
G_optimized_summarized_ESN_plus_thermal,12,pu_foam,42,esn_u001_mean,ESN:mean,0.3544981696700604
G_optimized_summarized_ESN_plus_thermal,12,pu_foam,42,esn_u003_slope,ESN:slope,0.34166802369616744
G_optimized_summarized_ESN_plus_thermal,12,pu_foam,42,esn_u001_max,ESN:max,0.331386787374612
G_optimized_summarized_ESN_plus_thermal,12,pu_foam,42,esn_u011_std,ESN:std,0.33021695197447204
G_optimized_summarized_ESN_plus_thermal,12,pu_foam,42,esn_u019_initial,ESN:initial,0.3225987555881946
G_optimized_summarized_ESN_plus_thermal,12,pu_foam,42,thermal_initial_sensor_difference,Thermal:cross_sensor,0.3141626255075104
G_optimized_summarized_ESN_plus_thermal,12,pu_foam,42,thermal_secondary_early_slope,Thermal:early_slope,0.29893574359186725
G_optimized_summarized_ESN_plus_thermal,12,pu_foam,42,esn_u015_abs_auc,ESN:abs_auc,0.28665722731885335
G_optimized_summarized_ESN_plus_thermal,12,pu_foam,42,esn_u006_slope,ESN:slope,0.2745974607548087
G_optimized_summarized_ESN_plus_thermal,12,pu_foam,42,esn_u003_abs_auc,ESN:abs_auc,0.2578678634471158
G_optimized_summarized_ESN_plus_thermal,12,pu_foam,42,esn_u011_max,ESN:max,0.2513909698902433
G_optimized_summarized_ESN_plus_thermal,12,pu_foam,42,esn_u002_abs_auc,ESN:abs_auc,0.24087196214589515
G_optimized_summarized_ESN_plus_thermal,12,pu_foam,42,esn_u011_slope,ESN:slope,0.21785568841956385
G_optimized_summarized_ESN_plus_thermal,12,pu_foam,42,esn_u006_std,ESN:std,0.20482581445052508
G_optimized_summarized_ESN_plus_thermal,12,pu_foam,42,esn_u005_slope,ESN:slope,0.14327154851795643
G_optimized_summarized_ESN_plus_thermal,12,pu_foam,42,esn_u000_abs_auc,ESN:abs_auc,0.14045633487209114
G_optimized_summarized_ESN_plus_thermal,12,pu_foam,42,esn_u004_max,ESN:max,0.09353927772663977
G_optimized_summarized_ESN_plus_thermal,12,pu_foam,42,esn_u011_net_change,ESN:net_change,0.07631511585953814
G_optimized_summarized_ESN_plus_thermal,12,pu_foam,42,esn_u016_abs_auc,ESN:abs_auc,0.0698952874441358
G_optimized_summarized_ESN_plus_thermal,12,pu_foam,42,esn_u015_mean,ESN:mean,0.046631731438100135
G_optimized_summarized_ESN_plus_thermal,12,pu_foam,42,esn_u006_abs_auc,ESN:abs_auc,0.028199690743211683
G_optimized_summarized_ESN_plus_thermal,12,pu_foam,42,esn_u010_slope,ESN:slope,0.024423880549263945
G_optimized_summarized_ESN_plus_thermal,12,pu_foam,43,esn_u003_max,ESN:max,0.7705696269865129
G_optimized_summarized_ESN_plus_thermal,12,pu_foam,43,esn_u013_initial,ESN:initial,0.7410098837049272
G_optimized_summarized_ESN_plus_thermal,12,pu_foam,43,esn_u001_max,ESN:max,0.7244229492509098
G_optimized_summarized_ESN_plus_thermal,12,pu_foam,43,thermal_secondary_final_change,Thermal:final_change,0.719477303656822
G_optimized_summarized_ESN_plus_thermal,12,pu_foam,43,thermal_primary_middle_slope,Thermal:middle_slope,0.7167286660093387
G_optimized_summarized_ESN_plus_thermal,12,pu_foam,43,thermal_difference_late_slope,Thermal:late_slope,0.7101661747402608
G_optimized_summarized_ESN_plus_thermal,12,pu_foam,43,esn_u002_initial,ESN:initial,0.6661118855252333
G_optimized_summarized_ESN_plus_thermal,12,pu_foam,43,esn_u018_initial,ESN:initial,0.6408700712815625
G_optimized_summarized_ESN_plus_thermal,12,pu_foam,43,esn_u016_initial,ESN:initial,0.6335562223164598
G_optimized_summarized_ESN_plus_thermal,12,pu_foam,43,thermal_secondary_max_abs_rate,Thermal:max_abs_rate,0.584052212091024
G_optimized_summarized_ESN_plus_thermal,12,pu_foam,43,esn_u016_max,ESN:max,0.5794584682026696
G_optimized_summarized_ESN_plus_thermal,12,pu_foam,43,esn_u010_initial,ESN:initial,0.5393702063198239
G_optimized_summarized_ESN_plus_thermal,12,pu_foam,43,esn_u003_initial,ESN:initial,0.5249327255278524
G_optimized_summarized_ESN_plus_thermal,12,pu_foam,43,esn_u012_max,ESN:max,0.5215753930380198
G_optimized_summarized_ESN_plus_thermal,12,pu_foam,43,thermal_secondary_primary_auc_ratio,Thermal:cross_sensor,0.5117506778482264
G_optimized_summarized_ESN_plus_thermal,12,pu_foam,43,esn_u003_mean,ESN:mean,0.4587942265638409
G_optimized_summarized_ESN_plus_thermal,12,pu_foam,43,esn_u007_initial,ESN:initial,0.42534454280536693
G_optimized_summarized_ESN_plus_thermal,12,pu_foam,43,esn_u000_initial,ESN:initial,0.3837440546735598
G_optimized_summarized_ESN_plus_thermal,12,pu_foam,43,esn_u003_abs_auc,ESN:abs_auc,0.3835728592491492
G_optimized_summarized_ESN_plus_thermal,12,pu_foam,43,esn_u008_initial,ESN:initial,0.37827531194932834
G_optimized_summarized_ESN_plus_thermal,12,pu_foam,43,esn_u007_max,ESN:max,0.3556204507856418
G_optimized_summarized_ESN_plus_thermal,12,pu_foam,43,thermal_initial_sensor_difference,Thermal:cross_sensor,0.3141626255075104
G_optimized_summarized_ESN_plus_thermal,12,pu_foam,43,thermal_secondary_early_slope,Thermal:early_slope,0.29893574359186725
G_optimized_summarized_ESN_plus_thermal,12,pu_foam,43,esn_u008_slope,ESN:slope,0.2986409070276044
G_optimized_summarized_ESN_plus_thermal,12,pu_foam,43,esn_u019_abs_auc,ESN:abs_auc,0.279134139501693
G_optimized_summarized_ESN_plus_thermal,12,pu_foam,43,esn_u019_max,ESN:max,0.2772319681193516
G_optimized_summarized_ESN_plus_thermal,12,pu_foam,43,esn_u015_max,ESN:max,0.2347755028654909
G_optimized_summarized_ESN_plus_thermal,12,pu_foam,43,esn_u015_mean,ESN:mean,0.2244657339732003
G_optimized_summarized_ESN_plus_thermal,12,pu_foam,43,esn_u004_abs_auc,ESN:abs_auc,0.22384752827393936
G_optimized_summarized_ESN_plus_thermal,12,pu_foam,43,esn_u018_min,ESN:min,0.22268720373071108
G_optimized_summarized_ESN_plus_thermal,12,pu_foam,43,esn_u015_slope,ESN:slope,0.17340194321424465
G_optimized_summarized_ESN_plus_thermal,12,pu_foam,43,esn_u012_abs_auc,ESN:abs_auc,0.17329732378821588
G_optimized_summarized_ESN_plus_thermal,12,pu_foam,43,esn_u014_net_change,ESN:net_change,0.16645901766869844
G_optimized_summarized_ESN_plus_thermal,12,pu_foam,43,esn_u011_mean,ESN:mean,0.13279058420125514
G_optimized_summarized_ESN_plus_thermal,12,pu_foam,43,esn_u018_mean,ESN:mean,0.12113027362750219
G_optimized_summarized_ESN_plus_thermal,12,pu_foam,43,esn_u013_mean,ESN:mean,0.09669688222132655
G_optimized_summarized_ESN_plus_thermal,12,pu_foam,43,esn_u018_abs_auc,ESN:abs_auc,0.08987759781563251
G_optimized_summarized_ESN_plus_thermal,12,pu_foam,43,esn_u009_abs_auc,ESN:abs_auc,0.03346870547229744
G_optimized_summarized_ESN_plus_thermal,12,pu_foam,43,esn_u009_slope,ESN:slope,0.023177958293830313
G_optimized_summarized_ESN_plus_thermal,12,pu_foam,43,esn_u000_std,ESN:std,0.02008692979752549
G_optimized_summarized_ESN_plus_thermal,12,pu_foam,44,esn_u000_min,ESN:min,0.7760193479969212
G_optimized_summarized_ESN_plus_thermal,12,pu_foam,44,esn_u011_initial,ESN:initial,0.7287123457180897
G_optimized_summarized_ESN_plus_thermal,12,pu_foam,44,esn_u008_initial,ESN:initial,0.7282843571570629
G_optimized_summarized_ESN_plus_thermal,12,pu_foam,44,thermal_secondary_final_change,Thermal:final_change,0.719477303656822
G_optimized_summarized_ESN_plus_thermal,12,pu_foam,44,thermal_primary_middle_slope,Thermal:middle_slope,0.7167286660093387
G_optimized_summarized_ESN_plus_thermal,12,pu_foam,44,thermal_difference_late_slope,Thermal:late_slope,0.7101661747402608
G_optimized_summarized_ESN_plus_thermal,12,pu_foam,44,esn_u009_initial,ESN:initial,0.6978781476103352
G_optimized_summarized_ESN_plus_thermal,12,pu_foam,44,esn_u019_std,ESN:std,0.6304176395355965
G_optimized_summarized_ESN_plus_thermal,12,pu_foam,44,esn_u002_max,ESN:max,0.6229040625753477
G_optimized_summarized_ESN_plus_thermal,12,pu_foam,44,esn_u000_initial,ESN:initial,0.6103402205949825
G_optimized_summarized_ESN_plus_thermal,12,pu_foam,44,esn_u015_initial,ESN:initial,0.6001160494148975
G_optimized_summarized_ESN_plus_thermal,12,pu_foam,44,thermal_secondary_max_abs_rate,Thermal:max_abs_rate,0.584052212091024
G_optimized_summarized_ESN_plus_thermal,12,pu_foam,44,esn_u017_initial,ESN:initial,0.5407397697151097
G_optimized_summarized_ESN_plus_thermal,12,pu_foam,44,esn_u019_initial,ESN:initial,0.540245205155701
G_optimized_summarized_ESN_plus_thermal,12,pu_foam,44,esn_u014_initial,ESN:initial,0.5386949354790926
G_optimized_summarized_ESN_plus_thermal,12,pu_foam,44,thermal_secondary_primary_auc_ratio,Thermal:cross_sensor,0.5117506778482264
G_optimized_summarized_ESN_plus_thermal,12,pu_foam,44,esn_u012_mean,ESN:mean,0.45950754083221895
G_optimized_summarized_ESN_plus_thermal,12,pu_foam,44,esn_u006_abs_auc,ESN:abs_auc,0.3890701345441159
G_optimized_summarized_ESN_plus_thermal,12,pu_foam,44,esn_u011_mean,ESN:mean,0.3729397212218606
G_optimized_summarized_ESN_plus_thermal,12,pu_foam,44,esn_u001_slope,ESN:slope,0.3706000504215806
G_optimized_summarized_ESN_plus_thermal,12,pu_foam,44,esn_u008_net_change,ESN:net_change,0.3570470793223979
G_optimized_summarized_ESN_plus_thermal,12,pu_foam,44,thermal_initial_sensor_difference,Thermal:cross_sensor,0.3141626255075104
G_optimized_summarized_ESN_plus_thermal,12,pu_foam,44,esn_u018_abs_auc,ESN:abs_auc,0.3131164312472226
G_optimized_summarized_ESN_plus_thermal,12,pu_foam,44,thermal_secondary_early_slope,Thermal:early_slope,0.29893574359186725
G_optimized_summarized_ESN_plus_thermal,12,pu_foam,44,esn_u002_net_change,ESN:net_change,0.24264098153147268
G_optimized_summarized_ESN_plus_thermal,12,pu_foam,44,esn_u009_mean,ESN:mean,0.22702415448244956
G_optimized_summarized_ESN_plus_thermal,12,pu_foam,44,esn_u009_max,ESN:max,0.2078883103760948
G_optimized_summarized_ESN_plus_thermal,12,pu_foam,44,esn_u015_slope,ESN:slope,0.17578916829908314
G_optimized_summarized_ESN_plus_thermal,12,pu_foam,44,esn_u013_abs_auc,ESN:abs_auc,0.16944542673897448
G_optimized_summarized_ESN_plus_thermal,12,pu_foam,44,esn_u002_slope,ESN:slope,0.1636247823090097
G_optimized_summarized_ESN_plus_thermal,12,pu_foam,44,esn_u003_slope,ESN:slope,0.15685305218787424
G_optimized_summarized_ESN_plus_thermal,12,pu_foam,44,esn_u004_net_change,ESN:net_change,0.15632995505773034
G_optimized_summarized_ESN_plus_thermal,12,pu_foam,44,esn_u003_std,ESN:std,0.1345691144437444
G_optimized_summarized_ESN_plus_thermal,12,pu_foam,44,esn_u000_std,ESN:std,0.12324168386190118
G_optimized_summarized_ESN_plus_thermal,12,pu_foam,44,esn_u009_abs_auc,ESN:abs_auc,0.05098770390366201
G_optimized_summarized_ESN_plus_thermal,12,pu_foam,44,esn_u009_mean_abs,ESN:mean_abs,0.005677981576289164
F_optimized_summarized_ESN,13,titanium,42,esn_u013_max,ESN:max,0.8014323576650024
F_optimized_summarized_ESN,13,titanium,42,esn_u003_max,ESN:max,0.7895913408099271
F_optimized_summarized_ESN,13,titanium,42,esn_u003_initial,ESN:initial,0.7632367563075866
F_optimized_summarized_ESN,13,titanium,42,esn_u007_initial,ESN:initial,0.7457177578762221
F_optimized_summarized_ESN,13,titanium,42,esn_u012_initial,ESN:initial,0.7430547179409442
F_optimized_summarized_ESN,13,titanium,42,esn_u016_initial,ESN:initial,0.7218645287416605
F_optimized_summarized_ESN,13,titanium,42,esn_u015_initial,ESN:initial,0.7215126270359274
F_optimized_summarized_ESN,13,titanium,42,esn_u007_min,ESN:min,0.7045547691623536
F_optimized_summarized_ESN,13,titanium,42,esn_u000_max,ESN:max,0.6641050947168631
F_optimized_summarized_ESN,13,titanium,42,esn_u008_initial,ESN:initial,0.5434693856487697
F_optimized_summarized_ESN,13,titanium,42,esn_u001_initial,ESN:initial,0.5078607373713381
F_optimized_summarized_ESN,13,titanium,42,esn_u002_initial,ESN:initial,0.48231457570649267
F_optimized_summarized_ESN,13,titanium,42,esn_u006_min,ESN:min,0.46821948576334277
F_optimized_summarized_ESN,13,titanium,42,esn_u005_initial,ESN:initial,0.45591243691959366
F_optimized_summarized_ESN,13,titanium,42,esn_u010_mean,ESN:mean,0.45583635006429996
F_optimized_summarized_ESN,13,titanium,42,esn_u006_net_change,ESN:net_change,0.3919709459021865
F_optimized_summarized_ESN,13,titanium,42,esn_u001_mean,ESN:mean,0.39016388308896216
F_optimized_summarized_ESN,13,titanium,42,esn_u009_abs_auc,ESN:abs_auc,0.36872641160997427
F_optimized_summarized_ESN,13,titanium,42,esn_u001_max,ESN:max,0.3632481580288309
F_optimized_summarized_ESN,13,titanium,42,esn_u003_std,ESN:std,0.35897778327547447
F_optimized_summarized_ESN,13,titanium,42,esn_u017_initial,ESN:initial,0.3337454798887154
F_optimized_summarized_ESN,13,titanium,42,esn_u002_max,ESN:max,0.31671153515984796
F_optimized_summarized_ESN,13,titanium,42,esn_u003_slope,ESN:slope,0.31498055920191725
F_optimized_summarized_ESN,13,titanium,42,esn_u016_std,ESN:std,0.305374593721093
F_optimized_summarized_ESN,13,titanium,42,esn_u011_std,ESN:std,0.30424280174859986
F_optimized_summarized_ESN,13,titanium,42,esn_u015_abs_auc,ESN:abs_auc,0.29043303751280114
F_optimized_summarized_ESN,13,titanium,42,esn_u016_slope,ESN:slope,0.2737700162034902
F_optimized_summarized_ESN,13,titanium,42,esn_u006_slope,ESN:slope,0.27002273858027753
F_optimized_summarized_ESN,13,titanium,42,esn_u003_abs_auc,ESN:abs_auc,0.23465186172563868
F_optimized_summarized_ESN,13,titanium,42,esn_u019_abs_auc,ESN:abs_auc,0.23460430744108013
F_optimized_summarized_ESN,13,titanium,42,esn_u011_slope,ESN:slope,0.23002958526654899
F_optimized_summarized_ESN,13,titanium,42,esn_u006_std,ESN:std,0.2077741800931543
F_optimized_summarized_ESN,13,titanium,42,esn_u011_net_change,ESN:net_change,0.12413570441160164
F_optimized_summarized_ESN,13,titanium,42,esn_u004_max,ESN:max,0.12323217300498947
F_optimized_summarized_ESN,13,titanium,42,esn_u010_slope,ESN:slope,0.04691705714545135
F_optimized_summarized_ESN,13,titanium,42,esn_u006_abs_auc,ESN:abs_auc,0.04284641038724069
F_optimized_summarized_ESN,13,titanium,42,esn_u016_abs_auc,ESN:abs_auc,0.0339442483178828
F_optimized_summarized_ESN,13,titanium,42,esn_u015_mean,ESN:mean,0.029645340993791174
F_optimized_summarized_ESN,13,titanium,43,esn_u003_max,ESN:max,0.7996728491363367
F_optimized_summarized_ESN,13,titanium,43,esn_u013_initial,ESN:initial,0.7813073844398302
F_optimized_summarized_ESN,13,titanium,43,esn_u011_min,ESN:min,0.755951439913219
F_optimized_summarized_ESN,13,titanium,43,esn_u006_initial,ESN:initial,0.7496076983531104
F_optimized_summarized_ESN,13,titanium,43,esn_u015_initial,ESN:initial,0.7183455116843289
F_optimized_summarized_ESN,13,titanium,43,esn_u016_initial,ESN:initial,0.6251961790910692
F_optimized_summarized_ESN,13,titanium,43,esn_u018_initial,ESN:initial,0.6246540602471019
F_optimized_summarized_ESN,13,titanium,43,esn_u016_max,ESN:max,0.5900630736592231
F_optimized_summarized_ESN,13,titanium,43,esn_u003_initial,ESN:initial,0.5679313096256805
F_optimized_summarized_ESN,13,titanium,43,esn_u012_max,ESN:max,0.5484720963843277
F_optimized_summarized_ESN,13,titanium,43,esn_u010_initial,ESN:initial,0.5430223753739195
F_optimized_summarized_ESN,13,titanium,43,esn_u007_std,ESN:std,0.45602656720253426
F_optimized_summarized_ESN,13,titanium,43,esn_u007_initial,ESN:initial,0.4415415321260042
F_optimized_summarized_ESN,13,titanium,43,esn_u007_max,ESN:max,0.3929790967348275
F_optimized_summarized_ESN,13,titanium,43,esn_u000_initial,ESN:initial,0.3891462213994095
F_optimized_summarized_ESN,13,titanium,43,esn_u003_abs_auc,ESN:abs_auc,0.37079977841672646
F_optimized_summarized_ESN,13,titanium,43,esn_u008_initial,ESN:initial,0.3689071178912967
F_optimized_summarized_ESN,13,titanium,43,esn_u012_mean,ESN:mean,0.3662155453852836
F_optimized_summarized_ESN,13,titanium,43,esn_u013_slope,ESN:slope,0.3508364897590532
F_optimized_summarized_ESN,13,titanium,43,esn_u019_abs_auc,ESN:abs_auc,0.27634745842656283
F_optimized_summarized_ESN,13,titanium,43,esn_u004_abs_auc,ESN:abs_auc,0.2543012921052256
F_optimized_summarized_ESN,13,titanium,43,esn_u019_max,ESN:max,0.250230645347015
F_optimized_summarized_ESN,13,titanium,43,esn_u015_mean,ESN:mean,0.23980674617178396
F_optimized_summarized_ESN,13,titanium,43,esn_u015_max,ESN:max,0.23663963082018546
F_optimized_summarized_ESN,13,titanium,43,esn_u018_min,ESN:min,0.22369535456335204
F_optimized_summarized_ESN,13,titanium,43,esn_u015_slope,ESN:slope,0.20237201336730465
F_optimized_summarized_ESN,13,titanium,43,esn_u014_net_change,ESN:net_change,0.19035029023090677
F_optimized_summarized_ESN,13,titanium,43,esn_u018_mean,ESN:mean,0.15075659290746996
F_optimized_summarized_ESN,13,titanium,43,esn_u012_abs_auc,ESN:abs_auc,0.14779871640792905
F_optimized_summarized_ESN,13,titanium,43,esn_u011_mean,ESN:mean,0.11464386921371791
F_optimized_summarized_ESN,13,titanium,43,esn_u018_abs_auc,ESN:abs_auc,0.09411943999825391
F_optimized_summarized_ESN,13,titanium,43,esn_u013_mean,ESN:mean,0.08722406873726624
F_optimized_summarized_ESN,13,titanium,43,esn_u009_abs_auc,ESN:abs_auc,0.06835452862443925
F_optimized_summarized_ESN,13,titanium,43,esn_u009_slope,ESN:slope,0.0036331473402721297
F_optimized_summarized_ESN,13,titanium,43,esn_u000_std,ESN:std,0.0025203770816023935
F_optimized_summarized_ESN,13,titanium,44,esn_u000_min,ESN:min,0.8038671370343996
F_optimized_summarized_ESN,13,titanium,44,esn_u011_initial,ESN:initial,0.7684962601797607
F_optimized_summarized_ESN,13,titanium,44,esn_u015_max,ESN:max,0.7408862425650748
F_optimized_summarized_ESN,13,titanium,44,esn_u009_min,ESN:min,0.7311661468013101
F_optimized_summarized_ESN,13,titanium,44,esn_u002_max,ESN:max,0.6751376887344435
F_optimized_summarized_ESN,13,titanium,44,esn_u015_initial,ESN:initial,0.6496295704972448
F_optimized_summarized_ESN,13,titanium,44,esn_u019_std,ESN:std,0.6409842015645031
F_optimized_summarized_ESN,13,titanium,44,esn_u000_initial,ESN:initial,0.6186907529634615
F_optimized_summarized_ESN,13,titanium,44,esn_u004_initial,ESN:initial,0.5780698830935603
F_optimized_summarized_ESN,13,titanium,44,esn_u019_initial,ESN:initial,0.5603226240963147
F_optimized_summarized_ESN,13,titanium,44,esn_u014_initial,ESN:initial,0.5407112371443745
F_optimized_summarized_ESN,13,titanium,44,esn_u018_initial,ESN:initial,0.4881257092795458
F_optimized_summarized_ESN,13,titanium,44,esn_u012_mean,ESN:mean,0.4561977626269449
F_optimized_summarized_ESN,13,titanium,44,esn_u016_mean,ESN:mean,0.394034801852027
F_optimized_summarized_ESN,13,titanium,44,esn_u002_std,ESN:std,0.3919043699038046
F_optimized_summarized_ESN,13,titanium,44,esn_u006_abs_auc,ESN:abs_auc,0.3754315657327278
F_optimized_summarized_ESN,13,titanium,44,esn_u011_mean,ESN:mean,0.3585783272851828
F_optimized_summarized_ESN,13,titanium,44,esn_u001_slope,ESN:slope,0.35669517761666475
F_optimized_summarized_ESN,13,titanium,44,esn_u002_net_change,ESN:net_change,0.302226500083318
F_optimized_summarized_ESN,13,titanium,44,esn_u018_abs_auc,ESN:abs_auc,0.29348602258145906
F_optimized_summarized_ESN,13,titanium,44,esn_u009_mean,ESN:mean,0.26188144506385624
F_optimized_summarized_ESN,13,titanium,44,esn_u003_std,ESN:std,0.21087471944637082
F_optimized_summarized_ESN,13,titanium,44,esn_u015_slope,ESN:slope,0.20598613899375331
F_optimized_summarized_ESN,13,titanium,44,esn_u013_abs_auc,ESN:abs_auc,0.20111658025495932
F_optimized_summarized_ESN,13,titanium,44,esn_u009_max,ESN:max,0.19556223981852228
F_optimized_summarized_ESN,13,titanium,44,esn_u004_net_change,ESN:net_change,0.1770446014114285
F_optimized_summarized_ESN,13,titanium,44,esn_u003_slope,ESN:slope,0.15807995272948447
F_optimized_summarized_ESN,13,titanium,44,esn_u002_slope,ESN:slope,0.13574846070079608
F_optimized_summarized_ESN,13,titanium,44,esn_u000_std,ESN:std,0.08565477734683455
F_optimized_summarized_ESN,13,titanium,44,esn_u009_mean_abs,ESN:mean_abs,0.030796154680107733
F_optimized_summarized_ESN,13,titanium,44,esn_u009_abs_auc,ESN:abs_auc,0.030434742117462863
G_optimized_summarized_ESN_plus_thermal,13,titanium,42,esn_u013_max,ESN:max,0.8014323576650024
G_optimized_summarized_ESN_plus_thermal,13,titanium,42,thermal_secondary_late_slope,Thermal:late_slope,0.8009758365332406
G_optimized_summarized_ESN_plus_thermal,13,titanium,42,thermal_secondary_final_change,Thermal:final_change,0.7824391764123233
G_optimized_summarized_ESN_plus_thermal,13,titanium,42,thermal_secondary_middle_slope,Thermal:middle_slope,0.7762000542782436
G_optimized_summarized_ESN_plus_thermal,13,titanium,42,esn_u003_initial,ESN:initial,0.7632367563075866
G_optimized_summarized_ESN_plus_thermal,13,titanium,42,esn_u007_initial,ESN:initial,0.7457177578762221
G_optimized_summarized_ESN_plus_thermal,13,titanium,42,esn_u012_initial,ESN:initial,0.7430547179409442
G_optimized_summarized_ESN_plus_thermal,13,titanium,42,thermal_primary_late_slope,Thermal:late_slope,0.7227680601482728
G_optimized_summarized_ESN_plus_thermal,13,titanium,42,esn_u016_initial,ESN:initial,0.7218645287416605
G_optimized_summarized_ESN_plus_thermal,13,titanium,42,esn_u015_initial,ESN:initial,0.7215126270359274
G_optimized_summarized_ESN_plus_thermal,13,titanium,42,esn_u007_min,ESN:min,0.7045547691623536
G_optimized_summarized_ESN_plus_thermal,13,titanium,42,thermal_difference_late_slope,Thermal:late_slope,0.6931607625821283
G_optimized_summarized_ESN_plus_thermal,13,titanium,42,esn_u000_max,ESN:max,0.6641050947168631
G_optimized_summarized_ESN_plus_thermal,13,titanium,42,thermal_secondary_max_abs_rate,Thermal:max_abs_rate,0.6589502102707179
G_optimized_summarized_ESN_plus_thermal,13,titanium,42,esn_u008_initial,ESN:initial,0.5434693856487697
G_optimized_summarized_ESN_plus_thermal,13,titanium,42,esn_u001_initial,ESN:initial,0.5078607373713381
G_optimized_summarized_ESN_plus_thermal,13,titanium,42,esn_u002_initial,ESN:initial,0.48231457570649267
G_optimized_summarized_ESN_plus_thermal,13,titanium,42,esn_u006_min,ESN:min,0.46821948576334277
G_optimized_summarized_ESN_plus_thermal,13,titanium,42,thermal_secondary_primary_auc_ratio,Thermal:cross_sensor,0.46250346075940674
G_optimized_summarized_ESN_plus_thermal,13,titanium,42,esn_u005_initial,ESN:initial,0.45591243691959366
G_optimized_summarized_ESN_plus_thermal,13,titanium,42,esn_u010_mean,ESN:mean,0.45583635006429996
G_optimized_summarized_ESN_plus_thermal,13,titanium,42,thermal_secondary_early_slope,Thermal:early_slope,0.41828748697688023
G_optimized_summarized_ESN_plus_thermal,13,titanium,42,esn_u006_net_change,ESN:net_change,0.3919709459021865
G_optimized_summarized_ESN_plus_thermal,13,titanium,42,esn_u001_mean,ESN:mean,0.39016388308896216
G_optimized_summarized_ESN_plus_thermal,13,titanium,42,esn_u009_abs_auc,ESN:abs_auc,0.36872641160997427
G_optimized_summarized_ESN_plus_thermal,13,titanium,42,esn_u001_max,ESN:max,0.3632481580288309
G_optimized_summarized_ESN_plus_thermal,13,titanium,42,esn_u003_std,ESN:std,0.35897778327547447
G_optimized_summarized_ESN_plus_thermal,13,titanium,42,esn_u017_initial,ESN:initial,0.3337454798887154
G_optimized_summarized_ESN_plus_thermal,13,titanium,42,esn_u002_max,ESN:max,0.31671153515984796
G_optimized_summarized_ESN_plus_thermal,13,titanium,42,esn_u003_slope,ESN:slope,0.31498055920191725
G_optimized_summarized_ESN_plus_thermal,13,titanium,42,esn_u016_std,ESN:std,0.305374593721093
G_optimized_summarized_ESN_plus_thermal,13,titanium,42,esn_u011_std,ESN:std,0.30424280174859986
G_optimized_summarized_ESN_plus_thermal,13,titanium,42,thermal_initial_sensor_difference,Thermal:cross_sensor,0.30010557899200724
G_optimized_summarized_ESN_plus_thermal,13,titanium,42,esn_u015_abs_auc,ESN:abs_auc,0.29043303751280114
G_optimized_summarized_ESN_plus_thermal,13,titanium,42,esn_u016_slope,ESN:slope,0.2737700162034902
G_optimized_summarized_ESN_plus_thermal,13,titanium,42,esn_u006_slope,ESN:slope,0.27002273858027753
G_optimized_summarized_ESN_plus_thermal,13,titanium,42,esn_u003_abs_auc,ESN:abs_auc,0.23465186172563868
G_optimized_summarized_ESN_plus_thermal,13,titanium,42,esn_u019_abs_auc,ESN:abs_auc,0.23460430744108013
G_optimized_summarized_ESN_plus_thermal,13,titanium,42,esn_u011_slope,ESN:slope,0.23002958526654899
G_optimized_summarized_ESN_plus_thermal,13,titanium,42,esn_u006_std,ESN:std,0.2077741800931543
G_optimized_summarized_ESN_plus_thermal,13,titanium,42,esn_u011_net_change,ESN:net_change,0.12413570441160164
G_optimized_summarized_ESN_plus_thermal,13,titanium,42,esn_u004_max,ESN:max,0.12323217300498947
G_optimized_summarized_ESN_plus_thermal,13,titanium,42,esn_u010_slope,ESN:slope,0.04691705714545135
G_optimized_summarized_ESN_plus_thermal,13,titanium,42,esn_u006_abs_auc,ESN:abs_auc,0.04284641038724069
G_optimized_summarized_ESN_plus_thermal,13,titanium,42,esn_u016_abs_auc,ESN:abs_auc,0.0339442483178828
G_optimized_summarized_ESN_plus_thermal,13,titanium,42,esn_u015_mean,ESN:mean,0.029645340993791174
G_optimized_summarized_ESN_plus_thermal,13,titanium,43,thermal_secondary_late_slope,Thermal:late_slope,0.8009758365332406
G_optimized_summarized_ESN_plus_thermal,13,titanium,43,esn_u003_max,ESN:max,0.7996728491363367
G_optimized_summarized_ESN_plus_thermal,13,titanium,43,thermal_secondary_final_change,Thermal:final_change,0.7824391764123233
G_optimized_summarized_ESN_plus_thermal,13,titanium,43,esn_u013_initial,ESN:initial,0.7813073844398302
G_optimized_summarized_ESN_plus_thermal,13,titanium,43,thermal_secondary_middle_slope,Thermal:middle_slope,0.7762000542782436
G_optimized_summarized_ESN_plus_thermal,13,titanium,43,esn_u011_min,ESN:min,0.755951439913219
G_optimized_summarized_ESN_plus_thermal,13,titanium,43,esn_u006_initial,ESN:initial,0.7496076983531104
G_optimized_summarized_ESN_plus_thermal,13,titanium,43,thermal_primary_late_slope,Thermal:late_slope,0.7227680601482728
G_optimized_summarized_ESN_plus_thermal,13,titanium,43,esn_u015_initial,ESN:initial,0.7183455116843289
G_optimized_summarized_ESN_plus_thermal,13,titanium,43,thermal_difference_late_slope,Thermal:late_slope,0.6931607625821283
G_optimized_summarized_ESN_plus_thermal,13,titanium,43,thermal_secondary_max_abs_rate,Thermal:max_abs_rate,0.6589502102707179
G_optimized_summarized_ESN_plus_thermal,13,titanium,43,esn_u016_initial,ESN:initial,0.6251961790910692
G_optimized_summarized_ESN_plus_thermal,13,titanium,43,esn_u018_initial,ESN:initial,0.6246540602471019
G_optimized_summarized_ESN_plus_thermal,13,titanium,43,esn_u016_max,ESN:max,0.5900630736592231
G_optimized_summarized_ESN_plus_thermal,13,titanium,43,esn_u003_initial,ESN:initial,0.5679313096256805
G_optimized_summarized_ESN_plus_thermal,13,titanium,43,esn_u012_max,ESN:max,0.5484720963843277
G_optimized_summarized_ESN_plus_thermal,13,titanium,43,esn_u010_initial,ESN:initial,0.5430223753739195
G_optimized_summarized_ESN_plus_thermal,13,titanium,43,thermal_secondary_primary_auc_ratio,Thermal:cross_sensor,0.46250346075940674
G_optimized_summarized_ESN_plus_thermal,13,titanium,43,esn_u007_std,ESN:std,0.45602656720253426
G_optimized_summarized_ESN_plus_thermal,13,titanium,43,esn_u007_initial,ESN:initial,0.4415415321260042
G_optimized_summarized_ESN_plus_thermal,13,titanium,43,thermal_secondary_early_slope,Thermal:early_slope,0.41828748697688023
G_optimized_summarized_ESN_plus_thermal,13,titanium,43,esn_u007_max,ESN:max,0.3929790967348275
G_optimized_summarized_ESN_plus_thermal,13,titanium,43,esn_u000_initial,ESN:initial,0.3891462213994095
G_optimized_summarized_ESN_plus_thermal,13,titanium,43,esn_u003_abs_auc,ESN:abs_auc,0.37079977841672646
G_optimized_summarized_ESN_plus_thermal,13,titanium,43,esn_u008_initial,ESN:initial,0.3689071178912967
G_optimized_summarized_ESN_plus_thermal,13,titanium,43,esn_u012_mean,ESN:mean,0.3662155453852836
G_optimized_summarized_ESN_plus_thermal,13,titanium,43,esn_u013_slope,ESN:slope,0.3508364897590532
G_optimized_summarized_ESN_plus_thermal,13,titanium,43,thermal_initial_sensor_difference,Thermal:cross_sensor,0.30010557899200724
G_optimized_summarized_ESN_plus_thermal,13,titanium,43,esn_u019_abs_auc,ESN:abs_auc,0.27634745842656283
G_optimized_summarized_ESN_plus_thermal,13,titanium,43,esn_u004_abs_auc,ESN:abs_auc,0.2543012921052256
G_optimized_summarized_ESN_plus_thermal,13,titanium,43,esn_u019_max,ESN:max,0.250230645347015
G_optimized_summarized_ESN_plus_thermal,13,titanium,43,esn_u015_mean,ESN:mean,0.23980674617178396
G_optimized_summarized_ESN_plus_thermal,13,titanium,43,esn_u015_max,ESN:max,0.23663963082018546
G_optimized_summarized_ESN_plus_thermal,13,titanium,43,esn_u018_min,ESN:min,0.22369535456335204
G_optimized_summarized_ESN_plus_thermal,13,titanium,43,esn_u015_slope,ESN:slope,0.20237201336730465
G_optimized_summarized_ESN_plus_thermal,13,titanium,43,esn_u014_net_change,ESN:net_change,0.19035029023090677
G_optimized_summarized_ESN_plus_thermal,13,titanium,43,esn_u018_mean,ESN:mean,0.15075659290746996
G_optimized_summarized_ESN_plus_thermal,13,titanium,43,esn_u012_abs_auc,ESN:abs_auc,0.14779871640792905
G_optimized_summarized_ESN_plus_thermal,13,titanium,43,esn_u011_mean,ESN:mean,0.11464386921371791
G_optimized_summarized_ESN_plus_thermal,13,titanium,43,esn_u018_abs_auc,ESN:abs_auc,0.09411943999825391
G_optimized_summarized_ESN_plus_thermal,13,titanium,43,esn_u013_mean,ESN:mean,0.08722406873726624
G_optimized_summarized_ESN_plus_thermal,13,titanium,43,esn_u009_abs_auc,ESN:abs_auc,0.06835452862443925
G_optimized_summarized_ESN_plus_thermal,13,titanium,43,esn_u009_slope,ESN:slope,0.0036331473402721297
G_optimized_summarized_ESN_plus_thermal,13,titanium,43,esn_u000_std,ESN:std,0.0025203770816023935
G_optimized_summarized_ESN_plus_thermal,13,titanium,44,esn_u000_min,ESN:min,0.8038671370343996
G_optimized_summarized_ESN_plus_thermal,13,titanium,44,thermal_secondary_late_slope,Thermal:late_slope,0.8009758365332406
G_optimized_summarized_ESN_plus_thermal,13,titanium,44,thermal_secondary_final_change,Thermal:final_change,0.7824391764123233
G_optimized_summarized_ESN_plus_thermal,13,titanium,44,esn_u011_initial,ESN:initial,0.7684962601797607
G_optimized_summarized_ESN_plus_thermal,13,titanium,44,esn_u015_max,ESN:max,0.7408862425650748
G_optimized_summarized_ESN_plus_thermal,13,titanium,44,esn_u009_min,ESN:min,0.7311661468013101
G_optimized_summarized_ESN_plus_thermal,13,titanium,44,thermal_primary_late_slope,Thermal:late_slope,0.7227680601482728
G_optimized_summarized_ESN_plus_thermal,13,titanium,44,thermal_difference_late_slope,Thermal:late_slope,0.6931607625821283
G_optimized_summarized_ESN_plus_thermal,13,titanium,44,esn_u002_max,ESN:max,0.6751376887344435
G_optimized_summarized_ESN_plus_thermal,13,titanium,44,thermal_secondary_max_abs_rate,Thermal:max_abs_rate,0.6589502102707179
G_optimized_summarized_ESN_plus_thermal,13,titanium,44,esn_u015_initial,ESN:initial,0.6496295704972448
G_optimized_summarized_ESN_plus_thermal,13,titanium,44,esn_u019_std,ESN:std,0.6409842015645031
G_optimized_summarized_ESN_plus_thermal,13,titanium,44,esn_u000_initial,ESN:initial,0.6186907529634615
G_optimized_summarized_ESN_plus_thermal,13,titanium,44,esn_u004_initial,ESN:initial,0.5780698830935603
G_optimized_summarized_ESN_plus_thermal,13,titanium,44,esn_u019_initial,ESN:initial,0.5603226240963147
G_optimized_summarized_ESN_plus_thermal,13,titanium,44,esn_u014_initial,ESN:initial,0.5407112371443745
G_optimized_summarized_ESN_plus_thermal,13,titanium,44,esn_u018_initial,ESN:initial,0.4881257092795458
G_optimized_summarized_ESN_plus_thermal,13,titanium,44,thermal_secondary_primary_auc_ratio,Thermal:cross_sensor,0.46250346075940674
G_optimized_summarized_ESN_plus_thermal,13,titanium,44,esn_u012_mean,ESN:mean,0.4561977626269449
G_optimized_summarized_ESN_plus_thermal,13,titanium,44,thermal_secondary_early_slope,Thermal:early_slope,0.41828748697688023
G_optimized_summarized_ESN_plus_thermal,13,titanium,44,esn_u016_mean,ESN:mean,0.394034801852027
G_optimized_summarized_ESN_plus_thermal,13,titanium,44,esn_u002_std,ESN:std,0.3919043699038046
G_optimized_summarized_ESN_plus_thermal,13,titanium,44,esn_u006_abs_auc,ESN:abs_auc,0.3754315657327278
G_optimized_summarized_ESN_plus_thermal,13,titanium,44,esn_u011_mean,ESN:mean,0.3585783272851828
G_optimized_summarized_ESN_plus_thermal,13,titanium,44,esn_u001_slope,ESN:slope,0.35669517761666475
G_optimized_summarized_ESN_plus_thermal,13,titanium,44,esn_u002_net_change,ESN:net_change,0.302226500083318
G_optimized_summarized_ESN_plus_thermal,13,titanium,44,thermal_initial_sensor_difference,Thermal:cross_sensor,0.30010557899200724
G_optimized_summarized_ESN_plus_thermal,13,titanium,44,esn_u018_abs_auc,ESN:abs_auc,0.29348602258145906
G_optimized_summarized_ESN_plus_thermal,13,titanium,44,esn_u009_mean,ESN:mean,0.26188144506385624
G_optimized_summarized_ESN_plus_thermal,13,titanium,44,esn_u003_std,ESN:std,0.21087471944637082
G_optimized_summarized_ESN_plus_thermal,13,titanium,44,esn_u015_slope,ESN:slope,0.20598613899375331
G_optimized_summarized_ESN_plus_thermal,13,titanium,44,esn_u013_abs_auc,ESN:abs_auc,0.20111658025495932
G_optimized_summarized_ESN_plus_thermal,13,titanium,44,esn_u009_max,ESN:max,0.19556223981852228
G_optimized_summarized_ESN_plus_thermal,13,titanium,44,esn_u004_net_change,ESN:net_change,0.1770446014114285
G_optimized_summarized_ESN_plus_thermal,13,titanium,44,esn_u003_slope,ESN:slope,0.15807995272948447
G_optimized_summarized_ESN_plus_thermal,13,titanium,44,esn_u002_slope,ESN:slope,0.13574846070079608
G_optimized_summarized_ESN_plus_thermal,13,titanium,44,esn_u000_std,ESN:std,0.08565477734683455
G_optimized_summarized_ESN_plus_thermal,13,titanium,44,esn_u009_mean_abs,ESN:mean_abs,0.030796154680107733
G_optimized_summarized_ESN_plus_thermal,13,titanium,44,esn_u009_abs_auc,ESN:abs_auc,0.030434742117462863
F_optimized_summarized_ESN,14,wood,42,esn_u013_max,ESN:max,0.7904473179319808
F_optimized_summarized_ESN,14,wood,42,esn_u003_max,ESN:max,0.747505798975623
F_optimized_summarized_ESN,14,wood,42,esn_u003_initial,ESN:initial,0.744747650471228
F_optimized_summarized_ESN,14,wood,42,esn_u012_initial,ESN:initial,0.7369107043759813
F_optimized_summarized_ESN,14,wood,42,esn_u015_min,ESN:min,0.7223305607303343
F_optimized_summarized_ESN,14,wood,42,esn_u016_initial,ESN:initial,0.7058102022746989
F_optimized_summarized_ESN,14,wood,42,esn_u000_max,ESN:max,0.6749760041669444
F_optimized_summarized_ESN,14,wood,42,esn_u006_max,ESN:max,0.575578038582693
F_optimized_summarized_ESN,14,wood,42,esn_u008_initial,ESN:initial,0.5350617881388207
F_optimized_summarized_ESN,14,wood,42,esn_u001_initial,ESN:initial,0.5237914226984476
F_optimized_summarized_ESN,14,wood,42,esn_u002_initial,ESN:initial,0.510790081300144
F_optimized_summarized_ESN,14,wood,42,esn_u006_min,ESN:min,0.48181050029017225
F_optimized_summarized_ESN,14,wood,42,esn_u013_mean,ESN:mean,0.46500481612718575
F_optimized_summarized_ESN,14,wood,42,esn_u005_initial,ESN:initial,0.4341420854486961
F_optimized_summarized_ESN,14,wood,42,esn_u006_net_change,ESN:net_change,0.39902800173067327
F_optimized_summarized_ESN,14,wood,42,esn_u009_abs_auc,ESN:abs_auc,0.37995873362270044
F_optimized_summarized_ESN,14,wood,42,esn_u003_std,ESN:std,0.3758120000091962
F_optimized_summarized_ESN,14,wood,42,esn_u001_mean,ESN:mean,0.3680511407692431
F_optimized_summarized_ESN,14,wood,42,esn_u002_max,ESN:max,0.3600049558219388
F_optimized_summarized_ESN,14,wood,42,esn_u001_max,ESN:max,0.35046556633949655
F_optimized_summarized_ESN,14,wood,42,esn_u003_slope,ESN:slope,0.3315484719421111
F_optimized_summarized_ESN,14,wood,42,esn_u011_std,ESN:std,0.3266694023464053
F_optimized_summarized_ESN,14,wood,42,esn_u019_initial,ESN:initial,0.32125772476364395
F_optimized_summarized_ESN,14,wood,42,esn_u015_abs_auc,ESN:abs_auc,0.30191264180523164
F_optimized_summarized_ESN,14,wood,42,esn_u006_slope,ESN:slope,0.2780023475291999
F_optimized_summarized_ESN,14,wood,42,esn_u011_max,ESN:max,0.2645730175698694
F_optimized_summarized_ESN,14,wood,42,esn_u002_abs_auc,ESN:abs_auc,0.26005536053680844
F_optimized_summarized_ESN,14,wood,42,esn_u003_abs_auc,ESN:abs_auc,0.24431489234793313
F_optimized_summarized_ESN,14,wood,42,esn_u011_slope,ESN:slope,0.2173991672878019
F_optimized_summarized_ESN,14,wood,42,esn_u006_std,ESN:std,0.21473612735252393
F_optimized_summarized_ESN,14,wood,42,esn_u005_slope,ESN:slope,0.16136119836402343
F_optimized_summarized_ESN,14,wood,42,esn_u000_abs_auc,ESN:abs_auc,0.15003376778218022
F_optimized_summarized_ESN,14,wood,42,esn_u004_max,ESN:max,0.10566562028906638
F_optimized_summarized_ESN,14,wood,42,esn_u011_net_change,ESN:net_change,0.09741970734661629
F_optimized_summarized_ESN,14,wood,42,esn_u015_mean,ESN:mean,0.04446325606223091
F_optimized_summarized_ESN,14,wood,42,esn_u016_abs_auc,ESN:abs_auc,0.044139886927232856
F_optimized_summarized_ESN,14,wood,42,esn_u010_slope,ESN:slope,0.02831382102615217
F_optimized_summarized_ESN,14,wood,42,esn_u006_abs_auc,ESN:abs_auc,0.02478529311190882
F_optimized_summarized_ESN,14,wood,43,esn_u003_max,ESN:max,0.792939162442848
F_optimized_summarized_ESN,14,wood,43,esn_u013_initial,ESN:initial,0.7571783404548291
F_optimized_summarized_ESN,14,wood,43,esn_u001_max,ESN:max,0.7305479411020491
F_optimized_summarized_ESN,14,wood,43,esn_u002_initial,ESN:initial,0.6676621552018416
F_optimized_summarized_ESN,14,wood,43,esn_u018_initial,ESN:initial,0.6422681672475835
F_optimized_summarized_ESN,14,wood,43,esn_u016_initial,ESN:initial,0.6411744187027372
F_optimized_summarized_ESN,14,wood,43,esn_u016_max,ESN:max,0.5926119833115605
F_optimized_summarized_ESN,14,wood,43,esn_u010_initial,ESN:initial,0.5485481832396213
F_optimized_summarized_ESN,14,wood,43,esn_u003_initial,ESN:initial,0.5370305355195439
F_optimized_summarized_ESN,14,wood,43,esn_u012_max,ESN:max,0.5334164098930951
F_optimized_summarized_ESN,14,wood,43,esn_u007_std,ESN:std,0.4650809029824794
F_optimized_summarized_ESN,14,wood,43,esn_u007_initial,ESN:initial,0.4291774181407849
F_optimized_summarized_ESN,14,wood,43,esn_u000_initial,ESN:initial,0.3931217595885031
F_optimized_summarized_ESN,14,wood,43,esn_u008_initial,ESN:initial,0.38173726386518975
F_optimized_summarized_ESN,14,wood,43,esn_u003_abs_auc,ESN:abs_auc,0.37843699651682733
F_optimized_summarized_ESN,14,wood,43,esn_u012_mean,ESN:mean,0.3741666217634708
F_optimized_summarized_ESN,14,wood,43,esn_u007_max,ESN:max,0.36963945387349817
F_optimized_summarized_ESN,14,wood,43,esn_u008_slope,ESN:slope,0.29185015519264546
F_optimized_summarized_ESN,14,wood,43,esn_u019_abs_auc,ESN:abs_auc,0.2854493484910665
F_optimized_summarized_ESN,14,wood,43,esn_u019_max,ESN:max,0.2678162197767615
F_optimized_summarized_ESN,14,wood,43,esn_u015_max,ESN:max,0.24377277350396584
F_optimized_summarized_ESN,14,wood,43,esn_u004_abs_auc,ESN:abs_auc,0.24153772212971467
F_optimized_summarized_ESN,14,wood,43,esn_u015_mean,ESN:mean,0.22649154649539394
F_optimized_summarized_ESN,14,wood,43,esn_u018_min,ESN:min,0.22489372253422713
F_optimized_summarized_ESN,14,wood,43,esn_u015_slope,ESN:slope,0.18427285266432594
F_optimized_summarized_ESN,14,wood,43,esn_u014_net_change,ESN:net_change,0.1770255796976051
F_optimized_summarized_ESN,14,wood,43,esn_u012_abs_auc,ESN:abs_auc,0.15838430015065907
F_optimized_summarized_ESN,14,wood,43,esn_u018_mean,ESN:mean,0.13174438994096735
F_optimized_summarized_ESN,14,wood,43,esn_u011_mean,ESN:mean,0.12994683798465473
F_optimized_summarized_ESN,14,wood,43,esn_u018_abs_auc,ESN:abs_auc,0.11079197216447652
F_optimized_summarized_ESN,14,wood,43,esn_u013_mean,ESN:mean,0.09630693708794655
F_optimized_summarized_ESN,14,wood,43,esn_u009_abs_auc,ESN:abs_auc,0.05501079637731413
F_optimized_summarized_ESN,14,wood,43,esn_u000_std,ESN:std,0.01421873108300218
F_optimized_summarized_ESN,14,wood,43,esn_u009_slope,ESN:slope,0.00982471518979348
F_optimized_summarized_ESN,14,wood,44,esn_u000_min,ESN:min,0.7955546480935676
F_optimized_summarized_ESN,14,wood,44,esn_u011_initial,ESN:initial,0.7513101417403059
F_optimized_summarized_ESN,14,wood,44,esn_u009_initial,ESN:initial,0.7116023141339286
F_optimized_summarized_ESN,14,wood,44,esn_u002_max,ESN:max,0.6652844409739148
F_optimized_summarized_ESN,14,wood,44,esn_u019_std,ESN:std,0.6370181742323212
F_optimized_summarized_ESN,14,wood,44,esn_u000_initial,ESN:initial,0.6221051505947642
F_optimized_summarized_ESN,14,wood,44,esn_u015_initial,ESN:initial,0.6179108626967015
F_optimized_summarized_ESN,14,wood,44,esn_u004_initial,ESN:initial,0.5729054877905033
F_optimized_summarized_ESN,14,wood,44,esn_u019_initial,ESN:initial,0.5609122972248406
F_optimized_summarized_ESN,14,wood,44,esn_u014_initial,ESN:initial,0.5380196646383615
F_optimized_summarized_ESN,14,wood,44,esn_u018_initial,ESN:initial,0.4763512684228523
F_optimized_summarized_ESN,14,wood,44,esn_u012_mean,ESN:mean,0.4652996526914487
F_optimized_summarized_ESN,14,wood,44,esn_u006_abs_auc,ESN:abs_auc,0.3864546488933964
F_optimized_summarized_ESN,14,wood,44,esn_u011_mean,ESN:mean,0.37196010295995474
F_optimized_summarized_ESN,14,wood,44,esn_u008_net_change,ESN:net_change,0.37074271327525626
F_optimized_summarized_ESN,14,wood,44,esn_u001_slope,ESN:slope,0.37019108357437724
F_optimized_summarized_ESN,14,wood,44,esn_u018_abs_auc,ESN:abs_auc,0.3059072017081486
F_optimized_summarized_ESN,14,wood,44,esn_u002_net_change,ESN:net_change,0.26940453288101657
F_optimized_summarized_ESN,14,wood,44,esn_u009_mean,ESN:mean,0.23970212674575517
F_optimized_summarized_ESN,14,wood,44,esn_u009_max,ESN:max,0.21143586000416156
F_optimized_summarized_ESN,14,wood,44,esn_u013_abs_auc,ESN:abs_auc,0.18724975087769025
F_optimized_summarized_ESN,14,wood,44,esn_u015_slope,ESN:slope,0.18635573032798983
F_optimized_summarized_ESN,14,wood,44,esn_u003_std,ESN:std,0.16805684162986526
F_optimized_summarized_ESN,14,wood,44,esn_u003_slope,ESN:slope,0.16129462236564146
F_optimized_summarized_ESN,14,wood,44,esn_u004_net_change,ESN:net_change,0.1597443526890332
F_optimized_summarized_ESN,14,wood,44,esn_u002_slope,ESN:slope,0.15302017685245625
F_optimized_summarized_ESN,14,wood,44,esn_u000_std,ESN:std,0.11083001559212335
F_optimized_summarized_ESN,14,wood,44,esn_u009_abs_auc,ESN:abs_auc,0.04450129948987774
F_optimized_summarized_ESN,14,wood,44,esn_u009_mean_abs,ESN:mean_abs,0.014741828213146076
G_optimized_summarized_ESN_plus_thermal,14,wood,42,esn_u013_max,ESN:max,0.7904473179319808
G_optimized_summarized_ESN_plus_thermal,14,wood,42,esn_u003_max,ESN:max,0.747505798975623
G_optimized_summarized_ESN_plus_thermal,14,wood,42,esn_u003_initial,ESN:initial,0.744747650471228
G_optimized_summarized_ESN_plus_thermal,14,wood,42,esn_u012_initial,ESN:initial,0.7369107043759813
G_optimized_summarized_ESN_plus_thermal,14,wood,42,esn_u015_min,ESN:min,0.7223305607303343
G_optimized_summarized_ESN_plus_thermal,14,wood,42,esn_u016_initial,ESN:initial,0.7058102022746989
G_optimized_summarized_ESN_plus_thermal,14,wood,42,thermal_difference_late_slope,Thermal:late_slope,0.7022721635035438
G_optimized_summarized_ESN_plus_thermal,14,wood,42,esn_u000_max,ESN:max,0.6749760041669444
G_optimized_summarized_ESN_plus_thermal,14,wood,42,thermal_secondary_response_auc,Thermal:response_auc,0.6731023653553381
G_optimized_summarized_ESN_plus_thermal,14,wood,42,thermal_secondary_max_abs_rate,Thermal:max_abs_rate,0.6185766226805209
G_optimized_summarized_ESN_plus_thermal,14,wood,42,esn_u006_max,ESN:max,0.575578038582693
G_optimized_summarized_ESN_plus_thermal,14,wood,42,esn_u008_initial,ESN:initial,0.5350617881388207
G_optimized_summarized_ESN_plus_thermal,14,wood,42,esn_u001_initial,ESN:initial,0.5237914226984476
G_optimized_summarized_ESN_plus_thermal,14,wood,42,esn_u002_initial,ESN:initial,0.510790081300144
G_optimized_summarized_ESN_plus_thermal,14,wood,42,esn_u006_min,ESN:min,0.48181050029017225
G_optimized_summarized_ESN_plus_thermal,14,wood,42,thermal_secondary_primary_auc_ratio,Thermal:cross_sensor,0.48134446830149863
G_optimized_summarized_ESN_plus_thermal,14,wood,42,esn_u013_mean,ESN:mean,0.46500481612718575
G_optimized_summarized_ESN_plus_thermal,14,wood,42,esn_u005_initial,ESN:initial,0.4341420854486961
G_optimized_summarized_ESN_plus_thermal,14,wood,42,esn_u006_net_change,ESN:net_change,0.39902800173067327
G_optimized_summarized_ESN_plus_thermal,14,wood,42,esn_u009_abs_auc,ESN:abs_auc,0.37995873362270044
G_optimized_summarized_ESN_plus_thermal,14,wood,42,esn_u003_std,ESN:std,0.3758120000091962
G_optimized_summarized_ESN_plus_thermal,14,wood,42,esn_u001_mean,ESN:mean,0.3680511407692431
G_optimized_summarized_ESN_plus_thermal,14,wood,42,esn_u002_max,ESN:max,0.3600049558219388
G_optimized_summarized_ESN_plus_thermal,14,wood,42,thermal_secondary_early_slope,Thermal:early_slope,0.35770332844930575
G_optimized_summarized_ESN_plus_thermal,14,wood,42,esn_u001_max,ESN:max,0.35046556633949655
G_optimized_summarized_ESN_plus_thermal,14,wood,42,esn_u003_slope,ESN:slope,0.3315484719421111
G_optimized_summarized_ESN_plus_thermal,14,wood,42,esn_u011_std,ESN:std,0.3266694023464053
G_optimized_summarized_ESN_plus_thermal,14,wood,42,esn_u019_initial,ESN:initial,0.32125772476364395
G_optimized_summarized_ESN_plus_thermal,14,wood,42,thermal_initial_sensor_difference,Thermal:cross_sensor,0.30529850686579935
G_optimized_summarized_ESN_plus_thermal,14,wood,42,esn_u015_abs_auc,ESN:abs_auc,0.30191264180523164
G_optimized_summarized_ESN_plus_thermal,14,wood,42,esn_u006_slope,ESN:slope,0.2780023475291999
G_optimized_summarized_ESN_plus_thermal,14,wood,42,esn_u011_max,ESN:max,0.2645730175698694
G_optimized_summarized_ESN_plus_thermal,14,wood,42,esn_u002_abs_auc,ESN:abs_auc,0.26005536053680844
G_optimized_summarized_ESN_plus_thermal,14,wood,42,esn_u003_abs_auc,ESN:abs_auc,0.24431489234793313
G_optimized_summarized_ESN_plus_thermal,14,wood,42,esn_u011_slope,ESN:slope,0.2173991672878019
G_optimized_summarized_ESN_plus_thermal,14,wood,42,esn_u006_std,ESN:std,0.21473612735252393
G_optimized_summarized_ESN_plus_thermal,14,wood,42,esn_u005_slope,ESN:slope,0.16136119836402343
G_optimized_summarized_ESN_plus_thermal,14,wood,42,esn_u000_abs_auc,ESN:abs_auc,0.15003376778218022
G_optimized_summarized_ESN_plus_thermal,14,wood,42,esn_u004_max,ESN:max,0.10566562028906638
G_optimized_summarized_ESN_plus_thermal,14,wood,42,esn_u011_net_change,ESN:net_change,0.09741970734661629
G_optimized_summarized_ESN_plus_thermal,14,wood,42,esn_u015_mean,ESN:mean,0.04446325606223091
G_optimized_summarized_ESN_plus_thermal,14,wood,42,esn_u016_abs_auc,ESN:abs_auc,0.044139886927232856
G_optimized_summarized_ESN_plus_thermal,14,wood,42,esn_u010_slope,ESN:slope,0.02831382102615217
G_optimized_summarized_ESN_plus_thermal,14,wood,42,esn_u006_abs_auc,ESN:abs_auc,0.02478529311190882
G_optimized_summarized_ESN_plus_thermal,14,wood,43,esn_u003_max,ESN:max,0.792939162442848
G_optimized_summarized_ESN_plus_thermal,14,wood,43,esn_u013_initial,ESN:initial,0.7571783404548291
G_optimized_summarized_ESN_plus_thermal,14,wood,43,thermal_secondary_final_change,Thermal:final_change,0.7463740070031298
G_optimized_summarized_ESN_plus_thermal,14,wood,43,thermal_primary_middle_slope,Thermal:middle_slope,0.7340003821609989
G_optimized_summarized_ESN_plus_thermal,14,wood,43,esn_u001_max,ESN:max,0.7305479411020491
G_optimized_summarized_ESN_plus_thermal,14,wood,43,thermal_difference_late_slope,Thermal:late_slope,0.7022721635035438
G_optimized_summarized_ESN_plus_thermal,14,wood,43,esn_u002_initial,ESN:initial,0.6676621552018416
G_optimized_summarized_ESN_plus_thermal,14,wood,43,esn_u018_initial,ESN:initial,0.6422681672475835
G_optimized_summarized_ESN_plus_thermal,14,wood,43,esn_u016_initial,ESN:initial,0.6411744187027372
G_optimized_summarized_ESN_plus_thermal,14,wood,43,thermal_secondary_max_abs_rate,Thermal:max_abs_rate,0.6185766226805209
G_optimized_summarized_ESN_plus_thermal,14,wood,43,esn_u016_max,ESN:max,0.5926119833115605
G_optimized_summarized_ESN_plus_thermal,14,wood,43,esn_u010_initial,ESN:initial,0.5485481832396213
G_optimized_summarized_ESN_plus_thermal,14,wood,43,esn_u003_initial,ESN:initial,0.5370305355195439
G_optimized_summarized_ESN_plus_thermal,14,wood,43,esn_u012_max,ESN:max,0.5334164098930951
G_optimized_summarized_ESN_plus_thermal,14,wood,43,thermal_secondary_primary_auc_ratio,Thermal:cross_sensor,0.48134446830149863
G_optimized_summarized_ESN_plus_thermal,14,wood,43,esn_u007_std,ESN:std,0.4650809029824794
G_optimized_summarized_ESN_plus_thermal,14,wood,43,esn_u007_initial,ESN:initial,0.4291774181407849
G_optimized_summarized_ESN_plus_thermal,14,wood,43,esn_u000_initial,ESN:initial,0.3931217595885031
G_optimized_summarized_ESN_plus_thermal,14,wood,43,esn_u008_initial,ESN:initial,0.38173726386518975
G_optimized_summarized_ESN_plus_thermal,14,wood,43,esn_u003_abs_auc,ESN:abs_auc,0.37843699651682733
G_optimized_summarized_ESN_plus_thermal,14,wood,43,esn_u012_mean,ESN:mean,0.3741666217634708
G_optimized_summarized_ESN_plus_thermal,14,wood,43,esn_u007_max,ESN:max,0.36963945387349817
G_optimized_summarized_ESN_plus_thermal,14,wood,43,thermal_secondary_early_slope,Thermal:early_slope,0.35770332844930575
G_optimized_summarized_ESN_plus_thermal,14,wood,43,thermal_initial_sensor_difference,Thermal:cross_sensor,0.30529850686579935
G_optimized_summarized_ESN_plus_thermal,14,wood,43,esn_u008_slope,ESN:slope,0.29185015519264546
G_optimized_summarized_ESN_plus_thermal,14,wood,43,esn_u019_abs_auc,ESN:abs_auc,0.2854493484910665
G_optimized_summarized_ESN_plus_thermal,14,wood,43,esn_u019_max,ESN:max,0.2678162197767615
G_optimized_summarized_ESN_plus_thermal,14,wood,43,esn_u015_max,ESN:max,0.24377277350396584
G_optimized_summarized_ESN_plus_thermal,14,wood,43,esn_u004_abs_auc,ESN:abs_auc,0.24153772212971467
G_optimized_summarized_ESN_plus_thermal,14,wood,43,esn_u015_mean,ESN:mean,0.22649154649539394
G_optimized_summarized_ESN_plus_thermal,14,wood,43,esn_u018_min,ESN:min,0.22489372253422713
G_optimized_summarized_ESN_plus_thermal,14,wood,43,esn_u015_slope,ESN:slope,0.18427285266432594
G_optimized_summarized_ESN_plus_thermal,14,wood,43,esn_u014_net_change,ESN:net_change,0.1770255796976051
G_optimized_summarized_ESN_plus_thermal,14,wood,43,esn_u012_abs_auc,ESN:abs_auc,0.15838430015065907
G_optimized_summarized_ESN_plus_thermal,14,wood,43,esn_u018_mean,ESN:mean,0.13174438994096735
G_optimized_summarized_ESN_plus_thermal,14,wood,43,esn_u011_mean,ESN:mean,0.12994683798465473
G_optimized_summarized_ESN_plus_thermal,14,wood,43,esn_u018_abs_auc,ESN:abs_auc,0.11079197216447652
G_optimized_summarized_ESN_plus_thermal,14,wood,43,esn_u013_mean,ESN:mean,0.09630693708794655
G_optimized_summarized_ESN_plus_thermal,14,wood,43,esn_u009_abs_auc,ESN:abs_auc,0.05501079637731413
G_optimized_summarized_ESN_plus_thermal,14,wood,43,esn_u000_std,ESN:std,0.01421873108300218
G_optimized_summarized_ESN_plus_thermal,14,wood,43,esn_u009_slope,ESN:slope,0.00982471518979348
G_optimized_summarized_ESN_plus_thermal,14,wood,44,esn_u000_min,ESN:min,0.7955546480935676
G_optimized_summarized_ESN_plus_thermal,14,wood,44,esn_u011_initial,ESN:initial,0.7513101417403059
G_optimized_summarized_ESN_plus_thermal,14,wood,44,thermal_secondary_final_change,Thermal:final_change,0.7463740070031298
G_optimized_summarized_ESN_plus_thermal,14,wood,44,thermal_primary_middle_slope,Thermal:middle_slope,0.7340003821609989
G_optimized_summarized_ESN_plus_thermal,14,wood,44,esn_u009_initial,ESN:initial,0.7116023141339286
G_optimized_summarized_ESN_plus_thermal,14,wood,44,thermal_difference_late_slope,Thermal:late_slope,0.7022721635035438
G_optimized_summarized_ESN_plus_thermal,14,wood,44,esn_u002_max,ESN:max,0.6652844409739148
G_optimized_summarized_ESN_plus_thermal,14,wood,44,esn_u019_std,ESN:std,0.6370181742323212
G_optimized_summarized_ESN_plus_thermal,14,wood,44,esn_u000_initial,ESN:initial,0.6221051505947642
G_optimized_summarized_ESN_plus_thermal,14,wood,44,thermal_secondary_max_abs_rate,Thermal:max_abs_rate,0.6185766226805209
G_optimized_summarized_ESN_plus_thermal,14,wood,44,esn_u015_initial,ESN:initial,0.6179108626967015
G_optimized_summarized_ESN_plus_thermal,14,wood,44,esn_u004_initial,ESN:initial,0.5729054877905033
G_optimized_summarized_ESN_plus_thermal,14,wood,44,esn_u019_initial,ESN:initial,0.5609122972248406
G_optimized_summarized_ESN_plus_thermal,14,wood,44,esn_u014_initial,ESN:initial,0.5380196646383615
G_optimized_summarized_ESN_plus_thermal,14,wood,44,thermal_secondary_primary_auc_ratio,Thermal:cross_sensor,0.48134446830149863
G_optimized_summarized_ESN_plus_thermal,14,wood,44,esn_u018_initial,ESN:initial,0.4763512684228523
G_optimized_summarized_ESN_plus_thermal,14,wood,44,esn_u012_mean,ESN:mean,0.4652996526914487
G_optimized_summarized_ESN_plus_thermal,14,wood,44,esn_u006_abs_auc,ESN:abs_auc,0.3864546488933964
G_optimized_summarized_ESN_plus_thermal,14,wood,44,esn_u011_mean,ESN:mean,0.37196010295995474
G_optimized_summarized_ESN_plus_thermal,14,wood,44,esn_u008_net_change,ESN:net_change,0.37074271327525626
G_optimized_summarized_ESN_plus_thermal,14,wood,44,esn_u001_slope,ESN:slope,0.37019108357437724
G_optimized_summarized_ESN_plus_thermal,14,wood,44,thermal_secondary_early_slope,Thermal:early_slope,0.35770332844930575
G_optimized_summarized_ESN_plus_thermal,14,wood,44,esn_u018_abs_auc,ESN:abs_auc,0.3059072017081486
G_optimized_summarized_ESN_plus_thermal,14,wood,44,thermal_initial_sensor_difference,Thermal:cross_sensor,0.30529850686579935
G_optimized_summarized_ESN_plus_thermal,14,wood,44,esn_u002_net_change,ESN:net_change,0.26940453288101657
G_optimized_summarized_ESN_plus_thermal,14,wood,44,esn_u009_mean,ESN:mean,0.23970212674575517
G_optimized_summarized_ESN_plus_thermal,14,wood,44,esn_u009_max,ESN:max,0.21143586000416156
G_optimized_summarized_ESN_plus_thermal,14,wood,44,esn_u013_abs_auc,ESN:abs_auc,0.18724975087769025
G_optimized_summarized_ESN_plus_thermal,14,wood,44,esn_u015_slope,ESN:slope,0.18635573032798983
G_optimized_summarized_ESN_plus_thermal,14,wood,44,esn_u003_std,ESN:std,0.16805684162986526
G_optimized_summarized_ESN_plus_thermal,14,wood,44,esn_u003_slope,ESN:slope,0.16129462236564146
G_optimized_summarized_ESN_plus_thermal,14,wood,44,esn_u004_net_change,ESN:net_change,0.1597443526890332
G_optimized_summarized_ESN_plus_thermal,14,wood,44,esn_u002_slope,ESN:slope,0.15302017685245625
G_optimized_summarized_ESN_plus_thermal,14,wood,44,esn_u000_std,ESN:std,0.11083001559212335
G_optimized_summarized_ESN_plus_thermal,14,wood,44,esn_u009_abs_auc,ESN:abs_auc,0.04450129948987774
G_optimized_summarized_ESN_plus_thermal,14,wood,44,esn_u009_mean_abs,ESN:mean_abs,0.014741828213146076
