res_size,fold,trial_id,Temperature,Temperature_C,Sample,Trial,y_true,y_pred
5,1,30C__aluminum_trial_1,30C,30.0,aluminum,1,23958.09466547789,16928.704752604168
5,1,30C__aluminum_trial_2,30C,30.0,aluminum,2,23958.09466547789,20327.130208333332
5,1,30C__aluminum_trial_3,30C,30.0,aluminum,3,23958.09466547789,7991.433268229167
5,1,30C__aluminum_trial_4,30C,30.0,aluminum,4,23958.09466547789,16292.527669270834
5,1,30C__aluminum_trial_5,30C,30.0,aluminum,5,23958.09466547789,11843.1572265625
5,1,30C__aluminum_trial_6,30C,30.0,aluminum,6,23958.09466547789,10898.682942708334
5,1,40C__aluminum_trial_1,40C,40.0,aluminum,1,23958.09466547789,25220.955729166668
5,1,40C__aluminum_trial_2,40C,40.0,aluminum,2,23958.09466547789,8591.644124348959
5,1,40C__aluminum_trial_3,40C,40.0,aluminum,3,23958.09466547789,24989.892578125
5,1,40C__aluminum_trial_4,40C,40.0,aluminum,4,23958.09466547789,15897.755208333334
5,1,40C__aluminum_trial_5,40C,40.0,aluminum,5,23958.09466547789,12182.290690104166
5,1,40C__aluminum_trial_6,40C,40.0,aluminum,6,23958.09466547789,10105.298828125
5,1,50C__aluminum_trial_1,50C,50.0,aluminum,1,23958.09466547789,13917.944661458334
5,1,50C__aluminum_trial_2,50C,50.0,aluminum,2,23958.09466547789,8662.79248046875
5,1,50C__aluminum_trial_3,50C,50.0,aluminum,3,23958.09466547789,14110.841145833334
5,1,50C__aluminum_trial_4,50C,50.0,aluminum,4,23958.09466547789,18902.276041666668
5,1,50C__aluminum_trial_5,50C,50.0,aluminum,5,23958.09466547789,12600.3505859375
5,1,50C__aluminum_trial_6,50C,50.0,aluminum,6,23958.09466547789,20518.193359375
5,1,60C__aluminum_trial_1,60C,60.0,aluminum,1,23958.09466547789,21266.902994791668
5,1,60C__aluminum_trial_2,60C,60.0,aluminum,2,23958.09466547789,18167.796549479168
5,1,60C__aluminum_trial_3,60C,60.0,aluminum,3,23958.09466547789,13889.645833333334
5,1,60C__aluminum_trial_4,60C,60.0,aluminum,4,23958.09466547789,21362.23046875
5,1,60C__aluminum_trial_5,60C,60.0,aluminum,5,23958.09466547789,18232.583333333332
5,1,60C__aluminum_trial_6,60C,60.0,aluminum,6,23958.09466547789,21595.444010416668
5,2,30C__bismuth_trial_1,30C,30.0,bismuth,1,3209.1026783199068,6674.145345052083
5,2,30C__bismuth_trial_2,30C,30.0,bismuth,2,3209.1026783199068,9017.993977864584
5,2,30C__bismuth_trial_3,30C,30.0,bismuth,3,3209.1026783199068,7308.4052734375
5,2,30C__bismuth_trial_4,30C,30.0,bismuth,4,3209.1026783199068,9310.496744791666
5,2,30C__bismuth_trial_5,30C,30.0,bismuth,5,3209.1026783199068,5443.169596354167
5,2,30C__bismuth_trial_6,30C,30.0,bismuth,6,3209.1026783199068,11484.5625
5,2,40C__bismuth_trial_1,40C,40.0,bismuth,1,3209.1026783199068,15628.3369140625
5,2,40C__bismuth_trial_2,40C,40.0,bismuth,2,3209.1026783199068,14950.849609375
5,2,40C__bismuth_trial_3,40C,40.0,bismuth,3,3209.1026783199068,11074.968098958334
5,2,40C__bismuth_trial_4,40C,40.0,bismuth,4,3209.1026783199068,12614.529622395834
5,2,40C__bismuth_trial_5,40C,40.0,bismuth,5,3209.1026783199068,14789.768229166666
5,2,40C__bismuth_trial_6,40C,40.0,bismuth,6,3209.1026783199068,12633.130859375
5,2,50C__bismuth_trial_1,50C,50.0,bismuth,1,3209.1026783199068,10602.555338541666
5,2,50C__bismuth_trial_2,50C,50.0,bismuth,2,3209.1026783199068,14843.085611979166
5,2,50C__bismuth_trial_3,50C,50.0,bismuth,3,3209.1026783199068,19828.744140625
5,2,50C__bismuth_trial_4,50C,50.0,bismuth,4,3209.1026783199068,16221.521484375
5,2,50C__bismuth_trial_5,50C,50.0,bismuth,5,3209.1026783199068,13983.3916015625
5,2,50C__bismuth_trial_6,50C,50.0,bismuth,6,3209.1026783199068,13305.376302083334
5,2,60C__bismuth_trial_1,60C,60.0,bismuth,1,3209.1026783199068,11589.985026041666
5,2,60C__bismuth_trial_2,60C,60.0,bismuth,2,3209.1026783199068,11600.6064453125
5,2,60C__bismuth_trial_3,60C,60.0,bismuth,3,3209.1026783199068,13617.267903645834
5,2,60C__bismuth_trial_4,60C,60.0,bismuth,4,3209.1026783199068,16434.5986328125
5,2,60C__bismuth_trial_5,60C,60.0,bismuth,5,3209.1026783199068,9882.417317708334
5,2,60C__bismuth_trial_6,60C,60.0,bismuth,6,3209.1026783199068,16740.075520833332
5,3,30C__cement_trial_1,30C,30.0,cement,1,559.6427431853289,442.5898844401042
5,3,30C__cement_trial_2,30C,30.0,cement,2,559.6427431853289,384.1584167480469
5,3,30C__cement_trial_3,30C,30.0,cement,3,559.6427431853289,380.2517395019531
5,3,30C__cement_trial_4,30C,30.0,cement,4,559.6427431853289,428.3704121907552
5,3,30C__cement_trial_5,30C,30.0,cement,5,559.6427431853289,465.04713948567706
5,3,30C__cement_trial_6,30C,30.0,cement,6,559.6427431853289,360.3112538655599
5,3,40C__cement_trial_1,40C,40.0,cement,1,559.6427431853289,359.5137227376302
5,3,40C__cement_trial_2,40C,40.0,cement,2,559.6427431853289,425.11400349934894
5,3,40C__cement_trial_3,40C,40.0,cement,3,559.6427431853289,312.11016845703125
5,3,40C__cement_trial_4,40C,40.0,cement,4,559.6427431853289,593.7608439127604
5,3,40C__cement_trial_5,40C,40.0,cement,5,559.6427431853289,645.9935404459635
5,3,40C__cement_trial_6,40C,40.0,cement,6,559.6427431853289,391.4176940917969
5,3,50C__cement_trial_1,50C,50.0,cement,1,559.6427431853289,458.60020955403644
5,3,50C__cement_trial_2,50C,50.0,cement,2,559.6427431853289,300.7088928222656
5,3,50C__cement_trial_3,50C,50.0,cement,3,559.6427431853289,353.1947937011719
5,3,50C__cement_trial_4,50C,50.0,cement,4,559.6427431853289,366.2459411621094
5,3,50C__cement_trial_5,50C,50.0,cement,5,559.6427431853289,503.02777099609375
5,3,50C__cement_trial_6,50C,50.0,cement,6,559.6427431853289,470.88633219401044
5,3,60C__cement_trial_1,60C,60.0,cement,1,559.6427431853289,822.2984008789062
5,3,60C__cement_trial_2,60C,60.0,cement,2,559.6427431853289,660.3269449869791
5,3,60C__cement_trial_3,60C,60.0,cement,3,559.6427431853289,725.6185709635416
5,3,60C__cement_trial_4,60C,60.0,cement,4,559.6427431853289,632.1592814127604
5,3,60C__cement_trial_5,60C,60.0,cement,5,559.6427431853289,694.2823282877604
5,3,60C__cement_trial_6,60C,60.0,cement,6,559.6427431853289,726.5056457519531
5,4,30C__copper_trial_1,30C,30.0,copper,1,37192.601414797544,1767.5565185546875
5,4,30C__copper_trial_2,30C,30.0,copper,2,37192.601414797544,17630.28125
5,4,30C__copper_trial_3,30C,30.0,copper,3,37192.601414797544,14549.9853515625
5,4,30C__copper_trial_4,30C,30.0,copper,4,37192.601414797544,15447.923502604166
5,4,30C__copper_trial_5,30C,30.0,copper,5,37192.601414797544,12837.098307291666
5,4,30C__copper_trial_6,30C,30.0,copper,6,37192.601414797544,13307.149088541666
5,4,40C__copper_trial_1,40C,40.0,copper,1,37192.601414797544,18996.938151041668
5,4,40C__copper_trial_2,40C,40.0,copper,2,37192.601414797544,12450.025716145834
5,4,40C__copper_trial_3,40C,40.0,copper,3,37192.601414797544,17934.603515625
5,4,40C__copper_trial_4,40C,40.0,copper,4,37192.601414797544,8830.638020833334
5,4,40C__copper_trial_5,40C,40.0,copper,5,37192.601414797544,9877.9150390625
5,4,40C__copper_trial_6,40C,40.0,copper,6,37192.601414797544,6939.219563802083
5,4,50C__copper_trial_1,50C,50.0,copper,1,37192.601414797544,7136.866861979167
5,4,50C__copper_trial_2,50C,50.0,copper,2,37192.601414797544,12134.458658854166
5,4,50C__copper_trial_3,50C,50.0,copper,3,37192.601414797544,13304.31640625
5,4,50C__copper_trial_4,50C,50.0,copper,4,37192.601414797544,10412.886067708334
5,4,50C__copper_trial_5,50C,50.0,copper,5,37192.601414797544,11222.611328125
5,4,50C__copper_trial_6,50C,50.0,copper,6,37192.601414797544,8489.398111979166
5,4,60C__copper_trial_1,60C,60.0,copper,1,37192.601414797544,16158.158528645834
5,4,60C__copper_trial_2,60C,60.0,copper,2,37192.601414797544,19854.131510416668
5,4,60C__copper_trial_3,60C,60.0,copper,3,37192.601414797544,15463.207682291666
5,4,60C__copper_trial_4,60C,60.0,copper,4,37192.601414797544,19428.837890625
5,4,60C__copper_trial_5,60C,60.0,copper,5,37192.601414797544,16019.3076171875
5,4,60C__copper_trial_6,60C,60.0,copper,6,37192.601414797544,12396.122721354166
5,5,30C__cork_trial_1,30C,30.0,cork,1,136.29380029920657,159.19649759928384
5,5,30C__cork_trial_2,30C,30.0,cork,2,136.29380029920657,63.695081075032554
5,5,30C__cork_trial_3,30C,30.0,cork,3,136.29380029920657,62.69614919026693
5,5,30C__cork_trial_4,30C,30.0,cork,4,136.29380029920657,36.6947673874397
5,5,30C__cork_trial_5,30C,30.0,cork,5,136.29380029920657,58.993919372558594
5,5,30C__cork_trial_6,30C,30.0,cork,6,136.29380029920657,52.63887405395508
5,5,40C__cork_trial_1,40C,40.0,cork,1,136.29380029920657,86.90076955159505
5,5,40C__cork_trial_2,40C,40.0,cork,2,136.29380029920657,84.77198028564453
5,5,40C__cork_trial_3,40C,40.0,cork,3,136.29380029920657,92.63445536295573
5,5,40C__cork_trial_4,40C,40.0,cork,4,136.29380029920657,93.70814259847005
5,5,40C__cork_trial_5,40C,40.0,cork,5,136.29380029920657,44.65612920125326
5,5,40C__cork_trial_6,40C,40.0,cork,6,136.29380029920657,34.496376621320685
5,5,50C__cork_trial_1,50C,50.0,cork,1,136.29380029920657,479.03367106119794
5,5,50C__cork_trial_2,50C,50.0,cork,2,136.29380029920657,448.53294881184894
5,5,50C__cork_trial_3,50C,50.0,cork,3,136.29380029920657,460.77637736002606
5,5,50C__cork_trial_4,50C,50.0,cork,4,136.29380029920657,277.2623748779297
5,5,50C__cork_trial_5,50C,50.0,cork,5,136.29380029920657,461.3256327311198
5,5,50C__cork_trial_6,50C,50.0,cork,6,136.29380029920657,420.7269999186198
5,5,60C__cork_trial_1,60C,60.0,cork,1,136.29380029920657,504.3619689941406
5,5,60C__cork_trial_2,60C,60.0,cork,2,136.29380029920657,389.9334309895833
5,5,60C__cork_trial_3,60C,60.0,cork,3,136.29380029920657,426.7969665527344
5,5,60C__cork_trial_4,60C,60.0,cork,4,136.29380029920657,408.1297302246094
5,5,60C__cork_trial_5,60C,60.0,cork,5,136.29380029920657,478.94927978515625
5,5,60C__cork_trial_6,60C,60.0,cork,6,136.29380029920657,458.6048278808594
5,6,30C__graphite_trial_1,30C,30.0,graphite,1,11367.497525840945,10062.167317708334
5,6,30C__graphite_trial_2,30C,30.0,graphite,2,11367.497525840945,2540.659138997396
5,6,30C__graphite_trial_3,30C,30.0,graphite,3,11367.497525840945,1403.499267578125
5,6,30C__graphite_trial_4,30C,30.0,graphite,4,11367.497525840945,5774.01953125
5,6,30C__graphite_trial_5,30C,30.0,graphite,5,11367.497525840945,5889.295817057292
5,6,30C__graphite_trial_6,30C,30.0,graphite,6,11367.497525840945,3249.5341796875
5,6,40C__graphite_trial_1,40C,40.0,graphite,1,11367.497525840945,13196.716145833334
5,6,40C__graphite_trial_2,40C,40.0,graphite,2,11367.497525840945,16063.039713541666
5,6,40C__graphite_trial_3,40C,40.0,graphite,3,11367.497525840945,7078.20751953125
5,6,40C__graphite_trial_4,40C,40.0,graphite,4,11367.497525840945,14262.720052083334
5,6,40C__graphite_trial_5,40C,40.0,graphite,5,11367.497525840945,4289.568929036458
5,6,40C__graphite_trial_6,40C,40.0,graphite,6,11367.497525840945,10390.370768229166
5,6,50C__graphite_trial_1,50C,50.0,graphite,1,11367.497525840945,17323.804361979168
5,6,50C__graphite_trial_2,50C,50.0,graphite,2,11367.497525840945,14443.759114583334
5,6,50C__graphite_trial_3,50C,50.0,graphite,3,11367.497525840945,16208.467447916666
5,6,50C__graphite_trial_4,50C,50.0,graphite,4,11367.497525840945,15626.779622395834
5,6,50C__graphite_trial_5,50C,50.0,graphite,5,11367.497525840945,7366.231282552083
5,6,50C__graphite_trial_6,50C,50.0,graphite,6,11367.497525840945,10588.798177083334
5,6,60C__graphite_trial_1,60C,60.0,graphite,1,11367.497525840945,9341.30810546875
5,6,60C__graphite_trial_2,60C,60.0,graphite,2,11367.497525840945,15202.162434895834
5,6,60C__graphite_trial_3,60C,60.0,graphite,3,11367.497525840945,11628.872721354166
5,6,60C__graphite_trial_4,60C,60.0,graphite,4,11367.497525840945,13029.865234375
5,6,60C__graphite_trial_5,60C,60.0,graphite,5,11367.497525840945,10571.181315104166
5,6,60C__graphite_trial_6,60C,60.0,graphite,6,11367.497525840945,16715.5732421875
5,7,30C__gypsum_trial_1,30C,30.0,gypsum,1,385.01948002666046,355.4828694661458
5,7,30C__gypsum_trial_2,30C,30.0,gypsum,2,385.01948002666046,259.7927652994792
5,7,30C__gypsum_trial_3,30C,30.0,gypsum,3,385.01948002666046,239.36776224772134
5,7,30C__gypsum_trial_4,30C,30.0,gypsum,4,385.01948002666046,275.62127685546875
5,7,30C__gypsum_trial_5,30C,30.0,gypsum,5,385.01948002666046,361.8380126953125
5,7,30C__gypsum_trial_6,30C,30.0,gypsum,6,385.01948002666046,274.7896779378255
5,7,40C__gypsum_trial_1,40C,40.0,gypsum,1,385.01948002666046,280.92949930826825
5,7,40C__gypsum_trial_2,40C,40.0,gypsum,2,385.01948002666046,212.86088053385416
5,7,40C__gypsum_trial_3,40C,40.0,gypsum,3,385.01948002666046,231.13053385416666
5,7,40C__gypsum_trial_4,40C,40.0,gypsum,4,385.01948002666046,361.38299051920575
5,7,40C__gypsum_trial_5,40C,40.0,gypsum,5,385.01948002666046,606.6893310546875
5,7,40C__gypsum_trial_6,40C,40.0,gypsum,6,385.01948002666046,498.3150939941406
5,7,50C__gypsum_trial_1,50C,50.0,gypsum,1,385.01948002666046,902.1836344401041
5,7,50C__gypsum_trial_2,50C,50.0,gypsum,2,385.01948002666046,683.0108642578125
5,7,50C__gypsum_trial_3,50C,50.0,gypsum,3,385.01948002666046,601.8999430338541
5,7,50C__gypsum_trial_4,50C,50.0,gypsum,4,385.01948002666046,595.4405110677084
5,7,50C__gypsum_trial_5,50C,50.0,gypsum,5,385.01948002666046,820.3142293294271
5,7,50C__gypsum_trial_6,50C,50.0,gypsum,6,385.01948002666046,587.4962158203125
5,7,60C__gypsum_trial_1,60C,60.0,gypsum,1,385.01948002666046,4297.590169270833
5,7,60C__gypsum_trial_2,60C,60.0,gypsum,2,385.01948002666046,1938.2718505859375
5,7,60C__gypsum_trial_3,60C,60.0,gypsum,3,385.01948002666046,1419.1918131510417
5,7,60C__gypsum_trial_4,60C,60.0,gypsum,4,385.01948002666046,2437.929239908854
5,7,60C__gypsum_trial_5,60C,60.0,gypsum,5,385.01948002666046,3244.775349934896
5,7,60C__gypsum_trial_6,60C,60.0,gypsum,6,385.01948002666046,2225.602010091146
5,8,30C__iron_trial_1,30C,30.0,iron,1,16859.663413010356,9983.142903645834
5,8,30C__iron_trial_2,30C,30.0,iron,2,16859.663413010356,22290.794270833332
5,8,30C__iron_trial_3,30C,30.0,iron,3,16859.663413010356,18236.944661458332
5,8,30C__iron_trial_4,30C,30.0,iron,4,16859.663413010356,21101.343098958332
5,8,30C__iron_trial_5,30C,30.0,iron,5,16859.663413010356,13391.661783854166
5,8,30C__iron_trial_6,30C,30.0,iron,6,16859.663413010356,12535.091145833334
5,8,40C__iron_trial_1,40C,40.0,iron,1,16859.663413010356,16300.303059895834
5,8,40C__iron_trial_2,40C,40.0,iron,2,16859.663413010356,7356.783365885417
5,8,40C__iron_trial_3,40C,40.0,iron,3,16859.663413010356,6789.991536458333
5,8,40C__iron_trial_4,40C,40.0,iron,4,16859.663413010356,6299.116536458333
5,8,40C__iron_trial_5,40C,40.0,iron,5,16859.663413010356,13697.097330729166
5,8,40C__iron_trial_6,40C,40.0,iron,6,16859.663413010356,14937.921223958334
5,8,50C__iron_trial_1,50C,50.0,iron,1,16859.663413010356,11860.297200520834
5,8,50C__iron_trial_2,50C,50.0,iron,2,16859.663413010356,15282.0234375
5,8,50C__iron_trial_3,50C,50.0,iron,3,16859.663413010356,8972.976236979166
5,8,50C__iron_trial_4,50C,50.0,iron,4,16859.663413010356,10852.5478515625
5,8,50C__iron_trial_5,50C,50.0,iron,5,16859.663413010356,20218.391927083332
5,8,50C__iron_trial_6,50C,50.0,iron,6,16859.663413010356,26085.614583333332
5,8,60C__iron_trial_1,60C,60.0,iron,1,16859.663413010356,28514.975260416668
5,8,60C__iron_trial_2,60C,60.0,iron,2,16859.663413010356,19344.865234375
5,8,60C__iron_trial_3,60C,60.0,iron,3,16859.663413010356,18023.137369791668
5,8,60C__iron_trial_4,60C,60.0,iron,4,16859.663413010356,14161.05859375
5,8,60C__iron_trial_5,60C,60.0,iron,5,16859.663413010356,19486.41015625
5,8,60C__iron_trial_6,60C,60.0,iron,6,16859.663413010356,24139.041666666668
5,9,30C__nickel_trial_1,30C,30.0,nickel,1,19320.68449098013,14820.004231770834
5,9,30C__nickel_trial_2,30C,30.0,nickel,2,19320.68449098013,15423.9091796875
5,9,30C__nickel_trial_3,30C,30.0,nickel,3,19320.68449098013,22248.833984375
5,9,30C__nickel_trial_4,30C,30.0,nickel,4,19320.68449098013,11477.861653645834
5,9,30C__nickel_trial_5,30C,30.0,nickel,5,19320.68449098013,17800.187825520832
5,9,30C__nickel_trial_6,30C,30.0,nickel,6,19320.68449098013,22048.297526041668
5,9,40C__nickel_trial_1,40C,40.0,nickel,1,19320.68449098013,5618.243326822917
5,9,40C__nickel_trial_2,40C,40.0,nickel,2,19320.68449098013,8659.22119140625
5,9,40C__nickel_trial_3,40C,40.0,nickel,3,19320.68449098013,20602.201822916668
5,9,40C__nickel_trial_4,40C,40.0,nickel,4,19320.68449098013,13552.255533854166
5,9,40C__nickel_trial_5,40C,40.0,nickel,5,19320.68449098013,12509.371419270834
5,9,40C__nickel_trial_6,40C,40.0,nickel,6,19320.68449098013,10284.061197916666
5,9,50C__nickel_trial_1,50C,50.0,nickel,1,19320.68449098013,11334.25390625
5,9,50C__nickel_trial_2,50C,50.0,nickel,2,19320.68449098013,11823.9482421875
5,9,50C__nickel_trial_3,50C,50.0,nickel,3,19320.68449098013,14274.9765625
5,9,50C__nickel_trial_4,50C,50.0,nickel,4,19320.68449098013,11739.617838541666
5,9,50C__nickel_trial_5,50C,50.0,nickel,5,19320.68449098013,7626.392903645833
5,9,50C__nickel_trial_6,50C,50.0,nickel,6,19320.68449098013,16002.458984375
5,9,60C__nickel_trial_1,60C,60.0,nickel,1,19320.68449098013,11592.618815104166
5,9,60C__nickel_trial_2,60C,60.0,nickel,2,19320.68449098013,20617.119466145832
5,9,60C__nickel_trial_3,60C,60.0,nickel,3,19320.68449098013,12484.72705078125
5,9,60C__nickel_trial_4,60C,60.0,nickel,4,19320.68449098013,23718.5703125
5,9,60C__nickel_trial_5,60C,60.0,nickel,5,19320.68449098013,18269.240885416668
5,9,60C__nickel_trial_6,60C,60.0,nickel,6,19320.68449098013,21725.697265625
5,10,30C__pdms_trial_1,30C,30.0,pdms,1,460.90129095067635,196.48265584309897
5,10,30C__pdms_trial_2,30C,30.0,pdms,2,460.90129095067635,128.51883443196616
5,10,30C__pdms_trial_3,30C,30.0,pdms,3,460.90129095067635,142.36160786946616
5,10,30C__pdms_trial_4,30C,30.0,pdms,4,460.90129095067635,57.739261627197266
5,10,30C__pdms_trial_5,30C,30.0,pdms,5,460.90129095067635,134.83445485432944
5,10,30C__pdms_trial_6,30C,30.0,pdms,6,460.90129095067635,95.22071075439453
5,10,40C__pdms_trial_1,40C,40.0,pdms,1,460.90129095067635,481.49078369140625
5,10,40C__pdms_trial_2,40C,40.0,pdms,2,460.90129095067635,485.9114074707031
5,10,40C__pdms_trial_3,40C,40.0,pdms,3,460.90129095067635,428.3527526855469
5,10,40C__pdms_trial_4,40C,40.0,pdms,4,460.90129095067635,382.8815205891927
5,10,40C__pdms_trial_5,40C,40.0,pdms,5,460.90129095067635,197.57650248209634
5,10,40C__pdms_trial_6,40C,40.0,pdms,6,460.90129095067635,339.0878601074219
5,10,50C__pdms_trial_1,50C,50.0,pdms,1,460.90129095067635,245.7730509440104
5,10,50C__pdms_trial_2,50C,50.0,pdms,2,460.90129095067635,160.24708048502603
5,10,50C__pdms_trial_3,50C,50.0,pdms,3,460.90129095067635,409.7112121582031
5,10,50C__pdms_trial_4,50C,50.0,pdms,4,460.90129095067635,379.5039571126302
5,10,50C__pdms_trial_5,50C,50.0,pdms,5,460.90129095067635,272.87457275390625
5,10,50C__pdms_trial_6,50C,50.0,pdms,6,460.90129095067635,294.91432698567706
5,10,60C__pdms_trial_1,60C,60.0,pdms,1,460.90129095067635,722.3093465169271
5,10,60C__pdms_trial_2,60C,60.0,pdms,2,460.90129095067635,474.55751546223956
5,10,60C__pdms_trial_3,60C,60.0,pdms,3,460.90129095067635,500.80877685546875
5,10,60C__pdms_trial_4,60C,60.0,pdms,4,460.90129095067635,257.9674377441406
5,10,60C__pdms_trial_5,60C,60.0,pdms,5,460.90129095067635,258.7863515218099
5,10,60C__pdms_trial_6,60C,60.0,pdms,6,460.90129095067635,193.5386962890625
5,11,30C__ps_foam_trial_1,30C,30.0,ps_foam,1,34.496376621320685,304.83058675130206
5,11,30C__ps_foam_trial_2,30C,30.0,ps_foam,2,34.496376621320685,377.14720662434894
5,11,30C__ps_foam_trial_3,30C,30.0,ps_foam,3,34.496376621320685,336.28285725911456
5,11,30C__ps_foam_trial_4,30C,30.0,ps_foam,4,34.496376621320685,286.59837849934894
5,11,30C__ps_foam_trial_5,30C,30.0,ps_foam,5,34.496376621320685,198.52087910970053
5,11,30C__ps_foam_trial_6,30C,30.0,ps_foam,6,34.496376621320685,245.72457885742188
5,11,40C__ps_foam_trial_1,40C,40.0,ps_foam,1,34.496376621320685,56.70931625366211
5,11,40C__ps_foam_trial_2,40C,40.0,ps_foam,2,34.496376621320685,51.85975011189779
5,11,40C__ps_foam_trial_3,40C,40.0,ps_foam,3,34.496376621320685,46.055414737840884
5,11,40C__ps_foam_trial_4,40C,40.0,ps_foam,4,34.496376621320685,351.4774169921875
5,11,40C__ps_foam_trial_5,40C,40.0,ps_foam,5,34.496376621320685,60.10603836257278
5,11,40C__ps_foam_trial_6,40C,40.0,ps_foam,6,34.496376621320685,115.09037780761719
5,11,50C__ps_foam_trial_1,50C,50.0,ps_foam,1,34.496376621320685,69.99182637532552
5,11,50C__ps_foam_trial_2,50C,50.0,ps_foam,2,34.496376621320685,65.6095453898112
5,11,50C__ps_foam_trial_3,50C,50.0,ps_foam,3,34.496376621320685,51.26055145263672
5,11,50C__ps_foam_trial_4,50C,50.0,ps_foam,4,34.496376621320685,52.149014741967314
5,11,50C__ps_foam_trial_5,50C,50.0,ps_foam,5,34.496376621320685,73.68148040771484
5,11,50C__ps_foam_trial_6,50C,50.0,ps_foam,6,34.496376621320685,59.30856959025065
5,11,60C__ps_foam_trial_1,60C,60.0,ps_foam,1,34.496376621320685,179.88365936279297
5,11,60C__ps_foam_trial_2,60C,60.0,ps_foam,2,34.496376621320685,170.53728485107422
5,11,60C__ps_foam_trial_3,60C,60.0,ps_foam,3,34.496376621320685,129.92484914341588
5,11,60C__ps_foam_trial_4,60C,60.0,ps_foam,4,34.496376621320685,192.16917419433594
5,11,60C__ps_foam_trial_5,60C,60.0,ps_foam,5,34.496376621320685,116.47095103143671
5,11,60C__ps_foam_trial_6,60C,60.0,ps_foam,6,34.496376621320685,245.23880513509116
5,12,30C__pu_foam_trial_1,30C,30.0,pu_foam,1,42.49705872175155,186.61597188313803
5,12,30C__pu_foam_trial_2,30C,30.0,pu_foam,2,42.49705872175155,71.90758387247722
5,12,30C__pu_foam_trial_3,30C,30.0,pu_foam,3,42.49705872175155,137.15727742513022
5,12,30C__pu_foam_trial_4,30C,30.0,pu_foam,4,42.49705872175155,165.71673583984375
5,12,30C__pu_foam_trial_5,30C,30.0,pu_foam,5,42.49705872175155,245.68706258138022
5,12,30C__pu_foam_trial_6,30C,30.0,pu_foam,6,42.49705872175155,84.47880554199219
5,12,40C__pu_foam_trial_1,40C,40.0,pu_foam,1,42.49705872175155,66.29109064737956
5,12,40C__pu_foam_trial_2,40C,40.0,pu_foam,2,42.49705872175155,79.18022918701172
5,12,40C__pu_foam_trial_3,40C,40.0,pu_foam,3,42.49705872175155,81.34045918782552
5,12,40C__pu_foam_trial_4,40C,40.0,pu_foam,4,42.49705872175155,86.0054702758789
5,12,40C__pu_foam_trial_5,40C,40.0,pu_foam,5,42.49705872175155,37.833744243646606
5,12,40C__pu_foam_trial_6,40C,40.0,pu_foam,6,42.49705872175155,56.478989919026695
5,12,50C__pu_foam_trial_1,50C,50.0,pu_foam,1,42.49705872175155,128.5113779703776
5,12,50C__pu_foam_trial_2,50C,50.0,pu_foam,2,42.49705872175155,104.8110122680664
5,12,50C__pu_foam_trial_3,50C,50.0,pu_foam,3,42.49705872175155,132.34409840901694
5,12,50C__pu_foam_trial_4,50C,50.0,pu_foam,4,42.49705872175155,75.19067255655925
5,12,50C__pu_foam_trial_5,50C,50.0,pu_foam,5,42.49705872175155,86.10221354166667
5,12,50C__pu_foam_trial_6,50C,50.0,pu_foam,6,42.49705872175155,97.04878997802734
5,12,60C__pu_foam_trial_1,60C,60.0,pu_foam,1,42.49705872175155,146.3525644938151
5,12,60C__pu_foam_trial_2,60C,60.0,pu_foam,2,42.49705872175155,794.2931925455729
5,12,60C__pu_foam_trial_3,60C,60.0,pu_foam,3,42.49705872175155,264.82518513997394
5,12,60C__pu_foam_trial_4,60C,60.0,pu_foam,4,42.49705872175155,130.43582661946616
5,12,60C__pu_foam_trial_5,60C,60.0,pu_foam,5,42.49705872175155,191.79889933268228
5,12,60C__pu_foam_trial_6,60C,60.0,pu_foam,6,42.49705872175155,226.49378458658853
5,13,30C__titanium_trial_1,30C,30.0,titanium,1,7184.0359269702985,11786.237630208334
5,13,30C__titanium_trial_2,30C,30.0,titanium,2,7184.0359269702985,6282.746419270833
5,13,30C__titanium_trial_3,30C,30.0,titanium,3,7184.0359269702985,4208.22802734375
5,13,30C__titanium_trial_4,30C,30.0,titanium,4,7184.0359269702985,5058.119140625
5,13,30C__titanium_trial_5,30C,30.0,titanium,5,7184.0359269702985,7654.69921875
5,13,30C__titanium_trial_6,30C,30.0,titanium,6,7184.0359269702985,4691.937255859375
5,13,40C__titanium_trial_1,40C,40.0,titanium,1,7184.0359269702985,14283.751302083334
5,13,40C__titanium_trial_2,40C,40.0,titanium,2,7184.0359269702985,11420.956380208334
5,13,40C__titanium_trial_3,40C,40.0,titanium,3,7184.0359269702985,14754.712890625
5,13,40C__titanium_trial_4,40C,40.0,titanium,4,7184.0359269702985,10773.402018229166
5,13,40C__titanium_trial_5,40C,40.0,titanium,5,7184.0359269702985,14982.0986328125
5,13,40C__titanium_trial_6,40C,40.0,titanium,6,7184.0359269702985,16428.125
5,13,50C__titanium_trial_1,50C,50.0,titanium,1,7184.0359269702985,12357.471354166666
5,13,50C__titanium_trial_2,50C,50.0,titanium,2,7184.0359269702985,6544.092122395833
5,13,50C__titanium_trial_3,50C,50.0,titanium,3,7184.0359269702985,15504.107747395834
5,13,50C__titanium_trial_4,50C,50.0,titanium,4,7184.0359269702985,13377.5986328125
5,13,50C__titanium_trial_5,50C,50.0,titanium,5,7184.0359269702985,10370.5791015625
5,13,50C__titanium_trial_6,50C,50.0,titanium,6,7184.0359269702985,16630.520182291668
5,13,60C__titanium_trial_1,60C,60.0,titanium,1,7184.0359269702985,11806.841471354166
5,13,60C__titanium_trial_2,60C,60.0,titanium,2,7184.0359269702985,10958.123697916666
5,13,60C__titanium_trial_3,60C,60.0,titanium,3,7184.0359269702985,11150.629557291666
5,13,60C__titanium_trial_4,60C,60.0,titanium,4,7184.0359269702985,10560.716471354166
5,13,60C__titanium_trial_5,60C,60.0,titanium,5,7184.0359269702985,11531.34765625
5,13,60C__titanium_trial_6,60C,60.0,titanium,6,7184.0359269702985,11466.380533854166
5,14,30C__wood_trial_1,30C,30.0,wood,1,422.49260348555214,83.94574737548828
5,14,30C__wood_trial_2,30C,30.0,wood,2,422.49260348555214,201.31450398763022
5,14,30C__wood_trial_3,30C,30.0,wood,3,422.49260348555214,144.93622334798178
5,14,30C__wood_trial_4,30C,30.0,wood,4,422.49260348555214,92.45070393880208
5,14,30C__wood_trial_5,30C,30.0,wood,5,422.49260348555214,154.75336201985678
5,14,30C__wood_trial_6,30C,30.0,wood,6,422.49260348555214,226.2634531656901
5,14,40C__wood_trial_1,40C,40.0,wood,1,422.49260348555214,161.1112314860026
5,14,40C__wood_trial_2,40C,40.0,wood,2,422.49260348555214,146.8646697998047
5,14,40C__wood_trial_3,40C,40.0,wood,3,422.49260348555214,160.35946146647134
5,14,40C__wood_trial_4,40C,40.0,wood,4,422.49260348555214,128.23639424641928
5,14,40C__wood_trial_5,40C,40.0,wood,5,422.49260348555214,300.39735921223956
5,14,40C__wood_trial_6,40C,40.0,wood,6,422.49260348555214,280.62286376953125
5,14,50C__wood_trial_1,50C,50.0,wood,1,422.49260348555214,240.0741933186849
5,14,50C__wood_trial_2,50C,50.0,wood,2,422.49260348555214,273.28160603841144
5,14,50C__wood_trial_3,50C,50.0,wood,3,422.49260348555214,351.8172200520833
5,14,50C__wood_trial_4,50C,50.0,wood,4,422.49260348555214,260.4569396972656
5,14,50C__wood_trial_5,50C,50.0,wood,5,422.49260348555214,209.49385579427084
5,14,50C__wood_trial_6,50C,50.0,wood,6,422.49260348555214,197.70427449544272
5,14,60C__wood_trial_1,60C,60.0,wood,1,422.49260348555214,13568.861653645834
5,14,60C__wood_trial_2,60C,60.0,wood,2,422.49260348555214,9644.35693359375
5,14,60C__wood_trial_3,60C,60.0,wood,3,422.49260348555214,13529.437825520834
5,14,60C__wood_trial_4,60C,60.0,wood,4,422.49260348555214,10631.6513671875
5,14,60C__wood_trial_5,60C,60.0,wood,5,422.49260348555214,7918.590657552083
5,14,60C__wood_trial_6,60C,60.0,wood,6,422.49260348555214,1236.7766723632812
10,1,30C__aluminum_trial_1,30C,30.0,aluminum,1,23958.09466547789,16320.049153645834
10,1,30C__aluminum_trial_2,30C,30.0,aluminum,2,23958.09466547789,20270.445963541668
10,1,30C__aluminum_trial_3,30C,30.0,aluminum,3,23958.09466547789,8911.85205078125
10,1,30C__aluminum_trial_4,30C,30.0,aluminum,4,23958.09466547789,17536.180989583332
10,1,30C__aluminum_trial_5,30C,30.0,aluminum,5,23958.09466547789,13296.982096354166
10,1,30C__aluminum_trial_6,30C,30.0,aluminum,6,23958.09466547789,11158.628580729166
10,1,40C__aluminum_trial_1,40C,40.0,aluminum,1,23958.09466547789,26023.086588541668
10,1,40C__aluminum_trial_2,40C,40.0,aluminum,2,23958.09466547789,6659.784098307292
10,1,40C__aluminum_trial_3,40C,40.0,aluminum,3,23958.09466547789,25403.742838541668
10,1,40C__aluminum_trial_4,40C,40.0,aluminum,4,23958.09466547789,14761.100260416666
10,1,40C__aluminum_trial_5,40C,40.0,aluminum,5,23958.09466547789,13208.73828125
10,1,40C__aluminum_trial_6,40C,40.0,aluminum,6,23958.09466547789,10734.049479166666
10,1,50C__aluminum_trial_1,50C,50.0,aluminum,1,23958.09466547789,14407.0771484375
10,1,50C__aluminum_trial_2,50C,50.0,aluminum,2,23958.09466547789,10121.627278645834
10,1,50C__aluminum_trial_3,50C,50.0,aluminum,3,23958.09466547789,14148.156901041666
10,1,50C__aluminum_trial_4,50C,50.0,aluminum,4,23958.09466547789,18841.802734375
10,1,50C__aluminum_trial_5,50C,50.0,aluminum,5,23958.09466547789,12158.383463541666
10,1,50C__aluminum_trial_6,50C,50.0,aluminum,6,23958.09466547789,21175.333984375
10,1,60C__aluminum_trial_1,60C,60.0,aluminum,1,23958.09466547789,18104.8662109375
10,1,60C__aluminum_trial_2,60C,60.0,aluminum,2,23958.09466547789,16052.194986979166
10,1,60C__aluminum_trial_3,60C,60.0,aluminum,3,23958.09466547789,12121.569173177084
10,1,60C__aluminum_trial_4,60C,60.0,aluminum,4,23958.09466547789,18312.278645833332
10,1,60C__aluminum_trial_5,60C,60.0,aluminum,5,23958.09466547789,17078.334635416668
10,1,60C__aluminum_trial_6,60C,60.0,aluminum,6,23958.09466547789,20635.424153645832
10,2,30C__bismuth_trial_1,30C,30.0,bismuth,1,3209.1026783199068,7868.607177734375
10,2,30C__bismuth_trial_2,30C,30.0,bismuth,2,3209.1026783199068,7233.7958984375
10,2,30C__bismuth_trial_3,30C,30.0,bismuth,3,3209.1026783199068,5775.423828125
10,2,30C__bismuth_trial_4,30C,30.0,bismuth,4,3209.1026783199068,9251.742838541666
10,2,30C__bismuth_trial_5,30C,30.0,bismuth,5,3209.1026783199068,6309.352376302083
10,2,30C__bismuth_trial_6,30C,30.0,bismuth,6,3209.1026783199068,10667.1904296875
10,2,40C__bismuth_trial_1,40C,40.0,bismuth,1,3209.1026783199068,15443.463216145834
10,2,40C__bismuth_trial_2,40C,40.0,bismuth,2,3209.1026783199068,12679.771158854166
10,2,40C__bismuth_trial_3,40C,40.0,bismuth,3,3209.1026783199068,7660.576985677083
10,2,40C__bismuth_trial_4,40C,40.0,bismuth,4,3209.1026783199068,12120.078125
10,2,40C__bismuth_trial_5,40C,40.0,bismuth,5,3209.1026783199068,14494.67578125
10,2,40C__bismuth_trial_6,40C,40.0,bismuth,6,3209.1026783199068,12769.280598958334
10,2,50C__bismuth_trial_1,50C,50.0,bismuth,1,3209.1026783199068,10367.351888020834
10,2,50C__bismuth_trial_2,50C,50.0,bismuth,2,3209.1026783199068,14968.9423828125
10,2,50C__bismuth_trial_3,50C,50.0,bismuth,3,3209.1026783199068,19099.216145833332
10,2,50C__bismuth_trial_4,50C,50.0,bismuth,4,3209.1026783199068,16989.4375
10,2,50C__bismuth_trial_5,50C,50.0,bismuth,5,3209.1026783199068,16450.246744791668
10,2,50C__bismuth_trial_6,50C,50.0,bismuth,6,3209.1026783199068,12269.6708984375
10,2,60C__bismuth_trial_1,60C,60.0,bismuth,1,3209.1026783199068,11157.263346354166
10,2,60C__bismuth_trial_2,60C,60.0,bismuth,2,3209.1026783199068,12113.212565104166
10,2,60C__bismuth_trial_3,60C,60.0,bismuth,3,3209.1026783199068,12984.9287109375
10,2,60C__bismuth_trial_4,60C,60.0,bismuth,4,3209.1026783199068,15694.867513020834
10,2,60C__bismuth_trial_5,60C,60.0,bismuth,5,3209.1026783199068,10443.976236979166
10,2,60C__bismuth_trial_6,60C,60.0,bismuth,6,3209.1026783199068,16874.638346354168
10,3,30C__cement_trial_1,30C,30.0,cement,1,559.6427431853289,441.3710428873698
10,3,30C__cement_trial_2,30C,30.0,cement,2,559.6427431853289,398.62013753255206
10,3,30C__cement_trial_3,30C,30.0,cement,3,559.6427431853289,420.96201578776044
10,3,30C__cement_trial_4,30C,30.0,cement,4,559.6427431853289,464.8817545572917
10,3,30C__cement_trial_5,30C,30.0,cement,5,559.6427431853289,544.5501403808594
10,3,30C__cement_trial_6,30C,30.0,cement,6,559.6427431853289,419.8823954264323
10,3,40C__cement_trial_1,40C,40.0,cement,1,559.6427431853289,458.17467244466144
10,3,40C__cement_trial_2,40C,40.0,cement,2,559.6427431853289,449.8527119954427
10,3,40C__cement_trial_3,40C,40.0,cement,3,559.6427431853289,374.39441935221356
10,3,40C__cement_trial_4,40C,40.0,cement,4,559.6427431853289,677.5255940755209
10,3,40C__cement_trial_5,40C,40.0,cement,5,559.6427431853289,735.488525390625
10,3,40C__cement_trial_6,40C,40.0,cement,6,559.6427431853289,369.8975321451823
10,3,50C__cement_trial_1,50C,50.0,cement,1,559.6427431853289,429.3413492838542
10,3,50C__cement_trial_2,50C,50.0,cement,2,559.6427431853289,319.5113118489583
10,3,50C__cement_trial_3,50C,50.0,cement,3,559.6427431853289,396.70654296875
10,3,50C__cement_trial_4,50C,50.0,cement,4,559.6427431853289,343.67247517903644
10,3,50C__cement_trial_5,50C,50.0,cement,5,559.6427431853289,499.5531717936198
10,3,50C__cement_trial_6,50C,50.0,cement,6,559.6427431853289,525.236328125
10,3,60C__cement_trial_1,60C,60.0,cement,1,559.6427431853289,859.5027058919271
10,3,60C__cement_trial_2,60C,60.0,cement,2,559.6427431853289,661.8393147786459
10,3,60C__cement_trial_3,60C,60.0,cement,3,559.6427431853289,744.9957478841146
10,3,60C__cement_trial_4,60C,60.0,cement,4,559.6427431853289,624.9878336588541
10,3,60C__cement_trial_5,60C,60.0,cement,5,559.6427431853289,729.884521484375
10,3,60C__cement_trial_6,60C,60.0,cement,6,559.6427431853289,747.9902954101562
10,4,30C__copper_trial_1,30C,30.0,copper,1,37192.601414797544,2758.391072591146
10,4,30C__copper_trial_2,30C,30.0,copper,2,37192.601414797544,18209.713541666668
10,4,30C__copper_trial_3,30C,30.0,copper,3,37192.601414797544,16829.4619140625
10,4,30C__copper_trial_4,30C,30.0,copper,4,37192.601414797544,16169.137044270834
10,4,30C__copper_trial_5,30C,30.0,copper,5,37192.601414797544,13102.698567708334
10,4,30C__copper_trial_6,30C,30.0,copper,6,37192.601414797544,11409.44921875
10,4,40C__copper_trial_1,40C,40.0,copper,1,37192.601414797544,19161.861979166668
10,4,40C__copper_trial_2,40C,40.0,copper,2,37192.601414797544,13972.760416666666
10,4,40C__copper_trial_3,40C,40.0,copper,3,37192.601414797544,15296.832356770834
10,4,40C__copper_trial_4,40C,40.0,copper,4,37192.601414797544,9022.220377604166
10,4,40C__copper_trial_5,40C,40.0,copper,5,37192.601414797544,9193.188802083334
10,4,40C__copper_trial_6,40C,40.0,copper,6,37192.601414797544,6348.4267578125
10,4,50C__copper_trial_1,50C,50.0,copper,1,37192.601414797544,6825.741861979167
10,4,50C__copper_trial_2,50C,50.0,copper,2,37192.601414797544,11802.825520833334
10,4,50C__copper_trial_3,50C,50.0,copper,3,37192.601414797544,10792.79296875
10,4,50C__copper_trial_4,50C,50.0,copper,4,37192.601414797544,10429.451822916666
10,4,50C__copper_trial_5,50C,50.0,copper,5,37192.601414797544,10255.787760416666
10,4,50C__copper_trial_6,50C,50.0,copper,6,37192.601414797544,8668.603515625
10,4,60C__copper_trial_1,60C,60.0,copper,1,37192.601414797544,14454.6064453125
10,4,60C__copper_trial_2,60C,60.0,copper,2,37192.601414797544,21252.744140625
10,4,60C__copper_trial_3,60C,60.0,copper,3,37192.601414797544,16402.8857421875
10,4,60C__copper_trial_4,60C,60.0,copper,4,37192.601414797544,19194.159505208332
10,4,60C__copper_trial_5,60C,60.0,copper,5,37192.601414797544,15170.936197916666
10,4,60C__copper_trial_6,60C,60.0,copper,6,37192.601414797544,11136.837565104166
10,5,30C__cork_trial_1,30C,30.0,cork,1,136.29380029920657,143.3643035888672
10,5,30C__cork_trial_2,30C,30.0,cork,2,136.29380029920657,81.45821380615234
10,5,30C__cork_trial_3,30C,30.0,cork,3,136.29380029920657,66.50080744425456
10,5,30C__cork_trial_4,30C,30.0,cork,4,136.29380029920657,49.414432525634766
10,5,30C__cork_trial_5,30C,30.0,cork,5,136.29380029920657,66.42737579345703
10,5,30C__cork_trial_6,30C,30.0,cork,6,136.29380029920657,68.80325698852539
10,5,40C__cork_trial_1,40C,40.0,cork,1,136.29380029920657,81.9541524251302
10,5,40C__cork_trial_2,40C,40.0,cork,2,136.29380029920657,83.87379964192708
10,5,40C__cork_trial_3,40C,40.0,cork,3,136.29380029920657,99.57163747151692
10,5,40C__cork_trial_4,40C,40.0,cork,4,136.29380029920657,88.4880854288737
10,5,40C__cork_trial_5,40C,40.0,cork,5,136.29380029920657,42.63048299153646
10,5,40C__cork_trial_6,40C,40.0,cork,6,136.29380029920657,35.26718178563306
10,5,50C__cork_trial_1,50C,50.0,cork,1,136.29380029920657,443.3155110677083
10,5,50C__cork_trial_2,50C,50.0,cork,2,136.29380029920657,436.62314860026044
10,5,50C__cork_trial_3,50C,50.0,cork,3,136.29380029920657,459.44566853841144
10,5,50C__cork_trial_4,50C,50.0,cork,4,136.29380029920657,275.8295440673828
10,5,50C__cork_trial_5,50C,50.0,cork,5,136.29380029920657,425.4100850423177
10,5,50C__cork_trial_6,50C,50.0,cork,6,136.29380029920657,376.0946553548177
10,5,60C__cork_trial_1,60C,60.0,cork,1,136.29380029920657,603.6468912760416
10,5,60C__cork_trial_2,60C,60.0,cork,2,136.29380029920657,488.193115234375
10,5,60C__cork_trial_3,60C,60.0,cork,3,136.29380029920657,433.9354654947917
10,5,60C__cork_trial_4,60C,60.0,cork,4,136.29380029920657,442.442626953125
10,5,60C__cork_trial_5,60C,60.0,cork,5,136.29380029920657,520.4772440592448
10,5,60C__cork_trial_6,60C,60.0,cork,6,136.29380029920657,441.5127766927083
10,6,30C__graphite_trial_1,30C,30.0,graphite,1,11367.497525840945,9274.676106770834
10,6,30C__graphite_trial_2,30C,30.0,graphite,2,11367.497525840945,3640.011962890625
10,6,30C__graphite_trial_3,30C,30.0,graphite,3,11367.497525840945,2189.942667643229
10,6,30C__graphite_trial_4,30C,30.0,graphite,4,11367.497525840945,6130.068196614583
10,6,30C__graphite_trial_5,30C,30.0,graphite,5,11367.497525840945,6703.682861328125
10,6,30C__graphite_trial_6,30C,30.0,graphite,6,11367.497525840945,3663.2919921875
10,6,40C__graphite_trial_1,40C,40.0,graphite,1,11367.497525840945,11598.904296875
10,6,40C__graphite_trial_2,40C,40.0,graphite,2,11367.497525840945,13413.053385416666
10,6,40C__graphite_trial_3,40C,40.0,graphite,3,11367.497525840945,6460.064290364583
10,6,40C__graphite_trial_4,40C,40.0,graphite,4,11367.497525840945,12709.153645833334
10,6,40C__graphite_trial_5,40C,40.0,graphite,5,11367.497525840945,3508.6956380208335
10,6,40C__graphite_trial_6,40C,40.0,graphite,6,11367.497525840945,8341.260416666666
10,6,50C__graphite_trial_1,50C,50.0,graphite,1,11367.497525840945,12670.046875
10,6,50C__graphite_trial_2,50C,50.0,graphite,2,11367.497525840945,12965.812825520834
10,6,50C__graphite_trial_3,50C,50.0,graphite,3,11367.497525840945,13017.0419921875
10,6,50C__graphite_trial_4,50C,50.0,graphite,4,11367.497525840945,14721.6142578125
10,6,50C__graphite_trial_5,50C,50.0,graphite,5,11367.497525840945,7213.43310546875
10,6,50C__graphite_trial_6,50C,50.0,graphite,6,11367.497525840945,10428.908854166666
10,6,60C__graphite_trial_1,60C,60.0,graphite,1,11367.497525840945,8789.344075520834
10,6,60C__graphite_trial_2,60C,60.0,graphite,2,11367.497525840945,17591.0390625
10,6,60C__graphite_trial_3,60C,60.0,graphite,3,11367.497525840945,14483.253580729166
10,6,60C__graphite_trial_4,60C,60.0,graphite,4,11367.497525840945,14062.941731770834
10,6,60C__graphite_trial_5,60C,60.0,graphite,5,11367.497525840945,9975.2744140625
10,6,60C__graphite_trial_6,60C,60.0,graphite,6,11367.497525840945,14041.550455729166
10,7,30C__gypsum_trial_1,30C,30.0,gypsum,1,385.01948002666046,303.94565836588544
10,7,30C__gypsum_trial_2,30C,30.0,gypsum,2,385.01948002666046,313.9547119140625
10,7,30C__gypsum_trial_3,30C,30.0,gypsum,3,385.01948002666046,251.54315694173178
10,7,30C__gypsum_trial_4,30C,30.0,gypsum,4,385.01948002666046,220.27151489257812
10,7,30C__gypsum_trial_5,30C,30.0,gypsum,5,385.01948002666046,271.7266337076823
10,7,30C__gypsum_trial_6,30C,30.0,gypsum,6,385.01948002666046,233.442138671875
10,7,40C__gypsum_trial_1,40C,40.0,gypsum,1,385.01948002666046,309.39995829264325
10,7,40C__gypsum_trial_2,40C,40.0,gypsum,2,385.01948002666046,220.7282460530599
10,7,40C__gypsum_trial_3,40C,40.0,gypsum,3,385.01948002666046,236.47799682617188
10,7,40C__gypsum_trial_4,40C,40.0,gypsum,4,385.01948002666046,343.7294413248698
10,7,40C__gypsum_trial_5,40C,40.0,gypsum,5,385.01948002666046,592.3365987141927
10,7,40C__gypsum_trial_6,40C,40.0,gypsum,6,385.01948002666046,521.8384501139323
10,7,50C__gypsum_trial_1,50C,50.0,gypsum,1,385.01948002666046,819.8667399088541
10,7,50C__gypsum_trial_2,50C,50.0,gypsum,2,385.01948002666046,662.7736002604166
10,7,50C__gypsum_trial_3,50C,50.0,gypsum,3,385.01948002666046,758.6874389648438
10,7,50C__gypsum_trial_4,50C,50.0,gypsum,4,385.01948002666046,670.8040161132812
10,7,50C__gypsum_trial_5,50C,50.0,gypsum,5,385.01948002666046,808.6996053059896
10,7,50C__gypsum_trial_6,50C,50.0,gypsum,6,385.01948002666046,682.0125122070312
10,7,60C__gypsum_trial_1,60C,60.0,gypsum,1,385.01948002666046,6188.696207682292
10,7,60C__gypsum_trial_2,60C,60.0,gypsum,2,385.01948002666046,2937.8850911458335
10,7,60C__gypsum_trial_3,60C,60.0,gypsum,3,385.01948002666046,2585.617431640625
10,7,60C__gypsum_trial_4,60C,60.0,gypsum,4,385.01948002666046,4919.397867838542
10,7,60C__gypsum_trial_5,60C,60.0,gypsum,5,385.01948002666046,5349.361735026042
10,7,60C__gypsum_trial_6,60C,60.0,gypsum,6,385.01948002666046,3740.802490234375
10,8,30C__iron_trial_1,30C,30.0,iron,1,16859.663413010356,8952.504069010416
10,8,30C__iron_trial_2,30C,30.0,iron,2,16859.663413010356,25122.747395833332
10,8,30C__iron_trial_3,30C,30.0,iron,3,16859.663413010356,16068.045572916666
10,8,30C__iron_trial_4,30C,30.0,iron,4,16859.663413010356,19887.011067708332
10,8,30C__iron_trial_5,30C,30.0,iron,5,16859.663413010356,14378.76171875
10,8,30C__iron_trial_6,30C,30.0,iron,6,16859.663413010356,12773.6572265625
10,8,40C__iron_trial_1,40C,40.0,iron,1,16859.663413010356,15367.360677083334
10,8,40C__iron_trial_2,40C,40.0,iron,2,16859.663413010356,8183.582845052083
10,8,40C__iron_trial_3,40C,40.0,iron,3,16859.663413010356,8777.625651041666
10,8,40C__iron_trial_4,40C,40.0,iron,4,16859.663413010356,6199.223470052083
10,8,40C__iron_trial_5,40C,40.0,iron,5,16859.663413010356,13039.614583333334
10,8,40C__iron_trial_6,40C,40.0,iron,6,16859.663413010356,14119.920572916666
10,8,50C__iron_trial_1,50C,50.0,iron,1,16859.663413010356,12987.55859375
10,8,50C__iron_trial_2,50C,50.0,iron,2,16859.663413010356,12281.631184895834
10,8,50C__iron_trial_3,50C,50.0,iron,3,16859.663413010356,10689.160481770834
10,8,50C__iron_trial_4,50C,50.0,iron,4,16859.663413010356,12535.120768229166
10,8,50C__iron_trial_5,50C,50.0,iron,5,16859.663413010356,18209.418619791668
10,8,50C__iron_trial_6,50C,50.0,iron,6,16859.663413010356,24305.181640625
10,8,60C__iron_trial_1,60C,60.0,iron,1,16859.663413010356,28882.931640625
10,8,60C__iron_trial_2,60C,60.0,iron,2,16859.663413010356,21186.050130208332
10,8,60C__iron_trial_3,60C,60.0,iron,3,16859.663413010356,16910.22265625
10,8,60C__iron_trial_4,60C,60.0,iron,4,16859.663413010356,14326.084309895834
10,8,60C__iron_trial_5,60C,60.0,iron,5,16859.663413010356,18723.495442708332
10,8,60C__iron_trial_6,60C,60.0,iron,6,16859.663413010356,22478.38671875
10,9,30C__nickel_trial_1,30C,30.0,nickel,1,19320.68449098013,9573.265950520834
10,9,30C__nickel_trial_2,30C,30.0,nickel,2,19320.68449098013,12868.545247395834
10,9,30C__nickel_trial_3,30C,30.0,nickel,3,19320.68449098013,20025.07421875
10,9,30C__nickel_trial_4,30C,30.0,nickel,4,19320.68449098013,10458.009440104166
10,9,30C__nickel_trial_5,30C,30.0,nickel,5,19320.68449098013,18779.085286458332
10,9,30C__nickel_trial_6,30C,30.0,nickel,6,19320.68449098013,21275.777994791668
10,9,40C__nickel_trial_1,40C,40.0,nickel,1,19320.68449098013,5666.64111328125
10,9,40C__nickel_trial_2,40C,40.0,nickel,2,19320.68449098013,7625.262369791667
10,9,40C__nickel_trial_3,40C,40.0,nickel,3,19320.68449098013,21135.307291666668
10,9,40C__nickel_trial_4,40C,40.0,nickel,4,19320.68449098013,14343.9990234375
10,9,40C__nickel_trial_5,40C,40.0,nickel,5,19320.68449098013,12495.609049479166
10,9,40C__nickel_trial_6,40C,40.0,nickel,6,19320.68449098013,10293.033365885416
10,9,50C__nickel_trial_1,50C,50.0,nickel,1,19320.68449098013,11011.4541015625
10,9,50C__nickel_trial_2,50C,50.0,nickel,2,19320.68449098013,11003.6591796875
10,9,50C__nickel_trial_3,50C,50.0,nickel,3,19320.68449098013,13405.8046875
10,9,50C__nickel_trial_4,50C,50.0,nickel,4,19320.68449098013,12463.5
10,9,50C__nickel_trial_5,50C,50.0,nickel,5,19320.68449098013,7047.330891927083
10,9,50C__nickel_trial_6,50C,50.0,nickel,6,19320.68449098013,15724.804036458334
10,9,60C__nickel_trial_1,60C,60.0,nickel,1,19320.68449098013,9940.524739583334
10,9,60C__nickel_trial_2,60C,60.0,nickel,2,19320.68449098013,20892.275390625
10,9,60C__nickel_trial_3,60C,60.0,nickel,3,19320.68449098013,13881.303385416666
10,9,60C__nickel_trial_4,60C,60.0,nickel,4,19320.68449098013,22804.717447916668
10,9,60C__nickel_trial_5,60C,60.0,nickel,5,19320.68449098013,20321.750651041668
10,9,60C__nickel_trial_6,60C,60.0,nickel,6,19320.68449098013,24074.904296875
10,10,30C__pdms_trial_1,30C,30.0,pdms,1,460.90129095067635,173.65363566080728
10,10,30C__pdms_trial_2,30C,30.0,pdms,2,460.90129095067635,114.8661880493164
10,10,30C__pdms_trial_3,30C,30.0,pdms,3,460.90129095067635,173.16300455729166
10,10,30C__pdms_trial_4,30C,30.0,pdms,4,460.90129095067635,48.438986460367836
10,10,30C__pdms_trial_5,30C,30.0,pdms,5,460.90129095067635,152.38052876790366
10,10,30C__pdms_trial_6,30C,30.0,pdms,6,460.90129095067635,99.85726674397786
10,10,40C__pdms_trial_1,40C,40.0,pdms,1,460.90129095067635,432.3024393717448
10,10,40C__pdms_trial_2,40C,40.0,pdms,2,460.90129095067635,454.69361368815106
10,10,40C__pdms_trial_3,40C,40.0,pdms,3,460.90129095067635,384.73195393880206
10,10,40C__pdms_trial_4,40C,40.0,pdms,4,460.90129095067635,444.34424845377606
10,10,40C__pdms_trial_5,40C,40.0,pdms,5,460.90129095067635,215.96788024902344
10,10,40C__pdms_trial_6,40C,40.0,pdms,6,460.90129095067635,352.2733561197917
10,10,50C__pdms_trial_1,50C,50.0,pdms,1,460.90129095067635,256.74342854817706
10,10,50C__pdms_trial_2,50C,50.0,pdms,2,460.90129095067635,176.63187154134116
10,10,50C__pdms_trial_3,50C,50.0,pdms,3,460.90129095067635,456.2979329427083
10,10,50C__pdms_trial_4,50C,50.0,pdms,4,460.90129095067635,411.280517578125
10,10,50C__pdms_trial_5,50C,50.0,pdms,5,460.90129095067635,228.88212076822916
10,10,50C__pdms_trial_6,50C,50.0,pdms,6,460.90129095067635,319.6426696777344
10,10,60C__pdms_trial_1,60C,60.0,pdms,1,460.90129095067635,581.0161946614584
10,10,60C__pdms_trial_2,60C,60.0,pdms,2,460.90129095067635,416.3933614095052
10,10,60C__pdms_trial_3,60C,60.0,pdms,3,460.90129095067635,479.7960713704427
10,10,60C__pdms_trial_4,60C,60.0,pdms,4,460.90129095067635,273.8816680908203
10,10,60C__pdms_trial_5,60C,60.0,pdms,5,460.90129095067635,233.13760884602866
10,10,60C__pdms_trial_6,60C,60.0,pdms,6,460.90129095067635,161.680419921875
10,11,30C__ps_foam_trial_1,30C,30.0,ps_foam,1,34.496376621320685,345.85303751627606
10,11,30C__ps_foam_trial_2,30C,30.0,ps_foam,2,34.496376621320685,406.7565409342448
10,11,30C__ps_foam_trial_3,30C,30.0,ps_foam,3,34.496376621320685,349.0729064941406
10,11,30C__ps_foam_trial_4,30C,30.0,ps_foam,4,34.496376621320685,292.1332651774089
10,11,30C__ps_foam_trial_5,30C,30.0,ps_foam,5,34.496376621320685,168.1277313232422
10,11,30C__ps_foam_trial_6,30C,30.0,ps_foam,6,34.496376621320685,187.8506062825521
10,11,40C__ps_foam_trial_1,40C,40.0,ps_foam,1,34.496376621320685,51.654013315836586
10,11,40C__ps_foam_trial_2,40C,40.0,ps_foam,2,34.496376621320685,53.28154500325521
10,11,40C__ps_foam_trial_3,40C,40.0,ps_foam,3,34.496376621320685,51.6211178608638
10,11,40C__ps_foam_trial_4,40C,40.0,ps_foam,4,34.496376621320685,515.858388264974
10,11,40C__ps_foam_trial_5,40C,40.0,ps_foam,5,34.496376621320685,74.6888656616211
10,11,40C__ps_foam_trial_6,40C,40.0,ps_foam,6,34.496376621320685,112.51556905110677
10,11,50C__ps_foam_trial_1,50C,50.0,ps_foam,1,34.496376621320685,58.32625198364258
10,11,50C__ps_foam_trial_2,50C,50.0,ps_foam,2,34.496376621320685,71.69169616699219
10,11,50C__ps_foam_trial_3,50C,50.0,ps_foam,3,34.496376621320685,57.63365046183268
10,11,50C__ps_foam_trial_4,50C,50.0,ps_foam,4,34.496376621320685,50.78478363234817
10,11,50C__ps_foam_trial_5,50C,50.0,ps_foam,5,34.496376621320685,63.801920572916664
10,11,50C__ps_foam_trial_6,50C,50.0,ps_foam,6,34.496376621320685,56.344170888264976
10,11,60C__ps_foam_trial_1,60C,60.0,ps_foam,1,34.496376621320685,211.00381469726562
10,11,60C__ps_foam_trial_2,60C,60.0,ps_foam,2,34.496376621320685,184.39207967122397
10,11,60C__ps_foam_trial_3,60C,60.0,ps_foam,3,34.496376621320685,161.38884480794272
10,11,60C__ps_foam_trial_4,60C,60.0,ps_foam,4,34.496376621320685,162.17965698242188
10,11,60C__ps_foam_trial_5,60C,60.0,ps_foam,5,34.496376621320685,206.22234090169272
10,11,60C__ps_foam_trial_6,60C,60.0,ps_foam,6,34.496376621320685,268.75685628255206
10,12,30C__pu_foam_trial_1,30C,30.0,pu_foam,1,42.49705872175155,128.82731119791666
10,12,30C__pu_foam_trial_2,30C,30.0,pu_foam,2,42.49705872175155,73.40546162923177
10,12,30C__pu_foam_trial_3,30C,30.0,pu_foam,3,42.49705872175155,204.3381093343099
10,12,30C__pu_foam_trial_4,30C,30.0,pu_foam,4,42.49705872175155,173.49241638183594
10,12,30C__pu_foam_trial_5,30C,30.0,pu_foam,5,42.49705872175155,225.7459259033203
10,12,30C__pu_foam_trial_6,30C,30.0,pu_foam,6,42.49705872175155,77.8693021138509
10,12,40C__pu_foam_trial_1,40C,40.0,pu_foam,1,42.49705872175155,73.58953857421875
10,12,40C__pu_foam_trial_2,40C,40.0,pu_foam,2,42.49705872175155,81.15575663248698
10,12,40C__pu_foam_trial_3,40C,40.0,pu_foam,3,42.49705872175155,87.77918752034505
10,12,40C__pu_foam_trial_4,40C,40.0,pu_foam,4,42.49705872175155,79.03632354736328
10,12,40C__pu_foam_trial_5,40C,40.0,pu_foam,5,42.49705872175155,40.17143924209465
10,12,40C__pu_foam_trial_6,40C,40.0,pu_foam,6,42.49705872175155,45.000344788894004
10,12,50C__pu_foam_trial_1,50C,50.0,pu_foam,1,42.49705872175155,104.90969594319661
10,12,50C__pu_foam_trial_2,50C,50.0,pu_foam,2,42.49705872175155,77.67755889892578
10,12,50C__pu_foam_trial_3,50C,50.0,pu_foam,3,42.49705872175155,118.56545766194661
10,12,50C__pu_foam_trial_4,50C,50.0,pu_foam,4,42.49705872175155,84.77983093261719
10,12,50C__pu_foam_trial_5,50C,50.0,pu_foam,5,42.49705872175155,95.12967427571614
10,12,50C__pu_foam_trial_6,50C,50.0,pu_foam,6,42.49705872175155,92.79661560058594
10,12,60C__pu_foam_trial_1,60C,60.0,pu_foam,1,42.49705872175155,182.34988403320312
10,12,60C__pu_foam_trial_2,60C,60.0,pu_foam,2,42.49705872175155,673.1610921223959
10,12,60C__pu_foam_trial_3,60C,60.0,pu_foam,3,42.49705872175155,329.25404357910156
10,12,60C__pu_foam_trial_4,60C,60.0,pu_foam,4,42.49705872175155,160.50288899739584
10,12,60C__pu_foam_trial_5,60C,60.0,pu_foam,5,42.49705872175155,324.5449625651042
10,12,60C__pu_foam_trial_6,60C,60.0,pu_foam,6,42.49705872175155,240.0248057047526
10,13,30C__titanium_trial_1,30C,30.0,titanium,1,7184.0359269702985,12662.669921875
10,13,30C__titanium_trial_2,30C,30.0,titanium,2,7184.0359269702985,7165.688313802083
10,13,30C__titanium_trial_3,30C,30.0,titanium,3,7184.0359269702985,5586.801676432292
10,13,30C__titanium_trial_4,30C,30.0,titanium,4,7184.0359269702985,3774.6742350260415
10,13,30C__titanium_trial_5,30C,30.0,titanium,5,7184.0359269702985,6998.876139322917
10,13,30C__titanium_trial_6,30C,30.0,titanium,6,7184.0359269702985,4400.554524739583
10,13,40C__titanium_trial_1,40C,40.0,titanium,1,7184.0359269702985,19733.783854166668
10,13,40C__titanium_trial_2,40C,40.0,titanium,2,7184.0359269702985,15692.256510416666
10,13,40C__titanium_trial_3,40C,40.0,titanium,3,7184.0359269702985,18395.58984375
10,13,40C__titanium_trial_4,40C,40.0,titanium,4,7184.0359269702985,11613.635416666666
10,13,40C__titanium_trial_5,40C,40.0,titanium,5,7184.0359269702985,19925.744791666668
10,13,40C__titanium_trial_6,40C,40.0,titanium,6,7184.0359269702985,17073.624674479168
10,13,50C__titanium_trial_1,50C,50.0,titanium,1,7184.0359269702985,12431.3505859375
10,13,50C__titanium_trial_2,50C,50.0,titanium,2,7184.0359269702985,6924.368001302083
10,13,50C__titanium_trial_3,50C,50.0,titanium,3,7184.0359269702985,18835.041015625
10,13,50C__titanium_trial_4,50C,50.0,titanium,4,7184.0359269702985,15338.3837890625
10,13,50C__titanium_trial_5,50C,50.0,titanium,5,7184.0359269702985,12140.197916666666
10,13,50C__titanium_trial_6,50C,50.0,titanium,6,7184.0359269702985,16745.4638671875
10,13,60C__titanium_trial_1,60C,60.0,titanium,1,7184.0359269702985,9639.751302083334
10,13,60C__titanium_trial_2,60C,60.0,titanium,2,7184.0359269702985,10709.326497395834
10,13,60C__titanium_trial_3,60C,60.0,titanium,3,7184.0359269702985,9969.493489583334
10,13,60C__titanium_trial_4,60C,60.0,titanium,4,7184.0359269702985,12392.694986979166
10,13,60C__titanium_trial_5,60C,60.0,titanium,5,7184.0359269702985,13117.874674479166
10,13,60C__titanium_trial_6,60C,60.0,titanium,6,7184.0359269702985,13934.438151041666
10,14,30C__wood_trial_1,30C,30.0,wood,1,422.49260348555214,72.77511850992839
10,14,30C__wood_trial_2,30C,30.0,wood,2,422.49260348555214,157.8411407470703
10,14,30C__wood_trial_3,30C,30.0,wood,3,422.49260348555214,135.2051747639974
10,14,30C__wood_trial_4,30C,30.0,wood,4,422.49260348555214,87.70488993326823
10,14,30C__wood_trial_5,30C,30.0,wood,5,422.49260348555214,138.35646057128906
10,14,30C__wood_trial_6,30C,30.0,wood,6,422.49260348555214,189.39732869466147
10,14,40C__wood_trial_1,40C,40.0,wood,1,422.49260348555214,148.37572733561197
10,14,40C__wood_trial_2,40C,40.0,wood,2,422.49260348555214,160.09566243489584
10,14,40C__wood_trial_3,40C,40.0,wood,3,422.49260348555214,154.58535766601562
10,14,40C__wood_trial_4,40C,40.0,wood,4,422.49260348555214,131.21772257486978
10,14,40C__wood_trial_5,40C,40.0,wood,5,422.49260348555214,268.2699279785156
10,14,40C__wood_trial_6,40C,40.0,wood,6,422.49260348555214,258.0108896891276
10,14,50C__wood_trial_1,50C,50.0,wood,1,422.49260348555214,262.9144592285156
10,14,50C__wood_trial_2,50C,50.0,wood,2,422.49260348555214,305.74957275390625
10,14,50C__wood_trial_3,50C,50.0,wood,3,422.49260348555214,334.0829671223958
10,14,50C__wood_trial_4,50C,50.0,wood,4,422.49260348555214,249.48600260416666
10,14,50C__wood_trial_5,50C,50.0,wood,5,422.49260348555214,251.54240926106772
10,14,50C__wood_trial_6,50C,50.0,wood,6,422.49260348555214,200.02141825358072
10,14,60C__wood_trial_1,60C,60.0,wood,1,422.49260348555214,10833.053059895834
10,14,60C__wood_trial_2,60C,60.0,wood,2,422.49260348555214,3747.4578450520835
10,14,60C__wood_trial_3,60C,60.0,wood,3,422.49260348555214,6185.638834635417
10,14,60C__wood_trial_4,60C,60.0,wood,4,422.49260348555214,5434.955810546875
10,14,60C__wood_trial_5,60C,60.0,wood,5,422.49260348555214,4015.9501953125
10,14,60C__wood_trial_6,60C,60.0,wood,6,422.49260348555214,494.3799235026042
20,1,30C__aluminum_trial_1,30C,30.0,aluminum,1,23958.09466547789,16948.800455729168
20,1,30C__aluminum_trial_2,30C,30.0,aluminum,2,23958.09466547789,20881.427083333332
20,1,30C__aluminum_trial_3,30C,30.0,aluminum,3,23958.09466547789,10708.8759765625
20,1,30C__aluminum_trial_4,30C,30.0,aluminum,4,23958.09466547789,18022.393880208332
20,1,30C__aluminum_trial_5,30C,30.0,aluminum,5,23958.09466547789,12707.533203125
20,1,30C__aluminum_trial_6,30C,30.0,aluminum,6,23958.09466547789,13791.638020833334
20,1,40C__aluminum_trial_1,40C,40.0,aluminum,1,23958.09466547789,19763.001953125
20,1,40C__aluminum_trial_2,40C,40.0,aluminum,2,23958.09466547789,6045.1177978515625
20,1,40C__aluminum_trial_3,40C,40.0,aluminum,3,23958.09466547789,29742.470052083332
20,1,40C__aluminum_trial_4,40C,40.0,aluminum,4,23958.09466547789,14378.0576171875
20,1,40C__aluminum_trial_5,40C,40.0,aluminum,5,23958.09466547789,11660.919921875
20,1,40C__aluminum_trial_6,40C,40.0,aluminum,6,23958.09466547789,11779.3232421875
20,1,50C__aluminum_trial_1,50C,50.0,aluminum,1,23958.09466547789,14655.3291015625
20,1,50C__aluminum_trial_2,50C,50.0,aluminum,2,23958.09466547789,12088.8544921875
20,1,50C__aluminum_trial_3,50C,50.0,aluminum,3,23958.09466547789,15926.352213541666
20,1,50C__aluminum_trial_4,50C,50.0,aluminum,4,23958.09466547789,20154.407552083332
20,1,50C__aluminum_trial_5,50C,50.0,aluminum,5,23958.09466547789,12732.012369791666
20,1,50C__aluminum_trial_6,50C,50.0,aluminum,6,23958.09466547789,20929.619140625
20,1,60C__aluminum_trial_1,60C,60.0,aluminum,1,23958.09466547789,16351.218424479166
20,1,60C__aluminum_trial_2,60C,60.0,aluminum,2,23958.09466547789,15065.4248046875
20,1,60C__aluminum_trial_3,60C,60.0,aluminum,3,23958.09466547789,11088.2568359375
20,1,60C__aluminum_trial_4,60C,60.0,aluminum,4,23958.09466547789,15809.927083333334
20,1,60C__aluminum_trial_5,60C,60.0,aluminum,5,23958.09466547789,15189.466471354166
20,1,60C__aluminum_trial_6,60C,60.0,aluminum,6,23958.09466547789,20681.712890625
20,2,30C__bismuth_trial_1,30C,30.0,bismuth,1,3209.1026783199068,9091.569173177084
20,2,30C__bismuth_trial_2,30C,30.0,bismuth,2,3209.1026783199068,7366.7587890625
20,2,30C__bismuth_trial_3,30C,30.0,bismuth,3,3209.1026783199068,5333.523274739583
20,2,30C__bismuth_trial_4,30C,30.0,bismuth,4,3209.1026783199068,10443.1337890625
20,2,30C__bismuth_trial_5,30C,30.0,bismuth,5,3209.1026783199068,7329.927083333333
20,2,30C__bismuth_trial_6,30C,30.0,bismuth,6,3209.1026783199068,9917.398111979166
20,2,40C__bismuth_trial_1,40C,40.0,bismuth,1,3209.1026783199068,14011.877604166666
20,2,40C__bismuth_trial_2,40C,40.0,bismuth,2,3209.1026783199068,13211.858072916666
20,2,40C__bismuth_trial_3,40C,40.0,bismuth,3,3209.1026783199068,7947.933837890625
20,2,40C__bismuth_trial_4,40C,40.0,bismuth,4,3209.1026783199068,12010.311848958334
20,2,40C__bismuth_trial_5,40C,40.0,bismuth,5,3209.1026783199068,13215.234375
20,2,40C__bismuth_trial_6,40C,40.0,bismuth,6,3209.1026783199068,13647.554036458334
20,2,50C__bismuth_trial_1,50C,50.0,bismuth,1,3209.1026783199068,9781.364583333334
20,2,50C__bismuth_trial_2,50C,50.0,bismuth,2,3209.1026783199068,12947.594401041666
20,2,50C__bismuth_trial_3,50C,50.0,bismuth,3,3209.1026783199068,18187.978190104168
20,2,50C__bismuth_trial_4,50C,50.0,bismuth,4,3209.1026783199068,14622.994140625
20,2,50C__bismuth_trial_5,50C,50.0,bismuth,5,3209.1026783199068,14493.244466145834
20,2,50C__bismuth_trial_6,50C,50.0,bismuth,6,3209.1026783199068,11795.3251953125
20,2,60C__bismuth_trial_1,60C,60.0,bismuth,1,3209.1026783199068,11712.679036458334
20,2,60C__bismuth_trial_2,60C,60.0,bismuth,2,3209.1026783199068,10418.602213541666
20,2,60C__bismuth_trial_3,60C,60.0,bismuth,3,3209.1026783199068,11993.247395833334
20,2,60C__bismuth_trial_4,60C,60.0,bismuth,4,3209.1026783199068,16301.050455729166
20,2,60C__bismuth_trial_5,60C,60.0,bismuth,5,3209.1026783199068,10661.507486979166
20,2,60C__bismuth_trial_6,60C,60.0,bismuth,6,3209.1026783199068,17435.2607421875
20,3,30C__cement_trial_1,30C,30.0,cement,1,559.6427431853289,521.7596232096354
20,3,30C__cement_trial_2,30C,30.0,cement,2,559.6427431853289,455.0373229980469
20,3,30C__cement_trial_3,30C,30.0,cement,3,559.6427431853289,493.02984619140625
20,3,30C__cement_trial_4,30C,30.0,cement,4,559.6427431853289,512.0355326334635
20,3,30C__cement_trial_5,30C,30.0,cement,5,559.6427431853289,612.7415873209635
20,3,30C__cement_trial_6,30C,30.0,cement,6,559.6427431853289,486.72398885091144
20,3,40C__cement_trial_1,40C,40.0,cement,1,559.6427431853289,471.9674377441406
20,3,40C__cement_trial_2,40C,40.0,cement,2,559.6427431853289,490.8783874511719
20,3,40C__cement_trial_3,40C,40.0,cement,3,559.6427431853289,364.6583709716797
20,3,40C__cement_trial_4,40C,40.0,cement,4,559.6427431853289,708.7932535807291
20,3,40C__cement_trial_5,40C,40.0,cement,5,559.6427431853289,697.4102579752604
20,3,40C__cement_trial_6,40C,40.0,cement,6,559.6427431853289,357.7242838541667
20,3,50C__cement_trial_1,50C,50.0,cement,1,559.6427431853289,523.273681640625
20,3,50C__cement_trial_2,50C,50.0,cement,2,559.6427431853289,309.7549235026042
20,3,50C__cement_trial_3,50C,50.0,cement,3,559.6427431853289,431.17287190755206
20,3,50C__cement_trial_4,50C,50.0,cement,4,559.6427431853289,334.9043477376302
20,3,50C__cement_trial_5,50C,50.0,cement,5,559.6427431853289,698.3187561035156
20,3,50C__cement_trial_6,50C,50.0,cement,6,559.6427431853289,633.0498453776041
20,3,60C__cement_trial_1,60C,60.0,cement,1,559.6427431853289,986.3046468098959
20,3,60C__cement_trial_2,60C,60.0,cement,2,559.6427431853289,723.0959269205729
20,3,60C__cement_trial_3,60C,60.0,cement,3,559.6427431853289,810.5496215820312
20,3,60C__cement_trial_4,60C,60.0,cement,4,559.6427431853289,706.4867350260416
20,3,60C__cement_trial_5,60C,60.0,cement,5,559.6427431853289,870.5062052408854
20,3,60C__cement_trial_6,60C,60.0,cement,6,559.6427431853289,699.9902547200521
20,4,30C__copper_trial_1,30C,30.0,copper,1,37192.601414797544,2661.819051106771
20,4,30C__copper_trial_2,30C,30.0,copper,2,37192.601414797544,16903.404622395832
20,4,30C__copper_trial_3,30C,30.0,copper,3,37192.601414797544,16567.921549479168
20,4,30C__copper_trial_4,30C,30.0,copper,4,37192.601414797544,15508.996744791666
20,4,30C__copper_trial_5,30C,30.0,copper,5,37192.601414797544,14302.402669270834
20,4,30C__copper_trial_6,30C,30.0,copper,6,37192.601414797544,11994.738606770834
20,4,40C__copper_trial_1,40C,40.0,copper,1,37192.601414797544,18915.747395833332
20,4,40C__copper_trial_2,40C,40.0,copper,2,37192.601414797544,15095.9990234375
20,4,40C__copper_trial_3,40C,40.0,copper,3,37192.601414797544,18008.738606770832
20,4,40C__copper_trial_4,40C,40.0,copper,4,37192.601414797544,8628.189453125
20,4,40C__copper_trial_5,40C,40.0,copper,5,37192.601414797544,8483.05859375
20,4,40C__copper_trial_6,40C,40.0,copper,6,37192.601414797544,8031.63623046875
20,4,50C__copper_trial_1,50C,50.0,copper,1,37192.601414797544,7203.31640625
20,4,50C__copper_trial_2,50C,50.0,copper,2,37192.601414797544,11980.313151041666
20,4,50C__copper_trial_3,50C,50.0,copper,3,37192.601414797544,10592.224609375
20,4,50C__copper_trial_4,50C,50.0,copper,4,37192.601414797544,9591.431315104166
20,4,50C__copper_trial_5,50C,50.0,copper,5,37192.601414797544,9488.520833333334
20,4,50C__copper_trial_6,50C,50.0,copper,6,37192.601414797544,8018.470865885417
20,4,60C__copper_trial_1,60C,60.0,copper,1,37192.601414797544,15603.41796875
20,4,60C__copper_trial_2,60C,60.0,copper,2,37192.601414797544,19231.923177083332
20,4,60C__copper_trial_3,60C,60.0,copper,3,37192.601414797544,16908.261067708332
20,4,60C__copper_trial_4,60C,60.0,copper,4,37192.601414797544,19530.423177083332
20,4,60C__copper_trial_5,60C,60.0,copper,5,37192.601414797544,17428.700520833332
20,4,60C__copper_trial_6,60C,60.0,copper,6,37192.601414797544,13607.4609375
20,5,30C__cork_trial_1,30C,30.0,cork,1,136.29380029920657,160.87707010904947
20,5,30C__cork_trial_2,30C,30.0,cork,2,136.29380029920657,66.93926493326823
20,5,30C__cork_trial_3,30C,30.0,cork,3,136.29380029920657,60.53602091471354
20,5,30C__cork_trial_4,30C,30.0,cork,4,136.29380029920657,48.65658060709635
20,5,30C__cork_trial_5,30C,30.0,cork,5,136.29380029920657,74.79219055175781
20,5,30C__cork_trial_6,30C,30.0,cork,6,136.29380029920657,60.98093032836914
20,5,40C__cork_trial_1,40C,40.0,cork,1,136.29380029920657,86.40699513753255
20,5,40C__cork_trial_2,40C,40.0,cork,2,136.29380029920657,84.3711649576823
20,5,40C__cork_trial_3,40C,40.0,cork,3,136.29380029920657,98.92322794596355
20,5,40C__cork_trial_4,40C,40.0,cork,4,136.29380029920657,92.38953399658203
20,5,40C__cork_trial_5,40C,40.0,cork,5,136.29380029920657,39.33795293172201
20,5,40C__cork_trial_6,40C,40.0,cork,6,136.29380029920657,35.4872478561897
20,5,50C__cork_trial_1,50C,50.0,cork,1,136.29380029920657,446.8601786295573
20,5,50C__cork_trial_2,50C,50.0,cork,2,136.29380029920657,447.24249267578125
20,5,50C__cork_trial_3,50C,50.0,cork,3,136.29380029920657,424.4473164876302
20,5,50C__cork_trial_4,50C,50.0,cork,4,136.29380029920657,262.56884765625
20,5,50C__cork_trial_5,50C,50.0,cork,5,136.29380029920657,441.2561543782552
20,5,50C__cork_trial_6,50C,50.0,cork,6,136.29380029920657,372.44385782877606
20,5,60C__cork_trial_1,60C,60.0,cork,1,136.29380029920657,321.76776123046875
20,5,60C__cork_trial_2,60C,60.0,cork,2,136.29380029920657,327.0840759277344
20,5,60C__cork_trial_3,60C,60.0,cork,3,136.29380029920657,310.3889567057292
20,5,60C__cork_trial_4,60C,60.0,cork,4,136.29380029920657,291.8853251139323
20,5,60C__cork_trial_5,60C,60.0,cork,5,136.29380029920657,395.70421346028644
20,5,60C__cork_trial_6,60C,60.0,cork,6,136.29380029920657,366.3093973795573
20,6,30C__graphite_trial_1,30C,30.0,graphite,1,11367.497525840945,11483.937174479166
20,6,30C__graphite_trial_2,30C,30.0,graphite,2,11367.497525840945,5530.453531901042
20,6,30C__graphite_trial_3,30C,30.0,graphite,3,11367.497525840945,2098.4835611979165
20,6,30C__graphite_trial_4,30C,30.0,graphite,4,11367.497525840945,8704.628092447916
20,6,30C__graphite_trial_5,30C,30.0,graphite,5,11367.497525840945,8602.33740234375
20,6,30C__graphite_trial_6,30C,30.0,graphite,6,11367.497525840945,5729.797200520833
20,6,40C__graphite_trial_1,40C,40.0,graphite,1,11367.497525840945,8815.632975260416
20,6,40C__graphite_trial_2,40C,40.0,graphite,2,11367.497525840945,12181.512369791666
20,6,40C__graphite_trial_3,40C,40.0,graphite,3,11367.497525840945,6504.883463541667
20,6,40C__graphite_trial_4,40C,40.0,graphite,4,11367.497525840945,11527.958333333334
20,6,40C__graphite_trial_5,40C,40.0,graphite,5,11367.497525840945,3667.739990234375
20,6,40C__graphite_trial_6,40C,40.0,graphite,6,11367.497525840945,6776.125813802083
20,6,50C__graphite_trial_1,50C,50.0,graphite,1,11367.497525840945,15480.360026041666
20,6,50C__graphite_trial_2,50C,50.0,graphite,2,11367.497525840945,15168.368489583334
20,6,50C__graphite_trial_3,50C,50.0,graphite,3,11367.497525840945,13050.3876953125
20,6,50C__graphite_trial_4,50C,50.0,graphite,4,11367.497525840945,19878.468098958332
20,6,50C__graphite_trial_5,50C,50.0,graphite,5,11367.497525840945,7045.184407552083
20,6,50C__graphite_trial_6,50C,50.0,graphite,6,11367.497525840945,11269.10009765625
20,6,60C__graphite_trial_1,60C,60.0,graphite,1,11367.497525840945,8840.660807291666
20,6,60C__graphite_trial_2,60C,60.0,graphite,2,11367.497525840945,12767.7587890625
20,6,60C__graphite_trial_3,60C,60.0,graphite,3,11367.497525840945,12466.655924479166
20,6,60C__graphite_trial_4,60C,60.0,graphite,4,11367.497525840945,11072.526041666666
20,6,60C__graphite_trial_5,60C,60.0,graphite,5,11367.497525840945,10954.868489583334
20,6,60C__graphite_trial_6,60C,60.0,graphite,6,11367.497525840945,11463.308268229166
20,7,30C__gypsum_trial_1,30C,30.0,gypsum,1,385.01948002666046,252.219482421875
20,7,30C__gypsum_trial_2,30C,30.0,gypsum,2,385.01948002666046,323.35096232096356
20,7,30C__gypsum_trial_3,30C,30.0,gypsum,3,385.01948002666046,267.1205190022786
20,7,30C__gypsum_trial_4,30C,30.0,gypsum,4,385.01948002666046,187.0392812093099
20,7,30C__gypsum_trial_5,30C,30.0,gypsum,5,385.01948002666046,275.1207326253255
20,7,30C__gypsum_trial_6,30C,30.0,gypsum,6,385.01948002666046,188.5074717203776
20,7,40C__gypsum_trial_1,40C,40.0,gypsum,1,385.01948002666046,285.6094970703125
20,7,40C__gypsum_trial_2,40C,40.0,gypsum,2,385.01948002666046,207.1761220296224
20,7,40C__gypsum_trial_3,40C,40.0,gypsum,3,385.01948002666046,253.1944834391276
20,7,40C__gypsum_trial_4,40C,40.0,gypsum,4,385.01948002666046,448.8858235677083
20,7,40C__gypsum_trial_5,40C,40.0,gypsum,5,385.01948002666046,595.65087890625
20,7,40C__gypsum_trial_6,40C,40.0,gypsum,6,385.01948002666046,553.1367390950521
20,7,50C__gypsum_trial_1,50C,50.0,gypsum,1,385.01948002666046,689.98046875
20,7,50C__gypsum_trial_2,50C,50.0,gypsum,2,385.01948002666046,658.6647745768229
20,7,50C__gypsum_trial_3,50C,50.0,gypsum,3,385.01948002666046,633.0607299804688
20,7,50C__gypsum_trial_4,50C,50.0,gypsum,4,385.01948002666046,686.7222696940104
20,7,50C__gypsum_trial_5,50C,50.0,gypsum,5,385.01948002666046,730.7462768554688
20,7,50C__gypsum_trial_6,50C,50.0,gypsum,6,385.01948002666046,607.7242736816406
20,7,60C__gypsum_trial_1,60C,60.0,gypsum,1,385.01948002666046,4748.117513020833
20,7,60C__gypsum_trial_2,60C,60.0,gypsum,2,385.01948002666046,2247.4601236979165
20,7,60C__gypsum_trial_3,60C,60.0,gypsum,3,385.01948002666046,1937.3173421223958
20,7,60C__gypsum_trial_4,60C,60.0,gypsum,4,385.01948002666046,3982.341796875
20,7,60C__gypsum_trial_5,60C,60.0,gypsum,5,385.01948002666046,3686.1940104166665
20,7,60C__gypsum_trial_6,60C,60.0,gypsum,6,385.01948002666046,2997.544677734375
20,8,30C__iron_trial_1,30C,30.0,iron,1,16859.663413010356,10151.831705729166
20,8,30C__iron_trial_2,30C,30.0,iron,2,16859.663413010356,23766.840494791668
20,8,30C__iron_trial_3,30C,30.0,iron,3,16859.663413010356,17456.936197916668
20,8,30C__iron_trial_4,30C,30.0,iron,4,16859.663413010356,18987.93359375
20,8,30C__iron_trial_5,30C,30.0,iron,5,16859.663413010356,17714.748372395832
20,8,30C__iron_trial_6,30C,30.0,iron,6,16859.663413010356,14640.031901041666
20,8,40C__iron_trial_1,40C,40.0,iron,1,16859.663413010356,13470.1435546875
20,8,40C__iron_trial_2,40C,40.0,iron,2,16859.663413010356,8559.286783854166
20,8,40C__iron_trial_3,40C,40.0,iron,3,16859.663413010356,8970.897298177084
20,8,40C__iron_trial_4,40C,40.0,iron,4,16859.663413010356,6130.09326171875
20,8,40C__iron_trial_5,40C,40.0,iron,5,16859.663413010356,14158.646809895834
20,8,40C__iron_trial_6,40C,40.0,iron,6,16859.663413010356,14826.906901041666
20,8,50C__iron_trial_1,50C,50.0,iron,1,16859.663413010356,10449.033528645834
20,8,50C__iron_trial_2,50C,50.0,iron,2,16859.663413010356,13251.720703125
20,8,50C__iron_trial_3,50C,50.0,iron,3,16859.663413010356,13346.3505859375
20,8,50C__iron_trial_4,50C,50.0,iron,4,16859.663413010356,14778.758463541666
20,8,50C__iron_trial_5,50C,50.0,iron,5,16859.663413010356,14942.0791015625
20,8,50C__iron_trial_6,50C,50.0,iron,6,16859.663413010356,26104.694661458332
20,8,60C__iron_trial_1,60C,60.0,iron,1,16859.663413010356,29825.324869791668
20,8,60C__iron_trial_2,60C,60.0,iron,2,16859.663413010356,20403.716796875
20,8,60C__iron_trial_3,60C,60.0,iron,3,16859.663413010356,17316.512369791668
20,8,60C__iron_trial_4,60C,60.0,iron,4,16859.663413010356,14335.914388020834
20,8,60C__iron_trial_5,60C,60.0,iron,5,16859.663413010356,16499.8505859375
20,8,60C__iron_trial_6,60C,60.0,iron,6,16859.663413010356,23249.080729166668
20,9,30C__nickel_trial_1,30C,30.0,nickel,1,19320.68449098013,12085.970703125
20,9,30C__nickel_trial_2,30C,30.0,nickel,2,19320.68449098013,13294.126953125
20,9,30C__nickel_trial_3,30C,30.0,nickel,3,19320.68449098013,17889.533854166668
20,9,30C__nickel_trial_4,30C,30.0,nickel,4,19320.68449098013,11247.2177734375
20,9,30C__nickel_trial_5,30C,30.0,nickel,5,19320.68449098013,17853.64453125
20,9,30C__nickel_trial_6,30C,30.0,nickel,6,19320.68449098013,21323.450520833332
20,9,40C__nickel_trial_1,40C,40.0,nickel,1,19320.68449098013,5849.751139322917
20,9,40C__nickel_trial_2,40C,40.0,nickel,2,19320.68449098013,8453.265299479166
20,9,40C__nickel_trial_3,40C,40.0,nickel,3,19320.68449098013,16747.5419921875
20,9,40C__nickel_trial_4,40C,40.0,nickel,4,19320.68449098013,12447.857421875
20,9,40C__nickel_trial_5,40C,40.0,nickel,5,19320.68449098013,12289.643880208334
20,9,40C__nickel_trial_6,40C,40.0,nickel,6,19320.68449098013,10727.1328125
20,9,50C__nickel_trial_1,50C,50.0,nickel,1,19320.68449098013,11354.431640625
20,9,50C__nickel_trial_2,50C,50.0,nickel,2,19320.68449098013,13489.0361328125
20,9,50C__nickel_trial_3,50C,50.0,nickel,3,19320.68449098013,13267.7392578125
20,9,50C__nickel_trial_4,50C,50.0,nickel,4,19320.68449098013,12718.140950520834
20,9,50C__nickel_trial_5,50C,50.0,nickel,5,19320.68449098013,7466.204915364583
20,9,50C__nickel_trial_6,50C,50.0,nickel,6,19320.68449098013,17899.900390625
20,9,60C__nickel_trial_1,60C,60.0,nickel,1,19320.68449098013,9113.402018229166
20,9,60C__nickel_trial_2,60C,60.0,nickel,2,19320.68449098013,20667.759114583332
20,9,60C__nickel_trial_3,60C,60.0,nickel,3,19320.68449098013,13538.4775390625
20,9,60C__nickel_trial_4,60C,60.0,nickel,4,19320.68449098013,23591.014973958332
20,9,60C__nickel_trial_5,60C,60.0,nickel,5,19320.68449098013,22170.251302083332
20,9,60C__nickel_trial_6,60C,60.0,nickel,6,19320.68449098013,21827.880208333332
20,10,30C__pdms_trial_1,30C,30.0,pdms,1,460.90129095067635,194.88382975260416
20,10,30C__pdms_trial_2,30C,30.0,pdms,2,460.90129095067635,126.58555348714192
20,10,30C__pdms_trial_3,30C,30.0,pdms,3,460.90129095067635,145.84063975016275
20,10,30C__pdms_trial_4,30C,30.0,pdms,4,460.90129095067635,52.53020731608073
20,10,30C__pdms_trial_5,30C,30.0,pdms,5,460.90129095067635,108.80005900065105
20,10,30C__pdms_trial_6,30C,30.0,pdms,6,460.90129095067635,81.5366694132487
20,10,40C__pdms_trial_1,40C,40.0,pdms,1,460.90129095067635,474.06972249348956
20,10,40C__pdms_trial_2,40C,40.0,pdms,2,460.90129095067635,496.6191914876302
20,10,40C__pdms_trial_3,40C,40.0,pdms,3,460.90129095067635,438.88414510091144
20,10,40C__pdms_trial_4,40C,40.0,pdms,4,460.90129095067635,417.92262776692706
20,10,40C__pdms_trial_5,40C,40.0,pdms,5,460.90129095067635,253.6265411376953
20,10,40C__pdms_trial_6,40C,40.0,pdms,6,460.90129095067635,381.0373229980469
20,10,50C__pdms_trial_1,50C,50.0,pdms,1,460.90129095067635,259.1913299560547
20,10,50C__pdms_trial_2,50C,50.0,pdms,2,460.90129095067635,158.25218709309897
20,10,50C__pdms_trial_3,50C,50.0,pdms,3,460.90129095067635,441.9827168782552
20,10,50C__pdms_trial_4,50C,50.0,pdms,4,460.90129095067635,416.7571207682292
20,10,50C__pdms_trial_5,50C,50.0,pdms,5,460.90129095067635,259.18333435058594
20,10,50C__pdms_trial_6,50C,50.0,pdms,6,460.90129095067635,314.14109293619794
20,10,60C__pdms_trial_1,60C,60.0,pdms,1,460.90129095067635,610.0786336263021
20,10,60C__pdms_trial_2,60C,60.0,pdms,2,460.90129095067635,441.4552307128906
20,10,60C__pdms_trial_3,60C,60.0,pdms,3,460.90129095067635,478.6244201660156
20,10,60C__pdms_trial_4,60C,60.0,pdms,4,460.90129095067635,269.10777282714844
20,10,60C__pdms_trial_5,60C,60.0,pdms,5,460.90129095067635,268.1134948730469
20,10,60C__pdms_trial_6,60C,60.0,pdms,6,460.90129095067635,170.39779663085938
20,11,30C__ps_foam_trial_1,30C,30.0,ps_foam,1,34.496376621320685,429.8225504557292
20,11,30C__ps_foam_trial_2,30C,30.0,ps_foam,2,34.496376621320685,433.3696797688802
20,11,30C__ps_foam_trial_3,30C,30.0,ps_foam,3,34.496376621320685,409.0873209635417
20,11,30C__ps_foam_trial_4,30C,30.0,ps_foam,4,34.496376621320685,363.0839436848958
20,11,30C__ps_foam_trial_5,30C,30.0,ps_foam,5,34.496376621320685,173.5414021809896
20,11,30C__ps_foam_trial_6,30C,30.0,ps_foam,6,34.496376621320685,212.36066691080728
20,11,40C__ps_foam_trial_1,40C,40.0,ps_foam,1,34.496376621320685,53.52708435058594
20,11,40C__ps_foam_trial_2,40C,40.0,ps_foam,2,34.496376621320685,51.29941431681315
20,11,40C__ps_foam_trial_3,40C,40.0,ps_foam,3,34.496376621320685,51.13289255975703
20,11,40C__ps_foam_trial_4,40C,40.0,ps_foam,4,34.496376621320685,723.0272420247396
20,11,40C__ps_foam_trial_5,40C,40.0,ps_foam,5,34.496376621320685,126.53101094563802
20,11,40C__ps_foam_trial_6,40C,40.0,ps_foam,6,34.496376621320685,109.09818267822266
20,11,50C__ps_foam_trial_1,50C,50.0,ps_foam,1,34.496376621320685,48.36870193481445
20,11,50C__ps_foam_trial_2,50C,50.0,ps_foam,2,34.496376621320685,63.374935150146484
20,11,50C__ps_foam_trial_3,50C,50.0,ps_foam,3,34.496376621320685,51.45658874511719
20,11,50C__ps_foam_trial_4,50C,50.0,ps_foam,4,34.496376621320685,47.792442321777344
20,11,50C__ps_foam_trial_5,50C,50.0,ps_foam,5,34.496376621320685,53.94798151652018
20,11,50C__ps_foam_trial_6,50C,50.0,ps_foam,6,34.496376621320685,54.21717325846354
20,11,60C__ps_foam_trial_1,60C,60.0,ps_foam,1,34.496376621320685,287.6286214192708
20,11,60C__ps_foam_trial_2,60C,60.0,ps_foam,2,34.496376621320685,269.8762512207031
20,11,60C__ps_foam_trial_3,60C,60.0,ps_foam,3,34.496376621320685,225.7092081705729
20,11,60C__ps_foam_trial_4,60C,60.0,ps_foam,4,34.496376621320685,134.8176752726237
20,11,60C__ps_foam_trial_5,60C,60.0,ps_foam,5,34.496376621320685,315.0238087972005
20,11,60C__ps_foam_trial_6,60C,60.0,ps_foam,6,34.496376621320685,300.3482259114583
20,12,30C__pu_foam_trial_1,30C,30.0,pu_foam,1,42.49705872175155,147.46633911132812
20,12,30C__pu_foam_trial_2,30C,30.0,pu_foam,2,42.49705872175155,107.30549621582031
20,12,30C__pu_foam_trial_3,30C,30.0,pu_foam,3,42.49705872175155,207.52318827311197
20,12,30C__pu_foam_trial_4,30C,30.0,pu_foam,4,42.49705872175155,218.81731160481772
20,12,30C__pu_foam_trial_5,30C,30.0,pu_foam,5,42.49705872175155,288.32338460286456
20,12,30C__pu_foam_trial_6,30C,30.0,pu_foam,6,42.49705872175155,94.28940073649089
20,12,40C__pu_foam_trial_1,40C,40.0,pu_foam,1,42.49705872175155,74.31331380208333
20,12,40C__pu_foam_trial_2,40C,40.0,pu_foam,2,42.49705872175155,96.4878641764323
20,12,40C__pu_foam_trial_3,40C,40.0,pu_foam,3,42.49705872175155,102.11830393473308
20,12,40C__pu_foam_trial_4,40C,40.0,pu_foam,4,42.49705872175155,82.65885670979817
20,12,40C__pu_foam_trial_5,40C,40.0,pu_foam,5,42.49705872175155,34.496376621320685
20,12,40C__pu_foam_trial_6,40C,40.0,pu_foam,6,42.49705872175155,47.42462921142578
20,12,50C__pu_foam_trial_1,50C,50.0,pu_foam,1,42.49705872175155,108.79669698079427
20,12,50C__pu_foam_trial_2,50C,50.0,pu_foam,2,42.49705872175155,88.78580220540364
20,12,50C__pu_foam_trial_3,50C,50.0,pu_foam,3,42.49705872175155,111.29718780517578
20,12,50C__pu_foam_trial_4,50C,50.0,pu_foam,4,42.49705872175155,83.51377614339192
20,12,50C__pu_foam_trial_5,50C,50.0,pu_foam,5,42.49705872175155,103.35858408610027
20,12,50C__pu_foam_trial_6,50C,50.0,pu_foam,6,42.49705872175155,79.20232391357422
20,12,60C__pu_foam_trial_1,60C,60.0,pu_foam,1,42.49705872175155,190.63352966308594
20,12,60C__pu_foam_trial_2,60C,60.0,pu_foam,2,42.49705872175155,1080.4080607096355
20,12,60C__pu_foam_trial_3,60C,60.0,pu_foam,3,42.49705872175155,279.9181823730469
20,12,60C__pu_foam_trial_4,60C,60.0,pu_foam,4,42.49705872175155,162.7522226969401
20,12,60C__pu_foam_trial_5,60C,60.0,pu_foam,5,42.49705872175155,224.85347493489584
20,12,60C__pu_foam_trial_6,60C,60.0,pu_foam,6,42.49705872175155,264.06903584798175
20,13,30C__titanium_trial_1,30C,30.0,titanium,1,7184.0359269702985,8517.9873046875
20,13,30C__titanium_trial_2,30C,30.0,titanium,2,7184.0359269702985,6211.142415364583
20,13,30C__titanium_trial_3,30C,30.0,titanium,3,7184.0359269702985,4996.824462890625
20,13,30C__titanium_trial_4,30C,30.0,titanium,4,7184.0359269702985,6325.6142578125
20,13,30C__titanium_trial_5,30C,30.0,titanium,5,7184.0359269702985,8844.384928385416
20,13,30C__titanium_trial_6,30C,30.0,titanium,6,7184.0359269702985,4736.564534505208
20,13,40C__titanium_trial_1,40C,40.0,titanium,1,7184.0359269702985,18682.555338541668
20,13,40C__titanium_trial_2,40C,40.0,titanium,2,7184.0359269702985,14839.7978515625
20,13,40C__titanium_trial_3,40C,40.0,titanium,3,7184.0359269702985,18624.92578125
20,13,40C__titanium_trial_4,40C,40.0,titanium,4,7184.0359269702985,10732.661783854166
20,13,40C__titanium_trial_5,40C,40.0,titanium,5,7184.0359269702985,18359.716145833332
20,13,40C__titanium_trial_6,40C,40.0,titanium,6,7184.0359269702985,18054.494791666668
20,13,50C__titanium_trial_1,50C,50.0,titanium,1,7184.0359269702985,13993.095377604166
20,13,50C__titanium_trial_2,50C,50.0,titanium,2,7184.0359269702985,5276.905110677083
20,13,50C__titanium_trial_3,50C,50.0,titanium,3,7184.0359269702985,15279.583658854166
20,13,50C__titanium_trial_4,50C,50.0,titanium,4,7184.0359269702985,13751.144205729166
20,13,50C__titanium_trial_5,50C,50.0,titanium,5,7184.0359269702985,10094.460286458334
20,13,50C__titanium_trial_6,50C,50.0,titanium,6,7184.0359269702985,13023.052734375
20,13,60C__titanium_trial_1,60C,60.0,titanium,1,7184.0359269702985,9409.126953125
20,13,60C__titanium_trial_2,60C,60.0,titanium,2,7184.0359269702985,9545.4951171875
20,13,60C__titanium_trial_3,60C,60.0,titanium,3,7184.0359269702985,9581.90234375
20,13,60C__titanium_trial_4,60C,60.0,titanium,4,7184.0359269702985,13621.3896484375
20,13,60C__titanium_trial_5,60C,60.0,titanium,5,7184.0359269702985,11949.310709635416
20,13,60C__titanium_trial_6,60C,60.0,titanium,6,7184.0359269702985,13507.558919270834
20,14,30C__wood_trial_1,30C,30.0,wood,1,422.49260348555214,70.08418528238933
20,14,30C__wood_trial_2,30C,30.0,wood,2,422.49260348555214,188.22565205891928
20,14,30C__wood_trial_3,30C,30.0,wood,3,422.49260348555214,113.05284372965495
20,14,30C__wood_trial_4,30C,30.0,wood,4,422.49260348555214,78.93893178304036
20,14,30C__wood_trial_5,30C,30.0,wood,5,422.49260348555214,126.8191655476888
20,14,30C__wood_trial_6,30C,30.0,wood,6,422.49260348555214,199.80936686197916
20,14,40C__wood_trial_1,40C,40.0,wood,1,422.49260348555214,173.57198079427084
20,14,40C__wood_trial_2,40C,40.0,wood,2,422.49260348555214,174.18043009440103
20,14,40C__wood_trial_3,40C,40.0,wood,3,422.49260348555214,165.8986562093099
20,14,40C__wood_trial_4,40C,40.0,wood,4,422.49260348555214,144.21861775716147
20,14,40C__wood_trial_5,40C,40.0,wood,5,422.49260348555214,267.0780843098958
20,14,40C__wood_trial_6,40C,40.0,wood,6,422.49260348555214,240.94422912597656
20,14,50C__wood_trial_1,50C,50.0,wood,1,422.49260348555214,249.65619405110678
20,14,50C__wood_trial_2,50C,50.0,wood,2,422.49260348555214,294.8670959472656
20,14,50C__wood_trial_3,50C,50.0,wood,3,422.49260348555214,327.5325520833333
20,14,50C__wood_trial_4,50C,50.0,wood,4,422.49260348555214,249.3410898844401
20,14,50C__wood_trial_5,50C,50.0,wood,5,422.49260348555214,233.71419779459634
20,14,50C__wood_trial_6,50C,50.0,wood,6,422.49260348555214,218.49377950032553
20,14,60C__wood_trial_1,60C,60.0,wood,1,422.49260348555214,11123.333333333334
20,14,60C__wood_trial_2,60C,60.0,wood,2,422.49260348555214,4588.4384765625
20,14,60C__wood_trial_3,60C,60.0,wood,3,422.49260348555214,7303.800618489583
20,14,60C__wood_trial_4,60C,60.0,wood,4,422.49260348555214,7705.597900390625
20,14,60C__wood_trial_5,60C,60.0,wood,5,422.49260348555214,4441.539082845052
20,14,60C__wood_trial_6,60C,60.0,wood,6,422.49260348555214,868.2662760416666
30,1,30C__aluminum_trial_1,30C,30.0,aluminum,1,23958.09466547789,13008.129231770834
30,1,30C__aluminum_trial_2,30C,30.0,aluminum,2,23958.09466547789,18531.111328125
30,1,30C__aluminum_trial_3,30C,30.0,aluminum,3,23958.09466547789,8099.670572916667
30,1,30C__aluminum_trial_4,30C,30.0,aluminum,4,23958.09466547789,15400.5517578125
30,1,30C__aluminum_trial_5,30C,30.0,aluminum,5,23958.09466547789,12253.17578125
30,1,30C__aluminum_trial_6,30C,30.0,aluminum,6,23958.09466547789,12663.904947916666
30,1,40C__aluminum_trial_1,40C,40.0,aluminum,1,23958.09466547789,25256.228515625
30,1,40C__aluminum_trial_2,40C,40.0,aluminum,2,23958.09466547789,8349.9873046875
30,1,40C__aluminum_trial_3,40C,40.0,aluminum,3,23958.09466547789,28697.285807291668
30,1,40C__aluminum_trial_4,40C,40.0,aluminum,4,23958.09466547789,14630.102213541666
30,1,40C__aluminum_trial_5,40C,40.0,aluminum,5,23958.09466547789,10185.545572916666
30,1,40C__aluminum_trial_6,40C,40.0,aluminum,6,23958.09466547789,10461.965494791666
30,1,50C__aluminum_trial_1,50C,50.0,aluminum,1,23958.09466547789,13105.810546875
30,1,50C__aluminum_trial_2,50C,50.0,aluminum,2,23958.09466547789,12495.73046875
30,1,50C__aluminum_trial_3,50C,50.0,aluminum,3,23958.09466547789,16834.278971354168
30,1,50C__aluminum_trial_4,50C,50.0,aluminum,4,23958.09466547789,18640.977213541668
30,1,50C__aluminum_trial_5,50C,50.0,aluminum,5,23958.09466547789,13925.779296875
30,1,50C__aluminum_trial_6,50C,50.0,aluminum,6,23958.09466547789,21725.508463541668
30,1,60C__aluminum_trial_1,60C,60.0,aluminum,1,23958.09466547789,16916.570638020832
30,1,60C__aluminum_trial_2,60C,60.0,aluminum,2,23958.09466547789,14620.6708984375
30,1,60C__aluminum_trial_3,60C,60.0,aluminum,3,23958.09466547789,11620.534505208334
30,1,60C__aluminum_trial_4,60C,60.0,aluminum,4,23958.09466547789,16673.376953125
30,1,60C__aluminum_trial_5,60C,60.0,aluminum,5,23958.09466547789,15061.819661458334
30,1,60C__aluminum_trial_6,60C,60.0,aluminum,6,23958.09466547789,22162.754557291668
30,2,30C__bismuth_trial_1,30C,30.0,bismuth,1,3209.1026783199068,12370.407877604166
30,2,30C__bismuth_trial_2,30C,30.0,bismuth,2,3209.1026783199068,4696.513264973958
30,2,30C__bismuth_trial_3,30C,30.0,bismuth,3,3209.1026783199068,3179.109375
30,2,30C__bismuth_trial_4,30C,30.0,bismuth,4,3209.1026783199068,11516.1611328125
30,2,30C__bismuth_trial_5,30C,30.0,bismuth,5,3209.1026783199068,6762.5224609375
30,2,30C__bismuth_trial_6,30C,30.0,bismuth,6,3209.1026783199068,9854.933919270834
30,2,40C__bismuth_trial_1,40C,40.0,bismuth,1,3209.1026783199068,14778.116861979166
30,2,40C__bismuth_trial_2,40C,40.0,bismuth,2,3209.1026783199068,12186.590169270834
30,2,40C__bismuth_trial_3,40C,40.0,bismuth,3,3209.1026783199068,12102.641927083334
30,2,40C__bismuth_trial_4,40C,40.0,bismuth,4,3209.1026783199068,11910.5390625
30,2,40C__bismuth_trial_5,40C,40.0,bismuth,5,3209.1026783199068,14494.364908854166
30,2,40C__bismuth_trial_6,40C,40.0,bismuth,6,3209.1026783199068,13254.8740234375
30,2,50C__bismuth_trial_1,50C,50.0,bismuth,1,3209.1026783199068,10275.23046875
30,2,50C__bismuth_trial_2,50C,50.0,bismuth,2,3209.1026783199068,15609.146809895834
30,2,50C__bismuth_trial_3,50C,50.0,bismuth,3,3209.1026783199068,19816.748697916668
30,2,50C__bismuth_trial_4,50C,50.0,bismuth,4,3209.1026783199068,17900.233723958332
30,2,50C__bismuth_trial_5,50C,50.0,bismuth,5,3209.1026783199068,15713.978190104166
30,2,50C__bismuth_trial_6,50C,50.0,bismuth,6,3209.1026783199068,10760.0068359375
30,2,60C__bismuth_trial_1,60C,60.0,bismuth,1,3209.1026783199068,12122.811848958334
30,2,60C__bismuth_trial_2,60C,60.0,bismuth,2,3209.1026783199068,10262.168619791666
30,2,60C__bismuth_trial_3,60C,60.0,bismuth,3,3209.1026783199068,13543.526041666666
30,2,60C__bismuth_trial_4,60C,60.0,bismuth,4,3209.1026783199068,18579.498046875
30,2,60C__bismuth_trial_5,60C,60.0,bismuth,5,3209.1026783199068,10981.745442708334
30,2,60C__bismuth_trial_6,60C,60.0,bismuth,6,3209.1026783199068,18567.307942708332
30,3,30C__cement_trial_1,30C,30.0,cement,1,559.6427431853289,479.67718505859375
30,3,30C__cement_trial_2,30C,30.0,cement,2,559.6427431853289,398.34010823567706
30,3,30C__cement_trial_3,30C,30.0,cement,3,559.6427431853289,421.8902587890625
30,3,30C__cement_trial_4,30C,30.0,cement,4,559.6427431853289,461.44102986653644
30,3,30C__cement_trial_5,30C,30.0,cement,5,559.6427431853289,576.7242431640625
30,3,30C__cement_trial_6,30C,30.0,cement,6,559.6427431853289,394.75233968098956
30,3,40C__cement_trial_1,40C,40.0,cement,1,559.6427431853289,387.20119222005206
30,3,40C__cement_trial_2,40C,40.0,cement,2,559.6427431853289,413.95436604817706
30,3,40C__cement_trial_3,40C,40.0,cement,3,559.6427431853289,346.4060567220052
30,3,40C__cement_trial_4,40C,40.0,cement,4,559.6427431853289,749.5696818033854
30,3,40C__cement_trial_5,40C,40.0,cement,5,559.6427431853289,790.3008015950521
30,3,40C__cement_trial_6,40C,40.0,cement,6,559.6427431853289,397.0368347167969
30,3,50C__cement_trial_1,50C,50.0,cement,1,559.6427431853289,473.0315653483073
30,3,50C__cement_trial_2,50C,50.0,cement,2,559.6427431853289,305.5042724609375
30,3,50C__cement_trial_3,50C,50.0,cement,3,559.6427431853289,451.70115152994794
30,3,50C__cement_trial_4,50C,50.0,cement,4,559.6427431853289,362.45116170247394
30,3,50C__cement_trial_5,50C,50.0,cement,5,559.6427431853289,502.8595784505208
30,3,50C__cement_trial_6,50C,50.0,cement,6,559.6427431853289,553.1602783203125
30,3,60C__cement_trial_1,60C,60.0,cement,1,559.6427431853289,1078.3220825195312
30,3,60C__cement_trial_2,60C,60.0,cement,2,559.6427431853289,812.3598022460938
30,3,60C__cement_trial_3,60C,60.0,cement,3,559.6427431853289,904.8747151692709
30,3,60C__cement_trial_4,60C,60.0,cement,4,559.6427431853289,795.1430867513021
30,3,60C__cement_trial_5,60C,60.0,cement,5,559.6427431853289,921.1322631835938
30,3,60C__cement_trial_6,60C,60.0,cement,6,559.6427431853289,850.6500854492188
30,4,30C__copper_trial_1,30C,30.0,copper,1,37192.601414797544,2469.916748046875
30,4,30C__copper_trial_2,30C,30.0,copper,2,37192.601414797544,17719.950520833332
30,4,30C__copper_trial_3,30C,30.0,copper,3,37192.601414797544,16729.472981770832
30,4,30C__copper_trial_4,30C,30.0,copper,4,37192.601414797544,17493.27734375
30,4,30C__copper_trial_5,30C,30.0,copper,5,37192.601414797544,14160.4296875
30,4,30C__copper_trial_6,30C,30.0,copper,6,37192.601414797544,11436.849609375
30,4,40C__copper_trial_1,40C,40.0,copper,1,37192.601414797544,17266.887369791668
30,4,40C__copper_trial_2,40C,40.0,copper,2,37192.601414797544,12305.625
30,4,40C__copper_trial_3,40C,40.0,copper,3,37192.601414797544,13298.586263020834
30,4,40C__copper_trial_4,40C,40.0,copper,4,37192.601414797544,9363.48779296875
30,4,40C__copper_trial_5,40C,40.0,copper,5,37192.601414797544,9192.17236328125
30,4,40C__copper_trial_6,40C,40.0,copper,6,37192.601414797544,6288.72607421875
30,4,50C__copper_trial_1,50C,50.0,copper,1,37192.601414797544,5495.012532552083
30,4,50C__copper_trial_2,50C,50.0,copper,2,37192.601414797544,10345.085611979166
30,4,50C__copper_trial_3,50C,50.0,copper,3,37192.601414797544,8490.542805989584
30,4,50C__copper_trial_4,50C,50.0,copper,4,37192.601414797544,11279.556966145834
30,4,50C__copper_trial_5,50C,50.0,copper,5,37192.601414797544,10227.782552083334
30,4,50C__copper_trial_6,50C,50.0,copper,6,37192.601414797544,8884.1611328125
30,4,60C__copper_trial_1,60C,60.0,copper,1,37192.601414797544,13720.058268229166
30,4,60C__copper_trial_2,60C,60.0,copper,2,37192.601414797544,17786.566080729168
30,4,60C__copper_trial_3,60C,60.0,copper,3,37192.601414797544,15709.302083333334
30,4,60C__copper_trial_4,60C,60.0,copper,4,37192.601414797544,20524.865234375
30,4,60C__copper_trial_5,60C,60.0,copper,5,37192.601414797544,13597.351888020834
30,4,60C__copper_trial_6,60C,60.0,copper,6,37192.601414797544,12959.828776041666
30,5,30C__cork_trial_1,30C,30.0,cork,1,136.29380029920657,179.89473470052084
30,5,30C__cork_trial_2,30C,30.0,cork,2,136.29380029920657,69.75402069091797
30,5,30C__cork_trial_3,30C,30.0,cork,3,136.29380029920657,59.85922368367513
30,5,30C__cork_trial_4,30C,30.0,cork,4,136.29380029920657,47.08095169067383
30,5,30C__cork_trial_5,30C,30.0,cork,5,136.29380029920657,68.19586817423503
30,5,30C__cork_trial_6,30C,30.0,cork,6,136.29380029920657,62.752140045166016
30,5,40C__cork_trial_1,40C,40.0,cork,1,136.29380029920657,85.80686950683594
30,5,40C__cork_trial_2,40C,40.0,cork,2,136.29380029920657,81.08082580566406
30,5,40C__cork_trial_3,40C,40.0,cork,3,136.29380029920657,90.23919677734375
30,5,40C__cork_trial_4,40C,40.0,cork,4,136.29380029920657,76.77224477132161
30,5,40C__cork_trial_5,40C,40.0,cork,5,136.29380029920657,37.352542877197266
30,5,40C__cork_trial_6,40C,40.0,cork,6,136.29380029920657,34.496376621320685
30,5,50C__cork_trial_1,50C,50.0,cork,1,136.29380029920657,490.9924621582031
30,5,50C__cork_trial_2,50C,50.0,cork,2,136.29380029920657,455.8317565917969
30,5,50C__cork_trial_3,50C,50.0,cork,3,136.29380029920657,469.60472615559894
30,5,50C__cork_trial_4,50C,50.0,cork,4,136.29380029920657,295.9085286458333
30,5,50C__cork_trial_5,50C,50.0,cork,5,136.29380029920657,430.95534261067706
30,5,50C__cork_trial_6,50C,50.0,cork,6,136.29380029920657,407.37366739908856
30,5,60C__cork_trial_1,60C,60.0,cork,1,136.29380029920657,354.5495198567708
30,5,60C__cork_trial_2,60C,60.0,cork,2,136.29380029920657,353.2026062011719
30,5,60C__cork_trial_3,60C,60.0,cork,3,136.29380029920657,342.1814880371094
30,5,60C__cork_trial_4,60C,60.0,cork,4,136.29380029920657,316.8076578776042
30,5,60C__cork_trial_5,60C,60.0,cork,5,136.29380029920657,413.6568094889323
30,5,60C__cork_trial_6,60C,60.0,cork,6,136.29380029920657,398.19420369466144
30,6,30C__graphite_trial_1,30C,30.0,graphite,1,11367.497525840945,11899.584635416666
30,6,30C__graphite_trial_2,30C,30.0,graphite,2,11367.497525840945,5310.393391927083
30,6,30C__graphite_trial_3,30C,30.0,graphite,3,11367.497525840945,2662.19677734375
30,6,30C__graphite_trial_4,30C,30.0,graphite,4,11367.497525840945,7629.257486979167
30,6,30C__graphite_trial_5,30C,30.0,graphite,5,11367.497525840945,7154.572916666667
30,6,30C__graphite_trial_6,30C,30.0,graphite,6,11367.497525840945,5098.103922526042
30,6,40C__graphite_trial_1,40C,40.0,graphite,1,11367.497525840945,11203.518229166666
30,6,40C__graphite_trial_2,40C,40.0,graphite,2,11367.497525840945,11587.16015625
30,6,40C__graphite_trial_3,40C,40.0,graphite,3,11367.497525840945,5620.2236328125
30,6,40C__graphite_trial_4,40C,40.0,graphite,4,11367.497525840945,13269.487630208334
30,6,40C__graphite_trial_5,40C,40.0,graphite,5,11367.497525840945,4087.8833821614585
30,6,40C__graphite_trial_6,40C,40.0,graphite,6,11367.497525840945,7965.422037760417
30,6,50C__graphite_trial_1,50C,50.0,graphite,1,11367.497525840945,18006.1318359375
30,6,50C__graphite_trial_2,50C,50.0,graphite,2,11367.497525840945,14142.884440104166
30,6,50C__graphite_trial_3,50C,50.0,graphite,3,11367.497525840945,15333.564127604166
30,6,50C__graphite_trial_4,50C,50.0,graphite,4,11367.497525840945,18943.863932291668
30,6,50C__graphite_trial_5,50C,50.0,graphite,5,11367.497525840945,6776.404296875
30,6,50C__graphite_trial_6,50C,50.0,graphite,6,11367.497525840945,12516.56640625
30,6,60C__graphite_trial_1,60C,60.0,graphite,1,11367.497525840945,9914.650716145834
30,6,60C__graphite_trial_2,60C,60.0,graphite,2,11367.497525840945,12375.542643229166
30,6,60C__graphite_trial_3,60C,60.0,graphite,3,11367.497525840945,11843.203125
30,6,60C__graphite_trial_4,60C,60.0,graphite,4,11367.497525840945,15009.398111979166
30,6,60C__graphite_trial_5,60C,60.0,graphite,5,11367.497525840945,9933.605143229166
30,6,60C__graphite_trial_6,60C,60.0,graphite,6,11367.497525840945,12548.931315104166
30,7,30C__gypsum_trial_1,30C,30.0,gypsum,1,385.01948002666046,262.9809061686198
30,7,30C__gypsum_trial_2,30C,30.0,gypsum,2,385.01948002666046,313.33412679036456
30,7,30C__gypsum_trial_3,30C,30.0,gypsum,3,385.01948002666046,258.81480916341144
30,7,30C__gypsum_trial_4,30C,30.0,gypsum,4,385.01948002666046,196.79076639811197
30,7,30C__gypsum_trial_5,30C,30.0,gypsum,5,385.01948002666046,343.59031168619794
30,7,30C__gypsum_trial_6,30C,30.0,gypsum,6,385.01948002666046,196.79630025227866
30,7,40C__gypsum_trial_1,40C,40.0,gypsum,1,385.01948002666046,332.27662150065106
30,7,40C__gypsum_trial_2,40C,40.0,gypsum,2,385.01948002666046,232.46715291341147
30,7,40C__gypsum_trial_3,40C,40.0,gypsum,3,385.01948002666046,305.9358266194661
30,7,40C__gypsum_trial_4,40C,40.0,gypsum,4,385.01948002666046,364.6321512858073
30,7,40C__gypsum_trial_5,40C,40.0,gypsum,5,385.01948002666046,775.6714070638021
30,7,40C__gypsum_trial_6,40C,40.0,gypsum,6,385.01948002666046,574.2413431803385
30,7,50C__gypsum_trial_1,50C,50.0,gypsum,1,385.01948002666046,733.033447265625
30,7,50C__gypsum_trial_2,50C,50.0,gypsum,2,385.01948002666046,687.0031941731771
30,7,50C__gypsum_trial_3,50C,50.0,gypsum,3,385.01948002666046,685.5701700846354
30,7,50C__gypsum_trial_4,50C,50.0,gypsum,4,385.01948002666046,732.3795776367188
30,7,50C__gypsum_trial_5,50C,50.0,gypsum,5,385.01948002666046,786.0789998372396
30,7,50C__gypsum_trial_6,50C,50.0,gypsum,6,385.01948002666046,612.8504435221354
30,7,60C__gypsum_trial_1,60C,60.0,gypsum,1,385.01948002666046,4002.808349609375
30,7,60C__gypsum_trial_2,60C,60.0,gypsum,2,385.01948002666046,1706.381103515625
30,7,60C__gypsum_trial_3,60C,60.0,gypsum,3,385.01948002666046,1777.8884684244792
30,7,60C__gypsum_trial_4,60C,60.0,gypsum,4,385.01948002666046,3175.104736328125
30,7,60C__gypsum_trial_5,60C,60.0,gypsum,5,385.01948002666046,3784.5533040364585
30,7,60C__gypsum_trial_6,60C,60.0,gypsum,6,385.01948002666046,2828.5247395833335
30,8,30C__iron_trial_1,30C,30.0,iron,1,16859.663413010356,10050.058919270834
30,8,30C__iron_trial_2,30C,30.0,iron,2,16859.663413010356,26161.844401041668
30,8,30C__iron_trial_3,30C,30.0,iron,3,16859.663413010356,17070.844075520832
30,8,30C__iron_trial_4,30C,30.0,iron,4,16859.663413010356,18933.415364583332
30,8,30C__iron_trial_5,30C,30.0,iron,5,16859.663413010356,15925.453125
30,8,30C__iron_trial_6,30C,30.0,iron,6,16859.663413010356,12912.536783854166
30,8,40C__iron_trial_1,40C,40.0,iron,1,16859.663413010356,16573.337890625
30,8,40C__iron_trial_2,40C,40.0,iron,2,16859.663413010356,10489.4619140625
30,8,40C__iron_trial_3,40C,40.0,iron,3,16859.663413010356,8819.7861328125
30,8,40C__iron_trial_4,40C,40.0,iron,4,16859.663413010356,6179.5205078125
30,8,40C__iron_trial_5,40C,40.0,iron,5,16859.663413010356,13024.98828125
30,8,40C__iron_trial_6,40C,40.0,iron,6,16859.663413010356,14229.291015625
30,8,50C__iron_trial_1,50C,50.0,iron,1,16859.663413010356,9635.19970703125
30,8,50C__iron_trial_2,50C,50.0,iron,2,16859.663413010356,13226.4580078125
30,8,50C__iron_trial_3,50C,50.0,iron,3,16859.663413010356,13181.1806640625
30,8,50C__iron_trial_4,50C,50.0,iron,4,16859.663413010356,13127.660481770834
30,8,50C__iron_trial_5,50C,50.0,iron,5,16859.663413010356,19452.466796875
30,8,50C__iron_trial_6,50C,50.0,iron,6,16859.663413010356,25638.156901041668
30,8,60C__iron_trial_1,60C,60.0,iron,1,16859.663413010356,29865.185546875
30,8,60C__iron_trial_2,60C,60.0,iron,2,16859.663413010356,19878.6484375
30,8,60C__iron_trial_3,60C,60.0,iron,3,16859.663413010356,18488.18359375
30,8,60C__iron_trial_4,60C,60.0,iron,4,16859.663413010356,14633.8994140625
30,8,60C__iron_trial_5,60C,60.0,iron,5,16859.663413010356,19538.986328125
30,8,60C__iron_trial_6,60C,60.0,iron,6,16859.663413010356,20055.679036458332
30,9,30C__nickel_trial_1,30C,30.0,nickel,1,19320.68449098013,9906.897786458334
30,9,30C__nickel_trial_2,30C,30.0,nickel,2,19320.68449098013,12733.1220703125
30,9,30C__nickel_trial_3,30C,30.0,nickel,3,19320.68449098013,18264.396158854168
30,9,30C__nickel_trial_4,30C,30.0,nickel,4,19320.68449098013,8372.181966145834
30,9,30C__nickel_trial_5,30C,30.0,nickel,5,19320.68449098013,18386.338541666668
30,9,30C__nickel_trial_6,30C,30.0,nickel,6,19320.68449098013,18862.4716796875
30,9,40C__nickel_trial_1,40C,40.0,nickel,1,19320.68449098013,6636.246256510417
30,9,40C__nickel_trial_2,40C,40.0,nickel,2,19320.68449098013,8476.785481770834
30,9,40C__nickel_trial_3,40C,40.0,nickel,3,19320.68449098013,22300.966145833332
30,9,40C__nickel_trial_4,40C,40.0,nickel,4,19320.68449098013,13641.413411458334
30,9,40C__nickel_trial_5,40C,40.0,nickel,5,19320.68449098013,12603.222005208334
30,9,40C__nickel_trial_6,40C,40.0,nickel,6,19320.68449098013,11467.084309895834
30,9,50C__nickel_trial_1,50C,50.0,nickel,1,19320.68449098013,11532.6884765625
30,9,50C__nickel_trial_2,50C,50.0,nickel,2,19320.68449098013,11885.460611979166
30,9,50C__nickel_trial_3,50C,50.0,nickel,3,19320.68449098013,13044.6357421875
30,9,50C__nickel_trial_4,50C,50.0,nickel,4,19320.68449098013,10865.4287109375
30,9,50C__nickel_trial_5,50C,50.0,nickel,5,19320.68449098013,7532.203287760417
30,9,50C__nickel_trial_6,50C,50.0,nickel,6,19320.68449098013,15302.250325520834
30,9,60C__nickel_trial_1,60C,60.0,nickel,1,19320.68449098013,9082.656901041666
30,9,60C__nickel_trial_2,60C,60.0,nickel,2,19320.68449098013,21925.521484375
30,9,60C__nickel_trial_3,60C,60.0,nickel,3,19320.68449098013,15979.727213541666
30,9,60C__nickel_trial_4,60C,60.0,nickel,4,19320.68449098013,22142.900390625
30,9,60C__nickel_trial_5,60C,60.0,nickel,5,19320.68449098013,20081.920572916668
30,9,60C__nickel_trial_6,60C,60.0,nickel,6,19320.68449098013,25302.959635416668
30,10,30C__pdms_trial_1,30C,30.0,pdms,1,460.90129095067635,207.92054748535156
30,10,30C__pdms_trial_2,30C,30.0,pdms,2,460.90129095067635,125.30846659342448
30,10,30C__pdms_trial_3,30C,30.0,pdms,3,460.90129095067635,145.03559112548828
30,10,30C__pdms_trial_4,30C,30.0,pdms,4,460.90129095067635,48.689964294433594
30,10,30C__pdms_trial_5,30C,30.0,pdms,5,460.90129095067635,134.66204579671225
30,10,30C__pdms_trial_6,30C,30.0,pdms,6,460.90129095067635,76.59131876627605
30,10,40C__pdms_trial_1,40C,40.0,pdms,1,460.90129095067635,406.4470621744792
30,10,40C__pdms_trial_2,40C,40.0,pdms,2,460.90129095067635,456.46596272786456
30,10,40C__pdms_trial_3,40C,40.0,pdms,3,460.90129095067635,385.77220662434894
30,10,40C__pdms_trial_4,40C,40.0,pdms,4,460.90129095067635,420.2856750488281
30,10,40C__pdms_trial_5,40C,40.0,pdms,5,460.90129095067635,223.73921712239584
30,10,40C__pdms_trial_6,40C,40.0,pdms,6,460.90129095067635,367.63669840494794
30,10,50C__pdms_trial_1,50C,50.0,pdms,1,460.90129095067635,252.22318522135416
30,10,50C__pdms_trial_2,50C,50.0,pdms,2,460.90129095067635,196.96421813964844
30,10,50C__pdms_trial_3,50C,50.0,pdms,3,460.90129095067635,471.9312337239583
30,10,50C__pdms_trial_4,50C,50.0,pdms,4,460.90129095067635,428.3419901529948
30,10,50C__pdms_trial_5,50C,50.0,pdms,5,460.90129095067635,270.1690317789714
30,10,50C__pdms_trial_6,50C,50.0,pdms,6,460.90129095067635,294.3797353108724
30,10,60C__pdms_trial_1,60C,60.0,pdms,1,460.90129095067635,620.6819458007812
30,10,60C__pdms_trial_2,60C,60.0,pdms,2,460.90129095067635,397.8763732910156
30,10,60C__pdms_trial_3,60C,60.0,pdms,3,460.90129095067635,493.14012654622394
30,10,60C__pdms_trial_4,60C,60.0,pdms,4,460.90129095067635,239.35357157389322
30,10,60C__pdms_trial_5,60C,60.0,pdms,5,460.90129095067635,199.43049112955728
30,10,60C__pdms_trial_6,60C,60.0,pdms,6,460.90129095067635,143.4030303955078
30,11,30C__ps_foam_trial_1,30C,30.0,ps_foam,1,34.496376621320685,558.5115254720052
30,11,30C__ps_foam_trial_2,30C,30.0,ps_foam,2,34.496376621320685,706.528065999349
30,11,30C__ps_foam_trial_3,30C,30.0,ps_foam,3,34.496376621320685,371.9016418457031
30,11,30C__ps_foam_trial_4,30C,30.0,ps_foam,4,34.496376621320685,308.23647054036456
30,11,30C__ps_foam_trial_5,30C,30.0,ps_foam,5,34.496376621320685,131.3090057373047
30,11,30C__ps_foam_trial_6,30C,30.0,ps_foam,6,34.496376621320685,166.42436726888022
30,11,40C__ps_foam_trial_1,40C,40.0,ps_foam,1,34.496376621320685,43.565275730272525
30,11,40C__ps_foam_trial_2,40C,40.0,ps_foam,2,34.496376621320685,46.38346344389557
30,11,40C__ps_foam_trial_3,40C,40.0,ps_foam,3,34.496376621320685,52.69821039835612
30,11,40C__ps_foam_trial_4,40C,40.0,ps_foam,4,34.496376621320685,849.1124267578125
30,11,40C__ps_foam_trial_5,40C,40.0,ps_foam,5,34.496376621320685,90.12921396891277
30,11,40C__ps_foam_trial_6,40C,40.0,ps_foam,6,34.496376621320685,90.91428120930989
30,11,50C__ps_foam_trial_1,50C,50.0,ps_foam,1,34.496376621320685,49.58334732055664
30,11,50C__ps_foam_trial_2,50C,50.0,ps_foam,2,34.496376621320685,61.61744181315104
30,11,50C__ps_foam_trial_3,50C,50.0,ps_foam,3,34.496376621320685,52.6016960144043
30,11,50C__ps_foam_trial_4,50C,50.0,ps_foam,4,34.496376621320685,52.35558319091797
30,11,50C__ps_foam_trial_5,50C,50.0,ps_foam,5,34.496376621320685,51.569714864095054
30,11,50C__ps_foam_trial_6,50C,50.0,ps_foam,6,34.496376621320685,55.8916867574056
30,11,60C__ps_foam_trial_1,60C,60.0,ps_foam,1,34.496376621320685,277.2688293457031
30,11,60C__ps_foam_trial_2,60C,60.0,ps_foam,2,34.496376621320685,266.39256795247394
30,11,60C__ps_foam_trial_3,60C,60.0,ps_foam,3,34.496376621320685,268.1223602294922
30,11,60C__ps_foam_trial_4,60C,60.0,ps_foam,4,34.496376621320685,138.52899678548178
30,11,60C__ps_foam_trial_5,60C,60.0,ps_foam,5,34.496376621320685,297.6313171386719
30,11,60C__ps_foam_trial_6,60C,60.0,ps_foam,6,34.496376621320685,258.70398966471356
30,12,30C__pu_foam_trial_1,30C,30.0,pu_foam,1,42.49705872175155,137.36092631022134
30,12,30C__pu_foam_trial_2,30C,30.0,pu_foam,2,42.49705872175155,100.19614283243816
30,12,30C__pu_foam_trial_3,30C,30.0,pu_foam,3,42.49705872175155,240.71703592936197
30,12,30C__pu_foam_trial_4,30C,30.0,pu_foam,4,42.49705872175155,267.33168538411456
30,12,30C__pu_foam_trial_5,30C,30.0,pu_foam,5,42.49705872175155,286.23260498046875
30,12,30C__pu_foam_trial_6,30C,30.0,pu_foam,6,42.49705872175155,105.0405782063802
30,12,40C__pu_foam_trial_1,40C,40.0,pu_foam,1,42.49705872175155,75.23875172932942
30,12,40C__pu_foam_trial_2,40C,40.0,pu_foam,2,42.49705872175155,79.5809809366862
30,12,40C__pu_foam_trial_3,40C,40.0,pu_foam,3,42.49705872175155,84.6796760559082
30,12,40C__pu_foam_trial_4,40C,40.0,pu_foam,4,42.49705872175155,94.61063639322917
30,12,40C__pu_foam_trial_5,40C,40.0,pu_foam,5,42.49705872175155,34.496376621320685
30,12,40C__pu_foam_trial_6,40C,40.0,pu_foam,6,42.49705872175155,40.890944163004555
30,12,50C__pu_foam_trial_1,50C,50.0,pu_foam,1,42.49705872175155,103.08462524414062
30,12,50C__pu_foam_trial_2,50C,50.0,pu_foam,2,42.49705872175155,82.47337086995442
30,12,50C__pu_foam_trial_3,50C,50.0,pu_foam,3,42.49705872175155,98.4198481241862
30,12,50C__pu_foam_trial_4,50C,50.0,pu_foam,4,42.49705872175155,73.90511322021484
30,12,50C__pu_foam_trial_5,50C,50.0,pu_foam,5,42.49705872175155,82.76373545328777
30,12,50C__pu_foam_trial_6,50C,50.0,pu_foam,6,42.49705872175155,89.82114664713542
30,12,60C__pu_foam_trial_1,60C,60.0,pu_foam,1,42.49705872175155,167.70548502604166
30,12,60C__pu_foam_trial_2,60C,60.0,pu_foam,2,42.49705872175155,625.9673868815104
30,12,60C__pu_foam_trial_3,60C,60.0,pu_foam,3,42.49705872175155,284.7067057291667
30,12,60C__pu_foam_trial_4,60C,60.0,pu_foam,4,42.49705872175155,184.96662139892578
30,12,60C__pu_foam_trial_5,60C,60.0,pu_foam,5,42.49705872175155,262.75690205891925
30,12,60C__pu_foam_trial_6,60C,60.0,pu_foam,6,42.49705872175155,301.9636688232422
30,13,30C__titanium_trial_1,30C,30.0,titanium,1,7184.0359269702985,11015.195638020834
30,13,30C__titanium_trial_2,30C,30.0,titanium,2,7184.0359269702985,5974.618001302083
30,13,30C__titanium_trial_3,30C,30.0,titanium,3,7184.0359269702985,5469.483723958333
30,13,30C__titanium_trial_4,30C,30.0,titanium,4,7184.0359269702985,4240.483642578125
30,13,30C__titanium_trial_5,30C,30.0,titanium,5,7184.0359269702985,8614.28271484375
30,13,30C__titanium_trial_6,30C,30.0,titanium,6,7184.0359269702985,5150.660319010417
30,13,40C__titanium_trial_1,40C,40.0,titanium,1,7184.0359269702985,16071.507486979166
30,13,40C__titanium_trial_2,40C,40.0,titanium,2,7184.0359269702985,12599.404296875
30,13,40C__titanium_trial_3,40C,40.0,titanium,3,7184.0359269702985,15066.683919270834
30,13,40C__titanium_trial_4,40C,40.0,titanium,4,7184.0359269702985,10149.850911458334
30,13,40C__titanium_trial_5,40C,40.0,titanium,5,7184.0359269702985,19317.891927083332
30,13,40C__titanium_trial_6,40C,40.0,titanium,6,7184.0359269702985,17425.2333984375
30,13,50C__titanium_trial_1,50C,50.0,titanium,1,7184.0359269702985,12757.141276041666
30,13,50C__titanium_trial_2,50C,50.0,titanium,2,7184.0359269702985,6471.215657552083
30,13,50C__titanium_trial_3,50C,50.0,titanium,3,7184.0359269702985,15073.661783854166
30,13,50C__titanium_trial_4,50C,50.0,titanium,4,7184.0359269702985,15193.643880208334
30,13,50C__titanium_trial_5,50C,50.0,titanium,5,7184.0359269702985,10012.471354166666
30,13,50C__titanium_trial_6,50C,50.0,titanium,6,7184.0359269702985,14653.152669270834
30,13,60C__titanium_trial_1,60C,60.0,titanium,1,7184.0359269702985,9774.417317708334
30,13,60C__titanium_trial_2,60C,60.0,titanium,2,7184.0359269702985,10356.766764322916
30,13,60C__titanium_trial_3,60C,60.0,titanium,3,7184.0359269702985,10116.850748697916
30,13,60C__titanium_trial_4,60C,60.0,titanium,4,7184.0359269702985,13900.252278645834
30,13,60C__titanium_trial_5,60C,60.0,titanium,5,7184.0359269702985,13020.083333333334
30,13,60C__titanium_trial_6,60C,60.0,titanium,6,7184.0359269702985,14173.920572916666
30,14,30C__wood_trial_1,30C,30.0,wood,1,422.49260348555214,78.21973419189453
30,14,30C__wood_trial_2,30C,30.0,wood,2,422.49260348555214,174.23716735839844
30,14,30C__wood_trial_3,30C,30.0,wood,3,422.49260348555214,123.6379623413086
30,14,30C__wood_trial_4,30C,30.0,wood,4,422.49260348555214,76.63803227742513
30,14,30C__wood_trial_5,30C,30.0,wood,5,422.49260348555214,128.6090545654297
30,14,30C__wood_trial_6,30C,30.0,wood,6,422.49260348555214,240.2339884440104
30,14,40C__wood_trial_1,40C,40.0,wood,1,422.49260348555214,162.71173604329428
30,14,40C__wood_trial_2,40C,40.0,wood,2,422.49260348555214,162.77935282389322
30,14,40C__wood_trial_3,40C,40.0,wood,3,422.49260348555214,167.36273193359375
30,14,40C__wood_trial_4,40C,40.0,wood,4,422.49260348555214,117.29962921142578
30,14,40C__wood_trial_5,40C,40.0,wood,5,422.49260348555214,268.0630798339844
30,14,40C__wood_trial_6,40C,40.0,wood,6,422.49260348555214,219.79107157389322
30,14,50C__wood_trial_1,50C,50.0,wood,1,422.49260348555214,263.5026041666667
30,14,50C__wood_trial_2,50C,50.0,wood,2,422.49260348555214,314.18056233723956
30,14,50C__wood_trial_3,50C,50.0,wood,3,422.49260348555214,341.78368123372394
30,14,50C__wood_trial_4,50C,50.0,wood,4,422.49260348555214,290.0536295572917
30,14,50C__wood_trial_5,50C,50.0,wood,5,422.49260348555214,251.24554443359375
30,14,50C__wood_trial_6,50C,50.0,wood,6,422.49260348555214,228.33497619628906
30,14,60C__wood_trial_1,60C,60.0,wood,1,422.49260348555214,12048.263997395834
30,14,60C__wood_trial_2,60C,60.0,wood,2,422.49260348555214,6227.314453125
30,14,60C__wood_trial_3,60C,60.0,wood,3,422.49260348555214,7713.8825276692705
30,14,60C__wood_trial_4,60C,60.0,wood,4,422.49260348555214,7592.595947265625
30,14,60C__wood_trial_5,60C,60.0,wood,5,422.49260348555214,3521.9998372395835
30,14,60C__wood_trial_6,60C,60.0,wood,6,422.49260348555214,1743.9054361979167
50,1,30C__aluminum_trial_1,30C,30.0,aluminum,1,23958.09466547789,15132.503255208334
50,1,30C__aluminum_trial_2,30C,30.0,aluminum,2,23958.09466547789,19985.725911458332
50,1,30C__aluminum_trial_3,30C,30.0,aluminum,3,23958.09466547789,9444.534505208334
50,1,30C__aluminum_trial_4,30C,30.0,aluminum,4,23958.09466547789,15678.807291666666
50,1,30C__aluminum_trial_5,30C,30.0,aluminum,5,23958.09466547789,13676.662109375
50,1,30C__aluminum_trial_6,30C,30.0,aluminum,6,23958.09466547789,14547.686197916666
50,1,40C__aluminum_trial_1,40C,40.0,aluminum,1,23958.09466547789,18348.381510416668
50,1,40C__aluminum_trial_2,40C,40.0,aluminum,2,23958.09466547789,5420.00244140625
50,1,40C__aluminum_trial_3,40C,40.0,aluminum,3,23958.09466547789,31585.776041666668
50,1,40C__aluminum_trial_4,40C,40.0,aluminum,4,23958.09466547789,13101.888997395834
50,1,40C__aluminum_trial_5,40C,40.0,aluminum,5,23958.09466547789,11295.419596354166
50,1,40C__aluminum_trial_6,40C,40.0,aluminum,6,23958.09466547789,11446.8720703125
50,1,50C__aluminum_trial_1,50C,50.0,aluminum,1,23958.09466547789,12525.356770833334
50,1,50C__aluminum_trial_2,50C,50.0,aluminum,2,23958.09466547789,11564.427083333334
50,1,50C__aluminum_trial_3,50C,50.0,aluminum,3,23958.09466547789,14935.256184895834
50,1,50C__aluminum_trial_4,50C,50.0,aluminum,4,23958.09466547789,17598.352213541668
50,1,50C__aluminum_trial_5,50C,50.0,aluminum,5,23958.09466547789,13205.034505208334
50,1,50C__aluminum_trial_6,50C,50.0,aluminum,6,23958.09466547789,20870.46875
50,1,60C__aluminum_trial_1,60C,60.0,aluminum,1,23958.09466547789,13717.191080729166
50,1,60C__aluminum_trial_2,60C,60.0,aluminum,2,23958.09466547789,12681.6806640625
50,1,60C__aluminum_trial_3,60C,60.0,aluminum,3,23958.09466547789,9475.86328125
50,1,60C__aluminum_trial_4,60C,60.0,aluminum,4,23958.09466547789,13983.301432291666
50,1,60C__aluminum_trial_5,60C,60.0,aluminum,5,23958.09466547789,12744.510091145834
50,1,60C__aluminum_trial_6,60C,60.0,aluminum,6,23958.09466547789,18225.4375
50,2,30C__bismuth_trial_1,30C,30.0,bismuth,1,3209.1026783199068,10966.186686197916
50,2,30C__bismuth_trial_2,30C,30.0,bismuth,2,3209.1026783199068,9052.09619140625
50,2,30C__bismuth_trial_3,30C,30.0,bismuth,3,3209.1026783199068,5266.727864583333
50,2,30C__bismuth_trial_4,30C,30.0,bismuth,4,3209.1026783199068,13772.90625
50,2,30C__bismuth_trial_5,30C,30.0,bismuth,5,3209.1026783199068,8304.37548828125
50,2,30C__bismuth_trial_6,30C,30.0,bismuth,6,3209.1026783199068,10580.5810546875
50,2,40C__bismuth_trial_1,40C,40.0,bismuth,1,3209.1026783199068,14508.584635416666
50,2,40C__bismuth_trial_2,40C,40.0,bismuth,2,3209.1026783199068,12634.2041015625
50,2,40C__bismuth_trial_3,40C,40.0,bismuth,3,3209.1026783199068,9161.123697916666
50,2,40C__bismuth_trial_4,40C,40.0,bismuth,4,3209.1026783199068,10458.902994791666
50,2,40C__bismuth_trial_5,40C,40.0,bismuth,5,3209.1026783199068,13555.542643229166
50,2,40C__bismuth_trial_6,40C,40.0,bismuth,6,3209.1026783199068,10987.135416666666
50,2,50C__bismuth_trial_1,50C,50.0,bismuth,1,3209.1026783199068,10326.6455078125
50,2,50C__bismuth_trial_2,50C,50.0,bismuth,2,3209.1026783199068,14269.9375
50,2,50C__bismuth_trial_3,50C,50.0,bismuth,3,3209.1026783199068,19019.373046875
50,2,50C__bismuth_trial_4,50C,50.0,bismuth,4,3209.1026783199068,17267.102213541668
50,2,50C__bismuth_trial_5,50C,50.0,bismuth,5,3209.1026783199068,12722.46875
50,2,50C__bismuth_trial_6,50C,50.0,bismuth,6,3209.1026783199068,10842.458658854166
50,2,60C__bismuth_trial_1,60C,60.0,bismuth,1,3209.1026783199068,11584.9404296875
50,2,60C__bismuth_trial_2,60C,60.0,bismuth,2,3209.1026783199068,11135.707682291666
50,2,60C__bismuth_trial_3,60C,60.0,bismuth,3,3209.1026783199068,13185.599283854166
50,2,60C__bismuth_trial_4,60C,60.0,bismuth,4,3209.1026783199068,18941.6015625
50,2,60C__bismuth_trial_5,60C,60.0,bismuth,5,3209.1026783199068,9251.318033854166
50,2,60C__bismuth_trial_6,60C,60.0,bismuth,6,3209.1026783199068,20252.416666666668
50,3,30C__cement_trial_1,30C,30.0,cement,1,559.6427431853289,463.2141927083333
50,3,30C__cement_trial_2,30C,30.0,cement,2,559.6427431853289,384.1033426920573
50,3,30C__cement_trial_3,30C,30.0,cement,3,559.6427431853289,407.4201151529948
50,3,30C__cement_trial_4,30C,30.0,cement,4,559.6427431853289,457.24706013997394
50,3,30C__cement_trial_5,30C,30.0,cement,5,559.6427431853289,558.7874755859375
50,3,30C__cement_trial_6,30C,30.0,cement,6,559.6427431853289,479.74022420247394
50,3,40C__cement_trial_1,40C,40.0,cement,1,559.6427431853289,390.9655354817708
50,3,40C__cement_trial_2,40C,40.0,cement,2,559.6427431853289,451.51361083984375
50,3,40C__cement_trial_3,40C,40.0,cement,3,559.6427431853289,348.25002034505206
50,3,40C__cement_trial_4,40C,40.0,cement,4,559.6427431853289,736.7587483723959
50,3,40C__cement_trial_5,40C,40.0,cement,5,559.6427431853289,832.8860677083334
50,3,40C__cement_trial_6,40C,40.0,cement,6,559.6427431853289,421.41175333658856
50,3,50C__cement_trial_1,50C,50.0,cement,1,559.6427431853289,519.6450703938802
50,3,50C__cement_trial_2,50C,50.0,cement,2,559.6427431853289,364.78992716471356
50,3,50C__cement_trial_3,50C,50.0,cement,3,559.6427431853289,406.9643249511719
50,3,50C__cement_trial_4,50C,50.0,cement,4,559.6427431853289,391.70229085286456
50,3,50C__cement_trial_5,50C,50.0,cement,5,559.6427431853289,541.3928426106771
50,3,50C__cement_trial_6,50C,50.0,cement,6,559.6427431853289,512.9857584635416
50,3,60C__cement_trial_1,60C,60.0,cement,1,559.6427431853289,1163.2373046875
50,3,60C__cement_trial_2,60C,60.0,cement,2,559.6427431853289,851.1590576171875
50,3,60C__cement_trial_3,60C,60.0,cement,3,559.6427431853289,962.8163045247396
50,3,60C__cement_trial_4,60C,60.0,cement,4,559.6427431853289,842.5057576497396
50,3,60C__cement_trial_5,60C,60.0,cement,5,559.6427431853289,956.9687906901041
50,3,60C__cement_trial_6,60C,60.0,cement,6,559.6427431853289,955.1946004231771
50,4,30C__copper_trial_1,30C,30.0,copper,1,37192.601414797544,2708.945515950521
50,4,30C__copper_trial_2,30C,30.0,copper,2,37192.601414797544,17889.276692708332
50,4,30C__copper_trial_3,30C,30.0,copper,3,37192.601414797544,16890.708984375
50,4,30C__copper_trial_4,30C,30.0,copper,4,37192.601414797544,16165.756510416666
50,4,30C__copper_trial_5,30C,30.0,copper,5,37192.601414797544,15446.787109375
50,4,30C__copper_trial_6,30C,30.0,copper,6,37192.601414797544,11544.7421875
50,4,40C__copper_trial_1,40C,40.0,copper,1,37192.601414797544,15762.7783203125
50,4,40C__copper_trial_2,40C,40.0,copper,2,37192.601414797544,13836.366861979166
50,4,40C__copper_trial_3,40C,40.0,copper,3,37192.601414797544,17257.2373046875
50,4,40C__copper_trial_4,40C,40.0,copper,4,37192.601414797544,8424.2861328125
50,4,40C__copper_trial_5,40C,40.0,copper,5,37192.601414797544,8909.71923828125
50,4,40C__copper_trial_6,40C,40.0,copper,6,37192.601414797544,6611.730305989583
50,4,50C__copper_trial_1,50C,50.0,copper,1,37192.601414797544,6216.624837239583
50,4,50C__copper_trial_2,50C,50.0,copper,2,37192.601414797544,10697.1787109375
50,4,50C__copper_trial_3,50C,50.0,copper,3,37192.601414797544,8854.443359375
50,4,50C__copper_trial_4,50C,50.0,copper,4,37192.601414797544,9890.550944010416
50,4,50C__copper_trial_5,50C,50.0,copper,5,37192.601414797544,10036.691731770834
50,4,50C__copper_trial_6,50C,50.0,copper,6,37192.601414797544,9059.88671875
50,4,60C__copper_trial_1,60C,60.0,copper,1,37192.601414797544,14889.954752604166
50,4,60C__copper_trial_2,60C,60.0,copper,2,37192.601414797544,20157.266276041668
50,4,60C__copper_trial_3,60C,60.0,copper,3,37192.601414797544,15528.4580078125
50,4,60C__copper_trial_4,60C,60.0,copper,4,37192.601414797544,20142.840494791668
50,4,60C__copper_trial_5,60C,60.0,copper,5,37192.601414797544,14208.740559895834
50,4,60C__copper_trial_6,60C,60.0,copper,6,37192.601414797544,12684.497721354166
50,5,30C__cork_trial_1,30C,30.0,cork,1,136.29380029920657,201.2529296875
50,5,30C__cork_trial_2,30C,30.0,cork,2,136.29380029920657,72.8442014058431
50,5,30C__cork_trial_3,30C,30.0,cork,3,136.29380029920657,51.61688995361328
50,5,30C__cork_trial_4,30C,30.0,cork,4,136.29380029920657,46.85918045043945
50,5,30C__cork_trial_5,30C,30.0,cork,5,136.29380029920657,63.733629862467446
50,5,30C__cork_trial_6,30C,30.0,cork,6,136.29380029920657,65.89143625895183
50,5,40C__cork_trial_1,40C,40.0,cork,1,136.29380029920657,78.30032094319661
50,5,40C__cork_trial_2,40C,40.0,cork,2,136.29380029920657,77.7540995279948
50,5,40C__cork_trial_3,40C,40.0,cork,3,136.29380029920657,86.42743174235027
50,5,40C__cork_trial_4,40C,40.0,cork,4,136.29380029920657,66.43579737345378
50,5,40C__cork_trial_5,40C,40.0,cork,5,136.29380029920657,35.58177967455481
50,5,40C__cork_trial_6,40C,40.0,cork,6,136.29380029920657,36.98826364265377
50,5,50C__cork_trial_1,50C,50.0,cork,1,136.29380029920657,449.3323059082031
50,5,50C__cork_trial_2,50C,50.0,cork,2,136.29380029920657,431.6095784505208
50,5,50C__cork_trial_3,50C,50.0,cork,3,136.29380029920657,428.8499755859375
50,5,50C__cork_trial_4,50C,50.0,cork,4,136.29380029920657,312.3486633300781
50,5,50C__cork_trial_5,50C,50.0,cork,5,136.29380029920657,458.1852315266927
50,5,50C__cork_trial_6,50C,50.0,cork,6,136.29380029920657,356.7539876302083
50,5,60C__cork_trial_1,60C,60.0,cork,1,136.29380029920657,341.7731119791667
50,5,60C__cork_trial_2,60C,60.0,cork,2,136.29380029920657,335.81923421223956
50,5,60C__cork_trial_3,60C,60.0,cork,3,136.29380029920657,290.636469523112
50,5,60C__cork_trial_4,60C,60.0,cork,4,136.29380029920657,313.58233642578125
50,5,60C__cork_trial_5,60C,60.0,cork,5,136.29380029920657,382.23142496744794
50,5,60C__cork_trial_6,60C,60.0,cork,6,136.29380029920657,358.2611592610677
50,6,30C__graphite_trial_1,30C,30.0,graphite,1,11367.497525840945,11171.8271484375
50,6,30C__graphite_trial_2,30C,30.0,graphite,2,11367.497525840945,6270.169270833333
50,6,30C__graphite_trial_3,30C,30.0,graphite,3,11367.497525840945,1427.5148111979167
50,6,30C__graphite_trial_4,30C,30.0,graphite,4,11367.497525840945,10871.643229166666
50,6,30C__graphite_trial_5,30C,30.0,graphite,5,11367.497525840945,9818.161295572916
50,6,30C__graphite_trial_6,30C,30.0,graphite,6,11367.497525840945,7838.937825520833
50,6,40C__graphite_trial_1,40C,40.0,graphite,1,11367.497525840945,8595.907877604166
50,6,40C__graphite_trial_2,40C,40.0,graphite,2,11367.497525840945,9057.92041015625
50,6,40C__graphite_trial_3,40C,40.0,graphite,3,11367.497525840945,6507.808756510417
50,6,40C__graphite_trial_4,40C,40.0,graphite,4,11367.497525840945,11213.28515625
50,6,40C__graphite_trial_5,40C,40.0,graphite,5,11367.497525840945,3522.0658365885415
50,6,40C__graphite_trial_6,40C,40.0,graphite,6,11367.497525840945,6658.797200520833
50,6,50C__graphite_trial_1,50C,50.0,graphite,1,11367.497525840945,19408.333333333332
50,6,50C__graphite_trial_2,50C,50.0,graphite,2,11367.497525840945,11692.9140625
50,6,50C__graphite_trial_3,50C,50.0,graphite,3,11367.497525840945,12916.894856770834
50,6,50C__graphite_trial_4,50C,50.0,graphite,4,11367.497525840945,20179.372395833332
50,6,50C__graphite_trial_5,50C,50.0,graphite,5,11367.497525840945,8280.745279947916
50,6,50C__graphite_trial_6,50C,50.0,graphite,6,11367.497525840945,14958.357421875
50,6,60C__graphite_trial_1,60C,60.0,graphite,1,11367.497525840945,10551.756673177084
50,6,60C__graphite_trial_2,60C,60.0,graphite,2,11367.497525840945,14047.516276041666
50,6,60C__graphite_trial_3,60C,60.0,graphite,3,11367.497525840945,14610.2490234375
50,6,60C__graphite_trial_4,60C,60.0,graphite,4,11367.497525840945,12803.9775390625
50,6,60C__graphite_trial_5,60C,60.0,graphite,5,11367.497525840945,11129.221354166666
50,6,60C__graphite_trial_6,60C,60.0,graphite,6,11367.497525840945,9700.098958333334
50,7,30C__gypsum_trial_1,30C,30.0,gypsum,1,385.01948002666046,249.94219462076822
50,7,30C__gypsum_trial_2,30C,30.0,gypsum,2,385.01948002666046,257.1294759114583
50,7,30C__gypsum_trial_3,30C,30.0,gypsum,3,385.01948002666046,229.76400248209634
50,7,30C__gypsum_trial_4,30C,30.0,gypsum,4,385.01948002666046,185.24663289388022
50,7,30C__gypsum_trial_5,30C,30.0,gypsum,5,385.01948002666046,230.82199096679688
50,7,30C__gypsum_trial_6,30C,30.0,gypsum,6,385.01948002666046,219.44478352864584
50,7,40C__gypsum_trial_1,40C,40.0,gypsum,1,385.01948002666046,305.81239827473956
50,7,40C__gypsum_trial_2,40C,40.0,gypsum,2,385.01948002666046,268.38291422526044
50,7,40C__gypsum_trial_3,40C,40.0,gypsum,3,385.01948002666046,283.5945536295573
50,7,40C__gypsum_trial_4,40C,40.0,gypsum,4,385.01948002666046,336.6641845703125
50,7,40C__gypsum_trial_5,40C,40.0,gypsum,5,385.01948002666046,847.5828450520834
50,7,40C__gypsum_trial_6,40C,40.0,gypsum,6,385.01948002666046,815.8883260091146
50,7,50C__gypsum_trial_1,50C,50.0,gypsum,1,385.01948002666046,696.1842041015625
50,7,50C__gypsum_trial_2,50C,50.0,gypsum,2,385.01948002666046,751.8993123372396
50,7,50C__gypsum_trial_3,50C,50.0,gypsum,3,385.01948002666046,1091.5414733886719
50,7,50C__gypsum_trial_4,50C,50.0,gypsum,4,385.01948002666046,798.4493815104166
50,7,50C__gypsum_trial_5,50C,50.0,gypsum,5,385.01948002666046,840.3343302408854
50,7,50C__gypsum_trial_6,50C,50.0,gypsum,6,385.01948002666046,633.0020751953125
50,7,60C__gypsum_trial_1,60C,60.0,gypsum,1,385.01948002666046,8833.329427083334
50,7,60C__gypsum_trial_2,60C,60.0,gypsum,2,385.01948002666046,3797.0999348958335
50,7,60C__gypsum_trial_3,60C,60.0,gypsum,3,385.01948002666046,2373.2140299479165
50,7,60C__gypsum_trial_4,60C,60.0,gypsum,4,385.01948002666046,6703.448323567708
50,7,60C__gypsum_trial_5,60C,60.0,gypsum,5,385.01948002666046,7730.631022135417
50,7,60C__gypsum_trial_6,60C,60.0,gypsum,6,385.01948002666046,4316.560628255208
50,8,30C__iron_trial_1,30C,30.0,iron,1,16859.663413010356,10351.8310546875
50,8,30C__iron_trial_2,30C,30.0,iron,2,16859.663413010356,24513.467447916668
50,8,30C__iron_trial_3,30C,30.0,iron,3,16859.663413010356,16732.206380208332
50,8,30C__iron_trial_4,30C,30.0,iron,4,16859.663413010356,18591.90625
50,8,30C__iron_trial_5,30C,30.0,iron,5,16859.663413010356,14500.4619140625
50,8,30C__iron_trial_6,30C,30.0,iron,6,16859.663413010356,15723.402018229166
50,8,40C__iron_trial_1,40C,40.0,iron,1,16859.663413010356,15895.244791666666
50,8,40C__iron_trial_2,40C,40.0,iron,2,16859.663413010356,9450.306640625
50,8,40C__iron_trial_3,40C,40.0,iron,3,16859.663413010356,8542.672037760416
50,8,40C__iron_trial_4,40C,40.0,iron,4,16859.663413010356,7516.429850260417
50,8,40C__iron_trial_5,40C,40.0,iron,5,16859.663413010356,14172.876302083334
50,8,40C__iron_trial_6,40C,40.0,iron,6,16859.663413010356,13931.032877604166
50,8,50C__iron_trial_1,50C,50.0,iron,1,16859.663413010356,10103.80859375
50,8,50C__iron_trial_2,50C,50.0,iron,2,16859.663413010356,11370.495768229166
50,8,50C__iron_trial_3,50C,50.0,iron,3,16859.663413010356,9518.8544921875
50,8,50C__iron_trial_4,50C,50.0,iron,4,16859.663413010356,14079.992838541666
50,8,50C__iron_trial_5,50C,50.0,iron,5,16859.663413010356,17195.003255208332
50,8,50C__iron_trial_6,50C,50.0,iron,6,16859.663413010356,24248.678385416668
50,8,60C__iron_trial_1,60C,60.0,iron,1,16859.663413010356,29185.548177083332
50,8,60C__iron_trial_2,60C,60.0,iron,2,16859.663413010356,19676.004557291668
50,8,60C__iron_trial_3,60C,60.0,iron,3,16859.663413010356,13897.572591145834
50,8,60C__iron_trial_4,60C,60.0,iron,4,16859.663413010356,14924.276041666666
50,8,60C__iron_trial_5,60C,60.0,iron,5,16859.663413010356,18963.215494791668
50,8,60C__iron_trial_6,60C,60.0,iron,6,16859.663413010356,22557.285807291668
50,9,30C__nickel_trial_1,30C,30.0,nickel,1,19320.68449098013,8423.885416666666
50,9,30C__nickel_trial_2,30C,30.0,nickel,2,19320.68449098013,12778.868815104166
50,9,30C__nickel_trial_3,30C,30.0,nickel,3,19320.68449098013,15652.767903645834
50,9,30C__nickel_trial_4,30C,30.0,nickel,4,19320.68449098013,8997.859212239584
50,9,30C__nickel_trial_5,30C,30.0,nickel,5,19320.68449098013,18156.400390625
50,9,30C__nickel_trial_6,30C,30.0,nickel,6,19320.68449098013,20253.106119791668
50,9,40C__nickel_trial_1,40C,40.0,nickel,1,19320.68449098013,6626.421712239583
50,9,40C__nickel_trial_2,40C,40.0,nickel,2,19320.68449098013,7616.248697916667
50,9,40C__nickel_trial_3,40C,40.0,nickel,3,19320.68449098013,21360.610026041668
50,9,40C__nickel_trial_4,40C,40.0,nickel,4,19320.68449098013,15253.2578125
50,9,40C__nickel_trial_5,40C,40.0,nickel,5,19320.68449098013,11640.880859375
50,9,40C__nickel_trial_6,40C,40.0,nickel,6,19320.68449098013,12331.111653645834
50,9,50C__nickel_trial_1,50C,50.0,nickel,1,19320.68449098013,11641.247395833334
50,9,50C__nickel_trial_2,50C,50.0,nickel,2,19320.68449098013,12781.1630859375
50,9,50C__nickel_trial_3,50C,50.0,nickel,3,19320.68449098013,13466.9169921875
50,9,50C__nickel_trial_4,50C,50.0,nickel,4,19320.68449098013,12031.3056640625
50,9,50C__nickel_trial_5,50C,50.0,nickel,5,19320.68449098013,7309.587239583333
50,9,50C__nickel_trial_6,50C,50.0,nickel,6,19320.68449098013,16688.510091145832
50,9,60C__nickel_trial_1,60C,60.0,nickel,1,19320.68449098013,8587.881022135416
50,9,60C__nickel_trial_2,60C,60.0,nickel,2,19320.68449098013,23175.884114583332
50,9,60C__nickel_trial_3,60C,60.0,nickel,3,19320.68449098013,15385.617513020834
50,9,60C__nickel_trial_4,60C,60.0,nickel,4,19320.68449098013,21491.235677083332
50,9,60C__nickel_trial_5,60C,60.0,nickel,5,19320.68449098013,22870.483723958332
50,9,60C__nickel_trial_6,60C,60.0,nickel,6,19320.68449098013,26763.418619791668
50,10,30C__pdms_trial_1,30C,30.0,pdms,1,460.90129095067635,180.5742950439453
50,10,30C__pdms_trial_2,30C,30.0,pdms,2,460.90129095067635,159.4770711263021
50,10,30C__pdms_trial_3,30C,30.0,pdms,3,460.90129095067635,144.220334370931
50,10,30C__pdms_trial_4,30C,30.0,pdms,4,460.90129095067635,58.79864374796549
50,10,30C__pdms_trial_5,30C,30.0,pdms,5,460.90129095067635,110.24619801839192
50,10,30C__pdms_trial_6,30C,30.0,pdms,6,460.90129095067635,71.17553965250652
50,10,40C__pdms_trial_1,40C,40.0,pdms,1,460.90129095067635,457.3501790364583
50,10,40C__pdms_trial_2,40C,40.0,pdms,2,460.90129095067635,518.1116231282552
50,10,40C__pdms_trial_3,40C,40.0,pdms,3,460.90129095067635,452.2292989095052
50,10,40C__pdms_trial_4,40C,40.0,pdms,4,460.90129095067635,403.4477132161458
50,10,40C__pdms_trial_5,40C,40.0,pdms,5,460.90129095067635,224.88868713378906
50,10,40C__pdms_trial_6,40C,40.0,pdms,6,460.90129095067635,358.80511474609375
50,10,50C__pdms_trial_1,50C,50.0,pdms,1,460.90129095067635,267.8487803141276
50,10,50C__pdms_trial_2,50C,50.0,pdms,2,460.90129095067635,190.66171264648438
50,10,50C__pdms_trial_3,50C,50.0,pdms,3,460.90129095067635,530.4090372721354
50,10,50C__pdms_trial_4,50C,50.0,pdms,4,460.90129095067635,520.1322326660156
50,10,50C__pdms_trial_5,50C,50.0,pdms,5,460.90129095067635,213.5724894205729
50,10,50C__pdms_trial_6,50C,50.0,pdms,6,460.90129095067635,416.12122599283856
50,10,60C__pdms_trial_1,60C,60.0,pdms,1,460.90129095067635,503.5272623697917
50,10,60C__pdms_trial_2,60C,60.0,pdms,2,460.90129095067635,358.3760579427083
50,10,60C__pdms_trial_3,60C,60.0,pdms,3,460.90129095067635,430.7704569498698
50,10,60C__pdms_trial_4,60C,60.0,pdms,4,460.90129095067635,237.35501607259116
50,10,60C__pdms_trial_5,60C,60.0,pdms,5,460.90129095067635,200.9041951497396
50,10,60C__pdms_trial_6,60C,60.0,pdms,6,460.90129095067635,146.13298543294272
50,11,30C__ps_foam_trial_1,30C,30.0,ps_foam,1,34.496376621320685,364.44891357421875
50,11,30C__ps_foam_trial_2,30C,30.0,ps_foam,2,34.496376621320685,455.6647033691406
50,11,30C__ps_foam_trial_3,30C,30.0,ps_foam,3,34.496376621320685,386.5643310546875
50,11,30C__ps_foam_trial_4,30C,30.0,ps_foam,4,34.496376621320685,317.76645914713544
50,11,30C__ps_foam_trial_5,30C,30.0,ps_foam,5,34.496376621320685,165.63818868001303
50,11,30C__ps_foam_trial_6,30C,30.0,ps_foam,6,34.496376621320685,170.8349355061849
50,11,40C__ps_foam_trial_1,40C,40.0,ps_foam,1,34.496376621320685,42.75055557646393
50,11,40C__ps_foam_trial_2,40C,40.0,ps_foam,2,34.496376621320685,46.115011850992836
50,11,40C__ps_foam_trial_3,40C,40.0,ps_foam,3,34.496376621320685,51.15940602620443
50,11,40C__ps_foam_trial_4,40C,40.0,ps_foam,4,34.496376621320685,689.3197631835938
50,11,40C__ps_foam_trial_5,40C,40.0,ps_foam,5,34.496376621320685,92.58947499593098
50,11,40C__ps_foam_trial_6,40C,40.0,ps_foam,6,34.496376621320685,73.64426167805989
50,11,50C__ps_foam_trial_1,50C,50.0,ps_foam,1,34.496376621320685,47.81952794392904
50,11,50C__ps_foam_trial_2,50C,50.0,ps_foam,2,34.496376621320685,56.184922536214195
50,11,50C__ps_foam_trial_3,50C,50.0,ps_foam,3,34.496376621320685,58.69307963053385
50,11,50C__ps_foam_trial_4,50C,50.0,ps_foam,4,34.496376621320685,49.117374420166016
50,11,50C__ps_foam_trial_5,50C,50.0,ps_foam,5,34.496376621320685,45.46888224283854
50,11,50C__ps_foam_trial_6,50C,50.0,ps_foam,6,34.496376621320685,53.40636316935221
50,11,60C__ps_foam_trial_1,60C,60.0,ps_foam,1,34.496376621320685,320.8018493652344
50,11,60C__ps_foam_trial_2,60C,60.0,ps_foam,2,34.496376621320685,305.97007751464844
50,11,60C__ps_foam_trial_3,60C,60.0,ps_foam,3,34.496376621320685,272.2579650878906
50,11,60C__ps_foam_trial_4,60C,60.0,ps_foam,4,34.496376621320685,144.3371098836263
50,11,60C__ps_foam_trial_5,60C,60.0,ps_foam,5,34.496376621320685,313.55968221028644
50,11,60C__ps_foam_trial_6,60C,60.0,ps_foam,6,34.496376621320685,262.97938537597656
50,12,30C__pu_foam_trial_1,30C,30.0,pu_foam,1,42.49705872175155,156.6158650716146
50,12,30C__pu_foam_trial_2,30C,30.0,pu_foam,2,42.49705872175155,103.75105794270833
50,12,30C__pu_foam_trial_3,30C,30.0,pu_foam,3,42.49705872175155,239.2486775716146
50,12,30C__pu_foam_trial_4,30C,30.0,pu_foam,4,42.49705872175155,256.04126993815106
50,12,30C__pu_foam_trial_5,30C,30.0,pu_foam,5,42.49705872175155,367.1613362630208
50,12,30C__pu_foam_trial_6,30C,30.0,pu_foam,6,42.49705872175155,115.03981526692708
50,12,40C__pu_foam_trial_1,40C,40.0,pu_foam,1,42.49705872175155,85.73753865559895
50,12,40C__pu_foam_trial_2,40C,40.0,pu_foam,2,42.49705872175155,104.51084645589192
50,12,40C__pu_foam_trial_3,40C,40.0,pu_foam,3,42.49705872175155,117.62170664469402
50,12,40C__pu_foam_trial_4,40C,40.0,pu_foam,4,42.49705872175155,91.9848861694336
50,12,40C__pu_foam_trial_5,40C,40.0,pu_foam,5,42.49705872175155,35.462896100411704
50,12,40C__pu_foam_trial_6,40C,40.0,pu_foam,6,42.49705872175155,42.83717727661133
50,12,50C__pu_foam_trial_1,50C,50.0,pu_foam,1,42.49705872175155,98.2887471516927
50,12,50C__pu_foam_trial_2,50C,50.0,pu_foam,2,42.49705872175155,78.56676228841145
50,12,50C__pu_foam_trial_3,50C,50.0,pu_foam,3,42.49705872175155,97.19107055664062
50,12,50C__pu_foam_trial_4,50C,50.0,pu_foam,4,42.49705872175155,53.02990976969401
50,12,50C__pu_foam_trial_5,50C,50.0,pu_foam,5,42.49705872175155,70.43252817789714
50,12,50C__pu_foam_trial_6,50C,50.0,pu_foam,6,42.49705872175155,84.20657602945964
50,12,60C__pu_foam_trial_1,60C,60.0,pu_foam,1,42.49705872175155,237.54991149902344
50,12,60C__pu_foam_trial_2,60C,60.0,pu_foam,2,42.49705872175155,525.7834269205729
50,12,60C__pu_foam_trial_3,60C,60.0,pu_foam,3,42.49705872175155,308.69130452473956
50,12,60C__pu_foam_trial_4,60C,60.0,pu_foam,4,42.49705872175155,175.94456481933594
50,12,60C__pu_foam_trial_5,60C,60.0,pu_foam,5,42.49705872175155,259.78310139973956
50,12,60C__pu_foam_trial_6,60C,60.0,pu_foam,6,42.49705872175155,280.8745829264323
50,13,30C__titanium_trial_1,30C,30.0,titanium,1,7184.0359269702985,12233.36328125
50,13,30C__titanium_trial_2,30C,30.0,titanium,2,7184.0359269702985,6123.097981770833
50,13,30C__titanium_trial_3,30C,30.0,titanium,3,7184.0359269702985,5741.365966796875
50,13,30C__titanium_trial_4,30C,30.0,titanium,4,7184.0359269702985,3949.4903157552085
50,13,30C__titanium_trial_5,30C,30.0,titanium,5,7184.0359269702985,6761.761393229167
50,13,30C__titanium_trial_6,30C,30.0,titanium,6,7184.0359269702985,4777.280110677083
50,13,40C__titanium_trial_1,40C,40.0,titanium,1,7184.0359269702985,17581.277994791668
50,13,40C__titanium_trial_2,40C,40.0,titanium,2,7184.0359269702985,15321.2802734375
50,13,40C__titanium_trial_3,40C,40.0,titanium,3,7184.0359269702985,19136.854166666668
50,13,40C__titanium_trial_4,40C,40.0,titanium,4,7184.0359269702985,11913.585286458334
50,13,40C__titanium_trial_5,40C,40.0,titanium,5,7184.0359269702985,18512.821614583332
50,13,40C__titanium_trial_6,40C,40.0,titanium,6,7184.0359269702985,16972.77734375
50,13,50C__titanium_trial_1,50C,50.0,titanium,1,7184.0359269702985,12116.807291666666
50,13,50C__titanium_trial_2,50C,50.0,titanium,2,7184.0359269702985,6933.2939453125
50,13,50C__titanium_trial_3,50C,50.0,titanium,3,7184.0359269702985,15823.022135416666
50,13,50C__titanium_trial_4,50C,50.0,titanium,4,7184.0359269702985,14121.390299479166
50,13,50C__titanium_trial_5,50C,50.0,titanium,5,7184.0359269702985,9855.76708984375
50,13,50C__titanium_trial_6,50C,50.0,titanium,6,7184.0359269702985,13075.363606770834
50,13,60C__titanium_trial_1,60C,60.0,titanium,1,7184.0359269702985,9341.1240234375
50,13,60C__titanium_trial_2,60C,60.0,titanium,2,7184.0359269702985,9585.3115234375
50,13,60C__titanium_trial_3,60C,60.0,titanium,3,7184.0359269702985,8980.899739583334
50,13,60C__titanium_trial_4,60C,60.0,titanium,4,7184.0359269702985,15495.095377604166
50,13,60C__titanium_trial_5,60C,60.0,titanium,5,7184.0359269702985,10779.189453125
50,13,60C__titanium_trial_6,60C,60.0,titanium,6,7184.0359269702985,14541.5185546875
50,14,30C__wood_trial_1,30C,30.0,wood,1,422.49260348555214,89.39158376057942
50,14,30C__wood_trial_2,30C,30.0,wood,2,422.49260348555214,200.30760701497397
50,14,30C__wood_trial_3,30C,30.0,wood,3,422.49260348555214,125.04909769694011
50,14,30C__wood_trial_4,30C,30.0,wood,4,422.49260348555214,88.68566131591797
50,14,30C__wood_trial_5,30C,30.0,wood,5,422.49260348555214,124.4080581665039
50,14,30C__wood_trial_6,30C,30.0,wood,6,422.49260348555214,191.5615030924479
50,14,40C__wood_trial_1,40C,40.0,wood,1,422.49260348555214,176.33483378092447
50,14,40C__wood_trial_2,40C,40.0,wood,2,422.49260348555214,190.24958292643228
50,14,40C__wood_trial_3,40C,40.0,wood,3,422.49260348555214,189.19730631510416
50,14,40C__wood_trial_4,40C,40.0,wood,4,422.49260348555214,101.33176167805989
50,14,40C__wood_trial_5,40C,40.0,wood,5,422.49260348555214,258.7028299967448
50,14,40C__wood_trial_6,40C,40.0,wood,6,422.49260348555214,203.03260803222656
50,14,50C__wood_trial_1,50C,50.0,wood,1,422.49260348555214,232.58702596028647
50,14,50C__wood_trial_2,50C,50.0,wood,2,422.49260348555214,277.88934834798175
50,14,50C__wood_trial_3,50C,50.0,wood,3,422.49260348555214,303.0142415364583
50,14,50C__wood_trial_4,50C,50.0,wood,4,422.49260348555214,254.52258809407553
50,14,50C__wood_trial_5,50C,50.0,wood,5,422.49260348555214,207.2916005452474
50,14,50C__wood_trial_6,50C,50.0,wood,6,422.49260348555214,203.72671508789062
50,14,60C__wood_trial_1,60C,60.0,wood,1,422.49260348555214,11914.081705729166
50,14,60C__wood_trial_2,60C,60.0,wood,2,422.49260348555214,5891.914632161458
50,14,60C__wood_trial_3,60C,60.0,wood,3,422.49260348555214,4675.8367106119795
50,14,60C__wood_trial_4,60C,60.0,wood,4,422.49260348555214,5609.7039794921875
50,14,60C__wood_trial_5,60C,60.0,wood,5,422.49260348555214,1633.059326171875
50,14,60C__wood_trial_6,60C,60.0,wood,6,422.49260348555214,932.4380289713541
75,1,30C__aluminum_trial_1,30C,30.0,aluminum,1,23958.09466547789,11689.891276041666
75,1,30C__aluminum_trial_2,30C,30.0,aluminum,2,23958.09466547789,18570.3359375
75,1,30C__aluminum_trial_3,30C,30.0,aluminum,3,23958.09466547789,10654.546223958334
75,1,30C__aluminum_trial_4,30C,30.0,aluminum,4,23958.09466547789,14834.962565104166
75,1,30C__aluminum_trial_5,30C,30.0,aluminum,5,23958.09466547789,11999.427408854166
75,1,30C__aluminum_trial_6,30C,30.0,aluminum,6,23958.09466547789,15043.465169270834
75,1,40C__aluminum_trial_1,40C,40.0,aluminum,1,23958.09466547789,21285.151041666668
75,1,40C__aluminum_trial_2,40C,40.0,aluminum,2,23958.09466547789,5001.833984375
75,1,40C__aluminum_trial_3,40C,40.0,aluminum,3,23958.09466547789,27011.549479166668
75,1,40C__aluminum_trial_4,40C,40.0,aluminum,4,23958.09466547789,13933.603841145834
75,1,40C__aluminum_trial_5,40C,40.0,aluminum,5,23958.09466547789,10836.985026041666
75,1,40C__aluminum_trial_6,40C,40.0,aluminum,6,23958.09466547789,11020.970052083334
75,1,50C__aluminum_trial_1,50C,50.0,aluminum,1,23958.09466547789,14076.459309895834
75,1,50C__aluminum_trial_2,50C,50.0,aluminum,2,23958.09466547789,12136.355143229166
75,1,50C__aluminum_trial_3,50C,50.0,aluminum,3,23958.09466547789,17208.108072916668
75,1,50C__aluminum_trial_4,50C,50.0,aluminum,4,23958.09466547789,16922.184895833332
75,1,50C__aluminum_trial_5,50C,50.0,aluminum,5,23958.09466547789,15844.625651041666
75,1,50C__aluminum_trial_6,50C,50.0,aluminum,6,23958.09466547789,20188.346354166668
75,1,60C__aluminum_trial_1,60C,60.0,aluminum,1,23958.09466547789,11196.883138020834
75,1,60C__aluminum_trial_2,60C,60.0,aluminum,2,23958.09466547789,10271.0439453125
75,1,60C__aluminum_trial_3,60C,60.0,aluminum,3,23958.09466547789,10228.0380859375
75,1,60C__aluminum_trial_4,60C,60.0,aluminum,4,23958.09466547789,14503.90625
75,1,60C__aluminum_trial_5,60C,60.0,aluminum,5,23958.09466547789,12899.980143229166
75,1,60C__aluminum_trial_6,60C,60.0,aluminum,6,23958.09466547789,17587.262369791668
75,2,30C__bismuth_trial_1,30C,30.0,bismuth,1,3209.1026783199068,9229.361653645834
75,2,30C__bismuth_trial_2,30C,30.0,bismuth,2,3209.1026783199068,6881.106852213542
75,2,30C__bismuth_trial_3,30C,30.0,bismuth,3,3209.1026783199068,3495.781209309896
75,2,30C__bismuth_trial_4,30C,30.0,bismuth,4,3209.1026783199068,13390.294270833334
75,2,30C__bismuth_trial_5,30C,30.0,bismuth,5,3209.1026783199068,7436.451334635417
75,2,30C__bismuth_trial_6,30C,30.0,bismuth,6,3209.1026783199068,11161.55078125
75,2,40C__bismuth_trial_1,40C,40.0,bismuth,1,3209.1026783199068,14393.492838541666
75,2,40C__bismuth_trial_2,40C,40.0,bismuth,2,3209.1026783199068,11054.640625
75,2,40C__bismuth_trial_3,40C,40.0,bismuth,3,3209.1026783199068,10505.635416666666
75,2,40C__bismuth_trial_4,40C,40.0,bismuth,4,3209.1026783199068,10949.26171875
75,2,40C__bismuth_trial_5,40C,40.0,bismuth,5,3209.1026783199068,14552.967447916666
75,2,40C__bismuth_trial_6,40C,40.0,bismuth,6,3209.1026783199068,11359.970377604166
75,2,50C__bismuth_trial_1,50C,50.0,bismuth,1,3209.1026783199068,9736.059895833334
75,2,50C__bismuth_trial_2,50C,50.0,bismuth,2,3209.1026783199068,15321.347330729166
75,2,50C__bismuth_trial_3,50C,50.0,bismuth,3,3209.1026783199068,17876.773763020832
75,2,50C__bismuth_trial_4,50C,50.0,bismuth,4,3209.1026783199068,16875.384765625
75,2,50C__bismuth_trial_5,50C,50.0,bismuth,5,3209.1026783199068,13521.798828125
75,2,50C__bismuth_trial_6,50C,50.0,bismuth,6,3209.1026783199068,12038.657877604166
75,2,60C__bismuth_trial_1,60C,60.0,bismuth,1,3209.1026783199068,11440.1201171875
75,2,60C__bismuth_trial_2,60C,60.0,bismuth,2,3209.1026783199068,9928.5830078125
75,2,60C__bismuth_trial_3,60C,60.0,bismuth,3,3209.1026783199068,13583.450520833334
75,2,60C__bismuth_trial_4,60C,60.0,bismuth,4,3209.1026783199068,18561.205729166668
75,2,60C__bismuth_trial_5,60C,60.0,bismuth,5,3209.1026783199068,9559.461100260416
75,2,60C__bismuth_trial_6,60C,60.0,bismuth,6,3209.1026783199068,20649.61328125
75,3,30C__cement_trial_1,30C,30.0,cement,1,559.6427431853289,478.29993693033856
75,3,30C__cement_trial_2,30C,30.0,cement,2,559.6427431853289,459.05079142252606
75,3,30C__cement_trial_3,30C,30.0,cement,3,559.6427431853289,495.1829427083333
75,3,30C__cement_trial_4,30C,30.0,cement,4,559.6427431853289,410.9854024251302
75,3,30C__cement_trial_5,30C,30.0,cement,5,559.6427431853289,624.4022216796875
75,3,30C__cement_trial_6,30C,30.0,cement,6,559.6427431853289,451.3749186197917
75,3,40C__cement_trial_1,40C,40.0,cement,1,559.6427431853289,392.45362345377606
75,3,40C__cement_trial_2,40C,40.0,cement,2,559.6427431853289,403.42345174153644
75,3,40C__cement_trial_3,40C,40.0,cement,3,559.6427431853289,336.22601318359375
75,3,40C__cement_trial_4,40C,40.0,cement,4,559.6427431853289,939.511962890625
75,3,40C__cement_trial_5,40C,40.0,cement,5,559.6427431853289,1025.608907063802
75,3,40C__cement_trial_6,40C,40.0,cement,6,559.6427431853289,414.7469991048177
75,3,50C__cement_trial_1,50C,50.0,cement,1,559.6427431853289,439.95941162109375
75,3,50C__cement_trial_2,50C,50.0,cement,2,559.6427431853289,319.5458475748698
75,3,50C__cement_trial_3,50C,50.0,cement,3,559.6427431853289,388.5677998860677
75,3,50C__cement_trial_4,50C,50.0,cement,4,559.6427431853289,347.0083821614583
75,3,50C__cement_trial_5,50C,50.0,cement,5,559.6427431853289,429.0113118489583
75,3,50C__cement_trial_6,50C,50.0,cement,6,559.6427431853289,441.93625895182294
75,3,60C__cement_trial_1,60C,60.0,cement,1,559.6427431853289,1210.3889770507812
75,3,60C__cement_trial_2,60C,60.0,cement,2,559.6427431853289,976.5332845052084
75,3,60C__cement_trial_3,60C,60.0,cement,3,559.6427431853289,955.2905680338541
75,3,60C__cement_trial_4,60C,60.0,cement,4,559.6427431853289,842.1338704427084
75,3,60C__cement_trial_5,60C,60.0,cement,5,559.6427431853289,1019.1220906575521
75,3,60C__cement_trial_6,60C,60.0,cement,6,559.6427431853289,930.745849609375
75,4,30C__copper_trial_1,30C,30.0,copper,1,37192.601414797544,5760.196940104167
75,4,30C__copper_trial_2,30C,30.0,copper,2,37192.601414797544,18528.662434895832
75,4,30C__copper_trial_3,30C,30.0,copper,3,37192.601414797544,15172.149088541666
75,4,30C__copper_trial_4,30C,30.0,copper,4,37192.601414797544,14238.489908854166
75,4,30C__copper_trial_5,30C,30.0,copper,5,37192.601414797544,14509.4228515625
75,4,30C__copper_trial_6,30C,30.0,copper,6,37192.601414797544,12645.5693359375
75,4,40C__copper_trial_1,40C,40.0,copper,1,37192.601414797544,17774.7265625
75,4,40C__copper_trial_2,40C,40.0,copper,2,37192.601414797544,15083.504231770834
75,4,40C__copper_trial_3,40C,40.0,copper,3,37192.601414797544,16521.6708984375
75,4,40C__copper_trial_4,40C,40.0,copper,4,37192.601414797544,10858.415690104166
75,4,40C__copper_trial_5,40C,40.0,copper,5,37192.601414797544,8239.235677083334
75,4,40C__copper_trial_6,40C,40.0,copper,6,37192.601414797544,6202.50732421875
75,4,50C__copper_trial_1,50C,50.0,copper,1,37192.601414797544,7566.369466145833
75,4,50C__copper_trial_2,50C,50.0,copper,2,37192.601414797544,11545.1767578125
75,4,50C__copper_trial_3,50C,50.0,copper,3,37192.601414797544,9840.887369791666
75,4,50C__copper_trial_4,50C,50.0,copper,4,37192.601414797544,10278.194010416666
75,4,50C__copper_trial_5,50C,50.0,copper,5,37192.601414797544,10421.448893229166
75,4,50C__copper_trial_6,50C,50.0,copper,6,37192.601414797544,9386.1796875
75,4,60C__copper_trial_1,60C,60.0,copper,1,37192.601414797544,12433.354166666666
75,4,60C__copper_trial_2,60C,60.0,copper,2,37192.601414797544,21780.473307291668
75,4,60C__copper_trial_3,60C,60.0,copper,3,37192.601414797544,14639.951822916666
75,4,60C__copper_trial_4,60C,60.0,copper,4,37192.601414797544,20354.279296875
75,4,60C__copper_trial_5,60C,60.0,copper,5,37192.601414797544,15506.381510416666
75,4,60C__copper_trial_6,60C,60.0,copper,6,37192.601414797544,13314.98828125
75,5,30C__cork_trial_1,30C,30.0,cork,1,136.29380029920657,208.68628946940103
75,5,30C__cork_trial_2,30C,30.0,cork,2,136.29380029920657,69.62342580159505
75,5,30C__cork_trial_3,30C,30.0,cork,3,136.29380029920657,48.1297721862793
75,5,30C__cork_trial_4,30C,30.0,cork,4,136.29380029920657,42.64454778035482
75,5,30C__cork_trial_5,30C,30.0,cork,5,136.29380029920657,76.14758809407552
75,5,30C__cork_trial_6,30C,30.0,cork,6,136.29380029920657,74.05200958251953
75,5,40C__cork_trial_1,40C,40.0,cork,1,136.29380029920657,90.73932647705078
75,5,40C__cork_trial_2,40C,40.0,cork,2,136.29380029920657,96.1941909790039
75,5,40C__cork_trial_3,40C,40.0,cork,3,136.29380029920657,98.84754180908203
75,5,40C__cork_trial_4,40C,40.0,cork,4,136.29380029920657,85.14371999104817
75,5,40C__cork_trial_5,40C,40.0,cork,5,136.29380029920657,35.58163706461588
75,5,40C__cork_trial_6,40C,40.0,cork,6,136.29380029920657,34.496376621320685
75,5,50C__cork_trial_1,50C,50.0,cork,1,136.29380029920657,451.86009724934894
75,5,50C__cork_trial_2,50C,50.0,cork,2,136.29380029920657,434.0821228027344
75,5,50C__cork_trial_3,50C,50.0,cork,3,136.29380029920657,425.1782633463542
75,5,50C__cork_trial_4,50C,50.0,cork,4,136.29380029920657,307.1769714355469
75,5,50C__cork_trial_5,50C,50.0,cork,5,136.29380029920657,418.6168518066406
75,5,50C__cork_trial_6,50C,50.0,cork,6,136.29380029920657,372.52392578125
75,5,60C__cork_trial_1,60C,60.0,cork,1,136.29380029920657,332.8912862141927
75,5,60C__cork_trial_2,60C,60.0,cork,2,136.29380029920657,308.5263366699219
75,5,60C__cork_trial_3,60C,60.0,cork,3,136.29380029920657,277.32843526204425
75,5,60C__cork_trial_4,60C,60.0,cork,4,136.29380029920657,296.5386047363281
75,5,60C__cork_trial_5,60C,60.0,cork,5,136.29380029920657,370.6455993652344
75,5,60C__cork_trial_6,60C,60.0,cork,6,136.29380029920657,330.96214803059894
75,6,30C__graphite_trial_1,30C,30.0,graphite,1,11367.497525840945,13333.3349609375
75,6,30C__graphite_trial_2,30C,30.0,graphite,2,11367.497525840945,5922.351399739583
75,6,30C__graphite_trial_3,30C,30.0,graphite,3,11367.497525840945,2070.32763671875
75,6,30C__graphite_trial_4,30C,30.0,graphite,4,11367.497525840945,12113.112955729166
75,6,30C__graphite_trial_5,30C,30.0,graphite,5,11367.497525840945,17069.7744140625
75,6,30C__graphite_trial_6,30C,30.0,graphite,6,11367.497525840945,4330.56103515625
75,6,40C__graphite_trial_1,40C,40.0,graphite,1,11367.497525840945,7027.559244791667
75,6,40C__graphite_trial_2,40C,40.0,graphite,2,11367.497525840945,8338.152506510416
75,6,40C__graphite_trial_3,40C,40.0,graphite,3,11367.497525840945,5691.287760416667
75,6,40C__graphite_trial_4,40C,40.0,graphite,4,11367.497525840945,9813.668619791666
75,6,40C__graphite_trial_5,40C,40.0,graphite,5,11367.497525840945,3356.2003580729165
75,6,40C__graphite_trial_6,40C,40.0,graphite,6,11367.497525840945,6542.711751302083
75,6,50C__graphite_trial_1,50C,50.0,graphite,1,11367.497525840945,20159.068359375
75,6,50C__graphite_trial_2,50C,50.0,graphite,2,11367.497525840945,13679.806640625
75,6,50C__graphite_trial_3,50C,50.0,graphite,3,11367.497525840945,13906.4609375
75,6,50C__graphite_trial_4,50C,50.0,graphite,4,11367.497525840945,20524.958333333332
75,6,50C__graphite_trial_5,50C,50.0,graphite,5,11367.497525840945,7727.784505208333
75,6,50C__graphite_trial_6,50C,50.0,graphite,6,11367.497525840945,14565.921875
75,6,60C__graphite_trial_1,60C,60.0,graphite,1,11367.497525840945,9528.414388020834
75,6,60C__graphite_trial_2,60C,60.0,graphite,2,11367.497525840945,13504.620442708334
75,6,60C__graphite_trial_3,60C,60.0,graphite,3,11367.497525840945,11457.152994791666
75,6,60C__graphite_trial_4,60C,60.0,graphite,4,11367.497525840945,13852.9013671875
75,6,60C__graphite_trial_5,60C,60.0,graphite,5,11367.497525840945,11242.982421875
75,6,60C__graphite_trial_6,60C,60.0,graphite,6,11367.497525840945,11099.073893229166
75,7,30C__gypsum_trial_1,30C,30.0,gypsum,1,385.01948002666046,281.6675313313802
75,7,30C__gypsum_trial_2,30C,30.0,gypsum,2,385.01948002666046,263.6766306559245
75,7,30C__gypsum_trial_3,30C,30.0,gypsum,3,385.01948002666046,266.7742207845052
75,7,30C__gypsum_trial_4,30C,30.0,gypsum,4,385.01948002666046,198.39933013916016
75,7,30C__gypsum_trial_5,30C,30.0,gypsum,5,385.01948002666046,272.0363311767578
75,7,30C__gypsum_trial_6,30C,30.0,gypsum,6,385.01948002666046,175.17952473958334
75,7,40C__gypsum_trial_1,40C,40.0,gypsum,1,385.01948002666046,300.07567342122394
75,7,40C__gypsum_trial_2,40C,40.0,gypsum,2,385.01948002666046,271.6488393147786
75,7,40C__gypsum_trial_3,40C,40.0,gypsum,3,385.01948002666046,307.8279622395833
75,7,40C__gypsum_trial_4,40C,40.0,gypsum,4,385.01948002666046,298.0765075683594
75,7,40C__gypsum_trial_5,40C,40.0,gypsum,5,385.01948002666046,891.8495483398438
75,7,40C__gypsum_trial_6,40C,40.0,gypsum,6,385.01948002666046,634.1134643554688
75,7,50C__gypsum_trial_1,50C,50.0,gypsum,1,385.01948002666046,729.0392456054688
75,7,50C__gypsum_trial_2,50C,50.0,gypsum,2,385.01948002666046,673.3511555989584
75,7,50C__gypsum_trial_3,50C,50.0,gypsum,3,385.01948002666046,508.3231201171875
75,7,50C__gypsum_trial_4,50C,50.0,gypsum,4,385.01948002666046,616.4024454752604
75,7,50C__gypsum_trial_5,50C,50.0,gypsum,5,385.01948002666046,811.6174723307291
75,7,50C__gypsum_trial_6,50C,50.0,gypsum,6,385.01948002666046,537.5242614746094
75,7,60C__gypsum_trial_1,60C,60.0,gypsum,1,385.01948002666046,10180.4794921875
75,7,60C__gypsum_trial_2,60C,60.0,gypsum,2,385.01948002666046,4011.796630859375
75,7,60C__gypsum_trial_3,60C,60.0,gypsum,3,385.01948002666046,3655.2542317708335
75,7,60C__gypsum_trial_4,60C,60.0,gypsum,4,385.01948002666046,9641.214029947916
75,7,60C__gypsum_trial_5,60C,60.0,gypsum,5,385.01948002666046,9901.081705729166
75,7,60C__gypsum_trial_6,60C,60.0,gypsum,6,385.01948002666046,7122.20263671875
75,8,30C__iron_trial_1,30C,30.0,iron,1,16859.663413010356,9257.808919270834
75,8,30C__iron_trial_2,30C,30.0,iron,2,16859.663413010356,20543.93359375
75,8,30C__iron_trial_3,30C,30.0,iron,3,16859.663413010356,19321.204427083332
75,8,30C__iron_trial_4,30C,30.0,iron,4,16859.663413010356,19606.078125
75,8,30C__iron_trial_5,30C,30.0,iron,5,16859.663413010356,14960.093424479166
75,8,30C__iron_trial_6,30C,30.0,iron,6,16859.663413010356,13530.83984375
75,8,40C__iron_trial_1,40C,40.0,iron,1,16859.663413010356,16075.800455729166
75,8,40C__iron_trial_2,40C,40.0,iron,2,16859.663413010356,9231.368977864584
75,8,40C__iron_trial_3,40C,40.0,iron,3,16859.663413010356,10315.537760416666
75,8,40C__iron_trial_4,40C,40.0,iron,4,16859.663413010356,6963.16162109375
75,8,40C__iron_trial_5,40C,40.0,iron,5,16859.663413010356,13334.8681640625
75,8,40C__iron_trial_6,40C,40.0,iron,6,16859.663413010356,14324.92578125
75,8,50C__iron_trial_1,50C,50.0,iron,1,16859.663413010356,13577.5107421875
75,8,50C__iron_trial_2,50C,50.0,iron,2,16859.663413010356,14550.020182291666
75,8,50C__iron_trial_3,50C,50.0,iron,3,16859.663413010356,11041.270182291666
75,8,50C__iron_trial_4,50C,50.0,iron,4,16859.663413010356,12196.149088541666
75,8,50C__iron_trial_5,50C,50.0,iron,5,16859.663413010356,17976.4462890625
75,8,50C__iron_trial_6,50C,50.0,iron,6,16859.663413010356,28406.856770833332
75,8,60C__iron_trial_1,60C,60.0,iron,1,16859.663413010356,31169.749348958332
75,8,60C__iron_trial_2,60C,60.0,iron,2,16859.663413010356,22466.293619791668
75,8,60C__iron_trial_3,60C,60.0,iron,3,16859.663413010356,13363.157877604166
75,8,60C__iron_trial_4,60C,60.0,iron,4,16859.663413010356,14275.046875
75,8,60C__iron_trial_5,60C,60.0,iron,5,16859.663413010356,17266.319661458332
75,8,60C__iron_trial_6,60C,60.0,iron,6,16859.663413010356,19352.39453125
75,9,30C__nickel_trial_1,30C,30.0,nickel,1,19320.68449098013,9208.773111979166
75,9,30C__nickel_trial_2,30C,30.0,nickel,2,19320.68449098013,15271.230143229166
75,9,30C__nickel_trial_3,30C,30.0,nickel,3,19320.68449098013,17145.482096354168
75,9,30C__nickel_trial_4,30C,30.0,nickel,4,19320.68449098013,8424.544270833334
75,9,30C__nickel_trial_5,30C,30.0,nickel,5,19320.68449098013,17430.587890625
75,9,30C__nickel_trial_6,30C,30.0,nickel,6,19320.68449098013,21646.623046875
75,9,40C__nickel_trial_1,40C,40.0,nickel,1,19320.68449098013,7732.03076171875
75,9,40C__nickel_trial_2,40C,40.0,nickel,2,19320.68449098013,8549.203776041666
75,9,40C__nickel_trial_3,40C,40.0,nickel,3,19320.68449098013,21296.886067708332
75,9,40C__nickel_trial_4,40C,40.0,nickel,4,19320.68449098013,13493.854817708334
75,9,40C__nickel_trial_5,40C,40.0,nickel,5,19320.68449098013,12482.71484375
75,9,40C__nickel_trial_6,40C,40.0,nickel,6,19320.68449098013,10155.186197916666
75,9,50C__nickel_trial_1,50C,50.0,nickel,1,19320.68449098013,11290.055013020834
75,9,50C__nickel_trial_2,50C,50.0,nickel,2,19320.68449098013,14144.781575520834
75,9,50C__nickel_trial_3,50C,50.0,nickel,3,19320.68449098013,15520.002278645834
75,9,50C__nickel_trial_4,50C,50.0,nickel,4,19320.68449098013,13020.16015625
75,9,50C__nickel_trial_5,50C,50.0,nickel,5,19320.68449098013,8847.042154947916
75,9,50C__nickel_trial_6,50C,50.0,nickel,6,19320.68449098013,17607.4111328125
75,9,60C__nickel_trial_1,60C,60.0,nickel,1,19320.68449098013,10049.4697265625
75,9,60C__nickel_trial_2,60C,60.0,nickel,2,19320.68449098013,22140.302083333332
75,9,60C__nickel_trial_3,60C,60.0,nickel,3,19320.68449098013,13885.143229166666
75,9,60C__nickel_trial_4,60C,60.0,nickel,4,19320.68449098013,22309.932291666668
75,9,60C__nickel_trial_5,60C,60.0,nickel,5,19320.68449098013,19883.024739583332
75,9,60C__nickel_trial_6,60C,60.0,nickel,6,19320.68449098013,25341.771484375
75,10,30C__pdms_trial_1,30C,30.0,pdms,1,460.90129095067635,176.1144561767578
75,10,30C__pdms_trial_2,30C,30.0,pdms,2,460.90129095067635,105.84424082438152
75,10,30C__pdms_trial_3,30C,30.0,pdms,3,460.90129095067635,138.19576009114584
75,10,30C__pdms_trial_4,30C,30.0,pdms,4,460.90129095067635,50.085366566975914
75,10,30C__pdms_trial_5,30C,30.0,pdms,5,460.90129095067635,90.10465494791667
75,10,30C__pdms_trial_6,30C,30.0,pdms,6,460.90129095067635,63.844112396240234
75,10,40C__pdms_trial_1,40C,40.0,pdms,1,460.90129095067635,442.4264322916667
75,10,40C__pdms_trial_2,40C,40.0,pdms,2,460.90129095067635,454.34783935546875
75,10,40C__pdms_trial_3,40C,40.0,pdms,3,460.90129095067635,396.5341796875
75,10,40C__pdms_trial_4,40C,40.0,pdms,4,460.90129095067635,401.24879455566406
75,10,40C__pdms_trial_5,40C,40.0,pdms,5,460.90129095067635,208.5813242594401
75,10,40C__pdms_trial_6,40C,40.0,pdms,6,460.90129095067635,331.0265706380208
75,10,50C__pdms_trial_1,50C,50.0,pdms,1,460.90129095067635,287.6047007242839
75,10,50C__pdms_trial_2,50C,50.0,pdms,2,460.90129095067635,214.48795064290366
75,10,50C__pdms_trial_3,50C,50.0,pdms,3,460.90129095067635,420.7928873697917
75,10,50C__pdms_trial_4,50C,50.0,pdms,4,460.90129095067635,408.4901123046875
75,10,50C__pdms_trial_5,50C,50.0,pdms,5,460.90129095067635,239.73797098795572
75,10,50C__pdms_trial_6,50C,50.0,pdms,6,460.90129095067635,338.3905334472656
75,10,60C__pdms_trial_1,60C,60.0,pdms,1,460.90129095067635,512.733154296875
75,10,60C__pdms_trial_2,60C,60.0,pdms,2,460.90129095067635,365.26318359375
75,10,60C__pdms_trial_3,60C,60.0,pdms,3,460.90129095067635,480.4267985026042
75,10,60C__pdms_trial_4,60C,60.0,pdms,4,460.90129095067635,272.4115905761719
75,10,60C__pdms_trial_5,60C,60.0,pdms,5,460.90129095067635,192.76324462890625
75,10,60C__pdms_trial_6,60C,60.0,pdms,6,460.90129095067635,149.38542938232422
75,11,30C__ps_foam_trial_1,30C,30.0,ps_foam,1,34.496376621320685,357.8915506998698
75,11,30C__ps_foam_trial_2,30C,30.0,ps_foam,2,34.496376621320685,477.8589375813802
75,11,30C__ps_foam_trial_3,30C,30.0,ps_foam,3,34.496376621320685,351.2177022298177
75,11,30C__ps_foam_trial_4,30C,30.0,ps_foam,4,34.496376621320685,289.4131622314453
75,11,30C__ps_foam_trial_5,30C,30.0,ps_foam,5,34.496376621320685,140.08539835611978
75,11,30C__ps_foam_trial_6,30C,30.0,ps_foam,6,34.496376621320685,155.78046671549478
75,11,40C__ps_foam_trial_1,40C,40.0,ps_foam,1,34.496376621320685,44.893280029296875
75,11,40C__ps_foam_trial_2,40C,40.0,ps_foam,2,34.496376621320685,48.47782897949219
75,11,40C__ps_foam_trial_3,40C,40.0,ps_foam,3,34.496376621320685,49.55237070719401
75,11,40C__ps_foam_trial_4,40C,40.0,ps_foam,4,34.496376621320685,609.9065755208334
75,11,40C__ps_foam_trial_5,40C,40.0,ps_foam,5,34.496376621320685,79.8756586710612
75,11,40C__ps_foam_trial_6,40C,40.0,ps_foam,6,34.496376621320685,85.0524673461914
75,11,50C__ps_foam_trial_1,50C,50.0,ps_foam,1,34.496376621320685,46.95307790318151
75,11,50C__ps_foam_trial_2,50C,50.0,ps_foam,2,34.496376621320685,63.742506663004555
75,11,50C__ps_foam_trial_3,50C,50.0,ps_foam,3,34.496376621320685,58.18547058105469
75,11,50C__ps_foam_trial_4,50C,50.0,ps_foam,4,34.496376621320685,51.018699645996094
75,11,50C__ps_foam_trial_5,50C,50.0,ps_foam,5,34.496376621320685,49.26907221476237
75,11,50C__ps_foam_trial_6,50C,50.0,ps_foam,6,34.496376621320685,52.338722229003906
75,11,60C__ps_foam_trial_1,60C,60.0,ps_foam,1,34.496376621320685,289.07692464192706
75,11,60C__ps_foam_trial_2,60C,60.0,ps_foam,2,34.496376621320685,254.09685262044272
75,11,60C__ps_foam_trial_3,60C,60.0,ps_foam,3,34.496376621320685,248.95716349283853
75,11,60C__ps_foam_trial_4,60C,60.0,ps_foam,4,34.496376621320685,133.9900105794271
75,11,60C__ps_foam_trial_5,60C,60.0,ps_foam,5,34.496376621320685,362.1842346191406
75,11,60C__ps_foam_trial_6,60C,60.0,ps_foam,6,34.496376621320685,270.0432891845703
75,12,30C__pu_foam_trial_1,30C,30.0,pu_foam,1,42.49705872175155,162.22919209798178
75,12,30C__pu_foam_trial_2,30C,30.0,pu_foam,2,42.49705872175155,120.46769714355469
75,12,30C__pu_foam_trial_3,30C,30.0,pu_foam,3,42.49705872175155,271.4905751546224
75,12,30C__pu_foam_trial_4,30C,30.0,pu_foam,4,42.49705872175155,251.89615376790366
75,12,30C__pu_foam_trial_5,30C,30.0,pu_foam,5,42.49705872175155,330.8142395019531
75,12,30C__pu_foam_trial_6,30C,30.0,pu_foam,6,42.49705872175155,131.67412821451822
75,12,40C__pu_foam_trial_1,40C,40.0,pu_foam,1,42.49705872175155,69.55872090657552
75,12,40C__pu_foam_trial_2,40C,40.0,pu_foam,2,42.49705872175155,96.03802744547527
75,12,40C__pu_foam_trial_3,40C,40.0,pu_foam,3,42.49705872175155,90.48166147867839
75,12,40C__pu_foam_trial_4,40C,40.0,pu_foam,4,42.49705872175155,108.38058471679688
75,12,40C__pu_foam_trial_5,40C,40.0,pu_foam,5,42.49705872175155,37.01295510106275
75,12,40C__pu_foam_trial_6,40C,40.0,pu_foam,6,42.49705872175155,55.02326202392578
75,12,50C__pu_foam_trial_1,50C,50.0,pu_foam,1,42.49705872175155,87.60591125488281
75,12,50C__pu_foam_trial_2,50C,50.0,pu_foam,2,42.49705872175155,76.68473307291667
75,12,50C__pu_foam_trial_3,50C,50.0,pu_foam,3,42.49705872175155,88.61958821614583
75,12,50C__pu_foam_trial_4,50C,50.0,pu_foam,4,42.49705872175155,58.96636962890625
75,12,50C__pu_foam_trial_5,50C,50.0,pu_foam,5,42.49705872175155,67.84522755940755
75,12,50C__pu_foam_trial_6,50C,50.0,pu_foam,6,42.49705872175155,78.43348948160808
75,12,60C__pu_foam_trial_1,60C,60.0,pu_foam,1,42.49705872175155,208.49200439453125
75,12,60C__pu_foam_trial_2,60C,60.0,pu_foam,2,42.49705872175155,689.1741129557291
75,12,60C__pu_foam_trial_3,60C,60.0,pu_foam,3,42.49705872175155,379.5011901855469
75,12,60C__pu_foam_trial_4,60C,60.0,pu_foam,4,42.49705872175155,196.43474324544272
75,12,60C__pu_foam_trial_5,60C,60.0,pu_foam,5,42.49705872175155,294.3106282552083
75,12,60C__pu_foam_trial_6,60C,60.0,pu_foam,6,42.49705872175155,280.67803446451825
75,13,30C__titanium_trial_1,30C,30.0,titanium,1,7184.0359269702985,10107.80029296875
75,13,30C__titanium_trial_2,30C,30.0,titanium,2,7184.0359269702985,6386.155436197917
75,13,30C__titanium_trial_3,30C,30.0,titanium,3,7184.0359269702985,6118.428955078125
75,13,30C__titanium_trial_4,30C,30.0,titanium,4,7184.0359269702985,4908.42236328125
75,13,30C__titanium_trial_5,30C,30.0,titanium,5,7184.0359269702985,8136.329264322917
75,13,30C__titanium_trial_6,30C,30.0,titanium,6,7184.0359269702985,5164.388753255208
75,13,40C__titanium_trial_1,40C,40.0,titanium,1,7184.0359269702985,17250.222005208332
75,13,40C__titanium_trial_2,40C,40.0,titanium,2,7184.0359269702985,16249.7314453125
75,13,40C__titanium_trial_3,40C,40.0,titanium,3,7184.0359269702985,15867.711588541666
75,13,40C__titanium_trial_4,40C,40.0,titanium,4,7184.0359269702985,11580.509765625
75,13,40C__titanium_trial_5,40C,40.0,titanium,5,7184.0359269702985,18112.204427083332
75,13,40C__titanium_trial_6,40C,40.0,titanium,6,7184.0359269702985,18288.431640625
75,13,50C__titanium_trial_1,50C,50.0,titanium,1,7184.0359269702985,12278.956380208334
75,13,50C__titanium_trial_2,50C,50.0,titanium,2,7184.0359269702985,5804.962727864583
75,13,50C__titanium_trial_3,50C,50.0,titanium,3,7184.0359269702985,14530.158203125
75,13,50C__titanium_trial_4,50C,50.0,titanium,4,7184.0359269702985,15741.556966145834
75,13,50C__titanium_trial_5,50C,50.0,titanium,5,7184.0359269702985,8215.397298177084
75,13,50C__titanium_trial_6,50C,50.0,titanium,6,7184.0359269702985,15490.253255208334
75,13,60C__titanium_trial_1,60C,60.0,titanium,1,7184.0359269702985,8821.948893229166
75,13,60C__titanium_trial_2,60C,60.0,titanium,2,7184.0359269702985,10723.888997395834
75,13,60C__titanium_trial_3,60C,60.0,titanium,3,7184.0359269702985,9146.376302083334
75,13,60C__titanium_trial_4,60C,60.0,titanium,4,7184.0359269702985,15332.5810546875
75,13,60C__titanium_trial_5,60C,60.0,titanium,5,7184.0359269702985,13005.1845703125
75,13,60C__titanium_trial_6,60C,60.0,titanium,6,7184.0359269702985,15936.982747395834
75,14,30C__wood_trial_1,30C,30.0,wood,1,422.49260348555214,69.32174301147461
75,14,30C__wood_trial_2,30C,30.0,wood,2,422.49260348555214,196.67172241210938
75,14,30C__wood_trial_3,30C,30.0,wood,3,422.49260348555214,138.83090464274088
75,14,30C__wood_trial_4,30C,30.0,wood,4,422.49260348555214,79.85122680664062
75,14,30C__wood_trial_5,30C,30.0,wood,5,422.49260348555214,131.6898396809896
75,14,30C__wood_trial_6,30C,30.0,wood,6,422.49260348555214,195.58712259928384
75,14,40C__wood_trial_1,40C,40.0,wood,1,422.49260348555214,184.03673807779947
75,14,40C__wood_trial_2,40C,40.0,wood,2,422.49260348555214,184.84200032552084
75,14,40C__wood_trial_3,40C,40.0,wood,3,422.49260348555214,209.36768595377603
75,14,40C__wood_trial_4,40C,40.0,wood,4,422.49260348555214,101.58563486735027
75,14,40C__wood_trial_5,40C,40.0,wood,5,422.49260348555214,264.09661356608075
75,14,40C__wood_trial_6,40C,40.0,wood,6,422.49260348555214,218.07696533203125
75,14,50C__wood_trial_1,50C,50.0,wood,1,422.49260348555214,218.0470428466797
75,14,50C__wood_trial_2,50C,50.0,wood,2,422.49260348555214,264.125244140625
75,14,50C__wood_trial_3,50C,50.0,wood,3,422.49260348555214,327.7368469238281
75,14,50C__wood_trial_4,50C,50.0,wood,4,422.49260348555214,270.1354675292969
75,14,50C__wood_trial_5,50C,50.0,wood,5,422.49260348555214,209.01128641764322
75,14,50C__wood_trial_6,50C,50.0,wood,6,422.49260348555214,195.59506225585938
75,14,60C__wood_trial_1,60C,60.0,wood,1,422.49260348555214,11596.5869140625
75,14,60C__wood_trial_2,60C,60.0,wood,2,422.49260348555214,3073.4278971354165
75,14,60C__wood_trial_3,60C,60.0,wood,3,422.49260348555214,5737.3454996744795
75,14,60C__wood_trial_4,60C,60.0,wood,4,422.49260348555214,4709.897054036458
75,14,60C__wood_trial_5,60C,60.0,wood,5,422.49260348555214,2495.1191202799478
75,14,60C__wood_trial_6,60C,60.0,wood,6,422.49260348555214,1509.6845092773438
100,1,30C__aluminum_trial_1,30C,30.0,aluminum,1,23958.09466547789,11954.660807291666
100,1,30C__aluminum_trial_2,30C,30.0,aluminum,2,23958.09466547789,18517.73046875
100,1,30C__aluminum_trial_3,30C,30.0,aluminum,3,23958.09466547789,10388.2724609375
100,1,30C__aluminum_trial_4,30C,30.0,aluminum,4,23958.09466547789,15947.238606770834
100,1,30C__aluminum_trial_5,30C,30.0,aluminum,5,23958.09466547789,13181.203125
100,1,30C__aluminum_trial_6,30C,30.0,aluminum,6,23958.09466547789,16294.9765625
100,1,40C__aluminum_trial_1,40C,40.0,aluminum,1,23958.09466547789,22204.952473958332
100,1,40C__aluminum_trial_2,40C,40.0,aluminum,2,23958.09466547789,7270.743489583333
100,1,40C__aluminum_trial_3,40C,40.0,aluminum,3,23958.09466547789,31578.528645833332
100,1,40C__aluminum_trial_4,40C,40.0,aluminum,4,23958.09466547789,12636.666341145834
100,1,40C__aluminum_trial_5,40C,40.0,aluminum,5,23958.09466547789,12718.7626953125
100,1,40C__aluminum_trial_6,40C,40.0,aluminum,6,23958.09466547789,12954.690755208334
100,1,50C__aluminum_trial_1,50C,50.0,aluminum,1,23958.09466547789,12925.703450520834
100,1,50C__aluminum_trial_2,50C,50.0,aluminum,2,23958.09466547789,11937.146809895834
100,1,50C__aluminum_trial_3,50C,50.0,aluminum,3,23958.09466547789,14703.820963541666
100,1,50C__aluminum_trial_4,50C,50.0,aluminum,4,23958.09466547789,20415.2109375
100,1,50C__aluminum_trial_5,50C,50.0,aluminum,5,23958.09466547789,12457.368815104166
100,1,50C__aluminum_trial_6,50C,50.0,aluminum,6,23958.09466547789,21429.2890625
100,1,60C__aluminum_trial_1,60C,60.0,aluminum,1,23958.09466547789,9086.098795572916
100,1,60C__aluminum_trial_2,60C,60.0,aluminum,2,23958.09466547789,10044.126953125
100,1,60C__aluminum_trial_3,60C,60.0,aluminum,3,23958.09466547789,8245.180501302084
100,1,60C__aluminum_trial_4,60C,60.0,aluminum,4,23958.09466547789,11876.594075520834
100,1,60C__aluminum_trial_5,60C,60.0,aluminum,5,23958.09466547789,10525.801432291666
100,1,60C__aluminum_trial_6,60C,60.0,aluminum,6,23958.09466547789,17555.984700520832
100,2,30C__bismuth_trial_1,30C,30.0,bismuth,1,3209.1026783199068,12481.972005208334
100,2,30C__bismuth_trial_2,30C,30.0,bismuth,2,3209.1026783199068,8505.533203125
100,2,30C__bismuth_trial_3,30C,30.0,bismuth,3,3209.1026783199068,6188.465983072917
100,2,30C__bismuth_trial_4,30C,30.0,bismuth,4,3209.1026783199068,13248.741861979166
100,2,30C__bismuth_trial_5,30C,30.0,bismuth,5,3209.1026783199068,7662.328450520833
100,2,30C__bismuth_trial_6,30C,30.0,bismuth,6,3209.1026783199068,10014.037760416666
100,2,40C__bismuth_trial_1,40C,40.0,bismuth,1,3209.1026783199068,13285.253255208334
100,2,40C__bismuth_trial_2,40C,40.0,bismuth,2,3209.1026783199068,12098.455078125
100,2,40C__bismuth_trial_3,40C,40.0,bismuth,3,3209.1026783199068,8767.212565104166
100,2,40C__bismuth_trial_4,40C,40.0,bismuth,4,3209.1026783199068,10313.577799479166
100,2,40C__bismuth_trial_5,40C,40.0,bismuth,5,3209.1026783199068,14223.505859375
100,2,40C__bismuth_trial_6,40C,40.0,bismuth,6,3209.1026783199068,11924.587239583334
100,2,50C__bismuth_trial_1,50C,50.0,bismuth,1,3209.1026783199068,9246.11328125
100,2,50C__bismuth_trial_2,50C,50.0,bismuth,2,3209.1026783199068,14442.615234375
100,2,50C__bismuth_trial_3,50C,50.0,bismuth,3,3209.1026783199068,19203.10546875
100,2,50C__bismuth_trial_4,50C,50.0,bismuth,4,3209.1026783199068,15886.21484375
100,2,50C__bismuth_trial_5,50C,50.0,bismuth,5,3209.1026783199068,12669.179361979166
100,2,50C__bismuth_trial_6,50C,50.0,bismuth,6,3209.1026783199068,10717.6259765625
100,2,60C__bismuth_trial_1,60C,60.0,bismuth,1,3209.1026783199068,9999.623697916666
100,2,60C__bismuth_trial_2,60C,60.0,bismuth,2,3209.1026783199068,10715.020833333334
100,2,60C__bismuth_trial_3,60C,60.0,bismuth,3,3209.1026783199068,12794.81640625
100,2,60C__bismuth_trial_4,60C,60.0,bismuth,4,3209.1026783199068,18493.557942708332
100,2,60C__bismuth_trial_5,60C,60.0,bismuth,5,3209.1026783199068,9556.619791666666
100,2,60C__bismuth_trial_6,60C,60.0,bismuth,6,3209.1026783199068,19352.25390625
100,3,30C__cement_trial_1,30C,30.0,cement,1,559.6427431853289,408.6036885579427
100,3,30C__cement_trial_2,30C,30.0,cement,2,559.6427431853289,451.7146911621094
100,3,30C__cement_trial_3,30C,30.0,cement,3,559.6427431853289,405.2408040364583
100,3,30C__cement_trial_4,30C,30.0,cement,4,559.6427431853289,459.2602233886719
100,3,30C__cement_trial_5,30C,30.0,cement,5,559.6427431853289,502.50733439127606
100,3,30C__cement_trial_6,30C,30.0,cement,6,559.6427431853289,459.96014404296875
100,3,40C__cement_trial_1,40C,40.0,cement,1,559.6427431853289,400.6133524576823
100,3,40C__cement_trial_2,40C,40.0,cement,2,559.6427431853289,414.6817932128906
100,3,40C__cement_trial_3,40C,40.0,cement,3,559.6427431853289,307.3103332519531
100,3,40C__cement_trial_4,40C,40.0,cement,4,559.6427431853289,472.3396708170573
100,3,40C__cement_trial_5,40C,40.0,cement,5,559.6427431853289,635.9902750651041
100,3,40C__cement_trial_6,40C,40.0,cement,6,559.6427431853289,436.2252197265625
100,3,50C__cement_trial_1,50C,50.0,cement,1,559.6427431853289,463.3479715983073
100,3,50C__cement_trial_2,50C,50.0,cement,2,559.6427431853289,341.3006286621094
100,3,50C__cement_trial_3,50C,50.0,cement,3,559.6427431853289,405.59271240234375
100,3,50C__cement_trial_4,50C,50.0,cement,4,559.6427431853289,391.49110921223956
100,3,50C__cement_trial_5,50C,50.0,cement,5,559.6427431853289,428.4839680989583
100,3,50C__cement_trial_6,50C,50.0,cement,6,559.6427431853289,412.9886881510417
100,3,60C__cement_trial_1,60C,60.0,cement,1,559.6427431853289,1013.0124918619791
100,3,60C__cement_trial_2,60C,60.0,cement,2,559.6427431853289,972.5882771809896
100,3,60C__cement_trial_3,60C,60.0,cement,3,559.6427431853289,928.837646484375
100,3,60C__cement_trial_4,60C,60.0,cement,4,559.6427431853289,962.1621500651041
100,3,60C__cement_trial_5,60C,60.0,cement,5,559.6427431853289,1044.8709309895833
100,3,60C__cement_trial_6,60C,60.0,cement,6,559.6427431853289,900.0061442057291
100,4,30C__copper_trial_1,30C,30.0,copper,1,37192.601414797544,3691.4129231770835
100,4,30C__copper_trial_2,30C,30.0,copper,2,37192.601414797544,17304.065755208332
100,4,30C__copper_trial_3,30C,30.0,copper,3,37192.601414797544,15641.236002604166
100,4,30C__copper_trial_4,30C,30.0,copper,4,37192.601414797544,15605.999348958334
100,4,30C__copper_trial_5,30C,30.0,copper,5,37192.601414797544,16299.456380208334
100,4,30C__copper_trial_6,30C,30.0,copper,6,37192.601414797544,12697.462239583334
100,4,40C__copper_trial_1,40C,40.0,copper,1,37192.601414797544,18511.634765625
100,4,40C__copper_trial_2,40C,40.0,copper,2,37192.601414797544,14394.740885416666
100,4,40C__copper_trial_3,40C,40.0,copper,3,37192.601414797544,16318.962239583334
100,4,40C__copper_trial_4,40C,40.0,copper,4,37192.601414797544,9395.454427083334
100,4,40C__copper_trial_5,40C,40.0,copper,5,37192.601414797544,9125.58203125
100,4,40C__copper_trial_6,40C,40.0,copper,6,37192.601414797544,6459.57373046875
100,4,50C__copper_trial_1,50C,50.0,copper,1,37192.601414797544,7016.537109375
100,4,50C__copper_trial_2,50C,50.0,copper,2,37192.601414797544,12283.651692708334
100,4,50C__copper_trial_3,50C,50.0,copper,3,37192.601414797544,9591.0185546875
100,4,50C__copper_trial_4,50C,50.0,copper,4,37192.601414797544,11690.929036458334
100,4,50C__copper_trial_5,50C,50.0,copper,5,37192.601414797544,11044.714518229166
100,4,50C__copper_trial_6,50C,50.0,copper,6,37192.601414797544,9986.950520833334
100,4,60C__copper_trial_1,60C,60.0,copper,1,37192.601414797544,12088.319010416666
100,4,60C__copper_trial_2,60C,60.0,copper,2,37192.601414797544,21060.193359375
100,4,60C__copper_trial_3,60C,60.0,copper,3,37192.601414797544,15265.5419921875
100,4,60C__copper_trial_4,60C,60.0,copper,4,37192.601414797544,17926.225911458332
100,4,60C__copper_trial_5,60C,60.0,copper,5,37192.601414797544,14440.060546875
100,4,60C__copper_trial_6,60C,60.0,copper,6,37192.601414797544,13045.090169270834
100,5,30C__cork_trial_1,30C,30.0,cork,1,136.29380029920657,213.48340861002603
100,5,30C__cork_trial_2,30C,30.0,cork,2,136.29380029920657,60.1090342203776
100,5,30C__cork_trial_3,30C,30.0,cork,3,136.29380029920657,40.94818261848385
100,5,30C__cork_trial_4,30C,30.0,cork,4,136.29380029920657,38.04857527798905
100,5,30C__cork_trial_5,30C,30.0,cork,5,136.29380029920657,69.9155985514323
100,5,30C__cork_trial_6,30C,30.0,cork,6,136.29380029920657,80.53911972045898
100,5,40C__cork_trial_1,40C,40.0,cork,1,136.29380029920657,78.50703684488933
100,5,40C__cork_trial_2,40C,40.0,cork,2,136.29380029920657,92.42319997151692
100,5,40C__cork_trial_3,40C,40.0,cork,3,136.29380029920657,79.50445302327473
100,5,40C__cork_trial_4,40C,40.0,cork,4,136.29380029920657,73.28421783447266
100,5,40C__cork_trial_5,40C,40.0,cork,5,136.29380029920657,35.66660856379061
100,5,40C__cork_trial_6,40C,40.0,cork,6,136.29380029920657,34.496376621320685
100,5,50C__cork_trial_1,50C,50.0,cork,1,136.29380029920657,465.9066975911458
100,5,50C__cork_trial_2,50C,50.0,cork,2,136.29380029920657,470.11241658528644
100,5,50C__cork_trial_3,50C,50.0,cork,3,136.29380029920657,414.9056905110677
100,5,50C__cork_trial_4,50C,50.0,cork,4,136.29380029920657,288.2543640136719
100,5,50C__cork_trial_5,50C,50.0,cork,5,136.29380029920657,418.99953206380206
100,5,50C__cork_trial_6,50C,50.0,cork,6,136.29380029920657,425.7005920410156
100,5,60C__cork_trial_1,60C,60.0,cork,1,136.29380029920657,313.7827555338542
100,5,60C__cork_trial_2,60C,60.0,cork,2,136.29380029920657,298.15964762369794
100,5,60C__cork_trial_3,60C,60.0,cork,3,136.29380029920657,248.91304524739584
100,5,60C__cork_trial_4,60C,60.0,cork,4,136.29380029920657,282.5254414876302
100,5,60C__cork_trial_5,60C,60.0,cork,5,136.29380029920657,371.5252176920573
100,5,60C__cork_trial_6,60C,60.0,cork,6,136.29380029920657,324.5795389811198
100,6,30C__graphite_trial_1,30C,30.0,graphite,1,11367.497525840945,14919.215169270834
100,6,30C__graphite_trial_2,30C,30.0,graphite,2,11367.497525840945,6815.6845296223955
100,6,30C__graphite_trial_3,30C,30.0,graphite,3,11367.497525840945,1366.3436482747395
100,6,30C__graphite_trial_4,30C,30.0,graphite,4,11367.497525840945,14565.011474609375
100,6,30C__graphite_trial_5,30C,30.0,graphite,5,11367.497525840945,15725.734700520834
100,6,30C__graphite_trial_6,30C,30.0,graphite,6,11367.497525840945,8077.419270833333
100,6,40C__graphite_trial_1,40C,40.0,graphite,1,11367.497525840945,6855.620768229167
100,6,40C__graphite_trial_2,40C,40.0,graphite,2,11367.497525840945,6560.2802734375
100,6,40C__graphite_trial_3,40C,40.0,graphite,3,11367.497525840945,5425.187744140625
100,6,40C__graphite_trial_4,40C,40.0,graphite,4,11367.497525840945,10366.772135416666
100,6,40C__graphite_trial_5,40C,40.0,graphite,5,11367.497525840945,3397.4600423177085
100,6,40C__graphite_trial_6,40C,40.0,graphite,6,11367.497525840945,5439.252685546875
100,6,50C__graphite_trial_1,50C,50.0,graphite,1,11367.497525840945,18738.48828125
100,6,50C__graphite_trial_2,50C,50.0,graphite,2,11367.497525840945,11241.196940104166
100,6,50C__graphite_trial_3,50C,50.0,graphite,3,11367.497525840945,11854.396809895834
100,6,50C__graphite_trial_4,50C,50.0,graphite,4,11367.497525840945,16266.1572265625
100,6,50C__graphite_trial_5,50C,50.0,graphite,5,11367.497525840945,8127.389973958333
100,6,50C__graphite_trial_6,50C,50.0,graphite,6,11367.497525840945,15615.856119791666
100,6,60C__graphite_trial_1,60C,60.0,graphite,1,11367.497525840945,9696.934244791666
100,6,60C__graphite_trial_2,60C,60.0,graphite,2,11367.497525840945,13877.816080729166
100,6,60C__graphite_trial_3,60C,60.0,graphite,3,11367.497525840945,12590.958658854166
100,6,60C__graphite_trial_4,60C,60.0,graphite,4,11367.497525840945,13435.853841145834
100,6,60C__graphite_trial_5,60C,60.0,graphite,5,11367.497525840945,10520.975260416666
100,6,60C__graphite_trial_6,60C,60.0,graphite,6,11367.497525840945,10249.648763020834
100,7,30C__gypsum_trial_1,30C,30.0,gypsum,1,385.01948002666046,218.03723653157553
100,7,30C__gypsum_trial_2,30C,30.0,gypsum,2,385.01948002666046,279.07465108235675
100,7,30C__gypsum_trial_3,30C,30.0,gypsum,3,385.01948002666046,251.54168701171875
100,7,30C__gypsum_trial_4,30C,30.0,gypsum,4,385.01948002666046,170.1102294921875
100,7,30C__gypsum_trial_5,30C,30.0,gypsum,5,385.01948002666046,229.40307108561197
100,7,30C__gypsum_trial_6,30C,30.0,gypsum,6,385.01948002666046,181.98428853352866
100,7,40C__gypsum_trial_1,40C,40.0,gypsum,1,385.01948002666046,273.00230407714844
100,7,40C__gypsum_trial_2,40C,40.0,gypsum,2,385.01948002666046,234.34929911295572
100,7,40C__gypsum_trial_3,40C,40.0,gypsum,3,385.01948002666046,322.03834025065106
100,7,40C__gypsum_trial_4,40C,40.0,gypsum,4,385.01948002666046,296.680903116862
100,7,40C__gypsum_trial_5,40C,40.0,gypsum,5,385.01948002666046,864.5956624348959
100,7,40C__gypsum_trial_6,40C,40.0,gypsum,6,385.01948002666046,591.3556518554688
100,7,50C__gypsum_trial_1,50C,50.0,gypsum,1,385.01948002666046,770.0541788736979
100,7,50C__gypsum_trial_2,50C,50.0,gypsum,2,385.01948002666046,816.4475911458334
100,7,50C__gypsum_trial_3,50C,50.0,gypsum,3,385.01948002666046,537.8275349934896
100,7,50C__gypsum_trial_4,50C,50.0,gypsum,4,385.01948002666046,638.8165486653646
100,7,50C__gypsum_trial_5,50C,50.0,gypsum,5,385.01948002666046,642.4149678548177
100,7,50C__gypsum_trial_6,50C,50.0,gypsum,6,385.01948002666046,648.6242879231771
100,7,60C__gypsum_trial_1,60C,60.0,gypsum,1,385.01948002666046,10382.777018229166
100,7,60C__gypsum_trial_2,60C,60.0,gypsum,2,385.01948002666046,3504.2657063802085
100,7,60C__gypsum_trial_3,60C,60.0,gypsum,3,385.01948002666046,5198.681233723958
100,7,60C__gypsum_trial_4,60C,60.0,gypsum,4,385.01948002666046,10529.9833984375
100,7,60C__gypsum_trial_5,60C,60.0,gypsum,5,385.01948002666046,10462.7470703125
100,7,60C__gypsum_trial_6,60C,60.0,gypsum,6,385.01948002666046,8507.0791015625
100,8,30C__iron_trial_1,30C,30.0,iron,1,16859.663413010356,8654.742513020834
100,8,30C__iron_trial_2,30C,30.0,iron,2,16859.663413010356,21201.361979166668
100,8,30C__iron_trial_3,30C,30.0,iron,3,16859.663413010356,22582.708984375
100,8,30C__iron_trial_4,30C,30.0,iron,4,16859.663413010356,18664.7890625
100,8,30C__iron_trial_5,30C,30.0,iron,5,16859.663413010356,16658.798828125
100,8,30C__iron_trial_6,30C,30.0,iron,6,16859.663413010356,15443.133463541666
100,8,40C__iron_trial_1,40C,40.0,iron,1,16859.663413010356,15431.7880859375
100,8,40C__iron_trial_2,40C,40.0,iron,2,16859.663413010356,9060.626627604166
100,8,40C__iron_trial_3,40C,40.0,iron,3,16859.663413010356,9559.045247395834
100,8,40C__iron_trial_4,40C,40.0,iron,4,16859.663413010356,5845.93994140625
100,8,40C__iron_trial_5,40C,40.0,iron,5,16859.663413010356,13858.684895833334
100,8,40C__iron_trial_6,40C,40.0,iron,6,16859.663413010356,14198.8642578125
100,8,50C__iron_trial_1,50C,50.0,iron,1,16859.663413010356,13856.754231770834
100,8,50C__iron_trial_2,50C,50.0,iron,2,16859.663413010356,14005.187174479166
100,8,50C__iron_trial_3,50C,50.0,iron,3,16859.663413010356,13882.596354166666
100,8,50C__iron_trial_4,50C,50.0,iron,4,16859.663413010356,12667.287760416666
100,8,50C__iron_trial_5,50C,50.0,iron,5,16859.663413010356,16916.425455729168
100,8,50C__iron_trial_6,50C,50.0,iron,6,16859.663413010356,25104.435546875
100,8,60C__iron_trial_1,60C,60.0,iron,1,16859.663413010356,32871.608723958336
100,8,60C__iron_trial_2,60C,60.0,iron,2,16859.663413010356,17416.488606770832
100,8,60C__iron_trial_3,60C,60.0,iron,3,16859.663413010356,13423.029947916666
100,8,60C__iron_trial_4,60C,60.0,iron,4,16859.663413010356,15357.142578125
100,8,60C__iron_trial_5,60C,60.0,iron,5,16859.663413010356,20117.525390625
100,8,60C__iron_trial_6,60C,60.0,iron,6,16859.663413010356,21626.804036458332
100,9,30C__nickel_trial_1,30C,30.0,nickel,1,19320.68449098013,8012.474283854167
100,9,30C__nickel_trial_2,30C,30.0,nickel,2,19320.68449098013,14176.169270833334
100,9,30C__nickel_trial_3,30C,30.0,nickel,3,19320.68449098013,14900.923502604166
100,9,30C__nickel_trial_4,30C,30.0,nickel,4,19320.68449098013,8794.615071614584
100,9,30C__nickel_trial_5,30C,30.0,nickel,5,19320.68449098013,16992.287434895832
100,9,30C__nickel_trial_6,30C,30.0,nickel,6,19320.68449098013,21464.59765625
100,9,40C__nickel_trial_1,40C,40.0,nickel,1,19320.68449098013,7120.850911458333
100,9,40C__nickel_trial_2,40C,40.0,nickel,2,19320.68449098013,8602.222819010416
100,9,40C__nickel_trial_3,40C,40.0,nickel,3,19320.68449098013,20998.91796875
100,9,40C__nickel_trial_4,40C,40.0,nickel,4,19320.68449098013,13694.430013020834
100,9,40C__nickel_trial_5,40C,40.0,nickel,5,19320.68449098013,12867.758463541666
100,9,40C__nickel_trial_6,40C,40.0,nickel,6,19320.68449098013,11046.556640625
100,9,50C__nickel_trial_1,50C,50.0,nickel,1,19320.68449098013,10854.75
100,9,50C__nickel_trial_2,50C,50.0,nickel,2,19320.68449098013,12867.18359375
100,9,50C__nickel_trial_3,50C,50.0,nickel,3,19320.68449098013,16552.505208333332
100,9,50C__nickel_trial_4,50C,50.0,nickel,4,19320.68449098013,14239.191080729166
100,9,50C__nickel_trial_5,50C,50.0,nickel,5,19320.68449098013,8657.549967447916
100,9,50C__nickel_trial_6,50C,50.0,nickel,6,19320.68449098013,14630.584635416666
100,9,60C__nickel_trial_1,60C,60.0,nickel,1,19320.68449098013,8548.857421875
100,9,60C__nickel_trial_2,60C,60.0,nickel,2,19320.68449098013,19802.878255208332
100,9,60C__nickel_trial_3,60C,60.0,nickel,3,19320.68449098013,14811.591796875
100,9,60C__nickel_trial_4,60C,60.0,nickel,4,19320.68449098013,23418.708984375
100,9,60C__nickel_trial_5,60C,60.0,nickel,5,19320.68449098013,21325.964192708332
100,9,60C__nickel_trial_6,60C,60.0,nickel,6,19320.68449098013,25516.883463541668
100,10,30C__pdms_trial_1,30C,30.0,pdms,1,460.90129095067635,173.72237141927084
100,10,30C__pdms_trial_2,30C,30.0,pdms,2,460.90129095067635,112.01648712158203
100,10,30C__pdms_trial_3,30C,30.0,pdms,3,460.90129095067635,157.28628540039062
100,10,30C__pdms_trial_4,30C,30.0,pdms,4,460.90129095067635,45.09186299641927
100,10,30C__pdms_trial_5,30C,30.0,pdms,5,460.90129095067635,75.77844492594402
100,10,30C__pdms_trial_6,30C,30.0,pdms,6,460.90129095067635,56.81855265299479
100,10,40C__pdms_trial_1,40C,40.0,pdms,1,460.90129095067635,464.73822021484375
100,10,40C__pdms_trial_2,40C,40.0,pdms,2,460.90129095067635,476.25328572591144
100,10,40C__pdms_trial_3,40C,40.0,pdms,3,460.90129095067635,432.82452392578125
100,10,40C__pdms_trial_4,40C,40.0,pdms,4,460.90129095067635,319.1644541422526
100,10,40C__pdms_trial_5,40C,40.0,pdms,5,460.90129095067635,182.22037251790366
100,10,40C__pdms_trial_6,40C,40.0,pdms,6,460.90129095067635,280.139165242513
100,10,50C__pdms_trial_1,50C,50.0,pdms,1,460.90129095067635,282.0019022623698
100,10,50C__pdms_trial_2,50C,50.0,pdms,2,460.90129095067635,217.69613138834634
100,10,50C__pdms_trial_3,50C,50.0,pdms,3,460.90129095067635,425.4848327636719
100,10,50C__pdms_trial_4,50C,50.0,pdms,4,460.90129095067635,418.4413350423177
100,10,50C__pdms_trial_5,50C,50.0,pdms,5,460.90129095067635,280.9017283121745
100,10,50C__pdms_trial_6,50C,50.0,pdms,6,460.90129095067635,369.8138122558594
100,10,60C__pdms_trial_1,60C,60.0,pdms,1,460.90129095067635,527.672373453776
100,10,60C__pdms_trial_2,60C,60.0,pdms,2,460.90129095067635,404.5691426595052
100,10,60C__pdms_trial_3,60C,60.0,pdms,3,460.90129095067635,438.4725748697917
100,10,60C__pdms_trial_4,60C,60.0,pdms,4,460.90129095067635,260.1436513264974
100,10,60C__pdms_trial_5,60C,60.0,pdms,5,460.90129095067635,208.3094940185547
100,10,60C__pdms_trial_6,60C,60.0,pdms,6,460.90129095067635,156.21326192220053
100,11,30C__ps_foam_trial_1,30C,30.0,ps_foam,1,34.496376621320685,333.19654337565106
100,11,30C__ps_foam_trial_2,30C,30.0,ps_foam,2,34.496376621320685,400.3649088541667
100,11,30C__ps_foam_trial_3,30C,30.0,ps_foam,3,34.496376621320685,374.6724853515625
100,11,30C__ps_foam_trial_4,30C,30.0,ps_foam,4,34.496376621320685,253.62637329101562
100,11,30C__ps_foam_trial_5,30C,30.0,ps_foam,5,34.496376621320685,147.69548543294272
100,11,30C__ps_foam_trial_6,30C,30.0,ps_foam,6,34.496376621320685,158.21587626139322
100,11,40C__ps_foam_trial_1,40C,40.0,ps_foam,1,34.496376621320685,44.42955775140742
100,11,40C__ps_foam_trial_2,40C,40.0,ps_foam,2,34.496376621320685,48.74486414591471
100,11,40C__ps_foam_trial_3,40C,40.0,ps_foam,3,34.496376621320685,55.5576057434082
100,11,40C__ps_foam_trial_4,40C,40.0,ps_foam,4,34.496376621320685,515.2255452473959
100,11,40C__ps_foam_trial_5,40C,40.0,ps_foam,5,34.496376621320685,82.60641733805339
100,11,40C__ps_foam_trial_6,40C,40.0,ps_foam,6,34.496376621320685,75.39839426676433
100,11,50C__ps_foam_trial_1,50C,50.0,ps_foam,1,34.496376621320685,52.16362762451172
100,11,50C__ps_foam_trial_2,50C,50.0,ps_foam,2,34.496376621320685,62.52710978190104
100,11,50C__ps_foam_trial_3,50C,50.0,ps_foam,3,34.496376621320685,61.403708140055336
100,11,50C__ps_foam_trial_4,50C,50.0,ps_foam,4,34.496376621320685,52.497475941975914
100,11,50C__ps_foam_trial_5,50C,50.0,ps_foam,5,34.496376621320685,49.002663930257164
100,11,50C__ps_foam_trial_6,50C,50.0,ps_foam,6,34.496376621320685,55.486584981282554
100,11,60C__ps_foam_trial_1,60C,60.0,ps_foam,1,34.496376621320685,343.6343282063802
100,11,60C__ps_foam_trial_2,60C,60.0,ps_foam,2,34.496376621320685,277.88416544596356
100,11,60C__ps_foam_trial_3,60C,60.0,ps_foam,3,34.496376621320685,316.08416748046875
100,11,60C__ps_foam_trial_4,60C,60.0,ps_foam,4,34.496376621320685,143.94925944010416
100,11,60C__ps_foam_trial_5,60C,60.0,ps_foam,5,34.496376621320685,359.54078165690106
100,11,60C__ps_foam_trial_6,60C,60.0,ps_foam,6,34.496376621320685,284.8706461588542
100,12,30C__pu_foam_trial_1,30C,30.0,pu_foam,1,42.49705872175155,143.4688237508138
100,12,30C__pu_foam_trial_2,30C,30.0,pu_foam,2,42.49705872175155,134.51095326741537
100,12,30C__pu_foam_trial_3,30C,30.0,pu_foam,3,42.49705872175155,250.66741434733072
100,12,30C__pu_foam_trial_4,30C,30.0,pu_foam,4,42.49705872175155,242.63265991210938
100,12,30C__pu_foam_trial_5,30C,30.0,pu_foam,5,42.49705872175155,351.40297444661456
100,12,30C__pu_foam_trial_6,30C,30.0,pu_foam,6,42.49705872175155,164.74133809407553
100,12,40C__pu_foam_trial_1,40C,40.0,pu_foam,1,42.49705872175155,72.0523173014323
100,12,40C__pu_foam_trial_2,40C,40.0,pu_foam,2,42.49705872175155,104.4750467936198
100,12,40C__pu_foam_trial_3,40C,40.0,pu_foam,3,42.49705872175155,102.9501953125
100,12,40C__pu_foam_trial_4,40C,40.0,pu_foam,4,42.49705872175155,90.93529001871745
100,12,40C__pu_foam_trial_5,40C,40.0,pu_foam,5,42.49705872175155,34.496376621320685
100,12,40C__pu_foam_trial_6,40C,40.0,pu_foam,6,42.49705872175155,40.674312786127075
100,12,50C__pu_foam_trial_1,50C,50.0,pu_foam,1,42.49705872175155,76.9326655069987
100,12,50C__pu_foam_trial_2,50C,50.0,pu_foam,2,42.49705872175155,71.23232523600261
100,12,50C__pu_foam_trial_3,50C,50.0,pu_foam,3,42.49705872175155,96.93978373209636
100,12,50C__pu_foam_trial_4,50C,50.0,pu_foam,4,42.49705872175155,62.65882364908854
100,12,50C__pu_foam_trial_5,50C,50.0,pu_foam,5,42.49705872175155,75.26061248779297
100,12,50C__pu_foam_trial_6,50C,50.0,pu_foam,6,42.49705872175155,66.16643651326497
100,12,60C__pu_foam_trial_1,60C,60.0,pu_foam,1,42.49705872175155,180.92420959472656
100,12,60C__pu_foam_trial_2,60C,60.0,pu_foam,2,42.49705872175155,687.0285441080729
100,12,60C__pu_foam_trial_3,60C,60.0,pu_foam,3,42.49705872175155,227.63977559407553
100,12,60C__pu_foam_trial_4,60C,60.0,pu_foam,4,42.49705872175155,158.97105407714844
100,12,60C__pu_foam_trial_5,60C,60.0,pu_foam,5,42.49705872175155,223.88511657714844
100,12,60C__pu_foam_trial_6,60C,60.0,pu_foam,6,42.49705872175155,255.87255859375
100,13,30C__titanium_trial_1,30C,30.0,titanium,1,7184.0359269702985,13888.616861979166
100,13,30C__titanium_trial_2,30C,30.0,titanium,2,7184.0359269702985,5727.314290364583
100,13,30C__titanium_trial_3,30C,30.0,titanium,3,7184.0359269702985,4621.513997395833
100,13,30C__titanium_trial_4,30C,30.0,titanium,4,7184.0359269702985,5144.908772786458
100,13,30C__titanium_trial_5,30C,30.0,titanium,5,7184.0359269702985,8786.919596354166
100,13,30C__titanium_trial_6,30C,30.0,titanium,6,7184.0359269702985,5350.49609375
100,13,40C__titanium_trial_1,40C,40.0,titanium,1,7184.0359269702985,17329.425455729168
100,13,40C__titanium_trial_2,40C,40.0,titanium,2,7184.0359269702985,15739.742838541666
100,13,40C__titanium_trial_3,40C,40.0,titanium,3,7184.0359269702985,16750.271484375
100,13,40C__titanium_trial_4,40C,40.0,titanium,4,7184.0359269702985,11124.578450520834
100,13,40C__titanium_trial_5,40C,40.0,titanium,5,7184.0359269702985,16050.793294270834
100,13,40C__titanium_trial_6,40C,40.0,titanium,6,7184.0359269702985,18674.214518229168
100,13,50C__titanium_trial_1,50C,50.0,titanium,1,7184.0359269702985,11140.800130208334
100,13,50C__titanium_trial_2,50C,50.0,titanium,2,7184.0359269702985,5470.58056640625
100,13,50C__titanium_trial_3,50C,50.0,titanium,3,7184.0359269702985,11528.396158854166
100,13,50C__titanium_trial_4,50C,50.0,titanium,4,7184.0359269702985,16418.888346354168
100,13,50C__titanium_trial_5,50C,50.0,titanium,5,7184.0359269702985,8493.955403645834
100,13,50C__titanium_trial_6,50C,50.0,titanium,6,7184.0359269702985,13915.5400390625
100,13,60C__titanium_trial_1,60C,60.0,titanium,1,7184.0359269702985,9605.677408854166
100,13,60C__titanium_trial_2,60C,60.0,titanium,2,7184.0359269702985,9858.1982421875
100,13,60C__titanium_trial_3,60C,60.0,titanium,3,7184.0359269702985,9274.2783203125
100,13,60C__titanium_trial_4,60C,60.0,titanium,4,7184.0359269702985,15347.682291666666
100,13,60C__titanium_trial_5,60C,60.0,titanium,5,7184.0359269702985,11879.614908854166
100,13,60C__titanium_trial_6,60C,60.0,titanium,6,7184.0359269702985,15732.768880208334
100,14,30C__wood_trial_1,30C,30.0,wood,1,422.49260348555214,103.96842193603516
100,14,30C__wood_trial_2,30C,30.0,wood,2,422.49260348555214,253.4835001627604
100,14,30C__wood_trial_3,30C,30.0,wood,3,422.49260348555214,151.12410481770834
100,14,30C__wood_trial_4,30C,30.0,wood,4,422.49260348555214,94.32330322265625
100,14,30C__wood_trial_5,30C,30.0,wood,5,422.49260348555214,126.4912821451823
100,14,30C__wood_trial_6,30C,30.0,wood,6,422.49260348555214,200.20303853352866
100,14,40C__wood_trial_1,40C,40.0,wood,1,422.49260348555214,178.6015879313151
100,14,40C__wood_trial_2,40C,40.0,wood,2,422.49260348555214,178.56521606445312
100,14,40C__wood_trial_3,40C,40.0,wood,3,422.49260348555214,184.74522399902344
100,14,40C__wood_trial_4,40C,40.0,wood,4,422.49260348555214,105.89080301920573
100,14,40C__wood_trial_5,40C,40.0,wood,5,422.49260348555214,269.67620849609375
100,14,40C__wood_trial_6,40C,40.0,wood,6,422.49260348555214,204.83314005533853
100,14,50C__wood_trial_1,50C,50.0,wood,1,422.49260348555214,230.2790323893229
100,14,50C__wood_trial_2,50C,50.0,wood,2,422.49260348555214,271.698969523112
100,14,50C__wood_trial_3,50C,50.0,wood,3,422.49260348555214,320.80568440755206
100,14,50C__wood_trial_4,50C,50.0,wood,4,422.49260348555214,257.9576670328776
100,14,50C__wood_trial_5,50C,50.0,wood,5,422.49260348555214,208.77462259928384
100,14,50C__wood_trial_6,50C,50.0,wood,6,422.49260348555214,192.77812703450522
100,14,60C__wood_trial_1,60C,60.0,wood,1,422.49260348555214,10955.607747395834
100,14,60C__wood_trial_2,60C,60.0,wood,2,422.49260348555214,6672.554361979167
100,14,60C__wood_trial_3,60C,60.0,wood,3,422.49260348555214,2983.77587890625
100,14,60C__wood_trial_4,60C,60.0,wood,4,422.49260348555214,4136.929606119792
100,14,60C__wood_trial_5,60C,60.0,wood,5,422.49260348555214,1826.8209228515625
100,14,60C__wood_trial_6,60C,60.0,wood,6,422.49260348555214,1318.5648193359375
