condition,fold,trial_id,Temperature,Temperature_C,Sample,Trial,y_true,y_pred
A_raw_ESN_states,1,30C__aluminum_trial_1,30C,30.0,aluminum,1,23958.09466547789,6923.343912760417
A_raw_ESN_states,1,30C__aluminum_trial_2,30C,30.0,aluminum,2,23958.09466547789,8727.68359375
A_raw_ESN_states,1,30C__aluminum_trial_3,30C,30.0,aluminum,3,23958.09466547789,9604.11376953125
A_raw_ESN_states,1,30C__aluminum_trial_4,30C,30.0,aluminum,4,23958.09466547789,9492.509928385416
A_raw_ESN_states,1,30C__aluminum_trial_5,30C,30.0,aluminum,5,23958.09466547789,9032.054850260416
A_raw_ESN_states,1,30C__aluminum_trial_6,30C,30.0,aluminum,6,23958.09466547789,11248.041666666666
A_raw_ESN_states,1,40C__aluminum_trial_1,40C,40.0,aluminum,1,23958.09466547789,16196.0244140625
A_raw_ESN_states,1,40C__aluminum_trial_2,40C,40.0,aluminum,2,23958.09466547789,2800.2170206705728
A_raw_ESN_states,1,40C__aluminum_trial_3,40C,40.0,aluminum,3,23958.09466547789,19129.941731770832
A_raw_ESN_states,1,40C__aluminum_trial_4,40C,40.0,aluminum,4,23958.09466547789,6401.8623046875
A_raw_ESN_states,1,40C__aluminum_trial_5,40C,40.0,aluminum,5,23958.09466547789,7482.89697265625
A_raw_ESN_states,1,40C__aluminum_trial_6,40C,40.0,aluminum,6,23958.09466547789,7987.6162109375
A_raw_ESN_states,1,50C__aluminum_trial_1,50C,50.0,aluminum,1,23958.09466547789,17217.065104166668
A_raw_ESN_states,1,50C__aluminum_trial_2,50C,50.0,aluminum,2,23958.09466547789,13787.0986328125
A_raw_ESN_states,1,50C__aluminum_trial_3,50C,50.0,aluminum,3,23958.09466547789,15923.687174479166
A_raw_ESN_states,1,50C__aluminum_trial_4,50C,50.0,aluminum,4,23958.09466547789,13207.393229166666
A_raw_ESN_states,1,50C__aluminum_trial_5,50C,50.0,aluminum,5,23958.09466547789,11114.603190104166
A_raw_ESN_states,1,50C__aluminum_trial_6,50C,50.0,aluminum,6,23958.09466547789,12385.6962890625
A_raw_ESN_states,1,60C__aluminum_trial_1,60C,60.0,aluminum,1,23958.09466547789,9487.316080729166
A_raw_ESN_states,1,60C__aluminum_trial_2,60C,60.0,aluminum,2,23958.09466547789,17859.191731770832
A_raw_ESN_states,1,60C__aluminum_trial_3,60C,60.0,aluminum,3,23958.09466547789,11317.640950520834
A_raw_ESN_states,1,60C__aluminum_trial_4,60C,60.0,aluminum,4,23958.09466547789,8168.502604166667
A_raw_ESN_states,1,60C__aluminum_trial_5,60C,60.0,aluminum,5,23958.09466547789,14854.902018229166
A_raw_ESN_states,1,60C__aluminum_trial_6,60C,60.0,aluminum,6,23958.09466547789,17986.62890625
B_summarized_ESN_states,1,30C__aluminum_trial_1,30C,30.0,aluminum,1,23958.09466547789,10814.019205729166
B_summarized_ESN_states,1,30C__aluminum_trial_2,30C,30.0,aluminum,2,23958.09466547789,15402.399088541666
B_summarized_ESN_states,1,30C__aluminum_trial_3,30C,30.0,aluminum,3,23958.09466547789,10328.419759114584
B_summarized_ESN_states,1,30C__aluminum_trial_4,30C,30.0,aluminum,4,23958.09466547789,12957.58837890625
B_summarized_ESN_states,1,30C__aluminum_trial_5,30C,30.0,aluminum,5,23958.09466547789,11650.370442708334
B_summarized_ESN_states,1,30C__aluminum_trial_6,30C,30.0,aluminum,6,23958.09466547789,14030.152669270834
B_summarized_ESN_states,1,40C__aluminum_trial_1,40C,40.0,aluminum,1,23958.09466547789,18102.154622395832
B_summarized_ESN_states,1,40C__aluminum_trial_2,40C,40.0,aluminum,2,23958.09466547789,3087.295450846354
B_summarized_ESN_states,1,40C__aluminum_trial_3,40C,40.0,aluminum,3,23958.09466547789,31239.768880208332
B_summarized_ESN_states,1,40C__aluminum_trial_4,40C,40.0,aluminum,4,23958.09466547789,13059.2158203125
B_summarized_ESN_states,1,40C__aluminum_trial_5,40C,40.0,aluminum,5,23958.09466547789,10699.182942708334
B_summarized_ESN_states,1,40C__aluminum_trial_6,40C,40.0,aluminum,6,23958.09466547789,10886.935872395834
B_summarized_ESN_states,1,50C__aluminum_trial_1,50C,50.0,aluminum,1,23958.09466547789,14529.9912109375
B_summarized_ESN_states,1,50C__aluminum_trial_2,50C,50.0,aluminum,2,23958.09466547789,11949.705729166666
B_summarized_ESN_states,1,50C__aluminum_trial_3,50C,50.0,aluminum,3,23958.09466547789,17527.874348958332
B_summarized_ESN_states,1,50C__aluminum_trial_4,50C,50.0,aluminum,4,23958.09466547789,17153.451171875
B_summarized_ESN_states,1,50C__aluminum_trial_5,50C,50.0,aluminum,5,23958.09466547789,13527.226888020834
B_summarized_ESN_states,1,50C__aluminum_trial_6,50C,50.0,aluminum,6,23958.09466547789,20290.69140625
B_summarized_ESN_states,1,60C__aluminum_trial_1,60C,60.0,aluminum,1,23958.09466547789,15200.3642578125
B_summarized_ESN_states,1,60C__aluminum_trial_2,60C,60.0,aluminum,2,23958.09466547789,12835.535807291666
B_summarized_ESN_states,1,60C__aluminum_trial_3,60C,60.0,aluminum,3,23958.09466547789,9940.226888020834
B_summarized_ESN_states,1,60C__aluminum_trial_4,60C,60.0,aluminum,4,23958.09466547789,15903.958984375
B_summarized_ESN_states,1,60C__aluminum_trial_5,60C,60.0,aluminum,5,23958.09466547789,12582.833984375
B_summarized_ESN_states,1,60C__aluminum_trial_6,60C,60.0,aluminum,6,23958.09466547789,21139.798828125
C_raw_ESN_plus_thermal,1,30C__aluminum_trial_1,30C,30.0,aluminum,1,23958.09466547789,15939.7724609375
C_raw_ESN_plus_thermal,1,30C__aluminum_trial_2,30C,30.0,aluminum,2,23958.09466547789,13354.1650390625
C_raw_ESN_plus_thermal,1,30C__aluminum_trial_3,30C,30.0,aluminum,3,23958.09466547789,11970.052408854166
C_raw_ESN_plus_thermal,1,30C__aluminum_trial_4,30C,30.0,aluminum,4,23958.09466547789,12866.426106770834
C_raw_ESN_plus_thermal,1,30C__aluminum_trial_5,30C,30.0,aluminum,5,23958.09466547789,11236.406901041666
C_raw_ESN_plus_thermal,1,30C__aluminum_trial_6,30C,30.0,aluminum,6,23958.09466547789,11981.944661458334
C_raw_ESN_plus_thermal,1,40C__aluminum_trial_1,40C,40.0,aluminum,1,23958.09466547789,16000.953450520834
C_raw_ESN_plus_thermal,1,40C__aluminum_trial_2,40C,40.0,aluminum,2,23958.09466547789,4698.213216145833
C_raw_ESN_plus_thermal,1,40C__aluminum_trial_3,40C,40.0,aluminum,3,23958.09466547789,19813.569661458332
C_raw_ESN_plus_thermal,1,40C__aluminum_trial_4,40C,40.0,aluminum,4,23958.09466547789,9055.639973958334
C_raw_ESN_plus_thermal,1,40C__aluminum_trial_5,40C,40.0,aluminum,5,23958.09466547789,12115.710286458334
C_raw_ESN_plus_thermal,1,40C__aluminum_trial_6,40C,40.0,aluminum,6,23958.09466547789,9283.0380859375
C_raw_ESN_plus_thermal,1,50C__aluminum_trial_1,50C,50.0,aluminum,1,23958.09466547789,17049.0625
C_raw_ESN_plus_thermal,1,50C__aluminum_trial_2,50C,50.0,aluminum,2,23958.09466547789,13162.548502604166
C_raw_ESN_plus_thermal,1,50C__aluminum_trial_3,50C,50.0,aluminum,3,23958.09466547789,15762.7734375
C_raw_ESN_plus_thermal,1,50C__aluminum_trial_4,50C,50.0,aluminum,4,23958.09466547789,14452.6845703125
C_raw_ESN_plus_thermal,1,50C__aluminum_trial_5,50C,50.0,aluminum,5,23958.09466547789,13491.132486979166
C_raw_ESN_plus_thermal,1,50C__aluminum_trial_6,50C,50.0,aluminum,6,23958.09466547789,13009.924153645834
C_raw_ESN_plus_thermal,1,60C__aluminum_trial_1,60C,60.0,aluminum,1,23958.09466547789,10424.717122395834
C_raw_ESN_plus_thermal,1,60C__aluminum_trial_2,60C,60.0,aluminum,2,23958.09466547789,18056.716471354168
C_raw_ESN_plus_thermal,1,60C__aluminum_trial_3,60C,60.0,aluminum,3,23958.09466547789,10760.7421875
C_raw_ESN_plus_thermal,1,60C__aluminum_trial_4,60C,60.0,aluminum,4,23958.09466547789,9173.8291015625
C_raw_ESN_plus_thermal,1,60C__aluminum_trial_5,60C,60.0,aluminum,5,23958.09466547789,16867.051432291668
C_raw_ESN_plus_thermal,1,60C__aluminum_trial_6,60C,60.0,aluminum,6,23958.09466547789,17356.824869791668
D_summarized_ESN_plus_thermal,1,30C__aluminum_trial_1,30C,30.0,aluminum,1,23958.09466547789,16948.800455729168
D_summarized_ESN_plus_thermal,1,30C__aluminum_trial_2,30C,30.0,aluminum,2,23958.09466547789,20881.427083333332
D_summarized_ESN_plus_thermal,1,30C__aluminum_trial_3,30C,30.0,aluminum,3,23958.09466547789,10708.8759765625
D_summarized_ESN_plus_thermal,1,30C__aluminum_trial_4,30C,30.0,aluminum,4,23958.09466547789,18022.393880208332
D_summarized_ESN_plus_thermal,1,30C__aluminum_trial_5,30C,30.0,aluminum,5,23958.09466547789,12707.533203125
D_summarized_ESN_plus_thermal,1,30C__aluminum_trial_6,30C,30.0,aluminum,6,23958.09466547789,13791.638020833334
D_summarized_ESN_plus_thermal,1,40C__aluminum_trial_1,40C,40.0,aluminum,1,23958.09466547789,19763.001953125
D_summarized_ESN_plus_thermal,1,40C__aluminum_trial_2,40C,40.0,aluminum,2,23958.09466547789,6045.1177978515625
D_summarized_ESN_plus_thermal,1,40C__aluminum_trial_3,40C,40.0,aluminum,3,23958.09466547789,29742.470052083332
D_summarized_ESN_plus_thermal,1,40C__aluminum_trial_4,40C,40.0,aluminum,4,23958.09466547789,14378.0576171875
D_summarized_ESN_plus_thermal,1,40C__aluminum_trial_5,40C,40.0,aluminum,5,23958.09466547789,11660.919921875
D_summarized_ESN_plus_thermal,1,40C__aluminum_trial_6,40C,40.0,aluminum,6,23958.09466547789,11779.3232421875
D_summarized_ESN_plus_thermal,1,50C__aluminum_trial_1,50C,50.0,aluminum,1,23958.09466547789,14655.3291015625
D_summarized_ESN_plus_thermal,1,50C__aluminum_trial_2,50C,50.0,aluminum,2,23958.09466547789,12088.8544921875
D_summarized_ESN_plus_thermal,1,50C__aluminum_trial_3,50C,50.0,aluminum,3,23958.09466547789,15926.352213541666
D_summarized_ESN_plus_thermal,1,50C__aluminum_trial_4,50C,50.0,aluminum,4,23958.09466547789,20154.407552083332
D_summarized_ESN_plus_thermal,1,50C__aluminum_trial_5,50C,50.0,aluminum,5,23958.09466547789,12732.012369791666
D_summarized_ESN_plus_thermal,1,50C__aluminum_trial_6,50C,50.0,aluminum,6,23958.09466547789,20929.619140625
D_summarized_ESN_plus_thermal,1,60C__aluminum_trial_1,60C,60.0,aluminum,1,23958.09466547789,16351.218424479166
D_summarized_ESN_plus_thermal,1,60C__aluminum_trial_2,60C,60.0,aluminum,2,23958.09466547789,15065.4248046875
D_summarized_ESN_plus_thermal,1,60C__aluminum_trial_3,60C,60.0,aluminum,3,23958.09466547789,11088.2568359375
D_summarized_ESN_plus_thermal,1,60C__aluminum_trial_4,60C,60.0,aluminum,4,23958.09466547789,15809.927083333334
D_summarized_ESN_plus_thermal,1,60C__aluminum_trial_5,60C,60.0,aluminum,5,23958.09466547789,15189.466471354166
D_summarized_ESN_plus_thermal,1,60C__aluminum_trial_6,60C,60.0,aluminum,6,23958.09466547789,20681.712890625
E_thermal_features_only,1,30C__aluminum_trial_1,30C,30.0,aluminum,1,23958.09466547789,17104.0615234375
E_thermal_features_only,1,30C__aluminum_trial_2,30C,30.0,aluminum,2,23958.09466547789,17383.935546875
E_thermal_features_only,1,30C__aluminum_trial_3,30C,30.0,aluminum,3,23958.09466547789,7362.960123697917
E_thermal_features_only,1,30C__aluminum_trial_4,30C,30.0,aluminum,4,23958.09466547789,20670.951822916668
E_thermal_features_only,1,30C__aluminum_trial_5,30C,30.0,aluminum,5,23958.09466547789,19889.214192708332
E_thermal_features_only,1,30C__aluminum_trial_6,30C,30.0,aluminum,6,23958.09466547789,9120.751302083334
E_thermal_features_only,1,40C__aluminum_trial_1,40C,40.0,aluminum,1,23958.09466547789,20327.354817708332
E_thermal_features_only,1,40C__aluminum_trial_2,40C,40.0,aluminum,2,23958.09466547789,10524.714518229166
E_thermal_features_only,1,40C__aluminum_trial_3,40C,40.0,aluminum,3,23958.09466547789,20217.231770833332
E_thermal_features_only,1,40C__aluminum_trial_4,40C,40.0,aluminum,4,23958.09466547789,11466.643880208334
E_thermal_features_only,1,40C__aluminum_trial_5,40C,40.0,aluminum,5,23958.09466547789,11698.85546875
E_thermal_features_only,1,40C__aluminum_trial_6,40C,40.0,aluminum,6,23958.09466547789,9165.663411458334
E_thermal_features_only,1,50C__aluminum_trial_1,50C,50.0,aluminum,1,23958.09466547789,16585.192057291668
E_thermal_features_only,1,50C__aluminum_trial_2,50C,50.0,aluminum,2,23958.09466547789,8644.567708333334
E_thermal_features_only,1,50C__aluminum_trial_3,50C,50.0,aluminum,3,23958.09466547789,8480.633951822916
E_thermal_features_only,1,50C__aluminum_trial_4,50C,50.0,aluminum,4,23958.09466547789,18584.765625
E_thermal_features_only,1,50C__aluminum_trial_5,50C,50.0,aluminum,5,23958.09466547789,12443.001627604166
E_thermal_features_only,1,50C__aluminum_trial_6,50C,50.0,aluminum,6,23958.09466547789,19969.925130208332
E_thermal_features_only,1,60C__aluminum_trial_1,60C,60.0,aluminum,1,23958.09466547789,24796.992838541668
E_thermal_features_only,1,60C__aluminum_trial_2,60C,60.0,aluminum,2,23958.09466547789,21898.625
E_thermal_features_only,1,60C__aluminum_trial_3,60C,60.0,aluminum,3,23958.09466547789,17751.334635416668
E_thermal_features_only,1,60C__aluminum_trial_4,60C,60.0,aluminum,4,23958.09466547789,22885.569010416668
E_thermal_features_only,1,60C__aluminum_trial_5,60C,60.0,aluminum,5,23958.09466547789,25902.363932291668
E_thermal_features_only,1,60C__aluminum_trial_6,60C,60.0,aluminum,6,23958.09466547789,19244.34765625
F_optimized_summarized_ESN,1,30C__aluminum_trial_1,30C,30.0,aluminum,1,23958.09466547789,11397.392740885416
F_optimized_summarized_ESN,1,30C__aluminum_trial_2,30C,30.0,aluminum,2,23958.09466547789,13590.357096354166
F_optimized_summarized_ESN,1,30C__aluminum_trial_3,30C,30.0,aluminum,3,23958.09466547789,10857.0341796875
F_optimized_summarized_ESN,1,30C__aluminum_trial_4,30C,30.0,aluminum,4,23958.09466547789,12641.769856770834
F_optimized_summarized_ESN,1,30C__aluminum_trial_5,30C,30.0,aluminum,5,23958.09466547789,11164.568684895834
F_optimized_summarized_ESN,1,30C__aluminum_trial_6,30C,30.0,aluminum,6,23958.09466547789,15450.540690104166
F_optimized_summarized_ESN,1,40C__aluminum_trial_1,40C,40.0,aluminum,1,23958.09466547789,17046.521484375
F_optimized_summarized_ESN,1,40C__aluminum_trial_2,40C,40.0,aluminum,2,23958.09466547789,7674.13623046875
F_optimized_summarized_ESN,1,40C__aluminum_trial_3,40C,40.0,aluminum,3,23958.09466547789,25537.850911458332
F_optimized_summarized_ESN,1,40C__aluminum_trial_4,40C,40.0,aluminum,4,23958.09466547789,12445.356119791666
F_optimized_summarized_ESN,1,40C__aluminum_trial_5,40C,40.0,aluminum,5,23958.09466547789,11184.459309895834
F_optimized_summarized_ESN,1,40C__aluminum_trial_6,40C,40.0,aluminum,6,23958.09466547789,10544.818359375
F_optimized_summarized_ESN,1,50C__aluminum_trial_1,50C,50.0,aluminum,1,23958.09466547789,15625.376627604166
F_optimized_summarized_ESN,1,50C__aluminum_trial_2,50C,50.0,aluminum,2,23958.09466547789,11689.682942708334
F_optimized_summarized_ESN,1,50C__aluminum_trial_3,50C,50.0,aluminum,3,23958.09466547789,16257.749348958334
F_optimized_summarized_ESN,1,50C__aluminum_trial_4,50C,50.0,aluminum,4,23958.09466547789,17908.601236979168
F_optimized_summarized_ESN,1,50C__aluminum_trial_5,50C,50.0,aluminum,5,23958.09466547789,12467.222005208334
F_optimized_summarized_ESN,1,50C__aluminum_trial_6,50C,50.0,aluminum,6,23958.09466547789,20597.5849609375
F_optimized_summarized_ESN,1,60C__aluminum_trial_1,60C,60.0,aluminum,1,23958.09466547789,14669.993815104166
F_optimized_summarized_ESN,1,60C__aluminum_trial_2,60C,60.0,aluminum,2,23958.09466547789,14431.0732421875
F_optimized_summarized_ESN,1,60C__aluminum_trial_3,60C,60.0,aluminum,3,23958.09466547789,10891.441731770834
F_optimized_summarized_ESN,1,60C__aluminum_trial_4,60C,60.0,aluminum,4,23958.09466547789,14445.890950520834
F_optimized_summarized_ESN,1,60C__aluminum_trial_5,60C,60.0,aluminum,5,23958.09466547789,15335.5419921875
F_optimized_summarized_ESN,1,60C__aluminum_trial_6,60C,60.0,aluminum,6,23958.09466547789,18818.6181640625
G_optimized_summarized_ESN_plus_thermal,1,30C__aluminum_trial_1,30C,30.0,aluminum,1,23958.09466547789,16757.352213541668
G_optimized_summarized_ESN_plus_thermal,1,30C__aluminum_trial_2,30C,30.0,aluminum,2,23958.09466547789,18991.619466145832
G_optimized_summarized_ESN_plus_thermal,1,30C__aluminum_trial_3,30C,30.0,aluminum,3,23958.09466547789,7625.368977864583
G_optimized_summarized_ESN_plus_thermal,1,30C__aluminum_trial_4,30C,30.0,aluminum,4,23958.09466547789,16762.353841145832
G_optimized_summarized_ESN_plus_thermal,1,30C__aluminum_trial_5,30C,30.0,aluminum,5,23958.09466547789,10297.417805989584
G_optimized_summarized_ESN_plus_thermal,1,30C__aluminum_trial_6,30C,30.0,aluminum,6,23958.09466547789,9248.58837890625
G_optimized_summarized_ESN_plus_thermal,1,40C__aluminum_trial_1,40C,40.0,aluminum,1,23958.09466547789,22841.771484375
G_optimized_summarized_ESN_plus_thermal,1,40C__aluminum_trial_2,40C,40.0,aluminum,2,23958.09466547789,9876.4912109375
G_optimized_summarized_ESN_plus_thermal,1,40C__aluminum_trial_3,40C,40.0,aluminum,3,23958.09466547789,32785.63797159918
G_optimized_summarized_ESN_plus_thermal,1,40C__aluminum_trial_4,40C,40.0,aluminum,4,23958.09466547789,14134.718424479166
G_optimized_summarized_ESN_plus_thermal,1,40C__aluminum_trial_5,40C,40.0,aluminum,5,23958.09466547789,11011.730794270834
G_optimized_summarized_ESN_plus_thermal,1,40C__aluminum_trial_6,40C,40.0,aluminum,6,23958.09466547789,10185.587565104166
G_optimized_summarized_ESN_plus_thermal,1,50C__aluminum_trial_1,50C,50.0,aluminum,1,23958.09466547789,13697.256510416666
G_optimized_summarized_ESN_plus_thermal,1,50C__aluminum_trial_2,50C,50.0,aluminum,2,23958.09466547789,11577.3740234375
G_optimized_summarized_ESN_plus_thermal,1,50C__aluminum_trial_3,50C,50.0,aluminum,3,23958.09466547789,14916.619791666666
G_optimized_summarized_ESN_plus_thermal,1,50C__aluminum_trial_4,50C,50.0,aluminum,4,23958.09466547789,20015.1328125
G_optimized_summarized_ESN_plus_thermal,1,50C__aluminum_trial_5,50C,50.0,aluminum,5,23958.09466547789,11040.064778645834
G_optimized_summarized_ESN_plus_thermal,1,50C__aluminum_trial_6,50C,50.0,aluminum,6,23958.09466547789,22064.020182291668
G_optimized_summarized_ESN_plus_thermal,1,60C__aluminum_trial_1,60C,60.0,aluminum,1,23958.09466547789,17614.8525390625
G_optimized_summarized_ESN_plus_thermal,1,60C__aluminum_trial_2,60C,60.0,aluminum,2,23958.09466547789,17426.367838541668
G_optimized_summarized_ESN_plus_thermal,1,60C__aluminum_trial_3,60C,60.0,aluminum,3,23958.09466547789,12944.164713541666
G_optimized_summarized_ESN_plus_thermal,1,60C__aluminum_trial_4,60C,60.0,aluminum,4,23958.09466547789,15772.828776041666
G_optimized_summarized_ESN_plus_thermal,1,60C__aluminum_trial_5,60C,60.0,aluminum,5,23958.09466547789,18060.309895833332
G_optimized_summarized_ESN_plus_thermal,1,60C__aluminum_trial_6,60C,60.0,aluminum,6,23958.09466547789,19234.9140625
A_raw_ESN_states,2,30C__bismuth_trial_1,30C,30.0,bismuth,1,3209.1026783199068,10430.6064453125
A_raw_ESN_states,2,30C__bismuth_trial_2,30C,30.0,bismuth,2,3209.1026783199068,3790.9129231770835
A_raw_ESN_states,2,30C__bismuth_trial_3,30C,30.0,bismuth,3,3209.1026783199068,3769.4698893229165
A_raw_ESN_states,2,30C__bismuth_trial_4,30C,30.0,bismuth,4,3209.1026783199068,6953.276204427083
A_raw_ESN_states,2,30C__bismuth_trial_5,30C,30.0,bismuth,5,3209.1026783199068,2700.7998046875
A_raw_ESN_states,2,30C__bismuth_trial_6,30C,30.0,bismuth,6,3209.1026783199068,10143.949544270834
A_raw_ESN_states,2,40C__bismuth_trial_1,40C,40.0,bismuth,1,3209.1026783199068,10929.2177734375
A_raw_ESN_states,2,40C__bismuth_trial_2,40C,40.0,bismuth,2,3209.1026783199068,16873.736328125
A_raw_ESN_states,2,40C__bismuth_trial_3,40C,40.0,bismuth,3,3209.1026783199068,7902.1083984375
A_raw_ESN_states,2,40C__bismuth_trial_4,40C,40.0,bismuth,4,3209.1026783199068,14128.054036458334
A_raw_ESN_states,2,40C__bismuth_trial_5,40C,40.0,bismuth,5,3209.1026783199068,10727.653971354166
A_raw_ESN_states,2,40C__bismuth_trial_6,40C,40.0,bismuth,6,3209.1026783199068,13756.5654296875
A_raw_ESN_states,2,50C__bismuth_trial_1,50C,50.0,bismuth,1,3209.1026783199068,12196.726236979166
A_raw_ESN_states,2,50C__bismuth_trial_2,50C,50.0,bismuth,2,3209.1026783199068,11484.8818359375
A_raw_ESN_states,2,50C__bismuth_trial_3,50C,50.0,bismuth,3,3209.1026783199068,15647.374674479166
A_raw_ESN_states,2,50C__bismuth_trial_4,50C,50.0,bismuth,4,3209.1026783199068,10000.196614583334
A_raw_ESN_states,2,50C__bismuth_trial_5,50C,50.0,bismuth,5,3209.1026783199068,13381.604166666666
A_raw_ESN_states,2,50C__bismuth_trial_6,50C,50.0,bismuth,6,3209.1026783199068,19840.036458333332
A_raw_ESN_states,2,60C__bismuth_trial_1,60C,60.0,bismuth,1,3209.1026783199068,14364.349609375
A_raw_ESN_states,2,60C__bismuth_trial_2,60C,60.0,bismuth,2,3209.1026783199068,13022.5390625
A_raw_ESN_states,2,60C__bismuth_trial_3,60C,60.0,bismuth,3,3209.1026783199068,15260.219401041666
A_raw_ESN_states,2,60C__bismuth_trial_4,60C,60.0,bismuth,4,3209.1026783199068,13665.5859375
A_raw_ESN_states,2,60C__bismuth_trial_5,60C,60.0,bismuth,5,3209.1026783199068,14509.173828125
A_raw_ESN_states,2,60C__bismuth_trial_6,60C,60.0,bismuth,6,3209.1026783199068,12353.981119791666
B_summarized_ESN_states,2,30C__bismuth_trial_1,30C,30.0,bismuth,1,3209.1026783199068,9835.666015625
B_summarized_ESN_states,2,30C__bismuth_trial_2,30C,30.0,bismuth,2,3209.1026783199068,2586.5787556966147
B_summarized_ESN_states,2,30C__bismuth_trial_3,30C,30.0,bismuth,3,3209.1026783199068,2187.133056640625
B_summarized_ESN_states,2,30C__bismuth_trial_4,30C,30.0,bismuth,4,3209.1026783199068,7348.205240885417
B_summarized_ESN_states,2,30C__bismuth_trial_5,30C,30.0,bismuth,5,3209.1026783199068,4304.671061197917
B_summarized_ESN_states,2,30C__bismuth_trial_6,30C,30.0,bismuth,6,3209.1026783199068,9659.952473958334
B_summarized_ESN_states,2,40C__bismuth_trial_1,40C,40.0,bismuth,1,3209.1026783199068,13709.265299479166
B_summarized_ESN_states,2,40C__bismuth_trial_2,40C,40.0,bismuth,2,3209.1026783199068,12874.769856770834
B_summarized_ESN_states,2,40C__bismuth_trial_3,40C,40.0,bismuth,3,3209.1026783199068,7552.020345052083
B_summarized_ESN_states,2,40C__bismuth_trial_4,40C,40.0,bismuth,4,3209.1026783199068,11517.357096354166
B_summarized_ESN_states,2,40C__bismuth_trial_5,40C,40.0,bismuth,5,3209.1026783199068,9735.0498046875
B_summarized_ESN_states,2,40C__bismuth_trial_6,40C,40.0,bismuth,6,3209.1026783199068,11654.684895833334
B_summarized_ESN_states,2,50C__bismuth_trial_1,50C,50.0,bismuth,1,3209.1026783199068,9111.740885416666
B_summarized_ESN_states,2,50C__bismuth_trial_2,50C,50.0,bismuth,2,3209.1026783199068,15822.215169270834
B_summarized_ESN_states,2,50C__bismuth_trial_3,50C,50.0,bismuth,3,3209.1026783199068,17786.525390625
B_summarized_ESN_states,2,50C__bismuth_trial_4,50C,50.0,bismuth,4,3209.1026783199068,16938.609049479168
B_summarized_ESN_states,2,50C__bismuth_trial_5,50C,50.0,bismuth,5,3209.1026783199068,16563.293619791668
B_summarized_ESN_states,2,50C__bismuth_trial_6,50C,50.0,bismuth,6,3209.1026783199068,13771.447265625
B_summarized_ESN_states,2,60C__bismuth_trial_1,60C,60.0,bismuth,1,3209.1026783199068,10965.685546875
B_summarized_ESN_states,2,60C__bismuth_trial_2,60C,60.0,bismuth,2,3209.1026783199068,9948.666666666666
B_summarized_ESN_states,2,60C__bismuth_trial_3,60C,60.0,bismuth,3,3209.1026783199068,11896.6767578125
B_summarized_ESN_states,2,60C__bismuth_trial_4,60C,60.0,bismuth,4,3209.1026783199068,18230.08203125
B_summarized_ESN_states,2,60C__bismuth_trial_5,60C,60.0,bismuth,5,3209.1026783199068,10892.532877604166
B_summarized_ESN_states,2,60C__bismuth_trial_6,60C,60.0,bismuth,6,3209.1026783199068,17568.794921875
C_raw_ESN_plus_thermal,2,30C__bismuth_trial_1,30C,30.0,bismuth,1,3209.1026783199068,7947.325846354167
C_raw_ESN_plus_thermal,2,30C__bismuth_trial_2,30C,30.0,bismuth,2,3209.1026783199068,8229.421223958334
C_raw_ESN_plus_thermal,2,30C__bismuth_trial_3,30C,30.0,bismuth,3,3209.1026783199068,5532.129231770833
C_raw_ESN_plus_thermal,2,30C__bismuth_trial_4,30C,30.0,bismuth,4,3209.1026783199068,11086.335286458334
C_raw_ESN_plus_thermal,2,30C__bismuth_trial_5,30C,30.0,bismuth,5,3209.1026783199068,4256.56884765625
C_raw_ESN_plus_thermal,2,30C__bismuth_trial_6,30C,30.0,bismuth,6,3209.1026783199068,12650.660481770834
C_raw_ESN_plus_thermal,2,40C__bismuth_trial_1,40C,40.0,bismuth,1,3209.1026783199068,11027.688802083334
C_raw_ESN_plus_thermal,2,40C__bismuth_trial_2,40C,40.0,bismuth,2,3209.1026783199068,17447.1015625
C_raw_ESN_plus_thermal,2,40C__bismuth_trial_3,40C,40.0,bismuth,3,3209.1026783199068,7907.296875
C_raw_ESN_plus_thermal,2,40C__bismuth_trial_4,40C,40.0,bismuth,4,3209.1026783199068,13535.6796875
C_raw_ESN_plus_thermal,2,40C__bismuth_trial_5,40C,40.0,bismuth,5,3209.1026783199068,12794.180989583334
C_raw_ESN_plus_thermal,2,40C__bismuth_trial_6,40C,40.0,bismuth,6,3209.1026783199068,13458.891927083334
C_raw_ESN_plus_thermal,2,50C__bismuth_trial_1,50C,50.0,bismuth,1,3209.1026783199068,11770.3701171875
C_raw_ESN_plus_thermal,2,50C__bismuth_trial_2,50C,50.0,bismuth,2,3209.1026783199068,15881.427408854166
C_raw_ESN_plus_thermal,2,50C__bismuth_trial_3,50C,50.0,bismuth,3,3209.1026783199068,16118.119791666666
C_raw_ESN_plus_thermal,2,50C__bismuth_trial_4,50C,50.0,bismuth,4,3209.1026783199068,10572.491536458334
C_raw_ESN_plus_thermal,2,50C__bismuth_trial_5,50C,50.0,bismuth,5,3209.1026783199068,11967.457682291666
C_raw_ESN_plus_thermal,2,50C__bismuth_trial_6,50C,50.0,bismuth,6,3209.1026783199068,18323.738932291668
C_raw_ESN_plus_thermal,2,60C__bismuth_trial_1,60C,60.0,bismuth,1,3209.1026783199068,14311.443684895834
C_raw_ESN_plus_thermal,2,60C__bismuth_trial_2,60C,60.0,bismuth,2,3209.1026783199068,14321.658854166666
C_raw_ESN_plus_thermal,2,60C__bismuth_trial_3,60C,60.0,bismuth,3,3209.1026783199068,14673.796549479166
C_raw_ESN_plus_thermal,2,60C__bismuth_trial_4,60C,60.0,bismuth,4,3209.1026783199068,14316.181315104166
C_raw_ESN_plus_thermal,2,60C__bismuth_trial_5,60C,60.0,bismuth,5,3209.1026783199068,14194.978515625
C_raw_ESN_plus_thermal,2,60C__bismuth_trial_6,60C,60.0,bismuth,6,3209.1026783199068,12609.849609375
D_summarized_ESN_plus_thermal,2,30C__bismuth_trial_1,30C,30.0,bismuth,1,3209.1026783199068,9091.569173177084
D_summarized_ESN_plus_thermal,2,30C__bismuth_trial_2,30C,30.0,bismuth,2,3209.1026783199068,7366.7587890625
D_summarized_ESN_plus_thermal,2,30C__bismuth_trial_3,30C,30.0,bismuth,3,3209.1026783199068,5333.523274739583
D_summarized_ESN_plus_thermal,2,30C__bismuth_trial_4,30C,30.0,bismuth,4,3209.1026783199068,10443.1337890625
D_summarized_ESN_plus_thermal,2,30C__bismuth_trial_5,30C,30.0,bismuth,5,3209.1026783199068,7329.927083333333
D_summarized_ESN_plus_thermal,2,30C__bismuth_trial_6,30C,30.0,bismuth,6,3209.1026783199068,9917.398111979166
D_summarized_ESN_plus_thermal,2,40C__bismuth_trial_1,40C,40.0,bismuth,1,3209.1026783199068,14011.877604166666
D_summarized_ESN_plus_thermal,2,40C__bismuth_trial_2,40C,40.0,bismuth,2,3209.1026783199068,13211.858072916666
D_summarized_ESN_plus_thermal,2,40C__bismuth_trial_3,40C,40.0,bismuth,3,3209.1026783199068,7947.933837890625
D_summarized_ESN_plus_thermal,2,40C__bismuth_trial_4,40C,40.0,bismuth,4,3209.1026783199068,12010.311848958334
D_summarized_ESN_plus_thermal,2,40C__bismuth_trial_5,40C,40.0,bismuth,5,3209.1026783199068,13215.234375
D_summarized_ESN_plus_thermal,2,40C__bismuth_trial_6,40C,40.0,bismuth,6,3209.1026783199068,13647.554036458334
D_summarized_ESN_plus_thermal,2,50C__bismuth_trial_1,50C,50.0,bismuth,1,3209.1026783199068,9781.364583333334
D_summarized_ESN_plus_thermal,2,50C__bismuth_trial_2,50C,50.0,bismuth,2,3209.1026783199068,12947.594401041666
D_summarized_ESN_plus_thermal,2,50C__bismuth_trial_3,50C,50.0,bismuth,3,3209.1026783199068,18187.978190104168
D_summarized_ESN_plus_thermal,2,50C__bismuth_trial_4,50C,50.0,bismuth,4,3209.1026783199068,14622.994140625
D_summarized_ESN_plus_thermal,2,50C__bismuth_trial_5,50C,50.0,bismuth,5,3209.1026783199068,14493.244466145834
D_summarized_ESN_plus_thermal,2,50C__bismuth_trial_6,50C,50.0,bismuth,6,3209.1026783199068,11795.3251953125
D_summarized_ESN_plus_thermal,2,60C__bismuth_trial_1,60C,60.0,bismuth,1,3209.1026783199068,11712.679036458334
D_summarized_ESN_plus_thermal,2,60C__bismuth_trial_2,60C,60.0,bismuth,2,3209.1026783199068,10418.602213541666
D_summarized_ESN_plus_thermal,2,60C__bismuth_trial_3,60C,60.0,bismuth,3,3209.1026783199068,11993.247395833334
D_summarized_ESN_plus_thermal,2,60C__bismuth_trial_4,60C,60.0,bismuth,4,3209.1026783199068,16301.050455729166
D_summarized_ESN_plus_thermal,2,60C__bismuth_trial_5,60C,60.0,bismuth,5,3209.1026783199068,10661.507486979166
D_summarized_ESN_plus_thermal,2,60C__bismuth_trial_6,60C,60.0,bismuth,6,3209.1026783199068,17435.2607421875
E_thermal_features_only,2,30C__bismuth_trial_1,30C,30.0,bismuth,1,3209.1026783199068,3750.9102376302085
E_thermal_features_only,2,30C__bismuth_trial_2,30C,30.0,bismuth,2,3209.1026783199068,6708.213541666667
E_thermal_features_only,2,30C__bismuth_trial_3,30C,30.0,bismuth,3,3209.1026783199068,7374.853190104167
E_thermal_features_only,2,30C__bismuth_trial_4,30C,30.0,bismuth,4,3209.1026783199068,9449.662760416666
E_thermal_features_only,2,30C__bismuth_trial_5,30C,30.0,bismuth,5,3209.1026783199068,4877.800455729167
E_thermal_features_only,2,30C__bismuth_trial_6,30C,30.0,bismuth,6,3209.1026783199068,13288.958658854166
E_thermal_features_only,2,40C__bismuth_trial_1,40C,40.0,bismuth,1,3209.1026783199068,18209.75
E_thermal_features_only,2,40C__bismuth_trial_2,40C,40.0,bismuth,2,3209.1026783199068,14471.940104166666
E_thermal_features_only,2,40C__bismuth_trial_3,40C,40.0,bismuth,3,3209.1026783199068,12699.144856770834
E_thermal_features_only,2,40C__bismuth_trial_4,40C,40.0,bismuth,4,3209.1026783199068,15265.544596354166
E_thermal_features_only,2,40C__bismuth_trial_5,40C,40.0,bismuth,5,3209.1026783199068,13888.000651041666
E_thermal_features_only,2,40C__bismuth_trial_6,40C,40.0,bismuth,6,3209.1026783199068,16848.25
E_thermal_features_only,2,50C__bismuth_trial_1,50C,50.0,bismuth,1,3209.1026783199068,13386.3056640625
E_thermal_features_only,2,50C__bismuth_trial_2,50C,50.0,bismuth,2,3209.1026783199068,14147.268229166666
E_thermal_features_only,2,50C__bismuth_trial_3,50C,50.0,bismuth,3,3209.1026783199068,13801.314453125
E_thermal_features_only,2,50C__bismuth_trial_4,50C,50.0,bismuth,4,3209.1026783199068,12163.227213541666
E_thermal_features_only,2,50C__bismuth_trial_5,50C,50.0,bismuth,5,3209.1026783199068,12939.566080729166
E_thermal_features_only,2,50C__bismuth_trial_6,50C,50.0,bismuth,6,3209.1026783199068,16043.6650390625
E_thermal_features_only,2,60C__bismuth_trial_1,60C,60.0,bismuth,1,3209.1026783199068,13113.441731770834
E_thermal_features_only,2,60C__bismuth_trial_2,60C,60.0,bismuth,2,3209.1026783199068,13091.483723958334
E_thermal_features_only,2,60C__bismuth_trial_3,60C,60.0,bismuth,3,3209.1026783199068,12845.526692708334
E_thermal_features_only,2,60C__bismuth_trial_4,60C,60.0,bismuth,4,3209.1026783199068,10308.330729166666
E_thermal_features_only,2,60C__bismuth_trial_5,60C,60.0,bismuth,5,3209.1026783199068,9645.014973958334
E_thermal_features_only,2,60C__bismuth_trial_6,60C,60.0,bismuth,6,3209.1026783199068,13827.184244791666
F_optimized_summarized_ESN,2,30C__bismuth_trial_1,30C,30.0,bismuth,1,3209.1026783199068,10246.122233072916
F_optimized_summarized_ESN,2,30C__bismuth_trial_2,30C,30.0,bismuth,2,3209.1026783199068,2084.7640584309897
F_optimized_summarized_ESN,2,30C__bismuth_trial_3,30C,30.0,bismuth,3,3209.1026783199068,1671.9689331054688
F_optimized_summarized_ESN,2,30C__bismuth_trial_4,30C,30.0,bismuth,4,3209.1026783199068,7754.929850260417
F_optimized_summarized_ESN,2,30C__bismuth_trial_5,30C,30.0,bismuth,5,3209.1026783199068,4289.42138671875
F_optimized_summarized_ESN,2,30C__bismuth_trial_6,30C,30.0,bismuth,6,3209.1026783199068,8687.442220052084
F_optimized_summarized_ESN,2,40C__bismuth_trial_1,40C,40.0,bismuth,1,3209.1026783199068,14991.054361979166
F_optimized_summarized_ESN,2,40C__bismuth_trial_2,40C,40.0,bismuth,2,3209.1026783199068,14458.2314453125
F_optimized_summarized_ESN,2,40C__bismuth_trial_3,40C,40.0,bismuth,3,3209.1026783199068,10530.23779296875
F_optimized_summarized_ESN,2,40C__bismuth_trial_4,40C,40.0,bismuth,4,3209.1026783199068,11828.218098958334
F_optimized_summarized_ESN,2,40C__bismuth_trial_5,40C,40.0,bismuth,5,3209.1026783199068,12229.478190104166
F_optimized_summarized_ESN,2,40C__bismuth_trial_6,40C,40.0,bismuth,6,3209.1026783199068,11504.751627604166
F_optimized_summarized_ESN,2,50C__bismuth_trial_1,50C,50.0,bismuth,1,3209.1026783199068,10574.9716796875
F_optimized_summarized_ESN,2,50C__bismuth_trial_2,50C,50.0,bismuth,2,3209.1026783199068,14278.8447265625
F_optimized_summarized_ESN,2,50C__bismuth_trial_3,50C,50.0,bismuth,3,3209.1026783199068,16631.1455078125
F_optimized_summarized_ESN,2,50C__bismuth_trial_4,50C,50.0,bismuth,4,3209.1026783199068,17435.462890625
F_optimized_summarized_ESN,2,50C__bismuth_trial_5,50C,50.0,bismuth,5,3209.1026783199068,16109.6640625
F_optimized_summarized_ESN,2,50C__bismuth_trial_6,50C,50.0,bismuth,6,3209.1026783199068,12698.9677734375
F_optimized_summarized_ESN,2,60C__bismuth_trial_1,60C,60.0,bismuth,1,3209.1026783199068,11284.163736979166
F_optimized_summarized_ESN,2,60C__bismuth_trial_2,60C,60.0,bismuth,2,3209.1026783199068,11103.827473958334
F_optimized_summarized_ESN,2,60C__bismuth_trial_3,60C,60.0,bismuth,3,3209.1026783199068,13029.185872395834
F_optimized_summarized_ESN,2,60C__bismuth_trial_4,60C,60.0,bismuth,4,3209.1026783199068,20797.692057291668
F_optimized_summarized_ESN,2,60C__bismuth_trial_5,60C,60.0,bismuth,5,3209.1026783199068,10198.23828125
F_optimized_summarized_ESN,2,60C__bismuth_trial_6,60C,60.0,bismuth,6,3209.1026783199068,18849.349609375
G_optimized_summarized_ESN_plus_thermal,2,30C__bismuth_trial_1,30C,30.0,bismuth,1,3209.1026783199068,14073.117513020834
G_optimized_summarized_ESN_plus_thermal,2,30C__bismuth_trial_2,30C,30.0,bismuth,2,3209.1026783199068,3399.9783528645835
G_optimized_summarized_ESN_plus_thermal,2,30C__bismuth_trial_3,30C,30.0,bismuth,3,3209.1026783199068,2184.0908203125
G_optimized_summarized_ESN_plus_thermal,2,30C__bismuth_trial_4,30C,30.0,bismuth,4,3209.1026783199068,6432.353597005208
G_optimized_summarized_ESN_plus_thermal,2,30C__bismuth_trial_5,30C,30.0,bismuth,5,3209.1026783199068,5535.709228515625
G_optimized_summarized_ESN_plus_thermal,2,30C__bismuth_trial_6,30C,30.0,bismuth,6,3209.1026783199068,9875.999348958334
G_optimized_summarized_ESN_plus_thermal,2,40C__bismuth_trial_1,40C,40.0,bismuth,1,3209.1026783199068,16027.388997395834
G_optimized_summarized_ESN_plus_thermal,2,40C__bismuth_trial_2,40C,40.0,bismuth,2,3209.1026783199068,13841.273763020834
G_optimized_summarized_ESN_plus_thermal,2,40C__bismuth_trial_3,40C,40.0,bismuth,3,3209.1026783199068,10859.191243489584
G_optimized_summarized_ESN_plus_thermal,2,40C__bismuth_trial_4,40C,40.0,bismuth,4,3209.1026783199068,12827.625325520834
G_optimized_summarized_ESN_plus_thermal,2,40C__bismuth_trial_5,40C,40.0,bismuth,5,3209.1026783199068,15453.738932291666
G_optimized_summarized_ESN_plus_thermal,2,40C__bismuth_trial_6,40C,40.0,bismuth,6,3209.1026783199068,13253.130533854166
G_optimized_summarized_ESN_plus_thermal,2,50C__bismuth_trial_1,50C,50.0,bismuth,1,3209.1026783199068,10720.6923828125
G_optimized_summarized_ESN_plus_thermal,2,50C__bismuth_trial_2,50C,50.0,bismuth,2,3209.1026783199068,14495.159830729166
G_optimized_summarized_ESN_plus_thermal,2,50C__bismuth_trial_3,50C,50.0,bismuth,3,3209.1026783199068,18146.7578125
G_optimized_summarized_ESN_plus_thermal,2,50C__bismuth_trial_4,50C,50.0,bismuth,4,3209.1026783199068,15954.252604166666
G_optimized_summarized_ESN_plus_thermal,2,50C__bismuth_trial_5,50C,50.0,bismuth,5,3209.1026783199068,15633.450520833334
G_optimized_summarized_ESN_plus_thermal,2,50C__bismuth_trial_6,50C,50.0,bismuth,6,3209.1026783199068,12586.179361979166
G_optimized_summarized_ESN_plus_thermal,2,60C__bismuth_trial_1,60C,60.0,bismuth,1,3209.1026783199068,10803.455729166666
G_optimized_summarized_ESN_plus_thermal,2,60C__bismuth_trial_2,60C,60.0,bismuth,2,3209.1026783199068,9805.9775390625
G_optimized_summarized_ESN_plus_thermal,2,60C__bismuth_trial_3,60C,60.0,bismuth,3,3209.1026783199068,10756.24609375
G_optimized_summarized_ESN_plus_thermal,2,60C__bismuth_trial_4,60C,60.0,bismuth,4,3209.1026783199068,15926.447591145834
G_optimized_summarized_ESN_plus_thermal,2,60C__bismuth_trial_5,60C,60.0,bismuth,5,3209.1026783199068,9651.216796875
G_optimized_summarized_ESN_plus_thermal,2,60C__bismuth_trial_6,60C,60.0,bismuth,6,3209.1026783199068,15022.9765625
A_raw_ESN_states,3,30C__cement_trial_1,30C,30.0,cement,1,559.6427431853289,487.1305847167969
A_raw_ESN_states,3,30C__cement_trial_2,30C,30.0,cement,2,559.6427431853289,435.14036051432294
A_raw_ESN_states,3,30C__cement_trial_3,30C,30.0,cement,3,559.6427431853289,314.66357421875
A_raw_ESN_states,3,30C__cement_trial_4,30C,30.0,cement,4,559.6427431853289,514.929433186849
A_raw_ESN_states,3,30C__cement_trial_5,30C,30.0,cement,5,559.6427431853289,612.6669921875
A_raw_ESN_states,3,30C__cement_trial_6,30C,30.0,cement,6,559.6427431853289,620.7704874674479
A_raw_ESN_states,3,40C__cement_trial_1,40C,40.0,cement,1,559.6427431853289,344.39097086588544
A_raw_ESN_states,3,40C__cement_trial_2,40C,40.0,cement,2,559.6427431853289,346.3641408284505
A_raw_ESN_states,3,40C__cement_trial_3,40C,40.0,cement,3,559.6427431853289,394.95362345377606
A_raw_ESN_states,3,40C__cement_trial_4,40C,40.0,cement,4,559.6427431853289,1947.6275227864583
A_raw_ESN_states,3,40C__cement_trial_5,40C,40.0,cement,5,559.6427431853289,3221.5702311197915
A_raw_ESN_states,3,40C__cement_trial_6,40C,40.0,cement,6,559.6427431853289,791.2671305338541
A_raw_ESN_states,3,50C__cement_trial_1,50C,50.0,cement,1,559.6427431853289,393.80577596028644
A_raw_ESN_states,3,50C__cement_trial_2,50C,50.0,cement,2,559.6427431853289,329.8910725911458
A_raw_ESN_states,3,50C__cement_trial_3,50C,50.0,cement,3,559.6427431853289,506.55089314778644
A_raw_ESN_states,3,50C__cement_trial_4,50C,50.0,cement,4,559.6427431853289,306.0026346842448
A_raw_ESN_states,3,50C__cement_trial_5,50C,50.0,cement,5,559.6427431853289,653.3211873372396
A_raw_ESN_states,3,50C__cement_trial_6,50C,50.0,cement,6,559.6427431853289,677.9375508626302
A_raw_ESN_states,3,60C__cement_trial_1,60C,60.0,cement,1,559.6427431853289,13003.766276041666
A_raw_ESN_states,3,60C__cement_trial_2,60C,60.0,cement,2,559.6427431853289,4870.673014322917
A_raw_ESN_states,3,60C__cement_trial_3,60C,60.0,cement,3,559.6427431853289,9200.2890625
A_raw_ESN_states,3,60C__cement_trial_4,60C,60.0,cement,4,559.6427431853289,4589.873860677083
A_raw_ESN_states,3,60C__cement_trial_5,60C,60.0,cement,5,559.6427431853289,7177.832194010417
A_raw_ESN_states,3,60C__cement_trial_6,60C,60.0,cement,6,559.6427431853289,8042.31884765625
B_summarized_ESN_states,3,30C__cement_trial_1,30C,30.0,cement,1,559.6427431853289,380.1289774576823
B_summarized_ESN_states,3,30C__cement_trial_2,30C,30.0,cement,2,559.6427431853289,456.9517110188802
B_summarized_ESN_states,3,30C__cement_trial_3,30C,30.0,cement,3,559.6427431853289,351.41295369466144
B_summarized_ESN_states,3,30C__cement_trial_4,30C,30.0,cement,4,559.6427431853289,384.43895467122394
B_summarized_ESN_states,3,30C__cement_trial_5,30C,30.0,cement,5,559.6427431853289,499.4686787923177
B_summarized_ESN_states,3,30C__cement_trial_6,30C,30.0,cement,6,559.6427431853289,347.36464436848956
B_summarized_ESN_states,3,40C__cement_trial_1,40C,40.0,cement,1,559.6427431853289,536.3439025878906
B_summarized_ESN_states,3,40C__cement_trial_2,40C,40.0,cement,2,559.6427431853289,490.92169698079425
B_summarized_ESN_states,3,40C__cement_trial_3,40C,40.0,cement,3,559.6427431853289,505.09833272298175
B_summarized_ESN_states,3,40C__cement_trial_4,40C,40.0,cement,4,559.6427431853289,1309.789082845052
B_summarized_ESN_states,3,40C__cement_trial_5,40C,40.0,cement,5,559.6427431853289,2763.1249186197915
B_summarized_ESN_states,3,40C__cement_trial_6,40C,40.0,cement,6,559.6427431853289,452.8293762207031
B_summarized_ESN_states,3,50C__cement_trial_1,50C,50.0,cement,1,559.6427431853289,447.9750061035156
B_summarized_ESN_states,3,50C__cement_trial_2,50C,50.0,cement,2,559.6427431853289,295.7607727050781
B_summarized_ESN_states,3,50C__cement_trial_3,50C,50.0,cement,3,559.6427431853289,438.39499918619794
B_summarized_ESN_states,3,50C__cement_trial_4,50C,50.0,cement,4,559.6427431853289,345.0353546142578
B_summarized_ESN_states,3,50C__cement_trial_5,50C,50.0,cement,5,559.6427431853289,405.74623616536456
B_summarized_ESN_states,3,50C__cement_trial_6,50C,50.0,cement,6,559.6427431853289,411.69724527994794
B_summarized_ESN_states,3,60C__cement_trial_1,60C,60.0,cement,1,559.6427431853289,6571.15478515625
B_summarized_ESN_states,3,60C__cement_trial_2,60C,60.0,cement,2,559.6427431853289,5142.147623697917
B_summarized_ESN_states,3,60C__cement_trial_3,60C,60.0,cement,3,559.6427431853289,5296.294108072917
B_summarized_ESN_states,3,60C__cement_trial_4,60C,60.0,cement,4,559.6427431853289,4200.189371744792
B_summarized_ESN_states,3,60C__cement_trial_5,60C,60.0,cement,5,559.6427431853289,6131.448404947917
B_summarized_ESN_states,3,60C__cement_trial_6,60C,60.0,cement,6,559.6427431853289,3808.6559244791665
C_raw_ESN_plus_thermal,3,30C__cement_trial_1,30C,30.0,cement,1,559.6427431853289,540.2556660970052
C_raw_ESN_plus_thermal,3,30C__cement_trial_2,30C,30.0,cement,2,559.6427431853289,468.3809000651042
C_raw_ESN_plus_thermal,3,30C__cement_trial_3,30C,30.0,cement,3,559.6427431853289,303.57568359375
C_raw_ESN_plus_thermal,3,30C__cement_trial_4,30C,30.0,cement,4,559.6427431853289,466.6127217610677
C_raw_ESN_plus_thermal,3,30C__cement_trial_5,30C,30.0,cement,5,559.6427431853289,594.2642822265625
C_raw_ESN_plus_thermal,3,30C__cement_trial_6,30C,30.0,cement,6,559.6427431853289,595.974375406901
C_raw_ESN_plus_thermal,3,40C__cement_trial_1,40C,40.0,cement,1,559.6427431853289,343.7523193359375
C_raw_ESN_plus_thermal,3,40C__cement_trial_2,40C,40.0,cement,2,559.6427431853289,449.07386271158856
C_raw_ESN_plus_thermal,3,40C__cement_trial_3,40C,40.0,cement,3,559.6427431853289,383.14012654622394
C_raw_ESN_plus_thermal,3,40C__cement_trial_4,40C,40.0,cement,4,559.6427431853289,859.5755818684896
C_raw_ESN_plus_thermal,3,40C__cement_trial_5,40C,40.0,cement,5,559.6427431853289,997.3436889648438
C_raw_ESN_plus_thermal,3,40C__cement_trial_6,40C,40.0,cement,6,559.6427431853289,522.7239379882812
C_raw_ESN_plus_thermal,3,50C__cement_trial_1,50C,50.0,cement,1,559.6427431853289,351.24997965494794
C_raw_ESN_plus_thermal,3,50C__cement_trial_2,50C,50.0,cement,2,559.6427431853289,364.4048767089844
C_raw_ESN_plus_thermal,3,50C__cement_trial_3,50C,50.0,cement,3,559.6427431853289,477.0370788574219
C_raw_ESN_plus_thermal,3,50C__cement_trial_4,50C,50.0,cement,4,559.6427431853289,307.9490254720052
C_raw_ESN_plus_thermal,3,50C__cement_trial_5,50C,50.0,cement,5,559.6427431853289,853.3932495117188
C_raw_ESN_plus_thermal,3,50C__cement_trial_6,50C,50.0,cement,6,559.6427431853289,714.810791015625
C_raw_ESN_plus_thermal,3,60C__cement_trial_1,60C,60.0,cement,1,559.6427431853289,1397.994873046875
C_raw_ESN_plus_thermal,3,60C__cement_trial_2,60C,60.0,cement,2,559.6427431853289,755.2833862304688
C_raw_ESN_plus_thermal,3,60C__cement_trial_3,60C,60.0,cement,3,559.6427431853289,1067.6024373372395
C_raw_ESN_plus_thermal,3,60C__cement_trial_4,60C,60.0,cement,4,559.6427431853289,673.3738606770834
C_raw_ESN_plus_thermal,3,60C__cement_trial_5,60C,60.0,cement,5,559.6427431853289,830.7480875651041
C_raw_ESN_plus_thermal,3,60C__cement_trial_6,60C,60.0,cement,6,559.6427431853289,1010.2823893229166
D_summarized_ESN_plus_thermal,3,30C__cement_trial_1,30C,30.0,cement,1,559.6427431853289,521.7596232096354
D_summarized_ESN_plus_thermal,3,30C__cement_trial_2,30C,30.0,cement,2,559.6427431853289,455.0373229980469
D_summarized_ESN_plus_thermal,3,30C__cement_trial_3,30C,30.0,cement,3,559.6427431853289,493.02984619140625
D_summarized_ESN_plus_thermal,3,30C__cement_trial_4,30C,30.0,cement,4,559.6427431853289,512.0355326334635
D_summarized_ESN_plus_thermal,3,30C__cement_trial_5,30C,30.0,cement,5,559.6427431853289,612.7415873209635
D_summarized_ESN_plus_thermal,3,30C__cement_trial_6,30C,30.0,cement,6,559.6427431853289,486.72398885091144
D_summarized_ESN_plus_thermal,3,40C__cement_trial_1,40C,40.0,cement,1,559.6427431853289,471.9674377441406
D_summarized_ESN_plus_thermal,3,40C__cement_trial_2,40C,40.0,cement,2,559.6427431853289,490.8783874511719
D_summarized_ESN_plus_thermal,3,40C__cement_trial_3,40C,40.0,cement,3,559.6427431853289,364.6583709716797
D_summarized_ESN_plus_thermal,3,40C__cement_trial_4,40C,40.0,cement,4,559.6427431853289,708.7932535807291
D_summarized_ESN_plus_thermal,3,40C__cement_trial_5,40C,40.0,cement,5,559.6427431853289,697.4102579752604
D_summarized_ESN_plus_thermal,3,40C__cement_trial_6,40C,40.0,cement,6,559.6427431853289,357.7242838541667
D_summarized_ESN_plus_thermal,3,50C__cement_trial_1,50C,50.0,cement,1,559.6427431853289,523.273681640625
D_summarized_ESN_plus_thermal,3,50C__cement_trial_2,50C,50.0,cement,2,559.6427431853289,309.7549235026042
D_summarized_ESN_plus_thermal,3,50C__cement_trial_3,50C,50.0,cement,3,559.6427431853289,431.17287190755206
D_summarized_ESN_plus_thermal,3,50C__cement_trial_4,50C,50.0,cement,4,559.6427431853289,334.9043477376302
D_summarized_ESN_plus_thermal,3,50C__cement_trial_5,50C,50.0,cement,5,559.6427431853289,698.3187561035156
D_summarized_ESN_plus_thermal,3,50C__cement_trial_6,50C,50.0,cement,6,559.6427431853289,633.0498453776041
D_summarized_ESN_plus_thermal,3,60C__cement_trial_1,60C,60.0,cement,1,559.6427431853289,986.3046468098959
D_summarized_ESN_plus_thermal,3,60C__cement_trial_2,60C,60.0,cement,2,559.6427431853289,723.0959269205729
D_summarized_ESN_plus_thermal,3,60C__cement_trial_3,60C,60.0,cement,3,559.6427431853289,810.5496215820312
D_summarized_ESN_plus_thermal,3,60C__cement_trial_4,60C,60.0,cement,4,559.6427431853289,706.4867350260416
D_summarized_ESN_plus_thermal,3,60C__cement_trial_5,60C,60.0,cement,5,559.6427431853289,870.5062052408854
D_summarized_ESN_plus_thermal,3,60C__cement_trial_6,60C,60.0,cement,6,559.6427431853289,699.9902547200521
E_thermal_features_only,3,30C__cement_trial_1,30C,30.0,cement,1,559.6427431853289,588.9796346028646
E_thermal_features_only,3,30C__cement_trial_2,30C,30.0,cement,2,559.6427431853289,390.44080607096356
E_thermal_features_only,3,30C__cement_trial_3,30C,30.0,cement,3,559.6427431853289,517.912831624349
E_thermal_features_only,3,30C__cement_trial_4,30C,30.0,cement,4,559.6427431853289,535.8165283203125
E_thermal_features_only,3,30C__cement_trial_5,30C,30.0,cement,5,559.6427431853289,500.04774983723956
E_thermal_features_only,3,30C__cement_trial_6,30C,30.0,cement,6,559.6427431853289,534.46728515625
E_thermal_features_only,3,40C__cement_trial_1,40C,40.0,cement,1,559.6427431853289,487.8038024902344
E_thermal_features_only,3,40C__cement_trial_2,40C,40.0,cement,2,559.6427431853289,678.3734334309896
E_thermal_features_only,3,40C__cement_trial_3,40C,40.0,cement,3,559.6427431853289,514.3476155598959
E_thermal_features_only,3,40C__cement_trial_4,40C,40.0,cement,4,559.6427431853289,668.5716959635416
E_thermal_features_only,3,40C__cement_trial_5,40C,40.0,cement,5,559.6427431853289,585.0066630045573
E_thermal_features_only,3,40C__cement_trial_6,40C,40.0,cement,6,559.6427431853289,295.8302307128906
E_thermal_features_only,3,50C__cement_trial_1,50C,50.0,cement,1,559.6427431853289,371.8916015625
E_thermal_features_only,3,50C__cement_trial_2,50C,50.0,cement,2,559.6427431853289,295.10923258463544
E_thermal_features_only,3,50C__cement_trial_3,50C,50.0,cement,3,559.6427431853289,297.4961446126302
E_thermal_features_only,3,50C__cement_trial_4,50C,50.0,cement,4,559.6427431853289,302.8119710286458
E_thermal_features_only,3,50C__cement_trial_5,50C,50.0,cement,5,559.6427431853289,563.5860799153646
E_thermal_features_only,3,50C__cement_trial_6,50C,50.0,cement,6,559.6427431853289,499.0098063151042
E_thermal_features_only,3,60C__cement_trial_1,60C,60.0,cement,1,559.6427431853289,805.9139607747396
E_thermal_features_only,3,60C__cement_trial_2,60C,60.0,cement,2,559.6427431853289,517.2842305501302
E_thermal_features_only,3,60C__cement_trial_3,60C,60.0,cement,3,559.6427431853289,495.48923746744794
E_thermal_features_only,3,60C__cement_trial_4,60C,60.0,cement,4,559.6427431853289,493.991455078125
E_thermal_features_only,3,60C__cement_trial_5,60C,60.0,cement,5,559.6427431853289,493.991455078125
E_thermal_features_only,3,60C__cement_trial_6,60C,60.0,cement,6,559.6427431853289,520.2917175292969
F_optimized_summarized_ESN,3,30C__cement_trial_1,30C,30.0,cement,1,559.6427431853289,444.86680094401044
F_optimized_summarized_ESN,3,30C__cement_trial_2,30C,30.0,cement,2,559.6427431853289,312.20128377278644
F_optimized_summarized_ESN,3,30C__cement_trial_3,30C,30.0,cement,3,559.6427431853289,342.8596700032552
F_optimized_summarized_ESN,3,30C__cement_trial_4,30C,30.0,cement,4,559.6427431853289,296.5508728027344
F_optimized_summarized_ESN,3,30C__cement_trial_5,30C,30.0,cement,5,559.6427431853289,550.3301086425781
F_optimized_summarized_ESN,3,30C__cement_trial_6,30C,30.0,cement,6,559.6427431853289,375.32379150390625
F_optimized_summarized_ESN,3,40C__cement_trial_1,40C,40.0,cement,1,559.6427431853289,622.8512471516927
F_optimized_summarized_ESN,3,40C__cement_trial_2,40C,40.0,cement,2,559.6427431853289,375.3330790201823
F_optimized_summarized_ESN,3,40C__cement_trial_3,40C,40.0,cement,3,559.6427431853289,352.7114969889323
F_optimized_summarized_ESN,3,40C__cement_trial_4,40C,40.0,cement,4,559.6427431853289,2650.6928100585938
F_optimized_summarized_ESN,3,40C__cement_trial_5,40C,40.0,cement,5,559.6427431853289,3967.96044921875
F_optimized_summarized_ESN,3,40C__cement_trial_6,40C,40.0,cement,6,559.6427431853289,712.7493693033854
F_optimized_summarized_ESN,3,50C__cement_trial_1,50C,50.0,cement,1,559.6427431853289,392.630126953125
F_optimized_summarized_ESN,3,50C__cement_trial_2,50C,50.0,cement,2,559.6427431853289,281.9339345296224
F_optimized_summarized_ESN,3,50C__cement_trial_3,50C,50.0,cement,3,559.6427431853289,478.5091145833333
F_optimized_summarized_ESN,3,50C__cement_trial_4,50C,50.0,cement,4,559.6427431853289,301.07354227701825
F_optimized_summarized_ESN,3,50C__cement_trial_5,50C,50.0,cement,5,559.6427431853289,349.8407897949219
F_optimized_summarized_ESN,3,50C__cement_trial_6,50C,50.0,cement,6,559.6427431853289,412.1936442057292
F_optimized_summarized_ESN,3,60C__cement_trial_1,60C,60.0,cement,1,559.6427431853289,8947.5263671875
F_optimized_summarized_ESN,3,60C__cement_trial_2,60C,60.0,cement,2,559.6427431853289,6689.61669921875
F_optimized_summarized_ESN,3,60C__cement_trial_3,60C,60.0,cement,3,559.6427431853289,6953.314778645833
F_optimized_summarized_ESN,3,60C__cement_trial_4,60C,60.0,cement,4,559.6427431853289,5521.180989583333
F_optimized_summarized_ESN,3,60C__cement_trial_5,60C,60.0,cement,5,559.6427431853289,7612.46875
F_optimized_summarized_ESN,3,60C__cement_trial_6,60C,60.0,cement,6,559.6427431853289,3524.815958658854
G_optimized_summarized_ESN_plus_thermal,3,30C__cement_trial_1,30C,30.0,cement,1,559.6427431853289,458.6212666829427
G_optimized_summarized_ESN_plus_thermal,3,30C__cement_trial_2,30C,30.0,cement,2,559.6427431853289,436.7869059244792
G_optimized_summarized_ESN_plus_thermal,3,30C__cement_trial_3,30C,30.0,cement,3,559.6427431853289,492.78306070963544
G_optimized_summarized_ESN_plus_thermal,3,30C__cement_trial_4,30C,30.0,cement,4,559.6427431853289,424.0243733723958
G_optimized_summarized_ESN_plus_thermal,3,30C__cement_trial_5,30C,30.0,cement,5,559.6427431853289,553.9588419596354
G_optimized_summarized_ESN_plus_thermal,3,30C__cement_trial_6,30C,30.0,cement,6,559.6427431853289,409.62550862630206
G_optimized_summarized_ESN_plus_thermal,3,40C__cement_trial_1,40C,40.0,cement,1,559.6427431853289,438.422607421875
G_optimized_summarized_ESN_plus_thermal,3,40C__cement_trial_2,40C,40.0,cement,2,559.6427431853289,418.73228963216144
G_optimized_summarized_ESN_plus_thermal,3,40C__cement_trial_3,40C,40.0,cement,3,559.6427431853289,349.989252726237
G_optimized_summarized_ESN_plus_thermal,3,40C__cement_trial_4,40C,40.0,cement,4,559.6427431853289,502.41051228841144
G_optimized_summarized_ESN_plus_thermal,3,40C__cement_trial_5,40C,40.0,cement,5,559.6427431853289,722.9655354817709
G_optimized_summarized_ESN_plus_thermal,3,40C__cement_trial_6,40C,40.0,cement,6,559.6427431853289,451.15708414713544
G_optimized_summarized_ESN_plus_thermal,3,50C__cement_trial_1,50C,50.0,cement,1,559.6427431853289,427.92226155598956
G_optimized_summarized_ESN_plus_thermal,3,50C__cement_trial_2,50C,50.0,cement,2,559.6427431853289,257.5954132080078
G_optimized_summarized_ESN_plus_thermal,3,50C__cement_trial_3,50C,50.0,cement,3,559.6427431853289,447.3483581542969
G_optimized_summarized_ESN_plus_thermal,3,50C__cement_trial_4,50C,50.0,cement,4,559.6427431853289,298.5459950764974
G_optimized_summarized_ESN_plus_thermal,3,50C__cement_trial_5,50C,50.0,cement,5,559.6427431853289,463.36473592122394
G_optimized_summarized_ESN_plus_thermal,3,50C__cement_trial_6,50C,50.0,cement,6,559.6427431853289,488.2911071777344
G_optimized_summarized_ESN_plus_thermal,3,60C__cement_trial_1,60C,60.0,cement,1,559.6427431853289,791.5602416992188
G_optimized_summarized_ESN_plus_thermal,3,60C__cement_trial_2,60C,60.0,cement,2,559.6427431853289,609.9777425130209
G_optimized_summarized_ESN_plus_thermal,3,60C__cement_trial_3,60C,60.0,cement,3,559.6427431853289,707.8001098632812
G_optimized_summarized_ESN_plus_thermal,3,60C__cement_trial_4,60C,60.0,cement,4,559.6427431853289,636.4240315755209
G_optimized_summarized_ESN_plus_thermal,3,60C__cement_trial_5,60C,60.0,cement,5,559.6427431853289,803.4639282226562
G_optimized_summarized_ESN_plus_thermal,3,60C__cement_trial_6,60C,60.0,cement,6,559.6427431853289,650.769785563151
A_raw_ESN_states,4,30C__copper_trial_1,30C,30.0,copper,1,37192.601414797544,10903.287353515625
A_raw_ESN_states,4,30C__copper_trial_2,30C,30.0,copper,2,37192.601414797544,11373.790852864584
A_raw_ESN_states,4,30C__copper_trial_3,30C,30.0,copper,3,37192.601414797544,13527.9228515625
A_raw_ESN_states,4,30C__copper_trial_4,30C,30.0,copper,4,37192.601414797544,8377.144205729166
A_raw_ESN_states,4,30C__copper_trial_5,30C,30.0,copper,5,37192.601414797544,11062.3447265625
A_raw_ESN_states,4,30C__copper_trial_6,30C,30.0,copper,6,37192.601414797544,4470.088785807292
A_raw_ESN_states,4,40C__copper_trial_1,40C,40.0,copper,1,37192.601414797544,14343.338541666666
A_raw_ESN_states,4,40C__copper_trial_2,40C,40.0,copper,2,37192.601414797544,6025.355794270833
A_raw_ESN_states,4,40C__copper_trial_3,40C,40.0,copper,3,37192.601414797544,4002.6051432291665
A_raw_ESN_states,4,40C__copper_trial_4,40C,40.0,copper,4,37192.601414797544,5254.833170572917
A_raw_ESN_states,4,40C__copper_trial_5,40C,40.0,copper,5,37192.601414797544,7173.86572265625
A_raw_ESN_states,4,40C__copper_trial_6,40C,40.0,copper,6,37192.601414797544,6817.482421875
A_raw_ESN_states,4,50C__copper_trial_1,50C,50.0,copper,1,37192.601414797544,8077.738118489583
A_raw_ESN_states,4,50C__copper_trial_2,50C,50.0,copper,2,37192.601414797544,12530.0244140625
A_raw_ESN_states,4,50C__copper_trial_3,50C,50.0,copper,3,37192.601414797544,9051.481282552084
A_raw_ESN_states,4,50C__copper_trial_4,50C,50.0,copper,4,37192.601414797544,14294.2158203125
A_raw_ESN_states,4,50C__copper_trial_5,50C,50.0,copper,5,37192.601414797544,10524.552408854166
A_raw_ESN_states,4,50C__copper_trial_6,50C,50.0,copper,6,37192.601414797544,16793.287434895832
A_raw_ESN_states,4,60C__copper_trial_1,60C,60.0,copper,1,37192.601414797544,16105.439778645834
A_raw_ESN_states,4,60C__copper_trial_2,60C,60.0,copper,2,37192.601414797544,19174.500651041668
A_raw_ESN_states,4,60C__copper_trial_3,60C,60.0,copper,3,37192.601414797544,16785.905598958332
A_raw_ESN_states,4,60C__copper_trial_4,60C,60.0,copper,4,37192.601414797544,22182.347310367633
A_raw_ESN_states,4,60C__copper_trial_5,60C,60.0,copper,5,37192.601414797544,18098.126953125
A_raw_ESN_states,4,60C__copper_trial_6,60C,60.0,copper,6,37192.601414797544,15197.44140625
B_summarized_ESN_states,4,30C__copper_trial_1,30C,30.0,copper,1,37192.601414797544,14914.849772135416
B_summarized_ESN_states,4,30C__copper_trial_2,30C,30.0,copper,2,37192.601414797544,12042.611979166666
B_summarized_ESN_states,4,30C__copper_trial_3,30C,30.0,copper,3,37192.601414797544,15324.130859375
B_summarized_ESN_states,4,30C__copper_trial_4,30C,30.0,copper,4,37192.601414797544,13470.162434895834
B_summarized_ESN_states,4,30C__copper_trial_5,30C,30.0,copper,5,37192.601414797544,16723.011067708332
B_summarized_ESN_states,4,30C__copper_trial_6,30C,30.0,copper,6,37192.601414797544,11366.316731770834
B_summarized_ESN_states,4,40C__copper_trial_1,40C,40.0,copper,1,37192.601414797544,18423.928385416668
B_summarized_ESN_states,4,40C__copper_trial_2,40C,40.0,copper,2,37192.601414797544,8456.251790364584
B_summarized_ESN_states,4,40C__copper_trial_3,40C,40.0,copper,3,37192.601414797544,9179.40869140625
B_summarized_ESN_states,4,40C__copper_trial_4,40C,40.0,copper,4,37192.601414797544,6923.9384765625
B_summarized_ESN_states,4,40C__copper_trial_5,40C,40.0,copper,5,37192.601414797544,6154.799153645833
B_summarized_ESN_states,4,40C__copper_trial_6,40C,40.0,copper,6,37192.601414797544,5911.791829427083
B_summarized_ESN_states,4,50C__copper_trial_1,50C,50.0,copper,1,37192.601414797544,9707.209635416666
B_summarized_ESN_states,4,50C__copper_trial_2,50C,50.0,copper,2,37192.601414797544,11258.965169270834
B_summarized_ESN_states,4,50C__copper_trial_3,50C,50.0,copper,3,37192.601414797544,9555.377766927084
B_summarized_ESN_states,4,50C__copper_trial_4,50C,50.0,copper,4,37192.601414797544,14201.309244791666
B_summarized_ESN_states,4,50C__copper_trial_5,50C,50.0,copper,5,37192.601414797544,10307.769205729166
B_summarized_ESN_states,4,50C__copper_trial_6,50C,50.0,copper,6,37192.601414797544,11763.4287109375
B_summarized_ESN_states,4,60C__copper_trial_1,60C,60.0,copper,1,37192.601414797544,14468.674479166666
B_summarized_ESN_states,4,60C__copper_trial_2,60C,60.0,copper,2,37192.601414797544,18915.559244791668
B_summarized_ESN_states,4,60C__copper_trial_3,60C,60.0,copper,3,37192.601414797544,16514.4248046875
B_summarized_ESN_states,4,60C__copper_trial_4,60C,60.0,copper,4,37192.601414797544,18814.971354166668
B_summarized_ESN_states,4,60C__copper_trial_5,60C,60.0,copper,5,37192.601414797544,15895.042643229166
B_summarized_ESN_states,4,60C__copper_trial_6,60C,60.0,copper,6,37192.601414797544,15797.3486328125
C_raw_ESN_plus_thermal,4,30C__copper_trial_1,30C,30.0,copper,1,37192.601414797544,2221.2412923177085
C_raw_ESN_plus_thermal,4,30C__copper_trial_2,30C,30.0,copper,2,37192.601414797544,16153.883138020834
C_raw_ESN_plus_thermal,4,30C__copper_trial_3,30C,30.0,copper,3,37192.601414797544,15828.5908203125
C_raw_ESN_plus_thermal,4,30C__copper_trial_4,30C,30.0,copper,4,37192.601414797544,9714.3603515625
C_raw_ESN_plus_thermal,4,30C__copper_trial_5,30C,30.0,copper,5,37192.601414797544,10811.983072916666
C_raw_ESN_plus_thermal,4,30C__copper_trial_6,30C,30.0,copper,6,37192.601414797544,6616.821695963542
C_raw_ESN_plus_thermal,4,40C__copper_trial_1,40C,40.0,copper,1,37192.601414797544,12066.836263020834
C_raw_ESN_plus_thermal,4,40C__copper_trial_2,40C,40.0,copper,2,37192.601414797544,10673.1962890625
C_raw_ESN_plus_thermal,4,40C__copper_trial_3,40C,40.0,copper,3,37192.601414797544,10540.474283854166
C_raw_ESN_plus_thermal,4,40C__copper_trial_4,40C,40.0,copper,4,37192.601414797544,6478.746419270833
C_raw_ESN_plus_thermal,4,40C__copper_trial_5,40C,40.0,copper,5,37192.601414797544,7656.0537109375
C_raw_ESN_plus_thermal,4,40C__copper_trial_6,40C,40.0,copper,6,37192.601414797544,8629.32763671875
C_raw_ESN_plus_thermal,4,50C__copper_trial_1,50C,50.0,copper,1,37192.601414797544,7660.896321614583
C_raw_ESN_plus_thermal,4,50C__copper_trial_2,50C,50.0,copper,2,37192.601414797544,15068.623372395834
C_raw_ESN_plus_thermal,4,50C__copper_trial_3,50C,50.0,copper,3,37192.601414797544,9346.37548828125
C_raw_ESN_plus_thermal,4,50C__copper_trial_4,50C,50.0,copper,4,37192.601414797544,12752.304361979166
C_raw_ESN_plus_thermal,4,50C__copper_trial_5,50C,50.0,copper,5,37192.601414797544,9729.897135416666
C_raw_ESN_plus_thermal,4,50C__copper_trial_6,50C,50.0,copper,6,37192.601414797544,14187.262369791666
C_raw_ESN_plus_thermal,4,60C__copper_trial_1,60C,60.0,copper,1,37192.601414797544,15750.866861979166
C_raw_ESN_plus_thermal,4,60C__copper_trial_2,60C,60.0,copper,2,37192.601414797544,19340.290364583332
C_raw_ESN_plus_thermal,4,60C__copper_trial_3,60C,60.0,copper,3,37192.601414797544,16061.005208333334
C_raw_ESN_plus_thermal,4,60C__copper_trial_4,60C,60.0,copper,4,37192.601414797544,23172.536112450965
C_raw_ESN_plus_thermal,4,60C__copper_trial_5,60C,60.0,copper,5,37192.601414797544,18692.705403645832
C_raw_ESN_plus_thermal,4,60C__copper_trial_6,60C,60.0,copper,6,37192.601414797544,15630.878580729166
D_summarized_ESN_plus_thermal,4,30C__copper_trial_1,30C,30.0,copper,1,37192.601414797544,2661.819051106771
D_summarized_ESN_plus_thermal,4,30C__copper_trial_2,30C,30.0,copper,2,37192.601414797544,16903.404622395832
D_summarized_ESN_plus_thermal,4,30C__copper_trial_3,30C,30.0,copper,3,37192.601414797544,16567.921549479168
D_summarized_ESN_plus_thermal,4,30C__copper_trial_4,30C,30.0,copper,4,37192.601414797544,15508.996744791666
D_summarized_ESN_plus_thermal,4,30C__copper_trial_5,30C,30.0,copper,5,37192.601414797544,14302.402669270834
D_summarized_ESN_plus_thermal,4,30C__copper_trial_6,30C,30.0,copper,6,37192.601414797544,11994.738606770834
D_summarized_ESN_plus_thermal,4,40C__copper_trial_1,40C,40.0,copper,1,37192.601414797544,18915.747395833332
D_summarized_ESN_plus_thermal,4,40C__copper_trial_2,40C,40.0,copper,2,37192.601414797544,15095.9990234375
D_summarized_ESN_plus_thermal,4,40C__copper_trial_3,40C,40.0,copper,3,37192.601414797544,18008.738606770832
D_summarized_ESN_plus_thermal,4,40C__copper_trial_4,40C,40.0,copper,4,37192.601414797544,8628.189453125
D_summarized_ESN_plus_thermal,4,40C__copper_trial_5,40C,40.0,copper,5,37192.601414797544,8483.05859375
D_summarized_ESN_plus_thermal,4,40C__copper_trial_6,40C,40.0,copper,6,37192.601414797544,8031.63623046875
D_summarized_ESN_plus_thermal,4,50C__copper_trial_1,50C,50.0,copper,1,37192.601414797544,7203.31640625
D_summarized_ESN_plus_thermal,4,50C__copper_trial_2,50C,50.0,copper,2,37192.601414797544,11980.313151041666
D_summarized_ESN_plus_thermal,4,50C__copper_trial_3,50C,50.0,copper,3,37192.601414797544,10592.224609375
D_summarized_ESN_plus_thermal,4,50C__copper_trial_4,50C,50.0,copper,4,37192.601414797544,9591.431315104166
D_summarized_ESN_plus_thermal,4,50C__copper_trial_5,50C,50.0,copper,5,37192.601414797544,9488.520833333334
D_summarized_ESN_plus_thermal,4,50C__copper_trial_6,50C,50.0,copper,6,37192.601414797544,8018.470865885417
D_summarized_ESN_plus_thermal,4,60C__copper_trial_1,60C,60.0,copper,1,37192.601414797544,15603.41796875
D_summarized_ESN_plus_thermal,4,60C__copper_trial_2,60C,60.0,copper,2,37192.601414797544,19231.923177083332
D_summarized_ESN_plus_thermal,4,60C__copper_trial_3,60C,60.0,copper,3,37192.601414797544,16908.261067708332
D_summarized_ESN_plus_thermal,4,60C__copper_trial_4,60C,60.0,copper,4,37192.601414797544,19530.423177083332
D_summarized_ESN_plus_thermal,4,60C__copper_trial_5,60C,60.0,copper,5,37192.601414797544,17428.700520833332
D_summarized_ESN_plus_thermal,4,60C__copper_trial_6,60C,60.0,copper,6,37192.601414797544,13607.4609375
E_thermal_features_only,4,30C__copper_trial_1,30C,30.0,copper,1,37192.601414797544,1226.9676106770833
E_thermal_features_only,4,30C__copper_trial_2,30C,30.0,copper,2,37192.601414797544,15944.694986979166
E_thermal_features_only,4,30C__copper_trial_3,30C,30.0,copper,3,37192.601414797544,14377.9365234375
E_thermal_features_only,4,30C__copper_trial_4,30C,30.0,copper,4,37192.601414797544,17094.598958333332
E_thermal_features_only,4,30C__copper_trial_5,30C,30.0,copper,5,37192.601414797544,11728.4951171875
E_thermal_features_only,4,30C__copper_trial_6,30C,30.0,copper,6,37192.601414797544,10931.208333333334
E_thermal_features_only,4,40C__copper_trial_1,40C,40.0,copper,1,37192.601414797544,15577.2080078125
E_thermal_features_only,4,40C__copper_trial_2,40C,40.0,copper,2,37192.601414797544,12661.0556640625
E_thermal_features_only,4,40C__copper_trial_3,40C,40.0,copper,3,37192.601414797544,15252.923177083334
E_thermal_features_only,4,40C__copper_trial_4,40C,40.0,copper,4,37192.601414797544,10253.401041666666
E_thermal_features_only,4,40C__copper_trial_5,40C,40.0,copper,5,37192.601414797544,10181.418619791666
E_thermal_features_only,4,40C__copper_trial_6,40C,40.0,copper,6,37192.601414797544,11371.577473958334
E_thermal_features_only,4,50C__copper_trial_1,50C,50.0,copper,1,37192.601414797544,10289.7421875
E_thermal_features_only,4,50C__copper_trial_2,50C,50.0,copper,2,37192.601414797544,16467.2763671875
E_thermal_features_only,4,50C__copper_trial_3,50C,50.0,copper,3,37192.601414797544,13086.806966145834
E_thermal_features_only,4,50C__copper_trial_4,50C,50.0,copper,4,37192.601414797544,10720.211588541666
E_thermal_features_only,4,50C__copper_trial_5,50C,50.0,copper,5,37192.601414797544,9036.151041666666
E_thermal_features_only,4,50C__copper_trial_6,50C,50.0,copper,6,37192.601414797544,8955.6845703125
E_thermal_features_only,4,60C__copper_trial_1,60C,60.0,copper,1,37192.601414797544,17788.298828125
E_thermal_features_only,4,60C__copper_trial_2,60C,60.0,copper,2,37192.601414797544,18748.818359375
E_thermal_features_only,4,60C__copper_trial_3,60C,60.0,copper,3,37192.601414797544,18925.429036458332
E_thermal_features_only,4,60C__copper_trial_4,60C,60.0,copper,4,37192.601414797544,18693.41796875
E_thermal_features_only,4,60C__copper_trial_5,60C,60.0,copper,5,37192.601414797544,17168.307291666668
E_thermal_features_only,4,60C__copper_trial_6,60C,60.0,copper,6,37192.601414797544,12148.240234375
F_optimized_summarized_ESN,4,30C__copper_trial_1,30C,30.0,copper,1,37192.601414797544,16576.815755208332
F_optimized_summarized_ESN,4,30C__copper_trial_2,30C,30.0,copper,2,37192.601414797544,13546.815266927084
F_optimized_summarized_ESN,4,30C__copper_trial_3,30C,30.0,copper,3,37192.601414797544,14136.816080729166
F_optimized_summarized_ESN,4,30C__copper_trial_4,30C,30.0,copper,4,37192.601414797544,14574.574869791666
F_optimized_summarized_ESN,4,30C__copper_trial_5,30C,30.0,copper,5,37192.601414797544,16020.3994140625
F_optimized_summarized_ESN,4,30C__copper_trial_6,30C,30.0,copper,6,37192.601414797544,10291.14990234375
F_optimized_summarized_ESN,4,40C__copper_trial_1,40C,40.0,copper,1,37192.601414797544,18800.23046875
F_optimized_summarized_ESN,4,40C__copper_trial_2,40C,40.0,copper,2,37192.601414797544,7225.941080729167
F_optimized_summarized_ESN,4,40C__copper_trial_3,40C,40.0,copper,3,37192.601414797544,8965.4462890625
F_optimized_summarized_ESN,4,40C__copper_trial_4,40C,40.0,copper,4,37192.601414797544,8272.222005208334
F_optimized_summarized_ESN,4,40C__copper_trial_5,40C,40.0,copper,5,37192.601414797544,7026.7490234375
F_optimized_summarized_ESN,4,40C__copper_trial_6,40C,40.0,copper,6,37192.601414797544,6249.27880859375
F_optimized_summarized_ESN,4,50C__copper_trial_1,50C,50.0,copper,1,37192.601414797544,9923.29638671875
F_optimized_summarized_ESN,4,50C__copper_trial_2,50C,50.0,copper,2,37192.601414797544,11835.31640625
F_optimized_summarized_ESN,4,50C__copper_trial_3,50C,50.0,copper,3,37192.601414797544,9423.694498697916
F_optimized_summarized_ESN,4,50C__copper_trial_4,50C,50.0,copper,4,37192.601414797544,13635.302408854166
F_optimized_summarized_ESN,4,50C__copper_trial_5,50C,50.0,copper,5,37192.601414797544,12090.136067708334
F_optimized_summarized_ESN,4,50C__copper_trial_6,50C,50.0,copper,6,37192.601414797544,11678.671549479166
F_optimized_summarized_ESN,4,60C__copper_trial_1,60C,60.0,copper,1,37192.601414797544,17946.518229166668
F_optimized_summarized_ESN,4,60C__copper_trial_2,60C,60.0,copper,2,37192.601414797544,19889.195963541668
F_optimized_summarized_ESN,4,60C__copper_trial_3,60C,60.0,copper,3,37192.601414797544,16709.400065104168
F_optimized_summarized_ESN,4,60C__copper_trial_4,60C,60.0,copper,4,37192.601414797544,20045.589192708332
F_optimized_summarized_ESN,4,60C__copper_trial_5,60C,60.0,copper,5,37192.601414797544,16425.145833333332
F_optimized_summarized_ESN,4,60C__copper_trial_6,60C,60.0,copper,6,37192.601414797544,14430.3427734375
G_optimized_summarized_ESN_plus_thermal,4,30C__copper_trial_1,30C,30.0,copper,1,37192.601414797544,2306.091064453125
G_optimized_summarized_ESN_plus_thermal,4,30C__copper_trial_2,30C,30.0,copper,2,37192.601414797544,15291.4384765625
G_optimized_summarized_ESN_plus_thermal,4,30C__copper_trial_3,30C,30.0,copper,3,37192.601414797544,17031.306640625
G_optimized_summarized_ESN_plus_thermal,4,30C__copper_trial_4,30C,30.0,copper,4,37192.601414797544,17556.225911458332
G_optimized_summarized_ESN_plus_thermal,4,30C__copper_trial_5,30C,30.0,copper,5,37192.601414797544,12176.8623046875
G_optimized_summarized_ESN_plus_thermal,4,30C__copper_trial_6,30C,30.0,copper,6,37192.601414797544,12375.650065104166
G_optimized_summarized_ESN_plus_thermal,4,40C__copper_trial_1,40C,40.0,copper,1,37192.601414797544,20136.07322182596
G_optimized_summarized_ESN_plus_thermal,4,40C__copper_trial_2,40C,40.0,copper,2,37192.601414797544,8338.557779947916
G_optimized_summarized_ESN_plus_thermal,4,40C__copper_trial_3,40C,40.0,copper,3,37192.601414797544,11247.255859375
G_optimized_summarized_ESN_plus_thermal,4,40C__copper_trial_4,40C,40.0,copper,4,37192.601414797544,8988.48046875
G_optimized_summarized_ESN_plus_thermal,4,40C__copper_trial_5,40C,40.0,copper,5,37192.601414797544,8896.821614583334
G_optimized_summarized_ESN_plus_thermal,4,40C__copper_trial_6,40C,40.0,copper,6,37192.601414797544,7746.144856770833
G_optimized_summarized_ESN_plus_thermal,4,50C__copper_trial_1,50C,50.0,copper,1,37192.601414797544,7240.4267578125
G_optimized_summarized_ESN_plus_thermal,4,50C__copper_trial_2,50C,50.0,copper,2,37192.601414797544,12462.327799479166
G_optimized_summarized_ESN_plus_thermal,4,50C__copper_trial_3,50C,50.0,copper,3,37192.601414797544,10920.686197916666
G_optimized_summarized_ESN_plus_thermal,4,50C__copper_trial_4,50C,50.0,copper,4,37192.601414797544,10254.119791666666
G_optimized_summarized_ESN_plus_thermal,4,50C__copper_trial_5,50C,50.0,copper,5,37192.601414797544,9089.469401041666
G_optimized_summarized_ESN_plus_thermal,4,50C__copper_trial_6,50C,50.0,copper,6,37192.601414797544,7826.043131510417
G_optimized_summarized_ESN_plus_thermal,4,60C__copper_trial_1,60C,60.0,copper,1,37192.601414797544,15701.931315104166
G_optimized_summarized_ESN_plus_thermal,4,60C__copper_trial_2,60C,60.0,copper,2,37192.601414797544,20449.401041666668
G_optimized_summarized_ESN_plus_thermal,4,60C__copper_trial_3,60C,60.0,copper,3,37192.601414797544,17790.431640625
G_optimized_summarized_ESN_plus_thermal,4,60C__copper_trial_4,60C,60.0,copper,4,37192.601414797544,20738.17578125
G_optimized_summarized_ESN_plus_thermal,4,60C__copper_trial_5,60C,60.0,copper,5,37192.601414797544,16582.563802083332
G_optimized_summarized_ESN_plus_thermal,4,60C__copper_trial_6,60C,60.0,copper,6,37192.601414797544,13193.3056640625
A_raw_ESN_states,5,30C__cork_trial_1,30C,30.0,cork,1,136.29380029920657,203.35819498697916
A_raw_ESN_states,5,30C__cork_trial_2,30C,30.0,cork,2,136.29380029920657,58.893272399902344
A_raw_ESN_states,5,30C__cork_trial_3,30C,30.0,cork,3,136.29380029920657,105.68077850341797
A_raw_ESN_states,5,30C__cork_trial_4,30C,30.0,cork,4,136.29380029920657,98.5478032430013
A_raw_ESN_states,5,30C__cork_trial_5,30C,30.0,cork,5,136.29380029920657,115.06813557942708
A_raw_ESN_states,5,30C__cork_trial_6,30C,30.0,cork,6,136.29380029920657,101.28025563557942
A_raw_ESN_states,5,40C__cork_trial_1,40C,40.0,cork,1,136.29380029920657,93.96097056070964
A_raw_ESN_states,5,40C__cork_trial_2,40C,40.0,cork,2,136.29380029920657,210.81883494059244
A_raw_ESN_states,5,40C__cork_trial_3,40C,40.0,cork,3,136.29380029920657,164.77696482340494
A_raw_ESN_states,5,40C__cork_trial_4,40C,40.0,cork,4,136.29380029920657,62.65292104085287
A_raw_ESN_states,5,40C__cork_trial_5,40C,40.0,cork,5,136.29380029920657,72.63070933024089
A_raw_ESN_states,5,40C__cork_trial_6,40C,40.0,cork,6,136.29380029920657,38.924397786458336
A_raw_ESN_states,5,50C__cork_trial_1,50C,50.0,cork,1,136.29380029920657,269.08130900065106
A_raw_ESN_states,5,50C__cork_trial_2,50C,50.0,cork,2,136.29380029920657,372.4520975748698
A_raw_ESN_states,5,50C__cork_trial_3,50C,50.0,cork,3,136.29380029920657,219.09137980143228
A_raw_ESN_states,5,50C__cork_trial_4,50C,50.0,cork,4,136.29380029920657,188.320437113444
A_raw_ESN_states,5,50C__cork_trial_5,50C,50.0,cork,5,136.29380029920657,183.30642700195312
A_raw_ESN_states,5,50C__cork_trial_6,50C,50.0,cork,6,136.29380029920657,272.4637959798177
A_raw_ESN_states,5,60C__cork_trial_1,60C,60.0,cork,1,136.29380029920657,248.78468322753906
A_raw_ESN_states,5,60C__cork_trial_2,60C,60.0,cork,2,136.29380029920657,185.24769592285156
A_raw_ESN_states,5,60C__cork_trial_3,60C,60.0,cork,3,136.29380029920657,184.78858693440756
A_raw_ESN_states,5,60C__cork_trial_4,60C,60.0,cork,4,136.29380029920657,195.297607421875
A_raw_ESN_states,5,60C__cork_trial_5,60C,60.0,cork,5,136.29380029920657,208.21133168538412
A_raw_ESN_states,5,60C__cork_trial_6,60C,60.0,cork,6,136.29380029920657,307.57635498046875
B_summarized_ESN_states,5,30C__cork_trial_1,30C,30.0,cork,1,136.29380029920657,228.58391316731772
B_summarized_ESN_states,5,30C__cork_trial_2,30C,30.0,cork,2,136.29380029920657,91.66796620686848
B_summarized_ESN_states,5,30C__cork_trial_3,30C,30.0,cork,3,136.29380029920657,74.73781840006511
B_summarized_ESN_states,5,30C__cork_trial_4,30C,30.0,cork,4,136.29380029920657,59.35710779825846
B_summarized_ESN_states,5,30C__cork_trial_5,30C,30.0,cork,5,136.29380029920657,106.73797607421875
B_summarized_ESN_states,5,30C__cork_trial_6,30C,30.0,cork,6,136.29380029920657,98.1668930053711
B_summarized_ESN_states,5,40C__cork_trial_1,40C,40.0,cork,1,136.29380029920657,89.68682861328125
B_summarized_ESN_states,5,40C__cork_trial_2,40C,40.0,cork,2,136.29380029920657,139.525146484375
B_summarized_ESN_states,5,40C__cork_trial_3,40C,40.0,cork,3,136.29380029920657,105.99583180745442
B_summarized_ESN_states,5,40C__cork_trial_4,40C,40.0,cork,4,136.29380029920657,72.62586720784505
B_summarized_ESN_states,5,40C__cork_trial_5,40C,40.0,cork,5,136.29380029920657,34.9990657883186
B_summarized_ESN_states,5,40C__cork_trial_6,40C,40.0,cork,6,136.29380029920657,48.20711791104569
B_summarized_ESN_states,5,50C__cork_trial_1,50C,50.0,cork,1,136.29380029920657,391.99839274088544
B_summarized_ESN_states,5,50C__cork_trial_2,50C,50.0,cork,2,136.29380029920657,374.6898701985677
B_summarized_ESN_states,5,50C__cork_trial_3,50C,50.0,cork,3,136.29380029920657,229.36873372395834
B_summarized_ESN_states,5,50C__cork_trial_4,50C,50.0,cork,4,136.29380029920657,227.13294474283853
B_summarized_ESN_states,5,50C__cork_trial_5,50C,50.0,cork,5,136.29380029920657,303.6230875651042
B_summarized_ESN_states,5,50C__cork_trial_6,50C,50.0,cork,6,136.29380029920657,202.27582804361978
B_summarized_ESN_states,5,60C__cork_trial_1,60C,60.0,cork,1,136.29380029920657,149.32936350504556
B_summarized_ESN_states,5,60C__cork_trial_2,60C,60.0,cork,2,136.29380029920657,241.3712615966797
B_summarized_ESN_states,5,60C__cork_trial_3,60C,60.0,cork,3,136.29380029920657,165.5431900024414
B_summarized_ESN_states,5,60C__cork_trial_4,60C,60.0,cork,4,136.29380029920657,189.21817525227866
B_summarized_ESN_states,5,60C__cork_trial_5,60C,60.0,cork,5,136.29380029920657,213.36064910888672
B_summarized_ESN_states,5,60C__cork_trial_6,60C,60.0,cork,6,136.29380029920657,265.15333048502606
C_raw_ESN_plus_thermal,5,30C__cork_trial_1,30C,30.0,cork,1,136.29380029920657,125.03789774576823
C_raw_ESN_plus_thermal,5,30C__cork_trial_2,30C,30.0,cork,2,136.29380029920657,67.43376159667969
C_raw_ESN_plus_thermal,5,30C__cork_trial_3,30C,30.0,cork,3,136.29380029920657,91.148681640625
C_raw_ESN_plus_thermal,5,30C__cork_trial_4,30C,30.0,cork,4,136.29380029920657,79.39347076416016
C_raw_ESN_plus_thermal,5,30C__cork_trial_5,30C,30.0,cork,5,136.29380029920657,93.67069244384766
C_raw_ESN_plus_thermal,5,30C__cork_trial_6,30C,30.0,cork,6,136.29380029920657,75.67499669392903
C_raw_ESN_plus_thermal,5,40C__cork_trial_1,40C,40.0,cork,1,136.29380029920657,94.18315124511719
C_raw_ESN_plus_thermal,5,40C__cork_trial_2,40C,40.0,cork,2,136.29380029920657,84.54671986897786
C_raw_ESN_plus_thermal,5,40C__cork_trial_3,40C,40.0,cork,3,136.29380029920657,129.20912424723306
C_raw_ESN_plus_thermal,5,40C__cork_trial_4,40C,40.0,cork,4,136.29380029920657,72.40510813395183
C_raw_ESN_plus_thermal,5,40C__cork_trial_5,40C,40.0,cork,5,136.29380029920657,58.87702433268229
C_raw_ESN_plus_thermal,5,40C__cork_trial_6,40C,40.0,cork,6,136.29380029920657,39.61896769205729
C_raw_ESN_plus_thermal,5,50C__cork_trial_1,50C,50.0,cork,1,136.29380029920657,344.59796142578125
C_raw_ESN_plus_thermal,5,50C__cork_trial_2,50C,50.0,cork,2,136.29380029920657,424.6629333496094
C_raw_ESN_plus_thermal,5,50C__cork_trial_3,50C,50.0,cork,3,136.29380029920657,373.07237752278644
C_raw_ESN_plus_thermal,5,50C__cork_trial_4,50C,50.0,cork,4,136.29380029920657,287.6903381347656
C_raw_ESN_plus_thermal,5,50C__cork_trial_5,50C,50.0,cork,5,136.29380029920657,384.759033203125
C_raw_ESN_plus_thermal,5,50C__cork_trial_6,50C,50.0,cork,6,136.29380029920657,356.2360331217448
C_raw_ESN_plus_thermal,5,60C__cork_trial_1,60C,60.0,cork,1,136.29380029920657,408.33765665690106
C_raw_ESN_plus_thermal,5,60C__cork_trial_2,60C,60.0,cork,2,136.29380029920657,308.7638854980469
C_raw_ESN_plus_thermal,5,60C__cork_trial_3,60C,60.0,cork,3,136.29380029920657,260.66192626953125
C_raw_ESN_plus_thermal,5,60C__cork_trial_4,60C,60.0,cork,4,136.29380029920657,404.4495442708333
C_raw_ESN_plus_thermal,5,60C__cork_trial_5,60C,60.0,cork,5,136.29380029920657,332.48924763997394
C_raw_ESN_plus_thermal,5,60C__cork_trial_6,60C,60.0,cork,6,136.29380029920657,412.4087727864583
D_summarized_ESN_plus_thermal,5,30C__cork_trial_1,30C,30.0,cork,1,136.29380029920657,160.87707010904947
D_summarized_ESN_plus_thermal,5,30C__cork_trial_2,30C,30.0,cork,2,136.29380029920657,66.93926493326823
D_summarized_ESN_plus_thermal,5,30C__cork_trial_3,30C,30.0,cork,3,136.29380029920657,60.53602091471354
D_summarized_ESN_plus_thermal,5,30C__cork_trial_4,30C,30.0,cork,4,136.29380029920657,48.65658060709635
D_summarized_ESN_plus_thermal,5,30C__cork_trial_5,30C,30.0,cork,5,136.29380029920657,74.79219055175781
D_summarized_ESN_plus_thermal,5,30C__cork_trial_6,30C,30.0,cork,6,136.29380029920657,60.98093032836914
D_summarized_ESN_plus_thermal,5,40C__cork_trial_1,40C,40.0,cork,1,136.29380029920657,86.40699513753255
D_summarized_ESN_plus_thermal,5,40C__cork_trial_2,40C,40.0,cork,2,136.29380029920657,84.3711649576823
D_summarized_ESN_plus_thermal,5,40C__cork_trial_3,40C,40.0,cork,3,136.29380029920657,98.92322794596355
D_summarized_ESN_plus_thermal,5,40C__cork_trial_4,40C,40.0,cork,4,136.29380029920657,92.38953399658203
D_summarized_ESN_plus_thermal,5,40C__cork_trial_5,40C,40.0,cork,5,136.29380029920657,39.33795293172201
D_summarized_ESN_plus_thermal,5,40C__cork_trial_6,40C,40.0,cork,6,136.29380029920657,35.4872478561897
D_summarized_ESN_plus_thermal,5,50C__cork_trial_1,50C,50.0,cork,1,136.29380029920657,446.8601786295573
D_summarized_ESN_plus_thermal,5,50C__cork_trial_2,50C,50.0,cork,2,136.29380029920657,447.24249267578125
D_summarized_ESN_plus_thermal,5,50C__cork_trial_3,50C,50.0,cork,3,136.29380029920657,424.4473164876302
D_summarized_ESN_plus_thermal,5,50C__cork_trial_4,50C,50.0,cork,4,136.29380029920657,262.56884765625
D_summarized_ESN_plus_thermal,5,50C__cork_trial_5,50C,50.0,cork,5,136.29380029920657,441.2561543782552
D_summarized_ESN_plus_thermal,5,50C__cork_trial_6,50C,50.0,cork,6,136.29380029920657,372.44385782877606
D_summarized_ESN_plus_thermal,5,60C__cork_trial_1,60C,60.0,cork,1,136.29380029920657,321.76776123046875
D_summarized_ESN_plus_thermal,5,60C__cork_trial_2,60C,60.0,cork,2,136.29380029920657,327.0840759277344
D_summarized_ESN_plus_thermal,5,60C__cork_trial_3,60C,60.0,cork,3,136.29380029920657,310.3889567057292
D_summarized_ESN_plus_thermal,5,60C__cork_trial_4,60C,60.0,cork,4,136.29380029920657,291.8853251139323
D_summarized_ESN_plus_thermal,5,60C__cork_trial_5,60C,60.0,cork,5,136.29380029920657,395.70421346028644
D_summarized_ESN_plus_thermal,5,60C__cork_trial_6,60C,60.0,cork,6,136.29380029920657,366.3093973795573
E_thermal_features_only,5,30C__cork_trial_1,30C,30.0,cork,1,136.29380029920657,94.50675201416016
E_thermal_features_only,5,30C__cork_trial_2,30C,30.0,cork,2,136.29380029920657,71.82670338948567
E_thermal_features_only,5,30C__cork_trial_3,30C,30.0,cork,3,136.29380029920657,74.86348470052083
E_thermal_features_only,5,30C__cork_trial_4,30C,30.0,cork,4,136.29380029920657,48.90707778930664
E_thermal_features_only,5,30C__cork_trial_5,30C,30.0,cork,5,136.29380029920657,75.90714772542317
E_thermal_features_only,5,30C__cork_trial_6,30C,30.0,cork,6,136.29380029920657,61.7513173421224
E_thermal_features_only,5,40C__cork_trial_1,40C,40.0,cork,1,136.29380029920657,89.28597513834636
E_thermal_features_only,5,40C__cork_trial_2,40C,40.0,cork,2,136.29380029920657,79.76236724853516
E_thermal_features_only,5,40C__cork_trial_3,40C,40.0,cork,3,136.29380029920657,104.85999806722005
E_thermal_features_only,5,40C__cork_trial_4,40C,40.0,cork,4,136.29380029920657,106.71952819824219
E_thermal_features_only,5,40C__cork_trial_5,40C,40.0,cork,5,136.29380029920657,50.727508544921875
E_thermal_features_only,5,40C__cork_trial_6,40C,40.0,cork,6,136.29380029920657,34.496376621320685
E_thermal_features_only,5,50C__cork_trial_1,50C,50.0,cork,1,136.29380029920657,477.8710021972656
E_thermal_features_only,5,50C__cork_trial_2,50C,50.0,cork,2,136.29380029920657,485.40041097005206
E_thermal_features_only,5,50C__cork_trial_3,50C,50.0,cork,3,136.29380029920657,452.05133056640625
E_thermal_features_only,5,50C__cork_trial_4,50C,50.0,cork,4,136.29380029920657,283.3996988932292
E_thermal_features_only,5,50C__cork_trial_5,50C,50.0,cork,5,136.29380029920657,428.87452189127606
E_thermal_features_only,5,50C__cork_trial_6,50C,50.0,cork,6,136.29380029920657,472.6873270670573
E_thermal_features_only,5,60C__cork_trial_1,60C,60.0,cork,1,136.29380029920657,669.5868123372396
E_thermal_features_only,5,60C__cork_trial_2,60C,60.0,cork,2,136.29380029920657,556.2322794596354
E_thermal_features_only,5,60C__cork_trial_3,60C,60.0,cork,3,136.29380029920657,498.98675537109375
E_thermal_features_only,5,60C__cork_trial_4,60C,60.0,cork,4,136.29380029920657,533.5174967447916
E_thermal_features_only,5,60C__cork_trial_5,60C,60.0,cork,5,136.29380029920657,628.9282023111979
E_thermal_features_only,5,60C__cork_trial_6,60C,60.0,cork,6,136.29380029920657,477.6392822265625
F_optimized_summarized_ESN,5,30C__cork_trial_1,30C,30.0,cork,1,136.29380029920657,274.0198262532552
F_optimized_summarized_ESN,5,30C__cork_trial_2,30C,30.0,cork,2,136.29380029920657,88.1261380513509
F_optimized_summarized_ESN,5,30C__cork_trial_3,30C,30.0,cork,3,136.29380029920657,78.23247909545898
F_optimized_summarized_ESN,5,30C__cork_trial_4,30C,30.0,cork,4,136.29380029920657,59.65269088745117
F_optimized_summarized_ESN,5,30C__cork_trial_5,30C,30.0,cork,5,136.29380029920657,101.18363698323567
F_optimized_summarized_ESN,5,30C__cork_trial_6,30C,30.0,cork,6,136.29380029920657,96.41996765136719
F_optimized_summarized_ESN,5,40C__cork_trial_1,40C,40.0,cork,1,136.29380029920657,93.2918701171875
F_optimized_summarized_ESN,5,40C__cork_trial_2,40C,40.0,cork,2,136.29380029920657,108.92392094930013
F_optimized_summarized_ESN,5,40C__cork_trial_3,40C,40.0,cork,3,136.29380029920657,86.27080535888672
F_optimized_summarized_ESN,5,40C__cork_trial_4,40C,40.0,cork,4,136.29380029920657,74.34415054321289
F_optimized_summarized_ESN,5,40C__cork_trial_5,40C,40.0,cork,5,136.29380029920657,42.12853260424231
F_optimized_summarized_ESN,5,40C__cork_trial_6,40C,40.0,cork,6,136.29380029920657,46.45291519165039
F_optimized_summarized_ESN,5,50C__cork_trial_1,50C,50.0,cork,1,136.29380029920657,413.98512776692706
F_optimized_summarized_ESN,5,50C__cork_trial_2,50C,50.0,cork,2,136.29380029920657,379.26080322265625
F_optimized_summarized_ESN,5,50C__cork_trial_3,50C,50.0,cork,3,136.29380029920657,166.9738515218099
F_optimized_summarized_ESN,5,50C__cork_trial_4,50C,50.0,cork,4,136.29380029920657,150.69998168945312
F_optimized_summarized_ESN,5,50C__cork_trial_5,50C,50.0,cork,5,136.29380029920657,285.27939860026044
F_optimized_summarized_ESN,5,50C__cork_trial_6,50C,50.0,cork,6,136.29380029920657,234.894900004069
F_optimized_summarized_ESN,5,60C__cork_trial_1,60C,60.0,cork,1,136.29380029920657,196.19088236490884
F_optimized_summarized_ESN,5,60C__cork_trial_2,60C,60.0,cork,2,136.29380029920657,238.5267537434896
F_optimized_summarized_ESN,5,60C__cork_trial_3,60C,60.0,cork,3,136.29380029920657,176.93651835123697
F_optimized_summarized_ESN,5,60C__cork_trial_4,60C,60.0,cork,4,136.29380029920657,201.23784383138022
F_optimized_summarized_ESN,5,60C__cork_trial_5,60C,60.0,cork,5,136.29380029920657,203.3256581624349
F_optimized_summarized_ESN,5,60C__cork_trial_6,60C,60.0,cork,6,136.29380029920657,255.33895874023438
G_optimized_summarized_ESN_plus_thermal,5,30C__cork_trial_1,30C,30.0,cork,1,136.29380029920657,137.83355712890625
G_optimized_summarized_ESN_plus_thermal,5,30C__cork_trial_2,30C,30.0,cork,2,136.29380029920657,75.5609753926595
G_optimized_summarized_ESN_plus_thermal,5,30C__cork_trial_3,30C,30.0,cork,3,136.29380029920657,77.40992482503255
G_optimized_summarized_ESN_plus_thermal,5,30C__cork_trial_4,30C,30.0,cork,4,136.29380029920657,45.12963358561198
G_optimized_summarized_ESN_plus_thermal,5,30C__cork_trial_5,30C,30.0,cork,5,136.29380029920657,80.69361114501953
G_optimized_summarized_ESN_plus_thermal,5,30C__cork_trial_6,30C,30.0,cork,6,136.29380029920657,71.87550226847331
G_optimized_summarized_ESN_plus_thermal,5,40C__cork_trial_1,40C,40.0,cork,1,136.29380029920657,90.70013936360677
G_optimized_summarized_ESN_plus_thermal,5,40C__cork_trial_2,40C,40.0,cork,2,136.29380029920657,94.07777150472005
G_optimized_summarized_ESN_plus_thermal,5,40C__cork_trial_3,40C,40.0,cork,3,136.29380029920657,85.96214803059895
G_optimized_summarized_ESN_plus_thermal,5,40C__cork_trial_4,40C,40.0,cork,4,136.29380029920657,86.41735076904297
G_optimized_summarized_ESN_plus_thermal,5,40C__cork_trial_5,40C,40.0,cork,5,136.29380029920657,41.626906271641396
G_optimized_summarized_ESN_plus_thermal,5,40C__cork_trial_6,40C,40.0,cork,6,136.29380029920657,39.7636973063151
G_optimized_summarized_ESN_plus_thermal,5,50C__cork_trial_1,50C,50.0,cork,1,136.29380029920657,395.6288350423177
G_optimized_summarized_ESN_plus_thermal,5,50C__cork_trial_2,50C,50.0,cork,2,136.29380029920657,400.31410725911456
G_optimized_summarized_ESN_plus_thermal,5,50C__cork_trial_3,50C,50.0,cork,3,136.29380029920657,267.3179066975911
G_optimized_summarized_ESN_plus_thermal,5,50C__cork_trial_4,50C,50.0,cork,4,136.29380029920657,226.270263671875
G_optimized_summarized_ESN_plus_thermal,5,50C__cork_trial_5,50C,50.0,cork,5,136.29380029920657,381.6121419270833
G_optimized_summarized_ESN_plus_thermal,5,50C__cork_trial_6,50C,50.0,cork,6,136.29380029920657,379.5894063313802
G_optimized_summarized_ESN_plus_thermal,5,60C__cork_trial_1,60C,60.0,cork,1,136.29380029920657,366.2364908854167
G_optimized_summarized_ESN_plus_thermal,5,60C__cork_trial_2,60C,60.0,cork,2,136.29380029920657,339.31080118815106
G_optimized_summarized_ESN_plus_thermal,5,60C__cork_trial_3,60C,60.0,cork,3,136.29380029920657,298.0766906738281
G_optimized_summarized_ESN_plus_thermal,5,60C__cork_trial_4,60C,60.0,cork,4,136.29380029920657,291.3882420857747
G_optimized_summarized_ESN_plus_thermal,5,60C__cork_trial_5,60C,60.0,cork,5,136.29380029920657,296.1174774169922
G_optimized_summarized_ESN_plus_thermal,5,60C__cork_trial_6,60C,60.0,cork,6,136.29380029920657,380.9017740885417
A_raw_ESN_states,6,30C__graphite_trial_1,30C,30.0,graphite,1,11367.497525840945,20991.537760416668
A_raw_ESN_states,6,30C__graphite_trial_2,30C,30.0,graphite,2,11367.497525840945,8486.055989583334
A_raw_ESN_states,6,30C__graphite_trial_3,30C,30.0,graphite,3,11367.497525840945,2179.9504191080728
A_raw_ESN_states,6,30C__graphite_trial_4,30C,30.0,graphite,4,11367.497525840945,10310.843424479166
A_raw_ESN_states,6,30C__graphite_trial_5,30C,30.0,graphite,5,11367.497525840945,18495.677734375
A_raw_ESN_states,6,30C__graphite_trial_6,30C,30.0,graphite,6,11367.497525840945,8708.707845052084
A_raw_ESN_states,6,40C__graphite_trial_1,40C,40.0,graphite,1,11367.497525840945,10034.053059895834
A_raw_ESN_states,6,40C__graphite_trial_2,40C,40.0,graphite,2,11367.497525840945,5704.838541666667
A_raw_ESN_states,6,40C__graphite_trial_3,40C,40.0,graphite,3,11367.497525840945,7251.60693359375
A_raw_ESN_states,6,40C__graphite_trial_4,40C,40.0,graphite,4,11367.497525840945,8552.56494140625
A_raw_ESN_states,6,40C__graphite_trial_5,40C,40.0,graphite,5,11367.497525840945,3736.4051920572915
A_raw_ESN_states,6,40C__graphite_trial_6,40C,40.0,graphite,6,11367.497525840945,10061.647135416666
A_raw_ESN_states,6,50C__graphite_trial_1,50C,50.0,graphite,1,11367.497525840945,11917.180989583334
A_raw_ESN_states,6,50C__graphite_trial_2,50C,50.0,graphite,2,11367.497525840945,9683.451171875
A_raw_ESN_states,6,50C__graphite_trial_3,50C,50.0,graphite,3,11367.497525840945,14398.610026041666
A_raw_ESN_states,6,50C__graphite_trial_4,50C,50.0,graphite,4,11367.497525840945,11329.413736979166
A_raw_ESN_states,6,50C__graphite_trial_5,50C,50.0,graphite,5,11367.497525840945,9863.1474609375
A_raw_ESN_states,6,50C__graphite_trial_6,50C,50.0,graphite,6,11367.497525840945,12778.208333333334
A_raw_ESN_states,6,60C__graphite_trial_1,60C,60.0,graphite,1,11367.497525840945,11428.669921875
A_raw_ESN_states,6,60C__graphite_trial_2,60C,60.0,graphite,2,11367.497525840945,13491.777669270834
A_raw_ESN_states,6,60C__graphite_trial_3,60C,60.0,graphite,3,11367.497525840945,14184.2802734375
A_raw_ESN_states,6,60C__graphite_trial_4,60C,60.0,graphite,4,11367.497525840945,14630.7939453125
A_raw_ESN_states,6,60C__graphite_trial_5,60C,60.0,graphite,5,11367.497525840945,18298.903645833332
A_raw_ESN_states,6,60C__graphite_trial_6,60C,60.0,graphite,6,11367.497525840945,19831.918619791668
B_summarized_ESN_states,6,30C__graphite_trial_1,30C,30.0,graphite,1,11367.497525840945,14675.5927734375
B_summarized_ESN_states,6,30C__graphite_trial_2,30C,30.0,graphite,2,11367.497525840945,10694.796875
B_summarized_ESN_states,6,30C__graphite_trial_3,30C,30.0,graphite,3,11367.497525840945,6055.8393147786455
B_summarized_ESN_states,6,30C__graphite_trial_4,30C,30.0,graphite,4,11367.497525840945,16537.8857421875
B_summarized_ESN_states,6,30C__graphite_trial_5,30C,30.0,graphite,5,11367.497525840945,21453.474609375
B_summarized_ESN_states,6,30C__graphite_trial_6,30C,30.0,graphite,6,11367.497525840945,11543.474609375
B_summarized_ESN_states,6,40C__graphite_trial_1,40C,40.0,graphite,1,11367.497525840945,8524.698974609375
B_summarized_ESN_states,6,40C__graphite_trial_2,40C,40.0,graphite,2,11367.497525840945,9550.557535807291
B_summarized_ESN_states,6,40C__graphite_trial_3,40C,40.0,graphite,3,11367.497525840945,5840.765462239583
B_summarized_ESN_states,6,40C__graphite_trial_4,40C,40.0,graphite,4,11367.497525840945,6602.40380859375
B_summarized_ESN_states,6,40C__graphite_trial_5,40C,40.0,graphite,5,11367.497525840945,2475.480712890625
B_summarized_ESN_states,6,40C__graphite_trial_6,40C,40.0,graphite,6,11367.497525840945,4777.387044270833
B_summarized_ESN_states,6,50C__graphite_trial_1,50C,50.0,graphite,1,11367.497525840945,14534.42578125
B_summarized_ESN_states,6,50C__graphite_trial_2,50C,50.0,graphite,2,11367.497525840945,10119.552571614584
B_summarized_ESN_states,6,50C__graphite_trial_3,50C,50.0,graphite,3,11367.497525840945,12785.5361328125
B_summarized_ESN_states,6,50C__graphite_trial_4,50C,50.0,graphite,4,11367.497525840945,18612.006184895832
B_summarized_ESN_states,6,50C__graphite_trial_5,50C,50.0,graphite,5,11367.497525840945,7321.769694010417
B_summarized_ESN_states,6,50C__graphite_trial_6,50C,50.0,graphite,6,11367.497525840945,12526.12890625
B_summarized_ESN_states,6,60C__graphite_trial_1,60C,60.0,graphite,1,11367.497525840945,9206.46826171875
B_summarized_ESN_states,6,60C__graphite_trial_2,60C,60.0,graphite,2,11367.497525840945,10027.106770833334
B_summarized_ESN_states,6,60C__graphite_trial_3,60C,60.0,graphite,3,11367.497525840945,12619.0615234375
B_summarized_ESN_states,6,60C__graphite_trial_4,60C,60.0,graphite,4,11367.497525840945,10435.7685546875
B_summarized_ESN_states,6,60C__graphite_trial_5,60C,60.0,graphite,5,11367.497525840945,13246.994791666666
B_summarized_ESN_states,6,60C__graphite_trial_6,60C,60.0,graphite,6,11367.497525840945,10959.0400390625
C_raw_ESN_plus_thermal,6,30C__graphite_trial_1,30C,30.0,graphite,1,11367.497525840945,14616.994140625
C_raw_ESN_plus_thermal,6,30C__graphite_trial_2,30C,30.0,graphite,2,11367.497525840945,4073.2894694010415
C_raw_ESN_plus_thermal,6,30C__graphite_trial_3,30C,30.0,graphite,3,11367.497525840945,1649.0220947265625
C_raw_ESN_plus_thermal,6,30C__graphite_trial_4,30C,30.0,graphite,4,11367.497525840945,6455.027669270833
C_raw_ESN_plus_thermal,6,30C__graphite_trial_5,30C,30.0,graphite,5,11367.497525840945,6723.91650390625
C_raw_ESN_plus_thermal,6,30C__graphite_trial_6,30C,30.0,graphite,6,11367.497525840945,4341.670654296875
C_raw_ESN_plus_thermal,6,40C__graphite_trial_1,40C,40.0,graphite,1,11367.497525840945,9938.132975260416
C_raw_ESN_plus_thermal,6,40C__graphite_trial_2,40C,40.0,graphite,2,11367.497525840945,8064.586263020833
C_raw_ESN_plus_thermal,6,40C__graphite_trial_3,40C,40.0,graphite,3,11367.497525840945,9683.43896484375
C_raw_ESN_plus_thermal,6,40C__graphite_trial_4,40C,40.0,graphite,4,11367.497525840945,14536.1494140625
C_raw_ESN_plus_thermal,6,40C__graphite_trial_5,40C,40.0,graphite,5,11367.497525840945,5723.168619791667
C_raw_ESN_plus_thermal,6,40C__graphite_trial_6,40C,40.0,graphite,6,11367.497525840945,11877.8642578125
C_raw_ESN_plus_thermal,6,50C__graphite_trial_1,50C,50.0,graphite,1,11367.497525840945,15456.3671875
C_raw_ESN_plus_thermal,6,50C__graphite_trial_2,50C,50.0,graphite,2,11367.497525840945,14601.5810546875
C_raw_ESN_plus_thermal,6,50C__graphite_trial_3,50C,50.0,graphite,3,11367.497525840945,15742.7568359375
C_raw_ESN_plus_thermal,6,50C__graphite_trial_4,50C,50.0,graphite,4,11367.497525840945,14932.498046875
C_raw_ESN_plus_thermal,6,50C__graphite_trial_5,50C,50.0,graphite,5,11367.497525840945,9908.946126302084
C_raw_ESN_plus_thermal,6,50C__graphite_trial_6,50C,50.0,graphite,6,11367.497525840945,13950.361328125
C_raw_ESN_plus_thermal,6,60C__graphite_trial_1,60C,60.0,graphite,1,11367.497525840945,11155.886393229166
C_raw_ESN_plus_thermal,6,60C__graphite_trial_2,60C,60.0,graphite,2,11367.497525840945,13103.731770833334
C_raw_ESN_plus_thermal,6,60C__graphite_trial_3,60C,60.0,graphite,3,11367.497525840945,12809.7275390625
C_raw_ESN_plus_thermal,6,60C__graphite_trial_4,60C,60.0,graphite,4,11367.497525840945,16285.415364583334
C_raw_ESN_plus_thermal,6,60C__graphite_trial_5,60C,60.0,graphite,5,11367.497525840945,18584.133463541668
C_raw_ESN_plus_thermal,6,60C__graphite_trial_6,60C,60.0,graphite,6,11367.497525840945,19496.803385416668
D_summarized_ESN_plus_thermal,6,30C__graphite_trial_1,30C,30.0,graphite,1,11367.497525840945,11483.937174479166
D_summarized_ESN_plus_thermal,6,30C__graphite_trial_2,30C,30.0,graphite,2,11367.497525840945,5530.453531901042
D_summarized_ESN_plus_thermal,6,30C__graphite_trial_3,30C,30.0,graphite,3,11367.497525840945,2098.4835611979165
D_summarized_ESN_plus_thermal,6,30C__graphite_trial_4,30C,30.0,graphite,4,11367.497525840945,8704.628092447916
D_summarized_ESN_plus_thermal,6,30C__graphite_trial_5,30C,30.0,graphite,5,11367.497525840945,8602.33740234375
D_summarized_ESN_plus_thermal,6,30C__graphite_trial_6,30C,30.0,graphite,6,11367.497525840945,5729.797200520833
D_summarized_ESN_plus_thermal,6,40C__graphite_trial_1,40C,40.0,graphite,1,11367.497525840945,8815.632975260416
D_summarized_ESN_plus_thermal,6,40C__graphite_trial_2,40C,40.0,graphite,2,11367.497525840945,12181.512369791666
D_summarized_ESN_plus_thermal,6,40C__graphite_trial_3,40C,40.0,graphite,3,11367.497525840945,6504.883463541667
D_summarized_ESN_plus_thermal,6,40C__graphite_trial_4,40C,40.0,graphite,4,11367.497525840945,11527.958333333334
D_summarized_ESN_plus_thermal,6,40C__graphite_trial_5,40C,40.0,graphite,5,11367.497525840945,3667.739990234375
D_summarized_ESN_plus_thermal,6,40C__graphite_trial_6,40C,40.0,graphite,6,11367.497525840945,6776.125813802083
D_summarized_ESN_plus_thermal,6,50C__graphite_trial_1,50C,50.0,graphite,1,11367.497525840945,15480.360026041666
D_summarized_ESN_plus_thermal,6,50C__graphite_trial_2,50C,50.0,graphite,2,11367.497525840945,15168.368489583334
D_summarized_ESN_plus_thermal,6,50C__graphite_trial_3,50C,50.0,graphite,3,11367.497525840945,13050.3876953125
D_summarized_ESN_plus_thermal,6,50C__graphite_trial_4,50C,50.0,graphite,4,11367.497525840945,19878.468098958332
D_summarized_ESN_plus_thermal,6,50C__graphite_trial_5,50C,50.0,graphite,5,11367.497525840945,7045.184407552083
D_summarized_ESN_plus_thermal,6,50C__graphite_trial_6,50C,50.0,graphite,6,11367.497525840945,11269.10009765625
D_summarized_ESN_plus_thermal,6,60C__graphite_trial_1,60C,60.0,graphite,1,11367.497525840945,8840.660807291666
D_summarized_ESN_plus_thermal,6,60C__graphite_trial_2,60C,60.0,graphite,2,11367.497525840945,12767.7587890625
D_summarized_ESN_plus_thermal,6,60C__graphite_trial_3,60C,60.0,graphite,3,11367.497525840945,12466.655924479166
D_summarized_ESN_plus_thermal,6,60C__graphite_trial_4,60C,60.0,graphite,4,11367.497525840945,11072.526041666666
D_summarized_ESN_plus_thermal,6,60C__graphite_trial_5,60C,60.0,graphite,5,11367.497525840945,10954.868489583334
D_summarized_ESN_plus_thermal,6,60C__graphite_trial_6,60C,60.0,graphite,6,11367.497525840945,11463.308268229166
E_thermal_features_only,6,30C__graphite_trial_1,30C,30.0,graphite,1,11367.497525840945,6574.872884114583
E_thermal_features_only,6,30C__graphite_trial_2,30C,30.0,graphite,2,11367.497525840945,3075.6658528645835
E_thermal_features_only,6,30C__graphite_trial_3,30C,30.0,graphite,3,11367.497525840945,1524.7354736328125
E_thermal_features_only,6,30C__graphite_trial_4,30C,30.0,graphite,4,11367.497525840945,2448.79443359375
E_thermal_features_only,6,30C__graphite_trial_5,30C,30.0,graphite,5,11367.497525840945,2894.642822265625
E_thermal_features_only,6,30C__graphite_trial_6,30C,30.0,graphite,6,11367.497525840945,4099.898356119792
E_thermal_features_only,6,40C__graphite_trial_1,40C,40.0,graphite,1,11367.497525840945,7999.59423828125
E_thermal_features_only,6,40C__graphite_trial_2,40C,40.0,graphite,2,11367.497525840945,28491.923828125
E_thermal_features_only,6,40C__graphite_trial_3,40C,40.0,graphite,3,11367.497525840945,13544.837239583334
E_thermal_features_only,6,40C__graphite_trial_4,40C,40.0,graphite,4,11367.497525840945,16084.103190104166
E_thermal_features_only,6,40C__graphite_trial_5,40C,40.0,graphite,5,11367.497525840945,4575.408040364583
E_thermal_features_only,6,40C__graphite_trial_6,40C,40.0,graphite,6,11367.497525840945,10269.355794270834
E_thermal_features_only,6,50C__graphite_trial_1,50C,50.0,graphite,1,11367.497525840945,11286.6064453125
E_thermal_features_only,6,50C__graphite_trial_2,50C,50.0,graphite,2,11367.497525840945,10667.4794921875
E_thermal_features_only,6,50C__graphite_trial_3,50C,50.0,graphite,3,11367.497525840945,11227.014973958334
E_thermal_features_only,6,50C__graphite_trial_4,50C,50.0,graphite,4,11367.497525840945,11098.772135416666
E_thermal_features_only,6,50C__graphite_trial_5,50C,50.0,graphite,5,11367.497525840945,7301.415852864583
E_thermal_features_only,6,50C__graphite_trial_6,50C,50.0,graphite,6,11367.497525840945,8259.713541666666
E_thermal_features_only,6,60C__graphite_trial_1,60C,60.0,graphite,1,11367.497525840945,6744.695149739583
E_thermal_features_only,6,60C__graphite_trial_2,60C,60.0,graphite,2,11367.497525840945,20849.342447916668
E_thermal_features_only,6,60C__graphite_trial_3,60C,60.0,graphite,3,11367.497525840945,10353.5771484375
E_thermal_features_only,6,60C__graphite_trial_4,60C,60.0,graphite,4,11367.497525840945,11455.840169270834
E_thermal_features_only,6,60C__graphite_trial_5,60C,60.0,graphite,5,11367.497525840945,9422.1748046875
E_thermal_features_only,6,60C__graphite_trial_6,60C,60.0,graphite,6,11367.497525840945,17009.837890625
F_optimized_summarized_ESN,6,30C__graphite_trial_1,30C,30.0,graphite,1,11367.497525840945,15762.191731770834
F_optimized_summarized_ESN,6,30C__graphite_trial_2,30C,30.0,graphite,2,11367.497525840945,11270.091145833334
F_optimized_summarized_ESN,6,30C__graphite_trial_3,30C,30.0,graphite,3,11367.497525840945,6111.0897216796875
F_optimized_summarized_ESN,6,30C__graphite_trial_4,30C,30.0,graphite,4,11367.497525840945,13869.069661458334
F_optimized_summarized_ESN,6,30C__graphite_trial_5,30C,30.0,graphite,5,11367.497525840945,21949.927083333332
F_optimized_summarized_ESN,6,30C__graphite_trial_6,30C,30.0,graphite,6,11367.497525840945,11788.049153645834
F_optimized_summarized_ESN,6,40C__graphite_trial_1,40C,40.0,graphite,1,11367.497525840945,8320.782552083334
F_optimized_summarized_ESN,6,40C__graphite_trial_2,40C,40.0,graphite,2,11367.497525840945,7967.157063802083
F_optimized_summarized_ESN,6,40C__graphite_trial_3,40C,40.0,graphite,3,11367.497525840945,6672.980794270833
F_optimized_summarized_ESN,6,40C__graphite_trial_4,40C,40.0,graphite,4,11367.497525840945,6580.17626953125
F_optimized_summarized_ESN,6,40C__graphite_trial_5,40C,40.0,graphite,5,11367.497525840945,2904.8924967447915
F_optimized_summarized_ESN,6,40C__graphite_trial_6,40C,40.0,graphite,6,11367.497525840945,6447.744466145833
F_optimized_summarized_ESN,6,50C__graphite_trial_1,50C,50.0,graphite,1,11367.497525840945,13404.533528645834
F_optimized_summarized_ESN,6,50C__graphite_trial_2,50C,50.0,graphite,2,11367.497525840945,12609.418619791666
F_optimized_summarized_ESN,6,50C__graphite_trial_3,50C,50.0,graphite,3,11367.497525840945,11553.570638020834
F_optimized_summarized_ESN,6,50C__graphite_trial_4,50C,50.0,graphite,4,11367.497525840945,15013.271484375
F_optimized_summarized_ESN,6,50C__graphite_trial_5,50C,50.0,graphite,5,11367.497525840945,6774.807942708333
F_optimized_summarized_ESN,6,50C__graphite_trial_6,50C,50.0,graphite,6,11367.497525840945,10880.87158203125
F_optimized_summarized_ESN,6,60C__graphite_trial_1,60C,60.0,graphite,1,11367.497525840945,9928.55859375
F_optimized_summarized_ESN,6,60C__graphite_trial_2,60C,60.0,graphite,2,11367.497525840945,11592.266927083334
F_optimized_summarized_ESN,6,60C__graphite_trial_3,60C,60.0,graphite,3,11367.497525840945,12525.1728515625
F_optimized_summarized_ESN,6,60C__graphite_trial_4,60C,60.0,graphite,4,11367.497525840945,9495.781575520834
F_optimized_summarized_ESN,6,60C__graphite_trial_5,60C,60.0,graphite,5,11367.497525840945,11837.223307291666
F_optimized_summarized_ESN,6,60C__graphite_trial_6,60C,60.0,graphite,6,11367.497525840945,13596.5107421875
G_optimized_summarized_ESN_plus_thermal,6,30C__graphite_trial_1,30C,30.0,graphite,1,11367.497525840945,12446.0966796875
G_optimized_summarized_ESN_plus_thermal,6,30C__graphite_trial_2,30C,30.0,graphite,2,11367.497525840945,17423.703776041668
G_optimized_summarized_ESN_plus_thermal,6,30C__graphite_trial_3,30C,30.0,graphite,3,11367.497525840945,13528.146321614584
G_optimized_summarized_ESN_plus_thermal,6,30C__graphite_trial_4,30C,30.0,graphite,4,11367.497525840945,22839.712239583332
G_optimized_summarized_ESN_plus_thermal,6,30C__graphite_trial_5,30C,30.0,graphite,5,11367.497525840945,20775.725911458332
G_optimized_summarized_ESN_plus_thermal,6,30C__graphite_trial_6,30C,30.0,graphite,6,11367.497525840945,16597.972330729168
G_optimized_summarized_ESN_plus_thermal,6,40C__graphite_trial_1,40C,40.0,graphite,1,11367.497525840945,8054.532877604167
G_optimized_summarized_ESN_plus_thermal,6,40C__graphite_trial_2,40C,40.0,graphite,2,11367.497525840945,11706.021484375
G_optimized_summarized_ESN_plus_thermal,6,40C__graphite_trial_3,40C,40.0,graphite,3,11367.497525840945,7949.21240234375
G_optimized_summarized_ESN_plus_thermal,6,40C__graphite_trial_4,40C,40.0,graphite,4,11367.497525840945,9456.365559895834
G_optimized_summarized_ESN_plus_thermal,6,40C__graphite_trial_5,40C,40.0,graphite,5,11367.497525840945,2771.026896158854
G_optimized_summarized_ESN_plus_thermal,6,40C__graphite_trial_6,40C,40.0,graphite,6,11367.497525840945,6335.990885416667
G_optimized_summarized_ESN_plus_thermal,6,50C__graphite_trial_1,50C,50.0,graphite,1,11367.497525840945,16147.708658854166
G_optimized_summarized_ESN_plus_thermal,6,50C__graphite_trial_2,50C,50.0,graphite,2,11367.497525840945,13805.9619140625
G_optimized_summarized_ESN_plus_thermal,6,50C__graphite_trial_3,50C,50.0,graphite,3,11367.497525840945,13080.424153645834
G_optimized_summarized_ESN_plus_thermal,6,50C__graphite_trial_4,50C,50.0,graphite,4,11367.497525840945,17630.397786458332
G_optimized_summarized_ESN_plus_thermal,6,50C__graphite_trial_5,50C,50.0,graphite,5,11367.497525840945,6866.670735677083
G_optimized_summarized_ESN_plus_thermal,6,50C__graphite_trial_6,50C,50.0,graphite,6,11367.497525840945,11947.157877604166
G_optimized_summarized_ESN_plus_thermal,6,60C__graphite_trial_1,60C,60.0,graphite,1,11367.497525840945,9866.349609375
G_optimized_summarized_ESN_plus_thermal,6,60C__graphite_trial_2,60C,60.0,graphite,2,11367.497525840945,14875.3671875
G_optimized_summarized_ESN_plus_thermal,6,60C__graphite_trial_3,60C,60.0,graphite,3,11367.497525840945,11050.578776041666
G_optimized_summarized_ESN_plus_thermal,6,60C__graphite_trial_4,60C,60.0,graphite,4,11367.497525840945,14779.548502604166
G_optimized_summarized_ESN_plus_thermal,6,60C__graphite_trial_5,60C,60.0,graphite,5,11367.497525840945,9927.162434895834
G_optimized_summarized_ESN_plus_thermal,6,60C__graphite_trial_6,60C,60.0,graphite,6,11367.497525840945,13631.752278645834
A_raw_ESN_states,7,30C__gypsum_trial_1,30C,30.0,gypsum,1,385.01948002666046,117.93083190917969
A_raw_ESN_states,7,30C__gypsum_trial_2,30C,30.0,gypsum,2,385.01948002666046,250.2519276936849
A_raw_ESN_states,7,30C__gypsum_trial_3,30C,30.0,gypsum,3,385.01948002666046,222.95103454589844
A_raw_ESN_states,7,30C__gypsum_trial_4,30C,30.0,gypsum,4,385.01948002666046,131.569460550944
A_raw_ESN_states,7,30C__gypsum_trial_5,30C,30.0,gypsum,5,385.01948002666046,176.18750762939453
A_raw_ESN_states,7,30C__gypsum_trial_6,30C,30.0,gypsum,6,385.01948002666046,157.43255360921225
A_raw_ESN_states,7,40C__gypsum_trial_1,40C,40.0,gypsum,1,385.01948002666046,208.85977681477866
A_raw_ESN_states,7,40C__gypsum_trial_2,40C,40.0,gypsum,2,385.01948002666046,212.3467763264974
A_raw_ESN_states,7,40C__gypsum_trial_3,40C,40.0,gypsum,3,385.01948002666046,275.6304880777995
A_raw_ESN_states,7,40C__gypsum_trial_4,40C,40.0,gypsum,4,385.01948002666046,331.9849344889323
A_raw_ESN_states,7,40C__gypsum_trial_5,40C,40.0,gypsum,5,385.01948002666046,435.65239969889325
A_raw_ESN_states,7,40C__gypsum_trial_6,40C,40.0,gypsum,6,385.01948002666046,403.69236246744794
A_raw_ESN_states,7,50C__gypsum_trial_1,50C,50.0,gypsum,1,385.01948002666046,915.4713745117188
A_raw_ESN_states,7,50C__gypsum_trial_2,50C,50.0,gypsum,2,385.01948002666046,622.3421529134115
A_raw_ESN_states,7,50C__gypsum_trial_3,50C,50.0,gypsum,3,385.01948002666046,563.6207580566406
A_raw_ESN_states,7,50C__gypsum_trial_4,50C,50.0,gypsum,4,385.01948002666046,662.4640706380209
A_raw_ESN_states,7,50C__gypsum_trial_5,50C,50.0,gypsum,5,385.01948002666046,1479.3548583984375
A_raw_ESN_states,7,50C__gypsum_trial_6,50C,50.0,gypsum,6,385.01948002666046,489.8167775472005
A_raw_ESN_states,7,60C__gypsum_trial_1,60C,60.0,gypsum,1,385.01948002666046,12532.194986979166
A_raw_ESN_states,7,60C__gypsum_trial_2,60C,60.0,gypsum,2,385.01948002666046,3296.42822265625
A_raw_ESN_states,7,60C__gypsum_trial_3,60C,60.0,gypsum,3,385.01948002666046,7388.62451171875
A_raw_ESN_states,7,60C__gypsum_trial_4,60C,60.0,gypsum,4,385.01948002666046,5847.923502604167
A_raw_ESN_states,7,60C__gypsum_trial_5,60C,60.0,gypsum,5,385.01948002666046,9365.506022135416
A_raw_ESN_states,7,60C__gypsum_trial_6,60C,60.0,gypsum,6,385.01948002666046,9562.62939453125
B_summarized_ESN_states,7,30C__gypsum_trial_1,30C,30.0,gypsum,1,385.01948002666046,166.8213907877604
B_summarized_ESN_states,7,30C__gypsum_trial_2,30C,30.0,gypsum,2,385.01948002666046,268.9312795003255
B_summarized_ESN_states,7,30C__gypsum_trial_3,30C,30.0,gypsum,3,385.01948002666046,249.4314422607422
B_summarized_ESN_states,7,30C__gypsum_trial_4,30C,30.0,gypsum,4,385.01948002666046,156.63685607910156
B_summarized_ESN_states,7,30C__gypsum_trial_5,30C,30.0,gypsum,5,385.01948002666046,204.83923848470053
B_summarized_ESN_states,7,30C__gypsum_trial_6,30C,30.0,gypsum,6,385.01948002666046,167.28326416015625
B_summarized_ESN_states,7,40C__gypsum_trial_1,40C,40.0,gypsum,1,385.01948002666046,268.0284423828125
B_summarized_ESN_states,7,40C__gypsum_trial_2,40C,40.0,gypsum,2,385.01948002666046,144.9983901977539
B_summarized_ESN_states,7,40C__gypsum_trial_3,40C,40.0,gypsum,3,385.01948002666046,279.2842152913411
B_summarized_ESN_states,7,40C__gypsum_trial_4,40C,40.0,gypsum,4,385.01948002666046,386.47156778971356
B_summarized_ESN_states,7,40C__gypsum_trial_5,40C,40.0,gypsum,5,385.01948002666046,429.68288167317706
B_summarized_ESN_states,7,40C__gypsum_trial_6,40C,40.0,gypsum,6,385.01948002666046,478.31467692057294
B_summarized_ESN_states,7,50C__gypsum_trial_1,50C,50.0,gypsum,1,385.01948002666046,521.3451639811198
B_summarized_ESN_states,7,50C__gypsum_trial_2,50C,50.0,gypsum,2,385.01948002666046,545.7714131673177
B_summarized_ESN_states,7,50C__gypsum_trial_3,50C,50.0,gypsum,3,385.01948002666046,499.8087565104167
B_summarized_ESN_states,7,50C__gypsum_trial_4,50C,50.0,gypsum,4,385.01948002666046,591.6863911946615
B_summarized_ESN_states,7,50C__gypsum_trial_5,50C,50.0,gypsum,5,385.01948002666046,567.6437581380209
B_summarized_ESN_states,7,50C__gypsum_trial_6,50C,50.0,gypsum,6,385.01948002666046,520.7059326171875
B_summarized_ESN_states,7,60C__gypsum_trial_1,60C,60.0,gypsum,1,385.01948002666046,9495.084309895834
B_summarized_ESN_states,7,60C__gypsum_trial_2,60C,60.0,gypsum,2,385.01948002666046,2955.264404296875
B_summarized_ESN_states,7,60C__gypsum_trial_3,60C,60.0,gypsum,3,385.01948002666046,6934.31201171875
B_summarized_ESN_states,7,60C__gypsum_trial_4,60C,60.0,gypsum,4,385.01948002666046,8166.418294270833
B_summarized_ESN_states,7,60C__gypsum_trial_5,60C,60.0,gypsum,5,385.01948002666046,8626.6591796875
B_summarized_ESN_states,7,60C__gypsum_trial_6,60C,60.0,gypsum,6,385.01948002666046,11775.01171875
C_raw_ESN_plus_thermal,7,30C__gypsum_trial_1,30C,30.0,gypsum,1,385.01948002666046,164.48536682128906
C_raw_ESN_plus_thermal,7,30C__gypsum_trial_2,30C,30.0,gypsum,2,385.01948002666046,306.88067626953125
C_raw_ESN_plus_thermal,7,30C__gypsum_trial_3,30C,30.0,gypsum,3,385.01948002666046,240.65447998046875
C_raw_ESN_plus_thermal,7,30C__gypsum_trial_4,30C,30.0,gypsum,4,385.01948002666046,163.34412129720053
C_raw_ESN_plus_thermal,7,30C__gypsum_trial_5,30C,30.0,gypsum,5,385.01948002666046,206.34261067708334
C_raw_ESN_plus_thermal,7,30C__gypsum_trial_6,30C,30.0,gypsum,6,385.01948002666046,179.1972401936849
C_raw_ESN_plus_thermal,7,40C__gypsum_trial_1,40C,40.0,gypsum,1,385.01948002666046,265.4499053955078
C_raw_ESN_plus_thermal,7,40C__gypsum_trial_2,40C,40.0,gypsum,2,385.01948002666046,237.52222188313803
C_raw_ESN_plus_thermal,7,40C__gypsum_trial_3,40C,40.0,gypsum,3,385.01948002666046,246.7376505533854
C_raw_ESN_plus_thermal,7,40C__gypsum_trial_4,40C,40.0,gypsum,4,385.01948002666046,393.5234375
C_raw_ESN_plus_thermal,7,40C__gypsum_trial_5,40C,40.0,gypsum,5,385.01948002666046,741.4339090983073
C_raw_ESN_plus_thermal,7,40C__gypsum_trial_6,40C,40.0,gypsum,6,385.01948002666046,549.2598266601562
C_raw_ESN_plus_thermal,7,50C__gypsum_trial_1,50C,50.0,gypsum,1,385.01948002666046,736.1318562825521
C_raw_ESN_plus_thermal,7,50C__gypsum_trial_2,50C,50.0,gypsum,2,385.01948002666046,607.0297241210938
C_raw_ESN_plus_thermal,7,50C__gypsum_trial_3,50C,50.0,gypsum,3,385.01948002666046,745.3130289713541
C_raw_ESN_plus_thermal,7,50C__gypsum_trial_4,50C,50.0,gypsum,4,385.01948002666046,748.228515625
C_raw_ESN_plus_thermal,7,50C__gypsum_trial_5,50C,50.0,gypsum,5,385.01948002666046,971.6579996744791
C_raw_ESN_plus_thermal,7,50C__gypsum_trial_6,50C,50.0,gypsum,6,385.01948002666046,475.9701436360677
C_raw_ESN_plus_thermal,7,60C__gypsum_trial_1,60C,60.0,gypsum,1,385.01948002666046,4316.94580078125
C_raw_ESN_plus_thermal,7,60C__gypsum_trial_2,60C,60.0,gypsum,2,385.01948002666046,2586.0499674479165
C_raw_ESN_plus_thermal,7,60C__gypsum_trial_3,60C,60.0,gypsum,3,385.01948002666046,1893.4687906901042
C_raw_ESN_plus_thermal,7,60C__gypsum_trial_4,60C,60.0,gypsum,4,385.01948002666046,2706.0618489583335
C_raw_ESN_plus_thermal,7,60C__gypsum_trial_5,60C,60.0,gypsum,5,385.01948002666046,4121.1728515625
C_raw_ESN_plus_thermal,7,60C__gypsum_trial_6,60C,60.0,gypsum,6,385.01948002666046,2345.244099934896
D_summarized_ESN_plus_thermal,7,30C__gypsum_trial_1,30C,30.0,gypsum,1,385.01948002666046,252.219482421875
D_summarized_ESN_plus_thermal,7,30C__gypsum_trial_2,30C,30.0,gypsum,2,385.01948002666046,323.35096232096356
D_summarized_ESN_plus_thermal,7,30C__gypsum_trial_3,30C,30.0,gypsum,3,385.01948002666046,267.1205190022786
D_summarized_ESN_plus_thermal,7,30C__gypsum_trial_4,30C,30.0,gypsum,4,385.01948002666046,187.0392812093099
D_summarized_ESN_plus_thermal,7,30C__gypsum_trial_5,30C,30.0,gypsum,5,385.01948002666046,275.1207326253255
D_summarized_ESN_plus_thermal,7,30C__gypsum_trial_6,30C,30.0,gypsum,6,385.01948002666046,188.5074717203776
D_summarized_ESN_plus_thermal,7,40C__gypsum_trial_1,40C,40.0,gypsum,1,385.01948002666046,285.6094970703125
D_summarized_ESN_plus_thermal,7,40C__gypsum_trial_2,40C,40.0,gypsum,2,385.01948002666046,207.1761220296224
D_summarized_ESN_plus_thermal,7,40C__gypsum_trial_3,40C,40.0,gypsum,3,385.01948002666046,253.1944834391276
D_summarized_ESN_plus_thermal,7,40C__gypsum_trial_4,40C,40.0,gypsum,4,385.01948002666046,448.8858235677083
D_summarized_ESN_plus_thermal,7,40C__gypsum_trial_5,40C,40.0,gypsum,5,385.01948002666046,595.65087890625
D_summarized_ESN_plus_thermal,7,40C__gypsum_trial_6,40C,40.0,gypsum,6,385.01948002666046,553.1367390950521
D_summarized_ESN_plus_thermal,7,50C__gypsum_trial_1,50C,50.0,gypsum,1,385.01948002666046,689.98046875
D_summarized_ESN_plus_thermal,7,50C__gypsum_trial_2,50C,50.0,gypsum,2,385.01948002666046,658.6647745768229
D_summarized_ESN_plus_thermal,7,50C__gypsum_trial_3,50C,50.0,gypsum,3,385.01948002666046,633.0607299804688
D_summarized_ESN_plus_thermal,7,50C__gypsum_trial_4,50C,50.0,gypsum,4,385.01948002666046,686.7222696940104
D_summarized_ESN_plus_thermal,7,50C__gypsum_trial_5,50C,50.0,gypsum,5,385.01948002666046,730.7462768554688
D_summarized_ESN_plus_thermal,7,50C__gypsum_trial_6,50C,50.0,gypsum,6,385.01948002666046,607.7242736816406
D_summarized_ESN_plus_thermal,7,60C__gypsum_trial_1,60C,60.0,gypsum,1,385.01948002666046,4748.117513020833
D_summarized_ESN_plus_thermal,7,60C__gypsum_trial_2,60C,60.0,gypsum,2,385.01948002666046,2247.4601236979165
D_summarized_ESN_plus_thermal,7,60C__gypsum_trial_3,60C,60.0,gypsum,3,385.01948002666046,1937.3173421223958
D_summarized_ESN_plus_thermal,7,60C__gypsum_trial_4,60C,60.0,gypsum,4,385.01948002666046,3982.341796875
D_summarized_ESN_plus_thermal,7,60C__gypsum_trial_5,60C,60.0,gypsum,5,385.01948002666046,3686.1940104166665
D_summarized_ESN_plus_thermal,7,60C__gypsum_trial_6,60C,60.0,gypsum,6,385.01948002666046,2997.544677734375
E_thermal_features_only,7,30C__gypsum_trial_1,30C,30.0,gypsum,1,385.01948002666046,349.2366231282552
E_thermal_features_only,7,30C__gypsum_trial_2,30C,30.0,gypsum,2,385.01948002666046,252.12179565429688
E_thermal_features_only,7,30C__gypsum_trial_3,30C,30.0,gypsum,3,385.01948002666046,229.60783894856772
E_thermal_features_only,7,30C__gypsum_trial_4,30C,30.0,gypsum,4,385.01948002666046,290.2132568359375
E_thermal_features_only,7,30C__gypsum_trial_5,30C,30.0,gypsum,5,385.01948002666046,290.41009521484375
E_thermal_features_only,7,30C__gypsum_trial_6,30C,30.0,gypsum,6,385.01948002666046,265.8854268391927
E_thermal_features_only,7,40C__gypsum_trial_1,40C,40.0,gypsum,1,385.01948002666046,242.1193084716797
E_thermal_features_only,7,40C__gypsum_trial_2,40C,40.0,gypsum,2,385.01948002666046,218.2002716064453
E_thermal_features_only,7,40C__gypsum_trial_3,40C,40.0,gypsum,3,385.01948002666046,184.18304951985678
E_thermal_features_only,7,40C__gypsum_trial_4,40C,40.0,gypsum,4,385.01948002666046,261.60791015625
E_thermal_features_only,7,40C__gypsum_trial_5,40C,40.0,gypsum,5,385.01948002666046,417.09215291341144
E_thermal_features_only,7,40C__gypsum_trial_6,40C,40.0,gypsum,6,385.01948002666046,411.0498962402344
E_thermal_features_only,7,50C__gypsum_trial_1,50C,50.0,gypsum,1,385.01948002666046,565.7178955078125
E_thermal_features_only,7,50C__gypsum_trial_2,50C,50.0,gypsum,2,385.01948002666046,548.0677591959635
E_thermal_features_only,7,50C__gypsum_trial_3,50C,50.0,gypsum,3,385.01948002666046,537.9269409179688
E_thermal_features_only,7,50C__gypsum_trial_4,50C,50.0,gypsum,4,385.01948002666046,479.29261271158856
E_thermal_features_only,7,50C__gypsum_trial_5,50C,50.0,gypsum,5,385.01948002666046,943.6602376302084
E_thermal_features_only,7,50C__gypsum_trial_6,50C,50.0,gypsum,6,385.01948002666046,603.1299438476562
E_thermal_features_only,7,60C__gypsum_trial_1,60C,60.0,gypsum,1,385.01948002666046,2076.3748372395835
E_thermal_features_only,7,60C__gypsum_trial_2,60C,60.0,gypsum,2,385.01948002666046,1639.1416422526042
E_thermal_features_only,7,60C__gypsum_trial_3,60C,60.0,gypsum,3,385.01948002666046,1173.8928629557292
E_thermal_features_only,7,60C__gypsum_trial_4,60C,60.0,gypsum,4,385.01948002666046,1804.419921875
E_thermal_features_only,7,60C__gypsum_trial_5,60C,60.0,gypsum,5,385.01948002666046,1710.8882649739583
E_thermal_features_only,7,60C__gypsum_trial_6,60C,60.0,gypsum,6,385.01948002666046,1368.6985677083333
F_optimized_summarized_ESN,7,30C__gypsum_trial_1,30C,30.0,gypsum,1,385.01948002666046,192.17309061686197
F_optimized_summarized_ESN,7,30C__gypsum_trial_2,30C,30.0,gypsum,2,385.01948002666046,284.8211161295573
F_optimized_summarized_ESN,7,30C__gypsum_trial_3,30C,30.0,gypsum,3,385.01948002666046,257.8464813232422
F_optimized_summarized_ESN,7,30C__gypsum_trial_4,30C,30.0,gypsum,4,385.01948002666046,172.6288045247396
F_optimized_summarized_ESN,7,30C__gypsum_trial_5,30C,30.0,gypsum,5,385.01948002666046,258.7770538330078
F_optimized_summarized_ESN,7,30C__gypsum_trial_6,30C,30.0,gypsum,6,385.01948002666046,175.6670176188151
F_optimized_summarized_ESN,7,40C__gypsum_trial_1,40C,40.0,gypsum,1,385.01948002666046,205.5316365559896
F_optimized_summarized_ESN,7,40C__gypsum_trial_2,40C,40.0,gypsum,2,385.01948002666046,154.3593317667643
F_optimized_summarized_ESN,7,40C__gypsum_trial_3,40C,40.0,gypsum,3,385.01948002666046,306.9759470621745
F_optimized_summarized_ESN,7,40C__gypsum_trial_4,40C,40.0,gypsum,4,385.01948002666046,389.9104817708333
F_optimized_summarized_ESN,7,40C__gypsum_trial_5,40C,40.0,gypsum,5,385.01948002666046,632.3735148111979
F_optimized_summarized_ESN,7,40C__gypsum_trial_6,40C,40.0,gypsum,6,385.01948002666046,466.31992594401044
F_optimized_summarized_ESN,7,50C__gypsum_trial_1,50C,50.0,gypsum,1,385.01948002666046,863.7931722005209
F_optimized_summarized_ESN,7,50C__gypsum_trial_2,50C,50.0,gypsum,2,385.01948002666046,516.8381551106771
F_optimized_summarized_ESN,7,50C__gypsum_trial_3,50C,50.0,gypsum,3,385.01948002666046,580.8941955566406
F_optimized_summarized_ESN,7,50C__gypsum_trial_4,50C,50.0,gypsum,4,385.01948002666046,646.2740478515625
F_optimized_summarized_ESN,7,50C__gypsum_trial_5,50C,50.0,gypsum,5,385.01948002666046,966.0248616536459
F_optimized_summarized_ESN,7,50C__gypsum_trial_6,50C,50.0,gypsum,6,385.01948002666046,577.5656433105469
F_optimized_summarized_ESN,7,60C__gypsum_trial_1,60C,60.0,gypsum,1,385.01948002666046,9707.5947265625
F_optimized_summarized_ESN,7,60C__gypsum_trial_2,60C,60.0,gypsum,2,385.01948002666046,2643.6842447916665
F_optimized_summarized_ESN,7,60C__gypsum_trial_3,60C,60.0,gypsum,3,385.01948002666046,4728.83544921875
F_optimized_summarized_ESN,7,60C__gypsum_trial_4,60C,60.0,gypsum,4,385.01948002666046,6565.650716145833
F_optimized_summarized_ESN,7,60C__gypsum_trial_5,60C,60.0,gypsum,5,385.01948002666046,8916.572916666666
F_optimized_summarized_ESN,7,60C__gypsum_trial_6,60C,60.0,gypsum,6,385.01948002666046,10231.565104166666
G_optimized_summarized_ESN_plus_thermal,7,30C__gypsum_trial_1,30C,30.0,gypsum,1,385.01948002666046,186.00641377766928
G_optimized_summarized_ESN_plus_thermal,7,30C__gypsum_trial_2,30C,30.0,gypsum,2,385.01948002666046,259.516596476237
G_optimized_summarized_ESN_plus_thermal,7,30C__gypsum_trial_3,30C,30.0,gypsum,3,385.01948002666046,257.6952718098958
G_optimized_summarized_ESN_plus_thermal,7,30C__gypsum_trial_4,30C,30.0,gypsum,4,385.01948002666046,105.91258494059245
G_optimized_summarized_ESN_plus_thermal,7,30C__gypsum_trial_5,30C,30.0,gypsum,5,385.01948002666046,152.6559600830078
G_optimized_summarized_ESN_plus_thermal,7,30C__gypsum_trial_6,30C,30.0,gypsum,6,385.01948002666046,105.76974995930989
G_optimized_summarized_ESN_plus_thermal,7,40C__gypsum_trial_1,40C,40.0,gypsum,1,385.01948002666046,187.56463114420572
G_optimized_summarized_ESN_plus_thermal,7,40C__gypsum_trial_2,40C,40.0,gypsum,2,385.01948002666046,182.4360809326172
G_optimized_summarized_ESN_plus_thermal,7,40C__gypsum_trial_3,40C,40.0,gypsum,3,385.01948002666046,282.2046763102214
G_optimized_summarized_ESN_plus_thermal,7,40C__gypsum_trial_4,40C,40.0,gypsum,4,385.01948002666046,366.8359781901042
G_optimized_summarized_ESN_plus_thermal,7,40C__gypsum_trial_5,40C,40.0,gypsum,5,385.01948002666046,661.2364908854166
G_optimized_summarized_ESN_plus_thermal,7,40C__gypsum_trial_6,40C,40.0,gypsum,6,385.01948002666046,575.9162801106771
G_optimized_summarized_ESN_plus_thermal,7,50C__gypsum_trial_1,50C,50.0,gypsum,1,385.01948002666046,861.0707804361979
G_optimized_summarized_ESN_plus_thermal,7,50C__gypsum_trial_2,50C,50.0,gypsum,2,385.01948002666046,761.6707763671875
G_optimized_summarized_ESN_plus_thermal,7,50C__gypsum_trial_3,50C,50.0,gypsum,3,385.01948002666046,953.1968383789062
G_optimized_summarized_ESN_plus_thermal,7,50C__gypsum_trial_4,50C,50.0,gypsum,4,385.01948002666046,826.7031860351562
G_optimized_summarized_ESN_plus_thermal,7,50C__gypsum_trial_5,50C,50.0,gypsum,5,385.01948002666046,694.9747111002604
G_optimized_summarized_ESN_plus_thermal,7,50C__gypsum_trial_6,50C,50.0,gypsum,6,385.01948002666046,834.1844889322916
G_optimized_summarized_ESN_plus_thermal,7,60C__gypsum_trial_1,60C,60.0,gypsum,1,385.01948002666046,5226.148193359375
G_optimized_summarized_ESN_plus_thermal,7,60C__gypsum_trial_2,60C,60.0,gypsum,2,385.01948002666046,2480.8629353841147
G_optimized_summarized_ESN_plus_thermal,7,60C__gypsum_trial_3,60C,60.0,gypsum,3,385.01948002666046,1131.98095703125
G_optimized_summarized_ESN_plus_thermal,7,60C__gypsum_trial_4,60C,60.0,gypsum,4,385.01948002666046,4719.321451822917
G_optimized_summarized_ESN_plus_thermal,7,60C__gypsum_trial_5,60C,60.0,gypsum,5,385.01948002666046,4459.198323567708
G_optimized_summarized_ESN_plus_thermal,7,60C__gypsum_trial_6,60C,60.0,gypsum,6,385.01948002666046,1885.0651448567708
A_raw_ESN_states,8,30C__iron_trial_1,30C,30.0,iron,1,16859.663413010356,16431.882161458332
A_raw_ESN_states,8,30C__iron_trial_2,30C,30.0,iron,2,16859.663413010356,24969.216145833332
A_raw_ESN_states,8,30C__iron_trial_3,30C,30.0,iron,3,16859.663413010356,27757.060546875
A_raw_ESN_states,8,30C__iron_trial_4,30C,30.0,iron,4,16859.663413010356,16777.294921875
A_raw_ESN_states,8,30C__iron_trial_5,30C,30.0,iron,5,16859.663413010356,12383.193684895834
A_raw_ESN_states,8,30C__iron_trial_6,30C,30.0,iron,6,16859.663413010356,13496.573893229166
A_raw_ESN_states,8,40C__iron_trial_1,40C,40.0,iron,1,16859.663413010356,10972.727376302084
A_raw_ESN_states,8,40C__iron_trial_2,40C,40.0,iron,2,16859.663413010356,12867.986653645834
A_raw_ESN_states,8,40C__iron_trial_3,40C,40.0,iron,3,16859.663413010356,13551.5419921875
A_raw_ESN_states,8,40C__iron_trial_4,40C,40.0,iron,4,16859.663413010356,10519.168619791666
A_raw_ESN_states,8,40C__iron_trial_5,40C,40.0,iron,5,16859.663413010356,17974.754557291668
A_raw_ESN_states,8,40C__iron_trial_6,40C,40.0,iron,6,16859.663413010356,12645.268880208334
A_raw_ESN_states,8,50C__iron_trial_1,50C,50.0,iron,1,16859.663413010356,15074.437825520834
A_raw_ESN_states,8,50C__iron_trial_2,50C,50.0,iron,2,16859.663413010356,18339.037109375
A_raw_ESN_states,8,50C__iron_trial_3,50C,50.0,iron,3,16859.663413010356,5343.681640625
A_raw_ESN_states,8,50C__iron_trial_4,50C,50.0,iron,4,16859.663413010356,23035.8515625
A_raw_ESN_states,8,50C__iron_trial_5,50C,50.0,iron,5,16859.663413010356,10398.852864583334
A_raw_ESN_states,8,50C__iron_trial_6,50C,50.0,iron,6,16859.663413010356,18308.415364583332
A_raw_ESN_states,8,60C__iron_trial_1,60C,60.0,iron,1,16859.663413010356,22021.145182291668
A_raw_ESN_states,8,60C__iron_trial_2,60C,60.0,iron,2,16859.663413010356,22783.866536458332
A_raw_ESN_states,8,60C__iron_trial_3,60C,60.0,iron,3,16859.663413010356,20495.228515625
A_raw_ESN_states,8,60C__iron_trial_4,60C,60.0,iron,4,16859.663413010356,13620.336263020834
A_raw_ESN_states,8,60C__iron_trial_5,60C,60.0,iron,5,16859.663413010356,19230.22265625
A_raw_ESN_states,8,60C__iron_trial_6,60C,60.0,iron,6,16859.663413010356,19454.955729166668
B_summarized_ESN_states,8,30C__iron_trial_1,30C,30.0,iron,1,16859.663413010356,13527.583984375
B_summarized_ESN_states,8,30C__iron_trial_2,30C,30.0,iron,2,16859.663413010356,22846.094075520832
B_summarized_ESN_states,8,30C__iron_trial_3,30C,30.0,iron,3,16859.663413010356,24468.288411458332
B_summarized_ESN_states,8,30C__iron_trial_4,30C,30.0,iron,4,16859.663413010356,20561.878255208332
B_summarized_ESN_states,8,30C__iron_trial_5,30C,30.0,iron,5,16859.663413010356,11912.9814453125
B_summarized_ESN_states,8,30C__iron_trial_6,30C,30.0,iron,6,16859.663413010356,14493.1142578125
B_summarized_ESN_states,8,40C__iron_trial_1,40C,40.0,iron,1,16859.663413010356,17538.210286458332
B_summarized_ESN_states,8,40C__iron_trial_2,40C,40.0,iron,2,16859.663413010356,10873.739583333334
B_summarized_ESN_states,8,40C__iron_trial_3,40C,40.0,iron,3,16859.663413010356,12558.4091796875
B_summarized_ESN_states,8,40C__iron_trial_4,40C,40.0,iron,4,16859.663413010356,7011.606282552083
B_summarized_ESN_states,8,40C__iron_trial_5,40C,40.0,iron,5,16859.663413010356,11492.202799479166
B_summarized_ESN_states,8,40C__iron_trial_6,40C,40.0,iron,6,16859.663413010356,15656.871744791666
B_summarized_ESN_states,8,50C__iron_trial_1,50C,50.0,iron,1,16859.663413010356,12760.273763020834
B_summarized_ESN_states,8,50C__iron_trial_2,50C,50.0,iron,2,16859.663413010356,13289.009440104166
B_summarized_ESN_states,8,50C__iron_trial_3,50C,50.0,iron,3,16859.663413010356,12174.279947916666
B_summarized_ESN_states,8,50C__iron_trial_4,50C,50.0,iron,4,16859.663413010356,12585.1943359375
B_summarized_ESN_states,8,50C__iron_trial_5,50C,50.0,iron,5,16859.663413010356,15439.884765625
B_summarized_ESN_states,8,50C__iron_trial_6,50C,50.0,iron,6,16859.663413010356,23293.474609375
B_summarized_ESN_states,8,60C__iron_trial_1,60C,60.0,iron,1,16859.663413010356,30584.65234375
B_summarized_ESN_states,8,60C__iron_trial_2,60C,60.0,iron,2,16859.663413010356,20913.0234375
B_summarized_ESN_states,8,60C__iron_trial_3,60C,60.0,iron,3,16859.663413010356,14315.651692708334
B_summarized_ESN_states,8,60C__iron_trial_4,60C,60.0,iron,4,16859.663413010356,16157.199544270834
B_summarized_ESN_states,8,60C__iron_trial_5,60C,60.0,iron,5,16859.663413010356,20167.615885416668
B_summarized_ESN_states,8,60C__iron_trial_6,60C,60.0,iron,6,16859.663413010356,24495.328125
C_raw_ESN_plus_thermal,8,30C__iron_trial_1,30C,30.0,iron,1,16859.663413010356,17342.003255208332
C_raw_ESN_plus_thermal,8,30C__iron_trial_2,30C,30.0,iron,2,16859.663413010356,24112.423828125
C_raw_ESN_plus_thermal,8,30C__iron_trial_3,30C,30.0,iron,3,16859.663413010356,18112.722981770832
C_raw_ESN_plus_thermal,8,30C__iron_trial_4,30C,30.0,iron,4,16859.663413010356,17184.086263020832
C_raw_ESN_plus_thermal,8,30C__iron_trial_5,30C,30.0,iron,5,16859.663413010356,14368.6328125
C_raw_ESN_plus_thermal,8,30C__iron_trial_6,30C,30.0,iron,6,16859.663413010356,16339.740559895834
C_raw_ESN_plus_thermal,8,40C__iron_trial_1,40C,40.0,iron,1,16859.663413010356,11988.406901041666
C_raw_ESN_plus_thermal,8,40C__iron_trial_2,40C,40.0,iron,2,16859.663413010356,14682.001302083334
C_raw_ESN_plus_thermal,8,40C__iron_trial_3,40C,40.0,iron,3,16859.663413010356,11507.516276041666
C_raw_ESN_plus_thermal,8,40C__iron_trial_4,40C,40.0,iron,4,16859.663413010356,9593.893229166666
C_raw_ESN_plus_thermal,8,40C__iron_trial_5,40C,40.0,iron,5,16859.663413010356,11226.547526041666
C_raw_ESN_plus_thermal,8,40C__iron_trial_6,40C,40.0,iron,6,16859.663413010356,10672.614908854166
C_raw_ESN_plus_thermal,8,50C__iron_trial_1,50C,50.0,iron,1,16859.663413010356,14825.742513020834
C_raw_ESN_plus_thermal,8,50C__iron_trial_2,50C,50.0,iron,2,16859.663413010356,17148.749348958332
C_raw_ESN_plus_thermal,8,50C__iron_trial_3,50C,50.0,iron,3,16859.663413010356,5844.30615234375
C_raw_ESN_plus_thermal,8,50C__iron_trial_4,50C,50.0,iron,4,16859.663413010356,22212.07421875
C_raw_ESN_plus_thermal,8,50C__iron_trial_5,50C,50.0,iron,5,16859.663413010356,10581.7431640625
C_raw_ESN_plus_thermal,8,50C__iron_trial_6,50C,50.0,iron,6,16859.663413010356,19569.383463541668
C_raw_ESN_plus_thermal,8,60C__iron_trial_1,60C,60.0,iron,1,16859.663413010356,21711.192057291668
C_raw_ESN_plus_thermal,8,60C__iron_trial_2,60C,60.0,iron,2,16859.663413010356,22004.087890625
C_raw_ESN_plus_thermal,8,60C__iron_trial_3,60C,60.0,iron,3,16859.663413010356,18252.596354166668
C_raw_ESN_plus_thermal,8,60C__iron_trial_4,60C,60.0,iron,4,16859.663413010356,14908.268229166666
C_raw_ESN_plus_thermal,8,60C__iron_trial_5,60C,60.0,iron,5,16859.663413010356,19127.18359375
C_raw_ESN_plus_thermal,8,60C__iron_trial_6,60C,60.0,iron,6,16859.663413010356,21049.737630208332
D_summarized_ESN_plus_thermal,8,30C__iron_trial_1,30C,30.0,iron,1,16859.663413010356,10151.831705729166
D_summarized_ESN_plus_thermal,8,30C__iron_trial_2,30C,30.0,iron,2,16859.663413010356,23766.840494791668
D_summarized_ESN_plus_thermal,8,30C__iron_trial_3,30C,30.0,iron,3,16859.663413010356,17456.936197916668
D_summarized_ESN_plus_thermal,8,30C__iron_trial_4,30C,30.0,iron,4,16859.663413010356,18987.93359375
D_summarized_ESN_plus_thermal,8,30C__iron_trial_5,30C,30.0,iron,5,16859.663413010356,17714.748372395832
D_summarized_ESN_plus_thermal,8,30C__iron_trial_6,30C,30.0,iron,6,16859.663413010356,14640.031901041666
D_summarized_ESN_plus_thermal,8,40C__iron_trial_1,40C,40.0,iron,1,16859.663413010356,13470.1435546875
D_summarized_ESN_plus_thermal,8,40C__iron_trial_2,40C,40.0,iron,2,16859.663413010356,8559.286783854166
D_summarized_ESN_plus_thermal,8,40C__iron_trial_3,40C,40.0,iron,3,16859.663413010356,8970.897298177084
D_summarized_ESN_plus_thermal,8,40C__iron_trial_4,40C,40.0,iron,4,16859.663413010356,6130.09326171875
D_summarized_ESN_plus_thermal,8,40C__iron_trial_5,40C,40.0,iron,5,16859.663413010356,14158.646809895834
D_summarized_ESN_plus_thermal,8,40C__iron_trial_6,40C,40.0,iron,6,16859.663413010356,14826.906901041666
D_summarized_ESN_plus_thermal,8,50C__iron_trial_1,50C,50.0,iron,1,16859.663413010356,10449.033528645834
D_summarized_ESN_plus_thermal,8,50C__iron_trial_2,50C,50.0,iron,2,16859.663413010356,13251.720703125
D_summarized_ESN_plus_thermal,8,50C__iron_trial_3,50C,50.0,iron,3,16859.663413010356,13346.3505859375
D_summarized_ESN_plus_thermal,8,50C__iron_trial_4,50C,50.0,iron,4,16859.663413010356,14778.758463541666
D_summarized_ESN_plus_thermal,8,50C__iron_trial_5,50C,50.0,iron,5,16859.663413010356,14942.0791015625
D_summarized_ESN_plus_thermal,8,50C__iron_trial_6,50C,50.0,iron,6,16859.663413010356,26104.694661458332
D_summarized_ESN_plus_thermal,8,60C__iron_trial_1,60C,60.0,iron,1,16859.663413010356,29825.324869791668
D_summarized_ESN_plus_thermal,8,60C__iron_trial_2,60C,60.0,iron,2,16859.663413010356,20403.716796875
D_summarized_ESN_plus_thermal,8,60C__iron_trial_3,60C,60.0,iron,3,16859.663413010356,17316.512369791668
D_summarized_ESN_plus_thermal,8,60C__iron_trial_4,60C,60.0,iron,4,16859.663413010356,14335.914388020834
D_summarized_ESN_plus_thermal,8,60C__iron_trial_5,60C,60.0,iron,5,16859.663413010356,16499.8505859375
D_summarized_ESN_plus_thermal,8,60C__iron_trial_6,60C,60.0,iron,6,16859.663413010356,23249.080729166668
E_thermal_features_only,8,30C__iron_trial_1,30C,30.0,iron,1,16859.663413010356,9990.743815104166
E_thermal_features_only,8,30C__iron_trial_2,30C,30.0,iron,2,16859.663413010356,22936.353515625
E_thermal_features_only,8,30C__iron_trial_3,30C,30.0,iron,3,16859.663413010356,11739.2998046875
E_thermal_features_only,8,30C__iron_trial_4,30C,30.0,iron,4,16859.663413010356,22614.4296875
E_thermal_features_only,8,30C__iron_trial_5,30C,30.0,iron,5,16859.663413010356,6076.628092447917
E_thermal_features_only,8,30C__iron_trial_6,30C,30.0,iron,6,16859.663413010356,15727.16796875
E_thermal_features_only,8,40C__iron_trial_1,40C,40.0,iron,1,16859.663413010356,10519.458658854166
E_thermal_features_only,8,40C__iron_trial_2,40C,40.0,iron,2,16859.663413010356,8568.295572916666
E_thermal_features_only,8,40C__iron_trial_3,40C,40.0,iron,3,16859.663413010356,4690.220703125
E_thermal_features_only,8,40C__iron_trial_4,40C,40.0,iron,4,16859.663413010356,7722.95556640625
E_thermal_features_only,8,40C__iron_trial_5,40C,40.0,iron,5,16859.663413010356,13639.5439453125
E_thermal_features_only,8,40C__iron_trial_6,40C,40.0,iron,6,16859.663413010356,12397.438802083334
E_thermal_features_only,8,50C__iron_trial_1,50C,50.0,iron,1,16859.663413010356,11127.786458333334
E_thermal_features_only,8,50C__iron_trial_2,50C,50.0,iron,2,16859.663413010356,15072.020833333334
E_thermal_features_only,8,50C__iron_trial_3,50C,50.0,iron,3,16859.663413010356,11616.388997395834
E_thermal_features_only,8,50C__iron_trial_4,50C,50.0,iron,4,16859.663413010356,14681.9951171875
E_thermal_features_only,8,50C__iron_trial_5,50C,50.0,iron,5,16859.663413010356,14206.958333333334
E_thermal_features_only,8,50C__iron_trial_6,50C,50.0,iron,6,16859.663413010356,26441.834635416668
E_thermal_features_only,8,60C__iron_trial_1,60C,60.0,iron,1,16859.663413010356,24821.486979166668
E_thermal_features_only,8,60C__iron_trial_2,60C,60.0,iron,2,16859.663413010356,19918.164713541668
E_thermal_features_only,8,60C__iron_trial_3,60C,60.0,iron,3,16859.663413010356,16845.825520833332
E_thermal_features_only,8,60C__iron_trial_4,60C,60.0,iron,4,16859.663413010356,13185.1201171875
E_thermal_features_only,8,60C__iron_trial_5,60C,60.0,iron,5,16859.663413010356,14701.9619140625
E_thermal_features_only,8,60C__iron_trial_6,60C,60.0,iron,6,16859.663413010356,21999.155598958332
F_optimized_summarized_ESN,8,30C__iron_trial_1,30C,30.0,iron,1,16859.663413010356,15939.459309895834
F_optimized_summarized_ESN,8,30C__iron_trial_2,30C,30.0,iron,2,16859.663413010356,24295.2109375
F_optimized_summarized_ESN,8,30C__iron_trial_3,30C,30.0,iron,3,16859.663413010356,22484.895833333332
F_optimized_summarized_ESN,8,30C__iron_trial_4,30C,30.0,iron,4,16859.663413010356,19143.484700520832
F_optimized_summarized_ESN,8,30C__iron_trial_5,30C,30.0,iron,5,16859.663413010356,8602.285481770834
F_optimized_summarized_ESN,8,30C__iron_trial_6,30C,30.0,iron,6,16859.663413010356,14354.255208333334
F_optimized_summarized_ESN,8,40C__iron_trial_1,40C,40.0,iron,1,16859.663413010356,13584.724283854166
F_optimized_summarized_ESN,8,40C__iron_trial_2,40C,40.0,iron,2,16859.663413010356,8982.76220703125
F_optimized_summarized_ESN,8,40C__iron_trial_3,40C,40.0,iron,3,16859.663413010356,10058.35546875
F_optimized_summarized_ESN,8,40C__iron_trial_4,40C,40.0,iron,4,16859.663413010356,7375.903483072917
F_optimized_summarized_ESN,8,40C__iron_trial_5,40C,40.0,iron,5,16859.663413010356,10604.618815104166
F_optimized_summarized_ESN,8,40C__iron_trial_6,40C,40.0,iron,6,16859.663413010356,15201.462890625
F_optimized_summarized_ESN,8,50C__iron_trial_1,50C,50.0,iron,1,16859.663413010356,13015.280598958334
F_optimized_summarized_ESN,8,50C__iron_trial_2,50C,50.0,iron,2,16859.663413010356,12943.186848958334
F_optimized_summarized_ESN,8,50C__iron_trial_3,50C,50.0,iron,3,16859.663413010356,13931.515299479166
F_optimized_summarized_ESN,8,50C__iron_trial_4,50C,50.0,iron,4,16859.663413010356,11534.474609375
F_optimized_summarized_ESN,8,50C__iron_trial_5,50C,50.0,iron,5,16859.663413010356,18331.944010416668
F_optimized_summarized_ESN,8,50C__iron_trial_6,50C,50.0,iron,6,16859.663413010356,23836.515625
F_optimized_summarized_ESN,8,60C__iron_trial_1,60C,60.0,iron,1,16859.663413010356,30436.447916666668
F_optimized_summarized_ESN,8,60C__iron_trial_2,60C,60.0,iron,2,16859.663413010356,20484.263671875
F_optimized_summarized_ESN,8,60C__iron_trial_3,60C,60.0,iron,3,16859.663413010356,16215.013671875
F_optimized_summarized_ESN,8,60C__iron_trial_4,60C,60.0,iron,4,16859.663413010356,14507.835286458334
F_optimized_summarized_ESN,8,60C__iron_trial_5,60C,60.0,iron,5,16859.663413010356,19300.828776041668
F_optimized_summarized_ESN,8,60C__iron_trial_6,60C,60.0,iron,6,16859.663413010356,27113.134114583332
G_optimized_summarized_ESN_plus_thermal,8,30C__iron_trial_1,30C,30.0,iron,1,16859.663413010356,8918.268717447916
G_optimized_summarized_ESN_plus_thermal,8,30C__iron_trial_2,30C,30.0,iron,2,16859.663413010356,25860.925130208332
G_optimized_summarized_ESN_plus_thermal,8,30C__iron_trial_3,30C,30.0,iron,3,16859.663413010356,9922.7734375
G_optimized_summarized_ESN_plus_thermal,8,30C__iron_trial_4,30C,30.0,iron,4,16859.663413010356,18170.940755208332
G_optimized_summarized_ESN_plus_thermal,8,30C__iron_trial_5,30C,30.0,iron,5,16859.663413010356,15211.314127604166
G_optimized_summarized_ESN_plus_thermal,8,30C__iron_trial_6,30C,30.0,iron,6,16859.663413010356,11180.490559895834
G_optimized_summarized_ESN_plus_thermal,8,40C__iron_trial_1,40C,40.0,iron,1,16859.663413010356,15120.4111328125
G_optimized_summarized_ESN_plus_thermal,8,40C__iron_trial_2,40C,40.0,iron,2,16859.663413010356,8807.898763020834
G_optimized_summarized_ESN_plus_thermal,8,40C__iron_trial_3,40C,40.0,iron,3,16859.663413010356,6472.718912760417
G_optimized_summarized_ESN_plus_thermal,8,40C__iron_trial_4,40C,40.0,iron,4,16859.663413010356,5620.396647135417
G_optimized_summarized_ESN_plus_thermal,8,40C__iron_trial_5,40C,40.0,iron,5,16859.663413010356,13433.556315104166
G_optimized_summarized_ESN_plus_thermal,8,40C__iron_trial_6,40C,40.0,iron,6,16859.663413010356,14273.574869791666
G_optimized_summarized_ESN_plus_thermal,8,50C__iron_trial_1,50C,50.0,iron,1,16859.663413010356,10567.9638671875
G_optimized_summarized_ESN_plus_thermal,8,50C__iron_trial_2,50C,50.0,iron,2,16859.663413010356,11620.2861328125
G_optimized_summarized_ESN_plus_thermal,8,50C__iron_trial_3,50C,50.0,iron,3,16859.663413010356,12043.545572916666
G_optimized_summarized_ESN_plus_thermal,8,50C__iron_trial_4,50C,50.0,iron,4,16859.663413010356,11883.150390625
G_optimized_summarized_ESN_plus_thermal,8,50C__iron_trial_5,50C,50.0,iron,5,16859.663413010356,17408.675130208332
G_optimized_summarized_ESN_plus_thermal,8,50C__iron_trial_6,50C,50.0,iron,6,16859.663413010356,25323.86328125
G_optimized_summarized_ESN_plus_thermal,8,60C__iron_trial_1,60C,60.0,iron,1,16859.663413010356,29443.41015625
G_optimized_summarized_ESN_plus_thermal,8,60C__iron_trial_2,60C,60.0,iron,2,16859.663413010356,20391.410807291668
G_optimized_summarized_ESN_plus_thermal,8,60C__iron_trial_3,60C,60.0,iron,3,16859.663413010356,17494.100260416668
G_optimized_summarized_ESN_plus_thermal,8,60C__iron_trial_4,60C,60.0,iron,4,16859.663413010356,12393.390950520834
G_optimized_summarized_ESN_plus_thermal,8,60C__iron_trial_5,60C,60.0,iron,5,16859.663413010356,17792.597005208332
G_optimized_summarized_ESN_plus_thermal,8,60C__iron_trial_6,60C,60.0,iron,6,16859.663413010356,24413.324869791668
A_raw_ESN_states,9,30C__nickel_trial_1,30C,30.0,nickel,1,19320.68449098013,4219.409993489583
A_raw_ESN_states,9,30C__nickel_trial_2,30C,30.0,nickel,2,19320.68449098013,4168.068684895833
A_raw_ESN_states,9,30C__nickel_trial_3,30C,30.0,nickel,3,19320.68449098013,13500.504231770834
A_raw_ESN_states,9,30C__nickel_trial_4,30C,30.0,nickel,4,19320.68449098013,2883.9229736328125
A_raw_ESN_states,9,30C__nickel_trial_5,30C,30.0,nickel,5,19320.68449098013,10527.212565104166
A_raw_ESN_states,9,30C__nickel_trial_6,30C,30.0,nickel,6,19320.68449098013,13597.023763020834
A_raw_ESN_states,9,40C__nickel_trial_1,40C,40.0,nickel,1,19320.68449098013,11288.66015625
A_raw_ESN_states,9,40C__nickel_trial_2,40C,40.0,nickel,2,19320.68449098013,5947.076009114583
A_raw_ESN_states,9,40C__nickel_trial_3,40C,40.0,nickel,3,19320.68449098013,12354.289713541666
A_raw_ESN_states,9,40C__nickel_trial_4,40C,40.0,nickel,4,19320.68449098013,8998.642740885416
A_raw_ESN_states,9,40C__nickel_trial_5,40C,40.0,nickel,5,19320.68449098013,12680.8359375
A_raw_ESN_states,9,40C__nickel_trial_6,40C,40.0,nickel,6,19320.68449098013,9910.888671875
A_raw_ESN_states,9,50C__nickel_trial_1,50C,50.0,nickel,1,19320.68449098013,14781.765299479166
A_raw_ESN_states,9,50C__nickel_trial_2,50C,50.0,nickel,2,19320.68449098013,15561.6220703125
A_raw_ESN_states,9,50C__nickel_trial_3,50C,50.0,nickel,3,19320.68449098013,12185.7509765625
A_raw_ESN_states,9,50C__nickel_trial_4,50C,50.0,nickel,4,19320.68449098013,12285.858723958334
A_raw_ESN_states,9,50C__nickel_trial_5,50C,50.0,nickel,5,19320.68449098013,15969.169596354166
A_raw_ESN_states,9,50C__nickel_trial_6,50C,50.0,nickel,6,19320.68449098013,13584.679036458334
A_raw_ESN_states,9,60C__nickel_trial_1,60C,60.0,nickel,1,19320.68449098013,12498.610677083334
A_raw_ESN_states,9,60C__nickel_trial_2,60C,60.0,nickel,2,19320.68449098013,10798.042643229166
A_raw_ESN_states,9,60C__nickel_trial_3,60C,60.0,nickel,3,19320.68449098013,12691.92578125
A_raw_ESN_states,9,60C__nickel_trial_4,60C,60.0,nickel,4,19320.68449098013,19635.725260416668
A_raw_ESN_states,9,60C__nickel_trial_5,60C,60.0,nickel,5,19320.68449098013,18000.767252604168
A_raw_ESN_states,9,60C__nickel_trial_6,60C,60.0,nickel,6,19320.68449098013,23990.944010416668
B_summarized_ESN_states,9,30C__nickel_trial_1,30C,30.0,nickel,1,19320.68449098013,7820.07275390625
B_summarized_ESN_states,9,30C__nickel_trial_2,30C,30.0,nickel,2,19320.68449098013,13133.857096354166
B_summarized_ESN_states,9,30C__nickel_trial_3,30C,30.0,nickel,3,19320.68449098013,14191.219075520834
B_summarized_ESN_states,9,30C__nickel_trial_4,30C,30.0,nickel,4,19320.68449098013,8485.5908203125
B_summarized_ESN_states,9,30C__nickel_trial_5,30C,30.0,nickel,5,19320.68449098013,11830.941080729166
B_summarized_ESN_states,9,30C__nickel_trial_6,30C,30.0,nickel,6,19320.68449098013,20690.521484375
B_summarized_ESN_states,9,40C__nickel_trial_1,40C,40.0,nickel,1,19320.68449098013,6874.284505208333
B_summarized_ESN_states,9,40C__nickel_trial_2,40C,40.0,nickel,2,19320.68449098013,10312.588216145834
B_summarized_ESN_states,9,40C__nickel_trial_3,40C,40.0,nickel,3,19320.68449098013,19171.410481770832
B_summarized_ESN_states,9,40C__nickel_trial_4,40C,40.0,nickel,4,19320.68449098013,10713.2294921875
B_summarized_ESN_states,9,40C__nickel_trial_5,40C,40.0,nickel,5,19320.68449098013,16086.484700520834
B_summarized_ESN_states,9,40C__nickel_trial_6,40C,40.0,nickel,6,19320.68449098013,9728.062825520834
B_summarized_ESN_states,9,50C__nickel_trial_1,50C,50.0,nickel,1,19320.68449098013,10951.650716145834
B_summarized_ESN_states,9,50C__nickel_trial_2,50C,50.0,nickel,2,19320.68449098013,16236.794270833334
B_summarized_ESN_states,9,50C__nickel_trial_3,50C,50.0,nickel,3,19320.68449098013,15177.806640625
B_summarized_ESN_states,9,50C__nickel_trial_4,50C,50.0,nickel,4,19320.68449098013,16631.384765625
B_summarized_ESN_states,9,50C__nickel_trial_5,50C,50.0,nickel,5,19320.68449098013,10484.072916666666
B_summarized_ESN_states,9,50C__nickel_trial_6,50C,50.0,nickel,6,19320.68449098013,16492.021484375
B_summarized_ESN_states,9,60C__nickel_trial_1,60C,60.0,nickel,1,19320.68449098013,10402.1318359375
B_summarized_ESN_states,9,60C__nickel_trial_2,60C,60.0,nickel,2,19320.68449098013,22693.087890625
B_summarized_ESN_states,9,60C__nickel_trial_3,60C,60.0,nickel,3,19320.68449098013,15535.083984375
B_summarized_ESN_states,9,60C__nickel_trial_4,60C,60.0,nickel,4,19320.68449098013,21970.2421875
B_summarized_ESN_states,9,60C__nickel_trial_5,60C,60.0,nickel,5,19320.68449098013,20730.1328125
B_summarized_ESN_states,9,60C__nickel_trial_6,60C,60.0,nickel,6,19320.68449098013,25139.107421875
C_raw_ESN_plus_thermal,9,30C__nickel_trial_1,30C,30.0,nickel,1,19320.68449098013,5526.339192708333
C_raw_ESN_plus_thermal,9,30C__nickel_trial_2,30C,30.0,nickel,2,19320.68449098013,10441.478841145834
C_raw_ESN_plus_thermal,9,30C__nickel_trial_3,30C,30.0,nickel,3,19320.68449098013,16395.3486328125
C_raw_ESN_plus_thermal,9,30C__nickel_trial_4,30C,30.0,nickel,4,19320.68449098013,8307.970377604166
C_raw_ESN_plus_thermal,9,30C__nickel_trial_5,30C,30.0,nickel,5,19320.68449098013,13945.680013020834
C_raw_ESN_plus_thermal,9,30C__nickel_trial_6,30C,30.0,nickel,6,19320.68449098013,15810.142578125
C_raw_ESN_plus_thermal,9,40C__nickel_trial_1,40C,40.0,nickel,1,19320.68449098013,11117.8017578125
C_raw_ESN_plus_thermal,9,40C__nickel_trial_2,40C,40.0,nickel,2,19320.68449098013,6810.111328125
C_raw_ESN_plus_thermal,9,40C__nickel_trial_3,40C,40.0,nickel,3,19320.68449098013,13382.03125
C_raw_ESN_plus_thermal,9,40C__nickel_trial_4,40C,40.0,nickel,4,19320.68449098013,10149.300455729166
C_raw_ESN_plus_thermal,9,40C__nickel_trial_5,40C,40.0,nickel,5,19320.68449098013,10830.738606770834
C_raw_ESN_plus_thermal,9,40C__nickel_trial_6,40C,40.0,nickel,6,19320.68449098013,9997.766276041666
C_raw_ESN_plus_thermal,9,50C__nickel_trial_1,50C,50.0,nickel,1,19320.68449098013,14959.121744791666
C_raw_ESN_plus_thermal,9,50C__nickel_trial_2,50C,50.0,nickel,2,19320.68449098013,15136.582356770834
C_raw_ESN_plus_thermal,9,50C__nickel_trial_3,50C,50.0,nickel,3,19320.68449098013,12876.829427083334
C_raw_ESN_plus_thermal,9,50C__nickel_trial_4,50C,50.0,nickel,4,19320.68449098013,12786.054361979166
C_raw_ESN_plus_thermal,9,50C__nickel_trial_5,50C,50.0,nickel,5,19320.68449098013,13933.821614583334
C_raw_ESN_plus_thermal,9,50C__nickel_trial_6,50C,50.0,nickel,6,19320.68449098013,14871.714518229166
C_raw_ESN_plus_thermal,9,60C__nickel_trial_1,60C,60.0,nickel,1,19320.68449098013,11597.598958333334
C_raw_ESN_plus_thermal,9,60C__nickel_trial_2,60C,60.0,nickel,2,19320.68449098013,11482.66015625
C_raw_ESN_plus_thermal,9,60C__nickel_trial_3,60C,60.0,nickel,3,19320.68449098013,12830.886393229166
C_raw_ESN_plus_thermal,9,60C__nickel_trial_4,60C,60.0,nickel,4,19320.68449098013,20800.915364583332
C_raw_ESN_plus_thermal,9,60C__nickel_trial_5,60C,60.0,nickel,5,19320.68449098013,19421.447916666668
C_raw_ESN_plus_thermal,9,60C__nickel_trial_6,60C,60.0,nickel,6,19320.68449098013,24923.102864583332
D_summarized_ESN_plus_thermal,9,30C__nickel_trial_1,30C,30.0,nickel,1,19320.68449098013,12085.970703125
D_summarized_ESN_plus_thermal,9,30C__nickel_trial_2,30C,30.0,nickel,2,19320.68449098013,13294.126953125
D_summarized_ESN_plus_thermal,9,30C__nickel_trial_3,30C,30.0,nickel,3,19320.68449098013,17889.533854166668
D_summarized_ESN_plus_thermal,9,30C__nickel_trial_4,30C,30.0,nickel,4,19320.68449098013,11247.2177734375
D_summarized_ESN_plus_thermal,9,30C__nickel_trial_5,30C,30.0,nickel,5,19320.68449098013,17853.64453125
D_summarized_ESN_plus_thermal,9,30C__nickel_trial_6,30C,30.0,nickel,6,19320.68449098013,21323.450520833332
D_summarized_ESN_plus_thermal,9,40C__nickel_trial_1,40C,40.0,nickel,1,19320.68449098013,5849.751139322917
D_summarized_ESN_plus_thermal,9,40C__nickel_trial_2,40C,40.0,nickel,2,19320.68449098013,8453.265299479166
D_summarized_ESN_plus_thermal,9,40C__nickel_trial_3,40C,40.0,nickel,3,19320.68449098013,16747.5419921875
D_summarized_ESN_plus_thermal,9,40C__nickel_trial_4,40C,40.0,nickel,4,19320.68449098013,12447.857421875
D_summarized_ESN_plus_thermal,9,40C__nickel_trial_5,40C,40.0,nickel,5,19320.68449098013,12289.643880208334
D_summarized_ESN_plus_thermal,9,40C__nickel_trial_6,40C,40.0,nickel,6,19320.68449098013,10727.1328125
D_summarized_ESN_plus_thermal,9,50C__nickel_trial_1,50C,50.0,nickel,1,19320.68449098013,11354.431640625
D_summarized_ESN_plus_thermal,9,50C__nickel_trial_2,50C,50.0,nickel,2,19320.68449098013,13489.0361328125
D_summarized_ESN_plus_thermal,9,50C__nickel_trial_3,50C,50.0,nickel,3,19320.68449098013,13267.7392578125
D_summarized_ESN_plus_thermal,9,50C__nickel_trial_4,50C,50.0,nickel,4,19320.68449098013,12718.140950520834
D_summarized_ESN_plus_thermal,9,50C__nickel_trial_5,50C,50.0,nickel,5,19320.68449098013,7466.204915364583
D_summarized_ESN_plus_thermal,9,50C__nickel_trial_6,50C,50.0,nickel,6,19320.68449098013,17899.900390625
D_summarized_ESN_plus_thermal,9,60C__nickel_trial_1,60C,60.0,nickel,1,19320.68449098013,9113.402018229166
D_summarized_ESN_plus_thermal,9,60C__nickel_trial_2,60C,60.0,nickel,2,19320.68449098013,20667.759114583332
D_summarized_ESN_plus_thermal,9,60C__nickel_trial_3,60C,60.0,nickel,3,19320.68449098013,13538.4775390625
D_summarized_ESN_plus_thermal,9,60C__nickel_trial_4,60C,60.0,nickel,4,19320.68449098013,23591.014973958332
D_summarized_ESN_plus_thermal,9,60C__nickel_trial_5,60C,60.0,nickel,5,19320.68449098013,22170.251302083332
D_summarized_ESN_plus_thermal,9,60C__nickel_trial_6,60C,60.0,nickel,6,19320.68449098013,21827.880208333332
E_thermal_features_only,9,30C__nickel_trial_1,30C,30.0,nickel,1,19320.68449098013,19817.169921875
E_thermal_features_only,9,30C__nickel_trial_2,30C,30.0,nickel,2,19320.68449098013,11576.788736979166
E_thermal_features_only,9,30C__nickel_trial_3,30C,30.0,nickel,3,19320.68449098013,17479.479166666668
E_thermal_features_only,9,30C__nickel_trial_4,30C,30.0,nickel,4,19320.68449098013,13356.258463541666
E_thermal_features_only,9,30C__nickel_trial_5,30C,30.0,nickel,5,19320.68449098013,15526.192708333334
E_thermal_features_only,9,30C__nickel_trial_6,30C,30.0,nickel,6,19320.68449098013,15260.4599609375
E_thermal_features_only,9,40C__nickel_trial_1,40C,40.0,nickel,1,19320.68449098013,6735.000162760417
E_thermal_features_only,9,40C__nickel_trial_2,40C,40.0,nickel,2,19320.68449098013,7052.859375
E_thermal_features_only,9,40C__nickel_trial_3,40C,40.0,nickel,3,19320.68449098013,13574.082356770834
E_thermal_features_only,9,40C__nickel_trial_4,40C,40.0,nickel,4,19320.68449098013,18732.029947916668
E_thermal_features_only,9,40C__nickel_trial_5,40C,40.0,nickel,5,19320.68449098013,10045.96875
E_thermal_features_only,9,40C__nickel_trial_6,40C,40.0,nickel,6,19320.68449098013,15893.040690104166
E_thermal_features_only,9,50C__nickel_trial_1,50C,50.0,nickel,1,19320.68449098013,10097.909830729166
E_thermal_features_only,9,50C__nickel_trial_2,50C,50.0,nickel,2,19320.68449098013,10115.7763671875
E_thermal_features_only,9,50C__nickel_trial_3,50C,50.0,nickel,3,19320.68449098013,14649.7607421875
E_thermal_features_only,9,50C__nickel_trial_4,50C,50.0,nickel,4,19320.68449098013,9432.95703125
E_thermal_features_only,9,50C__nickel_trial_5,50C,50.0,nickel,5,19320.68449098013,8262.01904296875
E_thermal_features_only,9,50C__nickel_trial_6,50C,50.0,nickel,6,19320.68449098013,21201.617838541668
E_thermal_features_only,9,60C__nickel_trial_1,60C,60.0,nickel,1,19320.68449098013,13717.805338541666
E_thermal_features_only,9,60C__nickel_trial_2,60C,60.0,nickel,2,19320.68449098013,15482.654622395834
E_thermal_features_only,9,60C__nickel_trial_3,60C,60.0,nickel,3,19320.68449098013,12204.904296875
E_thermal_features_only,9,60C__nickel_trial_4,60C,60.0,nickel,4,19320.68449098013,25602.847005208332
E_thermal_features_only,9,60C__nickel_trial_5,60C,60.0,nickel,5,19320.68449098013,21359.348958333332
E_thermal_features_only,9,60C__nickel_trial_6,60C,60.0,nickel,6,19320.68449098013,19238.582682291668
F_optimized_summarized_ESN,9,30C__nickel_trial_1,30C,30.0,nickel,1,19320.68449098013,7843.878092447917
F_optimized_summarized_ESN,9,30C__nickel_trial_2,30C,30.0,nickel,2,19320.68449098013,12682.2109375
F_optimized_summarized_ESN,9,30C__nickel_trial_3,30C,30.0,nickel,3,19320.68449098013,13375.568359375
F_optimized_summarized_ESN,9,30C__nickel_trial_4,30C,30.0,nickel,4,19320.68449098013,8432.236328125
F_optimized_summarized_ESN,9,30C__nickel_trial_5,30C,30.0,nickel,5,19320.68449098013,13478.1005859375
F_optimized_summarized_ESN,9,30C__nickel_trial_6,30C,30.0,nickel,6,19320.68449098013,20257.162109375
F_optimized_summarized_ESN,9,40C__nickel_trial_1,40C,40.0,nickel,1,19320.68449098013,7150.71923828125
F_optimized_summarized_ESN,9,40C__nickel_trial_2,40C,40.0,nickel,2,19320.68449098013,11673.1298828125
F_optimized_summarized_ESN,9,40C__nickel_trial_3,40C,40.0,nickel,3,19320.68449098013,17563.9150390625
F_optimized_summarized_ESN,9,40C__nickel_trial_4,40C,40.0,nickel,4,19320.68449098013,14238.292317708334
F_optimized_summarized_ESN,9,40C__nickel_trial_5,40C,40.0,nickel,5,19320.68449098013,14777.6826171875
F_optimized_summarized_ESN,9,40C__nickel_trial_6,40C,40.0,nickel,6,19320.68449098013,9671.339192708334
F_optimized_summarized_ESN,9,50C__nickel_trial_1,50C,50.0,nickel,1,19320.68449098013,9946.9052734375
F_optimized_summarized_ESN,9,50C__nickel_trial_2,50C,50.0,nickel,2,19320.68449098013,19600.791015625
F_optimized_summarized_ESN,9,50C__nickel_trial_3,50C,50.0,nickel,3,19320.68449098013,13597.453776041666
F_optimized_summarized_ESN,9,50C__nickel_trial_4,50C,50.0,nickel,4,19320.68449098013,18991.879557291668
F_optimized_summarized_ESN,9,50C__nickel_trial_5,50C,50.0,nickel,5,19320.68449098013,11904.613606770834
F_optimized_summarized_ESN,9,50C__nickel_trial_6,50C,50.0,nickel,6,19320.68449098013,18938.193359375
F_optimized_summarized_ESN,9,60C__nickel_trial_1,60C,60.0,nickel,1,19320.68449098013,8481.0419921875
F_optimized_summarized_ESN,9,60C__nickel_trial_2,60C,60.0,nickel,2,19320.68449098013,19772.078125
F_optimized_summarized_ESN,9,60C__nickel_trial_3,60C,60.0,nickel,3,19320.68449098013,12973.768880208334
F_optimized_summarized_ESN,9,60C__nickel_trial_4,60C,60.0,nickel,4,19320.68449098013,21118.521484375
F_optimized_summarized_ESN,9,60C__nickel_trial_5,60C,60.0,nickel,5,19320.68449098013,22083.630859375
F_optimized_summarized_ESN,9,60C__nickel_trial_6,60C,60.0,nickel,6,19320.68449098013,25831.173828125
G_optimized_summarized_ESN_plus_thermal,9,30C__nickel_trial_1,30C,30.0,nickel,1,19320.68449098013,14084.164713541666
G_optimized_summarized_ESN_plus_thermal,9,30C__nickel_trial_2,30C,30.0,nickel,2,19320.68449098013,15472.680013020834
G_optimized_summarized_ESN_plus_thermal,9,30C__nickel_trial_3,30C,30.0,nickel,3,19320.68449098013,16729.137044270832
G_optimized_summarized_ESN_plus_thermal,9,30C__nickel_trial_4,30C,30.0,nickel,4,19320.68449098013,12844.203776041666
G_optimized_summarized_ESN_plus_thermal,9,30C__nickel_trial_5,30C,30.0,nickel,5,19320.68449098013,15887.653971354166
G_optimized_summarized_ESN_plus_thermal,9,30C__nickel_trial_6,30C,30.0,nickel,6,19320.68449098013,23383.513020833332
G_optimized_summarized_ESN_plus_thermal,9,40C__nickel_trial_1,40C,40.0,nickel,1,19320.68449098013,5987.665852864583
G_optimized_summarized_ESN_plus_thermal,9,40C__nickel_trial_2,40C,40.0,nickel,2,19320.68449098013,7432.149251302083
G_optimized_summarized_ESN_plus_thermal,9,40C__nickel_trial_3,40C,40.0,nickel,3,19320.68449098013,16689.963541666668
G_optimized_summarized_ESN_plus_thermal,9,40C__nickel_trial_4,40C,40.0,nickel,4,19320.68449098013,15708.564453125
G_optimized_summarized_ESN_plus_thermal,9,40C__nickel_trial_5,40C,40.0,nickel,5,19320.68449098013,11009.2080078125
G_optimized_summarized_ESN_plus_thermal,9,40C__nickel_trial_6,40C,40.0,nickel,6,19320.68449098013,11192.186848958334
G_optimized_summarized_ESN_plus_thermal,9,50C__nickel_trial_1,50C,50.0,nickel,1,19320.68449098013,11033.6513671875
G_optimized_summarized_ESN_plus_thermal,9,50C__nickel_trial_2,50C,50.0,nickel,2,19320.68449098013,13534.907877604166
G_optimized_summarized_ESN_plus_thermal,9,50C__nickel_trial_3,50C,50.0,nickel,3,19320.68449098013,14351.064127604166
G_optimized_summarized_ESN_plus_thermal,9,50C__nickel_trial_4,50C,50.0,nickel,4,19320.68449098013,11646.844401041666
G_optimized_summarized_ESN_plus_thermal,9,50C__nickel_trial_5,50C,50.0,nickel,5,19320.68449098013,7654.434895833333
G_optimized_summarized_ESN_plus_thermal,9,50C__nickel_trial_6,50C,50.0,nickel,6,19320.68449098013,19094.540364583332
G_optimized_summarized_ESN_plus_thermal,9,60C__nickel_trial_1,60C,60.0,nickel,1,19320.68449098013,8774.524088541666
G_optimized_summarized_ESN_plus_thermal,9,60C__nickel_trial_2,60C,60.0,nickel,2,19320.68449098013,18811.837890625
G_optimized_summarized_ESN_plus_thermal,9,60C__nickel_trial_3,60C,60.0,nickel,3,19320.68449098013,11554.523111979166
G_optimized_summarized_ESN_plus_thermal,9,60C__nickel_trial_4,60C,60.0,nickel,4,19320.68449098013,23777.757161458332
G_optimized_summarized_ESN_plus_thermal,9,60C__nickel_trial_5,60C,60.0,nickel,5,19320.68449098013,20867.727864583332
G_optimized_summarized_ESN_plus_thermal,9,60C__nickel_trial_6,60C,60.0,nickel,6,19320.68449098013,22897.530598958332
A_raw_ESN_states,10,30C__pdms_trial_1,30C,30.0,pdms,1,460.90129095067635,250.96462758382162
A_raw_ESN_states,10,30C__pdms_trial_2,30C,30.0,pdms,2,460.90129095067635,157.83637237548828
A_raw_ESN_states,10,30C__pdms_trial_3,30C,30.0,pdms,3,460.90129095067635,194.9639409383138
A_raw_ESN_states,10,30C__pdms_trial_4,30C,30.0,pdms,4,460.90129095067635,50.67808405558268
A_raw_ESN_states,10,30C__pdms_trial_5,30C,30.0,pdms,5,460.90129095067635,61.77694829305013
A_raw_ESN_states,10,30C__pdms_trial_6,30C,30.0,pdms,6,460.90129095067635,183.07383346557617
A_raw_ESN_states,10,40C__pdms_trial_1,40C,40.0,pdms,1,460.90129095067635,390.35509236653644
A_raw_ESN_states,10,40C__pdms_trial_2,40C,40.0,pdms,2,460.90129095067635,578.0391743977865
A_raw_ESN_states,10,40C__pdms_trial_3,40C,40.0,pdms,3,460.90129095067635,304.9903310139974
A_raw_ESN_states,10,40C__pdms_trial_4,40C,40.0,pdms,4,460.90129095067635,252.54930114746094
A_raw_ESN_states,10,40C__pdms_trial_5,40C,40.0,pdms,5,460.90129095067635,234.35133361816406
A_raw_ESN_states,10,40C__pdms_trial_6,40C,40.0,pdms,6,460.90129095067635,352.22032674153644
A_raw_ESN_states,10,50C__pdms_trial_1,50C,50.0,pdms,1,460.90129095067635,322.99607340494794
A_raw_ESN_states,10,50C__pdms_trial_2,50C,50.0,pdms,2,460.90129095067635,335.4340311686198
A_raw_ESN_states,10,50C__pdms_trial_3,50C,50.0,pdms,3,460.90129095067635,419.1302998860677
A_raw_ESN_states,10,50C__pdms_trial_4,50C,50.0,pdms,4,460.90129095067635,374.76502482096356
A_raw_ESN_states,10,50C__pdms_trial_5,50C,50.0,pdms,5,460.90129095067635,221.09347534179688
A_raw_ESN_states,10,50C__pdms_trial_6,50C,50.0,pdms,6,460.90129095067635,459.3933817545573
A_raw_ESN_states,10,60C__pdms_trial_1,60C,60.0,pdms,1,460.90129095067635,761.7830607096354
A_raw_ESN_states,10,60C__pdms_trial_2,60C,60.0,pdms,2,460.90129095067635,465.47047932942706
A_raw_ESN_states,10,60C__pdms_trial_3,60C,60.0,pdms,3,460.90129095067635,404.96983846028644
A_raw_ESN_states,10,60C__pdms_trial_4,60C,60.0,pdms,4,460.90129095067635,386.4901631673177
A_raw_ESN_states,10,60C__pdms_trial_5,60C,60.0,pdms,5,460.90129095067635,188.01388041178384
A_raw_ESN_states,10,60C__pdms_trial_6,60C,60.0,pdms,6,460.90129095067635,164.79590352376303
B_summarized_ESN_states,10,30C__pdms_trial_1,30C,30.0,pdms,1,460.90129095067635,287.52406819661456
B_summarized_ESN_states,10,30C__pdms_trial_2,30C,30.0,pdms,2,460.90129095067635,103.18738301595052
B_summarized_ESN_states,10,30C__pdms_trial_3,30C,30.0,pdms,3,460.90129095067635,226.19142150878906
B_summarized_ESN_states,10,30C__pdms_trial_4,30C,30.0,pdms,4,460.90129095067635,66.36603418986003
B_summarized_ESN_states,10,30C__pdms_trial_5,30C,30.0,pdms,5,460.90129095067635,54.93658192952474
B_summarized_ESN_states,10,30C__pdms_trial_6,30C,30.0,pdms,6,460.90129095067635,74.82424036661784
B_summarized_ESN_states,10,40C__pdms_trial_1,40C,40.0,pdms,1,460.90129095067635,362.4027506510417
B_summarized_ESN_states,10,40C__pdms_trial_2,40C,40.0,pdms,2,460.90129095067635,397.24704996744794
B_summarized_ESN_states,10,40C__pdms_trial_3,40C,40.0,pdms,3,460.90129095067635,372.2452697753906
B_summarized_ESN_states,10,40C__pdms_trial_4,40C,40.0,pdms,4,460.90129095067635,254.32804361979166
B_summarized_ESN_states,10,40C__pdms_trial_5,40C,40.0,pdms,5,460.90129095067635,220.67114766438803
B_summarized_ESN_states,10,40C__pdms_trial_6,40C,40.0,pdms,6,460.90129095067635,282.3892008463542
B_summarized_ESN_states,10,50C__pdms_trial_1,50C,50.0,pdms,1,460.90129095067635,382.171142578125
B_summarized_ESN_states,10,50C__pdms_trial_2,50C,50.0,pdms,2,460.90129095067635,284.883051554362
B_summarized_ESN_states,10,50C__pdms_trial_3,50C,50.0,pdms,3,460.90129095067635,455.8577168782552
B_summarized_ESN_states,10,50C__pdms_trial_4,50C,50.0,pdms,4,460.90129095067635,467.5066833496094
B_summarized_ESN_states,10,50C__pdms_trial_5,50C,50.0,pdms,5,460.90129095067635,268.5408070882161
B_summarized_ESN_states,10,50C__pdms_trial_6,50C,50.0,pdms,6,460.90129095067635,467.185546875
B_summarized_ESN_states,10,60C__pdms_trial_1,60C,60.0,pdms,1,460.90129095067635,900.8993021647135
B_summarized_ESN_states,10,60C__pdms_trial_2,60C,60.0,pdms,2,460.90129095067635,405.1098225911458
B_summarized_ESN_states,10,60C__pdms_trial_3,60C,60.0,pdms,3,460.90129095067635,435.5592854817708
B_summarized_ESN_states,10,60C__pdms_trial_4,60C,60.0,pdms,4,460.90129095067635,315.7939097086589
B_summarized_ESN_states,10,60C__pdms_trial_5,60C,60.0,pdms,5,460.90129095067635,219.41509501139322
B_summarized_ESN_states,10,60C__pdms_trial_6,60C,60.0,pdms,6,460.90129095067635,148.96544392903647
C_raw_ESN_plus_thermal,10,30C__pdms_trial_1,30C,30.0,pdms,1,460.90129095067635,197.56244405110678
C_raw_ESN_plus_thermal,10,30C__pdms_trial_2,30C,30.0,pdms,2,460.90129095067635,146.48797098795572
C_raw_ESN_plus_thermal,10,30C__pdms_trial_3,30C,30.0,pdms,3,460.90129095067635,181.74523417154947
C_raw_ESN_plus_thermal,10,30C__pdms_trial_4,30C,30.0,pdms,4,460.90129095067635,45.87918217976888
C_raw_ESN_plus_thermal,10,30C__pdms_trial_5,30C,30.0,pdms,5,460.90129095067635,133.31742350260416
C_raw_ESN_plus_thermal,10,30C__pdms_trial_6,30C,30.0,pdms,6,460.90129095067635,139.4801254272461
C_raw_ESN_plus_thermal,10,40C__pdms_trial_1,40C,40.0,pdms,1,460.90129095067635,501.9244791666667
C_raw_ESN_plus_thermal,10,40C__pdms_trial_2,40C,40.0,pdms,2,460.90129095067635,571.6135660807291
C_raw_ESN_plus_thermal,10,40C__pdms_trial_3,40C,40.0,pdms,3,460.90129095067635,399.3096923828125
C_raw_ESN_plus_thermal,10,40C__pdms_trial_4,40C,40.0,pdms,4,460.90129095067635,366.54761759440106
C_raw_ESN_plus_thermal,10,40C__pdms_trial_5,40C,40.0,pdms,5,460.90129095067635,229.9011484781901
C_raw_ESN_plus_thermal,10,40C__pdms_trial_6,40C,40.0,pdms,6,460.90129095067635,372.64502970377606
C_raw_ESN_plus_thermal,10,50C__pdms_trial_1,50C,50.0,pdms,1,460.90129095067635,316.11033121744794
C_raw_ESN_plus_thermal,10,50C__pdms_trial_2,50C,50.0,pdms,2,460.90129095067635,276.32668050130206
C_raw_ESN_plus_thermal,10,50C__pdms_trial_3,50C,50.0,pdms,3,460.90129095067635,416.4428405761719
C_raw_ESN_plus_thermal,10,50C__pdms_trial_4,50C,50.0,pdms,4,460.90129095067635,369.7539367675781
C_raw_ESN_plus_thermal,10,50C__pdms_trial_5,50C,50.0,pdms,5,460.90129095067635,209.36666870117188
C_raw_ESN_plus_thermal,10,50C__pdms_trial_6,50C,50.0,pdms,6,460.90129095067635,380.97740681966144
C_raw_ESN_plus_thermal,10,60C__pdms_trial_1,60C,60.0,pdms,1,460.90129095067635,587.5538533528646
C_raw_ESN_plus_thermal,10,60C__pdms_trial_2,60C,60.0,pdms,2,460.90129095067635,448.08388264973956
C_raw_ESN_plus_thermal,10,60C__pdms_trial_3,60C,60.0,pdms,3,460.90129095067635,408.6121012369792
C_raw_ESN_plus_thermal,10,60C__pdms_trial_4,60C,60.0,pdms,4,460.90129095067635,350.19091796875
C_raw_ESN_plus_thermal,10,60C__pdms_trial_5,60C,60.0,pdms,5,460.90129095067635,202.79781087239584
C_raw_ESN_plus_thermal,10,60C__pdms_trial_6,60C,60.0,pdms,6,460.90129095067635,150.63339233398438
D_summarized_ESN_plus_thermal,10,30C__pdms_trial_1,30C,30.0,pdms,1,460.90129095067635,194.88382975260416
D_summarized_ESN_plus_thermal,10,30C__pdms_trial_2,30C,30.0,pdms,2,460.90129095067635,126.58555348714192
D_summarized_ESN_plus_thermal,10,30C__pdms_trial_3,30C,30.0,pdms,3,460.90129095067635,145.84063975016275
D_summarized_ESN_plus_thermal,10,30C__pdms_trial_4,30C,30.0,pdms,4,460.90129095067635,52.53020731608073
D_summarized_ESN_plus_thermal,10,30C__pdms_trial_5,30C,30.0,pdms,5,460.90129095067635,108.80005900065105
D_summarized_ESN_plus_thermal,10,30C__pdms_trial_6,30C,30.0,pdms,6,460.90129095067635,81.5366694132487
D_summarized_ESN_plus_thermal,10,40C__pdms_trial_1,40C,40.0,pdms,1,460.90129095067635,474.06972249348956
D_summarized_ESN_plus_thermal,10,40C__pdms_trial_2,40C,40.0,pdms,2,460.90129095067635,496.6191914876302
D_summarized_ESN_plus_thermal,10,40C__pdms_trial_3,40C,40.0,pdms,3,460.90129095067635,438.88414510091144
D_summarized_ESN_plus_thermal,10,40C__pdms_trial_4,40C,40.0,pdms,4,460.90129095067635,417.92262776692706
D_summarized_ESN_plus_thermal,10,40C__pdms_trial_5,40C,40.0,pdms,5,460.90129095067635,253.6265411376953
D_summarized_ESN_plus_thermal,10,40C__pdms_trial_6,40C,40.0,pdms,6,460.90129095067635,381.0373229980469
D_summarized_ESN_plus_thermal,10,50C__pdms_trial_1,50C,50.0,pdms,1,460.90129095067635,259.1913299560547
D_summarized_ESN_plus_thermal,10,50C__pdms_trial_2,50C,50.0,pdms,2,460.90129095067635,158.25218709309897
D_summarized_ESN_plus_thermal,10,50C__pdms_trial_3,50C,50.0,pdms,3,460.90129095067635,441.9827168782552
D_summarized_ESN_plus_thermal,10,50C__pdms_trial_4,50C,50.0,pdms,4,460.90129095067635,416.7571207682292
D_summarized_ESN_plus_thermal,10,50C__pdms_trial_5,50C,50.0,pdms,5,460.90129095067635,259.18333435058594
D_summarized_ESN_plus_thermal,10,50C__pdms_trial_6,50C,50.0,pdms,6,460.90129095067635,314.14109293619794
D_summarized_ESN_plus_thermal,10,60C__pdms_trial_1,60C,60.0,pdms,1,460.90129095067635,610.0786336263021
D_summarized_ESN_plus_thermal,10,60C__pdms_trial_2,60C,60.0,pdms,2,460.90129095067635,441.4552307128906
D_summarized_ESN_plus_thermal,10,60C__pdms_trial_3,60C,60.0,pdms,3,460.90129095067635,478.6244201660156
D_summarized_ESN_plus_thermal,10,60C__pdms_trial_4,60C,60.0,pdms,4,460.90129095067635,269.10777282714844
D_summarized_ESN_plus_thermal,10,60C__pdms_trial_5,60C,60.0,pdms,5,460.90129095067635,268.1134948730469
D_summarized_ESN_plus_thermal,10,60C__pdms_trial_6,60C,60.0,pdms,6,460.90129095067635,170.39779663085938
E_thermal_features_only,10,30C__pdms_trial_1,30C,30.0,pdms,1,460.90129095067635,169.11773173014322
E_thermal_features_only,10,30C__pdms_trial_2,30C,30.0,pdms,2,460.90129095067635,83.70248413085938
E_thermal_features_only,10,30C__pdms_trial_3,30C,30.0,pdms,3,460.90129095067635,147.26224772135416
E_thermal_features_only,10,30C__pdms_trial_4,30C,30.0,pdms,4,460.90129095067635,43.08039093017578
E_thermal_features_only,10,30C__pdms_trial_5,30C,30.0,pdms,5,460.90129095067635,133.58036295572916
E_thermal_features_only,10,30C__pdms_trial_6,30C,30.0,pdms,6,460.90129095067635,77.63985443115234
E_thermal_features_only,10,40C__pdms_trial_1,40C,40.0,pdms,1,460.90129095067635,571.6043090820312
E_thermal_features_only,10,40C__pdms_trial_2,40C,40.0,pdms,2,460.90129095067635,455.5470682779948
E_thermal_features_only,10,40C__pdms_trial_3,40C,40.0,pdms,3,460.90129095067635,527.6768900553385
E_thermal_features_only,10,40C__pdms_trial_4,40C,40.0,pdms,4,460.90129095067635,252.59273783365884
E_thermal_features_only,10,40C__pdms_trial_5,40C,40.0,pdms,5,460.90129095067635,154.4928232828776
E_thermal_features_only,10,40C__pdms_trial_6,40C,40.0,pdms,6,460.90129095067635,405.72376505533856
E_thermal_features_only,10,50C__pdms_trial_1,50C,50.0,pdms,1,460.90129095067635,245.37217712402344
E_thermal_features_only,10,50C__pdms_trial_2,50C,50.0,pdms,2,460.90129095067635,157.0372568766276
E_thermal_features_only,10,50C__pdms_trial_3,50C,50.0,pdms,3,460.90129095067635,465.92796834309894
E_thermal_features_only,10,50C__pdms_trial_4,50C,50.0,pdms,4,460.90129095067635,445.589111328125
E_thermal_features_only,10,50C__pdms_trial_5,50C,50.0,pdms,5,460.90129095067635,259.5778096516927
E_thermal_features_only,10,50C__pdms_trial_6,50C,50.0,pdms,6,460.90129095067635,275.2657928466797
E_thermal_features_only,10,60C__pdms_trial_1,60C,60.0,pdms,1,460.90129095067635,1053.3410237630208
E_thermal_features_only,10,60C__pdms_trial_2,60C,60.0,pdms,2,460.90129095067635,740.3464558919271
E_thermal_features_only,10,60C__pdms_trial_3,60C,60.0,pdms,3,460.90129095067635,663.3364461263021
E_thermal_features_only,10,60C__pdms_trial_4,60C,60.0,pdms,4,460.90129095067635,298.2470703125
E_thermal_features_only,10,60C__pdms_trial_5,60C,60.0,pdms,5,460.90129095067635,463.23267618815106
E_thermal_features_only,10,60C__pdms_trial_6,60C,60.0,pdms,6,460.90129095067635,240.3446248372396
F_optimized_summarized_ESN,10,30C__pdms_trial_1,30C,30.0,pdms,1,460.90129095067635,198.20571645100912
F_optimized_summarized_ESN,10,30C__pdms_trial_2,30C,30.0,pdms,2,460.90129095067635,161.95779418945312
F_optimized_summarized_ESN,10,30C__pdms_trial_3,30C,30.0,pdms,3,460.90129095067635,173.52424112955728
F_optimized_summarized_ESN,10,30C__pdms_trial_4,30C,30.0,pdms,4,460.90129095067635,76.73461405436198
F_optimized_summarized_ESN,10,30C__pdms_trial_5,30C,30.0,pdms,5,460.90129095067635,71.66672388712566
F_optimized_summarized_ESN,10,30C__pdms_trial_6,30C,30.0,pdms,6,460.90129095067635,93.8610471089681
F_optimized_summarized_ESN,10,40C__pdms_trial_1,40C,40.0,pdms,1,460.90129095067635,398.6309102376302
F_optimized_summarized_ESN,10,40C__pdms_trial_2,40C,40.0,pdms,2,460.90129095067635,415.73191324869794
F_optimized_summarized_ESN,10,40C__pdms_trial_3,40C,40.0,pdms,3,460.90129095067635,458.25096638997394
F_optimized_summarized_ESN,10,40C__pdms_trial_4,40C,40.0,pdms,4,460.90129095067635,264.3406117757161
F_optimized_summarized_ESN,10,40C__pdms_trial_5,40C,40.0,pdms,5,460.90129095067635,167.88891092936197
F_optimized_summarized_ESN,10,40C__pdms_trial_6,40C,40.0,pdms,6,460.90129095067635,284.38776143391925
F_optimized_summarized_ESN,10,50C__pdms_trial_1,50C,50.0,pdms,1,460.90129095067635,313.60931905110675
F_optimized_summarized_ESN,10,50C__pdms_trial_2,50C,50.0,pdms,2,460.90129095067635,271.75536092122394
F_optimized_summarized_ESN,10,50C__pdms_trial_3,50C,50.0,pdms,3,460.90129095067635,476.9380187988281
F_optimized_summarized_ESN,10,50C__pdms_trial_4,50C,50.0,pdms,4,460.90129095067635,544.4847208658854
F_optimized_summarized_ESN,10,50C__pdms_trial_5,50C,50.0,pdms,5,460.90129095067635,214.4415740966797
F_optimized_summarized_ESN,10,50C__pdms_trial_6,50C,50.0,pdms,6,460.90129095067635,538.054677327474
F_optimized_summarized_ESN,10,60C__pdms_trial_1,60C,60.0,pdms,1,460.90129095067635,771.8897705078125
F_optimized_summarized_ESN,10,60C__pdms_trial_2,60C,60.0,pdms,2,460.90129095067635,391.46417236328125
F_optimized_summarized_ESN,10,60C__pdms_trial_3,60C,60.0,pdms,3,460.90129095067635,431.23570251464844
F_optimized_summarized_ESN,10,60C__pdms_trial_4,60C,60.0,pdms,4,460.90129095067635,449.50611368815106
F_optimized_summarized_ESN,10,60C__pdms_trial_5,60C,60.0,pdms,5,460.90129095067635,291.45556386311847
F_optimized_summarized_ESN,10,60C__pdms_trial_6,60C,60.0,pdms,6,460.90129095067635,139.39336140950522
G_optimized_summarized_ESN_plus_thermal,10,30C__pdms_trial_1,30C,30.0,pdms,1,460.90129095067635,168.1504694620768
G_optimized_summarized_ESN_plus_thermal,10,30C__pdms_trial_2,30C,30.0,pdms,2,460.90129095067635,146.16319020589194
G_optimized_summarized_ESN_plus_thermal,10,30C__pdms_trial_3,30C,30.0,pdms,3,460.90129095067635,136.91671244303384
G_optimized_summarized_ESN_plus_thermal,10,30C__pdms_trial_4,30C,30.0,pdms,4,460.90129095067635,65.90601094563802
G_optimized_summarized_ESN_plus_thermal,10,30C__pdms_trial_5,30C,30.0,pdms,5,460.90129095067635,181.52607218424478
G_optimized_summarized_ESN_plus_thermal,10,30C__pdms_trial_6,30C,30.0,pdms,6,460.90129095067635,65.2580212313582
G_optimized_summarized_ESN_plus_thermal,10,40C__pdms_trial_1,40C,40.0,pdms,1,460.90129095067635,488.0278828938802
G_optimized_summarized_ESN_plus_thermal,10,40C__pdms_trial_2,40C,40.0,pdms,2,460.90129095067635,691.6430867513021
G_optimized_summarized_ESN_plus_thermal,10,40C__pdms_trial_3,40C,40.0,pdms,3,460.90129095067635,448.76476033528644
G_optimized_summarized_ESN_plus_thermal,10,40C__pdms_trial_4,40C,40.0,pdms,4,460.90129095067635,493.3455403645833
G_optimized_summarized_ESN_plus_thermal,10,40C__pdms_trial_5,40C,40.0,pdms,5,460.90129095067635,150.65821329752603
G_optimized_summarized_ESN_plus_thermal,10,40C__pdms_trial_6,40C,40.0,pdms,6,460.90129095067635,335.6516621907552
G_optimized_summarized_ESN_plus_thermal,10,50C__pdms_trial_1,50C,50.0,pdms,1,460.90129095067635,321.75304158528644
G_optimized_summarized_ESN_plus_thermal,10,50C__pdms_trial_2,50C,50.0,pdms,2,460.90129095067635,296.7085316975911
G_optimized_summarized_ESN_plus_thermal,10,50C__pdms_trial_3,50C,50.0,pdms,3,460.90129095067635,419.87608846028644
G_optimized_summarized_ESN_plus_thermal,10,50C__pdms_trial_4,50C,50.0,pdms,4,460.90129095067635,354.66810099283856
G_optimized_summarized_ESN_plus_thermal,10,50C__pdms_trial_5,50C,50.0,pdms,5,460.90129095067635,280.6588185628255
G_optimized_summarized_ESN_plus_thermal,10,50C__pdms_trial_6,50C,50.0,pdms,6,460.90129095067635,437.85460408528644
G_optimized_summarized_ESN_plus_thermal,10,60C__pdms_trial_1,60C,60.0,pdms,1,460.90129095067635,641.4039916992188
G_optimized_summarized_ESN_plus_thermal,10,60C__pdms_trial_2,60C,60.0,pdms,2,460.90129095067635,498.9239196777344
G_optimized_summarized_ESN_plus_thermal,10,60C__pdms_trial_3,60C,60.0,pdms,3,460.90129095067635,538.0355326334635
G_optimized_summarized_ESN_plus_thermal,10,60C__pdms_trial_4,60C,60.0,pdms,4,460.90129095067635,381.73887125651044
G_optimized_summarized_ESN_plus_thermal,10,60C__pdms_trial_5,60C,60.0,pdms,5,460.90129095067635,321.5167541503906
G_optimized_summarized_ESN_plus_thermal,10,60C__pdms_trial_6,60C,60.0,pdms,6,460.90129095067635,185.99242146809897
A_raw_ESN_states,11,30C__ps_foam_trial_1,30C,30.0,ps_foam,1,34.496376621320685,175.36921183268228
A_raw_ESN_states,11,30C__ps_foam_trial_2,30C,30.0,ps_foam,2,34.496376621320685,150.76036834716797
A_raw_ESN_states,11,30C__ps_foam_trial_3,30C,30.0,ps_foam,3,34.496376621320685,201.07950337727866
A_raw_ESN_states,11,30C__ps_foam_trial_4,30C,30.0,ps_foam,4,34.496376621320685,283.282465616862
A_raw_ESN_states,11,30C__ps_foam_trial_5,30C,30.0,ps_foam,5,34.496376621320685,107.70267740885417
A_raw_ESN_states,11,30C__ps_foam_trial_6,30C,30.0,ps_foam,6,34.496376621320685,111.90457916259766
A_raw_ESN_states,11,40C__ps_foam_trial_1,40C,40.0,ps_foam,1,34.496376621320685,75.43294016520183
A_raw_ESN_states,11,40C__ps_foam_trial_2,40C,40.0,ps_foam,2,34.496376621320685,68.27991739908855
A_raw_ESN_states,11,40C__ps_foam_trial_3,40C,40.0,ps_foam,3,34.496376621320685,104.88053639729817
A_raw_ESN_states,11,40C__ps_foam_trial_4,40C,40.0,ps_foam,4,34.496376621320685,193.5286407470703
A_raw_ESN_states,11,40C__ps_foam_trial_5,40C,40.0,ps_foam,5,34.496376621320685,140.09701029459634
A_raw_ESN_states,11,40C__ps_foam_trial_6,40C,40.0,ps_foam,6,34.496376621320685,84.8175532023112
A_raw_ESN_states,11,50C__ps_foam_trial_1,50C,50.0,ps_foam,1,34.496376621320685,67.68243662516277
A_raw_ESN_states,11,50C__ps_foam_trial_2,50C,50.0,ps_foam,2,34.496376621320685,72.09885660807292
A_raw_ESN_states,11,50C__ps_foam_trial_3,50C,50.0,ps_foam,3,34.496376621320685,56.063855489095054
A_raw_ESN_states,11,50C__ps_foam_trial_4,50C,50.0,ps_foam,4,34.496376621320685,60.37531534830729
A_raw_ESN_states,11,50C__ps_foam_trial_5,50C,50.0,ps_foam,5,34.496376621320685,67.85373433430989
A_raw_ESN_states,11,50C__ps_foam_trial_6,50C,50.0,ps_foam,6,34.496376621320685,52.80206553141276
A_raw_ESN_states,11,60C__ps_foam_trial_1,60C,60.0,ps_foam,1,34.496376621320685,314.9922383626302
A_raw_ESN_states,11,60C__ps_foam_trial_2,60C,60.0,ps_foam,2,34.496376621320685,359.3673400878906
A_raw_ESN_states,11,60C__ps_foam_trial_3,60C,60.0,ps_foam,3,34.496376621320685,562.8845520019531
A_raw_ESN_states,11,60C__ps_foam_trial_4,60C,60.0,ps_foam,4,34.496376621320685,144.19402313232422
A_raw_ESN_states,11,60C__ps_foam_trial_5,60C,60.0,ps_foam,5,34.496376621320685,453.3383483886719
A_raw_ESN_states,11,60C__ps_foam_trial_6,60C,60.0,ps_foam,6,34.496376621320685,532.3980102539062
B_summarized_ESN_states,11,30C__ps_foam_trial_1,30C,30.0,ps_foam,1,34.496376621320685,162.3368123372396
B_summarized_ESN_states,11,30C__ps_foam_trial_2,30C,30.0,ps_foam,2,34.496376621320685,177.47101847330728
B_summarized_ESN_states,11,30C__ps_foam_trial_3,30C,30.0,ps_foam,3,34.496376621320685,268.59165954589844
B_summarized_ESN_states,11,30C__ps_foam_trial_4,30C,30.0,ps_foam,4,34.496376621320685,263.97633361816406
B_summarized_ESN_states,11,30C__ps_foam_trial_5,30C,30.0,ps_foam,5,34.496376621320685,139.83782196044922
B_summarized_ESN_states,11,30C__ps_foam_trial_6,30C,30.0,ps_foam,6,34.496376621320685,165.40934244791666
B_summarized_ESN_states,11,40C__ps_foam_trial_1,40C,40.0,ps_foam,1,34.496376621320685,66.95232391357422
B_summarized_ESN_states,11,40C__ps_foam_trial_2,40C,40.0,ps_foam,2,34.496376621320685,75.86331939697266
B_summarized_ESN_states,11,40C__ps_foam_trial_3,40C,40.0,ps_foam,3,34.496376621320685,80.05585225423177
B_summarized_ESN_states,11,40C__ps_foam_trial_4,40C,40.0,ps_foam,4,34.496376621320685,266.5660756429036
B_summarized_ESN_states,11,40C__ps_foam_trial_5,40C,40.0,ps_foam,5,34.496376621320685,150.80110677083334
B_summarized_ESN_states,11,40C__ps_foam_trial_6,40C,40.0,ps_foam,6,34.496376621320685,75.43342590332031
B_summarized_ESN_states,11,50C__ps_foam_trial_1,50C,50.0,ps_foam,1,34.496376621320685,53.937703450520836
B_summarized_ESN_states,11,50C__ps_foam_trial_2,50C,50.0,ps_foam,2,34.496376621320685,50.53541056315104
B_summarized_ESN_states,11,50C__ps_foam_trial_3,50C,50.0,ps_foam,3,34.496376621320685,55.13294982910156
B_summarized_ESN_states,11,50C__ps_foam_trial_4,50C,50.0,ps_foam,4,34.496376621320685,56.733832041422524
B_summarized_ESN_states,11,50C__ps_foam_trial_5,50C,50.0,ps_foam,5,34.496376621320685,49.696486155192055
B_summarized_ESN_states,11,50C__ps_foam_trial_6,50C,50.0,ps_foam,6,34.496376621320685,53.038248697916664
B_summarized_ESN_states,11,60C__ps_foam_trial_1,60C,60.0,ps_foam,1,34.496376621320685,347.66269938151044
B_summarized_ESN_states,11,60C__ps_foam_trial_2,60C,60.0,ps_foam,2,34.496376621320685,368.17763264973956
B_summarized_ESN_states,11,60C__ps_foam_trial_3,60C,60.0,ps_foam,3,34.496376621320685,647.8907368977865
B_summarized_ESN_states,11,60C__ps_foam_trial_4,60C,60.0,ps_foam,4,34.496376621320685,124.16357676188152
B_summarized_ESN_states,11,60C__ps_foam_trial_5,60C,60.0,ps_foam,5,34.496376621320685,912.753662109375
B_summarized_ESN_states,11,60C__ps_foam_trial_6,60C,60.0,ps_foam,6,34.496376621320685,406.52781168619794
C_raw_ESN_plus_thermal,11,30C__ps_foam_trial_1,30C,30.0,ps_foam,1,34.496376621320685,565.2353108723959
C_raw_ESN_plus_thermal,11,30C__ps_foam_trial_2,30C,30.0,ps_foam,2,34.496376621320685,489.2668151855469
C_raw_ESN_plus_thermal,11,30C__ps_foam_trial_3,30C,30.0,ps_foam,3,34.496376621320685,303.8255106608073
C_raw_ESN_plus_thermal,11,30C__ps_foam_trial_4,30C,30.0,ps_foam,4,34.496376621320685,342.4904530843099
C_raw_ESN_plus_thermal,11,30C__ps_foam_trial_5,30C,30.0,ps_foam,5,34.496376621320685,152.27703857421875
C_raw_ESN_plus_thermal,11,30C__ps_foam_trial_6,30C,30.0,ps_foam,6,34.496376621320685,154.4688720703125
C_raw_ESN_plus_thermal,11,40C__ps_foam_trial_1,40C,40.0,ps_foam,1,34.496376621320685,61.79581197102865
C_raw_ESN_plus_thermal,11,40C__ps_foam_trial_2,40C,40.0,ps_foam,2,34.496376621320685,63.33088302612305
C_raw_ESN_plus_thermal,11,40C__ps_foam_trial_3,40C,40.0,ps_foam,3,34.496376621320685,72.2856928507487
C_raw_ESN_plus_thermal,11,40C__ps_foam_trial_4,40C,40.0,ps_foam,4,34.496376621320685,644.0526224772135
C_raw_ESN_plus_thermal,11,40C__ps_foam_trial_5,40C,40.0,ps_foam,5,34.496376621320685,140.32986195882162
C_raw_ESN_plus_thermal,11,40C__ps_foam_trial_6,40C,40.0,ps_foam,6,34.496376621320685,90.32162729899089
C_raw_ESN_plus_thermal,11,50C__ps_foam_trial_1,50C,50.0,ps_foam,1,34.496376621320685,63.124348958333336
C_raw_ESN_plus_thermal,11,50C__ps_foam_trial_2,50C,50.0,ps_foam,2,34.496376621320685,98.75552368164062
C_raw_ESN_plus_thermal,11,50C__ps_foam_trial_3,50C,50.0,ps_foam,3,34.496376621320685,56.32098261515299
C_raw_ESN_plus_thermal,11,50C__ps_foam_trial_4,50C,50.0,ps_foam,4,34.496376621320685,54.89171600341797
C_raw_ESN_plus_thermal,11,50C__ps_foam_trial_5,50C,50.0,ps_foam,5,34.496376621320685,77.02686182657878
C_raw_ESN_plus_thermal,11,50C__ps_foam_trial_6,50C,50.0,ps_foam,6,34.496376621320685,58.9475212097168
C_raw_ESN_plus_thermal,11,60C__ps_foam_trial_1,60C,60.0,ps_foam,1,34.496376621320685,258.8189646402995
C_raw_ESN_plus_thermal,11,60C__ps_foam_trial_2,60C,60.0,ps_foam,2,34.496376621320685,209.08446756998697
C_raw_ESN_plus_thermal,11,60C__ps_foam_trial_3,60C,60.0,ps_foam,3,34.496376621320685,259.8643391927083
C_raw_ESN_plus_thermal,11,60C__ps_foam_trial_4,60C,60.0,ps_foam,4,34.496376621320685,150.35667419433594
C_raw_ESN_plus_thermal,11,60C__ps_foam_trial_5,60C,60.0,ps_foam,5,34.496376621320685,257.39772542317706
C_raw_ESN_plus_thermal,11,60C__ps_foam_trial_6,60C,60.0,ps_foam,6,34.496376621320685,327.56275431315106
D_summarized_ESN_plus_thermal,11,30C__ps_foam_trial_1,30C,30.0,ps_foam,1,34.496376621320685,429.8225504557292
D_summarized_ESN_plus_thermal,11,30C__ps_foam_trial_2,30C,30.0,ps_foam,2,34.496376621320685,433.3696797688802
D_summarized_ESN_plus_thermal,11,30C__ps_foam_trial_3,30C,30.0,ps_foam,3,34.496376621320685,409.0873209635417
D_summarized_ESN_plus_thermal,11,30C__ps_foam_trial_4,30C,30.0,ps_foam,4,34.496376621320685,363.0839436848958
D_summarized_ESN_plus_thermal,11,30C__ps_foam_trial_5,30C,30.0,ps_foam,5,34.496376621320685,173.5414021809896
D_summarized_ESN_plus_thermal,11,30C__ps_foam_trial_6,30C,30.0,ps_foam,6,34.496376621320685,212.36066691080728
D_summarized_ESN_plus_thermal,11,40C__ps_foam_trial_1,40C,40.0,ps_foam,1,34.496376621320685,53.52708435058594
D_summarized_ESN_plus_thermal,11,40C__ps_foam_trial_2,40C,40.0,ps_foam,2,34.496376621320685,51.29941431681315
D_summarized_ESN_plus_thermal,11,40C__ps_foam_trial_3,40C,40.0,ps_foam,3,34.496376621320685,51.13289255975703
D_summarized_ESN_plus_thermal,11,40C__ps_foam_trial_4,40C,40.0,ps_foam,4,34.496376621320685,723.0272420247396
D_summarized_ESN_plus_thermal,11,40C__ps_foam_trial_5,40C,40.0,ps_foam,5,34.496376621320685,126.53101094563802
D_summarized_ESN_plus_thermal,11,40C__ps_foam_trial_6,40C,40.0,ps_foam,6,34.496376621320685,109.09818267822266
D_summarized_ESN_plus_thermal,11,50C__ps_foam_trial_1,50C,50.0,ps_foam,1,34.496376621320685,48.36870193481445
D_summarized_ESN_plus_thermal,11,50C__ps_foam_trial_2,50C,50.0,ps_foam,2,34.496376621320685,63.374935150146484
D_summarized_ESN_plus_thermal,11,50C__ps_foam_trial_3,50C,50.0,ps_foam,3,34.496376621320685,51.45658874511719
D_summarized_ESN_plus_thermal,11,50C__ps_foam_trial_4,50C,50.0,ps_foam,4,34.496376621320685,47.792442321777344
D_summarized_ESN_plus_thermal,11,50C__ps_foam_trial_5,50C,50.0,ps_foam,5,34.496376621320685,53.94798151652018
D_summarized_ESN_plus_thermal,11,50C__ps_foam_trial_6,50C,50.0,ps_foam,6,34.496376621320685,54.21717325846354
D_summarized_ESN_plus_thermal,11,60C__ps_foam_trial_1,60C,60.0,ps_foam,1,34.496376621320685,287.6286214192708
D_summarized_ESN_plus_thermal,11,60C__ps_foam_trial_2,60C,60.0,ps_foam,2,34.496376621320685,269.8762512207031
D_summarized_ESN_plus_thermal,11,60C__ps_foam_trial_3,60C,60.0,ps_foam,3,34.496376621320685,225.7092081705729
D_summarized_ESN_plus_thermal,11,60C__ps_foam_trial_4,60C,60.0,ps_foam,4,34.496376621320685,134.8176752726237
D_summarized_ESN_plus_thermal,11,60C__ps_foam_trial_5,60C,60.0,ps_foam,5,34.496376621320685,315.0238087972005
D_summarized_ESN_plus_thermal,11,60C__ps_foam_trial_6,60C,60.0,ps_foam,6,34.496376621320685,300.3482259114583
E_thermal_features_only,11,30C__ps_foam_trial_1,30C,30.0,ps_foam,1,34.496376621320685,335.7450256347656
E_thermal_features_only,11,30C__ps_foam_trial_2,30C,30.0,ps_foam,2,34.496376621320685,370.16980997721356
E_thermal_features_only,11,30C__ps_foam_trial_3,30C,30.0,ps_foam,3,34.496376621320685,324.28029378255206
E_thermal_features_only,11,30C__ps_foam_trial_4,30C,30.0,ps_foam,4,34.496376621320685,185.1609141031901
E_thermal_features_only,11,30C__ps_foam_trial_5,30C,30.0,ps_foam,5,34.496376621320685,216.82012939453125
E_thermal_features_only,11,30C__ps_foam_trial_6,30C,30.0,ps_foam,6,34.496376621320685,207.9224090576172
E_thermal_features_only,11,40C__ps_foam_trial_1,40C,40.0,ps_foam,1,34.496376621320685,88.31470998128255
E_thermal_features_only,11,40C__ps_foam_trial_2,40C,40.0,ps_foam,2,34.496376621320685,86.45392100016277
E_thermal_features_only,11,40C__ps_foam_trial_3,40C,40.0,ps_foam,3,34.496376621320685,58.804266611735024
E_thermal_features_only,11,40C__ps_foam_trial_4,40C,40.0,ps_foam,4,34.496376621320685,296.10826619466144
E_thermal_features_only,11,40C__ps_foam_trial_5,40C,40.0,ps_foam,5,34.496376621320685,66.7975082397461
E_thermal_features_only,11,40C__ps_foam_trial_6,40C,40.0,ps_foam,6,34.496376621320685,146.91411336263022
E_thermal_features_only,11,50C__ps_foam_trial_1,50C,50.0,ps_foam,1,34.496376621320685,98.15748087565105
E_thermal_features_only,11,50C__ps_foam_trial_2,50C,50.0,ps_foam,2,34.496376621320685,88.15409088134766
E_thermal_features_only,11,50C__ps_foam_trial_3,50C,50.0,ps_foam,3,34.496376621320685,69.46805826822917
E_thermal_features_only,11,50C__ps_foam_trial_4,50C,50.0,ps_foam,4,34.496376621320685,74.01687367757161
E_thermal_features_only,11,50C__ps_foam_trial_5,50C,50.0,ps_foam,5,34.496376621320685,116.56658681233723
E_thermal_features_only,11,50C__ps_foam_trial_6,50C,50.0,ps_foam,6,34.496376621320685,80.37679545084636
E_thermal_features_only,11,60C__ps_foam_trial_1,60C,60.0,ps_foam,1,34.496376621320685,78.67001851399739
E_thermal_features_only,11,60C__ps_foam_trial_2,60C,60.0,ps_foam,2,34.496376621320685,62.00052134195963
E_thermal_features_only,11,60C__ps_foam_trial_3,60C,60.0,ps_foam,3,34.496376621320685,45.5111198425293
E_thermal_features_only,11,60C__ps_foam_trial_4,60C,60.0,ps_foam,4,34.496376621320685,177.4588826497396
E_thermal_features_only,11,60C__ps_foam_trial_5,60C,60.0,ps_foam,5,34.496376621320685,53.42471059163412
E_thermal_features_only,11,60C__ps_foam_trial_6,60C,60.0,ps_foam,6,34.496376621320685,187.24901326497397
F_optimized_summarized_ESN,11,30C__ps_foam_trial_1,30C,30.0,ps_foam,1,34.496376621320685,148.485595703125
F_optimized_summarized_ESN,11,30C__ps_foam_trial_2,30C,30.0,ps_foam,2,34.496376621320685,177.35530598958334
F_optimized_summarized_ESN,11,30C__ps_foam_trial_3,30C,30.0,ps_foam,3,34.496376621320685,323.2150014241536
F_optimized_summarized_ESN,11,30C__ps_foam_trial_4,30C,30.0,ps_foam,4,34.496376621320685,225.09856160481772
F_optimized_summarized_ESN,11,30C__ps_foam_trial_5,30C,30.0,ps_foam,5,34.496376621320685,147.73233286539713
F_optimized_summarized_ESN,11,30C__ps_foam_trial_6,30C,30.0,ps_foam,6,34.496376621320685,183.4533945719401
F_optimized_summarized_ESN,11,40C__ps_foam_trial_1,40C,40.0,ps_foam,1,34.496376621320685,65.2039171854655
F_optimized_summarized_ESN,11,40C__ps_foam_trial_2,40C,40.0,ps_foam,2,34.496376621320685,77.73070271809895
F_optimized_summarized_ESN,11,40C__ps_foam_trial_3,40C,40.0,ps_foam,3,34.496376621320685,92.43166859944661
F_optimized_summarized_ESN,11,40C__ps_foam_trial_4,40C,40.0,ps_foam,4,34.496376621320685,280.2668100992839
F_optimized_summarized_ESN,11,40C__ps_foam_trial_5,40C,40.0,ps_foam,5,34.496376621320685,137.52072397867838
F_optimized_summarized_ESN,11,40C__ps_foam_trial_6,40C,40.0,ps_foam,6,34.496376621320685,74.72086588541667
F_optimized_summarized_ESN,11,50C__ps_foam_trial_1,50C,50.0,ps_foam,1,34.496376621320685,57.4103889465332
F_optimized_summarized_ESN,11,50C__ps_foam_trial_2,50C,50.0,ps_foam,2,34.496376621320685,50.59260299880325
F_optimized_summarized_ESN,11,50C__ps_foam_trial_3,50C,50.0,ps_foam,3,34.496376621320685,49.012882134894916
F_optimized_summarized_ESN,11,50C__ps_foam_trial_4,50C,50.0,ps_foam,4,34.496376621320685,57.68603006998698
F_optimized_summarized_ESN,11,50C__ps_foam_trial_5,50C,50.0,ps_foam,5,34.496376621320685,50.67500045974075
F_optimized_summarized_ESN,11,50C__ps_foam_trial_6,50C,50.0,ps_foam,6,34.496376621320685,54.12421798706055
F_optimized_summarized_ESN,11,60C__ps_foam_trial_1,60C,60.0,ps_foam,1,34.496376621320685,425.73804728190106
F_optimized_summarized_ESN,11,60C__ps_foam_trial_2,60C,60.0,ps_foam,2,34.496376621320685,381.8179423014323
F_optimized_summarized_ESN,11,60C__ps_foam_trial_3,60C,60.0,ps_foam,3,34.496376621320685,482.39239501953125
F_optimized_summarized_ESN,11,60C__ps_foam_trial_4,60C,60.0,ps_foam,4,34.496376621320685,114.77156829833984
F_optimized_summarized_ESN,11,60C__ps_foam_trial_5,60C,60.0,ps_foam,5,34.496376621320685,388.6229960123698
F_optimized_summarized_ESN,11,60C__ps_foam_trial_6,60C,60.0,ps_foam,6,34.496376621320685,337.2705383300781
G_optimized_summarized_ESN_plus_thermal,11,30C__ps_foam_trial_1,30C,30.0,ps_foam,1,34.496376621320685,545.4324035644531
G_optimized_summarized_ESN_plus_thermal,11,30C__ps_foam_trial_2,30C,30.0,ps_foam,2,34.496376621320685,680.7420959472656
G_optimized_summarized_ESN_plus_thermal,11,30C__ps_foam_trial_3,30C,30.0,ps_foam,3,34.496376621320685,345.9734700520833
G_optimized_summarized_ESN_plus_thermal,11,30C__ps_foam_trial_4,30C,30.0,ps_foam,4,34.496376621320685,339.0464833577474
G_optimized_summarized_ESN_plus_thermal,11,30C__ps_foam_trial_5,30C,30.0,ps_foam,5,34.496376621320685,174.9581095377604
G_optimized_summarized_ESN_plus_thermal,11,30C__ps_foam_trial_6,30C,30.0,ps_foam,6,34.496376621320685,244.9725138346354
G_optimized_summarized_ESN_plus_thermal,11,40C__ps_foam_trial_1,40C,40.0,ps_foam,1,34.496376621320685,55.640577952067055
G_optimized_summarized_ESN_plus_thermal,11,40C__ps_foam_trial_2,40C,40.0,ps_foam,2,34.496376621320685,52.65357198474843
G_optimized_summarized_ESN_plus_thermal,11,40C__ps_foam_trial_3,40C,40.0,ps_foam,3,34.496376621320685,82.98932139078777
G_optimized_summarized_ESN_plus_thermal,11,40C__ps_foam_trial_4,40C,40.0,ps_foam,4,34.496376621320685,976.8399861653646
G_optimized_summarized_ESN_plus_thermal,11,40C__ps_foam_trial_5,40C,40.0,ps_foam,5,34.496376621320685,102.67233784993489
G_optimized_summarized_ESN_plus_thermal,11,40C__ps_foam_trial_6,40C,40.0,ps_foam,6,34.496376621320685,91.75786844889323
G_optimized_summarized_ESN_plus_thermal,11,50C__ps_foam_trial_1,50C,50.0,ps_foam,1,34.496376621320685,46.04646672962148
G_optimized_summarized_ESN_plus_thermal,11,50C__ps_foam_trial_2,50C,50.0,ps_foam,2,34.496376621320685,65.01552708943684
G_optimized_summarized_ESN_plus_thermal,11,50C__ps_foam_trial_3,50C,50.0,ps_foam,3,34.496376621320685,56.276048024495445
G_optimized_summarized_ESN_plus_thermal,11,50C__ps_foam_trial_4,50C,50.0,ps_foam,4,34.496376621320685,44.81107956328034
G_optimized_summarized_ESN_plus_thermal,11,50C__ps_foam_trial_5,50C,50.0,ps_foam,5,34.496376621320685,55.09357320347448
G_optimized_summarized_ESN_plus_thermal,11,50C__ps_foam_trial_6,50C,50.0,ps_foam,6,34.496376621320685,55.60433319289505
G_optimized_summarized_ESN_plus_thermal,11,60C__ps_foam_trial_1,60C,60.0,ps_foam,1,34.496376621320685,264.9753926595052
G_optimized_summarized_ESN_plus_thermal,11,60C__ps_foam_trial_2,60C,60.0,ps_foam,2,34.496376621320685,238.01531473795572
G_optimized_summarized_ESN_plus_thermal,11,60C__ps_foam_trial_3,60C,60.0,ps_foam,3,34.496376621320685,181.64621225992838
G_optimized_summarized_ESN_plus_thermal,11,60C__ps_foam_trial_4,60C,60.0,ps_foam,4,34.496376621320685,126.30221811930339
G_optimized_summarized_ESN_plus_thermal,11,60C__ps_foam_trial_5,60C,60.0,ps_foam,5,34.496376621320685,266.6885579427083
G_optimized_summarized_ESN_plus_thermal,11,60C__ps_foam_trial_6,60C,60.0,ps_foam,6,34.496376621320685,321.17856852213544
A_raw_ESN_states,12,30C__pu_foam_trial_1,30C,30.0,pu_foam,1,42.49705872175155,162.12130737304688
A_raw_ESN_states,12,30C__pu_foam_trial_2,30C,30.0,pu_foam,2,42.49705872175155,118.39310963948567
A_raw_ESN_states,12,30C__pu_foam_trial_3,30C,30.0,pu_foam,3,42.49705872175155,226.47855122884116
A_raw_ESN_states,12,30C__pu_foam_trial_4,30C,30.0,pu_foam,4,42.49705872175155,258.2053578694661
A_raw_ESN_states,12,30C__pu_foam_trial_5,30C,30.0,pu_foam,5,42.49705872175155,155.12326304117838
A_raw_ESN_states,12,30C__pu_foam_trial_6,30C,30.0,pu_foam,6,42.49705872175155,94.09592183430989
A_raw_ESN_states,12,40C__pu_foam_trial_1,40C,40.0,pu_foam,1,42.49705872175155,109.44326782226562
A_raw_ESN_states,12,40C__pu_foam_trial_2,40C,40.0,pu_foam,2,42.49705872175155,198.33260091145834
A_raw_ESN_states,12,40C__pu_foam_trial_3,40C,40.0,pu_foam,3,42.49705872175155,178.7728271484375
A_raw_ESN_states,12,40C__pu_foam_trial_4,40C,40.0,pu_foam,4,42.49705872175155,68.4123764038086
A_raw_ESN_states,12,40C__pu_foam_trial_5,40C,40.0,pu_foam,5,42.49705872175155,39.82267761230469
A_raw_ESN_states,12,40C__pu_foam_trial_6,40C,40.0,pu_foam,6,42.49705872175155,51.77457809448242
A_raw_ESN_states,12,50C__pu_foam_trial_1,50C,50.0,pu_foam,1,42.49705872175155,77.26681518554688
A_raw_ESN_states,12,50C__pu_foam_trial_2,50C,50.0,pu_foam,2,42.49705872175155,80.93476104736328
A_raw_ESN_states,12,50C__pu_foam_trial_3,50C,50.0,pu_foam,3,42.49705872175155,66.2739651997884
A_raw_ESN_states,12,50C__pu_foam_trial_4,50C,50.0,pu_foam,4,42.49705872175155,63.44932174682617
A_raw_ESN_states,12,50C__pu_foam_trial_5,50C,50.0,pu_foam,5,42.49705872175155,65.49537022908528
A_raw_ESN_states,12,50C__pu_foam_trial_6,50C,50.0,pu_foam,6,42.49705872175155,53.23960494995117
A_raw_ESN_states,12,60C__pu_foam_trial_1,60C,60.0,pu_foam,1,42.49705872175155,206.65117899576822
A_raw_ESN_states,12,60C__pu_foam_trial_2,60C,60.0,pu_foam,2,42.49705872175155,2007.2776692708333
A_raw_ESN_states,12,60C__pu_foam_trial_3,60C,60.0,pu_foam,3,42.49705872175155,446.0326334635417
A_raw_ESN_states,12,60C__pu_foam_trial_4,60C,60.0,pu_foam,4,42.49705872175155,224.89373779296875
A_raw_ESN_states,12,60C__pu_foam_trial_5,60C,60.0,pu_foam,5,42.49705872175155,274.7524922688802
A_raw_ESN_states,12,60C__pu_foam_trial_6,60C,60.0,pu_foam,6,42.49705872175155,332.8385823567708
B_summarized_ESN_states,12,30C__pu_foam_trial_1,30C,30.0,pu_foam,1,42.49705872175155,149.9507802327474
B_summarized_ESN_states,12,30C__pu_foam_trial_2,30C,30.0,pu_foam,2,42.49705872175155,153.10543823242188
B_summarized_ESN_states,12,30C__pu_foam_trial_3,30C,30.0,pu_foam,3,42.49705872175155,234.17526245117188
B_summarized_ESN_states,12,30C__pu_foam_trial_4,30C,30.0,pu_foam,4,42.49705872175155,329.8294372558594
B_summarized_ESN_states,12,30C__pu_foam_trial_5,30C,30.0,pu_foam,5,42.49705872175155,264.69569396972656
B_summarized_ESN_states,12,30C__pu_foam_trial_6,30C,30.0,pu_foam,6,42.49705872175155,134.52930450439453
B_summarized_ESN_states,12,40C__pu_foam_trial_1,40C,40.0,pu_foam,1,42.49705872175155,89.96198018391927
B_summarized_ESN_states,12,40C__pu_foam_trial_2,40C,40.0,pu_foam,2,42.49705872175155,143.74561564127603
B_summarized_ESN_states,12,40C__pu_foam_trial_3,40C,40.0,pu_foam,3,42.49705872175155,142.11781311035156
B_summarized_ESN_states,12,40C__pu_foam_trial_4,40C,40.0,pu_foam,4,42.49705872175155,133.7340316772461
B_summarized_ESN_states,12,40C__pu_foam_trial_5,40C,40.0,pu_foam,5,42.49705872175155,42.73281478881836
B_summarized_ESN_states,12,40C__pu_foam_trial_6,40C,40.0,pu_foam,6,42.49705872175155,66.21595764160156
B_summarized_ESN_states,12,50C__pu_foam_trial_1,50C,50.0,pu_foam,1,42.49705872175155,80.77273686726888
B_summarized_ESN_states,12,50C__pu_foam_trial_2,50C,50.0,pu_foam,2,42.49705872175155,91.17236836751302
B_summarized_ESN_states,12,50C__pu_foam_trial_3,50C,50.0,pu_foam,3,42.49705872175155,130.1951141357422
B_summarized_ESN_states,12,50C__pu_foam_trial_4,50C,50.0,pu_foam,4,42.49705872175155,81.96347935994466
B_summarized_ESN_states,12,50C__pu_foam_trial_5,50C,50.0,pu_foam,5,42.49705872175155,84.56024678548177
B_summarized_ESN_states,12,50C__pu_foam_trial_6,50C,50.0,pu_foam,6,42.49705872175155,55.35523223876953
B_summarized_ESN_states,12,60C__pu_foam_trial_1,60C,60.0,pu_foam,1,42.49705872175155,181.3204091389974
B_summarized_ESN_states,12,60C__pu_foam_trial_2,60C,60.0,pu_foam,2,42.49705872175155,635.1311492919922
B_summarized_ESN_states,12,60C__pu_foam_trial_3,60C,60.0,pu_foam,3,42.49705872175155,391.0247294108073
B_summarized_ESN_states,12,60C__pu_foam_trial_4,60C,60.0,pu_foam,4,42.49705872175155,212.46170043945312
B_summarized_ESN_states,12,60C__pu_foam_trial_5,60C,60.0,pu_foam,5,42.49705872175155,224.02482096354166
B_summarized_ESN_states,12,60C__pu_foam_trial_6,60C,60.0,pu_foam,6,42.49705872175155,302.51923116048175
C_raw_ESN_plus_thermal,12,30C__pu_foam_trial_1,30C,30.0,pu_foam,1,42.49705872175155,146.8752415974935
C_raw_ESN_plus_thermal,12,30C__pu_foam_trial_2,30C,30.0,pu_foam,2,42.49705872175155,103.30417124430339
C_raw_ESN_plus_thermal,12,30C__pu_foam_trial_3,30C,30.0,pu_foam,3,42.49705872175155,205.62700907389322
C_raw_ESN_plus_thermal,12,30C__pu_foam_trial_4,30C,30.0,pu_foam,4,42.49705872175155,185.15087890625
C_raw_ESN_plus_thermal,12,30C__pu_foam_trial_5,30C,30.0,pu_foam,5,42.49705872175155,176.8197021484375
C_raw_ESN_plus_thermal,12,30C__pu_foam_trial_6,30C,30.0,pu_foam,6,42.49705872175155,73.3785794576009
C_raw_ESN_plus_thermal,12,40C__pu_foam_trial_1,40C,40.0,pu_foam,1,42.49705872175155,91.54512532552083
C_raw_ESN_plus_thermal,12,40C__pu_foam_trial_2,40C,40.0,pu_foam,2,42.49705872175155,129.70373026529947
C_raw_ESN_plus_thermal,12,40C__pu_foam_trial_3,40C,40.0,pu_foam,3,42.49705872175155,134.33351389567056
C_raw_ESN_plus_thermal,12,40C__pu_foam_trial_4,40C,40.0,pu_foam,4,42.49705872175155,58.491476694742836
C_raw_ESN_plus_thermal,12,40C__pu_foam_trial_5,40C,40.0,pu_foam,5,42.49705872175155,36.39782499445467
C_raw_ESN_plus_thermal,12,40C__pu_foam_trial_6,40C,40.0,pu_foam,6,42.49705872175155,45.51639175415039
C_raw_ESN_plus_thermal,12,50C__pu_foam_trial_1,50C,50.0,pu_foam,1,42.49705872175155,88.2217508951823
C_raw_ESN_plus_thermal,12,50C__pu_foam_trial_2,50C,50.0,pu_foam,2,42.49705872175155,73.96462631225586
C_raw_ESN_plus_thermal,12,50C__pu_foam_trial_3,50C,50.0,pu_foam,3,42.49705872175155,81.75340270996094
C_raw_ESN_plus_thermal,12,50C__pu_foam_trial_4,50C,50.0,pu_foam,4,42.49705872175155,75.70878092447917
C_raw_ESN_plus_thermal,12,50C__pu_foam_trial_5,50C,50.0,pu_foam,5,42.49705872175155,86.6570536295573
C_raw_ESN_plus_thermal,12,50C__pu_foam_trial_6,50C,50.0,pu_foam,6,42.49705872175155,85.48715209960938
C_raw_ESN_plus_thermal,12,60C__pu_foam_trial_1,60C,60.0,pu_foam,1,42.49705872175155,193.07523600260416
C_raw_ESN_plus_thermal,12,60C__pu_foam_trial_2,60C,60.0,pu_foam,2,42.49705872175155,1756.2310587565105
C_raw_ESN_plus_thermal,12,60C__pu_foam_trial_3,60C,60.0,pu_foam,3,42.49705872175155,349.92767333984375
C_raw_ESN_plus_thermal,12,60C__pu_foam_trial_4,60C,60.0,pu_foam,4,42.49705872175155,201.57571411132812
C_raw_ESN_plus_thermal,12,60C__pu_foam_trial_5,60C,60.0,pu_foam,5,42.49705872175155,312.00831095377606
C_raw_ESN_plus_thermal,12,60C__pu_foam_trial_6,60C,60.0,pu_foam,6,42.49705872175155,324.1011657714844
D_summarized_ESN_plus_thermal,12,30C__pu_foam_trial_1,30C,30.0,pu_foam,1,42.49705872175155,147.46633911132812
D_summarized_ESN_plus_thermal,12,30C__pu_foam_trial_2,30C,30.0,pu_foam,2,42.49705872175155,107.30549621582031
D_summarized_ESN_plus_thermal,12,30C__pu_foam_trial_3,30C,30.0,pu_foam,3,42.49705872175155,207.52318827311197
D_summarized_ESN_plus_thermal,12,30C__pu_foam_trial_4,30C,30.0,pu_foam,4,42.49705872175155,218.81731160481772
D_summarized_ESN_plus_thermal,12,30C__pu_foam_trial_5,30C,30.0,pu_foam,5,42.49705872175155,288.32338460286456
D_summarized_ESN_plus_thermal,12,30C__pu_foam_trial_6,30C,30.0,pu_foam,6,42.49705872175155,94.28940073649089
D_summarized_ESN_plus_thermal,12,40C__pu_foam_trial_1,40C,40.0,pu_foam,1,42.49705872175155,74.31331380208333
D_summarized_ESN_plus_thermal,12,40C__pu_foam_trial_2,40C,40.0,pu_foam,2,42.49705872175155,96.4878641764323
D_summarized_ESN_plus_thermal,12,40C__pu_foam_trial_3,40C,40.0,pu_foam,3,42.49705872175155,102.11830393473308
D_summarized_ESN_plus_thermal,12,40C__pu_foam_trial_4,40C,40.0,pu_foam,4,42.49705872175155,82.65885670979817
D_summarized_ESN_plus_thermal,12,40C__pu_foam_trial_5,40C,40.0,pu_foam,5,42.49705872175155,34.496376621320685
D_summarized_ESN_plus_thermal,12,40C__pu_foam_trial_6,40C,40.0,pu_foam,6,42.49705872175155,47.42462921142578
D_summarized_ESN_plus_thermal,12,50C__pu_foam_trial_1,50C,50.0,pu_foam,1,42.49705872175155,108.79669698079427
D_summarized_ESN_plus_thermal,12,50C__pu_foam_trial_2,50C,50.0,pu_foam,2,42.49705872175155,88.78580220540364
D_summarized_ESN_plus_thermal,12,50C__pu_foam_trial_3,50C,50.0,pu_foam,3,42.49705872175155,111.29718780517578
D_summarized_ESN_plus_thermal,12,50C__pu_foam_trial_4,50C,50.0,pu_foam,4,42.49705872175155,83.51377614339192
D_summarized_ESN_plus_thermal,12,50C__pu_foam_trial_5,50C,50.0,pu_foam,5,42.49705872175155,103.35858408610027
D_summarized_ESN_plus_thermal,12,50C__pu_foam_trial_6,50C,50.0,pu_foam,6,42.49705872175155,79.20232391357422
D_summarized_ESN_plus_thermal,12,60C__pu_foam_trial_1,60C,60.0,pu_foam,1,42.49705872175155,190.63352966308594
D_summarized_ESN_plus_thermal,12,60C__pu_foam_trial_2,60C,60.0,pu_foam,2,42.49705872175155,1080.4080607096355
D_summarized_ESN_plus_thermal,12,60C__pu_foam_trial_3,60C,60.0,pu_foam,3,42.49705872175155,279.9181823730469
D_summarized_ESN_plus_thermal,12,60C__pu_foam_trial_4,60C,60.0,pu_foam,4,42.49705872175155,162.7522226969401
D_summarized_ESN_plus_thermal,12,60C__pu_foam_trial_5,60C,60.0,pu_foam,5,42.49705872175155,224.85347493489584
D_summarized_ESN_plus_thermal,12,60C__pu_foam_trial_6,60C,60.0,pu_foam,6,42.49705872175155,264.06903584798175
E_thermal_features_only,12,30C__pu_foam_trial_1,30C,30.0,pu_foam,1,42.49705872175155,99.02430216471355
E_thermal_features_only,12,30C__pu_foam_trial_2,30C,30.0,pu_foam,2,42.49705872175155,64.57588577270508
E_thermal_features_only,12,30C__pu_foam_trial_3,30C,30.0,pu_foam,3,42.49705872175155,143.80386861165366
E_thermal_features_only,12,30C__pu_foam_trial_4,30C,30.0,pu_foam,4,42.49705872175155,117.41883595784505
E_thermal_features_only,12,30C__pu_foam_trial_5,30C,30.0,pu_foam,5,42.49705872175155,173.13553365071616
E_thermal_features_only,12,30C__pu_foam_trial_6,30C,30.0,pu_foam,6,42.49705872175155,70.74102783203125
E_thermal_features_only,12,40C__pu_foam_trial_1,40C,40.0,pu_foam,1,42.49705872175155,62.387709299723305
E_thermal_features_only,12,40C__pu_foam_trial_2,40C,40.0,pu_foam,2,42.49705872175155,57.51116053263346
E_thermal_features_only,12,40C__pu_foam_trial_3,40C,40.0,pu_foam,3,42.49705872175155,68.49949137369792
E_thermal_features_only,12,40C__pu_foam_trial_4,40C,40.0,pu_foam,4,42.49705872175155,66.33766428629558
E_thermal_features_only,12,40C__pu_foam_trial_5,40C,40.0,pu_foam,5,42.49705872175155,36.88330332438151
E_thermal_features_only,12,40C__pu_foam_trial_6,40C,40.0,pu_foam,6,42.49705872175155,42.72887420654297
E_thermal_features_only,12,50C__pu_foam_trial_1,50C,50.0,pu_foam,1,42.49705872175155,110.8973871866862
E_thermal_features_only,12,50C__pu_foam_trial_2,50C,50.0,pu_foam,2,42.49705872175155,99.21403503417969
E_thermal_features_only,12,50C__pu_foam_trial_3,50C,50.0,pu_foam,3,42.49705872175155,111.78020985921223
E_thermal_features_only,12,50C__pu_foam_trial_4,50C,50.0,pu_foam,4,42.49705872175155,70.79317220052083
E_thermal_features_only,12,50C__pu_foam_trial_5,50C,50.0,pu_foam,5,42.49705872175155,117.19229380289714
E_thermal_features_only,12,50C__pu_foam_trial_6,50C,50.0,pu_foam,6,42.49705872175155,110.06485493977864
E_thermal_features_only,12,60C__pu_foam_trial_1,60C,60.0,pu_foam,1,42.49705872175155,217.31101989746094
E_thermal_features_only,12,60C__pu_foam_trial_2,60C,60.0,pu_foam,2,42.49705872175155,965.3224080403646
E_thermal_features_only,12,60C__pu_foam_trial_3,60C,60.0,pu_foam,3,42.49705872175155,190.79095458984375
E_thermal_features_only,12,60C__pu_foam_trial_4,60C,60.0,pu_foam,4,42.49705872175155,232.8029988606771
E_thermal_features_only,12,60C__pu_foam_trial_5,60C,60.0,pu_foam,5,42.49705872175155,242.12027486165366
E_thermal_features_only,12,60C__pu_foam_trial_6,60C,60.0,pu_foam,6,42.49705872175155,233.27380879720053
F_optimized_summarized_ESN,12,30C__pu_foam_trial_1,30C,30.0,pu_foam,1,42.49705872175155,166.75950622558594
F_optimized_summarized_ESN,12,30C__pu_foam_trial_2,30C,30.0,pu_foam,2,42.49705872175155,77.88292948404948
F_optimized_summarized_ESN,12,30C__pu_foam_trial_3,30C,30.0,pu_foam,3,42.49705872175155,241.80499267578125
F_optimized_summarized_ESN,12,30C__pu_foam_trial_4,30C,30.0,pu_foam,4,42.49705872175155,314.80713907877606
F_optimized_summarized_ESN,12,30C__pu_foam_trial_5,30C,30.0,pu_foam,5,42.49705872175155,161.35617319742838
F_optimized_summarized_ESN,12,30C__pu_foam_trial_6,30C,30.0,pu_foam,6,42.49705872175155,124.4972915649414
F_optimized_summarized_ESN,12,40C__pu_foam_trial_1,40C,40.0,pu_foam,1,42.49705872175155,84.64652506510417
F_optimized_summarized_ESN,12,40C__pu_foam_trial_2,40C,40.0,pu_foam,2,42.49705872175155,195.87562306722006
F_optimized_summarized_ESN,12,40C__pu_foam_trial_3,40C,40.0,pu_foam,3,42.49705872175155,182.54059600830078
F_optimized_summarized_ESN,12,40C__pu_foam_trial_4,40C,40.0,pu_foam,4,42.49705872175155,113.7980448404948
F_optimized_summarized_ESN,12,40C__pu_foam_trial_5,40C,40.0,pu_foam,5,42.49705872175155,55.54254404703776
F_optimized_summarized_ESN,12,40C__pu_foam_trial_6,40C,40.0,pu_foam,6,42.49705872175155,81.07011413574219
F_optimized_summarized_ESN,12,50C__pu_foam_trial_1,50C,50.0,pu_foam,1,42.49705872175155,116.99698384602864
F_optimized_summarized_ESN,12,50C__pu_foam_trial_2,50C,50.0,pu_foam,2,42.49705872175155,100.17838287353516
F_optimized_summarized_ESN,12,50C__pu_foam_trial_3,50C,50.0,pu_foam,3,42.49705872175155,132.49988301595053
F_optimized_summarized_ESN,12,50C__pu_foam_trial_4,50C,50.0,pu_foam,4,42.49705872175155,75.41962814331055
F_optimized_summarized_ESN,12,50C__pu_foam_trial_5,50C,50.0,pu_foam,5,42.49705872175155,47.178821758295044
F_optimized_summarized_ESN,12,50C__pu_foam_trial_6,50C,50.0,pu_foam,6,42.49705872175155,61.32744598388672
F_optimized_summarized_ESN,12,60C__pu_foam_trial_1,60C,60.0,pu_foam,1,42.49705872175155,189.53681437174478
F_optimized_summarized_ESN,12,60C__pu_foam_trial_2,60C,60.0,pu_foam,2,42.49705872175155,706.9287719726562
F_optimized_summarized_ESN,12,60C__pu_foam_trial_3,60C,60.0,pu_foam,3,42.49705872175155,629.2848154703776
F_optimized_summarized_ESN,12,60C__pu_foam_trial_4,60C,60.0,pu_foam,4,42.49705872175155,338.0060755411784
F_optimized_summarized_ESN,12,60C__pu_foam_trial_5,60C,60.0,pu_foam,5,42.49705872175155,453.6081364949544
F_optimized_summarized_ESN,12,60C__pu_foam_trial_6,60C,60.0,pu_foam,6,42.49705872175155,630.5488764444987
G_optimized_summarized_ESN_plus_thermal,12,30C__pu_foam_trial_1,30C,30.0,pu_foam,1,42.49705872175155,157.54273732503256
G_optimized_summarized_ESN_plus_thermal,12,30C__pu_foam_trial_2,30C,30.0,pu_foam,2,42.49705872175155,64.08173497517903
G_optimized_summarized_ESN_plus_thermal,12,30C__pu_foam_trial_3,30C,30.0,pu_foam,3,42.49705872175155,311.38365173339844
G_optimized_summarized_ESN_plus_thermal,12,30C__pu_foam_trial_4,30C,30.0,pu_foam,4,42.49705872175155,248.42130533854166
G_optimized_summarized_ESN_plus_thermal,12,30C__pu_foam_trial_5,30C,30.0,pu_foam,5,42.49705872175155,321.2859700520833
G_optimized_summarized_ESN_plus_thermal,12,30C__pu_foam_trial_6,30C,30.0,pu_foam,6,42.49705872175155,118.15136464436848
G_optimized_summarized_ESN_plus_thermal,12,40C__pu_foam_trial_1,40C,40.0,pu_foam,1,42.49705872175155,69.60015869140625
G_optimized_summarized_ESN_plus_thermal,12,40C__pu_foam_trial_2,40C,40.0,pu_foam,2,42.49705872175155,89.09740193684895
G_optimized_summarized_ESN_plus_thermal,12,40C__pu_foam_trial_3,40C,40.0,pu_foam,3,42.49705872175155,99.01406860351562
G_optimized_summarized_ESN_plus_thermal,12,40C__pu_foam_trial_4,40C,40.0,pu_foam,4,42.49705872175155,85.307191212972
G_optimized_summarized_ESN_plus_thermal,12,40C__pu_foam_trial_5,40C,40.0,pu_foam,5,42.49705872175155,38.875413258870445
G_optimized_summarized_ESN_plus_thermal,12,40C__pu_foam_trial_6,40C,40.0,pu_foam,6,42.49705872175155,44.03406798428788
G_optimized_summarized_ESN_plus_thermal,12,50C__pu_foam_trial_1,50C,50.0,pu_foam,1,42.49705872175155,102.11706034342448
G_optimized_summarized_ESN_plus_thermal,12,50C__pu_foam_trial_2,50C,50.0,pu_foam,2,42.49705872175155,106.01483408610027
G_optimized_summarized_ESN_plus_thermal,12,50C__pu_foam_trial_3,50C,50.0,pu_foam,3,42.49705872175155,129.69142405192056
G_optimized_summarized_ESN_plus_thermal,12,50C__pu_foam_trial_4,50C,50.0,pu_foam,4,42.49705872175155,82.58185450236003
G_optimized_summarized_ESN_plus_thermal,12,50C__pu_foam_trial_5,50C,50.0,pu_foam,5,42.49705872175155,68.30385335286458
G_optimized_summarized_ESN_plus_thermal,12,50C__pu_foam_trial_6,50C,50.0,pu_foam,6,42.49705872175155,89.33290100097656
G_optimized_summarized_ESN_plus_thermal,12,60C__pu_foam_trial_1,60C,60.0,pu_foam,1,42.49705872175155,166.60004170735678
G_optimized_summarized_ESN_plus_thermal,12,60C__pu_foam_trial_2,60C,60.0,pu_foam,2,42.49705872175155,603.3407084147135
G_optimized_summarized_ESN_plus_thermal,12,60C__pu_foam_trial_3,60C,60.0,pu_foam,3,42.49705872175155,431.3750305175781
G_optimized_summarized_ESN_plus_thermal,12,60C__pu_foam_trial_4,60C,60.0,pu_foam,4,42.49705872175155,161.5256093343099
G_optimized_summarized_ESN_plus_thermal,12,60C__pu_foam_trial_5,60C,60.0,pu_foam,5,42.49705872175155,288.81032307942706
G_optimized_summarized_ESN_plus_thermal,12,60C__pu_foam_trial_6,60C,60.0,pu_foam,6,42.49705872175155,422.66583760579425
A_raw_ESN_states,13,30C__titanium_trial_1,30C,30.0,titanium,1,7184.0359269702985,9723.668294270834
A_raw_ESN_states,13,30C__titanium_trial_2,30C,30.0,titanium,2,7184.0359269702985,4051.6621907552085
A_raw_ESN_states,13,30C__titanium_trial_3,30C,30.0,titanium,3,7184.0359269702985,7146.079915364583
A_raw_ESN_states,13,30C__titanium_trial_4,30C,30.0,titanium,4,7184.0359269702985,4625.8515625
A_raw_ESN_states,13,30C__titanium_trial_5,30C,30.0,titanium,5,7184.0359269702985,6807.17529296875
A_raw_ESN_states,13,30C__titanium_trial_6,30C,30.0,titanium,6,7184.0359269702985,9210.284098307291
A_raw_ESN_states,13,40C__titanium_trial_1,40C,40.0,titanium,1,7184.0359269702985,18435.912109375
A_raw_ESN_states,13,40C__titanium_trial_2,40C,40.0,titanium,2,7184.0359269702985,15517.521158854166
A_raw_ESN_states,13,40C__titanium_trial_3,40C,40.0,titanium,3,7184.0359269702985,18199.826822916668
A_raw_ESN_states,13,40C__titanium_trial_4,40C,40.0,titanium,4,7184.0359269702985,7032.390625
A_raw_ESN_states,13,40C__titanium_trial_5,40C,40.0,titanium,5,7184.0359269702985,14956.0869140625
A_raw_ESN_states,13,40C__titanium_trial_6,40C,40.0,titanium,6,7184.0359269702985,11988.179036458334
A_raw_ESN_states,13,50C__titanium_trial_1,50C,50.0,titanium,1,7184.0359269702985,14978.111653645834
A_raw_ESN_states,13,50C__titanium_trial_2,50C,50.0,titanium,2,7184.0359269702985,7382.325032552083
A_raw_ESN_states,13,50C__titanium_trial_3,50C,50.0,titanium,3,7184.0359269702985,19771.44921875
A_raw_ESN_states,13,50C__titanium_trial_4,50C,50.0,titanium,4,7184.0359269702985,15527.763997395834
A_raw_ESN_states,13,50C__titanium_trial_5,50C,50.0,titanium,5,7184.0359269702985,5726.572428385417
A_raw_ESN_states,13,50C__titanium_trial_6,50C,50.0,titanium,6,7184.0359269702985,18012.537109375
A_raw_ESN_states,13,60C__titanium_trial_1,60C,60.0,titanium,1,7184.0359269702985,7933.450846354167
A_raw_ESN_states,13,60C__titanium_trial_2,60C,60.0,titanium,2,7184.0359269702985,8355.734700520834
A_raw_ESN_states,13,60C__titanium_trial_3,60C,60.0,titanium,3,7184.0359269702985,10954.744140625
A_raw_ESN_states,13,60C__titanium_trial_4,60C,60.0,titanium,4,7184.0359269702985,16458.973958333332
A_raw_ESN_states,13,60C__titanium_trial_5,60C,60.0,titanium,5,7184.0359269702985,10276.637532552084
A_raw_ESN_states,13,60C__titanium_trial_6,60C,60.0,titanium,6,7184.0359269702985,14958.360677083334
B_summarized_ESN_states,13,30C__titanium_trial_1,30C,30.0,titanium,1,7184.0359269702985,6280.5634765625
B_summarized_ESN_states,13,30C__titanium_trial_2,30C,30.0,titanium,2,7184.0359269702985,4933.675374348958
B_summarized_ESN_states,13,30C__titanium_trial_3,30C,30.0,titanium,3,7184.0359269702985,5272.806477864583
B_summarized_ESN_states,13,30C__titanium_trial_4,30C,30.0,titanium,4,7184.0359269702985,6155.738118489583
B_summarized_ESN_states,13,30C__titanium_trial_5,30C,30.0,titanium,5,7184.0359269702985,9275.177571614584
B_summarized_ESN_states,13,30C__titanium_trial_6,30C,30.0,titanium,6,7184.0359269702985,6231.175130208333
B_summarized_ESN_states,13,40C__titanium_trial_1,40C,40.0,titanium,1,7184.0359269702985,15262.489908854166
B_summarized_ESN_states,13,40C__titanium_trial_2,40C,40.0,titanium,2,7184.0359269702985,14167.013997395834
B_summarized_ESN_states,13,40C__titanium_trial_3,40C,40.0,titanium,3,7184.0359269702985,13457.9951171875
B_summarized_ESN_states,13,40C__titanium_trial_4,40C,40.0,titanium,4,7184.0359269702985,4717.029947916667
B_summarized_ESN_states,13,40C__titanium_trial_5,40C,40.0,titanium,5,7184.0359269702985,17940.650716145832
B_summarized_ESN_states,13,40C__titanium_trial_6,40C,40.0,titanium,6,7184.0359269702985,16773.149739583332
B_summarized_ESN_states,13,50C__titanium_trial_1,50C,50.0,titanium,1,7184.0359269702985,16365.227213541666
B_summarized_ESN_states,13,50C__titanium_trial_2,50C,50.0,titanium,2,7184.0359269702985,4544.347819010417
B_summarized_ESN_states,13,50C__titanium_trial_3,50C,50.0,titanium,3,7184.0359269702985,13486.152018229166
B_summarized_ESN_states,13,50C__titanium_trial_4,50C,50.0,titanium,4,7184.0359269702985,18692.73828125
B_summarized_ESN_states,13,50C__titanium_trial_5,50C,50.0,titanium,5,7184.0359269702985,10332.608072916666
B_summarized_ESN_states,13,50C__titanium_trial_6,50C,50.0,titanium,6,7184.0359269702985,10601.914388020834
B_summarized_ESN_states,13,60C__titanium_trial_1,60C,60.0,titanium,1,7184.0359269702985,7720.997395833333
B_summarized_ESN_states,13,60C__titanium_trial_2,60C,60.0,titanium,2,7184.0359269702985,8827.426920572916
B_summarized_ESN_states,13,60C__titanium_trial_3,60C,60.0,titanium,3,7184.0359269702985,8046.02197265625
B_summarized_ESN_states,13,60C__titanium_trial_4,60C,60.0,titanium,4,7184.0359269702985,15118.910807291666
B_summarized_ESN_states,13,60C__titanium_trial_5,60C,60.0,titanium,5,7184.0359269702985,12571.306966145834
B_summarized_ESN_states,13,60C__titanium_trial_6,60C,60.0,titanium,6,7184.0359269702985,13334.296875
C_raw_ESN_plus_thermal,13,30C__titanium_trial_1,30C,30.0,titanium,1,7184.0359269702985,15111.377278645834
C_raw_ESN_plus_thermal,13,30C__titanium_trial_2,30C,30.0,titanium,2,7184.0359269702985,5732.9814453125
C_raw_ESN_plus_thermal,13,30C__titanium_trial_3,30C,30.0,titanium,3,7184.0359269702985,5610.085611979167
C_raw_ESN_plus_thermal,13,30C__titanium_trial_4,30C,30.0,titanium,4,7184.0359269702985,4794.497802734375
C_raw_ESN_plus_thermal,13,30C__titanium_trial_5,30C,30.0,titanium,5,7184.0359269702985,5072.572672526042
C_raw_ESN_plus_thermal,13,30C__titanium_trial_6,30C,30.0,titanium,6,7184.0359269702985,9173.141438802084
C_raw_ESN_plus_thermal,13,40C__titanium_trial_1,40C,40.0,titanium,1,7184.0359269702985,18111.8447265625
C_raw_ESN_plus_thermal,13,40C__titanium_trial_2,40C,40.0,titanium,2,7184.0359269702985,19963.503255208332
C_raw_ESN_plus_thermal,13,40C__titanium_trial_3,40C,40.0,titanium,3,7184.0359269702985,19259.047526041668
C_raw_ESN_plus_thermal,13,40C__titanium_trial_4,40C,40.0,titanium,4,7184.0359269702985,9989.0234375
C_raw_ESN_plus_thermal,13,40C__titanium_trial_5,40C,40.0,titanium,5,7184.0359269702985,15630.533854166666
C_raw_ESN_plus_thermal,13,40C__titanium_trial_6,40C,40.0,titanium,6,7184.0359269702985,12886.150390625
C_raw_ESN_plus_thermal,13,50C__titanium_trial_1,50C,50.0,titanium,1,7184.0359269702985,16941.490559895832
C_raw_ESN_plus_thermal,13,50C__titanium_trial_2,50C,50.0,titanium,2,7184.0359269702985,6772.61474609375
C_raw_ESN_plus_thermal,13,50C__titanium_trial_3,50C,50.0,titanium,3,7184.0359269702985,22261.452473958332
C_raw_ESN_plus_thermal,13,50C__titanium_trial_4,50C,50.0,titanium,4,7184.0359269702985,12121.1240234375
C_raw_ESN_plus_thermal,13,50C__titanium_trial_5,50C,50.0,titanium,5,7184.0359269702985,5855.495768229167
C_raw_ESN_plus_thermal,13,50C__titanium_trial_6,50C,50.0,titanium,6,7184.0359269702985,19370.340494791668
C_raw_ESN_plus_thermal,13,60C__titanium_trial_1,60C,60.0,titanium,1,7184.0359269702985,8569.163899739584
C_raw_ESN_plus_thermal,13,60C__titanium_trial_2,60C,60.0,titanium,2,7184.0359269702985,7486.840494791667
C_raw_ESN_plus_thermal,13,60C__titanium_trial_3,60C,60.0,titanium,3,7184.0359269702985,12320.075846354166
C_raw_ESN_plus_thermal,13,60C__titanium_trial_4,60C,60.0,titanium,4,7184.0359269702985,13306.828776041666
C_raw_ESN_plus_thermal,13,60C__titanium_trial_5,60C,60.0,titanium,5,7184.0359269702985,10356.748697916666
C_raw_ESN_plus_thermal,13,60C__titanium_trial_6,60C,60.0,titanium,6,7184.0359269702985,15608.951171875
D_summarized_ESN_plus_thermal,13,30C__titanium_trial_1,30C,30.0,titanium,1,7184.0359269702985,8517.9873046875
D_summarized_ESN_plus_thermal,13,30C__titanium_trial_2,30C,30.0,titanium,2,7184.0359269702985,6211.142415364583
D_summarized_ESN_plus_thermal,13,30C__titanium_trial_3,30C,30.0,titanium,3,7184.0359269702985,4996.824462890625
D_summarized_ESN_plus_thermal,13,30C__titanium_trial_4,30C,30.0,titanium,4,7184.0359269702985,6325.6142578125
D_summarized_ESN_plus_thermal,13,30C__titanium_trial_5,30C,30.0,titanium,5,7184.0359269702985,8844.384928385416
D_summarized_ESN_plus_thermal,13,30C__titanium_trial_6,30C,30.0,titanium,6,7184.0359269702985,4736.564534505208
D_summarized_ESN_plus_thermal,13,40C__titanium_trial_1,40C,40.0,titanium,1,7184.0359269702985,18682.555338541668
D_summarized_ESN_plus_thermal,13,40C__titanium_trial_2,40C,40.0,titanium,2,7184.0359269702985,14839.7978515625
D_summarized_ESN_plus_thermal,13,40C__titanium_trial_3,40C,40.0,titanium,3,7184.0359269702985,18624.92578125
D_summarized_ESN_plus_thermal,13,40C__titanium_trial_4,40C,40.0,titanium,4,7184.0359269702985,10732.661783854166
D_summarized_ESN_plus_thermal,13,40C__titanium_trial_5,40C,40.0,titanium,5,7184.0359269702985,18359.716145833332
D_summarized_ESN_plus_thermal,13,40C__titanium_trial_6,40C,40.0,titanium,6,7184.0359269702985,18054.494791666668
D_summarized_ESN_plus_thermal,13,50C__titanium_trial_1,50C,50.0,titanium,1,7184.0359269702985,13993.095377604166
D_summarized_ESN_plus_thermal,13,50C__titanium_trial_2,50C,50.0,titanium,2,7184.0359269702985,5276.905110677083
D_summarized_ESN_plus_thermal,13,50C__titanium_trial_3,50C,50.0,titanium,3,7184.0359269702985,15279.583658854166
D_summarized_ESN_plus_thermal,13,50C__titanium_trial_4,50C,50.0,titanium,4,7184.0359269702985,13751.144205729166
D_summarized_ESN_plus_thermal,13,50C__titanium_trial_5,50C,50.0,titanium,5,7184.0359269702985,10094.460286458334
D_summarized_ESN_plus_thermal,13,50C__titanium_trial_6,50C,50.0,titanium,6,7184.0359269702985,13023.052734375
D_summarized_ESN_plus_thermal,13,60C__titanium_trial_1,60C,60.0,titanium,1,7184.0359269702985,9409.126953125
D_summarized_ESN_plus_thermal,13,60C__titanium_trial_2,60C,60.0,titanium,2,7184.0359269702985,9545.4951171875
D_summarized_ESN_plus_thermal,13,60C__titanium_trial_3,60C,60.0,titanium,3,7184.0359269702985,9581.90234375
D_summarized_ESN_plus_thermal,13,60C__titanium_trial_4,60C,60.0,titanium,4,7184.0359269702985,13621.3896484375
D_summarized_ESN_plus_thermal,13,60C__titanium_trial_5,60C,60.0,titanium,5,7184.0359269702985,11949.310709635416
D_summarized_ESN_plus_thermal,13,60C__titanium_trial_6,60C,60.0,titanium,6,7184.0359269702985,13507.558919270834
E_thermal_features_only,13,30C__titanium_trial_1,30C,30.0,titanium,1,7184.0359269702985,13132.834309895834
E_thermal_features_only,13,30C__titanium_trial_2,30C,30.0,titanium,2,7184.0359269702985,6704.259440104167
E_thermal_features_only,13,30C__titanium_trial_3,30C,30.0,titanium,3,7184.0359269702985,3249.408203125
E_thermal_features_only,13,30C__titanium_trial_4,30C,30.0,titanium,4,7184.0359269702985,3367.4624837239585
E_thermal_features_only,13,30C__titanium_trial_5,30C,30.0,titanium,5,7184.0359269702985,3272.6465657552085
E_thermal_features_only,13,30C__titanium_trial_6,30C,30.0,titanium,6,7184.0359269702985,3246.58740234375
E_thermal_features_only,13,40C__titanium_trial_1,40C,40.0,titanium,1,7184.0359269702985,16522.625651041668
E_thermal_features_only,13,40C__titanium_trial_2,40C,40.0,titanium,2,7184.0359269702985,9019.3564453125
E_thermal_features_only,13,40C__titanium_trial_3,40C,40.0,titanium,3,7184.0359269702985,12571.650716145834
E_thermal_features_only,13,40C__titanium_trial_4,40C,40.0,titanium,4,7184.0359269702985,6828.853190104167
E_thermal_features_only,13,40C__titanium_trial_5,40C,40.0,titanium,5,7184.0359269702985,13620.8837890625
E_thermal_features_only,13,40C__titanium_trial_6,40C,40.0,titanium,6,7184.0359269702985,16097.181640625
E_thermal_features_only,13,50C__titanium_trial_1,50C,50.0,titanium,1,7184.0359269702985,10517.797200520834
E_thermal_features_only,13,50C__titanium_trial_2,50C,50.0,titanium,2,7184.0359269702985,10160.22265625
E_thermal_features_only,13,50C__titanium_trial_3,50C,50.0,titanium,3,7184.0359269702985,23884.957682291668
E_thermal_features_only,13,50C__titanium_trial_4,50C,50.0,titanium,4,7184.0359269702985,11387.498372395834
E_thermal_features_only,13,50C__titanium_trial_5,50C,50.0,titanium,5,7184.0359269702985,19471.700520833332
E_thermal_features_only,13,50C__titanium_trial_6,50C,50.0,titanium,6,7184.0359269702985,21071.680989583332
E_thermal_features_only,13,60C__titanium_trial_1,60C,60.0,titanium,1,7184.0359269702985,16358.880208333334
E_thermal_features_only,13,60C__titanium_trial_2,60C,60.0,titanium,2,7184.0359269702985,13980.8193359375
E_thermal_features_only,13,60C__titanium_trial_3,60C,60.0,titanium,3,7184.0359269702985,15204.367513020834
E_thermal_features_only,13,60C__titanium_trial_4,60C,60.0,titanium,4,7184.0359269702985,9117.388346354166
E_thermal_features_only,13,60C__titanium_trial_5,60C,60.0,titanium,5,7184.0359269702985,12535.075520833334
E_thermal_features_only,13,60C__titanium_trial_6,60C,60.0,titanium,6,7184.0359269702985,13562.640625
F_optimized_summarized_ESN,13,30C__titanium_trial_1,30C,30.0,titanium,1,7184.0359269702985,6771.62548828125
F_optimized_summarized_ESN,13,30C__titanium_trial_2,30C,30.0,titanium,2,7184.0359269702985,3663.9397786458335
F_optimized_summarized_ESN,13,30C__titanium_trial_3,30C,30.0,titanium,3,7184.0359269702985,4198.743326822917
F_optimized_summarized_ESN,13,30C__titanium_trial_4,30C,30.0,titanium,4,7184.0359269702985,4848.628255208333
F_optimized_summarized_ESN,13,30C__titanium_trial_5,30C,30.0,titanium,5,7184.0359269702985,7706.35693359375
F_optimized_summarized_ESN,13,30C__titanium_trial_6,30C,30.0,titanium,6,7184.0359269702985,5615.118082682292
F_optimized_summarized_ESN,13,40C__titanium_trial_1,40C,40.0,titanium,1,7184.0359269702985,15383.386067708334
F_optimized_summarized_ESN,13,40C__titanium_trial_2,40C,40.0,titanium,2,7184.0359269702985,11682.156575520834
F_optimized_summarized_ESN,13,40C__titanium_trial_3,40C,40.0,titanium,3,7184.0359269702985,12005.600748697916
F_optimized_summarized_ESN,13,40C__titanium_trial_4,40C,40.0,titanium,4,7184.0359269702985,4738.839192708333
F_optimized_summarized_ESN,13,40C__titanium_trial_5,40C,40.0,titanium,5,7184.0359269702985,17893.321614583332
F_optimized_summarized_ESN,13,40C__titanium_trial_6,40C,40.0,titanium,6,7184.0359269702985,18083.977213541668
F_optimized_summarized_ESN,13,50C__titanium_trial_1,50C,50.0,titanium,1,7184.0359269702985,13597.575520833334
F_optimized_summarized_ESN,13,50C__titanium_trial_2,50C,50.0,titanium,2,7184.0359269702985,4542.174723307292
F_optimized_summarized_ESN,13,50C__titanium_trial_3,50C,50.0,titanium,3,7184.0359269702985,14508.90380859375
F_optimized_summarized_ESN,13,50C__titanium_trial_4,50C,50.0,titanium,4,7184.0359269702985,18172.869466145832
F_optimized_summarized_ESN,13,50C__titanium_trial_5,50C,50.0,titanium,5,7184.0359269702985,10703.9951171875
F_optimized_summarized_ESN,13,50C__titanium_trial_6,50C,50.0,titanium,6,7184.0359269702985,10324.395670572916
F_optimized_summarized_ESN,13,60C__titanium_trial_1,60C,60.0,titanium,1,7184.0359269702985,8598.52392578125
F_optimized_summarized_ESN,13,60C__titanium_trial_2,60C,60.0,titanium,2,7184.0359269702985,9079.090494791666
F_optimized_summarized_ESN,13,60C__titanium_trial_3,60C,60.0,titanium,3,7184.0359269702985,9073.522623697916
F_optimized_summarized_ESN,13,60C__titanium_trial_4,60C,60.0,titanium,4,7184.0359269702985,16334.0751953125
F_optimized_summarized_ESN,13,60C__titanium_trial_5,60C,60.0,titanium,5,7184.0359269702985,10948.077799479166
F_optimized_summarized_ESN,13,60C__titanium_trial_6,60C,60.0,titanium,6,7184.0359269702985,12575.446614583334
G_optimized_summarized_ESN_plus_thermal,13,30C__titanium_trial_1,30C,30.0,titanium,1,7184.0359269702985,10512.677734375
G_optimized_summarized_ESN_plus_thermal,13,30C__titanium_trial_2,30C,30.0,titanium,2,7184.0359269702985,7053.5751953125
G_optimized_summarized_ESN_plus_thermal,13,30C__titanium_trial_3,30C,30.0,titanium,3,7184.0359269702985,7366.862467447917
G_optimized_summarized_ESN_plus_thermal,13,30C__titanium_trial_4,30C,30.0,titanium,4,7184.0359269702985,4891.663655598958
G_optimized_summarized_ESN_plus_thermal,13,30C__titanium_trial_5,30C,30.0,titanium,5,7184.0359269702985,6520.473470052083
G_optimized_summarized_ESN_plus_thermal,13,30C__titanium_trial_6,30C,30.0,titanium,6,7184.0359269702985,5028.748209635417
G_optimized_summarized_ESN_plus_thermal,13,40C__titanium_trial_1,40C,40.0,titanium,1,7184.0359269702985,18930.561848958332
G_optimized_summarized_ESN_plus_thermal,13,40C__titanium_trial_2,40C,40.0,titanium,2,7184.0359269702985,10328.465494791666
G_optimized_summarized_ESN_plus_thermal,13,40C__titanium_trial_3,40C,40.0,titanium,3,7184.0359269702985,17414.524088541668
G_optimized_summarized_ESN_plus_thermal,13,40C__titanium_trial_4,40C,40.0,titanium,4,7184.0359269702985,8983.017252604166
G_optimized_summarized_ESN_plus_thermal,13,40C__titanium_trial_5,40C,40.0,titanium,5,7184.0359269702985,17125.368489583332
G_optimized_summarized_ESN_plus_thermal,13,40C__titanium_trial_6,40C,40.0,titanium,6,7184.0359269702985,21449.946614583332
G_optimized_summarized_ESN_plus_thermal,13,50C__titanium_trial_1,50C,50.0,titanium,1,7184.0359269702985,12287.580078125
G_optimized_summarized_ESN_plus_thermal,13,50C__titanium_trial_2,50C,50.0,titanium,2,7184.0359269702985,6357.96923828125
G_optimized_summarized_ESN_plus_thermal,13,50C__titanium_trial_3,50C,50.0,titanium,3,7184.0359269702985,16557.332356770832
G_optimized_summarized_ESN_plus_thermal,13,50C__titanium_trial_4,50C,50.0,titanium,4,7184.0359269702985,13941.900716145834
G_optimized_summarized_ESN_plus_thermal,13,50C__titanium_trial_5,50C,50.0,titanium,5,7184.0359269702985,12133.765950520834
G_optimized_summarized_ESN_plus_thermal,13,50C__titanium_trial_6,50C,50.0,titanium,6,7184.0359269702985,13858.681640625
G_optimized_summarized_ESN_plus_thermal,13,60C__titanium_trial_1,60C,60.0,titanium,1,7184.0359269702985,8921.877278645834
G_optimized_summarized_ESN_plus_thermal,13,60C__titanium_trial_2,60C,60.0,titanium,2,7184.0359269702985,9812.91796875
G_optimized_summarized_ESN_plus_thermal,13,60C__titanium_trial_3,60C,60.0,titanium,3,7184.0359269702985,10452.722330729166
G_optimized_summarized_ESN_plus_thermal,13,60C__titanium_trial_4,60C,60.0,titanium,4,7184.0359269702985,13306.566080729166
G_optimized_summarized_ESN_plus_thermal,13,60C__titanium_trial_5,60C,60.0,titanium,5,7184.0359269702985,11140.816731770834
G_optimized_summarized_ESN_plus_thermal,13,60C__titanium_trial_6,60C,60.0,titanium,6,7184.0359269702985,11632.733072916666
A_raw_ESN_states,14,30C__wood_trial_1,30C,30.0,wood,1,422.49260348555214,102.62789916992188
A_raw_ESN_states,14,30C__wood_trial_2,30C,30.0,wood,2,422.49260348555214,167.25220489501953
A_raw_ESN_states,14,30C__wood_trial_3,30C,30.0,wood,3,422.49260348555214,77.38928985595703
A_raw_ESN_states,14,30C__wood_trial_4,30C,30.0,wood,4,422.49260348555214,65.2982546488444
A_raw_ESN_states,14,30C__wood_trial_5,30C,30.0,wood,5,422.49260348555214,121.42097981770833
A_raw_ESN_states,14,30C__wood_trial_6,30C,30.0,wood,6,422.49260348555214,64.400390625
A_raw_ESN_states,14,40C__wood_trial_1,40C,40.0,wood,1,422.49260348555214,130.58104451497397
A_raw_ESN_states,14,40C__wood_trial_2,40C,40.0,wood,2,422.49260348555214,191.1050771077474
A_raw_ESN_states,14,40C__wood_trial_3,40C,40.0,wood,3,422.49260348555214,191.53923543294272
A_raw_ESN_states,14,40C__wood_trial_4,40C,40.0,wood,4,422.49260348555214,138.96422322591147
A_raw_ESN_states,14,40C__wood_trial_5,40C,40.0,wood,5,422.49260348555214,139.34559122721353
A_raw_ESN_states,14,40C__wood_trial_6,40C,40.0,wood,6,422.49260348555214,124.1052017211914
A_raw_ESN_states,14,50C__wood_trial_1,50C,50.0,wood,1,422.49260348555214,279.242192586263
A_raw_ESN_states,14,50C__wood_trial_2,50C,50.0,wood,2,422.49260348555214,252.88656616210938
A_raw_ESN_states,14,50C__wood_trial_3,50C,50.0,wood,3,422.49260348555214,230.87914021809897
A_raw_ESN_states,14,50C__wood_trial_4,50C,50.0,wood,4,422.49260348555214,401.9923807779948
A_raw_ESN_states,14,50C__wood_trial_5,50C,50.0,wood,5,422.49260348555214,247.89862569173178
A_raw_ESN_states,14,50C__wood_trial_6,50C,50.0,wood,6,422.49260348555214,319.00928751627606
A_raw_ESN_states,14,60C__wood_trial_1,60C,60.0,wood,1,422.49260348555214,6887.274169921875
A_raw_ESN_states,14,60C__wood_trial_2,60C,60.0,wood,2,422.49260348555214,2013.5341186523438
A_raw_ESN_states,14,60C__wood_trial_3,60C,60.0,wood,3,422.49260348555214,2479.7518107096353
A_raw_ESN_states,14,60C__wood_trial_4,60C,60.0,wood,4,422.49260348555214,2895.6099446614585
A_raw_ESN_states,14,60C__wood_trial_5,60C,60.0,wood,5,422.49260348555214,2057.777099609375
A_raw_ESN_states,14,60C__wood_trial_6,60C,60.0,wood,6,422.49260348555214,1601.4202880859375
B_summarized_ESN_states,14,30C__wood_trial_1,30C,30.0,wood,1,422.49260348555214,176.35340372721353
B_summarized_ESN_states,14,30C__wood_trial_2,30C,30.0,wood,2,422.49260348555214,282.43226623535156
B_summarized_ESN_states,14,30C__wood_trial_3,30C,30.0,wood,3,422.49260348555214,82.55190022786458
B_summarized_ESN_states,14,30C__wood_trial_4,30C,30.0,wood,4,422.49260348555214,66.30216471354167
B_summarized_ESN_states,14,30C__wood_trial_5,30C,30.0,wood,5,422.49260348555214,166.5924275716146
B_summarized_ESN_states,14,30C__wood_trial_6,30C,30.0,wood,6,422.49260348555214,155.6791229248047
B_summarized_ESN_states,14,40C__wood_trial_1,40C,40.0,wood,1,422.49260348555214,162.75350952148438
B_summarized_ESN_states,14,40C__wood_trial_2,40C,40.0,wood,2,422.49260348555214,193.81887817382812
B_summarized_ESN_states,14,40C__wood_trial_3,40C,40.0,wood,3,422.49260348555214,207.3683319091797
B_summarized_ESN_states,14,40C__wood_trial_4,40C,40.0,wood,4,422.49260348555214,117.77901713053386
B_summarized_ESN_states,14,40C__wood_trial_5,40C,40.0,wood,5,422.49260348555214,171.87006123860678
B_summarized_ESN_states,14,40C__wood_trial_6,40C,40.0,wood,6,422.49260348555214,128.34429677327475
B_summarized_ESN_states,14,50C__wood_trial_1,50C,50.0,wood,1,422.49260348555214,301.3631134033203
B_summarized_ESN_states,14,50C__wood_trial_2,50C,50.0,wood,2,422.49260348555214,298.7113494873047
B_summarized_ESN_states,14,50C__wood_trial_3,50C,50.0,wood,3,422.49260348555214,372.550786336263
B_summarized_ESN_states,14,50C__wood_trial_4,50C,50.0,wood,4,422.49260348555214,264.22088623046875
B_summarized_ESN_states,14,50C__wood_trial_5,50C,50.0,wood,5,422.49260348555214,235.9207967122396
B_summarized_ESN_states,14,50C__wood_trial_6,50C,50.0,wood,6,422.49260348555214,270.0389404296875
B_summarized_ESN_states,14,60C__wood_trial_1,60C,60.0,wood,1,422.49260348555214,2051.0582275390625
B_summarized_ESN_states,14,60C__wood_trial_2,60C,60.0,wood,2,422.49260348555214,1280.4242350260417
B_summarized_ESN_states,14,60C__wood_trial_3,60C,60.0,wood,3,422.49260348555214,1617.587870279948
B_summarized_ESN_states,14,60C__wood_trial_4,60C,60.0,wood,4,422.49260348555214,1640.6041463216145
B_summarized_ESN_states,14,60C__wood_trial_5,60C,60.0,wood,5,422.49260348555214,989.3141377766927
B_summarized_ESN_states,14,60C__wood_trial_6,60C,60.0,wood,6,422.49260348555214,768.0886942545573
C_raw_ESN_plus_thermal,14,30C__wood_trial_1,30C,30.0,wood,1,422.49260348555214,82.73857879638672
C_raw_ESN_plus_thermal,14,30C__wood_trial_2,30C,30.0,wood,2,422.49260348555214,150.74061330159506
C_raw_ESN_plus_thermal,14,30C__wood_trial_3,30C,30.0,wood,3,422.49260348555214,79.57232666015625
C_raw_ESN_plus_thermal,14,30C__wood_trial_4,30C,30.0,wood,4,422.49260348555214,68.45256678263347
C_raw_ESN_plus_thermal,14,30C__wood_trial_5,30C,30.0,wood,5,422.49260348555214,109.82824452718098
C_raw_ESN_plus_thermal,14,30C__wood_trial_6,30C,30.0,wood,6,422.49260348555214,103.82977040608723
C_raw_ESN_plus_thermal,14,40C__wood_trial_1,40C,40.0,wood,1,422.49260348555214,143.56088002522787
C_raw_ESN_plus_thermal,14,40C__wood_trial_2,40C,40.0,wood,2,422.49260348555214,165.28106689453125
C_raw_ESN_plus_thermal,14,40C__wood_trial_3,40C,40.0,wood,3,422.49260348555214,135.03529357910156
C_raw_ESN_plus_thermal,14,40C__wood_trial_4,40C,40.0,wood,4,422.49260348555214,133.9588851928711
C_raw_ESN_plus_thermal,14,40C__wood_trial_5,40C,40.0,wood,5,422.49260348555214,244.45112101236978
C_raw_ESN_plus_thermal,14,40C__wood_trial_6,40C,40.0,wood,6,422.49260348555214,208.46953837076822
C_raw_ESN_plus_thermal,14,50C__wood_trial_1,50C,50.0,wood,1,422.49260348555214,270.55418395996094
C_raw_ESN_plus_thermal,14,50C__wood_trial_2,50C,50.0,wood,2,422.49260348555214,315.2791798909505
C_raw_ESN_plus_thermal,14,50C__wood_trial_3,50C,50.0,wood,3,422.49260348555214,275.5315450032552
C_raw_ESN_plus_thermal,14,50C__wood_trial_4,50C,50.0,wood,4,422.49260348555214,374.1354573567708
C_raw_ESN_plus_thermal,14,50C__wood_trial_5,50C,50.0,wood,5,422.49260348555214,246.7544403076172
C_raw_ESN_plus_thermal,14,50C__wood_trial_6,50C,50.0,wood,6,422.49260348555214,264.60182189941406
C_raw_ESN_plus_thermal,14,60C__wood_trial_1,60C,60.0,wood,1,422.49260348555214,13678.688802083334
C_raw_ESN_plus_thermal,14,60C__wood_trial_2,60C,60.0,wood,2,422.49260348555214,5358.34228515625
C_raw_ESN_plus_thermal,14,60C__wood_trial_3,60C,60.0,wood,3,422.49260348555214,7094.00341796875
C_raw_ESN_plus_thermal,14,60C__wood_trial_4,60C,60.0,wood,4,422.49260348555214,6434.62841796875
C_raw_ESN_plus_thermal,14,60C__wood_trial_5,60C,60.0,wood,5,422.49260348555214,4378.912923177083
C_raw_ESN_plus_thermal,14,60C__wood_trial_6,60C,60.0,wood,6,422.49260348555214,1145.9514567057292
D_summarized_ESN_plus_thermal,14,30C__wood_trial_1,30C,30.0,wood,1,422.49260348555214,70.08418528238933
D_summarized_ESN_plus_thermal,14,30C__wood_trial_2,30C,30.0,wood,2,422.49260348555214,188.22565205891928
D_summarized_ESN_plus_thermal,14,30C__wood_trial_3,30C,30.0,wood,3,422.49260348555214,113.05284372965495
D_summarized_ESN_plus_thermal,14,30C__wood_trial_4,30C,30.0,wood,4,422.49260348555214,78.93893178304036
D_summarized_ESN_plus_thermal,14,30C__wood_trial_5,30C,30.0,wood,5,422.49260348555214,126.8191655476888
D_summarized_ESN_plus_thermal,14,30C__wood_trial_6,30C,30.0,wood,6,422.49260348555214,199.80936686197916
D_summarized_ESN_plus_thermal,14,40C__wood_trial_1,40C,40.0,wood,1,422.49260348555214,173.57198079427084
D_summarized_ESN_plus_thermal,14,40C__wood_trial_2,40C,40.0,wood,2,422.49260348555214,174.18043009440103
D_summarized_ESN_plus_thermal,14,40C__wood_trial_3,40C,40.0,wood,3,422.49260348555214,165.8986562093099
D_summarized_ESN_plus_thermal,14,40C__wood_trial_4,40C,40.0,wood,4,422.49260348555214,144.21861775716147
D_summarized_ESN_plus_thermal,14,40C__wood_trial_5,40C,40.0,wood,5,422.49260348555214,267.0780843098958
D_summarized_ESN_plus_thermal,14,40C__wood_trial_6,40C,40.0,wood,6,422.49260348555214,240.94422912597656
D_summarized_ESN_plus_thermal,14,50C__wood_trial_1,50C,50.0,wood,1,422.49260348555214,249.65619405110678
D_summarized_ESN_plus_thermal,14,50C__wood_trial_2,50C,50.0,wood,2,422.49260348555214,294.8670959472656
D_summarized_ESN_plus_thermal,14,50C__wood_trial_3,50C,50.0,wood,3,422.49260348555214,327.5325520833333
D_summarized_ESN_plus_thermal,14,50C__wood_trial_4,50C,50.0,wood,4,422.49260348555214,249.3410898844401
D_summarized_ESN_plus_thermal,14,50C__wood_trial_5,50C,50.0,wood,5,422.49260348555214,233.71419779459634
D_summarized_ESN_plus_thermal,14,50C__wood_trial_6,50C,50.0,wood,6,422.49260348555214,218.49377950032553
D_summarized_ESN_plus_thermal,14,60C__wood_trial_1,60C,60.0,wood,1,422.49260348555214,11123.333333333334
D_summarized_ESN_plus_thermal,14,60C__wood_trial_2,60C,60.0,wood,2,422.49260348555214,4588.4384765625
D_summarized_ESN_plus_thermal,14,60C__wood_trial_3,60C,60.0,wood,3,422.49260348555214,7303.800618489583
D_summarized_ESN_plus_thermal,14,60C__wood_trial_4,60C,60.0,wood,4,422.49260348555214,7705.597900390625
D_summarized_ESN_plus_thermal,14,60C__wood_trial_5,60C,60.0,wood,5,422.49260348555214,4441.539082845052
D_summarized_ESN_plus_thermal,14,60C__wood_trial_6,60C,60.0,wood,6,422.49260348555214,868.2662760416666
E_thermal_features_only,14,30C__wood_trial_1,30C,30.0,wood,1,422.49260348555214,54.615465799967446
E_thermal_features_only,14,30C__wood_trial_2,30C,30.0,wood,2,422.49260348555214,158.0116424560547
E_thermal_features_only,14,30C__wood_trial_3,30C,30.0,wood,3,422.49260348555214,154.18250020345053
E_thermal_features_only,14,30C__wood_trial_4,30C,30.0,wood,4,422.49260348555214,80.89142354329427
E_thermal_features_only,14,30C__wood_trial_5,30C,30.0,wood,5,422.49260348555214,130.51883188883463
E_thermal_features_only,14,30C__wood_trial_6,30C,30.0,wood,6,422.49260348555214,200.2029571533203
E_thermal_features_only,14,40C__wood_trial_1,40C,40.0,wood,1,422.49260348555214,161.62725830078125
E_thermal_features_only,14,40C__wood_trial_2,40C,40.0,wood,2,422.49260348555214,163.47313944498697
E_thermal_features_only,14,40C__wood_trial_3,40C,40.0,wood,3,422.49260348555214,170.16889444986978
E_thermal_features_only,14,40C__wood_trial_4,40C,40.0,wood,4,422.49260348555214,148.7100067138672
E_thermal_features_only,14,40C__wood_trial_5,40C,40.0,wood,5,422.49260348555214,243.42544555664062
E_thermal_features_only,14,40C__wood_trial_6,40C,40.0,wood,6,422.49260348555214,262.3632405598958
E_thermal_features_only,14,50C__wood_trial_1,50C,50.0,wood,1,422.49260348555214,355.6906331380208
E_thermal_features_only,14,50C__wood_trial_2,50C,50.0,wood,2,422.49260348555214,321.099365234375
E_thermal_features_only,14,50C__wood_trial_3,50C,50.0,wood,3,422.49260348555214,334.8790283203125
E_thermal_features_only,14,50C__wood_trial_4,50C,50.0,wood,4,422.49260348555214,299.85472615559894
E_thermal_features_only,14,50C__wood_trial_5,50C,50.0,wood,5,422.49260348555214,257.940923055013
E_thermal_features_only,14,50C__wood_trial_6,50C,50.0,wood,6,422.49260348555214,213.9695790608724
E_thermal_features_only,14,60C__wood_trial_1,60C,60.0,wood,1,422.49260348555214,17019.25390625
E_thermal_features_only,14,60C__wood_trial_2,60C,60.0,wood,2,422.49260348555214,7541.2841796875
E_thermal_features_only,14,60C__wood_trial_3,60C,60.0,wood,3,422.49260348555214,13278.20703125
E_thermal_features_only,14,60C__wood_trial_4,60C,60.0,wood,4,422.49260348555214,9973.249674479166
E_thermal_features_only,14,60C__wood_trial_5,60C,60.0,wood,5,422.49260348555214,9994.931315104166
E_thermal_features_only,14,60C__wood_trial_6,60C,60.0,wood,6,422.49260348555214,680.2996012369791
F_optimized_summarized_ESN,14,30C__wood_trial_1,30C,30.0,wood,1,422.49260348555214,184.24737548828125
F_optimized_summarized_ESN,14,30C__wood_trial_2,30C,30.0,wood,2,422.49260348555214,266.65020751953125
F_optimized_summarized_ESN,14,30C__wood_trial_3,30C,30.0,wood,3,422.49260348555214,86.70617039998372
F_optimized_summarized_ESN,14,30C__wood_trial_4,30C,30.0,wood,4,422.49260348555214,67.0863405863444
F_optimized_summarized_ESN,14,30C__wood_trial_5,30C,30.0,wood,5,422.49260348555214,187.8205134073893
F_optimized_summarized_ESN,14,30C__wood_trial_6,30C,30.0,wood,6,422.49260348555214,125.40245819091797
F_optimized_summarized_ESN,14,40C__wood_trial_1,40C,40.0,wood,1,422.49260348555214,133.67610677083334
F_optimized_summarized_ESN,14,40C__wood_trial_2,40C,40.0,wood,2,422.49260348555214,174.77132670084634
F_optimized_summarized_ESN,14,40C__wood_trial_3,40C,40.0,wood,3,422.49260348555214,192.68014017740884
F_optimized_summarized_ESN,14,40C__wood_trial_4,40C,40.0,wood,4,422.49260348555214,114.69973754882812
F_optimized_summarized_ESN,14,40C__wood_trial_5,40C,40.0,wood,5,422.49260348555214,160.547726949056
F_optimized_summarized_ESN,14,40C__wood_trial_6,40C,40.0,wood,6,422.49260348555214,132.78455861409506
F_optimized_summarized_ESN,14,50C__wood_trial_1,50C,50.0,wood,1,422.49260348555214,291.57177734375
F_optimized_summarized_ESN,14,50C__wood_trial_2,50C,50.0,wood,2,422.49260348555214,280.6245880126953
F_optimized_summarized_ESN,14,50C__wood_trial_3,50C,50.0,wood,3,422.49260348555214,439.86870829264325
F_optimized_summarized_ESN,14,50C__wood_trial_4,50C,50.0,wood,4,422.49260348555214,218.78814697265625
F_optimized_summarized_ESN,14,50C__wood_trial_5,50C,50.0,wood,5,422.49260348555214,244.4912872314453
F_optimized_summarized_ESN,14,50C__wood_trial_6,50C,50.0,wood,6,422.49260348555214,300.43177795410156
F_optimized_summarized_ESN,14,60C__wood_trial_1,60C,60.0,wood,1,422.49260348555214,2323.0311686197915
F_optimized_summarized_ESN,14,60C__wood_trial_2,60C,60.0,wood,2,422.49260348555214,742.8099822998047
F_optimized_summarized_ESN,14,60C__wood_trial_3,60C,60.0,wood,3,422.49260348555214,1033.8133850097656
F_optimized_summarized_ESN,14,60C__wood_trial_4,60C,60.0,wood,4,422.49260348555214,2052.6241048177085
F_optimized_summarized_ESN,14,60C__wood_trial_5,60C,60.0,wood,5,422.49260348555214,1023.551503499349
F_optimized_summarized_ESN,14,60C__wood_trial_6,60C,60.0,wood,6,422.49260348555214,979.1572062174479
G_optimized_summarized_ESN_plus_thermal,14,30C__wood_trial_1,30C,30.0,wood,1,422.49260348555214,79.3236592610677
G_optimized_summarized_ESN_plus_thermal,14,30C__wood_trial_2,30C,30.0,wood,2,422.49260348555214,205.60236104329428
G_optimized_summarized_ESN_plus_thermal,14,30C__wood_trial_3,30C,30.0,wood,3,422.49260348555214,110.75083796183269
G_optimized_summarized_ESN_plus_thermal,14,30C__wood_trial_4,30C,30.0,wood,4,422.49260348555214,61.02221806844076
G_optimized_summarized_ESN_plus_thermal,14,30C__wood_trial_5,30C,30.0,wood,5,422.49260348555214,162.20088958740234
G_optimized_summarized_ESN_plus_thermal,14,30C__wood_trial_6,30C,30.0,wood,6,422.49260348555214,232.54175313313803
G_optimized_summarized_ESN_plus_thermal,14,40C__wood_trial_1,40C,40.0,wood,1,422.49260348555214,156.49394734700522
G_optimized_summarized_ESN_plus_thermal,14,40C__wood_trial_2,40C,40.0,wood,2,422.49260348555214,167.09111785888672
G_optimized_summarized_ESN_plus_thermal,14,40C__wood_trial_3,40C,40.0,wood,3,422.49260348555214,151.58755493164062
G_optimized_summarized_ESN_plus_thermal,14,40C__wood_trial_4,40C,40.0,wood,4,422.49260348555214,122.63039143880208
G_optimized_summarized_ESN_plus_thermal,14,40C__wood_trial_5,40C,40.0,wood,5,422.49260348555214,240.165771484375
G_optimized_summarized_ESN_plus_thermal,14,40C__wood_trial_6,40C,40.0,wood,6,422.49260348555214,189.89627583821616
G_optimized_summarized_ESN_plus_thermal,14,50C__wood_trial_1,50C,50.0,wood,1,422.49260348555214,259.77601114908856
G_optimized_summarized_ESN_plus_thermal,14,50C__wood_trial_2,50C,50.0,wood,2,422.49260348555214,330.4103495279948
G_optimized_summarized_ESN_plus_thermal,14,50C__wood_trial_3,50C,50.0,wood,3,422.49260348555214,451.02284749348956
G_optimized_summarized_ESN_plus_thermal,14,50C__wood_trial_4,50C,50.0,wood,4,422.49260348555214,206.5883026123047
G_optimized_summarized_ESN_plus_thermal,14,50C__wood_trial_5,50C,50.0,wood,5,422.49260348555214,228.68200174967447
G_optimized_summarized_ESN_plus_thermal,14,50C__wood_trial_6,50C,50.0,wood,6,422.49260348555214,228.85624186197916
G_optimized_summarized_ESN_plus_thermal,14,60C__wood_trial_1,60C,60.0,wood,1,422.49260348555214,11516.02734375
G_optimized_summarized_ESN_plus_thermal,14,60C__wood_trial_2,60C,60.0,wood,2,422.49260348555214,2587.9519856770835
G_optimized_summarized_ESN_plus_thermal,14,60C__wood_trial_3,60C,60.0,wood,3,422.49260348555214,8032.449544270833
G_optimized_summarized_ESN_plus_thermal,14,60C__wood_trial_4,60C,60.0,wood,4,422.49260348555214,8658.222330729166
G_optimized_summarized_ESN_plus_thermal,14,60C__wood_trial_5,60C,60.0,wood,5,422.49260348555214,5438.3134765625
G_optimized_summarized_ESN_plus_thermal,14,60C__wood_trial_6,60C,60.0,wood,6,422.49260348555214,741.2479960123698
