input_magnitude,fold,trial_id,Temperature,Temperature_C,Sample,Trial,y_true,y_pred
0.0,1,30C__aluminum_trial_1,30C,30.0,aluminum,1,23958.09466547789,17819.207682291668
0.0,1,30C__aluminum_trial_2,30C,30.0,aluminum,2,23958.09466547789,18253.99609375
0.0,1,30C__aluminum_trial_3,30C,30.0,aluminum,3,23958.09466547789,6886.60302734375
0.0,1,30C__aluminum_trial_4,30C,30.0,aluminum,4,23958.09466547789,21742.277994791668
0.0,1,30C__aluminum_trial_5,30C,30.0,aluminum,5,23958.09466547789,20905.6640625
0.0,1,30C__aluminum_trial_6,30C,30.0,aluminum,6,23958.09466547789,8433.198567708334
0.0,1,40C__aluminum_trial_1,40C,40.0,aluminum,1,23958.09466547789,19144.694010416668
0.0,1,40C__aluminum_trial_2,40C,40.0,aluminum,2,23958.09466547789,11184.559244791666
0.0,1,40C__aluminum_trial_3,40C,40.0,aluminum,3,23958.09466547789,19663.989583333332
0.0,1,40C__aluminum_trial_4,40C,40.0,aluminum,4,23958.09466547789,11868.05859375
0.0,1,40C__aluminum_trial_5,40C,40.0,aluminum,5,23958.09466547789,11928.425455729166
0.0,1,40C__aluminum_trial_6,40C,40.0,aluminum,6,23958.09466547789,9541.1240234375
0.0,1,50C__aluminum_trial_1,50C,50.0,aluminum,1,23958.09466547789,17060.671875
0.0,1,50C__aluminum_trial_2,50C,50.0,aluminum,2,23958.09466547789,8563.5078125
0.0,1,50C__aluminum_trial_3,50C,50.0,aluminum,3,23958.09466547789,8533.642903645834
0.0,1,50C__aluminum_trial_4,50C,50.0,aluminum,4,23958.09466547789,19481.978515625
0.0,1,50C__aluminum_trial_5,50C,50.0,aluminum,5,23958.09466547789,12988.087565104166
0.0,1,50C__aluminum_trial_6,50C,50.0,aluminum,6,23958.09466547789,20570.888671875
0.0,1,60C__aluminum_trial_1,60C,60.0,aluminum,1,23958.09466547789,24287.099609375
0.0,1,60C__aluminum_trial_2,60C,60.0,aluminum,2,23958.09466547789,22186.03125
0.0,1,60C__aluminum_trial_3,60C,60.0,aluminum,3,23958.09466547789,18022.083333333332
0.0,1,60C__aluminum_trial_4,60C,60.0,aluminum,4,23958.09466547789,23018.042317708332
0.0,1,60C__aluminum_trial_5,60C,60.0,aluminum,5,23958.09466547789,24995.983723958332
0.0,1,60C__aluminum_trial_6,60C,60.0,aluminum,6,23958.09466547789,18940.969401041668
0.0,2,30C__bismuth_trial_1,30C,30.0,bismuth,1,3209.1026783199068,3558.254150390625
0.0,2,30C__bismuth_trial_2,30C,30.0,bismuth,2,3209.1026783199068,7766.104817708333
0.0,2,30C__bismuth_trial_3,30C,30.0,bismuth,3,3209.1026783199068,7093.618489583333
0.0,2,30C__bismuth_trial_4,30C,30.0,bismuth,4,3209.1026783199068,8505.7958984375
0.0,2,30C__bismuth_trial_5,30C,30.0,bismuth,5,3209.1026783199068,4406.362467447917
0.0,2,30C__bismuth_trial_6,30C,30.0,bismuth,6,3209.1026783199068,12438.573567708334
0.0,2,40C__bismuth_trial_1,40C,40.0,bismuth,1,3209.1026783199068,18392.721354166668
0.0,2,40C__bismuth_trial_2,40C,40.0,bismuth,2,3209.1026783199068,14241.032877604166
0.0,2,40C__bismuth_trial_3,40C,40.0,bismuth,3,3209.1026783199068,13989.555338541666
0.0,2,40C__bismuth_trial_4,40C,40.0,bismuth,4,3209.1026783199068,15201.318033854166
0.0,2,40C__bismuth_trial_5,40C,40.0,bismuth,5,3209.1026783199068,13705.444661458334
0.0,2,40C__bismuth_trial_6,40C,40.0,bismuth,6,3209.1026783199068,17211.977864583332
0.0,2,50C__bismuth_trial_1,50C,50.0,bismuth,1,3209.1026783199068,13449.32421875
0.0,2,50C__bismuth_trial_2,50C,50.0,bismuth,2,3209.1026783199068,14361.787109375
0.0,2,50C__bismuth_trial_3,50C,50.0,bismuth,3,3209.1026783199068,14188.064453125
0.0,2,50C__bismuth_trial_4,50C,50.0,bismuth,4,3209.1026783199068,12301.4091796875
0.0,2,50C__bismuth_trial_5,50C,50.0,bismuth,5,3209.1026783199068,13258.710286458334
0.0,2,50C__bismuth_trial_6,50C,50.0,bismuth,6,3209.1026783199068,15986.056966145834
0.0,2,60C__bismuth_trial_1,60C,60.0,bismuth,1,3209.1026783199068,12958.835611979166
0.0,2,60C__bismuth_trial_2,60C,60.0,bismuth,2,3209.1026783199068,13512.774088541666
0.0,2,60C__bismuth_trial_3,60C,60.0,bismuth,3,3209.1026783199068,13026.472330729166
0.0,2,60C__bismuth_trial_4,60C,60.0,bismuth,4,3209.1026783199068,10674.962565104166
0.0,2,60C__bismuth_trial_5,60C,60.0,bismuth,5,3209.1026783199068,9665.148763020834
0.0,2,60C__bismuth_trial_6,60C,60.0,bismuth,6,3209.1026783199068,14398.285807291666
0.0,3,30C__cement_trial_1,30C,30.0,cement,1,559.6427431853289,572.9427286783854
0.0,3,30C__cement_trial_2,30C,30.0,cement,2,559.6427431853289,370.28590901692706
0.0,3,30C__cement_trial_3,30C,30.0,cement,3,559.6427431853289,511.76708984375
0.0,3,30C__cement_trial_4,30C,30.0,cement,4,559.6427431853289,528.157470703125
0.0,3,30C__cement_trial_5,30C,30.0,cement,5,559.6427431853289,492.23793538411456
0.0,3,30C__cement_trial_6,30C,30.0,cement,6,559.6427431853289,542.8248494466146
0.0,3,40C__cement_trial_1,40C,40.0,cement,1,559.6427431853289,450.34458414713544
0.0,3,40C__cement_trial_2,40C,40.0,cement,2,559.6427431853289,630.4583740234375
0.0,3,40C__cement_trial_3,40C,40.0,cement,3,559.6427431853289,487.5534362792969
0.0,3,40C__cement_trial_4,40C,40.0,cement,4,559.6427431853289,567.5579833984375
0.0,3,40C__cement_trial_5,40C,40.0,cement,5,559.6427431853289,486.5850118001302
0.0,3,40C__cement_trial_6,40C,40.0,cement,6,559.6427431853289,301.2754414876302
0.0,3,50C__cement_trial_1,50C,50.0,cement,1,559.6427431853289,371.31383260091144
0.0,3,50C__cement_trial_2,50C,50.0,cement,2,559.6427431853289,306.8709716796875
0.0,3,50C__cement_trial_3,50C,50.0,cement,3,559.6427431853289,301.7686055501302
0.0,3,50C__cement_trial_4,50C,50.0,cement,4,559.6427431853289,310.5662536621094
0.0,3,50C__cement_trial_5,50C,50.0,cement,5,559.6427431853289,484.8792317708333
0.0,3,50C__cement_trial_6,50C,50.0,cement,6,559.6427431853289,471.32578531901044
0.0,3,60C__cement_trial_1,60C,60.0,cement,1,559.6427431853289,653.2581990559896
0.0,3,60C__cement_trial_2,60C,60.0,cement,2,559.6427431853289,455.54697672526044
0.0,3,60C__cement_trial_3,60C,60.0,cement,3,559.6427431853289,419.88072713216144
0.0,3,60C__cement_trial_4,60C,60.0,cement,4,559.6427431853289,420.6424051920573
0.0,3,60C__cement_trial_5,60C,60.0,cement,5,559.6427431853289,419.06207275390625
0.0,3,60C__cement_trial_6,60C,60.0,cement,6,559.6427431853289,442.942138671875
0.0,4,30C__copper_trial_1,30C,30.0,copper,1,37192.601414797544,1126.556172688802
0.0,4,30C__copper_trial_2,30C,30.0,copper,2,37192.601414797544,16581.073893229168
0.0,4,30C__copper_trial_3,30C,30.0,copper,3,37192.601414797544,13805.794270833334
0.0,4,30C__copper_trial_4,30C,30.0,copper,4,37192.601414797544,16900.350911458332
0.0,4,30C__copper_trial_5,30C,30.0,copper,5,37192.601414797544,11257.137369791666
0.0,4,30C__copper_trial_6,30C,30.0,copper,6,37192.601414797544,10709.482747395834
0.0,4,40C__copper_trial_1,40C,40.0,copper,1,37192.601414797544,15803.451822916666
0.0,4,40C__copper_trial_2,40C,40.0,copper,2,37192.601414797544,12701.734700520834
0.0,4,40C__copper_trial_3,40C,40.0,copper,3,37192.601414797544,15563.157552083334
0.0,4,40C__copper_trial_4,40C,40.0,copper,4,37192.601414797544,10406.172200520834
0.0,4,40C__copper_trial_5,40C,40.0,copper,5,37192.601414797544,9989.1572265625
0.0,4,40C__copper_trial_6,40C,40.0,copper,6,37192.601414797544,11565.3017578125
0.0,4,50C__copper_trial_1,50C,50.0,copper,1,37192.601414797544,10532.024088541666
0.0,4,50C__copper_trial_2,50C,50.0,copper,2,37192.601414797544,16926.404296875
0.0,4,50C__copper_trial_3,50C,50.0,copper,3,37192.601414797544,13302.223958333334
0.0,4,50C__copper_trial_4,50C,50.0,copper,4,37192.601414797544,10660.100260416666
0.0,4,50C__copper_trial_5,50C,50.0,copper,5,37192.601414797544,9224.826497395834
0.0,4,50C__copper_trial_6,50C,50.0,copper,6,37192.601414797544,8937.2314453125
0.0,4,60C__copper_trial_1,60C,60.0,copper,1,37192.601414797544,18379.397135416668
0.0,4,60C__copper_trial_2,60C,60.0,copper,2,37192.601414797544,19320.813151041668
0.0,4,60C__copper_trial_3,60C,60.0,copper,3,37192.601414797544,19167.922526041668
0.0,4,60C__copper_trial_4,60C,60.0,copper,4,37192.601414797544,19462.118489583332
0.0,4,60C__copper_trial_5,60C,60.0,copper,5,37192.601414797544,17496.02734375
0.0,4,60C__copper_trial_6,60C,60.0,copper,6,37192.601414797544,12479.8203125
0.0,5,30C__cork_trial_1,30C,30.0,cork,1,136.29380029920657,99.52526346842448
0.0,5,30C__cork_trial_2,30C,30.0,cork,2,136.29380029920657,70.75607808430989
0.0,5,30C__cork_trial_3,30C,30.0,cork,3,136.29380029920657,75.26298268636067
0.0,5,30C__cork_trial_4,30C,30.0,cork,4,136.29380029920657,46.4765625
0.0,5,30C__cork_trial_5,30C,30.0,cork,5,136.29380029920657,74.39673614501953
0.0,5,30C__cork_trial_6,30C,30.0,cork,6,136.29380029920657,57.6285146077474
0.0,5,40C__cork_trial_1,40C,40.0,cork,1,136.29380029920657,82.32239023844402
0.0,5,40C__cork_trial_2,40C,40.0,cork,2,136.29380029920657,75.24624888102214
0.0,5,40C__cork_trial_3,40C,40.0,cork,3,136.29380029920657,97.91588338216145
0.0,5,40C__cork_trial_4,40C,40.0,cork,4,136.29380029920657,102.84430185953777
0.0,5,40C__cork_trial_5,40C,40.0,cork,5,136.29380029920657,56.88362375895182
0.0,5,40C__cork_trial_6,40C,40.0,cork,6,136.29380029920657,34.496376621320685
0.0,5,50C__cork_trial_1,50C,50.0,cork,1,136.29380029920657,485.4005635579427
0.0,5,50C__cork_trial_2,50C,50.0,cork,2,136.29380029920657,495.06858317057294
0.0,5,50C__cork_trial_3,50C,50.0,cork,3,136.29380029920657,456.4290364583333
0.0,5,50C__cork_trial_4,50C,50.0,cork,4,136.29380029920657,281.09283447265625
0.0,5,50C__cork_trial_5,50C,50.0,cork,5,136.29380029920657,462.89623006184894
0.0,5,50C__cork_trial_6,50C,50.0,cork,6,136.29380029920657,473.82078043619794
0.0,5,60C__cork_trial_1,60C,60.0,cork,1,136.29380029920657,661.1915893554688
0.0,5,60C__cork_trial_2,60C,60.0,cork,2,136.29380029920657,508.2714538574219
0.0,5,60C__cork_trial_3,60C,60.0,cork,3,136.29380029920657,492.1545817057292
0.0,5,60C__cork_trial_4,60C,60.0,cork,4,136.29380029920657,531.0785522460938
0.0,5,60C__cork_trial_5,60C,60.0,cork,5,136.29380029920657,655.9328206380209
0.0,5,60C__cork_trial_6,60C,60.0,cork,6,136.29380029920657,502.87108357747394
0.0,6,30C__graphite_trial_1,30C,30.0,graphite,1,11367.497525840945,6125.0302734375
0.0,6,30C__graphite_trial_2,30C,30.0,graphite,2,11367.497525840945,2879.0927734375
0.0,6,30C__graphite_trial_3,30C,30.0,graphite,3,11367.497525840945,1625.8616943359375
0.0,6,30C__graphite_trial_4,30C,30.0,graphite,4,11367.497525840945,2296.963663736979
0.0,6,30C__graphite_trial_5,30C,30.0,graphite,5,11367.497525840945,2519.2576497395835
0.0,6,30C__graphite_trial_6,30C,30.0,graphite,6,11367.497525840945,3557.4395345052085
0.0,6,40C__graphite_trial_1,40C,40.0,graphite,1,11367.497525840945,8341.513997395834
0.0,6,40C__graphite_trial_2,40C,40.0,graphite,2,11367.497525840945,29419.15234375
0.0,6,40C__graphite_trial_3,40C,40.0,graphite,3,11367.497525840945,12886.930013020834
0.0,6,40C__graphite_trial_4,40C,40.0,graphite,4,11367.497525840945,18607.682291666668
0.0,6,40C__graphite_trial_5,40C,40.0,graphite,5,11367.497525840945,4975.2734375
0.0,6,40C__graphite_trial_6,40C,40.0,graphite,6,11367.497525840945,11239.853841145834
0.0,6,50C__graphite_trial_1,50C,50.0,graphite,1,11367.497525840945,11694.8818359375
0.0,6,50C__graphite_trial_2,50C,50.0,graphite,2,11367.497525840945,11564.83203125
0.0,6,50C__graphite_trial_3,50C,50.0,graphite,3,11367.497525840945,10901.242513020834
0.0,6,50C__graphite_trial_4,50C,50.0,graphite,4,11367.497525840945,11374.143880208334
0.0,6,50C__graphite_trial_5,50C,50.0,graphite,5,11367.497525840945,7679.255045572917
0.0,6,50C__graphite_trial_6,50C,50.0,graphite,6,11367.497525840945,8556.473307291666
0.0,6,60C__graphite_trial_1,60C,60.0,graphite,1,11367.497525840945,6817.657877604167
0.0,6,60C__graphite_trial_2,60C,60.0,graphite,2,11367.497525840945,20684.949869791668
0.0,6,60C__graphite_trial_3,60C,60.0,graphite,3,11367.497525840945,10214.91796875
0.0,6,60C__graphite_trial_4,60C,60.0,graphite,4,11367.497525840945,11307.255208333334
0.0,6,60C__graphite_trial_5,60C,60.0,graphite,5,11367.497525840945,9395.683919270834
0.0,6,60C__graphite_trial_6,60C,60.0,graphite,6,11367.497525840945,16284.701497395834
0.0,7,30C__gypsum_trial_1,30C,30.0,gypsum,1,385.01948002666046,370.0994160970052
0.0,7,30C__gypsum_trial_2,30C,30.0,gypsum,2,385.01948002666046,245.5894978841146
0.0,7,30C__gypsum_trial_3,30C,30.0,gypsum,3,385.01948002666046,233.9509480794271
0.0,7,30C__gypsum_trial_4,30C,30.0,gypsum,4,385.01948002666046,317.8773193359375
0.0,7,30C__gypsum_trial_5,30C,30.0,gypsum,5,385.01948002666046,304.6000162760417
0.0,7,30C__gypsum_trial_6,30C,30.0,gypsum,6,385.01948002666046,280.1520589192708
0.0,7,40C__gypsum_trial_1,40C,40.0,gypsum,1,385.01948002666046,267.2208506266276
0.0,7,40C__gypsum_trial_2,40C,40.0,gypsum,2,385.01948002666046,239.76721700032553
0.0,7,40C__gypsum_trial_3,40C,40.0,gypsum,3,385.01948002666046,184.78917439778647
0.0,7,40C__gypsum_trial_4,40C,40.0,gypsum,4,385.01948002666046,242.2544962565104
0.0,7,40C__gypsum_trial_5,40C,40.0,gypsum,5,385.01948002666046,396.5156656901042
0.0,7,40C__gypsum_trial_6,40C,40.0,gypsum,6,385.01948002666046,403.5727233886719
0.0,7,50C__gypsum_trial_1,50C,50.0,gypsum,1,385.01948002666046,581.6110432942709
0.0,7,50C__gypsum_trial_2,50C,50.0,gypsum,2,385.01948002666046,555.4478861490885
0.0,7,50C__gypsum_trial_3,50C,50.0,gypsum,3,385.01948002666046,627.6431681315104
0.0,7,50C__gypsum_trial_4,50C,50.0,gypsum,4,385.01948002666046,474.1132100423177
0.0,7,50C__gypsum_trial_5,50C,50.0,gypsum,5,385.01948002666046,925.0142415364584
0.0,7,50C__gypsum_trial_6,50C,50.0,gypsum,6,385.01948002666046,613.6861775716146
0.0,7,60C__gypsum_trial_1,60C,60.0,gypsum,1,385.01948002666046,1919.0126139322917
0.0,7,60C__gypsum_trial_2,60C,60.0,gypsum,2,385.01948002666046,1489.7235921223958
0.0,7,60C__gypsum_trial_3,60C,60.0,gypsum,3,385.01948002666046,971.9976399739584
0.0,7,60C__gypsum_trial_4,60C,60.0,gypsum,4,385.01948002666046,1787.4185384114583
0.0,7,60C__gypsum_trial_5,60C,60.0,gypsum,5,385.01948002666046,1737.3753662109375
0.0,7,60C__gypsum_trial_6,60C,60.0,gypsum,6,385.01948002666046,1159.3890787760417
0.0,8,30C__iron_trial_1,30C,30.0,iron,1,16859.663413010356,9401.005533854166
0.0,8,30C__iron_trial_2,30C,30.0,iron,2,16859.663413010356,21430.58984375
0.0,8,30C__iron_trial_3,30C,30.0,iron,3,16859.663413010356,10532.166666666666
0.0,8,30C__iron_trial_4,30C,30.0,iron,4,16859.663413010356,20916.843098958332
0.0,8,30C__iron_trial_5,30C,30.0,iron,5,16859.663413010356,7091.811848958333
0.0,8,30C__iron_trial_6,30C,30.0,iron,6,16859.663413010356,16245.862630208334
0.0,8,40C__iron_trial_1,40C,40.0,iron,1,16859.663413010356,9932.2470703125
0.0,8,40C__iron_trial_2,40C,40.0,iron,2,16859.663413010356,7773.596842447917
0.0,8,40C__iron_trial_3,40C,40.0,iron,3,16859.663413010356,4529.453450520833
0.0,8,40C__iron_trial_4,40C,40.0,iron,4,16859.663413010356,7260.792154947917
0.0,8,40C__iron_trial_5,40C,40.0,iron,5,16859.663413010356,13167.114583333334
0.0,8,40C__iron_trial_6,40C,40.0,iron,6,16859.663413010356,11546.861002604166
0.0,8,50C__iron_trial_1,50C,50.0,iron,1,16859.663413010356,10752.9140625
0.0,8,50C__iron_trial_2,50C,50.0,iron,2,16859.663413010356,14622.349609375
0.0,8,50C__iron_trial_3,50C,50.0,iron,3,16859.663413010356,11881.800455729166
0.0,8,50C__iron_trial_4,50C,50.0,iron,4,16859.663413010356,14905.744140625
0.0,8,50C__iron_trial_5,50C,50.0,iron,5,16859.663413010356,14310.39453125
0.0,8,50C__iron_trial_6,50C,50.0,iron,6,16859.663413010356,25363.436197916668
0.0,8,60C__iron_trial_1,60C,60.0,iron,1,16859.663413010356,24219.017578125
0.0,8,60C__iron_trial_2,60C,60.0,iron,2,16859.663413010356,20775.003255208332
0.0,8,60C__iron_trial_3,60C,60.0,iron,3,16859.663413010356,17636.272135416668
0.0,8,60C__iron_trial_4,60C,60.0,iron,4,16859.663413010356,13159.526041666666
0.0,8,60C__iron_trial_5,60C,60.0,iron,5,16859.663413010356,14512.5244140625
0.0,8,60C__iron_trial_6,60C,60.0,iron,6,16859.663413010356,21543.387369791668
0.0,9,30C__nickel_trial_1,30C,30.0,nickel,1,19320.68449098013,19461.887369791668
0.0,9,30C__nickel_trial_2,30C,30.0,nickel,2,19320.68449098013,11946.412434895834
0.0,9,30C__nickel_trial_3,30C,30.0,nickel,3,19320.68449098013,19592.3203125
0.0,9,30C__nickel_trial_4,30C,30.0,nickel,4,19320.68449098013,12647.23828125
0.0,9,30C__nickel_trial_5,30C,30.0,nickel,5,19320.68449098013,16387.375
0.0,9,30C__nickel_trial_6,30C,30.0,nickel,6,19320.68449098013,13777.914388020834
0.0,9,40C__nickel_trial_1,40C,40.0,nickel,1,19320.68449098013,6712.91455078125
0.0,9,40C__nickel_trial_2,40C,40.0,nickel,2,19320.68449098013,6970.446126302083
0.0,9,40C__nickel_trial_3,40C,40.0,nickel,3,19320.68449098013,13363.5087890625
0.0,9,40C__nickel_trial_4,40C,40.0,nickel,4,19320.68449098013,18959.4921875
0.0,9,40C__nickel_trial_5,40C,40.0,nickel,5,19320.68449098013,9932.359700520834
0.0,9,40C__nickel_trial_6,40C,40.0,nickel,6,19320.68449098013,15939.9072265625
0.0,9,50C__nickel_trial_1,50C,50.0,nickel,1,19320.68449098013,10548.894205729166
0.0,9,50C__nickel_trial_2,50C,50.0,nickel,2,19320.68449098013,10012.208658854166
0.0,9,50C__nickel_trial_3,50C,50.0,nickel,3,19320.68449098013,14054.098958333334
0.0,9,50C__nickel_trial_4,50C,50.0,nickel,4,19320.68449098013,10102.892903645834
0.0,9,50C__nickel_trial_5,50C,50.0,nickel,5,19320.68449098013,8797.814127604166
0.0,9,50C__nickel_trial_6,50C,50.0,nickel,6,19320.68449098013,21194.711588541668
0.0,9,60C__nickel_trial_1,60C,60.0,nickel,1,19320.68449098013,12862.267903645834
0.0,9,60C__nickel_trial_2,60C,60.0,nickel,2,19320.68449098013,15154.212890625
0.0,9,60C__nickel_trial_3,60C,60.0,nickel,3,19320.68449098013,12195.134765625
0.0,9,60C__nickel_trial_4,60C,60.0,nickel,4,19320.68449098013,25846.40234375
0.0,9,60C__nickel_trial_5,60C,60.0,nickel,5,19320.68449098013,21239.625
0.0,9,60C__nickel_trial_6,60C,60.0,nickel,6,19320.68449098013,18891.109375
0.0,10,30C__pdms_trial_1,30C,30.0,pdms,1,460.90129095067635,194.09026590983072
0.0,10,30C__pdms_trial_2,30C,30.0,pdms,2,460.90129095067635,83.72344716389973
0.0,10,30C__pdms_trial_3,30C,30.0,pdms,3,460.90129095067635,163.5586395263672
0.0,10,30C__pdms_trial_4,30C,30.0,pdms,4,460.90129095067635,41.13139343261719
0.0,10,30C__pdms_trial_5,30C,30.0,pdms,5,460.90129095067635,129.2736358642578
0.0,10,30C__pdms_trial_6,30C,30.0,pdms,6,460.90129095067635,78.94234212239583
0.0,10,40C__pdms_trial_1,40C,40.0,pdms,1,460.90129095067635,542.7496337890625
0.0,10,40C__pdms_trial_2,40C,40.0,pdms,2,460.90129095067635,417.5636698404948
0.0,10,40C__pdms_trial_3,40C,40.0,pdms,3,460.90129095067635,496.9905700683594
0.0,10,40C__pdms_trial_4,40C,40.0,pdms,4,460.90129095067635,241.7149454752604
0.0,10,40C__pdms_trial_5,40C,40.0,pdms,5,460.90129095067635,173.74481709798178
0.0,10,40C__pdms_trial_6,40C,40.0,pdms,6,460.90129095067635,386.3186950683594
0.0,10,50C__pdms_trial_1,50C,50.0,pdms,1,460.90129095067635,233.11129760742188
0.0,10,50C__pdms_trial_2,50C,50.0,pdms,2,460.90129095067635,148.66002400716147
0.0,10,50C__pdms_trial_3,50C,50.0,pdms,3,460.90129095067635,442.3114318847656
0.0,10,50C__pdms_trial_4,50C,50.0,pdms,4,460.90129095067635,428.16552734375
0.0,10,50C__pdms_trial_5,50C,50.0,pdms,5,460.90129095067635,267.90186564127606
0.0,10,50C__pdms_trial_6,50C,50.0,pdms,6,460.90129095067635,263.5430908203125
0.0,10,60C__pdms_trial_1,60C,60.0,pdms,1,460.90129095067635,1013.7741902669271
0.0,10,60C__pdms_trial_2,60C,60.0,pdms,2,460.90129095067635,758.3499145507812
0.0,10,60C__pdms_trial_3,60C,60.0,pdms,3,460.90129095067635,711.1582845052084
0.0,10,60C__pdms_trial_4,60C,60.0,pdms,4,460.90129095067635,300.7732747395833
0.0,10,60C__pdms_trial_5,60C,60.0,pdms,5,460.90129095067635,451.4931233723958
0.0,10,60C__pdms_trial_6,60C,60.0,pdms,6,460.90129095067635,244.53759765625
0.0,11,30C__ps_foam_trial_1,30C,30.0,ps_foam,1,34.496376621320685,336.3433329264323
0.0,11,30C__ps_foam_trial_2,30C,30.0,ps_foam,2,34.496376621320685,376.82703653971356
0.0,11,30C__ps_foam_trial_3,30C,30.0,ps_foam,3,34.496376621320685,341.3828633626302
0.0,11,30C__ps_foam_trial_4,30C,30.0,ps_foam,4,34.496376621320685,196.23607381184897
0.0,11,30C__ps_foam_trial_5,30C,30.0,ps_foam,5,34.496376621320685,236.25554402669272
0.0,11,30C__ps_foam_trial_6,30C,30.0,ps_foam,6,34.496376621320685,242.58419291178384
0.0,11,40C__ps_foam_trial_1,40C,40.0,ps_foam,1,34.496376621320685,95.24316660563152
0.0,11,40C__ps_foam_trial_2,40C,40.0,ps_foam,2,34.496376621320685,92.01684061686198
0.0,11,40C__ps_foam_trial_3,40C,40.0,ps_foam,3,34.496376621320685,58.815327962239586
0.0,11,40C__ps_foam_trial_4,40C,40.0,ps_foam,4,34.496376621320685,299.5971374511719
0.0,11,40C__ps_foam_trial_5,40C,40.0,ps_foam,5,34.496376621320685,67.10054524739583
0.0,11,40C__ps_foam_trial_6,40C,40.0,ps_foam,6,34.496376621320685,143.3340098063151
0.0,11,50C__ps_foam_trial_1,50C,50.0,ps_foam,1,34.496376621320685,104.3756103515625
0.0,11,50C__ps_foam_trial_2,50C,50.0,ps_foam,2,34.496376621320685,86.2324447631836
0.0,11,50C__ps_foam_trial_3,50C,50.0,ps_foam,3,34.496376621320685,67.78055063883464
0.0,11,50C__ps_foam_trial_4,50C,50.0,ps_foam,4,34.496376621320685,69.92106119791667
0.0,11,50C__ps_foam_trial_5,50C,50.0,ps_foam,5,34.496376621320685,122.57171630859375
0.0,11,50C__ps_foam_trial_6,50C,50.0,ps_foam,6,34.496376621320685,88.19771830240886
0.0,11,60C__ps_foam_trial_1,60C,60.0,ps_foam,1,34.496376621320685,78.24462127685547
0.0,11,60C__ps_foam_trial_2,60C,60.0,ps_foam,2,34.496376621320685,65.97815704345703
0.0,11,60C__ps_foam_trial_3,60C,60.0,ps_foam,3,34.496376621320685,46.90862147013346
0.0,11,60C__ps_foam_trial_4,60C,60.0,ps_foam,4,34.496376621320685,198.42645772298178
0.0,11,60C__ps_foam_trial_5,60C,60.0,ps_foam,5,34.496376621320685,54.710086822509766
0.0,11,60C__ps_foam_trial_6,60C,60.0,ps_foam,6,34.496376621320685,199.00611368815103
0.0,12,30C__pu_foam_trial_1,30C,30.0,pu_foam,1,42.49705872175155,96.9426498413086
0.0,12,30C__pu_foam_trial_2,30C,30.0,pu_foam,2,42.49705872175155,63.46749369303385
0.0,12,30C__pu_foam_trial_3,30C,30.0,pu_foam,3,42.49705872175155,151.93017578125
0.0,12,30C__pu_foam_trial_4,30C,30.0,pu_foam,4,42.49705872175155,115.57799275716145
0.0,12,30C__pu_foam_trial_5,30C,30.0,pu_foam,5,42.49705872175155,167.67539978027344
0.0,12,30C__pu_foam_trial_6,30C,30.0,pu_foam,6,42.49705872175155,64.59541193644206
0.0,12,40C__pu_foam_trial_1,40C,40.0,pu_foam,1,42.49705872175155,58.35651779174805
0.0,12,40C__pu_foam_trial_2,40C,40.0,pu_foam,2,42.49705872175155,54.830071767171226
0.0,12,40C__pu_foam_trial_3,40C,40.0,pu_foam,3,42.49705872175155,62.60309982299805
0.0,12,40C__pu_foam_trial_4,40C,40.0,pu_foam,4,42.49705872175155,63.21385828653971
0.0,12,40C__pu_foam_trial_5,40C,40.0,pu_foam,5,42.49705872175155,37.84383666104569
0.0,12,40C__pu_foam_trial_6,40C,40.0,pu_foam,6,42.49705872175155,41.96128463745117
0.0,12,50C__pu_foam_trial_1,50C,50.0,pu_foam,1,42.49705872175155,132.9299087524414
0.0,12,50C__pu_foam_trial_2,50C,50.0,pu_foam,2,42.49705872175155,117.00732421875
0.0,12,50C__pu_foam_trial_3,50C,50.0,pu_foam,3,42.49705872175155,126.07259368896484
0.0,12,50C__pu_foam_trial_4,50C,50.0,pu_foam,4,42.49705872175155,77.54560852050781
0.0,12,50C__pu_foam_trial_5,50C,50.0,pu_foam,5,42.49705872175155,120.29672241210938
0.0,12,50C__pu_foam_trial_6,50C,50.0,pu_foam,6,42.49705872175155,122.37632497151692
0.0,12,60C__pu_foam_trial_1,60C,60.0,pu_foam,1,42.49705872175155,203.48383076985678
0.0,12,60C__pu_foam_trial_2,60C,60.0,pu_foam,2,42.49705872175155,1015.6856486002604
0.0,12,60C__pu_foam_trial_3,60C,60.0,pu_foam,3,42.49705872175155,226.1558837890625
0.0,12,60C__pu_foam_trial_4,60C,60.0,pu_foam,4,42.49705872175155,244.26427714029947
0.0,12,60C__pu_foam_trial_5,60C,60.0,pu_foam,5,42.49705872175155,280.0116882324219
0.0,12,60C__pu_foam_trial_6,60C,60.0,pu_foam,6,42.49705872175155,234.00726826985678
0.0,13,30C__titanium_trial_1,30C,30.0,titanium,1,7184.0359269702985,13522.806315104166
0.0,13,30C__titanium_trial_2,30C,30.0,titanium,2,7184.0359269702985,6840.68115234375
0.0,13,30C__titanium_trial_3,30C,30.0,titanium,3,7184.0359269702985,3112.25927734375
0.0,13,30C__titanium_trial_4,30C,30.0,titanium,4,7184.0359269702985,3234.1825358072915
0.0,13,30C__titanium_trial_5,30C,30.0,titanium,5,7184.0359269702985,3473.0467122395835
0.0,13,30C__titanium_trial_6,30C,30.0,titanium,6,7184.0359269702985,3520.5860188802085
0.0,13,40C__titanium_trial_1,40C,40.0,titanium,1,7184.0359269702985,16324.004231770834
0.0,13,40C__titanium_trial_2,40C,40.0,titanium,2,7184.0359269702985,8899.7421875
0.0,13,40C__titanium_trial_3,40C,40.0,titanium,3,7184.0359269702985,13737.097330729166
0.0,13,40C__titanium_trial_4,40C,40.0,titanium,4,7184.0359269702985,7361.3759765625
0.0,13,40C__titanium_trial_5,40C,40.0,titanium,5,7184.0359269702985,13516.106770833334
0.0,13,40C__titanium_trial_6,40C,40.0,titanium,6,7184.0359269702985,15918.140625
0.0,13,50C__titanium_trial_1,50C,50.0,titanium,1,7184.0359269702985,9028.996419270834
0.0,13,50C__titanium_trial_2,50C,50.0,titanium,2,7184.0359269702985,11947.508463541666
0.0,13,50C__titanium_trial_3,50C,50.0,titanium,3,7184.0359269702985,23432.791015625
0.0,13,50C__titanium_trial_4,50C,50.0,titanium,4,7184.0359269702985,10619.292643229166
0.0,13,50C__titanium_trial_5,50C,50.0,titanium,5,7184.0359269702985,18679.888671875
0.0,13,50C__titanium_trial_6,50C,50.0,titanium,6,7184.0359269702985,19675.922526041668
0.0,13,60C__titanium_trial_1,60C,60.0,titanium,1,7184.0359269702985,15619.409830729166
0.0,13,60C__titanium_trial_2,60C,60.0,titanium,2,7184.0359269702985,13755.854166666666
0.0,13,60C__titanium_trial_3,60C,60.0,titanium,3,7184.0359269702985,15246.873697916666
0.0,13,60C__titanium_trial_4,60C,60.0,titanium,4,7184.0359269702985,8840.095377604166
0.0,13,60C__titanium_trial_5,60C,60.0,titanium,5,7184.0359269702985,12205.9716796875
0.0,13,60C__titanium_trial_6,60C,60.0,titanium,6,7184.0359269702985,13435.3916015625
0.0,14,30C__wood_trial_1,30C,30.0,wood,1,422.49260348555214,55.536834716796875
0.0,14,30C__wood_trial_2,30C,30.0,wood,2,422.49260348555214,145.89751180013022
0.0,14,30C__wood_trial_3,30C,30.0,wood,3,422.49260348555214,150.44462076822916
0.0,14,30C__wood_trial_4,30C,30.0,wood,4,422.49260348555214,94.04632822672527
0.0,14,30C__wood_trial_5,30C,30.0,wood,5,422.49260348555214,122.62172190348308
0.0,14,30C__wood_trial_6,30C,30.0,wood,6,422.49260348555214,213.5761973063151
0.0,14,40C__wood_trial_1,40C,40.0,wood,1,422.49260348555214,169.11375427246094
0.0,14,40C__wood_trial_2,40C,40.0,wood,2,422.49260348555214,164.2976277669271
0.0,14,40C__wood_trial_3,40C,40.0,wood,3,422.49260348555214,165.7905069986979
0.0,14,40C__wood_trial_4,40C,40.0,wood,4,422.49260348555214,151.92024739583334
0.0,14,40C__wood_trial_5,40C,40.0,wood,5,422.49260348555214,274.65611775716144
0.0,14,40C__wood_trial_6,40C,40.0,wood,6,422.49260348555214,290.3728535970052
0.0,14,50C__wood_trial_1,50C,50.0,wood,1,422.49260348555214,344.7179463704427
0.0,14,50C__wood_trial_2,50C,50.0,wood,2,422.49260348555214,339.82884724934894
0.0,14,50C__wood_trial_3,50C,50.0,wood,3,422.49260348555214,306.2818196614583
0.0,14,50C__wood_trial_4,50C,50.0,wood,4,422.49260348555214,319.07982381184894
0.0,14,50C__wood_trial_5,50C,50.0,wood,5,422.49260348555214,297.42340087890625
0.0,14,50C__wood_trial_6,50C,50.0,wood,6,422.49260348555214,225.46044413248697
0.0,14,60C__wood_trial_1,60C,60.0,wood,1,422.49260348555214,18258.77734375
0.0,14,60C__wood_trial_2,60C,60.0,wood,2,422.49260348555214,8105.738606770833
0.0,14,60C__wood_trial_3,60C,60.0,wood,3,422.49260348555214,12060.948893229166
0.0,14,60C__wood_trial_4,60C,60.0,wood,4,422.49260348555214,8826.26904296875
0.0,14,60C__wood_trial_5,60C,60.0,wood,5,422.49260348555214,9104.4326171875
0.0,14,60C__wood_trial_6,60C,60.0,wood,6,422.49260348555214,648.5935567220052
0.05,1,30C__aluminum_trial_1,30C,30.0,aluminum,1,23958.09466547789,20794.734375
0.05,1,30C__aluminum_trial_2,30C,30.0,aluminum,2,23958.09466547789,19137.44140625
0.05,1,30C__aluminum_trial_3,30C,30.0,aluminum,3,23958.09466547789,11122.282552083334
0.05,1,30C__aluminum_trial_4,30C,30.0,aluminum,4,23958.09466547789,16505.2138671875
0.05,1,30C__aluminum_trial_5,30C,30.0,aluminum,5,23958.09466547789,10013.487955729166
0.05,1,30C__aluminum_trial_6,30C,30.0,aluminum,6,23958.09466547789,15325.557942708334
0.05,1,40C__aluminum_trial_1,40C,40.0,aluminum,1,23958.09466547789,24075.953776041668
0.05,1,40C__aluminum_trial_2,40C,40.0,aluminum,2,23958.09466547789,4116.679443359375
0.05,1,40C__aluminum_trial_3,40C,40.0,aluminum,3,23958.09466547789,24836.26953125
0.05,1,40C__aluminum_trial_4,40C,40.0,aluminum,4,23958.09466547789,14520.844401041666
0.05,1,40C__aluminum_trial_5,40C,40.0,aluminum,5,23958.09466547789,10815.072916666666
0.05,1,40C__aluminum_trial_6,40C,40.0,aluminum,6,23958.09466547789,10974.006184895834
0.05,1,50C__aluminum_trial_1,50C,50.0,aluminum,1,23958.09466547789,14143.867513020834
0.05,1,50C__aluminum_trial_2,50C,50.0,aluminum,2,23958.09466547789,9786.336263020834
0.05,1,50C__aluminum_trial_3,50C,50.0,aluminum,3,23958.09466547789,12533.456380208334
0.05,1,50C__aluminum_trial_4,50C,50.0,aluminum,4,23958.09466547789,17520.012369791668
0.05,1,50C__aluminum_trial_5,50C,50.0,aluminum,5,23958.09466547789,12190.9140625
0.05,1,50C__aluminum_trial_6,50C,50.0,aluminum,6,23958.09466547789,20195.782552083332
0.05,1,60C__aluminum_trial_1,60C,60.0,aluminum,1,23958.09466547789,14643.267252604166
0.05,1,60C__aluminum_trial_2,60C,60.0,aluminum,2,23958.09466547789,16100.9609375
0.05,1,60C__aluminum_trial_3,60C,60.0,aluminum,3,23958.09466547789,13569.1875
0.05,1,60C__aluminum_trial_4,60C,60.0,aluminum,4,23958.09466547789,24032.391276041668
0.05,1,60C__aluminum_trial_5,60C,60.0,aluminum,5,23958.09466547789,15787.6728515625
0.05,1,60C__aluminum_trial_6,60C,60.0,aluminum,6,23958.09466547789,21944.371744791668
0.05,2,30C__bismuth_trial_1,30C,30.0,bismuth,1,3209.1026783199068,8171.859049479167
0.05,2,30C__bismuth_trial_2,30C,30.0,bismuth,2,3209.1026783199068,10776.448567708334
0.05,2,30C__bismuth_trial_3,30C,30.0,bismuth,3,3209.1026783199068,4384.745930989583
0.05,2,30C__bismuth_trial_4,30C,30.0,bismuth,4,3209.1026783199068,11545.479166666666
0.05,2,30C__bismuth_trial_5,30C,30.0,bismuth,5,3209.1026783199068,5176.989583333333
0.05,2,30C__bismuth_trial_6,30C,30.0,bismuth,6,3209.1026783199068,10391.334309895834
0.05,2,40C__bismuth_trial_1,40C,40.0,bismuth,1,3209.1026783199068,13615.929361979166
0.05,2,40C__bismuth_trial_2,40C,40.0,bismuth,2,3209.1026783199068,12481.103515625
0.05,2,40C__bismuth_trial_3,40C,40.0,bismuth,3,3209.1026783199068,11041.820638020834
0.05,2,40C__bismuth_trial_4,40C,40.0,bismuth,4,3209.1026783199068,10299.266276041666
0.05,2,40C__bismuth_trial_5,40C,40.0,bismuth,5,3209.1026783199068,12732.7802734375
0.05,2,40C__bismuth_trial_6,40C,40.0,bismuth,6,3209.1026783199068,12417.469075520834
0.05,2,50C__bismuth_trial_1,50C,50.0,bismuth,1,3209.1026783199068,11341.632486979166
0.05,2,50C__bismuth_trial_2,50C,50.0,bismuth,2,3209.1026783199068,16540.825846354168
0.05,2,50C__bismuth_trial_3,50C,50.0,bismuth,3,3209.1026783199068,20300.111979166668
0.05,2,50C__bismuth_trial_4,50C,50.0,bismuth,4,3209.1026783199068,15236.255859375
0.05,2,50C__bismuth_trial_5,50C,50.0,bismuth,5,3209.1026783199068,15389.101236979166
0.05,2,50C__bismuth_trial_6,50C,50.0,bismuth,6,3209.1026783199068,12056.583658854166
0.05,2,60C__bismuth_trial_1,60C,60.0,bismuth,1,3209.1026783199068,12123.117513020834
0.05,2,60C__bismuth_trial_2,60C,60.0,bismuth,2,3209.1026783199068,11254.453125
0.05,2,60C__bismuth_trial_3,60C,60.0,bismuth,3,3209.1026783199068,12188.611979166666
0.05,2,60C__bismuth_trial_4,60C,60.0,bismuth,4,3209.1026783199068,16976.655598958332
0.05,2,60C__bismuth_trial_5,60C,60.0,bismuth,5,3209.1026783199068,10059.822591145834
0.05,2,60C__bismuth_trial_6,60C,60.0,bismuth,6,3209.1026783199068,18408.479166666668
0.05,3,30C__cement_trial_1,30C,30.0,cement,1,559.6427431853289,425.4235534667969
0.05,3,30C__cement_trial_2,30C,30.0,cement,2,559.6427431853289,466.65631103515625
0.05,3,30C__cement_trial_3,30C,30.0,cement,3,559.6427431853289,532.0389811197916
0.05,3,30C__cement_trial_4,30C,30.0,cement,4,559.6427431853289,577.9620869954427
0.05,3,30C__cement_trial_5,30C,30.0,cement,5,559.6427431853289,578.8993021647135
0.05,3,30C__cement_trial_6,30C,30.0,cement,6,559.6427431853289,567.6008911132812
0.05,3,40C__cement_trial_1,40C,40.0,cement,1,559.6427431853289,398.0846862792969
0.05,3,40C__cement_trial_2,40C,40.0,cement,2,559.6427431853289,432.1295979817708
0.05,3,40C__cement_trial_3,40C,40.0,cement,3,559.6427431853289,330.3809509277344
0.05,3,40C__cement_trial_4,40C,40.0,cement,4,559.6427431853289,665.8825073242188
0.05,3,40C__cement_trial_5,40C,40.0,cement,5,559.6427431853289,670.8797810872396
0.05,3,40C__cement_trial_6,40C,40.0,cement,6,559.6427431853289,447.1475321451823
0.05,3,50C__cement_trial_1,50C,50.0,cement,1,559.6427431853289,418.6542561848958
0.05,3,50C__cement_trial_2,50C,50.0,cement,2,559.6427431853289,336.18028767903644
0.05,3,50C__cement_trial_3,50C,50.0,cement,3,559.6427431853289,382.80185953776044
0.05,3,50C__cement_trial_4,50C,50.0,cement,4,559.6427431853289,355.6380920410156
0.05,3,50C__cement_trial_5,50C,50.0,cement,5,559.6427431853289,553.9845479329427
0.05,3,50C__cement_trial_6,50C,50.0,cement,6,559.6427431853289,616.1494344075521
0.05,3,60C__cement_trial_1,60C,60.0,cement,1,559.6427431853289,889.3493041992188
0.05,3,60C__cement_trial_2,60C,60.0,cement,2,559.6427431853289,636.1519368489584
0.05,3,60C__cement_trial_3,60C,60.0,cement,3,559.6427431853289,705.8577067057291
0.05,3,60C__cement_trial_4,60C,60.0,cement,4,559.6427431853289,537.1613159179688
0.05,3,60C__cement_trial_5,60C,60.0,cement,5,559.6427431853289,613.7160237630209
0.05,3,60C__cement_trial_6,60C,60.0,cement,6,559.6427431853289,693.5390421549479
0.05,4,30C__copper_trial_1,30C,30.0,copper,1,37192.601414797544,1433.607177734375
0.05,4,30C__copper_trial_2,30C,30.0,copper,2,37192.601414797544,17543.377604166668
0.05,4,30C__copper_trial_3,30C,30.0,copper,3,37192.601414797544,16236.53125
0.05,4,30C__copper_trial_4,30C,30.0,copper,4,37192.601414797544,16163.728515625
0.05,4,30C__copper_trial_5,30C,30.0,copper,5,37192.601414797544,14266.233072916666
0.05,4,30C__copper_trial_6,30C,30.0,copper,6,37192.601414797544,13357.337565104166
0.05,4,40C__copper_trial_1,40C,40.0,copper,1,37192.601414797544,14093.006184895834
0.05,4,40C__copper_trial_2,40C,40.0,copper,2,37192.601414797544,14122.241861979166
0.05,4,40C__copper_trial_3,40C,40.0,copper,3,37192.601414797544,17557.90625
0.05,4,40C__copper_trial_4,40C,40.0,copper,4,37192.601414797544,10142.469401041666
0.05,4,40C__copper_trial_5,40C,40.0,copper,5,37192.601414797544,7957.321940104167
0.05,4,40C__copper_trial_6,40C,40.0,copper,6,37192.601414797544,8034.582194010417
0.05,4,50C__copper_trial_1,50C,50.0,copper,1,37192.601414797544,6529.375162760417
0.05,4,50C__copper_trial_2,50C,50.0,copper,2,37192.601414797544,13395.854817708334
0.05,4,50C__copper_trial_3,50C,50.0,copper,3,37192.601414797544,10767.219401041666
0.05,4,50C__copper_trial_4,50C,50.0,copper,4,37192.601414797544,10311.3955078125
0.05,4,50C__copper_trial_5,50C,50.0,copper,5,37192.601414797544,11319.305013020834
0.05,4,50C__copper_trial_6,50C,50.0,copper,6,37192.601414797544,7378.5537109375
0.05,4,60C__copper_trial_1,60C,60.0,copper,1,37192.601414797544,14706.160807291666
0.05,4,60C__copper_trial_2,60C,60.0,copper,2,37192.601414797544,21401.201171875
0.05,4,60C__copper_trial_3,60C,60.0,copper,3,37192.601414797544,14708.826822916666
0.05,4,60C__copper_trial_4,60C,60.0,copper,4,37192.601414797544,21575.832682291668
0.05,4,60C__copper_trial_5,60C,60.0,copper,5,37192.601414797544,12606.3583984375
0.05,4,60C__copper_trial_6,60C,60.0,copper,6,37192.601414797544,11817.784505208334
0.05,5,30C__cork_trial_1,30C,30.0,cork,1,136.29380029920657,129.17415873209634
0.05,5,30C__cork_trial_2,30C,30.0,cork,2,136.29380029920657,90.83883158365886
0.05,5,30C__cork_trial_3,30C,30.0,cork,3,136.29380029920657,57.342169443766274
0.05,5,30C__cork_trial_4,30C,30.0,cork,4,136.29380029920657,40.63825352986654
0.05,5,30C__cork_trial_5,30C,30.0,cork,5,136.29380029920657,55.76801300048828
0.05,5,30C__cork_trial_6,30C,30.0,cork,6,136.29380029920657,67.00089899698894
0.05,5,40C__cork_trial_1,40C,40.0,cork,1,136.29380029920657,85.73472849527995
0.05,5,40C__cork_trial_2,40C,40.0,cork,2,136.29380029920657,88.61202494303386
0.05,5,40C__cork_trial_3,40C,40.0,cork,3,136.29380029920657,97.30905405680339
0.05,5,40C__cork_trial_4,40C,40.0,cork,4,136.29380029920657,71.23416137695312
0.05,5,40C__cork_trial_5,40C,40.0,cork,5,136.29380029920657,40.906917572021484
0.05,5,40C__cork_trial_6,40C,40.0,cork,6,136.29380029920657,34.496376621320685
0.05,5,50C__cork_trial_1,50C,50.0,cork,1,136.29380029920657,460.15020751953125
0.05,5,50C__cork_trial_2,50C,50.0,cork,2,136.29380029920657,447.75414021809894
0.05,5,50C__cork_trial_3,50C,50.0,cork,3,136.29380029920657,456.11571248372394
0.05,5,50C__cork_trial_4,50C,50.0,cork,4,136.29380029920657,282.11925252278644
0.05,5,50C__cork_trial_5,50C,50.0,cork,5,136.29380029920657,438.21461995442706
0.05,5,50C__cork_trial_6,50C,50.0,cork,6,136.29380029920657,410.92503865559894
0.05,5,60C__cork_trial_1,60C,60.0,cork,1,136.29380029920657,340.18505859375
0.05,5,60C__cork_trial_2,60C,60.0,cork,2,136.29380029920657,324.93212890625
0.05,5,60C__cork_trial_3,60C,60.0,cork,3,136.29380029920657,276.8194986979167
0.05,5,60C__cork_trial_4,60C,60.0,cork,4,136.29380029920657,350.29583740234375
0.05,5,60C__cork_trial_5,60C,60.0,cork,5,136.29380029920657,373.04001871744794
0.05,5,60C__cork_trial_6,60C,60.0,cork,6,136.29380029920657,321.1013895670573
0.05,6,30C__graphite_trial_1,30C,30.0,graphite,1,11367.497525840945,10790.655598958334
0.05,6,30C__graphite_trial_2,30C,30.0,graphite,2,11367.497525840945,4010.1484375
0.05,6,30C__graphite_trial_3,30C,30.0,graphite,3,11367.497525840945,2484.40966796875
0.05,6,30C__graphite_trial_4,30C,30.0,graphite,4,11367.497525840945,4053.7748209635415
0.05,6,30C__graphite_trial_5,30C,30.0,graphite,5,11367.497525840945,3554.86328125
0.05,6,30C__graphite_trial_6,30C,30.0,graphite,6,11367.497525840945,4054.5536295572915
0.05,6,40C__graphite_trial_1,40C,40.0,graphite,1,11367.497525840945,10337.596028645834
0.05,6,40C__graphite_trial_2,40C,40.0,graphite,2,11367.497525840945,8243.419596354166
0.05,6,40C__graphite_trial_3,40C,40.0,graphite,3,11367.497525840945,5315.65185546875
0.05,6,40C__graphite_trial_4,40C,40.0,graphite,4,11367.497525840945,12263.2734375
0.05,6,40C__graphite_trial_5,40C,40.0,graphite,5,11367.497525840945,3041.1368815104165
0.05,6,40C__graphite_trial_6,40C,40.0,graphite,6,11367.497525840945,6035.047526041667
0.05,6,50C__graphite_trial_1,50C,50.0,graphite,1,11367.497525840945,16654.053059895832
0.05,6,50C__graphite_trial_2,50C,50.0,graphite,2,11367.497525840945,13336.824544270834
0.05,6,50C__graphite_trial_3,50C,50.0,graphite,3,11367.497525840945,14525.210611979166
0.05,6,50C__graphite_trial_4,50C,50.0,graphite,4,11367.497525840945,15127.224283854166
0.05,6,50C__graphite_trial_5,50C,50.0,graphite,5,11367.497525840945,7996.4560546875
0.05,6,50C__graphite_trial_6,50C,50.0,graphite,6,11367.497525840945,14480.775716145834
0.05,6,60C__graphite_trial_1,60C,60.0,graphite,1,11367.497525840945,10674.898111979166
0.05,6,60C__graphite_trial_2,60C,60.0,graphite,2,11367.497525840945,12566.327473958334
0.05,6,60C__graphite_trial_3,60C,60.0,graphite,3,11367.497525840945,10133.8564453125
0.05,6,60C__graphite_trial_4,60C,60.0,graphite,4,11367.497525840945,11354.5146484375
0.05,6,60C__graphite_trial_5,60C,60.0,graphite,5,11367.497525840945,9185.543131510416
0.05,6,60C__graphite_trial_6,60C,60.0,graphite,6,11367.497525840945,10360.6845703125
0.05,7,30C__gypsum_trial_1,30C,30.0,gypsum,1,385.01948002666046,255.99345906575522
0.05,7,30C__gypsum_trial_2,30C,30.0,gypsum,2,385.01948002666046,269.01202392578125
0.05,7,30C__gypsum_trial_3,30C,30.0,gypsum,3,385.01948002666046,235.0561981201172
0.05,7,30C__gypsum_trial_4,30C,30.0,gypsum,4,385.01948002666046,207.12830098470053
0.05,7,30C__gypsum_trial_5,30C,30.0,gypsum,5,385.01948002666046,254.9335174560547
0.05,7,30C__gypsum_trial_6,30C,30.0,gypsum,6,385.01948002666046,198.32054646809897
0.05,7,40C__gypsum_trial_1,40C,40.0,gypsum,1,385.01948002666046,298.8336995442708
0.05,7,40C__gypsum_trial_2,40C,40.0,gypsum,2,385.01948002666046,217.18828837076822
0.05,7,40C__gypsum_trial_3,40C,40.0,gypsum,3,385.01948002666046,197.86750284830728
0.05,7,40C__gypsum_trial_4,40C,40.0,gypsum,4,385.01948002666046,331.36217244466144
0.05,7,40C__gypsum_trial_5,40C,40.0,gypsum,5,385.01948002666046,592.9864705403646
0.05,7,40C__gypsum_trial_6,40C,40.0,gypsum,6,385.01948002666046,522.1666463216146
0.05,7,50C__gypsum_trial_1,50C,50.0,gypsum,1,385.01948002666046,713.2583211263021
0.05,7,50C__gypsum_trial_2,50C,50.0,gypsum,2,385.01948002666046,804.7885945638021
0.05,7,50C__gypsum_trial_3,50C,50.0,gypsum,3,385.01948002666046,811.9326578776041
0.05,7,50C__gypsum_trial_4,50C,50.0,gypsum,4,385.01948002666046,814.5708618164062
0.05,7,50C__gypsum_trial_5,50C,50.0,gypsum,5,385.01948002666046,751.3140258789062
0.05,7,50C__gypsum_trial_6,50C,50.0,gypsum,6,385.01948002666046,609.4498494466146
0.05,7,60C__gypsum_trial_1,60C,60.0,gypsum,1,385.01948002666046,2234.6189778645835
0.05,7,60C__gypsum_trial_2,60C,60.0,gypsum,2,385.01948002666046,1166.031270345052
0.05,7,60C__gypsum_trial_3,60C,60.0,gypsum,3,385.01948002666046,1206.7745768229167
0.05,7,60C__gypsum_trial_4,60C,60.0,gypsum,4,385.01948002666046,1954.5621337890625
0.05,7,60C__gypsum_trial_5,60C,60.0,gypsum,5,385.01948002666046,2068.441935221354
0.05,7,60C__gypsum_trial_6,60C,60.0,gypsum,6,385.01948002666046,1825.7139078776042
0.05,8,30C__iron_trial_1,30C,30.0,iron,1,16859.663413010356,11212.754231770834
0.05,8,30C__iron_trial_2,30C,30.0,iron,2,16859.663413010356,20497.341796875
0.05,8,30C__iron_trial_3,30C,30.0,iron,3,16859.663413010356,11656.304036458334
0.05,8,30C__iron_trial_4,30C,30.0,iron,4,16859.663413010356,18299.3251953125
0.05,8,30C__iron_trial_5,30C,30.0,iron,5,16859.663413010356,17067.78125
0.05,8,30C__iron_trial_6,30C,30.0,iron,6,16859.663413010356,11630.8388671875
0.05,8,40C__iron_trial_1,40C,40.0,iron,1,16859.663413010356,16559.523111979168
0.05,8,40C__iron_trial_2,40C,40.0,iron,2,16859.663413010356,11329.287760416666
0.05,8,40C__iron_trial_3,40C,40.0,iron,3,16859.663413010356,10498.998209635416
0.05,8,40C__iron_trial_4,40C,40.0,iron,4,16859.663413010356,9278.515625
0.05,8,40C__iron_trial_5,40C,40.0,iron,5,16859.663413010356,13984.015299479166
0.05,8,40C__iron_trial_6,40C,40.0,iron,6,16859.663413010356,13034.330078125
0.05,8,50C__iron_trial_1,50C,50.0,iron,1,16859.663413010356,10170.740885416666
0.05,8,50C__iron_trial_2,50C,50.0,iron,2,16859.663413010356,10124.863606770834
0.05,8,50C__iron_trial_3,50C,50.0,iron,3,16859.663413010356,12814.238932291666
0.05,8,50C__iron_trial_4,50C,50.0,iron,4,16859.663413010356,14382.5478515625
0.05,8,50C__iron_trial_5,50C,50.0,iron,5,16859.663413010356,16164.719401041666
0.05,8,50C__iron_trial_6,50C,50.0,iron,6,16859.663413010356,26298.947916666668
0.05,8,60C__iron_trial_1,60C,60.0,iron,1,16859.663413010356,30191.577473958332
0.05,8,60C__iron_trial_2,60C,60.0,iron,2,16859.663413010356,18441.403645833332
0.05,8,60C__iron_trial_3,60C,60.0,iron,3,16859.663413010356,16942.8984375
0.05,8,60C__iron_trial_4,60C,60.0,iron,4,16859.663413010356,17180.613932291668
0.05,8,60C__iron_trial_5,60C,60.0,iron,5,16859.663413010356,21055.220052083332
0.05,8,60C__iron_trial_6,60C,60.0,iron,6,16859.663413010356,22866.317708333332
0.05,9,30C__nickel_trial_1,30C,30.0,nickel,1,19320.68449098013,9032.911458333334
0.05,9,30C__nickel_trial_2,30C,30.0,nickel,2,19320.68449098013,13935.5908203125
0.05,9,30C__nickel_trial_3,30C,30.0,nickel,3,19320.68449098013,19517.727213541668
0.05,9,30C__nickel_trial_4,30C,30.0,nickel,4,19320.68449098013,10129.75390625
0.05,9,30C__nickel_trial_5,30C,30.0,nickel,5,19320.68449098013,19984.600260416668
0.05,9,30C__nickel_trial_6,30C,30.0,nickel,6,19320.68449098013,22927.221354166668
0.05,9,40C__nickel_trial_1,40C,40.0,nickel,1,19320.68449098013,5935.712890625
0.05,9,40C__nickel_trial_2,40C,40.0,nickel,2,19320.68449098013,12324.380208333334
0.05,9,40C__nickel_trial_3,40C,40.0,nickel,3,19320.68449098013,17219.574544270832
0.05,9,40C__nickel_trial_4,40C,40.0,nickel,4,19320.68449098013,14296.078450520834
0.05,9,40C__nickel_trial_5,40C,40.0,nickel,5,19320.68449098013,13072.662434895834
0.05,9,40C__nickel_trial_6,40C,40.0,nickel,6,19320.68449098013,10367.75
0.05,9,50C__nickel_trial_1,50C,50.0,nickel,1,19320.68449098013,9782.820149739584
0.05,9,50C__nickel_trial_2,50C,50.0,nickel,2,19320.68449098013,12348.191731770834
0.05,9,50C__nickel_trial_3,50C,50.0,nickel,3,19320.68449098013,13736.363932291666
0.05,9,50C__nickel_trial_4,50C,50.0,nickel,4,19320.68449098013,13115.694010416666
0.05,9,50C__nickel_trial_5,50C,50.0,nickel,5,19320.68449098013,7110.02392578125
0.05,9,50C__nickel_trial_6,50C,50.0,nickel,6,19320.68449098013,16579.242513020832
0.05,9,60C__nickel_trial_1,60C,60.0,nickel,1,19320.68449098013,9757.700358072916
0.05,9,60C__nickel_trial_2,60C,60.0,nickel,2,19320.68449098013,23356.251302083332
0.05,9,60C__nickel_trial_3,60C,60.0,nickel,3,19320.68449098013,13407.136067708334
0.05,9,60C__nickel_trial_4,60C,60.0,nickel,4,19320.68449098013,21946.811848958332
0.05,9,60C__nickel_trial_5,60C,60.0,nickel,5,19320.68449098013,18736.108072916668
0.05,9,60C__nickel_trial_6,60C,60.0,nickel,6,19320.68449098013,24740.163411458332
0.05,10,30C__pdms_trial_1,30C,30.0,pdms,1,460.90129095067635,214.81733194986978
0.05,10,30C__pdms_trial_2,30C,30.0,pdms,2,460.90129095067635,77.42215220133464
0.05,10,30C__pdms_trial_3,30C,30.0,pdms,3,460.90129095067635,165.4666544596354
0.05,10,30C__pdms_trial_4,30C,30.0,pdms,4,460.90129095067635,53.87396748860677
0.05,10,30C__pdms_trial_5,30C,30.0,pdms,5,460.90129095067635,142.06248219807944
0.05,10,30C__pdms_trial_6,30C,30.0,pdms,6,460.90129095067635,91.84122212727864
0.05,10,40C__pdms_trial_1,40C,40.0,pdms,1,460.90129095067635,447.4227701822917
0.05,10,40C__pdms_trial_2,40C,40.0,pdms,2,460.90129095067635,422.8813781738281
0.05,10,40C__pdms_trial_3,40C,40.0,pdms,3,460.90129095067635,461.80311075846356
0.05,10,40C__pdms_trial_4,40C,40.0,pdms,4,460.90129095067635,350.83106486002606
0.05,10,40C__pdms_trial_5,40C,40.0,pdms,5,460.90129095067635,207.30848185221353
0.05,10,40C__pdms_trial_6,40C,40.0,pdms,6,460.90129095067635,357.4851989746094
0.05,10,50C__pdms_trial_1,50C,50.0,pdms,1,460.90129095067635,238.91357421875
0.05,10,50C__pdms_trial_2,50C,50.0,pdms,2,460.90129095067635,164.1808064778646
0.05,10,50C__pdms_trial_3,50C,50.0,pdms,3,460.90129095067635,369.282470703125
0.05,10,50C__pdms_trial_4,50C,50.0,pdms,4,460.90129095067635,432.01593017578125
0.05,10,50C__pdms_trial_5,50C,50.0,pdms,5,460.90129095067635,274.7461344401042
0.05,10,50C__pdms_trial_6,50C,50.0,pdms,6,460.90129095067635,331.3270670572917
0.05,10,60C__pdms_trial_1,60C,60.0,pdms,1,460.90129095067635,457.1571553548177
0.05,10,60C__pdms_trial_2,60C,60.0,pdms,2,460.90129095067635,370.73508707682294
0.05,10,60C__pdms_trial_3,60C,60.0,pdms,3,460.90129095067635,379.0199483235677
0.05,10,60C__pdms_trial_4,60C,60.0,pdms,4,460.90129095067635,226.7112070719401
0.05,10,60C__pdms_trial_5,60C,60.0,pdms,5,460.90129095067635,210.51960245768228
0.05,10,60C__pdms_trial_6,60C,60.0,pdms,6,460.90129095067635,152.47549438476562
0.05,11,30C__ps_foam_trial_1,30C,30.0,ps_foam,1,34.496376621320685,397.4559020996094
0.05,11,30C__ps_foam_trial_2,30C,30.0,ps_foam,2,34.496376621320685,481.03171793619794
0.05,11,30C__ps_foam_trial_3,30C,30.0,ps_foam,3,34.496376621320685,329.3943176269531
0.05,11,30C__ps_foam_trial_4,30C,30.0,ps_foam,4,34.496376621320685,236.89795430501303
0.05,11,30C__ps_foam_trial_5,30C,30.0,ps_foam,5,34.496376621320685,203.2886199951172
0.05,11,30C__ps_foam_trial_6,30C,30.0,ps_foam,6,34.496376621320685,221.84359741210938
0.05,11,40C__ps_foam_trial_1,40C,40.0,ps_foam,1,34.496376621320685,58.58541997273763
0.05,11,40C__ps_foam_trial_2,40C,40.0,ps_foam,2,34.496376621320685,58.10930252075195
0.05,11,40C__ps_foam_trial_3,40C,40.0,ps_foam,3,34.496376621320685,59.99990590413412
0.05,11,40C__ps_foam_trial_4,40C,40.0,ps_foam,4,34.496376621320685,463.7138163248698
0.05,11,40C__ps_foam_trial_5,40C,40.0,ps_foam,5,34.496376621320685,44.30091725865026
0.05,11,40C__ps_foam_trial_6,40C,40.0,ps_foam,6,34.496376621320685,92.7705307006836
0.05,11,50C__ps_foam_trial_1,50C,50.0,ps_foam,1,34.496376621320685,61.22714869181315
0.05,11,50C__ps_foam_trial_2,50C,50.0,ps_foam,2,34.496376621320685,68.73110961914062
0.05,11,50C__ps_foam_trial_3,50C,50.0,ps_foam,3,34.496376621320685,70.39306386311848
0.05,11,50C__ps_foam_trial_4,50C,50.0,ps_foam,4,34.496376621320685,60.30958938598633
0.05,11,50C__ps_foam_trial_5,50C,50.0,ps_foam,5,34.496376621320685,81.61728922526042
0.05,11,50C__ps_foam_trial_6,50C,50.0,ps_foam,6,34.496376621320685,61.50850168863932
0.05,11,60C__ps_foam_trial_1,60C,60.0,ps_foam,1,34.496376621320685,153.02274576822916
0.05,11,60C__ps_foam_trial_2,60C,60.0,ps_foam,2,34.496376621320685,138.52213287353516
0.05,11,60C__ps_foam_trial_3,60C,60.0,ps_foam,3,34.496376621320685,140.46790822347006
0.05,11,60C__ps_foam_trial_4,60C,60.0,ps_foam,4,34.496376621320685,143.40369160970053
0.05,11,60C__ps_foam_trial_5,60C,60.0,ps_foam,5,34.496376621320685,190.2995808919271
0.05,11,60C__ps_foam_trial_6,60C,60.0,ps_foam,6,34.496376621320685,241.21666463216147
0.05,12,30C__pu_foam_trial_1,30C,30.0,pu_foam,1,42.49705872175155,104.11378224690755
0.05,12,30C__pu_foam_trial_2,30C,30.0,pu_foam,2,42.49705872175155,186.23682657877603
0.05,12,30C__pu_foam_trial_3,30C,30.0,pu_foam,3,42.49705872175155,236.7709503173828
0.05,12,30C__pu_foam_trial_4,30C,30.0,pu_foam,4,42.49705872175155,231.02828470865884
0.05,12,30C__pu_foam_trial_5,30C,30.0,pu_foam,5,42.49705872175155,258.2524820963542
0.05,12,30C__pu_foam_trial_6,30C,30.0,pu_foam,6,42.49705872175155,147.8619130452474
0.05,12,40C__pu_foam_trial_1,40C,40.0,pu_foam,1,42.49705872175155,58.21112060546875
0.05,12,40C__pu_foam_trial_2,40C,40.0,pu_foam,2,42.49705872175155,99.84135182698567
0.05,12,40C__pu_foam_trial_3,40C,40.0,pu_foam,3,42.49705872175155,143.58720906575522
0.05,12,40C__pu_foam_trial_4,40C,40.0,pu_foam,4,42.49705872175155,85.8172378540039
0.05,12,40C__pu_foam_trial_5,40C,40.0,pu_foam,5,42.49705872175155,36.19626998901367
0.05,12,40C__pu_foam_trial_6,40C,40.0,pu_foam,6,42.49705872175155,45.108795166015625
0.05,12,50C__pu_foam_trial_1,50C,50.0,pu_foam,1,42.49705872175155,80.55737813313802
0.05,12,50C__pu_foam_trial_2,50C,50.0,pu_foam,2,42.49705872175155,73.51901626586914
0.05,12,50C__pu_foam_trial_3,50C,50.0,pu_foam,3,42.49705872175155,106.78778839111328
0.05,12,50C__pu_foam_trial_4,50C,50.0,pu_foam,4,42.49705872175155,62.73810831705729
0.05,12,50C__pu_foam_trial_5,50C,50.0,pu_foam,5,42.49705872175155,83.01885477701823
0.05,12,50C__pu_foam_trial_6,50C,50.0,pu_foam,6,42.49705872175155,99.78511047363281
0.05,12,60C__pu_foam_trial_1,60C,60.0,pu_foam,1,42.49705872175155,240.28939310709634
0.05,12,60C__pu_foam_trial_2,60C,60.0,pu_foam,2,42.49705872175155,1644.7796223958333
0.05,12,60C__pu_foam_trial_3,60C,60.0,pu_foam,3,42.49705872175155,271.9923807779948
0.05,12,60C__pu_foam_trial_4,60C,60.0,pu_foam,4,42.49705872175155,159.1915028889974
0.05,12,60C__pu_foam_trial_5,60C,60.0,pu_foam,5,42.49705872175155,274.8386942545573
0.05,12,60C__pu_foam_trial_6,60C,60.0,pu_foam,6,42.49705872175155,275.841064453125
0.05,13,30C__titanium_trial_1,30C,30.0,titanium,1,7184.0359269702985,9899.657877604166
0.05,13,30C__titanium_trial_2,30C,30.0,titanium,2,7184.0359269702985,6757.411458333333
0.05,13,30C__titanium_trial_3,30C,30.0,titanium,3,7184.0359269702985,8215.789388020834
0.05,13,30C__titanium_trial_4,30C,30.0,titanium,4,7184.0359269702985,7565.932779947917
0.05,13,30C__titanium_trial_5,30C,30.0,titanium,5,7184.0359269702985,12027.724934895834
0.05,13,30C__titanium_trial_6,30C,30.0,titanium,6,7184.0359269702985,3393.26123046875
0.05,13,40C__titanium_trial_1,40C,40.0,titanium,1,7184.0359269702985,19148.815104166668
0.05,13,40C__titanium_trial_2,40C,40.0,titanium,2,7184.0359269702985,12119.681315104166
0.05,13,40C__titanium_trial_3,40C,40.0,titanium,3,7184.0359269702985,16670.437825520832
0.05,13,40C__titanium_trial_4,40C,40.0,titanium,4,7184.0359269702985,11000.707682291666
0.05,13,40C__titanium_trial_5,40C,40.0,titanium,5,7184.0359269702985,18788.379231770832
0.05,13,40C__titanium_trial_6,40C,40.0,titanium,6,7184.0359269702985,17442.395833333332
0.05,13,50C__titanium_trial_1,50C,50.0,titanium,1,7184.0359269702985,15540.962565104166
0.05,13,50C__titanium_trial_2,50C,50.0,titanium,2,7184.0359269702985,6218.376627604167
0.05,13,50C__titanium_trial_3,50C,50.0,titanium,3,7184.0359269702985,17763.449869791668
0.05,13,50C__titanium_trial_4,50C,50.0,titanium,4,7184.0359269702985,14759.299479166666
0.05,13,50C__titanium_trial_5,50C,50.0,titanium,5,7184.0359269702985,12883.692708333334
0.05,13,50C__titanium_trial_6,50C,50.0,titanium,6,7184.0359269702985,14283.529622395834
0.05,13,60C__titanium_trial_1,60C,60.0,titanium,1,7184.0359269702985,8284.561197916666
0.05,13,60C__titanium_trial_2,60C,60.0,titanium,2,7184.0359269702985,8668.29443359375
0.05,13,60C__titanium_trial_3,60C,60.0,titanium,3,7184.0359269702985,9875.949544270834
0.05,13,60C__titanium_trial_4,60C,60.0,titanium,4,7184.0359269702985,12504.473958333334
0.05,13,60C__titanium_trial_5,60C,60.0,titanium,5,7184.0359269702985,11714.067057291666
0.05,13,60C__titanium_trial_6,60C,60.0,titanium,6,7184.0359269702985,14592.619140625
0.05,14,30C__wood_trial_1,30C,30.0,wood,1,422.49260348555214,65.53775278727214
0.05,14,30C__wood_trial_2,30C,30.0,wood,2,422.49260348555214,166.04619852701822
0.05,14,30C__wood_trial_3,30C,30.0,wood,3,422.49260348555214,104.49848937988281
0.05,14,30C__wood_trial_4,30C,30.0,wood,4,422.49260348555214,86.03127034505208
0.05,14,30C__wood_trial_5,30C,30.0,wood,5,422.49260348555214,111.16993967692058
0.05,14,30C__wood_trial_6,30C,30.0,wood,6,422.49260348555214,218.97513326009116
0.05,14,40C__wood_trial_1,40C,40.0,wood,1,422.49260348555214,159.29071044921875
0.05,14,40C__wood_trial_2,40C,40.0,wood,2,422.49260348555214,175.98163350423178
0.05,14,40C__wood_trial_3,40C,40.0,wood,3,422.49260348555214,175.44190470377603
0.05,14,40C__wood_trial_4,40C,40.0,wood,4,422.49260348555214,149.97645568847656
0.05,14,40C__wood_trial_5,40C,40.0,wood,5,422.49260348555214,345.8065592447917
0.05,14,40C__wood_trial_6,40C,40.0,wood,6,422.49260348555214,244.98656209309897
0.05,14,50C__wood_trial_1,50C,50.0,wood,1,422.49260348555214,369.17298380533856
0.05,14,50C__wood_trial_2,50C,50.0,wood,2,422.49260348555214,439.8043619791667
0.05,14,50C__wood_trial_3,50C,50.0,wood,3,422.49260348555214,425.7434590657552
0.05,14,50C__wood_trial_4,50C,50.0,wood,4,422.49260348555214,382.33009847005206
0.05,14,50C__wood_trial_5,50C,50.0,wood,5,422.49260348555214,333.19288126627606
0.05,14,50C__wood_trial_6,50C,50.0,wood,6,422.49260348555214,289.41334025065106
0.05,14,60C__wood_trial_1,60C,60.0,wood,1,422.49260348555214,11183.5673828125
0.05,14,60C__wood_trial_2,60C,60.0,wood,2,422.49260348555214,4160.6455078125
0.05,14,60C__wood_trial_3,60C,60.0,wood,3,422.49260348555214,6356.307779947917
0.05,14,60C__wood_trial_4,60C,60.0,wood,4,422.49260348555214,7508.283203125
0.05,14,60C__wood_trial_5,60C,60.0,wood,5,422.49260348555214,4156.219970703125
0.05,14,60C__wood_trial_6,60C,60.0,wood,6,422.49260348555214,456.8477274576823
0.1,1,30C__aluminum_trial_1,30C,30.0,aluminum,1,23958.09466547789,18132.12890625
0.1,1,30C__aluminum_trial_2,30C,30.0,aluminum,2,23958.09466547789,17536.522786458332
0.1,1,30C__aluminum_trial_3,30C,30.0,aluminum,3,23958.09466547789,10198.540690104166
0.1,1,30C__aluminum_trial_4,30C,30.0,aluminum,4,23958.09466547789,16326.48046875
0.1,1,30C__aluminum_trial_5,30C,30.0,aluminum,5,23958.09466547789,10895.501627604166
0.1,1,30C__aluminum_trial_6,30C,30.0,aluminum,6,23958.09466547789,14524.923502604166
0.1,1,40C__aluminum_trial_1,40C,40.0,aluminum,1,23958.09466547789,22754.901692708332
0.1,1,40C__aluminum_trial_2,40C,40.0,aluminum,2,23958.09466547789,4790.008219401042
0.1,1,40C__aluminum_trial_3,40C,40.0,aluminum,3,23958.09466547789,26149.613932291668
0.1,1,40C__aluminum_trial_4,40C,40.0,aluminum,4,23958.09466547789,15213.824869791666
0.1,1,40C__aluminum_trial_5,40C,40.0,aluminum,5,23958.09466547789,10499.748372395834
0.1,1,40C__aluminum_trial_6,40C,40.0,aluminum,6,23958.09466547789,10508.404622395834
0.1,1,50C__aluminum_trial_1,50C,50.0,aluminum,1,23958.09466547789,15056.6767578125
0.1,1,50C__aluminum_trial_2,50C,50.0,aluminum,2,23958.09466547789,10617.132161458334
0.1,1,50C__aluminum_trial_3,50C,50.0,aluminum,3,23958.09466547789,13133.947265625
0.1,1,50C__aluminum_trial_4,50C,50.0,aluminum,4,23958.09466547789,17551.05078125
0.1,1,50C__aluminum_trial_5,50C,50.0,aluminum,5,23958.09466547789,11893.657877604166
0.1,1,50C__aluminum_trial_6,50C,50.0,aluminum,6,23958.09466547789,20637.91796875
0.1,1,60C__aluminum_trial_1,60C,60.0,aluminum,1,23958.09466547789,16289.126302083334
0.1,1,60C__aluminum_trial_2,60C,60.0,aluminum,2,23958.09466547789,16249.017252604166
0.1,1,60C__aluminum_trial_3,60C,60.0,aluminum,3,23958.09466547789,12648.617838541666
0.1,1,60C__aluminum_trial_4,60C,60.0,aluminum,4,23958.09466547789,21139.787760416668
0.1,1,60C__aluminum_trial_5,60C,60.0,aluminum,5,23958.09466547789,15414.8955078125
0.1,1,60C__aluminum_trial_6,60C,60.0,aluminum,6,23958.09466547789,22647.651692708332
0.1,2,30C__bismuth_trial_1,30C,30.0,bismuth,1,3209.1026783199068,7328.270833333333
0.1,2,30C__bismuth_trial_2,30C,30.0,bismuth,2,3209.1026783199068,10906.798502604166
0.1,2,30C__bismuth_trial_3,30C,30.0,bismuth,3,3209.1026783199068,4093.7080891927085
0.1,2,30C__bismuth_trial_4,30C,30.0,bismuth,4,3209.1026783199068,11320.679036458334
0.1,2,30C__bismuth_trial_5,30C,30.0,bismuth,5,3209.1026783199068,5327.344970703125
0.1,2,30C__bismuth_trial_6,30C,30.0,bismuth,6,3209.1026783199068,10439.424479166666
0.1,2,40C__bismuth_trial_1,40C,40.0,bismuth,1,3209.1026783199068,14342.685221354166
0.1,2,40C__bismuth_trial_2,40C,40.0,bismuth,2,3209.1026783199068,12155.184895833334
0.1,2,40C__bismuth_trial_3,40C,40.0,bismuth,3,3209.1026783199068,11350.568033854166
0.1,2,40C__bismuth_trial_4,40C,40.0,bismuth,4,3209.1026783199068,9754.729166666666
0.1,2,40C__bismuth_trial_5,40C,40.0,bismuth,5,3209.1026783199068,12283.129557291666
0.1,2,40C__bismuth_trial_6,40C,40.0,bismuth,6,3209.1026783199068,12507.28515625
0.1,2,50C__bismuth_trial_1,50C,50.0,bismuth,1,3209.1026783199068,11790.6123046875
0.1,2,50C__bismuth_trial_2,50C,50.0,bismuth,2,3209.1026783199068,16897.830729166668
0.1,2,50C__bismuth_trial_3,50C,50.0,bismuth,3,3209.1026783199068,19745.665364583332
0.1,2,50C__bismuth_trial_4,50C,50.0,bismuth,4,3209.1026783199068,15941.756184895834
0.1,2,50C__bismuth_trial_5,50C,50.0,bismuth,5,3209.1026783199068,14884.6279296875
0.1,2,50C__bismuth_trial_6,50C,50.0,bismuth,6,3209.1026783199068,12392.342447916666
0.1,2,60C__bismuth_trial_1,60C,60.0,bismuth,1,3209.1026783199068,13080.737955729166
0.1,2,60C__bismuth_trial_2,60C,60.0,bismuth,2,3209.1026783199068,11969.8115234375
0.1,2,60C__bismuth_trial_3,60C,60.0,bismuth,3,3209.1026783199068,13338.007486979166
0.1,2,60C__bismuth_trial_4,60C,60.0,bismuth,4,3209.1026783199068,17121.980143229168
0.1,2,60C__bismuth_trial_5,60C,60.0,bismuth,5,3209.1026783199068,10659.243815104166
0.1,2,60C__bismuth_trial_6,60C,60.0,bismuth,6,3209.1026783199068,17969.8662109375
0.1,3,30C__cement_trial_1,30C,30.0,cement,1,559.6427431853289,423.78464762369794
0.1,3,30C__cement_trial_2,30C,30.0,cement,2,559.6427431853289,441.9916585286458
0.1,3,30C__cement_trial_3,30C,30.0,cement,3,559.6427431853289,496.9348856608073
0.1,3,30C__cement_trial_4,30C,30.0,cement,4,559.6427431853289,553.4021606445312
0.1,3,30C__cement_trial_5,30C,30.0,cement,5,559.6427431853289,543.5108642578125
0.1,3,30C__cement_trial_6,30C,30.0,cement,6,559.6427431853289,543.7232564290365
0.1,3,40C__cement_trial_1,40C,40.0,cement,1,559.6427431853289,374.4403076171875
0.1,3,40C__cement_trial_2,40C,40.0,cement,2,559.6427431853289,425.4615173339844
0.1,3,40C__cement_trial_3,40C,40.0,cement,3,559.6427431853289,344.82188924153644
0.1,3,40C__cement_trial_4,40C,40.0,cement,4,559.6427431853289,638.4292195638021
0.1,3,40C__cement_trial_5,40C,40.0,cement,5,559.6427431853289,702.1373087565104
0.1,3,40C__cement_trial_6,40C,40.0,cement,6,559.6427431853289,420.18707275390625
0.1,3,50C__cement_trial_1,50C,50.0,cement,1,559.6427431853289,454.93572998046875
0.1,3,50C__cement_trial_2,50C,50.0,cement,2,559.6427431853289,361.96759033203125
0.1,3,50C__cement_trial_3,50C,50.0,cement,3,559.6427431853289,412.07777913411456
0.1,3,50C__cement_trial_4,50C,50.0,cement,4,559.6427431853289,390.28826904296875
0.1,3,50C__cement_trial_5,50C,50.0,cement,5,559.6427431853289,557.4325154622396
0.1,3,50C__cement_trial_6,50C,50.0,cement,6,559.6427431853289,611.5415445963541
0.1,3,60C__cement_trial_1,60C,60.0,cement,1,559.6427431853289,885.2662760416666
0.1,3,60C__cement_trial_2,60C,60.0,cement,2,559.6427431853289,591.5798136393229
0.1,3,60C__cement_trial_3,60C,60.0,cement,3,559.6427431853289,648.8136596679688
0.1,3,60C__cement_trial_4,60C,60.0,cement,4,559.6427431853289,505.5036214192708
0.1,3,60C__cement_trial_5,60C,60.0,cement,5,559.6427431853289,592.2091776529948
0.1,3,60C__cement_trial_6,60C,60.0,cement,6,559.6427431853289,805.5934244791666
0.1,4,30C__copper_trial_1,30C,30.0,copper,1,37192.601414797544,1296.25927734375
0.1,4,30C__copper_trial_2,30C,30.0,copper,2,37192.601414797544,17981.097005208332
0.1,4,30C__copper_trial_3,30C,30.0,copper,3,37192.601414797544,16263.230794270834
0.1,4,30C__copper_trial_4,30C,30.0,copper,4,37192.601414797544,16001.548828125
0.1,4,30C__copper_trial_5,30C,30.0,copper,5,37192.601414797544,13879.398111979166
0.1,4,30C__copper_trial_6,30C,30.0,copper,6,37192.601414797544,13629.790364583334
0.1,4,40C__copper_trial_1,40C,40.0,copper,1,37192.601414797544,13650.904296875
0.1,4,40C__copper_trial_2,40C,40.0,copper,2,37192.601414797544,14289.283528645834
0.1,4,40C__copper_trial_3,40C,40.0,copper,3,37192.601414797544,17104.84375
0.1,4,40C__copper_trial_4,40C,40.0,copper,4,37192.601414797544,11090.328125
0.1,4,40C__copper_trial_5,40C,40.0,copper,5,37192.601414797544,8886.740559895834
0.1,4,40C__copper_trial_6,40C,40.0,copper,6,37192.601414797544,9519.858723958334
0.1,4,50C__copper_trial_1,50C,50.0,copper,1,37192.601414797544,6501.360026041667
0.1,4,50C__copper_trial_2,50C,50.0,copper,2,37192.601414797544,13736.389322916666
0.1,4,50C__copper_trial_3,50C,50.0,copper,3,37192.601414797544,10260.2236328125
0.1,4,50C__copper_trial_4,50C,50.0,copper,4,37192.601414797544,9957.405598958334
0.1,4,50C__copper_trial_5,50C,50.0,copper,5,37192.601414797544,11336.082356770834
0.1,4,50C__copper_trial_6,50C,50.0,copper,6,37192.601414797544,7160.71923828125
0.1,4,60C__copper_trial_1,60C,60.0,copper,1,37192.601414797544,15127.822916666666
0.1,4,60C__copper_trial_2,60C,60.0,copper,2,37192.601414797544,20902.69921875
0.1,4,60C__copper_trial_3,60C,60.0,copper,3,37192.601414797544,15196.722005208334
0.1,4,60C__copper_trial_4,60C,60.0,copper,4,37192.601414797544,21457.947916666668
0.1,4,60C__copper_trial_5,60C,60.0,copper,5,37192.601414797544,13048.903645833334
0.1,4,60C__copper_trial_6,60C,60.0,copper,6,37192.601414797544,11905.3818359375
0.1,5,30C__cork_trial_1,30C,30.0,cork,1,136.29380029920657,128.01627604166666
0.1,5,30C__cork_trial_2,30C,30.0,cork,2,136.29380029920657,79.86305236816406
0.1,5,30C__cork_trial_3,30C,30.0,cork,3,136.29380029920657,55.74559529622396
0.1,5,30C__cork_trial_4,30C,30.0,cork,4,136.29380029920657,42.266761779785156
0.1,5,30C__cork_trial_5,30C,30.0,cork,5,136.29380029920657,59.03765106201172
0.1,5,30C__cork_trial_6,30C,30.0,cork,6,136.29380029920657,64.78374862670898
0.1,5,40C__cork_trial_1,40C,40.0,cork,1,136.29380029920657,80.00398254394531
0.1,5,40C__cork_trial_2,40C,40.0,cork,2,136.29380029920657,85.69012959798177
0.1,5,40C__cork_trial_3,40C,40.0,cork,3,136.29380029920657,95.8584213256836
0.1,5,40C__cork_trial_4,40C,40.0,cork,4,136.29380029920657,66.85154978434245
0.1,5,40C__cork_trial_5,40C,40.0,cork,5,136.29380029920657,40.50104649861654
0.1,5,40C__cork_trial_6,40C,40.0,cork,6,136.29380029920657,34.496376621320685
0.1,5,50C__cork_trial_1,50C,50.0,cork,1,136.29380029920657,480.8364969889323
0.1,5,50C__cork_trial_2,50C,50.0,cork,2,136.29380029920657,436.9932047526042
0.1,5,50C__cork_trial_3,50C,50.0,cork,3,136.29380029920657,428.6600646972656
0.1,5,50C__cork_trial_4,50C,50.0,cork,4,136.29380029920657,283.27829996744794
0.1,5,50C__cork_trial_5,50C,50.0,cork,5,136.29380029920657,459.7546793619792
0.1,5,50C__cork_trial_6,50C,50.0,cork,6,136.29380029920657,380.4096171061198
0.1,5,60C__cork_trial_1,60C,60.0,cork,1,136.29380029920657,350.79408772786456
0.1,5,60C__cork_trial_2,60C,60.0,cork,2,136.29380029920657,310.39044189453125
0.1,5,60C__cork_trial_3,60C,60.0,cork,3,136.29380029920657,292.7467854817708
0.1,5,60C__cork_trial_4,60C,60.0,cork,4,136.29380029920657,353.15479532877606
0.1,5,60C__cork_trial_5,60C,60.0,cork,5,136.29380029920657,395.9089660644531
0.1,5,60C__cork_trial_6,60C,60.0,cork,6,136.29380029920657,329.04184977213544
0.1,6,30C__graphite_trial_1,30C,30.0,graphite,1,11367.497525840945,10505.9921875
0.1,6,30C__graphite_trial_2,30C,30.0,graphite,2,11367.497525840945,3894.1324869791665
0.1,6,30C__graphite_trial_3,30C,30.0,graphite,3,11367.497525840945,2391.329305013021
0.1,6,30C__graphite_trial_4,30C,30.0,graphite,4,11367.497525840945,4295.983479817708
0.1,6,30C__graphite_trial_5,30C,30.0,graphite,5,11367.497525840945,3671.2740071614585
0.1,6,30C__graphite_trial_6,30C,30.0,graphite,6,11367.497525840945,4141.227783203125
0.1,6,40C__graphite_trial_1,40C,40.0,graphite,1,11367.497525840945,9863.9228515625
0.1,6,40C__graphite_trial_2,40C,40.0,graphite,2,11367.497525840945,8659.221516927084
0.1,6,40C__graphite_trial_3,40C,40.0,graphite,3,11367.497525840945,5065.339192708333
0.1,6,40C__graphite_trial_4,40C,40.0,graphite,4,11367.497525840945,12514.253580729166
0.1,6,40C__graphite_trial_5,40C,40.0,graphite,5,11367.497525840945,2720.0614420572915
0.1,6,40C__graphite_trial_6,40C,40.0,graphite,6,11367.497525840945,5991.673421223958
0.1,6,50C__graphite_trial_1,50C,50.0,graphite,1,11367.497525840945,17222.424479166668
0.1,6,50C__graphite_trial_2,50C,50.0,graphite,2,11367.497525840945,14314.718098958334
0.1,6,50C__graphite_trial_3,50C,50.0,graphite,3,11367.497525840945,14598.118815104166
0.1,6,50C__graphite_trial_4,50C,50.0,graphite,4,11367.497525840945,16615.209309895832
0.1,6,50C__graphite_trial_5,50C,50.0,graphite,5,11367.497525840945,7834.646484375
0.1,6,50C__graphite_trial_6,50C,50.0,graphite,6,11367.497525840945,13878.826171875
0.1,6,60C__graphite_trial_1,60C,60.0,graphite,1,11367.497525840945,10225.5068359375
0.1,6,60C__graphite_trial_2,60C,60.0,graphite,2,11367.497525840945,12686.463216145834
0.1,6,60C__graphite_trial_3,60C,60.0,graphite,3,11367.497525840945,10475.565104166666
0.1,6,60C__graphite_trial_4,60C,60.0,graphite,4,11367.497525840945,11695.270182291666
0.1,6,60C__graphite_trial_5,60C,60.0,graphite,5,11367.497525840945,8661.886555989584
0.1,6,60C__graphite_trial_6,60C,60.0,graphite,6,11367.497525840945,11143.876139322916
0.1,7,30C__gypsum_trial_1,30C,30.0,gypsum,1,385.01948002666046,254.2838389078776
0.1,7,30C__gypsum_trial_2,30C,30.0,gypsum,2,385.01948002666046,267.2228495279948
0.1,7,30C__gypsum_trial_3,30C,30.0,gypsum,3,385.01948002666046,225.6846466064453
0.1,7,30C__gypsum_trial_4,30C,30.0,gypsum,4,385.01948002666046,205.5534464518229
0.1,7,30C__gypsum_trial_5,30C,30.0,gypsum,5,385.01948002666046,247.95260620117188
0.1,7,30C__gypsum_trial_6,30C,30.0,gypsum,6,385.01948002666046,190.26921590169272
0.1,7,40C__gypsum_trial_1,40C,40.0,gypsum,1,385.01948002666046,284.1055094401042
0.1,7,40C__gypsum_trial_2,40C,40.0,gypsum,2,385.01948002666046,204.62993876139322
0.1,7,40C__gypsum_trial_3,40C,40.0,gypsum,3,385.01948002666046,190.38592529296875
0.1,7,40C__gypsum_trial_4,40C,40.0,gypsum,4,385.01948002666046,316.5726725260417
0.1,7,40C__gypsum_trial_5,40C,40.0,gypsum,5,385.01948002666046,596.0478922526041
0.1,7,40C__gypsum_trial_6,40C,40.0,gypsum,6,385.01948002666046,500.4247538248698
0.1,7,50C__gypsum_trial_1,50C,50.0,gypsum,1,385.01948002666046,704.4519653320312
0.1,7,50C__gypsum_trial_2,50C,50.0,gypsum,2,385.01948002666046,795.5120442708334
0.1,7,50C__gypsum_trial_3,50C,50.0,gypsum,3,385.01948002666046,729.3879597981771
0.1,7,50C__gypsum_trial_4,50C,50.0,gypsum,4,385.01948002666046,727.4215087890625
0.1,7,50C__gypsum_trial_5,50C,50.0,gypsum,5,385.01948002666046,705.2433878580729
0.1,7,50C__gypsum_trial_6,50C,50.0,gypsum,6,385.01948002666046,611.7015380859375
0.1,7,60C__gypsum_trial_1,60C,60.0,gypsum,1,385.01948002666046,2390.0586751302085
0.1,7,60C__gypsum_trial_2,60C,60.0,gypsum,2,385.01948002666046,1516.7421061197917
0.1,7,60C__gypsum_trial_3,60C,60.0,gypsum,3,385.01948002666046,1265.797587076823
0.1,7,60C__gypsum_trial_4,60C,60.0,gypsum,4,385.01948002666046,1957.7658284505208
0.1,7,60C__gypsum_trial_5,60C,60.0,gypsum,5,385.01948002666046,2125.008260091146
0.1,7,60C__gypsum_trial_6,60C,60.0,gypsum,6,385.01948002666046,1964.4460042317708
0.1,8,30C__iron_trial_1,30C,30.0,iron,1,16859.663413010356,11131.498372395834
0.1,8,30C__iron_trial_2,30C,30.0,iron,2,16859.663413010356,20658.467447916668
0.1,8,30C__iron_trial_3,30C,30.0,iron,3,16859.663413010356,11510.299153645834
0.1,8,30C__iron_trial_4,30C,30.0,iron,4,16859.663413010356,18535.916015625
0.1,8,30C__iron_trial_5,30C,30.0,iron,5,16859.663413010356,17520.7861328125
0.1,8,30C__iron_trial_6,30C,30.0,iron,6,16859.663413010356,12118.004231770834
0.1,8,40C__iron_trial_1,40C,40.0,iron,1,16859.663413010356,16883.515299479168
0.1,8,40C__iron_trial_2,40C,40.0,iron,2,16859.663413010356,10061.6875
0.1,8,40C__iron_trial_3,40C,40.0,iron,3,16859.663413010356,9882.357747395834
0.1,8,40C__iron_trial_4,40C,40.0,iron,4,16859.663413010356,9105.842122395834
0.1,8,40C__iron_trial_5,40C,40.0,iron,5,16859.663413010356,13439.512044270834
0.1,8,40C__iron_trial_6,40C,40.0,iron,6,16859.663413010356,11925.714518229166
0.1,8,50C__iron_trial_1,50C,50.0,iron,1,16859.663413010356,10955.347981770834
0.1,8,50C__iron_trial_2,50C,50.0,iron,2,16859.663413010356,11033.0302734375
0.1,8,50C__iron_trial_3,50C,50.0,iron,3,16859.663413010356,12693.4453125
0.1,8,50C__iron_trial_4,50C,50.0,iron,4,16859.663413010356,14332.778971354166
0.1,8,50C__iron_trial_5,50C,50.0,iron,5,16859.663413010356,16506.996419270832
0.1,8,50C__iron_trial_6,50C,50.0,iron,6,16859.663413010356,26248.382161458332
0.1,8,60C__iron_trial_1,60C,60.0,iron,1,16859.663413010356,30623.853515625
0.1,8,60C__iron_trial_2,60C,60.0,iron,2,16859.663413010356,18793.858072916668
0.1,8,60C__iron_trial_3,60C,60.0,iron,3,16859.663413010356,17222.181966145832
0.1,8,60C__iron_trial_4,60C,60.0,iron,4,16859.663413010356,16880.888671875
0.1,8,60C__iron_trial_5,60C,60.0,iron,5,16859.663413010356,21076.233072916668
0.1,8,60C__iron_trial_6,60C,60.0,iron,6,16859.663413010356,22877.659505208332
0.1,9,30C__nickel_trial_1,30C,30.0,nickel,1,19320.68449098013,9184.535807291666
0.1,9,30C__nickel_trial_2,30C,30.0,nickel,2,19320.68449098013,14003.3466796875
0.1,9,30C__nickel_trial_3,30C,30.0,nickel,3,19320.68449098013,18858.526692708332
0.1,9,30C__nickel_trial_4,30C,30.0,nickel,4,19320.68449098013,10099.7998046875
0.1,9,30C__nickel_trial_5,30C,30.0,nickel,5,19320.68449098013,20300.257161458332
0.1,9,30C__nickel_trial_6,30C,30.0,nickel,6,19320.68449098013,22250.893880208332
0.1,9,40C__nickel_trial_1,40C,40.0,nickel,1,19320.68449098013,5777.064290364583
0.1,9,40C__nickel_trial_2,40C,40.0,nickel,2,19320.68449098013,11570.338541666666
0.1,9,40C__nickel_trial_3,40C,40.0,nickel,3,19320.68449098013,16968.262044270832
0.1,9,40C__nickel_trial_4,40C,40.0,nickel,4,19320.68449098013,13769.855143229166
0.1,9,40C__nickel_trial_5,40C,40.0,nickel,5,19320.68449098013,12469.21875
0.1,9,40C__nickel_trial_6,40C,40.0,nickel,6,19320.68449098013,10174.413411458334
0.1,9,50C__nickel_trial_1,50C,50.0,nickel,1,19320.68449098013,9535.585286458334
0.1,9,50C__nickel_trial_2,50C,50.0,nickel,2,19320.68449098013,11799.20703125
0.1,9,50C__nickel_trial_3,50C,50.0,nickel,3,19320.68449098013,13456.34765625
0.1,9,50C__nickel_trial_4,50C,50.0,nickel,4,19320.68449098013,12687.74609375
0.1,9,50C__nickel_trial_5,50C,50.0,nickel,5,19320.68449098013,7391.458984375
0.1,9,50C__nickel_trial_6,50C,50.0,nickel,6,19320.68449098013,15972.2470703125
0.1,9,60C__nickel_trial_1,60C,60.0,nickel,1,19320.68449098013,10568.7529296875
0.1,9,60C__nickel_trial_2,60C,60.0,nickel,2,19320.68449098013,23211.912760416668
0.1,9,60C__nickel_trial_3,60C,60.0,nickel,3,19320.68449098013,13617.556315104166
0.1,9,60C__nickel_trial_4,60C,60.0,nickel,4,19320.68449098013,22516.406901041668
0.1,9,60C__nickel_trial_5,60C,60.0,nickel,5,19320.68449098013,19467.208984375
0.1,9,60C__nickel_trial_6,60C,60.0,nickel,6,19320.68449098013,25348.626302083332
0.1,10,30C__pdms_trial_1,30C,30.0,pdms,1,460.90129095067635,208.76284790039062
0.1,10,30C__pdms_trial_2,30C,30.0,pdms,2,460.90129095067635,78.37227630615234
0.1,10,30C__pdms_trial_3,30C,30.0,pdms,3,460.90129095067635,160.23978169759116
0.1,10,30C__pdms_trial_4,30C,30.0,pdms,4,460.90129095067635,56.60365676879883
0.1,10,30C__pdms_trial_5,30C,30.0,pdms,5,460.90129095067635,148.8647003173828
0.1,10,30C__pdms_trial_6,30C,30.0,pdms,6,460.90129095067635,87.71745300292969
0.1,10,40C__pdms_trial_1,40C,40.0,pdms,1,460.90129095067635,470.2122090657552
0.1,10,40C__pdms_trial_2,40C,40.0,pdms,2,460.90129095067635,458.40357462565106
0.1,10,40C__pdms_trial_3,40C,40.0,pdms,3,460.90129095067635,478.9084981282552
0.1,10,40C__pdms_trial_4,40C,40.0,pdms,4,460.90129095067635,377.5990397135417
0.1,10,40C__pdms_trial_5,40C,40.0,pdms,5,460.90129095067635,217.05381774902344
0.1,10,40C__pdms_trial_6,40C,40.0,pdms,6,460.90129095067635,365.0827941894531
0.1,10,50C__pdms_trial_1,50C,50.0,pdms,1,460.90129095067635,239.6859130859375
0.1,10,50C__pdms_trial_2,50C,50.0,pdms,2,460.90129095067635,155.77733357747397
0.1,10,50C__pdms_trial_3,50C,50.0,pdms,3,460.90129095067635,362.5730387369792
0.1,10,50C__pdms_trial_4,50C,50.0,pdms,4,460.90129095067635,428.3398844401042
0.1,10,50C__pdms_trial_5,50C,50.0,pdms,5,460.90129095067635,284.905517578125
0.1,10,50C__pdms_trial_6,50C,50.0,pdms,6,460.90129095067635,318.81299845377606
0.1,10,60C__pdms_trial_1,60C,60.0,pdms,1,460.90129095067635,458.3226318359375
0.1,10,60C__pdms_trial_2,60C,60.0,pdms,2,460.90129095067635,362.60723876953125
0.1,10,60C__pdms_trial_3,60C,60.0,pdms,3,460.90129095067635,386.21058146158856
0.1,10,60C__pdms_trial_4,60C,60.0,pdms,4,460.90129095067635,218.0102081298828
0.1,10,60C__pdms_trial_5,60C,60.0,pdms,5,460.90129095067635,205.11539204915366
0.1,10,60C__pdms_trial_6,60C,60.0,pdms,6,460.90129095067635,158.56578063964844
0.1,11,30C__ps_foam_trial_1,30C,30.0,ps_foam,1,34.496376621320685,362.27060953776044
0.1,11,30C__ps_foam_trial_2,30C,30.0,ps_foam,2,34.496376621320685,425.01195271809894
0.1,11,30C__ps_foam_trial_3,30C,30.0,ps_foam,3,34.496376621320685,330.0856628417969
0.1,11,30C__ps_foam_trial_4,30C,30.0,ps_foam,4,34.496376621320685,224.87352498372397
0.1,11,30C__ps_foam_trial_5,30C,30.0,ps_foam,5,34.496376621320685,196.10299682617188
0.1,11,30C__ps_foam_trial_6,30C,30.0,ps_foam,6,34.496376621320685,217.37174479166666
0.1,11,40C__ps_foam_trial_1,40C,40.0,ps_foam,1,34.496376621320685,62.953904469807945
0.1,11,40C__ps_foam_trial_2,40C,40.0,ps_foam,2,34.496376621320685,57.75459289550781
0.1,11,40C__ps_foam_trial_3,40C,40.0,ps_foam,3,34.496376621320685,59.18467585245768
0.1,11,40C__ps_foam_trial_4,40C,40.0,ps_foam,4,34.496376621320685,496.2999572753906
0.1,11,40C__ps_foam_trial_5,40C,40.0,ps_foam,5,34.496376621320685,45.79168441970169
0.1,11,40C__ps_foam_trial_6,40C,40.0,ps_foam,6,34.496376621320685,96.21727244059245
0.1,11,50C__ps_foam_trial_1,50C,50.0,ps_foam,1,34.496376621320685,68.26271947224934
0.1,11,50C__ps_foam_trial_2,50C,50.0,ps_foam,2,34.496376621320685,72.19691721598308
0.1,11,50C__ps_foam_trial_3,50C,50.0,ps_foam,3,34.496376621320685,67.46877670288086
0.1,11,50C__ps_foam_trial_4,50C,50.0,ps_foam,4,34.496376621320685,61.65634409586588
0.1,11,50C__ps_foam_trial_5,50C,50.0,ps_foam,5,34.496376621320685,82.78330993652344
0.1,11,50C__ps_foam_trial_6,50C,50.0,ps_foam,6,34.496376621320685,60.1289431254069
0.1,11,60C__ps_foam_trial_1,60C,60.0,ps_foam,1,34.496376621320685,161.82278951009116
0.1,11,60C__ps_foam_trial_2,60C,60.0,ps_foam,2,34.496376621320685,116.87530771891277
0.1,11,60C__ps_foam_trial_3,60C,60.0,ps_foam,3,34.496376621320685,133.43091583251953
0.1,11,60C__ps_foam_trial_4,60C,60.0,ps_foam,4,34.496376621320685,141.50818888346353
0.1,11,60C__ps_foam_trial_5,60C,60.0,ps_foam,5,34.496376621320685,171.96792602539062
0.1,11,60C__ps_foam_trial_6,60C,60.0,ps_foam,6,34.496376621320685,251.0014394124349
0.1,12,30C__pu_foam_trial_1,30C,30.0,pu_foam,1,42.49705872175155,89.27825419108073
0.1,12,30C__pu_foam_trial_2,30C,30.0,pu_foam,2,42.49705872175155,187.01304626464844
0.1,12,30C__pu_foam_trial_3,30C,30.0,pu_foam,3,42.49705872175155,249.1723429361979
0.1,12,30C__pu_foam_trial_4,30C,30.0,pu_foam,4,42.49705872175155,219.64083862304688
0.1,12,30C__pu_foam_trial_5,30C,30.0,pu_foam,5,42.49705872175155,269.0921936035156
0.1,12,30C__pu_foam_trial_6,30C,30.0,pu_foam,6,42.49705872175155,125.65093231201172
0.1,12,40C__pu_foam_trial_1,40C,40.0,pu_foam,1,42.49705872175155,54.703016916910805
0.1,12,40C__pu_foam_trial_2,40C,40.0,pu_foam,2,42.49705872175155,88.59225718180339
0.1,12,40C__pu_foam_trial_3,40C,40.0,pu_foam,3,42.49705872175155,122.45697275797527
0.1,12,40C__pu_foam_trial_4,40C,40.0,pu_foam,4,42.49705872175155,80.18542353312175
0.1,12,40C__pu_foam_trial_5,40C,40.0,pu_foam,5,42.49705872175155,36.60738646573319
0.1,12,40C__pu_foam_trial_6,40C,40.0,pu_foam,6,42.49705872175155,43.49663308845455
0.1,12,50C__pu_foam_trial_1,50C,50.0,pu_foam,1,42.49705872175155,78.64911651611328
0.1,12,50C__pu_foam_trial_2,50C,50.0,pu_foam,2,42.49705872175155,72.25049591064453
0.1,12,50C__pu_foam_trial_3,50C,50.0,pu_foam,3,42.49705872175155,96.19640096028645
0.1,12,50C__pu_foam_trial_4,50C,50.0,pu_foam,4,42.49705872175155,61.240350087483726
0.1,12,50C__pu_foam_trial_5,50C,50.0,pu_foam,5,42.49705872175155,87.72231547037761
0.1,12,50C__pu_foam_trial_6,50C,50.0,pu_foam,6,42.49705872175155,102.30116526285808
0.1,12,60C__pu_foam_trial_1,60C,60.0,pu_foam,1,42.49705872175155,236.9570109049479
0.1,12,60C__pu_foam_trial_2,60C,60.0,pu_foam,2,42.49705872175155,1500.015869140625
0.1,12,60C__pu_foam_trial_3,60C,60.0,pu_foam,3,42.49705872175155,244.0952911376953
0.1,12,60C__pu_foam_trial_4,60C,60.0,pu_foam,4,42.49705872175155,160.0272013346354
0.1,12,60C__pu_foam_trial_5,60C,60.0,pu_foam,5,42.49705872175155,257.21617635091144
0.1,12,60C__pu_foam_trial_6,60C,60.0,pu_foam,6,42.49705872175155,248.13021341959634
0.1,13,30C__titanium_trial_1,30C,30.0,titanium,1,7184.0359269702985,10027.800455729166
0.1,13,30C__titanium_trial_2,30C,30.0,titanium,2,7184.0359269702985,6524.017578125
0.1,13,30C__titanium_trial_3,30C,30.0,titanium,3,7184.0359269702985,7906.236002604167
0.1,13,30C__titanium_trial_4,30C,30.0,titanium,4,7184.0359269702985,7397.897786458333
0.1,13,30C__titanium_trial_5,30C,30.0,titanium,5,7184.0359269702985,13116.59375
0.1,13,30C__titanium_trial_6,30C,30.0,titanium,6,7184.0359269702985,2812.2345377604165
0.1,13,40C__titanium_trial_1,40C,40.0,titanium,1,7184.0359269702985,19059.91015625
0.1,13,40C__titanium_trial_2,40C,40.0,titanium,2,7184.0359269702985,10918.5400390625
0.1,13,40C__titanium_trial_3,40C,40.0,titanium,3,7184.0359269702985,16134.520833333334
0.1,13,40C__titanium_trial_4,40C,40.0,titanium,4,7184.0359269702985,10788.341471354166
0.1,13,40C__titanium_trial_5,40C,40.0,titanium,5,7184.0359269702985,18066.819661458332
0.1,13,40C__titanium_trial_6,40C,40.0,titanium,6,7184.0359269702985,16995.0654296875
0.1,13,50C__titanium_trial_1,50C,50.0,titanium,1,7184.0359269702985,13819.045247395834
0.1,13,50C__titanium_trial_2,50C,50.0,titanium,2,7184.0359269702985,6785.21435546875
0.1,13,50C__titanium_trial_3,50C,50.0,titanium,3,7184.0359269702985,17434.986653645832
0.1,13,50C__titanium_trial_4,50C,50.0,titanium,4,7184.0359269702985,14361.360677083334
0.1,13,50C__titanium_trial_5,50C,50.0,titanium,5,7184.0359269702985,11962.225911458334
0.1,13,50C__titanium_trial_6,50C,50.0,titanium,6,7184.0359269702985,15310.852213541666
0.1,13,60C__titanium_trial_1,60C,60.0,titanium,1,7184.0359269702985,8925.010904947916
0.1,13,60C__titanium_trial_2,60C,60.0,titanium,2,7184.0359269702985,8865.333984375
0.1,13,60C__titanium_trial_3,60C,60.0,titanium,3,7184.0359269702985,9603.137044270834
0.1,13,60C__titanium_trial_4,60C,60.0,titanium,4,7184.0359269702985,13066.376627604166
0.1,13,60C__titanium_trial_5,60C,60.0,titanium,5,7184.0359269702985,10847.806640625
0.1,13,60C__titanium_trial_6,60C,60.0,titanium,6,7184.0359269702985,13266.140625
0.1,14,30C__wood_trial_1,30C,30.0,wood,1,422.49260348555214,66.84027099609375
0.1,14,30C__wood_trial_2,30C,30.0,wood,2,422.49260348555214,177.33625284830728
0.1,14,30C__wood_trial_3,30C,30.0,wood,3,422.49260348555214,107.84822082519531
0.1,14,30C__wood_trial_4,30C,30.0,wood,4,422.49260348555214,83.43661753336589
0.1,14,30C__wood_trial_5,30C,30.0,wood,5,422.49260348555214,115.24806722005208
0.1,14,30C__wood_trial_6,30C,30.0,wood,6,422.49260348555214,221.72535705566406
0.1,14,40C__wood_trial_1,40C,40.0,wood,1,422.49260348555214,153.63324991861978
0.1,14,40C__wood_trial_2,40C,40.0,wood,2,422.49260348555214,183.88566080729166
0.1,14,40C__wood_trial_3,40C,40.0,wood,3,422.49260348555214,169.0947011311849
0.1,14,40C__wood_trial_4,40C,40.0,wood,4,422.49260348555214,144.9339396158854
0.1,14,40C__wood_trial_5,40C,40.0,wood,5,422.49260348555214,325.22801717122394
0.1,14,40C__wood_trial_6,40C,40.0,wood,6,422.49260348555214,231.2347615559896
0.1,14,50C__wood_trial_1,50C,50.0,wood,1,422.49260348555214,369.7642822265625
0.1,14,50C__wood_trial_2,50C,50.0,wood,2,422.49260348555214,436.7930399576823
0.1,14,50C__wood_trial_3,50C,50.0,wood,3,422.49260348555214,420.49656168619794
0.1,14,50C__wood_trial_4,50C,50.0,wood,4,422.49260348555214,378.7150166829427
0.1,14,50C__wood_trial_5,50C,50.0,wood,5,422.49260348555214,336.8890075683594
0.1,14,50C__wood_trial_6,50C,50.0,wood,6,422.49260348555214,276.1044057210286
0.1,14,60C__wood_trial_1,60C,60.0,wood,1,422.49260348555214,11913.1298828125
0.1,14,60C__wood_trial_2,60C,60.0,wood,2,422.49260348555214,4026.60986328125
0.1,14,60C__wood_trial_3,60C,60.0,wood,3,422.49260348555214,7015.08447265625
0.1,14,60C__wood_trial_4,60C,60.0,wood,4,422.49260348555214,7470.8623046875
0.1,14,60C__wood_trial_5,60C,60.0,wood,5,422.49260348555214,4961.338541666667
0.1,14,60C__wood_trial_6,60C,60.0,wood,6,422.49260348555214,469.81238810221356
0.25,1,30C__aluminum_trial_1,30C,30.0,aluminum,1,23958.09466547789,20674.946614583332
0.25,1,30C__aluminum_trial_2,30C,30.0,aluminum,2,23958.09466547789,19661.61328125
0.25,1,30C__aluminum_trial_3,30C,30.0,aluminum,3,23958.09466547789,10005.714518229166
0.25,1,30C__aluminum_trial_4,30C,30.0,aluminum,4,23958.09466547789,16173.753580729166
0.25,1,30C__aluminum_trial_5,30C,30.0,aluminum,5,23958.09466547789,10873.614583333334
0.25,1,30C__aluminum_trial_6,30C,30.0,aluminum,6,23958.09466547789,13746.199869791666
0.25,1,40C__aluminum_trial_1,40C,40.0,aluminum,1,23958.09466547789,24313.429036458332
0.25,1,40C__aluminum_trial_2,40C,40.0,aluminum,2,23958.09466547789,4448.983317057292
0.25,1,40C__aluminum_trial_3,40C,40.0,aluminum,3,23958.09466547789,25767.682942708332
0.25,1,40C__aluminum_trial_4,40C,40.0,aluminum,4,23958.09466547789,13911.7802734375
0.25,1,40C__aluminum_trial_5,40C,40.0,aluminum,5,23958.09466547789,10643.821940104166
0.25,1,40C__aluminum_trial_6,40C,40.0,aluminum,6,23958.09466547789,10410.950520833334
0.25,1,50C__aluminum_trial_1,50C,50.0,aluminum,1,23958.09466547789,13611.0341796875
0.25,1,50C__aluminum_trial_2,50C,50.0,aluminum,2,23958.09466547789,10001.823079427084
0.25,1,50C__aluminum_trial_3,50C,50.0,aluminum,3,23958.09466547789,12078.1962890625
0.25,1,50C__aluminum_trial_4,50C,50.0,aluminum,4,23958.09466547789,17703.420572916668
0.25,1,50C__aluminum_trial_5,50C,50.0,aluminum,5,23958.09466547789,11814.6806640625
0.25,1,50C__aluminum_trial_6,50C,50.0,aluminum,6,23958.09466547789,21024.921223958332
0.25,1,60C__aluminum_trial_1,60C,60.0,aluminum,1,23958.09466547789,17907.060872395832
0.25,1,60C__aluminum_trial_2,60C,60.0,aluminum,2,23958.09466547789,16813.2021484375
0.25,1,60C__aluminum_trial_3,60C,60.0,aluminum,3,23958.09466547789,13766.049153645834
0.25,1,60C__aluminum_trial_4,60C,60.0,aluminum,4,23958.09466547789,21854.017578125
0.25,1,60C__aluminum_trial_5,60C,60.0,aluminum,5,23958.09466547789,16000.699544270834
0.25,1,60C__aluminum_trial_6,60C,60.0,aluminum,6,23958.09466547789,21475.597005208332
0.25,2,30C__bismuth_trial_1,30C,30.0,bismuth,1,3209.1026783199068,7759.390299479167
0.25,2,30C__bismuth_trial_2,30C,30.0,bismuth,2,3209.1026783199068,11734.9716796875
0.25,2,30C__bismuth_trial_3,30C,30.0,bismuth,3,3209.1026783199068,4522.031575520833
0.25,2,30C__bismuth_trial_4,30C,30.0,bismuth,4,3209.1026783199068,11199.864583333334
0.25,2,30C__bismuth_trial_5,30C,30.0,bismuth,5,3209.1026783199068,5296.717610677083
0.25,2,30C__bismuth_trial_6,30C,30.0,bismuth,6,3209.1026783199068,10217.457356770834
0.25,2,40C__bismuth_trial_1,40C,40.0,bismuth,1,3209.1026783199068,14410.6220703125
0.25,2,40C__bismuth_trial_2,40C,40.0,bismuth,2,3209.1026783199068,12662.244791666666
0.25,2,40C__bismuth_trial_3,40C,40.0,bismuth,3,3209.1026783199068,10822.3818359375
0.25,2,40C__bismuth_trial_4,40C,40.0,bismuth,4,3209.1026783199068,10445.136393229166
0.25,2,40C__bismuth_trial_5,40C,40.0,bismuth,5,3209.1026783199068,12931.3017578125
0.25,2,40C__bismuth_trial_6,40C,40.0,bismuth,6,3209.1026783199068,12532.483723958334
0.25,2,50C__bismuth_trial_1,50C,50.0,bismuth,1,3209.1026783199068,11470.812825520834
0.25,2,50C__bismuth_trial_2,50C,50.0,bismuth,2,3209.1026783199068,17175.554036458332
0.25,2,50C__bismuth_trial_3,50C,50.0,bismuth,3,3209.1026783199068,20113.154947916668
0.25,2,50C__bismuth_trial_4,50C,50.0,bismuth,4,3209.1026783199068,15597.483072916666
0.25,2,50C__bismuth_trial_5,50C,50.0,bismuth,5,3209.1026783199068,14512.672526041666
0.25,2,50C__bismuth_trial_6,50C,50.0,bismuth,6,3209.1026783199068,11993.079427083334
0.25,2,60C__bismuth_trial_1,60C,60.0,bismuth,1,3209.1026783199068,12563.065755208334
0.25,2,60C__bismuth_trial_2,60C,60.0,bismuth,2,3209.1026783199068,11150.597005208334
0.25,2,60C__bismuth_trial_3,60C,60.0,bismuth,3,3209.1026783199068,12759.220052083334
0.25,2,60C__bismuth_trial_4,60C,60.0,bismuth,4,3209.1026783199068,17193.100260416668
0.25,2,60C__bismuth_trial_5,60C,60.0,bismuth,5,3209.1026783199068,11629.6728515625
0.25,2,60C__bismuth_trial_6,60C,60.0,bismuth,6,3209.1026783199068,18262.6298828125
0.25,3,30C__cement_trial_1,30C,30.0,cement,1,559.6427431853289,456.4257100423177
0.25,3,30C__cement_trial_2,30C,30.0,cement,2,559.6427431853289,467.79054768880206
0.25,3,30C__cement_trial_3,30C,30.0,cement,3,559.6427431853289,520.6303304036459
0.25,3,30C__cement_trial_4,30C,30.0,cement,4,559.6427431853289,570.9291178385416
0.25,3,30C__cement_trial_5,30C,30.0,cement,5,559.6427431853289,567.2249145507812
0.25,3,30C__cement_trial_6,30C,30.0,cement,6,559.6427431853289,587.62841796875
0.25,3,40C__cement_trial_1,40C,40.0,cement,1,559.6427431853289,371.1194152832031
0.25,3,40C__cement_trial_2,40C,40.0,cement,2,559.6427431853289,435.81175740559894
0.25,3,40C__cement_trial_3,40C,40.0,cement,3,559.6427431853289,338.1130777994792
0.25,3,40C__cement_trial_4,40C,40.0,cement,4,559.6427431853289,612.0182088216146
0.25,3,40C__cement_trial_5,40C,40.0,cement,5,559.6427431853289,733.5602620442709
0.25,3,40C__cement_trial_6,40C,40.0,cement,6,559.6427431853289,413.18756103515625
0.25,3,50C__cement_trial_1,50C,50.0,cement,1,559.6427431853289,401.3761901855469
0.25,3,50C__cement_trial_2,50C,50.0,cement,2,559.6427431853289,321.35121663411456
0.25,3,50C__cement_trial_3,50C,50.0,cement,3,559.6427431853289,368.2661539713542
0.25,3,50C__cement_trial_4,50C,50.0,cement,4,559.6427431853289,343.4211120605469
0.25,3,50C__cement_trial_5,50C,50.0,cement,5,559.6427431853289,546.7379150390625
0.25,3,50C__cement_trial_6,50C,50.0,cement,6,559.6427431853289,573.6731160481771
0.25,3,60C__cement_trial_1,60C,60.0,cement,1,559.6427431853289,813.9840698242188
0.25,3,60C__cement_trial_2,60C,60.0,cement,2,559.6427431853289,567.007090250651
0.25,3,60C__cement_trial_3,60C,60.0,cement,3,559.6427431853289,608.5379028320312
0.25,3,60C__cement_trial_4,60C,60.0,cement,4,559.6427431853289,506.54601033528644
0.25,3,60C__cement_trial_5,60C,60.0,cement,5,559.6427431853289,600.4676615397135
0.25,3,60C__cement_trial_6,60C,60.0,cement,6,559.6427431853289,777.696044921875
0.25,4,30C__copper_trial_1,30C,30.0,copper,1,37192.601414797544,1430.7487386067708
0.25,4,30C__copper_trial_2,30C,30.0,copper,2,37192.601414797544,18664.232421875
0.25,4,30C__copper_trial_3,30C,30.0,copper,3,37192.601414797544,15880.231770833334
0.25,4,30C__copper_trial_4,30C,30.0,copper,4,37192.601414797544,16489.412760416668
0.25,4,30C__copper_trial_5,30C,30.0,copper,5,37192.601414797544,14067.150065104166
0.25,4,30C__copper_trial_6,30C,30.0,copper,6,37192.601414797544,13815.809895833334
0.25,4,40C__copper_trial_1,40C,40.0,copper,1,37192.601414797544,12577.312174479166
0.25,4,40C__copper_trial_2,40C,40.0,copper,2,37192.601414797544,14223.2724609375
0.25,4,40C__copper_trial_3,40C,40.0,copper,3,37192.601414797544,17040.629231770832
0.25,4,40C__copper_trial_4,40C,40.0,copper,4,37192.601414797544,11162.939778645834
0.25,4,40C__copper_trial_5,40C,40.0,copper,5,37192.601414797544,8585.598307291666
0.25,4,40C__copper_trial_6,40C,40.0,copper,6,37192.601414797544,9125.162109375
0.25,4,50C__copper_trial_1,50C,50.0,copper,1,37192.601414797544,6711.540852864583
0.25,4,50C__copper_trial_2,50C,50.0,copper,2,37192.601414797544,13064.894205729166
0.25,4,50C__copper_trial_3,50C,50.0,copper,3,37192.601414797544,11273.410481770834
0.25,4,50C__copper_trial_4,50C,50.0,copper,4,37192.601414797544,10118.8544921875
0.25,4,50C__copper_trial_5,50C,50.0,copper,5,37192.601414797544,11567.777994791666
0.25,4,50C__copper_trial_6,50C,50.0,copper,6,37192.601414797544,7608.060709635417
0.25,4,60C__copper_trial_1,60C,60.0,copper,1,37192.601414797544,15708.1142578125
0.25,4,60C__copper_trial_2,60C,60.0,copper,2,37192.601414797544,20157.111328125
0.25,4,60C__copper_trial_3,60C,60.0,copper,3,37192.601414797544,14545.139322916666
0.25,4,60C__copper_trial_4,60C,60.0,copper,4,37192.601414797544,21201.841145833332
0.25,4,60C__copper_trial_5,60C,60.0,copper,5,37192.601414797544,13267.683268229166
0.25,4,60C__copper_trial_6,60C,60.0,copper,6,37192.601414797544,11213.954752604166
0.25,5,30C__cork_trial_1,30C,30.0,cork,1,136.29380029920657,141.4701131184896
0.25,5,30C__cork_trial_2,30C,30.0,cork,2,136.29380029920657,82.09850819905598
0.25,5,30C__cork_trial_3,30C,30.0,cork,3,136.29380029920657,56.833858489990234
0.25,5,30C__cork_trial_4,30C,30.0,cork,4,136.29380029920657,39.65276972452799
0.25,5,30C__cork_trial_5,30C,30.0,cork,5,136.29380029920657,55.98875172932943
0.25,5,30C__cork_trial_6,30C,30.0,cork,6,136.29380029920657,64.43003209431966
0.25,5,40C__cork_trial_1,40C,40.0,cork,1,136.29380029920657,81.48993682861328
0.25,5,40C__cork_trial_2,40C,40.0,cork,2,136.29380029920657,88.57601928710938
0.25,5,40C__cork_trial_3,40C,40.0,cork,3,136.29380029920657,95.30680592854817
0.25,5,40C__cork_trial_4,40C,40.0,cork,4,136.29380029920657,67.79471079508464
0.25,5,40C__cork_trial_5,40C,40.0,cork,5,136.29380029920657,40.363573710123696
0.25,5,40C__cork_trial_6,40C,40.0,cork,6,136.29380029920657,34.496376621320685
0.25,5,50C__cork_trial_1,50C,50.0,cork,1,136.29380029920657,477.26287841796875
0.25,5,50C__cork_trial_2,50C,50.0,cork,2,136.29380029920657,445.6953125
0.25,5,50C__cork_trial_3,50C,50.0,cork,3,136.29380029920657,425.24070231119794
0.25,5,50C__cork_trial_4,50C,50.0,cork,4,136.29380029920657,254.82747904459634
0.25,5,50C__cork_trial_5,50C,50.0,cork,5,136.29380029920657,457.5039367675781
0.25,5,50C__cork_trial_6,50C,50.0,cork,6,136.29380029920657,398.28050740559894
0.25,5,60C__cork_trial_1,60C,60.0,cork,1,136.29380029920657,376.0576578776042
0.25,5,60C__cork_trial_2,60C,60.0,cork,2,136.29380029920657,320.98321533203125
0.25,5,60C__cork_trial_3,60C,60.0,cork,3,136.29380029920657,312.6315612792969
0.25,5,60C__cork_trial_4,60C,60.0,cork,4,136.29380029920657,366.8651631673177
0.25,5,60C__cork_trial_5,60C,60.0,cork,5,136.29380029920657,402.38962809244794
0.25,5,60C__cork_trial_6,60C,60.0,cork,6,136.29380029920657,350.96604410807294
0.25,6,30C__graphite_trial_1,30C,30.0,graphite,1,11367.497525840945,10527.430989583334
0.25,6,30C__graphite_trial_2,30C,30.0,graphite,2,11367.497525840945,4196.340576171875
0.25,6,30C__graphite_trial_3,30C,30.0,graphite,3,11367.497525840945,2607.6787923177085
0.25,6,30C__graphite_trial_4,30C,30.0,graphite,4,11367.497525840945,4241.947672526042
0.25,6,30C__graphite_trial_5,30C,30.0,graphite,5,11367.497525840945,3750.7928059895835
0.25,6,30C__graphite_trial_6,30C,30.0,graphite,6,11367.497525840945,3979.186767578125
0.25,6,40C__graphite_trial_1,40C,40.0,graphite,1,11367.497525840945,10235.404947916666
0.25,6,40C__graphite_trial_2,40C,40.0,graphite,2,11367.497525840945,8747.132649739584
0.25,6,40C__graphite_trial_3,40C,40.0,graphite,3,11367.497525840945,4947.953938802083
0.25,6,40C__graphite_trial_4,40C,40.0,graphite,4,11367.497525840945,12922.834309895834
0.25,6,40C__graphite_trial_5,40C,40.0,graphite,5,11367.497525840945,2924.946533203125
0.25,6,40C__graphite_trial_6,40C,40.0,graphite,6,11367.497525840945,6700.302897135417
0.25,6,50C__graphite_trial_1,50C,50.0,graphite,1,11367.497525840945,16425.666015625
0.25,6,50C__graphite_trial_2,50C,50.0,graphite,2,11367.497525840945,13139.18115234375
0.25,6,50C__graphite_trial_3,50C,50.0,graphite,3,11367.497525840945,14608.818033854166
0.25,6,50C__graphite_trial_4,50C,50.0,graphite,4,11367.497525840945,16234.3466796875
0.25,6,50C__graphite_trial_5,50C,50.0,graphite,5,11367.497525840945,7131.675130208333
0.25,6,50C__graphite_trial_6,50C,50.0,graphite,6,11367.497525840945,11559.515625
0.25,6,60C__graphite_trial_1,60C,60.0,graphite,1,11367.497525840945,10184.4765625
0.25,6,60C__graphite_trial_2,60C,60.0,graphite,2,11367.497525840945,12421.802083333334
0.25,6,60C__graphite_trial_3,60C,60.0,graphite,3,11367.497525840945,9978.781901041666
0.25,6,60C__graphite_trial_4,60C,60.0,graphite,4,11367.497525840945,11535.465169270834
0.25,6,60C__graphite_trial_5,60C,60.0,graphite,5,11367.497525840945,9762.047200520834
0.25,6,60C__graphite_trial_6,60C,60.0,graphite,6,11367.497525840945,10713.8662109375
0.25,7,30C__gypsum_trial_1,30C,30.0,gypsum,1,385.01948002666046,241.68390401204428
0.25,7,30C__gypsum_trial_2,30C,30.0,gypsum,2,385.01948002666046,273.7381083170573
0.25,7,30C__gypsum_trial_3,30C,30.0,gypsum,3,385.01948002666046,229.5489705403646
0.25,7,30C__gypsum_trial_4,30C,30.0,gypsum,4,385.01948002666046,220.77605183919272
0.25,7,30C__gypsum_trial_5,30C,30.0,gypsum,5,385.01948002666046,254.89205423990884
0.25,7,30C__gypsum_trial_6,30C,30.0,gypsum,6,385.01948002666046,195.0730438232422
0.25,7,40C__gypsum_trial_1,40C,40.0,gypsum,1,385.01948002666046,293.3108418782552
0.25,7,40C__gypsum_trial_2,40C,40.0,gypsum,2,385.01948002666046,236.3242950439453
0.25,7,40C__gypsum_trial_3,40C,40.0,gypsum,3,385.01948002666046,210.0392608642578
0.25,7,40C__gypsum_trial_4,40C,40.0,gypsum,4,385.01948002666046,316.92828369140625
0.25,7,40C__gypsum_trial_5,40C,40.0,gypsum,5,385.01948002666046,569.8600667317709
0.25,7,40C__gypsum_trial_6,40C,40.0,gypsum,6,385.01948002666046,526.4366353352865
0.25,7,50C__gypsum_trial_1,50C,50.0,gypsum,1,385.01948002666046,724.2263997395834
0.25,7,50C__gypsum_trial_2,50C,50.0,gypsum,2,385.01948002666046,795.0649007161459
0.25,7,50C__gypsum_trial_3,50C,50.0,gypsum,3,385.01948002666046,808.2748006184896
0.25,7,50C__gypsum_trial_4,50C,50.0,gypsum,4,385.01948002666046,794.3031412760416
0.25,7,50C__gypsum_trial_5,50C,50.0,gypsum,5,385.01948002666046,758.0254720052084
0.25,7,50C__gypsum_trial_6,50C,50.0,gypsum,6,385.01948002666046,616.388916015625
0.25,7,60C__gypsum_trial_1,60C,60.0,gypsum,1,385.01948002666046,2244.9790852864585
0.25,7,60C__gypsum_trial_2,60C,60.0,gypsum,2,385.01948002666046,1319.0515543619792
0.25,7,60C__gypsum_trial_3,60C,60.0,gypsum,3,385.01948002666046,1215.910624186198
0.25,7,60C__gypsum_trial_4,60C,60.0,gypsum,4,385.01948002666046,1846.1636962890625
0.25,7,60C__gypsum_trial_5,60C,60.0,gypsum,5,385.01948002666046,2165.3834228515625
0.25,7,60C__gypsum_trial_6,60C,60.0,gypsum,6,385.01948002666046,1928.5260009765625
0.25,8,30C__iron_trial_1,30C,30.0,iron,1,16859.663413010356,10609.5029296875
0.25,8,30C__iron_trial_2,30C,30.0,iron,2,16859.663413010356,19976.279296875
0.25,8,30C__iron_trial_3,30C,30.0,iron,3,16859.663413010356,13045.1171875
0.25,8,30C__iron_trial_4,30C,30.0,iron,4,16859.663413010356,20010.158854166668
0.25,8,30C__iron_trial_5,30C,30.0,iron,5,16859.663413010356,15928.203776041666
0.25,8,30C__iron_trial_6,30C,30.0,iron,6,16859.663413010356,11954.015299479166
0.25,8,40C__iron_trial_1,40C,40.0,iron,1,16859.663413010356,16696.765950520832
0.25,8,40C__iron_trial_2,40C,40.0,iron,2,16859.663413010356,11498.1591796875
0.25,8,40C__iron_trial_3,40C,40.0,iron,3,16859.663413010356,10747.9697265625
0.25,8,40C__iron_trial_4,40C,40.0,iron,4,16859.663413010356,8401.926432291666
0.25,8,40C__iron_trial_5,40C,40.0,iron,5,16859.663413010356,13099.9619140625
0.25,8,40C__iron_trial_6,40C,40.0,iron,6,16859.663413010356,12486.428385416666
0.25,8,50C__iron_trial_1,50C,50.0,iron,1,16859.663413010356,11947.456705729166
0.25,8,50C__iron_trial_2,50C,50.0,iron,2,16859.663413010356,10293.263346354166
0.25,8,50C__iron_trial_3,50C,50.0,iron,3,16859.663413010356,13577.5263671875
0.25,8,50C__iron_trial_4,50C,50.0,iron,4,16859.663413010356,14672.202799479166
0.25,8,50C__iron_trial_5,50C,50.0,iron,5,16859.663413010356,15038.356770833334
0.25,8,50C__iron_trial_6,50C,50.0,iron,6,16859.663413010356,26625.591796875
0.25,8,60C__iron_trial_1,60C,60.0,iron,1,16859.663413010356,30724.807942708332
0.25,8,60C__iron_trial_2,60C,60.0,iron,2,16859.663413010356,17894.076822916668
0.25,8,60C__iron_trial_3,60C,60.0,iron,3,16859.663413010356,16604.951822916668
0.25,8,60C__iron_trial_4,60C,60.0,iron,4,16859.663413010356,17385.705729166668
0.25,8,60C__iron_trial_5,60C,60.0,iron,5,16859.663413010356,20421.264322916668
0.25,8,60C__iron_trial_6,60C,60.0,iron,6,16859.663413010356,20514.560546875
0.25,9,30C__nickel_trial_1,30C,30.0,nickel,1,19320.68449098013,9365.663736979166
0.25,9,30C__nickel_trial_2,30C,30.0,nickel,2,19320.68449098013,14066.058268229166
0.25,9,30C__nickel_trial_3,30C,30.0,nickel,3,19320.68449098013,19139.0
0.25,9,30C__nickel_trial_4,30C,30.0,nickel,4,19320.68449098013,9792.6435546875
0.25,9,30C__nickel_trial_5,30C,30.0,nickel,5,19320.68449098013,20301.944661458332
0.25,9,30C__nickel_trial_6,30C,30.0,nickel,6,19320.68449098013,23352.274739583332
0.25,9,40C__nickel_trial_1,40C,40.0,nickel,1,19320.68449098013,6072.3037109375
0.25,9,40C__nickel_trial_2,40C,40.0,nickel,2,19320.68449098013,11035.773763020834
0.25,9,40C__nickel_trial_3,40C,40.0,nickel,3,19320.68449098013,18750.208984375
0.25,9,40C__nickel_trial_4,40C,40.0,nickel,4,19320.68449098013,13836.047526041666
0.25,9,40C__nickel_trial_5,40C,40.0,nickel,5,19320.68449098013,11736.798502604166
0.25,9,40C__nickel_trial_6,40C,40.0,nickel,6,19320.68449098013,10530.325520833334
0.25,9,50C__nickel_trial_1,50C,50.0,nickel,1,19320.68449098013,11117.468098958334
0.25,9,50C__nickel_trial_2,50C,50.0,nickel,2,19320.68449098013,11532.6171875
0.25,9,50C__nickel_trial_3,50C,50.0,nickel,3,19320.68449098013,13491.528971354166
0.25,9,50C__nickel_trial_4,50C,50.0,nickel,4,19320.68449098013,12600.924153645834
0.25,9,50C__nickel_trial_5,50C,50.0,nickel,5,19320.68449098013,7719.11328125
0.25,9,50C__nickel_trial_6,50C,50.0,nickel,6,19320.68449098013,16671.3798828125
0.25,9,60C__nickel_trial_1,60C,60.0,nickel,1,19320.68449098013,11547.854166666666
0.25,9,60C__nickel_trial_2,60C,60.0,nickel,2,19320.68449098013,24566.513020833332
0.25,9,60C__nickel_trial_3,60C,60.0,nickel,3,19320.68449098013,13667.926106770834
0.25,9,60C__nickel_trial_4,60C,60.0,nickel,4,19320.68449098013,21048.55078125
0.25,9,60C__nickel_trial_5,60C,60.0,nickel,5,19320.68449098013,18643.263020833332
0.25,9,60C__nickel_trial_6,60C,60.0,nickel,6,19320.68449098013,26676.376953125
0.25,10,30C__pdms_trial_1,30C,30.0,pdms,1,460.90129095067635,207.99264526367188
0.25,10,30C__pdms_trial_2,30C,30.0,pdms,2,460.90129095067635,71.3851801554362
0.25,10,30C__pdms_trial_3,30C,30.0,pdms,3,460.90129095067635,160.26155598958334
0.25,10,30C__pdms_trial_4,30C,30.0,pdms,4,460.90129095067635,59.92426045735677
0.25,10,30C__pdms_trial_5,30C,30.0,pdms,5,460.90129095067635,144.84058380126953
0.25,10,30C__pdms_trial_6,30C,30.0,pdms,6,460.90129095067635,85.15906016031902
0.25,10,40C__pdms_trial_1,40C,40.0,pdms,1,460.90129095067635,433.7024332682292
0.25,10,40C__pdms_trial_2,40C,40.0,pdms,2,460.90129095067635,430.8710021972656
0.25,10,40C__pdms_trial_3,40C,40.0,pdms,3,460.90129095067635,510.24732462565106
0.25,10,40C__pdms_trial_4,40C,40.0,pdms,4,460.90129095067635,403.2832845052083
0.25,10,40C__pdms_trial_5,40C,40.0,pdms,5,460.90129095067635,219.72918192545572
0.25,10,40C__pdms_trial_6,40C,40.0,pdms,6,460.90129095067635,346.98974609375
0.25,10,50C__pdms_trial_1,50C,50.0,pdms,1,460.90129095067635,237.51508585611978
0.25,10,50C__pdms_trial_2,50C,50.0,pdms,2,460.90129095067635,158.80818684895834
0.25,10,50C__pdms_trial_3,50C,50.0,pdms,3,460.90129095067635,344.9118143717448
0.25,10,50C__pdms_trial_4,50C,50.0,pdms,4,460.90129095067635,429.63782755533856
0.25,10,50C__pdms_trial_5,50C,50.0,pdms,5,460.90129095067635,299.7278645833333
0.25,10,50C__pdms_trial_6,50C,50.0,pdms,6,460.90129095067635,286.6343994140625
0.25,10,60C__pdms_trial_1,60C,60.0,pdms,1,460.90129095067635,511.0953369140625
0.25,10,60C__pdms_trial_2,60C,60.0,pdms,2,460.90129095067635,342.0409240722656
0.25,10,60C__pdms_trial_3,60C,60.0,pdms,3,460.90129095067635,389.89939371744794
0.25,10,60C__pdms_trial_4,60C,60.0,pdms,4,460.90129095067635,206.70513916015625
0.25,10,60C__pdms_trial_5,60C,60.0,pdms,5,460.90129095067635,210.0116933186849
0.25,10,60C__pdms_trial_6,60C,60.0,pdms,6,460.90129095067635,157.47125752766928
0.25,11,30C__ps_foam_trial_1,30C,30.0,ps_foam,1,34.496376621320685,454.4306335449219
0.25,11,30C__ps_foam_trial_2,30C,30.0,ps_foam,2,34.496376621320685,575.389892578125
0.25,11,30C__ps_foam_trial_3,30C,30.0,ps_foam,3,34.496376621320685,381.3357645670573
0.25,11,30C__ps_foam_trial_4,30C,30.0,ps_foam,4,34.496376621320685,219.04993184407553
0.25,11,30C__ps_foam_trial_5,30C,30.0,ps_foam,5,34.496376621320685,196.6951141357422
0.25,11,30C__ps_foam_trial_6,30C,30.0,ps_foam,6,34.496376621320685,221.2706502278646
0.25,11,40C__ps_foam_trial_1,40C,40.0,ps_foam,1,34.496376621320685,71.16732533772786
0.25,11,40C__ps_foam_trial_2,40C,40.0,ps_foam,2,34.496376621320685,60.60696156819662
0.25,11,40C__ps_foam_trial_3,40C,40.0,ps_foam,3,34.496376621320685,64.9808235168457
0.25,11,40C__ps_foam_trial_4,40C,40.0,ps_foam,4,34.496376621320685,410.8720703125
0.25,11,40C__ps_foam_trial_5,40C,40.0,ps_foam,5,34.496376621320685,46.427322338809766
0.25,11,40C__ps_foam_trial_6,40C,40.0,ps_foam,6,34.496376621320685,90.2016092936198
0.25,11,50C__ps_foam_trial_1,50C,50.0,ps_foam,1,34.496376621320685,66.79374186197917
0.25,11,50C__ps_foam_trial_2,50C,50.0,ps_foam,2,34.496376621320685,73.20978037516277
0.25,11,50C__ps_foam_trial_3,50C,50.0,ps_foam,3,34.496376621320685,66.87176513671875
0.25,11,50C__ps_foam_trial_4,50C,50.0,ps_foam,4,34.496376621320685,64.28856786092122
0.25,11,50C__ps_foam_trial_5,50C,50.0,ps_foam,5,34.496376621320685,83.97376251220703
0.25,11,50C__ps_foam_trial_6,50C,50.0,ps_foam,6,34.496376621320685,66.31027475992839
0.25,11,60C__ps_foam_trial_1,60C,60.0,ps_foam,1,34.496376621320685,141.7254842122396
0.25,11,60C__ps_foam_trial_2,60C,60.0,ps_foam,2,34.496376621320685,112.05030822753906
0.25,11,60C__ps_foam_trial_3,60C,60.0,ps_foam,3,34.496376621320685,125.45012664794922
0.25,11,60C__ps_foam_trial_4,60C,60.0,ps_foam,4,34.496376621320685,146.15470377604166
0.25,11,60C__ps_foam_trial_5,60C,60.0,ps_foam,5,34.496376621320685,196.2754669189453
0.25,11,60C__ps_foam_trial_6,60C,60.0,ps_foam,6,34.496376621320685,232.37268575032553
0.25,12,30C__pu_foam_trial_1,30C,30.0,pu_foam,1,42.49705872175155,97.37746938069661
0.25,12,30C__pu_foam_trial_2,30C,30.0,pu_foam,2,42.49705872175155,168.22054545084634
0.25,12,30C__pu_foam_trial_3,30C,30.0,pu_foam,3,42.49705872175155,256.624994913737
0.25,12,30C__pu_foam_trial_4,30C,30.0,pu_foam,4,42.49705872175155,230.2689666748047
0.25,12,30C__pu_foam_trial_5,30C,30.0,pu_foam,5,42.49705872175155,270.0106506347656
0.25,12,30C__pu_foam_trial_6,30C,30.0,pu_foam,6,42.49705872175155,133.4059092203776
0.25,12,40C__pu_foam_trial_1,40C,40.0,pu_foam,1,42.49705872175155,65.49343490600586
0.25,12,40C__pu_foam_trial_2,40C,40.0,pu_foam,2,42.49705872175155,104.29932403564453
0.25,12,40C__pu_foam_trial_3,40C,40.0,pu_foam,3,42.49705872175155,136.18322245279947
0.25,12,40C__pu_foam_trial_4,40C,40.0,pu_foam,4,42.49705872175155,88.16192881266277
0.25,12,40C__pu_foam_trial_5,40C,40.0,pu_foam,5,42.49705872175155,40.03961690266927
0.25,12,40C__pu_foam_trial_6,40C,40.0,pu_foam,6,42.49705872175155,54.14079030354818
0.25,12,50C__pu_foam_trial_1,50C,50.0,pu_foam,1,42.49705872175155,91.13227081298828
0.25,12,50C__pu_foam_trial_2,50C,50.0,pu_foam,2,42.49705872175155,73.21895980834961
0.25,12,50C__pu_foam_trial_3,50C,50.0,pu_foam,3,42.49705872175155,103.41717020670573
0.25,12,50C__pu_foam_trial_4,50C,50.0,pu_foam,4,42.49705872175155,65.02027002970378
0.25,12,50C__pu_foam_trial_5,50C,50.0,pu_foam,5,42.49705872175155,86.88692728678386
0.25,12,50C__pu_foam_trial_6,50C,50.0,pu_foam,6,42.49705872175155,94.38001505533855
0.25,12,60C__pu_foam_trial_1,60C,60.0,pu_foam,1,42.49705872175155,234.20609029134116
0.25,12,60C__pu_foam_trial_2,60C,60.0,pu_foam,2,42.49705872175155,1209.8289184570312
0.25,12,60C__pu_foam_trial_3,60C,60.0,pu_foam,3,42.49705872175155,233.05765279134116
0.25,12,60C__pu_foam_trial_4,60C,60.0,pu_foam,4,42.49705872175155,166.56338500976562
0.25,12,60C__pu_foam_trial_5,60C,60.0,pu_foam,5,42.49705872175155,232.01693725585938
0.25,12,60C__pu_foam_trial_6,60C,60.0,pu_foam,6,42.49705872175155,245.63226826985678
0.25,13,30C__titanium_trial_1,30C,30.0,titanium,1,7184.0359269702985,10045.399739583334
0.25,13,30C__titanium_trial_2,30C,30.0,titanium,2,7184.0359269702985,6658.3359375
0.25,13,30C__titanium_trial_3,30C,30.0,titanium,3,7184.0359269702985,7199.193522135417
0.25,13,30C__titanium_trial_4,30C,30.0,titanium,4,7184.0359269702985,7382.48291015625
0.25,13,30C__titanium_trial_5,30C,30.0,titanium,5,7184.0359269702985,13122.6357421875
0.25,13,30C__titanium_trial_6,30C,30.0,titanium,6,7184.0359269702985,2457.535847981771
0.25,13,40C__titanium_trial_1,40C,40.0,titanium,1,7184.0359269702985,17913.816080729168
0.25,13,40C__titanium_trial_2,40C,40.0,titanium,2,7184.0359269702985,11782.451171875
0.25,13,40C__titanium_trial_3,40C,40.0,titanium,3,7184.0359269702985,15628.819010416666
0.25,13,40C__titanium_trial_4,40C,40.0,titanium,4,7184.0359269702985,11234.228190104166
0.25,13,40C__titanium_trial_5,40C,40.0,titanium,5,7184.0359269702985,18138.899088541668
0.25,13,40C__titanium_trial_6,40C,40.0,titanium,6,7184.0359269702985,16203.539388020834
0.25,13,50C__titanium_trial_1,50C,50.0,titanium,1,7184.0359269702985,14600.695963541666
0.25,13,50C__titanium_trial_2,50C,50.0,titanium,2,7184.0359269702985,6662.815266927083
0.25,13,50C__titanium_trial_3,50C,50.0,titanium,3,7184.0359269702985,15528.680989583334
0.25,13,50C__titanium_trial_4,50C,50.0,titanium,4,7184.0359269702985,13957.111653645834
0.25,13,50C__titanium_trial_5,50C,50.0,titanium,5,7184.0359269702985,12352.354817708334
0.25,13,50C__titanium_trial_6,50C,50.0,titanium,6,7184.0359269702985,15541.200846354166
0.25,13,60C__titanium_trial_1,60C,60.0,titanium,1,7184.0359269702985,9118.98046875
0.25,13,60C__titanium_trial_2,60C,60.0,titanium,2,7184.0359269702985,9381.794921875
0.25,13,60C__titanium_trial_3,60C,60.0,titanium,3,7184.0359269702985,10451.078450520834
0.25,13,60C__titanium_trial_4,60C,60.0,titanium,4,7184.0359269702985,12706.725911458334
0.25,13,60C__titanium_trial_5,60C,60.0,titanium,5,7184.0359269702985,11767.292317708334
0.25,13,60C__titanium_trial_6,60C,60.0,titanium,6,7184.0359269702985,14696.85546875
0.25,14,30C__wood_trial_1,30C,30.0,wood,1,422.49260348555214,57.585043589274086
0.25,14,30C__wood_trial_2,30C,30.0,wood,2,422.49260348555214,157.10828653971353
0.25,14,30C__wood_trial_3,30C,30.0,wood,3,422.49260348555214,96.46364084879558
0.25,14,30C__wood_trial_4,30C,30.0,wood,4,422.49260348555214,84.79920959472656
0.25,14,30C__wood_trial_5,30C,30.0,wood,5,422.49260348555214,111.57980855305989
0.25,14,30C__wood_trial_6,30C,30.0,wood,6,422.49260348555214,195.52559407552084
0.25,14,40C__wood_trial_1,40C,40.0,wood,1,422.49260348555214,150.7223103841146
0.25,14,40C__wood_trial_2,40C,40.0,wood,2,422.49260348555214,172.5816853841146
0.25,14,40C__wood_trial_3,40C,40.0,wood,3,422.49260348555214,184.13753763834634
0.25,14,40C__wood_trial_4,40C,40.0,wood,4,422.49260348555214,148.17431640625
0.25,14,40C__wood_trial_5,40C,40.0,wood,5,422.49260348555214,323.66619873046875
0.25,14,40C__wood_trial_6,40C,40.0,wood,6,422.49260348555214,221.07762145996094
0.25,14,50C__wood_trial_1,50C,50.0,wood,1,422.49260348555214,321.5691731770833
0.25,14,50C__wood_trial_2,50C,50.0,wood,2,422.49260348555214,386.0907389322917
0.25,14,50C__wood_trial_3,50C,50.0,wood,3,422.49260348555214,420.7126057942708
0.25,14,50C__wood_trial_4,50C,50.0,wood,4,422.49260348555214,348.9657694498698
0.25,14,50C__wood_trial_5,50C,50.0,wood,5,422.49260348555214,333.08673095703125
0.25,14,50C__wood_trial_6,50C,50.0,wood,6,422.49260348555214,253.7976531982422
0.25,14,60C__wood_trial_1,60C,60.0,wood,1,422.49260348555214,12786.748697916666
0.25,14,60C__wood_trial_2,60C,60.0,wood,2,422.49260348555214,4658.000244140625
0.25,14,60C__wood_trial_3,60C,60.0,wood,3,422.49260348555214,6639.709554036458
0.25,14,60C__wood_trial_4,60C,60.0,wood,4,422.49260348555214,7780.028157552083
0.25,14,60C__wood_trial_5,60C,60.0,wood,5,422.49260348555214,4103.490885416667
0.25,14,60C__wood_trial_6,60C,60.0,wood,6,422.49260348555214,496.83192952473956
0.5,1,30C__aluminum_trial_1,30C,30.0,aluminum,1,23958.09466547789,19666.763020833332
0.5,1,30C__aluminum_trial_2,30C,30.0,aluminum,2,23958.09466547789,18508.244791666668
0.5,1,30C__aluminum_trial_3,30C,30.0,aluminum,3,23958.09466547789,9530.86865234375
0.5,1,30C__aluminum_trial_4,30C,30.0,aluminum,4,23958.09466547789,16638.672200520832
0.5,1,30C__aluminum_trial_5,30C,30.0,aluminum,5,23958.09466547789,10983.487955729166
0.5,1,30C__aluminum_trial_6,30C,30.0,aluminum,6,23958.09466547789,14874.364583333334
0.5,1,40C__aluminum_trial_1,40C,40.0,aluminum,1,23958.09466547789,24931.4921875
0.5,1,40C__aluminum_trial_2,40C,40.0,aluminum,2,23958.09466547789,3884.7644856770835
0.5,1,40C__aluminum_trial_3,40C,40.0,aluminum,3,23958.09466547789,27405.099609375
0.5,1,40C__aluminum_trial_4,40C,40.0,aluminum,4,23958.09466547789,13408.1181640625
0.5,1,40C__aluminum_trial_5,40C,40.0,aluminum,5,23958.09466547789,9843.085286458334
0.5,1,40C__aluminum_trial_6,40C,40.0,aluminum,6,23958.09466547789,9753.068359375
0.5,1,50C__aluminum_trial_1,50C,50.0,aluminum,1,23958.09466547789,14718.2119140625
0.5,1,50C__aluminum_trial_2,50C,50.0,aluminum,2,23958.09466547789,10716.8408203125
0.5,1,50C__aluminum_trial_3,50C,50.0,aluminum,3,23958.09466547789,14264.908203125
0.5,1,50C__aluminum_trial_4,50C,50.0,aluminum,4,23958.09466547789,17969.845703125
0.5,1,50C__aluminum_trial_5,50C,50.0,aluminum,5,23958.09466547789,12426.876953125
0.5,1,50C__aluminum_trial_6,50C,50.0,aluminum,6,23958.09466547789,21511.361328125
0.5,1,60C__aluminum_trial_1,60C,60.0,aluminum,1,23958.09466547789,16645.579427083332
0.5,1,60C__aluminum_trial_2,60C,60.0,aluminum,2,23958.09466547789,16646.6533203125
0.5,1,60C__aluminum_trial_3,60C,60.0,aluminum,3,23958.09466547789,13128.174479166666
0.5,1,60C__aluminum_trial_4,60C,60.0,aluminum,4,23958.09466547789,22385.14453125
0.5,1,60C__aluminum_trial_5,60C,60.0,aluminum,5,23958.09466547789,15645.072265625
0.5,1,60C__aluminum_trial_6,60C,60.0,aluminum,6,23958.09466547789,23585.940104166668
0.5,2,30C__bismuth_trial_1,30C,30.0,bismuth,1,3209.1026783199068,7971.720052083333
0.5,2,30C__bismuth_trial_2,30C,30.0,bismuth,2,3209.1026783199068,11083.015950520834
0.5,2,30C__bismuth_trial_3,30C,30.0,bismuth,3,3209.1026783199068,4429.817952473958
0.5,2,30C__bismuth_trial_4,30C,30.0,bismuth,4,3209.1026783199068,11346.64453125
0.5,2,30C__bismuth_trial_5,30C,30.0,bismuth,5,3209.1026783199068,5130.439127604167
0.5,2,30C__bismuth_trial_6,30C,30.0,bismuth,6,3209.1026783199068,11289.7724609375
0.5,2,40C__bismuth_trial_1,40C,40.0,bismuth,1,3209.1026783199068,12958.969401041666
0.5,2,40C__bismuth_trial_2,40C,40.0,bismuth,2,3209.1026783199068,11683.438802083334
0.5,2,40C__bismuth_trial_3,40C,40.0,bismuth,3,3209.1026783199068,9042.105305989584
0.5,2,40C__bismuth_trial_4,40C,40.0,bismuth,4,3209.1026783199068,10808.121744791666
0.5,2,40C__bismuth_trial_5,40C,40.0,bismuth,5,3209.1026783199068,11889.832356770834
0.5,2,40C__bismuth_trial_6,40C,40.0,bismuth,6,3209.1026783199068,12105.307942708334
0.5,2,50C__bismuth_trial_1,50C,50.0,bismuth,1,3209.1026783199068,10976.358072916666
0.5,2,50C__bismuth_trial_2,50C,50.0,bismuth,2,3209.1026783199068,17010.08203125
0.5,2,50C__bismuth_trial_3,50C,50.0,bismuth,3,3209.1026783199068,20184.391276041668
0.5,2,50C__bismuth_trial_4,50C,50.0,bismuth,4,3209.1026783199068,15837.549153645834
0.5,2,50C__bismuth_trial_5,50C,50.0,bismuth,5,3209.1026783199068,14173.564778645834
0.5,2,50C__bismuth_trial_6,50C,50.0,bismuth,6,3209.1026783199068,11791.638346354166
0.5,2,60C__bismuth_trial_1,60C,60.0,bismuth,1,3209.1026783199068,13007.123372395834
0.5,2,60C__bismuth_trial_2,60C,60.0,bismuth,2,3209.1026783199068,11639.6826171875
0.5,2,60C__bismuth_trial_3,60C,60.0,bismuth,3,3209.1026783199068,13974.47265625
0.5,2,60C__bismuth_trial_4,60C,60.0,bismuth,4,3209.1026783199068,16990.953125
0.5,2,60C__bismuth_trial_5,60C,60.0,bismuth,5,3209.1026783199068,10188.487630208334
0.5,2,60C__bismuth_trial_6,60C,60.0,bismuth,6,3209.1026783199068,17992.864583333332
0.5,3,30C__cement_trial_1,30C,30.0,cement,1,559.6427431853289,442.7650655110677
0.5,3,30C__cement_trial_2,30C,30.0,cement,2,559.6427431853289,463.5887858072917
0.5,3,30C__cement_trial_3,30C,30.0,cement,3,559.6427431853289,523.052490234375
0.5,3,30C__cement_trial_4,30C,30.0,cement,4,559.6427431853289,561.7496948242188
0.5,3,30C__cement_trial_5,30C,30.0,cement,5,559.6427431853289,556.2688191731771
0.5,3,30C__cement_trial_6,30C,30.0,cement,6,559.6427431853289,571.3731892903646
0.5,3,40C__cement_trial_1,40C,40.0,cement,1,559.6427431853289,378.55157470703125
0.5,3,40C__cement_trial_2,40C,40.0,cement,2,559.6427431853289,425.86895751953125
0.5,3,40C__cement_trial_3,40C,40.0,cement,3,559.6427431853289,328.85242716471356
0.5,3,40C__cement_trial_4,40C,40.0,cement,4,559.6427431853289,601.0867106119791
0.5,3,40C__cement_trial_5,40C,40.0,cement,5,559.6427431853289,730.0539957682291
0.5,3,40C__cement_trial_6,40C,40.0,cement,6,559.6427431853289,450.33104451497394
0.5,3,50C__cement_trial_1,50C,50.0,cement,1,559.6427431853289,403.19736735026044
0.5,3,50C__cement_trial_2,50C,50.0,cement,2,559.6427431853289,344.09690348307294
0.5,3,50C__cement_trial_3,50C,50.0,cement,3,559.6427431853289,410.5596923828125
0.5,3,50C__cement_trial_4,50C,50.0,cement,4,559.6427431853289,355.47621663411456
0.5,3,50C__cement_trial_5,50C,50.0,cement,5,559.6427431853289,556.5478108723959
0.5,3,50C__cement_trial_6,50C,50.0,cement,6,559.6427431853289,505.6334228515625
0.5,3,60C__cement_trial_1,60C,60.0,cement,1,559.6427431853289,836.4310302734375
0.5,3,60C__cement_trial_2,60C,60.0,cement,2,559.6427431853289,620.4373881022135
0.5,3,60C__cement_trial_3,60C,60.0,cement,3,559.6427431853289,691.6930745442709
0.5,3,60C__cement_trial_4,60C,60.0,cement,4,559.6427431853289,552.2615356445312
0.5,3,60C__cement_trial_5,60C,60.0,cement,5,559.6427431853289,684.3472900390625
0.5,3,60C__cement_trial_6,60C,60.0,cement,6,559.6427431853289,788.5406290690104
0.5,4,30C__copper_trial_1,30C,30.0,copper,1,37192.601414797544,1502.984375
0.5,4,30C__copper_trial_2,30C,30.0,copper,2,37192.601414797544,18382.649739583332
0.5,4,30C__copper_trial_3,30C,30.0,copper,3,37192.601414797544,16924.1767578125
0.5,4,30C__copper_trial_4,30C,30.0,copper,4,37192.601414797544,15379.677083333334
0.5,4,30C__copper_trial_5,30C,30.0,copper,5,37192.601414797544,14440.9130859375
0.5,4,30C__copper_trial_6,30C,30.0,copper,6,37192.601414797544,14369.283203125
0.5,4,40C__copper_trial_1,40C,40.0,copper,1,37192.601414797544,14293.7314453125
0.5,4,40C__copper_trial_2,40C,40.0,copper,2,37192.601414797544,14686.058919270834
0.5,4,40C__copper_trial_3,40C,40.0,copper,3,37192.601414797544,16426.257161458332
0.5,4,40C__copper_trial_4,40C,40.0,copper,4,37192.601414797544,10300.887369791666
0.5,4,40C__copper_trial_5,40C,40.0,copper,5,37192.601414797544,7893.364420572917
0.5,4,40C__copper_trial_6,40C,40.0,copper,6,37192.601414797544,8272.00439453125
0.5,4,50C__copper_trial_1,50C,50.0,copper,1,37192.601414797544,6458.1044921875
0.5,4,50C__copper_trial_2,50C,50.0,copper,2,37192.601414797544,12408.193359375
0.5,4,50C__copper_trial_3,50C,50.0,copper,3,37192.601414797544,10033.216796875
0.5,4,50C__copper_trial_4,50C,50.0,copper,4,37192.601414797544,9761.677734375
0.5,4,50C__copper_trial_5,50C,50.0,copper,5,37192.601414797544,11800.556640625
0.5,4,50C__copper_trial_6,50C,50.0,copper,6,37192.601414797544,7845.059407552083
0.5,4,60C__copper_trial_1,60C,60.0,copper,1,37192.601414797544,15449.526041666666
0.5,4,60C__copper_trial_2,60C,60.0,copper,2,37192.601414797544,21328.031901041668
0.5,4,60C__copper_trial_3,60C,60.0,copper,3,37192.601414797544,15928.067708333334
0.5,4,60C__copper_trial_4,60C,60.0,copper,4,37192.601414797544,19835.580729166668
0.5,4,60C__copper_trial_5,60C,60.0,copper,5,37192.601414797544,15366.814127604166
0.5,4,60C__copper_trial_6,60C,60.0,copper,6,37192.601414797544,11754.833658854166
0.5,5,30C__cork_trial_1,30C,30.0,cork,1,136.29380029920657,137.01763661702475
0.5,5,30C__cork_trial_2,30C,30.0,cork,2,136.29380029920657,81.81603495279948
0.5,5,30C__cork_trial_3,30C,30.0,cork,3,136.29380029920657,61.47127787272135
0.5,5,30C__cork_trial_4,30C,30.0,cork,4,136.29380029920657,41.14456558227539
0.5,5,30C__cork_trial_5,30C,30.0,cork,5,136.29380029920657,61.869815826416016
0.5,5,30C__cork_trial_6,30C,30.0,cork,6,136.29380029920657,74.49698893229167
0.5,5,40C__cork_trial_1,40C,40.0,cork,1,136.29380029920657,82.40512593587239
0.5,5,40C__cork_trial_2,40C,40.0,cork,2,136.29380029920657,83.88560994466145
0.5,5,40C__cork_trial_3,40C,40.0,cork,3,136.29380029920657,94.62348937988281
0.5,5,40C__cork_trial_4,40C,40.0,cork,4,136.29380029920657,65.54392496744792
0.5,5,40C__cork_trial_5,40C,40.0,cork,5,136.29380029920657,42.30660502115885
0.5,5,40C__cork_trial_6,40C,40.0,cork,6,136.29380029920657,34.496376621320685
0.5,5,50C__cork_trial_1,50C,50.0,cork,1,136.29380029920657,465.6165262858073
0.5,5,50C__cork_trial_2,50C,50.0,cork,2,136.29380029920657,438.78724161783856
0.5,5,50C__cork_trial_3,50C,50.0,cork,3,136.29380029920657,408.03038533528644
0.5,5,50C__cork_trial_4,50C,50.0,cork,4,136.29380029920657,272.87901306152344
0.5,5,50C__cork_trial_5,50C,50.0,cork,5,136.29380029920657,404.2045084635417
0.5,5,50C__cork_trial_6,50C,50.0,cork,6,136.29380029920657,413.24017333984375
0.5,5,60C__cork_trial_1,60C,60.0,cork,1,136.29380029920657,364.3718973795573
0.5,5,60C__cork_trial_2,60C,60.0,cork,2,136.29380029920657,344.689697265625
0.5,5,60C__cork_trial_3,60C,60.0,cork,3,136.29380029920657,344.1925862630208
0.5,5,60C__cork_trial_4,60C,60.0,cork,4,136.29380029920657,333.9988708496094
0.5,5,60C__cork_trial_5,60C,60.0,cork,5,136.29380029920657,376.8992004394531
0.5,5,60C__cork_trial_6,60C,60.0,cork,6,136.29380029920657,329.33397420247394
0.5,6,30C__graphite_trial_1,30C,30.0,graphite,1,11367.497525840945,11005.724934895834
0.5,6,30C__graphite_trial_2,30C,30.0,graphite,2,11367.497525840945,4216.438883463542
0.5,6,30C__graphite_trial_3,30C,30.0,graphite,3,11367.497525840945,2258.9915364583335
0.5,6,30C__graphite_trial_4,30C,30.0,graphite,4,11367.497525840945,4366.350504557292
0.5,6,30C__graphite_trial_5,30C,30.0,graphite,5,11367.497525840945,4063.3121744791665
0.5,6,30C__graphite_trial_6,30C,30.0,graphite,6,11367.497525840945,4198.257568359375
0.5,6,40C__graphite_trial_1,40C,40.0,graphite,1,11367.497525840945,9781.96875
0.5,6,40C__graphite_trial_2,40C,40.0,graphite,2,11367.497525840945,9579.669108072916
0.5,6,40C__graphite_trial_3,40C,40.0,graphite,3,11367.497525840945,4475.571126302083
0.5,6,40C__graphite_trial_4,40C,40.0,graphite,4,11367.497525840945,11033.642903645834
0.5,6,40C__graphite_trial_5,40C,40.0,graphite,5,11367.497525840945,3230.6770833333335
0.5,6,40C__graphite_trial_6,40C,40.0,graphite,6,11367.497525840945,6613.425944010417
0.5,6,50C__graphite_trial_1,50C,50.0,graphite,1,11367.497525840945,18412.330078125
0.5,6,50C__graphite_trial_2,50C,50.0,graphite,2,11367.497525840945,14923.460286458334
0.5,6,50C__graphite_trial_3,50C,50.0,graphite,3,11367.497525840945,15370.543619791666
0.5,6,50C__graphite_trial_4,50C,50.0,graphite,4,11367.497525840945,19680.6279296875
0.5,6,50C__graphite_trial_5,50C,50.0,graphite,5,11367.497525840945,8293.056966145834
0.5,6,50C__graphite_trial_6,50C,50.0,graphite,6,11367.497525840945,12394.105143229166
0.5,6,60C__graphite_trial_1,60C,60.0,graphite,1,11367.497525840945,9843.3486328125
0.5,6,60C__graphite_trial_2,60C,60.0,graphite,2,11367.497525840945,12337.0087890625
0.5,6,60C__graphite_trial_3,60C,60.0,graphite,3,11367.497525840945,11109.199544270834
0.5,6,60C__graphite_trial_4,60C,60.0,graphite,4,11367.497525840945,11524.55859375
0.5,6,60C__graphite_trial_5,60C,60.0,graphite,5,11367.497525840945,8605.983072916666
0.5,6,60C__graphite_trial_6,60C,60.0,graphite,6,11367.497525840945,9065.83740234375
0.5,7,30C__gypsum_trial_1,30C,30.0,gypsum,1,385.01948002666046,247.64879353841147
0.5,7,30C__gypsum_trial_2,30C,30.0,gypsum,2,385.01948002666046,280.2200927734375
0.5,7,30C__gypsum_trial_3,30C,30.0,gypsum,3,385.01948002666046,235.5528310139974
0.5,7,30C__gypsum_trial_4,30C,30.0,gypsum,4,385.01948002666046,214.3872833251953
0.5,7,30C__gypsum_trial_5,30C,30.0,gypsum,5,385.01948002666046,250.06157430013022
0.5,7,30C__gypsum_trial_6,30C,30.0,gypsum,6,385.01948002666046,187.8150634765625
0.5,7,40C__gypsum_trial_1,40C,40.0,gypsum,1,385.01948002666046,306.5068054199219
0.5,7,40C__gypsum_trial_2,40C,40.0,gypsum,2,385.01948002666046,224.51130167643228
0.5,7,40C__gypsum_trial_3,40C,40.0,gypsum,3,385.01948002666046,211.72839864095053
0.5,7,40C__gypsum_trial_4,40C,40.0,gypsum,4,385.01948002666046,323.5839029947917
0.5,7,40C__gypsum_trial_5,40C,40.0,gypsum,5,385.01948002666046,638.402099609375
0.5,7,40C__gypsum_trial_6,40C,40.0,gypsum,6,385.01948002666046,582.559092203776
0.5,7,50C__gypsum_trial_1,50C,50.0,gypsum,1,385.01948002666046,702.4981486002604
0.5,7,50C__gypsum_trial_2,50C,50.0,gypsum,2,385.01948002666046,867.2593994140625
0.5,7,50C__gypsum_trial_3,50C,50.0,gypsum,3,385.01948002666046,860.4504597981771
0.5,7,50C__gypsum_trial_4,50C,50.0,gypsum,4,385.01948002666046,837.82861328125
0.5,7,50C__gypsum_trial_5,50C,50.0,gypsum,5,385.01948002666046,782.4075520833334
0.5,7,50C__gypsum_trial_6,50C,50.0,gypsum,6,385.01948002666046,669.0156046549479
0.5,7,60C__gypsum_trial_1,60C,60.0,gypsum,1,385.01948002666046,2540.6761067708335
0.5,7,60C__gypsum_trial_2,60C,60.0,gypsum,2,385.01948002666046,1743.9051920572917
0.5,7,60C__gypsum_trial_3,60C,60.0,gypsum,3,385.01948002666046,1142.6551513671875
0.5,7,60C__gypsum_trial_4,60C,60.0,gypsum,4,385.01948002666046,2045.4495849609375
0.5,7,60C__gypsum_trial_5,60C,60.0,gypsum,5,385.01948002666046,2393.0664876302085
0.5,7,60C__gypsum_trial_6,60C,60.0,gypsum,6,385.01948002666046,1921.6045735677083
0.5,8,30C__iron_trial_1,30C,30.0,iron,1,16859.663413010356,10455.9189453125
0.5,8,30C__iron_trial_2,30C,30.0,iron,2,16859.663413010356,20577.070963541668
0.5,8,30C__iron_trial_3,30C,30.0,iron,3,16859.663413010356,13189.011067708334
0.5,8,30C__iron_trial_4,30C,30.0,iron,4,16859.663413010356,19462.837239583332
0.5,8,30C__iron_trial_5,30C,30.0,iron,5,16859.663413010356,15707.87890625
0.5,8,30C__iron_trial_6,30C,30.0,iron,6,16859.663413010356,12419.8955078125
0.5,8,40C__iron_trial_1,40C,40.0,iron,1,16859.663413010356,18667.968098958332
0.5,8,40C__iron_trial_2,40C,40.0,iron,2,16859.663413010356,9760.889322916666
0.5,8,40C__iron_trial_3,40C,40.0,iron,3,16859.663413010356,9659.17626953125
0.5,8,40C__iron_trial_4,40C,40.0,iron,4,16859.663413010356,8335.137044270834
0.5,8,40C__iron_trial_5,40C,40.0,iron,5,16859.663413010356,15235.993815104166
0.5,8,40C__iron_trial_6,40C,40.0,iron,6,16859.663413010356,13452.948893229166
0.5,8,50C__iron_trial_1,50C,50.0,iron,1,16859.663413010356,10325.386393229166
0.5,8,50C__iron_trial_2,50C,50.0,iron,2,16859.663413010356,10695.482096354166
0.5,8,50C__iron_trial_3,50C,50.0,iron,3,16859.663413010356,13834.054036458334
0.5,8,50C__iron_trial_4,50C,50.0,iron,4,16859.663413010356,13827.169921875
0.5,8,50C__iron_trial_5,50C,50.0,iron,5,16859.663413010356,14906.8974609375
0.5,8,50C__iron_trial_6,50C,50.0,iron,6,16859.663413010356,26745.485026041668
0.5,8,60C__iron_trial_1,60C,60.0,iron,1,16859.663413010356,32699.561197916668
0.5,8,60C__iron_trial_2,60C,60.0,iron,2,16859.663413010356,19203.706380208332
0.5,8,60C__iron_trial_3,60C,60.0,iron,3,16859.663413010356,15807.27734375
0.5,8,60C__iron_trial_4,60C,60.0,iron,4,16859.663413010356,17702.201171875
0.5,8,60C__iron_trial_5,60C,60.0,iron,5,16859.663413010356,19047.354817708332
0.5,8,60C__iron_trial_6,60C,60.0,iron,6,16859.663413010356,23068.236328125
0.5,9,30C__nickel_trial_1,30C,30.0,nickel,1,19320.68449098013,8990.236979166666
0.5,9,30C__nickel_trial_2,30C,30.0,nickel,2,19320.68449098013,12557.558919270834
0.5,9,30C__nickel_trial_3,30C,30.0,nickel,3,19320.68449098013,20775.3828125
0.5,9,30C__nickel_trial_4,30C,30.0,nickel,4,19320.68449098013,9354.260904947916
0.5,9,30C__nickel_trial_5,30C,30.0,nickel,5,19320.68449098013,20133.53125
0.5,9,30C__nickel_trial_6,30C,30.0,nickel,6,19320.68449098013,24111.352213541668
0.5,9,40C__nickel_trial_1,40C,40.0,nickel,1,19320.68449098013,5787.918131510417
0.5,9,40C__nickel_trial_2,40C,40.0,nickel,2,19320.68449098013,12255.430338541666
0.5,9,40C__nickel_trial_3,40C,40.0,nickel,3,19320.68449098013,18574.546875
0.5,9,40C__nickel_trial_4,40C,40.0,nickel,4,19320.68449098013,14513.240234375
0.5,9,40C__nickel_trial_5,40C,40.0,nickel,5,19320.68449098013,11978.58984375
0.5,9,40C__nickel_trial_6,40C,40.0,nickel,6,19320.68449098013,9932.04296875
0.5,9,50C__nickel_trial_1,50C,50.0,nickel,1,19320.68449098013,10515.007486979166
0.5,9,50C__nickel_trial_2,50C,50.0,nickel,2,19320.68449098013,11095.726888020834
0.5,9,50C__nickel_trial_3,50C,50.0,nickel,3,19320.68449098013,14092.000651041666
0.5,9,50C__nickel_trial_4,50C,50.0,nickel,4,19320.68449098013,13241.552734375
0.5,9,50C__nickel_trial_5,50C,50.0,nickel,5,19320.68449098013,7300.707682291667
0.5,9,50C__nickel_trial_6,50C,50.0,nickel,6,19320.68449098013,17702.182291666668
0.5,9,60C__nickel_trial_1,60C,60.0,nickel,1,19320.68449098013,10772.642578125
0.5,9,60C__nickel_trial_2,60C,60.0,nickel,2,19320.68449098013,21721.711588541668
0.5,9,60C__nickel_trial_3,60C,60.0,nickel,3,19320.68449098013,13157.69921875
0.5,9,60C__nickel_trial_4,60C,60.0,nickel,4,19320.68449098013,21792.737630208332
0.5,9,60C__nickel_trial_5,60C,60.0,nickel,5,19320.68449098013,19027.203776041668
0.5,9,60C__nickel_trial_6,60C,60.0,nickel,6,19320.68449098013,25519.81640625
0.5,10,30C__pdms_trial_1,30C,30.0,pdms,1,460.90129095067635,198.8855438232422
0.5,10,30C__pdms_trial_2,30C,30.0,pdms,2,460.90129095067635,83.64017740885417
0.5,10,30C__pdms_trial_3,30C,30.0,pdms,3,460.90129095067635,154.55404408772787
0.5,10,30C__pdms_trial_4,30C,30.0,pdms,4,460.90129095067635,60.942511240641274
0.5,10,30C__pdms_trial_5,30C,30.0,pdms,5,460.90129095067635,141.28034845987955
0.5,10,30C__pdms_trial_6,30C,30.0,pdms,6,460.90129095067635,94.94019571940105
0.5,10,40C__pdms_trial_1,40C,40.0,pdms,1,460.90129095067635,429.9431660970052
0.5,10,40C__pdms_trial_2,40C,40.0,pdms,2,460.90129095067635,459.6697082519531
0.5,10,40C__pdms_trial_3,40C,40.0,pdms,3,460.90129095067635,488.5073750813802
0.5,10,40C__pdms_trial_4,40C,40.0,pdms,4,460.90129095067635,447.8805440266927
0.5,10,40C__pdms_trial_5,40C,40.0,pdms,5,460.90129095067635,216.41132609049478
0.5,10,40C__pdms_trial_6,40C,40.0,pdms,6,460.90129095067635,346.8244934082031
0.5,10,50C__pdms_trial_1,50C,50.0,pdms,1,460.90129095067635,274.6321309407552
0.5,10,50C__pdms_trial_2,50C,50.0,pdms,2,460.90129095067635,171.24598185221353
0.5,10,50C__pdms_trial_3,50C,50.0,pdms,3,460.90129095067635,385.22413126627606
0.5,10,50C__pdms_trial_4,50C,50.0,pdms,4,460.90129095067635,429.76666259765625
0.5,10,50C__pdms_trial_5,50C,50.0,pdms,5,460.90129095067635,312.34986368815106
0.5,10,50C__pdms_trial_6,50C,50.0,pdms,6,460.90129095067635,327.1649983723958
0.5,10,60C__pdms_trial_1,60C,60.0,pdms,1,460.90129095067635,534.3174540201823
0.5,10,60C__pdms_trial_2,60C,60.0,pdms,2,460.90129095067635,348.82262166341144
0.5,10,60C__pdms_trial_3,60C,60.0,pdms,3,460.90129095067635,383.7028299967448
0.5,10,60C__pdms_trial_4,60C,60.0,pdms,4,460.90129095067635,194.08798217773438
0.5,10,60C__pdms_trial_5,60C,60.0,pdms,5,460.90129095067635,203.83672078450522
0.5,10,60C__pdms_trial_6,60C,60.0,pdms,6,460.90129095067635,172.24522908528647
0.5,11,30C__ps_foam_trial_1,30C,30.0,ps_foam,1,34.496376621320685,438.9912516276042
0.5,11,30C__ps_foam_trial_2,30C,30.0,ps_foam,2,34.496376621320685,509.6088155110677
0.5,11,30C__ps_foam_trial_3,30C,30.0,ps_foam,3,34.496376621320685,355.12530517578125
0.5,11,30C__ps_foam_trial_4,30C,30.0,ps_foam,4,34.496376621320685,226.5065460205078
0.5,11,30C__ps_foam_trial_5,30C,30.0,ps_foam,5,34.496376621320685,183.5158437093099
0.5,11,30C__ps_foam_trial_6,30C,30.0,ps_foam,6,34.496376621320685,213.5447743733724
0.5,11,40C__ps_foam_trial_1,40C,40.0,ps_foam,1,34.496376621320685,60.596858978271484
0.5,11,40C__ps_foam_trial_2,40C,40.0,ps_foam,2,34.496376621320685,55.3894894917806
0.5,11,40C__ps_foam_trial_3,40C,40.0,ps_foam,3,34.496376621320685,58.280006408691406
0.5,11,40C__ps_foam_trial_4,40C,40.0,ps_foam,4,34.496376621320685,400.3339335123698
0.5,11,40C__ps_foam_trial_5,40C,40.0,ps_foam,5,34.496376621320685,43.54328908679921
0.5,11,40C__ps_foam_trial_6,40C,40.0,ps_foam,6,34.496376621320685,92.04272969563802
0.5,11,50C__ps_foam_trial_1,50C,50.0,ps_foam,1,34.496376621320685,58.537784576416016
0.5,11,50C__ps_foam_trial_2,50C,50.0,ps_foam,2,34.496376621320685,72.08430735270183
0.5,11,50C__ps_foam_trial_3,50C,50.0,ps_foam,3,34.496376621320685,63.780556996663414
0.5,11,50C__ps_foam_trial_4,50C,50.0,ps_foam,4,34.496376621320685,55.63089116414388
0.5,11,50C__ps_foam_trial_5,50C,50.0,ps_foam,5,34.496376621320685,80.10916137695312
0.5,11,50C__ps_foam_trial_6,50C,50.0,ps_foam,6,34.496376621320685,56.2432607014974
0.5,11,60C__ps_foam_trial_1,60C,60.0,ps_foam,1,34.496376621320685,142.27161153157553
0.5,11,60C__ps_foam_trial_2,60C,60.0,ps_foam,2,34.496376621320685,140.43104553222656
0.5,11,60C__ps_foam_trial_3,60C,60.0,ps_foam,3,34.496376621320685,138.19428253173828
0.5,11,60C__ps_foam_trial_4,60C,60.0,ps_foam,4,34.496376621320685,148.30966186523438
0.5,11,60C__ps_foam_trial_5,60C,60.0,ps_foam,5,34.496376621320685,189.23330688476562
0.5,11,60C__ps_foam_trial_6,60C,60.0,ps_foam,6,34.496376621320685,223.48848470052084
0.5,12,30C__pu_foam_trial_1,30C,30.0,pu_foam,1,42.49705872175155,103.64603169759114
0.5,12,30C__pu_foam_trial_2,30C,30.0,pu_foam,2,42.49705872175155,173.26998392740884
0.5,12,30C__pu_foam_trial_3,30C,30.0,pu_foam,3,42.49705872175155,277.892583211263
0.5,12,30C__pu_foam_trial_4,30C,30.0,pu_foam,4,42.49705872175155,253.66092427571616
0.5,12,30C__pu_foam_trial_5,30C,30.0,pu_foam,5,42.49705872175155,265.52109781901044
0.5,12,30C__pu_foam_trial_6,30C,30.0,pu_foam,6,42.49705872175155,135.47462463378906
0.5,12,40C__pu_foam_trial_1,40C,40.0,pu_foam,1,42.49705872175155,60.9421017964681
0.5,12,40C__pu_foam_trial_2,40C,40.0,pu_foam,2,42.49705872175155,106.94006601969402
0.5,12,40C__pu_foam_trial_3,40C,40.0,pu_foam,3,42.49705872175155,134.61112213134766
0.5,12,40C__pu_foam_trial_4,40C,40.0,pu_foam,4,42.49705872175155,90.63780975341797
0.5,12,40C__pu_foam_trial_5,40C,40.0,pu_foam,5,42.49705872175155,42.602760314941406
0.5,12,40C__pu_foam_trial_6,40C,40.0,pu_foam,6,42.49705872175155,49.237542470296226
0.5,12,50C__pu_foam_trial_1,50C,50.0,pu_foam,1,42.49705872175155,84.8518295288086
0.5,12,50C__pu_foam_trial_2,50C,50.0,pu_foam,2,42.49705872175155,70.67820866902669
0.5,12,50C__pu_foam_trial_3,50C,50.0,pu_foam,3,42.49705872175155,99.82698822021484
0.5,12,50C__pu_foam_trial_4,50C,50.0,pu_foam,4,42.49705872175155,71.76320393880208
0.5,12,50C__pu_foam_trial_5,50C,50.0,pu_foam,5,42.49705872175155,112.42660268147786
0.5,12,50C__pu_foam_trial_6,50C,50.0,pu_foam,6,42.49705872175155,102.24937184651692
0.5,12,60C__pu_foam_trial_1,60C,60.0,pu_foam,1,42.49705872175155,243.71986389160156
0.5,12,60C__pu_foam_trial_2,60C,60.0,pu_foam,2,42.49705872175155,1415.2965901692708
0.5,12,60C__pu_foam_trial_3,60C,60.0,pu_foam,3,42.49705872175155,226.7907918294271
0.5,12,60C__pu_foam_trial_4,60C,60.0,pu_foam,4,42.49705872175155,172.76688639322916
0.5,12,60C__pu_foam_trial_5,60C,60.0,pu_foam,5,42.49705872175155,250.94261678059897
0.5,12,60C__pu_foam_trial_6,60C,60.0,pu_foam,6,42.49705872175155,244.46394856770834
0.5,13,30C__titanium_trial_1,30C,30.0,titanium,1,7184.0359269702985,10607.486002604166
0.5,13,30C__titanium_trial_2,30C,30.0,titanium,2,7184.0359269702985,7373.664388020833
0.5,13,30C__titanium_trial_3,30C,30.0,titanium,3,7184.0359269702985,7110.29443359375
0.5,13,30C__titanium_trial_4,30C,30.0,titanium,4,7184.0359269702985,6667.639811197917
0.5,13,30C__titanium_trial_5,30C,30.0,titanium,5,7184.0359269702985,15052.970703125
0.5,13,30C__titanium_trial_6,30C,30.0,titanium,6,7184.0359269702985,2667.1778157552085
0.5,13,40C__titanium_trial_1,40C,40.0,titanium,1,7184.0359269702985,19006.309244791668
0.5,13,40C__titanium_trial_2,40C,40.0,titanium,2,7184.0359269702985,11843.777669270834
0.5,13,40C__titanium_trial_3,40C,40.0,titanium,3,7184.0359269702985,16180.755208333334
0.5,13,40C__titanium_trial_4,40C,40.0,titanium,4,7184.0359269702985,11237.128580729166
0.5,13,40C__titanium_trial_5,40C,40.0,titanium,5,7184.0359269702985,18070.275065104168
0.5,13,40C__titanium_trial_6,40C,40.0,titanium,6,7184.0359269702985,16517.64453125
0.5,13,50C__titanium_trial_1,50C,50.0,titanium,1,7184.0359269702985,14584.583658854166
0.5,13,50C__titanium_trial_2,50C,50.0,titanium,2,7184.0359269702985,7013.1650390625
0.5,13,50C__titanium_trial_3,50C,50.0,titanium,3,7184.0359269702985,15187.345377604166
0.5,13,50C__titanium_trial_4,50C,50.0,titanium,4,7184.0359269702985,13728.482747395834
0.5,13,50C__titanium_trial_5,50C,50.0,titanium,5,7184.0359269702985,12443.170247395834
0.5,13,50C__titanium_trial_6,50C,50.0,titanium,6,7184.0359269702985,14108.525390625
0.5,13,60C__titanium_trial_1,60C,60.0,titanium,1,7184.0359269702985,10310.838216145834
0.5,13,60C__titanium_trial_2,60C,60.0,titanium,2,7184.0359269702985,9989.205240885416
0.5,13,60C__titanium_trial_3,60C,60.0,titanium,3,7184.0359269702985,9799.090494791666
0.5,13,60C__titanium_trial_4,60C,60.0,titanium,4,7184.0359269702985,13174.9951171875
0.5,13,60C__titanium_trial_5,60C,60.0,titanium,5,7184.0359269702985,13379.126302083334
0.5,13,60C__titanium_trial_6,60C,60.0,titanium,6,7184.0359269702985,14480.1005859375
0.5,14,30C__wood_trial_1,30C,30.0,wood,1,422.49260348555214,58.29048156738281
0.5,14,30C__wood_trial_2,30C,30.0,wood,2,422.49260348555214,167.2334747314453
0.5,14,30C__wood_trial_3,30C,30.0,wood,3,422.49260348555214,109.43555704752605
0.5,14,30C__wood_trial_4,30C,30.0,wood,4,422.49260348555214,85.57993570963542
0.5,14,30C__wood_trial_5,30C,30.0,wood,5,422.49260348555214,116.29448699951172
0.5,14,30C__wood_trial_6,30C,30.0,wood,6,422.49260348555214,187.66441345214844
0.5,14,40C__wood_trial_1,40C,40.0,wood,1,422.49260348555214,152.8006846110026
0.5,14,40C__wood_trial_2,40C,40.0,wood,2,422.49260348555214,164.4067637125651
0.5,14,40C__wood_trial_3,40C,40.0,wood,3,422.49260348555214,179.15045674641928
0.5,14,40C__wood_trial_4,40C,40.0,wood,4,422.49260348555214,145.99437713623047
0.5,14,40C__wood_trial_5,40C,40.0,wood,5,422.49260348555214,368.6178283691406
0.5,14,40C__wood_trial_6,40C,40.0,wood,6,422.49260348555214,238.0286102294922
0.5,14,50C__wood_trial_1,50C,50.0,wood,1,422.49260348555214,307.53033447265625
0.5,14,50C__wood_trial_2,50C,50.0,wood,2,422.49260348555214,389.9298502604167
0.5,14,50C__wood_trial_3,50C,50.0,wood,3,422.49260348555214,407.10943603515625
0.5,14,50C__wood_trial_4,50C,50.0,wood,4,422.49260348555214,322.86180623372394
0.5,14,50C__wood_trial_5,50C,50.0,wood,5,422.49260348555214,322.6470438639323
0.5,14,50C__wood_trial_6,50C,50.0,wood,6,422.49260348555214,253.4386952718099
0.5,14,60C__wood_trial_1,60C,60.0,wood,1,422.49260348555214,11045.960611979166
0.5,14,60C__wood_trial_2,60C,60.0,wood,2,422.49260348555214,3898.451171875
0.5,14,60C__wood_trial_3,60C,60.0,wood,3,422.49260348555214,6858.711263020833
0.5,14,60C__wood_trial_4,60C,60.0,wood,4,422.49260348555214,7716.783610026042
0.5,14,60C__wood_trial_5,60C,60.0,wood,5,422.49260348555214,4222.1220703125
0.5,14,60C__wood_trial_6,60C,60.0,wood,6,422.49260348555214,396.5497334798177
1.0,1,30C__aluminum_trial_1,30C,30.0,aluminum,1,23958.09466547789,20413.947265625
1.0,1,30C__aluminum_trial_2,30C,30.0,aluminum,2,23958.09466547789,20188.363932291668
1.0,1,30C__aluminum_trial_3,30C,30.0,aluminum,3,23958.09466547789,10878.370768229166
1.0,1,30C__aluminum_trial_4,30C,30.0,aluminum,4,23958.09466547789,16562.287109375
1.0,1,30C__aluminum_trial_5,30C,30.0,aluminum,5,23958.09466547789,10589.971028645834
1.0,1,30C__aluminum_trial_6,30C,30.0,aluminum,6,23958.09466547789,15808.638671875
1.0,1,40C__aluminum_trial_1,40C,40.0,aluminum,1,23958.09466547789,22498.046875
1.0,1,40C__aluminum_trial_2,40C,40.0,aluminum,2,23958.09466547789,4206.053059895833
1.0,1,40C__aluminum_trial_3,40C,40.0,aluminum,3,23958.09466547789,22852.172526041668
1.0,1,40C__aluminum_trial_4,40C,40.0,aluminum,4,23958.09466547789,13934.6962890625
1.0,1,40C__aluminum_trial_5,40C,40.0,aluminum,5,23958.09466547789,10739.020182291666
1.0,1,40C__aluminum_trial_6,40C,40.0,aluminum,6,23958.09466547789,10866.920572916666
1.0,1,50C__aluminum_trial_1,50C,50.0,aluminum,1,23958.09466547789,15804.795247395834
1.0,1,50C__aluminum_trial_2,50C,50.0,aluminum,2,23958.09466547789,10590.5185546875
1.0,1,50C__aluminum_trial_3,50C,50.0,aluminum,3,23958.09466547789,15314.9931640625
1.0,1,50C__aluminum_trial_4,50C,50.0,aluminum,4,23958.09466547789,18703.597005208332
1.0,1,50C__aluminum_trial_5,50C,50.0,aluminum,5,23958.09466547789,11649.8203125
1.0,1,50C__aluminum_trial_6,50C,50.0,aluminum,6,23958.09466547789,20998.15625
1.0,1,60C__aluminum_trial_1,60C,60.0,aluminum,1,23958.09466547789,18072.526692708332
1.0,1,60C__aluminum_trial_2,60C,60.0,aluminum,2,23958.09466547789,17883.09375
1.0,1,60C__aluminum_trial_3,60C,60.0,aluminum,3,23958.09466547789,14395.649739583334
1.0,1,60C__aluminum_trial_4,60C,60.0,aluminum,4,23958.09466547789,21885.373046875
1.0,1,60C__aluminum_trial_5,60C,60.0,aluminum,5,23958.09466547789,18273.221354166668
1.0,1,60C__aluminum_trial_6,60C,60.0,aluminum,6,23958.09466547789,23049.271484375
1.0,2,30C__bismuth_trial_1,30C,30.0,bismuth,1,3209.1026783199068,7820.4013671875
1.0,2,30C__bismuth_trial_2,30C,30.0,bismuth,2,3209.1026783199068,10404.583984375
1.0,2,30C__bismuth_trial_3,30C,30.0,bismuth,3,3209.1026783199068,4473.961263020833
1.0,2,30C__bismuth_trial_4,30C,30.0,bismuth,4,3209.1026783199068,10895.480143229166
1.0,2,30C__bismuth_trial_5,30C,30.0,bismuth,5,3209.1026783199068,5097.3603515625
1.0,2,30C__bismuth_trial_6,30C,30.0,bismuth,6,3209.1026783199068,10381.326497395834
1.0,2,40C__bismuth_trial_1,40C,40.0,bismuth,1,3209.1026783199068,13958.564127604166
1.0,2,40C__bismuth_trial_2,40C,40.0,bismuth,2,3209.1026783199068,11620.705403645834
1.0,2,40C__bismuth_trial_3,40C,40.0,bismuth,3,3209.1026783199068,9518.431966145834
1.0,2,40C__bismuth_trial_4,40C,40.0,bismuth,4,3209.1026783199068,10732.971028645834
1.0,2,40C__bismuth_trial_5,40C,40.0,bismuth,5,3209.1026783199068,12079.58984375
1.0,2,40C__bismuth_trial_6,40C,40.0,bismuth,6,3209.1026783199068,11749.5
1.0,2,50C__bismuth_trial_1,50C,50.0,bismuth,1,3209.1026783199068,10036.2734375
1.0,2,50C__bismuth_trial_2,50C,50.0,bismuth,2,3209.1026783199068,15821.559244791666
1.0,2,50C__bismuth_trial_3,50C,50.0,bismuth,3,3209.1026783199068,20089.1875
1.0,2,50C__bismuth_trial_4,50C,50.0,bismuth,4,3209.1026783199068,17504.571614583332
1.0,2,50C__bismuth_trial_5,50C,50.0,bismuth,5,3209.1026783199068,13281.8818359375
1.0,2,50C__bismuth_trial_6,50C,50.0,bismuth,6,3209.1026783199068,12323.531901041666
1.0,2,60C__bismuth_trial_1,60C,60.0,bismuth,1,3209.1026783199068,12314.481119791666
1.0,2,60C__bismuth_trial_2,60C,60.0,bismuth,2,3209.1026783199068,12713.827799479166
1.0,2,60C__bismuth_trial_3,60C,60.0,bismuth,3,3209.1026783199068,14438.99609375
1.0,2,60C__bismuth_trial_4,60C,60.0,bismuth,4,3209.1026783199068,19037.770833333332
1.0,2,60C__bismuth_trial_5,60C,60.0,bismuth,5,3209.1026783199068,10040.091145833334
1.0,2,60C__bismuth_trial_6,60C,60.0,bismuth,6,3209.1026783199068,19013.402994791668
1.0,3,30C__cement_trial_1,30C,30.0,cement,1,559.6427431853289,474.42286173502606
1.0,3,30C__cement_trial_2,30C,30.0,cement,2,559.6427431853289,486.1923421223958
1.0,3,30C__cement_trial_3,30C,30.0,cement,3,559.6427431853289,557.2779541015625
1.0,3,30C__cement_trial_4,30C,30.0,cement,4,559.6427431853289,626.6301879882812
1.0,3,30C__cement_trial_5,30C,30.0,cement,5,559.6427431853289,563.7042541503906
1.0,3,30C__cement_trial_6,30C,30.0,cement,6,559.6427431853289,596.9041137695312
1.0,3,40C__cement_trial_1,40C,40.0,cement,1,559.6427431853289,407.77928670247394
1.0,3,40C__cement_trial_2,40C,40.0,cement,2,559.6427431853289,457.7455139160156
1.0,3,40C__cement_trial_3,40C,40.0,cement,3,559.6427431853289,345.0011494954427
1.0,3,40C__cement_trial_4,40C,40.0,cement,4,559.6427431853289,607.8497314453125
1.0,3,40C__cement_trial_5,40C,40.0,cement,5,559.6427431853289,721.7512410481771
1.0,3,40C__cement_trial_6,40C,40.0,cement,6,559.6427431853289,440.065185546875
1.0,3,50C__cement_trial_1,50C,50.0,cement,1,559.6427431853289,434.35231526692706
1.0,3,50C__cement_trial_2,50C,50.0,cement,2,559.6427431853289,312.02557373046875
1.0,3,50C__cement_trial_3,50C,50.0,cement,3,559.6427431853289,423.8548075358073
1.0,3,50C__cement_trial_4,50C,50.0,cement,4,559.6427431853289,347.8846435546875
1.0,3,50C__cement_trial_5,50C,50.0,cement,5,559.6427431853289,577.3975830078125
1.0,3,50C__cement_trial_6,50C,50.0,cement,6,559.6427431853289,637.1372680664062
1.0,3,60C__cement_trial_1,60C,60.0,cement,1,559.6427431853289,800.9596761067709
1.0,3,60C__cement_trial_2,60C,60.0,cement,2,559.6427431853289,811.3546956380209
1.0,3,60C__cement_trial_3,60C,60.0,cement,3,559.6427431853289,841.3163655598959
1.0,3,60C__cement_trial_4,60C,60.0,cement,4,559.6427431853289,710.506103515625
1.0,3,60C__cement_trial_5,60C,60.0,cement,5,559.6427431853289,976.0343627929688
1.0,3,60C__cement_trial_6,60C,60.0,cement,6,559.6427431853289,900.2691853841146
1.0,4,30C__copper_trial_1,30C,30.0,copper,1,37192.601414797544,1434.2923990885417
1.0,4,30C__copper_trial_2,30C,30.0,copper,2,37192.601414797544,18934.501302083332
1.0,4,30C__copper_trial_3,30C,30.0,copper,3,37192.601414797544,16769.926432291668
1.0,4,30C__copper_trial_4,30C,30.0,copper,4,37192.601414797544,17683.7265625
1.0,4,30C__copper_trial_5,30C,30.0,copper,5,37192.601414797544,14357.157877604166
1.0,4,30C__copper_trial_6,30C,30.0,copper,6,37192.601414797544,14280.892903645834
1.0,4,40C__copper_trial_1,40C,40.0,copper,1,37192.601414797544,14572.547200520834
1.0,4,40C__copper_trial_2,40C,40.0,copper,2,37192.601414797544,17560.802734375
1.0,4,40C__copper_trial_3,40C,40.0,copper,3,37192.601414797544,14643.627278645834
1.0,4,40C__copper_trial_4,40C,40.0,copper,4,37192.601414797544,9354.326822916666
1.0,4,40C__copper_trial_5,40C,40.0,copper,5,37192.601414797544,10792.326822916666
1.0,4,40C__copper_trial_6,40C,40.0,copper,6,37192.601414797544,9436.951009114584
1.0,4,50C__copper_trial_1,50C,50.0,copper,1,37192.601414797544,8029.821940104167
1.0,4,50C__copper_trial_2,50C,50.0,copper,2,37192.601414797544,13100.78515625
1.0,4,50C__copper_trial_3,50C,50.0,copper,3,37192.601414797544,12830.2841796875
1.0,4,50C__copper_trial_4,50C,50.0,copper,4,37192.601414797544,10598.906901041666
1.0,4,50C__copper_trial_5,50C,50.0,copper,5,37192.601414797544,10836.651692708334
1.0,4,50C__copper_trial_6,50C,50.0,copper,6,37192.601414797544,8990.059895833334
1.0,4,60C__copper_trial_1,60C,60.0,copper,1,37192.601414797544,16210.0107421875
1.0,4,60C__copper_trial_2,60C,60.0,copper,2,37192.601414797544,19881.389973958332
1.0,4,60C__copper_trial_3,60C,60.0,copper,3,37192.601414797544,17258.614583333332
1.0,4,60C__copper_trial_4,60C,60.0,copper,4,37192.601414797544,21191.964192708332
1.0,4,60C__copper_trial_5,60C,60.0,copper,5,37192.601414797544,16352.714192708334
1.0,4,60C__copper_trial_6,60C,60.0,copper,6,37192.601414797544,12320.614908854166
1.0,5,30C__cork_trial_1,30C,30.0,cork,1,136.29380029920657,128.66364288330078
1.0,5,30C__cork_trial_2,30C,30.0,cork,2,136.29380029920657,82.31533813476562
1.0,5,30C__cork_trial_3,30C,30.0,cork,3,136.29380029920657,54.74129740397135
1.0,5,30C__cork_trial_4,30C,30.0,cork,4,136.29380029920657,38.70627359138424
1.0,5,30C__cork_trial_5,30C,30.0,cork,5,136.29380029920657,53.31312688191732
1.0,5,30C__cork_trial_6,30C,30.0,cork,6,136.29380029920657,65.95686467488606
1.0,5,40C__cork_trial_1,40C,40.0,cork,1,136.29380029920657,85.09674326578777
1.0,5,40C__cork_trial_2,40C,40.0,cork,2,136.29380029920657,86.12435658772786
1.0,5,40C__cork_trial_3,40C,40.0,cork,3,136.29380029920657,91.93588256835938
1.0,5,40C__cork_trial_4,40C,40.0,cork,4,136.29380029920657,66.5357157389323
1.0,5,40C__cork_trial_5,40C,40.0,cork,5,136.29380029920657,40.75713857014974
1.0,5,40C__cork_trial_6,40C,40.0,cork,6,136.29380029920657,34.496376621320685
1.0,5,50C__cork_trial_1,50C,50.0,cork,1,136.29380029920657,429.9694315592448
1.0,5,50C__cork_trial_2,50C,50.0,cork,2,136.29380029920657,422.29107666015625
1.0,5,50C__cork_trial_3,50C,50.0,cork,3,136.29380029920657,394.814697265625
1.0,5,50C__cork_trial_4,50C,50.0,cork,4,136.29380029920657,252.8044230143229
1.0,5,50C__cork_trial_5,50C,50.0,cork,5,136.29380029920657,415.28664143880206
1.0,5,50C__cork_trial_6,50C,50.0,cork,6,136.29380029920657,403.4687194824219
1.0,5,60C__cork_trial_1,60C,60.0,cork,1,136.29380029920657,392.168212890625
1.0,5,60C__cork_trial_2,60C,60.0,cork,2,136.29380029920657,301.1276397705078
1.0,5,60C__cork_trial_3,60C,60.0,cork,3,136.29380029920657,302.91004435221356
1.0,5,60C__cork_trial_4,60C,60.0,cork,4,136.29380029920657,313.93129475911456
1.0,5,60C__cork_trial_5,60C,60.0,cork,5,136.29380029920657,362.5962727864583
1.0,5,60C__cork_trial_6,60C,60.0,cork,6,136.29380029920657,360.2324523925781
1.0,6,30C__graphite_trial_1,30C,30.0,graphite,1,11367.497525840945,11325.172200520834
1.0,6,30C__graphite_trial_2,30C,30.0,graphite,2,11367.497525840945,3801.2447916666665
1.0,6,30C__graphite_trial_3,30C,30.0,graphite,3,11367.497525840945,2396.2603759765625
1.0,6,30C__graphite_trial_4,30C,30.0,graphite,4,11367.497525840945,4254.584879557292
1.0,6,30C__graphite_trial_5,30C,30.0,graphite,5,11367.497525840945,4277.808837890625
1.0,6,30C__graphite_trial_6,30C,30.0,graphite,6,11367.497525840945,4022.4332682291665
1.0,6,40C__graphite_trial_1,40C,40.0,graphite,1,11367.497525840945,9215.919270833334
1.0,6,40C__graphite_trial_2,40C,40.0,graphite,2,11367.497525840945,10296.203776041666
1.0,6,40C__graphite_trial_3,40C,40.0,graphite,3,11367.497525840945,6496.590006510417
1.0,6,40C__graphite_trial_4,40C,40.0,graphite,4,11367.497525840945,10748.612955729166
1.0,6,40C__graphite_trial_5,40C,40.0,graphite,5,11367.497525840945,4661.516276041667
1.0,6,40C__graphite_trial_6,40C,40.0,graphite,6,11367.497525840945,7402.044759114583
1.0,6,50C__graphite_trial_1,50C,50.0,graphite,1,11367.497525840945,17604.853515625
1.0,6,50C__graphite_trial_2,50C,50.0,graphite,2,11367.497525840945,14192.2431640625
1.0,6,50C__graphite_trial_3,50C,50.0,graphite,3,11367.497525840945,15919.644856770834
1.0,6,50C__graphite_trial_4,50C,50.0,graphite,4,11367.497525840945,18360.5703125
1.0,6,50C__graphite_trial_5,50C,50.0,graphite,5,11367.497525840945,7277.69677734375
1.0,6,50C__graphite_trial_6,50C,50.0,graphite,6,11367.497525840945,11672.311848958334
1.0,6,60C__graphite_trial_1,60C,60.0,graphite,1,11367.497525840945,8943.15087890625
1.0,6,60C__graphite_trial_2,60C,60.0,graphite,2,11367.497525840945,13265.665690104166
1.0,6,60C__graphite_trial_3,60C,60.0,graphite,3,11367.497525840945,12054.078450520834
1.0,6,60C__graphite_trial_4,60C,60.0,graphite,4,11367.497525840945,9933.088541666666
1.0,6,60C__graphite_trial_5,60C,60.0,graphite,5,11367.497525840945,7992.642740885417
1.0,6,60C__graphite_trial_6,60C,60.0,graphite,6,11367.497525840945,10914.901204427084
1.0,7,30C__gypsum_trial_1,30C,30.0,gypsum,1,385.01948002666046,237.28438822428384
1.0,7,30C__gypsum_trial_2,30C,30.0,gypsum,2,385.01948002666046,267.6209462483724
1.0,7,30C__gypsum_trial_3,30C,30.0,gypsum,3,385.01948002666046,228.53620402018228
1.0,7,30C__gypsum_trial_4,30C,30.0,gypsum,4,385.01948002666046,203.93368530273438
1.0,7,30C__gypsum_trial_5,30C,30.0,gypsum,5,385.01948002666046,249.8295644124349
1.0,7,30C__gypsum_trial_6,30C,30.0,gypsum,6,385.01948002666046,201.26082356770834
1.0,7,40C__gypsum_trial_1,40C,40.0,gypsum,1,385.01948002666046,274.84836832682294
1.0,7,40C__gypsum_trial_2,40C,40.0,gypsum,2,385.01948002666046,229.6288604736328
1.0,7,40C__gypsum_trial_3,40C,40.0,gypsum,3,385.01948002666046,217.2642618815104
1.0,7,40C__gypsum_trial_4,40C,40.0,gypsum,4,385.01948002666046,373.27288818359375
1.0,7,40C__gypsum_trial_5,40C,40.0,gypsum,5,385.01948002666046,576.1866048177084
1.0,7,40C__gypsum_trial_6,40C,40.0,gypsum,6,385.01948002666046,461.26861572265625
1.0,7,50C__gypsum_trial_1,50C,50.0,gypsum,1,385.01948002666046,667.2461751302084
1.0,7,50C__gypsum_trial_2,50C,50.0,gypsum,2,385.01948002666046,773.5816446940104
1.0,7,50C__gypsum_trial_3,50C,50.0,gypsum,3,385.01948002666046,821.0004069010416
1.0,7,50C__gypsum_trial_4,50C,50.0,gypsum,4,385.01948002666046,837.6945597330729
1.0,7,50C__gypsum_trial_5,50C,50.0,gypsum,5,385.01948002666046,734.8807576497396
1.0,7,50C__gypsum_trial_6,50C,50.0,gypsum,6,385.01948002666046,612.109375
1.0,7,60C__gypsum_trial_1,60C,60.0,gypsum,1,385.01948002666046,2257.032023111979
1.0,7,60C__gypsum_trial_2,60C,60.0,gypsum,2,385.01948002666046,1208.1283772786458
1.0,7,60C__gypsum_trial_3,60C,60.0,gypsum,3,385.01948002666046,1154.397705078125
1.0,7,60C__gypsum_trial_4,60C,60.0,gypsum,4,385.01948002666046,1798.26318359375
1.0,7,60C__gypsum_trial_5,60C,60.0,gypsum,5,385.01948002666046,2022.2536214192708
1.0,7,60C__gypsum_trial_6,60C,60.0,gypsum,6,385.01948002666046,1795.5614827473958
1.0,8,30C__iron_trial_1,30C,30.0,iron,1,16859.663413010356,9123.69287109375
1.0,8,30C__iron_trial_2,30C,30.0,iron,2,16859.663413010356,21765.096354166668
1.0,8,30C__iron_trial_3,30C,30.0,iron,3,16859.663413010356,12675.600260416666
1.0,8,30C__iron_trial_4,30C,30.0,iron,4,16859.663413010356,20077.533854166668
1.0,8,30C__iron_trial_5,30C,30.0,iron,5,16859.663413010356,15730.817057291666
1.0,8,30C__iron_trial_6,30C,30.0,iron,6,16859.663413010356,12103.470377604166
1.0,8,40C__iron_trial_1,40C,40.0,iron,1,16859.663413010356,19601.352864583332
1.0,8,40C__iron_trial_2,40C,40.0,iron,2,16859.663413010356,10958.620930989584
1.0,8,40C__iron_trial_3,40C,40.0,iron,3,16859.663413010356,12214.057291666666
1.0,8,40C__iron_trial_4,40C,40.0,iron,4,16859.663413010356,10643.114583333334
1.0,8,40C__iron_trial_5,40C,40.0,iron,5,16859.663413010356,15251.713541666666
1.0,8,40C__iron_trial_6,40C,40.0,iron,6,16859.663413010356,13486.402018229166
1.0,8,50C__iron_trial_1,50C,50.0,iron,1,16859.663413010356,10796.4970703125
1.0,8,50C__iron_trial_2,50C,50.0,iron,2,16859.663413010356,12977.663736979166
1.0,8,50C__iron_trial_3,50C,50.0,iron,3,16859.663413010356,12835.095377604166
1.0,8,50C__iron_trial_4,50C,50.0,iron,4,16859.663413010356,15888.52734375
1.0,8,50C__iron_trial_5,50C,50.0,iron,5,16859.663413010356,14686.049153645834
1.0,8,50C__iron_trial_6,50C,50.0,iron,6,16859.663413010356,25561.112630208332
1.0,8,60C__iron_trial_1,60C,60.0,iron,1,16859.663413010356,32395.92578125
1.0,8,60C__iron_trial_2,60C,60.0,iron,2,16859.663413010356,18805.373046875
1.0,8,60C__iron_trial_3,60C,60.0,iron,3,16859.663413010356,16940.319661458332
1.0,8,60C__iron_trial_4,60C,60.0,iron,4,16859.663413010356,19356.233723958332
1.0,8,60C__iron_trial_5,60C,60.0,iron,5,16859.663413010356,22240.524739583332
1.0,8,60C__iron_trial_6,60C,60.0,iron,6,16859.663413010356,21723.101236979168
1.0,9,30C__nickel_trial_1,30C,30.0,nickel,1,19320.68449098013,12039.217122395834
1.0,9,30C__nickel_trial_2,30C,30.0,nickel,2,19320.68449098013,14402.143229166666
1.0,9,30C__nickel_trial_3,30C,30.0,nickel,3,19320.68449098013,21899.100260416668
1.0,9,30C__nickel_trial_4,30C,30.0,nickel,4,19320.68449098013,9091.646321614584
1.0,9,30C__nickel_trial_5,30C,30.0,nickel,5,19320.68449098013,20094.2021484375
1.0,9,30C__nickel_trial_6,30C,30.0,nickel,6,19320.68449098013,23736.251302083332
1.0,9,40C__nickel_trial_1,40C,40.0,nickel,1,19320.68449098013,6273.215169270833
1.0,9,40C__nickel_trial_2,40C,40.0,nickel,2,19320.68449098013,12762.897135416666
1.0,9,40C__nickel_trial_3,40C,40.0,nickel,3,19320.68449098013,19527.11328125
1.0,9,40C__nickel_trial_4,40C,40.0,nickel,4,19320.68449098013,16131.775390625
1.0,9,40C__nickel_trial_5,40C,40.0,nickel,5,19320.68449098013,12091.005859375
1.0,9,40C__nickel_trial_6,40C,40.0,nickel,6,19320.68449098013,11105.510904947916
1.0,9,50C__nickel_trial_1,50C,50.0,nickel,1,19320.68449098013,11901.6162109375
1.0,9,50C__nickel_trial_2,50C,50.0,nickel,2,19320.68449098013,12583.396484375
1.0,9,50C__nickel_trial_3,50C,50.0,nickel,3,19320.68449098013,13826.0986328125
1.0,9,50C__nickel_trial_4,50C,50.0,nickel,4,19320.68449098013,12009.327799479166
1.0,9,50C__nickel_trial_5,50C,50.0,nickel,5,19320.68449098013,7564.517415364583
1.0,9,50C__nickel_trial_6,50C,50.0,nickel,6,19320.68449098013,18517.453450520832
1.0,9,60C__nickel_trial_1,60C,60.0,nickel,1,19320.68449098013,11615.424153645834
1.0,9,60C__nickel_trial_2,60C,60.0,nickel,2,19320.68449098013,21301.7578125
1.0,9,60C__nickel_trial_3,60C,60.0,nickel,3,19320.68449098013,14807.459309895834
1.0,9,60C__nickel_trial_4,60C,60.0,nickel,4,19320.68449098013,22040.889973958332
1.0,9,60C__nickel_trial_5,60C,60.0,nickel,5,19320.68449098013,18602.572916666668
1.0,9,60C__nickel_trial_6,60C,60.0,nickel,6,19320.68449098013,24248.5390625
1.0,10,30C__pdms_trial_1,30C,30.0,pdms,1,460.90129095067635,220.1843007405599
1.0,10,30C__pdms_trial_2,30C,30.0,pdms,2,460.90129095067635,87.92508443196614
1.0,10,30C__pdms_trial_3,30C,30.0,pdms,3,460.90129095067635,186.00196329752603
1.0,10,30C__pdms_trial_4,30C,30.0,pdms,4,460.90129095067635,56.84789530436198
1.0,10,30C__pdms_trial_5,30C,30.0,pdms,5,460.90129095067635,157.83940887451172
1.0,10,30C__pdms_trial_6,30C,30.0,pdms,6,460.90129095067635,91.91293843587239
1.0,10,40C__pdms_trial_1,40C,40.0,pdms,1,460.90129095067635,423.80260213216144
1.0,10,40C__pdms_trial_2,40C,40.0,pdms,2,460.90129095067635,408.26624552408856
1.0,10,40C__pdms_trial_3,40C,40.0,pdms,3,460.90129095067635,523.3308715820312
1.0,10,40C__pdms_trial_4,40C,40.0,pdms,4,460.90129095067635,417.6983642578125
1.0,10,40C__pdms_trial_5,40C,40.0,pdms,5,460.90129095067635,227.35778299967447
1.0,10,40C__pdms_trial_6,40C,40.0,pdms,6,460.90129095067635,375.9203796386719
1.0,10,50C__pdms_trial_1,50C,50.0,pdms,1,460.90129095067635,247.39600118001303
1.0,10,50C__pdms_trial_2,50C,50.0,pdms,2,460.90129095067635,161.48853047688803
1.0,10,50C__pdms_trial_3,50C,50.0,pdms,3,460.90129095067635,394.2859802246094
1.0,10,50C__pdms_trial_4,50C,50.0,pdms,4,460.90129095067635,418.99266560872394
1.0,10,50C__pdms_trial_5,50C,50.0,pdms,5,460.90129095067635,319.3371073404948
1.0,10,50C__pdms_trial_6,50C,50.0,pdms,6,460.90129095067635,337.0302022298177
1.0,10,60C__pdms_trial_1,60C,60.0,pdms,1,460.90129095067635,435.46642049153644
1.0,10,60C__pdms_trial_2,60C,60.0,pdms,2,460.90129095067635,338.82891845703125
1.0,10,60C__pdms_trial_3,60C,60.0,pdms,3,460.90129095067635,357.8315124511719
1.0,10,60C__pdms_trial_4,60C,60.0,pdms,4,460.90129095067635,203.5101064046224
1.0,10,60C__pdms_trial_5,60C,60.0,pdms,5,460.90129095067635,210.8554433186849
1.0,10,60C__pdms_trial_6,60C,60.0,pdms,6,460.90129095067635,177.4396209716797
1.0,11,30C__ps_foam_trial_1,30C,30.0,ps_foam,1,34.496376621320685,368.45697021484375
1.0,11,30C__ps_foam_trial_2,30C,30.0,ps_foam,2,34.496376621320685,374.6734619140625
1.0,11,30C__ps_foam_trial_3,30C,30.0,ps_foam,3,34.496376621320685,330.7200012207031
1.0,11,30C__ps_foam_trial_4,30C,30.0,ps_foam,4,34.496376621320685,223.0986073811849
1.0,11,30C__ps_foam_trial_5,30C,30.0,ps_foam,5,34.496376621320685,191.2048797607422
1.0,11,30C__ps_foam_trial_6,30C,30.0,ps_foam,6,34.496376621320685,209.99575805664062
1.0,11,40C__ps_foam_trial_1,40C,40.0,ps_foam,1,34.496376621320685,59.38876978556315
1.0,11,40C__ps_foam_trial_2,40C,40.0,ps_foam,2,34.496376621320685,59.12354405721029
1.0,11,40C__ps_foam_trial_3,40C,40.0,ps_foam,3,34.496376621320685,51.37372080485026
1.0,11,40C__ps_foam_trial_4,40C,40.0,ps_foam,4,34.496376621320685,508.5359598795573
1.0,11,40C__ps_foam_trial_5,40C,40.0,ps_foam,5,34.496376621320685,43.45513656813919
1.0,11,40C__ps_foam_trial_6,40C,40.0,ps_foam,6,34.496376621320685,104.06361389160156
1.0,11,50C__ps_foam_trial_1,50C,50.0,ps_foam,1,34.496376621320685,66.61921564737956
1.0,11,50C__ps_foam_trial_2,50C,50.0,ps_foam,2,34.496376621320685,76.79761250813802
1.0,11,50C__ps_foam_trial_3,50C,50.0,ps_foam,3,34.496376621320685,62.586849212646484
1.0,11,50C__ps_foam_trial_4,50C,50.0,ps_foam,4,34.496376621320685,56.46813456217448
1.0,11,50C__ps_foam_trial_5,50C,50.0,ps_foam,5,34.496376621320685,78.30782063802083
1.0,11,50C__ps_foam_trial_6,50C,50.0,ps_foam,6,34.496376621320685,68.12275950113933
1.0,11,60C__ps_foam_trial_1,60C,60.0,ps_foam,1,34.496376621320685,156.07562764485678
1.0,11,60C__ps_foam_trial_2,60C,60.0,ps_foam,2,34.496376621320685,143.14742024739584
1.0,11,60C__ps_foam_trial_3,60C,60.0,ps_foam,3,34.496376621320685,150.0776621500651
1.0,11,60C__ps_foam_trial_4,60C,60.0,ps_foam,4,34.496376621320685,147.75507609049478
1.0,11,60C__ps_foam_trial_5,60C,60.0,ps_foam,5,34.496376621320685,191.38308715820312
1.0,11,60C__ps_foam_trial_6,60C,60.0,ps_foam,6,34.496376621320685,256.3112538655599
1.0,12,30C__pu_foam_trial_1,30C,30.0,pu_foam,1,42.49705872175155,103.06632995605469
1.0,12,30C__pu_foam_trial_2,30C,30.0,pu_foam,2,42.49705872175155,149.44634246826172
1.0,12,30C__pu_foam_trial_3,30C,30.0,pu_foam,3,42.49705872175155,259.6551106770833
1.0,12,30C__pu_foam_trial_4,30C,30.0,pu_foam,4,42.49705872175155,204.94660441080728
1.0,12,30C__pu_foam_trial_5,30C,30.0,pu_foam,5,42.49705872175155,262.85638936360675
1.0,12,30C__pu_foam_trial_6,30C,30.0,pu_foam,6,42.49705872175155,154.3358408610026
1.0,12,40C__pu_foam_trial_1,40C,40.0,pu_foam,1,42.49705872175155,47.11579132080078
1.0,12,40C__pu_foam_trial_2,40C,40.0,pu_foam,2,42.49705872175155,105.75442759195964
1.0,12,40C__pu_foam_trial_3,40C,40.0,pu_foam,3,42.49705872175155,133.2367731730143
1.0,12,40C__pu_foam_trial_4,40C,40.0,pu_foam,4,42.49705872175155,71.28952407836914
1.0,12,40C__pu_foam_trial_5,40C,40.0,pu_foam,5,42.49705872175155,41.17741012573242
1.0,12,40C__pu_foam_trial_6,40C,40.0,pu_foam,6,42.49705872175155,49.825992584228516
1.0,12,50C__pu_foam_trial_1,50C,50.0,pu_foam,1,42.49705872175155,85.44943745930989
1.0,12,50C__pu_foam_trial_2,50C,50.0,pu_foam,2,42.49705872175155,71.24620819091797
1.0,12,50C__pu_foam_trial_3,50C,50.0,pu_foam,3,42.49705872175155,98.40231323242188
1.0,12,50C__pu_foam_trial_4,50C,50.0,pu_foam,4,42.49705872175155,70.11397806803386
1.0,12,50C__pu_foam_trial_5,50C,50.0,pu_foam,5,42.49705872175155,102.78435770670573
1.0,12,50C__pu_foam_trial_6,50C,50.0,pu_foam,6,42.49705872175155,89.98038228352864
1.0,12,60C__pu_foam_trial_1,60C,60.0,pu_foam,1,42.49705872175155,212.26770528157553
1.0,12,60C__pu_foam_trial_2,60C,60.0,pu_foam,2,42.49705872175155,1205.7017822265625
1.0,12,60C__pu_foam_trial_3,60C,60.0,pu_foam,3,42.49705872175155,229.54230753580728
1.0,12,60C__pu_foam_trial_4,60C,60.0,pu_foam,4,42.49705872175155,182.33416239420572
1.0,12,60C__pu_foam_trial_5,60C,60.0,pu_foam,5,42.49705872175155,260.27126057942706
1.0,12,60C__pu_foam_trial_6,60C,60.0,pu_foam,6,42.49705872175155,268.7827504475911
1.0,13,30C__titanium_trial_1,30C,30.0,titanium,1,7184.0359269702985,11871.541666666666
1.0,13,30C__titanium_trial_2,30C,30.0,titanium,2,7184.0359269702985,6751.28271484375
1.0,13,30C__titanium_trial_3,30C,30.0,titanium,3,7184.0359269702985,7676.198567708333
1.0,13,30C__titanium_trial_4,30C,30.0,titanium,4,7184.0359269702985,7774.327799479167
1.0,13,30C__titanium_trial_5,30C,30.0,titanium,5,7184.0359269702985,12525.56640625
1.0,13,30C__titanium_trial_6,30C,30.0,titanium,6,7184.0359269702985,2878.355428059896
1.0,13,40C__titanium_trial_1,40C,40.0,titanium,1,7184.0359269702985,16299.055338541666
1.0,13,40C__titanium_trial_2,40C,40.0,titanium,2,7184.0359269702985,11136.516276041666
1.0,13,40C__titanium_trial_3,40C,40.0,titanium,3,7184.0359269702985,13988.8251953125
1.0,13,40C__titanium_trial_4,40C,40.0,titanium,4,7184.0359269702985,9827.727213541666
1.0,13,40C__titanium_trial_5,40C,40.0,titanium,5,7184.0359269702985,20227.572916666668
1.0,13,40C__titanium_trial_6,40C,40.0,titanium,6,7184.0359269702985,15893.970377604166
1.0,13,50C__titanium_trial_1,50C,50.0,titanium,1,7184.0359269702985,14600.821614583334
1.0,13,50C__titanium_trial_2,50C,50.0,titanium,2,7184.0359269702985,5483.119791666667
1.0,13,50C__titanium_trial_3,50C,50.0,titanium,3,7184.0359269702985,10599.6552734375
1.0,13,50C__titanium_trial_4,50C,50.0,titanium,4,7184.0359269702985,14608.481770833334
1.0,13,50C__titanium_trial_5,50C,50.0,titanium,5,7184.0359269702985,10527.7412109375
1.0,13,50C__titanium_trial_6,50C,50.0,titanium,6,7184.0359269702985,16051.965494791666
1.0,13,60C__titanium_trial_1,60C,60.0,titanium,1,7184.0359269702985,8619.900716145834
1.0,13,60C__titanium_trial_2,60C,60.0,titanium,2,7184.0359269702985,10347.08984375
1.0,13,60C__titanium_trial_3,60C,60.0,titanium,3,7184.0359269702985,10312.420572916666
1.0,13,60C__titanium_trial_4,60C,60.0,titanium,4,7184.0359269702985,11768.618815104166
1.0,13,60C__titanium_trial_5,60C,60.0,titanium,5,7184.0359269702985,10426.628255208334
1.0,13,60C__titanium_trial_6,60C,60.0,titanium,6,7184.0359269702985,13540.6494140625
1.0,14,30C__wood_trial_1,30C,30.0,wood,1,422.49260348555214,59.0047238667806
1.0,14,30C__wood_trial_2,30C,30.0,wood,2,422.49260348555214,167.23128255208334
1.0,14,30C__wood_trial_3,30C,30.0,wood,3,422.49260348555214,105.56394958496094
1.0,14,30C__wood_trial_4,30C,30.0,wood,4,422.49260348555214,83.15189361572266
1.0,14,30C__wood_trial_5,30C,30.0,wood,5,422.49260348555214,113.97189585367839
1.0,14,30C__wood_trial_6,30C,30.0,wood,6,422.49260348555214,184.29095967610678
1.0,14,40C__wood_trial_1,40C,40.0,wood,1,422.49260348555214,153.70403544108072
1.0,14,40C__wood_trial_2,40C,40.0,wood,2,422.49260348555214,168.1715087890625
1.0,14,40C__wood_trial_3,40C,40.0,wood,3,422.49260348555214,189.30343119303384
1.0,14,40C__wood_trial_4,40C,40.0,wood,4,422.49260348555214,149.78752644856772
1.0,14,40C__wood_trial_5,40C,40.0,wood,5,422.49260348555214,329.82142130533856
1.0,14,40C__wood_trial_6,40C,40.0,wood,6,422.49260348555214,226.16372680664062
1.0,14,50C__wood_trial_1,50C,50.0,wood,1,422.49260348555214,326.6783142089844
1.0,14,50C__wood_trial_2,50C,50.0,wood,2,422.49260348555214,347.8445231119792
1.0,14,50C__wood_trial_3,50C,50.0,wood,3,422.49260348555214,383.8058675130208
1.0,14,50C__wood_trial_4,50C,50.0,wood,4,422.49260348555214,329.9571024576823
1.0,14,50C__wood_trial_5,50C,50.0,wood,5,422.49260348555214,284.7157287597656
1.0,14,50C__wood_trial_6,50C,50.0,wood,6,422.49260348555214,231.53689575195312
1.0,14,60C__wood_trial_1,60C,60.0,wood,1,422.49260348555214,11647.825846354166
1.0,14,60C__wood_trial_2,60C,60.0,wood,2,422.49260348555214,4703.84033203125
1.0,14,60C__wood_trial_3,60C,60.0,wood,3,422.49260348555214,6654.1044921875
1.0,14,60C__wood_trial_4,60C,60.0,wood,4,422.49260348555214,7956.556477864583
1.0,14,60C__wood_trial_5,60C,60.0,wood,5,422.49260348555214,4669.104166666667
1.0,14,60C__wood_trial_6,60C,60.0,wood,6,422.49260348555214,604.7744954427084
1.5,1,30C__aluminum_trial_1,30C,30.0,aluminum,1,23958.09466547789,19916.854817708332
1.5,1,30C__aluminum_trial_2,30C,30.0,aluminum,2,23958.09466547789,20806.417317708332
1.5,1,30C__aluminum_trial_3,30C,30.0,aluminum,3,23958.09466547789,10091.874348958334
1.5,1,30C__aluminum_trial_4,30C,30.0,aluminum,4,23958.09466547789,17988.720703125
1.5,1,30C__aluminum_trial_5,30C,30.0,aluminum,5,23958.09466547789,11027.177408854166
1.5,1,30C__aluminum_trial_6,30C,30.0,aluminum,6,23958.09466547789,13520.341471354166
1.5,1,40C__aluminum_trial_1,40C,40.0,aluminum,1,23958.09466547789,21951.481770833332
1.5,1,40C__aluminum_trial_2,40C,40.0,aluminum,2,23958.09466547789,4258.793782552083
1.5,1,40C__aluminum_trial_3,40C,40.0,aluminum,3,23958.09466547789,21463.661458333332
1.5,1,40C__aluminum_trial_4,40C,40.0,aluminum,4,23958.09466547789,14567.7880859375
1.5,1,40C__aluminum_trial_5,40C,40.0,aluminum,5,23958.09466547789,11379.818359375
1.5,1,40C__aluminum_trial_6,40C,40.0,aluminum,6,23958.09466547789,10940.899088541666
1.5,1,50C__aluminum_trial_1,50C,50.0,aluminum,1,23958.09466547789,15325.218424479166
1.5,1,50C__aluminum_trial_2,50C,50.0,aluminum,2,23958.09466547789,12422.9931640625
1.5,1,50C__aluminum_trial_3,50C,50.0,aluminum,3,23958.09466547789,14118.277669270834
1.5,1,50C__aluminum_trial_4,50C,50.0,aluminum,4,23958.09466547789,19878.836588541668
1.5,1,50C__aluminum_trial_5,50C,50.0,aluminum,5,23958.09466547789,12158.4833984375
1.5,1,50C__aluminum_trial_6,50C,50.0,aluminum,6,23958.09466547789,22648.097005208332
1.5,1,60C__aluminum_trial_1,60C,60.0,aluminum,1,23958.09466547789,17624.984375
1.5,1,60C__aluminum_trial_2,60C,60.0,aluminum,2,23958.09466547789,17645.860677083332
1.5,1,60C__aluminum_trial_3,60C,60.0,aluminum,3,23958.09466547789,13166.0947265625
1.5,1,60C__aluminum_trial_4,60C,60.0,aluminum,4,23958.09466547789,22014.203125
1.5,1,60C__aluminum_trial_5,60C,60.0,aluminum,5,23958.09466547789,17808.104817708332
1.5,1,60C__aluminum_trial_6,60C,60.0,aluminum,6,23958.09466547789,20646.522786458332
1.5,2,30C__bismuth_trial_1,30C,30.0,bismuth,1,3209.1026783199068,7844.207682291667
1.5,2,30C__bismuth_trial_2,30C,30.0,bismuth,2,3209.1026783199068,11130.5751953125
1.5,2,30C__bismuth_trial_3,30C,30.0,bismuth,3,3209.1026783199068,4461.850260416667
1.5,2,30C__bismuth_trial_4,30C,30.0,bismuth,4,3209.1026783199068,11340.001627604166
1.5,2,30C__bismuth_trial_5,30C,30.0,bismuth,5,3209.1026783199068,4854.680826822917
1.5,2,30C__bismuth_trial_6,30C,30.0,bismuth,6,3209.1026783199068,10840.285481770834
1.5,2,40C__bismuth_trial_1,40C,40.0,bismuth,1,3209.1026783199068,13738.102864583334
1.5,2,40C__bismuth_trial_2,40C,40.0,bismuth,2,3209.1026783199068,11503.0703125
1.5,2,40C__bismuth_trial_3,40C,40.0,bismuth,3,3209.1026783199068,10938.613932291666
1.5,2,40C__bismuth_trial_4,40C,40.0,bismuth,4,3209.1026783199068,10696.613932291666
1.5,2,40C__bismuth_trial_5,40C,40.0,bismuth,5,3209.1026783199068,13017.999348958334
1.5,2,40C__bismuth_trial_6,40C,40.0,bismuth,6,3209.1026783199068,12097.908528645834
1.5,2,50C__bismuth_trial_1,50C,50.0,bismuth,1,3209.1026783199068,9791.216796875
1.5,2,50C__bismuth_trial_2,50C,50.0,bismuth,2,3209.1026783199068,14913.767252604166
1.5,2,50C__bismuth_trial_3,50C,50.0,bismuth,3,3209.1026783199068,20385.837890625
1.5,2,50C__bismuth_trial_4,50C,50.0,bismuth,4,3209.1026783199068,14895.156575520834
1.5,2,50C__bismuth_trial_5,50C,50.0,bismuth,5,3209.1026783199068,13614.125325520834
1.5,2,50C__bismuth_trial_6,50C,50.0,bismuth,6,3209.1026783199068,13483.154622395834
1.5,2,60C__bismuth_trial_1,60C,60.0,bismuth,1,3209.1026783199068,11717.152018229166
1.5,2,60C__bismuth_trial_2,60C,60.0,bismuth,2,3209.1026783199068,11428.047200520834
1.5,2,60C__bismuth_trial_3,60C,60.0,bismuth,3,3209.1026783199068,13006.773111979166
1.5,2,60C__bismuth_trial_4,60C,60.0,bismuth,4,3209.1026783199068,17696.865559895832
1.5,2,60C__bismuth_trial_5,60C,60.0,bismuth,5,3209.1026783199068,10065.7919921875
1.5,2,60C__bismuth_trial_6,60C,60.0,bismuth,6,3209.1026783199068,18931.743489583332
1.5,3,30C__cement_trial_1,30C,30.0,cement,1,559.6427431853289,482.5893249511719
1.5,3,30C__cement_trial_2,30C,30.0,cement,2,559.6427431853289,471.25356038411456
1.5,3,30C__cement_trial_3,30C,30.0,cement,3,559.6427431853289,532.7094319661459
1.5,3,30C__cement_trial_4,30C,30.0,cement,4,559.6427431853289,609.9712727864584
1.5,3,30C__cement_trial_5,30C,30.0,cement,5,559.6427431853289,555.508534749349
1.5,3,30C__cement_trial_6,30C,30.0,cement,6,559.6427431853289,568.1942443847656
1.5,3,40C__cement_trial_1,40C,40.0,cement,1,559.6427431853289,352.49302164713544
1.5,3,40C__cement_trial_2,40C,40.0,cement,2,559.6427431853289,457.2623697916667
1.5,3,40C__cement_trial_3,40C,40.0,cement,3,559.6427431853289,341.7946065266927
1.5,3,40C__cement_trial_4,40C,40.0,cement,4,559.6427431853289,591.1351725260416
1.5,3,40C__cement_trial_5,40C,40.0,cement,5,559.6427431853289,685.5466512044271
1.5,3,40C__cement_trial_6,40C,40.0,cement,6,559.6427431853289,462.87501017252606
1.5,3,50C__cement_trial_1,50C,50.0,cement,1,559.6427431853289,465.6094258626302
1.5,3,50C__cement_trial_2,50C,50.0,cement,2,559.6427431853289,368.0394795735677
1.5,3,50C__cement_trial_3,50C,50.0,cement,3,559.6427431853289,419.7302551269531
1.5,3,50C__cement_trial_4,50C,50.0,cement,4,559.6427431853289,388.84022013346356
1.5,3,50C__cement_trial_5,50C,50.0,cement,5,559.6427431853289,623.1118977864584
1.5,3,50C__cement_trial_6,50C,50.0,cement,6,559.6427431853289,639.8606974283854
1.5,3,60C__cement_trial_1,60C,60.0,cement,1,559.6427431853289,745.6877644856771
1.5,3,60C__cement_trial_2,60C,60.0,cement,2,559.6427431853289,699.6874389648438
1.5,3,60C__cement_trial_3,60C,60.0,cement,3,559.6427431853289,730.246592203776
1.5,3,60C__cement_trial_4,60C,60.0,cement,4,559.6427431853289,619.8154703776041
1.5,3,60C__cement_trial_5,60C,60.0,cement,5,559.6427431853289,753.6419779459635
1.5,3,60C__cement_trial_6,60C,60.0,cement,6,559.6427431853289,724.4344075520834
1.5,4,30C__copper_trial_1,30C,30.0,copper,1,37192.601414797544,1506.5449625651042
1.5,4,30C__copper_trial_2,30C,30.0,copper,2,37192.601414797544,19419.375
1.5,4,30C__copper_trial_3,30C,30.0,copper,3,37192.601414797544,16739.494791666668
1.5,4,30C__copper_trial_4,30C,30.0,copper,4,37192.601414797544,16764.948893229168
1.5,4,30C__copper_trial_5,30C,30.0,copper,5,37192.601414797544,15498.054361979166
1.5,4,30C__copper_trial_6,30C,30.0,copper,6,37192.601414797544,12948.087239583334
1.5,4,40C__copper_trial_1,40C,40.0,copper,1,37192.601414797544,13439.683919270834
1.5,4,40C__copper_trial_2,40C,40.0,copper,2,37192.601414797544,14862.218098958334
1.5,4,40C__copper_trial_3,40C,40.0,copper,3,37192.601414797544,19008.498697916668
1.5,4,40C__copper_trial_4,40C,40.0,copper,4,37192.601414797544,10028.1689453125
1.5,4,40C__copper_trial_5,40C,40.0,copper,5,37192.601414797544,9863.7099609375
1.5,4,40C__copper_trial_6,40C,40.0,copper,6,37192.601414797544,8810.2861328125
1.5,4,50C__copper_trial_1,50C,50.0,copper,1,37192.601414797544,6586.455729166667
1.5,4,50C__copper_trial_2,50C,50.0,copper,2,37192.601414797544,13964.006184895834
1.5,4,50C__copper_trial_3,50C,50.0,copper,3,37192.601414797544,10945.743489583334
1.5,4,50C__copper_trial_4,50C,50.0,copper,4,37192.601414797544,10515.237955729166
1.5,4,50C__copper_trial_5,50C,50.0,copper,5,37192.601414797544,12043.528645833334
1.5,4,50C__copper_trial_6,50C,50.0,copper,6,37192.601414797544,9820.636555989584
1.5,4,60C__copper_trial_1,60C,60.0,copper,1,37192.601414797544,15070.7314453125
1.5,4,60C__copper_trial_2,60C,60.0,copper,2,37192.601414797544,21023.66015625
1.5,4,60C__copper_trial_3,60C,60.0,copper,3,37192.601414797544,16431.830729166668
1.5,4,60C__copper_trial_4,60C,60.0,copper,4,37192.601414797544,21122.358072916668
1.5,4,60C__copper_trial_5,60C,60.0,copper,5,37192.601414797544,14701.587890625
1.5,4,60C__copper_trial_6,60C,60.0,copper,6,37192.601414797544,12670.928059895834
1.5,5,30C__cork_trial_1,30C,30.0,cork,1,136.29380029920657,147.40836079915366
1.5,5,30C__cork_trial_2,30C,30.0,cork,2,136.29380029920657,80.71019744873047
1.5,5,30C__cork_trial_3,30C,30.0,cork,3,136.29380029920657,54.90285619099935
1.5,5,30C__cork_trial_4,30C,30.0,cork,4,136.29380029920657,35.769945975010536
1.5,5,30C__cork_trial_5,30C,30.0,cork,5,136.29380029920657,58.09686024983724
1.5,5,30C__cork_trial_6,30C,30.0,cork,6,136.29380029920657,62.79624811808268
1.5,5,40C__cork_trial_1,40C,40.0,cork,1,136.29380029920657,84.51416269938152
1.5,5,40C__cork_trial_2,40C,40.0,cork,2,136.29380029920657,94.45935312906902
1.5,5,40C__cork_trial_3,40C,40.0,cork,3,136.29380029920657,96.28604125976562
1.5,5,40C__cork_trial_4,40C,40.0,cork,4,136.29380029920657,67.98919932047527
1.5,5,40C__cork_trial_5,40C,40.0,cork,5,136.29380029920657,38.07583363850912
1.5,5,40C__cork_trial_6,40C,40.0,cork,6,136.29380029920657,34.496376621320685
1.5,5,50C__cork_trial_1,50C,50.0,cork,1,136.29380029920657,459.31317138671875
1.5,5,50C__cork_trial_2,50C,50.0,cork,2,136.29380029920657,460.53440348307294
1.5,5,50C__cork_trial_3,50C,50.0,cork,3,136.29380029920657,385.53467814127606
1.5,5,50C__cork_trial_4,50C,50.0,cork,4,136.29380029920657,249.77862040201822
1.5,5,50C__cork_trial_5,50C,50.0,cork,5,136.29380029920657,467.1153971354167
1.5,5,50C__cork_trial_6,50C,50.0,cork,6,136.29380029920657,438.84552001953125
1.5,5,60C__cork_trial_1,60C,60.0,cork,1,136.29380029920657,371.7326151529948
1.5,5,60C__cork_trial_2,60C,60.0,cork,2,136.29380029920657,293.18833414713544
1.5,5,60C__cork_trial_3,60C,60.0,cork,3,136.29380029920657,283.23121643066406
1.5,5,60C__cork_trial_4,60C,60.0,cork,4,136.29380029920657,275.23853556315106
1.5,5,60C__cork_trial_5,60C,60.0,cork,5,136.29380029920657,414.5839131673177
1.5,5,60C__cork_trial_6,60C,60.0,cork,6,136.29380029920657,340.0456034342448
1.5,6,30C__graphite_trial_1,30C,30.0,graphite,1,11367.497525840945,11113.313802083334
1.5,6,30C__graphite_trial_2,30C,30.0,graphite,2,11367.497525840945,3700.1920572916665
1.5,6,30C__graphite_trial_3,30C,30.0,graphite,3,11367.497525840945,2337.373006184896
1.5,6,30C__graphite_trial_4,30C,30.0,graphite,4,11367.497525840945,4216.309895833333
1.5,6,30C__graphite_trial_5,30C,30.0,graphite,5,11367.497525840945,3924.7364908854165
1.5,6,30C__graphite_trial_6,30C,30.0,graphite,6,11367.497525840945,3621.0581868489585
1.5,6,40C__graphite_trial_1,40C,40.0,graphite,1,11367.497525840945,8296.71044921875
1.5,6,40C__graphite_trial_2,40C,40.0,graphite,2,11367.497525840945,8115.255045572917
1.5,6,40C__graphite_trial_3,40C,40.0,graphite,3,11367.497525840945,5152.179524739583
1.5,6,40C__graphite_trial_4,40C,40.0,graphite,4,11367.497525840945,10143.1162109375
1.5,6,40C__graphite_trial_5,40C,40.0,graphite,5,11367.497525840945,4251.892333984375
1.5,6,40C__graphite_trial_6,40C,40.0,graphite,6,11367.497525840945,6680.94921875
1.5,6,50C__graphite_trial_1,50C,50.0,graphite,1,11367.497525840945,18475.058919270832
1.5,6,50C__graphite_trial_2,50C,50.0,graphite,2,11367.497525840945,12619.8935546875
1.5,6,50C__graphite_trial_3,50C,50.0,graphite,3,11367.497525840945,15395.61328125
1.5,6,50C__graphite_trial_4,50C,50.0,graphite,4,11367.497525840945,16184.838216145834
1.5,6,50C__graphite_trial_5,50C,50.0,graphite,5,11367.497525840945,7908.07568359375
1.5,6,50C__graphite_trial_6,50C,50.0,graphite,6,11367.497525840945,13356.823567708334
1.5,6,60C__graphite_trial_1,60C,60.0,graphite,1,11367.497525840945,11051.55859375
1.5,6,60C__graphite_trial_2,60C,60.0,graphite,2,11367.497525840945,11129.831705729166
1.5,6,60C__graphite_trial_3,60C,60.0,graphite,3,11367.497525840945,11217.920247395834
1.5,6,60C__graphite_trial_4,60C,60.0,graphite,4,11367.497525840945,10506.9736328125
1.5,6,60C__graphite_trial_5,60C,60.0,graphite,5,11367.497525840945,8794.248209635416
1.5,6,60C__graphite_trial_6,60C,60.0,graphite,6,11367.497525840945,12139.05859375
1.5,7,30C__gypsum_trial_1,30C,30.0,gypsum,1,385.01948002666046,208.36490376790366
1.5,7,30C__gypsum_trial_2,30C,30.0,gypsum,2,385.01948002666046,291.17725626627606
1.5,7,30C__gypsum_trial_3,30C,30.0,gypsum,3,385.01948002666046,219.07624308268228
1.5,7,30C__gypsum_trial_4,30C,30.0,gypsum,4,385.01948002666046,195.7399139404297
1.5,7,30C__gypsum_trial_5,30C,30.0,gypsum,5,385.01948002666046,211.95948791503906
1.5,7,30C__gypsum_trial_6,30C,30.0,gypsum,6,385.01948002666046,200.14459737141928
1.5,7,40C__gypsum_trial_1,40C,40.0,gypsum,1,385.01948002666046,278.9778137207031
1.5,7,40C__gypsum_trial_2,40C,40.0,gypsum,2,385.01948002666046,223.0481974283854
1.5,7,40C__gypsum_trial_3,40C,40.0,gypsum,3,385.01948002666046,231.5705820719401
1.5,7,40C__gypsum_trial_4,40C,40.0,gypsum,4,385.01948002666046,310.0292256673177
1.5,7,40C__gypsum_trial_5,40C,40.0,gypsum,5,385.01948002666046,611.5534464518229
1.5,7,40C__gypsum_trial_6,40C,40.0,gypsum,6,385.01948002666046,536.3645935058594
1.5,7,50C__gypsum_trial_1,50C,50.0,gypsum,1,385.01948002666046,672.0024007161459
1.5,7,50C__gypsum_trial_2,50C,50.0,gypsum,2,385.01948002666046,793.9095865885416
1.5,7,50C__gypsum_trial_3,50C,50.0,gypsum,3,385.01948002666046,820.3967692057291
1.5,7,50C__gypsum_trial_4,50C,50.0,gypsum,4,385.01948002666046,736.0076293945312
1.5,7,50C__gypsum_trial_5,50C,50.0,gypsum,5,385.01948002666046,697.1477457682291
1.5,7,50C__gypsum_trial_6,50C,50.0,gypsum,6,385.01948002666046,618.5670776367188
1.5,7,60C__gypsum_trial_1,60C,60.0,gypsum,1,385.01948002666046,2269.580851236979
1.5,7,60C__gypsum_trial_2,60C,60.0,gypsum,2,385.01948002666046,1132.9339192708333
1.5,7,60C__gypsum_trial_3,60C,60.0,gypsum,3,385.01948002666046,843.6425984700521
1.5,7,60C__gypsum_trial_4,60C,60.0,gypsum,4,385.01948002666046,1948.0050455729167
1.5,7,60C__gypsum_trial_5,60C,60.0,gypsum,5,385.01948002666046,2135.7967529296875
1.5,7,60C__gypsum_trial_6,60C,60.0,gypsum,6,385.01948002666046,1513.6665852864583
1.5,8,30C__iron_trial_1,30C,30.0,iron,1,16859.663413010356,10042.444986979166
1.5,8,30C__iron_trial_2,30C,30.0,iron,2,16859.663413010356,24042.399739583332
1.5,8,30C__iron_trial_3,30C,30.0,iron,3,16859.663413010356,12847.381184895834
1.5,8,30C__iron_trial_4,30C,30.0,iron,4,16859.663413010356,19957.827473958332
1.5,8,30C__iron_trial_5,30C,30.0,iron,5,16859.663413010356,16224.610677083334
1.5,8,30C__iron_trial_6,30C,30.0,iron,6,16859.663413010356,13444.303059895834
1.5,8,40C__iron_trial_1,40C,40.0,iron,1,16859.663413010356,18153.182942708332
1.5,8,40C__iron_trial_2,40C,40.0,iron,2,16859.663413010356,11319.724283854166
1.5,8,40C__iron_trial_3,40C,40.0,iron,3,16859.663413010356,13270.4228515625
1.5,8,40C__iron_trial_4,40C,40.0,iron,4,16859.663413010356,8980.980143229166
1.5,8,40C__iron_trial_5,40C,40.0,iron,5,16859.663413010356,13185.206380208334
1.5,8,40C__iron_trial_6,40C,40.0,iron,6,16859.663413010356,13528.118815104166
1.5,8,50C__iron_trial_1,50C,50.0,iron,1,16859.663413010356,10355.630208333334
1.5,8,50C__iron_trial_2,50C,50.0,iron,2,16859.663413010356,12769.0146484375
1.5,8,50C__iron_trial_3,50C,50.0,iron,3,16859.663413010356,13397.375651041666
1.5,8,50C__iron_trial_4,50C,50.0,iron,4,16859.663413010356,13694.811197916666
1.5,8,50C__iron_trial_5,50C,50.0,iron,5,16859.663413010356,13478.700520833334
1.5,8,50C__iron_trial_6,50C,50.0,iron,6,16859.663413010356,26175.341796875
1.5,8,60C__iron_trial_1,60C,60.0,iron,1,16859.663413010356,32809.369140625
1.5,8,60C__iron_trial_2,60C,60.0,iron,2,16859.663413010356,18368.256510416668
1.5,8,60C__iron_trial_3,60C,60.0,iron,3,16859.663413010356,17260.759765625
1.5,8,60C__iron_trial_4,60C,60.0,iron,4,16859.663413010356,20192.026041666668
1.5,8,60C__iron_trial_5,60C,60.0,iron,5,16859.663413010356,21489.358723958332
1.5,8,60C__iron_trial_6,60C,60.0,iron,6,16859.663413010356,24135.452473958332
1.5,9,30C__nickel_trial_1,30C,30.0,nickel,1,19320.68449098013,11694.380208333334
1.5,9,30C__nickel_trial_2,30C,30.0,nickel,2,19320.68449098013,14546.617838541666
1.5,9,30C__nickel_trial_3,30C,30.0,nickel,3,19320.68449098013,21361.3046875
1.5,9,30C__nickel_trial_4,30C,30.0,nickel,4,19320.68449098013,10214.990234375
1.5,9,30C__nickel_trial_5,30C,30.0,nickel,5,19320.68449098013,22464.544921875
1.5,9,30C__nickel_trial_6,30C,30.0,nickel,6,19320.68449098013,23343.0625
1.5,9,40C__nickel_trial_1,40C,40.0,nickel,1,19320.68449098013,5589.586100260417
1.5,9,40C__nickel_trial_2,40C,40.0,nickel,2,19320.68449098013,12501.890950520834
1.5,9,40C__nickel_trial_3,40C,40.0,nickel,3,19320.68449098013,19154.182291666668
1.5,9,40C__nickel_trial_4,40C,40.0,nickel,4,19320.68449098013,16923.119791666668
1.5,9,40C__nickel_trial_5,40C,40.0,nickel,5,19320.68449098013,13685.651692708334
1.5,9,40C__nickel_trial_6,40C,40.0,nickel,6,19320.68449098013,12421.809895833334
1.5,9,50C__nickel_trial_1,50C,50.0,nickel,1,19320.68449098013,11308.636067708334
1.5,9,50C__nickel_trial_2,50C,50.0,nickel,2,19320.68449098013,12861.827799479166
1.5,9,50C__nickel_trial_3,50C,50.0,nickel,3,19320.68449098013,12779.296549479166
1.5,9,50C__nickel_trial_4,50C,50.0,nickel,4,19320.68449098013,13280.1669921875
1.5,9,50C__nickel_trial_5,50C,50.0,nickel,5,19320.68449098013,9192.026692708334
1.5,9,50C__nickel_trial_6,50C,50.0,nickel,6,19320.68449098013,18825.744791666668
1.5,9,60C__nickel_trial_1,60C,60.0,nickel,1,19320.68449098013,12106.116536458334
1.5,9,60C__nickel_trial_2,60C,60.0,nickel,2,19320.68449098013,21366.640625
1.5,9,60C__nickel_trial_3,60C,60.0,nickel,3,19320.68449098013,14758.986653645834
1.5,9,60C__nickel_trial_4,60C,60.0,nickel,4,19320.68449098013,24082.771484375
1.5,9,60C__nickel_trial_5,60C,60.0,nickel,5,19320.68449098013,18970.149088541668
1.5,9,60C__nickel_trial_6,60C,60.0,nickel,6,19320.68449098013,25074.498046875
1.5,10,30C__pdms_trial_1,30C,30.0,pdms,1,460.90129095067635,233.6466267903646
1.5,10,30C__pdms_trial_2,30C,30.0,pdms,2,460.90129095067635,88.2283706665039
1.5,10,30C__pdms_trial_3,30C,30.0,pdms,3,460.90129095067635,181.28998311360678
1.5,10,30C__pdms_trial_4,30C,30.0,pdms,4,460.90129095067635,57.71389897664388
1.5,10,30C__pdms_trial_5,30C,30.0,pdms,5,460.90129095067635,145.08414459228516
1.5,10,30C__pdms_trial_6,30C,30.0,pdms,6,460.90129095067635,91.40650177001953
1.5,10,40C__pdms_trial_1,40C,40.0,pdms,1,460.90129095067635,446.82000732421875
1.5,10,40C__pdms_trial_2,40C,40.0,pdms,2,460.90129095067635,466.87476603190106
1.5,10,40C__pdms_trial_3,40C,40.0,pdms,3,460.90129095067635,533.7770487467448
1.5,10,40C__pdms_trial_4,40C,40.0,pdms,4,460.90129095067635,439.10052490234375
1.5,10,40C__pdms_trial_5,40C,40.0,pdms,5,460.90129095067635,240.95108540852866
1.5,10,40C__pdms_trial_6,40C,40.0,pdms,6,460.90129095067635,377.2859395345052
1.5,10,50C__pdms_trial_1,50C,50.0,pdms,1,460.90129095067635,238.64476521809897
1.5,10,50C__pdms_trial_2,50C,50.0,pdms,2,460.90129095067635,163.38613891601562
1.5,10,50C__pdms_trial_3,50C,50.0,pdms,3,460.90129095067635,355.45508829752606
1.5,10,50C__pdms_trial_4,50C,50.0,pdms,4,460.90129095067635,379.8559265136719
1.5,10,50C__pdms_trial_5,50C,50.0,pdms,5,460.90129095067635,307.8653106689453
1.5,10,50C__pdms_trial_6,50C,50.0,pdms,6,460.90129095067635,281.3410135904948
1.5,10,60C__pdms_trial_1,60C,60.0,pdms,1,460.90129095067635,439.2137959798177
1.5,10,60C__pdms_trial_2,60C,60.0,pdms,2,460.90129095067635,331.26256306966144
1.5,10,60C__pdms_trial_3,60C,60.0,pdms,3,460.90129095067635,329.7046813964844
1.5,10,60C__pdms_trial_4,60C,60.0,pdms,4,460.90129095067635,211.65387980143228
1.5,10,60C__pdms_trial_5,60C,60.0,pdms,5,460.90129095067635,224.6968231201172
1.5,10,60C__pdms_trial_6,60C,60.0,pdms,6,460.90129095067635,170.64578755696616
1.5,11,30C__ps_foam_trial_1,30C,30.0,ps_foam,1,34.496376621320685,365.66272989908856
1.5,11,30C__ps_foam_trial_2,30C,30.0,ps_foam,2,34.496376621320685,396.3802490234375
1.5,11,30C__ps_foam_trial_3,30C,30.0,ps_foam,3,34.496376621320685,297.1722819010417
1.5,11,30C__ps_foam_trial_4,30C,30.0,ps_foam,4,34.496376621320685,219.28259785970053
1.5,11,30C__ps_foam_trial_5,30C,30.0,ps_foam,5,34.496376621320685,191.55035909016928
1.5,11,30C__ps_foam_trial_6,30C,30.0,ps_foam,6,34.496376621320685,216.8416493733724
1.5,11,40C__ps_foam_trial_1,40C,40.0,ps_foam,1,34.496376621320685,56.36466725667318
1.5,11,40C__ps_foam_trial_2,40C,40.0,ps_foam,2,34.496376621320685,57.154195149739586
1.5,11,40C__ps_foam_trial_3,40C,40.0,ps_foam,3,34.496376621320685,51.631674448649086
1.5,11,40C__ps_foam_trial_4,40C,40.0,ps_foam,4,34.496376621320685,461.5965169270833
1.5,11,40C__ps_foam_trial_5,40C,40.0,ps_foam,5,34.496376621320685,46.4167226155599
1.5,11,40C__ps_foam_trial_6,40C,40.0,ps_foam,6,34.496376621320685,100.91572825113933
1.5,11,50C__ps_foam_trial_1,50C,50.0,ps_foam,1,34.496376621320685,65.96097819010417
1.5,11,50C__ps_foam_trial_2,50C,50.0,ps_foam,2,34.496376621320685,68.9148432413737
1.5,11,50C__ps_foam_trial_3,50C,50.0,ps_foam,3,34.496376621320685,58.14984639485677
1.5,11,50C__ps_foam_trial_4,50C,50.0,ps_foam,4,34.496376621320685,58.60976537068685
1.5,11,50C__ps_foam_trial_5,50C,50.0,ps_foam,5,34.496376621320685,84.27013905843098
1.5,11,50C__ps_foam_trial_6,50C,50.0,ps_foam,6,34.496376621320685,63.88188807169596
1.5,11,60C__ps_foam_trial_1,60C,60.0,ps_foam,1,34.496376621320685,184.86211140950522
1.5,11,60C__ps_foam_trial_2,60C,60.0,ps_foam,2,34.496376621320685,154.8325169881185
1.5,11,60C__ps_foam_trial_3,60C,60.0,ps_foam,3,34.496376621320685,149.89629618326822
1.5,11,60C__ps_foam_trial_4,60C,60.0,ps_foam,4,34.496376621320685,159.74322764078775
1.5,11,60C__ps_foam_trial_5,60C,60.0,ps_foam,5,34.496376621320685,217.00409952799478
1.5,11,60C__ps_foam_trial_6,60C,60.0,ps_foam,6,34.496376621320685,270.4943084716797
1.5,12,30C__pu_foam_trial_1,30C,30.0,pu_foam,1,42.49705872175155,115.86338806152344
1.5,12,30C__pu_foam_trial_2,30C,30.0,pu_foam,2,42.49705872175155,155.53314463297525
1.5,12,30C__pu_foam_trial_3,30C,30.0,pu_foam,3,42.49705872175155,238.4609171549479
1.5,12,30C__pu_foam_trial_4,30C,30.0,pu_foam,4,42.49705872175155,235.46663411458334
1.5,12,30C__pu_foam_trial_5,30C,30.0,pu_foam,5,42.49705872175155,273.9972330729167
1.5,12,30C__pu_foam_trial_6,30C,30.0,pu_foam,6,42.49705872175155,150.64986673990884
1.5,12,40C__pu_foam_trial_1,40C,40.0,pu_foam,1,42.49705872175155,48.2847048441569
1.5,12,40C__pu_foam_trial_2,40C,40.0,pu_foam,2,42.49705872175155,103.16821034749348
1.5,12,40C__pu_foam_trial_3,40C,40.0,pu_foam,3,42.49705872175155,128.0113321940104
1.5,12,40C__pu_foam_trial_4,40C,40.0,pu_foam,4,42.49705872175155,81.87571461995442
1.5,12,40C__pu_foam_trial_5,40C,40.0,pu_foam,5,42.49705872175155,40.622781312331504
1.5,12,40C__pu_foam_trial_6,40C,40.0,pu_foam,6,42.49705872175155,50.18125915527344
1.5,12,50C__pu_foam_trial_1,50C,50.0,pu_foam,1,42.49705872175155,81.90791320800781
1.5,12,50C__pu_foam_trial_2,50C,50.0,pu_foam,2,42.49705872175155,72.73615392049153
1.5,12,50C__pu_foam_trial_3,50C,50.0,pu_foam,3,42.49705872175155,106.91386159261067
1.5,12,50C__pu_foam_trial_4,50C,50.0,pu_foam,4,42.49705872175155,96.88596089680989
1.5,12,50C__pu_foam_trial_5,50C,50.0,pu_foam,5,42.49705872175155,121.06769307454427
1.5,12,50C__pu_foam_trial_6,50C,50.0,pu_foam,6,42.49705872175155,87.35145568847656
1.5,12,60C__pu_foam_trial_1,60C,60.0,pu_foam,1,42.49705872175155,235.76761372884116
1.5,12,60C__pu_foam_trial_2,60C,60.0,pu_foam,2,42.49705872175155,1112.6499837239583
1.5,12,60C__pu_foam_trial_3,60C,60.0,pu_foam,3,42.49705872175155,227.39279174804688
1.5,12,60C__pu_foam_trial_4,60C,60.0,pu_foam,4,42.49705872175155,160.08174641927084
1.5,12,60C__pu_foam_trial_5,60C,60.0,pu_foam,5,42.49705872175155,248.25092569986978
1.5,12,60C__pu_foam_trial_6,60C,60.0,pu_foam,6,42.49705872175155,271.0047200520833
1.5,13,30C__titanium_trial_1,30C,30.0,titanium,1,7184.0359269702985,11899.16796875
1.5,13,30C__titanium_trial_2,30C,30.0,titanium,2,7184.0359269702985,6274.276204427083
1.5,13,30C__titanium_trial_3,30C,30.0,titanium,3,7184.0359269702985,7390.111328125
1.5,13,30C__titanium_trial_4,30C,30.0,titanium,4,7184.0359269702985,6180.869791666667
1.5,13,30C__titanium_trial_5,30C,30.0,titanium,5,7184.0359269702985,13728.6328125
1.5,13,30C__titanium_trial_6,30C,30.0,titanium,6,7184.0359269702985,3432.987060546875
1.5,13,40C__titanium_trial_1,40C,40.0,titanium,1,7184.0359269702985,18920.03125
1.5,13,40C__titanium_trial_2,40C,40.0,titanium,2,7184.0359269702985,10713.0703125
1.5,13,40C__titanium_trial_3,40C,40.0,titanium,3,7184.0359269702985,15740.793619791666
1.5,13,40C__titanium_trial_4,40C,40.0,titanium,4,7184.0359269702985,9527.546061197916
1.5,13,40C__titanium_trial_5,40C,40.0,titanium,5,7184.0359269702985,18864.959635416668
1.5,13,40C__titanium_trial_6,40C,40.0,titanium,6,7184.0359269702985,16612.517252604168
1.5,13,50C__titanium_trial_1,50C,50.0,titanium,1,7184.0359269702985,14564.7294921875
1.5,13,50C__titanium_trial_2,50C,50.0,titanium,2,7184.0359269702985,5711.855143229167
1.5,13,50C__titanium_trial_3,50C,50.0,titanium,3,7184.0359269702985,12267.708984375
1.5,13,50C__titanium_trial_4,50C,50.0,titanium,4,7184.0359269702985,14671.776041666666
1.5,13,50C__titanium_trial_5,50C,50.0,titanium,5,7184.0359269702985,14570.839518229166
1.5,13,50C__titanium_trial_6,50C,50.0,titanium,6,7184.0359269702985,15039.0517578125
1.5,13,60C__titanium_trial_1,60C,60.0,titanium,1,7184.0359269702985,10691.62255859375
1.5,13,60C__titanium_trial_2,60C,60.0,titanium,2,7184.0359269702985,10866.037109375
1.5,13,60C__titanium_trial_3,60C,60.0,titanium,3,7184.0359269702985,10732.015625
1.5,13,60C__titanium_trial_4,60C,60.0,titanium,4,7184.0359269702985,13626.764322916666
1.5,13,60C__titanium_trial_5,60C,60.0,titanium,5,7184.0359269702985,10828.011393229166
1.5,13,60C__titanium_trial_6,60C,60.0,titanium,6,7184.0359269702985,13668.031575520834
1.5,14,30C__wood_trial_1,30C,30.0,wood,1,422.49260348555214,62.87295277913412
1.5,14,30C__wood_trial_2,30C,30.0,wood,2,422.49260348555214,197.90450032552084
1.5,14,30C__wood_trial_3,30C,30.0,wood,3,422.49260348555214,112.15435791015625
1.5,14,30C__wood_trial_4,30C,30.0,wood,4,422.49260348555214,87.95210774739583
1.5,14,30C__wood_trial_5,30C,30.0,wood,5,422.49260348555214,123.24236806233723
1.5,14,30C__wood_trial_6,30C,30.0,wood,6,422.49260348555214,224.94667053222656
1.5,14,40C__wood_trial_1,40C,40.0,wood,1,422.49260348555214,166.5866444905599
1.5,14,40C__wood_trial_2,40C,40.0,wood,2,422.49260348555214,182.13966369628906
1.5,14,40C__wood_trial_3,40C,40.0,wood,3,422.49260348555214,198.40570576985678
1.5,14,40C__wood_trial_4,40C,40.0,wood,4,422.49260348555214,148.186279296875
1.5,14,40C__wood_trial_5,40C,40.0,wood,5,422.49260348555214,316.151611328125
1.5,14,40C__wood_trial_6,40C,40.0,wood,6,422.49260348555214,214.69659423828125
1.5,14,50C__wood_trial_1,50C,50.0,wood,1,422.49260348555214,331.3229573567708
1.5,14,50C__wood_trial_2,50C,50.0,wood,2,422.49260348555214,323.6452229817708
1.5,14,50C__wood_trial_3,50C,50.0,wood,3,422.49260348555214,386.5261739095052
1.5,14,50C__wood_trial_4,50C,50.0,wood,4,422.49260348555214,323.19329833984375
1.5,14,50C__wood_trial_5,50C,50.0,wood,5,422.49260348555214,300.27245076497394
1.5,14,50C__wood_trial_6,50C,50.0,wood,6,422.49260348555214,257.4368133544922
1.5,14,60C__wood_trial_1,60C,60.0,wood,1,422.49260348555214,11587.640950520834
1.5,14,60C__wood_trial_2,60C,60.0,wood,2,422.49260348555214,4975.269856770833
1.5,14,60C__wood_trial_3,60C,60.0,wood,3,422.49260348555214,6479.832356770833
1.5,14,60C__wood_trial_4,60C,60.0,wood,4,422.49260348555214,7489.108561197917
1.5,14,60C__wood_trial_5,60C,60.0,wood,5,422.49260348555214,4480.573567708333
1.5,14,60C__wood_trial_6,60C,60.0,wood,6,422.49260348555214,577.9376525878906
1.64,1,30C__aluminum_trial_1,30C,30.0,aluminum,1,23958.09466547789,18702.584635416668
1.64,1,30C__aluminum_trial_2,30C,30.0,aluminum,2,23958.09466547789,19457.24609375
1.64,1,30C__aluminum_trial_3,30C,30.0,aluminum,3,23958.09466547789,10043.897786458334
1.64,1,30C__aluminum_trial_4,30C,30.0,aluminum,4,23958.09466547789,18610.77734375
1.64,1,30C__aluminum_trial_5,30C,30.0,aluminum,5,23958.09466547789,11261.352864583334
1.64,1,30C__aluminum_trial_6,30C,30.0,aluminum,6,23958.09466547789,13975.606770833334
1.64,1,40C__aluminum_trial_1,40C,40.0,aluminum,1,23958.09466547789,20016.591796875
1.64,1,40C__aluminum_trial_2,40C,40.0,aluminum,2,23958.09466547789,4105.690104166667
1.64,1,40C__aluminum_trial_3,40C,40.0,aluminum,3,23958.09466547789,23966.02734375
1.64,1,40C__aluminum_trial_4,40C,40.0,aluminum,4,23958.09466547789,14908.877604166666
1.64,1,40C__aluminum_trial_5,40C,40.0,aluminum,5,23958.09466547789,11430.013020833334
1.64,1,40C__aluminum_trial_6,40C,40.0,aluminum,6,23958.09466547789,11021.7587890625
1.64,1,50C__aluminum_trial_1,50C,50.0,aluminum,1,23958.09466547789,15780.530924479166
1.64,1,50C__aluminum_trial_2,50C,50.0,aluminum,2,23958.09466547789,9746.594401041666
1.64,1,50C__aluminum_trial_3,50C,50.0,aluminum,3,23958.09466547789,14232.972330729166
1.64,1,50C__aluminum_trial_4,50C,50.0,aluminum,4,23958.09466547789,19437.809244791668
1.64,1,50C__aluminum_trial_5,50C,50.0,aluminum,5,23958.09466547789,11790.060546875
1.64,1,50C__aluminum_trial_6,50C,50.0,aluminum,6,23958.09466547789,21372.490234375
1.64,1,60C__aluminum_trial_1,60C,60.0,aluminum,1,23958.09466547789,16833.186197916668
1.64,1,60C__aluminum_trial_2,60C,60.0,aluminum,2,23958.09466547789,17935.16015625
1.64,1,60C__aluminum_trial_3,60C,60.0,aluminum,3,23958.09466547789,13200.060546875
1.64,1,60C__aluminum_trial_4,60C,60.0,aluminum,4,23958.09466547789,20885.862630208332
1.64,1,60C__aluminum_trial_5,60C,60.0,aluminum,5,23958.09466547789,17665.359375
1.64,1,60C__aluminum_trial_6,60C,60.0,aluminum,6,23958.09466547789,22918.007161458332
1.64,2,30C__bismuth_trial_1,30C,30.0,bismuth,1,3209.1026783199068,7726.351725260417
1.64,2,30C__bismuth_trial_2,30C,30.0,bismuth,2,3209.1026783199068,9058.06640625
1.64,2,30C__bismuth_trial_3,30C,30.0,bismuth,3,3209.1026783199068,3704.1846516927085
1.64,2,30C__bismuth_trial_4,30C,30.0,bismuth,4,3209.1026783199068,10257.91748046875
1.64,2,30C__bismuth_trial_5,30C,30.0,bismuth,5,3209.1026783199068,4685.164306640625
1.64,2,30C__bismuth_trial_6,30C,30.0,bismuth,6,3209.1026783199068,10735.545247395834
1.64,2,40C__bismuth_trial_1,40C,40.0,bismuth,1,3209.1026783199068,13929.153971354166
1.64,2,40C__bismuth_trial_2,40C,40.0,bismuth,2,3209.1026783199068,11563.219075520834
1.64,2,40C__bismuth_trial_3,40C,40.0,bismuth,3,3209.1026783199068,10490.064127604166
1.64,2,40C__bismuth_trial_4,40C,40.0,bismuth,4,3209.1026783199068,10448.324544270834
1.64,2,40C__bismuth_trial_5,40C,40.0,bismuth,5,3209.1026783199068,12447.856770833334
1.64,2,40C__bismuth_trial_6,40C,40.0,bismuth,6,3209.1026783199068,12170.748372395834
1.64,2,50C__bismuth_trial_1,50C,50.0,bismuth,1,3209.1026783199068,10548.921223958334
1.64,2,50C__bismuth_trial_2,50C,50.0,bismuth,2,3209.1026783199068,16235.013997395834
1.64,2,50C__bismuth_trial_3,50C,50.0,bismuth,3,3209.1026783199068,20362.905598958332
1.64,2,50C__bismuth_trial_4,50C,50.0,bismuth,4,3209.1026783199068,15416.3134765625
1.64,2,50C__bismuth_trial_5,50C,50.0,bismuth,5,3209.1026783199068,12977.8193359375
1.64,2,50C__bismuth_trial_6,50C,50.0,bismuth,6,3209.1026783199068,13001.27734375
1.64,2,60C__bismuth_trial_1,60C,60.0,bismuth,1,3209.1026783199068,11780.833333333334
1.64,2,60C__bismuth_trial_2,60C,60.0,bismuth,2,3209.1026783199068,10761.7822265625
1.64,2,60C__bismuth_trial_3,60C,60.0,bismuth,3,3209.1026783199068,13385.2001953125
1.64,2,60C__bismuth_trial_4,60C,60.0,bismuth,4,3209.1026783199068,17247.959309895832
1.64,2,60C__bismuth_trial_5,60C,60.0,bismuth,5,3209.1026783199068,10184.888346354166
1.64,2,60C__bismuth_trial_6,60C,60.0,bismuth,6,3209.1026783199068,19274.093424479168
1.64,3,30C__cement_trial_1,30C,30.0,cement,1,559.6427431853289,456.564453125
1.64,3,30C__cement_trial_2,30C,30.0,cement,2,559.6427431853289,453.30751546223956
1.64,3,30C__cement_trial_3,30C,30.0,cement,3,559.6427431853289,538.4630330403646
1.64,3,30C__cement_trial_4,30C,30.0,cement,4,559.6427431853289,596.3486328125
1.64,3,30C__cement_trial_5,30C,30.0,cement,5,559.6427431853289,538.3781331380209
1.64,3,30C__cement_trial_6,30C,30.0,cement,6,559.6427431853289,572.2970886230469
1.64,3,40C__cement_trial_1,40C,40.0,cement,1,559.6427431853289,373.5016276041667
1.64,3,40C__cement_trial_2,40C,40.0,cement,2,559.6427431853289,459.39678955078125
1.64,3,40C__cement_trial_3,40C,40.0,cement,3,559.6427431853289,370.39691162109375
1.64,3,40C__cement_trial_4,40C,40.0,cement,4,559.6427431853289,576.8434041341146
1.64,3,40C__cement_trial_5,40C,40.0,cement,5,559.6427431853289,673.5098673502604
1.64,3,40C__cement_trial_6,40C,40.0,cement,6,559.6427431853289,441.1617940266927
1.64,3,50C__cement_trial_1,50C,50.0,cement,1,559.6427431853289,421.3600158691406
1.64,3,50C__cement_trial_2,50C,50.0,cement,2,559.6427431853289,380.4330139160156
1.64,3,50C__cement_trial_3,50C,50.0,cement,3,559.6427431853289,381.4036153157552
1.64,3,50C__cement_trial_4,50C,50.0,cement,4,559.6427431853289,334.8505554199219
1.64,3,50C__cement_trial_5,50C,50.0,cement,5,559.6427431853289,597.1387736002604
1.64,3,50C__cement_trial_6,50C,50.0,cement,6,559.6427431853289,717.4416910807291
1.64,3,60C__cement_trial_1,60C,60.0,cement,1,559.6427431853289,724.9045206705729
1.64,3,60C__cement_trial_2,60C,60.0,cement,2,559.6427431853289,654.7769368489584
1.64,3,60C__cement_trial_3,60C,60.0,cement,3,559.6427431853289,692.7693277994791
1.64,3,60C__cement_trial_4,60C,60.0,cement,4,559.6427431853289,553.7292073567709
1.64,3,60C__cement_trial_5,60C,60.0,cement,5,559.6427431853289,716.2266235351562
1.64,3,60C__cement_trial_6,60C,60.0,cement,6,559.6427431853289,693.8974405924479
1.64,4,30C__copper_trial_1,30C,30.0,copper,1,37192.601414797544,1380.5328776041667
1.64,4,30C__copper_trial_2,30C,30.0,copper,2,37192.601414797544,19550.125
1.64,4,30C__copper_trial_3,30C,30.0,copper,3,37192.601414797544,16407.664388020832
1.64,4,30C__copper_trial_4,30C,30.0,copper,4,37192.601414797544,17237.4375
1.64,4,30C__copper_trial_5,30C,30.0,copper,5,37192.601414797544,15253.513346354166
1.64,4,30C__copper_trial_6,30C,30.0,copper,6,37192.601414797544,13232.042643229166
1.64,4,40C__copper_trial_1,40C,40.0,copper,1,37192.601414797544,15252.761393229166
1.64,4,40C__copper_trial_2,40C,40.0,copper,2,37192.601414797544,15533.26953125
1.64,4,40C__copper_trial_3,40C,40.0,copper,3,37192.601414797544,18618.096354166668
1.64,4,40C__copper_trial_4,40C,40.0,copper,4,37192.601414797544,9839.327473958334
1.64,4,40C__copper_trial_5,40C,40.0,copper,5,37192.601414797544,9224.250651041666
1.64,4,40C__copper_trial_6,40C,40.0,copper,6,37192.601414797544,8276.708170572916
1.64,4,50C__copper_trial_1,50C,50.0,copper,1,37192.601414797544,7014.307291666667
1.64,4,50C__copper_trial_2,50C,50.0,copper,2,37192.601414797544,13295.350911458334
1.64,4,50C__copper_trial_3,50C,50.0,copper,3,37192.601414797544,12058.743815104166
1.64,4,50C__copper_trial_4,50C,50.0,copper,4,37192.601414797544,10959.480143229166
1.64,4,50C__copper_trial_5,50C,50.0,copper,5,37192.601414797544,11399.211588541666
1.64,4,50C__copper_trial_6,50C,50.0,copper,6,37192.601414797544,9412.127115885416
1.64,4,60C__copper_trial_1,60C,60.0,copper,1,37192.601414797544,14578.279947916666
1.64,4,60C__copper_trial_2,60C,60.0,copper,2,37192.601414797544,20871.399739583332
1.64,4,60C__copper_trial_3,60C,60.0,copper,3,37192.601414797544,16165.302734375
1.64,4,60C__copper_trial_4,60C,60.0,copper,4,37192.601414797544,20780.71970620096
1.64,4,60C__copper_trial_5,60C,60.0,copper,5,37192.601414797544,14745.390625
1.64,4,60C__copper_trial_6,60C,60.0,copper,6,37192.601414797544,12719.692708333334
1.64,5,30C__cork_trial_1,30C,30.0,cork,1,136.29380029920657,123.52922821044922
1.64,5,30C__cork_trial_2,30C,30.0,cork,2,136.29380029920657,80.4484151204427
1.64,5,30C__cork_trial_3,30C,30.0,cork,3,136.29380029920657,53.44575627644857
1.64,5,30C__cork_trial_4,30C,30.0,cork,4,136.29380029920657,38.832586924235024
1.64,5,30C__cork_trial_5,30C,30.0,cork,5,136.29380029920657,57.3048947652181
1.64,5,30C__cork_trial_6,30C,30.0,cork,6,136.29380029920657,59.309922536214195
1.64,5,40C__cork_trial_1,40C,40.0,cork,1,136.29380029920657,87.07572937011719
1.64,5,40C__cork_trial_2,40C,40.0,cork,2,136.29380029920657,94.09529876708984
1.64,5,40C__cork_trial_3,40C,40.0,cork,3,136.29380029920657,95.25641632080078
1.64,5,40C__cork_trial_4,40C,40.0,cork,4,136.29380029920657,72.75017166137695
1.64,5,40C__cork_trial_5,40C,40.0,cork,5,136.29380029920657,38.962870279947914
1.64,5,40C__cork_trial_6,40C,40.0,cork,6,136.29380029920657,35.881969841052985
1.64,5,50C__cork_trial_1,50C,50.0,cork,1,136.29380029920657,452.2740987141927
1.64,5,50C__cork_trial_2,50C,50.0,cork,2,136.29380029920657,463.5280354817708
1.64,5,50C__cork_trial_3,50C,50.0,cork,3,136.29380029920657,366.0516866048177
1.64,5,50C__cork_trial_4,50C,50.0,cork,4,136.29380029920657,252.61874389648438
1.64,5,50C__cork_trial_5,50C,50.0,cork,5,136.29380029920657,451.99219767252606
1.64,5,50C__cork_trial_6,50C,50.0,cork,6,136.29380029920657,417.50414021809894
1.64,5,60C__cork_trial_1,60C,60.0,cork,1,136.29380029920657,414.53101603190106
1.64,5,60C__cork_trial_2,60C,60.0,cork,2,136.29380029920657,261.45937093098956
1.64,5,60C__cork_trial_3,60C,60.0,cork,3,136.29380029920657,289.5301513671875
1.64,5,60C__cork_trial_4,60C,60.0,cork,4,136.29380029920657,307.56275431315106
1.64,5,60C__cork_trial_5,60C,60.0,cork,5,136.29380029920657,352.5965881347656
1.64,5,60C__cork_trial_6,60C,60.0,cork,6,136.29380029920657,351.73082478841144
1.64,6,30C__graphite_trial_1,30C,30.0,graphite,1,11367.497525840945,11183.899739583334
1.64,6,30C__graphite_trial_2,30C,30.0,graphite,2,11367.497525840945,4040.5111490885415
1.64,6,30C__graphite_trial_3,30C,30.0,graphite,3,11367.497525840945,2544.5472819010415
1.64,6,30C__graphite_trial_4,30C,30.0,graphite,4,11367.497525840945,4118.696614583333
1.64,6,30C__graphite_trial_5,30C,30.0,graphite,5,11367.497525840945,3780.872802734375
1.64,6,30C__graphite_trial_6,30C,30.0,graphite,6,11367.497525840945,3565.548095703125
1.64,6,40C__graphite_trial_1,40C,40.0,graphite,1,11367.497525840945,8504.360514322916
1.64,6,40C__graphite_trial_2,40C,40.0,graphite,2,11367.497525840945,8683.035807291666
1.64,6,40C__graphite_trial_3,40C,40.0,graphite,3,11367.497525840945,5154.95166015625
1.64,6,40C__graphite_trial_4,40C,40.0,graphite,4,11367.497525840945,10343.035807291666
1.64,6,40C__graphite_trial_5,40C,40.0,graphite,5,11367.497525840945,4960.822591145833
1.64,6,40C__graphite_trial_6,40C,40.0,graphite,6,11367.497525840945,7532.278645833333
1.64,6,50C__graphite_trial_1,50C,50.0,graphite,1,11367.497525840945,18410.145182291668
1.64,6,50C__graphite_trial_2,50C,50.0,graphite,2,11367.497525840945,12311.99609375
1.64,6,50C__graphite_trial_3,50C,50.0,graphite,3,11367.497525840945,14827.740885416666
1.64,6,50C__graphite_trial_4,50C,50.0,graphite,4,11367.497525840945,15062.248697916666
1.64,6,50C__graphite_trial_5,50C,50.0,graphite,5,11367.497525840945,6950.69091796875
1.64,6,50C__graphite_trial_6,50C,50.0,graphite,6,11367.497525840945,10945.792643229166
1.64,6,60C__graphite_trial_1,60C,60.0,graphite,1,11367.497525840945,9923.042643229166
1.64,6,60C__graphite_trial_2,60C,60.0,graphite,2,11367.497525840945,11525.9072265625
1.64,6,60C__graphite_trial_3,60C,60.0,graphite,3,11367.497525840945,10286.419270833334
1.64,6,60C__graphite_trial_4,60C,60.0,graphite,4,11367.497525840945,11743.25390625
1.64,6,60C__graphite_trial_5,60C,60.0,graphite,5,11367.497525840945,8165.778971354167
1.64,6,60C__graphite_trial_6,60C,60.0,graphite,6,11367.497525840945,12443.358723958334
1.64,7,30C__gypsum_trial_1,30C,30.0,gypsum,1,385.01948002666046,237.42196655273438
1.64,7,30C__gypsum_trial_2,30C,30.0,gypsum,2,385.01948002666046,274.6730600992839
1.64,7,30C__gypsum_trial_3,30C,30.0,gypsum,3,385.01948002666046,224.84932963053384
1.64,7,30C__gypsum_trial_4,30C,30.0,gypsum,4,385.01948002666046,209.02965799967447
1.64,7,30C__gypsum_trial_5,30C,30.0,gypsum,5,385.01948002666046,210.76580810546875
1.64,7,30C__gypsum_trial_6,30C,30.0,gypsum,6,385.01948002666046,191.27022806803384
1.64,7,40C__gypsum_trial_1,40C,40.0,gypsum,1,385.01948002666046,279.26308186848956
1.64,7,40C__gypsum_trial_2,40C,40.0,gypsum,2,385.01948002666046,230.53861490885416
1.64,7,40C__gypsum_trial_3,40C,40.0,gypsum,3,385.01948002666046,226.01345825195312
1.64,7,40C__gypsum_trial_4,40C,40.0,gypsum,4,385.01948002666046,330.3882344563802
1.64,7,40C__gypsum_trial_5,40C,40.0,gypsum,5,385.01948002666046,532.3717346191406
1.64,7,40C__gypsum_trial_6,40C,40.0,gypsum,6,385.01948002666046,510.6595458984375
1.64,7,50C__gypsum_trial_1,50C,50.0,gypsum,1,385.01948002666046,684.3229573567709
1.64,7,50C__gypsum_trial_2,50C,50.0,gypsum,2,385.01948002666046,783.4046630859375
1.64,7,50C__gypsum_trial_3,50C,50.0,gypsum,3,385.01948002666046,848.2224934895834
1.64,7,50C__gypsum_trial_4,50C,50.0,gypsum,4,385.01948002666046,816.1780598958334
1.64,7,50C__gypsum_trial_5,50C,50.0,gypsum,5,385.01948002666046,739.9974568684896
1.64,7,50C__gypsum_trial_6,50C,50.0,gypsum,6,385.01948002666046,640.1844889322916
1.64,7,60C__gypsum_trial_1,60C,60.0,gypsum,1,385.01948002666046,2136.3402506510415
1.64,7,60C__gypsum_trial_2,60C,60.0,gypsum,2,385.01948002666046,1263.5015055338542
1.64,7,60C__gypsum_trial_3,60C,60.0,gypsum,3,385.01948002666046,994.5925699869791
1.64,7,60C__gypsum_trial_4,60C,60.0,gypsum,4,385.01948002666046,1702.9903564453125
1.64,7,60C__gypsum_trial_5,60C,60.0,gypsum,5,385.01948002666046,2193.8745930989585
1.64,7,60C__gypsum_trial_6,60C,60.0,gypsum,6,385.01948002666046,1832.7848714192708
1.64,8,30C__iron_trial_1,30C,30.0,iron,1,16859.663413010356,9361.496744791666
1.64,8,30C__iron_trial_2,30C,30.0,iron,2,16859.663413010356,24575.460286458332
1.64,8,30C__iron_trial_3,30C,30.0,iron,3,16859.663413010356,12549.540364583334
1.64,8,30C__iron_trial_4,30C,30.0,iron,4,16859.663413010356,17954.300130208332
1.64,8,30C__iron_trial_5,30C,30.0,iron,5,16859.663413010356,15863.099283854166
1.64,8,30C__iron_trial_6,30C,30.0,iron,6,16859.663413010356,13082.991861979166
1.64,8,40C__iron_trial_1,40C,40.0,iron,1,16859.663413010356,17422.151692708332
1.64,8,40C__iron_trial_2,40C,40.0,iron,2,16859.663413010356,9807.4365234375
1.64,8,40C__iron_trial_3,40C,40.0,iron,3,16859.663413010356,11718.609700520834
1.64,8,40C__iron_trial_4,40C,40.0,iron,4,16859.663413010356,7902.591796875
1.64,8,40C__iron_trial_5,40C,40.0,iron,5,16859.663413010356,14207.223958333334
1.64,8,40C__iron_trial_6,40C,40.0,iron,6,16859.663413010356,13607.661783854166
1.64,8,50C__iron_trial_1,50C,50.0,iron,1,16859.663413010356,10913.650716145834
1.64,8,50C__iron_trial_2,50C,50.0,iron,2,16859.663413010356,12882.7705078125
1.64,8,50C__iron_trial_3,50C,50.0,iron,3,16859.663413010356,13018.887369791666
1.64,8,50C__iron_trial_4,50C,50.0,iron,4,16859.663413010356,13989.470377604166
1.64,8,50C__iron_trial_5,50C,50.0,iron,5,16859.663413010356,13623.492838541666
1.64,8,50C__iron_trial_6,50C,50.0,iron,6,16859.663413010356,25352.744791666668
1.64,8,60C__iron_trial_1,60C,60.0,iron,1,16859.663413010356,32673.448567708332
1.64,8,60C__iron_trial_2,60C,60.0,iron,2,16859.663413010356,17667.582682291668
1.64,8,60C__iron_trial_3,60C,60.0,iron,3,16859.663413010356,16027.208658854166
1.64,8,60C__iron_trial_4,60C,60.0,iron,4,16859.663413010356,19806.607421875
1.64,8,60C__iron_trial_5,60C,60.0,iron,5,16859.663413010356,19881.845703125
1.64,8,60C__iron_trial_6,60C,60.0,iron,6,16859.663413010356,24331.424479166668
1.64,9,30C__nickel_trial_1,30C,30.0,nickel,1,19320.68449098013,12026.6962890625
1.64,9,30C__nickel_trial_2,30C,30.0,nickel,2,19320.68449098013,14834.3896484375
1.64,9,30C__nickel_trial_3,30C,30.0,nickel,3,19320.68449098013,21929.557942708332
1.64,9,30C__nickel_trial_4,30C,30.0,nickel,4,19320.68449098013,10168.989908854166
1.64,9,30C__nickel_trial_5,30C,30.0,nickel,5,19320.68449098013,21451.625
1.64,9,30C__nickel_trial_6,30C,30.0,nickel,6,19320.68449098013,25682.11328125
1.64,9,40C__nickel_trial_1,40C,40.0,nickel,1,19320.68449098013,6281.544921875
1.64,9,40C__nickel_trial_2,40C,40.0,nickel,2,19320.68449098013,13337.759440104166
1.64,9,40C__nickel_trial_3,40C,40.0,nickel,3,19320.68449098013,19488.714192708332
1.64,9,40C__nickel_trial_4,40C,40.0,nickel,4,19320.68449098013,16082.9208984375
1.64,9,40C__nickel_trial_5,40C,40.0,nickel,5,19320.68449098013,12965.280924479166
1.64,9,40C__nickel_trial_6,40C,40.0,nickel,6,19320.68449098013,11678.7958984375
1.64,9,50C__nickel_trial_1,50C,50.0,nickel,1,19320.68449098013,10830.416666666666
1.64,9,50C__nickel_trial_2,50C,50.0,nickel,2,19320.68449098013,11530.134440104166
1.64,9,50C__nickel_trial_3,50C,50.0,nickel,3,19320.68449098013,11673.431315104166
1.64,9,50C__nickel_trial_4,50C,50.0,nickel,4,19320.68449098013,12603.897135416666
1.64,9,50C__nickel_trial_5,50C,50.0,nickel,5,19320.68449098013,8460.700358072916
1.64,9,50C__nickel_trial_6,50C,50.0,nickel,6,19320.68449098013,19440.095703125
1.64,9,60C__nickel_trial_1,60C,60.0,nickel,1,19320.68449098013,12311.3857421875
1.64,9,60C__nickel_trial_2,60C,60.0,nickel,2,19320.68449098013,21001.565755208332
1.64,9,60C__nickel_trial_3,60C,60.0,nickel,3,19320.68449098013,16022.891276041666
1.64,9,60C__nickel_trial_4,60C,60.0,nickel,4,19320.68449098013,24115.928385416668
1.64,9,60C__nickel_trial_5,60C,60.0,nickel,5,19320.68449098013,19409.507161458332
1.64,9,60C__nickel_trial_6,60C,60.0,nickel,6,19320.68449098013,25114.546875
1.64,10,30C__pdms_trial_1,30C,30.0,pdms,1,460.90129095067635,234.85098775227866
1.64,10,30C__pdms_trial_2,30C,30.0,pdms,2,460.90129095067635,92.84261067708333
1.64,10,30C__pdms_trial_3,30C,30.0,pdms,3,460.90129095067635,194.72228495279947
1.64,10,30C__pdms_trial_4,30C,30.0,pdms,4,460.90129095067635,57.81852340698242
1.64,10,30C__pdms_trial_5,30C,30.0,pdms,5,460.90129095067635,134.5954564412435
1.64,10,30C__pdms_trial_6,30C,30.0,pdms,6,460.90129095067635,86.04359436035156
1.64,10,40C__pdms_trial_1,40C,40.0,pdms,1,460.90129095067635,429.52557373046875
1.64,10,40C__pdms_trial_2,40C,40.0,pdms,2,460.90129095067635,458.24583943684894
1.64,10,40C__pdms_trial_3,40C,40.0,pdms,3,460.90129095067635,539.1450805664062
1.64,10,40C__pdms_trial_4,40C,40.0,pdms,4,460.90129095067635,428.28436279296875
1.64,10,40C__pdms_trial_5,40C,40.0,pdms,5,460.90129095067635,242.55701192220053
1.64,10,40C__pdms_trial_6,40C,40.0,pdms,6,460.90129095067635,413.69814046223956
1.64,10,50C__pdms_trial_1,50C,50.0,pdms,1,460.90129095067635,245.52368672688803
1.64,10,50C__pdms_trial_2,50C,50.0,pdms,2,460.90129095067635,168.8043975830078
1.64,10,50C__pdms_trial_3,50C,50.0,pdms,3,460.90129095067635,383.6033935546875
1.64,10,50C__pdms_trial_4,50C,50.0,pdms,4,460.90129095067635,416.3381042480469
1.64,10,50C__pdms_trial_5,50C,50.0,pdms,5,460.90129095067635,342.55604044596356
1.64,10,50C__pdms_trial_6,50C,50.0,pdms,6,460.90129095067635,292.0120849609375
1.64,10,60C__pdms_trial_1,60C,60.0,pdms,1,460.90129095067635,415.4949035644531
1.64,10,60C__pdms_trial_2,60C,60.0,pdms,2,460.90129095067635,311.6277567545573
1.64,10,60C__pdms_trial_3,60C,60.0,pdms,3,460.90129095067635,336.9617513020833
1.64,10,60C__pdms_trial_4,60C,60.0,pdms,4,460.90129095067635,203.2893320719401
1.64,10,60C__pdms_trial_5,60C,60.0,pdms,5,460.90129095067635,223.49795532226562
1.64,10,60C__pdms_trial_6,60C,60.0,pdms,6,460.90129095067635,178.34375508626303
1.64,11,30C__ps_foam_trial_1,30C,30.0,ps_foam,1,34.496376621320685,355.51043701171875
1.64,11,30C__ps_foam_trial_2,30C,30.0,ps_foam,2,34.496376621320685,445.54149373372394
1.64,11,30C__ps_foam_trial_3,30C,30.0,ps_foam,3,34.496376621320685,287.1294708251953
1.64,11,30C__ps_foam_trial_4,30C,30.0,ps_foam,4,34.496376621320685,204.87692260742188
1.64,11,30C__ps_foam_trial_5,30C,30.0,ps_foam,5,34.496376621320685,193.44224548339844
1.64,11,30C__ps_foam_trial_6,30C,30.0,ps_foam,6,34.496376621320685,213.9415028889974
1.64,11,40C__ps_foam_trial_1,40C,40.0,ps_foam,1,34.496376621320685,60.82829920450846
1.64,11,40C__ps_foam_trial_2,40C,40.0,ps_foam,2,34.496376621320685,61.68596649169922
1.64,11,40C__ps_foam_trial_3,40C,40.0,ps_foam,3,34.496376621320685,50.80255889892578
1.64,11,40C__ps_foam_trial_4,40C,40.0,ps_foam,4,34.496376621320685,428.1222635904948
1.64,11,40C__ps_foam_trial_5,40C,40.0,ps_foam,5,34.496376621320685,44.15071477649648
1.64,11,40C__ps_foam_trial_6,40C,40.0,ps_foam,6,34.496376621320685,98.25089263916016
1.64,11,50C__ps_foam_trial_1,50C,50.0,ps_foam,1,34.496376621320685,62.704690297444664
1.64,11,50C__ps_foam_trial_2,50C,50.0,ps_foam,2,34.496376621320685,66.67656071980794
1.64,11,50C__ps_foam_trial_3,50C,50.0,ps_foam,3,34.496376621320685,58.8417116800944
1.64,11,50C__ps_foam_trial_4,50C,50.0,ps_foam,4,34.496376621320685,57.704368591308594
1.64,11,50C__ps_foam_trial_5,50C,50.0,ps_foam,5,34.496376621320685,71.39510854085286
1.64,11,50C__ps_foam_trial_6,50C,50.0,ps_foam,6,34.496376621320685,62.30549112955729
1.64,11,60C__ps_foam_trial_1,60C,60.0,ps_foam,1,34.496376621320685,158.85859171549478
1.64,11,60C__ps_foam_trial_2,60C,60.0,ps_foam,2,34.496376621320685,149.84791564941406
1.64,11,60C__ps_foam_trial_3,60C,60.0,ps_foam,3,34.496376621320685,151.84595489501953
1.64,11,60C__ps_foam_trial_4,60C,60.0,ps_foam,4,34.496376621320685,158.9692840576172
1.64,11,60C__ps_foam_trial_5,60C,60.0,ps_foam,5,34.496376621320685,237.86669413248697
1.64,11,60C__ps_foam_trial_6,60C,60.0,ps_foam,6,34.496376621320685,261.31493123372394
1.64,12,30C__pu_foam_trial_1,30C,30.0,pu_foam,1,42.49705872175155,111.55382283528645
1.64,12,30C__pu_foam_trial_2,30C,30.0,pu_foam,2,42.49705872175155,142.50359598795572
1.64,12,30C__pu_foam_trial_3,30C,30.0,pu_foam,3,42.49705872175155,257.431396484375
1.64,12,30C__pu_foam_trial_4,30C,30.0,pu_foam,4,42.49705872175155,256.3403676350911
1.64,12,30C__pu_foam_trial_5,30C,30.0,pu_foam,5,42.49705872175155,263.03052775065106
1.64,12,30C__pu_foam_trial_6,30C,30.0,pu_foam,6,42.49705872175155,145.00592803955078
1.64,12,40C__pu_foam_trial_1,40C,40.0,pu_foam,1,42.49705872175155,61.08467102050781
1.64,12,40C__pu_foam_trial_2,40C,40.0,pu_foam,2,42.49705872175155,113.07730865478516
1.64,12,40C__pu_foam_trial_3,40C,40.0,pu_foam,3,42.49705872175155,132.65745544433594
1.64,12,40C__pu_foam_trial_4,40C,40.0,pu_foam,4,42.49705872175155,99.92943572998047
1.64,12,40C__pu_foam_trial_5,40C,40.0,pu_foam,5,42.49705872175155,40.9089469909668
1.64,12,40C__pu_foam_trial_6,40C,40.0,pu_foam,6,42.49705872175155,57.4058723449707
1.64,12,50C__pu_foam_trial_1,50C,50.0,pu_foam,1,42.49705872175155,87.85430653889973
1.64,12,50C__pu_foam_trial_2,50C,50.0,pu_foam,2,42.49705872175155,69.56332651774089
1.64,12,50C__pu_foam_trial_3,50C,50.0,pu_foam,3,42.49705872175155,97.27324930826823
1.64,12,50C__pu_foam_trial_4,50C,50.0,pu_foam,4,42.49705872175155,98.60686492919922
1.64,12,50C__pu_foam_trial_5,50C,50.0,pu_foam,5,42.49705872175155,118.92220815022786
1.64,12,50C__pu_foam_trial_6,50C,50.0,pu_foam,6,42.49705872175155,89.10343678792317
1.64,12,60C__pu_foam_trial_1,60C,60.0,pu_foam,1,42.49705872175155,223.1023915608724
1.64,12,60C__pu_foam_trial_2,60C,60.0,pu_foam,2,42.49705872175155,1190.0780843098958
1.64,12,60C__pu_foam_trial_3,60C,60.0,pu_foam,3,42.49705872175155,251.52997843424478
1.64,12,60C__pu_foam_trial_4,60C,60.0,pu_foam,4,42.49705872175155,166.1651357014974
1.64,12,60C__pu_foam_trial_5,60C,60.0,pu_foam,5,42.49705872175155,279.3825988769531
1.64,12,60C__pu_foam_trial_6,60C,60.0,pu_foam,6,42.49705872175155,263.5039978027344
1.64,13,30C__titanium_trial_1,30C,30.0,titanium,1,7184.0359269702985,10635.682291666666
1.64,13,30C__titanium_trial_2,30C,30.0,titanium,2,7184.0359269702985,6632.7333984375
1.64,13,30C__titanium_trial_3,30C,30.0,titanium,3,7184.0359269702985,7085.159342447917
1.64,13,30C__titanium_trial_4,30C,30.0,titanium,4,7184.0359269702985,6038.839680989583
1.64,13,30C__titanium_trial_5,30C,30.0,titanium,5,7184.0359269702985,15228.149088541666
1.64,13,30C__titanium_trial_6,30C,30.0,titanium,6,7184.0359269702985,3583.6643880208335
1.64,13,40C__titanium_trial_1,40C,40.0,titanium,1,7184.0359269702985,18609.571614583332
1.64,13,40C__titanium_trial_2,40C,40.0,titanium,2,7184.0359269702985,12030.755208333334
1.64,13,40C__titanium_trial_3,40C,40.0,titanium,3,7184.0359269702985,16151.96875
1.64,13,40C__titanium_trial_4,40C,40.0,titanium,4,7184.0359269702985,10355.514973958334
1.64,13,40C__titanium_trial_5,40C,40.0,titanium,5,7184.0359269702985,18751.856119791668
1.64,13,40C__titanium_trial_6,40C,40.0,titanium,6,7184.0359269702985,17023.001302083332
1.64,13,50C__titanium_trial_1,50C,50.0,titanium,1,7184.0359269702985,14424.130533854166
1.64,13,50C__titanium_trial_2,50C,50.0,titanium,2,7184.0359269702985,6597.7431640625
1.64,13,50C__titanium_trial_3,50C,50.0,titanium,3,7184.0359269702985,12243.274739583334
1.64,13,50C__titanium_trial_4,50C,50.0,titanium,4,7184.0359269702985,14394.480794270834
1.64,13,50C__titanium_trial_5,50C,50.0,titanium,5,7184.0359269702985,10169.251627604166
1.64,13,50C__titanium_trial_6,50C,50.0,titanium,6,7184.0359269702985,16361.241861979166
1.64,13,60C__titanium_trial_1,60C,60.0,titanium,1,7184.0359269702985,8624.004720052084
1.64,13,60C__titanium_trial_2,60C,60.0,titanium,2,7184.0359269702985,10296.666666666666
1.64,13,60C__titanium_trial_3,60C,60.0,titanium,3,7184.0359269702985,10098.230143229166
1.64,13,60C__titanium_trial_4,60C,60.0,titanium,4,7184.0359269702985,12819.632486979166
1.64,13,60C__titanium_trial_5,60C,60.0,titanium,5,7184.0359269702985,11060.5166015625
1.64,13,60C__titanium_trial_6,60C,60.0,titanium,6,7184.0359269702985,12243.341145833334
1.64,14,30C__wood_trial_1,30C,30.0,wood,1,422.49260348555214,66.05648040771484
1.64,14,30C__wood_trial_2,30C,30.0,wood,2,422.49260348555214,171.31617228190103
1.64,14,30C__wood_trial_3,30C,30.0,wood,3,422.49260348555214,105.85594685872395
1.64,14,30C__wood_trial_4,30C,30.0,wood,4,422.49260348555214,78.0179951985677
1.64,14,30C__wood_trial_5,30C,30.0,wood,5,422.49260348555214,135.15889485677084
1.64,14,30C__wood_trial_6,30C,30.0,wood,6,422.49260348555214,233.97628784179688
1.64,14,40C__wood_trial_1,40C,40.0,wood,1,422.49260348555214,157.23382568359375
1.64,14,40C__wood_trial_2,40C,40.0,wood,2,422.49260348555214,171.86471048990884
1.64,14,40C__wood_trial_3,40C,40.0,wood,3,422.49260348555214,162.83949279785156
1.64,14,40C__wood_trial_4,40C,40.0,wood,4,422.49260348555214,156.89435323079428
1.64,14,40C__wood_trial_5,40C,40.0,wood,5,422.49260348555214,345.7671610514323
1.64,14,40C__wood_trial_6,40C,40.0,wood,6,422.49260348555214,236.0993194580078
1.64,14,50C__wood_trial_1,50C,50.0,wood,1,422.49260348555214,317.5615743001302
1.64,14,50C__wood_trial_2,50C,50.0,wood,2,422.49260348555214,344.4718831380208
1.64,14,50C__wood_trial_3,50C,50.0,wood,3,422.49260348555214,371.5241292317708
1.64,14,50C__wood_trial_4,50C,50.0,wood,4,422.49260348555214,312.57457478841144
1.64,14,50C__wood_trial_5,50C,50.0,wood,5,422.49260348555214,304.15834554036456
1.64,14,50C__wood_trial_6,50C,50.0,wood,6,422.49260348555214,237.64673360188803
1.64,14,60C__wood_trial_1,60C,60.0,wood,1,422.49260348555214,11362.940755208334
1.64,14,60C__wood_trial_2,60C,60.0,wood,2,422.49260348555214,4967.592692057292
1.64,14,60C__wood_trial_3,60C,60.0,wood,3,422.49260348555214,6559.736979166667
1.64,14,60C__wood_trial_4,60C,60.0,wood,4,422.49260348555214,7739.478352864583
1.64,14,60C__wood_trial_5,60C,60.0,wood,5,422.49260348555214,4751.21044921875
1.64,14,60C__wood_trial_6,60C,60.0,wood,6,422.49260348555214,622.4529825846354
2.0,1,30C__aluminum_trial_1,30C,30.0,aluminum,1,23958.09466547789,20275.94140625
2.0,1,30C__aluminum_trial_2,30C,30.0,aluminum,2,23958.09466547789,19707.352864583332
2.0,1,30C__aluminum_trial_3,30C,30.0,aluminum,3,23958.09466547789,11066.453450520834
2.0,1,30C__aluminum_trial_4,30C,30.0,aluminum,4,23958.09466547789,17751.75390625
2.0,1,30C__aluminum_trial_5,30C,30.0,aluminum,5,23958.09466547789,11171.7626953125
2.0,1,30C__aluminum_trial_6,30C,30.0,aluminum,6,23958.09466547789,12934.759114583334
2.0,1,40C__aluminum_trial_1,40C,40.0,aluminum,1,23958.09466547789,21253.250651041668
2.0,1,40C__aluminum_trial_2,40C,40.0,aluminum,2,23958.09466547789,3572.9478352864585
2.0,1,40C__aluminum_trial_3,40C,40.0,aluminum,3,23958.09466547789,26470.25390625
2.0,1,40C__aluminum_trial_4,40C,40.0,aluminum,4,23958.09466547789,12750.918294270834
2.0,1,40C__aluminum_trial_5,40C,40.0,aluminum,5,23958.09466547789,11354.602213541666
2.0,1,40C__aluminum_trial_6,40C,40.0,aluminum,6,23958.09466547789,11372.041666666666
2.0,1,50C__aluminum_trial_1,50C,50.0,aluminum,1,23958.09466547789,14574.7314453125
2.0,1,50C__aluminum_trial_2,50C,50.0,aluminum,2,23958.09466547789,10294.84716796875
2.0,1,50C__aluminum_trial_3,50C,50.0,aluminum,3,23958.09466547789,15248.104166666666
2.0,1,50C__aluminum_trial_4,50C,50.0,aluminum,4,23958.09466547789,17569.958984375
2.0,1,50C__aluminum_trial_5,50C,50.0,aluminum,5,23958.09466547789,11666.35546875
2.0,1,50C__aluminum_trial_6,50C,50.0,aluminum,6,23958.09466547789,19525.174479166668
2.0,1,60C__aluminum_trial_1,60C,60.0,aluminum,1,23958.09466547789,19498.792317708332
2.0,1,60C__aluminum_trial_2,60C,60.0,aluminum,2,23958.09466547789,17493.3984375
2.0,1,60C__aluminum_trial_3,60C,60.0,aluminum,3,23958.09466547789,13473.2802734375
2.0,1,60C__aluminum_trial_4,60C,60.0,aluminum,4,23958.09466547789,21295.92578125
2.0,1,60C__aluminum_trial_5,60C,60.0,aluminum,5,23958.09466547789,17474.418619791668
2.0,1,60C__aluminum_trial_6,60C,60.0,aluminum,6,23958.09466547789,21774.039713541668
2.0,2,30C__bismuth_trial_1,30C,30.0,bismuth,1,3209.1026783199068,8071.852701822917
2.0,2,30C__bismuth_trial_2,30C,30.0,bismuth,2,3209.1026783199068,8094.232421875
2.0,2,30C__bismuth_trial_3,30C,30.0,bismuth,3,3209.1026783199068,3786.3235677083335
2.0,2,30C__bismuth_trial_4,30C,30.0,bismuth,4,3209.1026783199068,11082.026041666666
2.0,2,30C__bismuth_trial_5,30C,30.0,bismuth,5,3209.1026783199068,4318.955403645833
2.0,2,30C__bismuth_trial_6,30C,30.0,bismuth,6,3209.1026783199068,11099.8623046875
2.0,2,40C__bismuth_trial_1,40C,40.0,bismuth,1,3209.1026783199068,14617.443033854166
2.0,2,40C__bismuth_trial_2,40C,40.0,bismuth,2,3209.1026783199068,11550.533528645834
2.0,2,40C__bismuth_trial_3,40C,40.0,bismuth,3,3209.1026783199068,9845.5625
2.0,2,40C__bismuth_trial_4,40C,40.0,bismuth,4,3209.1026783199068,10607.773763020834
2.0,2,40C__bismuth_trial_5,40C,40.0,bismuth,5,3209.1026783199068,12692.622395833334
2.0,2,40C__bismuth_trial_6,40C,40.0,bismuth,6,3209.1026783199068,12291.440104166666
2.0,2,50C__bismuth_trial_1,50C,50.0,bismuth,1,3209.1026783199068,11370.596028645834
2.0,2,50C__bismuth_trial_2,50C,50.0,bismuth,2,3209.1026783199068,16114.2412109375
2.0,2,50C__bismuth_trial_3,50C,50.0,bismuth,3,3209.1026783199068,20073.020833333332
2.0,2,50C__bismuth_trial_4,50C,50.0,bismuth,4,3209.1026783199068,15436.19921875
2.0,2,50C__bismuth_trial_5,50C,50.0,bismuth,5,3209.1026783199068,13039.593424479166
2.0,2,50C__bismuth_trial_6,50C,50.0,bismuth,6,3209.1026783199068,12541.986979166666
2.0,2,60C__bismuth_trial_1,60C,60.0,bismuth,1,3209.1026783199068,12040.0537109375
2.0,2,60C__bismuth_trial_2,60C,60.0,bismuth,2,3209.1026783199068,12657.888997395834
2.0,2,60C__bismuth_trial_3,60C,60.0,bismuth,3,3209.1026783199068,14385.890299479166
2.0,2,60C__bismuth_trial_4,60C,60.0,bismuth,4,3209.1026783199068,18097.776692708332
2.0,2,60C__bismuth_trial_5,60C,60.0,bismuth,5,3209.1026783199068,9926.0634765625
2.0,2,60C__bismuth_trial_6,60C,60.0,bismuth,6,3209.1026783199068,19226.205078125
2.0,3,30C__cement_trial_1,30C,30.0,cement,1,559.6427431853289,460.48219807942706
2.0,3,30C__cement_trial_2,30C,30.0,cement,2,559.6427431853289,483.18138631184894
2.0,3,30C__cement_trial_3,30C,30.0,cement,3,559.6427431853289,543.2643534342448
2.0,3,30C__cement_trial_4,30C,30.0,cement,4,559.6427431853289,627.2863159179688
2.0,3,30C__cement_trial_5,30C,30.0,cement,5,559.6427431853289,534.3756510416666
2.0,3,30C__cement_trial_6,30C,30.0,cement,6,559.6427431853289,577.4882202148438
2.0,3,40C__cement_trial_1,40C,40.0,cement,1,559.6427431853289,419.6088460286458
2.0,3,40C__cement_trial_2,40C,40.0,cement,2,559.6427431853289,478.03062947591144
2.0,3,40C__cement_trial_3,40C,40.0,cement,3,559.6427431853289,349.4157206217448
2.0,3,40C__cement_trial_4,40C,40.0,cement,4,559.6427431853289,613.4338989257812
2.0,3,40C__cement_trial_5,40C,40.0,cement,5,559.6427431853289,679.6615397135416
2.0,3,40C__cement_trial_6,40C,40.0,cement,6,559.6427431853289,418.23565673828125
2.0,3,50C__cement_trial_1,50C,50.0,cement,1,559.6427431853289,448.60825602213544
2.0,3,50C__cement_trial_2,50C,50.0,cement,2,559.6427431853289,351.73504638671875
2.0,3,50C__cement_trial_3,50C,50.0,cement,3,559.6427431853289,424.4868672688802
2.0,3,50C__cement_trial_4,50C,50.0,cement,4,559.6427431853289,374.2013448079427
2.0,3,50C__cement_trial_5,50C,50.0,cement,5,559.6427431853289,646.2602132161459
2.0,3,50C__cement_trial_6,50C,50.0,cement,6,559.6427431853289,685.6605631510416
2.0,3,60C__cement_trial_1,60C,60.0,cement,1,559.6427431853289,750.7798868815104
2.0,3,60C__cement_trial_2,60C,60.0,cement,2,559.6427431853289,635.4517720540365
2.0,3,60C__cement_trial_3,60C,60.0,cement,3,559.6427431853289,690.4183756510416
2.0,3,60C__cement_trial_4,60C,60.0,cement,4,559.6427431853289,569.8641357421875
2.0,3,60C__cement_trial_5,60C,60.0,cement,5,559.6427431853289,608.9341532389323
2.0,3,60C__cement_trial_6,60C,60.0,cement,6,559.6427431853289,710.1532796223959
2.0,4,30C__copper_trial_1,30C,30.0,copper,1,37192.601414797544,1358.4201253255208
2.0,4,30C__copper_trial_2,30C,30.0,copper,2,37192.601414797544,19630.509765625
2.0,4,30C__copper_trial_3,30C,30.0,copper,3,37192.601414797544,16946.287109375
2.0,4,30C__copper_trial_4,30C,30.0,copper,4,37192.601414797544,17792.913411458332
2.0,4,30C__copper_trial_5,30C,30.0,copper,5,37192.601414797544,15266.164713541666
2.0,4,30C__copper_trial_6,30C,30.0,copper,6,37192.601414797544,14036.3798828125
2.0,4,40C__copper_trial_1,40C,40.0,copper,1,37192.601414797544,15184.140950520834
2.0,4,40C__copper_trial_2,40C,40.0,copper,2,37192.601414797544,15553.775716145834
2.0,4,40C__copper_trial_3,40C,40.0,copper,3,37192.601414797544,18268.712890625
2.0,4,40C__copper_trial_4,40C,40.0,copper,4,37192.601414797544,11185.922200520834
2.0,4,40C__copper_trial_5,40C,40.0,copper,5,37192.601414797544,8742.19482421875
2.0,4,40C__copper_trial_6,40C,40.0,copper,6,37192.601414797544,8055.243001302083
2.0,4,50C__copper_trial_1,50C,50.0,copper,1,37192.601414797544,6010.046061197917
2.0,4,50C__copper_trial_2,50C,50.0,copper,2,37192.601414797544,12626.0087890625
2.0,4,50C__copper_trial_3,50C,50.0,copper,3,37192.601414797544,13303.412109375
2.0,4,50C__copper_trial_4,50C,50.0,copper,4,37192.601414797544,10487.177734375
2.0,4,50C__copper_trial_5,50C,50.0,copper,5,37192.601414797544,11921.815104166666
2.0,4,50C__copper_trial_6,50C,50.0,copper,6,37192.601414797544,9358.5078125
2.0,4,60C__copper_trial_1,60C,60.0,copper,1,37192.601414797544,13967.696614583334
2.0,4,60C__copper_trial_2,60C,60.0,copper,2,37192.601414797544,21480.04296875
2.0,4,60C__copper_trial_3,60C,60.0,copper,3,37192.601414797544,16094.71875
2.0,4,60C__copper_trial_4,60C,60.0,copper,4,37192.601414797544,20226.368489583332
2.0,4,60C__copper_trial_5,60C,60.0,copper,5,37192.601414797544,13568.7939453125
2.0,4,60C__copper_trial_6,60C,60.0,copper,6,37192.601414797544,11958.6806640625
2.0,5,30C__cork_trial_1,30C,30.0,cork,1,136.29380029920657,119.59140523274739
2.0,5,30C__cork_trial_2,30C,30.0,cork,2,136.29380029920657,83.73692830403645
2.0,5,30C__cork_trial_3,30C,30.0,cork,3,136.29380029920657,52.22442118326823
2.0,5,30C__cork_trial_4,30C,30.0,cork,4,136.29380029920657,40.32938893636068
2.0,5,30C__cork_trial_5,30C,30.0,cork,5,136.29380029920657,51.59297561645508
2.0,5,30C__cork_trial_6,30C,30.0,cork,6,136.29380029920657,62.82818603515625
2.0,5,40C__cork_trial_1,40C,40.0,cork,1,136.29380029920657,87.62311553955078
2.0,5,40C__cork_trial_2,40C,40.0,cork,2,136.29380029920657,95.84525807698567
2.0,5,40C__cork_trial_3,40C,40.0,cork,3,136.29380029920657,89.27448272705078
2.0,5,40C__cork_trial_4,40C,40.0,cork,4,136.29380029920657,71.74083201090495
2.0,5,40C__cork_trial_5,40C,40.0,cork,5,136.29380029920657,39.95948155721029
2.0,5,40C__cork_trial_6,40C,40.0,cork,6,136.29380029920657,34.860442232817306
2.0,5,50C__cork_trial_1,50C,50.0,cork,1,136.29380029920657,455.63367716471356
2.0,5,50C__cork_trial_2,50C,50.0,cork,2,136.29380029920657,452.1523132324219
2.0,5,50C__cork_trial_3,50C,50.0,cork,3,136.29380029920657,356.7391357421875
2.0,5,50C__cork_trial_4,50C,50.0,cork,4,136.29380029920657,250.85488891601562
2.0,5,50C__cork_trial_5,50C,50.0,cork,5,136.29380029920657,428.3378397623698
2.0,5,50C__cork_trial_6,50C,50.0,cork,6,136.29380029920657,417.33092244466144
2.0,5,60C__cork_trial_1,60C,60.0,cork,1,136.29380029920657,366.6699727376302
2.0,5,60C__cork_trial_2,60C,60.0,cork,2,136.29380029920657,269.83005777994794
2.0,5,60C__cork_trial_3,60C,60.0,cork,3,136.29380029920657,277.58681233723956
2.0,5,60C__cork_trial_4,60C,60.0,cork,4,136.29380029920657,305.75351969401044
2.0,5,60C__cork_trial_5,60C,60.0,cork,5,136.29380029920657,364.42369588216144
2.0,5,60C__cork_trial_6,60C,60.0,cork,6,136.29380029920657,345.50596110026044
2.0,6,30C__graphite_trial_1,30C,30.0,graphite,1,11367.497525840945,10813.475260416666
2.0,6,30C__graphite_trial_2,30C,30.0,graphite,2,11367.497525840945,3591.5863444010415
2.0,6,30C__graphite_trial_3,30C,30.0,graphite,3,11367.497525840945,2337.006551106771
2.0,6,30C__graphite_trial_4,30C,30.0,graphite,4,11367.497525840945,4181.662190755208
2.0,6,30C__graphite_trial_5,30C,30.0,graphite,5,11367.497525840945,3542.620361328125
2.0,6,30C__graphite_trial_6,30C,30.0,graphite,6,11367.497525840945,3648.0995279947915
2.0,6,40C__graphite_trial_1,40C,40.0,graphite,1,11367.497525840945,9580.745768229166
2.0,6,40C__graphite_trial_2,40C,40.0,graphite,2,11367.497525840945,8551.257975260416
2.0,6,40C__graphite_trial_3,40C,40.0,graphite,3,11367.497525840945,5282.839518229167
2.0,6,40C__graphite_trial_4,40C,40.0,graphite,4,11367.497525840945,11012.232096354166
2.0,6,40C__graphite_trial_5,40C,40.0,graphite,5,11367.497525840945,4356.282633463542
2.0,6,40C__graphite_trial_6,40C,40.0,graphite,6,11367.497525840945,8059.627115885417
2.0,6,50C__graphite_trial_1,50C,50.0,graphite,1,11367.497525840945,15946.719075520834
2.0,6,50C__graphite_trial_2,50C,50.0,graphite,2,11367.497525840945,14083.6142578125
2.0,6,50C__graphite_trial_3,50C,50.0,graphite,3,11367.497525840945,15786.10546875
2.0,6,50C__graphite_trial_4,50C,50.0,graphite,4,11367.497525840945,19548.347981770832
2.0,6,50C__graphite_trial_5,50C,50.0,graphite,5,11367.497525840945,7320.678548177083
2.0,6,50C__graphite_trial_6,50C,50.0,graphite,6,11367.497525840945,13455.799479166666
2.0,6,60C__graphite_trial_1,60C,60.0,graphite,1,11367.497525840945,10278.403971354166
2.0,6,60C__graphite_trial_2,60C,60.0,graphite,2,11367.497525840945,12153.340169270834
2.0,6,60C__graphite_trial_3,60C,60.0,graphite,3,11367.497525840945,11700.0205078125
2.0,6,60C__graphite_trial_4,60C,60.0,graphite,4,11367.497525840945,13208.3564453125
2.0,6,60C__graphite_trial_5,60C,60.0,graphite,5,11367.497525840945,9048.972819010416
2.0,6,60C__graphite_trial_6,60C,60.0,graphite,6,11367.497525840945,13307.544596354166
2.0,7,30C__gypsum_trial_1,30C,30.0,gypsum,1,385.01948002666046,226.50374857584634
2.0,7,30C__gypsum_trial_2,30C,30.0,gypsum,2,385.01948002666046,271.89788309733075
2.0,7,30C__gypsum_trial_3,30C,30.0,gypsum,3,385.01948002666046,211.8548380533854
2.0,7,30C__gypsum_trial_4,30C,30.0,gypsum,4,385.01948002666046,205.59904988606772
2.0,7,30C__gypsum_trial_5,30C,30.0,gypsum,5,385.01948002666046,210.25836690266928
2.0,7,30C__gypsum_trial_6,30C,30.0,gypsum,6,385.01948002666046,198.3116251627604
2.0,7,40C__gypsum_trial_1,40C,40.0,gypsum,1,385.01948002666046,272.09666442871094
2.0,7,40C__gypsum_trial_2,40C,40.0,gypsum,2,385.01948002666046,232.8057657877604
2.0,7,40C__gypsum_trial_3,40C,40.0,gypsum,3,385.01948002666046,204.97643025716147
2.0,7,40C__gypsum_trial_4,40C,40.0,gypsum,4,385.01948002666046,302.0610656738281
2.0,7,40C__gypsum_trial_5,40C,40.0,gypsum,5,385.01948002666046,583.9728190104166
2.0,7,40C__gypsum_trial_6,40C,40.0,gypsum,6,385.01948002666046,516.8356119791666
2.0,7,50C__gypsum_trial_1,50C,50.0,gypsum,1,385.01948002666046,672.1192830403646
2.0,7,50C__gypsum_trial_2,50C,50.0,gypsum,2,385.01948002666046,747.840576171875
2.0,7,50C__gypsum_trial_3,50C,50.0,gypsum,3,385.01948002666046,781.2365112304688
2.0,7,50C__gypsum_trial_4,50C,50.0,gypsum,4,385.01948002666046,743.9019165039062
2.0,7,50C__gypsum_trial_5,50C,50.0,gypsum,5,385.01948002666046,786.1243489583334
2.0,7,50C__gypsum_trial_6,50C,50.0,gypsum,6,385.01948002666046,617.5213826497396
2.0,7,60C__gypsum_trial_1,60C,60.0,gypsum,1,385.01948002666046,2164.94873046875
2.0,7,60C__gypsum_trial_2,60C,60.0,gypsum,2,385.01948002666046,1284.5010172526042
2.0,7,60C__gypsum_trial_3,60C,60.0,gypsum,3,385.01948002666046,981.5549519856771
2.0,7,60C__gypsum_trial_4,60C,60.0,gypsum,4,385.01948002666046,1764.99853515625
2.0,7,60C__gypsum_trial_5,60C,60.0,gypsum,5,385.01948002666046,2135.0101725260415
2.0,7,60C__gypsum_trial_6,60C,60.0,gypsum,6,385.01948002666046,1830.0184733072917
2.0,8,30C__iron_trial_1,30C,30.0,iron,1,16859.663413010356,9634.925130208334
2.0,8,30C__iron_trial_2,30C,30.0,iron,2,16859.663413010356,24576.337890625
2.0,8,30C__iron_trial_3,30C,30.0,iron,3,16859.663413010356,13111.939453125
2.0,8,30C__iron_trial_4,30C,30.0,iron,4,16859.663413010356,17762.078450520832
2.0,8,30C__iron_trial_5,30C,30.0,iron,5,16859.663413010356,14759.592122395834
2.0,8,30C__iron_trial_6,30C,30.0,iron,6,16859.663413010356,14071.682291666666
2.0,8,40C__iron_trial_1,40C,40.0,iron,1,16859.663413010356,19460.541666666668
2.0,8,40C__iron_trial_2,40C,40.0,iron,2,16859.663413010356,10064.660481770834
2.0,8,40C__iron_trial_3,40C,40.0,iron,3,16859.663413010356,11299.08544921875
2.0,8,40C__iron_trial_4,40C,40.0,iron,4,16859.663413010356,7804.728841145833
2.0,8,40C__iron_trial_5,40C,40.0,iron,5,16859.663413010356,13792.21875
2.0,8,40C__iron_trial_6,40C,40.0,iron,6,16859.663413010356,14125.2529296875
2.0,8,50C__iron_trial_1,50C,50.0,iron,1,16859.663413010356,10189.655924479166
2.0,8,50C__iron_trial_2,50C,50.0,iron,2,16859.663413010356,12649.380859375
2.0,8,50C__iron_trial_3,50C,50.0,iron,3,16859.663413010356,13324.661783854166
2.0,8,50C__iron_trial_4,50C,50.0,iron,4,16859.663413010356,13633.297526041666
2.0,8,50C__iron_trial_5,50C,50.0,iron,5,16859.663413010356,13908.564778645834
2.0,8,50C__iron_trial_6,50C,50.0,iron,6,16859.663413010356,25547.391276041668
2.0,8,60C__iron_trial_1,60C,60.0,iron,1,16859.663413010356,31951.515625
2.0,8,60C__iron_trial_2,60C,60.0,iron,2,16859.663413010356,17577.221028645832
2.0,8,60C__iron_trial_3,60C,60.0,iron,3,16859.663413010356,15780.5068359375
2.0,8,60C__iron_trial_4,60C,60.0,iron,4,16859.663413010356,19836.210286458332
2.0,8,60C__iron_trial_5,60C,60.0,iron,5,16859.663413010356,20940.275390625
2.0,8,60C__iron_trial_6,60C,60.0,iron,6,16859.663413010356,20023.018880208332
2.0,9,30C__nickel_trial_1,30C,30.0,nickel,1,19320.68449098013,12263.213541666666
2.0,9,30C__nickel_trial_2,30C,30.0,nickel,2,19320.68449098013,14208.4775390625
2.0,9,30C__nickel_trial_3,30C,30.0,nickel,3,19320.68449098013,20314.610026041668
2.0,9,30C__nickel_trial_4,30C,30.0,nickel,4,19320.68449098013,9805.715494791666
2.0,9,30C__nickel_trial_5,30C,30.0,nickel,5,19320.68449098013,20093.981119791668
2.0,9,30C__nickel_trial_6,30C,30.0,nickel,6,19320.68449098013,27141.6171875
2.0,9,40C__nickel_trial_1,40C,40.0,nickel,1,19320.68449098013,6038.702473958333
2.0,9,40C__nickel_trial_2,40C,40.0,nickel,2,19320.68449098013,12378.711588541666
2.0,9,40C__nickel_trial_3,40C,40.0,nickel,3,19320.68449098013,18658.293619791668
2.0,9,40C__nickel_trial_4,40C,40.0,nickel,4,19320.68449098013,15253.593424479166
2.0,9,40C__nickel_trial_5,40C,40.0,nickel,5,19320.68449098013,12666.546223958334
2.0,9,40C__nickel_trial_6,40C,40.0,nickel,6,19320.68449098013,12906.354817708334
2.0,9,50C__nickel_trial_1,50C,50.0,nickel,1,19320.68449098013,10822.558919270834
2.0,9,50C__nickel_trial_2,50C,50.0,nickel,2,19320.68449098013,11593.4072265625
2.0,9,50C__nickel_trial_3,50C,50.0,nickel,3,19320.68449098013,12823.447265625
2.0,9,50C__nickel_trial_4,50C,50.0,nickel,4,19320.68449098013,12281.427083333334
2.0,9,50C__nickel_trial_5,50C,50.0,nickel,5,19320.68449098013,7967.901692708333
2.0,9,50C__nickel_trial_6,50C,50.0,nickel,6,19320.68449098013,18672.263020833332
2.0,9,60C__nickel_trial_1,60C,60.0,nickel,1,19320.68449098013,11051.2744140625
2.0,9,60C__nickel_trial_2,60C,60.0,nickel,2,19320.68449098013,21607.240234375
2.0,9,60C__nickel_trial_3,60C,60.0,nickel,3,19320.68449098013,14824.9453125
2.0,9,60C__nickel_trial_4,60C,60.0,nickel,4,19320.68449098013,23610.513671875
2.0,9,60C__nickel_trial_5,60C,60.0,nickel,5,19320.68449098013,17892.297526041668
2.0,9,60C__nickel_trial_6,60C,60.0,nickel,6,19320.68449098013,24287.55859375
2.0,10,30C__pdms_trial_1,30C,30.0,pdms,1,460.90129095067635,215.28778076171875
2.0,10,30C__pdms_trial_2,30C,30.0,pdms,2,460.90129095067635,92.3626200358073
2.0,10,30C__pdms_trial_3,30C,30.0,pdms,3,460.90129095067635,167.4608154296875
2.0,10,30C__pdms_trial_4,30C,30.0,pdms,4,460.90129095067635,59.865952809651695
2.0,10,30C__pdms_trial_5,30C,30.0,pdms,5,460.90129095067635,159.93248240152994
2.0,10,30C__pdms_trial_6,30C,30.0,pdms,6,460.90129095067635,76.26981099446614
2.0,10,40C__pdms_trial_1,40C,40.0,pdms,1,460.90129095067635,448.07140096028644
2.0,10,40C__pdms_trial_2,40C,40.0,pdms,2,460.90129095067635,469.67735799153644
2.0,10,40C__pdms_trial_3,40C,40.0,pdms,3,460.90129095067635,508.5777893066406
2.0,10,40C__pdms_trial_4,40C,40.0,pdms,4,460.90129095067635,427.81226603190106
2.0,10,40C__pdms_trial_5,40C,40.0,pdms,5,460.90129095067635,238.42809549967447
2.0,10,40C__pdms_trial_6,40C,40.0,pdms,6,460.90129095067635,372.21445719401044
2.0,10,50C__pdms_trial_1,50C,50.0,pdms,1,460.90129095067635,249.27752176920572
2.0,10,50C__pdms_trial_2,50C,50.0,pdms,2,460.90129095067635,164.12157694498697
2.0,10,50C__pdms_trial_3,50C,50.0,pdms,3,460.90129095067635,362.49609375
2.0,10,50C__pdms_trial_4,50C,50.0,pdms,4,460.90129095067635,385.18747965494794
2.0,10,50C__pdms_trial_5,50C,50.0,pdms,5,460.90129095067635,307.04840087890625
2.0,10,50C__pdms_trial_6,50C,50.0,pdms,6,460.90129095067635,317.4759521484375
2.0,10,60C__pdms_trial_1,60C,60.0,pdms,1,460.90129095067635,428.27745564778644
2.0,10,60C__pdms_trial_2,60C,60.0,pdms,2,460.90129095067635,354.5310363769531
2.0,10,60C__pdms_trial_3,60C,60.0,pdms,3,460.90129095067635,396.30047607421875
2.0,10,60C__pdms_trial_4,60C,60.0,pdms,4,460.90129095067635,207.04653930664062
2.0,10,60C__pdms_trial_5,60C,60.0,pdms,5,460.90129095067635,237.9582773844401
2.0,10,60C__pdms_trial_6,60C,60.0,pdms,6,460.90129095067635,190.78583272298178
2.0,11,30C__ps_foam_trial_1,30C,30.0,ps_foam,1,34.496376621320685,395.23353068033856
2.0,11,30C__ps_foam_trial_2,30C,30.0,ps_foam,2,34.496376621320685,445.57080078125
2.0,11,30C__ps_foam_trial_3,30C,30.0,ps_foam,3,34.496376621320685,311.16124471028644
2.0,11,30C__ps_foam_trial_4,30C,30.0,ps_foam,4,34.496376621320685,224.48131815592447
2.0,11,30C__ps_foam_trial_5,30C,30.0,ps_foam,5,34.496376621320685,207.64088439941406
2.0,11,30C__ps_foam_trial_6,30C,30.0,ps_foam,6,34.496376621320685,251.47359212239584
2.0,11,40C__ps_foam_trial_1,40C,40.0,ps_foam,1,34.496376621320685,53.10618464152018
2.0,11,40C__ps_foam_trial_2,40C,40.0,ps_foam,2,34.496376621320685,62.23284149169922
2.0,11,40C__ps_foam_trial_3,40C,40.0,ps_foam,3,34.496376621320685,55.51410166422526
2.0,11,40C__ps_foam_trial_4,40C,40.0,ps_foam,4,34.496376621320685,429.43482462565106
2.0,11,40C__ps_foam_trial_5,40C,40.0,ps_foam,5,34.496376621320685,44.194344789574735
2.0,11,40C__ps_foam_trial_6,40C,40.0,ps_foam,6,34.496376621320685,92.89625040690105
2.0,11,50C__ps_foam_trial_1,50C,50.0,ps_foam,1,34.496376621320685,60.656996409098305
2.0,11,50C__ps_foam_trial_2,50C,50.0,ps_foam,2,34.496376621320685,67.46596781412761
2.0,11,50C__ps_foam_trial_3,50C,50.0,ps_foam,3,34.496376621320685,65.77614466349284
2.0,11,50C__ps_foam_trial_4,50C,50.0,ps_foam,4,34.496376621320685,60.25904846191406
2.0,11,50C__ps_foam_trial_5,50C,50.0,ps_foam,5,34.496376621320685,77.35565185546875
2.0,11,50C__ps_foam_trial_6,50C,50.0,ps_foam,6,34.496376621320685,61.9870719909668
2.0,11,60C__ps_foam_trial_1,60C,60.0,ps_foam,1,34.496376621320685,135.6606877644857
2.0,11,60C__ps_foam_trial_2,60C,60.0,ps_foam,2,34.496376621320685,128.1698735555013
2.0,11,60C__ps_foam_trial_3,60C,60.0,ps_foam,3,34.496376621320685,116.61753845214844
2.0,11,60C__ps_foam_trial_4,60C,60.0,ps_foam,4,34.496376621320685,148.0396728515625
2.0,11,60C__ps_foam_trial_5,60C,60.0,ps_foam,5,34.496376621320685,221.88077799479166
2.0,11,60C__ps_foam_trial_6,60C,60.0,ps_foam,6,34.496376621320685,228.7794189453125
2.0,12,30C__pu_foam_trial_1,30C,30.0,pu_foam,1,42.49705872175155,92.2135747273763
2.0,12,30C__pu_foam_trial_2,30C,30.0,pu_foam,2,42.49705872175155,145.3028767903646
2.0,12,30C__pu_foam_trial_3,30C,30.0,pu_foam,3,42.49705872175155,227.83025105794272
2.0,12,30C__pu_foam_trial_4,30C,30.0,pu_foam,4,42.49705872175155,260.3871714274089
2.0,12,30C__pu_foam_trial_5,30C,30.0,pu_foam,5,42.49705872175155,237.97832234700522
2.0,12,30C__pu_foam_trial_6,30C,30.0,pu_foam,6,42.49705872175155,126.08804066975911
2.0,12,40C__pu_foam_trial_1,40C,40.0,pu_foam,1,42.49705872175155,63.841349283854164
2.0,12,40C__pu_foam_trial_2,40C,40.0,pu_foam,2,42.49705872175155,95.77963765462239
2.0,12,40C__pu_foam_trial_3,40C,40.0,pu_foam,3,42.49705872175155,130.68414560953775
2.0,12,40C__pu_foam_trial_4,40C,40.0,pu_foam,4,42.49705872175155,101.95143381754558
2.0,12,40C__pu_foam_trial_5,40C,40.0,pu_foam,5,42.49705872175155,41.43612416585287
2.0,12,40C__pu_foam_trial_6,40C,40.0,pu_foam,6,42.49705872175155,59.165452321370445
2.0,12,50C__pu_foam_trial_1,50C,50.0,pu_foam,1,42.49705872175155,86.1951904296875
2.0,12,50C__pu_foam_trial_2,50C,50.0,pu_foam,2,42.49705872175155,87.60545349121094
2.0,12,50C__pu_foam_trial_3,50C,50.0,pu_foam,3,42.49705872175155,132.9108403523763
2.0,12,50C__pu_foam_trial_4,50C,50.0,pu_foam,4,42.49705872175155,89.39620463053386
2.0,12,50C__pu_foam_trial_5,50C,50.0,pu_foam,5,42.49705872175155,105.07652791341145
2.0,12,50C__pu_foam_trial_6,50C,50.0,pu_foam,6,42.49705872175155,118.60418955485027
2.0,12,60C__pu_foam_trial_1,60C,60.0,pu_foam,1,42.49705872175155,236.23881022135416
2.0,12,60C__pu_foam_trial_2,60C,60.0,pu_foam,2,42.49705872175155,1162.6888427734375
2.0,12,60C__pu_foam_trial_3,60C,60.0,pu_foam,3,42.49705872175155,231.76907348632812
2.0,12,60C__pu_foam_trial_4,60C,60.0,pu_foam,4,42.49705872175155,160.76138305664062
2.0,12,60C__pu_foam_trial_5,60C,60.0,pu_foam,5,42.49705872175155,279.2921142578125
2.0,12,60C__pu_foam_trial_6,60C,60.0,pu_foam,6,42.49705872175155,261.3795979817708
2.0,13,30C__titanium_trial_1,30C,30.0,titanium,1,7184.0359269702985,10113.0458984375
2.0,13,30C__titanium_trial_2,30C,30.0,titanium,2,7184.0359269702985,6097.823079427083
2.0,13,30C__titanium_trial_3,30C,30.0,titanium,3,7184.0359269702985,6993.138997395833
2.0,13,30C__titanium_trial_4,30C,30.0,titanium,4,7184.0359269702985,6811.241861979167
2.0,13,30C__titanium_trial_5,30C,30.0,titanium,5,7184.0359269702985,14235.164713541666
2.0,13,30C__titanium_trial_6,30C,30.0,titanium,6,7184.0359269702985,2898.1277669270835
2.0,13,40C__titanium_trial_1,40C,40.0,titanium,1,7184.0359269702985,17663.8662109375
2.0,13,40C__titanium_trial_2,40C,40.0,titanium,2,7184.0359269702985,12553.86328125
2.0,13,40C__titanium_trial_3,40C,40.0,titanium,3,7184.0359269702985,16816.347330729168
2.0,13,40C__titanium_trial_4,40C,40.0,titanium,4,7184.0359269702985,11814.544921875
2.0,13,40C__titanium_trial_5,40C,40.0,titanium,5,7184.0359269702985,21107.580729166668
2.0,13,40C__titanium_trial_6,40C,40.0,titanium,6,7184.0359269702985,17216.7958984375
2.0,13,50C__titanium_trial_1,50C,50.0,titanium,1,7184.0359269702985,13702.713541666666
2.0,13,50C__titanium_trial_2,50C,50.0,titanium,2,7184.0359269702985,6414.345540364583
2.0,13,50C__titanium_trial_3,50C,50.0,titanium,3,7184.0359269702985,12259.734700520834
2.0,13,50C__titanium_trial_4,50C,50.0,titanium,4,7184.0359269702985,14598.310872395834
2.0,13,50C__titanium_trial_5,50C,50.0,titanium,5,7184.0359269702985,10604.145833333334
2.0,13,50C__titanium_trial_6,50C,50.0,titanium,6,7184.0359269702985,14825.639973958334
2.0,13,60C__titanium_trial_1,60C,60.0,titanium,1,7184.0359269702985,9264.445475260416
2.0,13,60C__titanium_trial_2,60C,60.0,titanium,2,7184.0359269702985,9669.606282552084
2.0,13,60C__titanium_trial_3,60C,60.0,titanium,3,7184.0359269702985,9428.9267578125
2.0,13,60C__titanium_trial_4,60C,60.0,titanium,4,7184.0359269702985,11793.607747395834
2.0,13,60C__titanium_trial_5,60C,60.0,titanium,5,7184.0359269702985,10261.445963541666
2.0,13,60C__titanium_trial_6,60C,60.0,titanium,6,7184.0359269702985,13328.88671875
2.0,14,30C__wood_trial_1,30C,30.0,wood,1,422.49260348555214,65.94294738769531
2.0,14,30C__wood_trial_2,30C,30.0,wood,2,422.49260348555214,178.81759134928384
2.0,14,30C__wood_trial_3,30C,30.0,wood,3,422.49260348555214,100.27065785725911
2.0,14,30C__wood_trial_4,30C,30.0,wood,4,422.49260348555214,78.65133921305339
2.0,14,30C__wood_trial_5,30C,30.0,wood,5,422.49260348555214,124.49832407633464
2.0,14,30C__wood_trial_6,30C,30.0,wood,6,422.49260348555214,202.5005900065104
2.0,14,40C__wood_trial_1,40C,40.0,wood,1,422.49260348555214,156.8810272216797
2.0,14,40C__wood_trial_2,40C,40.0,wood,2,422.49260348555214,178.0829620361328
2.0,14,40C__wood_trial_3,40C,40.0,wood,3,422.49260348555214,186.43810017903647
2.0,14,40C__wood_trial_4,40C,40.0,wood,4,422.49260348555214,148.46147664388022
2.0,14,40C__wood_trial_5,40C,40.0,wood,5,422.49260348555214,330.1754150390625
2.0,14,40C__wood_trial_6,40C,40.0,wood,6,422.49260348555214,218.61135864257812
2.0,14,50C__wood_trial_1,50C,50.0,wood,1,422.49260348555214,309.86341349283856
2.0,14,50C__wood_trial_2,50C,50.0,wood,2,422.49260348555214,342.49021402994794
2.0,14,50C__wood_trial_3,50C,50.0,wood,3,422.49260348555214,381.27866617838544
2.0,14,50C__wood_trial_4,50C,50.0,wood,4,422.49260348555214,312.1328633626302
2.0,14,50C__wood_trial_5,50C,50.0,wood,5,422.49260348555214,297.54689534505206
2.0,14,50C__wood_trial_6,50C,50.0,wood,6,422.49260348555214,254.0578358968099
2.0,14,60C__wood_trial_1,60C,60.0,wood,1,422.49260348555214,11219.948567708334
2.0,14,60C__wood_trial_2,60C,60.0,wood,2,422.49260348555214,4392.717692057292
2.0,14,60C__wood_trial_3,60C,60.0,wood,3,422.49260348555214,6335.285807291667
2.0,14,60C__wood_trial_4,60C,60.0,wood,4,422.49260348555214,8442.021484375
2.0,14,60C__wood_trial_5,60C,60.0,wood,5,422.49260348555214,4987.490641276042
2.0,14,60C__wood_trial_6,60C,60.0,wood,6,422.49260348555214,530.7119649251302
3.0,1,30C__aluminum_trial_1,30C,30.0,aluminum,1,23958.09466547789,18373.501627604168
3.0,1,30C__aluminum_trial_2,30C,30.0,aluminum,2,23958.09466547789,18633.001302083332
3.0,1,30C__aluminum_trial_3,30C,30.0,aluminum,3,23958.09466547789,9955.766276041666
3.0,1,30C__aluminum_trial_4,30C,30.0,aluminum,4,23958.09466547789,19041.983723958332
3.0,1,30C__aluminum_trial_5,30C,30.0,aluminum,5,23958.09466547789,12011.991536458334
3.0,1,30C__aluminum_trial_6,30C,30.0,aluminum,6,23958.09466547789,13204.2509765625
3.0,1,40C__aluminum_trial_1,40C,40.0,aluminum,1,23958.09466547789,24762.806640625
3.0,1,40C__aluminum_trial_2,40C,40.0,aluminum,2,23958.09466547789,3673.608642578125
3.0,1,40C__aluminum_trial_3,40C,40.0,aluminum,3,23958.09466547789,26808.489583333332
3.0,1,40C__aluminum_trial_4,40C,40.0,aluminum,4,23958.09466547789,14190.0712890625
3.0,1,40C__aluminum_trial_5,40C,40.0,aluminum,5,23958.09466547789,11192.304036458334
3.0,1,40C__aluminum_trial_6,40C,40.0,aluminum,6,23958.09466547789,11577.246419270834
3.0,1,50C__aluminum_trial_1,50C,50.0,aluminum,1,23958.09466547789,16689.7783203125
3.0,1,50C__aluminum_trial_2,50C,50.0,aluminum,2,23958.09466547789,8911.615559895834
3.0,1,50C__aluminum_trial_3,50C,50.0,aluminum,3,23958.09466547789,13677.43359375
3.0,1,50C__aluminum_trial_4,50C,50.0,aluminum,4,23958.09466547789,19120.15625
3.0,1,50C__aluminum_trial_5,50C,50.0,aluminum,5,23958.09466547789,11424.047200520834
3.0,1,50C__aluminum_trial_6,50C,50.0,aluminum,6,23958.09466547789,20777.342447916668
3.0,1,60C__aluminum_trial_1,60C,60.0,aluminum,1,23958.09466547789,17906.569661458332
3.0,1,60C__aluminum_trial_2,60C,60.0,aluminum,2,23958.09466547789,19125.2880859375
3.0,1,60C__aluminum_trial_3,60C,60.0,aluminum,3,23958.09466547789,12757.4677734375
3.0,1,60C__aluminum_trial_4,60C,60.0,aluminum,4,23958.09466547789,22787.498697916668
3.0,1,60C__aluminum_trial_5,60C,60.0,aluminum,5,23958.09466547789,18485.608723958332
3.0,1,60C__aluminum_trial_6,60C,60.0,aluminum,6,23958.09466547789,23012.392578125
3.0,2,30C__bismuth_trial_1,30C,30.0,bismuth,1,3209.1026783199068,7295.109375
3.0,2,30C__bismuth_trial_2,30C,30.0,bismuth,2,3209.1026783199068,11851.436848958334
3.0,2,30C__bismuth_trial_3,30C,30.0,bismuth,3,3209.1026783199068,3923.493408203125
3.0,2,30C__bismuth_trial_4,30C,30.0,bismuth,4,3209.1026783199068,11766.5576171875
3.0,2,30C__bismuth_trial_5,30C,30.0,bismuth,5,3209.1026783199068,4353.092692057292
3.0,2,30C__bismuth_trial_6,30C,30.0,bismuth,6,3209.1026783199068,9529.9619140625
3.0,2,40C__bismuth_trial_1,40C,40.0,bismuth,1,3209.1026783199068,15373.289388020834
3.0,2,40C__bismuth_trial_2,40C,40.0,bismuth,2,3209.1026783199068,12042.638346354166
3.0,2,40C__bismuth_trial_3,40C,40.0,bismuth,3,3209.1026783199068,11209.590494791666
3.0,2,40C__bismuth_trial_4,40C,40.0,bismuth,4,3209.1026783199068,11447.571940104166
3.0,2,40C__bismuth_trial_5,40C,40.0,bismuth,5,3209.1026783199068,12590.081705729166
3.0,2,40C__bismuth_trial_6,40C,40.0,bismuth,6,3209.1026783199068,13202.750651041666
3.0,2,50C__bismuth_trial_1,50C,50.0,bismuth,1,3209.1026783199068,11537.744466145834
3.0,2,50C__bismuth_trial_2,50C,50.0,bismuth,2,3209.1026783199068,16852.656901041668
3.0,2,50C__bismuth_trial_3,50C,50.0,bismuth,3,3209.1026783199068,21560.432291666668
3.0,2,50C__bismuth_trial_4,50C,50.0,bismuth,4,3209.1026783199068,17531.844401041668
3.0,2,50C__bismuth_trial_5,50C,50.0,bismuth,5,3209.1026783199068,13467.768229166666
3.0,2,50C__bismuth_trial_6,50C,50.0,bismuth,6,3209.1026783199068,13044.16796875
3.0,2,60C__bismuth_trial_1,60C,60.0,bismuth,1,3209.1026783199068,12946.840494791666
3.0,2,60C__bismuth_trial_2,60C,60.0,bismuth,2,3209.1026783199068,12516.6220703125
3.0,2,60C__bismuth_trial_3,60C,60.0,bismuth,3,3209.1026783199068,12917.186197916666
3.0,2,60C__bismuth_trial_4,60C,60.0,bismuth,4,3209.1026783199068,17587.8349609375
3.0,2,60C__bismuth_trial_5,60C,60.0,bismuth,5,3209.1026783199068,10951.9990234375
3.0,2,60C__bismuth_trial_6,60C,60.0,bismuth,6,3209.1026783199068,19084.777669270832
3.0,3,30C__cement_trial_1,30C,30.0,cement,1,559.6427431853289,418.7311096191406
3.0,3,30C__cement_trial_2,30C,30.0,cement,2,559.6427431853289,445.3020731608073
3.0,3,30C__cement_trial_3,30C,30.0,cement,3,559.6427431853289,543.4954325358073
3.0,3,30C__cement_trial_4,30C,30.0,cement,4,559.6427431853289,657.7539876302084
3.0,3,30C__cement_trial_5,30C,30.0,cement,5,559.6427431853289,502.98902384440106
3.0,3,30C__cement_trial_6,30C,30.0,cement,6,559.6427431853289,585.8661905924479
3.0,3,40C__cement_trial_1,40C,40.0,cement,1,559.6427431853289,423.17128499348956
3.0,3,40C__cement_trial_2,40C,40.0,cement,2,559.6427431853289,409.2627766927083
3.0,3,40C__cement_trial_3,40C,40.0,cement,3,559.6427431853289,329.3512369791667
3.0,3,40C__cement_trial_4,40C,40.0,cement,4,559.6427431853289,610.4103495279948
3.0,3,40C__cement_trial_5,40C,40.0,cement,5,559.6427431853289,720.7138468424479
3.0,3,40C__cement_trial_6,40C,40.0,cement,6,559.6427431853289,406.75220743815106
3.0,3,50C__cement_trial_1,50C,50.0,cement,1,559.6427431853289,400.2614237467448
3.0,3,50C__cement_trial_2,50C,50.0,cement,2,559.6427431853289,344.2675069173177
3.0,3,50C__cement_trial_3,50C,50.0,cement,3,559.6427431853289,369.9068094889323
3.0,3,50C__cement_trial_4,50C,50.0,cement,4,559.6427431853289,329.65895589192706
3.0,3,50C__cement_trial_5,50C,50.0,cement,5,559.6427431853289,565.7374674479166
3.0,3,50C__cement_trial_6,50C,50.0,cement,6,559.6427431853289,607.4216918945312
3.0,3,60C__cement_trial_1,60C,60.0,cement,1,559.6427431853289,940.6646931966146
3.0,3,60C__cement_trial_2,60C,60.0,cement,2,559.6427431853289,703.6591186523438
3.0,3,60C__cement_trial_3,60C,60.0,cement,3,559.6427431853289,833.0805257161459
3.0,3,60C__cement_trial_4,60C,60.0,cement,4,559.6427431853289,635.999267578125
3.0,3,60C__cement_trial_5,60C,60.0,cement,5,559.6427431853289,764.1971028645834
3.0,3,60C__cement_trial_6,60C,60.0,cement,6,559.6427431853289,725.0457763671875
3.0,4,30C__copper_trial_1,30C,30.0,copper,1,37192.601414797544,1414.4309488932292
3.0,4,30C__copper_trial_2,30C,30.0,copper,2,37192.601414797544,19392.216145833332
3.0,4,30C__copper_trial_3,30C,30.0,copper,3,37192.601414797544,16726.515950520832
3.0,4,30C__copper_trial_4,30C,30.0,copper,4,37192.601414797544,16459.285807291668
3.0,4,30C__copper_trial_5,30C,30.0,copper,5,37192.601414797544,14464.538736979166
3.0,4,30C__copper_trial_6,30C,30.0,copper,6,37192.601414797544,14856.694986979166
3.0,4,40C__copper_trial_1,40C,40.0,copper,1,37192.601414797544,14510.811197916666
3.0,4,40C__copper_trial_2,40C,40.0,copper,2,37192.601414797544,17233.984375
3.0,4,40C__copper_trial_3,40C,40.0,copper,3,37192.601414797544,18182.340494791668
3.0,4,40C__copper_trial_4,40C,40.0,copper,4,37192.601414797544,9271.74560546875
3.0,4,40C__copper_trial_5,40C,40.0,copper,5,37192.601414797544,7824.576985677083
3.0,4,40C__copper_trial_6,40C,40.0,copper,6,37192.601414797544,7096.17822265625
3.0,4,50C__copper_trial_1,50C,50.0,copper,1,37192.601414797544,5732.36328125
3.0,4,50C__copper_trial_2,50C,50.0,copper,2,37192.601414797544,11974.390950520834
3.0,4,50C__copper_trial_3,50C,50.0,copper,3,37192.601414797544,11779.616861979166
3.0,4,50C__copper_trial_4,50C,50.0,copper,4,37192.601414797544,10407.328776041666
3.0,4,50C__copper_trial_5,50C,50.0,copper,5,37192.601414797544,11585.935546875
3.0,4,50C__copper_trial_6,50C,50.0,copper,6,37192.601414797544,9424.419921875
3.0,4,60C__copper_trial_1,60C,60.0,copper,1,37192.601414797544,13408.6591796875
3.0,4,60C__copper_trial_2,60C,60.0,copper,2,37192.601414797544,20561.155598958332
3.0,4,60C__copper_trial_3,60C,60.0,copper,3,37192.601414797544,14214.6416015625
3.0,4,60C__copper_trial_4,60C,60.0,copper,4,37192.601414797544,19298.091796875
3.0,4,60C__copper_trial_5,60C,60.0,copper,5,37192.601414797544,13162.9912109375
3.0,4,60C__copper_trial_6,60C,60.0,copper,6,37192.601414797544,11244.680338541666
3.0,5,30C__cork_trial_1,30C,30.0,cork,1,136.29380029920657,157.00018310546875
3.0,5,30C__cork_trial_2,30C,30.0,cork,2,136.29380029920657,74.61375172932942
3.0,5,30C__cork_trial_3,30C,30.0,cork,3,136.29380029920657,50.300278981526695
3.0,5,30C__cork_trial_4,30C,30.0,cork,4,136.29380029920657,42.94913228352865
3.0,5,30C__cork_trial_5,30C,30.0,cork,5,136.29380029920657,63.37859598795573
3.0,5,30C__cork_trial_6,30C,30.0,cork,6,136.29380029920657,66.19496663411458
3.0,5,40C__cork_trial_1,40C,40.0,cork,1,136.29380029920657,81.29401397705078
3.0,5,40C__cork_trial_2,40C,40.0,cork,2,136.29380029920657,100.25931549072266
3.0,5,40C__cork_trial_3,40C,40.0,cork,3,136.29380029920657,83.57315572102864
3.0,5,40C__cork_trial_4,40C,40.0,cork,4,136.29380029920657,69.04790115356445
3.0,5,40C__cork_trial_5,40C,40.0,cork,5,136.29380029920657,37.73950087613358
3.0,5,40C__cork_trial_6,40C,40.0,cork,6,136.29380029920657,34.496376621320685
3.0,5,50C__cork_trial_1,50C,50.0,cork,1,136.29380029920657,430.7349446614583
3.0,5,50C__cork_trial_2,50C,50.0,cork,2,136.29380029920657,447.68885294596356
3.0,5,50C__cork_trial_3,50C,50.0,cork,3,136.29380029920657,409.0029703776042
3.0,5,50C__cork_trial_4,50C,50.0,cork,4,136.29380029920657,280.36913045247394
3.0,5,50C__cork_trial_5,50C,50.0,cork,5,136.29380029920657,435.2330627441406
3.0,5,50C__cork_trial_6,50C,50.0,cork,6,136.29380029920657,387.1251729329427
3.0,5,60C__cork_trial_1,60C,60.0,cork,1,136.29380029920657,406.1669108072917
3.0,5,60C__cork_trial_2,60C,60.0,cork,2,136.29380029920657,317.8264872233073
3.0,5,60C__cork_trial_3,60C,60.0,cork,3,136.29380029920657,333.07435099283856
3.0,5,60C__cork_trial_4,60C,60.0,cork,4,136.29380029920657,346.37786865234375
3.0,5,60C__cork_trial_5,60C,60.0,cork,5,136.29380029920657,366.1967061360677
3.0,5,60C__cork_trial_6,60C,60.0,cork,6,136.29380029920657,419.31248982747394
3.0,6,30C__graphite_trial_1,30C,30.0,graphite,1,11367.497525840945,12103.1845703125
3.0,6,30C__graphite_trial_2,30C,30.0,graphite,2,11367.497525840945,4018.1538899739585
3.0,6,30C__graphite_trial_3,30C,30.0,graphite,3,11367.497525840945,2197.4401041666665
3.0,6,30C__graphite_trial_4,30C,30.0,graphite,4,11367.497525840945,3884.0536295572915
3.0,6,30C__graphite_trial_5,30C,30.0,graphite,5,11367.497525840945,3666.165771484375
3.0,6,30C__graphite_trial_6,30C,30.0,graphite,6,11367.497525840945,4027.4755859375
3.0,6,40C__graphite_trial_1,40C,40.0,graphite,1,11367.497525840945,9078.236328125
3.0,6,40C__graphite_trial_2,40C,40.0,graphite,2,11367.497525840945,8334.574381510416
3.0,6,40C__graphite_trial_3,40C,40.0,graphite,3,11367.497525840945,7347.729166666667
3.0,6,40C__graphite_trial_4,40C,40.0,graphite,4,11367.497525840945,10866.14453125
3.0,6,40C__graphite_trial_5,40C,40.0,graphite,5,11367.497525840945,4162.705647786458
3.0,6,40C__graphite_trial_6,40C,40.0,graphite,6,11367.497525840945,7886.450846354167
3.0,6,50C__graphite_trial_1,50C,50.0,graphite,1,11367.497525840945,18415.54296875
3.0,6,50C__graphite_trial_2,50C,50.0,graphite,2,11367.497525840945,13765.274739583334
3.0,6,50C__graphite_trial_3,50C,50.0,graphite,3,11367.497525840945,14088.11328125
3.0,6,50C__graphite_trial_4,50C,50.0,graphite,4,11367.497525840945,19365.002604166668
3.0,6,50C__graphite_trial_5,50C,50.0,graphite,5,11367.497525840945,6720.869954427083
3.0,6,50C__graphite_trial_6,50C,50.0,graphite,6,11367.497525840945,14579.234375
3.0,6,60C__graphite_trial_1,60C,60.0,graphite,1,11367.497525840945,10045.080729166666
3.0,6,60C__graphite_trial_2,60C,60.0,graphite,2,11367.497525840945,12530.989908854166
3.0,6,60C__graphite_trial_3,60C,60.0,graphite,3,11367.497525840945,10140.456705729166
3.0,6,60C__graphite_trial_4,60C,60.0,graphite,4,11367.497525840945,13351.648763020834
3.0,6,60C__graphite_trial_5,60C,60.0,graphite,5,11367.497525840945,8525.778157552084
3.0,6,60C__graphite_trial_6,60C,60.0,graphite,6,11367.497525840945,13421.69140625
3.0,7,30C__gypsum_trial_1,30C,30.0,gypsum,1,385.01948002666046,216.59366861979166
3.0,7,30C__gypsum_trial_2,30C,30.0,gypsum,2,385.01948002666046,263.3596496582031
3.0,7,30C__gypsum_trial_3,30C,30.0,gypsum,3,385.01948002666046,202.65532430013022
3.0,7,30C__gypsum_trial_4,30C,30.0,gypsum,4,385.01948002666046,185.76921590169272
3.0,7,30C__gypsum_trial_5,30C,30.0,gypsum,5,385.01948002666046,209.53629048665366
3.0,7,30C__gypsum_trial_6,30C,30.0,gypsum,6,385.01948002666046,196.6874033610026
3.0,7,40C__gypsum_trial_1,40C,40.0,gypsum,1,385.01948002666046,255.2240956624349
3.0,7,40C__gypsum_trial_2,40C,40.0,gypsum,2,385.01948002666046,220.10338338216147
3.0,7,40C__gypsum_trial_3,40C,40.0,gypsum,3,385.01948002666046,223.02404276529947
3.0,7,40C__gypsum_trial_4,40C,40.0,gypsum,4,385.01948002666046,323.8515218098958
3.0,7,40C__gypsum_trial_5,40C,40.0,gypsum,5,385.01948002666046,569.2876993815104
3.0,7,40C__gypsum_trial_6,40C,40.0,gypsum,6,385.01948002666046,503.7113850911458
3.0,7,50C__gypsum_trial_1,50C,50.0,gypsum,1,385.01948002666046,682.6492716471354
3.0,7,50C__gypsum_trial_2,50C,50.0,gypsum,2,385.01948002666046,729.9043782552084
3.0,7,50C__gypsum_trial_3,50C,50.0,gypsum,3,385.01948002666046,755.2140706380209
3.0,7,50C__gypsum_trial_4,50C,50.0,gypsum,4,385.01948002666046,770.035400390625
3.0,7,50C__gypsum_trial_5,50C,50.0,gypsum,5,385.01948002666046,769.6632893880209
3.0,7,50C__gypsum_trial_6,50C,50.0,gypsum,6,385.01948002666046,589.4128824869791
3.0,7,60C__gypsum_trial_1,60C,60.0,gypsum,1,385.01948002666046,2280.1282552083335
3.0,7,60C__gypsum_trial_2,60C,60.0,gypsum,2,385.01948002666046,1299.4972330729167
3.0,7,60C__gypsum_trial_3,60C,60.0,gypsum,3,385.01948002666046,972.5257771809896
3.0,7,60C__gypsum_trial_4,60C,60.0,gypsum,4,385.01948002666046,1546.7615559895833
3.0,7,60C__gypsum_trial_5,60C,60.0,gypsum,5,385.01948002666046,1744.0222981770833
3.0,7,60C__gypsum_trial_6,60C,60.0,gypsum,6,385.01948002666046,1899.4357096354167
3.0,8,30C__iron_trial_1,30C,30.0,iron,1,16859.663413010356,10067.963541666666
3.0,8,30C__iron_trial_2,30C,30.0,iron,2,16859.663413010356,22024.84375
3.0,8,30C__iron_trial_3,30C,30.0,iron,3,16859.663413010356,13300.097981770834
3.0,8,30C__iron_trial_4,30C,30.0,iron,4,16859.663413010356,18407.326171875
3.0,8,30C__iron_trial_5,30C,30.0,iron,5,16859.663413010356,15090.605143229166
3.0,8,30C__iron_trial_6,30C,30.0,iron,6,16859.663413010356,13871.926432291666
3.0,8,40C__iron_trial_1,40C,40.0,iron,1,16859.663413010356,18905.057291666668
3.0,8,40C__iron_trial_2,40C,40.0,iron,2,16859.663413010356,10472.972330729166
3.0,8,40C__iron_trial_3,40C,40.0,iron,3,16859.663413010356,9552.089029947916
3.0,8,40C__iron_trial_4,40C,40.0,iron,4,16859.663413010356,7412.4453125
3.0,8,40C__iron_trial_5,40C,40.0,iron,5,16859.663413010356,15191.207682291666
3.0,8,40C__iron_trial_6,40C,40.0,iron,6,16859.663413010356,14792.9677734375
3.0,8,50C__iron_trial_1,50C,50.0,iron,1,16859.663413010356,10985.448567708334
3.0,8,50C__iron_trial_2,50C,50.0,iron,2,16859.663413010356,12311.048177083334
3.0,8,50C__iron_trial_3,50C,50.0,iron,3,16859.663413010356,11240.888346354166
3.0,8,50C__iron_trial_4,50C,50.0,iron,4,16859.663413010356,10995.8564453125
3.0,8,50C__iron_trial_5,50C,50.0,iron,5,16859.663413010356,15880.445638020834
3.0,8,50C__iron_trial_6,50C,50.0,iron,6,16859.663413010356,23760.463541666668
3.0,8,60C__iron_trial_1,60C,60.0,iron,1,16859.663413010356,31729.356119791668
3.0,8,60C__iron_trial_2,60C,60.0,iron,2,16859.663413010356,18183.274088541668
3.0,8,60C__iron_trial_3,60C,60.0,iron,3,16859.663413010356,16687.064778645832
3.0,8,60C__iron_trial_4,60C,60.0,iron,4,16859.663413010356,18413.270833333332
3.0,8,60C__iron_trial_5,60C,60.0,iron,5,16859.663413010356,19368.451822916668
3.0,8,60C__iron_trial_6,60C,60.0,iron,6,16859.663413010356,23244.452473958332
3.0,9,30C__nickel_trial_1,30C,30.0,nickel,1,19320.68449098013,12145.187825520834
3.0,9,30C__nickel_trial_2,30C,30.0,nickel,2,19320.68449098013,13836.2744140625
3.0,9,30C__nickel_trial_3,30C,30.0,nickel,3,19320.68449098013,18743.24609375
3.0,9,30C__nickel_trial_4,30C,30.0,nickel,4,19320.68449098013,9378.173014322916
3.0,9,30C__nickel_trial_5,30C,30.0,nickel,5,19320.68449098013,18853.834309895832
3.0,9,30C__nickel_trial_6,30C,30.0,nickel,6,19320.68449098013,20510.935872395832
3.0,9,40C__nickel_trial_1,40C,40.0,nickel,1,19320.68449098013,6243.948404947917
3.0,9,40C__nickel_trial_2,40C,40.0,nickel,2,19320.68449098013,10401.3603515625
3.0,9,40C__nickel_trial_3,40C,40.0,nickel,3,19320.68449098013,20057.560546875
3.0,9,40C__nickel_trial_4,40C,40.0,nickel,4,19320.68449098013,15587.5849609375
3.0,9,40C__nickel_trial_5,40C,40.0,nickel,5,19320.68449098013,13732.448567708334
3.0,9,40C__nickel_trial_6,40C,40.0,nickel,6,19320.68449098013,12608.888997395834
3.0,9,50C__nickel_trial_1,50C,50.0,nickel,1,19320.68449098013,11729.771809895834
3.0,9,50C__nickel_trial_2,50C,50.0,nickel,2,19320.68449098013,11609.824544270834
3.0,9,50C__nickel_trial_3,50C,50.0,nickel,3,19320.68449098013,13213.834635416666
3.0,9,50C__nickel_trial_4,50C,50.0,nickel,4,19320.68449098013,12764.315755208334
3.0,9,50C__nickel_trial_5,50C,50.0,nickel,5,19320.68449098013,7936.77294921875
3.0,9,50C__nickel_trial_6,50C,50.0,nickel,6,19320.68449098013,17773.152018229168
3.0,9,60C__nickel_trial_1,60C,60.0,nickel,1,19320.68449098013,10540.822591145834
3.0,9,60C__nickel_trial_2,60C,60.0,nickel,2,19320.68449098013,22045.692057291668
3.0,9,60C__nickel_trial_3,60C,60.0,nickel,3,19320.68449098013,14700.8369140625
3.0,9,60C__nickel_trial_4,60C,60.0,nickel,4,19320.68449098013,24440.971354166668
3.0,9,60C__nickel_trial_5,60C,60.0,nickel,5,19320.68449098013,18927.434895833332
3.0,9,60C__nickel_trial_6,60C,60.0,nickel,6,19320.68449098013,24120.970052083332
3.0,10,30C__pdms_trial_1,30C,30.0,pdms,1,460.90129095067635,216.23897298177084
3.0,10,30C__pdms_trial_2,30C,30.0,pdms,2,460.90129095067635,107.82192484537761
3.0,10,30C__pdms_trial_3,30C,30.0,pdms,3,460.90129095067635,173.838623046875
3.0,10,30C__pdms_trial_4,30C,30.0,pdms,4,460.90129095067635,57.09064610799154
3.0,10,30C__pdms_trial_5,30C,30.0,pdms,5,460.90129095067635,129.9721883138021
3.0,10,30C__pdms_trial_6,30C,30.0,pdms,6,460.90129095067635,81.83444722493489
3.0,10,40C__pdms_trial_1,40C,40.0,pdms,1,460.90129095067635,406.5143534342448
3.0,10,40C__pdms_trial_2,40C,40.0,pdms,2,460.90129095067635,472.2231852213542
3.0,10,40C__pdms_trial_3,40C,40.0,pdms,3,460.90129095067635,492.01246134440106
3.0,10,40C__pdms_trial_4,40C,40.0,pdms,4,460.90129095067635,452.85064697265625
3.0,10,40C__pdms_trial_5,40C,40.0,pdms,5,460.90129095067635,230.05704243977866
3.0,10,40C__pdms_trial_6,40C,40.0,pdms,6,460.90129095067635,368.0713399251302
3.0,10,50C__pdms_trial_1,50C,50.0,pdms,1,460.90129095067635,267.08298746744794
3.0,10,50C__pdms_trial_2,50C,50.0,pdms,2,460.90129095067635,165.90935770670572
3.0,10,50C__pdms_trial_3,50C,50.0,pdms,3,460.90129095067635,352.6106465657552
3.0,10,50C__pdms_trial_4,50C,50.0,pdms,4,460.90129095067635,378.09840901692706
3.0,10,50C__pdms_trial_5,50C,50.0,pdms,5,460.90129095067635,313.66143798828125
3.0,10,50C__pdms_trial_6,50C,50.0,pdms,6,460.90129095067635,320.4958902994792
3.0,10,60C__pdms_trial_1,60C,60.0,pdms,1,460.90129095067635,486.5351257324219
3.0,10,60C__pdms_trial_2,60C,60.0,pdms,2,460.90129095067635,339.9472351074219
3.0,10,60C__pdms_trial_3,60C,60.0,pdms,3,460.90129095067635,376.833984375
3.0,10,60C__pdms_trial_4,60C,60.0,pdms,4,460.90129095067635,222.7605997721354
3.0,10,60C__pdms_trial_5,60C,60.0,pdms,5,460.90129095067635,234.76041158040366
3.0,10,60C__pdms_trial_6,60C,60.0,pdms,6,460.90129095067635,176.22028605143228
3.0,11,30C__ps_foam_trial_1,30C,30.0,ps_foam,1,34.496376621320685,520.3532206217448
3.0,11,30C__ps_foam_trial_2,30C,30.0,ps_foam,2,34.496376621320685,568.9289754231771
3.0,11,30C__ps_foam_trial_3,30C,30.0,ps_foam,3,34.496376621320685,317.9064229329427
3.0,11,30C__ps_foam_trial_4,30C,30.0,ps_foam,4,34.496376621320685,236.77322387695312
3.0,11,30C__ps_foam_trial_5,30C,30.0,ps_foam,5,34.496376621320685,210.1508026123047
3.0,11,30C__ps_foam_trial_6,30C,30.0,ps_foam,6,34.496376621320685,243.07806905110678
3.0,11,40C__ps_foam_trial_1,40C,40.0,ps_foam,1,34.496376621320685,59.95198059082031
3.0,11,40C__ps_foam_trial_2,40C,40.0,ps_foam,2,34.496376621320685,62.55631891886393
3.0,11,40C__ps_foam_trial_3,40C,40.0,ps_foam,3,34.496376621320685,52.79306279698034
3.0,11,40C__ps_foam_trial_4,40C,40.0,ps_foam,4,34.496376621320685,626.8362019856771
3.0,11,40C__ps_foam_trial_5,40C,40.0,ps_foam,5,34.496376621320685,50.69231155593216
3.0,11,40C__ps_foam_trial_6,40C,40.0,ps_foam,6,34.496376621320685,98.90575663248698
3.0,11,50C__ps_foam_trial_1,50C,50.0,ps_foam,1,34.496376621320685,57.89428202311198
3.0,11,50C__ps_foam_trial_2,50C,50.0,ps_foam,2,34.496376621320685,69.95877075195312
3.0,11,50C__ps_foam_trial_3,50C,50.0,ps_foam,3,34.496376621320685,61.7796745300293
3.0,11,50C__ps_foam_trial_4,50C,50.0,ps_foam,4,34.496376621320685,63.04024887084961
3.0,11,50C__ps_foam_trial_5,50C,50.0,ps_foam,5,34.496376621320685,72.20574061075847
3.0,11,50C__ps_foam_trial_6,50C,50.0,ps_foam,6,34.496376621320685,58.97241719563802
3.0,11,60C__ps_foam_trial_1,60C,60.0,ps_foam,1,34.496376621320685,144.30994669596353
3.0,11,60C__ps_foam_trial_2,60C,60.0,ps_foam,2,34.496376621320685,121.83482106526692
3.0,11,60C__ps_foam_trial_3,60C,60.0,ps_foam,3,34.496376621320685,132.15552775065103
3.0,11,60C__ps_foam_trial_4,60C,60.0,ps_foam,4,34.496376621320685,157.31061553955078
3.0,11,60C__ps_foam_trial_5,60C,60.0,ps_foam,5,34.496376621320685,151.10789489746094
3.0,11,60C__ps_foam_trial_6,60C,60.0,ps_foam,6,34.496376621320685,251.98110961914062
3.0,12,30C__pu_foam_trial_1,30C,30.0,pu_foam,1,42.49705872175155,84.91598510742188
3.0,12,30C__pu_foam_trial_2,30C,30.0,pu_foam,2,42.49705872175155,130.7905756632487
3.0,12,30C__pu_foam_trial_3,30C,30.0,pu_foam,3,42.49705872175155,232.53703816731772
3.0,12,30C__pu_foam_trial_4,30C,30.0,pu_foam,4,42.49705872175155,236.18413798014322
3.0,12,30C__pu_foam_trial_5,30C,30.0,pu_foam,5,42.49705872175155,258.4036509195964
3.0,12,30C__pu_foam_trial_6,30C,30.0,pu_foam,6,42.49705872175155,151.45251973470053
3.0,12,40C__pu_foam_trial_1,40C,40.0,pu_foam,1,42.49705872175155,47.07359186808268
3.0,12,40C__pu_foam_trial_2,40C,40.0,pu_foam,2,42.49705872175155,115.79727935791016
3.0,12,40C__pu_foam_trial_3,40C,40.0,pu_foam,3,42.49705872175155,148.8263397216797
3.0,12,40C__pu_foam_trial_4,40C,40.0,pu_foam,4,42.49705872175155,84.3708381652832
3.0,12,40C__pu_foam_trial_5,40C,40.0,pu_foam,5,42.49705872175155,38.94995880126953
3.0,12,40C__pu_foam_trial_6,40C,40.0,pu_foam,6,42.49705872175155,48.37818908691406
3.0,12,50C__pu_foam_trial_1,50C,50.0,pu_foam,1,42.49705872175155,80.74093627929688
3.0,12,50C__pu_foam_trial_2,50C,50.0,pu_foam,2,42.49705872175155,62.523704528808594
3.0,12,50C__pu_foam_trial_3,50C,50.0,pu_foam,3,42.49705872175155,100.27669016520183
3.0,12,50C__pu_foam_trial_4,50C,50.0,pu_foam,4,42.49705872175155,95.21876271565755
3.0,12,50C__pu_foam_trial_5,50C,50.0,pu_foam,5,42.49705872175155,106.36514536539714
3.0,12,50C__pu_foam_trial_6,50C,50.0,pu_foam,6,42.49705872175155,84.5434061686198
3.0,12,60C__pu_foam_trial_1,60C,60.0,pu_foam,1,42.49705872175155,188.38289388020834
3.0,12,60C__pu_foam_trial_2,60C,60.0,pu_foam,2,42.49705872175155,1218.6344807942708
3.0,12,60C__pu_foam_trial_3,60C,60.0,pu_foam,3,42.49705872175155,298.46238708496094
3.0,12,60C__pu_foam_trial_4,60C,60.0,pu_foam,4,42.49705872175155,166.54759216308594
3.0,12,60C__pu_foam_trial_5,60C,60.0,pu_foam,5,42.49705872175155,268.15831502278644
3.0,12,60C__pu_foam_trial_6,60C,60.0,pu_foam,6,42.49705872175155,244.4918009440104
3.0,13,30C__titanium_trial_1,30C,30.0,titanium,1,7184.0359269702985,10386.382161458334
3.0,13,30C__titanium_trial_2,30C,30.0,titanium,2,7184.0359269702985,6579.15283203125
3.0,13,30C__titanium_trial_3,30C,30.0,titanium,3,7184.0359269702985,6311.304361979167
3.0,13,30C__titanium_trial_4,30C,30.0,titanium,4,7184.0359269702985,6674.84326171875
3.0,13,30C__titanium_trial_5,30C,30.0,titanium,5,7184.0359269702985,11658.145833333334
3.0,13,30C__titanium_trial_6,30C,30.0,titanium,6,7184.0359269702985,3534.7106119791665
3.0,13,40C__titanium_trial_1,40C,40.0,titanium,1,7184.0359269702985,16222.638671875
3.0,13,40C__titanium_trial_2,40C,40.0,titanium,2,7184.0359269702985,12044.6455078125
3.0,13,40C__titanium_trial_3,40C,40.0,titanium,3,7184.0359269702985,16401.424153645832
3.0,13,40C__titanium_trial_4,40C,40.0,titanium,4,7184.0359269702985,11279.693033854166
3.0,13,40C__titanium_trial_5,40C,40.0,titanium,5,7184.0359269702985,19338.51171875
3.0,13,40C__titanium_trial_6,40C,40.0,titanium,6,7184.0359269702985,17026.417643229168
3.0,13,50C__titanium_trial_1,50C,50.0,titanium,1,7184.0359269702985,13110.048177083334
3.0,13,50C__titanium_trial_2,50C,50.0,titanium,2,7184.0359269702985,7510.069986979167
3.0,13,50C__titanium_trial_3,50C,50.0,titanium,3,7184.0359269702985,16612.414713541668
3.0,13,50C__titanium_trial_4,50C,50.0,titanium,4,7184.0359269702985,13545.113932291666
3.0,13,50C__titanium_trial_5,50C,50.0,titanium,5,7184.0359269702985,12256.673828125
3.0,13,50C__titanium_trial_6,50C,50.0,titanium,6,7184.0359269702985,13871.426106770834
3.0,13,60C__titanium_trial_1,60C,60.0,titanium,1,7184.0359269702985,10645.713541666666
3.0,13,60C__titanium_trial_2,60C,60.0,titanium,2,7184.0359269702985,8931.686197916666
3.0,13,60C__titanium_trial_3,60C,60.0,titanium,3,7184.0359269702985,9026.150716145834
3.0,13,60C__titanium_trial_4,60C,60.0,titanium,4,7184.0359269702985,13146.633463541666
3.0,13,60C__titanium_trial_5,60C,60.0,titanium,5,7184.0359269702985,10176.9873046875
3.0,13,60C__titanium_trial_6,60C,60.0,titanium,6,7184.0359269702985,13296.348958333334
3.0,14,30C__wood_trial_1,30C,30.0,wood,1,422.49260348555214,69.63393274943034
3.0,14,30C__wood_trial_2,30C,30.0,wood,2,422.49260348555214,171.35501607259116
3.0,14,30C__wood_trial_3,30C,30.0,wood,3,422.49260348555214,111.75674692789714
3.0,14,30C__wood_trial_4,30C,30.0,wood,4,422.49260348555214,93.46907043457031
3.0,14,30C__wood_trial_5,30C,30.0,wood,5,422.49260348555214,110.86544036865234
3.0,14,30C__wood_trial_6,30C,30.0,wood,6,422.49260348555214,214.98603312174478
3.0,14,40C__wood_trial_1,40C,40.0,wood,1,422.49260348555214,159.6033681233724
3.0,14,40C__wood_trial_2,40C,40.0,wood,2,422.49260348555214,161.01829528808594
3.0,14,40C__wood_trial_3,40C,40.0,wood,3,422.49260348555214,185.2022959391276
3.0,14,40C__wood_trial_4,40C,40.0,wood,4,422.49260348555214,141.33417256673178
3.0,14,40C__wood_trial_5,40C,40.0,wood,5,422.49260348555214,317.58774820963544
3.0,14,40C__wood_trial_6,40C,40.0,wood,6,422.49260348555214,204.86982218424478
3.0,14,50C__wood_trial_1,50C,50.0,wood,1,422.49260348555214,317.0786641438802
3.0,14,50C__wood_trial_2,50C,50.0,wood,2,422.49260348555214,360.92919921875
3.0,14,50C__wood_trial_3,50C,50.0,wood,3,422.49260348555214,369.4416809082031
3.0,14,50C__wood_trial_4,50C,50.0,wood,4,422.49260348555214,309.7376302083333
3.0,14,50C__wood_trial_5,50C,50.0,wood,5,422.49260348555214,330.6200663248698
3.0,14,50C__wood_trial_6,50C,50.0,wood,6,422.49260348555214,275.8341827392578
3.0,14,60C__wood_trial_1,60C,60.0,wood,1,422.49260348555214,11221.3798828125
3.0,14,60C__wood_trial_2,60C,60.0,wood,2,422.49260348555214,5173.511555989583
3.0,14,60C__wood_trial_3,60C,60.0,wood,3,422.49260348555214,6055.46240234375
3.0,14,60C__wood_trial_4,60C,60.0,wood,4,422.49260348555214,7860.033365885417
3.0,14,60C__wood_trial_5,60C,60.0,wood,5,422.49260348555214,4875.45166015625
3.0,14,60C__wood_trial_6,60C,60.0,wood,6,422.49260348555214,513.6356302897135
5.0,1,30C__aluminum_trial_1,30C,30.0,aluminum,1,23958.09466547789,19651.72265625
5.0,1,30C__aluminum_trial_2,30C,30.0,aluminum,2,23958.09466547789,19948.0859375
5.0,1,30C__aluminum_trial_3,30C,30.0,aluminum,3,23958.09466547789,10956.5869140625
5.0,1,30C__aluminum_trial_4,30C,30.0,aluminum,4,23958.09466547789,18195.690755208332
5.0,1,30C__aluminum_trial_5,30C,30.0,aluminum,5,23958.09466547789,11247.324869791666
5.0,1,30C__aluminum_trial_6,30C,30.0,aluminum,6,23958.09466547789,12514.057942708334
5.0,1,40C__aluminum_trial_1,40C,40.0,aluminum,1,23958.09466547789,23283.362630208332
5.0,1,40C__aluminum_trial_2,40C,40.0,aluminum,2,23958.09466547789,2870.0750325520835
5.0,1,40C__aluminum_trial_3,40C,40.0,aluminum,3,23958.09466547789,25828.399088541668
5.0,1,40C__aluminum_trial_4,40C,40.0,aluminum,4,23958.09466547789,13400.011067708334
5.0,1,40C__aluminum_trial_5,40C,40.0,aluminum,5,23958.09466547789,11711.580078125
5.0,1,40C__aluminum_trial_6,40C,40.0,aluminum,6,23958.09466547789,11028.772786458334
5.0,1,50C__aluminum_trial_1,50C,50.0,aluminum,1,23958.09466547789,16431.6005859375
5.0,1,50C__aluminum_trial_2,50C,50.0,aluminum,2,23958.09466547789,8769.7421875
5.0,1,50C__aluminum_trial_3,50C,50.0,aluminum,3,23958.09466547789,13163.404296875
5.0,1,50C__aluminum_trial_4,50C,50.0,aluminum,4,23958.09466547789,17971.255859375
5.0,1,50C__aluminum_trial_5,50C,50.0,aluminum,5,23958.09466547789,10418.197428385416
5.0,1,50C__aluminum_trial_6,50C,50.0,aluminum,6,23958.09466547789,20573.623697916668
5.0,1,60C__aluminum_trial_1,60C,60.0,aluminum,1,23958.09466547789,19585.48046875
5.0,1,60C__aluminum_trial_2,60C,60.0,aluminum,2,23958.09466547789,20329.462239583332
5.0,1,60C__aluminum_trial_3,60C,60.0,aluminum,3,23958.09466547789,14296.310546875
5.0,1,60C__aluminum_trial_4,60C,60.0,aluminum,4,23958.09466547789,22796.643880208332
5.0,1,60C__aluminum_trial_5,60C,60.0,aluminum,5,23958.09466547789,17817.447265625
5.0,1,60C__aluminum_trial_6,60C,60.0,aluminum,6,23958.09466547789,22443.46875
5.0,2,30C__bismuth_trial_1,30C,30.0,bismuth,1,3209.1026783199068,6396.76416015625
5.0,2,30C__bismuth_trial_2,30C,30.0,bismuth,2,3209.1026783199068,10915.026692708334
5.0,2,30C__bismuth_trial_3,30C,30.0,bismuth,3,3209.1026783199068,4108.745849609375
5.0,2,30C__bismuth_trial_4,30C,30.0,bismuth,4,3209.1026783199068,10982.123046875
5.0,2,30C__bismuth_trial_5,30C,30.0,bismuth,5,3209.1026783199068,4433.780598958333
5.0,2,30C__bismuth_trial_6,30C,30.0,bismuth,6,3209.1026783199068,10548.916015625
5.0,2,40C__bismuth_trial_1,40C,40.0,bismuth,1,3209.1026783199068,14457.3359375
5.0,2,40C__bismuth_trial_2,40C,40.0,bismuth,2,3209.1026783199068,10738.399739583334
5.0,2,40C__bismuth_trial_3,40C,40.0,bismuth,3,3209.1026783199068,12511.328125
5.0,2,40C__bismuth_trial_4,40C,40.0,bismuth,4,3209.1026783199068,11457.189453125
5.0,2,40C__bismuth_trial_5,40C,40.0,bismuth,5,3209.1026783199068,11385.989908854166
5.0,2,40C__bismuth_trial_6,40C,40.0,bismuth,6,3209.1026783199068,11409.484049479166
5.0,2,50C__bismuth_trial_1,50C,50.0,bismuth,1,3209.1026783199068,11832.341471354166
5.0,2,50C__bismuth_trial_2,50C,50.0,bismuth,2,3209.1026783199068,16897.652018229168
5.0,2,50C__bismuth_trial_3,50C,50.0,bismuth,3,3209.1026783199068,23636.66796875
5.0,2,50C__bismuth_trial_4,50C,50.0,bismuth,4,3209.1026783199068,19112.577473958332
5.0,2,50C__bismuth_trial_5,50C,50.0,bismuth,5,3209.1026783199068,12444.533854166666
5.0,2,50C__bismuth_trial_6,50C,50.0,bismuth,6,3209.1026783199068,13114.377604166666
5.0,2,60C__bismuth_trial_1,60C,60.0,bismuth,1,3209.1026783199068,14071.470052083334
5.0,2,60C__bismuth_trial_2,60C,60.0,bismuth,2,3209.1026783199068,13010.872395833334
5.0,2,60C__bismuth_trial_3,60C,60.0,bismuth,3,3209.1026783199068,13782.0244140625
5.0,2,60C__bismuth_trial_4,60C,60.0,bismuth,4,3209.1026783199068,17988.720703125
5.0,2,60C__bismuth_trial_5,60C,60.0,bismuth,5,3209.1026783199068,10172.60546875
5.0,2,60C__bismuth_trial_6,60C,60.0,bismuth,6,3209.1026783199068,19433.461588541668
5.0,3,30C__cement_trial_1,30C,30.0,cement,1,559.6427431853289,384.10010782877606
5.0,3,30C__cement_trial_2,30C,30.0,cement,2,559.6427431853289,447.9563700358073
5.0,3,30C__cement_trial_3,30C,30.0,cement,3,559.6427431853289,516.6712341308594
5.0,3,30C__cement_trial_4,30C,30.0,cement,4,559.6427431853289,575.1353963216146
5.0,3,30C__cement_trial_5,30C,30.0,cement,5,559.6427431853289,443.0654602050781
5.0,3,30C__cement_trial_6,30C,30.0,cement,6,559.6427431853289,536.891835530599
5.0,3,40C__cement_trial_1,40C,40.0,cement,1,559.6427431853289,429.6672058105469
5.0,3,40C__cement_trial_2,40C,40.0,cement,2,559.6427431853289,401.31212361653644
5.0,3,40C__cement_trial_3,40C,40.0,cement,3,559.6427431853289,264.3970235188802
5.0,3,40C__cement_trial_4,40C,40.0,cement,4,559.6427431853289,620.2414042154948
5.0,3,40C__cement_trial_5,40C,40.0,cement,5,559.6427431853289,698.2267252604166
5.0,3,40C__cement_trial_6,40C,40.0,cement,6,559.6427431853289,413.9901123046875
5.0,3,50C__cement_trial_1,50C,50.0,cement,1,559.6427431853289,420.57691446940106
5.0,3,50C__cement_trial_2,50C,50.0,cement,2,559.6427431853289,284.11981201171875
5.0,3,50C__cement_trial_3,50C,50.0,cement,3,559.6427431853289,372.5789489746094
5.0,3,50C__cement_trial_4,50C,50.0,cement,4,559.6427431853289,322.57944742838544
5.0,3,50C__cement_trial_5,50C,50.0,cement,5,559.6427431853289,531.7523803710938
5.0,3,50C__cement_trial_6,50C,50.0,cement,6,559.6427431853289,609.5439656575521
5.0,3,60C__cement_trial_1,60C,60.0,cement,1,559.6427431853289,795.5543416341146
5.0,3,60C__cement_trial_2,60C,60.0,cement,2,559.6427431853289,782.8271891276041
5.0,3,60C__cement_trial_3,60C,60.0,cement,3,559.6427431853289,861.5515950520834
5.0,3,60C__cement_trial_4,60C,60.0,cement,4,559.6427431853289,681.3547566731771
5.0,3,60C__cement_trial_5,60C,60.0,cement,5,559.6427431853289,786.0320638020834
5.0,3,60C__cement_trial_6,60C,60.0,cement,6,559.6427431853289,786.9013264973959
5.0,4,30C__copper_trial_1,30C,30.0,copper,1,37192.601414797544,1432.3765462239583
5.0,4,30C__copper_trial_2,30C,30.0,copper,2,37192.601414797544,19344.481770833332
5.0,4,30C__copper_trial_3,30C,30.0,copper,3,37192.601414797544,15502.291341145834
5.0,4,30C__copper_trial_4,30C,30.0,copper,4,37192.601414797544,17448.21484375
5.0,4,30C__copper_trial_5,30C,30.0,copper,5,37192.601414797544,14468.237955729166
5.0,4,30C__copper_trial_6,30C,30.0,copper,6,37192.601414797544,13559.364908854166
5.0,4,40C__copper_trial_1,40C,40.0,copper,1,37192.601414797544,16772.397135416668
5.0,4,40C__copper_trial_2,40C,40.0,copper,2,37192.601414797544,19289.815104166668
5.0,4,40C__copper_trial_3,40C,40.0,copper,3,37192.601414797544,20800.135416666668
5.0,4,40C__copper_trial_4,40C,40.0,copper,4,37192.601414797544,8043.10986328125
5.0,4,40C__copper_trial_5,40C,40.0,copper,5,37192.601414797544,7737.88671875
5.0,4,40C__copper_trial_6,40C,40.0,copper,6,37192.601414797544,6661.523111979167
5.0,4,50C__copper_trial_1,50C,50.0,copper,1,37192.601414797544,6778.91650390625
5.0,4,50C__copper_trial_2,50C,50.0,copper,2,37192.601414797544,11437.324544270834
5.0,4,50C__copper_trial_3,50C,50.0,copper,3,37192.601414797544,11399.840169270834
5.0,4,50C__copper_trial_4,50C,50.0,copper,4,37192.601414797544,10626.492513020834
5.0,4,50C__copper_trial_5,50C,50.0,copper,5,37192.601414797544,11385.353515625
5.0,4,50C__copper_trial_6,50C,50.0,copper,6,37192.601414797544,8136.095052083333
5.0,4,60C__copper_trial_1,60C,60.0,copper,1,37192.601414797544,15194.758463541666
5.0,4,60C__copper_trial_2,60C,60.0,copper,2,37192.601414797544,20903.287760416668
5.0,4,60C__copper_trial_3,60C,60.0,copper,3,37192.601414797544,15062.231119791666
5.0,4,60C__copper_trial_4,60C,60.0,copper,4,37192.601414797544,20165.977864583332
5.0,4,60C__copper_trial_5,60C,60.0,copper,5,37192.601414797544,13700.278645833334
5.0,4,60C__copper_trial_6,60C,60.0,copper,6,37192.601414797544,12177.252604166666
5.0,5,30C__cork_trial_1,30C,30.0,cork,1,136.29380029920657,134.57552591959634
5.0,5,30C__cork_trial_2,30C,30.0,cork,2,136.29380029920657,62.2002919514974
5.0,5,30C__cork_trial_3,30C,30.0,cork,3,136.29380029920657,51.45657221476237
5.0,5,30C__cork_trial_4,30C,30.0,cork,4,136.29380029920657,38.55949783325195
5.0,5,30C__cork_trial_5,30C,30.0,cork,5,136.29380029920657,51.702311197916664
5.0,5,30C__cork_trial_6,30C,30.0,cork,6,136.29380029920657,58.13464482625326
5.0,5,40C__cork_trial_1,40C,40.0,cork,1,136.29380029920657,85.42493693033855
5.0,5,40C__cork_trial_2,40C,40.0,cork,2,136.29380029920657,110.81399027506511
5.0,5,40C__cork_trial_3,40C,40.0,cork,3,136.29380029920657,91.17718505859375
5.0,5,40C__cork_trial_4,40C,40.0,cork,4,136.29380029920657,68.0328140258789
5.0,5,40C__cork_trial_5,40C,40.0,cork,5,136.29380029920657,39.6497688293457
5.0,5,40C__cork_trial_6,40C,40.0,cork,6,136.29380029920657,34.496376621320685
5.0,5,50C__cork_trial_1,50C,50.0,cork,1,136.29380029920657,416.0004170735677
5.0,5,50C__cork_trial_2,50C,50.0,cork,2,136.29380029920657,456.92627970377606
5.0,5,50C__cork_trial_3,50C,50.0,cork,3,136.29380029920657,434.50754801432294
5.0,5,50C__cork_trial_4,50C,50.0,cork,4,136.29380029920657,333.4449157714844
5.0,5,50C__cork_trial_5,50C,50.0,cork,5,136.29380029920657,433.9464619954427
5.0,5,50C__cork_trial_6,50C,50.0,cork,6,136.29380029920657,458.3778076171875
5.0,5,60C__cork_trial_1,60C,60.0,cork,1,136.29380029920657,402.97911580403644
5.0,5,60C__cork_trial_2,60C,60.0,cork,2,136.29380029920657,345.83652750651044
5.0,5,60C__cork_trial_3,60C,60.0,cork,3,136.29380029920657,322.76531473795575
5.0,5,60C__cork_trial_4,60C,60.0,cork,4,136.29380029920657,369.4714660644531
5.0,5,60C__cork_trial_5,60C,60.0,cork,5,136.29380029920657,420.9290466308594
5.0,5,60C__cork_trial_6,60C,60.0,cork,6,136.29380029920657,346.11436971028644
5.0,6,30C__graphite_trial_1,30C,30.0,graphite,1,11367.497525840945,10302.430338541666
5.0,6,30C__graphite_trial_2,30C,30.0,graphite,2,11367.497525840945,4139.137776692708
5.0,6,30C__graphite_trial_3,30C,30.0,graphite,3,11367.497525840945,2369.8734537760415
5.0,6,30C__graphite_trial_4,30C,30.0,graphite,4,11367.497525840945,4223.205078125
5.0,6,30C__graphite_trial_5,30C,30.0,graphite,5,11367.497525840945,3683.3821614583335
5.0,6,30C__graphite_trial_6,30C,30.0,graphite,6,11367.497525840945,3943.9215494791665
5.0,6,40C__graphite_trial_1,40C,40.0,graphite,1,11367.497525840945,9846.845377604166
5.0,6,40C__graphite_trial_2,40C,40.0,graphite,2,11367.497525840945,9910.319986979166
5.0,6,40C__graphite_trial_3,40C,40.0,graphite,3,11367.497525840945,6252.426595052083
5.0,6,40C__graphite_trial_4,40C,40.0,graphite,4,11367.497525840945,11050.849609375
5.0,6,40C__graphite_trial_5,40C,40.0,graphite,5,11367.497525840945,4059.7353515625
5.0,6,40C__graphite_trial_6,40C,40.0,graphite,6,11367.497525840945,8580.468587239584
5.0,6,50C__graphite_trial_1,50C,50.0,graphite,1,11367.497525840945,18106.473958333332
5.0,6,50C__graphite_trial_2,50C,50.0,graphite,2,11367.497525840945,13417.246419270834
5.0,6,50C__graphite_trial_3,50C,50.0,graphite,3,11367.497525840945,14190.083333333334
5.0,6,50C__graphite_trial_4,50C,50.0,graphite,4,11367.497525840945,19509.478515625
5.0,6,50C__graphite_trial_5,50C,50.0,graphite,5,11367.497525840945,7013.432291666667
5.0,6,50C__graphite_trial_6,50C,50.0,graphite,6,11367.497525840945,14540.7919921875
5.0,6,60C__graphite_trial_1,60C,60.0,graphite,1,11367.497525840945,9773.191731770834
5.0,6,60C__graphite_trial_2,60C,60.0,graphite,2,11367.497525840945,12759.4580078125
5.0,6,60C__graphite_trial_3,60C,60.0,graphite,3,11367.497525840945,11313.398111979166
5.0,6,60C__graphite_trial_4,60C,60.0,graphite,4,11367.497525840945,12848.8681640625
5.0,6,60C__graphite_trial_5,60C,60.0,graphite,5,11367.497525840945,8668.05078125
5.0,6,60C__graphite_trial_6,60C,60.0,graphite,6,11367.497525840945,15834.261067708334
5.0,7,30C__gypsum_trial_1,30C,30.0,gypsum,1,385.01948002666046,210.23789978027344
5.0,7,30C__gypsum_trial_2,30C,30.0,gypsum,2,385.01948002666046,254.3896280924479
5.0,7,30C__gypsum_trial_3,30C,30.0,gypsum,3,385.01948002666046,198.830810546875
5.0,7,30C__gypsum_trial_4,30C,30.0,gypsum,4,385.01948002666046,193.41490681966147
5.0,7,30C__gypsum_trial_5,30C,30.0,gypsum,5,385.01948002666046,216.8796183268229
5.0,7,30C__gypsum_trial_6,30C,30.0,gypsum,6,385.01948002666046,176.10216776529947
5.0,7,40C__gypsum_trial_1,40C,40.0,gypsum,1,385.01948002666046,271.07985432942706
5.0,7,40C__gypsum_trial_2,40C,40.0,gypsum,2,385.01948002666046,224.06509399414062
5.0,7,40C__gypsum_trial_3,40C,40.0,gypsum,3,385.01948002666046,233.94837951660156
5.0,7,40C__gypsum_trial_4,40C,40.0,gypsum,4,385.01948002666046,348.0435384114583
5.0,7,40C__gypsum_trial_5,40C,40.0,gypsum,5,385.01948002666046,731.788330078125
5.0,7,40C__gypsum_trial_6,40C,40.0,gypsum,6,385.01948002666046,659.1589762369791
5.0,7,50C__gypsum_trial_1,50C,50.0,gypsum,1,385.01948002666046,729.0773111979166
5.0,7,50C__gypsum_trial_2,50C,50.0,gypsum,2,385.01948002666046,741.8587239583334
5.0,7,50C__gypsum_trial_3,50C,50.0,gypsum,3,385.01948002666046,1003.2124226888021
5.0,7,50C__gypsum_trial_4,50C,50.0,gypsum,4,385.01948002666046,801.6819661458334
5.0,7,50C__gypsum_trial_5,50C,50.0,gypsum,5,385.01948002666046,776.0598754882812
5.0,7,50C__gypsum_trial_6,50C,50.0,gypsum,6,385.01948002666046,634.7914632161459
5.0,7,60C__gypsum_trial_1,60C,60.0,gypsum,1,385.01948002666046,3160.8733723958335
5.0,7,60C__gypsum_trial_2,60C,60.0,gypsum,2,385.01948002666046,1336.3894449869792
5.0,7,60C__gypsum_trial_3,60C,60.0,gypsum,3,385.01948002666046,924.3995361328125
5.0,7,60C__gypsum_trial_4,60C,60.0,gypsum,4,385.01948002666046,2563.502237955729
5.0,7,60C__gypsum_trial_5,60C,60.0,gypsum,5,385.01948002666046,2489.5428466796875
5.0,7,60C__gypsum_trial_6,60C,60.0,gypsum,6,385.01948002666046,1650.8974202473958
5.0,8,30C__iron_trial_1,30C,30.0,iron,1,16859.663413010356,9473.355305989584
5.0,8,30C__iron_trial_2,30C,30.0,iron,2,16859.663413010356,22500.64453125
5.0,8,30C__iron_trial_3,30C,30.0,iron,3,16859.663413010356,14461.5625
5.0,8,30C__iron_trial_4,30C,30.0,iron,4,16859.663413010356,20127.029296875
5.0,8,30C__iron_trial_5,30C,30.0,iron,5,16859.663413010356,15712.250651041666
5.0,8,30C__iron_trial_6,30C,30.0,iron,6,16859.663413010356,14132.430989583334
5.0,8,40C__iron_trial_1,40C,40.0,iron,1,16859.663413010356,17801.048177083332
5.0,8,40C__iron_trial_2,40C,40.0,iron,2,16859.663413010356,9899.723307291666
5.0,8,40C__iron_trial_3,40C,40.0,iron,3,16859.663413010356,10390.701822916666
5.0,8,40C__iron_trial_4,40C,40.0,iron,4,16859.663413010356,7842.095703125
5.0,8,40C__iron_trial_5,40C,40.0,iron,5,16859.663413010356,13365.94921875
5.0,8,40C__iron_trial_6,40C,40.0,iron,6,16859.663413010356,13832.810872395834
5.0,8,50C__iron_trial_1,50C,50.0,iron,1,16859.663413010356,11088.330403645834
5.0,8,50C__iron_trial_2,50C,50.0,iron,2,16859.663413010356,12057.283854166666
5.0,8,50C__iron_trial_3,50C,50.0,iron,3,16859.663413010356,8951.177083333334
5.0,8,50C__iron_trial_4,50C,50.0,iron,4,16859.663413010356,13717.9921875
5.0,8,50C__iron_trial_5,50C,50.0,iron,5,16859.663413010356,14053.48828125
5.0,8,50C__iron_trial_6,50C,50.0,iron,6,16859.663413010356,27119.69140625
5.0,8,60C__iron_trial_1,60C,60.0,iron,1,16859.663413010356,29641.642578125
5.0,8,60C__iron_trial_2,60C,60.0,iron,2,16859.663413010356,17591.026041666668
5.0,8,60C__iron_trial_3,60C,60.0,iron,3,16859.663413010356,15398.8681640625
5.0,8,60C__iron_trial_4,60C,60.0,iron,4,16859.663413010356,17956.222005208332
5.0,8,60C__iron_trial_5,60C,60.0,iron,5,16859.663413010356,19123.108723958332
5.0,8,60C__iron_trial_6,60C,60.0,iron,6,16859.663413010356,21620.55859375
5.0,9,30C__nickel_trial_1,30C,30.0,nickel,1,19320.68449098013,13351.3857421875
5.0,9,30C__nickel_trial_2,30C,30.0,nickel,2,19320.68449098013,14336.969075520834
5.0,9,30C__nickel_trial_3,30C,30.0,nickel,3,19320.68449098013,19872.471354166668
5.0,9,30C__nickel_trial_4,30C,30.0,nickel,4,19320.68449098013,10570.69287109375
5.0,9,30C__nickel_trial_5,30C,30.0,nickel,5,19320.68449098013,17635.951497395832
5.0,9,30C__nickel_trial_6,30C,30.0,nickel,6,19320.68449098013,21079.789388020832
5.0,9,40C__nickel_trial_1,40C,40.0,nickel,1,19320.68449098013,6529.036458333333
5.0,9,40C__nickel_trial_2,40C,40.0,nickel,2,19320.68449098013,9052.892252604166
5.0,9,40C__nickel_trial_3,40C,40.0,nickel,3,19320.68449098013,18765.219075520832
5.0,9,40C__nickel_trial_4,40C,40.0,nickel,4,19320.68449098013,13204.6455078125
5.0,9,40C__nickel_trial_5,40C,40.0,nickel,5,19320.68449098013,12740.433919270834
5.0,9,40C__nickel_trial_6,40C,40.0,nickel,6,19320.68449098013,11353.554361979166
5.0,9,50C__nickel_trial_1,50C,50.0,nickel,1,19320.68449098013,10915.547200520834
5.0,9,50C__nickel_trial_2,50C,50.0,nickel,2,19320.68449098013,10889.625651041666
5.0,9,50C__nickel_trial_3,50C,50.0,nickel,3,19320.68449098013,13558.310872395834
5.0,9,50C__nickel_trial_4,50C,50.0,nickel,4,19320.68449098013,11866.686197916666
5.0,9,50C__nickel_trial_5,50C,50.0,nickel,5,19320.68449098013,7158.359049479167
5.0,9,50C__nickel_trial_6,50C,50.0,nickel,6,19320.68449098013,16905.3447265625
5.0,9,60C__nickel_trial_1,60C,60.0,nickel,1,19320.68449098013,10736.549153645834
5.0,9,60C__nickel_trial_2,60C,60.0,nickel,2,19320.68449098013,20732.692057291668
5.0,9,60C__nickel_trial_3,60C,60.0,nickel,3,19320.68449098013,15260.960286458334
5.0,9,60C__nickel_trial_4,60C,60.0,nickel,4,19320.68449098013,22736.936197916668
5.0,9,60C__nickel_trial_5,60C,60.0,nickel,5,19320.68449098013,19468.095703125
5.0,9,60C__nickel_trial_6,60C,60.0,nickel,6,19320.68449098013,24674.545572916668
5.0,10,30C__pdms_trial_1,30C,30.0,pdms,1,460.90129095067635,240.73617553710938
5.0,10,30C__pdms_trial_2,30C,30.0,pdms,2,460.90129095067635,93.15240732828777
5.0,10,30C__pdms_trial_3,30C,30.0,pdms,3,460.90129095067635,191.39456176757812
5.0,10,30C__pdms_trial_4,30C,30.0,pdms,4,460.90129095067635,56.864078521728516
5.0,10,30C__pdms_trial_5,30C,30.0,pdms,5,460.90129095067635,139.57779947916666
5.0,10,30C__pdms_trial_6,30C,30.0,pdms,6,460.90129095067635,82.30874125162761
5.0,10,40C__pdms_trial_1,40C,40.0,pdms,1,460.90129095067635,440.19394938151044
5.0,10,40C__pdms_trial_2,40C,40.0,pdms,2,460.90129095067635,415.10899861653644
5.0,10,40C__pdms_trial_3,40C,40.0,pdms,3,460.90129095067635,524.1686401367188
5.0,10,40C__pdms_trial_4,40C,40.0,pdms,4,460.90129095067635,420.334228515625
5.0,10,40C__pdms_trial_5,40C,40.0,pdms,5,460.90129095067635,249.30974833170572
5.0,10,40C__pdms_trial_6,40C,40.0,pdms,6,460.90129095067635,376.75182088216144
5.0,10,50C__pdms_trial_1,50C,50.0,pdms,1,460.90129095067635,242.50161743164062
5.0,10,50C__pdms_trial_2,50C,50.0,pdms,2,460.90129095067635,153.72807820638022
5.0,10,50C__pdms_trial_3,50C,50.0,pdms,3,460.90129095067635,343.09789021809894
5.0,10,50C__pdms_trial_4,50C,50.0,pdms,4,460.90129095067635,401.4405110677083
5.0,10,50C__pdms_trial_5,50C,50.0,pdms,5,460.90129095067635,337.2817789713542
5.0,10,50C__pdms_trial_6,50C,50.0,pdms,6,460.90129095067635,273.81479899088544
5.0,10,60C__pdms_trial_1,60C,60.0,pdms,1,460.90129095067635,476.3523457845052
5.0,10,60C__pdms_trial_2,60C,60.0,pdms,2,460.90129095067635,331.1980285644531
5.0,10,60C__pdms_trial_3,60C,60.0,pdms,3,460.90129095067635,381.59168497721356
5.0,10,60C__pdms_trial_4,60C,60.0,pdms,4,460.90129095067635,216.30061848958334
5.0,10,60C__pdms_trial_5,60C,60.0,pdms,5,460.90129095067635,234.0367177327474
5.0,10,60C__pdms_trial_6,60C,60.0,pdms,6,460.90129095067635,157.8503621419271
5.0,11,30C__ps_foam_trial_1,30C,30.0,ps_foam,1,34.496376621320685,431.62535603841144
5.0,11,30C__ps_foam_trial_2,30C,30.0,ps_foam,2,34.496376621320685,532.641103108724
5.0,11,30C__ps_foam_trial_3,30C,30.0,ps_foam,3,34.496376621320685,337.2854919433594
5.0,11,30C__ps_foam_trial_4,30C,30.0,ps_foam,4,34.496376621320685,223.2835947672526
5.0,11,30C__ps_foam_trial_5,30C,30.0,ps_foam,5,34.496376621320685,190.84383138020834
5.0,11,30C__ps_foam_trial_6,30C,30.0,ps_foam,6,34.496376621320685,252.9522501627604
5.0,11,40C__ps_foam_trial_1,40C,40.0,ps_foam,1,34.496376621320685,62.491373697916664
5.0,11,40C__ps_foam_trial_2,40C,40.0,ps_foam,2,34.496376621320685,64.46873219807942
5.0,11,40C__ps_foam_trial_3,40C,40.0,ps_foam,3,34.496376621320685,47.112805684407554
5.0,11,40C__ps_foam_trial_4,40C,40.0,ps_foam,4,34.496376621320685,522.0392252604166
5.0,11,40C__ps_foam_trial_5,40C,40.0,ps_foam,5,34.496376621320685,49.09232966105143
5.0,11,40C__ps_foam_trial_6,40C,40.0,ps_foam,6,34.496376621320685,101.50037384033203
5.0,11,50C__ps_foam_trial_1,50C,50.0,ps_foam,1,34.496376621320685,62.42088190714518
5.0,11,50C__ps_foam_trial_2,50C,50.0,ps_foam,2,34.496376621320685,66.16390228271484
5.0,11,50C__ps_foam_trial_3,50C,50.0,ps_foam,3,34.496376621320685,60.54244740804037
5.0,11,50C__ps_foam_trial_4,50C,50.0,ps_foam,4,34.496376621320685,64.95194753011067
5.0,11,50C__ps_foam_trial_5,50C,50.0,ps_foam,5,34.496376621320685,68.82103220621745
5.0,11,50C__ps_foam_trial_6,50C,50.0,ps_foam,6,34.496376621320685,67.58371480305989
5.0,11,60C__ps_foam_trial_1,60C,60.0,ps_foam,1,34.496376621320685,146.91268666585287
5.0,11,60C__ps_foam_trial_2,60C,60.0,ps_foam,2,34.496376621320685,126.86649831136067
5.0,11,60C__ps_foam_trial_3,60C,60.0,ps_foam,3,34.496376621320685,129.21019490559897
5.0,11,60C__ps_foam_trial_4,60C,60.0,ps_foam,4,34.496376621320685,144.62715657552084
5.0,11,60C__ps_foam_trial_5,60C,60.0,ps_foam,5,34.496376621320685,171.0687001546224
5.0,11,60C__ps_foam_trial_6,60C,60.0,ps_foam,6,34.496376621320685,271.93068440755206
5.0,12,30C__pu_foam_trial_1,30C,30.0,pu_foam,1,42.49705872175155,144.4791005452474
5.0,12,30C__pu_foam_trial_2,30C,30.0,pu_foam,2,42.49705872175155,119.26893870035808
5.0,12,30C__pu_foam_trial_3,30C,30.0,pu_foam,3,42.49705872175155,263.89418029785156
5.0,12,30C__pu_foam_trial_4,30C,30.0,pu_foam,4,42.49705872175155,271.4730478922526
5.0,12,30C__pu_foam_trial_5,30C,30.0,pu_foam,5,42.49705872175155,285.5590108235677
5.0,12,30C__pu_foam_trial_6,30C,30.0,pu_foam,6,42.49705872175155,126.65513102213542
5.0,12,40C__pu_foam_trial_1,40C,40.0,pu_foam,1,42.49705872175155,49.59919738769531
5.0,12,40C__pu_foam_trial_2,40C,40.0,pu_foam,2,42.49705872175155,108.58837127685547
5.0,12,40C__pu_foam_trial_3,40C,40.0,pu_foam,3,42.49705872175155,146.5314458211263
5.0,12,40C__pu_foam_trial_4,40C,40.0,pu_foam,4,42.49705872175155,75.65720113118489
5.0,12,40C__pu_foam_trial_5,40C,40.0,pu_foam,5,42.49705872175155,37.869222199782676
5.0,12,40C__pu_foam_trial_6,40C,40.0,pu_foam,6,42.49705872175155,45.73101806640625
5.0,12,50C__pu_foam_trial_1,50C,50.0,pu_foam,1,42.49705872175155,76.25484466552734
5.0,12,50C__pu_foam_trial_2,50C,50.0,pu_foam,2,42.49705872175155,88.4189682006836
5.0,12,50C__pu_foam_trial_3,50C,50.0,pu_foam,3,42.49705872175155,95.55440266927083
5.0,12,50C__pu_foam_trial_4,50C,50.0,pu_foam,4,42.49705872175155,129.90567525227866
5.0,12,50C__pu_foam_trial_5,50C,50.0,pu_foam,5,42.49705872175155,95.8784688313802
5.0,12,50C__pu_foam_trial_6,50C,50.0,pu_foam,6,42.49705872175155,88.3074442545573
5.0,12,60C__pu_foam_trial_1,60C,60.0,pu_foam,1,42.49705872175155,198.9613494873047
5.0,12,60C__pu_foam_trial_2,60C,60.0,pu_foam,2,42.49705872175155,1263.903788248698
5.0,12,60C__pu_foam_trial_3,60C,60.0,pu_foam,3,42.49705872175155,264.15211486816406
5.0,12,60C__pu_foam_trial_4,60C,60.0,pu_foam,4,42.49705872175155,169.10100809733072
5.0,12,60C__pu_foam_trial_5,60C,60.0,pu_foam,5,42.49705872175155,246.04133097330728
5.0,12,60C__pu_foam_trial_6,60C,60.0,pu_foam,6,42.49705872175155,222.5162607828776
5.0,13,30C__titanium_trial_1,30C,30.0,titanium,1,7184.0359269702985,13519.974934895834
5.0,13,30C__titanium_trial_2,30C,30.0,titanium,2,7184.0359269702985,6014.6201171875
5.0,13,30C__titanium_trial_3,30C,30.0,titanium,3,7184.0359269702985,6362.71240234375
5.0,13,30C__titanium_trial_4,30C,30.0,titanium,4,7184.0359269702985,6228.118326822917
5.0,13,30C__titanium_trial_5,30C,30.0,titanium,5,7184.0359269702985,11290.402018229166
5.0,13,30C__titanium_trial_6,30C,30.0,titanium,6,7184.0359269702985,3225.5183919270835
5.0,13,40C__titanium_trial_1,40C,40.0,titanium,1,7184.0359269702985,17301.8740234375
5.0,13,40C__titanium_trial_2,40C,40.0,titanium,2,7184.0359269702985,11619.469075520834
5.0,13,40C__titanium_trial_3,40C,40.0,titanium,3,7184.0359269702985,18065.173828125
5.0,13,40C__titanium_trial_4,40C,40.0,titanium,4,7184.0359269702985,10591.6318359375
5.0,13,40C__titanium_trial_5,40C,40.0,titanium,5,7184.0359269702985,18846.345703125
5.0,13,40C__titanium_trial_6,40C,40.0,titanium,6,7184.0359269702985,17629.375
5.0,13,50C__titanium_trial_1,50C,50.0,titanium,1,7184.0359269702985,14555.227213541666
5.0,13,50C__titanium_trial_2,50C,50.0,titanium,2,7184.0359269702985,7195.089518229167
5.0,13,50C__titanium_trial_3,50C,50.0,titanium,3,7184.0359269702985,14921.946940104166
5.0,13,50C__titanium_trial_4,50C,50.0,titanium,4,7184.0359269702985,13831.6064453125
5.0,13,50C__titanium_trial_5,50C,50.0,titanium,5,7184.0359269702985,11434.218424479166
5.0,13,50C__titanium_trial_6,50C,50.0,titanium,6,7184.0359269702985,18441.988932291668
5.0,13,60C__titanium_trial_1,60C,60.0,titanium,1,7184.0359269702985,10935.2041015625
5.0,13,60C__titanium_trial_2,60C,60.0,titanium,2,7184.0359269702985,9703.113932291666
5.0,13,60C__titanium_trial_3,60C,60.0,titanium,3,7184.0359269702985,9720.3759765625
5.0,13,60C__titanium_trial_4,60C,60.0,titanium,4,7184.0359269702985,11272.62109375
5.0,13,60C__titanium_trial_5,60C,60.0,titanium,5,7184.0359269702985,10222.716145833334
5.0,13,60C__titanium_trial_6,60C,60.0,titanium,6,7184.0359269702985,12552.42578125
5.0,14,30C__wood_trial_1,30C,30.0,wood,1,422.49260348555214,64.44261678059895
5.0,14,30C__wood_trial_2,30C,30.0,wood,2,422.49260348555214,181.38007609049478
5.0,14,30C__wood_trial_3,30C,30.0,wood,3,422.49260348555214,117.32044728597005
5.0,14,30C__wood_trial_4,30C,30.0,wood,4,422.49260348555214,84.06301371256511
5.0,14,30C__wood_trial_5,30C,30.0,wood,5,422.49260348555214,114.9192886352539
5.0,14,30C__wood_trial_6,30C,30.0,wood,6,422.49260348555214,215.42938741048178
5.0,14,40C__wood_trial_1,40C,40.0,wood,1,422.49260348555214,162.64269510904947
5.0,14,40C__wood_trial_2,40C,40.0,wood,2,422.49260348555214,169.65473429361978
5.0,14,40C__wood_trial_3,40C,40.0,wood,3,422.49260348555214,193.95706685384116
5.0,14,40C__wood_trial_4,40C,40.0,wood,4,422.49260348555214,146.41370900472006
5.0,14,40C__wood_trial_5,40C,40.0,wood,5,422.49260348555214,310.49390665690106
5.0,14,40C__wood_trial_6,40C,40.0,wood,6,422.49260348555214,214.20848083496094
5.0,14,50C__wood_trial_1,50C,50.0,wood,1,422.49260348555214,314.1653594970703
5.0,14,50C__wood_trial_2,50C,50.0,wood,2,422.49260348555214,339.8732401529948
5.0,14,50C__wood_trial_3,50C,50.0,wood,3,422.49260348555214,360.69981892903644
5.0,14,50C__wood_trial_4,50C,50.0,wood,4,422.49260348555214,331.11316935221356
5.0,14,50C__wood_trial_5,50C,50.0,wood,5,422.49260348555214,292.57659403483075
5.0,14,50C__wood_trial_6,50C,50.0,wood,6,422.49260348555214,234.1042938232422
5.0,14,60C__wood_trial_1,60C,60.0,wood,1,422.49260348555214,12272.792643229166
5.0,14,60C__wood_trial_2,60C,60.0,wood,2,422.49260348555214,5340.771321614583
5.0,14,60C__wood_trial_3,60C,60.0,wood,3,422.49260348555214,6719.34033203125
5.0,14,60C__wood_trial_4,60C,60.0,wood,4,422.49260348555214,8923.712727864584
5.0,14,60C__wood_trial_5,60C,60.0,wood,5,422.49260348555214,4944.500651041667
5.0,14,60C__wood_trial_6,60C,60.0,wood,6,422.49260348555214,579.6858418782552
