window_end_s,fold,trial_id,Temperature,Sample,Trial,y_true,y_pred
1.0,1,30C__aluminum_trial_1,30C,aluminum,1,23958.09466547789,3199.37109375
1.0,1,30C__aluminum_trial_2,30C,aluminum,2,23958.09466547789,4881.30126953125
1.0,1,30C__aluminum_trial_3,30C,aluminum,3,23958.09466547789,4383.3037109375
1.0,1,30C__aluminum_trial_4,30C,aluminum,4,23958.09466547789,16391.376953125
1.0,1,30C__aluminum_trial_5,30C,aluminum,5,23958.09466547789,12278.6416015625
1.0,1,30C__aluminum_trial_6,30C,aluminum,6,23958.09466547789,17186.732421875
1.0,1,40C__aluminum_trial_1,40C,aluminum,1,23958.09466547789,11922.9345703125
1.0,1,40C__aluminum_trial_2,40C,aluminum,2,23958.09466547789,8977.8388671875
1.0,1,40C__aluminum_trial_3,40C,aluminum,3,23958.09466547789,18597.05859375
1.0,1,40C__aluminum_trial_4,40C,aluminum,4,23958.09466547789,10287.4892578125
1.0,1,40C__aluminum_trial_5,40C,aluminum,5,23958.09466547789,10981.9677734375
1.0,1,40C__aluminum_trial_6,40C,aluminum,6,23958.09466547789,7395.18798828125
1.0,1,50C__aluminum_trial_1,50C,aluminum,1,23958.09466547789,11144.513671875
1.0,1,50C__aluminum_trial_2,50C,aluminum,2,23958.09466547789,18001.509765625
1.0,1,50C__aluminum_trial_3,50C,aluminum,3,23958.09466547789,15244.63671875
1.0,1,50C__aluminum_trial_4,50C,aluminum,4,23958.09466547789,15182.3466796875
1.0,1,50C__aluminum_trial_5,50C,aluminum,5,23958.09466547789,11917.7841796875
1.0,1,50C__aluminum_trial_6,50C,aluminum,6,23958.09466547789,18268.255859375
1.0,1,60C__aluminum_trial_1,60C,aluminum,1,23958.09466547789,8255.08984375
1.0,1,60C__aluminum_trial_2,60C,aluminum,2,23958.09466547789,18702.9609375
1.0,1,60C__aluminum_trial_3,60C,aluminum,3,23958.09466547789,10892.7470703125
1.0,1,60C__aluminum_trial_4,60C,aluminum,4,23958.09466547789,6507.46533203125
1.0,1,60C__aluminum_trial_5,60C,aluminum,5,23958.09466547789,8474.0986328125
1.0,1,60C__aluminum_trial_6,60C,aluminum,6,23958.09466547789,10140.5947265625
1.0,2,30C__bismuth_trial_1,30C,bismuth,1,3209.1026783199068,5184.41455078125
1.0,2,30C__bismuth_trial_2,30C,bismuth,2,3209.1026783199068,909.8800048828125
1.0,2,30C__bismuth_trial_3,30C,bismuth,3,3209.1026783199068,259.7104187011719
1.0,2,30C__bismuth_trial_4,30C,bismuth,4,3209.1026783199068,859.7531127929688
1.0,2,30C__bismuth_trial_5,30C,bismuth,5,3209.1026783199068,425.8661193847656
1.0,2,30C__bismuth_trial_6,30C,bismuth,6,3209.1026783199068,11766.2158203125
1.0,2,40C__bismuth_trial_1,40C,bismuth,1,3209.1026783199068,12851.3359375
1.0,2,40C__bismuth_trial_2,40C,bismuth,2,3209.1026783199068,13569.5390625
1.0,2,40C__bismuth_trial_3,40C,bismuth,3,3209.1026783199068,11010.568359375
1.0,2,40C__bismuth_trial_4,40C,bismuth,4,3209.1026783199068,9939.17578125
1.0,2,40C__bismuth_trial_5,40C,bismuth,5,3209.1026783199068,6636.51708984375
1.0,2,40C__bismuth_trial_6,40C,bismuth,6,3209.1026783199068,13851.09765625
1.0,2,50C__bismuth_trial_1,50C,bismuth,1,3209.1026783199068,10941.8623046875
1.0,2,50C__bismuth_trial_2,50C,bismuth,2,3209.1026783199068,16487.58203125
1.0,2,50C__bismuth_trial_3,50C,bismuth,3,3209.1026783199068,14353.0556640625
1.0,2,50C__bismuth_trial_4,50C,bismuth,4,3209.1026783199068,18171.51953125
1.0,2,50C__bismuth_trial_5,50C,bismuth,5,3209.1026783199068,18325.0390625
1.0,2,50C__bismuth_trial_6,50C,bismuth,6,3209.1026783199068,23439.8359375
1.0,2,60C__bismuth_trial_1,60C,bismuth,1,3209.1026783199068,17728.13671875
1.0,2,60C__bismuth_trial_2,60C,bismuth,2,3209.1026783199068,17419.015625
1.0,2,60C__bismuth_trial_3,60C,bismuth,3,3209.1026783199068,12838.3623046875
1.0,2,60C__bismuth_trial_4,60C,bismuth,4,3209.1026783199068,16480.3984375
1.0,2,60C__bismuth_trial_5,60C,bismuth,5,3209.1026783199068,16456.3828125
1.0,2,60C__bismuth_trial_6,60C,bismuth,6,3209.1026783199068,16663.1015625
1.0,3,30C__cement_trial_1,30C,cement,1,559.6427431853289,438.9815673828125
1.0,3,30C__cement_trial_2,30C,cement,2,559.6427431853289,924.3213500976562
1.0,3,30C__cement_trial_3,30C,cement,3,559.6427431853289,762.1546630859375
1.0,3,30C__cement_trial_4,30C,cement,4,559.6427431853289,777.9141235351562
1.0,3,30C__cement_trial_5,30C,cement,5,559.6427431853289,646.4246826171875
1.0,3,30C__cement_trial_6,30C,cement,6,559.6427431853289,460.3874816894531
1.0,3,40C__cement_trial_1,40C,cement,1,559.6427431853289,303.1246643066406
1.0,3,40C__cement_trial_2,40C,cement,2,559.6427431853289,178.92149353027344
1.0,3,40C__cement_trial_3,40C,cement,3,559.6427431853289,164.7286834716797
1.0,3,40C__cement_trial_4,40C,cement,4,559.6427431853289,2617.607666015625
1.0,3,40C__cement_trial_5,40C,cement,5,559.6427431853289,2839.5234375
1.0,3,40C__cement_trial_6,40C,cement,6,559.6427431853289,1215.6524658203125
1.0,3,50C__cement_trial_1,50C,cement,1,559.6427431853289,155.98255920410156
1.0,3,50C__cement_trial_2,50C,cement,2,559.6427431853289,178.5006561279297
1.0,3,50C__cement_trial_3,50C,cement,3,559.6427431853289,388.34490966796875
1.0,3,50C__cement_trial_4,50C,cement,4,559.6427431853289,141.7694091796875
1.0,3,50C__cement_trial_5,50C,cement,5,559.6427431853289,294.0014343261719
1.0,3,50C__cement_trial_6,50C,cement,6,559.6427431853289,303.6253967285156
1.0,3,60C__cement_trial_1,60C,cement,1,559.6427431853289,8510.044921875
1.0,3,60C__cement_trial_2,60C,cement,2,559.6427431853289,6714.75146484375
1.0,3,60C__cement_trial_3,60C,cement,3,559.6427431853289,6952.78955078125
1.0,3,60C__cement_trial_4,60C,cement,4,559.6427431853289,3645.081787109375
1.0,3,60C__cement_trial_5,60C,cement,5,559.6427431853289,7743.06005859375
1.0,3,60C__cement_trial_6,60C,cement,6,559.6427431853289,7644.0703125
1.0,4,30C__copper_trial_1,30C,copper,1,37192.601414797544,10145.5771484375
1.0,4,30C__copper_trial_2,30C,copper,2,37192.601414797544,13819.2841796875
1.0,4,30C__copper_trial_3,30C,copper,3,37192.601414797544,18694.8125
1.0,4,30C__copper_trial_4,30C,copper,4,37192.601414797544,13547.1162109375
1.0,4,30C__copper_trial_5,30C,copper,5,37192.601414797544,14054.2294921875
1.0,4,30C__copper_trial_6,30C,copper,6,37192.601414797544,14503.875
1.0,4,40C__copper_trial_1,40C,copper,1,37192.601414797544,18495.6171875
1.0,4,40C__copper_trial_2,40C,copper,2,37192.601414797544,1452.7301025390625
1.0,4,40C__copper_trial_3,40C,copper,3,37192.601414797544,2723.07958984375
1.0,4,40C__copper_trial_4,40C,copper,4,37192.601414797544,8652.396484375
1.0,4,40C__copper_trial_5,40C,copper,5,37192.601414797544,5302.6669921875
1.0,4,40C__copper_trial_6,40C,copper,6,37192.601414797544,4973.32470703125
1.0,4,50C__copper_trial_1,50C,copper,1,37192.601414797544,13230.47265625
1.0,4,50C__copper_trial_2,50C,copper,2,37192.601414797544,15350.5732421875
1.0,4,50C__copper_trial_3,50C,copper,3,37192.601414797544,8466.3916015625
1.0,4,50C__copper_trial_4,50C,copper,4,37192.601414797544,8322.7158203125
1.0,4,50C__copper_trial_5,50C,copper,5,37192.601414797544,10020.625
1.0,4,50C__copper_trial_6,50C,copper,6,37192.601414797544,13643.130859375
1.0,4,60C__copper_trial_1,60C,copper,1,37192.601414797544,16497.271484375
1.0,4,60C__copper_trial_2,60C,copper,2,37192.601414797544,18852.068359375
1.0,4,60C__copper_trial_3,60C,copper,3,37192.601414797544,16504.51171875
1.0,4,60C__copper_trial_4,60C,copper,4,37192.601414797544,16117.3798828125
1.0,4,60C__copper_trial_5,60C,copper,5,37192.601414797544,17998.109375
1.0,4,60C__copper_trial_6,60C,copper,6,37192.601414797544,17622.912109375
1.0,5,30C__cork_trial_1,30C,cork,1,136.29380029920657,350.89111328125
1.0,5,30C__cork_trial_2,30C,cork,2,136.29380029920657,128.278076171875
1.0,5,30C__cork_trial_3,30C,cork,3,136.29380029920657,120.46757507324219
1.0,5,30C__cork_trial_4,30C,cork,4,136.29380029920657,83.00884246826172
1.0,5,30C__cork_trial_5,30C,cork,5,136.29380029920657,191.6799774169922
1.0,5,30C__cork_trial_6,30C,cork,6,136.29380029920657,144.49484252929688
1.0,5,40C__cork_trial_1,40C,cork,1,136.29380029920657,127.86190032958984
1.0,5,40C__cork_trial_2,40C,cork,2,136.29380029920657,169.7330780029297
1.0,5,40C__cork_trial_3,40C,cork,3,136.29380029920657,312.73419189453125
1.0,5,40C__cork_trial_4,40C,cork,4,136.29380029920657,56.98503494262695
1.0,5,40C__cork_trial_5,40C,cork,5,136.29380029920657,66.12562561035156
1.0,5,40C__cork_trial_6,40C,cork,6,136.29380029920657,34.496376621320685
1.0,5,50C__cork_trial_1,50C,cork,1,136.29380029920657,274.9748840332031
1.0,5,50C__cork_trial_2,50C,cork,2,136.29380029920657,240.69351196289062
1.0,5,50C__cork_trial_3,50C,cork,3,136.29380029920657,129.32742309570312
1.0,5,50C__cork_trial_4,50C,cork,4,136.29380029920657,118.46886444091797
1.0,5,50C__cork_trial_5,50C,cork,5,136.29380029920657,237.3774871826172
1.0,5,50C__cork_trial_6,50C,cork,6,136.29380029920657,74.76111602783203
1.0,5,60C__cork_trial_1,60C,cork,1,136.29380029920657,260.0935974121094
1.0,5,60C__cork_trial_2,60C,cork,2,136.29380029920657,105.52470397949219
1.0,5,60C__cork_trial_3,60C,cork,3,136.29380029920657,93.13211059570312
1.0,5,60C__cork_trial_4,60C,cork,4,136.29380029920657,165.121826171875
1.0,5,60C__cork_trial_5,60C,cork,5,136.29380029920657,98.59917449951172
1.0,5,60C__cork_trial_6,60C,cork,6,136.29380029920657,133.90830993652344
1.0,6,30C__graphite_trial_1,30C,graphite,1,11367.497525840945,14175.4931640625
1.0,6,30C__graphite_trial_2,30C,graphite,2,11367.497525840945,15905.396484375
1.0,6,30C__graphite_trial_3,30C,graphite,3,11367.497525840945,1820.830322265625
1.0,6,30C__graphite_trial_4,30C,graphite,4,11367.497525840945,21325.01171875
1.0,6,30C__graphite_trial_5,30C,graphite,5,11367.497525840945,5186.66015625
1.0,6,30C__graphite_trial_6,30C,graphite,6,11367.497525840945,21153.361328125
1.0,6,40C__graphite_trial_1,40C,graphite,1,11367.497525840945,3260.548095703125
1.0,6,40C__graphite_trial_2,40C,graphite,2,11367.497525840945,7789.787109375
1.0,6,40C__graphite_trial_3,40C,graphite,3,11367.497525840945,10470.5888671875
1.0,6,40C__graphite_trial_4,40C,graphite,4,11367.497525840945,3298.006103515625
1.0,6,40C__graphite_trial_5,40C,graphite,5,11367.497525840945,4658.955078125
1.0,6,40C__graphite_trial_6,40C,graphite,6,11367.497525840945,4672.78369140625
1.0,6,50C__graphite_trial_1,50C,graphite,1,11367.497525840945,15180.5654296875
1.0,6,50C__graphite_trial_2,50C,graphite,2,11367.497525840945,18157.41796875
1.0,6,50C__graphite_trial_3,50C,graphite,3,11367.497525840945,14977.3310546875
1.0,6,50C__graphite_trial_4,50C,graphite,4,11367.497525840945,23952.23046875
1.0,6,50C__graphite_trial_5,50C,graphite,5,11367.497525840945,8565.77734375
1.0,6,50C__graphite_trial_6,50C,graphite,6,11367.497525840945,20027.298828125
1.0,6,60C__graphite_trial_1,60C,graphite,1,11367.497525840945,12604.130859375
1.0,6,60C__graphite_trial_2,60C,graphite,2,11367.497525840945,22394.298828125
1.0,6,60C__graphite_trial_3,60C,graphite,3,11367.497525840945,25201.654296875
1.0,6,60C__graphite_trial_4,60C,graphite,4,11367.497525840945,13602.2822265625
1.0,6,60C__graphite_trial_5,60C,graphite,5,11367.497525840945,15182.5205078125
1.0,6,60C__graphite_trial_6,60C,graphite,6,11367.497525840945,22221.83984375
1.0,7,30C__gypsum_trial_1,30C,gypsum,1,385.01948002666046,242.319580078125
1.0,7,30C__gypsum_trial_2,30C,gypsum,2,385.01948002666046,358.60406494140625
1.0,7,30C__gypsum_trial_3,30C,gypsum,3,385.01948002666046,328.7765197753906
1.0,7,30C__gypsum_trial_4,30C,gypsum,4,385.01948002666046,194.63522338867188
1.0,7,30C__gypsum_trial_5,30C,gypsum,5,385.01948002666046,164.88673400878906
1.0,7,30C__gypsum_trial_6,30C,gypsum,6,385.01948002666046,154.76870727539062
1.0,7,40C__gypsum_trial_1,40C,gypsum,1,385.01948002666046,145.77833557128906
1.0,7,40C__gypsum_trial_2,40C,gypsum,2,385.01948002666046,121.93315124511719
1.0,7,40C__gypsum_trial_3,40C,gypsum,3,385.01948002666046,240.09852600097656
1.0,7,40C__gypsum_trial_4,40C,gypsum,4,385.01948002666046,230.46328735351562
1.0,7,40C__gypsum_trial_5,40C,gypsum,5,385.01948002666046,551.2941284179688
1.0,7,40C__gypsum_trial_6,40C,gypsum,6,385.01948002666046,565.4537963867188
1.0,7,50C__gypsum_trial_1,50C,gypsum,1,385.01948002666046,2002.0218505859375
1.0,7,50C__gypsum_trial_2,50C,gypsum,2,385.01948002666046,1994.7626953125
1.0,7,50C__gypsum_trial_3,50C,gypsum,3,385.01948002666046,2647.469482421875
1.0,7,50C__gypsum_trial_4,50C,gypsum,4,385.01948002666046,777.06884765625
1.0,7,50C__gypsum_trial_5,50C,gypsum,5,385.01948002666046,1615.272705078125
1.0,7,50C__gypsum_trial_6,50C,gypsum,6,385.01948002666046,1676.8782958984375
1.0,7,60C__gypsum_trial_1,60C,gypsum,1,385.01948002666046,14859.947265625
1.0,7,60C__gypsum_trial_2,60C,gypsum,2,385.01948002666046,1052.5386962890625
1.0,7,60C__gypsum_trial_3,60C,gypsum,3,385.01948002666046,5377.68115234375
1.0,7,60C__gypsum_trial_4,60C,gypsum,4,385.01948002666046,14902.525390625
1.0,7,60C__gypsum_trial_5,60C,gypsum,5,385.01948002666046,11955.8203125
1.0,7,60C__gypsum_trial_6,60C,gypsum,6,385.01948002666046,5336.17529296875
1.0,8,30C__iron_trial_1,30C,iron,1,16859.663413010356,17312.0078125
1.0,8,30C__iron_trial_2,30C,iron,2,16859.663413010356,27382.8984375
1.0,8,30C__iron_trial_3,30C,iron,3,16859.663413010356,16261.5771484375
1.0,8,30C__iron_trial_4,30C,iron,4,16859.663413010356,14733.193359375
1.0,8,30C__iron_trial_5,30C,iron,5,16859.663413010356,13066.3603515625
1.0,8,30C__iron_trial_6,30C,iron,6,16859.663413010356,15968.794921875
1.0,8,40C__iron_trial_1,40C,iron,1,16859.663413010356,11919.068359375
1.0,8,40C__iron_trial_2,40C,iron,2,16859.663413010356,10209.5556640625
1.0,8,40C__iron_trial_3,40C,iron,3,16859.663413010356,13239.0185546875
1.0,8,40C__iron_trial_4,40C,iron,4,16859.663413010356,10396.533203125
1.0,8,40C__iron_trial_5,40C,iron,5,16859.663413010356,14172.81640625
1.0,8,40C__iron_trial_6,40C,iron,6,16859.663413010356,16464.939453125
1.0,8,50C__iron_trial_1,50C,iron,1,16859.663413010356,7424.92919921875
1.0,8,50C__iron_trial_2,50C,iron,2,16859.663413010356,15513.412109375
1.0,8,50C__iron_trial_3,50C,iron,3,16859.663413010356,4200.51171875
1.0,8,50C__iron_trial_4,50C,iron,4,16859.663413010356,15634.2880859375
1.0,8,50C__iron_trial_5,50C,iron,5,16859.663413010356,19287.06640625
1.0,8,50C__iron_trial_6,50C,iron,6,16859.663413010356,22541.72265625
1.0,8,60C__iron_trial_1,60C,iron,1,16859.663413010356,32273.796875
1.0,8,60C__iron_trial_2,60C,iron,2,16859.663413010356,20258.59375
1.0,8,60C__iron_trial_3,60C,iron,3,16859.663413010356,14512.2880859375
1.0,8,60C__iron_trial_4,60C,iron,4,16859.663413010356,16567.16796875
1.0,8,60C__iron_trial_5,60C,iron,5,16859.663413010356,11445.6923828125
1.0,8,60C__iron_trial_6,60C,iron,6,16859.663413010356,10980.97265625
1.0,9,30C__nickel_trial_1,30C,nickel,1,19320.68449098013,9525.5283203125
1.0,9,30C__nickel_trial_2,30C,nickel,2,19320.68449098013,9884.779296875
1.0,9,30C__nickel_trial_3,30C,nickel,3,19320.68449098013,6945.01513671875
1.0,9,30C__nickel_trial_4,30C,nickel,4,19320.68449098013,5485.10546875
1.0,9,30C__nickel_trial_5,30C,nickel,5,19320.68449098013,13242.0234375
1.0,9,30C__nickel_trial_6,30C,nickel,6,19320.68449098013,14505.35546875
1.0,9,40C__nickel_trial_1,40C,nickel,1,19320.68449098013,10699.75390625
1.0,9,40C__nickel_trial_2,40C,nickel,2,19320.68449098013,6917.1962890625
1.0,9,40C__nickel_trial_3,40C,nickel,3,19320.68449098013,15873.02734375
1.0,9,40C__nickel_trial_4,40C,nickel,4,19320.68449098013,12626.8720703125
1.0,9,40C__nickel_trial_5,40C,nickel,5,19320.68449098013,9438.546875
1.0,9,40C__nickel_trial_6,40C,nickel,6,19320.68449098013,9599.916015625
1.0,9,50C__nickel_trial_1,50C,nickel,1,19320.68449098013,13048.7890625
1.0,9,50C__nickel_trial_2,50C,nickel,2,19320.68449098013,19546.8203125
1.0,9,50C__nickel_trial_3,50C,nickel,3,19320.68449098013,13482.84765625
1.0,9,50C__nickel_trial_4,50C,nickel,4,19320.68449098013,12557.91015625
1.0,9,50C__nickel_trial_5,50C,nickel,5,19320.68449098013,14885.30859375
1.0,9,50C__nickel_trial_6,50C,nickel,6,19320.68449098013,19358.533203125
1.0,9,60C__nickel_trial_1,60C,nickel,1,19320.68449098013,11242.4970703125
1.0,9,60C__nickel_trial_2,60C,nickel,2,19320.68449098013,20233.1640625
1.0,9,60C__nickel_trial_3,60C,nickel,3,19320.68449098013,5289.14404296875
1.0,9,60C__nickel_trial_4,60C,nickel,4,19320.68449098013,12991.2939453125
1.0,9,60C__nickel_trial_5,60C,nickel,5,19320.68449098013,22790.880859375
1.0,9,60C__nickel_trial_6,60C,nickel,6,19320.68449098013,8944.39453125
1.0,10,30C__pdms_trial_1,30C,pdms,1,460.90129095067635,309.579833984375
1.0,10,30C__pdms_trial_2,30C,pdms,2,460.90129095067635,90.59239959716797
1.0,10,30C__pdms_trial_3,30C,pdms,3,460.90129095067635,342.3022155761719
1.0,10,30C__pdms_trial_4,30C,pdms,4,460.90129095067635,93.3472671508789
1.0,10,30C__pdms_trial_5,30C,pdms,5,460.90129095067635,59.51047897338867
1.0,10,30C__pdms_trial_6,30C,pdms,6,460.90129095067635,59.70167922973633
1.0,10,40C__pdms_trial_1,40C,pdms,1,460.90129095067635,424.24835205078125
1.0,10,40C__pdms_trial_2,40C,pdms,2,460.90129095067635,413.54327392578125
1.0,10,40C__pdms_trial_3,40C,pdms,3,460.90129095067635,369.8655700683594
1.0,10,40C__pdms_trial_4,40C,pdms,4,460.90129095067635,125.7136001586914
1.0,10,40C__pdms_trial_5,40C,pdms,5,460.90129095067635,247.2168426513672
1.0,10,40C__pdms_trial_6,40C,pdms,6,460.90129095067635,315.2230529785156
1.0,10,50C__pdms_trial_1,50C,pdms,1,460.90129095067635,266.88787841796875
1.0,10,50C__pdms_trial_2,50C,pdms,2,460.90129095067635,197.66656494140625
1.0,10,50C__pdms_trial_3,50C,pdms,3,460.90129095067635,261.52862548828125
1.0,10,50C__pdms_trial_4,50C,pdms,4,460.90129095067635,234.078369140625
1.0,10,50C__pdms_trial_5,50C,pdms,5,460.90129095067635,115.47427368164062
1.0,10,50C__pdms_trial_6,50C,pdms,6,460.90129095067635,285.9861145019531
1.0,10,60C__pdms_trial_1,60C,pdms,1,460.90129095067635,1057.7030029296875
1.0,10,60C__pdms_trial_2,60C,pdms,2,460.90129095067635,301.61761474609375
1.0,10,60C__pdms_trial_3,60C,pdms,3,460.90129095067635,590.84765625
1.0,10,60C__pdms_trial_4,60C,pdms,4,460.90129095067635,222.57803344726562
1.0,10,60C__pdms_trial_5,60C,pdms,5,460.90129095067635,215.671875
1.0,10,60C__pdms_trial_6,60C,pdms,6,460.90129095067635,116.95005798339844
1.0,11,30C__ps_foam_trial_1,30C,ps_foam,1,34.496376621320685,178.63534545898438
1.0,11,30C__ps_foam_trial_2,30C,ps_foam,2,34.496376621320685,179.46005249023438
1.0,11,30C__ps_foam_trial_3,30C,ps_foam,3,34.496376621320685,390.9744567871094
1.0,11,30C__ps_foam_trial_4,30C,ps_foam,4,34.496376621320685,320.9607849121094
1.0,11,30C__ps_foam_trial_5,30C,ps_foam,5,34.496376621320685,61.574913024902344
1.0,11,30C__ps_foam_trial_6,30C,ps_foam,6,34.496376621320685,101.6557388305664
1.0,11,40C__ps_foam_trial_1,40C,ps_foam,1,34.496376621320685,88.55068969726562
1.0,11,40C__ps_foam_trial_2,40C,ps_foam,2,34.496376621320685,73.21121215820312
1.0,11,40C__ps_foam_trial_3,40C,ps_foam,3,34.496376621320685,89.02481842041016
1.0,11,40C__ps_foam_trial_4,40C,ps_foam,4,34.496376621320685,332.8917236328125
1.0,11,40C__ps_foam_trial_5,40C,ps_foam,5,34.496376621320685,177.28756713867188
1.0,11,40C__ps_foam_trial_6,40C,ps_foam,6,34.496376621320685,88.66499328613281
1.0,11,50C__ps_foam_trial_1,50C,ps_foam,1,34.496376621320685,72.14530944824219
1.0,11,50C__ps_foam_trial_2,50C,ps_foam,2,34.496376621320685,92.4910888671875
1.0,11,50C__ps_foam_trial_3,50C,ps_foam,3,34.496376621320685,61.713844299316406
1.0,11,50C__ps_foam_trial_4,50C,ps_foam,4,34.496376621320685,63.88221740722656
1.0,11,50C__ps_foam_trial_5,50C,ps_foam,5,34.496376621320685,50.27757263183594
1.0,11,50C__ps_foam_trial_6,50C,ps_foam,6,34.496376621320685,65.13197326660156
1.0,11,60C__ps_foam_trial_1,60C,ps_foam,1,34.496376621320685,483.353515625
1.0,11,60C__ps_foam_trial_2,60C,ps_foam,2,34.496376621320685,562.343994140625
1.0,11,60C__ps_foam_trial_3,60C,ps_foam,3,34.496376621320685,1649.60302734375
1.0,11,60C__ps_foam_trial_4,60C,ps_foam,4,34.496376621320685,137.74122619628906
1.0,11,60C__ps_foam_trial_5,60C,ps_foam,5,34.496376621320685,873.51318359375
1.0,11,60C__ps_foam_trial_6,60C,ps_foam,6,34.496376621320685,592.8372192382812
1.0,12,30C__pu_foam_trial_1,30C,pu_foam,1,42.49705872175155,85.71190643310547
1.0,12,30C__pu_foam_trial_2,30C,pu_foam,2,42.49705872175155,178.8607635498047
1.0,12,30C__pu_foam_trial_3,30C,pu_foam,3,42.49705872175155,329.2493896484375
1.0,12,30C__pu_foam_trial_4,30C,pu_foam,4,42.49705872175155,363.30908203125
1.0,12,30C__pu_foam_trial_5,30C,pu_foam,5,42.49705872175155,202.4111785888672
1.0,12,30C__pu_foam_trial_6,30C,pu_foam,6,42.49705872175155,194.85577392578125
1.0,12,40C__pu_foam_trial_1,40C,pu_foam,1,42.49705872175155,152.48439025878906
1.0,12,40C__pu_foam_trial_2,40C,pu_foam,2,42.49705872175155,188.82032775878906
1.0,12,40C__pu_foam_trial_3,40C,pu_foam,3,42.49705872175155,144.73606872558594
1.0,12,40C__pu_foam_trial_4,40C,pu_foam,4,42.49705872175155,184.27670288085938
1.0,12,40C__pu_foam_trial_5,40C,pu_foam,5,42.49705872175155,67.22514343261719
1.0,12,40C__pu_foam_trial_6,40C,pu_foam,6,42.49705872175155,81.402587890625
1.0,12,50C__pu_foam_trial_1,50C,pu_foam,1,42.49705872175155,147.63192749023438
1.0,12,50C__pu_foam_trial_2,50C,pu_foam,2,42.49705872175155,119.76921844482422
1.0,12,50C__pu_foam_trial_3,50C,pu_foam,3,42.49705872175155,123.75039672851562
1.0,12,50C__pu_foam_trial_4,50C,pu_foam,4,42.49705872175155,41.11978530883789
1.0,12,50C__pu_foam_trial_5,50C,pu_foam,5,42.49705872175155,45.34683609008789
1.0,12,50C__pu_foam_trial_6,50C,pu_foam,6,42.49705872175155,50.91954803466797
1.0,12,60C__pu_foam_trial_1,60C,pu_foam,1,42.49705872175155,189.76864624023438
1.0,12,60C__pu_foam_trial_2,60C,pu_foam,2,42.49705872175155,201.29908752441406
1.0,12,60C__pu_foam_trial_3,60C,pu_foam,3,42.49705872175155,546.3346557617188
1.0,12,60C__pu_foam_trial_4,60C,pu_foam,4,42.49705872175155,447.2123107910156
1.0,12,60C__pu_foam_trial_5,60C,pu_foam,5,42.49705872175155,519.011474609375
1.0,12,60C__pu_foam_trial_6,60C,pu_foam,6,42.49705872175155,394.2944641113281
1.0,13,30C__titanium_trial_1,30C,titanium,1,7184.0359269702985,12693.099609375
1.0,13,30C__titanium_trial_2,30C,titanium,2,7184.0359269702985,11981.84765625
1.0,13,30C__titanium_trial_3,30C,titanium,3,7184.0359269702985,17500.79296875
1.0,13,30C__titanium_trial_4,30C,titanium,4,7184.0359269702985,5503.4375
1.0,13,30C__titanium_trial_5,30C,titanium,5,7184.0359269702985,14775.5771484375
1.0,13,30C__titanium_trial_6,30C,titanium,6,7184.0359269702985,2619.05908203125
1.0,13,40C__titanium_trial_1,40C,titanium,1,7184.0359269702985,9084.60546875
1.0,13,40C__titanium_trial_2,40C,titanium,2,7184.0359269702985,8831.126953125
1.0,13,40C__titanium_trial_3,40C,titanium,3,7184.0359269702985,13347.099609375
1.0,13,40C__titanium_trial_4,40C,titanium,4,7184.0359269702985,5652.3046875
1.0,13,40C__titanium_trial_5,40C,titanium,5,7184.0359269702985,15163.837890625
1.0,13,40C__titanium_trial_6,40C,titanium,6,7184.0359269702985,10427.3271484375
1.0,13,50C__titanium_trial_1,50C,titanium,1,7184.0359269702985,9575.6923828125
1.0,13,50C__titanium_trial_2,50C,titanium,2,7184.0359269702985,5230.4697265625
1.0,13,50C__titanium_trial_3,50C,titanium,3,7184.0359269702985,15863.0390625
1.0,13,50C__titanium_trial_4,50C,titanium,4,7184.0359269702985,24115.0625
1.0,13,50C__titanium_trial_5,50C,titanium,5,7184.0359269702985,3973.817138671875
1.0,13,50C__titanium_trial_6,50C,titanium,6,7184.0359269702985,26607.623046875
1.0,13,60C__titanium_trial_1,60C,titanium,1,7184.0359269702985,12090.546875
1.0,13,60C__titanium_trial_2,60C,titanium,2,7184.0359269702985,10790.986328125
1.0,13,60C__titanium_trial_3,60C,titanium,3,7184.0359269702985,10489.05078125
1.0,13,60C__titanium_trial_4,60C,titanium,4,7184.0359269702985,18322.3125
1.0,13,60C__titanium_trial_5,60C,titanium,5,7184.0359269702985,11892.712890625
1.0,13,60C__titanium_trial_6,60C,titanium,6,7184.0359269702985,15906.6708984375
1.0,14,30C__wood_trial_1,30C,wood,1,422.49260348555214,94.37923431396484
1.0,14,30C__wood_trial_2,30C,wood,2,422.49260348555214,121.68672943115234
1.0,14,30C__wood_trial_3,30C,wood,3,422.49260348555214,34.496376621320685
1.0,14,30C__wood_trial_4,30C,wood,4,422.49260348555214,64.19731140136719
1.0,14,30C__wood_trial_5,30C,wood,5,422.49260348555214,261.28277587890625
1.0,14,30C__wood_trial_6,30C,wood,6,422.49260348555214,101.5594482421875
1.0,14,40C__wood_trial_1,40C,wood,1,422.49260348555214,217.55386352539062
1.0,14,40C__wood_trial_2,40C,wood,2,422.49260348555214,227.214599609375
1.0,14,40C__wood_trial_3,40C,wood,3,422.49260348555214,342.3511657714844
1.0,14,40C__wood_trial_4,40C,wood,4,422.49260348555214,149.55191040039062
1.0,14,40C__wood_trial_5,40C,wood,5,422.49260348555214,251.2734832763672
1.0,14,40C__wood_trial_6,40C,wood,6,422.49260348555214,120.6777114868164
1.0,14,50C__wood_trial_1,50C,wood,1,422.49260348555214,166.6819305419922
1.0,14,50C__wood_trial_2,50C,wood,2,422.49260348555214,316.80133056640625
1.0,14,50C__wood_trial_3,50C,wood,3,422.49260348555214,245.5710906982422
1.0,14,50C__wood_trial_4,50C,wood,4,422.49260348555214,409.6963806152344
1.0,14,50C__wood_trial_5,50C,wood,5,422.49260348555214,330.91650390625
1.0,14,50C__wood_trial_6,50C,wood,6,422.49260348555214,383.9658203125
1.0,14,60C__wood_trial_1,60C,wood,1,422.49260348555214,1581.4932861328125
1.0,14,60C__wood_trial_2,60C,wood,2,422.49260348555214,975.5328369140625
1.0,14,60C__wood_trial_3,60C,wood,3,422.49260348555214,102.35934448242188
1.0,14,60C__wood_trial_4,60C,wood,4,422.49260348555214,1185.402587890625
1.0,14,60C__wood_trial_5,60C,wood,5,422.49260348555214,309.8696594238281
1.0,14,60C__wood_trial_6,60C,wood,6,422.49260348555214,3185.35302734375
1.5,1,30C__aluminum_trial_1,30C,aluminum,1,23958.09466547789,4335.36669921875
1.5,1,30C__aluminum_trial_2,30C,aluminum,2,23958.09466547789,9360.453125
1.5,1,30C__aluminum_trial_3,30C,aluminum,3,23958.09466547789,9359.328125
1.5,1,30C__aluminum_trial_4,30C,aluminum,4,23958.09466547789,8472.958984375
1.5,1,30C__aluminum_trial_5,30C,aluminum,5,23958.09466547789,9293.1220703125
1.5,1,30C__aluminum_trial_6,30C,aluminum,6,23958.09466547789,11681.1474609375
1.5,1,40C__aluminum_trial_1,40C,aluminum,1,23958.09466547789,12588.0810546875
1.5,1,40C__aluminum_trial_2,40C,aluminum,2,23958.09466547789,6390.0771484375
1.5,1,40C__aluminum_trial_3,40C,aluminum,3,23958.09466547789,22102.9453125
1.5,1,40C__aluminum_trial_4,40C,aluminum,4,23958.09466547789,8483.0908203125
1.5,1,40C__aluminum_trial_5,40C,aluminum,5,23958.09466547789,9767.7802734375
1.5,1,40C__aluminum_trial_6,40C,aluminum,6,23958.09466547789,10537.7333984375
1.5,1,50C__aluminum_trial_1,50C,aluminum,1,23958.09466547789,15550.4755859375
1.5,1,50C__aluminum_trial_2,50C,aluminum,2,23958.09466547789,14586.818359375
1.5,1,50C__aluminum_trial_3,50C,aluminum,3,23958.09466547789,11877.2626953125
1.5,1,50C__aluminum_trial_4,50C,aluminum,4,23958.09466547789,18438.78125
1.5,1,50C__aluminum_trial_5,50C,aluminum,5,23958.09466547789,10807.599609375
1.5,1,50C__aluminum_trial_6,50C,aluminum,6,23958.09466547789,15414.2001953125
1.5,1,60C__aluminum_trial_1,60C,aluminum,1,23958.09466547789,12361.1279296875
1.5,1,60C__aluminum_trial_2,60C,aluminum,2,23958.09466547789,15203.26953125
1.5,1,60C__aluminum_trial_3,60C,aluminum,3,23958.09466547789,9362.935546875
1.5,1,60C__aluminum_trial_4,60C,aluminum,4,23958.09466547789,6132.6259765625
1.5,1,60C__aluminum_trial_5,60C,aluminum,5,23958.09466547789,15153.6162109375
1.5,1,60C__aluminum_trial_6,60C,aluminum,6,23958.09466547789,14449.8896484375
1.5,2,30C__bismuth_trial_1,30C,bismuth,1,3209.1026783199068,11741.6201171875
1.5,2,30C__bismuth_trial_2,30C,bismuth,2,3209.1026783199068,296.1160583496094
1.5,2,30C__bismuth_trial_3,30C,bismuth,3,3209.1026783199068,615.2954711914062
1.5,2,30C__bismuth_trial_4,30C,bismuth,4,3209.1026783199068,1092.7457275390625
1.5,2,30C__bismuth_trial_5,30C,bismuth,5,3209.1026783199068,1274.9007568359375
1.5,2,30C__bismuth_trial_6,30C,bismuth,6,3209.1026783199068,15591.4482421875
1.5,2,40C__bismuth_trial_1,40C,bismuth,1,3209.1026783199068,13181.7919921875
1.5,2,40C__bismuth_trial_2,40C,bismuth,2,3209.1026783199068,13325.5146484375
1.5,2,40C__bismuth_trial_3,40C,bismuth,3,3209.1026783199068,13304.294921875
1.5,2,40C__bismuth_trial_4,40C,bismuth,4,3209.1026783199068,9575.1904296875
1.5,2,40C__bismuth_trial_5,40C,bismuth,5,3209.1026783199068,8395.4912109375
1.5,2,40C__bismuth_trial_6,40C,bismuth,6,3209.1026783199068,15407.0712890625
1.5,2,50C__bismuth_trial_1,50C,bismuth,1,3209.1026783199068,11030.7705078125
1.5,2,50C__bismuth_trial_2,50C,bismuth,2,3209.1026783199068,8648.7998046875
1.5,2,50C__bismuth_trial_3,50C,bismuth,3,3209.1026783199068,6900.32666015625
1.5,2,50C__bismuth_trial_4,50C,bismuth,4,3209.1026783199068,15031.423828125
1.5,2,50C__bismuth_trial_5,50C,bismuth,5,3209.1026783199068,16140.900390625
1.5,2,50C__bismuth_trial_6,50C,bismuth,6,3209.1026783199068,15990.5888671875
1.5,2,60C__bismuth_trial_1,60C,bismuth,1,3209.1026783199068,14826.8056640625
1.5,2,60C__bismuth_trial_2,60C,bismuth,2,3209.1026783199068,14821.6171875
1.5,2,60C__bismuth_trial_3,60C,bismuth,3,3209.1026783199068,14846.814453125
1.5,2,60C__bismuth_trial_4,60C,bismuth,4,3209.1026783199068,17024.099609375
1.5,2,60C__bismuth_trial_5,60C,bismuth,5,3209.1026783199068,15317.916015625
1.5,2,60C__bismuth_trial_6,60C,bismuth,6,3209.1026783199068,13314.5126953125
1.5,3,30C__cement_trial_1,30C,cement,1,559.6427431853289,296.7892150878906
1.5,3,30C__cement_trial_2,30C,cement,2,559.6427431853289,814.9657592773438
1.5,3,30C__cement_trial_3,30C,cement,3,559.6427431853289,512.7921752929688
1.5,3,30C__cement_trial_4,30C,cement,4,559.6427431853289,420.5726013183594
1.5,3,30C__cement_trial_5,30C,cement,5,559.6427431853289,421.803466796875
1.5,3,30C__cement_trial_6,30C,cement,6,559.6427431853289,689.8642578125
1.5,3,40C__cement_trial_1,40C,cement,1,559.6427431853289,331.35125732421875
1.5,3,40C__cement_trial_2,40C,cement,2,559.6427431853289,228.9770965576172
1.5,3,40C__cement_trial_3,40C,cement,3,559.6427431853289,280.4688415527344
1.5,3,40C__cement_trial_4,40C,cement,4,559.6427431853289,635.3125610351562
1.5,3,40C__cement_trial_5,40C,cement,5,559.6427431853289,1056.95166015625
1.5,3,40C__cement_trial_6,40C,cement,6,559.6427431853289,1386.6458740234375
1.5,3,50C__cement_trial_1,50C,cement,1,559.6427431853289,322.7393493652344
1.5,3,50C__cement_trial_2,50C,cement,2,559.6427431853289,274.03741455078125
1.5,3,50C__cement_trial_3,50C,cement,3,559.6427431853289,476.6929626464844
1.5,3,50C__cement_trial_4,50C,cement,4,559.6427431853289,257.6470031738281
1.5,3,50C__cement_trial_5,50C,cement,5,559.6427431853289,388.2220153808594
1.5,3,50C__cement_trial_6,50C,cement,6,559.6427431853289,424.2738952636719
1.5,3,60C__cement_trial_1,60C,cement,1,559.6427431853289,6634.10595703125
1.5,3,60C__cement_trial_2,60C,cement,2,559.6427431853289,4753.62060546875
1.5,3,60C__cement_trial_3,60C,cement,3,559.6427431853289,4409.4384765625
1.5,3,60C__cement_trial_4,60C,cement,4,559.6427431853289,4518.556640625
1.5,3,60C__cement_trial_5,60C,cement,5,559.6427431853289,4333.005859375
1.5,3,60C__cement_trial_6,60C,cement,6,559.6427431853289,4147.09423828125
1.5,4,30C__copper_trial_1,30C,copper,1,37192.601414797544,15897.20703125
1.5,4,30C__copper_trial_2,30C,copper,2,37192.601414797544,11330.712890625
1.5,4,30C__copper_trial_3,30C,copper,3,37192.601414797544,16696.015625
1.5,4,30C__copper_trial_4,30C,copper,4,37192.601414797544,13640.099609375
1.5,4,30C__copper_trial_5,30C,copper,5,37192.601414797544,15033.818359375
1.5,4,30C__copper_trial_6,30C,copper,6,37192.601414797544,13241.9736328125
1.5,4,40C__copper_trial_1,40C,copper,1,37192.601414797544,18548.859375
1.5,4,40C__copper_trial_2,40C,copper,2,37192.601414797544,7281.125
1.5,4,40C__copper_trial_3,40C,copper,3,37192.601414797544,4928.3486328125
1.5,4,40C__copper_trial_4,40C,copper,4,37192.601414797544,4840.25390625
1.5,4,40C__copper_trial_5,40C,copper,5,37192.601414797544,5665.15087890625
1.5,4,40C__copper_trial_6,40C,copper,6,37192.601414797544,4332.3984375
1.5,4,50C__copper_trial_1,50C,copper,1,37192.601414797544,14303.5732421875
1.5,4,50C__copper_trial_2,50C,copper,2,37192.601414797544,14726.140625
1.5,4,50C__copper_trial_3,50C,copper,3,37192.601414797544,9204.4775390625
1.5,4,50C__copper_trial_4,50C,copper,4,37192.601414797544,12774.6767578125
1.5,4,50C__copper_trial_5,50C,copper,5,37192.601414797544,10485.83984375
1.5,4,50C__copper_trial_6,50C,copper,6,37192.601414797544,7756.4541015625
1.5,4,60C__copper_trial_1,60C,copper,1,37192.601414797544,17156.40234375
1.5,4,60C__copper_trial_2,60C,copper,2,37192.601414797544,22510.63671875
1.5,4,60C__copper_trial_3,60C,copper,3,37192.601414797544,18287.013671875
1.5,4,60C__copper_trial_4,60C,copper,4,37192.601414797544,20465.333984375
1.5,4,60C__copper_trial_5,60C,copper,5,37192.601414797544,14414.9541015625
1.5,4,60C__copper_trial_6,60C,copper,6,37192.601414797544,13015.0556640625
1.5,5,30C__cork_trial_1,30C,cork,1,136.29380029920657,260.5237121582031
1.5,5,30C__cork_trial_2,30C,cork,2,136.29380029920657,286.3033752441406
1.5,5,30C__cork_trial_3,30C,cork,3,136.29380029920657,84.7828369140625
1.5,5,30C__cork_trial_4,30C,cork,4,136.29380029920657,78.37138366699219
1.5,5,30C__cork_trial_5,30C,cork,5,136.29380029920657,371.3305969238281
1.5,5,30C__cork_trial_6,30C,cork,6,136.29380029920657,185.1607666015625
1.5,5,40C__cork_trial_1,40C,cork,1,136.29380029920657,148.27365112304688
1.5,5,40C__cork_trial_2,40C,cork,2,136.29380029920657,143.2436981201172
1.5,5,40C__cork_trial_3,40C,cork,3,136.29380029920657,146.7769012451172
1.5,5,40C__cork_trial_4,40C,cork,4,136.29380029920657,101.49242401123047
1.5,5,40C__cork_trial_5,40C,cork,5,136.29380029920657,50.81476974487305
1.5,5,40C__cork_trial_6,40C,cork,6,136.29380029920657,53.328426361083984
1.5,5,50C__cork_trial_1,50C,cork,1,136.29380029920657,388.793701171875
1.5,5,50C__cork_trial_2,50C,cork,2,136.29380029920657,292.2469177246094
1.5,5,50C__cork_trial_3,50C,cork,3,136.29380029920657,144.3589324951172
1.5,5,50C__cork_trial_4,50C,cork,4,136.29380029920657,191.43418884277344
1.5,5,50C__cork_trial_5,50C,cork,5,136.29380029920657,159.51214599609375
1.5,5,50C__cork_trial_6,50C,cork,6,136.29380029920657,75.61688995361328
1.5,5,60C__cork_trial_1,60C,cork,1,136.29380029920657,121.26933288574219
1.5,5,60C__cork_trial_2,60C,cork,2,136.29380029920657,108.51970672607422
1.5,5,60C__cork_trial_3,60C,cork,3,136.29380029920657,177.2738800048828
1.5,5,60C__cork_trial_4,60C,cork,4,136.29380029920657,166.17465209960938
1.5,5,60C__cork_trial_5,60C,cork,5,136.29380029920657,109.9251480102539
1.5,5,60C__cork_trial_6,60C,cork,6,136.29380029920657,168.8009490966797
1.5,6,30C__graphite_trial_1,30C,graphite,1,11367.497525840945,17829.177734375
1.5,6,30C__graphite_trial_2,30C,graphite,2,11367.497525840945,14003.90625
1.5,6,30C__graphite_trial_3,30C,graphite,3,11367.497525840945,15535.91796875
1.5,6,30C__graphite_trial_4,30C,graphite,4,11367.497525840945,18282.078125
1.5,6,30C__graphite_trial_5,30C,graphite,5,11367.497525840945,13488.6875
1.5,6,30C__graphite_trial_6,30C,graphite,6,11367.497525840945,16972.060546875
1.5,6,40C__graphite_trial_1,40C,graphite,1,11367.497525840945,2659.52978515625
1.5,6,40C__graphite_trial_2,40C,graphite,2,11367.497525840945,8283.041015625
1.5,6,40C__graphite_trial_3,40C,graphite,3,11367.497525840945,13324.0654296875
1.5,6,40C__graphite_trial_4,40C,graphite,4,11367.497525840945,6753.23828125
1.5,6,40C__graphite_trial_5,40C,graphite,5,11367.497525840945,3563.726318359375
1.5,6,40C__graphite_trial_6,40C,graphite,6,11367.497525840945,5195.76611328125
1.5,6,50C__graphite_trial_1,50C,graphite,1,11367.497525840945,18893.287109375
1.5,6,50C__graphite_trial_2,50C,graphite,2,11367.497525840945,19334.73046875
1.5,6,50C__graphite_trial_3,50C,graphite,3,11367.497525840945,13596.2646484375
1.5,6,50C__graphite_trial_4,50C,graphite,4,11367.497525840945,15243.9970703125
1.5,6,50C__graphite_trial_5,50C,graphite,5,11367.497525840945,8737.2998046875
1.5,6,50C__graphite_trial_6,50C,graphite,6,11367.497525840945,21403.2734375
1.5,6,60C__graphite_trial_1,60C,graphite,1,11367.497525840945,7070.59326171875
1.5,6,60C__graphite_trial_2,60C,graphite,2,11367.497525840945,18314.833984375
1.5,6,60C__graphite_trial_3,60C,graphite,3,11367.497525840945,18006.248046875
1.5,6,60C__graphite_trial_4,60C,graphite,4,11367.497525840945,18775.80859375
1.5,6,60C__graphite_trial_5,60C,graphite,5,11367.497525840945,14160.6162109375
1.5,6,60C__graphite_trial_6,60C,graphite,6,11367.497525840945,17807.1875
1.5,7,30C__gypsum_trial_1,30C,gypsum,1,385.01948002666046,142.57814025878906
1.5,7,30C__gypsum_trial_2,30C,gypsum,2,385.01948002666046,488.1533508300781
1.5,7,30C__gypsum_trial_3,30C,gypsum,3,385.01948002666046,374.07086181640625
1.5,7,30C__gypsum_trial_4,30C,gypsum,4,385.01948002666046,97.03885650634766
1.5,7,30C__gypsum_trial_5,30C,gypsum,5,385.01948002666046,324.8785400390625
1.5,7,30C__gypsum_trial_6,30C,gypsum,6,385.01948002666046,153.4851837158203
1.5,7,40C__gypsum_trial_1,40C,gypsum,1,385.01948002666046,221.2414093017578
1.5,7,40C__gypsum_trial_2,40C,gypsum,2,385.01948002666046,175.72525024414062
1.5,7,40C__gypsum_trial_3,40C,gypsum,3,385.01948002666046,263.41552734375
1.5,7,40C__gypsum_trial_4,40C,gypsum,4,385.01948002666046,241.6509246826172
1.5,7,40C__gypsum_trial_5,40C,gypsum,5,385.01948002666046,632.0347290039062
1.5,7,40C__gypsum_trial_6,40C,gypsum,6,385.01948002666046,676.8604125976562
1.5,7,50C__gypsum_trial_1,50C,gypsum,1,385.01948002666046,598.869873046875
1.5,7,50C__gypsum_trial_2,50C,gypsum,2,385.01948002666046,608.010009765625
1.5,7,50C__gypsum_trial_3,50C,gypsum,3,385.01948002666046,3081.016845703125
1.5,7,50C__gypsum_trial_4,50C,gypsum,4,385.01948002666046,569.5764770507812
1.5,7,50C__gypsum_trial_5,50C,gypsum,5,385.01948002666046,2289.965576171875
1.5,7,50C__gypsum_trial_6,50C,gypsum,6,385.01948002666046,806.1827392578125
1.5,7,60C__gypsum_trial_1,60C,gypsum,1,385.01948002666046,9773.8095703125
1.5,7,60C__gypsum_trial_2,60C,gypsum,2,385.01948002666046,421.0245666503906
1.5,7,60C__gypsum_trial_3,60C,gypsum,3,385.01948002666046,9374.30078125
1.5,7,60C__gypsum_trial_4,60C,gypsum,4,385.01948002666046,7185.42138671875
1.5,7,60C__gypsum_trial_5,60C,gypsum,5,385.01948002666046,8327.2890625
1.5,7,60C__gypsum_trial_6,60C,gypsum,6,385.01948002666046,8998.7822265625
1.5,8,30C__iron_trial_1,30C,iron,1,16859.663413010356,14805.5673828125
1.5,8,30C__iron_trial_2,30C,iron,2,16859.663413010356,18663.884765625
1.5,8,30C__iron_trial_3,30C,iron,3,16859.663413010356,21525.669921875
1.5,8,30C__iron_trial_4,30C,iron,4,16859.663413010356,13780.9169921875
1.5,8,30C__iron_trial_5,30C,iron,5,16859.663413010356,6788.46728515625
1.5,8,30C__iron_trial_6,30C,iron,6,16859.663413010356,16811.63671875
1.5,8,40C__iron_trial_1,40C,iron,1,16859.663413010356,8040.61279296875
1.5,8,40C__iron_trial_2,40C,iron,2,16859.663413010356,17747.439453125
1.5,8,40C__iron_trial_3,40C,iron,3,16859.663413010356,19001.763671875
1.5,8,40C__iron_trial_4,40C,iron,4,16859.663413010356,6293.3515625
1.5,8,40C__iron_trial_5,40C,iron,5,16859.663413010356,14354.80859375
1.5,8,40C__iron_trial_6,40C,iron,6,16859.663413010356,19067.28125
1.5,8,50C__iron_trial_1,50C,iron,1,16859.663413010356,11273.7646484375
1.5,8,50C__iron_trial_2,50C,iron,2,16859.663413010356,11096.6259765625
1.5,8,50C__iron_trial_3,50C,iron,3,16859.663413010356,10879.8515625
1.5,8,50C__iron_trial_4,50C,iron,4,16859.663413010356,14048.748046875
1.5,8,50C__iron_trial_5,50C,iron,5,16859.663413010356,11426.681640625
1.5,8,50C__iron_trial_6,50C,iron,6,16859.663413010356,23973.98828125
1.5,8,60C__iron_trial_1,60C,iron,1,16859.663413010356,29642.49609375
1.5,8,60C__iron_trial_2,60C,iron,2,16859.663413010356,14566.7021484375
1.5,8,60C__iron_trial_3,60C,iron,3,16859.663413010356,7204.41015625
1.5,8,60C__iron_trial_4,60C,iron,4,16859.663413010356,4905.10546875
1.5,8,60C__iron_trial_5,60C,iron,5,16859.663413010356,13576.8916015625
1.5,8,60C__iron_trial_6,60C,iron,6,16859.663413010356,12086.6962890625
1.5,9,30C__nickel_trial_1,30C,nickel,1,19320.68449098013,8685.9833984375
1.5,9,30C__nickel_trial_2,30C,nickel,2,19320.68449098013,11498.90234375
1.5,9,30C__nickel_trial_3,30C,nickel,3,19320.68449098013,4617.32373046875
1.5,9,30C__nickel_trial_4,30C,nickel,4,19320.68449098013,4655.81884765625
1.5,9,30C__nickel_trial_5,30C,nickel,5,19320.68449098013,6144.90478515625
1.5,9,30C__nickel_trial_6,30C,nickel,6,19320.68449098013,19144.90625
1.5,9,40C__nickel_trial_1,40C,nickel,1,19320.68449098013,9695.5869140625
1.5,9,40C__nickel_trial_2,40C,nickel,2,19320.68449098013,5341.0791015625
1.5,9,40C__nickel_trial_3,40C,nickel,3,19320.68449098013,10564.572265625
1.5,9,40C__nickel_trial_4,40C,nickel,4,19320.68449098013,15926.78515625
1.5,9,40C__nickel_trial_5,40C,nickel,5,19320.68449098013,8176.44677734375
1.5,9,40C__nickel_trial_6,40C,nickel,6,19320.68449098013,12009.8212890625
1.5,9,50C__nickel_trial_1,50C,nickel,1,19320.68449098013,13812.0234375
1.5,9,50C__nickel_trial_2,50C,nickel,2,19320.68449098013,21835.63671875
1.5,9,50C__nickel_trial_3,50C,nickel,3,19320.68449098013,20371.87890625
1.5,9,50C__nickel_trial_4,50C,nickel,4,19320.68449098013,18410.595703125
1.5,9,50C__nickel_trial_5,50C,nickel,5,19320.68449098013,9487.1845703125
1.5,9,50C__nickel_trial_6,50C,nickel,6,19320.68449098013,15513.8115234375
1.5,9,60C__nickel_trial_1,60C,nickel,1,19320.68449098013,5781.900390625
1.5,9,60C__nickel_trial_2,60C,nickel,2,19320.68449098013,19885.90234375
1.5,9,60C__nickel_trial_3,60C,nickel,3,19320.68449098013,14136.677734375
1.5,9,60C__nickel_trial_4,60C,nickel,4,19320.68449098013,15711.7783203125
1.5,9,60C__nickel_trial_5,60C,nickel,5,19320.68449098013,32692.943359375
1.5,9,60C__nickel_trial_6,60C,nickel,6,19320.68449098013,18781.646484375
1.5,10,30C__pdms_trial_1,30C,pdms,1,460.90129095067635,239.53378295898438
1.5,10,30C__pdms_trial_2,30C,pdms,2,460.90129095067635,58.25397491455078
1.5,10,30C__pdms_trial_3,30C,pdms,3,460.90129095067635,235.8081512451172
1.5,10,30C__pdms_trial_4,30C,pdms,4,460.90129095067635,132.9256134033203
1.5,10,30C__pdms_trial_5,30C,pdms,5,460.90129095067635,44.76469802856445
1.5,10,30C__pdms_trial_6,30C,pdms,6,460.90129095067635,72.6388931274414
1.5,10,40C__pdms_trial_1,40C,pdms,1,460.90129095067635,390.349365234375
1.5,10,40C__pdms_trial_2,40C,pdms,2,460.90129095067635,511.74737548828125
1.5,10,40C__pdms_trial_3,40C,pdms,3,460.90129095067635,336.0723876953125
1.5,10,40C__pdms_trial_4,40C,pdms,4,460.90129095067635,177.98843383789062
1.5,10,40C__pdms_trial_5,40C,pdms,5,460.90129095067635,221.34657287597656
1.5,10,40C__pdms_trial_6,40C,pdms,6,460.90129095067635,345.5789489746094
1.5,10,50C__pdms_trial_1,50C,pdms,1,460.90129095067635,204.79429626464844
1.5,10,50C__pdms_trial_2,50C,pdms,2,460.90129095067635,279.3872985839844
1.5,10,50C__pdms_trial_3,50C,pdms,3,460.90129095067635,300.6263427734375
1.5,10,50C__pdms_trial_4,50C,pdms,4,460.90129095067635,351.4249267578125
1.5,10,50C__pdms_trial_5,50C,pdms,5,460.90129095067635,121.08808898925781
1.5,10,50C__pdms_trial_6,50C,pdms,6,460.90129095067635,364.040283203125
1.5,10,60C__pdms_trial_1,60C,pdms,1,460.90129095067635,1040.1146240234375
1.5,10,60C__pdms_trial_2,60C,pdms,2,460.90129095067635,297.3248596191406
1.5,10,60C__pdms_trial_3,60C,pdms,3,460.90129095067635,410.5960693359375
1.5,10,60C__pdms_trial_4,60C,pdms,4,460.90129095067635,309.8489074707031
1.5,10,60C__pdms_trial_5,60C,pdms,5,460.90129095067635,259.60552978515625
1.5,10,60C__pdms_trial_6,60C,pdms,6,460.90129095067635,79.25611114501953
1.5,11,30C__ps_foam_trial_1,30C,ps_foam,1,34.496376621320685,174.01808166503906
1.5,11,30C__ps_foam_trial_2,30C,ps_foam,2,34.496376621320685,76.77587127685547
1.5,11,30C__ps_foam_trial_3,30C,ps_foam,3,34.496376621320685,336.65521240234375
1.5,11,30C__ps_foam_trial_4,30C,ps_foam,4,34.496376621320685,311.7740478515625
1.5,11,30C__ps_foam_trial_5,30C,ps_foam,5,34.496376621320685,63.0348014831543
1.5,11,30C__ps_foam_trial_6,30C,ps_foam,6,34.496376621320685,128.5757293701172
1.5,11,40C__ps_foam_trial_1,40C,ps_foam,1,34.496376621320685,85.77159118652344
1.5,11,40C__ps_foam_trial_2,40C,ps_foam,2,34.496376621320685,85.9925308227539
1.5,11,40C__ps_foam_trial_3,40C,ps_foam,3,34.496376621320685,81.3185043334961
1.5,11,40C__ps_foam_trial_4,40C,ps_foam,4,34.496376621320685,322.3405456542969
1.5,11,40C__ps_foam_trial_5,40C,ps_foam,5,34.496376621320685,292.3697204589844
1.5,11,40C__ps_foam_trial_6,40C,ps_foam,6,34.496376621320685,69.00152587890625
1.5,11,50C__ps_foam_trial_1,50C,ps_foam,1,34.496376621320685,54.47550582885742
1.5,11,50C__ps_foam_trial_2,50C,ps_foam,2,34.496376621320685,56.737770080566406
1.5,11,50C__ps_foam_trial_3,50C,ps_foam,3,34.496376621320685,42.49705872175155
1.5,11,50C__ps_foam_trial_4,50C,ps_foam,4,34.496376621320685,48.68931198120117
1.5,11,50C__ps_foam_trial_5,50C,ps_foam,5,34.496376621320685,58.176300048828125
1.5,11,50C__ps_foam_trial_6,50C,ps_foam,6,34.496376621320685,47.647071838378906
1.5,11,60C__ps_foam_trial_1,60C,ps_foam,1,34.496376621320685,531.6351928710938
1.5,11,60C__ps_foam_trial_2,60C,ps_foam,2,34.496376621320685,688.1293334960938
1.5,11,60C__ps_foam_trial_3,60C,ps_foam,3,34.496376621320685,1657.5399169921875
1.5,11,60C__ps_foam_trial_4,60C,ps_foam,4,34.496376621320685,73.5647201538086
1.5,11,60C__ps_foam_trial_5,60C,ps_foam,5,34.496376621320685,416.99920654296875
1.5,11,60C__ps_foam_trial_6,60C,ps_foam,6,34.496376621320685,1020.270263671875
1.5,12,30C__pu_foam_trial_1,30C,pu_foam,1,42.49705872175155,88.06076049804688
1.5,12,30C__pu_foam_trial_2,30C,pu_foam,2,42.49705872175155,93.40328979492188
1.5,12,30C__pu_foam_trial_3,30C,pu_foam,3,42.49705872175155,263.47857666015625
1.5,12,30C__pu_foam_trial_4,30C,pu_foam,4,42.49705872175155,359.7619934082031
1.5,12,30C__pu_foam_trial_5,30C,pu_foam,5,42.49705872175155,122.35699462890625
1.5,12,30C__pu_foam_trial_6,30C,pu_foam,6,42.49705872175155,142.5103759765625
1.5,12,40C__pu_foam_trial_1,40C,pu_foam,1,42.49705872175155,128.20880126953125
1.5,12,40C__pu_foam_trial_2,40C,pu_foam,2,42.49705872175155,109.8280258178711
1.5,12,40C__pu_foam_trial_3,40C,pu_foam,3,42.49705872175155,119.94480895996094
1.5,12,40C__pu_foam_trial_4,40C,pu_foam,4,42.49705872175155,185.03662109375
1.5,12,40C__pu_foam_trial_5,40C,pu_foam,5,42.49705872175155,65.44578552246094
1.5,12,40C__pu_foam_trial_6,40C,pu_foam,6,42.49705872175155,99.20100402832031
1.5,12,50C__pu_foam_trial_1,50C,pu_foam,1,42.49705872175155,104.7052993774414
1.5,12,50C__pu_foam_trial_2,50C,pu_foam,2,42.49705872175155,81.41940307617188
1.5,12,50C__pu_foam_trial_3,50C,pu_foam,3,42.49705872175155,106.08103942871094
1.5,12,50C__pu_foam_trial_4,50C,pu_foam,4,42.49705872175155,44.195682525634766
1.5,12,50C__pu_foam_trial_5,50C,pu_foam,5,42.49705872175155,54.67707443237305
1.5,12,50C__pu_foam_trial_6,50C,pu_foam,6,42.49705872175155,44.7145881652832
1.5,12,60C__pu_foam_trial_1,60C,pu_foam,1,42.49705872175155,185.41445922851562
1.5,12,60C__pu_foam_trial_2,60C,pu_foam,2,42.49705872175155,267.4768981933594
1.5,12,60C__pu_foam_trial_3,60C,pu_foam,3,42.49705872175155,425.4860534667969
1.5,12,60C__pu_foam_trial_4,60C,pu_foam,4,42.49705872175155,302.10662841796875
1.5,12,60C__pu_foam_trial_5,60C,pu_foam,5,42.49705872175155,730.0260009765625
1.5,12,60C__pu_foam_trial_6,60C,pu_foam,6,42.49705872175155,590.7091064453125
1.5,13,30C__titanium_trial_1,30C,titanium,1,7184.0359269702985,9796.712890625
1.5,13,30C__titanium_trial_2,30C,titanium,2,7184.0359269702985,7609.40087890625
1.5,13,30C__titanium_trial_3,30C,titanium,3,7184.0359269702985,15759.7421875
1.5,13,30C__titanium_trial_4,30C,titanium,4,7184.0359269702985,2346.822998046875
1.5,13,30C__titanium_trial_5,30C,titanium,5,7184.0359269702985,18484.5078125
1.5,13,30C__titanium_trial_6,30C,titanium,6,7184.0359269702985,3515.33154296875
1.5,13,40C__titanium_trial_1,40C,titanium,1,7184.0359269702985,10080.56640625
1.5,13,40C__titanium_trial_2,40C,titanium,2,7184.0359269702985,8761.884765625
1.5,13,40C__titanium_trial_3,40C,titanium,3,7184.0359269702985,13936.779296875
1.5,13,40C__titanium_trial_4,40C,titanium,4,7184.0359269702985,2483.187255859375
1.5,13,40C__titanium_trial_5,40C,titanium,5,7184.0359269702985,13902.05078125
1.5,13,40C__titanium_trial_6,40C,titanium,6,7184.0359269702985,14927.74609375
1.5,13,50C__titanium_trial_1,50C,titanium,1,7184.0359269702985,7623.07958984375
1.5,13,50C__titanium_trial_2,50C,titanium,2,7184.0359269702985,12994.08203125
1.5,13,50C__titanium_trial_3,50C,titanium,3,7184.0359269702985,14779.369140625
1.5,13,50C__titanium_trial_4,50C,titanium,4,7184.0359269702985,13836.7978515625
1.5,13,50C__titanium_trial_5,50C,titanium,5,7184.0359269702985,6374.0673828125
1.5,13,50C__titanium_trial_6,50C,titanium,6,7184.0359269702985,22357.87109375
1.5,13,60C__titanium_trial_1,60C,titanium,1,7184.0359269702985,10555.205078125
1.5,13,60C__titanium_trial_2,60C,titanium,2,7184.0359269702985,15166.802734375
1.5,13,60C__titanium_trial_3,60C,titanium,3,7184.0359269702985,13030.3701171875
1.5,13,60C__titanium_trial_4,60C,titanium,4,7184.0359269702985,14525.5126953125
1.5,13,60C__titanium_trial_5,60C,titanium,5,7184.0359269702985,17507.822265625
1.5,13,60C__titanium_trial_6,60C,titanium,6,7184.0359269702985,13087.6376953125
1.5,14,30C__wood_trial_1,30C,wood,1,422.49260348555214,131.22723388671875
1.5,14,30C__wood_trial_2,30C,wood,2,422.49260348555214,224.78652954101562
1.5,14,30C__wood_trial_3,30C,wood,3,422.49260348555214,80.98279571533203
1.5,14,30C__wood_trial_4,30C,wood,4,422.49260348555214,52.904212951660156
1.5,14,30C__wood_trial_5,30C,wood,5,422.49260348555214,286.9670715332031
1.5,14,30C__wood_trial_6,30C,wood,6,422.49260348555214,94.42203521728516
1.5,14,40C__wood_trial_1,40C,wood,1,422.49260348555214,205.3763427734375
1.5,14,40C__wood_trial_2,40C,wood,2,422.49260348555214,196.41119384765625
1.5,14,40C__wood_trial_3,40C,wood,3,422.49260348555214,275.0912170410156
1.5,14,40C__wood_trial_4,40C,wood,4,422.49260348555214,175.32769775390625
1.5,14,40C__wood_trial_5,40C,wood,5,422.49260348555214,166.05368041992188
1.5,14,40C__wood_trial_6,40C,wood,6,422.49260348555214,106.75910949707031
1.5,14,50C__wood_trial_1,50C,wood,1,422.49260348555214,257.0067443847656
1.5,14,50C__wood_trial_2,50C,wood,2,422.49260348555214,263.0907897949219
1.5,14,50C__wood_trial_3,50C,wood,3,422.49260348555214,291.51318359375
1.5,14,50C__wood_trial_4,50C,wood,4,422.49260348555214,338.0257263183594
1.5,14,50C__wood_trial_5,50C,wood,5,422.49260348555214,305.8439636230469
1.5,14,50C__wood_trial_6,50C,wood,6,422.49260348555214,374.8312072753906
1.5,14,60C__wood_trial_1,60C,wood,1,422.49260348555214,1041.8704833984375
1.5,14,60C__wood_trial_2,60C,wood,2,422.49260348555214,374.5431213378906
1.5,14,60C__wood_trial_3,60C,wood,3,422.49260348555214,296.8006896972656
1.5,14,60C__wood_trial_4,60C,wood,4,422.49260348555214,493.9903869628906
1.5,14,60C__wood_trial_5,60C,wood,5,422.49260348555214,430.0467224121094
1.5,14,60C__wood_trial_6,60C,wood,6,422.49260348555214,1131.88818359375
2.0,1,30C__aluminum_trial_1,30C,aluminum,1,23958.09466547789,7481.4658203125
2.0,1,30C__aluminum_trial_2,30C,aluminum,2,23958.09466547789,10072.5126953125
2.0,1,30C__aluminum_trial_3,30C,aluminum,3,23958.09466547789,10849.158203125
2.0,1,30C__aluminum_trial_4,30C,aluminum,4,23958.09466547789,13998.685546875
2.0,1,30C__aluminum_trial_5,30C,aluminum,5,23958.09466547789,7687.5966796875
2.0,1,30C__aluminum_trial_6,30C,aluminum,6,23958.09466547789,16663.0390625
2.0,1,40C__aluminum_trial_1,40C,aluminum,1,23958.09466547789,11585.3623046875
2.0,1,40C__aluminum_trial_2,40C,aluminum,2,23958.09466547789,4466.3623046875
2.0,1,40C__aluminum_trial_3,40C,aluminum,3,23958.09466547789,21547.626953125
2.0,1,40C__aluminum_trial_4,40C,aluminum,4,23958.09466547789,8469.7998046875
2.0,1,40C__aluminum_trial_5,40C,aluminum,5,23958.09466547789,14640.0595703125
2.0,1,40C__aluminum_trial_6,40C,aluminum,6,23958.09466547789,9689.697265625
2.0,1,50C__aluminum_trial_1,50C,aluminum,1,23958.09466547789,11891.5224609375
2.0,1,50C__aluminum_trial_2,50C,aluminum,2,23958.09466547789,14026.2421875
2.0,1,50C__aluminum_trial_3,50C,aluminum,3,23958.09466547789,19918.265625
2.0,1,50C__aluminum_trial_4,50C,aluminum,4,23958.09466547789,23993.337890625
2.0,1,50C__aluminum_trial_5,50C,aluminum,5,23958.09466547789,9852.2412109375
2.0,1,50C__aluminum_trial_6,50C,aluminum,6,23958.09466547789,15833.4443359375
2.0,1,60C__aluminum_trial_1,60C,aluminum,1,23958.09466547789,14306.5068359375
2.0,1,60C__aluminum_trial_2,60C,aluminum,2,23958.09466547789,7810.1640625
2.0,1,60C__aluminum_trial_3,60C,aluminum,3,23958.09466547789,10644.9208984375
2.0,1,60C__aluminum_trial_4,60C,aluminum,4,23958.09466547789,12017.58984375
2.0,1,60C__aluminum_trial_5,60C,aluminum,5,23958.09466547789,18425.123046875
2.0,1,60C__aluminum_trial_6,60C,aluminum,6,23958.09466547789,15258.7607421875
2.0,2,30C__bismuth_trial_1,30C,bismuth,1,3209.1026783199068,8869.923828125
2.0,2,30C__bismuth_trial_2,30C,bismuth,2,3209.1026783199068,952.03857421875
2.0,2,30C__bismuth_trial_3,30C,bismuth,3,3209.1026783199068,1015.984130859375
2.0,2,30C__bismuth_trial_4,30C,bismuth,4,3209.1026783199068,4837.30029296875
2.0,2,30C__bismuth_trial_5,30C,bismuth,5,3209.1026783199068,3651.97314453125
2.0,2,30C__bismuth_trial_6,30C,bismuth,6,3209.1026783199068,12455.5185546875
2.0,2,40C__bismuth_trial_1,40C,bismuth,1,3209.1026783199068,13680.109375
2.0,2,40C__bismuth_trial_2,40C,bismuth,2,3209.1026783199068,16147.3525390625
2.0,2,40C__bismuth_trial_3,40C,bismuth,3,3209.1026783199068,12767.2353515625
2.0,2,40C__bismuth_trial_4,40C,bismuth,4,3209.1026783199068,11551.2685546875
2.0,2,40C__bismuth_trial_5,40C,bismuth,5,3209.1026783199068,13386.658203125
2.0,2,40C__bismuth_trial_6,40C,bismuth,6,3209.1026783199068,12833.2451171875
2.0,2,50C__bismuth_trial_1,50C,bismuth,1,3209.1026783199068,12676.5859375
2.0,2,50C__bismuth_trial_2,50C,bismuth,2,3209.1026783199068,12709.5751953125
2.0,2,50C__bismuth_trial_3,50C,bismuth,3,3209.1026783199068,8828.482421875
2.0,2,50C__bismuth_trial_4,50C,bismuth,4,3209.1026783199068,15326.9765625
2.0,2,50C__bismuth_trial_5,50C,bismuth,5,3209.1026783199068,18248.978515625
2.0,2,50C__bismuth_trial_6,50C,bismuth,6,3209.1026783199068,14882.427734375
2.0,2,60C__bismuth_trial_1,60C,bismuth,1,3209.1026783199068,10492.943359375
2.0,2,60C__bismuth_trial_2,60C,bismuth,2,3209.1026783199068,13180.6728515625
2.0,2,60C__bismuth_trial_3,60C,bismuth,3,3209.1026783199068,10442.75390625
2.0,2,60C__bismuth_trial_4,60C,bismuth,4,3209.1026783199068,11582.6220703125
2.0,2,60C__bismuth_trial_5,60C,bismuth,5,3209.1026783199068,11626.861328125
2.0,2,60C__bismuth_trial_6,60C,bismuth,6,3209.1026783199068,9176.5673828125
2.0,3,30C__cement_trial_1,30C,cement,1,559.6427431853289,262.0397644042969
2.0,3,30C__cement_trial_2,30C,cement,2,559.6427431853289,612.4985961914062
2.0,3,30C__cement_trial_3,30C,cement,3,559.6427431853289,340.42303466796875
2.0,3,30C__cement_trial_4,30C,cement,4,559.6427431853289,409.73516845703125
2.0,3,30C__cement_trial_5,30C,cement,5,559.6427431853289,347.5282287597656
2.0,3,30C__cement_trial_6,30C,cement,6,559.6427431853289,307.720458984375
2.0,3,40C__cement_trial_1,40C,cement,1,559.6427431853289,424.42987060546875
2.0,3,40C__cement_trial_2,40C,cement,2,559.6427431853289,176.00137329101562
2.0,3,40C__cement_trial_3,40C,cement,3,559.6427431853289,210.66307067871094
2.0,3,40C__cement_trial_4,40C,cement,4,559.6427431853289,3620.0419921875
2.0,3,40C__cement_trial_5,40C,cement,5,559.6427431853289,3589.31787109375
2.0,3,40C__cement_trial_6,40C,cement,6,559.6427431853289,582.6495971679688
2.0,3,50C__cement_trial_1,50C,cement,1,559.6427431853289,440.1357421875
2.0,3,50C__cement_trial_2,50C,cement,2,559.6427431853289,249.88157653808594
2.0,3,50C__cement_trial_3,50C,cement,3,559.6427431853289,412.81805419921875
2.0,3,50C__cement_trial_4,50C,cement,4,559.6427431853289,411.7082214355469
2.0,3,50C__cement_trial_5,50C,cement,5,559.6427431853289,516.5271606445312
2.0,3,50C__cement_trial_6,50C,cement,6,559.6427431853289,482.5269470214844
2.0,3,60C__cement_trial_1,60C,cement,1,559.6427431853289,7084.3642578125
2.0,3,60C__cement_trial_2,60C,cement,2,559.6427431853289,4883.6484375
2.0,3,60C__cement_trial_3,60C,cement,3,559.6427431853289,5600.462890625
2.0,3,60C__cement_trial_4,60C,cement,4,559.6427431853289,5240.392578125
2.0,3,60C__cement_trial_5,60C,cement,5,559.6427431853289,5088.17041015625
2.0,3,60C__cement_trial_6,60C,cement,6,559.6427431853289,4853.8330078125
2.0,4,30C__copper_trial_1,30C,copper,1,37192.601414797544,11540.0146484375
2.0,4,30C__copper_trial_2,30C,copper,2,37192.601414797544,10201.7685546875
2.0,4,30C__copper_trial_3,30C,copper,3,37192.601414797544,17772.05078125
2.0,4,30C__copper_trial_4,30C,copper,4,37192.601414797544,12850.404296875
2.0,4,30C__copper_trial_5,30C,copper,5,37192.601414797544,14258.2724609375
2.0,4,30C__copper_trial_6,30C,copper,6,37192.601414797544,13738.935546875
2.0,4,40C__copper_trial_1,40C,copper,1,37192.601414797544,12373.0283203125
2.0,4,40C__copper_trial_2,40C,copper,2,37192.601414797544,4952.5048828125
2.0,4,40C__copper_trial_3,40C,copper,3,37192.601414797544,3919.6044921875
2.0,4,40C__copper_trial_4,40C,copper,4,37192.601414797544,5746.81591796875
2.0,4,40C__copper_trial_5,40C,copper,5,37192.601414797544,5123.56298828125
2.0,4,40C__copper_trial_6,40C,copper,6,37192.601414797544,5455.84326171875
2.0,4,50C__copper_trial_1,50C,copper,1,37192.601414797544,9222.8876953125
2.0,4,50C__copper_trial_2,50C,copper,2,37192.601414797544,12749.4326171875
2.0,4,50C__copper_trial_3,50C,copper,3,37192.601414797544,11575.03515625
2.0,4,50C__copper_trial_4,50C,copper,4,37192.601414797544,14657.3701171875
2.0,4,50C__copper_trial_5,50C,copper,5,37192.601414797544,6931.46875
2.0,4,50C__copper_trial_6,50C,copper,6,37192.601414797544,11447.8544921875
2.0,4,60C__copper_trial_1,60C,copper,1,37192.601414797544,17442.587890625
2.0,4,60C__copper_trial_2,60C,copper,2,37192.601414797544,18719.896484375
2.0,4,60C__copper_trial_3,60C,copper,3,37192.601414797544,17379.75390625
2.0,4,60C__copper_trial_4,60C,copper,4,37192.601414797544,18664.3125
2.0,4,60C__copper_trial_5,60C,copper,5,37192.601414797544,15906.853515625
2.0,4,60C__copper_trial_6,60C,copper,6,37192.601414797544,18461.533203125
2.0,5,30C__cork_trial_1,30C,cork,1,136.29380029920657,262.20062255859375
2.0,5,30C__cork_trial_2,30C,cork,2,136.29380029920657,145.18177795410156
2.0,5,30C__cork_trial_3,30C,cork,3,136.29380029920657,125.14028930664062
2.0,5,30C__cork_trial_4,30C,cork,4,136.29380029920657,156.2236328125
2.0,5,30C__cork_trial_5,30C,cork,5,136.29380029920657,202.85142517089844
2.0,5,30C__cork_trial_6,30C,cork,6,136.29380029920657,264.50054931640625
2.0,5,40C__cork_trial_1,40C,cork,1,136.29380029920657,164.53724670410156
2.0,5,40C__cork_trial_2,40C,cork,2,136.29380029920657,141.92886352539062
2.0,5,40C__cork_trial_3,40C,cork,3,136.29380029920657,89.30207824707031
2.0,5,40C__cork_trial_4,40C,cork,4,136.29380029920657,75.00637817382812
2.0,5,40C__cork_trial_5,40C,cork,5,136.29380029920657,50.90227127075195
2.0,5,40C__cork_trial_6,40C,cork,6,136.29380029920657,34.496376621320685
2.0,5,50C__cork_trial_1,50C,cork,1,136.29380029920657,403.4826354980469
2.0,5,50C__cork_trial_2,50C,cork,2,136.29380029920657,398.1837463378906
2.0,5,50C__cork_trial_3,50C,cork,3,136.29380029920657,269.93829345703125
2.0,5,50C__cork_trial_4,50C,cork,4,136.29380029920657,200.86209106445312
2.0,5,50C__cork_trial_5,50C,cork,5,136.29380029920657,220.94076538085938
2.0,5,50C__cork_trial_6,50C,cork,6,136.29380029920657,78.61309814453125
2.0,5,60C__cork_trial_1,60C,cork,1,136.29380029920657,102.07624816894531
2.0,5,60C__cork_trial_2,60C,cork,2,136.29380029920657,147.83042907714844
2.0,5,60C__cork_trial_3,60C,cork,3,136.29380029920657,164.5662078857422
2.0,5,60C__cork_trial_4,60C,cork,4,136.29380029920657,73.2143325805664
2.0,5,60C__cork_trial_5,60C,cork,5,136.29380029920657,123.40888214111328
2.0,5,60C__cork_trial_6,60C,cork,6,136.29380029920657,181.5907440185547
2.0,6,30C__graphite_trial_1,30C,graphite,1,11367.497525840945,16200.416015625
2.0,6,30C__graphite_trial_2,30C,graphite,2,11367.497525840945,14887.453125
2.0,6,30C__graphite_trial_3,30C,graphite,3,11367.497525840945,17402.361328125
2.0,6,30C__graphite_trial_4,30C,graphite,4,11367.497525840945,25550.537109375
2.0,6,30C__graphite_trial_5,30C,graphite,5,11367.497525840945,22168.6015625
2.0,6,30C__graphite_trial_6,30C,graphite,6,11367.497525840945,19853.08203125
2.0,6,40C__graphite_trial_1,40C,graphite,1,11367.497525840945,4043.88818359375
2.0,6,40C__graphite_trial_2,40C,graphite,2,11367.497525840945,8560.73828125
2.0,6,40C__graphite_trial_3,40C,graphite,3,11367.497525840945,10187.0869140625
2.0,6,40C__graphite_trial_4,40C,graphite,4,11367.497525840945,6394.56494140625
2.0,6,40C__graphite_trial_5,40C,graphite,5,11367.497525840945,4459.384765625
2.0,6,40C__graphite_trial_6,40C,graphite,6,11367.497525840945,3581.820556640625
2.0,6,50C__graphite_trial_1,50C,graphite,1,11367.497525840945,15286.26171875
2.0,6,50C__graphite_trial_2,50C,graphite,2,11367.497525840945,9863.3818359375
2.0,6,50C__graphite_trial_3,50C,graphite,3,11367.497525840945,8881.3779296875
2.0,6,50C__graphite_trial_4,50C,graphite,4,11367.497525840945,19753.37890625
2.0,6,50C__graphite_trial_5,50C,graphite,5,11367.497525840945,9164.3828125
2.0,6,50C__graphite_trial_6,50C,graphite,6,11367.497525840945,12281.30078125
2.0,6,60C__graphite_trial_1,60C,graphite,1,11367.497525840945,8830.51171875
2.0,6,60C__graphite_trial_2,60C,graphite,2,11367.497525840945,12128.2900390625
2.0,6,60C__graphite_trial_3,60C,graphite,3,11367.497525840945,12131.1357421875
2.0,6,60C__graphite_trial_4,60C,graphite,4,11367.497525840945,10984.8798828125
2.0,6,60C__graphite_trial_5,60C,graphite,5,11367.497525840945,16041.0107421875
2.0,6,60C__graphite_trial_6,60C,graphite,6,11367.497525840945,15510.66015625
2.0,7,30C__gypsum_trial_1,30C,gypsum,1,385.01948002666046,167.64537048339844
2.0,7,30C__gypsum_trial_2,30C,gypsum,2,385.01948002666046,211.18814086914062
2.0,7,30C__gypsum_trial_3,30C,gypsum,3,385.01948002666046,191.7759246826172
2.0,7,30C__gypsum_trial_4,30C,gypsum,4,385.01948002666046,154.6791534423828
2.0,7,30C__gypsum_trial_5,30C,gypsum,5,385.01948002666046,258.0809020996094
2.0,7,30C__gypsum_trial_6,30C,gypsum,6,385.01948002666046,125.29557037353516
2.0,7,40C__gypsum_trial_1,40C,gypsum,1,385.01948002666046,273.1240539550781
2.0,7,40C__gypsum_trial_2,40C,gypsum,2,385.01948002666046,201.3325653076172
2.0,7,40C__gypsum_trial_3,40C,gypsum,3,385.01948002666046,293.6443786621094
2.0,7,40C__gypsum_trial_4,40C,gypsum,4,385.01948002666046,259.561279296875
2.0,7,40C__gypsum_trial_5,40C,gypsum,5,385.01948002666046,308.1715393066406
2.0,7,40C__gypsum_trial_6,40C,gypsum,6,385.01948002666046,283.5829772949219
2.0,7,50C__gypsum_trial_1,50C,gypsum,1,385.01948002666046,408.7658386230469
2.0,7,50C__gypsum_trial_2,50C,gypsum,2,385.01948002666046,433.2060546875
2.0,7,50C__gypsum_trial_3,50C,gypsum,3,385.01948002666046,394.0336608886719
2.0,7,50C__gypsum_trial_4,50C,gypsum,4,385.01948002666046,455.0130310058594
2.0,7,50C__gypsum_trial_5,50C,gypsum,5,385.01948002666046,1401.1190185546875
2.0,7,50C__gypsum_trial_6,50C,gypsum,6,385.01948002666046,401.3531494140625
2.0,7,60C__gypsum_trial_1,60C,gypsum,1,385.01948002666046,15483.908203125
2.0,7,60C__gypsum_trial_2,60C,gypsum,2,385.01948002666046,1446.1802978515625
2.0,7,60C__gypsum_trial_3,60C,gypsum,3,385.01948002666046,7303.86279296875
2.0,7,60C__gypsum_trial_4,60C,gypsum,4,385.01948002666046,9602.71875
2.0,7,60C__gypsum_trial_5,60C,gypsum,5,385.01948002666046,7554.75048828125
2.0,7,60C__gypsum_trial_6,60C,gypsum,6,385.01948002666046,7484.86328125
2.0,8,30C__iron_trial_1,30C,iron,1,16859.663413010356,16835.896484375
2.0,8,30C__iron_trial_2,30C,iron,2,16859.663413010356,20498.9140625
2.0,8,30C__iron_trial_3,30C,iron,3,16859.663413010356,16687.435546875
2.0,8,30C__iron_trial_4,30C,iron,4,16859.663413010356,14674.6162109375
2.0,8,30C__iron_trial_5,30C,iron,5,16859.663413010356,14241.5966796875
2.0,8,30C__iron_trial_6,30C,iron,6,16859.663413010356,21435.5703125
2.0,8,40C__iron_trial_1,40C,iron,1,16859.663413010356,13886.8642578125
2.0,8,40C__iron_trial_2,40C,iron,2,16859.663413010356,15685.890625
2.0,8,40C__iron_trial_3,40C,iron,3,16859.663413010356,15942.0126953125
2.0,8,40C__iron_trial_4,40C,iron,4,16859.663413010356,7290.8818359375
2.0,8,40C__iron_trial_5,40C,iron,5,16859.663413010356,22720.5
2.0,8,40C__iron_trial_6,40C,iron,6,16859.663413010356,12486.77734375
2.0,8,50C__iron_trial_1,50C,iron,1,16859.663413010356,12339.642578125
2.0,8,50C__iron_trial_2,50C,iron,2,16859.663413010356,16206.2734375
2.0,8,50C__iron_trial_3,50C,iron,3,16859.663413010356,15319.40625
2.0,8,50C__iron_trial_4,50C,iron,4,16859.663413010356,19309.943359375
2.0,8,50C__iron_trial_5,50C,iron,5,16859.663413010356,20241.9453125
2.0,8,50C__iron_trial_6,50C,iron,6,16859.663413010356,20724.287109375
2.0,8,60C__iron_trial_1,60C,iron,1,16859.663413010356,27535.943359375
2.0,8,60C__iron_trial_2,60C,iron,2,16859.663413010356,22914.69921875
2.0,8,60C__iron_trial_3,60C,iron,3,16859.663413010356,18513.087890625
2.0,8,60C__iron_trial_4,60C,iron,4,16859.663413010356,9867.96484375
2.0,8,60C__iron_trial_5,60C,iron,5,16859.663413010356,11609.71875
2.0,8,60C__iron_trial_6,60C,iron,6,16859.663413010356,15436.0029296875
2.0,9,30C__nickel_trial_1,30C,nickel,1,19320.68449098013,7475.609375
2.0,9,30C__nickel_trial_2,30C,nickel,2,19320.68449098013,9800.9365234375
2.0,9,30C__nickel_trial_3,30C,nickel,3,19320.68449098013,8706.2880859375
2.0,9,30C__nickel_trial_4,30C,nickel,4,19320.68449098013,6379.6572265625
2.0,9,30C__nickel_trial_5,30C,nickel,5,19320.68449098013,6504.40625
2.0,9,30C__nickel_trial_6,30C,nickel,6,19320.68449098013,24213.46875
2.0,9,40C__nickel_trial_1,40C,nickel,1,19320.68449098013,8335.2119140625
2.0,9,40C__nickel_trial_2,40C,nickel,2,19320.68449098013,7042.39892578125
2.0,9,40C__nickel_trial_3,40C,nickel,3,19320.68449098013,12640.9580078125
2.0,9,40C__nickel_trial_4,40C,nickel,4,19320.68449098013,14010.9873046875
2.0,9,40C__nickel_trial_5,40C,nickel,5,19320.68449098013,11938.0
2.0,9,40C__nickel_trial_6,40C,nickel,6,19320.68449098013,13832.232421875
2.0,9,50C__nickel_trial_1,50C,nickel,1,19320.68449098013,12867.3896484375
2.0,9,50C__nickel_trial_2,50C,nickel,2,19320.68449098013,20095.431640625
2.0,9,50C__nickel_trial_3,50C,nickel,3,19320.68449098013,19243.447265625
2.0,9,50C__nickel_trial_4,50C,nickel,4,19320.68449098013,14207.3955078125
2.0,9,50C__nickel_trial_5,50C,nickel,5,19320.68449098013,16963.7109375
2.0,9,50C__nickel_trial_6,50C,nickel,6,19320.68449098013,16143.42578125
2.0,9,60C__nickel_trial_1,60C,nickel,1,19320.68449098013,14264.5830078125
2.0,9,60C__nickel_trial_2,60C,nickel,2,19320.68449098013,18635.3203125
2.0,9,60C__nickel_trial_3,60C,nickel,3,19320.68449098013,8420.9853515625
2.0,9,60C__nickel_trial_4,60C,nickel,4,19320.68449098013,27487.5078125
2.0,9,60C__nickel_trial_5,60C,nickel,5,19320.68449098013,26537.6015625
2.0,9,60C__nickel_trial_6,60C,nickel,6,19320.68449098013,17677.064453125
2.0,10,30C__pdms_trial_1,30C,pdms,1,460.90129095067635,253.1336669921875
2.0,10,30C__pdms_trial_2,30C,pdms,2,460.90129095067635,104.94347381591797
2.0,10,30C__pdms_trial_3,30C,pdms,3,460.90129095067635,219.72378540039062
2.0,10,30C__pdms_trial_4,30C,pdms,4,460.90129095067635,73.38275146484375
2.0,10,30C__pdms_trial_5,30C,pdms,5,460.90129095067635,54.12119674682617
2.0,10,30C__pdms_trial_6,30C,pdms,6,460.90129095067635,88.61036682128906
2.0,10,40C__pdms_trial_1,40C,pdms,1,460.90129095067635,246.96156311035156
2.0,10,40C__pdms_trial_2,40C,pdms,2,460.90129095067635,254.93421936035156
2.0,10,40C__pdms_trial_3,40C,pdms,3,460.90129095067635,354.54522705078125
2.0,10,40C__pdms_trial_4,40C,pdms,4,460.90129095067635,248.79530334472656
2.0,10,40C__pdms_trial_5,40C,pdms,5,460.90129095067635,272.8788146972656
2.0,10,40C__pdms_trial_6,40C,pdms,6,460.90129095067635,361.7249450683594
2.0,10,50C__pdms_trial_1,50C,pdms,1,460.90129095067635,202.78378295898438
2.0,10,50C__pdms_trial_2,50C,pdms,2,460.90129095067635,235.94969177246094
2.0,10,50C__pdms_trial_3,50C,pdms,3,460.90129095067635,279.4541320800781
2.0,10,50C__pdms_trial_4,50C,pdms,4,460.90129095067635,281.9751281738281
2.0,10,50C__pdms_trial_5,50C,pdms,5,460.90129095067635,147.00601196289062
2.0,10,50C__pdms_trial_6,50C,pdms,6,460.90129095067635,316.93365478515625
2.0,10,60C__pdms_trial_1,60C,pdms,1,460.90129095067635,1811.663330078125
2.0,10,60C__pdms_trial_2,60C,pdms,2,460.90129095067635,341.16229248046875
2.0,10,60C__pdms_trial_3,60C,pdms,3,460.90129095067635,564.3760375976562
2.0,10,60C__pdms_trial_4,60C,pdms,4,460.90129095067635,269.2237548828125
2.0,10,60C__pdms_trial_5,60C,pdms,5,460.90129095067635,302.7817687988281
2.0,10,60C__pdms_trial_6,60C,pdms,6,460.90129095067635,93.51810455322266
2.0,11,30C__ps_foam_trial_1,30C,ps_foam,1,34.496376621320685,124.27801513671875
2.0,11,30C__ps_foam_trial_2,30C,ps_foam,2,34.496376621320685,187.6275177001953
2.0,11,30C__ps_foam_trial_3,30C,ps_foam,3,34.496376621320685,407.3937683105469
2.0,11,30C__ps_foam_trial_4,30C,ps_foam,4,34.496376621320685,290.9424133300781
2.0,11,30C__ps_foam_trial_5,30C,ps_foam,5,34.496376621320685,79.24003601074219
2.0,11,30C__ps_foam_trial_6,30C,ps_foam,6,34.496376621320685,134.948974609375
2.0,11,40C__ps_foam_trial_1,40C,ps_foam,1,34.496376621320685,90.66549682617188
2.0,11,40C__ps_foam_trial_2,40C,ps_foam,2,34.496376621320685,82.09466552734375
2.0,11,40C__ps_foam_trial_3,40C,ps_foam,3,34.496376621320685,75.37097930908203
2.0,11,40C__ps_foam_trial_4,40C,ps_foam,4,34.496376621320685,414.7254333496094
2.0,11,40C__ps_foam_trial_5,40C,ps_foam,5,34.496376621320685,235.25099182128906
2.0,11,40C__ps_foam_trial_6,40C,ps_foam,6,34.496376621320685,61.256370544433594
2.0,11,50C__ps_foam_trial_1,50C,ps_foam,1,34.496376621320685,56.28730392456055
2.0,11,50C__ps_foam_trial_2,50C,ps_foam,2,34.496376621320685,52.80746078491211
2.0,11,50C__ps_foam_trial_3,50C,ps_foam,3,34.496376621320685,46.94989013671875
2.0,11,50C__ps_foam_trial_4,50C,ps_foam,4,34.496376621320685,52.545074462890625
2.0,11,50C__ps_foam_trial_5,50C,ps_foam,5,34.496376621320685,47.79826736450195
2.0,11,50C__ps_foam_trial_6,50C,ps_foam,6,34.496376621320685,44.382720947265625
2.0,11,60C__ps_foam_trial_1,60C,ps_foam,1,34.496376621320685,364.9175720214844
2.0,11,60C__ps_foam_trial_2,60C,ps_foam,2,34.496376621320685,566.7839965820312
2.0,11,60C__ps_foam_trial_3,60C,ps_foam,3,34.496376621320685,511.1223449707031
2.0,11,60C__ps_foam_trial_4,60C,ps_foam,4,34.496376621320685,77.11360931396484
2.0,11,60C__ps_foam_trial_5,60C,ps_foam,5,34.496376621320685,558.2071533203125
2.0,11,60C__ps_foam_trial_6,60C,ps_foam,6,34.496376621320685,329.29742431640625
2.0,12,30C__pu_foam_trial_1,30C,pu_foam,1,42.49705872175155,86.92312622070312
2.0,12,30C__pu_foam_trial_2,30C,pu_foam,2,42.49705872175155,83.8853759765625
2.0,12,30C__pu_foam_trial_3,30C,pu_foam,3,42.49705872175155,340.7745361328125
2.0,12,30C__pu_foam_trial_4,30C,pu_foam,4,42.49705872175155,328.6684875488281
2.0,12,30C__pu_foam_trial_5,30C,pu_foam,5,42.49705872175155,147.30335998535156
2.0,12,30C__pu_foam_trial_6,30C,pu_foam,6,42.49705872175155,112.59129333496094
2.0,12,40C__pu_foam_trial_1,40C,pu_foam,1,42.49705872175155,99.0885009765625
2.0,12,40C__pu_foam_trial_2,40C,pu_foam,2,42.49705872175155,137.7309112548828
2.0,12,40C__pu_foam_trial_3,40C,pu_foam,3,42.49705872175155,135.64952087402344
2.0,12,40C__pu_foam_trial_4,40C,pu_foam,4,42.49705872175155,174.21456909179688
2.0,12,40C__pu_foam_trial_5,40C,pu_foam,5,42.49705872175155,66.5985336303711
2.0,12,40C__pu_foam_trial_6,40C,pu_foam,6,42.49705872175155,86.68627166748047
2.0,12,50C__pu_foam_trial_1,50C,pu_foam,1,42.49705872175155,85.60116577148438
2.0,12,50C__pu_foam_trial_2,50C,pu_foam,2,42.49705872175155,117.942626953125
2.0,12,50C__pu_foam_trial_3,50C,pu_foam,3,42.49705872175155,141.5441131591797
2.0,12,50C__pu_foam_trial_4,50C,pu_foam,4,42.49705872175155,53.13589859008789
2.0,12,50C__pu_foam_trial_5,50C,pu_foam,5,42.49705872175155,44.642765045166016
2.0,12,50C__pu_foam_trial_6,50C,pu_foam,6,42.49705872175155,49.94593048095703
2.0,12,60C__pu_foam_trial_1,60C,pu_foam,1,42.49705872175155,205.14727783203125
2.0,12,60C__pu_foam_trial_2,60C,pu_foam,2,42.49705872175155,311.51434326171875
2.0,12,60C__pu_foam_trial_3,60C,pu_foam,3,42.49705872175155,249.63406372070312
2.0,12,60C__pu_foam_trial_4,60C,pu_foam,4,42.49705872175155,195.86935424804688
2.0,12,60C__pu_foam_trial_5,60C,pu_foam,5,42.49705872175155,232.64259338378906
2.0,12,60C__pu_foam_trial_6,60C,pu_foam,6,42.49705872175155,182.53811645507812
2.0,13,30C__titanium_trial_1,30C,titanium,1,7184.0359269702985,6905.5546875
2.0,13,30C__titanium_trial_2,30C,titanium,2,7184.0359269702985,6107.9208984375
2.0,13,30C__titanium_trial_3,30C,titanium,3,7184.0359269702985,10382.4326171875
2.0,13,30C__titanium_trial_4,30C,titanium,4,7184.0359269702985,4066.87060546875
2.0,13,30C__titanium_trial_5,30C,titanium,5,7184.0359269702985,6393.9306640625
2.0,13,30C__titanium_trial_6,30C,titanium,6,7184.0359269702985,7782.2568359375
2.0,13,40C__titanium_trial_1,40C,titanium,1,7184.0359269702985,11128.9736328125
2.0,13,40C__titanium_trial_2,40C,titanium,2,7184.0359269702985,10711.935546875
2.0,13,40C__titanium_trial_3,40C,titanium,3,7184.0359269702985,14357.806640625
2.0,13,40C__titanium_trial_4,40C,titanium,4,7184.0359269702985,2202.807373046875
2.0,13,40C__titanium_trial_5,40C,titanium,5,7184.0359269702985,11697.32421875
2.0,13,40C__titanium_trial_6,40C,titanium,6,7184.0359269702985,12887.00390625
2.0,13,50C__titanium_trial_1,50C,titanium,1,7184.0359269702985,6067.29296875
2.0,13,50C__titanium_trial_2,50C,titanium,2,7184.0359269702985,4432.10009765625
2.0,13,50C__titanium_trial_3,50C,titanium,3,7184.0359269702985,19626.060546875
2.0,13,50C__titanium_trial_4,50C,titanium,4,7184.0359269702985,13822.6455078125
2.0,13,50C__titanium_trial_5,50C,titanium,5,7184.0359269702985,12731.2548828125
2.0,13,50C__titanium_trial_6,50C,titanium,6,7184.0359269702985,18313.47265625
2.0,13,60C__titanium_trial_1,60C,titanium,1,7184.0359269702985,8652.4052734375
2.0,13,60C__titanium_trial_2,60C,titanium,2,7184.0359269702985,10899.833984375
2.0,13,60C__titanium_trial_3,60C,titanium,3,7184.0359269702985,8607.8076171875
2.0,13,60C__titanium_trial_4,60C,titanium,4,7184.0359269702985,16044.912109375
2.0,13,60C__titanium_trial_5,60C,titanium,5,7184.0359269702985,13731.65234375
2.0,13,60C__titanium_trial_6,60C,titanium,6,7184.0359269702985,16542.962890625
2.0,14,30C__wood_trial_1,30C,wood,1,422.49260348555214,100.03380584716797
2.0,14,30C__wood_trial_2,30C,wood,2,422.49260348555214,147.15338134765625
2.0,14,30C__wood_trial_3,30C,wood,3,422.49260348555214,57.81901931762695
2.0,14,30C__wood_trial_4,30C,wood,4,422.49260348555214,50.01054382324219
2.0,14,30C__wood_trial_5,30C,wood,5,422.49260348555214,184.06179809570312
2.0,14,30C__wood_trial_6,30C,wood,6,422.49260348555214,126.5976791381836
2.0,14,40C__wood_trial_1,40C,wood,1,422.49260348555214,186.59713745117188
2.0,14,40C__wood_trial_2,40C,wood,2,422.49260348555214,226.603515625
2.0,14,40C__wood_trial_3,40C,wood,3,422.49260348555214,267.6907653808594
2.0,14,40C__wood_trial_4,40C,wood,4,422.49260348555214,108.02398681640625
2.0,14,40C__wood_trial_5,40C,wood,5,422.49260348555214,181.45314025878906
2.0,14,40C__wood_trial_6,40C,wood,6,422.49260348555214,96.33747863769531
2.0,14,50C__wood_trial_1,50C,wood,1,422.49260348555214,385.0172424316406
2.0,14,50C__wood_trial_2,50C,wood,2,422.49260348555214,419.82208251953125
2.0,14,50C__wood_trial_3,50C,wood,3,422.49260348555214,439.6570129394531
2.0,14,50C__wood_trial_4,50C,wood,4,422.49260348555214,356.06787109375
2.0,14,50C__wood_trial_5,50C,wood,5,422.49260348555214,313.6554260253906
2.0,14,50C__wood_trial_6,50C,wood,6,422.49260348555214,341.9716796875
2.0,14,60C__wood_trial_1,60C,wood,1,422.49260348555214,1219.794189453125
2.0,14,60C__wood_trial_2,60C,wood,2,422.49260348555214,4905.1005859375
2.0,14,60C__wood_trial_3,60C,wood,3,422.49260348555214,3717.699951171875
2.0,14,60C__wood_trial_4,60C,wood,4,422.49260348555214,1868.7906494140625
2.0,14,60C__wood_trial_5,60C,wood,5,422.49260348555214,1293.9783935546875
2.0,14,60C__wood_trial_6,60C,wood,6,422.49260348555214,960.7650146484375
2.5,1,30C__aluminum_trial_1,30C,aluminum,1,23958.09466547789,4312.17529296875
2.5,1,30C__aluminum_trial_2,30C,aluminum,2,23958.09466547789,11354.5234375
2.5,1,30C__aluminum_trial_3,30C,aluminum,3,23958.09466547789,13177.99609375
2.5,1,30C__aluminum_trial_4,30C,aluminum,4,23958.09466547789,11910.3076171875
2.5,1,30C__aluminum_trial_5,30C,aluminum,5,23958.09466547789,14222.8369140625
2.5,1,30C__aluminum_trial_6,30C,aluminum,6,23958.09466547789,18549.548828125
2.5,1,40C__aluminum_trial_1,40C,aluminum,1,23958.09466547789,8902.0107421875
2.5,1,40C__aluminum_trial_2,40C,aluminum,2,23958.09466547789,4412.3291015625
2.5,1,40C__aluminum_trial_3,40C,aluminum,3,23958.09466547789,15140.5712890625
2.5,1,40C__aluminum_trial_4,40C,aluminum,4,23958.09466547789,6836.8251953125
2.5,1,40C__aluminum_trial_5,40C,aluminum,5,23958.09466547789,7387.2568359375
2.5,1,40C__aluminum_trial_6,40C,aluminum,6,23958.09466547789,6154.9296875
2.5,1,50C__aluminum_trial_1,50C,aluminum,1,23958.09466547789,17451.32421875
2.5,1,50C__aluminum_trial_2,50C,aluminum,2,23958.09466547789,19774.3203125
2.5,1,50C__aluminum_trial_3,50C,aluminum,3,23958.09466547789,13360.1279296875
2.5,1,50C__aluminum_trial_4,50C,aluminum,4,23958.09466547789,20124.46875
2.5,1,50C__aluminum_trial_5,50C,aluminum,5,23958.09466547789,7298.34765625
2.5,1,50C__aluminum_trial_6,50C,aluminum,6,23958.09466547789,13860.6513671875
2.5,1,60C__aluminum_trial_1,60C,aluminum,1,23958.09466547789,11863.28125
2.5,1,60C__aluminum_trial_2,60C,aluminum,2,23958.09466547789,19082.671875
2.5,1,60C__aluminum_trial_3,60C,aluminum,3,23958.09466547789,10519.4267578125
2.5,1,60C__aluminum_trial_4,60C,aluminum,4,23958.09466547789,8553.7265625
2.5,1,60C__aluminum_trial_5,60C,aluminum,5,23958.09466547789,19104.0859375
2.5,1,60C__aluminum_trial_6,60C,aluminum,6,23958.09466547789,13891.9248046875
2.5,2,30C__bismuth_trial_1,30C,bismuth,1,3209.1026783199068,13136.6357421875
2.5,2,30C__bismuth_trial_2,30C,bismuth,2,3209.1026783199068,1742.8057861328125
2.5,2,30C__bismuth_trial_3,30C,bismuth,3,3209.1026783199068,1297.9525146484375
2.5,2,30C__bismuth_trial_4,30C,bismuth,4,3209.1026783199068,5091.22412109375
2.5,2,30C__bismuth_trial_5,30C,bismuth,5,3209.1026783199068,4915.14697265625
2.5,2,30C__bismuth_trial_6,30C,bismuth,6,3209.1026783199068,14051.4013671875
2.5,2,40C__bismuth_trial_1,40C,bismuth,1,3209.1026783199068,11196.55859375
2.5,2,40C__bismuth_trial_2,40C,bismuth,2,3209.1026783199068,16827.46875
2.5,2,40C__bismuth_trial_3,40C,bismuth,3,3209.1026783199068,10671.0244140625
2.5,2,40C__bismuth_trial_4,40C,bismuth,4,3209.1026783199068,8710.158203125
2.5,2,40C__bismuth_trial_5,40C,bismuth,5,3209.1026783199068,16082.478515625
2.5,2,40C__bismuth_trial_6,40C,bismuth,6,3209.1026783199068,13181.6416015625
2.5,2,50C__bismuth_trial_1,50C,bismuth,1,3209.1026783199068,11669.6328125
2.5,2,50C__bismuth_trial_2,50C,bismuth,2,3209.1026783199068,13957.4638671875
2.5,2,50C__bismuth_trial_3,50C,bismuth,3,3209.1026783199068,9337.3046875
2.5,2,50C__bismuth_trial_4,50C,bismuth,4,3209.1026783199068,14630.693359375
2.5,2,50C__bismuth_trial_5,50C,bismuth,5,3209.1026783199068,20687.318359375
2.5,2,50C__bismuth_trial_6,50C,bismuth,6,3209.1026783199068,12945.4814453125
2.5,2,60C__bismuth_trial_1,60C,bismuth,1,3209.1026783199068,10971.75
2.5,2,60C__bismuth_trial_2,60C,bismuth,2,3209.1026783199068,10739.1259765625
2.5,2,60C__bismuth_trial_3,60C,bismuth,3,3209.1026783199068,10966.529296875
2.5,2,60C__bismuth_trial_4,60C,bismuth,4,3209.1026783199068,15323.263671875
2.5,2,60C__bismuth_trial_5,60C,bismuth,5,3209.1026783199068,11195.1171875
2.5,2,60C__bismuth_trial_6,60C,bismuth,6,3209.1026783199068,14857.623046875
2.5,3,30C__cement_trial_1,30C,cement,1,559.6427431853289,389.2882385253906
2.5,3,30C__cement_trial_2,30C,cement,2,559.6427431853289,910.05419921875
2.5,3,30C__cement_trial_3,30C,cement,3,559.6427431853289,482.83209228515625
2.5,3,30C__cement_trial_4,30C,cement,4,559.6427431853289,482.12408447265625
2.5,3,30C__cement_trial_5,30C,cement,5,559.6427431853289,341.6686096191406
2.5,3,30C__cement_trial_6,30C,cement,6,559.6427431853289,304.8870849609375
2.5,3,40C__cement_trial_1,40C,cement,1,559.6427431853289,421.2248229980469
2.5,3,40C__cement_trial_2,40C,cement,2,559.6427431853289,182.26727294921875
2.5,3,40C__cement_trial_3,40C,cement,3,559.6427431853289,199.435546875
2.5,3,40C__cement_trial_4,40C,cement,4,559.6427431853289,2426.995361328125
2.5,3,40C__cement_trial_5,40C,cement,5,559.6427431853289,4085.88916015625
2.5,3,40C__cement_trial_6,40C,cement,6,559.6427431853289,469.6717834472656
2.5,3,50C__cement_trial_1,50C,cement,1,559.6427431853289,378.8543395996094
2.5,3,50C__cement_trial_2,50C,cement,2,559.6427431853289,276.2422790527344
2.5,3,50C__cement_trial_3,50C,cement,3,559.6427431853289,386.6212158203125
2.5,3,50C__cement_trial_4,50C,cement,4,559.6427431853289,370.2998046875
2.5,3,50C__cement_trial_5,50C,cement,5,559.6427431853289,475.7740783691406
2.5,3,50C__cement_trial_6,50C,cement,6,559.6427431853289,414.05633544921875
2.5,3,60C__cement_trial_1,60C,cement,1,559.6427431853289,8104.3408203125
2.5,3,60C__cement_trial_2,60C,cement,2,559.6427431853289,4724.56298828125
2.5,3,60C__cement_trial_3,60C,cement,3,559.6427431853289,7257.87646484375
2.5,3,60C__cement_trial_4,60C,cement,4,559.6427431853289,9077.927734375
2.5,3,60C__cement_trial_5,60C,cement,5,559.6427431853289,8123.15380859375
2.5,3,60C__cement_trial_6,60C,cement,6,559.6427431853289,6721.72998046875
2.5,4,30C__copper_trial_1,30C,copper,1,37192.601414797544,15710.3095703125
2.5,4,30C__copper_trial_2,30C,copper,2,37192.601414797544,19624.65625
2.5,4,30C__copper_trial_3,30C,copper,3,37192.601414797544,13296.0244140625
2.5,4,30C__copper_trial_4,30C,copper,4,37192.601414797544,19699.02734375
2.5,4,30C__copper_trial_5,30C,copper,5,37192.601414797544,14948.7607421875
2.5,4,30C__copper_trial_6,30C,copper,6,37192.601414797544,15387.3349609375
2.5,4,40C__copper_trial_1,40C,copper,1,37192.601414797544,15582.3349609375
2.5,4,40C__copper_trial_2,40C,copper,2,37192.601414797544,7253.49560546875
2.5,4,40C__copper_trial_3,40C,copper,3,37192.601414797544,6220.8330078125
2.5,4,40C__copper_trial_4,40C,copper,4,37192.601414797544,7393.48828125
2.5,4,40C__copper_trial_5,40C,copper,5,37192.601414797544,5338.56298828125
2.5,4,40C__copper_trial_6,40C,copper,6,37192.601414797544,4251.88720703125
2.5,4,50C__copper_trial_1,50C,copper,1,37192.601414797544,12316.6904296875
2.5,4,50C__copper_trial_2,50C,copper,2,37192.601414797544,10182.861328125
2.5,4,50C__copper_trial_3,50C,copper,3,37192.601414797544,6688.81201171875
2.5,4,50C__copper_trial_4,50C,copper,4,37192.601414797544,14875.232421875
2.5,4,50C__copper_trial_5,50C,copper,5,37192.601414797544,9604.6884765625
2.5,4,50C__copper_trial_6,50C,copper,6,37192.601414797544,12369.8544921875
2.5,4,60C__copper_trial_1,60C,copper,1,37192.601414797544,16513.171875
2.5,4,60C__copper_trial_2,60C,copper,2,37192.601414797544,18898.9453125
2.5,4,60C__copper_trial_3,60C,copper,3,37192.601414797544,16527.525390625
2.5,4,60C__copper_trial_4,60C,copper,4,37192.601414797544,20240.9609375
2.5,4,60C__copper_trial_5,60C,copper,5,37192.601414797544,19402.7265625
2.5,4,60C__copper_trial_6,60C,copper,6,37192.601414797544,18586.294921875
2.5,5,30C__cork_trial_1,30C,cork,1,136.29380029920657,309.81109619140625
2.5,5,30C__cork_trial_2,30C,cork,2,136.29380029920657,227.19239807128906
2.5,5,30C__cork_trial_3,30C,cork,3,136.29380029920657,142.3551788330078
2.5,5,30C__cork_trial_4,30C,cork,4,136.29380029920657,135.80397033691406
2.5,5,30C__cork_trial_5,30C,cork,5,136.29380029920657,216.08636474609375
2.5,5,30C__cork_trial_6,30C,cork,6,136.29380029920657,171.76318359375
2.5,5,40C__cork_trial_1,40C,cork,1,136.29380029920657,125.97907257080078
2.5,5,40C__cork_trial_2,40C,cork,2,136.29380029920657,88.67281341552734
2.5,5,40C__cork_trial_3,40C,cork,3,136.29380029920657,105.4026107788086
2.5,5,40C__cork_trial_4,40C,cork,4,136.29380029920657,61.34347152709961
2.5,5,40C__cork_trial_5,40C,cork,5,136.29380029920657,38.021240234375
2.5,5,40C__cork_trial_6,40C,cork,6,136.29380029920657,34.496376621320685
2.5,5,50C__cork_trial_1,50C,cork,1,136.29380029920657,482.624267578125
2.5,5,50C__cork_trial_2,50C,cork,2,136.29380029920657,317.7547302246094
2.5,5,50C__cork_trial_3,50C,cork,3,136.29380029920657,247.19708251953125
2.5,5,50C__cork_trial_4,50C,cork,4,136.29380029920657,184.5360870361328
2.5,5,50C__cork_trial_5,50C,cork,5,136.29380029920657,140.00439453125
2.5,5,50C__cork_trial_6,50C,cork,6,136.29380029920657,92.29451751708984
2.5,5,60C__cork_trial_1,60C,cork,1,136.29380029920657,84.26829528808594
2.5,5,60C__cork_trial_2,60C,cork,2,136.29380029920657,228.1495361328125
2.5,5,60C__cork_trial_3,60C,cork,3,136.29380029920657,142.7140350341797
2.5,5,60C__cork_trial_4,60C,cork,4,136.29380029920657,100.53840637207031
2.5,5,60C__cork_trial_5,60C,cork,5,136.29380029920657,122.52474975585938
2.5,5,60C__cork_trial_6,60C,cork,6,136.29380029920657,259.24737548828125
2.5,6,30C__graphite_trial_1,30C,graphite,1,11367.497525840945,13328.08203125
2.5,6,30C__graphite_trial_2,30C,graphite,2,11367.497525840945,14815.87890625
2.5,6,30C__graphite_trial_3,30C,graphite,3,11367.497525840945,9164.435546875
2.5,6,30C__graphite_trial_4,30C,graphite,4,11367.497525840945,18588.65234375
2.5,6,30C__graphite_trial_5,30C,graphite,5,11367.497525840945,16260.0263671875
2.5,6,30C__graphite_trial_6,30C,graphite,6,11367.497525840945,15075.5
2.5,6,40C__graphite_trial_1,40C,graphite,1,11367.497525840945,2289.154052734375
2.5,6,40C__graphite_trial_2,40C,graphite,2,11367.497525840945,13205.171875
2.5,6,40C__graphite_trial_3,40C,graphite,3,11367.497525840945,11945.015625
2.5,6,40C__graphite_trial_4,40C,graphite,4,11367.497525840945,5027.96875
2.5,6,40C__graphite_trial_5,40C,graphite,5,11367.497525840945,3048.10693359375
2.5,6,40C__graphite_trial_6,40C,graphite,6,11367.497525840945,5131.33935546875
2.5,6,50C__graphite_trial_1,50C,graphite,1,11367.497525840945,24570.759765625
2.5,6,50C__graphite_trial_2,50C,graphite,2,11367.497525840945,14351.4267578125
2.5,6,50C__graphite_trial_3,50C,graphite,3,11367.497525840945,9364.8818359375
2.5,6,50C__graphite_trial_4,50C,graphite,4,11367.497525840945,14390.9970703125
2.5,6,50C__graphite_trial_5,50C,graphite,5,11367.497525840945,6834.81689453125
2.5,6,50C__graphite_trial_6,50C,graphite,6,11367.497525840945,21567.673828125
2.5,6,60C__graphite_trial_1,60C,graphite,1,11367.497525840945,10335.90625
2.5,6,60C__graphite_trial_2,60C,graphite,2,11367.497525840945,10634.2861328125
2.5,6,60C__graphite_trial_3,60C,graphite,3,11367.497525840945,12239.0654296875
2.5,6,60C__graphite_trial_4,60C,graphite,4,11367.497525840945,11139.349609375
2.5,6,60C__graphite_trial_5,60C,graphite,5,11367.497525840945,15413.376953125
2.5,6,60C__graphite_trial_6,60C,graphite,6,11367.497525840945,16609.220703125
2.5,7,30C__gypsum_trial_1,30C,gypsum,1,385.01948002666046,225.4920654296875
2.5,7,30C__gypsum_trial_2,30C,gypsum,2,385.01948002666046,144.38832092285156
2.5,7,30C__gypsum_trial_3,30C,gypsum,3,385.01948002666046,186.5310516357422
2.5,7,30C__gypsum_trial_4,30C,gypsum,4,385.01948002666046,87.95690155029297
2.5,7,30C__gypsum_trial_5,30C,gypsum,5,385.01948002666046,107.0457992553711
2.5,7,30C__gypsum_trial_6,30C,gypsum,6,385.01948002666046,137.670654296875
2.5,7,40C__gypsum_trial_1,40C,gypsum,1,385.01948002666046,261.91888427734375
2.5,7,40C__gypsum_trial_2,40C,gypsum,2,385.01948002666046,283.8830261230469
2.5,7,40C__gypsum_trial_3,40C,gypsum,3,385.01948002666046,282.67913818359375
2.5,7,40C__gypsum_trial_4,40C,gypsum,4,385.01948002666046,314.79254150390625
2.5,7,40C__gypsum_trial_5,40C,gypsum,5,385.01948002666046,272.5574645996094
2.5,7,40C__gypsum_trial_6,40C,gypsum,6,385.01948002666046,418.24481201171875
2.5,7,50C__gypsum_trial_1,50C,gypsum,1,385.01948002666046,454.37115478515625
2.5,7,50C__gypsum_trial_2,50C,gypsum,2,385.01948002666046,468.9736328125
2.5,7,50C__gypsum_trial_3,50C,gypsum,3,385.01948002666046,466.827392578125
2.5,7,50C__gypsum_trial_4,50C,gypsum,4,385.01948002666046,583.3703002929688
2.5,7,50C__gypsum_trial_5,50C,gypsum,5,385.01948002666046,1470.1824951171875
2.5,7,50C__gypsum_trial_6,50C,gypsum,6,385.01948002666046,490.38665771484375
2.5,7,60C__gypsum_trial_1,60C,gypsum,1,385.01948002666046,10942.2275390625
2.5,7,60C__gypsum_trial_2,60C,gypsum,2,385.01948002666046,812.2866821289062
2.5,7,60C__gypsum_trial_3,60C,gypsum,3,385.01948002666046,6868.3876953125
2.5,7,60C__gypsum_trial_4,60C,gypsum,4,385.01948002666046,8136.25830078125
2.5,7,60C__gypsum_trial_5,60C,gypsum,5,385.01948002666046,8304.201171875
2.5,7,60C__gypsum_trial_6,60C,gypsum,6,385.01948002666046,7004.435546875
2.5,8,30C__iron_trial_1,30C,iron,1,16859.663413010356,15827.525390625
2.5,8,30C__iron_trial_2,30C,iron,2,16859.663413010356,15865.2177734375
2.5,8,30C__iron_trial_3,30C,iron,3,16859.663413010356,20434.1484375
2.5,8,30C__iron_trial_4,30C,iron,4,16859.663413010356,18486.05859375
2.5,8,30C__iron_trial_5,30C,iron,5,16859.663413010356,12728.486328125
2.5,8,30C__iron_trial_6,30C,iron,6,16859.663413010356,12050.9326171875
2.5,8,40C__iron_trial_1,40C,iron,1,16859.663413010356,11284.0703125
2.5,8,40C__iron_trial_2,40C,iron,2,16859.663413010356,10868.8466796875
2.5,8,40C__iron_trial_3,40C,iron,3,16859.663413010356,11307.8583984375
2.5,8,40C__iron_trial_4,40C,iron,4,16859.663413010356,8703.8720703125
2.5,8,40C__iron_trial_5,40C,iron,5,16859.663413010356,18338.623046875
2.5,8,40C__iron_trial_6,40C,iron,6,16859.663413010356,15498.9931640625
2.5,8,50C__iron_trial_1,50C,iron,1,16859.663413010356,15678.142578125
2.5,8,50C__iron_trial_2,50C,iron,2,16859.663413010356,12791.0380859375
2.5,8,50C__iron_trial_3,50C,iron,3,16859.663413010356,8836.3251953125
2.5,8,50C__iron_trial_4,50C,iron,4,16859.663413010356,15169.2333984375
2.5,8,50C__iron_trial_5,50C,iron,5,16859.663413010356,25062.73046875
2.5,8,50C__iron_trial_6,50C,iron,6,16859.663413010356,26506.564453125
2.5,8,60C__iron_trial_1,60C,iron,1,16859.663413010356,27748.7421875
2.5,8,60C__iron_trial_2,60C,iron,2,16859.663413010356,29987.51953125
2.5,8,60C__iron_trial_3,60C,iron,3,16859.663413010356,23798.69140625
2.5,8,60C__iron_trial_4,60C,iron,4,16859.663413010356,11354.9677734375
2.5,8,60C__iron_trial_5,60C,iron,5,16859.663413010356,9584.1533203125
2.5,8,60C__iron_trial_6,60C,iron,6,16859.663413010356,23849.951171875
2.5,9,30C__nickel_trial_1,30C,nickel,1,19320.68449098013,8982.5927734375
2.5,9,30C__nickel_trial_2,30C,nickel,2,19320.68449098013,15109.4990234375
2.5,9,30C__nickel_trial_3,30C,nickel,3,19320.68449098013,2944.9970703125
2.5,9,30C__nickel_trial_4,30C,nickel,4,19320.68449098013,3198.3212890625
2.5,9,30C__nickel_trial_5,30C,nickel,5,19320.68449098013,5152.42431640625
2.5,9,30C__nickel_trial_6,30C,nickel,6,19320.68449098013,16675.8046875
2.5,9,40C__nickel_trial_1,40C,nickel,1,19320.68449098013,8030.51123046875
2.5,9,40C__nickel_trial_2,40C,nickel,2,19320.68449098013,6822.14892578125
2.5,9,40C__nickel_trial_3,40C,nickel,3,19320.68449098013,11046.552734375
2.5,9,40C__nickel_trial_4,40C,nickel,4,19320.68449098013,7677.4990234375
2.5,9,40C__nickel_trial_5,40C,nickel,5,19320.68449098013,6908.4599609375
2.5,9,40C__nickel_trial_6,40C,nickel,6,19320.68449098013,16944.6640625
2.5,9,50C__nickel_trial_1,50C,nickel,1,19320.68449098013,9758.10546875
2.5,9,50C__nickel_trial_2,50C,nickel,2,19320.68449098013,24965.849609375
2.5,9,50C__nickel_trial_3,50C,nickel,3,19320.68449098013,19661.39453125
2.5,9,50C__nickel_trial_4,50C,nickel,4,19320.68449098013,19229.064453125
2.5,9,50C__nickel_trial_5,50C,nickel,5,19320.68449098013,9614.5224609375
2.5,9,50C__nickel_trial_6,50C,nickel,6,19320.68449098013,14241.12109375
2.5,9,60C__nickel_trial_1,60C,nickel,1,19320.68449098013,11334.3447265625
2.5,9,60C__nickel_trial_2,60C,nickel,2,19320.68449098013,18146.337890625
2.5,9,60C__nickel_trial_3,60C,nickel,3,19320.68449098013,11951.8076171875
2.5,9,60C__nickel_trial_4,60C,nickel,4,19320.68449098013,30728.876953125
2.5,9,60C__nickel_trial_5,60C,nickel,5,19320.68449098013,20153.43359375
2.5,9,60C__nickel_trial_6,60C,nickel,6,19320.68449098013,21312.38671875
2.5,10,30C__pdms_trial_1,30C,pdms,1,460.90129095067635,268.04345703125
2.5,10,30C__pdms_trial_2,30C,pdms,2,460.90129095067635,50.95009231567383
2.5,10,30C__pdms_trial_3,30C,pdms,3,460.90129095067635,298.91021728515625
2.5,10,30C__pdms_trial_4,30C,pdms,4,460.90129095067635,92.72953796386719
2.5,10,30C__pdms_trial_5,30C,pdms,5,460.90129095067635,56.59088134765625
2.5,10,30C__pdms_trial_6,30C,pdms,6,460.90129095067635,88.18498229980469
2.5,10,40C__pdms_trial_1,40C,pdms,1,460.90129095067635,326.7814025878906
2.5,10,40C__pdms_trial_2,40C,pdms,2,460.90129095067635,285.822509765625
2.5,10,40C__pdms_trial_3,40C,pdms,3,460.90129095067635,499.2587890625
2.5,10,40C__pdms_trial_4,40C,pdms,4,460.90129095067635,231.6324005126953
2.5,10,40C__pdms_trial_5,40C,pdms,5,460.90129095067635,184.11572265625
2.5,10,40C__pdms_trial_6,40C,pdms,6,460.90129095067635,255.69834899902344
2.5,10,50C__pdms_trial_1,50C,pdms,1,460.90129095067635,303.5588684082031
2.5,10,50C__pdms_trial_2,50C,pdms,2,460.90129095067635,317.5889587402344
2.5,10,50C__pdms_trial_3,50C,pdms,3,460.90129095067635,282.00482177734375
2.5,10,50C__pdms_trial_4,50C,pdms,4,460.90129095067635,417.2969055175781
2.5,10,50C__pdms_trial_5,50C,pdms,5,460.90129095067635,171.7606201171875
2.5,10,50C__pdms_trial_6,50C,pdms,6,460.90129095067635,365.4396667480469
2.5,10,60C__pdms_trial_1,60C,pdms,1,460.90129095067635,1896.0777587890625
2.5,10,60C__pdms_trial_2,60C,pdms,2,460.90129095067635,251.2880401611328
2.5,10,60C__pdms_trial_3,60C,pdms,3,460.90129095067635,351.20050048828125
2.5,10,60C__pdms_trial_4,60C,pdms,4,460.90129095067635,229.11837768554688
2.5,10,60C__pdms_trial_5,60C,pdms,5,460.90129095067635,219.15733337402344
2.5,10,60C__pdms_trial_6,60C,pdms,6,460.90129095067635,82.32622528076172
2.5,11,30C__ps_foam_trial_1,30C,ps_foam,1,34.496376621320685,233.86123657226562
2.5,11,30C__ps_foam_trial_2,30C,ps_foam,2,34.496376621320685,159.79197692871094
2.5,11,30C__ps_foam_trial_3,30C,ps_foam,3,34.496376621320685,291.43939208984375
2.5,11,30C__ps_foam_trial_4,30C,ps_foam,4,34.496376621320685,326.3407897949219
2.5,11,30C__ps_foam_trial_5,30C,ps_foam,5,34.496376621320685,90.8589859008789
2.5,11,30C__ps_foam_trial_6,30C,ps_foam,6,34.496376621320685,231.71739196777344
2.5,11,40C__ps_foam_trial_1,40C,ps_foam,1,34.496376621320685,126.14180755615234
2.5,11,40C__ps_foam_trial_2,40C,ps_foam,2,34.496376621320685,110.2190933227539
2.5,11,40C__ps_foam_trial_3,40C,ps_foam,3,34.496376621320685,57.77589797973633
2.5,11,40C__ps_foam_trial_4,40C,ps_foam,4,34.496376621320685,455.0887145996094
2.5,11,40C__ps_foam_trial_5,40C,ps_foam,5,34.496376621320685,148.36941528320312
2.5,11,40C__ps_foam_trial_6,40C,ps_foam,6,34.496376621320685,65.48701477050781
2.5,11,50C__ps_foam_trial_1,50C,ps_foam,1,34.496376621320685,59.91348648071289
2.5,11,50C__ps_foam_trial_2,50C,ps_foam,2,34.496376621320685,59.408973693847656
2.5,11,50C__ps_foam_trial_3,50C,ps_foam,3,34.496376621320685,42.49705872175155
2.5,11,50C__ps_foam_trial_4,50C,ps_foam,4,34.496376621320685,48.684844970703125
2.5,11,50C__ps_foam_trial_5,50C,ps_foam,5,34.496376621320685,51.718379974365234
2.5,11,50C__ps_foam_trial_6,50C,ps_foam,6,34.496376621320685,54.4776496887207
2.5,11,60C__ps_foam_trial_1,60C,ps_foam,1,34.496376621320685,479.2917175292969
2.5,11,60C__ps_foam_trial_2,60C,ps_foam,2,34.496376621320685,486.0839538574219
2.5,11,60C__ps_foam_trial_3,60C,ps_foam,3,34.496376621320685,618.17626953125
2.5,11,60C__ps_foam_trial_4,60C,ps_foam,4,34.496376621320685,54.84530258178711
2.5,11,60C__ps_foam_trial_5,60C,ps_foam,5,34.496376621320685,495.8564147949219
2.5,11,60C__ps_foam_trial_6,60C,ps_foam,6,34.496376621320685,463.0550537109375
2.5,12,30C__pu_foam_trial_1,30C,pu_foam,1,42.49705872175155,115.25565338134766
2.5,12,30C__pu_foam_trial_2,30C,pu_foam,2,42.49705872175155,127.94254302978516
2.5,12,30C__pu_foam_trial_3,30C,pu_foam,3,42.49705872175155,321.3269958496094
2.5,12,30C__pu_foam_trial_4,30C,pu_foam,4,42.49705872175155,317.1940612792969
2.5,12,30C__pu_foam_trial_5,30C,pu_foam,5,42.49705872175155,137.07373046875
2.5,12,30C__pu_foam_trial_6,30C,pu_foam,6,42.49705872175155,140.3671875
2.5,12,40C__pu_foam_trial_1,40C,pu_foam,1,42.49705872175155,85.28953552246094
2.5,12,40C__pu_foam_trial_2,40C,pu_foam,2,42.49705872175155,119.82088470458984
2.5,12,40C__pu_foam_trial_3,40C,pu_foam,3,42.49705872175155,122.36563873291016
2.5,12,40C__pu_foam_trial_4,40C,pu_foam,4,42.49705872175155,94.48530578613281
2.5,12,40C__pu_foam_trial_5,40C,pu_foam,5,42.49705872175155,56.71371078491211
2.5,12,40C__pu_foam_trial_6,40C,pu_foam,6,42.49705872175155,75.20092010498047
2.5,12,50C__pu_foam_trial_1,50C,pu_foam,1,42.49705872175155,55.731876373291016
2.5,12,50C__pu_foam_trial_2,50C,pu_foam,2,42.49705872175155,106.45545196533203
2.5,12,50C__pu_foam_trial_3,50C,pu_foam,3,42.49705872175155,113.08036804199219
2.5,12,50C__pu_foam_trial_4,50C,pu_foam,4,42.49705872175155,69.46109008789062
2.5,12,50C__pu_foam_trial_5,50C,pu_foam,5,42.49705872175155,59.190391540527344
2.5,12,50C__pu_foam_trial_6,50C,pu_foam,6,42.49705872175155,47.16682434082031
2.5,12,60C__pu_foam_trial_1,60C,pu_foam,1,42.49705872175155,172.8239288330078
2.5,12,60C__pu_foam_trial_2,60C,pu_foam,2,42.49705872175155,267.07611083984375
2.5,12,60C__pu_foam_trial_3,60C,pu_foam,3,42.49705872175155,445.32611083984375
2.5,12,60C__pu_foam_trial_4,60C,pu_foam,4,42.49705872175155,376.4542236328125
2.5,12,60C__pu_foam_trial_5,60C,pu_foam,5,42.49705872175155,619.025390625
2.5,12,60C__pu_foam_trial_6,60C,pu_foam,6,42.49705872175155,315.2589416503906
2.5,13,30C__titanium_trial_1,30C,titanium,1,7184.0359269702985,9649.091796875
2.5,13,30C__titanium_trial_2,30C,titanium,2,7184.0359269702985,5960.31640625
2.5,13,30C__titanium_trial_3,30C,titanium,3,7184.0359269702985,11480.4375
2.5,13,30C__titanium_trial_4,30C,titanium,4,7184.0359269702985,2771.23779296875
2.5,13,30C__titanium_trial_5,30C,titanium,5,7184.0359269702985,7933.0888671875
2.5,13,30C__titanium_trial_6,30C,titanium,6,7184.0359269702985,3723.7763671875
2.5,13,40C__titanium_trial_1,40C,titanium,1,7184.0359269702985,10001.8623046875
2.5,13,40C__titanium_trial_2,40C,titanium,2,7184.0359269702985,9423.3720703125
2.5,13,40C__titanium_trial_3,40C,titanium,3,7184.0359269702985,14679.515625
2.5,13,40C__titanium_trial_4,40C,titanium,4,7184.0359269702985,3291.512451171875
2.5,13,40C__titanium_trial_5,40C,titanium,5,7184.0359269702985,14785.388671875
2.5,13,40C__titanium_trial_6,40C,titanium,6,7184.0359269702985,15595.28515625
2.5,13,50C__titanium_trial_1,50C,titanium,1,7184.0359269702985,7383.72802734375
2.5,13,50C__titanium_trial_2,50C,titanium,2,7184.0359269702985,8667.255859375
2.5,13,50C__titanium_trial_3,50C,titanium,3,7184.0359269702985,23670.5703125
2.5,13,50C__titanium_trial_4,50C,titanium,4,7184.0359269702985,14851.53125
2.5,13,50C__titanium_trial_5,50C,titanium,5,7184.0359269702985,13119.806640625
2.5,13,50C__titanium_trial_6,50C,titanium,6,7184.0359269702985,24270.59765625
2.5,13,60C__titanium_trial_1,60C,titanium,1,7184.0359269702985,7124.6357421875
2.5,13,60C__titanium_trial_2,60C,titanium,2,7184.0359269702985,11557.4072265625
2.5,13,60C__titanium_trial_3,60C,titanium,3,7184.0359269702985,10800.716796875
2.5,13,60C__titanium_trial_4,60C,titanium,4,7184.0359269702985,14070.45703125
2.5,13,60C__titanium_trial_5,60C,titanium,5,7184.0359269702985,12606.04296875
2.5,13,60C__titanium_trial_6,60C,titanium,6,7184.0359269702985,15637.30078125
2.5,14,30C__wood_trial_1,30C,wood,1,422.49260348555214,91.67652130126953
2.5,14,30C__wood_trial_2,30C,wood,2,422.49260348555214,100.44660186767578
2.5,14,30C__wood_trial_3,30C,wood,3,422.49260348555214,52.27186584472656
2.5,14,30C__wood_trial_4,30C,wood,4,422.49260348555214,53.34105682373047
2.5,14,30C__wood_trial_5,30C,wood,5,422.49260348555214,217.24810791015625
2.5,14,30C__wood_trial_6,30C,wood,6,422.49260348555214,107.04007720947266
2.5,14,40C__wood_trial_1,40C,wood,1,422.49260348555214,222.513427734375
2.5,14,40C__wood_trial_2,40C,wood,2,422.49260348555214,256.2439880371094
2.5,14,40C__wood_trial_3,40C,wood,3,422.49260348555214,289.7648620605469
2.5,14,40C__wood_trial_4,40C,wood,4,422.49260348555214,120.0497055053711
2.5,14,40C__wood_trial_5,40C,wood,5,422.49260348555214,171.68881225585938
2.5,14,40C__wood_trial_6,40C,wood,6,422.49260348555214,117.13118743896484
2.5,14,50C__wood_trial_1,50C,wood,1,422.49260348555214,357.1033630371094
2.5,14,50C__wood_trial_2,50C,wood,2,422.49260348555214,345.16754150390625
2.5,14,50C__wood_trial_3,50C,wood,3,422.49260348555214,355.27447509765625
2.5,14,50C__wood_trial_4,50C,wood,4,422.49260348555214,276.6690673828125
2.5,14,50C__wood_trial_5,50C,wood,5,422.49260348555214,291.78668212890625
2.5,14,50C__wood_trial_6,50C,wood,6,422.49260348555214,449.47515869140625
2.5,14,60C__wood_trial_1,60C,wood,1,422.49260348555214,3452.608154296875
2.5,14,60C__wood_trial_2,60C,wood,2,422.49260348555214,2254.416259765625
2.5,14,60C__wood_trial_3,60C,wood,3,422.49260348555214,1698.5048828125
2.5,14,60C__wood_trial_4,60C,wood,4,422.49260348555214,4595.69580078125
2.5,14,60C__wood_trial_5,60C,wood,5,422.49260348555214,2172.859375
2.5,14,60C__wood_trial_6,60C,wood,6,422.49260348555214,1398.8076171875
3.0,1,30C__aluminum_trial_1,30C,aluminum,1,23958.09466547789,6830.2353515625
3.0,1,30C__aluminum_trial_2,30C,aluminum,2,23958.09466547789,11482.978515625
3.0,1,30C__aluminum_trial_3,30C,aluminum,3,23958.09466547789,11677.8388671875
3.0,1,30C__aluminum_trial_4,30C,aluminum,4,23958.09466547789,14803.6044921875
3.0,1,30C__aluminum_trial_5,30C,aluminum,5,23958.09466547789,9651.5947265625
3.0,1,30C__aluminum_trial_6,30C,aluminum,6,23958.09466547789,15492.7265625
3.0,1,40C__aluminum_trial_1,40C,aluminum,1,23958.09466547789,15082.6044921875
3.0,1,40C__aluminum_trial_2,40C,aluminum,2,23958.09466547789,5904.43310546875
3.0,1,40C__aluminum_trial_3,40C,aluminum,3,23958.09466547789,35255.14453125
3.0,1,40C__aluminum_trial_4,40C,aluminum,4,23958.09466547789,12873.748046875
3.0,1,40C__aluminum_trial_5,40C,aluminum,5,23958.09466547789,9354.1875
3.0,1,40C__aluminum_trial_6,40C,aluminum,6,23958.09466547789,9730.1865234375
3.0,1,50C__aluminum_trial_1,50C,aluminum,1,23958.09466547789,13347.0361328125
3.0,1,50C__aluminum_trial_2,50C,aluminum,2,23958.09466547789,12540.1611328125
3.0,1,50C__aluminum_trial_3,50C,aluminum,3,23958.09466547789,17122.009765625
3.0,1,50C__aluminum_trial_4,50C,aluminum,4,23958.09466547789,17700.091796875
3.0,1,50C__aluminum_trial_5,50C,aluminum,5,23958.09466547789,8657.1181640625
3.0,1,50C__aluminum_trial_6,50C,aluminum,6,23958.09466547789,16976.3359375
3.0,1,60C__aluminum_trial_1,60C,aluminum,1,23958.09466547789,14863.4052734375
3.0,1,60C__aluminum_trial_2,60C,aluminum,2,23958.09466547789,12869.439453125
3.0,1,60C__aluminum_trial_3,60C,aluminum,3,23958.09466547789,8728.62890625
3.0,1,60C__aluminum_trial_4,60C,aluminum,4,23958.09466547789,13768.6728515625
3.0,1,60C__aluminum_trial_5,60C,aluminum,5,23958.09466547789,13624.5234375
3.0,1,60C__aluminum_trial_6,60C,aluminum,6,23958.09466547789,18874.556640625
3.0,2,30C__bismuth_trial_1,30C,bismuth,1,3209.1026783199068,10396.166015625
3.0,2,30C__bismuth_trial_2,30C,bismuth,2,3209.1026783199068,2151.48828125
3.0,2,30C__bismuth_trial_3,30C,bismuth,3,3209.1026783199068,1340.95703125
3.0,2,30C__bismuth_trial_4,30C,bismuth,4,3209.1026783199068,4891.9892578125
3.0,2,30C__bismuth_trial_5,30C,bismuth,5,3209.1026783199068,4025.56787109375
3.0,2,30C__bismuth_trial_6,30C,bismuth,6,3209.1026783199068,9604.28515625
3.0,2,40C__bismuth_trial_1,40C,bismuth,1,3209.1026783199068,14194.2978515625
3.0,2,40C__bismuth_trial_2,40C,bismuth,2,3209.1026783199068,13262.5126953125
3.0,2,40C__bismuth_trial_3,40C,bismuth,3,3209.1026783199068,10799.666015625
3.0,2,40C__bismuth_trial_4,40C,bismuth,4,3209.1026783199068,8598.01953125
3.0,2,40C__bismuth_trial_5,40C,bismuth,5,3209.1026783199068,12715.03125
3.0,2,40C__bismuth_trial_6,40C,bismuth,6,3209.1026783199068,11430.2021484375
3.0,2,50C__bismuth_trial_1,50C,bismuth,1,3209.1026783199068,8526.6025390625
3.0,2,50C__bismuth_trial_2,50C,bismuth,2,3209.1026783199068,11191.412109375
3.0,2,50C__bismuth_trial_3,50C,bismuth,3,3209.1026783199068,12994.50390625
3.0,2,50C__bismuth_trial_4,50C,bismuth,4,3209.1026783199068,16533.248046875
3.0,2,50C__bismuth_trial_5,50C,bismuth,5,3209.1026783199068,19929.9140625
3.0,2,50C__bismuth_trial_6,50C,bismuth,6,3209.1026783199068,13475.314453125
3.0,2,60C__bismuth_trial_1,60C,bismuth,1,3209.1026783199068,10907.95703125
3.0,2,60C__bismuth_trial_2,60C,bismuth,2,3209.1026783199068,10588.86328125
3.0,2,60C__bismuth_trial_3,60C,bismuth,3,3209.1026783199068,12208.0078125
3.0,2,60C__bismuth_trial_4,60C,bismuth,4,3209.1026783199068,17049.3828125
3.0,2,60C__bismuth_trial_5,60C,bismuth,5,3209.1026783199068,11007.669921875
3.0,2,60C__bismuth_trial_6,60C,bismuth,6,3209.1026783199068,15768.01171875
3.0,3,30C__cement_trial_1,30C,cement,1,559.6427431853289,349.0104675292969
3.0,3,30C__cement_trial_2,30C,cement,2,559.6427431853289,790.418701171875
3.0,3,30C__cement_trial_3,30C,cement,3,559.6427431853289,425.2520446777344
3.0,3,30C__cement_trial_4,30C,cement,4,559.6427431853289,416.9535827636719
3.0,3,30C__cement_trial_5,30C,cement,5,559.6427431853289,361.5146789550781
3.0,3,30C__cement_trial_6,30C,cement,6,559.6427431853289,326.7427978515625
3.0,3,40C__cement_trial_1,40C,cement,1,559.6427431853289,366.4613342285156
3.0,3,40C__cement_trial_2,40C,cement,2,559.6427431853289,175.2372589111328
3.0,3,40C__cement_trial_3,40C,cement,3,559.6427431853289,189.48667907714844
3.0,3,40C__cement_trial_4,40C,cement,4,559.6427431853289,1584.7822265625
3.0,3,40C__cement_trial_5,40C,cement,5,559.6427431853289,2252.061279296875
3.0,3,40C__cement_trial_6,40C,cement,6,559.6427431853289,518.570068359375
3.0,3,50C__cement_trial_1,50C,cement,1,559.6427431853289,413.05035400390625
3.0,3,50C__cement_trial_2,50C,cement,2,559.6427431853289,228.7508544921875
3.0,3,50C__cement_trial_3,50C,cement,3,559.6427431853289,497.0934753417969
3.0,3,50C__cement_trial_4,50C,cement,4,559.6427431853289,369.6278076171875
3.0,3,50C__cement_trial_5,50C,cement,5,559.6427431853289,413.2099304199219
3.0,3,50C__cement_trial_6,50C,cement,6,559.6427431853289,401.7752685546875
3.0,3,60C__cement_trial_1,60C,cement,1,559.6427431853289,6625.859375
3.0,3,60C__cement_trial_2,60C,cement,2,559.6427431853289,7700.67431640625
3.0,3,60C__cement_trial_3,60C,cement,3,559.6427431853289,8345.0361328125
3.0,3,60C__cement_trial_4,60C,cement,4,559.6427431853289,6146.71044921875
3.0,3,60C__cement_trial_5,60C,cement,5,559.6427431853289,9374.703125
3.0,3,60C__cement_trial_6,60C,cement,6,559.6427431853289,5902.41162109375
3.0,4,30C__copper_trial_1,30C,copper,1,37192.601414797544,19960.12109375
3.0,4,30C__copper_trial_2,30C,copper,2,37192.601414797544,14626.99609375
3.0,4,30C__copper_trial_3,30C,copper,3,37192.601414797544,14178.5087890625
3.0,4,30C__copper_trial_4,30C,copper,4,37192.601414797544,18131.18359375
3.0,4,30C__copper_trial_5,30C,copper,5,37192.601414797544,14039.384765625
3.0,4,30C__copper_trial_6,30C,copper,6,37192.601414797544,13095.1796875
3.0,4,40C__copper_trial_1,40C,copper,1,37192.601414797544,16696.287109375
3.0,4,40C__copper_trial_2,40C,copper,2,37192.601414797544,8920.0205078125
3.0,4,40C__copper_trial_3,40C,copper,3,37192.601414797544,7529.23486328125
3.0,4,40C__copper_trial_4,40C,copper,4,37192.601414797544,7690.44970703125
3.0,4,40C__copper_trial_5,40C,copper,5,37192.601414797544,5167.13037109375
3.0,4,40C__copper_trial_6,40C,copper,6,37192.601414797544,5108.712890625
3.0,4,50C__copper_trial_1,50C,copper,1,37192.601414797544,7014.87890625
3.0,4,50C__copper_trial_2,50C,copper,2,37192.601414797544,11989.4951171875
3.0,4,50C__copper_trial_3,50C,copper,3,37192.601414797544,7784.48388671875
3.0,4,50C__copper_trial_4,50C,copper,4,37192.601414797544,11167.5498046875
3.0,4,50C__copper_trial_5,50C,copper,5,37192.601414797544,8600.1025390625
3.0,4,50C__copper_trial_6,50C,copper,6,37192.601414797544,10225.72265625
3.0,4,60C__copper_trial_1,60C,copper,1,37192.601414797544,14524.3076171875
3.0,4,60C__copper_trial_2,60C,copper,2,37192.601414797544,21326.55859375
3.0,4,60C__copper_trial_3,60C,copper,3,37192.601414797544,18528.80859375
3.0,4,60C__copper_trial_4,60C,copper,4,37192.601414797544,18837.544921875
3.0,4,60C__copper_trial_5,60C,copper,5,37192.601414797544,16054.1884765625
3.0,4,60C__copper_trial_6,60C,copper,6,37192.601414797544,17151.52734375
3.0,5,30C__cork_trial_1,30C,cork,1,136.29380029920657,154.73721313476562
3.0,5,30C__cork_trial_2,30C,cork,2,136.29380029920657,70.9941635131836
3.0,5,30C__cork_trial_3,30C,cork,3,136.29380029920657,55.55963134765625
3.0,5,30C__cork_trial_4,30C,cork,4,136.29380029920657,46.663230895996094
3.0,5,30C__cork_trial_5,30C,cork,5,136.29380029920657,75.18522644042969
3.0,5,30C__cork_trial_6,30C,cork,6,136.29380029920657,65.451171875
3.0,5,40C__cork_trial_1,40C,cork,1,136.29380029920657,107.77333068847656
3.0,5,40C__cork_trial_2,40C,cork,2,136.29380029920657,71.077392578125
3.0,5,40C__cork_trial_3,40C,cork,3,136.29380029920657,76.08698272705078
3.0,5,40C__cork_trial_4,40C,cork,4,136.29380029920657,58.98143768310547
3.0,5,40C__cork_trial_5,40C,cork,5,136.29380029920657,34.496376621320685
3.0,5,40C__cork_trial_6,40C,cork,6,136.29380029920657,50.5833854675293
3.0,5,50C__cork_trial_1,50C,cork,1,136.29380029920657,413.2383728027344
3.0,5,50C__cork_trial_2,50C,cork,2,136.29380029920657,419.6260681152344
3.0,5,50C__cork_trial_3,50C,cork,3,136.29380029920657,249.4307403564453
3.0,5,50C__cork_trial_4,50C,cork,4,136.29380029920657,181.23968505859375
3.0,5,50C__cork_trial_5,50C,cork,5,136.29380029920657,399.4366760253906
3.0,5,50C__cork_trial_6,50C,cork,6,136.29380029920657,289.0544738769531
3.0,5,60C__cork_trial_1,60C,cork,1,136.29380029920657,201.2709197998047
3.0,5,60C__cork_trial_2,60C,cork,2,136.29380029920657,295.80126953125
3.0,5,60C__cork_trial_3,60C,cork,3,136.29380029920657,117.61174774169922
3.0,5,60C__cork_trial_4,60C,cork,4,136.29380029920657,121.48384094238281
3.0,5,60C__cork_trial_5,60C,cork,5,136.29380029920657,116.60680389404297
3.0,5,60C__cork_trial_6,60C,cork,6,136.29380029920657,251.81008911132812
3.0,6,30C__graphite_trial_1,30C,graphite,1,11367.497525840945,14664.01171875
3.0,6,30C__graphite_trial_2,30C,graphite,2,11367.497525840945,12202.5478515625
3.0,6,30C__graphite_trial_3,30C,graphite,3,11367.497525840945,15318.28125
3.0,6,30C__graphite_trial_4,30C,graphite,4,11367.497525840945,14321.837890625
3.0,6,30C__graphite_trial_5,30C,graphite,5,11367.497525840945,17261.72265625
3.0,6,30C__graphite_trial_6,30C,graphite,6,11367.497525840945,13126.365234375
3.0,6,40C__graphite_trial_1,40C,graphite,1,11367.497525840945,2814.162353515625
3.0,6,40C__graphite_trial_2,40C,graphite,2,11367.497525840945,12147.4033203125
3.0,6,40C__graphite_trial_3,40C,graphite,3,11367.497525840945,7112.52978515625
3.0,6,40C__graphite_trial_4,40C,graphite,4,11367.497525840945,6112.548828125
3.0,6,40C__graphite_trial_5,40C,graphite,5,11367.497525840945,2371.5947265625
3.0,6,40C__graphite_trial_6,40C,graphite,6,11367.497525840945,3953.2529296875
3.0,6,50C__graphite_trial_1,50C,graphite,1,11367.497525840945,12512.8974609375
3.0,6,50C__graphite_trial_2,50C,graphite,2,11367.497525840945,16829.68359375
3.0,6,50C__graphite_trial_3,50C,graphite,3,11367.497525840945,8435.2861328125
3.0,6,50C__graphite_trial_4,50C,graphite,4,11367.497525840945,15761.8623046875
3.0,6,50C__graphite_trial_5,50C,graphite,5,11367.497525840945,7447.576171875
3.0,6,50C__graphite_trial_6,50C,graphite,6,11367.497525840945,14872.9912109375
3.0,6,60C__graphite_trial_1,60C,graphite,1,11367.497525840945,5360.60693359375
3.0,6,60C__graphite_trial_2,60C,graphite,2,11367.497525840945,8286.9208984375
3.0,6,60C__graphite_trial_3,60C,graphite,3,11367.497525840945,9583.796875
3.0,6,60C__graphite_trial_4,60C,graphite,4,11367.497525840945,11499.30859375
3.0,6,60C__graphite_trial_5,60C,graphite,5,11367.497525840945,14667.3818359375
3.0,6,60C__graphite_trial_6,60C,graphite,6,11367.497525840945,9358.16796875
3.0,7,30C__gypsum_trial_1,30C,gypsum,1,385.01948002666046,129.9283905029297
3.0,7,30C__gypsum_trial_2,30C,gypsum,2,385.01948002666046,335.1401672363281
3.0,7,30C__gypsum_trial_3,30C,gypsum,3,385.01948002666046,230.07235717773438
3.0,7,30C__gypsum_trial_4,30C,gypsum,4,385.01948002666046,150.7170867919922
3.0,7,30C__gypsum_trial_5,30C,gypsum,5,385.01948002666046,214.47146606445312
3.0,7,30C__gypsum_trial_6,30C,gypsum,6,385.01948002666046,139.9095458984375
3.0,7,40C__gypsum_trial_1,40C,gypsum,1,385.01948002666046,165.97938537597656
3.0,7,40C__gypsum_trial_2,40C,gypsum,2,385.01948002666046,109.49369049072266
3.0,7,40C__gypsum_trial_3,40C,gypsum,3,385.01948002666046,295.4859619140625
3.0,7,40C__gypsum_trial_4,40C,gypsum,4,385.01948002666046,429.4937438964844
3.0,7,40C__gypsum_trial_5,40C,gypsum,5,385.01948002666046,529.3770751953125
3.0,7,40C__gypsum_trial_6,40C,gypsum,6,385.01948002666046,452.1612854003906
3.0,7,50C__gypsum_trial_1,50C,gypsum,1,385.01948002666046,546.2691040039062
3.0,7,50C__gypsum_trial_2,50C,gypsum,2,385.01948002666046,641.3505249023438
3.0,7,50C__gypsum_trial_3,50C,gypsum,3,385.01948002666046,580.8614501953125
3.0,7,50C__gypsum_trial_4,50C,gypsum,4,385.01948002666046,725.9246826171875
3.0,7,50C__gypsum_trial_5,50C,gypsum,5,385.01948002666046,860.3225708007812
3.0,7,50C__gypsum_trial_6,50C,gypsum,6,385.01948002666046,684.5696411132812
3.0,7,60C__gypsum_trial_1,60C,gypsum,1,385.01948002666046,9356.7578125
3.0,7,60C__gypsum_trial_2,60C,gypsum,2,385.01948002666046,1938.1923828125
3.0,7,60C__gypsum_trial_3,60C,gypsum,3,385.01948002666046,4562.7568359375
3.0,7,60C__gypsum_trial_4,60C,gypsum,4,385.01948002666046,8554.3798828125
3.0,7,60C__gypsum_trial_5,60C,gypsum,5,385.01948002666046,7915.251953125
3.0,7,60C__gypsum_trial_6,60C,gypsum,6,385.01948002666046,12909.34375
3.0,8,30C__iron_trial_1,30C,iron,1,16859.663413010356,18799.048828125
3.0,8,30C__iron_trial_2,30C,iron,2,16859.663413010356,28150.0625
3.0,8,30C__iron_trial_3,30C,iron,3,16859.663413010356,22021.453125
3.0,8,30C__iron_trial_4,30C,iron,4,16859.663413010356,22642.0859375
3.0,8,30C__iron_trial_5,30C,iron,5,16859.663413010356,12978.6865234375
3.0,8,30C__iron_trial_6,30C,iron,6,16859.663413010356,17089.462890625
3.0,8,40C__iron_trial_1,40C,iron,1,16859.663413010356,16410.2734375
3.0,8,40C__iron_trial_2,40C,iron,2,16859.663413010356,10709.75
3.0,8,40C__iron_trial_3,40C,iron,3,16859.663413010356,8340.9931640625
3.0,8,40C__iron_trial_4,40C,iron,4,16859.663413010356,6629.05810546875
3.0,8,40C__iron_trial_5,40C,iron,5,16859.663413010356,13768.6201171875
3.0,8,40C__iron_trial_6,40C,iron,6,16859.663413010356,12666.7236328125
3.0,8,50C__iron_trial_1,50C,iron,1,16859.663413010356,11244.78125
3.0,8,50C__iron_trial_2,50C,iron,2,16859.663413010356,10706.6552734375
3.0,8,50C__iron_trial_3,50C,iron,3,16859.663413010356,12318.8759765625
3.0,8,50C__iron_trial_4,50C,iron,4,16859.663413010356,14917.1865234375
3.0,8,50C__iron_trial_5,50C,iron,5,16859.663413010356,16252.91015625
3.0,8,50C__iron_trial_6,50C,iron,6,16859.663413010356,23406.974609375
3.0,8,60C__iron_trial_1,60C,iron,1,16859.663413010356,31586.19140625
3.0,8,60C__iron_trial_2,60C,iron,2,16859.663413010356,20702.4765625
3.0,8,60C__iron_trial_3,60C,iron,3,16859.663413010356,15242.8916015625
3.0,8,60C__iron_trial_4,60C,iron,4,16859.663413010356,13860.810546875
3.0,8,60C__iron_trial_5,60C,iron,5,16859.663413010356,22184.443359375
3.0,8,60C__iron_trial_6,60C,iron,6,16859.663413010356,22094.453125
3.0,9,30C__nickel_trial_1,30C,nickel,1,19320.68449098013,7950.3515625
3.0,9,30C__nickel_trial_2,30C,nickel,2,19320.68449098013,12831.7880859375
3.0,9,30C__nickel_trial_3,30C,nickel,3,19320.68449098013,6792.94921875
3.0,9,30C__nickel_trial_4,30C,nickel,4,19320.68449098013,4352.1767578125
3.0,9,30C__nickel_trial_5,30C,nickel,5,19320.68449098013,7860.609375
3.0,9,30C__nickel_trial_6,30C,nickel,6,19320.68449098013,21345.990234375
3.0,9,40C__nickel_trial_1,40C,nickel,1,19320.68449098013,6332.03173828125
3.0,9,40C__nickel_trial_2,40C,nickel,2,19320.68449098013,9796.189453125
3.0,9,40C__nickel_trial_3,40C,nickel,3,19320.68449098013,15476.8798828125
3.0,9,40C__nickel_trial_4,40C,nickel,4,19320.68449098013,11694.2119140625
3.0,9,40C__nickel_trial_5,40C,nickel,5,19320.68449098013,14186.232421875
3.0,9,40C__nickel_trial_6,40C,nickel,6,19320.68449098013,10631.83203125
3.0,9,50C__nickel_trial_1,50C,nickel,1,19320.68449098013,10265.142578125
3.0,9,50C__nickel_trial_2,50C,nickel,2,19320.68449098013,17338.876953125
3.0,9,50C__nickel_trial_3,50C,nickel,3,19320.68449098013,18727.46875
3.0,9,50C__nickel_trial_4,50C,nickel,4,19320.68449098013,19218.869140625
3.0,9,50C__nickel_trial_5,50C,nickel,5,19320.68449098013,9967.779296875
3.0,9,50C__nickel_trial_6,50C,nickel,6,19320.68449098013,16074.9794921875
3.0,9,60C__nickel_trial_1,60C,nickel,1,19320.68449098013,14806.7255859375
3.0,9,60C__nickel_trial_2,60C,nickel,2,19320.68449098013,22103.556640625
3.0,9,60C__nickel_trial_3,60C,nickel,3,19320.68449098013,19160.54296875
3.0,9,60C__nickel_trial_4,60C,nickel,4,19320.68449098013,21564.3203125
3.0,9,60C__nickel_trial_5,60C,nickel,5,19320.68449098013,24137.95703125
3.0,9,60C__nickel_trial_6,60C,nickel,6,19320.68449098013,23305.64453125
3.0,10,30C__pdms_trial_1,30C,pdms,1,460.90129095067635,273.23345947265625
3.0,10,30C__pdms_trial_2,30C,pdms,2,460.90129095067635,113.34537506103516
3.0,10,30C__pdms_trial_3,30C,pdms,3,460.90129095067635,138.73513793945312
3.0,10,30C__pdms_trial_4,30C,pdms,4,460.90129095067635,64.21450805664062
3.0,10,30C__pdms_trial_5,30C,pdms,5,460.90129095067635,77.14151000976562
3.0,10,30C__pdms_trial_6,30C,pdms,6,460.90129095067635,121.2344741821289
3.0,10,40C__pdms_trial_1,40C,pdms,1,460.90129095067635,326.95526123046875
3.0,10,40C__pdms_trial_2,40C,pdms,2,460.90129095067635,382.6621398925781
3.0,10,40C__pdms_trial_3,40C,pdms,3,460.90129095067635,329.6961364746094
3.0,10,40C__pdms_trial_4,40C,pdms,4,460.90129095067635,268.7422790527344
3.0,10,40C__pdms_trial_5,40C,pdms,5,460.90129095067635,248.03842163085938
3.0,10,40C__pdms_trial_6,40C,pdms,6,460.90129095067635,270.4435119628906
3.0,10,50C__pdms_trial_1,50C,pdms,1,460.90129095067635,575.8944702148438
3.0,10,50C__pdms_trial_2,50C,pdms,2,460.90129095067635,300.2207336425781
3.0,10,50C__pdms_trial_3,50C,pdms,3,460.90129095067635,524.96337890625
3.0,10,50C__pdms_trial_4,50C,pdms,4,460.90129095067635,511.1496887207031
3.0,10,50C__pdms_trial_5,50C,pdms,5,460.90129095067635,393.6021728515625
3.0,10,50C__pdms_trial_6,50C,pdms,6,460.90129095067635,617.0715942382812
3.0,10,60C__pdms_trial_1,60C,pdms,1,460.90129095067635,1610.8602294921875
3.0,10,60C__pdms_trial_2,60C,pdms,2,460.90129095067635,590.9159545898438
3.0,10,60C__pdms_trial_3,60C,pdms,3,460.90129095067635,661.6511840820312
3.0,10,60C__pdms_trial_4,60C,pdms,4,460.90129095067635,486.53265380859375
3.0,10,60C__pdms_trial_5,60C,pdms,5,460.90129095067635,322.4837951660156
3.0,10,60C__pdms_trial_6,60C,pdms,6,460.90129095067635,129.6044464111328
3.0,11,30C__ps_foam_trial_1,30C,ps_foam,1,34.496376621320685,193.22535705566406
3.0,11,30C__ps_foam_trial_2,30C,ps_foam,2,34.496376621320685,173.3380889892578
3.0,11,30C__ps_foam_trial_3,30C,ps_foam,3,34.496376621320685,303.626708984375
3.0,11,30C__ps_foam_trial_4,30C,ps_foam,4,34.496376621320685,263.2955017089844
3.0,11,30C__ps_foam_trial_5,30C,ps_foam,5,34.496376621320685,80.38460540771484
3.0,11,30C__ps_foam_trial_6,30C,ps_foam,6,34.496376621320685,204.03489685058594
3.0,11,40C__ps_foam_trial_1,40C,ps_foam,1,34.496376621320685,63.01242446899414
3.0,11,40C__ps_foam_trial_2,40C,ps_foam,2,34.496376621320685,73.73921203613281
3.0,11,40C__ps_foam_trial_3,40C,ps_foam,3,34.496376621320685,76.20672607421875
3.0,11,40C__ps_foam_trial_4,40C,ps_foam,4,34.496376621320685,399.2906188964844
3.0,11,40C__ps_foam_trial_5,40C,ps_foam,5,34.496376621320685,168.77236938476562
3.0,11,40C__ps_foam_trial_6,40C,ps_foam,6,34.496376621320685,89.80351257324219
3.0,11,50C__ps_foam_trial_1,50C,ps_foam,1,34.496376621320685,48.598777770996094
3.0,11,50C__ps_foam_trial_2,50C,ps_foam,2,34.496376621320685,49.30168533325195
3.0,11,50C__ps_foam_trial_3,50C,ps_foam,3,34.496376621320685,43.47418975830078
3.0,11,50C__ps_foam_trial_4,50C,ps_foam,4,34.496376621320685,49.7949104309082
3.0,11,50C__ps_foam_trial_5,50C,ps_foam,5,34.496376621320685,45.75792694091797
3.0,11,50C__ps_foam_trial_6,50C,ps_foam,6,34.496376621320685,51.69609832763672
3.0,11,60C__ps_foam_trial_1,60C,ps_foam,1,34.496376621320685,465.1717529296875
3.0,11,60C__ps_foam_trial_2,60C,ps_foam,2,34.496376621320685,426.9183044433594
3.0,11,60C__ps_foam_trial_3,60C,ps_foam,3,34.496376621320685,390.0675048828125
3.0,11,60C__ps_foam_trial_4,60C,ps_foam,4,34.496376621320685,75.31237030029297
3.0,11,60C__ps_foam_trial_5,60C,ps_foam,5,34.496376621320685,534.6638793945312
3.0,11,60C__ps_foam_trial_6,60C,ps_foam,6,34.496376621320685,358.1922302246094
3.0,12,30C__pu_foam_trial_1,30C,pu_foam,1,42.49705872175155,186.68267822265625
3.0,12,30C__pu_foam_trial_2,30C,pu_foam,2,42.49705872175155,77.9476089477539
3.0,12,30C__pu_foam_trial_3,30C,pu_foam,3,42.49705872175155,208.27325439453125
3.0,12,30C__pu_foam_trial_4,30C,pu_foam,4,42.49705872175155,377.55877685546875
3.0,12,30C__pu_foam_trial_5,30C,pu_foam,5,42.49705872175155,121.40216064453125
3.0,12,30C__pu_foam_trial_6,30C,pu_foam,6,42.49705872175155,114.55044555664062
3.0,12,40C__pu_foam_trial_1,40C,pu_foam,1,42.49705872175155,91.01421356201172
3.0,12,40C__pu_foam_trial_2,40C,pu_foam,2,42.49705872175155,156.73410034179688
3.0,12,40C__pu_foam_trial_3,40C,pu_foam,3,42.49705872175155,143.44247436523438
3.0,12,40C__pu_foam_trial_4,40C,pu_foam,4,42.49705872175155,138.348876953125
3.0,12,40C__pu_foam_trial_5,40C,pu_foam,5,42.49705872175155,46.09434127807617
3.0,12,40C__pu_foam_trial_6,40C,pu_foam,6,42.49705872175155,67.0325927734375
3.0,12,50C__pu_foam_trial_1,50C,pu_foam,1,42.49705872175155,81.95459747314453
3.0,12,50C__pu_foam_trial_2,50C,pu_foam,2,42.49705872175155,122.8269271850586
3.0,12,50C__pu_foam_trial_3,50C,pu_foam,3,42.49705872175155,183.5352783203125
3.0,12,50C__pu_foam_trial_4,50C,pu_foam,4,42.49705872175155,119.56546783447266
3.0,12,50C__pu_foam_trial_5,50C,pu_foam,5,42.49705872175155,58.841796875
3.0,12,50C__pu_foam_trial_6,50C,pu_foam,6,42.49705872175155,68.83369445800781
3.0,12,60C__pu_foam_trial_1,60C,pu_foam,1,42.49705872175155,146.72244262695312
3.0,12,60C__pu_foam_trial_2,60C,pu_foam,2,42.49705872175155,250.35743713378906
3.0,12,60C__pu_foam_trial_3,60C,pu_foam,3,42.49705872175155,382.3775939941406
3.0,12,60C__pu_foam_trial_4,60C,pu_foam,4,42.49705872175155,239.70657348632812
3.0,12,60C__pu_foam_trial_5,60C,pu_foam,5,42.49705872175155,245.2815704345703
3.0,12,60C__pu_foam_trial_6,60C,pu_foam,6,42.49705872175155,269.89178466796875
3.0,13,30C__titanium_trial_1,30C,titanium,1,7184.0359269702985,7308.9638671875
3.0,13,30C__titanium_trial_2,30C,titanium,2,7184.0359269702985,5559.39013671875
3.0,13,30C__titanium_trial_3,30C,titanium,3,7184.0359269702985,7815.7529296875
3.0,13,30C__titanium_trial_4,30C,titanium,4,7184.0359269702985,6044.59765625
3.0,13,30C__titanium_trial_5,30C,titanium,5,7184.0359269702985,5668.53466796875
3.0,13,30C__titanium_trial_6,30C,titanium,6,7184.0359269702985,7117.7890625
3.0,13,40C__titanium_trial_1,40C,titanium,1,7184.0359269702985,11858.6201171875
3.0,13,40C__titanium_trial_2,40C,titanium,2,7184.0359269702985,11778.578125
3.0,13,40C__titanium_trial_3,40C,titanium,3,7184.0359269702985,13260.2099609375
3.0,13,40C__titanium_trial_4,40C,titanium,4,7184.0359269702985,3495.32177734375
3.0,13,40C__titanium_trial_5,40C,titanium,5,7184.0359269702985,15131.4189453125
3.0,13,40C__titanium_trial_6,40C,titanium,6,7184.0359269702985,14740.09375
3.0,13,50C__titanium_trial_1,50C,titanium,1,7184.0359269702985,16426.60546875
3.0,13,50C__titanium_trial_2,50C,titanium,2,7184.0359269702985,5786.19775390625
3.0,13,50C__titanium_trial_3,50C,titanium,3,7184.0359269702985,15176.671875
3.0,13,50C__titanium_trial_4,50C,titanium,4,7184.0359269702985,19910.365234375
3.0,13,50C__titanium_trial_5,50C,titanium,5,7184.0359269702985,14439.1572265625
3.0,13,50C__titanium_trial_6,50C,titanium,6,7184.0359269702985,13184.4453125
3.0,13,60C__titanium_trial_1,60C,titanium,1,7184.0359269702985,6708.68896484375
3.0,13,60C__titanium_trial_2,60C,titanium,2,7184.0359269702985,7724.04443359375
3.0,13,60C__titanium_trial_3,60C,titanium,3,7184.0359269702985,6811.85595703125
3.0,13,60C__titanium_trial_4,60C,titanium,4,7184.0359269702985,14819.7939453125
3.0,13,60C__titanium_trial_5,60C,titanium,5,7184.0359269702985,18053.94921875
3.0,13,60C__titanium_trial_6,60C,titanium,6,7184.0359269702985,14643.8017578125
3.0,14,30C__wood_trial_1,30C,wood,1,422.49260348555214,148.77780151367188
3.0,14,30C__wood_trial_2,30C,wood,2,422.49260348555214,228.33657836914062
3.0,14,30C__wood_trial_3,30C,wood,3,422.49260348555214,50.392913818359375
3.0,14,30C__wood_trial_4,30C,wood,4,422.49260348555214,80.2378158569336
3.0,14,30C__wood_trial_5,30C,wood,5,422.49260348555214,241.0987091064453
3.0,14,30C__wood_trial_6,30C,wood,6,422.49260348555214,152.5997772216797
3.0,14,40C__wood_trial_1,40C,wood,1,422.49260348555214,129.82098388671875
3.0,14,40C__wood_trial_2,40C,wood,2,422.49260348555214,124.35157775878906
3.0,14,40C__wood_trial_3,40C,wood,3,422.49260348555214,141.66432189941406
3.0,14,40C__wood_trial_4,40C,wood,4,422.49260348555214,119.6662368774414
3.0,14,40C__wood_trial_5,40C,wood,5,422.49260348555214,175.99081420898438
3.0,14,40C__wood_trial_6,40C,wood,6,422.49260348555214,122.49842071533203
3.0,14,50C__wood_trial_1,50C,wood,1,422.49260348555214,457.288818359375
3.0,14,50C__wood_trial_2,50C,wood,2,422.49260348555214,463.85211181640625
3.0,14,50C__wood_trial_3,50C,wood,3,422.49260348555214,600.6522827148438
3.0,14,50C__wood_trial_4,50C,wood,4,422.49260348555214,311.7410888671875
3.0,14,50C__wood_trial_5,50C,wood,5,422.49260348555214,321.71441650390625
3.0,14,50C__wood_trial_6,50C,wood,6,422.49260348555214,404.85260009765625
3.0,14,60C__wood_trial_1,60C,wood,1,422.49260348555214,2153.0234375
3.0,14,60C__wood_trial_2,60C,wood,2,422.49260348555214,2282.42626953125
3.0,14,60C__wood_trial_3,60C,wood,3,422.49260348555214,3103.96337890625
3.0,14,60C__wood_trial_4,60C,wood,4,422.49260348555214,2777.637939453125
3.0,14,60C__wood_trial_5,60C,wood,5,422.49260348555214,1914.3804931640625
3.0,14,60C__wood_trial_6,60C,wood,6,422.49260348555214,1021.8995361328125
3.5,1,30C__aluminum_trial_1,30C,aluminum,1,23958.09466547789,5964.302734375
3.5,1,30C__aluminum_trial_2,30C,aluminum,2,23958.09466547789,10103.888671875
3.5,1,30C__aluminum_trial_3,30C,aluminum,3,23958.09466547789,14936.390625
3.5,1,30C__aluminum_trial_4,30C,aluminum,4,23958.09466547789,16073.9677734375
3.5,1,30C__aluminum_trial_5,30C,aluminum,5,23958.09466547789,13883.884765625
3.5,1,30C__aluminum_trial_6,30C,aluminum,6,23958.09466547789,19146.951171875
3.5,1,40C__aluminum_trial_1,40C,aluminum,1,23958.09466547789,12934.1640625
3.5,1,40C__aluminum_trial_2,40C,aluminum,2,23958.09466547789,6666.39208984375
3.5,1,40C__aluminum_trial_3,40C,aluminum,3,23958.09466547789,25779.740234375
3.5,1,40C__aluminum_trial_4,40C,aluminum,4,23958.09466547789,10430.908203125
3.5,1,40C__aluminum_trial_5,40C,aluminum,5,23958.09466547789,12061.177734375
3.5,1,40C__aluminum_trial_6,40C,aluminum,6,23958.09466547789,12115.46875
3.5,1,50C__aluminum_trial_1,50C,aluminum,1,23958.09466547789,14625.3642578125
3.5,1,50C__aluminum_trial_2,50C,aluminum,2,23958.09466547789,15917.5068359375
3.5,1,50C__aluminum_trial_3,50C,aluminum,3,23958.09466547789,18397.16796875
3.5,1,50C__aluminum_trial_4,50C,aluminum,4,23958.09466547789,19961.681640625
3.5,1,50C__aluminum_trial_5,50C,aluminum,5,23958.09466547789,8523.796875
3.5,1,50C__aluminum_trial_6,50C,aluminum,6,23958.09466547789,14672.642578125
3.5,1,60C__aluminum_trial_1,60C,aluminum,1,23958.09466547789,15068.8154296875
3.5,1,60C__aluminum_trial_2,60C,aluminum,2,23958.09466547789,14591.2158203125
3.5,1,60C__aluminum_trial_3,60C,aluminum,3,23958.09466547789,9468.572265625
3.5,1,60C__aluminum_trial_4,60C,aluminum,4,23958.09466547789,10127.7685546875
3.5,1,60C__aluminum_trial_5,60C,aluminum,5,23958.09466547789,16541.0390625
3.5,1,60C__aluminum_trial_6,60C,aluminum,6,23958.09466547789,14591.7861328125
3.5,2,30C__bismuth_trial_1,30C,bismuth,1,3209.1026783199068,11319.3173828125
3.5,2,30C__bismuth_trial_2,30C,bismuth,2,3209.1026783199068,1594.4686279296875
3.5,2,30C__bismuth_trial_3,30C,bismuth,3,3209.1026783199068,1555.896240234375
3.5,2,30C__bismuth_trial_4,30C,bismuth,4,3209.1026783199068,5120.19677734375
3.5,2,30C__bismuth_trial_5,30C,bismuth,5,3209.1026783199068,5249.4228515625
3.5,2,30C__bismuth_trial_6,30C,bismuth,6,3209.1026783199068,10046.3193359375
3.5,2,40C__bismuth_trial_1,40C,bismuth,1,3209.1026783199068,11033.169921875
3.5,2,40C__bismuth_trial_2,40C,bismuth,2,3209.1026783199068,10728.734375
3.5,2,40C__bismuth_trial_3,40C,bismuth,3,3209.1026783199068,17300.48828125
3.5,2,40C__bismuth_trial_4,40C,bismuth,4,3209.1026783199068,10219.541015625
3.5,2,40C__bismuth_trial_5,40C,bismuth,5,3209.1026783199068,9966.3623046875
3.5,2,40C__bismuth_trial_6,40C,bismuth,6,3209.1026783199068,11237.1044921875
3.5,2,50C__bismuth_trial_1,50C,bismuth,1,3209.1026783199068,11284.091796875
3.5,2,50C__bismuth_trial_2,50C,bismuth,2,3209.1026783199068,6885.97412109375
3.5,2,50C__bismuth_trial_3,50C,bismuth,3,3209.1026783199068,5821.97802734375
3.5,2,50C__bismuth_trial_4,50C,bismuth,4,3209.1026783199068,18897.880859375
3.5,2,50C__bismuth_trial_5,50C,bismuth,5,3209.1026783199068,17615.064453125
3.5,2,50C__bismuth_trial_6,50C,bismuth,6,3209.1026783199068,14429.8232421875
3.5,2,60C__bismuth_trial_1,60C,bismuth,1,3209.1026783199068,10611.96484375
3.5,2,60C__bismuth_trial_2,60C,bismuth,2,3209.1026783199068,9203.029296875
3.5,2,60C__bismuth_trial_3,60C,bismuth,3,3209.1026783199068,11345.0732421875
3.5,2,60C__bismuth_trial_4,60C,bismuth,4,3209.1026783199068,12497.380859375
3.5,2,60C__bismuth_trial_5,60C,bismuth,5,3209.1026783199068,15036.84375
3.5,2,60C__bismuth_trial_6,60C,bismuth,6,3209.1026783199068,12801.6689453125
3.5,3,30C__cement_trial_1,30C,cement,1,559.6427431853289,375.90350341796875
3.5,3,30C__cement_trial_2,30C,cement,2,559.6427431853289,523.4519653320312
3.5,3,30C__cement_trial_3,30C,cement,3,559.6427431853289,310.9577941894531
3.5,3,30C__cement_trial_4,30C,cement,4,559.6427431853289,384.27801513671875
3.5,3,30C__cement_trial_5,30C,cement,5,559.6427431853289,360.02545166015625
3.5,3,30C__cement_trial_6,30C,cement,6,559.6427431853289,337.2427673339844
3.5,3,40C__cement_trial_1,40C,cement,1,559.6427431853289,385.2676696777344
3.5,3,40C__cement_trial_2,40C,cement,2,559.6427431853289,247.4048614501953
3.5,3,40C__cement_trial_3,40C,cement,3,559.6427431853289,247.72903442382812
3.5,3,40C__cement_trial_4,40C,cement,4,559.6427431853289,1954.4951171875
3.5,3,40C__cement_trial_5,40C,cement,5,559.6427431853289,3217.945068359375
3.5,3,40C__cement_trial_6,40C,cement,6,559.6427431853289,460.22119140625
3.5,3,50C__cement_trial_1,50C,cement,1,559.6427431853289,489.79608154296875
3.5,3,50C__cement_trial_2,50C,cement,2,559.6427431853289,353.2612609863281
3.5,3,50C__cement_trial_3,50C,cement,3,559.6427431853289,466.7488708496094
3.5,3,50C__cement_trial_4,50C,cement,4,559.6427431853289,475.8293151855469
3.5,3,50C__cement_trial_5,50C,cement,5,559.6427431853289,488.6478576660156
3.5,3,50C__cement_trial_6,50C,cement,6,559.6427431853289,487.8539733886719
3.5,3,60C__cement_trial_1,60C,cement,1,559.6427431853289,7350.484375
3.5,3,60C__cement_trial_2,60C,cement,2,559.6427431853289,7793.7333984375
3.5,3,60C__cement_trial_3,60C,cement,3,559.6427431853289,8700.94140625
3.5,3,60C__cement_trial_4,60C,cement,4,559.6427431853289,8416.681640625
3.5,3,60C__cement_trial_5,60C,cement,5,559.6427431853289,8640.447265625
3.5,3,60C__cement_trial_6,60C,cement,6,559.6427431853289,6361.08837890625
3.5,4,30C__copper_trial_1,30C,copper,1,37192.601414797544,16234.1337890625
3.5,4,30C__copper_trial_2,30C,copper,2,37192.601414797544,15007.0439453125
3.5,4,30C__copper_trial_3,30C,copper,3,37192.601414797544,11711.634765625
3.5,4,30C__copper_trial_4,30C,copper,4,37192.601414797544,14893.544921875
3.5,4,30C__copper_trial_5,30C,copper,5,37192.601414797544,14681.4755859375
3.5,4,30C__copper_trial_6,30C,copper,6,37192.601414797544,12488.2060546875
3.5,4,40C__copper_trial_1,40C,copper,1,37192.601414797544,15601.2802734375
3.5,4,40C__copper_trial_2,40C,copper,2,37192.601414797544,6391.2109375
3.5,4,40C__copper_trial_3,40C,copper,3,37192.601414797544,4910.662109375
3.5,4,40C__copper_trial_4,40C,copper,4,37192.601414797544,6923.5595703125
3.5,4,40C__copper_trial_5,40C,copper,5,37192.601414797544,4928.69189453125
3.5,4,40C__copper_trial_6,40C,copper,6,37192.601414797544,3779.630615234375
3.5,4,50C__copper_trial_1,50C,copper,1,37192.601414797544,10765.5537109375
3.5,4,50C__copper_trial_2,50C,copper,2,37192.601414797544,12857.109375
3.5,4,50C__copper_trial_3,50C,copper,3,37192.601414797544,7424.29150390625
3.5,4,50C__copper_trial_4,50C,copper,4,37192.601414797544,10056.970703125
3.5,4,50C__copper_trial_5,50C,copper,5,37192.601414797544,8188.79345703125
3.5,4,50C__copper_trial_6,50C,copper,6,37192.601414797544,10360.8876953125
3.5,4,60C__copper_trial_1,60C,copper,1,37192.601414797544,18639.9765625
3.5,4,60C__copper_trial_2,60C,copper,2,37192.601414797544,17217.7734375
3.5,4,60C__copper_trial_3,60C,copper,3,37192.601414797544,16857.5390625
3.5,4,60C__copper_trial_4,60C,copper,4,37192.601414797544,17105.720703125
3.5,4,60C__copper_trial_5,60C,copper,5,37192.601414797544,18318.048828125
3.5,4,60C__copper_trial_6,60C,copper,6,37192.601414797544,18126.119140625
3.5,5,30C__cork_trial_1,30C,cork,1,136.29380029920657,147.5834503173828
3.5,5,30C__cork_trial_2,30C,cork,2,136.29380029920657,103.68388366699219
3.5,5,30C__cork_trial_3,30C,cork,3,136.29380029920657,81.52023315429688
3.5,5,30C__cork_trial_4,30C,cork,4,136.29380029920657,71.48302459716797
3.5,5,30C__cork_trial_5,30C,cork,5,136.29380029920657,95.32772827148438
3.5,5,30C__cork_trial_6,30C,cork,6,136.29380029920657,100.87425231933594
3.5,5,40C__cork_trial_1,40C,cork,1,136.29380029920657,61.59577560424805
3.5,5,40C__cork_trial_2,40C,cork,2,136.29380029920657,80.79376220703125
3.5,5,40C__cork_trial_3,40C,cork,3,136.29380029920657,59.53469467163086
3.5,5,40C__cork_trial_4,40C,cork,4,136.29380029920657,46.7271614074707
3.5,5,40C__cork_trial_5,40C,cork,5,136.29380029920657,34.496376621320685
3.5,5,40C__cork_trial_6,40C,cork,6,136.29380029920657,34.496376621320685
3.5,5,50C__cork_trial_1,50C,cork,1,136.29380029920657,455.36041259765625
3.5,5,50C__cork_trial_2,50C,cork,2,136.29380029920657,436.9777526855469
3.5,5,50C__cork_trial_3,50C,cork,3,136.29380029920657,275.5771789550781
3.5,5,50C__cork_trial_4,50C,cork,4,136.29380029920657,201.92222595214844
3.5,5,50C__cork_trial_5,50C,cork,5,136.29380029920657,340.3704528808594
3.5,5,50C__cork_trial_6,50C,cork,6,136.29380029920657,282.6231384277344
3.5,5,60C__cork_trial_1,60C,cork,1,136.29380029920657,271.0992431640625
3.5,5,60C__cork_trial_2,60C,cork,2,136.29380029920657,267.90765380859375
3.5,5,60C__cork_trial_3,60C,cork,3,136.29380029920657,132.78659057617188
3.5,5,60C__cork_trial_4,60C,cork,4,136.29380029920657,172.4143829345703
3.5,5,60C__cork_trial_5,60C,cork,5,136.29380029920657,117.59986877441406
3.5,5,60C__cork_trial_6,60C,cork,6,136.29380029920657,273.2492980957031
3.5,6,30C__graphite_trial_1,30C,graphite,1,11367.497525840945,16267.115234375
3.5,6,30C__graphite_trial_2,30C,graphite,2,11367.497525840945,17088.712890625
3.5,6,30C__graphite_trial_3,30C,graphite,3,11367.497525840945,14660.94921875
3.5,6,30C__graphite_trial_4,30C,graphite,4,11367.497525840945,14385.810546875
3.5,6,30C__graphite_trial_5,30C,graphite,5,11367.497525840945,20239.4375
3.5,6,30C__graphite_trial_6,30C,graphite,6,11367.497525840945,20419.84765625
3.5,6,40C__graphite_trial_1,40C,graphite,1,11367.497525840945,1866.4080810546875
3.5,6,40C__graphite_trial_2,40C,graphite,2,11367.497525840945,15084.8486328125
3.5,6,40C__graphite_trial_3,40C,graphite,3,11367.497525840945,12581.50390625
3.5,6,40C__graphite_trial_4,40C,graphite,4,11367.497525840945,3547.249267578125
3.5,6,40C__graphite_trial_5,40C,graphite,5,11367.497525840945,2364.27392578125
3.5,6,40C__graphite_trial_6,40C,graphite,6,11367.497525840945,5001.607421875
3.5,6,50C__graphite_trial_1,50C,graphite,1,11367.497525840945,17720.783203125
3.5,6,50C__graphite_trial_2,50C,graphite,2,11367.497525840945,15254.671875
3.5,6,50C__graphite_trial_3,50C,graphite,3,11367.497525840945,12608.134765625
3.5,6,50C__graphite_trial_4,50C,graphite,4,11367.497525840945,18381.244140625
3.5,6,50C__graphite_trial_5,50C,graphite,5,11367.497525840945,7221.6923828125
3.5,6,50C__graphite_trial_6,50C,graphite,6,11367.497525840945,14567.78515625
3.5,6,60C__graphite_trial_1,60C,graphite,1,11367.497525840945,7180.419921875
3.5,6,60C__graphite_trial_2,60C,graphite,2,11367.497525840945,8419.2353515625
3.5,6,60C__graphite_trial_3,60C,graphite,3,11367.497525840945,13031.587890625
3.5,6,60C__graphite_trial_4,60C,graphite,4,11367.497525840945,13390.693359375
3.5,6,60C__graphite_trial_5,60C,graphite,5,11367.497525840945,12604.4921875
3.5,6,60C__graphite_trial_6,60C,graphite,6,11367.497525840945,8066.32958984375
3.5,7,30C__gypsum_trial_1,30C,gypsum,1,385.01948002666046,247.44467163085938
3.5,7,30C__gypsum_trial_2,30C,gypsum,2,385.01948002666046,465.8631286621094
3.5,7,30C__gypsum_trial_3,30C,gypsum,3,385.01948002666046,247.6869354248047
3.5,7,30C__gypsum_trial_4,30C,gypsum,4,385.01948002666046,180.0477752685547
3.5,7,30C__gypsum_trial_5,30C,gypsum,5,385.01948002666046,209.46652221679688
3.5,7,30C__gypsum_trial_6,30C,gypsum,6,385.01948002666046,164.987060546875
3.5,7,40C__gypsum_trial_1,40C,gypsum,1,385.01948002666046,174.06517028808594
3.5,7,40C__gypsum_trial_2,40C,gypsum,2,385.01948002666046,160.69454956054688
3.5,7,40C__gypsum_trial_3,40C,gypsum,3,385.01948002666046,270.4486999511719
3.5,7,40C__gypsum_trial_4,40C,gypsum,4,385.01948002666046,335.42913818359375
3.5,7,40C__gypsum_trial_5,40C,gypsum,5,385.01948002666046,385.2308349609375
3.5,7,40C__gypsum_trial_6,40C,gypsum,6,385.01948002666046,409.44403076171875
3.5,7,50C__gypsum_trial_1,50C,gypsum,1,385.01948002666046,483.2583923339844
3.5,7,50C__gypsum_trial_2,50C,gypsum,2,385.01948002666046,499.9195251464844
3.5,7,50C__gypsum_trial_3,50C,gypsum,3,385.01948002666046,653.55419921875
3.5,7,50C__gypsum_trial_4,50C,gypsum,4,385.01948002666046,707.2732543945312
3.5,7,50C__gypsum_trial_5,50C,gypsum,5,385.01948002666046,1212.219970703125
3.5,7,50C__gypsum_trial_6,50C,gypsum,6,385.01948002666046,799.0729370117188
3.5,7,60C__gypsum_trial_1,60C,gypsum,1,385.01948002666046,6543.677734375
3.5,7,60C__gypsum_trial_2,60C,gypsum,2,385.01948002666046,2040.3497314453125
3.5,7,60C__gypsum_trial_3,60C,gypsum,3,385.01948002666046,5312.6103515625
3.5,7,60C__gypsum_trial_4,60C,gypsum,4,385.01948002666046,8591.21484375
3.5,7,60C__gypsum_trial_5,60C,gypsum,5,385.01948002666046,7601.0732421875
3.5,7,60C__gypsum_trial_6,60C,gypsum,6,385.01948002666046,10763.8798828125
3.5,8,30C__iron_trial_1,30C,iron,1,16859.663413010356,12985.6201171875
3.5,8,30C__iron_trial_2,30C,iron,2,16859.663413010356,25124.068359375
3.5,8,30C__iron_trial_3,30C,iron,3,16859.663413010356,21129.609375
3.5,8,30C__iron_trial_4,30C,iron,4,16859.663413010356,22396.712890625
3.5,8,30C__iron_trial_5,30C,iron,5,16859.663413010356,14269.9443359375
3.5,8,30C__iron_trial_6,30C,iron,6,16859.663413010356,14919.376953125
3.5,8,40C__iron_trial_1,40C,iron,1,16859.663413010356,13081.037109375
3.5,8,40C__iron_trial_2,40C,iron,2,16859.663413010356,14197.060546875
3.5,8,40C__iron_trial_3,40C,iron,3,16859.663413010356,9810.158203125
3.5,8,40C__iron_trial_4,40C,iron,4,16859.663413010356,7119.17431640625
3.5,8,40C__iron_trial_5,40C,iron,5,16859.663413010356,18859.494140625
3.5,8,40C__iron_trial_6,40C,iron,6,16859.663413010356,17808.189453125
3.5,8,50C__iron_trial_1,50C,iron,1,16859.663413010356,7944.7421875
3.5,8,50C__iron_trial_2,50C,iron,2,16859.663413010356,17335.138671875
3.5,8,50C__iron_trial_3,50C,iron,3,16859.663413010356,11983.0927734375
3.5,8,50C__iron_trial_4,50C,iron,4,16859.663413010356,11632.2626953125
3.5,8,50C__iron_trial_5,50C,iron,5,16859.663413010356,15204.53125
3.5,8,50C__iron_trial_6,50C,iron,6,16859.663413010356,21175.443359375
3.5,8,60C__iron_trial_1,60C,iron,1,16859.663413010356,28750.00390625
3.5,8,60C__iron_trial_2,60C,iron,2,16859.663413010356,28423.908203125
3.5,8,60C__iron_trial_3,60C,iron,3,16859.663413010356,23774.7578125
3.5,8,60C__iron_trial_4,60C,iron,4,16859.663413010356,12415.0283203125
3.5,8,60C__iron_trial_5,60C,iron,5,16859.663413010356,17608.228515625
3.5,8,60C__iron_trial_6,60C,iron,6,16859.663413010356,25988.185546875
3.5,9,30C__nickel_trial_1,30C,nickel,1,19320.68449098013,9914.8994140625
3.5,9,30C__nickel_trial_2,30C,nickel,2,19320.68449098013,15686.8330078125
3.5,9,30C__nickel_trial_3,30C,nickel,3,19320.68449098013,4452.4736328125
3.5,9,30C__nickel_trial_4,30C,nickel,4,19320.68449098013,4542.67578125
3.5,9,30C__nickel_trial_5,30C,nickel,5,19320.68449098013,4402.5078125
3.5,9,30C__nickel_trial_6,30C,nickel,6,19320.68449098013,19324.3515625
3.5,9,40C__nickel_trial_1,40C,nickel,1,19320.68449098013,13889.8974609375
3.5,9,40C__nickel_trial_2,40C,nickel,2,19320.68449098013,10392.6669921875
3.5,9,40C__nickel_trial_3,40C,nickel,3,19320.68449098013,13918.169921875
3.5,9,40C__nickel_trial_4,40C,nickel,4,19320.68449098013,12517.958984375
3.5,9,40C__nickel_trial_5,40C,nickel,5,19320.68449098013,13048.7392578125
3.5,9,40C__nickel_trial_6,40C,nickel,6,19320.68449098013,10013.4599609375
3.5,9,50C__nickel_trial_1,50C,nickel,1,19320.68449098013,15953.34375
3.5,9,50C__nickel_trial_2,50C,nickel,2,19320.68449098013,22173.486328125
3.5,9,50C__nickel_trial_3,50C,nickel,3,19320.68449098013,20277.7109375
3.5,9,50C__nickel_trial_4,50C,nickel,4,19320.68449098013,19931.5859375
3.5,9,50C__nickel_trial_5,50C,nickel,5,19320.68449098013,15778.767578125
3.5,9,50C__nickel_trial_6,50C,nickel,6,19320.68449098013,19319.13671875
3.5,9,60C__nickel_trial_1,60C,nickel,1,19320.68449098013,11599.7578125
3.5,9,60C__nickel_trial_2,60C,nickel,2,19320.68449098013,15010.064453125
3.5,9,60C__nickel_trial_3,60C,nickel,3,19320.68449098013,11413.5458984375
3.5,9,60C__nickel_trial_4,60C,nickel,4,19320.68449098013,23707.89453125
3.5,9,60C__nickel_trial_5,60C,nickel,5,19320.68449098013,25157.66015625
3.5,9,60C__nickel_trial_6,60C,nickel,6,19320.68449098013,18679.662109375
3.5,10,30C__pdms_trial_1,30C,pdms,1,460.90129095067635,219.64024353027344
3.5,10,30C__pdms_trial_2,30C,pdms,2,460.90129095067635,204.46249389648438
3.5,10,30C__pdms_trial_3,30C,pdms,3,460.90129095067635,166.6844024658203
3.5,10,30C__pdms_trial_4,30C,pdms,4,460.90129095067635,88.60681915283203
3.5,10,30C__pdms_trial_5,30C,pdms,5,460.90129095067635,55.365135192871094
3.5,10,30C__pdms_trial_6,30C,pdms,6,460.90129095067635,136.1995391845703
3.5,10,40C__pdms_trial_1,40C,pdms,1,460.90129095067635,318.9035949707031
3.5,10,40C__pdms_trial_2,40C,pdms,2,460.90129095067635,375.84600830078125
3.5,10,40C__pdms_trial_3,40C,pdms,3,460.90129095067635,284.1797180175781
3.5,10,40C__pdms_trial_4,40C,pdms,4,460.90129095067635,224.56216430664062
3.5,10,40C__pdms_trial_5,40C,pdms,5,460.90129095067635,216.3901824951172
3.5,10,40C__pdms_trial_6,40C,pdms,6,460.90129095067635,336.7363586425781
3.5,10,50C__pdms_trial_1,50C,pdms,1,460.90129095067635,518.244140625
3.5,10,50C__pdms_trial_2,50C,pdms,2,460.90129095067635,283.3764953613281
3.5,10,50C__pdms_trial_3,50C,pdms,3,460.90129095067635,531.34423828125
3.5,10,50C__pdms_trial_4,50C,pdms,4,460.90129095067635,540.8001098632812
3.5,10,50C__pdms_trial_5,50C,pdms,5,460.90129095067635,358.68414306640625
3.5,10,50C__pdms_trial_6,50C,pdms,6,460.90129095067635,610.7855834960938
3.5,10,60C__pdms_trial_1,60C,pdms,1,460.90129095067635,1683.7762451171875
3.5,10,60C__pdms_trial_2,60C,pdms,2,460.90129095067635,795.01220703125
3.5,10,60C__pdms_trial_3,60C,pdms,3,460.90129095067635,888.1004638671875
3.5,10,60C__pdms_trial_4,60C,pdms,4,460.90129095067635,664.4912109375
3.5,10,60C__pdms_trial_5,60C,pdms,5,460.90129095067635,454.9014892578125
3.5,10,60C__pdms_trial_6,60C,pdms,6,460.90129095067635,135.9486083984375
3.5,11,30C__ps_foam_trial_1,30C,ps_foam,1,34.496376621320685,205.9401092529297
3.5,11,30C__ps_foam_trial_2,30C,ps_foam,2,34.496376621320685,170.60658264160156
3.5,11,30C__ps_foam_trial_3,30C,ps_foam,3,34.496376621320685,309.7318115234375
3.5,11,30C__ps_foam_trial_4,30C,ps_foam,4,34.496376621320685,322.6456604003906
3.5,11,30C__ps_foam_trial_5,30C,ps_foam,5,34.496376621320685,95.00146484375
3.5,11,30C__ps_foam_trial_6,30C,ps_foam,6,34.496376621320685,190.03955078125
3.5,11,40C__ps_foam_trial_1,40C,ps_foam,1,34.496376621320685,90.50282287597656
3.5,11,40C__ps_foam_trial_2,40C,ps_foam,2,34.496376621320685,87.76779174804688
3.5,11,40C__ps_foam_trial_3,40C,ps_foam,3,34.496376621320685,66.3977279663086
3.5,11,40C__ps_foam_trial_4,40C,ps_foam,4,34.496376621320685,306.61395263671875
3.5,11,40C__ps_foam_trial_5,40C,ps_foam,5,34.496376621320685,158.31475830078125
3.5,11,40C__ps_foam_trial_6,40C,ps_foam,6,34.496376621320685,82.05145263671875
3.5,11,50C__ps_foam_trial_1,50C,ps_foam,1,34.496376621320685,43.95344161987305
3.5,11,50C__ps_foam_trial_2,50C,ps_foam,2,34.496376621320685,54.16492462158203
3.5,11,50C__ps_foam_trial_3,50C,ps_foam,3,34.496376621320685,42.49705872175155
3.5,11,50C__ps_foam_trial_4,50C,ps_foam,4,34.496376621320685,55.834632873535156
3.5,11,50C__ps_foam_trial_5,50C,ps_foam,5,34.496376621320685,58.70575714111328
3.5,11,50C__ps_foam_trial_6,50C,ps_foam,6,34.496376621320685,46.75894546508789
3.5,11,60C__ps_foam_trial_1,60C,ps_foam,1,34.496376621320685,409.96966552734375
3.5,11,60C__ps_foam_trial_2,60C,ps_foam,2,34.496376621320685,350.1949462890625
3.5,11,60C__ps_foam_trial_3,60C,ps_foam,3,34.496376621320685,432.385498046875
3.5,11,60C__ps_foam_trial_4,60C,ps_foam,4,34.496376621320685,62.89769744873047
3.5,11,60C__ps_foam_trial_5,60C,ps_foam,5,34.496376621320685,424.8302917480469
3.5,11,60C__ps_foam_trial_6,60C,ps_foam,6,34.496376621320685,382.29644775390625
3.5,12,30C__pu_foam_trial_1,30C,pu_foam,1,42.49705872175155,76.60993957519531
3.5,12,30C__pu_foam_trial_2,30C,pu_foam,2,42.49705872175155,120.51496124267578
3.5,12,30C__pu_foam_trial_3,30C,pu_foam,3,42.49705872175155,376.6986999511719
3.5,12,30C__pu_foam_trial_4,30C,pu_foam,4,42.49705872175155,225.76959228515625
3.5,12,30C__pu_foam_trial_5,30C,pu_foam,5,42.49705872175155,198.75088500976562
3.5,12,30C__pu_foam_trial_6,30C,pu_foam,6,42.49705872175155,99.29546356201172
3.5,12,40C__pu_foam_trial_1,40C,pu_foam,1,42.49705872175155,107.49060821533203
3.5,12,40C__pu_foam_trial_2,40C,pu_foam,2,42.49705872175155,133.54495239257812
3.5,12,40C__pu_foam_trial_3,40C,pu_foam,3,42.49705872175155,153.01034545898438
3.5,12,40C__pu_foam_trial_4,40C,pu_foam,4,42.49705872175155,105.1882095336914
3.5,12,40C__pu_foam_trial_5,40C,pu_foam,5,42.49705872175155,47.16824722290039
3.5,12,40C__pu_foam_trial_6,40C,pu_foam,6,42.49705872175155,61.492435455322266
3.5,12,50C__pu_foam_trial_1,50C,pu_foam,1,42.49705872175155,151.06683349609375
3.5,12,50C__pu_foam_trial_2,50C,pu_foam,2,42.49705872175155,119.2218246459961
3.5,12,50C__pu_foam_trial_3,50C,pu_foam,3,42.49705872175155,127.83265686035156
3.5,12,50C__pu_foam_trial_4,50C,pu_foam,4,42.49705872175155,111.31075286865234
3.5,12,50C__pu_foam_trial_5,50C,pu_foam,5,42.49705872175155,66.47972869873047
3.5,12,50C__pu_foam_trial_6,50C,pu_foam,6,42.49705872175155,75.4973373413086
3.5,12,60C__pu_foam_trial_1,60C,pu_foam,1,42.49705872175155,192.16799926757812
3.5,12,60C__pu_foam_trial_2,60C,pu_foam,2,42.49705872175155,222.2471466064453
3.5,12,60C__pu_foam_trial_3,60C,pu_foam,3,42.49705872175155,371.4632568359375
3.5,12,60C__pu_foam_trial_4,60C,pu_foam,4,42.49705872175155,301.1965637207031
3.5,12,60C__pu_foam_trial_5,60C,pu_foam,5,42.49705872175155,370.5098571777344
3.5,12,60C__pu_foam_trial_6,60C,pu_foam,6,42.49705872175155,243.74093627929688
3.5,13,30C__titanium_trial_1,30C,titanium,1,7184.0359269702985,7711.36083984375
3.5,13,30C__titanium_trial_2,30C,titanium,2,7184.0359269702985,5939.04052734375
3.5,13,30C__titanium_trial_3,30C,titanium,3,7184.0359269702985,8311.5859375
3.5,13,30C__titanium_trial_4,30C,titanium,4,7184.0359269702985,5236.94482421875
3.5,13,30C__titanium_trial_5,30C,titanium,5,7184.0359269702985,5151.5986328125
3.5,13,30C__titanium_trial_6,30C,titanium,6,7184.0359269702985,5100.85400390625
3.5,13,40C__titanium_trial_1,40C,titanium,1,7184.0359269702985,14697.5595703125
3.5,13,40C__titanium_trial_2,40C,titanium,2,7184.0359269702985,13966.1201171875
3.5,13,40C__titanium_trial_3,40C,titanium,3,7184.0359269702985,15037.015625
3.5,13,40C__titanium_trial_4,40C,titanium,4,7184.0359269702985,1862.6292724609375
3.5,13,40C__titanium_trial_5,40C,titanium,5,7184.0359269702985,8590.0029296875
3.5,13,40C__titanium_trial_6,40C,titanium,6,7184.0359269702985,18103.10546875
3.5,13,50C__titanium_trial_1,50C,titanium,1,7184.0359269702985,11503.02734375
3.5,13,50C__titanium_trial_2,50C,titanium,2,7184.0359269702985,9211.8017578125
3.5,13,50C__titanium_trial_3,50C,titanium,3,7184.0359269702985,22779.689453125
3.5,13,50C__titanium_trial_4,50C,titanium,4,7184.0359269702985,17548.86328125
3.5,13,50C__titanium_trial_5,50C,titanium,5,7184.0359269702985,10846.1064453125
3.5,13,50C__titanium_trial_6,50C,titanium,6,7184.0359269702985,18561.37109375
3.5,13,60C__titanium_trial_1,60C,titanium,1,7184.0359269702985,10387.533203125
3.5,13,60C__titanium_trial_2,60C,titanium,2,7184.0359269702985,8202.6923828125
3.5,13,60C__titanium_trial_3,60C,titanium,3,7184.0359269702985,7176.7021484375
3.5,13,60C__titanium_trial_4,60C,titanium,4,7184.0359269702985,15141.9140625
3.5,13,60C__titanium_trial_5,60C,titanium,5,7184.0359269702985,17394.23046875
3.5,13,60C__titanium_trial_6,60C,titanium,6,7184.0359269702985,16426.93359375
3.5,14,30C__wood_trial_1,30C,wood,1,422.49260348555214,87.06002807617188
3.5,14,30C__wood_trial_2,30C,wood,2,422.49260348555214,114.85648345947266
3.5,14,30C__wood_trial_3,30C,wood,3,422.49260348555214,64.73297882080078
3.5,14,30C__wood_trial_4,30C,wood,4,422.49260348555214,61.480072021484375
3.5,14,30C__wood_trial_5,30C,wood,5,422.49260348555214,208.3406219482422
3.5,14,30C__wood_trial_6,30C,wood,6,422.49260348555214,138.52401733398438
3.5,14,40C__wood_trial_1,40C,wood,1,422.49260348555214,171.73880004882812
3.5,14,40C__wood_trial_2,40C,wood,2,422.49260348555214,149.38990783691406
3.5,14,40C__wood_trial_3,40C,wood,3,422.49260348555214,154.5123748779297
3.5,14,40C__wood_trial_4,40C,wood,4,422.49260348555214,145.5875244140625
3.5,14,40C__wood_trial_5,40C,wood,5,422.49260348555214,183.49761962890625
3.5,14,40C__wood_trial_6,40C,wood,6,422.49260348555214,80.6856460571289
3.5,14,50C__wood_trial_1,50C,wood,1,422.49260348555214,352.0146179199219
3.5,14,50C__wood_trial_2,50C,wood,2,422.49260348555214,324.4820861816406
3.5,14,50C__wood_trial_3,50C,wood,3,422.49260348555214,367.5760192871094
3.5,14,50C__wood_trial_4,50C,wood,4,422.49260348555214,252.4105224609375
3.5,14,50C__wood_trial_5,50C,wood,5,422.49260348555214,276.6815185546875
3.5,14,50C__wood_trial_6,50C,wood,6,422.49260348555214,270.209716796875
3.5,14,60C__wood_trial_1,60C,wood,1,422.49260348555214,2453.6533203125
3.5,14,60C__wood_trial_2,60C,wood,2,422.49260348555214,3464.191650390625
3.5,14,60C__wood_trial_3,60C,wood,3,422.49260348555214,2450.921875
3.5,14,60C__wood_trial_4,60C,wood,4,422.49260348555214,3416.544921875
3.5,14,60C__wood_trial_5,60C,wood,5,422.49260348555214,2809.190673828125
3.5,14,60C__wood_trial_6,60C,wood,6,422.49260348555214,1886.528564453125
4.0,1,30C__aluminum_trial_1,30C,aluminum,1,23958.09466547789,6360.49365234375
4.0,1,30C__aluminum_trial_2,30C,aluminum,2,23958.09466547789,9870.8828125
4.0,1,30C__aluminum_trial_3,30C,aluminum,3,23958.09466547789,10104.8916015625
4.0,1,30C__aluminum_trial_4,30C,aluminum,4,23958.09466547789,16150.0322265625
4.0,1,30C__aluminum_trial_5,30C,aluminum,5,23958.09466547789,13911.1630859375
4.0,1,30C__aluminum_trial_6,30C,aluminum,6,23958.09466547789,19847.515625
4.0,1,40C__aluminum_trial_1,40C,aluminum,1,23958.09466547789,14640.953125
4.0,1,40C__aluminum_trial_2,40C,aluminum,2,23958.09466547789,6188.8857421875
4.0,1,40C__aluminum_trial_3,40C,aluminum,3,23958.09466547789,28664.310546875
4.0,1,40C__aluminum_trial_4,40C,aluminum,4,23958.09466547789,8987.6484375
4.0,1,40C__aluminum_trial_5,40C,aluminum,5,23958.09466547789,11541.40234375
4.0,1,40C__aluminum_trial_6,40C,aluminum,6,23958.09466547789,10824.4873046875
4.0,1,50C__aluminum_trial_1,50C,aluminum,1,23958.09466547789,19869.087890625
4.0,1,50C__aluminum_trial_2,50C,aluminum,2,23958.09466547789,13966.732421875
4.0,1,50C__aluminum_trial_3,50C,aluminum,3,23958.09466547789,17723.369140625
4.0,1,50C__aluminum_trial_4,50C,aluminum,4,23958.09466547789,23601.66015625
4.0,1,50C__aluminum_trial_5,50C,aluminum,5,23958.09466547789,7831.60302734375
4.0,1,50C__aluminum_trial_6,50C,aluminum,6,23958.09466547789,12703.1640625
4.0,1,60C__aluminum_trial_1,60C,aluminum,1,23958.09466547789,13831.044921875
4.0,1,60C__aluminum_trial_2,60C,aluminum,2,23958.09466547789,19331.6875
4.0,1,60C__aluminum_trial_3,60C,aluminum,3,23958.09466547789,9817.833984375
4.0,1,60C__aluminum_trial_4,60C,aluminum,4,23958.09466547789,11685.97265625
4.0,1,60C__aluminum_trial_5,60C,aluminum,5,23958.09466547789,15927.8330078125
4.0,1,60C__aluminum_trial_6,60C,aluminum,6,23958.09466547789,14532.509765625
4.0,2,30C__bismuth_trial_1,30C,bismuth,1,3209.1026783199068,7593.9716796875
4.0,2,30C__bismuth_trial_2,30C,bismuth,2,3209.1026783199068,1502.0029296875
4.0,2,30C__bismuth_trial_3,30C,bismuth,3,3209.1026783199068,1387.0072021484375
4.0,2,30C__bismuth_trial_4,30C,bismuth,4,3209.1026783199068,4187.31005859375
4.0,2,30C__bismuth_trial_5,30C,bismuth,5,3209.1026783199068,4407.3271484375
4.0,2,30C__bismuth_trial_6,30C,bismuth,6,3209.1026783199068,10425.0205078125
4.0,2,40C__bismuth_trial_1,40C,bismuth,1,3209.1026783199068,12558.509765625
4.0,2,40C__bismuth_trial_2,40C,bismuth,2,3209.1026783199068,15353.896484375
4.0,2,40C__bismuth_trial_3,40C,bismuth,3,3209.1026783199068,17112.73828125
4.0,2,40C__bismuth_trial_4,40C,bismuth,4,3209.1026783199068,11390.794921875
4.0,2,40C__bismuth_trial_5,40C,bismuth,5,3209.1026783199068,10627.4111328125
4.0,2,40C__bismuth_trial_6,40C,bismuth,6,3209.1026783199068,14308.6494140625
4.0,2,50C__bismuth_trial_1,50C,bismuth,1,3209.1026783199068,12193.01953125
4.0,2,50C__bismuth_trial_2,50C,bismuth,2,3209.1026783199068,8356.705078125
4.0,2,50C__bismuth_trial_3,50C,bismuth,3,3209.1026783199068,7826.86083984375
4.0,2,50C__bismuth_trial_4,50C,bismuth,4,3209.1026783199068,11042.455078125
4.0,2,50C__bismuth_trial_5,50C,bismuth,5,3209.1026783199068,20258.32421875
4.0,2,50C__bismuth_trial_6,50C,bismuth,6,3209.1026783199068,15936.84375
4.0,2,60C__bismuth_trial_1,60C,bismuth,1,3209.1026783199068,11369.9873046875
4.0,2,60C__bismuth_trial_2,60C,bismuth,2,3209.1026783199068,11029.234375
4.0,2,60C__bismuth_trial_3,60C,bismuth,3,3209.1026783199068,12407.4638671875
4.0,2,60C__bismuth_trial_4,60C,bismuth,4,3209.1026783199068,12793.9912109375
4.0,2,60C__bismuth_trial_5,60C,bismuth,5,3209.1026783199068,13485.947265625
4.0,2,60C__bismuth_trial_6,60C,bismuth,6,3209.1026783199068,11988.3857421875
4.0,3,30C__cement_trial_1,30C,cement,1,559.6427431853289,352.7585754394531
4.0,3,30C__cement_trial_2,30C,cement,2,559.6427431853289,505.0345458984375
4.0,3,30C__cement_trial_3,30C,cement,3,559.6427431853289,389.4935607910156
4.0,3,30C__cement_trial_4,30C,cement,4,559.6427431853289,411.8536682128906
4.0,3,30C__cement_trial_5,30C,cement,5,559.6427431853289,356.3644104003906
4.0,3,30C__cement_trial_6,30C,cement,6,559.6427431853289,338.36151123046875
4.0,3,40C__cement_trial_1,40C,cement,1,559.6427431853289,531.4483032226562
4.0,3,40C__cement_trial_2,40C,cement,2,559.6427431853289,246.61358642578125
4.0,3,40C__cement_trial_3,40C,cement,3,559.6427431853289,189.4976806640625
4.0,3,40C__cement_trial_4,40C,cement,4,559.6427431853289,2565.21728515625
4.0,3,40C__cement_trial_5,40C,cement,5,559.6427431853289,4701.87255859375
4.0,3,40C__cement_trial_6,40C,cement,6,559.6427431853289,566.23388671875
4.0,3,50C__cement_trial_1,50C,cement,1,559.6427431853289,559.20556640625
4.0,3,50C__cement_trial_2,50C,cement,2,559.6427431853289,287.79583740234375
4.0,3,50C__cement_trial_3,50C,cement,3,559.6427431853289,499.0474853515625
4.0,3,50C__cement_trial_4,50C,cement,4,559.6427431853289,387.7397766113281
4.0,3,50C__cement_trial_5,50C,cement,5,559.6427431853289,612.4901123046875
4.0,3,50C__cement_trial_6,50C,cement,6,559.6427431853289,489.709716796875
4.0,3,60C__cement_trial_1,60C,cement,1,559.6427431853289,8232.3818359375
4.0,3,60C__cement_trial_2,60C,cement,2,559.6427431853289,6873.92578125
4.0,3,60C__cement_trial_3,60C,cement,3,559.6427431853289,8750.193359375
4.0,3,60C__cement_trial_4,60C,cement,4,559.6427431853289,7896.3330078125
4.0,3,60C__cement_trial_5,60C,cement,5,559.6427431853289,9191.4228515625
4.0,3,60C__cement_trial_6,60C,cement,6,559.6427431853289,6455.1474609375
4.0,4,30C__copper_trial_1,30C,copper,1,37192.601414797544,19818.423828125
4.0,4,30C__copper_trial_2,30C,copper,2,37192.601414797544,14992.6953125
4.0,4,30C__copper_trial_3,30C,copper,3,37192.601414797544,13357.4013671875
4.0,4,30C__copper_trial_4,30C,copper,4,37192.601414797544,17525.880859375
4.0,4,30C__copper_trial_5,30C,copper,5,37192.601414797544,15178.119140625
4.0,4,30C__copper_trial_6,30C,copper,6,37192.601414797544,11245.7353515625
4.0,4,40C__copper_trial_1,40C,copper,1,37192.601414797544,15984.306640625
4.0,4,40C__copper_trial_2,40C,copper,2,37192.601414797544,11889.888671875
4.0,4,40C__copper_trial_3,40C,copper,3,37192.601414797544,6023.38330078125
4.0,4,40C__copper_trial_4,40C,copper,4,37192.601414797544,5435.86474609375
4.0,4,40C__copper_trial_5,40C,copper,5,37192.601414797544,4475.04052734375
4.0,4,40C__copper_trial_6,40C,copper,6,37192.601414797544,6407.85693359375
4.0,4,50C__copper_trial_1,50C,copper,1,37192.601414797544,6357.75830078125
4.0,4,50C__copper_trial_2,50C,copper,2,37192.601414797544,9349.9326171875
4.0,4,50C__copper_trial_3,50C,copper,3,37192.601414797544,5264.61669921875
4.0,4,50C__copper_trial_4,50C,copper,4,37192.601414797544,14264.2841796875
4.0,4,50C__copper_trial_5,50C,copper,5,37192.601414797544,6560.076171875
4.0,4,50C__copper_trial_6,50C,copper,6,37192.601414797544,12298.203125
4.0,4,60C__copper_trial_1,60C,copper,1,37192.601414797544,17024.328125
4.0,4,60C__copper_trial_2,60C,copper,2,37192.601414797544,14298.5810546875
4.0,4,60C__copper_trial_3,60C,copper,3,37192.601414797544,14151.6650390625
4.0,4,60C__copper_trial_4,60C,copper,4,37192.601414797544,15961.42578125
4.0,4,60C__copper_trial_5,60C,copper,5,37192.601414797544,14977.2880859375
4.0,4,60C__copper_trial_6,60C,copper,6,37192.601414797544,15531.62109375
4.0,5,30C__cork_trial_1,30C,cork,1,136.29380029920657,133.22750854492188
4.0,5,30C__cork_trial_2,30C,cork,2,136.29380029920657,107.20480346679688
4.0,5,30C__cork_trial_3,30C,cork,3,136.29380029920657,109.20108795166016
4.0,5,30C__cork_trial_4,30C,cork,4,136.29380029920657,77.2842788696289
4.0,5,30C__cork_trial_5,30C,cork,5,136.29380029920657,82.5528564453125
4.0,5,30C__cork_trial_6,30C,cork,6,136.29380029920657,94.94330596923828
4.0,5,40C__cork_trial_1,40C,cork,1,136.29380029920657,78.47966003417969
4.0,5,40C__cork_trial_2,40C,cork,2,136.29380029920657,78.09486389160156
4.0,5,40C__cork_trial_3,40C,cork,3,136.29380029920657,92.61184692382812
4.0,5,40C__cork_trial_4,40C,cork,4,136.29380029920657,45.07093811035156
4.0,5,40C__cork_trial_5,40C,cork,5,136.29380029920657,34.496376621320685
4.0,5,40C__cork_trial_6,40C,cork,6,136.29380029920657,34.496376621320685
4.0,5,50C__cork_trial_1,50C,cork,1,136.29380029920657,472.8607482910156
4.0,5,50C__cork_trial_2,50C,cork,2,136.29380029920657,391.5091857910156
4.0,5,50C__cork_trial_3,50C,cork,3,136.29380029920657,344.3250732421875
4.0,5,50C__cork_trial_4,50C,cork,4,136.29380029920657,198.3292694091797
4.0,5,50C__cork_trial_5,50C,cork,5,136.29380029920657,412.2036437988281
4.0,5,50C__cork_trial_6,50C,cork,6,136.29380029920657,267.5805969238281
4.0,5,60C__cork_trial_1,60C,cork,1,136.29380029920657,220.4175262451172
4.0,5,60C__cork_trial_2,60C,cork,2,136.29380029920657,237.91061401367188
4.0,5,60C__cork_trial_3,60C,cork,3,136.29380029920657,101.7889175415039
4.0,5,60C__cork_trial_4,60C,cork,4,136.29380029920657,86.41341400146484
4.0,5,60C__cork_trial_5,60C,cork,5,136.29380029920657,102.73306274414062
4.0,5,60C__cork_trial_6,60C,cork,6,136.29380029920657,231.7135009765625
4.0,6,30C__graphite_trial_1,30C,graphite,1,11367.497525840945,15947.4716796875
4.0,6,30C__graphite_trial_2,30C,graphite,2,11367.497525840945,14813.5625
4.0,6,30C__graphite_trial_3,30C,graphite,3,11367.497525840945,10752.654296875
4.0,6,30C__graphite_trial_4,30C,graphite,4,11367.497525840945,12479.1337890625
4.0,6,30C__graphite_trial_5,30C,graphite,5,11367.497525840945,20649.373046875
4.0,6,30C__graphite_trial_6,30C,graphite,6,11367.497525840945,13848.9970703125
4.0,6,40C__graphite_trial_1,40C,graphite,1,11367.497525840945,2779.16455078125
4.0,6,40C__graphite_trial_2,40C,graphite,2,11367.497525840945,13687.287109375
4.0,6,40C__graphite_trial_3,40C,graphite,3,11367.497525840945,12911.12890625
4.0,6,40C__graphite_trial_4,40C,graphite,4,11367.497525840945,4503.12646484375
4.0,6,40C__graphite_trial_5,40C,graphite,5,11367.497525840945,2480.344970703125
4.0,6,40C__graphite_trial_6,40C,graphite,6,11367.497525840945,5128.08056640625
4.0,6,50C__graphite_trial_1,50C,graphite,1,11367.497525840945,22489.478515625
4.0,6,50C__graphite_trial_2,50C,graphite,2,11367.497525840945,19859.55859375
4.0,6,50C__graphite_trial_3,50C,graphite,3,11367.497525840945,8392.9375
4.0,6,50C__graphite_trial_4,50C,graphite,4,11367.497525840945,16211.2197265625
4.0,6,50C__graphite_trial_5,50C,graphite,5,11367.497525840945,5959.1962890625
4.0,6,50C__graphite_trial_6,50C,graphite,6,11367.497525840945,14386.908203125
4.0,6,60C__graphite_trial_1,60C,graphite,1,11367.497525840945,6315.2333984375
4.0,6,60C__graphite_trial_2,60C,graphite,2,11367.497525840945,6025.02099609375
4.0,6,60C__graphite_trial_3,60C,graphite,3,11367.497525840945,7924.06689453125
4.0,6,60C__graphite_trial_4,60C,graphite,4,11367.497525840945,12951.5078125
4.0,6,60C__graphite_trial_5,60C,graphite,5,11367.497525840945,15801.1005859375
4.0,6,60C__graphite_trial_6,60C,graphite,6,11367.497525840945,9568.9912109375
4.0,7,30C__gypsum_trial_1,30C,gypsum,1,385.01948002666046,325.7986755371094
4.0,7,30C__gypsum_trial_2,30C,gypsum,2,385.01948002666046,430.297119140625
4.0,7,30C__gypsum_trial_3,30C,gypsum,3,385.01948002666046,349.212646484375
4.0,7,30C__gypsum_trial_4,30C,gypsum,4,385.01948002666046,251.1787109375
4.0,7,30C__gypsum_trial_5,30C,gypsum,5,385.01948002666046,179.5485382080078
4.0,7,30C__gypsum_trial_6,30C,gypsum,6,385.01948002666046,151.96156311035156
4.0,7,40C__gypsum_trial_1,40C,gypsum,1,385.01948002666046,240.92330932617188
4.0,7,40C__gypsum_trial_2,40C,gypsum,2,385.01948002666046,144.7421875
4.0,7,40C__gypsum_trial_3,40C,gypsum,3,385.01948002666046,253.90895080566406
4.0,7,40C__gypsum_trial_4,40C,gypsum,4,385.01948002666046,532.2802124023438
4.0,7,40C__gypsum_trial_5,40C,gypsum,5,385.01948002666046,368.39080810546875
4.0,7,40C__gypsum_trial_6,40C,gypsum,6,385.01948002666046,449.27264404296875
4.0,7,50C__gypsum_trial_1,50C,gypsum,1,385.01948002666046,450.1187438964844
4.0,7,50C__gypsum_trial_2,50C,gypsum,2,385.01948002666046,537.3394775390625
4.0,7,50C__gypsum_trial_3,50C,gypsum,3,385.01948002666046,547.8169555664062
4.0,7,50C__gypsum_trial_4,50C,gypsum,4,385.01948002666046,627.6471557617188
4.0,7,50C__gypsum_trial_5,50C,gypsum,5,385.01948002666046,781.7599487304688
4.0,7,50C__gypsum_trial_6,50C,gypsum,6,385.01948002666046,604.1654052734375
4.0,7,60C__gypsum_trial_1,60C,gypsum,1,385.01948002666046,6805.154296875
4.0,7,60C__gypsum_trial_2,60C,gypsum,2,385.01948002666046,2104.53955078125
4.0,7,60C__gypsum_trial_3,60C,gypsum,3,385.01948002666046,7075.396484375
4.0,7,60C__gypsum_trial_4,60C,gypsum,4,385.01948002666046,5997.05859375
4.0,7,60C__gypsum_trial_5,60C,gypsum,5,385.01948002666046,9106.154296875
4.0,7,60C__gypsum_trial_6,60C,gypsum,6,385.01948002666046,10456.7373046875
4.0,8,30C__iron_trial_1,30C,iron,1,16859.663413010356,18587.482421875
4.0,8,30C__iron_trial_2,30C,iron,2,16859.663413010356,24101.56640625
4.0,8,30C__iron_trial_3,30C,iron,3,16859.663413010356,23456.181640625
4.0,8,30C__iron_trial_4,30C,iron,4,16859.663413010356,20161.814453125
4.0,8,30C__iron_trial_5,30C,iron,5,16859.663413010356,13825.4931640625
4.0,8,30C__iron_trial_6,30C,iron,6,16859.663413010356,21607.162109375
4.0,8,40C__iron_trial_1,40C,iron,1,16859.663413010356,15006.900390625
4.0,8,40C__iron_trial_2,40C,iron,2,16859.663413010356,12925.3466796875
4.0,8,40C__iron_trial_3,40C,iron,3,16859.663413010356,10030.005859375
4.0,8,40C__iron_trial_4,40C,iron,4,16859.663413010356,6765.86181640625
4.0,8,40C__iron_trial_5,40C,iron,5,16859.663413010356,19568.2890625
4.0,8,40C__iron_trial_6,40C,iron,6,16859.663413010356,11721.9716796875
4.0,8,50C__iron_trial_1,50C,iron,1,16859.663413010356,13132.150390625
4.0,8,50C__iron_trial_2,50C,iron,2,16859.663413010356,12511.310546875
4.0,8,50C__iron_trial_3,50C,iron,3,16859.663413010356,14766.4208984375
4.0,8,50C__iron_trial_4,50C,iron,4,16859.663413010356,16000.8857421875
4.0,8,50C__iron_trial_5,50C,iron,5,16859.663413010356,16986.603515625
4.0,8,50C__iron_trial_6,50C,iron,6,16859.663413010356,18681.80078125
4.0,8,60C__iron_trial_1,60C,iron,1,16859.663413010356,26518.67578125
4.0,8,60C__iron_trial_2,60C,iron,2,16859.663413010356,31322.5703125
4.0,8,60C__iron_trial_3,60C,iron,3,16859.663413010356,18208.818359375
4.0,8,60C__iron_trial_4,60C,iron,4,16859.663413010356,17379.388671875
4.0,8,60C__iron_trial_5,60C,iron,5,16859.663413010356,18174.865234375
4.0,8,60C__iron_trial_6,60C,iron,6,16859.663413010356,21476.619140625
4.0,9,30C__nickel_trial_1,30C,nickel,1,19320.68449098013,6643.07177734375
4.0,9,30C__nickel_trial_2,30C,nickel,2,19320.68449098013,13074.064453125
4.0,9,30C__nickel_trial_3,30C,nickel,3,19320.68449098013,6782.0986328125
4.0,9,30C__nickel_trial_4,30C,nickel,4,19320.68449098013,6229.3056640625
4.0,9,30C__nickel_trial_5,30C,nickel,5,19320.68449098013,3864.3466796875
4.0,9,30C__nickel_trial_6,30C,nickel,6,19320.68449098013,20066.283203125
4.0,9,40C__nickel_trial_1,40C,nickel,1,19320.68449098013,11073.1982421875
4.0,9,40C__nickel_trial_2,40C,nickel,2,19320.68449098013,11966.966796875
4.0,9,40C__nickel_trial_3,40C,nickel,3,19320.68449098013,17577.908203125
4.0,9,40C__nickel_trial_4,40C,nickel,4,19320.68449098013,7738.71142578125
4.0,9,40C__nickel_trial_5,40C,nickel,5,19320.68449098013,10413.34375
4.0,9,40C__nickel_trial_6,40C,nickel,6,19320.68449098013,15917.810546875
4.0,9,50C__nickel_trial_1,50C,nickel,1,19320.68449098013,15166.8896484375
4.0,9,50C__nickel_trial_2,50C,nickel,2,19320.68449098013,19580.310546875
4.0,9,50C__nickel_trial_3,50C,nickel,3,19320.68449098013,23504.462890625
4.0,9,50C__nickel_trial_4,50C,nickel,4,19320.68449098013,19363.9609375
4.0,9,50C__nickel_trial_5,50C,nickel,5,19320.68449098013,13757.0166015625
4.0,9,50C__nickel_trial_6,50C,nickel,6,19320.68449098013,20197.78515625
4.0,9,60C__nickel_trial_1,60C,nickel,1,19320.68449098013,16499.6796875
4.0,9,60C__nickel_trial_2,60C,nickel,2,19320.68449098013,17912.845703125
4.0,9,60C__nickel_trial_3,60C,nickel,3,19320.68449098013,14985.904296875
4.0,9,60C__nickel_trial_4,60C,nickel,4,19320.68449098013,25378.255859375
4.0,9,60C__nickel_trial_5,60C,nickel,5,19320.68449098013,27953.533203125
4.0,9,60C__nickel_trial_6,60C,nickel,6,19320.68449098013,18352.04296875
4.0,10,30C__pdms_trial_1,30C,pdms,1,460.90129095067635,315.67889404296875
4.0,10,30C__pdms_trial_2,30C,pdms,2,460.90129095067635,293.55572509765625
4.0,10,30C__pdms_trial_3,30C,pdms,3,460.90129095067635,103.76847839355469
4.0,10,30C__pdms_trial_4,30C,pdms,4,460.90129095067635,70.27075958251953
4.0,10,30C__pdms_trial_5,30C,pdms,5,460.90129095067635,50.23251724243164
4.0,10,30C__pdms_trial_6,30C,pdms,6,460.90129095067635,92.16693115234375
4.0,10,40C__pdms_trial_1,40C,pdms,1,460.90129095067635,337.95672607421875
4.0,10,40C__pdms_trial_2,40C,pdms,2,460.90129095067635,363.3968200683594
4.0,10,40C__pdms_trial_3,40C,pdms,3,460.90129095067635,324.6419677734375
4.0,10,40C__pdms_trial_4,40C,pdms,4,460.90129095067635,189.48568725585938
4.0,10,40C__pdms_trial_5,40C,pdms,5,460.90129095067635,186.23895263671875
4.0,10,40C__pdms_trial_6,40C,pdms,6,460.90129095067635,278.67596435546875
4.0,10,50C__pdms_trial_1,50C,pdms,1,460.90129095067635,485.3927917480469
4.0,10,50C__pdms_trial_2,50C,pdms,2,460.90129095067635,199.22406005859375
4.0,10,50C__pdms_trial_3,50C,pdms,3,460.90129095067635,301.5816955566406
4.0,10,50C__pdms_trial_4,50C,pdms,4,460.90129095067635,351.5891418457031
4.0,10,50C__pdms_trial_5,50C,pdms,5,460.90129095067635,281.63262939453125
4.0,10,50C__pdms_trial_6,50C,pdms,6,460.90129095067635,445.2624816894531
4.0,10,60C__pdms_trial_1,60C,pdms,1,460.90129095067635,1809.259521484375
4.0,10,60C__pdms_trial_2,60C,pdms,2,460.90129095067635,676.7967529296875
4.0,10,60C__pdms_trial_3,60C,pdms,3,460.90129095067635,782.1123657226562
4.0,10,60C__pdms_trial_4,60C,pdms,4,460.90129095067635,551.2438354492188
4.0,10,60C__pdms_trial_5,60C,pdms,5,460.90129095067635,400.0403137207031
4.0,10,60C__pdms_trial_6,60C,pdms,6,460.90129095067635,103.14234161376953
4.0,11,30C__ps_foam_trial_1,30C,ps_foam,1,34.496376621320685,188.76937866210938
4.0,11,30C__ps_foam_trial_2,30C,ps_foam,2,34.496376621320685,151.7628631591797
4.0,11,30C__ps_foam_trial_3,30C,ps_foam,3,34.496376621320685,391.1064147949219
4.0,11,30C__ps_foam_trial_4,30C,ps_foam,4,34.496376621320685,181.07186889648438
4.0,11,30C__ps_foam_trial_5,30C,ps_foam,5,34.496376621320685,77.80765533447266
4.0,11,30C__ps_foam_trial_6,30C,ps_foam,6,34.496376621320685,245.6524658203125
4.0,11,40C__ps_foam_trial_1,40C,ps_foam,1,34.496376621320685,91.93296813964844
4.0,11,40C__ps_foam_trial_2,40C,ps_foam,2,34.496376621320685,70.80868530273438
4.0,11,40C__ps_foam_trial_3,40C,ps_foam,3,34.496376621320685,52.99929428100586
4.0,11,40C__ps_foam_trial_4,40C,ps_foam,4,34.496376621320685,427.59893798828125
4.0,11,40C__ps_foam_trial_5,40C,ps_foam,5,34.496376621320685,202.3648223876953
4.0,11,40C__ps_foam_trial_6,40C,ps_foam,6,34.496376621320685,65.38054656982422
4.0,11,50C__ps_foam_trial_1,50C,ps_foam,1,34.496376621320685,44.90882110595703
4.0,11,50C__ps_foam_trial_2,50C,ps_foam,2,34.496376621320685,48.60343551635742
4.0,11,50C__ps_foam_trial_3,50C,ps_foam,3,34.496376621320685,42.49705872175155
4.0,11,50C__ps_foam_trial_4,50C,ps_foam,4,34.496376621320685,54.640445709228516
4.0,11,50C__ps_foam_trial_5,50C,ps_foam,5,34.496376621320685,56.36064147949219
4.0,11,50C__ps_foam_trial_6,50C,ps_foam,6,34.496376621320685,50.12724685668945
4.0,11,60C__ps_foam_trial_1,60C,ps_foam,1,34.496376621320685,464.51446533203125
4.0,11,60C__ps_foam_trial_2,60C,ps_foam,2,34.496376621320685,367.32476806640625
4.0,11,60C__ps_foam_trial_3,60C,ps_foam,3,34.496376621320685,471.27764892578125
4.0,11,60C__ps_foam_trial_4,60C,ps_foam,4,34.496376621320685,65.87104034423828
4.0,11,60C__ps_foam_trial_5,60C,ps_foam,5,34.496376621320685,385.4275817871094
4.0,11,60C__ps_foam_trial_6,60C,ps_foam,6,34.496376621320685,473.5388488769531
4.0,12,30C__pu_foam_trial_1,30C,pu_foam,1,42.49705872175155,102.24516296386719
4.0,12,30C__pu_foam_trial_2,30C,pu_foam,2,42.49705872175155,93.93891143798828
4.0,12,30C__pu_foam_trial_3,30C,pu_foam,3,42.49705872175155,339.0233459472656
4.0,12,30C__pu_foam_trial_4,30C,pu_foam,4,42.49705872175155,262.6374816894531
4.0,12,30C__pu_foam_trial_5,30C,pu_foam,5,42.49705872175155,146.12646484375
4.0,12,30C__pu_foam_trial_6,30C,pu_foam,6,42.49705872175155,99.90929412841797
4.0,12,40C__pu_foam_trial_1,40C,pu_foam,1,42.49705872175155,83.51481628417969
4.0,12,40C__pu_foam_trial_2,40C,pu_foam,2,42.49705872175155,142.26046752929688
4.0,12,40C__pu_foam_trial_3,40C,pu_foam,3,42.49705872175155,115.62076568603516
4.0,12,40C__pu_foam_trial_4,40C,pu_foam,4,42.49705872175155,82.02326202392578
4.0,12,40C__pu_foam_trial_5,40C,pu_foam,5,42.49705872175155,40.78187561035156
4.0,12,40C__pu_foam_trial_6,40C,pu_foam,6,42.49705872175155,48.234615325927734
4.0,12,50C__pu_foam_trial_1,50C,pu_foam,1,42.49705872175155,113.80583190917969
4.0,12,50C__pu_foam_trial_2,50C,pu_foam,2,42.49705872175155,93.61058807373047
4.0,12,50C__pu_foam_trial_3,50C,pu_foam,3,42.49705872175155,123.82894134521484
4.0,12,50C__pu_foam_trial_4,50C,pu_foam,4,42.49705872175155,101.1170883178711
4.0,12,50C__pu_foam_trial_5,50C,pu_foam,5,42.49705872175155,68.0657730102539
4.0,12,50C__pu_foam_trial_6,50C,pu_foam,6,42.49705872175155,62.7349853515625
4.0,12,60C__pu_foam_trial_1,60C,pu_foam,1,42.49705872175155,168.74517822265625
4.0,12,60C__pu_foam_trial_2,60C,pu_foam,2,42.49705872175155,218.3493194580078
4.0,12,60C__pu_foam_trial_3,60C,pu_foam,3,42.49705872175155,323.8697509765625
4.0,12,60C__pu_foam_trial_4,60C,pu_foam,4,42.49705872175155,260.28302001953125
4.0,12,60C__pu_foam_trial_5,60C,pu_foam,5,42.49705872175155,470.1628723144531
4.0,12,60C__pu_foam_trial_6,60C,pu_foam,6,42.49705872175155,269.32659912109375
4.0,13,30C__titanium_trial_1,30C,titanium,1,7184.0359269702985,10249.4306640625
4.0,13,30C__titanium_trial_2,30C,titanium,2,7184.0359269702985,5869.4619140625
4.0,13,30C__titanium_trial_3,30C,titanium,3,7184.0359269702985,10253.3515625
4.0,13,30C__titanium_trial_4,30C,titanium,4,7184.0359269702985,6824.9541015625
4.0,13,30C__titanium_trial_5,30C,titanium,5,7184.0359269702985,6272.78369140625
4.0,13,30C__titanium_trial_6,30C,titanium,6,7184.0359269702985,6310.97021484375
4.0,13,40C__titanium_trial_1,40C,titanium,1,7184.0359269702985,13241.8720703125
4.0,13,40C__titanium_trial_2,40C,titanium,2,7184.0359269702985,11094.212890625
4.0,13,40C__titanium_trial_3,40C,titanium,3,7184.0359269702985,14895.13671875
4.0,13,40C__titanium_trial_4,40C,titanium,4,7184.0359269702985,2466.35888671875
4.0,13,40C__titanium_trial_5,40C,titanium,5,7184.0359269702985,12054.6572265625
4.0,13,40C__titanium_trial_6,40C,titanium,6,7184.0359269702985,20565.6484375
4.0,13,50C__titanium_trial_1,50C,titanium,1,7184.0359269702985,9154.0048828125
4.0,13,50C__titanium_trial_2,50C,titanium,2,7184.0359269702985,12892.7080078125
4.0,13,50C__titanium_trial_3,50C,titanium,3,7184.0359269702985,19389.888671875
4.0,13,50C__titanium_trial_4,50C,titanium,4,7184.0359269702985,16859.61328125
4.0,13,50C__titanium_trial_5,50C,titanium,5,7184.0359269702985,18855.75390625
4.0,13,50C__titanium_trial_6,50C,titanium,6,7184.0359269702985,16203.78515625
4.0,13,60C__titanium_trial_1,60C,titanium,1,7184.0359269702985,8287.2529296875
4.0,13,60C__titanium_trial_2,60C,titanium,2,7184.0359269702985,11326.001953125
4.0,13,60C__titanium_trial_3,60C,titanium,3,7184.0359269702985,9297.208984375
4.0,13,60C__titanium_trial_4,60C,titanium,4,7184.0359269702985,16409.8828125
4.0,13,60C__titanium_trial_5,60C,titanium,5,7184.0359269702985,15758.9755859375
4.0,13,60C__titanium_trial_6,60C,titanium,6,7184.0359269702985,15776.90234375
4.0,14,30C__wood_trial_1,30C,wood,1,422.49260348555214,122.24622344970703
4.0,14,30C__wood_trial_2,30C,wood,2,422.49260348555214,119.74365234375
4.0,14,30C__wood_trial_3,30C,wood,3,422.49260348555214,73.63461303710938
4.0,14,30C__wood_trial_4,30C,wood,4,422.49260348555214,58.486087799072266
4.0,14,30C__wood_trial_5,30C,wood,5,422.49260348555214,172.44630432128906
4.0,14,30C__wood_trial_6,30C,wood,6,422.49260348555214,135.64991760253906
4.0,14,40C__wood_trial_1,40C,wood,1,422.49260348555214,168.5561981201172
4.0,14,40C__wood_trial_2,40C,wood,2,422.49260348555214,136.18887329101562
4.0,14,40C__wood_trial_3,40C,wood,3,422.49260348555214,183.31788635253906
4.0,14,40C__wood_trial_4,40C,wood,4,422.49260348555214,129.38323974609375
4.0,14,40C__wood_trial_5,40C,wood,5,422.49260348555214,168.9893035888672
4.0,14,40C__wood_trial_6,40C,wood,6,422.49260348555214,82.12934112548828
4.0,14,50C__wood_trial_1,50C,wood,1,422.49260348555214,323.3561706542969
4.0,14,50C__wood_trial_2,50C,wood,2,422.49260348555214,344.30072021484375
4.0,14,50C__wood_trial_3,50C,wood,3,422.49260348555214,356.5316162109375
4.0,14,50C__wood_trial_4,50C,wood,4,422.49260348555214,231.00230407714844
4.0,14,50C__wood_trial_5,50C,wood,5,422.49260348555214,257.9409484863281
4.0,14,50C__wood_trial_6,50C,wood,6,422.49260348555214,234.8482666015625
4.0,14,60C__wood_trial_1,60C,wood,1,422.49260348555214,2884.1904296875
4.0,14,60C__wood_trial_2,60C,wood,2,422.49260348555214,2776.095947265625
4.0,14,60C__wood_trial_3,60C,wood,3,422.49260348555214,2532.469970703125
4.0,14,60C__wood_trial_4,60C,wood,4,422.49260348555214,3841.496826171875
4.0,14,60C__wood_trial_5,60C,wood,5,422.49260348555214,2873.34228515625
4.0,14,60C__wood_trial_6,60C,wood,6,422.49260348555214,1548.677734375
4.5,1,30C__aluminum_trial_1,30C,aluminum,1,23958.09466547789,6027.88916015625
4.5,1,30C__aluminum_trial_2,30C,aluminum,2,23958.09466547789,10447.3271484375
4.5,1,30C__aluminum_trial_3,30C,aluminum,3,23958.09466547789,11029.287109375
4.5,1,30C__aluminum_trial_4,30C,aluminum,4,23958.09466547789,16813.287109375
4.5,1,30C__aluminum_trial_5,30C,aluminum,5,23958.09466547789,13287.84765625
4.5,1,30C__aluminum_trial_6,30C,aluminum,6,23958.09466547789,17727.93359375
4.5,1,40C__aluminum_trial_1,40C,aluminum,1,23958.09466547789,14317.7265625
4.5,1,40C__aluminum_trial_2,40C,aluminum,2,23958.09466547789,5931.708984375
4.5,1,40C__aluminum_trial_3,40C,aluminum,3,23958.09466547789,35277.44140625
4.5,1,40C__aluminum_trial_4,40C,aluminum,4,23958.09466547789,12830.9189453125
4.5,1,40C__aluminum_trial_5,40C,aluminum,5,23958.09466547789,9100.779296875
4.5,1,40C__aluminum_trial_6,40C,aluminum,6,23958.09466547789,13004.1865234375
4.5,1,50C__aluminum_trial_1,50C,aluminum,1,23958.09466547789,10392.1708984375
4.5,1,50C__aluminum_trial_2,50C,aluminum,2,23958.09466547789,17475.05859375
4.5,1,50C__aluminum_trial_3,50C,aluminum,3,23958.09466547789,8407.744140625
4.5,1,50C__aluminum_trial_4,50C,aluminum,4,23958.09466547789,17952.78125
4.5,1,50C__aluminum_trial_5,50C,aluminum,5,23958.09466547789,7974.509765625
4.5,1,50C__aluminum_trial_6,50C,aluminum,6,23958.09466547789,18409.98046875
4.5,1,60C__aluminum_trial_1,60C,aluminum,1,23958.09466547789,10103.8408203125
4.5,1,60C__aluminum_trial_2,60C,aluminum,2,23958.09466547789,18277.162109375
4.5,1,60C__aluminum_trial_3,60C,aluminum,3,23958.09466547789,8792.67578125
4.5,1,60C__aluminum_trial_4,60C,aluminum,4,23958.09466547789,7931.00830078125
4.5,1,60C__aluminum_trial_5,60C,aluminum,5,23958.09466547789,13326.607421875
4.5,1,60C__aluminum_trial_6,60C,aluminum,6,23958.09466547789,11779.2626953125
4.5,2,30C__bismuth_trial_1,30C,bismuth,1,3209.1026783199068,10350.1806640625
4.5,2,30C__bismuth_trial_2,30C,bismuth,2,3209.1026783199068,1797.40185546875
4.5,2,30C__bismuth_trial_3,30C,bismuth,3,3209.1026783199068,1467.4576416015625
4.5,2,30C__bismuth_trial_4,30C,bismuth,4,3209.1026783199068,6148.6044921875
4.5,2,30C__bismuth_trial_5,30C,bismuth,5,3209.1026783199068,5264.9228515625
4.5,2,30C__bismuth_trial_6,30C,bismuth,6,3209.1026783199068,10422.2861328125
4.5,2,40C__bismuth_trial_1,40C,bismuth,1,3209.1026783199068,13755.6396484375
4.5,2,40C__bismuth_trial_2,40C,bismuth,2,3209.1026783199068,16975.185546875
4.5,2,40C__bismuth_trial_3,40C,bismuth,3,3209.1026783199068,10312.5791015625
4.5,2,40C__bismuth_trial_4,40C,bismuth,4,3209.1026783199068,12718.8271484375
4.5,2,40C__bismuth_trial_5,40C,bismuth,5,3209.1026783199068,10025.796875
4.5,2,40C__bismuth_trial_6,40C,bismuth,6,3209.1026783199068,16503.9296875
4.5,2,50C__bismuth_trial_1,50C,bismuth,1,3209.1026783199068,13345.087890625
4.5,2,50C__bismuth_trial_2,50C,bismuth,2,3209.1026783199068,12334.359375
4.5,2,50C__bismuth_trial_3,50C,bismuth,3,3209.1026783199068,13017.82421875
4.5,2,50C__bismuth_trial_4,50C,bismuth,4,3209.1026783199068,13601.0498046875
4.5,2,50C__bismuth_trial_5,50C,bismuth,5,3209.1026783199068,18098.548828125
4.5,2,50C__bismuth_trial_6,50C,bismuth,6,3209.1026783199068,14259.07421875
4.5,2,60C__bismuth_trial_1,60C,bismuth,1,3209.1026783199068,11117.6962890625
4.5,2,60C__bismuth_trial_2,60C,bismuth,2,3209.1026783199068,11621.1513671875
4.5,2,60C__bismuth_trial_3,60C,bismuth,3,3209.1026783199068,11743.0654296875
4.5,2,60C__bismuth_trial_4,60C,bismuth,4,3209.1026783199068,12218.9453125
4.5,2,60C__bismuth_trial_5,60C,bismuth,5,3209.1026783199068,11553.41796875
4.5,2,60C__bismuth_trial_6,60C,bismuth,6,3209.1026783199068,12151.93359375
4.5,3,30C__cement_trial_1,30C,cement,1,559.6427431853289,306.87530517578125
4.5,3,30C__cement_trial_2,30C,cement,2,559.6427431853289,455.03912353515625
4.5,3,30C__cement_trial_3,30C,cement,3,559.6427431853289,337.4374694824219
4.5,3,30C__cement_trial_4,30C,cement,4,559.6427431853289,422.8375549316406
4.5,3,30C__cement_trial_5,30C,cement,5,559.6427431853289,354.5362548828125
4.5,3,30C__cement_trial_6,30C,cement,6,559.6427431853289,296.0059814453125
4.5,3,40C__cement_trial_1,40C,cement,1,559.6427431853289,447.369873046875
4.5,3,40C__cement_trial_2,40C,cement,2,559.6427431853289,272.70751953125
4.5,3,40C__cement_trial_3,40C,cement,3,559.6427431853289,277.8257751464844
4.5,3,40C__cement_trial_4,40C,cement,4,559.6427431853289,1721.0284423828125
4.5,3,40C__cement_trial_5,40C,cement,5,559.6427431853289,1973.7230224609375
4.5,3,40C__cement_trial_6,40C,cement,6,559.6427431853289,581.8250122070312
4.5,3,50C__cement_trial_1,50C,cement,1,559.6427431853289,526.9282836914062
4.5,3,50C__cement_trial_2,50C,cement,2,559.6427431853289,384.9478759765625
4.5,3,50C__cement_trial_3,50C,cement,3,559.6427431853289,554.75830078125
4.5,3,50C__cement_trial_4,50C,cement,4,559.6427431853289,402.9381103515625
4.5,3,50C__cement_trial_5,50C,cement,5,559.6427431853289,475.4293212890625
4.5,3,50C__cement_trial_6,50C,cement,6,559.6427431853289,556.87841796875
4.5,3,60C__cement_trial_1,60C,cement,1,559.6427431853289,3466.270751953125
4.5,3,60C__cement_trial_2,60C,cement,2,559.6427431853289,3366.623291015625
4.5,3,60C__cement_trial_3,60C,cement,3,559.6427431853289,4265.744140625
4.5,3,60C__cement_trial_4,60C,cement,4,559.6427431853289,4126.814453125
4.5,3,60C__cement_trial_5,60C,cement,5,559.6427431853289,4537.72998046875
4.5,3,60C__cement_trial_6,60C,cement,6,559.6427431853289,2663.099609375
4.5,4,30C__copper_trial_1,30C,copper,1,37192.601414797544,17572.193359375
4.5,4,30C__copper_trial_2,30C,copper,2,37192.601414797544,12098.125
4.5,4,30C__copper_trial_3,30C,copper,3,37192.601414797544,17026.421875
4.5,4,30C__copper_trial_4,30C,copper,4,37192.601414797544,15649.6240234375
4.5,4,30C__copper_trial_5,30C,copper,5,37192.601414797544,18044.361328125
4.5,4,30C__copper_trial_6,30C,copper,6,37192.601414797544,11358.033203125
4.5,4,40C__copper_trial_1,40C,copper,1,37192.601414797544,18872.03515625
4.5,4,40C__copper_trial_2,40C,copper,2,37192.601414797544,9391.599609375
4.5,4,40C__copper_trial_3,40C,copper,3,37192.601414797544,8379.33203125
4.5,4,40C__copper_trial_4,40C,copper,4,37192.601414797544,7577.265625
4.5,4,40C__copper_trial_5,40C,copper,5,37192.601414797544,6491.6259765625
4.5,4,40C__copper_trial_6,40C,copper,6,37192.601414797544,3068.998291015625
4.5,4,50C__copper_trial_1,50C,copper,1,37192.601414797544,7006.4267578125
4.5,4,50C__copper_trial_2,50C,copper,2,37192.601414797544,9728.990234375
4.5,4,50C__copper_trial_3,50C,copper,3,37192.601414797544,7371.06201171875
4.5,4,50C__copper_trial_4,50C,copper,4,37192.601414797544,13725.498046875
4.5,4,50C__copper_trial_5,50C,copper,5,37192.601414797544,12405.5830078125
4.5,4,50C__copper_trial_6,50C,copper,6,37192.601414797544,11514.57421875
4.5,4,60C__copper_trial_1,60C,copper,1,37192.601414797544,17984.2109375
4.5,4,60C__copper_trial_2,60C,copper,2,37192.601414797544,18517.75
4.5,4,60C__copper_trial_3,60C,copper,3,37192.601414797544,16722.0390625
4.5,4,60C__copper_trial_4,60C,copper,4,37192.601414797544,17780.103515625
4.5,4,60C__copper_trial_5,60C,copper,5,37192.601414797544,15443.5712890625
4.5,4,60C__copper_trial_6,60C,copper,6,37192.601414797544,17781.662109375
4.5,5,30C__cork_trial_1,30C,cork,1,136.29380029920657,166.87353515625
4.5,5,30C__cork_trial_2,30C,cork,2,136.29380029920657,248.87619018554688
4.5,5,30C__cork_trial_3,30C,cork,3,136.29380029920657,58.86288833618164
4.5,5,30C__cork_trial_4,30C,cork,4,136.29380029920657,132.4760284423828
4.5,5,30C__cork_trial_5,30C,cork,5,136.29380029920657,69.55364990234375
4.5,5,30C__cork_trial_6,30C,cork,6,136.29380029920657,82.21961212158203
4.5,5,40C__cork_trial_1,40C,cork,1,136.29380029920657,103.23787689208984
4.5,5,40C__cork_trial_2,40C,cork,2,136.29380029920657,92.54571533203125
4.5,5,40C__cork_trial_3,40C,cork,3,136.29380029920657,68.86433410644531
4.5,5,40C__cork_trial_4,40C,cork,4,136.29380029920657,94.10356140136719
4.5,5,40C__cork_trial_5,40C,cork,5,136.29380029920657,40.51033401489258
4.5,5,40C__cork_trial_6,40C,cork,6,136.29380029920657,43.26655960083008
4.5,5,50C__cork_trial_1,50C,cork,1,136.29380029920657,449.6257629394531
4.5,5,50C__cork_trial_2,50C,cork,2,136.29380029920657,426.9895324707031
4.5,5,50C__cork_trial_3,50C,cork,3,136.29380029920657,325.6601867675781
4.5,5,50C__cork_trial_4,50C,cork,4,136.29380029920657,171.322021484375
4.5,5,50C__cork_trial_5,50C,cork,5,136.29380029920657,358.197021484375
4.5,5,50C__cork_trial_6,50C,cork,6,136.29380029920657,263.03375244140625
4.5,5,60C__cork_trial_1,60C,cork,1,136.29380029920657,203.6804962158203
4.5,5,60C__cork_trial_2,60C,cork,2,136.29380029920657,316.6351318359375
4.5,5,60C__cork_trial_3,60C,cork,3,136.29380029920657,92.96572875976562
4.5,5,60C__cork_trial_4,60C,cork,4,136.29380029920657,108.83951568603516
4.5,5,60C__cork_trial_5,60C,cork,5,136.29380029920657,141.5405731201172
4.5,5,60C__cork_trial_6,60C,cork,6,136.29380029920657,288.1608581542969
4.5,6,30C__graphite_trial_1,30C,graphite,1,11367.497525840945,16248.2138671875
4.5,6,30C__graphite_trial_2,30C,graphite,2,11367.497525840945,11030.1181640625
4.5,6,30C__graphite_trial_3,30C,graphite,3,11367.497525840945,10650.2724609375
4.5,6,30C__graphite_trial_4,30C,graphite,4,11367.497525840945,10497.34765625
4.5,6,30C__graphite_trial_5,30C,graphite,5,11367.497525840945,19301.603515625
4.5,6,30C__graphite_trial_6,30C,graphite,6,11367.497525840945,11591.0322265625
4.5,6,40C__graphite_trial_1,40C,graphite,1,11367.497525840945,2722.513427734375
4.5,6,40C__graphite_trial_2,40C,graphite,2,11367.497525840945,13664.123046875
4.5,6,40C__graphite_trial_3,40C,graphite,3,11367.497525840945,13527.7236328125
4.5,6,40C__graphite_trial_4,40C,graphite,4,11367.497525840945,4056.285888671875
4.5,6,40C__graphite_trial_5,40C,graphite,5,11367.497525840945,3688.947265625
4.5,6,40C__graphite_trial_6,40C,graphite,6,11367.497525840945,4842.419921875
4.5,6,50C__graphite_trial_1,50C,graphite,1,11367.497525840945,14155.06640625
4.5,6,50C__graphite_trial_2,50C,graphite,2,11367.497525840945,2882.8740234375
4.5,6,50C__graphite_trial_3,50C,graphite,3,11367.497525840945,8470.849609375
4.5,6,50C__graphite_trial_4,50C,graphite,4,11367.497525840945,15548.9775390625
4.5,6,50C__graphite_trial_5,50C,graphite,5,11367.497525840945,7729.26171875
4.5,6,50C__graphite_trial_6,50C,graphite,6,11367.497525840945,11762.4462890625
4.5,6,60C__graphite_trial_1,60C,graphite,1,11367.497525840945,7267.2900390625
4.5,6,60C__graphite_trial_2,60C,graphite,2,11367.497525840945,5986.2568359375
4.5,6,60C__graphite_trial_3,60C,graphite,3,11367.497525840945,7743.68798828125
4.5,6,60C__graphite_trial_4,60C,graphite,4,11367.497525840945,10309.7958984375
4.5,6,60C__graphite_trial_5,60C,graphite,5,11367.497525840945,17472.19140625
4.5,6,60C__graphite_trial_6,60C,graphite,6,11367.497525840945,7566.93798828125
4.5,7,30C__gypsum_trial_1,30C,gypsum,1,385.01948002666046,212.94589233398438
4.5,7,30C__gypsum_trial_2,30C,gypsum,2,385.01948002666046,294.6561279296875
4.5,7,30C__gypsum_trial_3,30C,gypsum,3,385.01948002666046,209.29257202148438
4.5,7,30C__gypsum_trial_4,30C,gypsum,4,385.01948002666046,222.3599090576172
4.5,7,30C__gypsum_trial_5,30C,gypsum,5,385.01948002666046,190.8548583984375
4.5,7,30C__gypsum_trial_6,30C,gypsum,6,385.01948002666046,215.409912109375
4.5,7,40C__gypsum_trial_1,40C,gypsum,1,385.01948002666046,250.05929565429688
4.5,7,40C__gypsum_trial_2,40C,gypsum,2,385.01948002666046,183.06494140625
4.5,7,40C__gypsum_trial_3,40C,gypsum,3,385.01948002666046,240.9764862060547
4.5,7,40C__gypsum_trial_4,40C,gypsum,4,385.01948002666046,300.9155578613281
4.5,7,40C__gypsum_trial_5,40C,gypsum,5,385.01948002666046,543.7400512695312
4.5,7,40C__gypsum_trial_6,40C,gypsum,6,385.01948002666046,446.6855773925781
4.5,7,50C__gypsum_trial_1,50C,gypsum,1,385.01948002666046,805.7533569335938
4.5,7,50C__gypsum_trial_2,50C,gypsum,2,385.01948002666046,608.3309936523438
4.5,7,50C__gypsum_trial_3,50C,gypsum,3,385.01948002666046,834.5899047851562
4.5,7,50C__gypsum_trial_4,50C,gypsum,4,385.01948002666046,753.2625732421875
4.5,7,50C__gypsum_trial_5,50C,gypsum,5,385.01948002666046,1088.5321044921875
4.5,7,50C__gypsum_trial_6,50C,gypsum,6,385.01948002666046,873.2771606445312
4.5,7,60C__gypsum_trial_1,60C,gypsum,1,385.01948002666046,9148.7158203125
4.5,7,60C__gypsum_trial_2,60C,gypsum,2,385.01948002666046,2524.7705078125
4.5,7,60C__gypsum_trial_3,60C,gypsum,3,385.01948002666046,6724.134765625
4.5,7,60C__gypsum_trial_4,60C,gypsum,4,385.01948002666046,7690.44189453125
4.5,7,60C__gypsum_trial_5,60C,gypsum,5,385.01948002666046,8286.3828125
4.5,7,60C__gypsum_trial_6,60C,gypsum,6,385.01948002666046,8678.6630859375
4.5,8,30C__iron_trial_1,30C,iron,1,16859.663413010356,17112.671875
4.5,8,30C__iron_trial_2,30C,iron,2,16859.663413010356,24311.556640625
4.5,8,30C__iron_trial_3,30C,iron,3,16859.663413010356,20811.435546875
4.5,8,30C__iron_trial_4,30C,iron,4,16859.663413010356,22272.23046875
4.5,8,30C__iron_trial_5,30C,iron,5,16859.663413010356,16058.4150390625
4.5,8,30C__iron_trial_6,30C,iron,6,16859.663413010356,21615.5703125
4.5,8,40C__iron_trial_1,40C,iron,1,16859.663413010356,15042.6962890625
4.5,8,40C__iron_trial_2,40C,iron,2,16859.663413010356,10995.1416015625
4.5,8,40C__iron_trial_3,40C,iron,3,16859.663413010356,10809.2900390625
4.5,8,40C__iron_trial_4,40C,iron,4,16859.663413010356,6653.5859375
4.5,8,40C__iron_trial_5,40C,iron,5,16859.663413010356,16649.869140625
4.5,8,40C__iron_trial_6,40C,iron,6,16859.663413010356,15574.7578125
4.5,8,50C__iron_trial_1,50C,iron,1,16859.663413010356,10987.3740234375
4.5,8,50C__iron_trial_2,50C,iron,2,16859.663413010356,16257.7626953125
4.5,8,50C__iron_trial_3,50C,iron,3,16859.663413010356,10316.7900390625
4.5,8,50C__iron_trial_4,50C,iron,4,16859.663413010356,28842.830078125
4.5,8,50C__iron_trial_5,50C,iron,5,16859.663413010356,16460.951171875
4.5,8,50C__iron_trial_6,50C,iron,6,16859.663413010356,27115.150390625
4.5,8,60C__iron_trial_1,60C,iron,1,16859.663413010356,26012.80859375
4.5,8,60C__iron_trial_2,60C,iron,2,16859.663413010356,30884.091796875
4.5,8,60C__iron_trial_3,60C,iron,3,16859.663413010356,20890.642578125
4.5,8,60C__iron_trial_4,60C,iron,4,16859.663413010356,18505.904296875
4.5,8,60C__iron_trial_5,60C,iron,5,16859.663413010356,19715.322265625
4.5,8,60C__iron_trial_6,60C,iron,6,16859.663413010356,22720.326171875
4.5,9,30C__nickel_trial_1,30C,nickel,1,19320.68449098013,11343.2236328125
4.5,9,30C__nickel_trial_2,30C,nickel,2,19320.68449098013,14080.767578125
4.5,9,30C__nickel_trial_3,30C,nickel,3,19320.68449098013,8055.05859375
4.5,9,30C__nickel_trial_4,30C,nickel,4,19320.68449098013,7912.70068359375
4.5,9,30C__nickel_trial_5,30C,nickel,5,19320.68449098013,6771.1494140625
4.5,9,30C__nickel_trial_6,30C,nickel,6,19320.68449098013,21685.65234375
4.5,9,40C__nickel_trial_1,40C,nickel,1,19320.68449098013,13224.998046875
4.5,9,40C__nickel_trial_2,40C,nickel,2,19320.68449098013,13050.8173828125
4.5,9,40C__nickel_trial_3,40C,nickel,3,19320.68449098013,14437.298828125
4.5,9,40C__nickel_trial_4,40C,nickel,4,19320.68449098013,15571.3564453125
4.5,9,40C__nickel_trial_5,40C,nickel,5,19320.68449098013,13125.3134765625
4.5,9,40C__nickel_trial_6,40C,nickel,6,19320.68449098013,22331.275390625
4.5,9,50C__nickel_trial_1,50C,nickel,1,19320.68449098013,18708.724609375
4.5,9,50C__nickel_trial_2,50C,nickel,2,19320.68449098013,21815.30078125
4.5,9,50C__nickel_trial_3,50C,nickel,3,19320.68449098013,15288.65234375
4.5,9,50C__nickel_trial_4,50C,nickel,4,19320.68449098013,21867.876953125
4.5,9,50C__nickel_trial_5,50C,nickel,5,19320.68449098013,12880.4296875
4.5,9,50C__nickel_trial_6,50C,nickel,6,19320.68449098013,21440.8046875
4.5,9,60C__nickel_trial_1,60C,nickel,1,19320.68449098013,10140.3525390625
4.5,9,60C__nickel_trial_2,60C,nickel,2,19320.68449098013,13983.2998046875
4.5,9,60C__nickel_trial_3,60C,nickel,3,19320.68449098013,12786.013671875
4.5,9,60C__nickel_trial_4,60C,nickel,4,19320.68449098013,22243.107421875
4.5,9,60C__nickel_trial_5,60C,nickel,5,19320.68449098013,30655.69921875
4.5,9,60C__nickel_trial_6,60C,nickel,6,19320.68449098013,20463.20703125
4.5,10,30C__pdms_trial_1,30C,pdms,1,460.90129095067635,277.9466552734375
4.5,10,30C__pdms_trial_2,30C,pdms,2,460.90129095067635,186.7514190673828
4.5,10,30C__pdms_trial_3,30C,pdms,3,460.90129095067635,252.79180908203125
4.5,10,30C__pdms_trial_4,30C,pdms,4,460.90129095067635,68.6499252319336
4.5,10,30C__pdms_trial_5,30C,pdms,5,460.90129095067635,66.66452026367188
4.5,10,30C__pdms_trial_6,30C,pdms,6,460.90129095067635,101.24845123291016
4.5,10,40C__pdms_trial_1,40C,pdms,1,460.90129095067635,335.36767578125
4.5,10,40C__pdms_trial_2,40C,pdms,2,460.90129095067635,384.95062255859375
4.5,10,40C__pdms_trial_3,40C,pdms,3,460.90129095067635,405.18463134765625
4.5,10,40C__pdms_trial_4,40C,pdms,4,460.90129095067635,259.8495788574219
4.5,10,40C__pdms_trial_5,40C,pdms,5,460.90129095067635,214.25991821289062
4.5,10,40C__pdms_trial_6,40C,pdms,6,460.90129095067635,292.4410705566406
4.5,10,50C__pdms_trial_1,50C,pdms,1,460.90129095067635,339.18341064453125
4.5,10,50C__pdms_trial_2,50C,pdms,2,460.90129095067635,303.1837158203125
4.5,10,50C__pdms_trial_3,50C,pdms,3,460.90129095067635,358.18505859375
4.5,10,50C__pdms_trial_4,50C,pdms,4,460.90129095067635,388.5945129394531
4.5,10,50C__pdms_trial_5,50C,pdms,5,460.90129095067635,336.1423034667969
4.5,10,50C__pdms_trial_6,50C,pdms,6,460.90129095067635,413.20440673828125
4.5,10,60C__pdms_trial_1,60C,pdms,1,460.90129095067635,1184.0677490234375
4.5,10,60C__pdms_trial_2,60C,pdms,2,460.90129095067635,716.1885986328125
4.5,10,60C__pdms_trial_3,60C,pdms,3,460.90129095067635,682.1004028320312
4.5,10,60C__pdms_trial_4,60C,pdms,4,460.90129095067635,560.3770751953125
4.5,10,60C__pdms_trial_5,60C,pdms,5,460.90129095067635,304.4068603515625
4.5,10,60C__pdms_trial_6,60C,pdms,6,460.90129095067635,187.19725036621094
4.5,11,30C__ps_foam_trial_1,30C,ps_foam,1,34.496376621320685,110.4089584350586
4.5,11,30C__ps_foam_trial_2,30C,ps_foam,2,34.496376621320685,145.1536102294922
4.5,11,30C__ps_foam_trial_3,30C,ps_foam,3,34.496376621320685,323.70404052734375
4.5,11,30C__ps_foam_trial_4,30C,ps_foam,4,34.496376621320685,141.0795440673828
4.5,11,30C__ps_foam_trial_5,30C,ps_foam,5,34.496376621320685,96.22049713134766
4.5,11,30C__ps_foam_trial_6,30C,ps_foam,6,34.496376621320685,163.89297485351562
4.5,11,40C__ps_foam_trial_1,40C,ps_foam,1,34.496376621320685,82.4679183959961
4.5,11,40C__ps_foam_trial_2,40C,ps_foam,2,34.496376621320685,75.86217498779297
4.5,11,40C__ps_foam_trial_3,40C,ps_foam,3,34.496376621320685,57.647621154785156
4.5,11,40C__ps_foam_trial_4,40C,ps_foam,4,34.496376621320685,332.8256530761719
4.5,11,40C__ps_foam_trial_5,40C,ps_foam,5,34.496376621320685,232.0374298095703
4.5,11,40C__ps_foam_trial_6,40C,ps_foam,6,34.496376621320685,72.56494903564453
4.5,11,50C__ps_foam_trial_1,50C,ps_foam,1,34.496376621320685,52.40690612792969
4.5,11,50C__ps_foam_trial_2,50C,ps_foam,2,34.496376621320685,55.6310920715332
4.5,11,50C__ps_foam_trial_3,50C,ps_foam,3,34.496376621320685,42.49705872175155
4.5,11,50C__ps_foam_trial_4,50C,ps_foam,4,34.496376621320685,49.02695083618164
4.5,11,50C__ps_foam_trial_5,50C,ps_foam,5,34.496376621320685,62.306880950927734
4.5,11,50C__ps_foam_trial_6,50C,ps_foam,6,34.496376621320685,45.113441467285156
4.5,11,60C__ps_foam_trial_1,60C,ps_foam,1,34.496376621320685,501.114990234375
4.5,11,60C__ps_foam_trial_2,60C,ps_foam,2,34.496376621320685,374.17620849609375
4.5,11,60C__ps_foam_trial_3,60C,ps_foam,3,34.496376621320685,459.2764892578125
4.5,11,60C__ps_foam_trial_4,60C,ps_foam,4,34.496376621320685,54.176239013671875
4.5,11,60C__ps_foam_trial_5,60C,ps_foam,5,34.496376621320685,398.7706298828125
4.5,11,60C__ps_foam_trial_6,60C,ps_foam,6,34.496376621320685,397.15570068359375
4.5,12,30C__pu_foam_trial_1,30C,pu_foam,1,42.49705872175155,109.21390533447266
4.5,12,30C__pu_foam_trial_2,30C,pu_foam,2,42.49705872175155,69.55088806152344
4.5,12,30C__pu_foam_trial_3,30C,pu_foam,3,42.49705872175155,272.8819274902344
4.5,12,30C__pu_foam_trial_4,30C,pu_foam,4,42.49705872175155,250.8995361328125
4.5,12,30C__pu_foam_trial_5,30C,pu_foam,5,42.49705872175155,191.87265014648438
4.5,12,30C__pu_foam_trial_6,30C,pu_foam,6,42.49705872175155,85.69987487792969
4.5,12,40C__pu_foam_trial_1,40C,pu_foam,1,42.49705872175155,80.74077606201172
4.5,12,40C__pu_foam_trial_2,40C,pu_foam,2,42.49705872175155,130.5933380126953
4.5,12,40C__pu_foam_trial_3,40C,pu_foam,3,42.49705872175155,111.27326965332031
4.5,12,40C__pu_foam_trial_4,40C,pu_foam,4,42.49705872175155,102.34535217285156
4.5,12,40C__pu_foam_trial_5,40C,pu_foam,5,42.49705872175155,42.84132766723633
4.5,12,40C__pu_foam_trial_6,40C,pu_foam,6,42.49705872175155,57.75037384033203
4.5,12,50C__pu_foam_trial_1,50C,pu_foam,1,42.49705872175155,107.20315551757812
4.5,12,50C__pu_foam_trial_2,50C,pu_foam,2,42.49705872175155,112.95668029785156
4.5,12,50C__pu_foam_trial_3,50C,pu_foam,3,42.49705872175155,126.47489929199219
4.5,12,50C__pu_foam_trial_4,50C,pu_foam,4,42.49705872175155,109.89769744873047
4.5,12,50C__pu_foam_trial_5,50C,pu_foam,5,42.49705872175155,85.14720916748047
4.5,12,50C__pu_foam_trial_6,50C,pu_foam,6,42.49705872175155,71.00212860107422
4.5,12,60C__pu_foam_trial_1,60C,pu_foam,1,42.49705872175155,144.96112060546875
4.5,12,60C__pu_foam_trial_2,60C,pu_foam,2,42.49705872175155,256.7889404296875
4.5,12,60C__pu_foam_trial_3,60C,pu_foam,3,42.49705872175155,317.4964599609375
4.5,12,60C__pu_foam_trial_4,60C,pu_foam,4,42.49705872175155,252.1651153564453
4.5,12,60C__pu_foam_trial_5,60C,pu_foam,5,42.49705872175155,281.3833923339844
4.5,12,60C__pu_foam_trial_6,60C,pu_foam,6,42.49705872175155,192.00743103027344
4.5,13,30C__titanium_trial_1,30C,titanium,1,7184.0359269702985,10650.953125
4.5,13,30C__titanium_trial_2,30C,titanium,2,7184.0359269702985,6852.40185546875
4.5,13,30C__titanium_trial_3,30C,titanium,3,7184.0359269702985,12269.1484375
4.5,13,30C__titanium_trial_4,30C,titanium,4,7184.0359269702985,4052.68896484375
4.5,13,30C__titanium_trial_5,30C,titanium,5,7184.0359269702985,4962.2412109375
4.5,13,30C__titanium_trial_6,30C,titanium,6,7184.0359269702985,8322.16015625
4.5,13,40C__titanium_trial_1,40C,titanium,1,7184.0359269702985,13903.615234375
4.5,13,40C__titanium_trial_2,40C,titanium,2,7184.0359269702985,14324.8974609375
4.5,13,40C__titanium_trial_3,40C,titanium,3,7184.0359269702985,11736.1337890625
4.5,13,40C__titanium_trial_4,40C,titanium,4,7184.0359269702985,4725.5185546875
4.5,13,40C__titanium_trial_5,40C,titanium,5,7184.0359269702985,13487.9921875
4.5,13,40C__titanium_trial_6,40C,titanium,6,7184.0359269702985,16489.203125
4.5,13,50C__titanium_trial_1,50C,titanium,1,7184.0359269702985,11389.8828125
4.5,13,50C__titanium_trial_2,50C,titanium,2,7184.0359269702985,4889.9228515625
4.5,13,50C__titanium_trial_3,50C,titanium,3,7184.0359269702985,19320.609375
4.5,13,50C__titanium_trial_4,50C,titanium,4,7184.0359269702985,18643.373046875
4.5,13,50C__titanium_trial_5,50C,titanium,5,7184.0359269702985,13937.19140625
4.5,13,50C__titanium_trial_6,50C,titanium,6,7184.0359269702985,16117.580078125
4.5,13,60C__titanium_trial_1,60C,titanium,1,7184.0359269702985,9197.52734375
4.5,13,60C__titanium_trial_2,60C,titanium,2,7184.0359269702985,15644.5947265625
4.5,13,60C__titanium_trial_3,60C,titanium,3,7184.0359269702985,10640.626953125
4.5,13,60C__titanium_trial_4,60C,titanium,4,7184.0359269702985,15618.7734375
4.5,13,60C__titanium_trial_5,60C,titanium,5,7184.0359269702985,20674.103515625
4.5,13,60C__titanium_trial_6,60C,titanium,6,7184.0359269702985,19457.837890625
4.5,14,30C__wood_trial_1,30C,wood,1,422.49260348555214,121.5560531616211
4.5,14,30C__wood_trial_2,30C,wood,2,422.49260348555214,106.61620330810547
4.5,14,30C__wood_trial_3,30C,wood,3,422.49260348555214,125.9765853881836
4.5,14,30C__wood_trial_4,30C,wood,4,422.49260348555214,92.34577941894531
4.5,14,30C__wood_trial_5,30C,wood,5,422.49260348555214,229.2545928955078
4.5,14,30C__wood_trial_6,30C,wood,6,422.49260348555214,84.31827545166016
4.5,14,40C__wood_trial_1,40C,wood,1,422.49260348555214,171.2313232421875
4.5,14,40C__wood_trial_2,40C,wood,2,422.49260348555214,131.62657165527344
4.5,14,40C__wood_trial_3,40C,wood,3,422.49260348555214,146.29078674316406
4.5,14,40C__wood_trial_4,40C,wood,4,422.49260348555214,128.14276123046875
4.5,14,40C__wood_trial_5,40C,wood,5,422.49260348555214,117.0855712890625
4.5,14,40C__wood_trial_6,40C,wood,6,422.49260348555214,115.78726959228516
4.5,14,50C__wood_trial_1,50C,wood,1,422.49260348555214,328.9020080566406
4.5,14,50C__wood_trial_2,50C,wood,2,422.49260348555214,313.8166198730469
4.5,14,50C__wood_trial_3,50C,wood,3,422.49260348555214,365.62457275390625
4.5,14,50C__wood_trial_4,50C,wood,4,422.49260348555214,216.4361114501953
4.5,14,50C__wood_trial_5,50C,wood,5,422.49260348555214,241.97952270507812
4.5,14,50C__wood_trial_6,50C,wood,6,422.49260348555214,220.2794647216797
4.5,14,60C__wood_trial_1,60C,wood,1,422.49260348555214,3952.83447265625
4.5,14,60C__wood_trial_2,60C,wood,2,422.49260348555214,3711.6015625
4.5,14,60C__wood_trial_3,60C,wood,3,422.49260348555214,2739.7607421875
4.5,14,60C__wood_trial_4,60C,wood,4,422.49260348555214,3747.27001953125
4.5,14,60C__wood_trial_5,60C,wood,5,422.49260348555214,3369.32861328125
4.5,14,60C__wood_trial_6,60C,wood,6,422.49260348555214,1589.5599365234375
5.0,1,30C__aluminum_trial_1,30C,aluminum,1,23958.09466547789,6604.28076171875
5.0,1,30C__aluminum_trial_2,30C,aluminum,2,23958.09466547789,12116.3818359375
5.0,1,30C__aluminum_trial_3,30C,aluminum,3,23958.09466547789,12828.8388671875
5.0,1,30C__aluminum_trial_4,30C,aluminum,4,23958.09466547789,17240.58203125
5.0,1,30C__aluminum_trial_5,30C,aluminum,5,23958.09466547789,13354.701171875
5.0,1,30C__aluminum_trial_6,30C,aluminum,6,23958.09466547789,22843.783203125
5.0,1,40C__aluminum_trial_1,40C,aluminum,1,23958.09466547789,15827.314453125
5.0,1,40C__aluminum_trial_2,40C,aluminum,2,23958.09466547789,6573.13525390625
5.0,1,40C__aluminum_trial_3,40C,aluminum,3,23958.09466547789,28340.51171875
5.0,1,40C__aluminum_trial_4,40C,aluminum,4,23958.09466547789,9485.74609375
5.0,1,40C__aluminum_trial_5,40C,aluminum,5,23958.09466547789,11099.1767578125
5.0,1,40C__aluminum_trial_6,40C,aluminum,6,23958.09466547789,13484.544921875
5.0,1,50C__aluminum_trial_1,50C,aluminum,1,23958.09466547789,11259.0966796875
5.0,1,50C__aluminum_trial_2,50C,aluminum,2,23958.09466547789,9519.20703125
5.0,1,50C__aluminum_trial_3,50C,aluminum,3,23958.09466547789,17960.1640625
5.0,1,50C__aluminum_trial_4,50C,aluminum,4,23958.09466547789,20995.96484375
5.0,1,50C__aluminum_trial_5,50C,aluminum,5,23958.09466547789,10096.7412109375
5.0,1,50C__aluminum_trial_6,50C,aluminum,6,23958.09466547789,17155.732421875
5.0,1,60C__aluminum_trial_1,60C,aluminum,1,23958.09466547789,15033.2451171875
5.0,1,60C__aluminum_trial_2,60C,aluminum,2,23958.09466547789,14127.7548828125
5.0,1,60C__aluminum_trial_3,60C,aluminum,3,23958.09466547789,12270.9501953125
5.0,1,60C__aluminum_trial_4,60C,aluminum,4,23958.09466547789,14337.4453125
5.0,1,60C__aluminum_trial_5,60C,aluminum,5,23958.09466547789,15339.041015625
5.0,1,60C__aluminum_trial_6,60C,aluminum,6,23958.09466547789,17407.125
5.0,2,30C__bismuth_trial_1,30C,bismuth,1,3209.1026783199068,12160.328125
5.0,2,30C__bismuth_trial_2,30C,bismuth,2,3209.1026783199068,1847.0615234375
5.0,2,30C__bismuth_trial_3,30C,bismuth,3,3209.1026783199068,1447.8533935546875
5.0,2,30C__bismuth_trial_4,30C,bismuth,4,3209.1026783199068,4670.67138671875
5.0,2,30C__bismuth_trial_5,30C,bismuth,5,3209.1026783199068,4745.7373046875
5.0,2,30C__bismuth_trial_6,30C,bismuth,6,3209.1026783199068,11943.716796875
5.0,2,40C__bismuth_trial_1,40C,bismuth,1,3209.1026783199068,14397.9169921875
5.0,2,40C__bismuth_trial_2,40C,bismuth,2,3209.1026783199068,15043.6572265625
5.0,2,40C__bismuth_trial_3,40C,bismuth,3,3209.1026783199068,14582.7705078125
5.0,2,40C__bismuth_trial_4,40C,bismuth,4,3209.1026783199068,11758.755859375
5.0,2,40C__bismuth_trial_5,40C,bismuth,5,3209.1026783199068,13166.814453125
5.0,2,40C__bismuth_trial_6,40C,bismuth,6,3209.1026783199068,11398.65234375
5.0,2,50C__bismuth_trial_1,50C,bismuth,1,3209.1026783199068,13826.798828125
5.0,2,50C__bismuth_trial_2,50C,bismuth,2,3209.1026783199068,12781.7578125
5.0,2,50C__bismuth_trial_3,50C,bismuth,3,3209.1026783199068,7320.0498046875
5.0,2,50C__bismuth_trial_4,50C,bismuth,4,3209.1026783199068,12382.142578125
5.0,2,50C__bismuth_trial_5,50C,bismuth,5,3209.1026783199068,14193.41796875
5.0,2,50C__bismuth_trial_6,50C,bismuth,6,3209.1026783199068,12987.23046875
5.0,2,60C__bismuth_trial_1,60C,bismuth,1,3209.1026783199068,12161.4990234375
5.0,2,60C__bismuth_trial_2,60C,bismuth,2,3209.1026783199068,13607.1357421875
5.0,2,60C__bismuth_trial_3,60C,bismuth,3,3209.1026783199068,12926.7646484375
5.0,2,60C__bismuth_trial_4,60C,bismuth,4,3209.1026783199068,13676.7958984375
5.0,2,60C__bismuth_trial_5,60C,bismuth,5,3209.1026783199068,10119.078125
5.0,2,60C__bismuth_trial_6,60C,bismuth,6,3209.1026783199068,12926.7646484375
5.0,3,30C__cement_trial_1,30C,cement,1,559.6427431853289,330.0718078613281
5.0,3,30C__cement_trial_2,30C,cement,2,559.6427431853289,517.3526000976562
5.0,3,30C__cement_trial_3,30C,cement,3,559.6427431853289,246.29830932617188
5.0,3,30C__cement_trial_4,30C,cement,4,559.6427431853289,329.2199401855469
5.0,3,30C__cement_trial_5,30C,cement,5,559.6427431853289,330.48187255859375
5.0,3,30C__cement_trial_6,30C,cement,6,559.6427431853289,270.6013488769531
5.0,3,40C__cement_trial_1,40C,cement,1,559.6427431853289,528.853271484375
5.0,3,40C__cement_trial_2,40C,cement,2,559.6427431853289,184.64617919921875
5.0,3,40C__cement_trial_3,40C,cement,3,559.6427431853289,200.60794067382812
5.0,3,40C__cement_trial_4,40C,cement,4,559.6427431853289,2267.774169921875
5.0,3,40C__cement_trial_5,40C,cement,5,559.6427431853289,3112.52392578125
5.0,3,40C__cement_trial_6,40C,cement,6,559.6427431853289,560.2764282226562
5.0,3,50C__cement_trial_1,50C,cement,1,559.6427431853289,459.3805236816406
5.0,3,50C__cement_trial_2,50C,cement,2,559.6427431853289,336.3114929199219
5.0,3,50C__cement_trial_3,50C,cement,3,559.6427431853289,466.9844665527344
5.0,3,50C__cement_trial_4,50C,cement,4,559.6427431853289,432.60626220703125
5.0,3,50C__cement_trial_5,50C,cement,5,559.6427431853289,500.20025634765625
5.0,3,50C__cement_trial_6,50C,cement,6,559.6427431853289,569.3926391601562
5.0,3,60C__cement_trial_1,60C,cement,1,559.6427431853289,7075.05908203125
5.0,3,60C__cement_trial_2,60C,cement,2,559.6427431853289,8269.4873046875
5.0,3,60C__cement_trial_3,60C,cement,3,559.6427431853289,6842.68359375
5.0,3,60C__cement_trial_4,60C,cement,4,559.6427431853289,6822.9296875
5.0,3,60C__cement_trial_5,60C,cement,5,559.6427431853289,7381.62255859375
5.0,3,60C__cement_trial_6,60C,cement,6,559.6427431853289,6010.35546875
5.0,4,30C__copper_trial_1,30C,copper,1,37192.601414797544,18886.27734375
5.0,4,30C__copper_trial_2,30C,copper,2,37192.601414797544,9400.7138671875
5.0,4,30C__copper_trial_3,30C,copper,3,37192.601414797544,11901.5068359375
5.0,4,30C__copper_trial_4,30C,copper,4,37192.601414797544,17258.16796875
5.0,4,30C__copper_trial_5,30C,copper,5,37192.601414797544,15156.3193359375
5.0,4,30C__copper_trial_6,30C,copper,6,37192.601414797544,10943.4697265625
5.0,4,40C__copper_trial_1,40C,copper,1,37192.601414797544,20628.076171875
5.0,4,40C__copper_trial_2,40C,copper,2,37192.601414797544,10987.6572265625
5.0,4,40C__copper_trial_3,40C,copper,3,37192.601414797544,5194.1259765625
5.0,4,40C__copper_trial_4,40C,copper,4,37192.601414797544,6097.0771484375
5.0,4,40C__copper_trial_5,40C,copper,5,37192.601414797544,4328.7216796875
5.0,4,40C__copper_trial_6,40C,copper,6,37192.601414797544,5672.845703125
5.0,4,50C__copper_trial_1,50C,copper,1,37192.601414797544,9133.1708984375
5.0,4,50C__copper_trial_2,50C,copper,2,37192.601414797544,9203.423828125
5.0,4,50C__copper_trial_3,50C,copper,3,37192.601414797544,6506.8759765625
5.0,4,50C__copper_trial_4,50C,copper,4,37192.601414797544,14384.109375
5.0,4,50C__copper_trial_5,50C,copper,5,37192.601414797544,10005.927734375
5.0,4,50C__copper_trial_6,50C,copper,6,37192.601414797544,14107.490234375
5.0,4,60C__copper_trial_1,60C,copper,1,37192.601414797544,18446.873046875
5.0,4,60C__copper_trial_2,60C,copper,2,37192.601414797544,18996.654296875
5.0,4,60C__copper_trial_3,60C,copper,3,37192.601414797544,17328.94140625
5.0,4,60C__copper_trial_4,60C,copper,4,37192.601414797544,15303.9267578125
5.0,4,60C__copper_trial_5,60C,copper,5,37192.601414797544,12926.7275390625
5.0,4,60C__copper_trial_6,60C,copper,6,37192.601414797544,14790.3115234375
5.0,5,30C__cork_trial_1,30C,cork,1,136.29380029920657,216.01174926757812
5.0,5,30C__cork_trial_2,30C,cork,2,136.29380029920657,110.12653350830078
5.0,5,30C__cork_trial_3,30C,cork,3,136.29380029920657,78.64408111572266
5.0,5,30C__cork_trial_4,30C,cork,4,136.29380029920657,58.71207809448242
5.0,5,30C__cork_trial_5,30C,cork,5,136.29380029920657,107.82220458984375
5.0,5,30C__cork_trial_6,30C,cork,6,136.29380029920657,105.18041229248047
5.0,5,40C__cork_trial_1,40C,cork,1,136.29380029920657,82.8315658569336
5.0,5,40C__cork_trial_2,40C,cork,2,136.29380029920657,81.03750610351562
5.0,5,40C__cork_trial_3,40C,cork,3,136.29380029920657,96.96656036376953
5.0,5,40C__cork_trial_4,40C,cork,4,136.29380029920657,57.72309494018555
5.0,5,40C__cork_trial_5,40C,cork,5,136.29380029920657,37.26546096801758
5.0,5,40C__cork_trial_6,40C,cork,6,136.29380029920657,34.496376621320685
5.0,5,50C__cork_trial_1,50C,cork,1,136.29380029920657,445.2116394042969
5.0,5,50C__cork_trial_2,50C,cork,2,136.29380029920657,375.2283630371094
5.0,5,50C__cork_trial_3,50C,cork,3,136.29380029920657,228.27490234375
5.0,5,50C__cork_trial_4,50C,cork,4,136.29380029920657,152.5157928466797
5.0,5,50C__cork_trial_5,50C,cork,5,136.29380029920657,374.9722595214844
5.0,5,50C__cork_trial_6,50C,cork,6,136.29380029920657,301.6847229003906
5.0,5,60C__cork_trial_1,60C,cork,1,136.29380029920657,294.6199035644531
5.0,5,60C__cork_trial_2,60C,cork,2,136.29380029920657,294.2923583984375
5.0,5,60C__cork_trial_3,60C,cork,3,136.29380029920657,126.22634887695312
5.0,5,60C__cork_trial_4,60C,cork,4,136.29380029920657,142.75411987304688
5.0,5,60C__cork_trial_5,60C,cork,5,136.29380029920657,210.314453125
5.0,5,60C__cork_trial_6,60C,cork,6,136.29380029920657,283.951904296875
5.0,6,30C__graphite_trial_1,30C,graphite,1,11367.497525840945,18051.642578125
5.0,6,30C__graphite_trial_2,30C,graphite,2,11367.497525840945,12004.1064453125
5.0,6,30C__graphite_trial_3,30C,graphite,3,11367.497525840945,9120.357421875
5.0,6,30C__graphite_trial_4,30C,graphite,4,11367.497525840945,9412.6015625
5.0,6,30C__graphite_trial_5,30C,graphite,5,11367.497525840945,22151.25
5.0,6,30C__graphite_trial_6,30C,graphite,6,11367.497525840945,13336.779296875
5.0,6,40C__graphite_trial_1,40C,graphite,1,11367.497525840945,1499.06591796875
5.0,6,40C__graphite_trial_2,40C,graphite,2,11367.497525840945,11364.697265625
5.0,6,40C__graphite_trial_3,40C,graphite,3,11367.497525840945,11417.291015625
5.0,6,40C__graphite_trial_4,40C,graphite,4,11367.497525840945,2602.110595703125
5.0,6,40C__graphite_trial_5,40C,graphite,5,11367.497525840945,3018.552978515625
5.0,6,40C__graphite_trial_6,40C,graphite,6,11367.497525840945,3465.24267578125
5.0,6,50C__graphite_trial_1,50C,graphite,1,11367.497525840945,15565.3427734375
5.0,6,50C__graphite_trial_2,50C,graphite,2,11367.497525840945,18693.90234375
5.0,6,50C__graphite_trial_3,50C,graphite,3,11367.497525840945,7406.92041015625
5.0,6,50C__graphite_trial_4,50C,graphite,4,11367.497525840945,15444.04296875
5.0,6,50C__graphite_trial_5,50C,graphite,5,11367.497525840945,5568.36474609375
5.0,6,50C__graphite_trial_6,50C,graphite,6,11367.497525840945,15947.669921875
5.0,6,60C__graphite_trial_1,60C,graphite,1,11367.497525840945,6942.630859375
5.0,6,60C__graphite_trial_2,60C,graphite,2,11367.497525840945,7125.05712890625
5.0,6,60C__graphite_trial_3,60C,graphite,3,11367.497525840945,9364.2744140625
5.0,6,60C__graphite_trial_4,60C,graphite,4,11367.497525840945,9153.341796875
5.0,6,60C__graphite_trial_5,60C,graphite,5,11367.497525840945,12459.6533203125
5.0,6,60C__graphite_trial_6,60C,graphite,6,11367.497525840945,7873.6806640625
5.0,7,30C__gypsum_trial_1,30C,gypsum,1,385.01948002666046,220.14012145996094
5.0,7,30C__gypsum_trial_2,30C,gypsum,2,385.01948002666046,287.75384521484375
5.0,7,30C__gypsum_trial_3,30C,gypsum,3,385.01948002666046,371.6769714355469
5.0,7,30C__gypsum_trial_4,30C,gypsum,4,385.01948002666046,176.84222412109375
5.0,7,30C__gypsum_trial_5,30C,gypsum,5,385.01948002666046,215.4604949951172
5.0,7,30C__gypsum_trial_6,30C,gypsum,6,385.01948002666046,176.3191680908203
5.0,7,40C__gypsum_trial_1,40C,gypsum,1,385.01948002666046,212.15589904785156
5.0,7,40C__gypsum_trial_2,40C,gypsum,2,385.01948002666046,183.80323791503906
5.0,7,40C__gypsum_trial_3,40C,gypsum,3,385.01948002666046,309.7586364746094
5.0,7,40C__gypsum_trial_4,40C,gypsum,4,385.01948002666046,442.5734558105469
5.0,7,40C__gypsum_trial_5,40C,gypsum,5,385.01948002666046,346.8984375
5.0,7,40C__gypsum_trial_6,40C,gypsum,6,385.01948002666046,500.9294738769531
5.0,7,50C__gypsum_trial_1,50C,gypsum,1,385.01948002666046,544.1903686523438
5.0,7,50C__gypsum_trial_2,50C,gypsum,2,385.01948002666046,525.3331909179688
5.0,7,50C__gypsum_trial_3,50C,gypsum,3,385.01948002666046,586.9285888671875
5.0,7,50C__gypsum_trial_4,50C,gypsum,4,385.01948002666046,573.4190673828125
5.0,7,50C__gypsum_trial_5,50C,gypsum,5,385.01948002666046,1378.3448486328125
5.0,7,50C__gypsum_trial_6,50C,gypsum,6,385.01948002666046,649.082275390625
5.0,7,60C__gypsum_trial_1,60C,gypsum,1,385.01948002666046,6778.9169921875
5.0,7,60C__gypsum_trial_2,60C,gypsum,2,385.01948002666046,1700.450927734375
5.0,7,60C__gypsum_trial_3,60C,gypsum,3,385.01948002666046,5226.275390625
5.0,7,60C__gypsum_trial_4,60C,gypsum,4,385.01948002666046,6046.904296875
5.0,7,60C__gypsum_trial_5,60C,gypsum,5,385.01948002666046,5008.64453125
5.0,7,60C__gypsum_trial_6,60C,gypsum,6,385.01948002666046,8283.419921875
5.0,8,30C__iron_trial_1,30C,iron,1,16859.663413010356,20015.078125
5.0,8,30C__iron_trial_2,30C,iron,2,16859.663413010356,23977.53125
5.0,8,30C__iron_trial_3,30C,iron,3,16859.663413010356,22585.494140625
5.0,8,30C__iron_trial_4,30C,iron,4,16859.663413010356,22635.37109375
5.0,8,30C__iron_trial_5,30C,iron,5,16859.663413010356,14249.2861328125
5.0,8,30C__iron_trial_6,30C,iron,6,16859.663413010356,21275.181640625
5.0,8,40C__iron_trial_1,40C,iron,1,16859.663413010356,11283.3916015625
5.0,8,40C__iron_trial_2,40C,iron,2,16859.663413010356,12099.5908203125
5.0,8,40C__iron_trial_3,40C,iron,3,16859.663413010356,10274.7998046875
5.0,8,40C__iron_trial_4,40C,iron,4,16859.663413010356,5815.20703125
5.0,8,40C__iron_trial_5,40C,iron,5,16859.663413010356,18229.080078125
5.0,8,40C__iron_trial_6,40C,iron,6,16859.663413010356,13849.591796875
5.0,8,50C__iron_trial_1,50C,iron,1,16859.663413010356,12547.673828125
5.0,8,50C__iron_trial_2,50C,iron,2,16859.663413010356,13989.5029296875
5.0,8,50C__iron_trial_3,50C,iron,3,16859.663413010356,19429.318359375
5.0,8,50C__iron_trial_4,50C,iron,4,16859.663413010356,19559.966796875
5.0,8,50C__iron_trial_5,50C,iron,5,16859.663413010356,19244.787109375
5.0,8,50C__iron_trial_6,50C,iron,6,16859.663413010356,27976.470703125
5.0,8,60C__iron_trial_1,60C,iron,1,16859.663413010356,25861.59375
5.0,8,60C__iron_trial_2,60C,iron,2,16859.663413010356,32861.37109375
5.0,8,60C__iron_trial_3,60C,iron,3,16859.663413010356,20580.93359375
5.0,8,60C__iron_trial_4,60C,iron,4,16859.663413010356,13569.0732421875
5.0,8,60C__iron_trial_5,60C,iron,5,16859.663413010356,19287.599609375
5.0,8,60C__iron_trial_6,60C,iron,6,16859.663413010356,21234.861328125
5.0,9,30C__nickel_trial_1,30C,nickel,1,19320.68449098013,11850.55859375
5.0,9,30C__nickel_trial_2,30C,nickel,2,19320.68449098013,16315.203125
5.0,9,30C__nickel_trial_3,30C,nickel,3,19320.68449098013,4663.45947265625
5.0,9,30C__nickel_trial_4,30C,nickel,4,19320.68449098013,4760.0546875
5.0,9,30C__nickel_trial_5,30C,nickel,5,19320.68449098013,5519.55078125
5.0,9,30C__nickel_trial_6,30C,nickel,6,19320.68449098013,20542.830078125
5.0,9,40C__nickel_trial_1,40C,nickel,1,19320.68449098013,12701.431640625
5.0,9,40C__nickel_trial_2,40C,nickel,2,19320.68449098013,8250.775390625
5.0,9,40C__nickel_trial_3,40C,nickel,3,19320.68449098013,14879.8154296875
5.0,9,40C__nickel_trial_4,40C,nickel,4,19320.68449098013,12305.13671875
5.0,9,40C__nickel_trial_5,40C,nickel,5,19320.68449098013,10023.7509765625
5.0,9,40C__nickel_trial_6,40C,nickel,6,19320.68449098013,17644.673828125
5.0,9,50C__nickel_trial_1,50C,nickel,1,19320.68449098013,15972.20703125
5.0,9,50C__nickel_trial_2,50C,nickel,2,19320.68449098013,20418.037109375
5.0,9,50C__nickel_trial_3,50C,nickel,3,19320.68449098013,20562.90234375
5.0,9,50C__nickel_trial_4,50C,nickel,4,19320.68449098013,19222.79296875
5.0,9,50C__nickel_trial_5,50C,nickel,5,19320.68449098013,16585.20703125
5.0,9,50C__nickel_trial_6,50C,nickel,6,19320.68449098013,17828.275390625
5.0,9,60C__nickel_trial_1,60C,nickel,1,19320.68449098013,11462.19921875
5.0,9,60C__nickel_trial_2,60C,nickel,2,19320.68449098013,20230.732421875
5.0,9,60C__nickel_trial_3,60C,nickel,3,19320.68449098013,13535.3251953125
5.0,9,60C__nickel_trial_4,60C,nickel,4,19320.68449098013,22375.169921875
5.0,9,60C__nickel_trial_5,60C,nickel,5,19320.68449098013,31411.296875
5.0,9,60C__nickel_trial_6,60C,nickel,6,19320.68449098013,19685.03515625
5.0,10,30C__pdms_trial_1,30C,pdms,1,460.90129095067635,323.5080871582031
5.0,10,30C__pdms_trial_2,30C,pdms,2,460.90129095067635,157.51077270507812
5.0,10,30C__pdms_trial_3,30C,pdms,3,460.90129095067635,273.1371154785156
5.0,10,30C__pdms_trial_4,30C,pdms,4,460.90129095067635,76.93558502197266
5.0,10,30C__pdms_trial_5,30C,pdms,5,460.90129095067635,49.827980041503906
5.0,10,30C__pdms_trial_6,30C,pdms,6,460.90129095067635,128.83778381347656
5.0,10,40C__pdms_trial_1,40C,pdms,1,460.90129095067635,355.5032043457031
5.0,10,40C__pdms_trial_2,40C,pdms,2,460.90129095067635,425.956298828125
5.0,10,40C__pdms_trial_3,40C,pdms,3,460.90129095067635,340.956298828125
5.0,10,40C__pdms_trial_4,40C,pdms,4,460.90129095067635,253.43728637695312
5.0,10,40C__pdms_trial_5,40C,pdms,5,460.90129095067635,121.38156127929688
5.0,10,40C__pdms_trial_6,40C,pdms,6,460.90129095067635,294.5182800292969
5.0,10,50C__pdms_trial_1,50C,pdms,1,460.90129095067635,246.1814727783203
5.0,10,50C__pdms_trial_2,50C,pdms,2,460.90129095067635,368.1402587890625
5.0,10,50C__pdms_trial_3,50C,pdms,3,460.90129095067635,334.7445068359375
5.0,10,50C__pdms_trial_4,50C,pdms,4,460.90129095067635,339.9577331542969
5.0,10,50C__pdms_trial_5,50C,pdms,5,460.90129095067635,287.4337463378906
5.0,10,50C__pdms_trial_6,50C,pdms,6,460.90129095067635,441.2555847167969
5.0,10,60C__pdms_trial_1,60C,pdms,1,460.90129095067635,1312.838623046875
5.0,10,60C__pdms_trial_2,60C,pdms,2,460.90129095067635,617.3961181640625
5.0,10,60C__pdms_trial_3,60C,pdms,3,460.90129095067635,742.69921875
5.0,10,60C__pdms_trial_4,60C,pdms,4,460.90129095067635,578.2064819335938
5.0,10,60C__pdms_trial_5,60C,pdms,5,460.90129095067635,297.0331115722656
5.0,10,60C__pdms_trial_6,60C,pdms,6,460.90129095067635,127.87757110595703
5.0,11,30C__ps_foam_trial_1,30C,ps_foam,1,34.496376621320685,127.27397918701172
5.0,11,30C__ps_foam_trial_2,30C,ps_foam,2,34.496376621320685,151.41957092285156
5.0,11,30C__ps_foam_trial_3,30C,ps_foam,3,34.496376621320685,360.2660217285156
5.0,11,30C__ps_foam_trial_4,30C,ps_foam,4,34.496376621320685,222.55084228515625
5.0,11,30C__ps_foam_trial_5,30C,ps_foam,5,34.496376621320685,46.772029876708984
5.0,11,30C__ps_foam_trial_6,30C,ps_foam,6,34.496376621320685,164.91529846191406
5.0,11,40C__ps_foam_trial_1,40C,ps_foam,1,34.496376621320685,77.84790802001953
5.0,11,40C__ps_foam_trial_2,40C,ps_foam,2,34.496376621320685,58.85729217529297
5.0,11,40C__ps_foam_trial_3,40C,ps_foam,3,34.496376621320685,59.43158721923828
5.0,11,40C__ps_foam_trial_4,40C,ps_foam,4,34.496376621320685,297.22601318359375
5.0,11,40C__ps_foam_trial_5,40C,ps_foam,5,34.496376621320685,163.5797119140625
5.0,11,40C__ps_foam_trial_6,40C,ps_foam,6,34.496376621320685,83.2282485961914
5.0,11,50C__ps_foam_trial_1,50C,ps_foam,1,34.496376621320685,45.59321594238281
5.0,11,50C__ps_foam_trial_2,50C,ps_foam,2,34.496376621320685,56.53999328613281
5.0,11,50C__ps_foam_trial_3,50C,ps_foam,3,34.496376621320685,42.49705872175155
5.0,11,50C__ps_foam_trial_4,50C,ps_foam,4,34.496376621320685,47.67489242553711
5.0,11,50C__ps_foam_trial_5,50C,ps_foam,5,34.496376621320685,52.88461685180664
5.0,11,50C__ps_foam_trial_6,50C,ps_foam,6,34.496376621320685,43.857662200927734
5.0,11,60C__ps_foam_trial_1,60C,ps_foam,1,34.496376621320685,423.72247314453125
5.0,11,60C__ps_foam_trial_2,60C,ps_foam,2,34.496376621320685,331.47900390625
5.0,11,60C__ps_foam_trial_3,60C,ps_foam,3,34.496376621320685,386.15057373046875
5.0,11,60C__ps_foam_trial_4,60C,ps_foam,4,34.496376621320685,69.0736312866211
5.0,11,60C__ps_foam_trial_5,60C,ps_foam,5,34.496376621320685,380.0751037597656
5.0,11,60C__ps_foam_trial_6,60C,ps_foam,6,34.496376621320685,322.513427734375
5.0,12,30C__pu_foam_trial_1,30C,pu_foam,1,42.49705872175155,59.96855545043945
5.0,12,30C__pu_foam_trial_2,30C,pu_foam,2,42.49705872175155,139.5735321044922
5.0,12,30C__pu_foam_trial_3,30C,pu_foam,3,42.49705872175155,243.59756469726562
5.0,12,30C__pu_foam_trial_4,30C,pu_foam,4,42.49705872175155,194.30340576171875
5.0,12,30C__pu_foam_trial_5,30C,pu_foam,5,42.49705872175155,218.27183532714844
5.0,12,30C__pu_foam_trial_6,30C,pu_foam,6,42.49705872175155,80.99061584472656
5.0,12,40C__pu_foam_trial_1,40C,pu_foam,1,42.49705872175155,107.3900375366211
5.0,12,40C__pu_foam_trial_2,40C,pu_foam,2,42.49705872175155,127.80157470703125
5.0,12,40C__pu_foam_trial_3,40C,pu_foam,3,42.49705872175155,158.6463165283203
5.0,12,40C__pu_foam_trial_4,40C,pu_foam,4,42.49705872175155,75.5556869506836
5.0,12,40C__pu_foam_trial_5,40C,pu_foam,5,42.49705872175155,48.854896545410156
5.0,12,40C__pu_foam_trial_6,40C,pu_foam,6,42.49705872175155,71.96955871582031
5.0,12,50C__pu_foam_trial_1,50C,pu_foam,1,42.49705872175155,119.36866760253906
5.0,12,50C__pu_foam_trial_2,50C,pu_foam,2,42.49705872175155,124.35468292236328
5.0,12,50C__pu_foam_trial_3,50C,pu_foam,3,42.49705872175155,145.876220703125
5.0,12,50C__pu_foam_trial_4,50C,pu_foam,4,42.49705872175155,128.55947875976562
5.0,12,50C__pu_foam_trial_5,50C,pu_foam,5,42.49705872175155,82.73193359375
5.0,12,50C__pu_foam_trial_6,50C,pu_foam,6,42.49705872175155,70.41602325439453
5.0,12,60C__pu_foam_trial_1,60C,pu_foam,1,42.49705872175155,165.06155395507812
5.0,12,60C__pu_foam_trial_2,60C,pu_foam,2,42.49705872175155,275.45428466796875
5.0,12,60C__pu_foam_trial_3,60C,pu_foam,3,42.49705872175155,371.38580322265625
5.0,12,60C__pu_foam_trial_4,60C,pu_foam,4,42.49705872175155,289.6446838378906
5.0,12,60C__pu_foam_trial_5,60C,pu_foam,5,42.49705872175155,318.5093688964844
5.0,12,60C__pu_foam_trial_6,60C,pu_foam,6,42.49705872175155,240.864013671875
5.0,13,30C__titanium_trial_1,30C,titanium,1,7184.0359269702985,10340.974609375
5.0,13,30C__titanium_trial_2,30C,titanium,2,7184.0359269702985,7163.5029296875
5.0,13,30C__titanium_trial_3,30C,titanium,3,7184.0359269702985,10011.8271484375
5.0,13,30C__titanium_trial_4,30C,titanium,4,7184.0359269702985,4748.5810546875
5.0,13,30C__titanium_trial_5,30C,titanium,5,7184.0359269702985,4224.40869140625
5.0,13,30C__titanium_trial_6,30C,titanium,6,7184.0359269702985,5259.431640625
5.0,13,40C__titanium_trial_1,40C,titanium,1,7184.0359269702985,18735.435546875
5.0,13,40C__titanium_trial_2,40C,titanium,2,7184.0359269702985,19872.6875
5.0,13,40C__titanium_trial_3,40C,titanium,3,7184.0359269702985,19547.80859375
5.0,13,40C__titanium_trial_4,40C,titanium,4,7184.0359269702985,2070.031982421875
5.0,13,40C__titanium_trial_5,40C,titanium,5,7184.0359269702985,13460.3759765625
5.0,13,40C__titanium_trial_6,40C,titanium,6,7184.0359269702985,19106.564453125
5.0,13,50C__titanium_trial_1,50C,titanium,1,7184.0359269702985,11235.2509765625
5.0,13,50C__titanium_trial_2,50C,titanium,2,7184.0359269702985,8302.6328125
5.0,13,50C__titanium_trial_3,50C,titanium,3,7184.0359269702985,22447.54296875
5.0,13,50C__titanium_trial_4,50C,titanium,4,7184.0359269702985,16754.98828125
5.0,13,50C__titanium_trial_5,50C,titanium,5,7184.0359269702985,12553.5400390625
5.0,13,50C__titanium_trial_6,50C,titanium,6,7184.0359269702985,17748.978515625
5.0,13,60C__titanium_trial_1,60C,titanium,1,7184.0359269702985,9171.509765625
5.0,13,60C__titanium_trial_2,60C,titanium,2,7184.0359269702985,10673.498046875
5.0,13,60C__titanium_trial_3,60C,titanium,3,7184.0359269702985,7914.1875
5.0,13,60C__titanium_trial_4,60C,titanium,4,7184.0359269702985,14472.1083984375
5.0,13,60C__titanium_trial_5,60C,titanium,5,7184.0359269702985,15483.642578125
5.0,13,60C__titanium_trial_6,60C,titanium,6,7184.0359269702985,15675.8408203125
5.0,14,30C__wood_trial_1,30C,wood,1,422.49260348555214,129.27442932128906
5.0,14,30C__wood_trial_2,30C,wood,2,422.49260348555214,98.7082290649414
5.0,14,30C__wood_trial_3,30C,wood,3,422.49260348555214,135.58880615234375
5.0,14,30C__wood_trial_4,30C,wood,4,422.49260348555214,54.940101623535156
5.0,14,30C__wood_trial_5,30C,wood,5,422.49260348555214,172.76211547851562
5.0,14,30C__wood_trial_6,30C,wood,6,422.49260348555214,170.6041259765625
5.0,14,40C__wood_trial_1,40C,wood,1,422.49260348555214,163.9415740966797
5.0,14,40C__wood_trial_2,40C,wood,2,422.49260348555214,128.58697509765625
5.0,14,40C__wood_trial_3,40C,wood,3,422.49260348555214,133.02406311035156
5.0,14,40C__wood_trial_4,40C,wood,4,422.49260348555214,149.81468200683594
5.0,14,40C__wood_trial_5,40C,wood,5,422.49260348555214,194.1648712158203
5.0,14,40C__wood_trial_6,40C,wood,6,422.49260348555214,123.40152740478516
5.0,14,50C__wood_trial_1,50C,wood,1,422.49260348555214,396.7173767089844
5.0,14,50C__wood_trial_2,50C,wood,2,422.49260348555214,361.8512268066406
5.0,14,50C__wood_trial_3,50C,wood,3,422.49260348555214,356.6990661621094
5.0,14,50C__wood_trial_4,50C,wood,4,422.49260348555214,193.9687957763672
5.0,14,50C__wood_trial_5,50C,wood,5,422.49260348555214,303.7494812011719
5.0,14,50C__wood_trial_6,50C,wood,6,422.49260348555214,291.718994140625
5.0,14,60C__wood_trial_1,60C,wood,1,422.49260348555214,2327.511474609375
5.0,14,60C__wood_trial_2,60C,wood,2,422.49260348555214,3186.48046875
5.0,14,60C__wood_trial_3,60C,wood,3,422.49260348555214,2798.467041015625
5.0,14,60C__wood_trial_4,60C,wood,4,422.49260348555214,2484.197998046875
5.0,14,60C__wood_trial_5,60C,wood,5,422.49260348555214,1925.0823974609375
5.0,14,60C__wood_trial_6,60C,wood,6,422.49260348555214,1373.6822509765625
