spectral_radius,fold,trial_id,Temperature,Temperature_C,Sample,Trial,y_true,y_pred
0.0,1,30C__aluminum_trial_1,30C,30.0,aluminum,1,23958.09466547789,16321.893880208334
0.0,1,30C__aluminum_trial_2,30C,30.0,aluminum,2,23958.09466547789,19316.211588541668
0.0,1,30C__aluminum_trial_3,30C,30.0,aluminum,3,23958.09466547789,8781.005045572916
0.0,1,30C__aluminum_trial_4,30C,30.0,aluminum,4,23958.09466547789,16202.788736979166
0.0,1,30C__aluminum_trial_5,30C,30.0,aluminum,5,23958.09466547789,10652.512044270834
0.0,1,30C__aluminum_trial_6,30C,30.0,aluminum,6,23958.09466547789,10060.734049479166
0.0,1,40C__aluminum_trial_1,40C,40.0,aluminum,1,23958.09466547789,19717.21484375
0.0,1,40C__aluminum_trial_2,40C,40.0,aluminum,2,23958.09466547789,6572.417643229167
0.0,1,40C__aluminum_trial_3,40C,40.0,aluminum,3,23958.09466547789,27026.680989583332
0.0,1,40C__aluminum_trial_4,40C,40.0,aluminum,4,23958.09466547789,15396.502278645834
0.0,1,40C__aluminum_trial_5,40C,40.0,aluminum,5,23958.09466547789,12750.734049479166
0.0,1,40C__aluminum_trial_6,40C,40.0,aluminum,6,23958.09466547789,12522.982096354166
0.0,1,50C__aluminum_trial_1,50C,50.0,aluminum,1,23958.09466547789,15573.080078125
0.0,1,50C__aluminum_trial_2,50C,50.0,aluminum,2,23958.09466547789,11888.215169270834
0.0,1,50C__aluminum_trial_3,50C,50.0,aluminum,3,23958.09466547789,14398.211263020834
0.0,1,50C__aluminum_trial_4,50C,50.0,aluminum,4,23958.09466547789,19502.02734375
0.0,1,50C__aluminum_trial_5,50C,50.0,aluminum,5,23958.09466547789,14560.0546875
0.0,1,50C__aluminum_trial_6,50C,50.0,aluminum,6,23958.09466547789,21818.9375
0.0,1,60C__aluminum_trial_1,60C,60.0,aluminum,1,23958.09466547789,16423.166015625
0.0,1,60C__aluminum_trial_2,60C,60.0,aluminum,2,23958.09466547789,14811.274088541666
0.0,1,60C__aluminum_trial_3,60C,60.0,aluminum,3,23958.09466547789,13625.374674479166
0.0,1,60C__aluminum_trial_4,60C,60.0,aluminum,4,23958.09466547789,16492.017578125
0.0,1,60C__aluminum_trial_5,60C,60.0,aluminum,5,23958.09466547789,16046.608723958334
0.0,1,60C__aluminum_trial_6,60C,60.0,aluminum,6,23958.09466547789,18110.318359375
0.0,2,30C__bismuth_trial_1,30C,30.0,bismuth,1,3209.1026783199068,7936.80126953125
0.0,2,30C__bismuth_trial_2,30C,30.0,bismuth,2,3209.1026783199068,6837.92919921875
0.0,2,30C__bismuth_trial_3,30C,30.0,bismuth,3,3209.1026783199068,5500.392171223958
0.0,2,30C__bismuth_trial_4,30C,30.0,bismuth,4,3209.1026783199068,9468.460286458334
0.0,2,30C__bismuth_trial_5,30C,30.0,bismuth,5,3209.1026783199068,6220.68017578125
0.0,2,30C__bismuth_trial_6,30C,30.0,bismuth,6,3209.1026783199068,9914.0595703125
0.0,2,40C__bismuth_trial_1,40C,40.0,bismuth,1,3209.1026783199068,14611.944986979166
0.0,2,40C__bismuth_trial_2,40C,40.0,bismuth,2,3209.1026783199068,11717.230143229166
0.0,2,40C__bismuth_trial_3,40C,40.0,bismuth,3,3209.1026783199068,12628.669270833334
0.0,2,40C__bismuth_trial_4,40C,40.0,bismuth,4,3209.1026783199068,11654.291015625
0.0,2,40C__bismuth_trial_5,40C,40.0,bismuth,5,3209.1026783199068,14756.6357421875
0.0,2,40C__bismuth_trial_6,40C,40.0,bismuth,6,3209.1026783199068,14168.498697916666
0.0,2,50C__bismuth_trial_1,50C,50.0,bismuth,1,3209.1026783199068,10692.064127604166
0.0,2,50C__bismuth_trial_2,50C,50.0,bismuth,2,3209.1026783199068,12479.975911458334
0.0,2,50C__bismuth_trial_3,50C,50.0,bismuth,3,3209.1026783199068,17937.421875
0.0,2,50C__bismuth_trial_4,50C,50.0,bismuth,4,3209.1026783199068,16086.740234375
0.0,2,50C__bismuth_trial_5,50C,50.0,bismuth,5,3209.1026783199068,12335.311197916666
0.0,2,50C__bismuth_trial_6,50C,50.0,bismuth,6,3209.1026783199068,11930.147786458334
0.0,2,60C__bismuth_trial_1,60C,60.0,bismuth,1,3209.1026783199068,11109.099283854166
0.0,2,60C__bismuth_trial_2,60C,60.0,bismuth,2,3209.1026783199068,12482.8095703125
0.0,2,60C__bismuth_trial_3,60C,60.0,bismuth,3,3209.1026783199068,13689.314778645834
0.0,2,60C__bismuth_trial_4,60C,60.0,bismuth,4,3209.1026783199068,17897.839192708332
0.0,2,60C__bismuth_trial_5,60C,60.0,bismuth,5,3209.1026783199068,10514.761393229166
0.0,2,60C__bismuth_trial_6,60C,60.0,bismuth,6,3209.1026783199068,19187.7412109375
0.0,3,30C__cement_trial_1,30C,30.0,cement,1,559.6427431853289,436.32190958658856
0.0,3,30C__cement_trial_2,30C,30.0,cement,2,559.6427431853289,491.2783508300781
0.0,3,30C__cement_trial_3,30C,30.0,cement,3,559.6427431853289,427.95172119140625
0.0,3,30C__cement_trial_4,30C,30.0,cement,4,559.6427431853289,472.80430094401044
0.0,3,30C__cement_trial_5,30C,30.0,cement,5,559.6427431853289,539.9412943522135
0.0,3,30C__cement_trial_6,30C,30.0,cement,6,559.6427431853289,455.8601888020833
0.0,3,40C__cement_trial_1,40C,40.0,cement,1,559.6427431853289,411.1032307942708
0.0,3,40C__cement_trial_2,40C,40.0,cement,2,559.6427431853289,432.4611104329427
0.0,3,40C__cement_trial_3,40C,40.0,cement,3,559.6427431853289,322.5778401692708
0.0,3,40C__cement_trial_4,40C,40.0,cement,4,559.6427431853289,647.2785237630209
0.0,3,40C__cement_trial_5,40C,40.0,cement,5,559.6427431853289,631.1817626953125
0.0,3,40C__cement_trial_6,40C,40.0,cement,6,559.6427431853289,386.5246073404948
0.0,3,50C__cement_trial_1,50C,50.0,cement,1,559.6427431853289,392.7029113769531
0.0,3,50C__cement_trial_2,50C,50.0,cement,2,559.6427431853289,295.1789957682292
0.0,3,50C__cement_trial_3,50C,50.0,cement,3,559.6427431853289,370.90101114908856
0.0,3,50C__cement_trial_4,50C,50.0,cement,4,559.6427431853289,317.372314453125
0.0,3,50C__cement_trial_5,50C,50.0,cement,5,559.6427431853289,537.1869099934896
0.0,3,50C__cement_trial_6,50C,50.0,cement,6,559.6427431853289,682.0682373046875
0.0,3,60C__cement_trial_1,60C,60.0,cement,1,559.6427431853289,953.7991536458334
0.0,3,60C__cement_trial_2,60C,60.0,cement,2,559.6427431853289,730.2707722981771
0.0,3,60C__cement_trial_3,60C,60.0,cement,3,559.6427431853289,938.3350830078125
0.0,3,60C__cement_trial_4,60C,60.0,cement,4,559.6427431853289,737.1843872070312
0.0,3,60C__cement_trial_5,60C,60.0,cement,5,559.6427431853289,918.1874796549479
0.0,3,60C__cement_trial_6,60C,60.0,cement,6,559.6427431853289,631.2689717610677
0.0,4,30C__copper_trial_1,30C,30.0,copper,1,37192.601414797544,1645.5765787760417
0.0,4,30C__copper_trial_2,30C,30.0,copper,2,37192.601414797544,19513.162109375
0.0,4,30C__copper_trial_3,30C,30.0,copper,3,37192.601414797544,16399.759765625
0.0,4,30C__copper_trial_4,30C,30.0,copper,4,37192.601414797544,16833.6357421875
0.0,4,30C__copper_trial_5,30C,30.0,copper,5,37192.601414797544,14866.6796875
0.0,4,30C__copper_trial_6,30C,30.0,copper,6,37192.601414797544,12368.125325520834
0.0,4,40C__copper_trial_1,40C,40.0,copper,1,37192.601414797544,19699.015625
0.0,4,40C__copper_trial_2,40C,40.0,copper,2,37192.601414797544,11072.991536458334
0.0,4,40C__copper_trial_3,40C,40.0,copper,3,37192.601414797544,12926.2734375
0.0,4,40C__copper_trial_4,40C,40.0,copper,4,37192.601414797544,9136.5068359375
0.0,4,40C__copper_trial_5,40C,40.0,copper,5,37192.601414797544,9461.342447916666
0.0,4,40C__copper_trial_6,40C,40.0,copper,6,37192.601414797544,7554.242513020833
0.0,4,50C__copper_trial_1,50C,50.0,copper,1,37192.601414797544,6796.0546875
0.0,4,50C__copper_trial_2,50C,50.0,copper,2,37192.601414797544,10647.8681640625
0.0,4,50C__copper_trial_3,50C,50.0,copper,3,37192.601414797544,9211.1328125
0.0,4,50C__copper_trial_4,50C,50.0,copper,4,37192.601414797544,11922.689127604166
0.0,4,50C__copper_trial_5,50C,50.0,copper,5,37192.601414797544,10457.909505208334
0.0,4,50C__copper_trial_6,50C,50.0,copper,6,37192.601414797544,10653.4267578125
0.0,4,60C__copper_trial_1,60C,60.0,copper,1,37192.601414797544,14203.027669270834
0.0,4,60C__copper_trial_2,60C,60.0,copper,2,37192.601414797544,19613.527994791668
0.0,4,60C__copper_trial_3,60C,60.0,copper,3,37192.601414797544,15171.4951171875
0.0,4,60C__copper_trial_4,60C,60.0,copper,4,37192.601414797544,19739.436197916668
0.0,4,60C__copper_trial_5,60C,60.0,copper,5,37192.601414797544,16048.231770833334
0.0,4,60C__copper_trial_6,60C,60.0,copper,6,37192.601414797544,12348.847981770834
0.0,5,30C__cork_trial_1,30C,30.0,cork,1,136.29380029920657,163.40774536132812
0.0,5,30C__cork_trial_2,30C,30.0,cork,2,136.29380029920657,71.46251932779948
0.0,5,30C__cork_trial_3,30C,30.0,cork,3,136.29380029920657,55.39718755086263
0.0,5,30C__cork_trial_4,30C,30.0,cork,4,136.29380029920657,45.09790802001953
0.0,5,30C__cork_trial_5,30C,30.0,cork,5,136.29380029920657,65.36589177449544
0.0,5,30C__cork_trial_6,30C,30.0,cork,6,136.29380029920657,64.54545211791992
0.0,5,40C__cork_trial_1,40C,40.0,cork,1,136.29380029920657,86.97559102376302
0.0,5,40C__cork_trial_2,40C,40.0,cork,2,136.29380029920657,84.37184651692708
0.0,5,40C__cork_trial_3,40C,40.0,cork,3,136.29380029920657,99.27816518147786
0.0,5,40C__cork_trial_4,40C,40.0,cork,4,136.29380029920657,90.5916353861491
0.0,5,40C__cork_trial_5,40C,40.0,cork,5,136.29380029920657,40.3920046488444
0.0,5,40C__cork_trial_6,40C,40.0,cork,6,136.29380029920657,34.69771233372876
0.0,5,50C__cork_trial_1,50C,50.0,cork,1,136.29380029920657,466.7440490722656
0.0,5,50C__cork_trial_2,50C,50.0,cork,2,136.29380029920657,461.08648681640625
0.0,5,50C__cork_trial_3,50C,50.0,cork,3,136.29380029920657,426.69960530598956
0.0,5,50C__cork_trial_4,50C,50.0,cork,4,136.29380029920657,277.501714070638
0.0,5,50C__cork_trial_5,50C,50.0,cork,5,136.29380029920657,448.2279357910156
0.0,5,50C__cork_trial_6,50C,50.0,cork,6,136.29380029920657,381.39708455403644
0.0,5,60C__cork_trial_1,60C,60.0,cork,1,136.29380029920657,350.5018615722656
0.0,5,60C__cork_trial_2,60C,60.0,cork,2,136.29380029920657,391.57945760091144
0.0,5,60C__cork_trial_3,60C,60.0,cork,3,136.29380029920657,345.2169189453125
0.0,5,60C__cork_trial_4,60C,60.0,cork,4,136.29380029920657,328.6002197265625
0.0,5,60C__cork_trial_5,60C,60.0,cork,5,136.29380029920657,429.1950276692708
0.0,5,60C__cork_trial_6,60C,60.0,cork,6,136.29380029920657,390.97808837890625
0.0,6,30C__graphite_trial_1,30C,30.0,graphite,1,11367.497525840945,9362.454752604166
0.0,6,30C__graphite_trial_2,30C,30.0,graphite,2,11367.497525840945,3467.16845703125
0.0,6,30C__graphite_trial_3,30C,30.0,graphite,3,11367.497525840945,2148.304402669271
0.0,6,30C__graphite_trial_4,30C,30.0,graphite,4,11367.497525840945,3831.386962890625
0.0,6,30C__graphite_trial_5,30C,30.0,graphite,5,11367.497525840945,4003.6930338541665
0.0,6,30C__graphite_trial_6,30C,30.0,graphite,6,11367.497525840945,3816.6547037760415
0.0,6,40C__graphite_trial_1,40C,40.0,graphite,1,11367.497525840945,10354.05859375
0.0,6,40C__graphite_trial_2,40C,40.0,graphite,2,11367.497525840945,10732.7255859375
0.0,6,40C__graphite_trial_3,40C,40.0,graphite,3,11367.497525840945,7050.869954427083
0.0,6,40C__graphite_trial_4,40C,40.0,graphite,4,11367.497525840945,10232.974934895834
0.0,6,40C__graphite_trial_5,40C,40.0,graphite,5,11367.497525840945,4531.667643229167
0.0,6,40C__graphite_trial_6,40C,40.0,graphite,6,11367.497525840945,7583.696451822917
0.0,6,50C__graphite_trial_1,50C,50.0,graphite,1,11367.497525840945,13679.800455729166
0.0,6,50C__graphite_trial_2,50C,50.0,graphite,2,11367.497525840945,16406.648111979168
0.0,6,50C__graphite_trial_3,50C,50.0,graphite,3,11367.497525840945,18118.802408854168
0.0,6,50C__graphite_trial_4,50C,50.0,graphite,4,11367.497525840945,13149.074544270834
0.0,6,50C__graphite_trial_5,50C,50.0,graphite,5,11367.497525840945,6913.691731770833
0.0,6,50C__graphite_trial_6,50C,50.0,graphite,6,11367.497525840945,10249.415364583334
0.0,6,60C__graphite_trial_1,60C,60.0,graphite,1,11367.497525840945,9855.9609375
0.0,6,60C__graphite_trial_2,60C,60.0,graphite,2,11367.497525840945,13600.443684895834
0.0,6,60C__graphite_trial_3,60C,60.0,graphite,3,11367.497525840945,13843.372721354166
0.0,6,60C__graphite_trial_4,60C,60.0,graphite,4,11367.497525840945,14475.805989583334
0.0,6,60C__graphite_trial_5,60C,60.0,graphite,5,11367.497525840945,8638.737630208334
0.0,6,60C__graphite_trial_6,60C,60.0,graphite,6,11367.497525840945,14419.458333333334
0.0,7,30C__gypsum_trial_1,30C,30.0,gypsum,1,385.01948002666046,273.020258585612
0.0,7,30C__gypsum_trial_2,30C,30.0,gypsum,2,385.01948002666046,370.89801025390625
0.0,7,30C__gypsum_trial_3,30C,30.0,gypsum,3,385.01948002666046,268.4840901692708
0.0,7,30C__gypsum_trial_4,30C,30.0,gypsum,4,385.01948002666046,193.2220255533854
0.0,7,30C__gypsum_trial_5,30C,30.0,gypsum,5,385.01948002666046,282.26378377278644
0.0,7,30C__gypsum_trial_6,30C,30.0,gypsum,6,385.01948002666046,194.21139526367188
0.0,7,40C__gypsum_trial_1,40C,40.0,gypsum,1,385.01948002666046,311.0673319498698
0.0,7,40C__gypsum_trial_2,40C,40.0,gypsum,2,385.01948002666046,212.92190551757812
0.0,7,40C__gypsum_trial_3,40C,40.0,gypsum,3,385.01948002666046,240.60816955566406
0.0,7,40C__gypsum_trial_4,40C,40.0,gypsum,4,385.01948002666046,443.44933064778644
0.0,7,40C__gypsum_trial_5,40C,40.0,gypsum,5,385.01948002666046,877.0829264322916
0.0,7,40C__gypsum_trial_6,40C,40.0,gypsum,6,385.01948002666046,608.7640787760416
0.0,7,50C__gypsum_trial_1,50C,50.0,gypsum,1,385.01948002666046,825.6996663411459
0.0,7,50C__gypsum_trial_2,50C,50.0,gypsum,2,385.01948002666046,668.470947265625
0.0,7,50C__gypsum_trial_3,50C,50.0,gypsum,3,385.01948002666046,780.0301513671875
0.0,7,50C__gypsum_trial_4,50C,50.0,gypsum,4,385.01948002666046,689.4295857747396
0.0,7,50C__gypsum_trial_5,50C,50.0,gypsum,5,385.01948002666046,900.940673828125
0.0,7,50C__gypsum_trial_6,50C,50.0,gypsum,6,385.01948002666046,608.1939900716146
0.0,7,60C__gypsum_trial_1,60C,60.0,gypsum,1,385.01948002666046,2815.5249837239585
0.0,7,60C__gypsum_trial_2,60C,60.0,gypsum,2,385.01948002666046,887.3023681640625
0.0,7,60C__gypsum_trial_3,60C,60.0,gypsum,3,385.01948002666046,1113.5693766276042
0.0,7,60C__gypsum_trial_4,60C,60.0,gypsum,4,385.01948002666046,2057.529052734375
0.0,7,60C__gypsum_trial_5,60C,60.0,gypsum,5,385.01948002666046,2380.6431477864585
0.0,7,60C__gypsum_trial_6,60C,60.0,gypsum,6,385.01948002666046,1706.7862141927083
0.0,8,30C__iron_trial_1,30C,30.0,iron,1,16859.663413010356,9928.842447916666
0.0,8,30C__iron_trial_2,30C,30.0,iron,2,16859.663413010356,25106.675130208332
0.0,8,30C__iron_trial_3,30C,30.0,iron,3,16859.663413010356,14019.354166666666
0.0,8,30C__iron_trial_4,30C,30.0,iron,4,16859.663413010356,17198.1904296875
0.0,8,30C__iron_trial_5,30C,30.0,iron,5,16859.663413010356,14246.230794270834
0.0,8,30C__iron_trial_6,30C,30.0,iron,6,16859.663413010356,14136.938151041666
0.0,8,40C__iron_trial_1,40C,40.0,iron,1,16859.663413010356,16363.69140625
0.0,8,40C__iron_trial_2,40C,40.0,iron,2,16859.663413010356,7934.617513020833
0.0,8,40C__iron_trial_3,40C,40.0,iron,3,16859.663413010356,8450.131510416666
0.0,8,40C__iron_trial_4,40C,40.0,iron,4,16859.663413010356,6637.55078125
0.0,8,40C__iron_trial_5,40C,40.0,iron,5,16859.663413010356,15270.18359375
0.0,8,40C__iron_trial_6,40C,40.0,iron,6,16859.663413010356,15719.463541666666
0.0,8,50C__iron_trial_1,50C,50.0,iron,1,16859.663413010356,9342.261393229166
0.0,8,50C__iron_trial_2,50C,50.0,iron,2,16859.663413010356,12742.680338541666
0.0,8,50C__iron_trial_3,50C,50.0,iron,3,16859.663413010356,11265.580729166666
0.0,8,50C__iron_trial_4,50C,50.0,iron,4,16859.663413010356,13317.916341145834
0.0,8,50C__iron_trial_5,50C,50.0,iron,5,16859.663413010356,17427.069010416668
0.0,8,50C__iron_trial_6,50C,50.0,iron,6,16859.663413010356,25643.404296875
0.0,8,60C__iron_trial_1,60C,60.0,iron,1,16859.663413010356,29945.557291666668
0.0,8,60C__iron_trial_2,60C,60.0,iron,2,16859.663413010356,19251.573567708332
0.0,8,60C__iron_trial_3,60C,60.0,iron,3,16859.663413010356,16439.6884765625
0.0,8,60C__iron_trial_4,60C,60.0,iron,4,16859.663413010356,13788.082682291666
0.0,8,60C__iron_trial_5,60C,60.0,iron,5,16859.663413010356,16790.52734375
0.0,8,60C__iron_trial_6,60C,60.0,iron,6,16859.663413010356,21861.620442708332
0.0,9,30C__nickel_trial_1,30C,30.0,nickel,1,19320.68449098013,13198.001302083334
0.0,9,30C__nickel_trial_2,30C,30.0,nickel,2,19320.68449098013,14588.80078125
0.0,9,30C__nickel_trial_3,30C,30.0,nickel,3,19320.68449098013,18742.975911458332
0.0,9,30C__nickel_trial_4,30C,30.0,nickel,4,19320.68449098013,10664.7724609375
0.0,9,30C__nickel_trial_5,30C,30.0,nickel,5,19320.68449098013,20014.438151041668
0.0,9,30C__nickel_trial_6,30C,30.0,nickel,6,19320.68449098013,23567.143229166668
0.0,9,40C__nickel_trial_1,40C,40.0,nickel,1,19320.68449098013,7585.562662760417
0.0,9,40C__nickel_trial_2,40C,40.0,nickel,2,19320.68449098013,7787.208984375
0.0,9,40C__nickel_trial_3,40C,40.0,nickel,3,19320.68449098013,19173.798828125
0.0,9,40C__nickel_trial_4,40C,40.0,nickel,4,19320.68449098013,16187.352213541666
0.0,9,40C__nickel_trial_5,40C,40.0,nickel,5,19320.68449098013,14506.491536458334
0.0,9,40C__nickel_trial_6,40C,40.0,nickel,6,19320.68449098013,10455.124674479166
0.0,9,50C__nickel_trial_1,50C,50.0,nickel,1,19320.68449098013,10106.182291666666
0.0,9,50C__nickel_trial_2,50C,50.0,nickel,2,19320.68449098013,10584.416341145834
0.0,9,50C__nickel_trial_3,50C,50.0,nickel,3,19320.68449098013,11657.757161458334
0.0,9,50C__nickel_trial_4,50C,50.0,nickel,4,19320.68449098013,12626.0947265625
0.0,9,50C__nickel_trial_5,50C,50.0,nickel,5,19320.68449098013,7510.205403645833
0.0,9,50C__nickel_trial_6,50C,50.0,nickel,6,19320.68449098013,17211.610677083332
0.0,9,60C__nickel_trial_1,60C,60.0,nickel,1,19320.68449098013,13460.977864583334
0.0,9,60C__nickel_trial_2,60C,60.0,nickel,2,19320.68449098013,20400.780598958332
0.0,9,60C__nickel_trial_3,60C,60.0,nickel,3,19320.68449098013,15804.631184895834
0.0,9,60C__nickel_trial_4,60C,60.0,nickel,4,19320.68449098013,21366.880208333332
0.0,9,60C__nickel_trial_5,60C,60.0,nickel,5,19320.68449098013,21390.321614583332
0.0,9,60C__nickel_trial_6,60C,60.0,nickel,6,19320.68449098013,24862.678385416668
0.0,10,30C__pdms_trial_1,30C,30.0,pdms,1,460.90129095067635,195.86135864257812
0.0,10,30C__pdms_trial_2,30C,30.0,pdms,2,460.90129095067635,105.25066630045573
0.0,10,30C__pdms_trial_3,30C,30.0,pdms,3,460.90129095067635,146.7482147216797
0.0,10,30C__pdms_trial_4,30C,30.0,pdms,4,460.90129095067635,48.615577697753906
0.0,10,30C__pdms_trial_5,30C,30.0,pdms,5,460.90129095067635,191.4343007405599
0.0,10,30C__pdms_trial_6,30C,30.0,pdms,6,460.90129095067635,75.28584798177083
0.0,10,40C__pdms_trial_1,40C,40.0,pdms,1,460.90129095067635,431.77675374348956
0.0,10,40C__pdms_trial_2,40C,40.0,pdms,2,460.90129095067635,423.88600667317706
0.0,10,40C__pdms_trial_3,40C,40.0,pdms,3,460.90129095067635,422.0284118652344
0.0,10,40C__pdms_trial_4,40C,40.0,pdms,4,460.90129095067635,460.49561564127606
0.0,10,40C__pdms_trial_5,40C,40.0,pdms,5,460.90129095067635,232.97966512044272
0.0,10,40C__pdms_trial_6,40C,40.0,pdms,6,460.90129095067635,361.95082600911456
0.0,10,50C__pdms_trial_1,50C,50.0,pdms,1,460.90129095067635,224.75682067871094
0.0,10,50C__pdms_trial_2,50C,50.0,pdms,2,460.90129095067635,147.51093037923178
0.0,10,50C__pdms_trial_3,50C,50.0,pdms,3,460.90129095067635,459.1651611328125
0.0,10,50C__pdms_trial_4,50C,50.0,pdms,4,460.90129095067635,413.44525146484375
0.0,10,50C__pdms_trial_5,50C,50.0,pdms,5,460.90129095067635,218.98253885904947
0.0,10,50C__pdms_trial_6,50C,50.0,pdms,6,460.90129095067635,269.5026397705078
0.0,10,60C__pdms_trial_1,60C,60.0,pdms,1,460.90129095067635,619.177734375
0.0,10,60C__pdms_trial_2,60C,60.0,pdms,2,460.90129095067635,456.16089884440106
0.0,10,60C__pdms_trial_3,60C,60.0,pdms,3,460.90129095067635,470.03017171223956
0.0,10,60C__pdms_trial_4,60C,60.0,pdms,4,460.90129095067635,264.09434509277344
0.0,10,60C__pdms_trial_5,60C,60.0,pdms,5,460.90129095067635,211.60394287109375
0.0,10,60C__pdms_trial_6,60C,60.0,pdms,6,460.90129095067635,150.50243631998697
0.0,11,30C__ps_foam_trial_1,30C,30.0,ps_foam,1,34.496376621320685,515.097890218099
0.0,11,30C__ps_foam_trial_2,30C,30.0,ps_foam,2,34.496376621320685,547.1431274414062
0.0,11,30C__ps_foam_trial_3,30C,30.0,ps_foam,3,34.496376621320685,418.31554158528644
0.0,11,30C__ps_foam_trial_4,30C,30.0,ps_foam,4,34.496376621320685,309.41771443684894
0.0,11,30C__ps_foam_trial_5,30C,30.0,ps_foam,5,34.496376621320685,158.95973205566406
0.0,11,30C__ps_foam_trial_6,30C,30.0,ps_foam,6,34.496376621320685,197.35643005371094
0.0,11,40C__ps_foam_trial_1,40C,40.0,ps_foam,1,34.496376621320685,54.00807317097982
0.0,11,40C__ps_foam_trial_2,40C,40.0,ps_foam,2,34.496376621320685,51.58289591471354
0.0,11,40C__ps_foam_trial_3,40C,40.0,ps_foam,3,34.496376621320685,46.86722686965286
0.0,11,40C__ps_foam_trial_4,40C,40.0,ps_foam,4,34.496376621320685,853.6158243815104
0.0,11,40C__ps_foam_trial_5,40C,40.0,ps_foam,5,34.496376621320685,90.03864669799805
0.0,11,40C__ps_foam_trial_6,40C,40.0,ps_foam,6,34.496376621320685,102.08528900146484
0.0,11,50C__ps_foam_trial_1,50C,50.0,ps_foam,1,34.496376621320685,53.45030212402344
0.0,11,50C__ps_foam_trial_2,50C,50.0,ps_foam,2,34.496376621320685,66.63295110066731
0.0,11,50C__ps_foam_trial_3,50C,50.0,ps_foam,3,34.496376621320685,53.991448720296226
0.0,11,50C__ps_foam_trial_4,50C,50.0,ps_foam,4,34.496376621320685,53.910194396972656
0.0,11,50C__ps_foam_trial_5,50C,50.0,ps_foam,5,34.496376621320685,55.88010025024414
0.0,11,50C__ps_foam_trial_6,50C,50.0,ps_foam,6,34.496376621320685,57.56957880655924
0.0,11,60C__ps_foam_trial_1,60C,60.0,ps_foam,1,34.496376621320685,238.61807250976562
0.0,11,60C__ps_foam_trial_2,60C,60.0,ps_foam,2,34.496376621320685,242.12432861328125
0.0,11,60C__ps_foam_trial_3,60C,60.0,ps_foam,3,34.496376621320685,182.72063700358072
0.0,11,60C__ps_foam_trial_4,60C,60.0,ps_foam,4,34.496376621320685,172.5464833577474
0.0,11,60C__ps_foam_trial_5,60C,60.0,ps_foam,5,34.496376621320685,315.7546641031901
0.0,11,60C__ps_foam_trial_6,60C,60.0,ps_foam,6,34.496376621320685,309.75306193033856
0.0,12,30C__pu_foam_trial_1,30C,30.0,pu_foam,1,42.49705872175155,147.2734146118164
0.0,12,30C__pu_foam_trial_2,30C,30.0,pu_foam,2,42.49705872175155,108.06736501057942
0.0,12,30C__pu_foam_trial_3,30C,30.0,pu_foam,3,42.49705872175155,236.58179219563803
0.0,12,30C__pu_foam_trial_4,30C,30.0,pu_foam,4,42.49705872175155,222.5358428955078
0.0,12,30C__pu_foam_trial_5,30C,30.0,pu_foam,5,42.49705872175155,269.9745330810547
0.0,12,30C__pu_foam_trial_6,30C,30.0,pu_foam,6,42.49705872175155,89.40800221761067
0.0,12,40C__pu_foam_trial_1,40C,40.0,pu_foam,1,42.49705872175155,74.39417521158855
0.0,12,40C__pu_foam_trial_2,40C,40.0,pu_foam,2,42.49705872175155,97.29465993245442
0.0,12,40C__pu_foam_trial_3,40C,40.0,pu_foam,3,42.49705872175155,101.32847849527995
0.0,12,40C__pu_foam_trial_4,40C,40.0,pu_foam,4,42.49705872175155,74.38958740234375
0.0,12,40C__pu_foam_trial_5,40C,40.0,pu_foam,5,42.49705872175155,37.72578703946366
0.0,12,40C__pu_foam_trial_6,40C,40.0,pu_foam,6,42.49705872175155,46.27083841959635
0.0,12,50C__pu_foam_trial_1,50C,50.0,pu_foam,1,42.49705872175155,114.6765874226888
0.0,12,50C__pu_foam_trial_2,50C,50.0,pu_foam,2,42.49705872175155,76.53750864664714
0.0,12,50C__pu_foam_trial_3,50C,50.0,pu_foam,3,42.49705872175155,114.06850179036458
0.0,12,50C__pu_foam_trial_4,50C,50.0,pu_foam,4,42.49705872175155,89.58274586995442
0.0,12,50C__pu_foam_trial_5,50C,50.0,pu_foam,5,42.49705872175155,94.0950215657552
0.0,12,50C__pu_foam_trial_6,50C,50.0,pu_foam,6,42.49705872175155,96.8089090983073
0.0,12,60C__pu_foam_trial_1,60C,60.0,pu_foam,1,42.49705872175155,164.44721476236978
0.0,12,60C__pu_foam_trial_2,60C,60.0,pu_foam,2,42.49705872175155,1117.1731770833333
0.0,12,60C__pu_foam_trial_3,60C,60.0,pu_foam,3,42.49705872175155,405.12799072265625
0.0,12,60C__pu_foam_trial_4,60C,60.0,pu_foam,4,42.49705872175155,178.97689565022787
0.0,12,60C__pu_foam_trial_5,60C,60.0,pu_foam,5,42.49705872175155,316.8890889485677
0.0,12,60C__pu_foam_trial_6,60C,60.0,pu_foam,6,42.49705872175155,324.6250864664714
0.0,13,30C__titanium_trial_1,30C,30.0,titanium,1,7184.0359269702985,15525.415690104166
0.0,13,30C__titanium_trial_2,30C,30.0,titanium,2,7184.0359269702985,6852.47998046875
0.0,13,30C__titanium_trial_3,30C,30.0,titanium,3,7184.0359269702985,4473.188069661458
0.0,13,30C__titanium_trial_4,30C,30.0,titanium,4,7184.0359269702985,4323.350260416667
0.0,13,30C__titanium_trial_5,30C,30.0,titanium,5,7184.0359269702985,6467.770589192708
0.0,13,30C__titanium_trial_6,30C,30.0,titanium,6,7184.0359269702985,3868.0918782552085
0.0,13,40C__titanium_trial_1,40C,40.0,titanium,1,7184.0359269702985,14955.819986979166
0.0,13,40C__titanium_trial_2,40C,40.0,titanium,2,7184.0359269702985,14058.3623046875
0.0,13,40C__titanium_trial_3,40C,40.0,titanium,3,7184.0359269702985,18970.875651041668
0.0,13,40C__titanium_trial_4,40C,40.0,titanium,4,7184.0359269702985,11171.014322916666
0.0,13,40C__titanium_trial_5,40C,40.0,titanium,5,7184.0359269702985,17883.396484375
0.0,13,40C__titanium_trial_6,40C,40.0,titanium,6,7184.0359269702985,17114.118815104168
0.0,13,50C__titanium_trial_1,50C,50.0,titanium,1,7184.0359269702985,14039.651041666666
0.0,13,50C__titanium_trial_2,50C,50.0,titanium,2,7184.0359269702985,6086.422200520833
0.0,13,50C__titanium_trial_3,50C,50.0,titanium,3,7184.0359269702985,19289.567708333332
0.0,13,50C__titanium_trial_4,50C,50.0,titanium,4,7184.0359269702985,14862.1796875
0.0,13,50C__titanium_trial_5,50C,50.0,titanium,5,7184.0359269702985,11980.242838541666
0.0,13,50C__titanium_trial_6,50C,50.0,titanium,6,7184.0359269702985,14263.619791666666
0.0,13,60C__titanium_trial_1,60C,60.0,titanium,1,7184.0359269702985,11508.5712890625
0.0,13,60C__titanium_trial_2,60C,60.0,titanium,2,7184.0359269702985,12534.705729166666
0.0,13,60C__titanium_trial_3,60C,60.0,titanium,3,7184.0359269702985,10979.101236979166
0.0,13,60C__titanium_trial_4,60C,60.0,titanium,4,7184.0359269702985,11330.071940104166
0.0,13,60C__titanium_trial_5,60C,60.0,titanium,5,7184.0359269702985,12297.958658854166
0.0,13,60C__titanium_trial_6,60C,60.0,titanium,6,7184.0359269702985,13802.240234375
0.0,14,30C__wood_trial_1,30C,30.0,wood,1,422.49260348555214,78.82270050048828
0.0,14,30C__wood_trial_2,30C,30.0,wood,2,422.49260348555214,204.64556376139322
0.0,14,30C__wood_trial_3,30C,30.0,wood,3,422.49260348555214,128.97891998291016
0.0,14,30C__wood_trial_4,30C,30.0,wood,4,422.49260348555214,82.61700948079427
0.0,14,30C__wood_trial_5,30C,30.0,wood,5,422.49260348555214,103.47004954020183
0.0,14,30C__wood_trial_6,30C,30.0,wood,6,422.49260348555214,191.18409220377603
0.0,14,40C__wood_trial_1,40C,40.0,wood,1,422.49260348555214,154.26380920410156
0.0,14,40C__wood_trial_2,40C,40.0,wood,2,422.49260348555214,161.9596964518229
0.0,14,40C__wood_trial_3,40C,40.0,wood,3,422.49260348555214,167.88785298665366
0.0,14,40C__wood_trial_4,40C,40.0,wood,4,422.49260348555214,120.3285140991211
0.0,14,40C__wood_trial_5,40C,40.0,wood,5,422.49260348555214,273.4928334554036
0.0,14,40C__wood_trial_6,40C,40.0,wood,6,422.49260348555214,267.63971455891925
0.0,14,50C__wood_trial_1,50C,50.0,wood,1,422.49260348555214,242.24206034342447
0.0,14,50C__wood_trial_2,50C,50.0,wood,2,422.49260348555214,279.3379720052083
0.0,14,50C__wood_trial_3,50C,50.0,wood,3,422.49260348555214,265.0982920328776
0.0,14,50C__wood_trial_4,50C,50.0,wood,4,422.49260348555214,238.9991455078125
0.0,14,50C__wood_trial_5,50C,50.0,wood,5,422.49260348555214,218.9945831298828
0.0,14,50C__wood_trial_6,50C,50.0,wood,6,422.49260348555214,205.45062764485678
0.0,14,60C__wood_trial_1,60C,60.0,wood,1,422.49260348555214,12102.1962890625
0.0,14,60C__wood_trial_2,60C,60.0,wood,2,422.49260348555214,5597.164632161458
0.0,14,60C__wood_trial_3,60C,60.0,wood,3,422.49260348555214,8616.79541015625
0.0,14,60C__wood_trial_4,60C,60.0,wood,4,422.49260348555214,7620.77880859375
0.0,14,60C__wood_trial_5,60C,60.0,wood,5,422.49260348555214,4677.462646484375
0.0,14,60C__wood_trial_6,60C,60.0,wood,6,422.49260348555214,609.8665262858073
0.1,1,30C__aluminum_trial_1,30C,30.0,aluminum,1,23958.09466547789,15546.325846354166
0.1,1,30C__aluminum_trial_2,30C,30.0,aluminum,2,23958.09466547789,19786.001953125
0.1,1,30C__aluminum_trial_3,30C,30.0,aluminum,3,23958.09466547789,8972.34228515625
0.1,1,30C__aluminum_trial_4,30C,30.0,aluminum,4,23958.09466547789,16138.075846354166
0.1,1,30C__aluminum_trial_5,30C,30.0,aluminum,5,23958.09466547789,10675.2294921875
0.1,1,30C__aluminum_trial_6,30C,30.0,aluminum,6,23958.09466547789,11326.9677734375
0.1,1,40C__aluminum_trial_1,40C,40.0,aluminum,1,23958.09466547789,23131.89453125
0.1,1,40C__aluminum_trial_2,40C,40.0,aluminum,2,23958.09466547789,7449.34375
0.1,1,40C__aluminum_trial_3,40C,40.0,aluminum,3,23958.09466547789,27708.197916666668
0.1,1,40C__aluminum_trial_4,40C,40.0,aluminum,4,23958.09466547789,15268.571614583334
0.1,1,40C__aluminum_trial_5,40C,40.0,aluminum,5,23958.09466547789,11830.604817708334
0.1,1,40C__aluminum_trial_6,40C,40.0,aluminum,6,23958.09466547789,11945.0654296875
0.1,1,50C__aluminum_trial_1,50C,50.0,aluminum,1,23958.09466547789,14120.083658854166
0.1,1,50C__aluminum_trial_2,50C,50.0,aluminum,2,23958.09466547789,10748.1923828125
0.1,1,50C__aluminum_trial_3,50C,50.0,aluminum,3,23958.09466547789,14743.22265625
0.1,1,50C__aluminum_trial_4,50C,50.0,aluminum,4,23958.09466547789,18639.090494791668
0.1,1,50C__aluminum_trial_5,50C,50.0,aluminum,5,23958.09466547789,14416.4443359375
0.1,1,50C__aluminum_trial_6,50C,50.0,aluminum,6,23958.09466547789,22231.11328125
0.1,1,60C__aluminum_trial_1,60C,60.0,aluminum,1,23958.09466547789,18103.712890625
0.1,1,60C__aluminum_trial_2,60C,60.0,aluminum,2,23958.09466547789,14434.369466145834
0.1,1,60C__aluminum_trial_3,60C,60.0,aluminum,3,23958.09466547789,11282.707356770834
0.1,1,60C__aluminum_trial_4,60C,60.0,aluminum,4,23958.09466547789,15973.416015625
0.1,1,60C__aluminum_trial_5,60C,60.0,aluminum,5,23958.09466547789,16441.728515625
0.1,1,60C__aluminum_trial_6,60C,60.0,aluminum,6,23958.09466547789,20640.2578125
0.1,2,30C__bismuth_trial_1,30C,30.0,bismuth,1,3209.1026783199068,7499.356282552083
0.1,2,30C__bismuth_trial_2,30C,30.0,bismuth,2,3209.1026783199068,7029.234700520833
0.1,2,30C__bismuth_trial_3,30C,30.0,bismuth,3,3209.1026783199068,5246.426513671875
0.1,2,30C__bismuth_trial_4,30C,30.0,bismuth,4,3209.1026783199068,9467.884440104166
0.1,2,30C__bismuth_trial_5,30C,30.0,bismuth,5,3209.1026783199068,6021.541178385417
0.1,2,30C__bismuth_trial_6,30C,30.0,bismuth,6,3209.1026783199068,9543.858072916666
0.1,2,40C__bismuth_trial_1,40C,40.0,bismuth,1,3209.1026783199068,14729.950520833334
0.1,2,40C__bismuth_trial_2,40C,40.0,bismuth,2,3209.1026783199068,12245.2900390625
0.1,2,40C__bismuth_trial_3,40C,40.0,bismuth,3,3209.1026783199068,12689.1689453125
0.1,2,40C__bismuth_trial_4,40C,40.0,bismuth,4,3209.1026783199068,11799.2314453125
0.1,2,40C__bismuth_trial_5,40C,40.0,bismuth,5,3209.1026783199068,14003.6904296875
0.1,2,40C__bismuth_trial_6,40C,40.0,bismuth,6,3209.1026783199068,13727.763671875
0.1,2,50C__bismuth_trial_1,50C,50.0,bismuth,1,3209.1026783199068,10917.409505208334
0.1,2,50C__bismuth_trial_2,50C,50.0,bismuth,2,3209.1026783199068,13538.755859375
0.1,2,50C__bismuth_trial_3,50C,50.0,bismuth,3,3209.1026783199068,18925.505208333332
0.1,2,50C__bismuth_trial_4,50C,50.0,bismuth,4,3209.1026783199068,16896.321940104168
0.1,2,50C__bismuth_trial_5,50C,50.0,bismuth,5,3209.1026783199068,14344.951497395834
0.1,2,50C__bismuth_trial_6,50C,50.0,bismuth,6,3209.1026783199068,12901.901692708334
0.1,2,60C__bismuth_trial_1,60C,60.0,bismuth,1,3209.1026783199068,11634.973307291666
0.1,2,60C__bismuth_trial_2,60C,60.0,bismuth,2,3209.1026783199068,11692.582682291666
0.1,2,60C__bismuth_trial_3,60C,60.0,bismuth,3,3209.1026783199068,12879.602864583334
0.1,2,60C__bismuth_trial_4,60C,60.0,bismuth,4,3209.1026783199068,17915.6396484375
0.1,2,60C__bismuth_trial_5,60C,60.0,bismuth,5,3209.1026783199068,10787.9541015625
0.1,2,60C__bismuth_trial_6,60C,60.0,bismuth,6,3209.1026783199068,19467.964518229168
0.1,3,30C__cement_trial_1,30C,30.0,cement,1,559.6427431853289,479.3987223307292
0.1,3,30C__cement_trial_2,30C,30.0,cement,2,559.6427431853289,502.2933044433594
0.1,3,30C__cement_trial_3,30C,30.0,cement,3,559.6427431853289,468.9153645833333
0.1,3,30C__cement_trial_4,30C,30.0,cement,4,559.6427431853289,492.03526814778644
0.1,3,30C__cement_trial_5,30C,30.0,cement,5,559.6427431853289,557.3492635091146
0.1,3,30C__cement_trial_6,30C,30.0,cement,6,559.6427431853289,508.5096740722656
0.1,3,40C__cement_trial_1,40C,40.0,cement,1,559.6427431853289,417.8285725911458
0.1,3,40C__cement_trial_2,40C,40.0,cement,2,559.6427431853289,430.83286539713544
0.1,3,40C__cement_trial_3,40C,40.0,cement,3,559.6427431853289,343.20416259765625
0.1,3,40C__cement_trial_4,40C,40.0,cement,4,559.6427431853289,658.6712849934896
0.1,3,40C__cement_trial_5,40C,40.0,cement,5,559.6427431853289,633.996826171875
0.1,3,40C__cement_trial_6,40C,40.0,cement,6,559.6427431853289,408.9113260904948
0.1,3,50C__cement_trial_1,50C,50.0,cement,1,559.6427431853289,420.987548828125
0.1,3,50C__cement_trial_2,50C,50.0,cement,2,559.6427431853289,293.04114786783856
0.1,3,50C__cement_trial_3,50C,50.0,cement,3,559.6427431853289,399.8771158854167
0.1,3,50C__cement_trial_4,50C,50.0,cement,4,559.6427431853289,319.9453430175781
0.1,3,50C__cement_trial_5,50C,50.0,cement,5,559.6427431853289,554.5139363606771
0.1,3,50C__cement_trial_6,50C,50.0,cement,6,559.6427431853289,709.8834838867188
0.1,3,60C__cement_trial_1,60C,60.0,cement,1,559.6427431853289,954.963623046875
0.1,3,60C__cement_trial_2,60C,60.0,cement,2,559.6427431853289,688.9723510742188
0.1,3,60C__cement_trial_3,60C,60.0,cement,3,559.6427431853289,1004.3945109049479
0.1,3,60C__cement_trial_4,60C,60.0,cement,4,559.6427431853289,824.9502766927084
0.1,3,60C__cement_trial_5,60C,60.0,cement,5,559.6427431853289,982.8799641927084
0.1,3,60C__cement_trial_6,60C,60.0,cement,6,559.6427431853289,711.2232666015625
0.1,4,30C__copper_trial_1,30C,30.0,copper,1,37192.601414797544,1604.1624348958333
0.1,4,30C__copper_trial_2,30C,30.0,copper,2,37192.601414797544,19307.681640625
0.1,4,30C__copper_trial_3,30C,30.0,copper,3,37192.601414797544,16306.695963541666
0.1,4,30C__copper_trial_4,30C,30.0,copper,4,37192.601414797544,17971.426106770832
0.1,4,30C__copper_trial_5,30C,30.0,copper,5,37192.601414797544,14186.287109375
0.1,4,30C__copper_trial_6,30C,30.0,copper,6,37192.601414797544,13500.272786458334
0.1,4,40C__copper_trial_1,40C,40.0,copper,1,37192.601414797544,18401.38671875
0.1,4,40C__copper_trial_2,40C,40.0,copper,2,37192.601414797544,11423.0244140625
0.1,4,40C__copper_trial_3,40C,40.0,copper,3,37192.601414797544,12568.049479166666
0.1,4,40C__copper_trial_4,40C,40.0,copper,4,37192.601414797544,8581.905110677084
0.1,4,40C__copper_trial_5,40C,40.0,copper,5,37192.601414797544,8525.792317708334
0.1,4,40C__copper_trial_6,40C,40.0,copper,6,37192.601414797544,6746.9541015625
0.1,4,50C__copper_trial_1,50C,50.0,copper,1,37192.601414797544,6333.051106770833
0.1,4,50C__copper_trial_2,50C,50.0,copper,2,37192.601414797544,9985.316731770834
0.1,4,50C__copper_trial_3,50C,50.0,copper,3,37192.601414797544,8806.3291015625
0.1,4,50C__copper_trial_4,50C,50.0,copper,4,37192.601414797544,11543.402018229166
0.1,4,50C__copper_trial_5,50C,50.0,copper,5,37192.601414797544,9610.73046875
0.1,4,50C__copper_trial_6,50C,50.0,copper,6,37192.601414797544,8990.191569010416
0.1,4,60C__copper_trial_1,60C,60.0,copper,1,37192.601414797544,15576.465169270834
0.1,4,60C__copper_trial_2,60C,60.0,copper,2,37192.601414797544,19294.166666666668
0.1,4,60C__copper_trial_3,60C,60.0,copper,3,37192.601414797544,16301.378580729166
0.1,4,60C__copper_trial_4,60C,60.0,copper,4,37192.601414797544,19864.914713541668
0.1,4,60C__copper_trial_5,60C,60.0,copper,5,37192.601414797544,16421.2822265625
0.1,4,60C__copper_trial_6,60C,60.0,copper,6,37192.601414797544,13559.836263020834
0.1,5,30C__cork_trial_1,30C,30.0,cork,1,136.29380029920657,156.74426778157553
0.1,5,30C__cork_trial_2,30C,30.0,cork,2,136.29380029920657,69.1598014831543
0.1,5,30C__cork_trial_3,30C,30.0,cork,3,136.29380029920657,58.153359731038414
0.1,5,30C__cork_trial_4,30C,30.0,cork,4,136.29380029920657,44.35842787808671
0.1,5,30C__cork_trial_5,30C,30.0,cork,5,136.29380029920657,65.65649032592773
0.1,5,30C__cork_trial_6,30C,30.0,cork,6,136.29380029920657,64.13712310791016
0.1,5,40C__cork_trial_1,40C,40.0,cork,1,136.29380029920657,82.94562021891277
0.1,5,40C__cork_trial_2,40C,40.0,cork,2,136.29380029920657,84.02304331461589
0.1,5,40C__cork_trial_3,40C,40.0,cork,3,136.29380029920657,89.44745635986328
0.1,5,40C__cork_trial_4,40C,40.0,cork,4,136.29380029920657,91.63351949055989
0.1,5,40C__cork_trial_5,40C,40.0,cork,5,136.29380029920657,38.76599884033203
0.1,5,40C__cork_trial_6,40C,40.0,cork,6,136.29380029920657,35.39339847948645
0.1,5,50C__cork_trial_1,50C,50.0,cork,1,136.29380029920657,453.64194742838544
0.1,5,50C__cork_trial_2,50C,50.0,cork,2,136.29380029920657,427.1347961425781
0.1,5,50C__cork_trial_3,50C,50.0,cork,3,136.29380029920657,431.5314636230469
0.1,5,50C__cork_trial_4,50C,50.0,cork,4,136.29380029920657,267.3794911702474
0.1,5,50C__cork_trial_5,50C,50.0,cork,5,136.29380029920657,430.07664998372394
0.1,5,50C__cork_trial_6,50C,50.0,cork,6,136.29380029920657,371.02060953776044
0.1,5,60C__cork_trial_1,60C,60.0,cork,1,136.29380029920657,358.7569071451823
0.1,5,60C__cork_trial_2,60C,60.0,cork,2,136.29380029920657,380.9471842447917
0.1,5,60C__cork_trial_3,60C,60.0,cork,3,136.29380029920657,370.1060791015625
0.1,5,60C__cork_trial_4,60C,60.0,cork,4,136.29380029920657,342.14879353841144
0.1,5,60C__cork_trial_5,60C,60.0,cork,5,136.29380029920657,424.58595784505206
0.1,5,60C__cork_trial_6,60C,60.0,cork,6,136.29380029920657,382.24131266276044
0.1,6,30C__graphite_trial_1,30C,30.0,graphite,1,11367.497525840945,9779.801920572916
0.1,6,30C__graphite_trial_2,30C,30.0,graphite,2,11367.497525840945,4075.5623372395835
0.1,6,30C__graphite_trial_3,30C,30.0,graphite,3,11367.497525840945,2239.1297607421875
0.1,6,30C__graphite_trial_4,30C,30.0,graphite,4,11367.497525840945,4374.708984375
0.1,6,30C__graphite_trial_5,30C,30.0,graphite,5,11367.497525840945,4064.3848470052085
0.1,6,30C__graphite_trial_6,30C,30.0,graphite,6,11367.497525840945,4088.2090657552085
0.1,6,40C__graphite_trial_1,40C,40.0,graphite,1,11367.497525840945,10189.009440104166
0.1,6,40C__graphite_trial_2,40C,40.0,graphite,2,11367.497525840945,11211.34765625
0.1,6,40C__graphite_trial_3,40C,40.0,graphite,3,11367.497525840945,5054.252766927083
0.1,6,40C__graphite_trial_4,40C,40.0,graphite,4,11367.497525840945,12086.200846354166
0.1,6,40C__graphite_trial_5,40C,40.0,graphite,5,11367.497525840945,4036.1609700520835
0.1,6,40C__graphite_trial_6,40C,40.0,graphite,6,11367.497525840945,7399.087239583333
0.1,6,50C__graphite_trial_1,50C,50.0,graphite,1,11367.497525840945,13398.291666666666
0.1,6,50C__graphite_trial_2,50C,50.0,graphite,2,11367.497525840945,16596.5439453125
0.1,6,50C__graphite_trial_3,50C,50.0,graphite,3,11367.497525840945,18362.317057291668
0.1,6,50C__graphite_trial_4,50C,50.0,graphite,4,11367.497525840945,15189.424153645834
0.1,6,50C__graphite_trial_5,50C,50.0,graphite,5,11367.497525840945,7818.14697265625
0.1,6,50C__graphite_trial_6,50C,50.0,graphite,6,11367.497525840945,10596.412109375
0.1,6,60C__graphite_trial_1,60C,60.0,graphite,1,11367.497525840945,9123.923014322916
0.1,6,60C__graphite_trial_2,60C,60.0,graphite,2,11367.497525840945,10281.7412109375
0.1,6,60C__graphite_trial_3,60C,60.0,graphite,3,11367.497525840945,12927.595377604166
0.1,6,60C__graphite_trial_4,60C,60.0,graphite,4,11367.497525840945,13634.145833333334
0.1,6,60C__graphite_trial_5,60C,60.0,graphite,5,11367.497525840945,10692.997721354166
0.1,6,60C__graphite_trial_6,60C,60.0,graphite,6,11367.497525840945,13686.7685546875
0.1,7,30C__gypsum_trial_1,30C,30.0,gypsum,1,385.01948002666046,289.6847788492839
0.1,7,30C__gypsum_trial_2,30C,30.0,gypsum,2,385.01948002666046,339.3752746582031
0.1,7,30C__gypsum_trial_3,30C,30.0,gypsum,3,385.01948002666046,266.66420491536456
0.1,7,30C__gypsum_trial_4,30C,30.0,gypsum,4,385.01948002666046,193.3777821858724
0.1,7,30C__gypsum_trial_5,30C,30.0,gypsum,5,385.01948002666046,263.06226603190106
0.1,7,30C__gypsum_trial_6,30C,30.0,gypsum,6,385.01948002666046,206.5713094075521
0.1,7,40C__gypsum_trial_1,40C,40.0,gypsum,1,385.01948002666046,292.21636962890625
0.1,7,40C__gypsum_trial_2,40C,40.0,gypsum,2,385.01948002666046,218.58124287923178
0.1,7,40C__gypsum_trial_3,40C,40.0,gypsum,3,385.01948002666046,238.52359517415366
0.1,7,40C__gypsum_trial_4,40C,40.0,gypsum,4,385.01948002666046,416.6313883463542
0.1,7,40C__gypsum_trial_5,40C,40.0,gypsum,5,385.01948002666046,751.8326416015625
0.1,7,40C__gypsum_trial_6,40C,40.0,gypsum,6,385.01948002666046,567.9777119954427
0.1,7,50C__gypsum_trial_1,50C,50.0,gypsum,1,385.01948002666046,846.5811157226562
0.1,7,50C__gypsum_trial_2,50C,50.0,gypsum,2,385.01948002666046,710.2244059244791
0.1,7,50C__gypsum_trial_3,50C,50.0,gypsum,3,385.01948002666046,787.3419799804688
0.1,7,50C__gypsum_trial_4,50C,50.0,gypsum,4,385.01948002666046,710.0931396484375
0.1,7,50C__gypsum_trial_5,50C,50.0,gypsum,5,385.01948002666046,907.2888997395834
0.1,7,50C__gypsum_trial_6,50C,50.0,gypsum,6,385.01948002666046,643.436279296875
0.1,7,60C__gypsum_trial_1,60C,60.0,gypsum,1,385.01948002666046,2762.2435709635415
0.1,7,60C__gypsum_trial_2,60C,60.0,gypsum,2,385.01948002666046,1039.07666015625
0.1,7,60C__gypsum_trial_3,60C,60.0,gypsum,3,385.01948002666046,1180.5211588541667
0.1,7,60C__gypsum_trial_4,60C,60.0,gypsum,4,385.01948002666046,2527.873006184896
0.1,7,60C__gypsum_trial_5,60C,60.0,gypsum,5,385.01948002666046,2606.1200358072915
0.1,7,60C__gypsum_trial_6,60C,60.0,gypsum,6,385.01948002666046,1771.1368815104167
0.1,8,30C__iron_trial_1,30C,30.0,iron,1,16859.663413010356,10746.5361328125
0.1,8,30C__iron_trial_2,30C,30.0,iron,2,16859.663413010356,23307.23046875
0.1,8,30C__iron_trial_3,30C,30.0,iron,3,16859.663413010356,13959.614908854166
0.1,8,30C__iron_trial_4,30C,30.0,iron,4,16859.663413010356,17884.680338541668
0.1,8,30C__iron_trial_5,30C,30.0,iron,5,16859.663413010356,13787.736979166666
0.1,8,30C__iron_trial_6,30C,30.0,iron,6,16859.663413010356,15465.658854166666
0.1,8,40C__iron_trial_1,40C,40.0,iron,1,16859.663413010356,14963.563151041666
0.1,8,40C__iron_trial_2,40C,40.0,iron,2,16859.663413010356,7826.1845703125
0.1,8,40C__iron_trial_3,40C,40.0,iron,3,16859.663413010356,8529.91650390625
0.1,8,40C__iron_trial_4,40C,40.0,iron,4,16859.663413010356,6591.371907552083
0.1,8,40C__iron_trial_5,40C,40.0,iron,5,16859.663413010356,13935.4453125
0.1,8,40C__iron_trial_6,40C,40.0,iron,6,16859.663413010356,15226.494791666666
0.1,8,50C__iron_trial_1,50C,50.0,iron,1,16859.663413010356,9674.563639322916
0.1,8,50C__iron_trial_2,50C,50.0,iron,2,16859.663413010356,13380.666341145834
0.1,8,50C__iron_trial_3,50C,50.0,iron,3,16859.663413010356,12824.30078125
0.1,8,50C__iron_trial_4,50C,50.0,iron,4,16859.663413010356,13173.522135416666
0.1,8,50C__iron_trial_5,50C,50.0,iron,5,16859.663413010356,17300.047526041668
0.1,8,50C__iron_trial_6,50C,50.0,iron,6,16859.663413010356,24600.863932291668
0.1,8,60C__iron_trial_1,60C,60.0,iron,1,16859.663413010356,29895.748697916668
0.1,8,60C__iron_trial_2,60C,60.0,iron,2,16859.663413010356,19633.604166666668
0.1,8,60C__iron_trial_3,60C,60.0,iron,3,16859.663413010356,19124.121744791668
0.1,8,60C__iron_trial_4,60C,60.0,iron,4,16859.663413010356,13713.080078125
0.1,8,60C__iron_trial_5,60C,60.0,iron,5,16859.663413010356,15046.876627604166
0.1,8,60C__iron_trial_6,60C,60.0,iron,6,16859.663413010356,22046.809244791668
0.1,9,30C__nickel_trial_1,30C,30.0,nickel,1,19320.68449098013,12006.900065104166
0.1,9,30C__nickel_trial_2,30C,30.0,nickel,2,19320.68449098013,13674.080403645834
0.1,9,30C__nickel_trial_3,30C,30.0,nickel,3,19320.68449098013,18771.33203125
0.1,9,30C__nickel_trial_4,30C,30.0,nickel,4,19320.68449098013,11420.824869791666
0.1,9,30C__nickel_trial_5,30C,30.0,nickel,5,19320.68449098013,19400.581705729168
0.1,9,30C__nickel_trial_6,30C,30.0,nickel,6,19320.68449098013,23391.70703125
0.1,9,40C__nickel_trial_1,40C,40.0,nickel,1,19320.68449098013,7528.8076171875
0.1,9,40C__nickel_trial_2,40C,40.0,nickel,2,19320.68449098013,7926.203938802083
0.1,9,40C__nickel_trial_3,40C,40.0,nickel,3,19320.68449098013,20538.435546875
0.1,9,40C__nickel_trial_4,40C,40.0,nickel,4,19320.68449098013,15391.931966145834
0.1,9,40C__nickel_trial_5,40C,40.0,nickel,5,19320.68449098013,13176.930338541666
0.1,9,40C__nickel_trial_6,40C,40.0,nickel,6,19320.68449098013,10627.2744140625
0.1,9,50C__nickel_trial_1,50C,50.0,nickel,1,19320.68449098013,10691.702473958334
0.1,9,50C__nickel_trial_2,50C,50.0,nickel,2,19320.68449098013,11401.519205729166
0.1,9,50C__nickel_trial_3,50C,50.0,nickel,3,19320.68449098013,12221.411458333334
0.1,9,50C__nickel_trial_4,50C,50.0,nickel,4,19320.68449098013,11324.107096354166
0.1,9,50C__nickel_trial_5,50C,50.0,nickel,5,19320.68449098013,7900.631998697917
0.1,9,50C__nickel_trial_6,50C,50.0,nickel,6,19320.68449098013,17966.178385416668
0.1,9,60C__nickel_trial_1,60C,60.0,nickel,1,19320.68449098013,11769.652669270834
0.1,9,60C__nickel_trial_2,60C,60.0,nickel,2,19320.68449098013,22047.650390625
0.1,9,60C__nickel_trial_3,60C,60.0,nickel,3,19320.68449098013,18276.1396484375
0.1,9,60C__nickel_trial_4,60C,60.0,nickel,4,19320.68449098013,22201.856119791668
0.1,9,60C__nickel_trial_5,60C,60.0,nickel,5,19320.68449098013,20857.639322916668
0.1,9,60C__nickel_trial_6,60C,60.0,nickel,6,19320.68449098013,25741.492838541668
0.1,10,30C__pdms_trial_1,30C,30.0,pdms,1,460.90129095067635,172.70514424641928
0.1,10,30C__pdms_trial_2,30C,30.0,pdms,2,460.90129095067635,124.89931996663411
0.1,10,30C__pdms_trial_3,30C,30.0,pdms,3,460.90129095067635,152.4876505533854
0.1,10,30C__pdms_trial_4,30C,30.0,pdms,4,460.90129095067635,46.850250244140625
0.1,10,30C__pdms_trial_5,30C,30.0,pdms,5,460.90129095067635,190.70366923014322
0.1,10,30C__pdms_trial_6,30C,30.0,pdms,6,460.90129095067635,84.86632537841797
0.1,10,40C__pdms_trial_1,40C,40.0,pdms,1,460.90129095067635,453.58302815755206
0.1,10,40C__pdms_trial_2,40C,40.0,pdms,2,460.90129095067635,444.28245035807294
0.1,10,40C__pdms_trial_3,40C,40.0,pdms,3,460.90129095067635,435.6378682454427
0.1,10,40C__pdms_trial_4,40C,40.0,pdms,4,460.90129095067635,446.0704854329427
0.1,10,40C__pdms_trial_5,40C,40.0,pdms,5,460.90129095067635,227.70499674479166
0.1,10,40C__pdms_trial_6,40C,40.0,pdms,6,460.90129095067635,345.5879720052083
0.1,10,50C__pdms_trial_1,50C,50.0,pdms,1,460.90129095067635,258.4040222167969
0.1,10,50C__pdms_trial_2,50C,50.0,pdms,2,460.90129095067635,162.12747192382812
0.1,10,50C__pdms_trial_3,50C,50.0,pdms,3,460.90129095067635,413.21483357747394
0.1,10,50C__pdms_trial_4,50C,50.0,pdms,4,460.90129095067635,374.5139567057292
0.1,10,50C__pdms_trial_5,50C,50.0,pdms,5,460.90129095067635,214.81522115071616
0.1,10,50C__pdms_trial_6,50C,50.0,pdms,6,460.90129095067635,274.0652262369792
0.1,10,60C__pdms_trial_1,60C,60.0,pdms,1,460.90129095067635,616.0114034016927
0.1,10,60C__pdms_trial_2,60C,60.0,pdms,2,460.90129095067635,426.00286865234375
0.1,10,60C__pdms_trial_3,60C,60.0,pdms,3,460.90129095067635,475.57469685872394
0.1,10,60C__pdms_trial_4,60C,60.0,pdms,4,460.90129095067635,242.2728271484375
0.1,10,60C__pdms_trial_5,60C,60.0,pdms,5,460.90129095067635,216.60565185546875
0.1,10,60C__pdms_trial_6,60C,60.0,pdms,6,460.90129095067635,155.05618794759116
0.1,11,30C__ps_foam_trial_1,30C,30.0,ps_foam,1,34.496376621320685,576.9713745117188
0.1,11,30C__ps_foam_trial_2,30C,30.0,ps_foam,2,34.496376621320685,580.0765177408854
0.1,11,30C__ps_foam_trial_3,30C,30.0,ps_foam,3,34.496376621320685,372.3870442708333
0.1,11,30C__ps_foam_trial_4,30C,30.0,ps_foam,4,34.496376621320685,309.10289510091144
0.1,11,30C__ps_foam_trial_5,30C,30.0,ps_foam,5,34.496376621320685,188.0800577799479
0.1,11,30C__ps_foam_trial_6,30C,30.0,ps_foam,6,34.496376621320685,221.47933451334634
0.1,11,40C__ps_foam_trial_1,40C,40.0,ps_foam,1,34.496376621320685,49.38440068562826
0.1,11,40C__ps_foam_trial_2,40C,40.0,ps_foam,2,34.496376621320685,53.19806035359701
0.1,11,40C__ps_foam_trial_3,40C,40.0,ps_foam,3,34.496376621320685,46.01546346226354
0.1,11,40C__ps_foam_trial_4,40C,40.0,ps_foam,4,34.496376621320685,912.3326009114584
0.1,11,40C__ps_foam_trial_5,40C,40.0,ps_foam,5,34.496376621320685,97.32776641845703
0.1,11,40C__ps_foam_trial_6,40C,40.0,ps_foam,6,34.496376621320685,89.85386657714844
0.1,11,50C__ps_foam_trial_1,50C,50.0,ps_foam,1,34.496376621320685,51.29358164469401
0.1,11,50C__ps_foam_trial_2,50C,50.0,ps_foam,2,34.496376621320685,64.63015619913737
0.1,11,50C__ps_foam_trial_3,50C,50.0,ps_foam,3,34.496376621320685,54.364630381266274
0.1,11,50C__ps_foam_trial_4,50C,50.0,ps_foam,4,34.496376621320685,51.987141927083336
0.1,11,50C__ps_foam_trial_5,50C,50.0,ps_foam,5,34.496376621320685,55.17451731363932
0.1,11,50C__ps_foam_trial_6,50C,50.0,ps_foam,6,34.496376621320685,57.15666580200195
0.1,11,60C__ps_foam_trial_1,60C,60.0,ps_foam,1,34.496376621320685,275.6815439860026
0.1,11,60C__ps_foam_trial_2,60C,60.0,ps_foam,2,34.496376621320685,269.86480712890625
0.1,11,60C__ps_foam_trial_3,60C,60.0,ps_foam,3,34.496376621320685,186.50433858235678
0.1,11,60C__ps_foam_trial_4,60C,60.0,ps_foam,4,34.496376621320685,177.83761088053384
0.1,11,60C__ps_foam_trial_5,60C,60.0,ps_foam,5,34.496376621320685,300.0142466227214
0.1,11,60C__ps_foam_trial_6,60C,60.0,ps_foam,6,34.496376621320685,267.1606190999349
0.1,12,30C__pu_foam_trial_1,30C,30.0,pu_foam,1,42.49705872175155,147.08204905192056
0.1,12,30C__pu_foam_trial_2,30C,30.0,pu_foam,2,42.49705872175155,107.34488677978516
0.1,12,30C__pu_foam_trial_3,30C,30.0,pu_foam,3,42.49705872175155,244.11172993977866
0.1,12,30C__pu_foam_trial_4,30C,30.0,pu_foam,4,42.49705872175155,205.58131408691406
0.1,12,30C__pu_foam_trial_5,30C,30.0,pu_foam,5,42.49705872175155,299.5318094889323
0.1,12,30C__pu_foam_trial_6,30C,30.0,pu_foam,6,42.49705872175155,96.55065409342448
0.1,12,40C__pu_foam_trial_1,40C,40.0,pu_foam,1,42.49705872175155,63.1080576578776
0.1,12,40C__pu_foam_trial_2,40C,40.0,pu_foam,2,42.49705872175155,92.12174987792969
0.1,12,40C__pu_foam_trial_3,40C,40.0,pu_foam,3,42.49705872175155,96.09135437011719
0.1,12,40C__pu_foam_trial_4,40C,40.0,pu_foam,4,42.49705872175155,80.52663040161133
0.1,12,40C__pu_foam_trial_5,40C,40.0,pu_foam,5,42.49705872175155,37.91415043261145
0.1,12,40C__pu_foam_trial_6,40C,40.0,pu_foam,6,42.49705872175155,51.4982058207194
0.1,12,50C__pu_foam_trial_1,50C,50.0,pu_foam,1,42.49705872175155,117.05967458089192
0.1,12,50C__pu_foam_trial_2,50C,50.0,pu_foam,2,42.49705872175155,78.25386810302734
0.1,12,50C__pu_foam_trial_3,50C,50.0,pu_foam,3,42.49705872175155,109.66709391276042
0.1,12,50C__pu_foam_trial_4,50C,50.0,pu_foam,4,42.49705872175155,79.35969416300456
0.1,12,50C__pu_foam_trial_5,50C,50.0,pu_foam,5,42.49705872175155,80.55113220214844
0.1,12,50C__pu_foam_trial_6,50C,50.0,pu_foam,6,42.49705872175155,92.71829732259114
0.1,12,60C__pu_foam_trial_1,60C,60.0,pu_foam,1,42.49705872175155,167.54507954915366
0.1,12,60C__pu_foam_trial_2,60C,60.0,pu_foam,2,42.49705872175155,1169.301778157552
0.1,12,60C__pu_foam_trial_3,60C,60.0,pu_foam,3,42.49705872175155,455.9024149576823
0.1,12,60C__pu_foam_trial_4,60C,60.0,pu_foam,4,42.49705872175155,180.6876220703125
0.1,12,60C__pu_foam_trial_5,60C,60.0,pu_foam,5,42.49705872175155,331.69151814778644
0.1,12,60C__pu_foam_trial_6,60C,60.0,pu_foam,6,42.49705872175155,353.49859619140625
0.1,13,30C__titanium_trial_1,30C,30.0,titanium,1,7184.0359269702985,13205.6474609375
0.1,13,30C__titanium_trial_2,30C,30.0,titanium,2,7184.0359269702985,6991.089518229167
0.1,13,30C__titanium_trial_3,30C,30.0,titanium,3,7184.0359269702985,5431.603190104167
0.1,13,30C__titanium_trial_4,30C,30.0,titanium,4,7184.0359269702985,4271.198567708333
0.1,13,30C__titanium_trial_5,30C,30.0,titanium,5,7184.0359269702985,8497.97021484375
0.1,13,30C__titanium_trial_6,30C,30.0,titanium,6,7184.0359269702985,4540.469645182292
0.1,13,40C__titanium_trial_1,40C,40.0,titanium,1,7184.0359269702985,14399.70703125
0.1,13,40C__titanium_trial_2,40C,40.0,titanium,2,7184.0359269702985,12929.115559895834
0.1,13,40C__titanium_trial_3,40C,40.0,titanium,3,7184.0359269702985,18058.6572265625
0.1,13,40C__titanium_trial_4,40C,40.0,titanium,4,7184.0359269702985,10457.740885416666
0.1,13,40C__titanium_trial_5,40C,40.0,titanium,5,7184.0359269702985,17737.379557291668
0.1,13,40C__titanium_trial_6,40C,40.0,titanium,6,7184.0359269702985,16658.869791666668
0.1,13,50C__titanium_trial_1,50C,50.0,titanium,1,7184.0359269702985,12739.7314453125
0.1,13,50C__titanium_trial_2,50C,50.0,titanium,2,7184.0359269702985,6806.929036458333
0.1,13,50C__titanium_trial_3,50C,50.0,titanium,3,7184.0359269702985,20412.080078125
0.1,13,50C__titanium_trial_4,50C,50.0,titanium,4,7184.0359269702985,15114.308919270834
0.1,13,50C__titanium_trial_5,50C,50.0,titanium,5,7184.0359269702985,11341.050130208334
0.1,13,50C__titanium_trial_6,50C,50.0,titanium,6,7184.0359269702985,15160.951497395834
0.1,13,60C__titanium_trial_1,60C,60.0,titanium,1,7184.0359269702985,10620.167154947916
0.1,13,60C__titanium_trial_2,60C,60.0,titanium,2,7184.0359269702985,10171.853515625
0.1,13,60C__titanium_trial_3,60C,60.0,titanium,3,7184.0359269702985,9866.139973958334
0.1,13,60C__titanium_trial_4,60C,60.0,titanium,4,7184.0359269702985,14448.31640625
0.1,13,60C__titanium_trial_5,60C,60.0,titanium,5,7184.0359269702985,10831.532877604166
0.1,13,60C__titanium_trial_6,60C,60.0,titanium,6,7184.0359269702985,13608.742513020834
0.1,14,30C__wood_trial_1,30C,30.0,wood,1,422.49260348555214,80.18164698282878
0.1,14,30C__wood_trial_2,30C,30.0,wood,2,422.49260348555214,208.38141886393228
0.1,14,30C__wood_trial_3,30C,30.0,wood,3,422.49260348555214,126.38211822509766
0.1,14,30C__wood_trial_4,30C,30.0,wood,4,422.49260348555214,82.32626088460286
0.1,14,30C__wood_trial_5,30C,30.0,wood,5,422.49260348555214,119.85707600911458
0.1,14,30C__wood_trial_6,30C,30.0,wood,6,422.49260348555214,201.25200398763022
0.1,14,40C__wood_trial_1,40C,40.0,wood,1,422.49260348555214,152.78597768147787
0.1,14,40C__wood_trial_2,40C,40.0,wood,2,422.49260348555214,164.7587636311849
0.1,14,40C__wood_trial_3,40C,40.0,wood,3,422.49260348555214,165.84186299641928
0.1,14,40C__wood_trial_4,40C,40.0,wood,4,422.49260348555214,117.45374552408855
0.1,14,40C__wood_trial_5,40C,40.0,wood,5,422.49260348555214,267.6333363850911
0.1,14,40C__wood_trial_6,40C,40.0,wood,6,422.49260348555214,222.9920857747396
0.1,14,50C__wood_trial_1,50C,50.0,wood,1,422.49260348555214,220.3008015950521
0.1,14,50C__wood_trial_2,50C,50.0,wood,2,422.49260348555214,266.6730244954427
0.1,14,50C__wood_trial_3,50C,50.0,wood,3,422.49260348555214,259.1725158691406
0.1,14,50C__wood_trial_4,50C,50.0,wood,4,422.49260348555214,242.35350036621094
0.1,14,50C__wood_trial_5,50C,50.0,wood,5,422.49260348555214,208.90560913085938
0.1,14,50C__wood_trial_6,50C,50.0,wood,6,422.49260348555214,193.84772237141928
0.1,14,60C__wood_trial_1,60C,60.0,wood,1,422.49260348555214,11525.185221354166
0.1,14,60C__wood_trial_2,60C,60.0,wood,2,422.49260348555214,5799.770182291667
0.1,14,60C__wood_trial_3,60C,60.0,wood,3,422.49260348555214,8003.282063802083
0.1,14,60C__wood_trial_4,60C,60.0,wood,4,422.49260348555214,7468.911783854167
0.1,14,60C__wood_trial_5,60C,60.0,wood,5,422.49260348555214,4733.732584635417
0.1,14,60C__wood_trial_6,60C,60.0,wood,6,422.49260348555214,598.5000610351562
0.3,1,30C__aluminum_trial_1,30C,30.0,aluminum,1,23958.09466547789,15472.870442708334
0.3,1,30C__aluminum_trial_2,30C,30.0,aluminum,2,23958.09466547789,19518.137369791668
0.3,1,30C__aluminum_trial_3,30C,30.0,aluminum,3,23958.09466547789,9800.548502604166
0.3,1,30C__aluminum_trial_4,30C,30.0,aluminum,4,23958.09466547789,16422.987955729168
0.3,1,30C__aluminum_trial_5,30C,30.0,aluminum,5,23958.09466547789,12313.2041015625
0.3,1,30C__aluminum_trial_6,30C,30.0,aluminum,6,23958.09466547789,11688.491536458334
0.3,1,40C__aluminum_trial_1,40C,40.0,aluminum,1,23958.09466547789,23998.692708333332
0.3,1,40C__aluminum_trial_2,40C,40.0,aluminum,2,23958.09466547789,10750.181966145834
0.3,1,40C__aluminum_trial_3,40C,40.0,aluminum,3,23958.09466547789,27804.006510416668
0.3,1,40C__aluminum_trial_4,40C,40.0,aluminum,4,23958.09466547789,15329.5859375
0.3,1,40C__aluminum_trial_5,40C,40.0,aluminum,5,23958.09466547789,12228.961588541666
0.3,1,40C__aluminum_trial_6,40C,40.0,aluminum,6,23958.09466547789,11999.683919270834
0.3,1,50C__aluminum_trial_1,50C,50.0,aluminum,1,23958.09466547789,14989.41796875
0.3,1,50C__aluminum_trial_2,50C,50.0,aluminum,2,23958.09466547789,11433.678059895834
0.3,1,50C__aluminum_trial_3,50C,50.0,aluminum,3,23958.09466547789,13870.684244791666
0.3,1,50C__aluminum_trial_4,50C,50.0,aluminum,4,23958.09466547789,20882.19140625
0.3,1,50C__aluminum_trial_5,50C,50.0,aluminum,5,23958.09466547789,12392.6875
0.3,1,50C__aluminum_trial_6,50C,50.0,aluminum,6,23958.09466547789,21498.873697916668
0.3,1,60C__aluminum_trial_1,60C,60.0,aluminum,1,23958.09466547789,16834.828125
0.3,1,60C__aluminum_trial_2,60C,60.0,aluminum,2,23958.09466547789,14716.1357421875
0.3,1,60C__aluminum_trial_3,60C,60.0,aluminum,3,23958.09466547789,12361.873046875
0.3,1,60C__aluminum_trial_4,60C,60.0,aluminum,4,23958.09466547789,15505.0234375
0.3,1,60C__aluminum_trial_5,60C,60.0,aluminum,5,23958.09466547789,16271.618815104166
0.3,1,60C__aluminum_trial_6,60C,60.0,aluminum,6,23958.09466547789,20012.233072916668
0.3,2,30C__bismuth_trial_1,30C,30.0,bismuth,1,3209.1026783199068,9603.397298177084
0.3,2,30C__bismuth_trial_2,30C,30.0,bismuth,2,3209.1026783199068,7040.068196614583
0.3,2,30C__bismuth_trial_3,30C,30.0,bismuth,3,3209.1026783199068,5632.519694010417
0.3,2,30C__bismuth_trial_4,30C,30.0,bismuth,4,3209.1026783199068,12068.774088541666
0.3,2,30C__bismuth_trial_5,30C,30.0,bismuth,5,3209.1026783199068,7606.011067708333
0.3,2,30C__bismuth_trial_6,30C,30.0,bismuth,6,3209.1026783199068,10487.0859375
0.3,2,40C__bismuth_trial_1,40C,40.0,bismuth,1,3209.1026783199068,15288.135091145834
0.3,2,40C__bismuth_trial_2,40C,40.0,bismuth,2,3209.1026783199068,13378.2255859375
0.3,2,40C__bismuth_trial_3,40C,40.0,bismuth,3,3209.1026783199068,10906.203776041666
0.3,2,40C__bismuth_trial_4,40C,40.0,bismuth,4,3209.1026783199068,12254.9248046875
0.3,2,40C__bismuth_trial_5,40C,40.0,bismuth,5,3209.1026783199068,14074.4580078125
0.3,2,40C__bismuth_trial_6,40C,40.0,bismuth,6,3209.1026783199068,13316.4130859375
0.3,2,50C__bismuth_trial_1,50C,50.0,bismuth,1,3209.1026783199068,10215.5751953125
0.3,2,50C__bismuth_trial_2,50C,50.0,bismuth,2,3209.1026783199068,13483.65625
0.3,2,50C__bismuth_trial_3,50C,50.0,bismuth,3,3209.1026783199068,19124.492838541668
0.3,2,50C__bismuth_trial_4,50C,50.0,bismuth,4,3209.1026783199068,16068.694986979166
0.3,2,50C__bismuth_trial_5,50C,50.0,bismuth,5,3209.1026783199068,14194.5615234375
0.3,2,50C__bismuth_trial_6,50C,50.0,bismuth,6,3209.1026783199068,13527.159830729166
0.3,2,60C__bismuth_trial_1,60C,60.0,bismuth,1,3209.1026783199068,11911.235677083334
0.3,2,60C__bismuth_trial_2,60C,60.0,bismuth,2,3209.1026783199068,11407.8115234375
0.3,2,60C__bismuth_trial_3,60C,60.0,bismuth,3,3209.1026783199068,12349.226236979166
0.3,2,60C__bismuth_trial_4,60C,60.0,bismuth,4,3209.1026783199068,17692.242838541668
0.3,2,60C__bismuth_trial_5,60C,60.0,bismuth,5,3209.1026783199068,10458.362630208334
0.3,2,60C__bismuth_trial_6,60C,60.0,bismuth,6,3209.1026783199068,18271.032552083332
0.3,3,30C__cement_trial_1,30C,30.0,cement,1,559.6427431853289,480.0208740234375
0.3,3,30C__cement_trial_2,30C,30.0,cement,2,559.6427431853289,431.88531494140625
0.3,3,30C__cement_trial_3,30C,30.0,cement,3,559.6427431853289,473.8492126464844
0.3,3,30C__cement_trial_4,30C,30.0,cement,4,559.6427431853289,530.1212463378906
0.3,3,30C__cement_trial_5,30C,30.0,cement,5,559.6427431853289,563.3192443847656
0.3,3,30C__cement_trial_6,30C,30.0,cement,6,559.6427431853289,415.8881429036458
0.3,3,40C__cement_trial_1,40C,40.0,cement,1,559.6427431853289,426.76015218098956
0.3,3,40C__cement_trial_2,40C,40.0,cement,2,559.6427431853289,409.9372253417969
0.3,3,40C__cement_trial_3,40C,40.0,cement,3,559.6427431853289,322.88836161295575
0.3,3,40C__cement_trial_4,40C,40.0,cement,4,559.6427431853289,620.0180053710938
0.3,3,40C__cement_trial_5,40C,40.0,cement,5,559.6427431853289,635.636474609375
0.3,3,40C__cement_trial_6,40C,40.0,cement,6,559.6427431853289,402.66099039713544
0.3,3,50C__cement_trial_1,50C,50.0,cement,1,559.6427431853289,506.51316324869794
0.3,3,50C__cement_trial_2,50C,50.0,cement,2,559.6427431853289,326.9530029296875
0.3,3,50C__cement_trial_3,50C,50.0,cement,3,559.6427431853289,392.1600341796875
0.3,3,50C__cement_trial_4,50C,50.0,cement,4,559.6427431853289,356.99620564778644
0.3,3,50C__cement_trial_5,50C,50.0,cement,5,559.6427431853289,517.5107421875
0.3,3,50C__cement_trial_6,50C,50.0,cement,6,559.6427431853289,586.9914855957031
0.3,3,60C__cement_trial_1,60C,60.0,cement,1,559.6427431853289,1044.3532307942708
0.3,3,60C__cement_trial_2,60C,60.0,cement,2,559.6427431853289,831.8968505859375
0.3,3,60C__cement_trial_3,60C,60.0,cement,3,559.6427431853289,1011.5406087239584
0.3,3,60C__cement_trial_4,60C,60.0,cement,4,559.6427431853289,827.9709879557291
0.3,3,60C__cement_trial_5,60C,60.0,cement,5,559.6427431853289,1033.554951985677
0.3,3,60C__cement_trial_6,60C,60.0,cement,6,559.6427431853289,729.7197875976562
0.3,4,30C__copper_trial_1,30C,30.0,copper,1,37192.601414797544,2744.0611165364585
0.3,4,30C__copper_trial_2,30C,30.0,copper,2,37192.601414797544,17596.087239583332
0.3,4,30C__copper_trial_3,30C,30.0,copper,3,37192.601414797544,16194.446614583334
0.3,4,30C__copper_trial_4,30C,30.0,copper,4,37192.601414797544,16587.010416666668
0.3,4,30C__copper_trial_5,30C,30.0,copper,5,37192.601414797544,15531.9033203125
0.3,4,30C__copper_trial_6,30C,30.0,copper,6,37192.601414797544,14192.741861979166
0.3,4,40C__copper_trial_1,40C,40.0,copper,1,37192.601414797544,20266.14418536763
0.3,4,40C__copper_trial_2,40C,40.0,copper,2,37192.601414797544,12985.990885416666
0.3,4,40C__copper_trial_3,40C,40.0,copper,3,37192.601414797544,13783.602213541666
0.3,4,40C__copper_trial_4,40C,40.0,copper,4,37192.601414797544,9883.00146484375
0.3,4,40C__copper_trial_5,40C,40.0,copper,5,37192.601414797544,9266.425130208334
0.3,4,40C__copper_trial_6,40C,40.0,copper,6,37192.601414797544,6945.36865234375
0.3,4,50C__copper_trial_1,50C,50.0,copper,1,37192.601414797544,6550.603678385417
0.3,4,50C__copper_trial_2,50C,50.0,copper,2,37192.601414797544,10607.534830729166
0.3,4,50C__copper_trial_3,50C,50.0,copper,3,37192.601414797544,10354.059895833334
0.3,4,50C__copper_trial_4,50C,50.0,copper,4,37192.601414797544,10984.422200520834
0.3,4,50C__copper_trial_5,50C,50.0,copper,5,37192.601414797544,9893.19921875
0.3,4,50C__copper_trial_6,50C,50.0,copper,6,37192.601414797544,9036.282877604166
0.3,4,60C__copper_trial_1,60C,60.0,copper,1,37192.601414797544,14920.3447265625
0.3,4,60C__copper_trial_2,60C,60.0,copper,2,37192.601414797544,18962.112630208332
0.3,4,60C__copper_trial_3,60C,60.0,copper,3,37192.601414797544,16575.226888020832
0.3,4,60C__copper_trial_4,60C,60.0,copper,4,37192.601414797544,17841.0302734375
0.3,4,60C__copper_trial_5,60C,60.0,copper,5,37192.601414797544,14776.105794270834
0.3,4,60C__copper_trial_6,60C,60.0,copper,6,37192.601414797544,13309.958984375
0.3,5,30C__cork_trial_1,30C,30.0,cork,1,136.29380029920657,146.9947509765625
0.3,5,30C__cork_trial_2,30C,30.0,cork,2,136.29380029920657,70.80986785888672
0.3,5,30C__cork_trial_3,30C,30.0,cork,3,136.29380029920657,59.94450378417969
0.3,5,30C__cork_trial_4,30C,30.0,cork,4,136.29380029920657,48.659358978271484
0.3,5,30C__cork_trial_5,30C,30.0,cork,5,136.29380029920657,61.551673889160156
0.3,5,30C__cork_trial_6,30C,30.0,cork,6,136.29380029920657,62.671058654785156
0.3,5,40C__cork_trial_1,40C,40.0,cork,1,136.29380029920657,88.51989237467448
0.3,5,40C__cork_trial_2,40C,40.0,cork,2,136.29380029920657,86.44423166910808
0.3,5,40C__cork_trial_3,40C,40.0,cork,3,136.29380029920657,90.1333745320638
0.3,5,40C__cork_trial_4,40C,40.0,cork,4,136.29380029920657,90.6760025024414
0.3,5,40C__cork_trial_5,40C,40.0,cork,5,136.29380029920657,38.30913289388021
0.3,5,40C__cork_trial_6,40C,40.0,cork,6,136.29380029920657,34.496376621320685
0.3,5,50C__cork_trial_1,50C,50.0,cork,1,136.29380029920657,486.4173990885417
0.3,5,50C__cork_trial_2,50C,50.0,cork,2,136.29380029920657,460.2533365885417
0.3,5,50C__cork_trial_3,50C,50.0,cork,3,136.29380029920657,419.7769775390625
0.3,5,50C__cork_trial_4,50C,50.0,cork,4,136.29380029920657,308.44533284505206
0.3,5,50C__cork_trial_5,50C,50.0,cork,5,136.29380029920657,449.04958089192706
0.3,5,50C__cork_trial_6,50C,50.0,cork,6,136.29380029920657,379.2543029785156
0.3,5,60C__cork_trial_1,60C,60.0,cork,1,136.29380029920657,358.37363688151044
0.3,5,60C__cork_trial_2,60C,60.0,cork,2,136.29380029920657,361.0221455891927
0.3,5,60C__cork_trial_3,60C,60.0,cork,3,136.29380029920657,382.2000223795573
0.3,5,60C__cork_trial_4,60C,60.0,cork,4,136.29380029920657,331.42418416341144
0.3,5,60C__cork_trial_5,60C,60.0,cork,5,136.29380029920657,412.8624979654948
0.3,5,60C__cork_trial_6,60C,60.0,cork,6,136.29380029920657,398.7943115234375
0.3,6,30C__graphite_trial_1,30C,30.0,graphite,1,11367.497525840945,10399.921223958334
0.3,6,30C__graphite_trial_2,30C,30.0,graphite,2,11367.497525840945,4742.908040364583
0.3,6,30C__graphite_trial_3,30C,30.0,graphite,3,11367.497525840945,1561.7422688802083
0.3,6,30C__graphite_trial_4,30C,30.0,graphite,4,11367.497525840945,8116.428955078125
0.3,6,30C__graphite_trial_5,30C,30.0,graphite,5,11367.497525840945,10778.737630208334
0.3,6,30C__graphite_trial_6,30C,30.0,graphite,6,11367.497525840945,1495.8810628255208
0.3,6,40C__graphite_trial_1,40C,40.0,graphite,1,11367.497525840945,9907.56494140625
0.3,6,40C__graphite_trial_2,40C,40.0,graphite,2,11367.497525840945,9768.34423828125
0.3,6,40C__graphite_trial_3,40C,40.0,graphite,3,11367.497525840945,6823.558919270833
0.3,6,40C__graphite_trial_4,40C,40.0,graphite,4,11367.497525840945,10926.66015625
0.3,6,40C__graphite_trial_5,40C,40.0,graphite,5,11367.497525840945,3240.2275390625
0.3,6,40C__graphite_trial_6,40C,40.0,graphite,6,11367.497525840945,6587.50439453125
0.3,6,50C__graphite_trial_1,50C,50.0,graphite,1,11367.497525840945,14650.775390625
0.3,6,50C__graphite_trial_2,50C,50.0,graphite,2,11367.497525840945,14967.2685546875
0.3,6,50C__graphite_trial_3,50C,50.0,graphite,3,11367.497525840945,14668.528645833334
0.3,6,50C__graphite_trial_4,50C,50.0,graphite,4,11367.497525840945,18156.2412109375
0.3,6,50C__graphite_trial_5,50C,50.0,graphite,5,11367.497525840945,8756.926920572916
0.3,6,50C__graphite_trial_6,50C,50.0,graphite,6,11367.497525840945,11105.049967447916
0.3,6,60C__graphite_trial_1,60C,60.0,graphite,1,11367.497525840945,10172.3740234375
0.3,6,60C__graphite_trial_2,60C,60.0,graphite,2,11367.497525840945,11744.978515625
0.3,6,60C__graphite_trial_3,60C,60.0,graphite,3,11367.497525840945,12124.9638671875
0.3,6,60C__graphite_trial_4,60C,60.0,graphite,4,11367.497525840945,15171.1953125
0.3,6,60C__graphite_trial_5,60C,60.0,graphite,5,11367.497525840945,10572.369466145834
0.3,6,60C__graphite_trial_6,60C,60.0,graphite,6,11367.497525840945,14827.052408854166
0.3,7,30C__gypsum_trial_1,30C,30.0,gypsum,1,385.01948002666046,225.7564900716146
0.3,7,30C__gypsum_trial_2,30C,30.0,gypsum,2,385.01948002666046,323.28882853190106
0.3,7,30C__gypsum_trial_3,30C,30.0,gypsum,3,385.01948002666046,240.1606241861979
0.3,7,30C__gypsum_trial_4,30C,30.0,gypsum,4,385.01948002666046,186.65131123860678
0.3,7,30C__gypsum_trial_5,30C,30.0,gypsum,5,385.01948002666046,227.91354370117188
0.3,7,30C__gypsum_trial_6,30C,30.0,gypsum,6,385.01948002666046,170.2174275716146
0.3,7,40C__gypsum_trial_1,40C,40.0,gypsum,1,385.01948002666046,311.86053466796875
0.3,7,40C__gypsum_trial_2,40C,40.0,gypsum,2,385.01948002666046,212.9654744466146
0.3,7,40C__gypsum_trial_3,40C,40.0,gypsum,3,385.01948002666046,234.25724283854166
0.3,7,40C__gypsum_trial_4,40C,40.0,gypsum,4,385.01948002666046,384.12200927734375
0.3,7,40C__gypsum_trial_5,40C,40.0,gypsum,5,385.01948002666046,595.2079467773438
0.3,7,40C__gypsum_trial_6,40C,40.0,gypsum,6,385.01948002666046,519.4112548828125
0.3,7,50C__gypsum_trial_1,50C,50.0,gypsum,1,385.01948002666046,1062.827128092448
0.3,7,50C__gypsum_trial_2,50C,50.0,gypsum,2,385.01948002666046,874.8971354166666
0.3,7,50C__gypsum_trial_3,50C,50.0,gypsum,3,385.01948002666046,636.7116292317709
0.3,7,50C__gypsum_trial_4,50C,50.0,gypsum,4,385.01948002666046,637.4894612630209
0.3,7,50C__gypsum_trial_5,50C,50.0,gypsum,5,385.01948002666046,1095.1912434895833
0.3,7,50C__gypsum_trial_6,50C,50.0,gypsum,6,385.01948002666046,757.6482543945312
0.3,7,60C__gypsum_trial_1,60C,60.0,gypsum,1,385.01948002666046,4217.640869140625
0.3,7,60C__gypsum_trial_2,60C,60.0,gypsum,2,385.01948002666046,2032.8293863932292
0.3,7,60C__gypsum_trial_3,60C,60.0,gypsum,3,385.01948002666046,1587.667704264323
0.3,7,60C__gypsum_trial_4,60C,60.0,gypsum,4,385.01948002666046,4225.9677734375
0.3,7,60C__gypsum_trial_5,60C,60.0,gypsum,5,385.01948002666046,3574.67626953125
0.3,7,60C__gypsum_trial_6,60C,60.0,gypsum,6,385.01948002666046,2061.5615234375
0.3,8,30C__iron_trial_1,30C,30.0,iron,1,16859.663413010356,10601.544270833334
0.3,8,30C__iron_trial_2,30C,30.0,iron,2,16859.663413010356,23832.628255208332
0.3,8,30C__iron_trial_3,30C,30.0,iron,3,16859.663413010356,19023.263346354168
0.3,8,30C__iron_trial_4,30C,30.0,iron,4,16859.663413010356,19049.265625
0.3,8,30C__iron_trial_5,30C,30.0,iron,5,16859.663413010356,14725.759114583334
0.3,8,30C__iron_trial_6,30C,30.0,iron,6,16859.663413010356,13697.255533854166
0.3,8,40C__iron_trial_1,40C,40.0,iron,1,16859.663413010356,15699.386067708334
0.3,8,40C__iron_trial_2,40C,40.0,iron,2,16859.663413010356,6781.772135416667
0.3,8,40C__iron_trial_3,40C,40.0,iron,3,16859.663413010356,6702.266764322917
0.3,8,40C__iron_trial_4,40C,40.0,iron,4,16859.663413010356,5627.748697916667
0.3,8,40C__iron_trial_5,40C,40.0,iron,5,16859.663413010356,14527.664713541666
0.3,8,40C__iron_trial_6,40C,40.0,iron,6,16859.663413010356,15147.441731770834
0.3,8,50C__iron_trial_1,50C,50.0,iron,1,16859.663413010356,10908.700846354166
0.3,8,50C__iron_trial_2,50C,50.0,iron,2,16859.663413010356,13933.152018229166
0.3,8,50C__iron_trial_3,50C,50.0,iron,3,16859.663413010356,11888.576171875
0.3,8,50C__iron_trial_4,50C,50.0,iron,4,16859.663413010356,15348.400065104166
0.3,8,50C__iron_trial_5,50C,50.0,iron,5,16859.663413010356,17479.949869791668
0.3,8,50C__iron_trial_6,50C,50.0,iron,6,16859.663413010356,26129.961588541668
0.3,8,60C__iron_trial_1,60C,60.0,iron,1,16859.663413010356,30446.765625
0.3,8,60C__iron_trial_2,60C,60.0,iron,2,16859.663413010356,21014.690755208332
0.3,8,60C__iron_trial_3,60C,60.0,iron,3,16859.663413010356,16362.1435546875
0.3,8,60C__iron_trial_4,60C,60.0,iron,4,16859.663413010356,13852.705403645834
0.3,8,60C__iron_trial_5,60C,60.0,iron,5,16859.663413010356,16739.690755208332
0.3,8,60C__iron_trial_6,60C,60.0,iron,6,16859.663413010356,21196.080729166668
0.3,9,30C__nickel_trial_1,30C,30.0,nickel,1,19320.68449098013,10870.261067708334
0.3,9,30C__nickel_trial_2,30C,30.0,nickel,2,19320.68449098013,12651.951171875
0.3,9,30C__nickel_trial_3,30C,30.0,nickel,3,19320.68449098013,18018.32421875
0.3,9,30C__nickel_trial_4,30C,30.0,nickel,4,19320.68449098013,11645.275390625
0.3,9,30C__nickel_trial_5,30C,30.0,nickel,5,19320.68449098013,16633.962890625
0.3,9,30C__nickel_trial_6,30C,30.0,nickel,6,19320.68449098013,24817.779947916668
0.3,9,40C__nickel_trial_1,40C,40.0,nickel,1,19320.68449098013,7626.660807291667
0.3,9,40C__nickel_trial_2,40C,40.0,nickel,2,19320.68449098013,7935.503092447917
0.3,9,40C__nickel_trial_3,40C,40.0,nickel,3,19320.68449098013,17487.403645833332
0.3,9,40C__nickel_trial_4,40C,40.0,nickel,4,19320.68449098013,15036.603190104166
0.3,9,40C__nickel_trial_5,40C,40.0,nickel,5,19320.68449098013,13242.611328125
0.3,9,40C__nickel_trial_6,40C,40.0,nickel,6,19320.68449098013,10461.015299479166
0.3,9,50C__nickel_trial_1,50C,50.0,nickel,1,19320.68449098013,11618.880208333334
0.3,9,50C__nickel_trial_2,50C,50.0,nickel,2,19320.68449098013,11842.8291015625
0.3,9,50C__nickel_trial_3,50C,50.0,nickel,3,19320.68449098013,11742.162109375
0.3,9,50C__nickel_trial_4,50C,50.0,nickel,4,19320.68449098013,10939.6552734375
0.3,9,50C__nickel_trial_5,50C,50.0,nickel,5,19320.68449098013,7670.296061197917
0.3,9,50C__nickel_trial_6,50C,50.0,nickel,6,19320.68449098013,17756.5625
0.3,9,60C__nickel_trial_1,60C,60.0,nickel,1,19320.68449098013,8808.970703125
0.3,9,60C__nickel_trial_2,60C,60.0,nickel,2,19320.68449098013,25637.347005208332
0.3,9,60C__nickel_trial_3,60C,60.0,nickel,3,19320.68449098013,16875.205403645832
0.3,9,60C__nickel_trial_4,60C,60.0,nickel,4,19320.68449098013,25276.002604166668
0.3,9,60C__nickel_trial_5,60C,60.0,nickel,5,19320.68449098013,22933.33203125
0.3,9,60C__nickel_trial_6,60C,60.0,nickel,6,19320.68449098013,25830.524739583332
0.3,10,30C__pdms_trial_1,30C,30.0,pdms,1,460.90129095067635,204.8870595296224
0.3,10,30C__pdms_trial_2,30C,30.0,pdms,2,460.90129095067635,102.00100453694661
0.3,10,30C__pdms_trial_3,30C,30.0,pdms,3,460.90129095067635,156.5747528076172
0.3,10,30C__pdms_trial_4,30C,30.0,pdms,4,460.90129095067635,53.046922047932945
0.3,10,30C__pdms_trial_5,30C,30.0,pdms,5,460.90129095067635,105.23031870524089
0.3,10,30C__pdms_trial_6,30C,30.0,pdms,6,460.90129095067635,84.77113342285156
0.3,10,40C__pdms_trial_1,40C,40.0,pdms,1,460.90129095067635,423.8661702473958
0.3,10,40C__pdms_trial_2,40C,40.0,pdms,2,460.90129095067635,454.5153096516927
0.3,10,40C__pdms_trial_3,40C,40.0,pdms,3,460.90129095067635,428.02955118815106
0.3,10,40C__pdms_trial_4,40C,40.0,pdms,4,460.90129095067635,358.06602986653644
0.3,10,40C__pdms_trial_5,40C,40.0,pdms,5,460.90129095067635,218.94329833984375
0.3,10,40C__pdms_trial_6,40C,40.0,pdms,6,460.90129095067635,363.7028401692708
0.3,10,50C__pdms_trial_1,50C,50.0,pdms,1,460.90129095067635,219.9935099283854
0.3,10,50C__pdms_trial_2,50C,50.0,pdms,2,460.90129095067635,161.18089294433594
0.3,10,50C__pdms_trial_3,50C,50.0,pdms,3,460.90129095067635,350.00083414713544
0.3,10,50C__pdms_trial_4,50C,50.0,pdms,4,460.90129095067635,343.3899739583333
0.3,10,50C__pdms_trial_5,50C,50.0,pdms,5,460.90129095067635,218.67547098795572
0.3,10,50C__pdms_trial_6,50C,50.0,pdms,6,460.90129095067635,234.2596638997396
0.3,10,60C__pdms_trial_1,60C,60.0,pdms,1,460.90129095067635,665.3338419596354
0.3,10,60C__pdms_trial_2,60C,60.0,pdms,2,460.90129095067635,438.3430582682292
0.3,10,60C__pdms_trial_3,60C,60.0,pdms,3,460.90129095067635,495.9582824707031
0.3,10,60C__pdms_trial_4,60C,60.0,pdms,4,460.90129095067635,294.31104532877606
0.3,10,60C__pdms_trial_5,60C,60.0,pdms,5,460.90129095067635,218.81035359700522
0.3,10,60C__pdms_trial_6,60C,60.0,pdms,6,460.90129095067635,151.12142435709634
0.3,11,30C__ps_foam_trial_1,30C,30.0,ps_foam,1,34.496376621320685,388.06858317057294
0.3,11,30C__ps_foam_trial_2,30C,30.0,ps_foam,2,34.496376621320685,406.9446309407552
0.3,11,30C__ps_foam_trial_3,30C,30.0,ps_foam,3,34.496376621320685,395.09613037109375
0.3,11,30C__ps_foam_trial_4,30C,30.0,ps_foam,4,34.496376621320685,310.7366231282552
0.3,11,30C__ps_foam_trial_5,30C,30.0,ps_foam,5,34.496376621320685,161.19426981608072
0.3,11,30C__ps_foam_trial_6,30C,30.0,ps_foam,6,34.496376621320685,176.95774841308594
0.3,11,40C__ps_foam_trial_1,40C,40.0,ps_foam,1,34.496376621320685,49.929246266682945
0.3,11,40C__ps_foam_trial_2,40C,40.0,ps_foam,2,34.496376621320685,50.95195770263672
0.3,11,40C__ps_foam_trial_3,40C,40.0,ps_foam,3,34.496376621320685,46.453194887230985
0.3,11,40C__ps_foam_trial_4,40C,40.0,ps_foam,4,34.496376621320685,627.5100606282552
0.3,11,40C__ps_foam_trial_5,40C,40.0,ps_foam,5,34.496376621320685,100.44745763142903
0.3,11,40C__ps_foam_trial_6,40C,40.0,ps_foam,6,34.496376621320685,96.27049509684245
0.3,11,50C__ps_foam_trial_1,50C,50.0,ps_foam,1,34.496376621320685,48.2187131245931
0.3,11,50C__ps_foam_trial_2,50C,50.0,ps_foam,2,34.496376621320685,63.88690312703451
0.3,11,50C__ps_foam_trial_3,50C,50.0,ps_foam,3,34.496376621320685,51.630977630615234
0.3,11,50C__ps_foam_trial_4,50C,50.0,ps_foam,4,34.496376621320685,54.09344991048177
0.3,11,50C__ps_foam_trial_5,50C,50.0,ps_foam,5,34.496376621320685,57.77131779988607
0.3,11,50C__ps_foam_trial_6,50C,50.0,ps_foam,6,34.496376621320685,53.98914591471354
0.3,11,60C__ps_foam_trial_1,60C,60.0,ps_foam,1,34.496376621320685,263.45807393391925
0.3,11,60C__ps_foam_trial_2,60C,60.0,ps_foam,2,34.496376621320685,281.84373474121094
0.3,11,60C__ps_foam_trial_3,60C,60.0,ps_foam,3,34.496376621320685,202.0521697998047
0.3,11,60C__ps_foam_trial_4,60C,60.0,ps_foam,4,34.496376621320685,195.56212870279947
0.3,11,60C__ps_foam_trial_5,60C,60.0,ps_foam,5,34.496376621320685,296.6753285725911
0.3,11,60C__ps_foam_trial_6,60C,60.0,ps_foam,6,34.496376621320685,291.75084431966144
0.3,12,30C__pu_foam_trial_1,30C,30.0,pu_foam,1,42.49705872175155,164.06041971842447
0.3,12,30C__pu_foam_trial_2,30C,30.0,pu_foam,2,42.49705872175155,96.9546610514323
0.3,12,30C__pu_foam_trial_3,30C,30.0,pu_foam,3,42.49705872175155,254.67956034342447
0.3,12,30C__pu_foam_trial_4,30C,30.0,pu_foam,4,42.49705872175155,250.10442606608072
0.3,12,30C__pu_foam_trial_5,30C,30.0,pu_foam,5,42.49705872175155,313.5757090250651
0.3,12,30C__pu_foam_trial_6,30C,30.0,pu_foam,6,42.49705872175155,96.9673843383789
0.3,12,40C__pu_foam_trial_1,40C,40.0,pu_foam,1,42.49705872175155,62.73971684773763
0.3,12,40C__pu_foam_trial_2,40C,40.0,pu_foam,2,42.49705872175155,90.57151540120442
0.3,12,40C__pu_foam_trial_3,40C,40.0,pu_foam,3,42.49705872175155,90.73105367024739
0.3,12,40C__pu_foam_trial_4,40C,40.0,pu_foam,4,42.49705872175155,89.7130635579427
0.3,12,40C__pu_foam_trial_5,40C,40.0,pu_foam,5,42.49705872175155,39.89917265958085
0.3,12,40C__pu_foam_trial_6,40C,40.0,pu_foam,6,42.49705872175155,45.29717127482096
0.3,12,50C__pu_foam_trial_1,50C,50.0,pu_foam,1,42.49705872175155,108.41377512613933
0.3,12,50C__pu_foam_trial_2,50C,50.0,pu_foam,2,42.49705872175155,71.90591684977214
0.3,12,50C__pu_foam_trial_3,50C,50.0,pu_foam,3,42.49705872175155,111.80743662516277
0.3,12,50C__pu_foam_trial_4,50C,50.0,pu_foam,4,42.49705872175155,84.37930552164714
0.3,12,50C__pu_foam_trial_5,50C,50.0,pu_foam,5,42.49705872175155,83.10264078776042
0.3,12,50C__pu_foam_trial_6,50C,50.0,pu_foam,6,42.49705872175155,89.68498229980469
0.3,12,60C__pu_foam_trial_1,60C,60.0,pu_foam,1,42.49705872175155,164.9577178955078
0.3,12,60C__pu_foam_trial_2,60C,60.0,pu_foam,2,42.49705872175155,1415.0505777994792
0.3,12,60C__pu_foam_trial_3,60C,60.0,pu_foam,3,42.49705872175155,299.3964436848958
0.3,12,60C__pu_foam_trial_4,60C,60.0,pu_foam,4,42.49705872175155,172.1685587565104
0.3,12,60C__pu_foam_trial_5,60C,60.0,pu_foam,5,42.49705872175155,259.0918375651042
0.3,12,60C__pu_foam_trial_6,60C,60.0,pu_foam,6,42.49705872175155,262.07799275716144
0.3,13,30C__titanium_trial_1,30C,30.0,titanium,1,7184.0359269702985,10518.443033854166
0.3,13,30C__titanium_trial_2,30C,30.0,titanium,2,7184.0359269702985,5755.871907552083
0.3,13,30C__titanium_trial_3,30C,30.0,titanium,3,7184.0359269702985,4963.878255208333
0.3,13,30C__titanium_trial_4,30C,30.0,titanium,4,7184.0359269702985,4900.958414713542
0.3,13,30C__titanium_trial_5,30C,30.0,titanium,5,7184.0359269702985,8740.765299479166
0.3,13,30C__titanium_trial_6,30C,30.0,titanium,6,7184.0359269702985,5802.755045572917
0.3,13,40C__titanium_trial_1,40C,40.0,titanium,1,7184.0359269702985,15160.310221354166
0.3,13,40C__titanium_trial_2,40C,40.0,titanium,2,7184.0359269702985,14058.31640625
0.3,13,40C__titanium_trial_3,40C,40.0,titanium,3,7184.0359269702985,17668.8115234375
0.3,13,40C__titanium_trial_4,40C,40.0,titanium,4,7184.0359269702985,9522.906575520834
0.3,13,40C__titanium_trial_5,40C,40.0,titanium,5,7184.0359269702985,15707.183268229166
0.3,13,40C__titanium_trial_6,40C,40.0,titanium,6,7184.0359269702985,18584.46875
0.3,13,50C__titanium_trial_1,50C,50.0,titanium,1,7184.0359269702985,13297.6875
0.3,13,50C__titanium_trial_2,50C,50.0,titanium,2,7184.0359269702985,6473.728190104167
0.3,13,50C__titanium_trial_3,50C,50.0,titanium,3,7184.0359269702985,16928.153645833332
0.3,13,50C__titanium_trial_4,50C,50.0,titanium,4,7184.0359269702985,14512.857096354166
0.3,13,50C__titanium_trial_5,50C,50.0,titanium,5,7184.0359269702985,11624.217447916666
0.3,13,50C__titanium_trial_6,50C,50.0,titanium,6,7184.0359269702985,14592.048502604166
0.3,13,60C__titanium_trial_1,60C,60.0,titanium,1,7184.0359269702985,8911.953776041666
0.3,13,60C__titanium_trial_2,60C,60.0,titanium,2,7184.0359269702985,8805.056966145834
0.3,13,60C__titanium_trial_3,60C,60.0,titanium,3,7184.0359269702985,8447.284993489584
0.3,13,60C__titanium_trial_4,60C,60.0,titanium,4,7184.0359269702985,12696.3642578125
0.3,13,60C__titanium_trial_5,60C,60.0,titanium,5,7184.0359269702985,11119.715169270834
0.3,13,60C__titanium_trial_6,60C,60.0,titanium,6,7184.0359269702985,13098.826822916666
0.3,14,30C__wood_trial_1,30C,30.0,wood,1,422.49260348555214,78.45872243245442
0.3,14,30C__wood_trial_2,30C,30.0,wood,2,422.49260348555214,197.81664530436197
0.3,14,30C__wood_trial_3,30C,30.0,wood,3,422.49260348555214,134.44515228271484
0.3,14,30C__wood_trial_4,30C,30.0,wood,4,422.49260348555214,86.09978993733723
0.3,14,30C__wood_trial_5,30C,30.0,wood,5,422.49260348555214,122.63216400146484
0.3,14,30C__wood_trial_6,30C,30.0,wood,6,422.49260348555214,191.2053680419922
0.3,14,40C__wood_trial_1,40C,40.0,wood,1,422.49260348555214,169.61783345540366
0.3,14,40C__wood_trial_2,40C,40.0,wood,2,422.49260348555214,174.73531087239584
0.3,14,40C__wood_trial_3,40C,40.0,wood,3,422.49260348555214,176.4829305013021
0.3,14,40C__wood_trial_4,40C,40.0,wood,4,422.49260348555214,133.56043243408203
0.3,14,40C__wood_trial_5,40C,40.0,wood,5,422.49260348555214,265.1669158935547
0.3,14,40C__wood_trial_6,40C,40.0,wood,6,422.49260348555214,229.0326131184896
0.3,14,50C__wood_trial_1,50C,50.0,wood,1,422.49260348555214,246.4832763671875
0.3,14,50C__wood_trial_2,50C,50.0,wood,2,422.49260348555214,291.9678039550781
0.3,14,50C__wood_trial_3,50C,50.0,wood,3,422.49260348555214,268.3317159016927
0.3,14,50C__wood_trial_4,50C,50.0,wood,4,422.49260348555214,281.62408447265625
0.3,14,50C__wood_trial_5,50C,50.0,wood,5,422.49260348555214,197.75870768229166
0.3,14,50C__wood_trial_6,50C,50.0,wood,6,422.49260348555214,190.00814819335938
0.3,14,60C__wood_trial_1,60C,60.0,wood,1,422.49260348555214,12885.853841145834
0.3,14,60C__wood_trial_2,60C,60.0,wood,2,422.49260348555214,6078.004313151042
0.3,14,60C__wood_trial_3,60C,60.0,wood,3,422.49260348555214,8031.187825520833
0.3,14,60C__wood_trial_4,60C,60.0,wood,4,422.49260348555214,8474.315673828125
0.3,14,60C__wood_trial_5,60C,60.0,wood,5,422.49260348555214,4539.0771484375
0.3,14,60C__wood_trial_6,60C,60.0,wood,6,422.49260348555214,1335.1026102701824
0.5,1,30C__aluminum_trial_1,30C,30.0,aluminum,1,23958.09466547789,16852.966145833332
0.5,1,30C__aluminum_trial_2,30C,30.0,aluminum,2,23958.09466547789,20794.240234375
0.5,1,30C__aluminum_trial_3,30C,30.0,aluminum,3,23958.09466547789,8855.1279296875
0.5,1,30C__aluminum_trial_4,30C,30.0,aluminum,4,23958.09466547789,17441.659830729168
0.5,1,30C__aluminum_trial_5,30C,30.0,aluminum,5,23958.09466547789,11251.922200520834
0.5,1,30C__aluminum_trial_6,30C,30.0,aluminum,6,23958.09466547789,12423.1064453125
0.5,1,40C__aluminum_trial_1,40C,40.0,aluminum,1,23958.09466547789,21855.159505208332
0.5,1,40C__aluminum_trial_2,40C,40.0,aluminum,2,23958.09466547789,9018.77294921875
0.5,1,40C__aluminum_trial_3,40C,40.0,aluminum,3,23958.09466547789,26070.917317708332
0.5,1,40C__aluminum_trial_4,40C,40.0,aluminum,4,23958.09466547789,14837.246744791666
0.5,1,40C__aluminum_trial_5,40C,40.0,aluminum,5,23958.09466547789,13015.2978515625
0.5,1,40C__aluminum_trial_6,40C,40.0,aluminum,6,23958.09466547789,11781.445963541666
0.5,1,50C__aluminum_trial_1,50C,50.0,aluminum,1,23958.09466547789,13356.651041666666
0.5,1,50C__aluminum_trial_2,50C,50.0,aluminum,2,23958.09466547789,11153.877604166666
0.5,1,50C__aluminum_trial_3,50C,50.0,aluminum,3,23958.09466547789,15634.7666015625
0.5,1,50C__aluminum_trial_4,50C,50.0,aluminum,4,23958.09466547789,19529.706380208332
0.5,1,50C__aluminum_trial_5,50C,50.0,aluminum,5,23958.09466547789,15701.24609375
0.5,1,50C__aluminum_trial_6,50C,50.0,aluminum,6,23958.09466547789,20402.529296875
0.5,1,60C__aluminum_trial_1,60C,60.0,aluminum,1,23958.09466547789,16121.586588541666
0.5,1,60C__aluminum_trial_2,60C,60.0,aluminum,2,23958.09466547789,15060.872395833334
0.5,1,60C__aluminum_trial_3,60C,60.0,aluminum,3,23958.09466547789,11057.8173828125
0.5,1,60C__aluminum_trial_4,60C,60.0,aluminum,4,23958.09466547789,15175.4423828125
0.5,1,60C__aluminum_trial_5,60C,60.0,aluminum,5,23958.09466547789,15024.178059895834
0.5,1,60C__aluminum_trial_6,60C,60.0,aluminum,6,23958.09466547789,19482.533203125
0.5,2,30C__bismuth_trial_1,30C,30.0,bismuth,1,3209.1026783199068,9490.10791015625
0.5,2,30C__bismuth_trial_2,30C,30.0,bismuth,2,3209.1026783199068,8793.957682291666
0.5,2,30C__bismuth_trial_3,30C,30.0,bismuth,3,3209.1026783199068,7027.216796875
0.5,2,30C__bismuth_trial_4,30C,30.0,bismuth,4,3209.1026783199068,12264.7548828125
0.5,2,30C__bismuth_trial_5,30C,30.0,bismuth,5,3209.1026783199068,7133.61865234375
0.5,2,30C__bismuth_trial_6,30C,30.0,bismuth,6,3209.1026783199068,10505.092447916666
0.5,2,40C__bismuth_trial_1,40C,40.0,bismuth,1,3209.1026783199068,14807.263346354166
0.5,2,40C__bismuth_trial_2,40C,40.0,bismuth,2,3209.1026783199068,13157.9775390625
0.5,2,40C__bismuth_trial_3,40C,40.0,bismuth,3,3209.1026783199068,11460.083984375
0.5,2,40C__bismuth_trial_4,40C,40.0,bismuth,4,3209.1026783199068,11375.896809895834
0.5,2,40C__bismuth_trial_5,40C,40.0,bismuth,5,3209.1026783199068,13936.5703125
0.5,2,40C__bismuth_trial_6,40C,40.0,bismuth,6,3209.1026783199068,13054.222005208334
0.5,2,50C__bismuth_trial_1,50C,50.0,bismuth,1,3209.1026783199068,10602.6396484375
0.5,2,50C__bismuth_trial_2,50C,50.0,bismuth,2,3209.1026783199068,13522.808268229166
0.5,2,50C__bismuth_trial_3,50C,50.0,bismuth,3,3209.1026783199068,19033.83203125
0.5,2,50C__bismuth_trial_4,50C,50.0,bismuth,4,3209.1026783199068,16398.817057291668
0.5,2,50C__bismuth_trial_5,50C,50.0,bismuth,5,3209.1026783199068,13942.954427083334
0.5,2,50C__bismuth_trial_6,50C,50.0,bismuth,6,3209.1026783199068,11983.782877604166
0.5,2,60C__bismuth_trial_1,60C,60.0,bismuth,1,3209.1026783199068,12841.111979166666
0.5,2,60C__bismuth_trial_2,60C,60.0,bismuth,2,3209.1026783199068,11581.8330078125
0.5,2,60C__bismuth_trial_3,60C,60.0,bismuth,3,3209.1026783199068,13164.388671875
0.5,2,60C__bismuth_trial_4,60C,60.0,bismuth,4,3209.1026783199068,17207.318033854168
0.5,2,60C__bismuth_trial_5,60C,60.0,bismuth,5,3209.1026783199068,10239.3271484375
0.5,2,60C__bismuth_trial_6,60C,60.0,bismuth,6,3209.1026783199068,18426.5947265625
0.5,3,30C__cement_trial_1,30C,30.0,cement,1,559.6427431853289,507.14190673828125
0.5,3,30C__cement_trial_2,30C,30.0,cement,2,559.6427431853289,450.50414021809894
0.5,3,30C__cement_trial_3,30C,30.0,cement,3,559.6427431853289,472.18104044596356
0.5,3,30C__cement_trial_4,30C,30.0,cement,4,559.6427431853289,470.1138610839844
0.5,3,30C__cement_trial_5,30C,30.0,cement,5,559.6427431853289,568.1204223632812
0.5,3,30C__cement_trial_6,30C,30.0,cement,6,559.6427431853289,450.47607421875
0.5,3,40C__cement_trial_1,40C,40.0,cement,1,559.6427431853289,390.2711588541667
0.5,3,40C__cement_trial_2,40C,40.0,cement,2,559.6427431853289,484.8221740722656
0.5,3,40C__cement_trial_3,40C,40.0,cement,3,559.6427431853289,337.69617716471356
0.5,3,40C__cement_trial_4,40C,40.0,cement,4,559.6427431853289,701.1956583658854
0.5,3,40C__cement_trial_5,40C,40.0,cement,5,559.6427431853289,738.6569213867188
0.5,3,40C__cement_trial_6,40C,40.0,cement,6,559.6427431853289,410.9725341796875
0.5,3,50C__cement_trial_1,50C,50.0,cement,1,559.6427431853289,470.6102701822917
0.5,3,50C__cement_trial_2,50C,50.0,cement,2,559.6427431853289,319.6395670572917
0.5,3,50C__cement_trial_3,50C,50.0,cement,3,559.6427431853289,378.04381306966144
0.5,3,50C__cement_trial_4,50C,50.0,cement,4,559.6427431853289,345.2079569498698
0.5,3,50C__cement_trial_5,50C,50.0,cement,5,559.6427431853289,451.83543904622394
0.5,3,50C__cement_trial_6,50C,50.0,cement,6,559.6427431853289,508.7241617838542
0.5,3,60C__cement_trial_1,60C,60.0,cement,1,559.6427431853289,1010.5060424804688
0.5,3,60C__cement_trial_2,60C,60.0,cement,2,559.6427431853289,708.6313883463541
0.5,3,60C__cement_trial_3,60C,60.0,cement,3,559.6427431853289,878.2349650065104
0.5,3,60C__cement_trial_4,60C,60.0,cement,4,559.6427431853289,734.7077433268229
0.5,3,60C__cement_trial_5,60C,60.0,cement,5,559.6427431853289,914.275390625
0.5,3,60C__cement_trial_6,60C,60.0,cement,6,559.6427431853289,746.0548909505209
0.5,4,30C__copper_trial_1,30C,30.0,copper,1,37192.601414797544,4882.761393229167
0.5,4,30C__copper_trial_2,30C,30.0,copper,2,37192.601414797544,18242.193359375
0.5,4,30C__copper_trial_3,30C,30.0,copper,3,37192.601414797544,16310.8505859375
0.5,4,30C__copper_trial_4,30C,30.0,copper,4,37192.601414797544,14979.9833984375
0.5,4,30C__copper_trial_5,30C,30.0,copper,5,37192.601414797544,14953.478190104166
0.5,4,30C__copper_trial_6,30C,30.0,copper,6,37192.601414797544,9315.277262369791
0.5,4,40C__copper_trial_1,40C,40.0,copper,1,37192.601414797544,18316.595703125
0.5,4,40C__copper_trial_2,40C,40.0,copper,2,37192.601414797544,14223.9140625
0.5,4,40C__copper_trial_3,40C,40.0,copper,3,37192.601414797544,15266.0078125
0.5,4,40C__copper_trial_4,40C,40.0,copper,4,37192.601414797544,8792.9208984375
0.5,4,40C__copper_trial_5,40C,40.0,copper,5,37192.601414797544,9714.454752604166
0.5,4,40C__copper_trial_6,40C,40.0,copper,6,37192.601414797544,6147.918782552083
0.5,4,50C__copper_trial_1,50C,50.0,copper,1,37192.601414797544,6808.718912760417
0.5,4,50C__copper_trial_2,50C,50.0,copper,2,37192.601414797544,12299.5791015625
0.5,4,50C__copper_trial_3,50C,50.0,copper,3,37192.601414797544,10843.6875
0.5,4,50C__copper_trial_4,50C,50.0,copper,4,37192.601414797544,10259.300130208334
0.5,4,50C__copper_trial_5,50C,50.0,copper,5,37192.601414797544,8413.24560546875
0.5,4,50C__copper_trial_6,50C,50.0,copper,6,37192.601414797544,8270.91650390625
0.5,4,60C__copper_trial_1,60C,60.0,copper,1,37192.601414797544,13202.293619791666
0.5,4,60C__copper_trial_2,60C,60.0,copper,2,37192.601414797544,19359.631510416668
0.5,4,60C__copper_trial_3,60C,60.0,copper,3,37192.601414797544,17149.03515625
0.5,4,60C__copper_trial_4,60C,60.0,copper,4,37192.601414797544,19647.380859375
0.5,4,60C__copper_trial_5,60C,60.0,copper,5,37192.601414797544,16762.2109375
0.5,4,60C__copper_trial_6,60C,60.0,copper,6,37192.601414797544,13323.645833333334
0.5,5,30C__cork_trial_1,30C,30.0,cork,1,136.29380029920657,200.1912587483724
0.5,5,30C__cork_trial_2,30C,30.0,cork,2,136.29380029920657,52.88186518351237
0.5,5,30C__cork_trial_3,30C,30.0,cork,3,136.29380029920657,47.2301877339681
0.5,5,30C__cork_trial_4,30C,30.0,cork,4,136.29380029920657,44.30345789591471
0.5,5,30C__cork_trial_5,30C,30.0,cork,5,136.29380029920657,78.88225173950195
0.5,5,30C__cork_trial_6,30C,30.0,cork,6,136.29380029920657,82.19913991292317
0.5,5,40C__cork_trial_1,40C,40.0,cork,1,136.29380029920657,76.60916392008464
0.5,5,40C__cork_trial_2,40C,40.0,cork,2,136.29380029920657,75.08336130777995
0.5,5,40C__cork_trial_3,40C,40.0,cork,3,136.29380029920657,76.55664316813152
0.5,5,40C__cork_trial_4,40C,40.0,cork,4,136.29380029920657,74.79072952270508
0.5,5,40C__cork_trial_5,40C,40.0,cork,5,136.29380029920657,37.471884409586586
0.5,5,40C__cork_trial_6,40C,40.0,cork,6,136.29380029920657,34.496376621320685
0.5,5,50C__cork_trial_1,50C,50.0,cork,1,136.29380029920657,454.6556803385417
0.5,5,50C__cork_trial_2,50C,50.0,cork,2,136.29380029920657,460.02801513671875
0.5,5,50C__cork_trial_3,50C,50.0,cork,3,136.29380029920657,474.8229166666667
0.5,5,50C__cork_trial_4,50C,50.0,cork,4,136.29380029920657,302.7342020670573
0.5,5,50C__cork_trial_5,50C,50.0,cork,5,136.29380029920657,460.7563171386719
0.5,5,50C__cork_trial_6,50C,50.0,cork,6,136.29380029920657,406.3325500488281
0.5,5,60C__cork_trial_1,60C,60.0,cork,1,136.29380029920657,347.74109903971356
0.5,5,60C__cork_trial_2,60C,60.0,cork,2,136.29380029920657,359.8357645670573
0.5,5,60C__cork_trial_3,60C,60.0,cork,3,136.29380029920657,316.8339335123698
0.5,5,60C__cork_trial_4,60C,60.0,cork,4,136.29380029920657,330.57623291015625
0.5,5,60C__cork_trial_5,60C,60.0,cork,5,136.29380029920657,422.27598063151044
0.5,5,60C__cork_trial_6,60C,60.0,cork,6,136.29380029920657,374.1412658691406
0.5,6,30C__graphite_trial_1,30C,30.0,graphite,1,11367.497525840945,10461.28955078125
0.5,6,30C__graphite_trial_2,30C,30.0,graphite,2,11367.497525840945,4177.199544270833
0.5,6,30C__graphite_trial_3,30C,30.0,graphite,3,11367.497525840945,2818.6848958333335
0.5,6,30C__graphite_trial_4,30C,30.0,graphite,4,11367.497525840945,12919.160807291666
0.5,6,30C__graphite_trial_5,30C,30.0,graphite,5,11367.497525840945,13398.982259114584
0.5,6,30C__graphite_trial_6,30C,30.0,graphite,6,11367.497525840945,5820.595865885417
0.5,6,40C__graphite_trial_1,40C,40.0,graphite,1,11367.497525840945,9874.665201822916
0.5,6,40C__graphite_trial_2,40C,40.0,graphite,2,11367.497525840945,9606.749837239584
0.5,6,40C__graphite_trial_3,40C,40.0,graphite,3,11367.497525840945,6969.166015625
0.5,6,40C__graphite_trial_4,40C,40.0,graphite,4,11367.497525840945,12524.82421875
0.5,6,40C__graphite_trial_5,40C,40.0,graphite,5,11367.497525840945,3448.697509765625
0.5,6,40C__graphite_trial_6,40C,40.0,graphite,6,11367.497525840945,7137.105143229167
0.5,6,50C__graphite_trial_1,50C,50.0,graphite,1,11367.497525840945,17677.885416666668
0.5,6,50C__graphite_trial_2,50C,50.0,graphite,2,11367.497525840945,15569.108723958334
0.5,6,50C__graphite_trial_3,50C,50.0,graphite,3,11367.497525840945,15295.943684895834
0.5,6,50C__graphite_trial_4,50C,50.0,graphite,4,11367.497525840945,19131.115234375
0.5,6,50C__graphite_trial_5,50C,50.0,graphite,5,11367.497525840945,7504.40087890625
0.5,6,50C__graphite_trial_6,50C,50.0,graphite,6,11367.497525840945,10275.47998046875
0.5,6,60C__graphite_trial_1,60C,60.0,graphite,1,11367.497525840945,8706.882486979166
0.5,6,60C__graphite_trial_2,60C,60.0,graphite,2,11367.497525840945,14375.739908854166
0.5,6,60C__graphite_trial_3,60C,60.0,graphite,3,11367.497525840945,13158.171875
0.5,6,60C__graphite_trial_4,60C,60.0,graphite,4,11367.497525840945,14394.841145833334
0.5,6,60C__graphite_trial_5,60C,60.0,graphite,5,11367.497525840945,10586.0810546875
0.5,6,60C__graphite_trial_6,60C,60.0,graphite,6,11367.497525840945,16463.245768229168
0.5,7,30C__gypsum_trial_1,30C,30.0,gypsum,1,385.01948002666046,195.7404022216797
0.5,7,30C__gypsum_trial_2,30C,30.0,gypsum,2,385.01948002666046,281.78127034505206
0.5,7,30C__gypsum_trial_3,30C,30.0,gypsum,3,385.01948002666046,208.16515604654947
0.5,7,30C__gypsum_trial_4,30C,30.0,gypsum,4,385.01948002666046,162.5365473429362
0.5,7,30C__gypsum_trial_5,30C,30.0,gypsum,5,385.01948002666046,220.86298116048178
0.5,7,30C__gypsum_trial_6,30C,30.0,gypsum,6,385.01948002666046,153.87447357177734
0.5,7,40C__gypsum_trial_1,40C,40.0,gypsum,1,385.01948002666046,292.2820078531901
0.5,7,40C__gypsum_trial_2,40C,40.0,gypsum,2,385.01948002666046,216.50194295247397
0.5,7,40C__gypsum_trial_3,40C,40.0,gypsum,3,385.01948002666046,243.8917490641276
0.5,7,40C__gypsum_trial_4,40C,40.0,gypsum,4,385.01948002666046,328.3151448567708
0.5,7,40C__gypsum_trial_5,40C,40.0,gypsum,5,385.01948002666046,878.960927327474
0.5,7,40C__gypsum_trial_6,40C,40.0,gypsum,6,385.01948002666046,647.1154174804688
0.5,7,50C__gypsum_trial_1,50C,50.0,gypsum,1,385.01948002666046,1193.1000569661458
0.5,7,50C__gypsum_trial_2,50C,50.0,gypsum,2,385.01948002666046,595.036855061849
0.5,7,50C__gypsum_trial_3,50C,50.0,gypsum,3,385.01948002666046,639.6272989908854
0.5,7,50C__gypsum_trial_4,50C,50.0,gypsum,4,385.01948002666046,588.9617716471354
0.5,7,50C__gypsum_trial_5,50C,50.0,gypsum,5,385.01948002666046,1504.8585611979167
0.5,7,50C__gypsum_trial_6,50C,50.0,gypsum,6,385.01948002666046,599.5320027669271
0.5,7,60C__gypsum_trial_1,60C,60.0,gypsum,1,385.01948002666046,10349.523111979166
0.5,7,60C__gypsum_trial_2,60C,60.0,gypsum,2,385.01948002666046,4959.732421875
0.5,7,60C__gypsum_trial_3,60C,60.0,gypsum,3,385.01948002666046,1970.2191975911458
0.5,7,60C__gypsum_trial_4,60C,60.0,gypsum,4,385.01948002666046,8407.258951822916
0.5,7,60C__gypsum_trial_5,60C,60.0,gypsum,5,385.01948002666046,8558.820638020834
0.5,7,60C__gypsum_trial_6,60C,60.0,gypsum,6,385.01948002666046,4121.560302734375
0.5,8,30C__iron_trial_1,30C,30.0,iron,1,16859.663413010356,9947.340494791666
0.5,8,30C__iron_trial_2,30C,30.0,iron,2,16859.663413010356,24650.220703125
0.5,8,30C__iron_trial_3,30C,30.0,iron,3,16859.663413010356,19867.708658854168
0.5,8,30C__iron_trial_4,30C,30.0,iron,4,16859.663413010356,18308.572916666668
0.5,8,30C__iron_trial_5,30C,30.0,iron,5,16859.663413010356,16476.280924479168
0.5,8,30C__iron_trial_6,30C,30.0,iron,6,16859.663413010356,12969.6572265625
0.5,8,40C__iron_trial_1,40C,40.0,iron,1,16859.663413010356,17007.469075520832
0.5,8,40C__iron_trial_2,40C,40.0,iron,2,16859.663413010356,8284.73388671875
0.5,8,40C__iron_trial_3,40C,40.0,iron,3,16859.663413010356,8851.72509765625
0.5,8,40C__iron_trial_4,40C,40.0,iron,4,16859.663413010356,6023.79150390625
0.5,8,40C__iron_trial_5,40C,40.0,iron,5,16859.663413010356,13186.4169921875
0.5,8,40C__iron_trial_6,40C,40.0,iron,6,16859.663413010356,14364.716471354166
0.5,8,50C__iron_trial_1,50C,50.0,iron,1,16859.663413010356,12107.954752604166
0.5,8,50C__iron_trial_2,50C,50.0,iron,2,16859.663413010356,13777.086588541666
0.5,8,50C__iron_trial_3,50C,50.0,iron,3,16859.663413010356,10723.318033854166
0.5,8,50C__iron_trial_4,50C,50.0,iron,4,16859.663413010356,12868.064453125
0.5,8,50C__iron_trial_5,50C,50.0,iron,5,16859.663413010356,19236.244140625
0.5,8,50C__iron_trial_6,50C,50.0,iron,6,16859.663413010356,24173.059895833332
0.5,8,60C__iron_trial_1,60C,60.0,iron,1,16859.663413010356,31233.2734375
0.5,8,60C__iron_trial_2,60C,60.0,iron,2,16859.663413010356,19668.170572916668
0.5,8,60C__iron_trial_3,60C,60.0,iron,3,16859.663413010356,16623.434895833332
0.5,8,60C__iron_trial_4,60C,60.0,iron,4,16859.663413010356,13745.242513020834
0.5,8,60C__iron_trial_5,60C,60.0,iron,5,16859.663413010356,18226.235677083332
0.5,8,60C__iron_trial_6,60C,60.0,iron,6,16859.663413010356,22818.216796875
0.5,9,30C__nickel_trial_1,30C,30.0,nickel,1,19320.68449098013,11927.825846354166
0.5,9,30C__nickel_trial_2,30C,30.0,nickel,2,19320.68449098013,12242.532877604166
0.5,9,30C__nickel_trial_3,30C,30.0,nickel,3,19320.68449098013,15895.442057291666
0.5,9,30C__nickel_trial_4,30C,30.0,nickel,4,19320.68449098013,9871.203125
0.5,9,30C__nickel_trial_5,30C,30.0,nickel,5,19320.68449098013,16360.409830729166
0.5,9,30C__nickel_trial_6,30C,30.0,nickel,6,19320.68449098013,21396.317708333332
0.5,9,40C__nickel_trial_1,40C,40.0,nickel,1,19320.68449098013,6580.71728515625
0.5,9,40C__nickel_trial_2,40C,40.0,nickel,2,19320.68449098013,9274.7724609375
0.5,9,40C__nickel_trial_3,40C,40.0,nickel,3,19320.68449098013,18369.67578125
0.5,9,40C__nickel_trial_4,40C,40.0,nickel,4,19320.68449098013,14836.1220703125
0.5,9,40C__nickel_trial_5,40C,40.0,nickel,5,19320.68449098013,13015.844075520834
0.5,9,40C__nickel_trial_6,40C,40.0,nickel,6,19320.68449098013,11313.818033854166
0.5,9,50C__nickel_trial_1,50C,50.0,nickel,1,19320.68449098013,10072.375651041666
0.5,9,50C__nickel_trial_2,50C,50.0,nickel,2,19320.68449098013,12464.254557291666
0.5,9,50C__nickel_trial_3,50C,50.0,nickel,3,19320.68449098013,13579.651041666666
0.5,9,50C__nickel_trial_4,50C,50.0,nickel,4,19320.68449098013,13104.705729166666
0.5,9,50C__nickel_trial_5,50C,50.0,nickel,5,19320.68449098013,8085.822428385417
0.5,9,50C__nickel_trial_6,50C,50.0,nickel,6,19320.68449098013,17391.892903645832
0.5,9,60C__nickel_trial_1,60C,60.0,nickel,1,19320.68449098013,10509.3115234375
0.5,9,60C__nickel_trial_2,60C,60.0,nickel,2,19320.68449098013,24085.876302083332
0.5,9,60C__nickel_trial_3,60C,60.0,nickel,3,19320.68449098013,15562.2666015625
0.5,9,60C__nickel_trial_4,60C,60.0,nickel,4,19320.68449098013,23334.939453125
0.5,9,60C__nickel_trial_5,60C,60.0,nickel,5,19320.68449098013,20380.075520833332
0.5,9,60C__nickel_trial_6,60C,60.0,nickel,6,19320.68449098013,24294.458333333332
0.5,10,30C__pdms_trial_1,30C,30.0,pdms,1,460.90129095067635,200.24292500813803
0.5,10,30C__pdms_trial_2,30C,30.0,pdms,2,460.90129095067635,97.84319305419922
0.5,10,30C__pdms_trial_3,30C,30.0,pdms,3,460.90129095067635,146.38274129231772
0.5,10,30C__pdms_trial_4,30C,30.0,pdms,4,460.90129095067635,70.13527297973633
0.5,10,30C__pdms_trial_5,30C,30.0,pdms,5,460.90129095067635,77.33051300048828
0.5,10,30C__pdms_trial_6,30C,30.0,pdms,6,460.90129095067635,70.18296432495117
0.5,10,40C__pdms_trial_1,40C,40.0,pdms,1,460.90129095067635,471.6560465494792
0.5,10,40C__pdms_trial_2,40C,40.0,pdms,2,460.90129095067635,485.83692423502606
0.5,10,40C__pdms_trial_3,40C,40.0,pdms,3,460.90129095067635,475.6458231608073
0.5,10,40C__pdms_trial_4,40C,40.0,pdms,4,460.90129095067635,354.9896545410156
0.5,10,40C__pdms_trial_5,40C,40.0,pdms,5,460.90129095067635,233.0705108642578
0.5,10,40C__pdms_trial_6,40C,40.0,pdms,6,460.90129095067635,423.4801940917969
0.5,10,50C__pdms_trial_1,50C,50.0,pdms,1,460.90129095067635,228.01869201660156
0.5,10,50C__pdms_trial_2,50C,50.0,pdms,2,460.90129095067635,161.81593322753906
0.5,10,50C__pdms_trial_3,50C,50.0,pdms,3,460.90129095067635,426.27064005533856
0.5,10,50C__pdms_trial_4,50C,50.0,pdms,4,460.90129095067635,422.90929158528644
0.5,10,50C__pdms_trial_5,50C,50.0,pdms,5,460.90129095067635,242.18714396158853
0.5,10,50C__pdms_trial_6,50C,50.0,pdms,6,460.90129095067635,290.72718302408856
0.5,10,60C__pdms_trial_1,60C,60.0,pdms,1,460.90129095067635,595.5735270182291
0.5,10,60C__pdms_trial_2,60C,60.0,pdms,2,460.90129095067635,391.3136901855469
0.5,10,60C__pdms_trial_3,60C,60.0,pdms,3,460.90129095067635,466.9624328613281
0.5,10,60C__pdms_trial_4,60C,60.0,pdms,4,460.90129095067635,261.7043151855469
0.5,10,60C__pdms_trial_5,60C,60.0,pdms,5,460.90129095067635,227.4486083984375
0.5,10,60C__pdms_trial_6,60C,60.0,pdms,6,460.90129095067635,160.80377705891928
0.5,11,30C__ps_foam_trial_1,30C,30.0,ps_foam,1,34.496376621320685,345.3363545735677
0.5,11,30C__ps_foam_trial_2,30C,30.0,ps_foam,2,34.496376621320685,369.88147989908856
0.5,11,30C__ps_foam_trial_3,30C,30.0,ps_foam,3,34.496376621320685,326.89404296875
0.5,11,30C__ps_foam_trial_4,30C,30.0,ps_foam,4,34.496376621320685,280.46898396809894
0.5,11,30C__ps_foam_trial_5,30C,30.0,ps_foam,5,34.496376621320685,147.80050659179688
0.5,11,30C__ps_foam_trial_6,30C,30.0,ps_foam,6,34.496376621320685,183.17431640625
0.5,11,40C__ps_foam_trial_1,40C,40.0,ps_foam,1,34.496376621320685,49.6006711324056
0.5,11,40C__ps_foam_trial_2,40C,40.0,ps_foam,2,34.496376621320685,53.12893040974935
0.5,11,40C__ps_foam_trial_3,40C,40.0,ps_foam,3,34.496376621320685,49.16961161295573
0.5,11,40C__ps_foam_trial_4,40C,40.0,ps_foam,4,34.496376621320685,587.5087890625
0.5,11,40C__ps_foam_trial_5,40C,40.0,ps_foam,5,34.496376621320685,97.22760009765625
0.5,11,40C__ps_foam_trial_6,40C,40.0,ps_foam,6,34.496376621320685,79.08897654215495
0.5,11,50C__ps_foam_trial_1,50C,50.0,ps_foam,1,34.496376621320685,53.46607462565104
0.5,11,50C__ps_foam_trial_2,50C,50.0,ps_foam,2,34.496376621320685,65.57488123575847
0.5,11,50C__ps_foam_trial_3,50C,50.0,ps_foam,3,34.496376621320685,59.96396128336588
0.5,11,50C__ps_foam_trial_4,50C,50.0,ps_foam,4,34.496376621320685,51.60448964436849
0.5,11,50C__ps_foam_trial_5,50C,50.0,ps_foam,5,34.496376621320685,55.39683278401693
0.5,11,50C__ps_foam_trial_6,50C,50.0,ps_foam,6,34.496376621320685,56.22982915242513
0.5,11,60C__ps_foam_trial_1,60C,60.0,ps_foam,1,34.496376621320685,248.05353291829428
0.5,11,60C__ps_foam_trial_2,60C,60.0,ps_foam,2,34.496376621320685,251.64338175455728
0.5,11,60C__ps_foam_trial_3,60C,60.0,ps_foam,3,34.496376621320685,201.85777282714844
0.5,11,60C__ps_foam_trial_4,60C,60.0,ps_foam,4,34.496376621320685,167.28262837727866
0.5,11,60C__ps_foam_trial_5,60C,60.0,ps_foam,5,34.496376621320685,251.2886505126953
0.5,11,60C__ps_foam_trial_6,60C,60.0,ps_foam,6,34.496376621320685,315.33335367838544
0.5,12,30C__pu_foam_trial_1,30C,30.0,pu_foam,1,42.49705872175155,171.3749033610026
0.5,12,30C__pu_foam_trial_2,30C,30.0,pu_foam,2,42.49705872175155,103.7724838256836
0.5,12,30C__pu_foam_trial_3,30C,30.0,pu_foam,3,42.49705872175155,254.17729695638022
0.5,12,30C__pu_foam_trial_4,30C,30.0,pu_foam,4,42.49705872175155,229.2809600830078
0.5,12,30C__pu_foam_trial_5,30C,30.0,pu_foam,5,42.49705872175155,294.2212626139323
0.5,12,30C__pu_foam_trial_6,30C,30.0,pu_foam,6,42.49705872175155,106.86576588948567
0.5,12,40C__pu_foam_trial_1,40C,40.0,pu_foam,1,42.49705872175155,62.04202651977539
0.5,12,40C__pu_foam_trial_2,40C,40.0,pu_foam,2,42.49705872175155,89.7583999633789
0.5,12,40C__pu_foam_trial_3,40C,40.0,pu_foam,3,42.49705872175155,89.29394022623698
0.5,12,40C__pu_foam_trial_4,40C,40.0,pu_foam,4,42.49705872175155,86.51875559488933
0.5,12,40C__pu_foam_trial_5,40C,40.0,pu_foam,5,42.49705872175155,34.67183342747876
0.5,12,40C__pu_foam_trial_6,40C,40.0,pu_foam,6,42.49705872175155,41.91662470499674
0.5,12,50C__pu_foam_trial_1,50C,50.0,pu_foam,1,42.49705872175155,102.71335093180339
0.5,12,50C__pu_foam_trial_2,50C,50.0,pu_foam,2,42.49705872175155,72.73668924967448
0.5,12,50C__pu_foam_trial_3,50C,50.0,pu_foam,3,42.49705872175155,97.50960032145183
0.5,12,50C__pu_foam_trial_4,50C,50.0,pu_foam,4,42.49705872175155,78.57485707600911
0.5,12,50C__pu_foam_trial_5,50C,50.0,pu_foam,5,42.49705872175155,90.63070678710938
0.5,12,50C__pu_foam_trial_6,50C,50.0,pu_foam,6,42.49705872175155,85.91721089680989
0.5,12,60C__pu_foam_trial_1,60C,60.0,pu_foam,1,42.49705872175155,188.60143025716147
0.5,12,60C__pu_foam_trial_2,60C,60.0,pu_foam,2,42.49705872175155,458.5484212239583
0.5,12,60C__pu_foam_trial_3,60C,60.0,pu_foam,3,42.49705872175155,254.27376810709634
0.5,12,60C__pu_foam_trial_4,60C,60.0,pu_foam,4,42.49705872175155,168.36907450358072
0.5,12,60C__pu_foam_trial_5,60C,60.0,pu_foam,5,42.49705872175155,223.97811381022134
0.5,12,60C__pu_foam_trial_6,60C,60.0,pu_foam,6,42.49705872175155,221.58964029947916
0.5,13,30C__titanium_trial_1,30C,30.0,titanium,1,7184.0359269702985,10727.830891927084
0.5,13,30C__titanium_trial_2,30C,30.0,titanium,2,7184.0359269702985,5259.168050130208
0.5,13,30C__titanium_trial_3,30C,30.0,titanium,3,7184.0359269702985,4576.030924479167
0.5,13,30C__titanium_trial_4,30C,30.0,titanium,4,7184.0359269702985,4505.134684244792
0.5,13,30C__titanium_trial_5,30C,30.0,titanium,5,7184.0359269702985,9355.666178385416
0.5,13,30C__titanium_trial_6,30C,30.0,titanium,6,7184.0359269702985,6167.336181640625
0.5,13,40C__titanium_trial_1,40C,40.0,titanium,1,7184.0359269702985,15876.014322916666
0.5,13,40C__titanium_trial_2,40C,40.0,titanium,2,7184.0359269702985,15202.063151041666
0.5,13,40C__titanium_trial_3,40C,40.0,titanium,3,7184.0359269702985,16012.168294270834
0.5,13,40C__titanium_trial_4,40C,40.0,titanium,4,7184.0359269702985,11624.6533203125
0.5,13,40C__titanium_trial_5,40C,40.0,titanium,5,7184.0359269702985,18728.126953125
0.5,13,40C__titanium_trial_6,40C,40.0,titanium,6,7184.0359269702985,17910.860026041668
0.5,13,50C__titanium_trial_1,50C,50.0,titanium,1,7184.0359269702985,14504.475911458334
0.5,13,50C__titanium_trial_2,50C,50.0,titanium,2,7184.0359269702985,6473.35400390625
0.5,13,50C__titanium_trial_3,50C,50.0,titanium,3,7184.0359269702985,15670.388020833334
0.5,13,50C__titanium_trial_4,50C,50.0,titanium,4,7184.0359269702985,14058.903971354166
0.5,13,50C__titanium_trial_5,50C,50.0,titanium,5,7184.0359269702985,9412.815592447916
0.5,13,50C__titanium_trial_6,50C,50.0,titanium,6,7184.0359269702985,16382.211588541666
0.5,13,60C__titanium_trial_1,60C,60.0,titanium,1,7184.0359269702985,9145.774739583334
0.5,13,60C__titanium_trial_2,60C,60.0,titanium,2,7184.0359269702985,10404.001627604166
0.5,13,60C__titanium_trial_3,60C,60.0,titanium,3,7184.0359269702985,9871.068359375
0.5,13,60C__titanium_trial_4,60C,60.0,titanium,4,7184.0359269702985,11479.617838541666
0.5,13,60C__titanium_trial_5,60C,60.0,titanium,5,7184.0359269702985,12589.140299479166
0.5,13,60C__titanium_trial_6,60C,60.0,titanium,6,7184.0359269702985,11537.412760416666
0.5,14,30C__wood_trial_1,30C,30.0,wood,1,422.49260348555214,90.15319061279297
0.5,14,30C__wood_trial_2,30C,30.0,wood,2,422.49260348555214,206.96624755859375
0.5,14,30C__wood_trial_3,30C,30.0,wood,3,422.49260348555214,116.02224985758464
0.5,14,30C__wood_trial_4,30C,30.0,wood,4,422.49260348555214,81.86458079020183
0.5,14,30C__wood_trial_5,30C,30.0,wood,5,422.49260348555214,123.39095052083333
0.5,14,30C__wood_trial_6,30C,30.0,wood,6,422.49260348555214,240.25333150227866
0.5,14,40C__wood_trial_1,40C,40.0,wood,1,422.49260348555214,171.65447998046875
0.5,14,40C__wood_trial_2,40C,40.0,wood,2,422.49260348555214,167.02300516764322
0.5,14,40C__wood_trial_3,40C,40.0,wood,3,422.49260348555214,159.1557820638021
0.5,14,40C__wood_trial_4,40C,40.0,wood,4,422.49260348555214,112.46470896402995
0.5,14,40C__wood_trial_5,40C,40.0,wood,5,422.49260348555214,292.58307393391925
0.5,14,40C__wood_trial_6,40C,40.0,wood,6,422.49260348555214,226.62156677246094
0.5,14,50C__wood_trial_1,50C,50.0,wood,1,422.49260348555214,219.33471171061197
0.5,14,50C__wood_trial_2,50C,50.0,wood,2,422.49260348555214,266.5902862548828
0.5,14,50C__wood_trial_3,50C,50.0,wood,3,422.49260348555214,294.59324137369794
0.5,14,50C__wood_trial_4,50C,50.0,wood,4,422.49260348555214,254.66717020670572
0.5,14,50C__wood_trial_5,50C,50.0,wood,5,422.49260348555214,231.58326721191406
0.5,14,50C__wood_trial_6,50C,50.0,wood,6,422.49260348555214,216.10075887044272
0.5,14,60C__wood_trial_1,60C,60.0,wood,1,422.49260348555214,12310.060546875
0.5,14,60C__wood_trial_2,60C,60.0,wood,2,422.49260348555214,3659.768839518229
0.5,14,60C__wood_trial_3,60C,60.0,wood,3,422.49260348555214,5438.3127034505205
0.5,14,60C__wood_trial_4,60C,60.0,wood,4,422.49260348555214,4096.279459635417
0.5,14,60C__wood_trial_5,60C,60.0,wood,5,422.49260348555214,1138.12353515625
0.5,14,60C__wood_trial_6,60C,60.0,wood,6,422.49260348555214,461.10463460286456
0.7,1,30C__aluminum_trial_1,30C,30.0,aluminum,1,23958.09466547789,15670.832682291666
0.7,1,30C__aluminum_trial_2,30C,30.0,aluminum,2,23958.09466547789,20172.445963541668
0.7,1,30C__aluminum_trial_3,30C,30.0,aluminum,3,23958.09466547789,9624.80078125
0.7,1,30C__aluminum_trial_4,30C,30.0,aluminum,4,23958.09466547789,18126.48046875
0.7,1,30C__aluminum_trial_5,30C,30.0,aluminum,5,23958.09466547789,12857.587890625
0.7,1,30C__aluminum_trial_6,30C,30.0,aluminum,6,23958.09466547789,11933.522786458334
0.7,1,40C__aluminum_trial_1,40C,40.0,aluminum,1,23958.09466547789,20156.744791666668
0.7,1,40C__aluminum_trial_2,40C,40.0,aluminum,2,23958.09466547789,5806.5357666015625
0.7,1,40C__aluminum_trial_3,40C,40.0,aluminum,3,23958.09466547789,25730.173177083332
0.7,1,40C__aluminum_trial_4,40C,40.0,aluminum,4,23958.09466547789,14402.783528645834
0.7,1,40C__aluminum_trial_5,40C,40.0,aluminum,5,23958.09466547789,12005.828125
0.7,1,40C__aluminum_trial_6,40C,40.0,aluminum,6,23958.09466547789,11517.184895833334
0.7,1,50C__aluminum_trial_1,50C,50.0,aluminum,1,23958.09466547789,14626.9111328125
0.7,1,50C__aluminum_trial_2,50C,50.0,aluminum,2,23958.09466547789,11111.556966145834
0.7,1,50C__aluminum_trial_3,50C,50.0,aluminum,3,23958.09466547789,14159.486328125
0.7,1,50C__aluminum_trial_4,50C,50.0,aluminum,4,23958.09466547789,19390.352864583332
0.7,1,50C__aluminum_trial_5,50C,50.0,aluminum,5,23958.09466547789,14568.939778645834
0.7,1,50C__aluminum_trial_6,50C,50.0,aluminum,6,23958.09466547789,21534.54296875
0.7,1,60C__aluminum_trial_1,60C,60.0,aluminum,1,23958.09466547789,18515.966471354168
0.7,1,60C__aluminum_trial_2,60C,60.0,aluminum,2,23958.09466547789,15059.642252604166
0.7,1,60C__aluminum_trial_3,60C,60.0,aluminum,3,23958.09466547789,12030.027994791666
0.7,1,60C__aluminum_trial_4,60C,60.0,aluminum,4,23958.09466547789,16040.808919270834
0.7,1,60C__aluminum_trial_5,60C,60.0,aluminum,5,23958.09466547789,16236.469075520834
0.7,1,60C__aluminum_trial_6,60C,60.0,aluminum,6,23958.09466547789,22114.820963541668
0.7,2,30C__bismuth_trial_1,30C,30.0,bismuth,1,3209.1026783199068,9567.793619791666
0.7,2,30C__bismuth_trial_2,30C,30.0,bismuth,2,3209.1026783199068,5908.561930338542
0.7,2,30C__bismuth_trial_3,30C,30.0,bismuth,3,3209.1026783199068,4493.814615885417
0.7,2,30C__bismuth_trial_4,30C,30.0,bismuth,4,3209.1026783199068,11498.359375
0.7,2,30C__bismuth_trial_5,30C,30.0,bismuth,5,3209.1026783199068,4884.128987630208
0.7,2,30C__bismuth_trial_6,30C,30.0,bismuth,6,3209.1026783199068,10959.8369140625
0.7,2,40C__bismuth_trial_1,40C,40.0,bismuth,1,3209.1026783199068,13590.555989583334
0.7,2,40C__bismuth_trial_2,40C,40.0,bismuth,2,3209.1026783199068,11995.381184895834
0.7,2,40C__bismuth_trial_3,40C,40.0,bismuth,3,3209.1026783199068,11872.360026041666
0.7,2,40C__bismuth_trial_4,40C,40.0,bismuth,4,3209.1026783199068,11282.4189453125
0.7,2,40C__bismuth_trial_5,40C,40.0,bismuth,5,3209.1026783199068,14575.507161458334
0.7,2,40C__bismuth_trial_6,40C,40.0,bismuth,6,3209.1026783199068,13294.6494140625
0.7,2,50C__bismuth_trial_1,50C,50.0,bismuth,1,3209.1026783199068,9518.2412109375
0.7,2,50C__bismuth_trial_2,50C,50.0,bismuth,2,3209.1026783199068,12878.856119791666
0.7,2,50C__bismuth_trial_3,50C,50.0,bismuth,3,3209.1026783199068,18399.483723958332
0.7,2,50C__bismuth_trial_4,50C,50.0,bismuth,4,3209.1026783199068,16571.557942708332
0.7,2,50C__bismuth_trial_5,50C,50.0,bismuth,5,3209.1026783199068,13947.94921875
0.7,2,50C__bismuth_trial_6,50C,50.0,bismuth,6,3209.1026783199068,11844.9013671875
0.7,2,60C__bismuth_trial_1,60C,60.0,bismuth,1,3209.1026783199068,12309.747721354166
0.7,2,60C__bismuth_trial_2,60C,60.0,bismuth,2,3209.1026783199068,11229.127278645834
0.7,2,60C__bismuth_trial_3,60C,60.0,bismuth,3,3209.1026783199068,12742.7919921875
0.7,2,60C__bismuth_trial_4,60C,60.0,bismuth,4,3209.1026783199068,17581.466145833332
0.7,2,60C__bismuth_trial_5,60C,60.0,bismuth,5,3209.1026783199068,10549.3056640625
0.7,2,60C__bismuth_trial_6,60C,60.0,bismuth,6,3209.1026783199068,19121.29296875
0.7,3,30C__cement_trial_1,30C,30.0,cement,1,559.6427431853289,483.75733439127606
0.7,3,30C__cement_trial_2,30C,30.0,cement,2,559.6427431853289,454.81175740559894
0.7,3,30C__cement_trial_3,30C,30.0,cement,3,559.6427431853289,485.7773132324219
0.7,3,30C__cement_trial_4,30C,30.0,cement,4,559.6427431853289,488.91864013671875
0.7,3,30C__cement_trial_5,30C,30.0,cement,5,559.6427431853289,547.2724609375
0.7,3,30C__cement_trial_6,30C,30.0,cement,6,559.6427431853289,459.0363362630208
0.7,3,40C__cement_trial_1,40C,40.0,cement,1,559.6427431853289,397.7242736816406
0.7,3,40C__cement_trial_2,40C,40.0,cement,2,559.6427431853289,471.5846455891927
0.7,3,40C__cement_trial_3,40C,40.0,cement,3,559.6427431853289,294.3078155517578
0.7,3,40C__cement_trial_4,40C,40.0,cement,4,559.6427431853289,723.1553955078125
0.7,3,40C__cement_trial_5,40C,40.0,cement,5,559.6427431853289,691.4934488932291
0.7,3,40C__cement_trial_6,40C,40.0,cement,6,559.6427431853289,418.12530517578125
0.7,3,50C__cement_trial_1,50C,50.0,cement,1,559.6427431853289,495.0321858723958
0.7,3,50C__cement_trial_2,50C,50.0,cement,2,559.6427431853289,298.9892171223958
0.7,3,50C__cement_trial_3,50C,50.0,cement,3,559.6427431853289,402.0540059407552
0.7,3,50C__cement_trial_4,50C,50.0,cement,4,559.6427431853289,305.8827819824219
0.7,3,50C__cement_trial_5,50C,50.0,cement,5,559.6427431853289,538.486073811849
0.7,3,50C__cement_trial_6,50C,50.0,cement,6,559.6427431853289,588.3641560872396
0.7,3,60C__cement_trial_1,60C,60.0,cement,1,559.6427431853289,1021.1793212890625
0.7,3,60C__cement_trial_2,60C,60.0,cement,2,559.6427431853289,749.6463012695312
0.7,3,60C__cement_trial_3,60C,60.0,cement,3,559.6427431853289,932.5900268554688
0.7,3,60C__cement_trial_4,60C,60.0,cement,4,559.6427431853289,766.5038452148438
0.7,3,60C__cement_trial_5,60C,60.0,cement,5,559.6427431853289,953.4939371744791
0.7,3,60C__cement_trial_6,60C,60.0,cement,6,559.6427431853289,722.9559122721354
0.7,4,30C__copper_trial_1,30C,30.0,copper,1,37192.601414797544,3451.2010904947915
0.7,4,30C__copper_trial_2,30C,30.0,copper,2,37192.601414797544,17699.052408854168
0.7,4,30C__copper_trial_3,30C,30.0,copper,3,37192.601414797544,16534.664713541668
0.7,4,30C__copper_trial_4,30C,30.0,copper,4,37192.601414797544,16545.697265625
0.7,4,30C__copper_trial_5,30C,30.0,copper,5,37192.601414797544,14379.234375
0.7,4,30C__copper_trial_6,30C,30.0,copper,6,37192.601414797544,11726.917317708334
0.7,4,40C__copper_trial_1,40C,40.0,copper,1,37192.601414797544,18960.182291666668
0.7,4,40C__copper_trial_2,40C,40.0,copper,2,37192.601414797544,13143.1328125
0.7,4,40C__copper_trial_3,40C,40.0,copper,3,37192.601414797544,15648.429361979166
0.7,4,40C__copper_trial_4,40C,40.0,copper,4,37192.601414797544,8804.6435546875
0.7,4,40C__copper_trial_5,40C,40.0,copper,5,37192.601414797544,9537.335123697916
0.7,4,40C__copper_trial_6,40C,40.0,copper,6,37192.601414797544,6551.53759765625
0.7,4,50C__copper_trial_1,50C,50.0,copper,1,37192.601414797544,6091.635904947917
0.7,4,50C__copper_trial_2,50C,50.0,copper,2,37192.601414797544,11223.109049479166
0.7,4,50C__copper_trial_3,50C,50.0,copper,3,37192.601414797544,10428.334635416666
0.7,4,50C__copper_trial_4,50C,50.0,copper,4,37192.601414797544,10039.428059895834
0.7,4,50C__copper_trial_5,50C,50.0,copper,5,37192.601414797544,10085.679361979166
0.7,4,50C__copper_trial_6,50C,50.0,copper,6,37192.601414797544,8466.291178385416
0.7,4,60C__copper_trial_1,60C,60.0,copper,1,37192.601414797544,14750.512369791666
0.7,4,60C__copper_trial_2,60C,60.0,copper,2,37192.601414797544,19191.001302083332
0.7,4,60C__copper_trial_3,60C,60.0,copper,3,37192.601414797544,16021.0087890625
0.7,4,60C__copper_trial_4,60C,60.0,copper,4,37192.601414797544,19225.914713541668
0.7,4,60C__copper_trial_5,60C,60.0,copper,5,37192.601414797544,15771.555338541666
0.7,4,60C__copper_trial_6,60C,60.0,copper,6,37192.601414797544,12772.352213541666
0.7,5,30C__cork_trial_1,30C,30.0,cork,1,136.29380029920657,156.5151163736979
0.7,5,30C__cork_trial_2,30C,30.0,cork,2,136.29380029920657,75.44429016113281
0.7,5,30C__cork_trial_3,30C,30.0,cork,3,136.29380029920657,62.513291676839195
0.7,5,30C__cork_trial_4,30C,30.0,cork,4,136.29380029920657,50.5276133219401
0.7,5,30C__cork_trial_5,30C,30.0,cork,5,136.29380029920657,63.41950352986654
0.7,5,30C__cork_trial_6,30C,30.0,cork,6,136.29380029920657,69.85511144002278
0.7,5,40C__cork_trial_1,40C,40.0,cork,1,136.29380029920657,78.4512430826823
0.7,5,40C__cork_trial_2,40C,40.0,cork,2,136.29380029920657,77.1117795308431
0.7,5,40C__cork_trial_3,40C,40.0,cork,3,136.29380029920657,86.38204447428386
0.7,5,40C__cork_trial_4,40C,40.0,cork,4,136.29380029920657,85.5965690612793
0.7,5,40C__cork_trial_5,40C,40.0,cork,5,136.29380029920657,43.283590952555336
0.7,5,40C__cork_trial_6,40C,40.0,cork,6,136.29380029920657,35.09430606338371
0.7,5,50C__cork_trial_1,50C,50.0,cork,1,136.29380029920657,445.89947509765625
0.7,5,50C__cork_trial_2,50C,50.0,cork,2,136.29380029920657,452.8056945800781
0.7,5,50C__cork_trial_3,50C,50.0,cork,3,136.29380029920657,420.7211201985677
0.7,5,50C__cork_trial_4,50C,50.0,cork,4,136.29380029920657,289.4974365234375
0.7,5,50C__cork_trial_5,50C,50.0,cork,5,136.29380029920657,405.9102783203125
0.7,5,50C__cork_trial_6,50C,50.0,cork,6,136.29380029920657,368.6775410970052
0.7,5,60C__cork_trial_1,60C,60.0,cork,1,136.29380029920657,313.35076904296875
0.7,5,60C__cork_trial_2,60C,60.0,cork,2,136.29380029920657,359.8419901529948
0.7,5,60C__cork_trial_3,60C,60.0,cork,3,136.29380029920657,316.163330078125
0.7,5,60C__cork_trial_4,60C,60.0,cork,4,136.29380029920657,314.8482360839844
0.7,5,60C__cork_trial_5,60C,60.0,cork,5,136.29380029920657,384.7923889160156
0.7,5,60C__cork_trial_6,60C,60.0,cork,6,136.29380029920657,333.9542236328125
0.7,6,30C__graphite_trial_1,30C,30.0,graphite,1,11367.497525840945,11328.4267578125
0.7,6,30C__graphite_trial_2,30C,30.0,graphite,2,11367.497525840945,4084.567097981771
0.7,6,30C__graphite_trial_3,30C,30.0,graphite,3,11367.497525840945,1855.8670654296875
0.7,6,30C__graphite_trial_4,30C,30.0,graphite,4,11367.497525840945,7956.663981119792
0.7,6,30C__graphite_trial_5,30C,30.0,graphite,5,11367.497525840945,7926.736979166667
0.7,6,30C__graphite_trial_6,30C,30.0,graphite,6,11367.497525840945,5918.033610026042
0.7,6,40C__graphite_trial_1,40C,40.0,graphite,1,11367.497525840945,11144.384114583334
0.7,6,40C__graphite_trial_2,40C,40.0,graphite,2,11367.497525840945,11796.687174479166
0.7,6,40C__graphite_trial_3,40C,40.0,graphite,3,11367.497525840945,7848.096354166667
0.7,6,40C__graphite_trial_4,40C,40.0,graphite,4,11367.497525840945,14238.736653645834
0.7,6,40C__graphite_trial_5,40C,40.0,graphite,5,11367.497525840945,3345.02490234375
0.7,6,40C__graphite_trial_6,40C,40.0,graphite,6,11367.497525840945,7358.68310546875
0.7,6,50C__graphite_trial_1,50C,50.0,graphite,1,11367.497525840945,18850.403645833332
0.7,6,50C__graphite_trial_2,50C,50.0,graphite,2,11367.497525840945,15761.8076171875
0.7,6,50C__graphite_trial_3,50C,50.0,graphite,3,11367.497525840945,16255.109049479166
0.7,6,50C__graphite_trial_4,50C,50.0,graphite,4,11367.497525840945,20406.436848958332
0.7,6,50C__graphite_trial_5,50C,50.0,graphite,5,11367.497525840945,7680.112955729167
0.7,6,50C__graphite_trial_6,50C,50.0,graphite,6,11367.497525840945,11676.7314453125
0.7,6,60C__graphite_trial_1,60C,60.0,graphite,1,11367.497525840945,9153.017578125
0.7,6,60C__graphite_trial_2,60C,60.0,graphite,2,11367.497525840945,11191.053385416666
0.7,6,60C__graphite_trial_3,60C,60.0,graphite,3,11367.497525840945,13328.501627604166
0.7,6,60C__graphite_trial_4,60C,60.0,graphite,4,11367.497525840945,14907.4296875
0.7,6,60C__graphite_trial_5,60C,60.0,graphite,5,11367.497525840945,10875.152994791666
0.7,6,60C__graphite_trial_6,60C,60.0,graphite,6,11367.497525840945,13847.538411458334
0.7,7,30C__gypsum_trial_1,30C,30.0,gypsum,1,385.01948002666046,259.7168223063151
0.7,7,30C__gypsum_trial_2,30C,30.0,gypsum,2,385.01948002666046,311.9602457682292
0.7,7,30C__gypsum_trial_3,30C,30.0,gypsum,3,385.01948002666046,226.5166982014974
0.7,7,30C__gypsum_trial_4,30C,30.0,gypsum,4,385.01948002666046,178.5134531656901
0.7,7,30C__gypsum_trial_5,30C,30.0,gypsum,5,385.01948002666046,251.95634969075522
0.7,7,30C__gypsum_trial_6,30C,30.0,gypsum,6,385.01948002666046,172.49066670735678
0.7,7,40C__gypsum_trial_1,40C,40.0,gypsum,1,385.01948002666046,307.3307851155599
0.7,7,40C__gypsum_trial_2,40C,40.0,gypsum,2,385.01948002666046,205.83738708496094
0.7,7,40C__gypsum_trial_3,40C,40.0,gypsum,3,385.01948002666046,274.1468811035156
0.7,7,40C__gypsum_trial_4,40C,40.0,gypsum,4,385.01948002666046,381.98512776692706
0.7,7,40C__gypsum_trial_5,40C,40.0,gypsum,5,385.01948002666046,615.2441202799479
0.7,7,40C__gypsum_trial_6,40C,40.0,gypsum,6,385.01948002666046,570.4149780273438
0.7,7,50C__gypsum_trial_1,50C,50.0,gypsum,1,385.01948002666046,730.2105102539062
0.7,7,50C__gypsum_trial_2,50C,50.0,gypsum,2,385.01948002666046,631.7061971028646
0.7,7,50C__gypsum_trial_3,50C,50.0,gypsum,3,385.01948002666046,737.584716796875
0.7,7,50C__gypsum_trial_4,50C,50.0,gypsum,4,385.01948002666046,623.0953877766927
0.7,7,50C__gypsum_trial_5,50C,50.0,gypsum,5,385.01948002666046,842.3291931152344
0.7,7,50C__gypsum_trial_6,50C,50.0,gypsum,6,385.01948002666046,567.1424967447916
0.7,7,60C__gypsum_trial_1,60C,60.0,gypsum,1,385.01948002666046,3934.708699544271
0.7,7,60C__gypsum_trial_2,60C,60.0,gypsum,2,385.01948002666046,2068.8378092447915
0.7,7,60C__gypsum_trial_3,60C,60.0,gypsum,3,385.01948002666046,1476.6386311848958
0.7,7,60C__gypsum_trial_4,60C,60.0,gypsum,4,385.01948002666046,3802.7147623697915
0.7,7,60C__gypsum_trial_5,60C,60.0,gypsum,5,385.01948002666046,4090.3712158203125
0.7,7,60C__gypsum_trial_6,60C,60.0,gypsum,6,385.01948002666046,2466.5533854166665
0.7,8,30C__iron_trial_1,30C,30.0,iron,1,16859.663413010356,10144.50439453125
0.7,8,30C__iron_trial_2,30C,30.0,iron,2,16859.663413010356,23743.133463541668
0.7,8,30C__iron_trial_3,30C,30.0,iron,3,16859.663413010356,17524.7685546875
0.7,8,30C__iron_trial_4,30C,30.0,iron,4,16859.663413010356,18749.3828125
0.7,8,30C__iron_trial_5,30C,30.0,iron,5,16859.663413010356,16699.1474609375
0.7,8,30C__iron_trial_6,30C,30.0,iron,6,16859.663413010356,13075.262044270834
0.7,8,40C__iron_trial_1,40C,40.0,iron,1,16859.663413010356,14846.554361979166
0.7,8,40C__iron_trial_2,40C,40.0,iron,2,16859.663413010356,9207.23583984375
0.7,8,40C__iron_trial_3,40C,40.0,iron,3,16859.663413010356,9550.777994791666
0.7,8,40C__iron_trial_4,40C,40.0,iron,4,16859.663413010356,6029.029459635417
0.7,8,40C__iron_trial_5,40C,40.0,iron,5,16859.663413010356,13388.108072916666
0.7,8,40C__iron_trial_6,40C,40.0,iron,6,16859.663413010356,15281.661783854166
0.7,8,50C__iron_trial_1,50C,50.0,iron,1,16859.663413010356,10176.0419921875
0.7,8,50C__iron_trial_2,50C,50.0,iron,2,16859.663413010356,13373.963541666666
0.7,8,50C__iron_trial_3,50C,50.0,iron,3,16859.663413010356,12691.475911458334
0.7,8,50C__iron_trial_4,50C,50.0,iron,4,16859.663413010356,12270.528971354166
0.7,8,50C__iron_trial_5,50C,50.0,iron,5,16859.663413010356,17441.09375
0.7,8,50C__iron_trial_6,50C,50.0,iron,6,16859.663413010356,25775.106770833332
0.7,8,60C__iron_trial_1,60C,60.0,iron,1,16859.663413010356,30237.515625
0.7,8,60C__iron_trial_2,60C,60.0,iron,2,16859.663413010356,19651.80859375
0.7,8,60C__iron_trial_3,60C,60.0,iron,3,16859.663413010356,15533.232096354166
0.7,8,60C__iron_trial_4,60C,60.0,iron,4,16859.663413010356,13835.9794921875
0.7,8,60C__iron_trial_5,60C,60.0,iron,5,16859.663413010356,19767.017578125
0.7,8,60C__iron_trial_6,60C,60.0,iron,6,16859.663413010356,20653.517578125
0.7,9,30C__nickel_trial_1,30C,30.0,nickel,1,19320.68449098013,10970.563151041666
0.7,9,30C__nickel_trial_2,30C,30.0,nickel,2,19320.68449098013,14123.8427734375
0.7,9,30C__nickel_trial_3,30C,30.0,nickel,3,19320.68449098013,16376.677734375
0.7,9,30C__nickel_trial_4,30C,30.0,nickel,4,19320.68449098013,8594.927083333334
0.7,9,30C__nickel_trial_5,30C,30.0,nickel,5,19320.68449098013,17893.816080729168
0.7,9,30C__nickel_trial_6,30C,30.0,nickel,6,19320.68449098013,21753.0078125
0.7,9,40C__nickel_trial_1,40C,40.0,nickel,1,19320.68449098013,6698.276529947917
0.7,9,40C__nickel_trial_2,40C,40.0,nickel,2,19320.68449098013,7749.024088541667
0.7,9,40C__nickel_trial_3,40C,40.0,nickel,3,19320.68449098013,20092.177734375
0.7,9,40C__nickel_trial_4,40C,40.0,nickel,4,19320.68449098013,14446.974283854166
0.7,9,40C__nickel_trial_5,40C,40.0,nickel,5,19320.68449098013,12385.0556640625
0.7,9,40C__nickel_trial_6,40C,40.0,nickel,6,19320.68449098013,11359.052408854166
0.7,9,50C__nickel_trial_1,50C,50.0,nickel,1,19320.68449098013,11732.609049479166
0.7,9,50C__nickel_trial_2,50C,50.0,nickel,2,19320.68449098013,12539.338541666666
0.7,9,50C__nickel_trial_3,50C,50.0,nickel,3,19320.68449098013,13158.0673828125
0.7,9,50C__nickel_trial_4,50C,50.0,nickel,4,19320.68449098013,11811.060872395834
0.7,9,50C__nickel_trial_5,50C,50.0,nickel,5,19320.68449098013,7862.11328125
0.7,9,50C__nickel_trial_6,50C,50.0,nickel,6,19320.68449098013,17225.417317708332
0.7,9,60C__nickel_trial_1,60C,60.0,nickel,1,19320.68449098013,11531.1669921875
0.7,9,60C__nickel_trial_2,60C,60.0,nickel,2,19320.68449098013,21177.330078125
0.7,9,60C__nickel_trial_3,60C,60.0,nickel,3,19320.68449098013,16353.440104166666
0.7,9,60C__nickel_trial_4,60C,60.0,nickel,4,19320.68449098013,23583.572916666668
0.7,9,60C__nickel_trial_5,60C,60.0,nickel,5,19320.68449098013,21427.618489583332
0.7,9,60C__nickel_trial_6,60C,60.0,nickel,6,19320.68449098013,25196.513020833332
0.7,10,30C__pdms_trial_1,30C,30.0,pdms,1,460.90129095067635,214.32333374023438
0.7,10,30C__pdms_trial_2,30C,30.0,pdms,2,460.90129095067635,109.15051778157552
0.7,10,30C__pdms_trial_3,30C,30.0,pdms,3,460.90129095067635,163.21022033691406
0.7,10,30C__pdms_trial_4,30C,30.0,pdms,4,460.90129095067635,54.83039347330729
0.7,10,30C__pdms_trial_5,30C,30.0,pdms,5,460.90129095067635,90.05420176188152
0.7,10,30C__pdms_trial_6,30C,30.0,pdms,6,460.90129095067635,73.8639144897461
0.7,10,40C__pdms_trial_1,40C,40.0,pdms,1,460.90129095067635,474.53281656901044
0.7,10,40C__pdms_trial_2,40C,40.0,pdms,2,460.90129095067635,501.48569742838544
0.7,10,40C__pdms_trial_3,40C,40.0,pdms,3,460.90129095067635,448.91294352213544
0.7,10,40C__pdms_trial_4,40C,40.0,pdms,4,460.90129095067635,406.7636413574219
0.7,10,40C__pdms_trial_5,40C,40.0,pdms,5,460.90129095067635,235.56694539388022
0.7,10,40C__pdms_trial_6,40C,40.0,pdms,6,460.90129095067635,406.8970642089844
0.7,10,50C__pdms_trial_1,50C,50.0,pdms,1,460.90129095067635,229.17683919270834
0.7,10,50C__pdms_trial_2,50C,50.0,pdms,2,460.90129095067635,171.13277689615884
0.7,10,50C__pdms_trial_3,50C,50.0,pdms,3,460.90129095067635,464.3399251302083
0.7,10,50C__pdms_trial_4,50C,50.0,pdms,4,460.90129095067635,453.0485534667969
0.7,10,50C__pdms_trial_5,50C,50.0,pdms,5,460.90129095067635,232.6789093017578
0.7,10,50C__pdms_trial_6,50C,50.0,pdms,6,460.90129095067635,311.9949645996094
0.7,10,60C__pdms_trial_1,60C,60.0,pdms,1,460.90129095067635,614.0840250651041
0.7,10,60C__pdms_trial_2,60C,60.0,pdms,2,460.90129095067635,449.5582580566406
0.7,10,60C__pdms_trial_3,60C,60.0,pdms,3,460.90129095067635,508.6908365885417
0.7,10,60C__pdms_trial_4,60C,60.0,pdms,4,460.90129095067635,267.95892842610675
0.7,10,60C__pdms_trial_5,60C,60.0,pdms,5,460.90129095067635,270.93727111816406
0.7,10,60C__pdms_trial_6,60C,60.0,pdms,6,460.90129095067635,185.49989318847656
0.7,11,30C__ps_foam_trial_1,30C,30.0,ps_foam,1,34.496376621320685,442.1905822753906
0.7,11,30C__ps_foam_trial_2,30C,30.0,ps_foam,2,34.496376621320685,483.66346232096356
0.7,11,30C__ps_foam_trial_3,30C,30.0,ps_foam,3,34.496376621320685,353.1699523925781
0.7,11,30C__ps_foam_trial_4,30C,30.0,ps_foam,4,34.496376621320685,303.6893005371094
0.7,11,30C__ps_foam_trial_5,30C,30.0,ps_foam,5,34.496376621320685,159.1997502644857
0.7,11,30C__ps_foam_trial_6,30C,30.0,ps_foam,6,34.496376621320685,207.73670450846353
0.7,11,40C__ps_foam_trial_1,40C,40.0,ps_foam,1,34.496376621320685,52.11573282877604
0.7,11,40C__ps_foam_trial_2,40C,40.0,ps_foam,2,34.496376621320685,50.410718282063804
0.7,11,40C__ps_foam_trial_3,40C,40.0,ps_foam,3,34.496376621320685,53.91919962565104
0.7,11,40C__ps_foam_trial_4,40C,40.0,ps_foam,4,34.496376621320685,825.4847615559896
0.7,11,40C__ps_foam_trial_5,40C,40.0,ps_foam,5,34.496376621320685,107.2010498046875
0.7,11,40C__ps_foam_trial_6,40C,40.0,ps_foam,6,34.496376621320685,86.74145253499348
0.7,11,50C__ps_foam_trial_1,50C,50.0,ps_foam,1,34.496376621320685,52.873538970947266
0.7,11,50C__ps_foam_trial_2,50C,50.0,ps_foam,2,34.496376621320685,67.20162455240886
0.7,11,50C__ps_foam_trial_3,50C,50.0,ps_foam,3,34.496376621320685,58.00583521525065
0.7,11,50C__ps_foam_trial_4,50C,50.0,ps_foam,4,34.496376621320685,50.59309387207031
0.7,11,50C__ps_foam_trial_5,50C,50.0,ps_foam,5,34.496376621320685,56.236558278401695
0.7,11,50C__ps_foam_trial_6,50C,50.0,ps_foam,6,34.496376621320685,58.18611526489258
0.7,11,60C__ps_foam_trial_1,60C,60.0,ps_foam,1,34.496376621320685,247.6924591064453
0.7,11,60C__ps_foam_trial_2,60C,60.0,ps_foam,2,34.496376621320685,249.63744608561197
0.7,11,60C__ps_foam_trial_3,60C,60.0,ps_foam,3,34.496376621320685,204.46407063802084
0.7,11,60C__ps_foam_trial_4,60C,60.0,ps_foam,4,34.496376621320685,172.72566731770834
0.7,11,60C__ps_foam_trial_5,60C,60.0,ps_foam,5,34.496376621320685,250.08307902018228
0.7,11,60C__ps_foam_trial_6,60C,60.0,ps_foam,6,34.496376621320685,298.6112874348958
0.7,12,30C__pu_foam_trial_1,30C,30.0,pu_foam,1,42.49705872175155,121.03990427652995
0.7,12,30C__pu_foam_trial_2,30C,30.0,pu_foam,2,42.49705872175155,89.09346771240234
0.7,12,30C__pu_foam_trial_3,30C,30.0,pu_foam,3,42.49705872175155,225.8966827392578
0.7,12,30C__pu_foam_trial_4,30C,30.0,pu_foam,4,42.49705872175155,247.46362813313803
0.7,12,30C__pu_foam_trial_5,30C,30.0,pu_foam,5,42.49705872175155,285.4423472086589
0.7,12,30C__pu_foam_trial_6,30C,30.0,pu_foam,6,42.49705872175155,104.19716389973958
0.7,12,40C__pu_foam_trial_1,40C,40.0,pu_foam,1,42.49705872175155,77.72708638509114
0.7,12,40C__pu_foam_trial_2,40C,40.0,pu_foam,2,42.49705872175155,91.65635172526042
0.7,12,40C__pu_foam_trial_3,40C,40.0,pu_foam,3,42.49705872175155,99.47571563720703
0.7,12,40C__pu_foam_trial_4,40C,40.0,pu_foam,4,42.49705872175155,93.91652170817058
0.7,12,40C__pu_foam_trial_5,40C,40.0,pu_foam,5,42.49705872175155,34.496376621320685
0.7,12,40C__pu_foam_trial_6,40C,40.0,pu_foam,6,42.49705872175155,52.438499450683594
0.7,12,50C__pu_foam_trial_1,50C,50.0,pu_foam,1,42.49705872175155,107.01397705078125
0.7,12,50C__pu_foam_trial_2,50C,50.0,pu_foam,2,42.49705872175155,78.7168197631836
0.7,12,50C__pu_foam_trial_3,50C,50.0,pu_foam,3,42.49705872175155,100.29764811197917
0.7,12,50C__pu_foam_trial_4,50C,50.0,pu_foam,4,42.49705872175155,72.73116048177083
0.7,12,50C__pu_foam_trial_5,50C,50.0,pu_foam,5,42.49705872175155,75.9471918741862
0.7,12,50C__pu_foam_trial_6,50C,50.0,pu_foam,6,42.49705872175155,89.96793111165364
0.7,12,60C__pu_foam_trial_1,60C,60.0,pu_foam,1,42.49705872175155,192.3915252685547
0.7,12,60C__pu_foam_trial_2,60C,60.0,pu_foam,2,42.49705872175155,987.3481648763021
0.7,12,60C__pu_foam_trial_3,60C,60.0,pu_foam,3,42.49705872175155,323.49135335286456
0.7,12,60C__pu_foam_trial_4,60C,60.0,pu_foam,4,42.49705872175155,163.79410044352213
0.7,12,60C__pu_foam_trial_5,60C,60.0,pu_foam,5,42.49705872175155,236.81678263346353
0.7,12,60C__pu_foam_trial_6,60C,60.0,pu_foam,6,42.49705872175155,255.56336466471353
0.7,13,30C__titanium_trial_1,30C,30.0,titanium,1,7184.0359269702985,12771.119466145834
0.7,13,30C__titanium_trial_2,30C,30.0,titanium,2,7184.0359269702985,6213.715006510417
0.7,13,30C__titanium_trial_3,30C,30.0,titanium,3,7184.0359269702985,5926.569986979167
0.7,13,30C__titanium_trial_4,30C,30.0,titanium,4,7184.0359269702985,4771.8671875
0.7,13,30C__titanium_trial_5,30C,30.0,titanium,5,7184.0359269702985,8446.377278645834
0.7,13,30C__titanium_trial_6,30C,30.0,titanium,6,7184.0359269702985,4673.4736328125
0.7,13,40C__titanium_trial_1,40C,40.0,titanium,1,7184.0359269702985,15049.3095703125
0.7,13,40C__titanium_trial_2,40C,40.0,titanium,2,7184.0359269702985,12535.9150390625
0.7,13,40C__titanium_trial_3,40C,40.0,titanium,3,7184.0359269702985,18547.716145833332
0.7,13,40C__titanium_trial_4,40C,40.0,titanium,4,7184.0359269702985,10710.33203125
0.7,13,40C__titanium_trial_5,40C,40.0,titanium,5,7184.0359269702985,18377.0078125
0.7,13,40C__titanium_trial_6,40C,40.0,titanium,6,7184.0359269702985,17466.861979166668
0.7,13,50C__titanium_trial_1,50C,50.0,titanium,1,7184.0359269702985,13927.524739583334
0.7,13,50C__titanium_trial_2,50C,50.0,titanium,2,7184.0359269702985,6026.910970052083
0.7,13,50C__titanium_trial_3,50C,50.0,titanium,3,7184.0359269702985,15361.8193359375
0.7,13,50C__titanium_trial_4,50C,50.0,titanium,4,7184.0359269702985,14949.706705729166
0.7,13,50C__titanium_trial_5,50C,50.0,titanium,5,7184.0359269702985,9292.834147135416
0.7,13,50C__titanium_trial_6,50C,50.0,titanium,6,7184.0359269702985,15652.2958984375
0.7,13,60C__titanium_trial_1,60C,60.0,titanium,1,7184.0359269702985,10441.784342447916
0.7,13,60C__titanium_trial_2,60C,60.0,titanium,2,7184.0359269702985,10578.371744791666
0.7,13,60C__titanium_trial_3,60C,60.0,titanium,3,7184.0359269702985,9575.4599609375
0.7,13,60C__titanium_trial_4,60C,60.0,titanium,4,7184.0359269702985,13559.4677734375
0.7,13,60C__titanium_trial_5,60C,60.0,titanium,5,7184.0359269702985,11133.2802734375
0.7,13,60C__titanium_trial_6,60C,60.0,titanium,6,7184.0359269702985,13333.78125
0.7,14,30C__wood_trial_1,30C,30.0,wood,1,422.49260348555214,76.1648178100586
0.7,14,30C__wood_trial_2,30C,30.0,wood,2,422.49260348555214,199.42896016438803
0.7,14,30C__wood_trial_3,30C,30.0,wood,3,422.49260348555214,124.44287618001302
0.7,14,30C__wood_trial_4,30C,30.0,wood,4,422.49260348555214,89.05936940511067
0.7,14,30C__wood_trial_5,30C,30.0,wood,5,422.49260348555214,120.5111796061198
0.7,14,30C__wood_trial_6,30C,30.0,wood,6,422.49260348555214,218.97204081217447
0.7,14,40C__wood_trial_1,40C,40.0,wood,1,422.49260348555214,154.41737365722656
0.7,14,40C__wood_trial_2,40C,40.0,wood,2,422.49260348555214,165.4622039794922
0.7,14,40C__wood_trial_3,40C,40.0,wood,3,422.49260348555214,160.8302968343099
0.7,14,40C__wood_trial_4,40C,40.0,wood,4,422.49260348555214,122.91289520263672
0.7,14,40C__wood_trial_5,40C,40.0,wood,5,422.49260348555214,271.85716756184894
0.7,14,40C__wood_trial_6,40C,40.0,wood,6,422.49260348555214,246.6359659830729
0.7,14,50C__wood_trial_1,50C,50.0,wood,1,422.49260348555214,240.28344217936197
0.7,14,50C__wood_trial_2,50C,50.0,wood,2,422.49260348555214,302.1554463704427
0.7,14,50C__wood_trial_3,50C,50.0,wood,3,422.49260348555214,299.7247721354167
0.7,14,50C__wood_trial_4,50C,50.0,wood,4,422.49260348555214,288.681401570638
0.7,14,50C__wood_trial_5,50C,50.0,wood,5,422.49260348555214,224.14508056640625
0.7,14,50C__wood_trial_6,50C,50.0,wood,6,422.49260348555214,205.44104512532553
0.7,14,60C__wood_trial_1,60C,60.0,wood,1,422.49260348555214,12046.9072265625
0.7,14,60C__wood_trial_2,60C,60.0,wood,2,422.49260348555214,6182.776204427083
0.7,14,60C__wood_trial_3,60C,60.0,wood,3,422.49260348555214,7147.697998046875
0.7,14,60C__wood_trial_4,60C,60.0,wood,4,422.49260348555214,9252.523111979166
0.7,14,60C__wood_trial_5,60C,60.0,wood,5,422.49260348555214,4577.80908203125
0.7,14,60C__wood_trial_6,60C,60.0,wood,6,422.49260348555214,1892.7432657877605
0.9,1,30C__aluminum_trial_1,30C,30.0,aluminum,1,23958.09466547789,16948.800455729168
0.9,1,30C__aluminum_trial_2,30C,30.0,aluminum,2,23958.09466547789,20881.427083333332
0.9,1,30C__aluminum_trial_3,30C,30.0,aluminum,3,23958.09466547789,10708.8759765625
0.9,1,30C__aluminum_trial_4,30C,30.0,aluminum,4,23958.09466547789,18022.393880208332
0.9,1,30C__aluminum_trial_5,30C,30.0,aluminum,5,23958.09466547789,12707.533203125
0.9,1,30C__aluminum_trial_6,30C,30.0,aluminum,6,23958.09466547789,13791.638020833334
0.9,1,40C__aluminum_trial_1,40C,40.0,aluminum,1,23958.09466547789,19763.001953125
0.9,1,40C__aluminum_trial_2,40C,40.0,aluminum,2,23958.09466547789,6045.1177978515625
0.9,1,40C__aluminum_trial_3,40C,40.0,aluminum,3,23958.09466547789,29742.470052083332
0.9,1,40C__aluminum_trial_4,40C,40.0,aluminum,4,23958.09466547789,14378.0576171875
0.9,1,40C__aluminum_trial_5,40C,40.0,aluminum,5,23958.09466547789,11660.919921875
0.9,1,40C__aluminum_trial_6,40C,40.0,aluminum,6,23958.09466547789,11779.3232421875
0.9,1,50C__aluminum_trial_1,50C,50.0,aluminum,1,23958.09466547789,14655.3291015625
0.9,1,50C__aluminum_trial_2,50C,50.0,aluminum,2,23958.09466547789,12088.8544921875
0.9,1,50C__aluminum_trial_3,50C,50.0,aluminum,3,23958.09466547789,15926.352213541666
0.9,1,50C__aluminum_trial_4,50C,50.0,aluminum,4,23958.09466547789,20154.407552083332
0.9,1,50C__aluminum_trial_5,50C,50.0,aluminum,5,23958.09466547789,12732.012369791666
0.9,1,50C__aluminum_trial_6,50C,50.0,aluminum,6,23958.09466547789,20929.619140625
0.9,1,60C__aluminum_trial_1,60C,60.0,aluminum,1,23958.09466547789,16351.218424479166
0.9,1,60C__aluminum_trial_2,60C,60.0,aluminum,2,23958.09466547789,15065.4248046875
0.9,1,60C__aluminum_trial_3,60C,60.0,aluminum,3,23958.09466547789,11088.2568359375
0.9,1,60C__aluminum_trial_4,60C,60.0,aluminum,4,23958.09466547789,15809.927083333334
0.9,1,60C__aluminum_trial_5,60C,60.0,aluminum,5,23958.09466547789,15189.466471354166
0.9,1,60C__aluminum_trial_6,60C,60.0,aluminum,6,23958.09466547789,20681.712890625
0.9,2,30C__bismuth_trial_1,30C,30.0,bismuth,1,3209.1026783199068,9091.569173177084
0.9,2,30C__bismuth_trial_2,30C,30.0,bismuth,2,3209.1026783199068,7366.7587890625
0.9,2,30C__bismuth_trial_3,30C,30.0,bismuth,3,3209.1026783199068,5333.523274739583
0.9,2,30C__bismuth_trial_4,30C,30.0,bismuth,4,3209.1026783199068,10443.1337890625
0.9,2,30C__bismuth_trial_5,30C,30.0,bismuth,5,3209.1026783199068,7329.927083333333
0.9,2,30C__bismuth_trial_6,30C,30.0,bismuth,6,3209.1026783199068,9917.398111979166
0.9,2,40C__bismuth_trial_1,40C,40.0,bismuth,1,3209.1026783199068,14011.877604166666
0.9,2,40C__bismuth_trial_2,40C,40.0,bismuth,2,3209.1026783199068,13211.858072916666
0.9,2,40C__bismuth_trial_3,40C,40.0,bismuth,3,3209.1026783199068,7947.933837890625
0.9,2,40C__bismuth_trial_4,40C,40.0,bismuth,4,3209.1026783199068,12010.311848958334
0.9,2,40C__bismuth_trial_5,40C,40.0,bismuth,5,3209.1026783199068,13215.234375
0.9,2,40C__bismuth_trial_6,40C,40.0,bismuth,6,3209.1026783199068,13647.554036458334
0.9,2,50C__bismuth_trial_1,50C,50.0,bismuth,1,3209.1026783199068,9781.364583333334
0.9,2,50C__bismuth_trial_2,50C,50.0,bismuth,2,3209.1026783199068,12947.594401041666
0.9,2,50C__bismuth_trial_3,50C,50.0,bismuth,3,3209.1026783199068,18187.978190104168
0.9,2,50C__bismuth_trial_4,50C,50.0,bismuth,4,3209.1026783199068,14622.994140625
0.9,2,50C__bismuth_trial_5,50C,50.0,bismuth,5,3209.1026783199068,14493.244466145834
0.9,2,50C__bismuth_trial_6,50C,50.0,bismuth,6,3209.1026783199068,11795.3251953125
0.9,2,60C__bismuth_trial_1,60C,60.0,bismuth,1,3209.1026783199068,11712.679036458334
0.9,2,60C__bismuth_trial_2,60C,60.0,bismuth,2,3209.1026783199068,10418.602213541666
0.9,2,60C__bismuth_trial_3,60C,60.0,bismuth,3,3209.1026783199068,11993.247395833334
0.9,2,60C__bismuth_trial_4,60C,60.0,bismuth,4,3209.1026783199068,16301.050455729166
0.9,2,60C__bismuth_trial_5,60C,60.0,bismuth,5,3209.1026783199068,10661.507486979166
0.9,2,60C__bismuth_trial_6,60C,60.0,bismuth,6,3209.1026783199068,17435.2607421875
0.9,3,30C__cement_trial_1,30C,30.0,cement,1,559.6427431853289,521.7596232096354
0.9,3,30C__cement_trial_2,30C,30.0,cement,2,559.6427431853289,455.0373229980469
0.9,3,30C__cement_trial_3,30C,30.0,cement,3,559.6427431853289,493.02984619140625
0.9,3,30C__cement_trial_4,30C,30.0,cement,4,559.6427431853289,512.0355326334635
0.9,3,30C__cement_trial_5,30C,30.0,cement,5,559.6427431853289,612.7415873209635
0.9,3,30C__cement_trial_6,30C,30.0,cement,6,559.6427431853289,486.72398885091144
0.9,3,40C__cement_trial_1,40C,40.0,cement,1,559.6427431853289,471.9674377441406
0.9,3,40C__cement_trial_2,40C,40.0,cement,2,559.6427431853289,490.8783874511719
0.9,3,40C__cement_trial_3,40C,40.0,cement,3,559.6427431853289,364.6583709716797
0.9,3,40C__cement_trial_4,40C,40.0,cement,4,559.6427431853289,708.7932535807291
0.9,3,40C__cement_trial_5,40C,40.0,cement,5,559.6427431853289,697.4102579752604
0.9,3,40C__cement_trial_6,40C,40.0,cement,6,559.6427431853289,357.7242838541667
0.9,3,50C__cement_trial_1,50C,50.0,cement,1,559.6427431853289,523.273681640625
0.9,3,50C__cement_trial_2,50C,50.0,cement,2,559.6427431853289,309.7549235026042
0.9,3,50C__cement_trial_3,50C,50.0,cement,3,559.6427431853289,431.17287190755206
0.9,3,50C__cement_trial_4,50C,50.0,cement,4,559.6427431853289,334.9043477376302
0.9,3,50C__cement_trial_5,50C,50.0,cement,5,559.6427431853289,698.3187561035156
0.9,3,50C__cement_trial_6,50C,50.0,cement,6,559.6427431853289,633.0498453776041
0.9,3,60C__cement_trial_1,60C,60.0,cement,1,559.6427431853289,986.3046468098959
0.9,3,60C__cement_trial_2,60C,60.0,cement,2,559.6427431853289,723.0959269205729
0.9,3,60C__cement_trial_3,60C,60.0,cement,3,559.6427431853289,810.5496215820312
0.9,3,60C__cement_trial_4,60C,60.0,cement,4,559.6427431853289,706.4867350260416
0.9,3,60C__cement_trial_5,60C,60.0,cement,5,559.6427431853289,870.5062052408854
0.9,3,60C__cement_trial_6,60C,60.0,cement,6,559.6427431853289,699.9902547200521
0.9,4,30C__copper_trial_1,30C,30.0,copper,1,37192.601414797544,2661.819051106771
0.9,4,30C__copper_trial_2,30C,30.0,copper,2,37192.601414797544,16903.404622395832
0.9,4,30C__copper_trial_3,30C,30.0,copper,3,37192.601414797544,16567.921549479168
0.9,4,30C__copper_trial_4,30C,30.0,copper,4,37192.601414797544,15508.996744791666
0.9,4,30C__copper_trial_5,30C,30.0,copper,5,37192.601414797544,14302.402669270834
0.9,4,30C__copper_trial_6,30C,30.0,copper,6,37192.601414797544,11994.738606770834
0.9,4,40C__copper_trial_1,40C,40.0,copper,1,37192.601414797544,18915.747395833332
0.9,4,40C__copper_trial_2,40C,40.0,copper,2,37192.601414797544,15095.9990234375
0.9,4,40C__copper_trial_3,40C,40.0,copper,3,37192.601414797544,18008.738606770832
0.9,4,40C__copper_trial_4,40C,40.0,copper,4,37192.601414797544,8628.189453125
0.9,4,40C__copper_trial_5,40C,40.0,copper,5,37192.601414797544,8483.05859375
0.9,4,40C__copper_trial_6,40C,40.0,copper,6,37192.601414797544,8031.63623046875
0.9,4,50C__copper_trial_1,50C,50.0,copper,1,37192.601414797544,7203.31640625
0.9,4,50C__copper_trial_2,50C,50.0,copper,2,37192.601414797544,11980.313151041666
0.9,4,50C__copper_trial_3,50C,50.0,copper,3,37192.601414797544,10592.224609375
0.9,4,50C__copper_trial_4,50C,50.0,copper,4,37192.601414797544,9591.431315104166
0.9,4,50C__copper_trial_5,50C,50.0,copper,5,37192.601414797544,9488.520833333334
0.9,4,50C__copper_trial_6,50C,50.0,copper,6,37192.601414797544,8018.470865885417
0.9,4,60C__copper_trial_1,60C,60.0,copper,1,37192.601414797544,15603.41796875
0.9,4,60C__copper_trial_2,60C,60.0,copper,2,37192.601414797544,19231.923177083332
0.9,4,60C__copper_trial_3,60C,60.0,copper,3,37192.601414797544,16908.261067708332
0.9,4,60C__copper_trial_4,60C,60.0,copper,4,37192.601414797544,19530.423177083332
0.9,4,60C__copper_trial_5,60C,60.0,copper,5,37192.601414797544,17428.700520833332
0.9,4,60C__copper_trial_6,60C,60.0,copper,6,37192.601414797544,13607.4609375
0.9,5,30C__cork_trial_1,30C,30.0,cork,1,136.29380029920657,160.87707010904947
0.9,5,30C__cork_trial_2,30C,30.0,cork,2,136.29380029920657,66.93926493326823
0.9,5,30C__cork_trial_3,30C,30.0,cork,3,136.29380029920657,60.53602091471354
0.9,5,30C__cork_trial_4,30C,30.0,cork,4,136.29380029920657,48.65658060709635
0.9,5,30C__cork_trial_5,30C,30.0,cork,5,136.29380029920657,74.79219055175781
0.9,5,30C__cork_trial_6,30C,30.0,cork,6,136.29380029920657,60.98093032836914
0.9,5,40C__cork_trial_1,40C,40.0,cork,1,136.29380029920657,86.40699513753255
0.9,5,40C__cork_trial_2,40C,40.0,cork,2,136.29380029920657,84.3711649576823
0.9,5,40C__cork_trial_3,40C,40.0,cork,3,136.29380029920657,98.92322794596355
0.9,5,40C__cork_trial_4,40C,40.0,cork,4,136.29380029920657,92.38953399658203
0.9,5,40C__cork_trial_5,40C,40.0,cork,5,136.29380029920657,39.33795293172201
0.9,5,40C__cork_trial_6,40C,40.0,cork,6,136.29380029920657,35.4872478561897
0.9,5,50C__cork_trial_1,50C,50.0,cork,1,136.29380029920657,446.8601786295573
0.9,5,50C__cork_trial_2,50C,50.0,cork,2,136.29380029920657,447.24249267578125
0.9,5,50C__cork_trial_3,50C,50.0,cork,3,136.29380029920657,424.4473164876302
0.9,5,50C__cork_trial_4,50C,50.0,cork,4,136.29380029920657,262.56884765625
0.9,5,50C__cork_trial_5,50C,50.0,cork,5,136.29380029920657,441.2561543782552
0.9,5,50C__cork_trial_6,50C,50.0,cork,6,136.29380029920657,372.44385782877606
0.9,5,60C__cork_trial_1,60C,60.0,cork,1,136.29380029920657,321.76776123046875
0.9,5,60C__cork_trial_2,60C,60.0,cork,2,136.29380029920657,327.0840759277344
0.9,5,60C__cork_trial_3,60C,60.0,cork,3,136.29380029920657,310.3889567057292
0.9,5,60C__cork_trial_4,60C,60.0,cork,4,136.29380029920657,291.8853251139323
0.9,5,60C__cork_trial_5,60C,60.0,cork,5,136.29380029920657,395.70421346028644
0.9,5,60C__cork_trial_6,60C,60.0,cork,6,136.29380029920657,366.3093973795573
0.9,6,30C__graphite_trial_1,30C,30.0,graphite,1,11367.497525840945,11483.937174479166
0.9,6,30C__graphite_trial_2,30C,30.0,graphite,2,11367.497525840945,5530.453531901042
0.9,6,30C__graphite_trial_3,30C,30.0,graphite,3,11367.497525840945,2098.4835611979165
0.9,6,30C__graphite_trial_4,30C,30.0,graphite,4,11367.497525840945,8704.628092447916
0.9,6,30C__graphite_trial_5,30C,30.0,graphite,5,11367.497525840945,8602.33740234375
0.9,6,30C__graphite_trial_6,30C,30.0,graphite,6,11367.497525840945,5729.797200520833
0.9,6,40C__graphite_trial_1,40C,40.0,graphite,1,11367.497525840945,8815.632975260416
0.9,6,40C__graphite_trial_2,40C,40.0,graphite,2,11367.497525840945,12181.512369791666
0.9,6,40C__graphite_trial_3,40C,40.0,graphite,3,11367.497525840945,6504.883463541667
0.9,6,40C__graphite_trial_4,40C,40.0,graphite,4,11367.497525840945,11527.958333333334
0.9,6,40C__graphite_trial_5,40C,40.0,graphite,5,11367.497525840945,3667.739990234375
0.9,6,40C__graphite_trial_6,40C,40.0,graphite,6,11367.497525840945,6776.125813802083
0.9,6,50C__graphite_trial_1,50C,50.0,graphite,1,11367.497525840945,15480.360026041666
0.9,6,50C__graphite_trial_2,50C,50.0,graphite,2,11367.497525840945,15168.368489583334
0.9,6,50C__graphite_trial_3,50C,50.0,graphite,3,11367.497525840945,13050.3876953125
0.9,6,50C__graphite_trial_4,50C,50.0,graphite,4,11367.497525840945,19878.468098958332
0.9,6,50C__graphite_trial_5,50C,50.0,graphite,5,11367.497525840945,7045.184407552083
0.9,6,50C__graphite_trial_6,50C,50.0,graphite,6,11367.497525840945,11269.10009765625
0.9,6,60C__graphite_trial_1,60C,60.0,graphite,1,11367.497525840945,8840.660807291666
0.9,6,60C__graphite_trial_2,60C,60.0,graphite,2,11367.497525840945,12767.7587890625
0.9,6,60C__graphite_trial_3,60C,60.0,graphite,3,11367.497525840945,12466.655924479166
0.9,6,60C__graphite_trial_4,60C,60.0,graphite,4,11367.497525840945,11072.526041666666
0.9,6,60C__graphite_trial_5,60C,60.0,graphite,5,11367.497525840945,10954.868489583334
0.9,6,60C__graphite_trial_6,60C,60.0,graphite,6,11367.497525840945,11463.308268229166
0.9,7,30C__gypsum_trial_1,30C,30.0,gypsum,1,385.01948002666046,252.219482421875
0.9,7,30C__gypsum_trial_2,30C,30.0,gypsum,2,385.01948002666046,323.35096232096356
0.9,7,30C__gypsum_trial_3,30C,30.0,gypsum,3,385.01948002666046,267.1205190022786
0.9,7,30C__gypsum_trial_4,30C,30.0,gypsum,4,385.01948002666046,187.0392812093099
0.9,7,30C__gypsum_trial_5,30C,30.0,gypsum,5,385.01948002666046,275.1207326253255
0.9,7,30C__gypsum_trial_6,30C,30.0,gypsum,6,385.01948002666046,188.5074717203776
0.9,7,40C__gypsum_trial_1,40C,40.0,gypsum,1,385.01948002666046,285.6094970703125
0.9,7,40C__gypsum_trial_2,40C,40.0,gypsum,2,385.01948002666046,207.1761220296224
0.9,7,40C__gypsum_trial_3,40C,40.0,gypsum,3,385.01948002666046,253.1944834391276
0.9,7,40C__gypsum_trial_4,40C,40.0,gypsum,4,385.01948002666046,448.8858235677083
0.9,7,40C__gypsum_trial_5,40C,40.0,gypsum,5,385.01948002666046,595.65087890625
0.9,7,40C__gypsum_trial_6,40C,40.0,gypsum,6,385.01948002666046,553.1367390950521
0.9,7,50C__gypsum_trial_1,50C,50.0,gypsum,1,385.01948002666046,689.98046875
0.9,7,50C__gypsum_trial_2,50C,50.0,gypsum,2,385.01948002666046,658.6647745768229
0.9,7,50C__gypsum_trial_3,50C,50.0,gypsum,3,385.01948002666046,633.0607299804688
0.9,7,50C__gypsum_trial_4,50C,50.0,gypsum,4,385.01948002666046,686.7222696940104
0.9,7,50C__gypsum_trial_5,50C,50.0,gypsum,5,385.01948002666046,730.7462768554688
0.9,7,50C__gypsum_trial_6,50C,50.0,gypsum,6,385.01948002666046,607.7242736816406
0.9,7,60C__gypsum_trial_1,60C,60.0,gypsum,1,385.01948002666046,4748.117513020833
0.9,7,60C__gypsum_trial_2,60C,60.0,gypsum,2,385.01948002666046,2247.4601236979165
0.9,7,60C__gypsum_trial_3,60C,60.0,gypsum,3,385.01948002666046,1937.3173421223958
0.9,7,60C__gypsum_trial_4,60C,60.0,gypsum,4,385.01948002666046,3982.341796875
0.9,7,60C__gypsum_trial_5,60C,60.0,gypsum,5,385.01948002666046,3686.1940104166665
0.9,7,60C__gypsum_trial_6,60C,60.0,gypsum,6,385.01948002666046,2997.544677734375
0.9,8,30C__iron_trial_1,30C,30.0,iron,1,16859.663413010356,10151.831705729166
0.9,8,30C__iron_trial_2,30C,30.0,iron,2,16859.663413010356,23766.840494791668
0.9,8,30C__iron_trial_3,30C,30.0,iron,3,16859.663413010356,17456.936197916668
0.9,8,30C__iron_trial_4,30C,30.0,iron,4,16859.663413010356,18987.93359375
0.9,8,30C__iron_trial_5,30C,30.0,iron,5,16859.663413010356,17714.748372395832
0.9,8,30C__iron_trial_6,30C,30.0,iron,6,16859.663413010356,14640.031901041666
0.9,8,40C__iron_trial_1,40C,40.0,iron,1,16859.663413010356,13470.1435546875
0.9,8,40C__iron_trial_2,40C,40.0,iron,2,16859.663413010356,8559.286783854166
0.9,8,40C__iron_trial_3,40C,40.0,iron,3,16859.663413010356,8970.897298177084
0.9,8,40C__iron_trial_4,40C,40.0,iron,4,16859.663413010356,6130.09326171875
0.9,8,40C__iron_trial_5,40C,40.0,iron,5,16859.663413010356,14158.646809895834
0.9,8,40C__iron_trial_6,40C,40.0,iron,6,16859.663413010356,14826.906901041666
0.9,8,50C__iron_trial_1,50C,50.0,iron,1,16859.663413010356,10449.033528645834
0.9,8,50C__iron_trial_2,50C,50.0,iron,2,16859.663413010356,13251.720703125
0.9,8,50C__iron_trial_3,50C,50.0,iron,3,16859.663413010356,13346.3505859375
0.9,8,50C__iron_trial_4,50C,50.0,iron,4,16859.663413010356,14778.758463541666
0.9,8,50C__iron_trial_5,50C,50.0,iron,5,16859.663413010356,14942.0791015625
0.9,8,50C__iron_trial_6,50C,50.0,iron,6,16859.663413010356,26104.694661458332
0.9,8,60C__iron_trial_1,60C,60.0,iron,1,16859.663413010356,29825.324869791668
0.9,8,60C__iron_trial_2,60C,60.0,iron,2,16859.663413010356,20403.716796875
0.9,8,60C__iron_trial_3,60C,60.0,iron,3,16859.663413010356,17316.512369791668
0.9,8,60C__iron_trial_4,60C,60.0,iron,4,16859.663413010356,14335.914388020834
0.9,8,60C__iron_trial_5,60C,60.0,iron,5,16859.663413010356,16499.8505859375
0.9,8,60C__iron_trial_6,60C,60.0,iron,6,16859.663413010356,23249.080729166668
0.9,9,30C__nickel_trial_1,30C,30.0,nickel,1,19320.68449098013,12085.970703125
0.9,9,30C__nickel_trial_2,30C,30.0,nickel,2,19320.68449098013,13294.126953125
0.9,9,30C__nickel_trial_3,30C,30.0,nickel,3,19320.68449098013,17889.533854166668
0.9,9,30C__nickel_trial_4,30C,30.0,nickel,4,19320.68449098013,11247.2177734375
0.9,9,30C__nickel_trial_5,30C,30.0,nickel,5,19320.68449098013,17853.64453125
0.9,9,30C__nickel_trial_6,30C,30.0,nickel,6,19320.68449098013,21323.450520833332
0.9,9,40C__nickel_trial_1,40C,40.0,nickel,1,19320.68449098013,5849.751139322917
0.9,9,40C__nickel_trial_2,40C,40.0,nickel,2,19320.68449098013,8453.265299479166
0.9,9,40C__nickel_trial_3,40C,40.0,nickel,3,19320.68449098013,16747.5419921875
0.9,9,40C__nickel_trial_4,40C,40.0,nickel,4,19320.68449098013,12447.857421875
0.9,9,40C__nickel_trial_5,40C,40.0,nickel,5,19320.68449098013,12289.643880208334
0.9,9,40C__nickel_trial_6,40C,40.0,nickel,6,19320.68449098013,10727.1328125
0.9,9,50C__nickel_trial_1,50C,50.0,nickel,1,19320.68449098013,11354.431640625
0.9,9,50C__nickel_trial_2,50C,50.0,nickel,2,19320.68449098013,13489.0361328125
0.9,9,50C__nickel_trial_3,50C,50.0,nickel,3,19320.68449098013,13267.7392578125
0.9,9,50C__nickel_trial_4,50C,50.0,nickel,4,19320.68449098013,12718.140950520834
0.9,9,50C__nickel_trial_5,50C,50.0,nickel,5,19320.68449098013,7466.204915364583
0.9,9,50C__nickel_trial_6,50C,50.0,nickel,6,19320.68449098013,17899.900390625
0.9,9,60C__nickel_trial_1,60C,60.0,nickel,1,19320.68449098013,9113.402018229166
0.9,9,60C__nickel_trial_2,60C,60.0,nickel,2,19320.68449098013,20667.759114583332
0.9,9,60C__nickel_trial_3,60C,60.0,nickel,3,19320.68449098013,13538.4775390625
0.9,9,60C__nickel_trial_4,60C,60.0,nickel,4,19320.68449098013,23591.014973958332
0.9,9,60C__nickel_trial_5,60C,60.0,nickel,5,19320.68449098013,22170.251302083332
0.9,9,60C__nickel_trial_6,60C,60.0,nickel,6,19320.68449098013,21827.880208333332
0.9,10,30C__pdms_trial_1,30C,30.0,pdms,1,460.90129095067635,194.88382975260416
0.9,10,30C__pdms_trial_2,30C,30.0,pdms,2,460.90129095067635,126.58555348714192
0.9,10,30C__pdms_trial_3,30C,30.0,pdms,3,460.90129095067635,145.84063975016275
0.9,10,30C__pdms_trial_4,30C,30.0,pdms,4,460.90129095067635,52.53020731608073
0.9,10,30C__pdms_trial_5,30C,30.0,pdms,5,460.90129095067635,108.80005900065105
0.9,10,30C__pdms_trial_6,30C,30.0,pdms,6,460.90129095067635,81.5366694132487
0.9,10,40C__pdms_trial_1,40C,40.0,pdms,1,460.90129095067635,474.06972249348956
0.9,10,40C__pdms_trial_2,40C,40.0,pdms,2,460.90129095067635,496.6191914876302
0.9,10,40C__pdms_trial_3,40C,40.0,pdms,3,460.90129095067635,438.88414510091144
0.9,10,40C__pdms_trial_4,40C,40.0,pdms,4,460.90129095067635,417.92262776692706
0.9,10,40C__pdms_trial_5,40C,40.0,pdms,5,460.90129095067635,253.6265411376953
0.9,10,40C__pdms_trial_6,40C,40.0,pdms,6,460.90129095067635,381.0373229980469
0.9,10,50C__pdms_trial_1,50C,50.0,pdms,1,460.90129095067635,259.1913299560547
0.9,10,50C__pdms_trial_2,50C,50.0,pdms,2,460.90129095067635,158.25218709309897
0.9,10,50C__pdms_trial_3,50C,50.0,pdms,3,460.90129095067635,441.9827168782552
0.9,10,50C__pdms_trial_4,50C,50.0,pdms,4,460.90129095067635,416.7571207682292
0.9,10,50C__pdms_trial_5,50C,50.0,pdms,5,460.90129095067635,259.18333435058594
0.9,10,50C__pdms_trial_6,50C,50.0,pdms,6,460.90129095067635,314.14109293619794
0.9,10,60C__pdms_trial_1,60C,60.0,pdms,1,460.90129095067635,610.0786336263021
0.9,10,60C__pdms_trial_2,60C,60.0,pdms,2,460.90129095067635,441.4552307128906
0.9,10,60C__pdms_trial_3,60C,60.0,pdms,3,460.90129095067635,478.6244201660156
0.9,10,60C__pdms_trial_4,60C,60.0,pdms,4,460.90129095067635,269.10777282714844
0.9,10,60C__pdms_trial_5,60C,60.0,pdms,5,460.90129095067635,268.1134948730469
0.9,10,60C__pdms_trial_6,60C,60.0,pdms,6,460.90129095067635,170.39779663085938
0.9,11,30C__ps_foam_trial_1,30C,30.0,ps_foam,1,34.496376621320685,429.8225504557292
0.9,11,30C__ps_foam_trial_2,30C,30.0,ps_foam,2,34.496376621320685,433.3696797688802
0.9,11,30C__ps_foam_trial_3,30C,30.0,ps_foam,3,34.496376621320685,409.0873209635417
0.9,11,30C__ps_foam_trial_4,30C,30.0,ps_foam,4,34.496376621320685,363.0839436848958
0.9,11,30C__ps_foam_trial_5,30C,30.0,ps_foam,5,34.496376621320685,173.5414021809896
0.9,11,30C__ps_foam_trial_6,30C,30.0,ps_foam,6,34.496376621320685,212.36066691080728
0.9,11,40C__ps_foam_trial_1,40C,40.0,ps_foam,1,34.496376621320685,53.52708435058594
0.9,11,40C__ps_foam_trial_2,40C,40.0,ps_foam,2,34.496376621320685,51.29941431681315
0.9,11,40C__ps_foam_trial_3,40C,40.0,ps_foam,3,34.496376621320685,51.13289255975703
0.9,11,40C__ps_foam_trial_4,40C,40.0,ps_foam,4,34.496376621320685,723.0272420247396
0.9,11,40C__ps_foam_trial_5,40C,40.0,ps_foam,5,34.496376621320685,126.53101094563802
0.9,11,40C__ps_foam_trial_6,40C,40.0,ps_foam,6,34.496376621320685,109.09818267822266
0.9,11,50C__ps_foam_trial_1,50C,50.0,ps_foam,1,34.496376621320685,48.36870193481445
0.9,11,50C__ps_foam_trial_2,50C,50.0,ps_foam,2,34.496376621320685,63.374935150146484
0.9,11,50C__ps_foam_trial_3,50C,50.0,ps_foam,3,34.496376621320685,51.45658874511719
0.9,11,50C__ps_foam_trial_4,50C,50.0,ps_foam,4,34.496376621320685,47.792442321777344
0.9,11,50C__ps_foam_trial_5,50C,50.0,ps_foam,5,34.496376621320685,53.94798151652018
0.9,11,50C__ps_foam_trial_6,50C,50.0,ps_foam,6,34.496376621320685,54.21717325846354
0.9,11,60C__ps_foam_trial_1,60C,60.0,ps_foam,1,34.496376621320685,287.6286214192708
0.9,11,60C__ps_foam_trial_2,60C,60.0,ps_foam,2,34.496376621320685,269.8762512207031
0.9,11,60C__ps_foam_trial_3,60C,60.0,ps_foam,3,34.496376621320685,225.7092081705729
0.9,11,60C__ps_foam_trial_4,60C,60.0,ps_foam,4,34.496376621320685,134.8176752726237
0.9,11,60C__ps_foam_trial_5,60C,60.0,ps_foam,5,34.496376621320685,315.0238087972005
0.9,11,60C__ps_foam_trial_6,60C,60.0,ps_foam,6,34.496376621320685,300.3482259114583
0.9,12,30C__pu_foam_trial_1,30C,30.0,pu_foam,1,42.49705872175155,147.46633911132812
0.9,12,30C__pu_foam_trial_2,30C,30.0,pu_foam,2,42.49705872175155,107.30549621582031
0.9,12,30C__pu_foam_trial_3,30C,30.0,pu_foam,3,42.49705872175155,207.52318827311197
0.9,12,30C__pu_foam_trial_4,30C,30.0,pu_foam,4,42.49705872175155,218.81731160481772
0.9,12,30C__pu_foam_trial_5,30C,30.0,pu_foam,5,42.49705872175155,288.32338460286456
0.9,12,30C__pu_foam_trial_6,30C,30.0,pu_foam,6,42.49705872175155,94.28940073649089
0.9,12,40C__pu_foam_trial_1,40C,40.0,pu_foam,1,42.49705872175155,74.31331380208333
0.9,12,40C__pu_foam_trial_2,40C,40.0,pu_foam,2,42.49705872175155,96.4878641764323
0.9,12,40C__pu_foam_trial_3,40C,40.0,pu_foam,3,42.49705872175155,102.11830393473308
0.9,12,40C__pu_foam_trial_4,40C,40.0,pu_foam,4,42.49705872175155,82.65885670979817
0.9,12,40C__pu_foam_trial_5,40C,40.0,pu_foam,5,42.49705872175155,34.496376621320685
0.9,12,40C__pu_foam_trial_6,40C,40.0,pu_foam,6,42.49705872175155,47.42462921142578
0.9,12,50C__pu_foam_trial_1,50C,50.0,pu_foam,1,42.49705872175155,108.79669698079427
0.9,12,50C__pu_foam_trial_2,50C,50.0,pu_foam,2,42.49705872175155,88.78580220540364
0.9,12,50C__pu_foam_trial_3,50C,50.0,pu_foam,3,42.49705872175155,111.29718780517578
0.9,12,50C__pu_foam_trial_4,50C,50.0,pu_foam,4,42.49705872175155,83.51377614339192
0.9,12,50C__pu_foam_trial_5,50C,50.0,pu_foam,5,42.49705872175155,103.35858408610027
0.9,12,50C__pu_foam_trial_6,50C,50.0,pu_foam,6,42.49705872175155,79.20232391357422
0.9,12,60C__pu_foam_trial_1,60C,60.0,pu_foam,1,42.49705872175155,190.63352966308594
0.9,12,60C__pu_foam_trial_2,60C,60.0,pu_foam,2,42.49705872175155,1080.4080607096355
0.9,12,60C__pu_foam_trial_3,60C,60.0,pu_foam,3,42.49705872175155,279.9181823730469
0.9,12,60C__pu_foam_trial_4,60C,60.0,pu_foam,4,42.49705872175155,162.7522226969401
0.9,12,60C__pu_foam_trial_5,60C,60.0,pu_foam,5,42.49705872175155,224.85347493489584
0.9,12,60C__pu_foam_trial_6,60C,60.0,pu_foam,6,42.49705872175155,264.06903584798175
0.9,13,30C__titanium_trial_1,30C,30.0,titanium,1,7184.0359269702985,8517.9873046875
0.9,13,30C__titanium_trial_2,30C,30.0,titanium,2,7184.0359269702985,6211.142415364583
0.9,13,30C__titanium_trial_3,30C,30.0,titanium,3,7184.0359269702985,4996.824462890625
0.9,13,30C__titanium_trial_4,30C,30.0,titanium,4,7184.0359269702985,6325.6142578125
0.9,13,30C__titanium_trial_5,30C,30.0,titanium,5,7184.0359269702985,8844.384928385416
0.9,13,30C__titanium_trial_6,30C,30.0,titanium,6,7184.0359269702985,4736.564534505208
0.9,13,40C__titanium_trial_1,40C,40.0,titanium,1,7184.0359269702985,18682.555338541668
0.9,13,40C__titanium_trial_2,40C,40.0,titanium,2,7184.0359269702985,14839.7978515625
0.9,13,40C__titanium_trial_3,40C,40.0,titanium,3,7184.0359269702985,18624.92578125
0.9,13,40C__titanium_trial_4,40C,40.0,titanium,4,7184.0359269702985,10732.661783854166
0.9,13,40C__titanium_trial_5,40C,40.0,titanium,5,7184.0359269702985,18359.716145833332
0.9,13,40C__titanium_trial_6,40C,40.0,titanium,6,7184.0359269702985,18054.494791666668
0.9,13,50C__titanium_trial_1,50C,50.0,titanium,1,7184.0359269702985,13993.095377604166
0.9,13,50C__titanium_trial_2,50C,50.0,titanium,2,7184.0359269702985,5276.905110677083
0.9,13,50C__titanium_trial_3,50C,50.0,titanium,3,7184.0359269702985,15279.583658854166
0.9,13,50C__titanium_trial_4,50C,50.0,titanium,4,7184.0359269702985,13751.144205729166
0.9,13,50C__titanium_trial_5,50C,50.0,titanium,5,7184.0359269702985,10094.460286458334
0.9,13,50C__titanium_trial_6,50C,50.0,titanium,6,7184.0359269702985,13023.052734375
0.9,13,60C__titanium_trial_1,60C,60.0,titanium,1,7184.0359269702985,9409.126953125
0.9,13,60C__titanium_trial_2,60C,60.0,titanium,2,7184.0359269702985,9545.4951171875
0.9,13,60C__titanium_trial_3,60C,60.0,titanium,3,7184.0359269702985,9581.90234375
0.9,13,60C__titanium_trial_4,60C,60.0,titanium,4,7184.0359269702985,13621.3896484375
0.9,13,60C__titanium_trial_5,60C,60.0,titanium,5,7184.0359269702985,11949.310709635416
0.9,13,60C__titanium_trial_6,60C,60.0,titanium,6,7184.0359269702985,13507.558919270834
0.9,14,30C__wood_trial_1,30C,30.0,wood,1,422.49260348555214,70.08418528238933
0.9,14,30C__wood_trial_2,30C,30.0,wood,2,422.49260348555214,188.22565205891928
0.9,14,30C__wood_trial_3,30C,30.0,wood,3,422.49260348555214,113.05284372965495
0.9,14,30C__wood_trial_4,30C,30.0,wood,4,422.49260348555214,78.93893178304036
0.9,14,30C__wood_trial_5,30C,30.0,wood,5,422.49260348555214,126.8191655476888
0.9,14,30C__wood_trial_6,30C,30.0,wood,6,422.49260348555214,199.80936686197916
0.9,14,40C__wood_trial_1,40C,40.0,wood,1,422.49260348555214,173.57198079427084
0.9,14,40C__wood_trial_2,40C,40.0,wood,2,422.49260348555214,174.18043009440103
0.9,14,40C__wood_trial_3,40C,40.0,wood,3,422.49260348555214,165.8986562093099
0.9,14,40C__wood_trial_4,40C,40.0,wood,4,422.49260348555214,144.21861775716147
0.9,14,40C__wood_trial_5,40C,40.0,wood,5,422.49260348555214,267.0780843098958
0.9,14,40C__wood_trial_6,40C,40.0,wood,6,422.49260348555214,240.94422912597656
0.9,14,50C__wood_trial_1,50C,50.0,wood,1,422.49260348555214,249.65619405110678
0.9,14,50C__wood_trial_2,50C,50.0,wood,2,422.49260348555214,294.8670959472656
0.9,14,50C__wood_trial_3,50C,50.0,wood,3,422.49260348555214,327.5325520833333
0.9,14,50C__wood_trial_4,50C,50.0,wood,4,422.49260348555214,249.3410898844401
0.9,14,50C__wood_trial_5,50C,50.0,wood,5,422.49260348555214,233.71419779459634
0.9,14,50C__wood_trial_6,50C,50.0,wood,6,422.49260348555214,218.49377950032553
0.9,14,60C__wood_trial_1,60C,60.0,wood,1,422.49260348555214,11123.333333333334
0.9,14,60C__wood_trial_2,60C,60.0,wood,2,422.49260348555214,4588.4384765625
0.9,14,60C__wood_trial_3,60C,60.0,wood,3,422.49260348555214,7303.800618489583
0.9,14,60C__wood_trial_4,60C,60.0,wood,4,422.49260348555214,7705.597900390625
0.9,14,60C__wood_trial_5,60C,60.0,wood,5,422.49260348555214,4441.539082845052
0.9,14,60C__wood_trial_6,60C,60.0,wood,6,422.49260348555214,868.2662760416666
1.0,1,30C__aluminum_trial_1,30C,30.0,aluminum,1,23958.09466547789,15616.687174479166
1.0,1,30C__aluminum_trial_2,30C,30.0,aluminum,2,23958.09466547789,20633.997395833332
1.0,1,30C__aluminum_trial_3,30C,30.0,aluminum,3,23958.09466547789,10197.569986979166
1.0,1,30C__aluminum_trial_4,30C,30.0,aluminum,4,23958.09466547789,18383.965494791668
1.0,1,30C__aluminum_trial_5,30C,30.0,aluminum,5,23958.09466547789,13086.036458333334
1.0,1,30C__aluminum_trial_6,30C,30.0,aluminum,6,23958.09466547789,12517.072916666666
1.0,1,40C__aluminum_trial_1,40C,40.0,aluminum,1,23958.09466547789,18241.387369791668
1.0,1,40C__aluminum_trial_2,40C,40.0,aluminum,2,23958.09466547789,6526.9760335286455
1.0,1,40C__aluminum_trial_3,40C,40.0,aluminum,3,23958.09466547789,28727.055989583332
1.0,1,40C__aluminum_trial_4,40C,40.0,aluminum,4,23958.09466547789,14688.141927083334
1.0,1,40C__aluminum_trial_5,40C,40.0,aluminum,5,23958.09466547789,11457.769856770834
1.0,1,40C__aluminum_trial_6,40C,40.0,aluminum,6,23958.09466547789,11675.111002604166
1.0,1,50C__aluminum_trial_1,50C,50.0,aluminum,1,23958.09466547789,14749.386067708334
1.0,1,50C__aluminum_trial_2,50C,50.0,aluminum,2,23958.09466547789,10662.01171875
1.0,1,50C__aluminum_trial_3,50C,50.0,aluminum,3,23958.09466547789,13395.980143229166
1.0,1,50C__aluminum_trial_4,50C,50.0,aluminum,4,23958.09466547789,20303.854166666668
1.0,1,50C__aluminum_trial_5,50C,50.0,aluminum,5,23958.09466547789,11967.367838541666
1.0,1,50C__aluminum_trial_6,50C,50.0,aluminum,6,23958.09466547789,20662.217447916668
1.0,1,60C__aluminum_trial_1,60C,60.0,aluminum,1,23958.09466547789,16321.8330078125
1.0,1,60C__aluminum_trial_2,60C,60.0,aluminum,2,23958.09466547789,14841.6025390625
1.0,1,60C__aluminum_trial_3,60C,60.0,aluminum,3,23958.09466547789,10938.751953125
1.0,1,60C__aluminum_trial_4,60C,60.0,aluminum,4,23958.09466547789,15112.769205729166
1.0,1,60C__aluminum_trial_5,60C,60.0,aluminum,5,23958.09466547789,16564.838541666668
1.0,1,60C__aluminum_trial_6,60C,60.0,aluminum,6,23958.09466547789,18096.779622395832
1.0,2,30C__bismuth_trial_1,30C,30.0,bismuth,1,3209.1026783199068,9852.054361979166
1.0,2,30C__bismuth_trial_2,30C,30.0,bismuth,2,3209.1026783199068,9089.61962890625
1.0,2,30C__bismuth_trial_3,30C,30.0,bismuth,3,3209.1026783199068,6511.636555989583
1.0,2,30C__bismuth_trial_4,30C,30.0,bismuth,4,3209.1026783199068,11154.943359375
1.0,2,30C__bismuth_trial_5,30C,30.0,bismuth,5,3209.1026783199068,7814.13427734375
1.0,2,30C__bismuth_trial_6,30C,30.0,bismuth,6,3209.1026783199068,10932.441731770834
1.0,2,40C__bismuth_trial_1,40C,40.0,bismuth,1,3209.1026783199068,15506.743815104166
1.0,2,40C__bismuth_trial_2,40C,40.0,bismuth,2,3209.1026783199068,13447.376302083334
1.0,2,40C__bismuth_trial_3,40C,40.0,bismuth,3,3209.1026783199068,10182.001953125
1.0,2,40C__bismuth_trial_4,40C,40.0,bismuth,4,3209.1026783199068,12182.434895833334
1.0,2,40C__bismuth_trial_5,40C,40.0,bismuth,5,3209.1026783199068,13821.777669270834
1.0,2,40C__bismuth_trial_6,40C,40.0,bismuth,6,3209.1026783199068,13166.191080729166
1.0,2,50C__bismuth_trial_1,50C,50.0,bismuth,1,3209.1026783199068,9408.923828125
1.0,2,50C__bismuth_trial_2,50C,50.0,bismuth,2,3209.1026783199068,14045.122721354166
1.0,2,50C__bismuth_trial_3,50C,50.0,bismuth,3,3209.1026783199068,16568.7607421875
1.0,2,50C__bismuth_trial_4,50C,50.0,bismuth,4,3209.1026783199068,15156.662760416666
1.0,2,50C__bismuth_trial_5,50C,50.0,bismuth,5,3209.1026783199068,14687.413736979166
1.0,2,50C__bismuth_trial_6,50C,50.0,bismuth,6,3209.1026783199068,11195.185872395834
1.0,2,60C__bismuth_trial_1,60C,60.0,bismuth,1,3209.1026783199068,11957.28125
1.0,2,60C__bismuth_trial_2,60C,60.0,bismuth,2,3209.1026783199068,10210.670572916666
1.0,2,60C__bismuth_trial_3,60C,60.0,bismuth,3,3209.1026783199068,11070.322916666666
1.0,2,60C__bismuth_trial_4,60C,60.0,bismuth,4,3209.1026783199068,16132.0625
1.0,2,60C__bismuth_trial_5,60C,60.0,bismuth,5,3209.1026783199068,10912.33203125
1.0,2,60C__bismuth_trial_6,60C,60.0,bismuth,6,3209.1026783199068,16882.069661458332
1.0,3,30C__cement_trial_1,30C,30.0,cement,1,559.6427431853289,449.43736775716144
1.0,3,30C__cement_trial_2,30C,30.0,cement,2,559.6427431853289,441.18210856119794
1.0,3,30C__cement_trial_3,30C,30.0,cement,3,559.6427431853289,465.5166931152344
1.0,3,30C__cement_trial_4,30C,30.0,cement,4,559.6427431853289,494.4253336588542
1.0,3,30C__cement_trial_5,30C,30.0,cement,5,559.6427431853289,591.6773783365885
1.0,3,30C__cement_trial_6,30C,30.0,cement,6,559.6427431853289,476.76678466796875
1.0,3,40C__cement_trial_1,40C,40.0,cement,1,559.6427431853289,430.00429280598956
1.0,3,40C__cement_trial_2,40C,40.0,cement,2,559.6427431853289,387.5974934895833
1.0,3,40C__cement_trial_3,40C,40.0,cement,3,559.6427431853289,297.92377217610675
1.0,3,40C__cement_trial_4,40C,40.0,cement,4,559.6427431853289,625.4881083170573
1.0,3,40C__cement_trial_5,40C,40.0,cement,5,559.6427431853289,755.0662841796875
1.0,3,40C__cement_trial_6,40C,40.0,cement,6,559.6427431853289,353.87671915690106
1.0,3,50C__cement_trial_1,50C,50.0,cement,1,559.6427431853289,496.5736490885417
1.0,3,50C__cement_trial_2,50C,50.0,cement,2,559.6427431853289,317.9953206380208
1.0,3,50C__cement_trial_3,50C,50.0,cement,3,559.6427431853289,387.8481852213542
1.0,3,50C__cement_trial_4,50C,50.0,cement,4,559.6427431853289,323.98870849609375
1.0,3,50C__cement_trial_5,50C,50.0,cement,5,559.6427431853289,593.5699869791666
1.0,3,50C__cement_trial_6,50C,50.0,cement,6,559.6427431853289,662.6876017252604
1.0,3,60C__cement_trial_1,60C,60.0,cement,1,559.6427431853289,1103.7960408528645
1.0,3,60C__cement_trial_2,60C,60.0,cement,2,559.6427431853289,713.7727864583334
1.0,3,60C__cement_trial_3,60C,60.0,cement,3,559.6427431853289,822.6966552734375
1.0,3,60C__cement_trial_4,60C,60.0,cement,4,559.6427431853289,663.3524780273438
1.0,3,60C__cement_trial_5,60C,60.0,cement,5,559.6427431853289,837.2912394205729
1.0,3,60C__cement_trial_6,60C,60.0,cement,6,559.6427431853289,726.5720621744791
1.0,4,30C__copper_trial_1,30C,30.0,copper,1,37192.601414797544,2840.5662841796875
1.0,4,30C__copper_trial_2,30C,30.0,copper,2,37192.601414797544,19088.521484375
1.0,4,30C__copper_trial_3,30C,30.0,copper,3,37192.601414797544,16118.617838541666
1.0,4,30C__copper_trial_4,30C,30.0,copper,4,37192.601414797544,16606.482747395832
1.0,4,30C__copper_trial_5,30C,30.0,copper,5,37192.601414797544,14440.103515625
1.0,4,30C__copper_trial_6,30C,30.0,copper,6,37192.601414797544,13430.771158854166
1.0,4,40C__copper_trial_1,40C,40.0,copper,1,37192.601414797544,18924.486979166668
1.0,4,40C__copper_trial_2,40C,40.0,copper,2,37192.601414797544,12828.663736979166
1.0,4,40C__copper_trial_3,40C,40.0,copper,3,37192.601414797544,14909.5439453125
1.0,4,40C__copper_trial_4,40C,40.0,copper,4,37192.601414797544,9659.301106770834
1.0,4,40C__copper_trial_5,40C,40.0,copper,5,37192.601414797544,9426.263020833334
1.0,4,40C__copper_trial_6,40C,40.0,copper,6,37192.601414797544,7138.476399739583
1.0,4,50C__copper_trial_1,50C,50.0,copper,1,37192.601414797544,6246.848307291667
1.0,4,50C__copper_trial_2,50C,50.0,copper,2,37192.601414797544,11585.434244791666
1.0,4,50C__copper_trial_3,50C,50.0,copper,3,37192.601414797544,10008.389322916666
1.0,4,50C__copper_trial_4,50C,50.0,copper,4,37192.601414797544,9972.5048828125
1.0,4,50C__copper_trial_5,50C,50.0,copper,5,37192.601414797544,9762.268229166666
1.0,4,50C__copper_trial_6,50C,50.0,copper,6,37192.601414797544,9878.5634765625
1.0,4,60C__copper_trial_1,60C,60.0,copper,1,37192.601414797544,15919.474283854166
1.0,4,60C__copper_trial_2,60C,60.0,copper,2,37192.601414797544,19917.672526041668
1.0,4,60C__copper_trial_3,60C,60.0,copper,3,37192.601414797544,16727.262369791668
1.0,4,60C__copper_trial_4,60C,60.0,copper,4,37192.601414797544,19458.372395833332
1.0,4,60C__copper_trial_5,60C,60.0,copper,5,37192.601414797544,14825.367838541666
1.0,4,60C__copper_trial_6,60C,60.0,copper,6,37192.601414797544,12850.714518229166
1.0,5,30C__cork_trial_1,30C,30.0,cork,1,136.29380029920657,147.88674926757812
1.0,5,30C__cork_trial_2,30C,30.0,cork,2,136.29380029920657,63.137472788492836
1.0,5,30C__cork_trial_3,30C,30.0,cork,3,136.29380029920657,56.878518422444664
1.0,5,30C__cork_trial_4,30C,30.0,cork,4,136.29380029920657,48.01159159342448
1.0,5,30C__cork_trial_5,30C,30.0,cork,5,136.29380029920657,68.51590983072917
1.0,5,30C__cork_trial_6,30C,30.0,cork,6,136.29380029920657,60.31574249267578
1.0,5,40C__cork_trial_1,40C,40.0,cork,1,136.29380029920657,85.87466430664062
1.0,5,40C__cork_trial_2,40C,40.0,cork,2,136.29380029920657,80.82045237223308
1.0,5,40C__cork_trial_3,40C,40.0,cork,3,136.29380029920657,94.697021484375
1.0,5,40C__cork_trial_4,40C,40.0,cork,4,136.29380029920657,88.76128896077473
1.0,5,40C__cork_trial_5,40C,40.0,cork,5,136.29380029920657,35.93558394498124
1.0,5,40C__cork_trial_6,40C,40.0,cork,6,136.29380029920657,35.03296700291821
1.0,5,50C__cork_trial_1,50C,50.0,cork,1,136.29380029920657,447.11375935872394
1.0,5,50C__cork_trial_2,50C,50.0,cork,2,136.29380029920657,445.62769571940106
1.0,5,50C__cork_trial_3,50C,50.0,cork,3,136.29380029920657,442.37469482421875
1.0,5,50C__cork_trial_4,50C,50.0,cork,4,136.29380029920657,311.35797119140625
1.0,5,50C__cork_trial_5,50C,50.0,cork,5,136.29380029920657,444.6734924316406
1.0,5,50C__cork_trial_6,50C,50.0,cork,6,136.29380029920657,378.33721923828125
1.0,5,60C__cork_trial_1,60C,60.0,cork,1,136.29380029920657,347.41111246744794
1.0,5,60C__cork_trial_2,60C,60.0,cork,2,136.29380029920657,333.0241292317708
1.0,5,60C__cork_trial_3,60C,60.0,cork,3,136.29380029920657,300.4690806070964
1.0,5,60C__cork_trial_4,60C,60.0,cork,4,136.29380029920657,304.41552734375
1.0,5,60C__cork_trial_5,60C,60.0,cork,5,136.29380029920657,394.947265625
1.0,5,60C__cork_trial_6,60C,60.0,cork,6,136.29380029920657,336.71217854817706
1.0,6,30C__graphite_trial_1,30C,30.0,graphite,1,11367.497525840945,12219.880533854166
1.0,6,30C__graphite_trial_2,30C,30.0,graphite,2,11367.497525840945,3141.779256184896
1.0,6,30C__graphite_trial_3,30C,30.0,graphite,3,11367.497525840945,1767.142842610677
1.0,6,30C__graphite_trial_4,30C,30.0,graphite,4,11367.497525840945,8741.978190104166
1.0,6,30C__graphite_trial_5,30C,30.0,graphite,5,11367.497525840945,9905.64990234375
1.0,6,30C__graphite_trial_6,30C,30.0,graphite,6,11367.497525840945,5549.289876302083
1.0,6,40C__graphite_trial_1,40C,40.0,graphite,1,11367.497525840945,8178.470377604167
1.0,6,40C__graphite_trial_2,40C,40.0,graphite,2,11367.497525840945,11976.872721354166
1.0,6,40C__graphite_trial_3,40C,40.0,graphite,3,11367.497525840945,7490.853190104167
1.0,6,40C__graphite_trial_4,40C,40.0,graphite,4,11367.497525840945,12251.269205729166
1.0,6,40C__graphite_trial_5,40C,40.0,graphite,5,11367.497525840945,3441.92236328125
1.0,6,40C__graphite_trial_6,40C,40.0,graphite,6,11367.497525840945,6883.881510416667
1.0,6,50C__graphite_trial_1,50C,50.0,graphite,1,11367.497525840945,18203.790364583332
1.0,6,50C__graphite_trial_2,50C,50.0,graphite,2,11367.497525840945,15991.67578125
1.0,6,50C__graphite_trial_3,50C,50.0,graphite,3,11367.497525840945,12760.5478515625
1.0,6,50C__graphite_trial_4,50C,50.0,graphite,4,11367.497525840945,19885.447265625
1.0,6,50C__graphite_trial_5,50C,50.0,graphite,5,11367.497525840945,6257.622233072917
1.0,6,50C__graphite_trial_6,50C,50.0,graphite,6,11367.497525840945,10473.918619791666
1.0,6,60C__graphite_trial_1,60C,60.0,graphite,1,11367.497525840945,8857.993977864584
1.0,6,60C__graphite_trial_2,60C,60.0,graphite,2,11367.497525840945,13374.752604166666
1.0,6,60C__graphite_trial_3,60C,60.0,graphite,3,11367.497525840945,12784.753255208334
1.0,6,60C__graphite_trial_4,60C,60.0,graphite,4,11367.497525840945,14663.168294270834
1.0,6,60C__graphite_trial_5,60C,60.0,graphite,5,11367.497525840945,10358.724283854166
1.0,6,60C__graphite_trial_6,60C,60.0,graphite,6,11367.497525840945,11837.650716145834
1.0,7,30C__gypsum_trial_1,30C,30.0,gypsum,1,385.01948002666046,274.42559814453125
1.0,7,30C__gypsum_trial_2,30C,30.0,gypsum,2,385.01948002666046,305.965087890625
1.0,7,30C__gypsum_trial_3,30C,30.0,gypsum,3,385.01948002666046,257.4424285888672
1.0,7,30C__gypsum_trial_4,30C,30.0,gypsum,4,385.01948002666046,200.8579559326172
1.0,7,30C__gypsum_trial_5,30C,30.0,gypsum,5,385.01948002666046,236.17614237467447
1.0,7,30C__gypsum_trial_6,30C,30.0,gypsum,6,385.01948002666046,198.97245279947916
1.0,7,40C__gypsum_trial_1,40C,40.0,gypsum,1,385.01948002666046,298.37159220377606
1.0,7,40C__gypsum_trial_2,40C,40.0,gypsum,2,385.01948002666046,231.25236002604166
1.0,7,40C__gypsum_trial_3,40C,40.0,gypsum,3,385.01948002666046,244.0275421142578
1.0,7,40C__gypsum_trial_4,40C,40.0,gypsum,4,385.01948002666046,434.392333984375
1.0,7,40C__gypsum_trial_5,40C,40.0,gypsum,5,385.01948002666046,583.6972961425781
1.0,7,40C__gypsum_trial_6,40C,40.0,gypsum,6,385.01948002666046,510.6846415201823
1.0,7,50C__gypsum_trial_1,50C,50.0,gypsum,1,385.01948002666046,687.7489420572916
1.0,7,50C__gypsum_trial_2,50C,50.0,gypsum,2,385.01948002666046,674.4497477213541
1.0,7,50C__gypsum_trial_3,50C,50.0,gypsum,3,385.01948002666046,631.7973429361979
1.0,7,50C__gypsum_trial_4,50C,50.0,gypsum,4,385.01948002666046,718.9757893880209
1.0,7,50C__gypsum_trial_5,50C,50.0,gypsum,5,385.01948002666046,753.18701171875
1.0,7,50C__gypsum_trial_6,50C,50.0,gypsum,6,385.01948002666046,582.5173746744791
1.0,7,60C__gypsum_trial_1,60C,60.0,gypsum,1,385.01948002666046,4346.38232421875
1.0,7,60C__gypsum_trial_2,60C,60.0,gypsum,2,385.01948002666046,2324.7076009114585
1.0,7,60C__gypsum_trial_3,60C,60.0,gypsum,3,385.01948002666046,2010.0825602213542
1.0,7,60C__gypsum_trial_4,60C,60.0,gypsum,4,385.01948002666046,3884.435099283854
1.0,7,60C__gypsum_trial_5,60C,60.0,gypsum,5,385.01948002666046,3800.6947021484375
1.0,7,60C__gypsum_trial_6,60C,60.0,gypsum,6,385.01948002666046,3357.7289225260415
1.0,8,30C__iron_trial_1,30C,30.0,iron,1,16859.663413010356,11055.493815104166
1.0,8,30C__iron_trial_2,30C,30.0,iron,2,16859.663413010356,24766.80078125
1.0,8,30C__iron_trial_3,30C,30.0,iron,3,16859.663413010356,19310.0859375
1.0,8,30C__iron_trial_4,30C,30.0,iron,4,16859.663413010356,20932.913411458332
1.0,8,30C__iron_trial_5,30C,30.0,iron,5,16859.663413010356,15230.181315104166
1.0,8,30C__iron_trial_6,30C,30.0,iron,6,16859.663413010356,14478.7978515625
1.0,8,40C__iron_trial_1,40C,40.0,iron,1,16859.663413010356,15099.652994791666
1.0,8,40C__iron_trial_2,40C,40.0,iron,2,16859.663413010356,8672.6005859375
1.0,8,40C__iron_trial_3,40C,40.0,iron,3,16859.663413010356,9200.755045572916
1.0,8,40C__iron_trial_4,40C,40.0,iron,4,16859.663413010356,5512.102294921875
1.0,8,40C__iron_trial_5,40C,40.0,iron,5,16859.663413010356,13253.027994791666
1.0,8,40C__iron_trial_6,40C,40.0,iron,6,16859.663413010356,14476.0087890625
1.0,8,50C__iron_trial_1,50C,50.0,iron,1,16859.663413010356,11642.6162109375
1.0,8,50C__iron_trial_2,50C,50.0,iron,2,16859.663413010356,12163.029296875
1.0,8,50C__iron_trial_3,50C,50.0,iron,3,16859.663413010356,14959.615234375
1.0,8,50C__iron_trial_4,50C,50.0,iron,4,16859.663413010356,15231.54296875
1.0,8,50C__iron_trial_5,50C,50.0,iron,5,16859.663413010356,16807.616536458332
1.0,8,50C__iron_trial_6,50C,50.0,iron,6,16859.663413010356,26672.90234375
1.0,8,60C__iron_trial_1,60C,60.0,iron,1,16859.663413010356,30589.13671875
1.0,8,60C__iron_trial_2,60C,60.0,iron,2,16859.663413010356,19593.193359375
1.0,8,60C__iron_trial_3,60C,60.0,iron,3,16859.663413010356,16397.6552734375
1.0,8,60C__iron_trial_4,60C,60.0,iron,4,16859.663413010356,12722.025390625
1.0,8,60C__iron_trial_5,60C,60.0,iron,5,16859.663413010356,19461.248697916668
1.0,8,60C__iron_trial_6,60C,60.0,iron,6,16859.663413010356,21522.393880208332
1.0,9,30C__nickel_trial_1,30C,30.0,nickel,1,19320.68449098013,11066.98828125
1.0,9,30C__nickel_trial_2,30C,30.0,nickel,2,19320.68449098013,13643.546875
1.0,9,30C__nickel_trial_3,30C,30.0,nickel,3,19320.68449098013,18409.591145833332
1.0,9,30C__nickel_trial_4,30C,30.0,nickel,4,19320.68449098013,10558.237955729166
1.0,9,30C__nickel_trial_5,30C,30.0,nickel,5,19320.68449098013,18861.054036458332
1.0,9,30C__nickel_trial_6,30C,30.0,nickel,6,19320.68449098013,22055.496744791668
1.0,9,40C__nickel_trial_1,40C,40.0,nickel,1,19320.68449098013,5345.306477864583
1.0,9,40C__nickel_trial_2,40C,40.0,nickel,2,19320.68449098013,7754.878255208333
1.0,9,40C__nickel_trial_3,40C,40.0,nickel,3,19320.68449098013,19220.234700520832
1.0,9,40C__nickel_trial_4,40C,40.0,nickel,4,19320.68449098013,12718.123046875
1.0,9,40C__nickel_trial_5,40C,40.0,nickel,5,19320.68449098013,12587.373697916666
1.0,9,40C__nickel_trial_6,40C,40.0,nickel,6,19320.68449098013,10654.904296875
1.0,9,50C__nickel_trial_1,50C,50.0,nickel,1,19320.68449098013,11445.263671875
1.0,9,50C__nickel_trial_2,50C,50.0,nickel,2,19320.68449098013,11981.4873046875
1.0,9,50C__nickel_trial_3,50C,50.0,nickel,3,19320.68449098013,14021.932291666666
1.0,9,50C__nickel_trial_4,50C,50.0,nickel,4,19320.68449098013,13084.315104166666
1.0,9,50C__nickel_trial_5,50C,50.0,nickel,5,19320.68449098013,8053.04931640625
1.0,9,50C__nickel_trial_6,50C,50.0,nickel,6,19320.68449098013,17382.430013020832
1.0,9,60C__nickel_trial_1,60C,60.0,nickel,1,19320.68449098013,9806.911783854166
1.0,9,60C__nickel_trial_2,60C,60.0,nickel,2,19320.68449098013,21636.360026041668
1.0,9,60C__nickel_trial_3,60C,60.0,nickel,3,19320.68449098013,14353.076497395834
1.0,9,60C__nickel_trial_4,60C,60.0,nickel,4,19320.68449098013,24402.844401041668
1.0,9,60C__nickel_trial_5,60C,60.0,nickel,5,19320.68449098013,21996.182291666668
1.0,9,60C__nickel_trial_6,60C,60.0,nickel,6,19320.68449098013,23518.026692708332
1.0,10,30C__pdms_trial_1,30C,30.0,pdms,1,460.90129095067635,202.19706217447916
1.0,10,30C__pdms_trial_2,30C,30.0,pdms,2,460.90129095067635,109.97569529215495
1.0,10,30C__pdms_trial_3,30C,30.0,pdms,3,460.90129095067635,147.6918690999349
1.0,10,30C__pdms_trial_4,30C,30.0,pdms,4,460.90129095067635,55.179457346598305
1.0,10,30C__pdms_trial_5,30C,30.0,pdms,5,460.90129095067635,126.66139221191406
1.0,10,30C__pdms_trial_6,30C,30.0,pdms,6,460.90129095067635,77.72051239013672
1.0,10,40C__pdms_trial_1,40C,40.0,pdms,1,460.90129095067635,475.69842529296875
1.0,10,40C__pdms_trial_2,40C,40.0,pdms,2,460.90129095067635,475.4738464355469
1.0,10,40C__pdms_trial_3,40C,40.0,pdms,3,460.90129095067635,473.7348937988281
1.0,10,40C__pdms_trial_4,40C,40.0,pdms,4,460.90129095067635,416.290283203125
1.0,10,40C__pdms_trial_5,40C,40.0,pdms,5,460.90129095067635,244.71539815266928
1.0,10,40C__pdms_trial_6,40C,40.0,pdms,6,460.90129095067635,369.9233805338542
1.0,10,50C__pdms_trial_1,50C,50.0,pdms,1,460.90129095067635,249.9572296142578
1.0,10,50C__pdms_trial_2,50C,50.0,pdms,2,460.90129095067635,158.5863800048828
1.0,10,50C__pdms_trial_3,50C,50.0,pdms,3,460.90129095067635,471.62534586588544
1.0,10,50C__pdms_trial_4,50C,50.0,pdms,4,460.90129095067635,451.2135009765625
1.0,10,50C__pdms_trial_5,50C,50.0,pdms,5,460.90129095067635,266.1982065836589
1.0,10,50C__pdms_trial_6,50C,50.0,pdms,6,460.90129095067635,319.4594217936198
1.0,10,60C__pdms_trial_1,60C,60.0,pdms,1,460.90129095067635,597.1205851236979
1.0,10,60C__pdms_trial_2,60C,60.0,pdms,2,460.90129095067635,441.0402425130208
1.0,10,60C__pdms_trial_3,60C,60.0,pdms,3,460.90129095067635,496.9920145670573
1.0,10,60C__pdms_trial_4,60C,60.0,pdms,4,460.90129095067635,263.5048014322917
1.0,10,60C__pdms_trial_5,60C,60.0,pdms,5,460.90129095067635,258.6761423746745
1.0,10,60C__pdms_trial_6,60C,60.0,pdms,6,460.90129095067635,174.54768880208334
1.0,11,30C__ps_foam_trial_1,30C,30.0,ps_foam,1,34.496376621320685,450.36329142252606
1.0,11,30C__ps_foam_trial_2,30C,30.0,ps_foam,2,34.496376621320685,584.6124776204427
1.0,11,30C__ps_foam_trial_3,30C,30.0,ps_foam,3,34.496376621320685,382.00867716471356
1.0,11,30C__ps_foam_trial_4,30C,30.0,ps_foam,4,34.496376621320685,290.1819763183594
1.0,11,30C__ps_foam_trial_5,30C,30.0,ps_foam,5,34.496376621320685,164.17449951171875
1.0,11,30C__ps_foam_trial_6,30C,30.0,ps_foam,6,34.496376621320685,195.19998168945312
1.0,11,40C__ps_foam_trial_1,40C,40.0,ps_foam,1,34.496376621320685,52.17802810668945
1.0,11,40C__ps_foam_trial_2,40C,40.0,ps_foam,2,34.496376621320685,50.523141176293485
1.0,11,40C__ps_foam_trial_3,40C,40.0,ps_foam,3,34.496376621320685,47.7040887979569
1.0,11,40C__ps_foam_trial_4,40C,40.0,ps_foam,4,34.496376621320685,814.8435262044271
1.0,11,40C__ps_foam_trial_5,40C,40.0,ps_foam,5,34.496376621320685,144.26978047688803
1.0,11,40C__ps_foam_trial_6,40C,40.0,ps_foam,6,34.496376621320685,101.74552154541016
1.0,11,50C__ps_foam_trial_1,50C,50.0,ps_foam,1,34.496376621320685,47.04132843017578
1.0,11,50C__ps_foam_trial_2,50C,50.0,ps_foam,2,34.496376621320685,60.915513356526695
1.0,11,50C__ps_foam_trial_3,50C,50.0,ps_foam,3,34.496376621320685,51.59010314941406
1.0,11,50C__ps_foam_trial_4,50C,50.0,ps_foam,4,34.496376621320685,49.083510080973305
1.0,11,50C__ps_foam_trial_5,50C,50.0,ps_foam,5,34.496376621320685,52.48930104573568
1.0,11,50C__ps_foam_trial_6,50C,50.0,ps_foam,6,34.496376621320685,53.83998107910156
1.0,11,60C__ps_foam_trial_1,60C,60.0,ps_foam,1,34.496376621320685,280.39304606119794
1.0,11,60C__ps_foam_trial_2,60C,60.0,ps_foam,2,34.496376621320685,255.11868794759116
1.0,11,60C__ps_foam_trial_3,60C,60.0,ps_foam,3,34.496376621320685,213.77925618489584
1.0,11,60C__ps_foam_trial_4,60C,60.0,ps_foam,4,34.496376621320685,143.96817270914713
1.0,11,60C__ps_foam_trial_5,60C,60.0,ps_foam,5,34.496376621320685,308.9996388753255
1.0,11,60C__ps_foam_trial_6,60C,60.0,ps_foam,6,34.496376621320685,282.3956247965495
1.0,12,30C__pu_foam_trial_1,30C,30.0,pu_foam,1,42.49705872175155,136.92796325683594
1.0,12,30C__pu_foam_trial_2,30C,30.0,pu_foam,2,42.49705872175155,91.1048812866211
1.0,12,30C__pu_foam_trial_3,30C,30.0,pu_foam,3,42.49705872175155,252.93118794759116
1.0,12,30C__pu_foam_trial_4,30C,30.0,pu_foam,4,42.49705872175155,205.46478271484375
1.0,12,30C__pu_foam_trial_5,30C,30.0,pu_foam,5,42.49705872175155,254.5730946858724
1.0,12,30C__pu_foam_trial_6,30C,30.0,pu_foam,6,42.49705872175155,84.3640874226888
1.0,12,40C__pu_foam_trial_1,40C,40.0,pu_foam,1,42.49705872175155,86.48325856526692
1.0,12,40C__pu_foam_trial_2,40C,40.0,pu_foam,2,42.49705872175155,105.32301330566406
1.0,12,40C__pu_foam_trial_3,40C,40.0,pu_foam,3,42.49705872175155,107.81444549560547
1.0,12,40C__pu_foam_trial_4,40C,40.0,pu_foam,4,42.49705872175155,78.9904416402181
1.0,12,40C__pu_foam_trial_5,40C,40.0,pu_foam,5,42.49705872175155,34.70410576634595
1.0,12,40C__pu_foam_trial_6,40C,40.0,pu_foam,6,42.49705872175155,46.96315892537435
1.0,12,50C__pu_foam_trial_1,50C,50.0,pu_foam,1,42.49705872175155,108.11172739664714
1.0,12,50C__pu_foam_trial_2,50C,50.0,pu_foam,2,42.49705872175155,73.28723398844402
1.0,12,50C__pu_foam_trial_3,50C,50.0,pu_foam,3,42.49705872175155,98.99737548828125
1.0,12,50C__pu_foam_trial_4,50C,50.0,pu_foam,4,42.49705872175155,72.66101837158203
1.0,12,50C__pu_foam_trial_5,50C,50.0,pu_foam,5,42.49705872175155,81.41257985432942
1.0,12,50C__pu_foam_trial_6,50C,50.0,pu_foam,6,42.49705872175155,91.25388590494792
1.0,12,60C__pu_foam_trial_1,60C,60.0,pu_foam,1,42.49705872175155,183.14038594563803
1.0,12,60C__pu_foam_trial_2,60C,60.0,pu_foam,2,42.49705872175155,767.8026326497396
1.0,12,60C__pu_foam_trial_3,60C,60.0,pu_foam,3,42.49705872175155,247.44615681966147
1.0,12,60C__pu_foam_trial_4,60C,60.0,pu_foam,4,42.49705872175155,147.62466430664062
1.0,12,60C__pu_foam_trial_5,60C,60.0,pu_foam,5,42.49705872175155,216.9346923828125
1.0,12,60C__pu_foam_trial_6,60C,60.0,pu_foam,6,42.49705872175155,236.8296635945638
1.0,13,30C__titanium_trial_1,30C,30.0,titanium,1,7184.0359269702985,11147.922526041666
1.0,13,30C__titanium_trial_2,30C,30.0,titanium,2,7184.0359269702985,5935.6279296875
1.0,13,30C__titanium_trial_3,30C,30.0,titanium,3,7184.0359269702985,5469.635986328125
1.0,13,30C__titanium_trial_4,30C,30.0,titanium,4,7184.0359269702985,5746.382486979167
1.0,13,30C__titanium_trial_5,30C,30.0,titanium,5,7184.0359269702985,7060.679850260417
1.0,13,30C__titanium_trial_6,30C,30.0,titanium,6,7184.0359269702985,5050.814778645833
1.0,13,40C__titanium_trial_1,40C,40.0,titanium,1,7184.0359269702985,14840.764973958334
1.0,13,40C__titanium_trial_2,40C,40.0,titanium,2,7184.0359269702985,12809.098307291666
1.0,13,40C__titanium_trial_3,40C,40.0,titanium,3,7184.0359269702985,15092.97265625
1.0,13,40C__titanium_trial_4,40C,40.0,titanium,4,7184.0359269702985,9863.165364583334
1.0,13,40C__titanium_trial_5,40C,40.0,titanium,5,7184.0359269702985,17162.873372395832
1.0,13,40C__titanium_trial_6,40C,40.0,titanium,6,7184.0359269702985,17259.289713541668
1.0,13,50C__titanium_trial_1,50C,50.0,titanium,1,7184.0359269702985,13010.216796875
1.0,13,50C__titanium_trial_2,50C,50.0,titanium,2,7184.0359269702985,5971.240885416667
1.0,13,50C__titanium_trial_3,50C,50.0,titanium,3,7184.0359269702985,17707.447591145832
1.0,13,50C__titanium_trial_4,50C,50.0,titanium,4,7184.0359269702985,13272.9765625
1.0,13,50C__titanium_trial_5,50C,50.0,titanium,5,7184.0359269702985,10580.009765625
1.0,13,50C__titanium_trial_6,50C,50.0,titanium,6,7184.0359269702985,12646.1748046875
1.0,13,60C__titanium_trial_1,60C,60.0,titanium,1,7184.0359269702985,9122.217447916666
1.0,13,60C__titanium_trial_2,60C,60.0,titanium,2,7184.0359269702985,10228.185546875
1.0,13,60C__titanium_trial_3,60C,60.0,titanium,3,7184.0359269702985,10163.865885416666
1.0,13,60C__titanium_trial_4,60C,60.0,titanium,4,7184.0359269702985,13806.298177083334
1.0,13,60C__titanium_trial_5,60C,60.0,titanium,5,7184.0359269702985,11454.3125
1.0,13,60C__titanium_trial_6,60C,60.0,titanium,6,7184.0359269702985,14299.705078125
1.0,14,30C__wood_trial_1,30C,30.0,wood,1,422.49260348555214,77.07122039794922
1.0,14,30C__wood_trial_2,30C,30.0,wood,2,422.49260348555214,219.51808166503906
1.0,14,30C__wood_trial_3,30C,30.0,wood,3,422.49260348555214,135.14937845865884
1.0,14,30C__wood_trial_4,30C,30.0,wood,4,422.49260348555214,81.11031595865886
1.0,14,30C__wood_trial_5,30C,30.0,wood,5,422.49260348555214,136.84359995524088
1.0,14,30C__wood_trial_6,30C,30.0,wood,6,422.49260348555214,234.33666483561197
1.0,14,40C__wood_trial_1,40C,40.0,wood,1,422.49260348555214,155.97132619222006
1.0,14,40C__wood_trial_2,40C,40.0,wood,2,422.49260348555214,159.6351318359375
1.0,14,40C__wood_trial_3,40C,40.0,wood,3,422.49260348555214,176.83570861816406
1.0,14,40C__wood_trial_4,40C,40.0,wood,4,422.49260348555214,133.70411427815756
1.0,14,40C__wood_trial_5,40C,40.0,wood,5,422.49260348555214,286.4667561848958
1.0,14,40C__wood_trial_6,40C,40.0,wood,6,422.49260348555214,258.292973836263
1.0,14,50C__wood_trial_1,50C,50.0,wood,1,422.49260348555214,209.91029357910156
1.0,14,50C__wood_trial_2,50C,50.0,wood,2,422.49260348555214,268.6429392496745
1.0,14,50C__wood_trial_3,50C,50.0,wood,3,422.49260348555214,289.88482666015625
1.0,14,50C__wood_trial_4,50C,50.0,wood,4,422.49260348555214,242.39484151204428
1.0,14,50C__wood_trial_5,50C,50.0,wood,5,422.49260348555214,227.65941365559897
1.0,14,50C__wood_trial_6,50C,50.0,wood,6,422.49260348555214,206.03343709309897
1.0,14,60C__wood_trial_1,60C,60.0,wood,1,422.49260348555214,10909.829752604166
1.0,14,60C__wood_trial_2,60C,60.0,wood,2,422.49260348555214,5682.463216145833
1.0,14,60C__wood_trial_3,60C,60.0,wood,3,422.49260348555214,7770.9960530598955
1.0,14,60C__wood_trial_4,60C,60.0,wood,4,422.49260348555214,7405.673095703125
1.0,14,60C__wood_trial_5,60C,60.0,wood,5,422.49260348555214,4701.182535807292
1.0,14,60C__wood_trial_6,60C,60.0,wood,6,422.49260348555214,656.5557047526041
1.2,1,30C__aluminum_trial_1,30C,30.0,aluminum,1,23958.09466547789,16075.647786458334
1.2,1,30C__aluminum_trial_2,30C,30.0,aluminum,2,23958.09466547789,19527.317057291668
1.2,1,30C__aluminum_trial_3,30C,30.0,aluminum,3,23958.09466547789,8840.07080078125
1.2,1,30C__aluminum_trial_4,30C,30.0,aluminum,4,23958.09466547789,15616.03125
1.2,1,30C__aluminum_trial_5,30C,30.0,aluminum,5,23958.09466547789,12544.440104166666
1.2,1,30C__aluminum_trial_6,30C,30.0,aluminum,6,23958.09466547789,12174.039388020834
1.2,1,40C__aluminum_trial_1,40C,40.0,aluminum,1,23958.09466547789,19366.983072916668
1.2,1,40C__aluminum_trial_2,40C,40.0,aluminum,2,23958.09466547789,7437.260579427083
1.2,1,40C__aluminum_trial_3,40C,40.0,aluminum,3,23958.09466547789,29730.44921875
1.2,1,40C__aluminum_trial_4,40C,40.0,aluminum,4,23958.09466547789,14407.236328125
1.2,1,40C__aluminum_trial_5,40C,40.0,aluminum,5,23958.09466547789,12074.997395833334
1.2,1,40C__aluminum_trial_6,40C,40.0,aluminum,6,23958.09466547789,10695.949869791666
1.2,1,50C__aluminum_trial_1,50C,50.0,aluminum,1,23958.09466547789,14796.185221354166
1.2,1,50C__aluminum_trial_2,50C,50.0,aluminum,2,23958.09466547789,10598.334635416666
1.2,1,50C__aluminum_trial_3,50C,50.0,aluminum,3,23958.09466547789,15714.110677083334
1.2,1,50C__aluminum_trial_4,50C,50.0,aluminum,4,23958.09466547789,19509.466796875
1.2,1,50C__aluminum_trial_5,50C,50.0,aluminum,5,23958.09466547789,14864.502278645834
1.2,1,50C__aluminum_trial_6,50C,50.0,aluminum,6,23958.09466547789,20981.552083333332
1.2,1,60C__aluminum_trial_1,60C,60.0,aluminum,1,23958.09466547789,16918.510091145832
1.2,1,60C__aluminum_trial_2,60C,60.0,aluminum,2,23958.09466547789,15137.072265625
1.2,1,60C__aluminum_trial_3,60C,60.0,aluminum,3,23958.09466547789,11414.810872395834
1.2,1,60C__aluminum_trial_4,60C,60.0,aluminum,4,23958.09466547789,16193.255533854166
1.2,1,60C__aluminum_trial_5,60C,60.0,aluminum,5,23958.09466547789,14649.240559895834
1.2,1,60C__aluminum_trial_6,60C,60.0,aluminum,6,23958.09466547789,19412.435221354168
1.2,2,30C__bismuth_trial_1,30C,30.0,bismuth,1,3209.1026783199068,10209.157389322916
1.2,2,30C__bismuth_trial_2,30C,30.0,bismuth,2,3209.1026783199068,7256.89208984375
1.2,2,30C__bismuth_trial_3,30C,30.0,bismuth,3,3209.1026783199068,6822.777425130208
1.2,2,30C__bismuth_trial_4,30C,30.0,bismuth,4,3209.1026783199068,10634.5888671875
1.2,2,30C__bismuth_trial_5,30C,30.0,bismuth,5,3209.1026783199068,8030.874674479167
1.2,2,30C__bismuth_trial_6,30C,30.0,bismuth,6,3209.1026783199068,11252.731770833334
1.2,2,40C__bismuth_trial_1,40C,40.0,bismuth,1,3209.1026783199068,15263.095052083334
1.2,2,40C__bismuth_trial_2,40C,40.0,bismuth,2,3209.1026783199068,13490.851888020834
1.2,2,40C__bismuth_trial_3,40C,40.0,bismuth,3,3209.1026783199068,10149.9892578125
1.2,2,40C__bismuth_trial_4,40C,40.0,bismuth,4,3209.1026783199068,11383.208658854166
1.2,2,40C__bismuth_trial_5,40C,40.0,bismuth,5,3209.1026783199068,13793.459635416666
1.2,2,40C__bismuth_trial_6,40C,40.0,bismuth,6,3209.1026783199068,12158.888346354166
1.2,2,50C__bismuth_trial_1,50C,50.0,bismuth,1,3209.1026783199068,9925.222981770834
1.2,2,50C__bismuth_trial_2,50C,50.0,bismuth,2,3209.1026783199068,13104.817708333334
1.2,2,50C__bismuth_trial_3,50C,50.0,bismuth,3,3209.1026783199068,18080.480143229168
1.2,2,50C__bismuth_trial_4,50C,50.0,bismuth,4,3209.1026783199068,15345.289713541666
1.2,2,50C__bismuth_trial_5,50C,50.0,bismuth,5,3209.1026783199068,16363.590494791666
1.2,2,50C__bismuth_trial_6,50C,50.0,bismuth,6,3209.1026783199068,13249.053385416666
1.2,2,60C__bismuth_trial_1,60C,60.0,bismuth,1,3209.1026783199068,12045.103841145834
1.2,2,60C__bismuth_trial_2,60C,60.0,bismuth,2,3209.1026783199068,10407.110026041666
1.2,2,60C__bismuth_trial_3,60C,60.0,bismuth,3,3209.1026783199068,12242.482096354166
1.2,2,60C__bismuth_trial_4,60C,60.0,bismuth,4,3209.1026783199068,16203.174153645834
1.2,2,60C__bismuth_trial_5,60C,60.0,bismuth,5,3209.1026783199068,9963.315755208334
1.2,2,60C__bismuth_trial_6,60C,60.0,bismuth,6,3209.1026783199068,16441.292643229168
1.2,3,30C__cement_trial_1,30C,30.0,cement,1,559.6427431853289,499.0338948567708
1.2,3,30C__cement_trial_2,30C,30.0,cement,2,559.6427431853289,431.07716878255206
1.2,3,30C__cement_trial_3,30C,30.0,cement,3,559.6427431853289,461.46837361653644
1.2,3,30C__cement_trial_4,30C,30.0,cement,4,559.6427431853289,470.21324666341144
1.2,3,30C__cement_trial_5,30C,30.0,cement,5,559.6427431853289,591.5165710449219
1.2,3,30C__cement_trial_6,30C,30.0,cement,6,559.6427431853289,469.16444905598956
1.2,3,40C__cement_trial_1,40C,40.0,cement,1,559.6427431853289,401.76324462890625
1.2,3,40C__cement_trial_2,40C,40.0,cement,2,559.6427431853289,385.8183288574219
1.2,3,40C__cement_trial_3,40C,40.0,cement,3,559.6427431853289,340.8459879557292
1.2,3,40C__cement_trial_4,40C,40.0,cement,4,559.6427431853289,729.4132893880209
1.2,3,40C__cement_trial_5,40C,40.0,cement,5,559.6427431853289,693.9342346191406
1.2,3,40C__cement_trial_6,40C,40.0,cement,6,559.6427431853289,402.44366455078125
1.2,3,50C__cement_trial_1,50C,50.0,cement,1,559.6427431853289,448.47278849283856
1.2,3,50C__cement_trial_2,50C,50.0,cement,2,559.6427431853289,320.83278401692706
1.2,3,50C__cement_trial_3,50C,50.0,cement,3,559.6427431853289,398.8787333170573
1.2,3,50C__cement_trial_4,50C,50.0,cement,4,559.6427431853289,362.2312927246094
1.2,3,50C__cement_trial_5,50C,50.0,cement,5,559.6427431853289,528.3607381184896
1.2,3,50C__cement_trial_6,50C,50.0,cement,6,559.6427431853289,651.0853576660156
1.2,3,60C__cement_trial_1,60C,60.0,cement,1,559.6427431853289,1407.3343709309895
1.2,3,60C__cement_trial_2,60C,60.0,cement,2,559.6427431853289,1067.675028483073
1.2,3,60C__cement_trial_3,60C,60.0,cement,3,559.6427431853289,1156.6116333007812
1.2,3,60C__cement_trial_4,60C,60.0,cement,4,559.6427431853289,901.7094116210938
1.2,3,60C__cement_trial_5,60C,60.0,cement,5,559.6427431853289,1100.1722208658855
1.2,3,60C__cement_trial_6,60C,60.0,cement,6,559.6427431853289,928.4391479492188
1.2,4,30C__copper_trial_1,30C,30.0,copper,1,37192.601414797544,2918.8356119791665
1.2,4,30C__copper_trial_2,30C,30.0,copper,2,37192.601414797544,19062.827473958332
1.2,4,30C__copper_trial_3,30C,30.0,copper,3,37192.601414797544,16787.5087890625
1.2,4,30C__copper_trial_4,30C,30.0,copper,4,37192.601414797544,17462.2568359375
1.2,4,30C__copper_trial_5,30C,30.0,copper,5,37192.601414797544,14210.655598958334
1.2,4,30C__copper_trial_6,30C,30.0,copper,6,37192.601414797544,12628.199544270834
1.2,4,40C__copper_trial_1,40C,40.0,copper,1,37192.601414797544,16873.143880208332
1.2,4,40C__copper_trial_2,40C,40.0,copper,2,37192.601414797544,11986.699544270834
1.2,4,40C__copper_trial_3,40C,40.0,copper,3,37192.601414797544,15807.721354166666
1.2,4,40C__copper_trial_4,40C,40.0,copper,4,37192.601414797544,8683.837239583334
1.2,4,40C__copper_trial_5,40C,40.0,copper,5,37192.601414797544,9869.553385416666
1.2,4,40C__copper_trial_6,40C,40.0,copper,6,37192.601414797544,8011.18212890625
1.2,4,50C__copper_trial_1,50C,50.0,copper,1,37192.601414797544,6553.1015625
1.2,4,50C__copper_trial_2,50C,50.0,copper,2,37192.601414797544,12298.859700520834
1.2,4,50C__copper_trial_3,50C,50.0,copper,3,37192.601414797544,8343.806966145834
1.2,4,50C__copper_trial_4,50C,50.0,copper,4,37192.601414797544,11387.354817708334
1.2,4,50C__copper_trial_5,50C,50.0,copper,5,37192.601414797544,9481.727213541666
1.2,4,50C__copper_trial_6,50C,50.0,copper,6,37192.601414797544,10128.859049479166
1.2,4,60C__copper_trial_1,60C,60.0,copper,1,37192.601414797544,15697.463541666666
1.2,4,60C__copper_trial_2,60C,60.0,copper,2,37192.601414797544,18535.729166666668
1.2,4,60C__copper_trial_3,60C,60.0,copper,3,37192.601414797544,16074.728841145834
1.2,4,60C__copper_trial_4,60C,60.0,copper,4,37192.601414797544,19832.541666666668
1.2,4,60C__copper_trial_5,60C,60.0,copper,5,37192.601414797544,14408.220703125
1.2,4,60C__copper_trial_6,60C,60.0,copper,6,37192.601414797544,13651.027669270834
1.2,5,30C__cork_trial_1,30C,30.0,cork,1,136.29380029920657,145.69022623697916
1.2,5,30C__cork_trial_2,30C,30.0,cork,2,136.29380029920657,78.66523996988933
1.2,5,30C__cork_trial_3,30C,30.0,cork,3,136.29380029920657,61.036111195882164
1.2,5,30C__cork_trial_4,30C,30.0,cork,4,136.29380029920657,45.2889289855957
1.2,5,30C__cork_trial_5,30C,30.0,cork,5,136.29380029920657,63.9955800374349
1.2,5,30C__cork_trial_6,30C,30.0,cork,6,136.29380029920657,69.19486236572266
1.2,5,40C__cork_trial_1,40C,40.0,cork,1,136.29380029920657,84.04811350504558
1.2,5,40C__cork_trial_2,40C,40.0,cork,2,136.29380029920657,78.63570149739583
1.2,5,40C__cork_trial_3,40C,40.0,cork,3,136.29380029920657,86.29372151692708
1.2,5,40C__cork_trial_4,40C,40.0,cork,4,136.29380029920657,84.25061289469402
1.2,5,40C__cork_trial_5,40C,40.0,cork,5,136.29380029920657,36.283732290928505
1.2,5,40C__cork_trial_6,40C,40.0,cork,6,136.29380029920657,37.05304737475012
1.2,5,50C__cork_trial_1,50C,50.0,cork,1,136.29380029920657,452.5359395345052
1.2,5,50C__cork_trial_2,50C,50.0,cork,2,136.29380029920657,457.01377360026044
1.2,5,50C__cork_trial_3,50C,50.0,cork,3,136.29380029920657,455.8094482421875
1.2,5,50C__cork_trial_4,50C,50.0,cork,4,136.29380029920657,262.06275431315106
1.2,5,50C__cork_trial_5,50C,50.0,cork,5,136.29380029920657,411.9083557128906
1.2,5,50C__cork_trial_6,50C,50.0,cork,6,136.29380029920657,378.8594665527344
1.2,5,60C__cork_trial_1,60C,60.0,cork,1,136.29380029920657,338.7205403645833
1.2,5,60C__cork_trial_2,60C,60.0,cork,2,136.29380029920657,328.1251729329427
1.2,5,60C__cork_trial_3,60C,60.0,cork,3,136.29380029920657,310.51806640625
1.2,5,60C__cork_trial_4,60C,60.0,cork,4,136.29380029920657,318.4358418782552
1.2,5,60C__cork_trial_5,60C,60.0,cork,5,136.29380029920657,367.1052652994792
1.2,5,60C__cork_trial_6,60C,60.0,cork,6,136.29380029920657,328.3873240152995
1.2,6,30C__graphite_trial_1,30C,30.0,graphite,1,11367.497525840945,11561.588216145834
1.2,6,30C__graphite_trial_2,30C,30.0,graphite,2,11367.497525840945,2568.9518229166665
1.2,6,30C__graphite_trial_3,30C,30.0,graphite,3,11367.497525840945,1560.0980631510417
1.2,6,30C__graphite_trial_4,30C,30.0,graphite,4,11367.497525840945,8808.897542317709
1.2,6,30C__graphite_trial_5,30C,30.0,graphite,5,11367.497525840945,9836.331298828125
1.2,6,30C__graphite_trial_6,30C,30.0,graphite,6,11367.497525840945,6167.651529947917
1.2,6,40C__graphite_trial_1,40C,40.0,graphite,1,11367.497525840945,9043.155924479166
1.2,6,40C__graphite_trial_2,40C,40.0,graphite,2,11367.497525840945,11269.521647135416
1.2,6,40C__graphite_trial_3,40C,40.0,graphite,3,11367.497525840945,7493.931477864583
1.2,6,40C__graphite_trial_4,40C,40.0,graphite,4,11367.497525840945,11400.7412109375
1.2,6,40C__graphite_trial_5,40C,40.0,graphite,5,11367.497525840945,4745.005940755208
1.2,6,40C__graphite_trial_6,40C,40.0,graphite,6,11367.497525840945,6440.66748046875
1.2,6,50C__graphite_trial_1,50C,50.0,graphite,1,11367.497525840945,14372.150390625
1.2,6,50C__graphite_trial_2,50C,50.0,graphite,2,11367.497525840945,16957.694010416668
1.2,6,50C__graphite_trial_3,50C,50.0,graphite,3,11367.497525840945,14813.736328125
1.2,6,50C__graphite_trial_4,50C,50.0,graphite,4,11367.497525840945,18507.260091145832
1.2,6,50C__graphite_trial_5,50C,50.0,graphite,5,11367.497525840945,6979.79931640625
1.2,6,50C__graphite_trial_6,50C,50.0,graphite,6,11367.497525840945,10435.659505208334
1.2,6,60C__graphite_trial_1,60C,60.0,graphite,1,11367.497525840945,8410.965169270834
1.2,6,60C__graphite_trial_2,60C,60.0,graphite,2,11367.497525840945,11420.2861328125
1.2,6,60C__graphite_trial_3,60C,60.0,graphite,3,11367.497525840945,13446.750651041666
1.2,6,60C__graphite_trial_4,60C,60.0,graphite,4,11367.497525840945,14317.018880208334
1.2,6,60C__graphite_trial_5,60C,60.0,graphite,5,11367.497525840945,10632.825520833334
1.2,6,60C__graphite_trial_6,60C,60.0,graphite,6,11367.497525840945,10898.106770833334
1.2,7,30C__gypsum_trial_1,30C,30.0,gypsum,1,385.01948002666046,269.9547424316406
1.2,7,30C__gypsum_trial_2,30C,30.0,gypsum,2,385.01948002666046,315.4899393717448
1.2,7,30C__gypsum_trial_3,30C,30.0,gypsum,3,385.01948002666046,240.15176391601562
1.2,7,30C__gypsum_trial_4,30C,30.0,gypsum,4,385.01948002666046,199.05525716145834
1.2,7,30C__gypsum_trial_5,30C,30.0,gypsum,5,385.01948002666046,262.15185546875
1.2,7,30C__gypsum_trial_6,30C,30.0,gypsum,6,385.01948002666046,183.95382690429688
1.2,7,40C__gypsum_trial_1,40C,40.0,gypsum,1,385.01948002666046,290.6791534423828
1.2,7,40C__gypsum_trial_2,40C,40.0,gypsum,2,385.01948002666046,223.35662841796875
1.2,7,40C__gypsum_trial_3,40C,40.0,gypsum,3,385.01948002666046,241.07587178548178
1.2,7,40C__gypsum_trial_4,40C,40.0,gypsum,4,385.01948002666046,407.19105021158856
1.2,7,40C__gypsum_trial_5,40C,40.0,gypsum,5,385.01948002666046,593.7318115234375
1.2,7,40C__gypsum_trial_6,40C,40.0,gypsum,6,385.01948002666046,515.2898763020834
1.2,7,50C__gypsum_trial_1,50C,50.0,gypsum,1,385.01948002666046,695.6396484375
1.2,7,50C__gypsum_trial_2,50C,50.0,gypsum,2,385.01948002666046,705.0800984700521
1.2,7,50C__gypsum_trial_3,50C,50.0,gypsum,3,385.01948002666046,635.4261271158854
1.2,7,50C__gypsum_trial_4,50C,50.0,gypsum,4,385.01948002666046,703.8717041015625
1.2,7,50C__gypsum_trial_5,50C,50.0,gypsum,5,385.01948002666046,744.1746215820312
1.2,7,50C__gypsum_trial_6,50C,50.0,gypsum,6,385.01948002666046,553.5689798990885
1.2,7,60C__gypsum_trial_1,60C,60.0,gypsum,1,385.01948002666046,4551.911946614583
1.2,7,60C__gypsum_trial_2,60C,60.0,gypsum,2,385.01948002666046,2429.4632568359375
1.2,7,60C__gypsum_trial_3,60C,60.0,gypsum,3,385.01948002666046,2072.0458984375
1.2,7,60C__gypsum_trial_4,60C,60.0,gypsum,4,385.01948002666046,3755.0320638020835
1.2,7,60C__gypsum_trial_5,60C,60.0,gypsum,5,385.01948002666046,4056.8011067708335
1.2,7,60C__gypsum_trial_6,60C,60.0,gypsum,6,385.01948002666046,3330.6832682291665
1.2,8,30C__iron_trial_1,30C,30.0,iron,1,16859.663413010356,9967.337239583334
1.2,8,30C__iron_trial_2,30C,30.0,iron,2,16859.663413010356,25624.699869791668
1.2,8,30C__iron_trial_3,30C,30.0,iron,3,16859.663413010356,16174.648111979166
1.2,8,30C__iron_trial_4,30C,30.0,iron,4,16859.663413010356,19247.232421875
1.2,8,30C__iron_trial_5,30C,30.0,iron,5,16859.663413010356,17423.824869791668
1.2,8,30C__iron_trial_6,30C,30.0,iron,6,16859.663413010356,13843.4111328125
1.2,8,40C__iron_trial_1,40C,40.0,iron,1,16859.663413010356,15666.976888020834
1.2,8,40C__iron_trial_2,40C,40.0,iron,2,16859.663413010356,10051.307942708334
1.2,8,40C__iron_trial_3,40C,40.0,iron,3,16859.663413010356,9303.08203125
1.2,8,40C__iron_trial_4,40C,40.0,iron,4,16859.663413010356,5241.519368489583
1.2,8,40C__iron_trial_5,40C,40.0,iron,5,16859.663413010356,15093.151041666666
1.2,8,40C__iron_trial_6,40C,40.0,iron,6,16859.663413010356,15455.953450520834
1.2,8,50C__iron_trial_1,50C,50.0,iron,1,16859.663413010356,9683.7099609375
1.2,8,50C__iron_trial_2,50C,50.0,iron,2,16859.663413010356,11239.4609375
1.2,8,50C__iron_trial_3,50C,50.0,iron,3,16859.663413010356,13217.960611979166
1.2,8,50C__iron_trial_4,50C,50.0,iron,4,16859.663413010356,12554.597005208334
1.2,8,50C__iron_trial_5,50C,50.0,iron,5,16859.663413010356,14192.093424479166
1.2,8,50C__iron_trial_6,50C,50.0,iron,6,16859.663413010356,23755.880208333332
1.2,8,60C__iron_trial_1,60C,60.0,iron,1,16859.663413010356,29903.692057291668
1.2,8,60C__iron_trial_2,60C,60.0,iron,2,16859.663413010356,21838.143229166668
1.2,8,60C__iron_trial_3,60C,60.0,iron,3,16859.663413010356,18444.361653645832
1.2,8,60C__iron_trial_4,60C,60.0,iron,4,16859.663413010356,12061.7216796875
1.2,8,60C__iron_trial_5,60C,60.0,iron,5,16859.663413010356,16771.330403645832
1.2,8,60C__iron_trial_6,60C,60.0,iron,6,16859.663413010356,22709.246744791668
1.2,9,30C__nickel_trial_1,30C,30.0,nickel,1,19320.68449098013,10733.22265625
1.2,9,30C__nickel_trial_2,30C,30.0,nickel,2,19320.68449098013,13958.678059895834
1.2,9,30C__nickel_trial_3,30C,30.0,nickel,3,19320.68449098013,17584.975911458332
1.2,9,30C__nickel_trial_4,30C,30.0,nickel,4,19320.68449098013,9000.340006510416
1.2,9,30C__nickel_trial_5,30C,30.0,nickel,5,19320.68449098013,19540.177734375
1.2,9,30C__nickel_trial_6,30C,30.0,nickel,6,19320.68449098013,20261.143880208332
1.2,9,40C__nickel_trial_1,40C,40.0,nickel,1,19320.68449098013,5136.460611979167
1.2,9,40C__nickel_trial_2,40C,40.0,nickel,2,19320.68449098013,8379.9765625
1.2,9,40C__nickel_trial_3,40C,40.0,nickel,3,19320.68449098013,17572.3232421875
1.2,9,40C__nickel_trial_4,40C,40.0,nickel,4,19320.68449098013,14004.462239583334
1.2,9,40C__nickel_trial_5,40C,40.0,nickel,5,19320.68449098013,11358.975911458334
1.2,9,40C__nickel_trial_6,40C,40.0,nickel,6,19320.68449098013,9489.6123046875
1.2,9,50C__nickel_trial_1,50C,50.0,nickel,1,19320.68449098013,11222.333658854166
1.2,9,50C__nickel_trial_2,50C,50.0,nickel,2,19320.68449098013,11944.286783854166
1.2,9,50C__nickel_trial_3,50C,50.0,nickel,3,19320.68449098013,13203.859049479166
1.2,9,50C__nickel_trial_4,50C,50.0,nickel,4,19320.68449098013,11994.824869791666
1.2,9,50C__nickel_trial_5,50C,50.0,nickel,5,19320.68449098013,8075.70849609375
1.2,9,50C__nickel_trial_6,50C,50.0,nickel,6,19320.68449098013,16653.226236979168
1.2,9,60C__nickel_trial_1,60C,60.0,nickel,1,19320.68449098013,9986.584309895834
1.2,9,60C__nickel_trial_2,60C,60.0,nickel,2,19320.68449098013,23937.913411458332
1.2,9,60C__nickel_trial_3,60C,60.0,nickel,3,19320.68449098013,14628.270833333334
1.2,9,60C__nickel_trial_4,60C,60.0,nickel,4,19320.68449098013,22227.573567708332
1.2,9,60C__nickel_trial_5,60C,60.0,nickel,5,19320.68449098013,20355.24609375
1.2,9,60C__nickel_trial_6,60C,60.0,nickel,6,19320.68449098013,23447.17578125
1.2,10,30C__pdms_trial_1,30C,30.0,pdms,1,460.90129095067635,174.30399576822916
1.2,10,30C__pdms_trial_2,30C,30.0,pdms,2,460.90129095067635,107.72665659586589
1.2,10,30C__pdms_trial_3,30C,30.0,pdms,3,460.90129095067635,147.65625
1.2,10,30C__pdms_trial_4,30C,30.0,pdms,4,460.90129095067635,54.79043960571289
1.2,10,30C__pdms_trial_5,30C,30.0,pdms,5,460.90129095067635,106.58435821533203
1.2,10,30C__pdms_trial_6,30C,30.0,pdms,6,460.90129095067635,74.52989959716797
1.2,10,40C__pdms_trial_1,40C,40.0,pdms,1,460.90129095067635,434.6956787109375
1.2,10,40C__pdms_trial_2,40C,40.0,pdms,2,460.90129095067635,451.75091552734375
1.2,10,40C__pdms_trial_3,40C,40.0,pdms,3,460.90129095067635,437.9890543619792
1.2,10,40C__pdms_trial_4,40C,40.0,pdms,4,460.90129095067635,398.355473836263
1.2,10,40C__pdms_trial_5,40C,40.0,pdms,5,460.90129095067635,241.48583984375
1.2,10,40C__pdms_trial_6,40C,40.0,pdms,6,460.90129095067635,351.72071329752606
1.2,10,50C__pdms_trial_1,50C,50.0,pdms,1,460.90129095067635,234.3001251220703
1.2,10,50C__pdms_trial_2,50C,50.0,pdms,2,460.90129095067635,166.11730448404947
1.2,10,50C__pdms_trial_3,50C,50.0,pdms,3,460.90129095067635,377.2245686848958
1.2,10,50C__pdms_trial_4,50C,50.0,pdms,4,460.90129095067635,394.15636189778644
1.2,10,50C__pdms_trial_5,50C,50.0,pdms,5,460.90129095067635,238.3258310953776
1.2,10,50C__pdms_trial_6,50C,50.0,pdms,6,460.90129095067635,285.4925028483073
1.2,10,60C__pdms_trial_1,60C,60.0,pdms,1,460.90129095067635,596.2805582682291
1.2,10,60C__pdms_trial_2,60C,60.0,pdms,2,460.90129095067635,450.3627217610677
1.2,10,60C__pdms_trial_3,60C,60.0,pdms,3,460.90129095067635,488.9117838541667
1.2,10,60C__pdms_trial_4,60C,60.0,pdms,4,460.90129095067635,272.5583750406901
1.2,10,60C__pdms_trial_5,60C,60.0,pdms,5,460.90129095067635,238.10247802734375
1.2,10,60C__pdms_trial_6,60C,60.0,pdms,6,460.90129095067635,152.64282735188803
1.2,11,30C__ps_foam_trial_1,30C,30.0,ps_foam,1,34.496376621320685,381.63390096028644
1.2,11,30C__ps_foam_trial_2,30C,30.0,ps_foam,2,34.496376621320685,414.0738118489583
1.2,11,30C__ps_foam_trial_3,30C,30.0,ps_foam,3,34.496376621320685,381.0936991373698
1.2,11,30C__ps_foam_trial_4,30C,30.0,ps_foam,4,34.496376621320685,287.8269958496094
1.2,11,30C__ps_foam_trial_5,30C,30.0,ps_foam,5,34.496376621320685,150.2097371419271
1.2,11,30C__ps_foam_trial_6,30C,30.0,ps_foam,6,34.496376621320685,200.9882354736328
1.2,11,40C__ps_foam_trial_1,40C,40.0,ps_foam,1,34.496376621320685,58.492600758870445
1.2,11,40C__ps_foam_trial_2,40C,40.0,ps_foam,2,34.496376621320685,55.077927907307945
1.2,11,40C__ps_foam_trial_3,40C,40.0,ps_foam,3,34.496376621320685,51.88102467854818
1.2,11,40C__ps_foam_trial_4,40C,40.0,ps_foam,4,34.496376621320685,644.2025960286459
1.2,11,40C__ps_foam_trial_5,40C,40.0,ps_foam,5,34.496376621320685,111.90943654378255
1.2,11,40C__ps_foam_trial_6,40C,40.0,ps_foam,6,34.496376621320685,85.01610565185547
1.2,11,50C__ps_foam_trial_1,50C,50.0,ps_foam,1,34.496376621320685,49.26740646362305
1.2,11,50C__ps_foam_trial_2,50C,50.0,ps_foam,2,34.496376621320685,65.83156204223633
1.2,11,50C__ps_foam_trial_3,50C,50.0,ps_foam,3,34.496376621320685,49.998809814453125
1.2,11,50C__ps_foam_trial_4,50C,50.0,ps_foam,4,34.496376621320685,49.14249165852865
1.2,11,50C__ps_foam_trial_5,50C,50.0,ps_foam,5,34.496376621320685,54.635267893473305
1.2,11,50C__ps_foam_trial_6,50C,50.0,ps_foam,6,34.496376621320685,52.15881093343099
1.2,11,60C__ps_foam_trial_1,60C,60.0,ps_foam,1,34.496376621320685,275.00884501139325
1.2,11,60C__ps_foam_trial_2,60C,60.0,ps_foam,2,34.496376621320685,236.91724650065103
1.2,11,60C__ps_foam_trial_3,60C,60.0,ps_foam,3,34.496376621320685,196.19727071126303
1.2,11,60C__ps_foam_trial_4,60C,60.0,ps_foam,4,34.496376621320685,148.55008951822916
1.2,11,60C__ps_foam_trial_5,60C,60.0,ps_foam,5,34.496376621320685,320.770502726237
1.2,11,60C__ps_foam_trial_6,60C,60.0,ps_foam,6,34.496376621320685,288.1081848144531
1.2,12,30C__pu_foam_trial_1,30C,30.0,pu_foam,1,42.49705872175155,119.74561309814453
1.2,12,30C__pu_foam_trial_2,30C,30.0,pu_foam,2,42.49705872175155,92.46744028727214
1.2,12,30C__pu_foam_trial_3,30C,30.0,pu_foam,3,42.49705872175155,226.6620635986328
1.2,12,30C__pu_foam_trial_4,30C,30.0,pu_foam,4,42.49705872175155,206.0561726888021
1.2,12,30C__pu_foam_trial_5,30C,30.0,pu_foam,5,42.49705872175155,289.0279032389323
1.2,12,30C__pu_foam_trial_6,30C,30.0,pu_foam,6,42.49705872175155,84.74221547444661
1.2,12,40C__pu_foam_trial_1,40C,40.0,pu_foam,1,42.49705872175155,82.90784454345703
1.2,12,40C__pu_foam_trial_2,40C,40.0,pu_foam,2,42.49705872175155,94.87396494547527
1.2,12,40C__pu_foam_trial_3,40C,40.0,pu_foam,3,42.49705872175155,93.34040069580078
1.2,12,40C__pu_foam_trial_4,40C,40.0,pu_foam,4,42.49705872175155,74.17381159464519
1.2,12,40C__pu_foam_trial_5,40C,40.0,pu_foam,5,42.49705872175155,34.496376621320685
1.2,12,40C__pu_foam_trial_6,40C,40.0,pu_foam,6,42.49705872175155,43.025455474853516
1.2,12,50C__pu_foam_trial_1,50C,50.0,pu_foam,1,42.49705872175155,105.00196329752605
1.2,12,50C__pu_foam_trial_2,50C,50.0,pu_foam,2,42.49705872175155,74.11196390787761
1.2,12,50C__pu_foam_trial_3,50C,50.0,pu_foam,3,42.49705872175155,99.02125549316406
1.2,12,50C__pu_foam_trial_4,50C,50.0,pu_foam,4,42.49705872175155,69.5960210164388
1.2,12,50C__pu_foam_trial_5,50C,50.0,pu_foam,5,42.49705872175155,88.71165466308594
1.2,12,50C__pu_foam_trial_6,50C,50.0,pu_foam,6,42.49705872175155,96.00670369466145
1.2,12,60C__pu_foam_trial_1,60C,60.0,pu_foam,1,42.49705872175155,211.34426879882812
1.2,12,60C__pu_foam_trial_2,60C,60.0,pu_foam,2,42.49705872175155,807.8218688964844
1.2,12,60C__pu_foam_trial_3,60C,60.0,pu_foam,3,42.49705872175155,412.72230021158856
1.2,12,60C__pu_foam_trial_4,60C,60.0,pu_foam,4,42.49705872175155,184.93512471516928
1.2,12,60C__pu_foam_trial_5,60C,60.0,pu_foam,5,42.49705872175155,251.16022237141928
1.2,12,60C__pu_foam_trial_6,60C,60.0,pu_foam,6,42.49705872175155,255.53800455729166
1.2,13,30C__titanium_trial_1,30C,30.0,titanium,1,7184.0359269702985,12530.733723958334
1.2,13,30C__titanium_trial_2,30C,30.0,titanium,2,7184.0359269702985,7072.0869140625
1.2,13,30C__titanium_trial_3,30C,30.0,titanium,3,7184.0359269702985,7395.709228515625
1.2,13,30C__titanium_trial_4,30C,30.0,titanium,4,7184.0359269702985,4665.017578125
1.2,13,30C__titanium_trial_5,30C,30.0,titanium,5,7184.0359269702985,8600.184407552084
1.2,13,30C__titanium_trial_6,30C,30.0,titanium,6,7184.0359269702985,5767.8037109375
1.2,13,40C__titanium_trial_1,40C,40.0,titanium,1,7184.0359269702985,15137.8193359375
1.2,13,40C__titanium_trial_2,40C,40.0,titanium,2,7184.0359269702985,13274.427083333334
1.2,13,40C__titanium_trial_3,40C,40.0,titanium,3,7184.0359269702985,16649.472330729168
1.2,13,40C__titanium_trial_4,40C,40.0,titanium,4,7184.0359269702985,9281.617513020834
1.2,13,40C__titanium_trial_5,40C,40.0,titanium,5,7184.0359269702985,17797.401692708332
1.2,13,40C__titanium_trial_6,40C,40.0,titanium,6,7184.0359269702985,18267.956380208332
1.2,13,50C__titanium_trial_1,50C,50.0,titanium,1,7184.0359269702985,11768.943684895834
1.2,13,50C__titanium_trial_2,50C,50.0,titanium,2,7184.0359269702985,5921.047037760417
1.2,13,50C__titanium_trial_3,50C,50.0,titanium,3,7184.0359269702985,15880.137369791666
1.2,13,50C__titanium_trial_4,50C,50.0,titanium,4,7184.0359269702985,13668.744791666666
1.2,13,50C__titanium_trial_5,50C,50.0,titanium,5,7184.0359269702985,12594.545572916666
1.2,13,50C__titanium_trial_6,50C,50.0,titanium,6,7184.0359269702985,15754.7744140625
1.2,13,60C__titanium_trial_1,60C,60.0,titanium,1,7184.0359269702985,8901.048990885416
1.2,13,60C__titanium_trial_2,60C,60.0,titanium,2,7184.0359269702985,10086.186848958334
1.2,13,60C__titanium_trial_3,60C,60.0,titanium,3,7184.0359269702985,10304.48046875
1.2,13,60C__titanium_trial_4,60C,60.0,titanium,4,7184.0359269702985,13496.695963541666
1.2,13,60C__titanium_trial_5,60C,60.0,titanium,5,7184.0359269702985,10436.216796875
1.2,13,60C__titanium_trial_6,60C,60.0,titanium,6,7184.0359269702985,13946.123046875
1.2,14,30C__wood_trial_1,30C,30.0,wood,1,422.49260348555214,85.28245290120442
1.2,14,30C__wood_trial_2,30C,30.0,wood,2,422.49260348555214,224.66971842447916
1.2,14,30C__wood_trial_3,30C,30.0,wood,3,422.49260348555214,133.05921173095703
1.2,14,30C__wood_trial_4,30C,30.0,wood,4,422.49260348555214,93.3791732788086
1.2,14,30C__wood_trial_5,30C,30.0,wood,5,422.49260348555214,124.2600606282552
1.2,14,30C__wood_trial_6,30C,30.0,wood,6,422.49260348555214,224.41364542643228
1.2,14,40C__wood_trial_1,40C,40.0,wood,1,422.49260348555214,171.8128204345703
1.2,14,40C__wood_trial_2,40C,40.0,wood,2,422.49260348555214,189.33616638183594
1.2,14,40C__wood_trial_3,40C,40.0,wood,3,422.49260348555214,176.6488494873047
1.2,14,40C__wood_trial_4,40C,40.0,wood,4,422.49260348555214,130.02993520100912
1.2,14,40C__wood_trial_5,40C,40.0,wood,5,422.49260348555214,269.4328206380208
1.2,14,40C__wood_trial_6,40C,40.0,wood,6,422.49260348555214,221.9144541422526
1.2,14,50C__wood_trial_1,50C,50.0,wood,1,422.49260348555214,236.6430867513021
1.2,14,50C__wood_trial_2,50C,50.0,wood,2,422.49260348555214,285.74757893880206
1.2,14,50C__wood_trial_3,50C,50.0,wood,3,422.49260348555214,277.96966552734375
1.2,14,50C__wood_trial_4,50C,50.0,wood,4,422.49260348555214,274.38001505533856
1.2,14,50C__wood_trial_5,50C,50.0,wood,5,422.49260348555214,220.41123962402344
1.2,14,50C__wood_trial_6,50C,50.0,wood,6,422.49260348555214,177.12881469726562
1.2,14,60C__wood_trial_1,60C,60.0,wood,1,422.49260348555214,10512.640625
1.2,14,60C__wood_trial_2,60C,60.0,wood,2,422.49260348555214,6446.2587890625
1.2,14,60C__wood_trial_3,60C,60.0,wood,3,422.49260348555214,8240.420003255209
1.2,14,60C__wood_trial_4,60C,60.0,wood,4,422.49260348555214,7699.904296875
1.2,14,60C__wood_trial_5,60C,60.0,wood,5,422.49260348555214,4958.902506510417
1.2,14,60C__wood_trial_6,60C,60.0,wood,6,422.49260348555214,1283.021748860677
1.5,1,30C__aluminum_trial_1,30C,30.0,aluminum,1,23958.09466547789,16383.513346354166
1.5,1,30C__aluminum_trial_2,30C,30.0,aluminum,2,23958.09466547789,17945.423828125
1.5,1,30C__aluminum_trial_3,30C,30.0,aluminum,3,23958.09466547789,9720.51220703125
1.5,1,30C__aluminum_trial_4,30C,30.0,aluminum,4,23958.09466547789,14989.35009765625
1.5,1,30C__aluminum_trial_5,30C,30.0,aluminum,5,23958.09466547789,11972.995768229166
1.5,1,30C__aluminum_trial_6,30C,30.0,aluminum,6,23958.09466547789,12412.436848958334
1.5,1,40C__aluminum_trial_1,40C,40.0,aluminum,1,23958.09466547789,21154.528645833332
1.5,1,40C__aluminum_trial_2,40C,40.0,aluminum,2,23958.09466547789,6462.342529296875
1.5,1,40C__aluminum_trial_3,40C,40.0,aluminum,3,23958.09466547789,31109.514322916668
1.5,1,40C__aluminum_trial_4,40C,40.0,aluminum,4,23958.09466547789,13372.708333333334
1.5,1,40C__aluminum_trial_5,40C,40.0,aluminum,5,23958.09466547789,12452.9443359375
1.5,1,40C__aluminum_trial_6,40C,40.0,aluminum,6,23958.09466547789,11606.492513020834
1.5,1,50C__aluminum_trial_1,50C,50.0,aluminum,1,23958.09466547789,12913.679361979166
1.5,1,50C__aluminum_trial_2,50C,50.0,aluminum,2,23958.09466547789,8652.979654947916
1.5,1,50C__aluminum_trial_3,50C,50.0,aluminum,3,23958.09466547789,15811.379231770834
1.5,1,50C__aluminum_trial_4,50C,50.0,aluminum,4,23958.09466547789,19759.156901041668
1.5,1,50C__aluminum_trial_5,50C,50.0,aluminum,5,23958.09466547789,12613.185221354166
1.5,1,50C__aluminum_trial_6,50C,50.0,aluminum,6,23958.09466547789,20788.110026041668
1.5,1,60C__aluminum_trial_1,60C,60.0,aluminum,1,23958.09466547789,17719.415364583332
1.5,1,60C__aluminum_trial_2,60C,60.0,aluminum,2,23958.09466547789,14847.723307291666
1.5,1,60C__aluminum_trial_3,60C,60.0,aluminum,3,23958.09466547789,11048.834798177084
1.5,1,60C__aluminum_trial_4,60C,60.0,aluminum,4,23958.09466547789,14664.076497395834
1.5,1,60C__aluminum_trial_5,60C,60.0,aluminum,5,23958.09466547789,14516.7890625
1.5,1,60C__aluminum_trial_6,60C,60.0,aluminum,6,23958.09466547789,20493.1494140625
1.5,2,30C__bismuth_trial_1,30C,30.0,bismuth,1,3209.1026783199068,10023.486979166666
1.5,2,30C__bismuth_trial_2,30C,30.0,bismuth,2,3209.1026783199068,7172.9853515625
1.5,2,30C__bismuth_trial_3,30C,30.0,bismuth,3,3209.1026783199068,5472.3271484375
1.5,2,30C__bismuth_trial_4,30C,30.0,bismuth,4,3209.1026783199068,11914.662923177084
1.5,2,30C__bismuth_trial_5,30C,30.0,bismuth,5,3209.1026783199068,6931.761393229167
1.5,2,30C__bismuth_trial_6,30C,30.0,bismuth,6,3209.1026783199068,11020.832356770834
1.5,2,40C__bismuth_trial_1,40C,40.0,bismuth,1,3209.1026783199068,13972.321940104166
1.5,2,40C__bismuth_trial_2,40C,40.0,bismuth,2,3209.1026783199068,13885.552083333334
1.5,2,40C__bismuth_trial_3,40C,40.0,bismuth,3,3209.1026783199068,9598.595377604166
1.5,2,40C__bismuth_trial_4,40C,40.0,bismuth,4,3209.1026783199068,11003.412109375
1.5,2,40C__bismuth_trial_5,40C,40.0,bismuth,5,3209.1026783199068,13862.725911458334
1.5,2,40C__bismuth_trial_6,40C,40.0,bismuth,6,3209.1026783199068,13140.049479166666
1.5,2,50C__bismuth_trial_1,50C,50.0,bismuth,1,3209.1026783199068,11062.449869791666
1.5,2,50C__bismuth_trial_2,50C,50.0,bismuth,2,3209.1026783199068,13739.890625
1.5,2,50C__bismuth_trial_3,50C,50.0,bismuth,3,3209.1026783199068,20038.208333333332
1.5,2,50C__bismuth_trial_4,50C,50.0,bismuth,4,3209.1026783199068,15780.007161458334
1.5,2,50C__bismuth_trial_5,50C,50.0,bismuth,5,3209.1026783199068,14321.941080729166
1.5,2,50C__bismuth_trial_6,50C,50.0,bismuth,6,3209.1026783199068,12883.462890625
1.5,2,60C__bismuth_trial_1,60C,60.0,bismuth,1,3209.1026783199068,12255.483723958334
1.5,2,60C__bismuth_trial_2,60C,60.0,bismuth,2,3209.1026783199068,10638.495442708334
1.5,2,60C__bismuth_trial_3,60C,60.0,bismuth,3,3209.1026783199068,12630.130859375
1.5,2,60C__bismuth_trial_4,60C,60.0,bismuth,4,3209.1026783199068,17064.798502604168
1.5,2,60C__bismuth_trial_5,60C,60.0,bismuth,5,3209.1026783199068,10449.659505208334
1.5,2,60C__bismuth_trial_6,60C,60.0,bismuth,6,3209.1026783199068,17996.037109375
1.5,3,30C__cement_trial_1,30C,30.0,cement,1,559.6427431853289,560.157948811849
1.5,3,30C__cement_trial_2,30C,30.0,cement,2,559.6427431853289,453.0050557454427
1.5,3,30C__cement_trial_3,30C,30.0,cement,3,559.6427431853289,507.63669840494794
1.5,3,30C__cement_trial_4,30C,30.0,cement,4,559.6427431853289,506.60146077473956
1.5,3,30C__cement_trial_5,30C,30.0,cement,5,559.6427431853289,599.1231587727865
1.5,3,30C__cement_trial_6,30C,30.0,cement,6,559.6427431853289,453.5227762858073
1.5,3,40C__cement_trial_1,40C,40.0,cement,1,559.6427431853289,431.94420369466144
1.5,3,40C__cement_trial_2,40C,40.0,cement,2,559.6427431853289,412.9174296061198
1.5,3,40C__cement_trial_3,40C,40.0,cement,3,559.6427431853289,332.7830556233724
1.5,3,40C__cement_trial_4,40C,40.0,cement,4,559.6427431853289,788.5958455403646
1.5,3,40C__cement_trial_5,40C,40.0,cement,5,559.6427431853289,708.9774983723959
1.5,3,40C__cement_trial_6,40C,40.0,cement,6,559.6427431853289,412.1849365234375
1.5,3,50C__cement_trial_1,50C,50.0,cement,1,559.6427431853289,460.54088338216144
1.5,3,50C__cement_trial_2,50C,50.0,cement,2,559.6427431853289,303.47731526692706
1.5,3,50C__cement_trial_3,50C,50.0,cement,3,559.6427431853289,368.87636311848956
1.5,3,50C__cement_trial_4,50C,50.0,cement,4,559.6427431853289,370.9505310058594
1.5,3,50C__cement_trial_5,50C,50.0,cement,5,559.6427431853289,475.0925699869792
1.5,3,50C__cement_trial_6,50C,50.0,cement,6,559.6427431853289,485.49815877278644
1.5,3,60C__cement_trial_1,60C,60.0,cement,1,559.6427431853289,1042.9383138020833
1.5,3,60C__cement_trial_2,60C,60.0,cement,2,559.6427431853289,733.5589192708334
1.5,3,60C__cement_trial_3,60C,60.0,cement,3,559.6427431853289,826.2298990885416
1.5,3,60C__cement_trial_4,60C,60.0,cement,4,559.6427431853289,613.9307759602865
1.5,3,60C__cement_trial_5,60C,60.0,cement,5,559.6427431853289,808.0701090494791
1.5,3,60C__cement_trial_6,60C,60.0,cement,6,559.6427431853289,661.7669474283854
1.5,4,30C__copper_trial_1,30C,30.0,copper,1,37192.601414797544,2672.612833658854
1.5,4,30C__copper_trial_2,30C,30.0,copper,2,37192.601414797544,18554.439453125
1.5,4,30C__copper_trial_3,30C,30.0,copper,3,37192.601414797544,16532.8740234375
1.5,4,30C__copper_trial_4,30C,30.0,copper,4,37192.601414797544,17666.376953125
1.5,4,30C__copper_trial_5,30C,30.0,copper,5,37192.601414797544,14180.9375
1.5,4,30C__copper_trial_6,30C,30.0,copper,6,37192.601414797544,12731.115234375
1.5,4,40C__copper_trial_1,40C,40.0,copper,1,37192.601414797544,15059.7421875
1.5,4,40C__copper_trial_2,40C,40.0,copper,2,37192.601414797544,11244.533528645834
1.5,4,40C__copper_trial_3,40C,40.0,copper,3,37192.601414797544,15030.756184895834
1.5,4,40C__copper_trial_4,40C,40.0,copper,4,37192.601414797544,8726.98583984375
1.5,4,40C__copper_trial_5,40C,40.0,copper,5,37192.601414797544,8898.685546875
1.5,4,40C__copper_trial_6,40C,40.0,copper,6,37192.601414797544,7711.261067708333
1.5,4,50C__copper_trial_1,50C,50.0,copper,1,37192.601414797544,6824.01904296875
1.5,4,50C__copper_trial_2,50C,50.0,copper,2,37192.601414797544,11937.048502604166
1.5,4,50C__copper_trial_3,50C,50.0,copper,3,37192.601414797544,9591.310872395834
1.5,4,50C__copper_trial_4,50C,50.0,copper,4,37192.601414797544,10814.405598958334
1.5,4,50C__copper_trial_5,50C,50.0,copper,5,37192.601414797544,10740.813802083334
1.5,4,50C__copper_trial_6,50C,50.0,copper,6,37192.601414797544,9685.334309895834
1.5,4,60C__copper_trial_1,60C,60.0,copper,1,37192.601414797544,14980.703450520834
1.5,4,60C__copper_trial_2,60C,60.0,copper,2,37192.601414797544,20458.977213541668
1.5,4,60C__copper_trial_3,60C,60.0,copper,3,37192.601414797544,14968.950846354166
1.5,4,60C__copper_trial_4,60C,60.0,copper,4,37192.601414797544,20228.319661458332
1.5,4,60C__copper_trial_5,60C,60.0,copper,5,37192.601414797544,14002.8779296875
1.5,4,60C__copper_trial_6,60C,60.0,copper,6,37192.601414797544,10924.059895833334
1.5,5,30C__cork_trial_1,30C,30.0,cork,1,136.29380029920657,133.82994588216147
1.5,5,30C__cork_trial_2,30C,30.0,cork,2,136.29380029920657,75.26712290445964
1.5,5,30C__cork_trial_3,30C,30.0,cork,3,136.29380029920657,65.33602905273438
1.5,5,30C__cork_trial_4,30C,30.0,cork,4,136.29380029920657,50.4102528889974
1.5,5,30C__cork_trial_5,30C,30.0,cork,5,136.29380029920657,65.3824462890625
1.5,5,30C__cork_trial_6,30C,30.0,cork,6,136.29380029920657,64.02764002482097
1.5,5,40C__cork_trial_1,40C,40.0,cork,1,136.29380029920657,84.7859624226888
1.5,5,40C__cork_trial_2,40C,40.0,cork,2,136.29380029920657,76.9520263671875
1.5,5,40C__cork_trial_3,40C,40.0,cork,3,136.29380029920657,86.61382548014323
1.5,5,40C__cork_trial_4,40C,40.0,cork,4,136.29380029920657,88.96142069498698
1.5,5,40C__cork_trial_5,40C,40.0,cork,5,136.29380029920657,37.427772521972656
1.5,5,40C__cork_trial_6,40C,40.0,cork,6,136.29380029920657,36.94552103678385
1.5,5,50C__cork_trial_1,50C,50.0,cork,1,136.29380029920657,467.3028869628906
1.5,5,50C__cork_trial_2,50C,50.0,cork,2,136.29380029920657,467.4543863932292
1.5,5,50C__cork_trial_3,50C,50.0,cork,3,136.29380029920657,438.71433512369794
1.5,5,50C__cork_trial_4,50C,50.0,cork,4,136.29380029920657,279.4180603027344
1.5,5,50C__cork_trial_5,50C,50.0,cork,5,136.29380029920657,415.88170369466144
1.5,5,50C__cork_trial_6,50C,50.0,cork,6,136.29380029920657,345.7930501302083
1.5,5,60C__cork_trial_1,60C,60.0,cork,1,136.29380029920657,386.0701599121094
1.5,5,60C__cork_trial_2,60C,60.0,cork,2,136.29380029920657,343.5906473795573
1.5,5,60C__cork_trial_3,60C,60.0,cork,3,136.29380029920657,314.44069417317706
1.5,5,60C__cork_trial_4,60C,60.0,cork,4,136.29380029920657,338.99046834309894
1.5,5,60C__cork_trial_5,60C,60.0,cork,5,136.29380029920657,410.4790954589844
1.5,5,60C__cork_trial_6,60C,60.0,cork,6,136.29380029920657,326.1122233072917
1.5,6,30C__graphite_trial_1,30C,30.0,graphite,1,11367.497525840945,12546.2158203125
1.5,6,30C__graphite_trial_2,30C,30.0,graphite,2,11367.497525840945,4074.8295084635415
1.5,6,30C__graphite_trial_3,30C,30.0,graphite,3,11367.497525840945,2808.2057495117188
1.5,6,30C__graphite_trial_4,30C,30.0,graphite,4,11367.497525840945,11088.888753255209
1.5,6,30C__graphite_trial_5,30C,30.0,graphite,5,11367.497525840945,10551.3984375
1.5,6,30C__graphite_trial_6,30C,30.0,graphite,6,11367.497525840945,6275.958414713542
1.5,6,40C__graphite_trial_1,40C,40.0,graphite,1,11367.497525840945,9087.275227864584
1.5,6,40C__graphite_trial_2,40C,40.0,graphite,2,11367.497525840945,10125.83837890625
1.5,6,40C__graphite_trial_3,40C,40.0,graphite,3,11367.497525840945,6337.478190104167
1.5,6,40C__graphite_trial_4,40C,40.0,graphite,4,11367.497525840945,13065.2119140625
1.5,6,40C__graphite_trial_5,40C,40.0,graphite,5,11367.497525840945,4077.5714518229165
1.5,6,40C__graphite_trial_6,40C,40.0,graphite,6,11367.497525840945,7372.83056640625
1.5,6,50C__graphite_trial_1,50C,50.0,graphite,1,11367.497525840945,15650.4033203125
1.5,6,50C__graphite_trial_2,50C,50.0,graphite,2,11367.497525840945,15772.992838541666
1.5,6,50C__graphite_trial_3,50C,50.0,graphite,3,11367.497525840945,13034.097981770834
1.5,6,50C__graphite_trial_4,50C,50.0,graphite,4,11367.497525840945,17475.553385416668
1.5,6,50C__graphite_trial_5,50C,50.0,graphite,5,11367.497525840945,7588.037434895833
1.5,6,50C__graphite_trial_6,50C,50.0,graphite,6,11367.497525840945,11002.8720703125
1.5,6,60C__graphite_trial_1,60C,60.0,graphite,1,11367.497525840945,9020.244791666666
1.5,6,60C__graphite_trial_2,60C,60.0,graphite,2,11367.497525840945,14032.12109375
1.5,6,60C__graphite_trial_3,60C,60.0,graphite,3,11367.497525840945,15671.5205078125
1.5,6,60C__graphite_trial_4,60C,60.0,graphite,4,11367.497525840945,13754.742838541666
1.5,6,60C__graphite_trial_5,60C,60.0,graphite,5,11367.497525840945,9907.5126953125
1.5,6,60C__graphite_trial_6,60C,60.0,graphite,6,11367.497525840945,9112.093587239584
1.5,7,30C__gypsum_trial_1,30C,30.0,gypsum,1,385.01948002666046,257.1575978597005
1.5,7,30C__gypsum_trial_2,30C,30.0,gypsum,2,385.01948002666046,329.4565734863281
1.5,7,30C__gypsum_trial_3,30C,30.0,gypsum,3,385.01948002666046,262.1382141113281
1.5,7,30C__gypsum_trial_4,30C,30.0,gypsum,4,385.01948002666046,188.51131184895834
1.5,7,30C__gypsum_trial_5,30C,30.0,gypsum,5,385.01948002666046,274.7674967447917
1.5,7,30C__gypsum_trial_6,30C,30.0,gypsum,6,385.01948002666046,180.2922617594401
1.5,7,40C__gypsum_trial_1,40C,40.0,gypsum,1,385.01948002666046,325.70912679036456
1.5,7,40C__gypsum_trial_2,40C,40.0,gypsum,2,385.01948002666046,238.76168823242188
1.5,7,40C__gypsum_trial_3,40C,40.0,gypsum,3,385.01948002666046,221.38140869140625
1.5,7,40C__gypsum_trial_4,40C,40.0,gypsum,4,385.01948002666046,430.1155598958333
1.5,7,40C__gypsum_trial_5,40C,40.0,gypsum,5,385.01948002666046,512.5596720377604
1.5,7,40C__gypsum_trial_6,40C,40.0,gypsum,6,385.01948002666046,441.87607828776044
1.5,7,50C__gypsum_trial_1,50C,50.0,gypsum,1,385.01948002666046,673.0754191080729
1.5,7,50C__gypsum_trial_2,50C,50.0,gypsum,2,385.01948002666046,675.2308756510416
1.5,7,50C__gypsum_trial_3,50C,50.0,gypsum,3,385.01948002666046,548.5371297200521
1.5,7,50C__gypsum_trial_4,50C,50.0,gypsum,4,385.01948002666046,640.4357096354166
1.5,7,50C__gypsum_trial_5,50C,50.0,gypsum,5,385.01948002666046,611.2416585286459
1.5,7,50C__gypsum_trial_6,50C,50.0,gypsum,6,385.01948002666046,532.6482849121094
1.5,7,60C__gypsum_trial_1,60C,60.0,gypsum,1,385.01948002666046,5884.221761067708
1.5,7,60C__gypsum_trial_2,60C,60.0,gypsum,2,385.01948002666046,2406.5264485677085
1.5,7,60C__gypsum_trial_3,60C,60.0,gypsum,3,385.01948002666046,2036.8179931640625
1.5,7,60C__gypsum_trial_4,60C,60.0,gypsum,4,385.01948002666046,4019.2456868489585
1.5,7,60C__gypsum_trial_5,60C,60.0,gypsum,5,385.01948002666046,5158.318033854167
1.5,7,60C__gypsum_trial_6,60C,60.0,gypsum,6,385.01948002666046,3389.5558268229165
1.5,8,30C__iron_trial_1,30C,30.0,iron,1,16859.663413010356,10630.12353515625
1.5,8,30C__iron_trial_2,30C,30.0,iron,2,16859.663413010356,24806.674479166668
1.5,8,30C__iron_trial_3,30C,30.0,iron,3,16859.663413010356,18970.645182291668
1.5,8,30C__iron_trial_4,30C,30.0,iron,4,16859.663413010356,19613.309895833332
1.5,8,30C__iron_trial_5,30C,30.0,iron,5,16859.663413010356,17384.640625
1.5,8,30C__iron_trial_6,30C,30.0,iron,6,16859.663413010356,13036.805013020834
1.5,8,40C__iron_trial_1,40C,40.0,iron,1,16859.663413010356,15312.7177734375
1.5,8,40C__iron_trial_2,40C,40.0,iron,2,16859.663413010356,7947.675455729167
1.5,8,40C__iron_trial_3,40C,40.0,iron,3,16859.663413010356,8527.011067708334
1.5,8,40C__iron_trial_4,40C,40.0,iron,4,16859.663413010356,6935.739583333333
1.5,8,40C__iron_trial_5,40C,40.0,iron,5,16859.663413010356,14982.486979166666
1.5,8,40C__iron_trial_6,40C,40.0,iron,6,16859.663413010356,14162.198893229166
1.5,8,50C__iron_trial_1,50C,50.0,iron,1,16859.663413010356,13741.580078125
1.5,8,50C__iron_trial_2,50C,50.0,iron,2,16859.663413010356,12348.5
1.5,8,50C__iron_trial_3,50C,50.0,iron,3,16859.663413010356,13852.8994140625
1.5,8,50C__iron_trial_4,50C,50.0,iron,4,16859.663413010356,12898.266276041666
1.5,8,50C__iron_trial_5,50C,50.0,iron,5,16859.663413010356,16840.8076171875
1.5,8,50C__iron_trial_6,50C,50.0,iron,6,16859.663413010356,21538.286458333332
1.5,8,60C__iron_trial_1,60C,60.0,iron,1,16859.663413010356,29597.338541666668
1.5,8,60C__iron_trial_2,60C,60.0,iron,2,16859.663413010356,19826.169921875
1.5,8,60C__iron_trial_3,60C,60.0,iron,3,16859.663413010356,17800.706380208332
1.5,8,60C__iron_trial_4,60C,60.0,iron,4,16859.663413010356,13725.455729166666
1.5,8,60C__iron_trial_5,60C,60.0,iron,5,16859.663413010356,19148.657877604168
1.5,8,60C__iron_trial_6,60C,60.0,iron,6,16859.663413010356,22764.358072916668
1.5,9,30C__nickel_trial_1,30C,30.0,nickel,1,19320.68449098013,9065.220052083334
1.5,9,30C__nickel_trial_2,30C,30.0,nickel,2,19320.68449098013,12785.689778645834
1.5,9,30C__nickel_trial_3,30C,30.0,nickel,3,19320.68449098013,15955.0859375
1.5,9,30C__nickel_trial_4,30C,30.0,nickel,4,19320.68449098013,8501.79931640625
1.5,9,30C__nickel_trial_5,30C,30.0,nickel,5,19320.68449098013,17271.180989583332
1.5,9,30C__nickel_trial_6,30C,30.0,nickel,6,19320.68449098013,21698.171223958332
1.5,9,40C__nickel_trial_1,40C,40.0,nickel,1,19320.68449098013,6001.0830078125
1.5,9,40C__nickel_trial_2,40C,40.0,nickel,2,19320.68449098013,8821.745279947916
1.5,9,40C__nickel_trial_3,40C,40.0,nickel,3,19320.68449098013,20030.897135416668
1.5,9,40C__nickel_trial_4,40C,40.0,nickel,4,19320.68449098013,12755.541666666666
1.5,9,40C__nickel_trial_5,40C,40.0,nickel,5,19320.68449098013,14815.4150390625
1.5,9,40C__nickel_trial_6,40C,40.0,nickel,6,19320.68449098013,9774.884765625
1.5,9,50C__nickel_trial_1,50C,50.0,nickel,1,19320.68449098013,10579.5810546875
1.5,9,50C__nickel_trial_2,50C,50.0,nickel,2,19320.68449098013,12403.02734375
1.5,9,50C__nickel_trial_3,50C,50.0,nickel,3,19320.68449098013,13536.341145833334
1.5,9,50C__nickel_trial_4,50C,50.0,nickel,4,19320.68449098013,13378.0224609375
1.5,9,50C__nickel_trial_5,50C,50.0,nickel,5,19320.68449098013,8048.943196614583
1.5,9,50C__nickel_trial_6,50C,50.0,nickel,6,19320.68449098013,18308.116536458332
1.5,9,60C__nickel_trial_1,60C,60.0,nickel,1,19320.68449098013,9791.176106770834
1.5,9,60C__nickel_trial_2,60C,60.0,nickel,2,19320.68449098013,23393.468098958332
1.5,9,60C__nickel_trial_3,60C,60.0,nickel,3,19320.68449098013,17258.5068359375
1.5,9,60C__nickel_trial_4,60C,60.0,nickel,4,19320.68449098013,21532.779947916668
1.5,9,60C__nickel_trial_5,60C,60.0,nickel,5,19320.68449098013,21365.678385416668
1.5,9,60C__nickel_trial_6,60C,60.0,nickel,6,19320.68449098013,25260.771484375
1.5,10,30C__pdms_trial_1,30C,30.0,pdms,1,460.90129095067635,171.99280802408853
1.5,10,30C__pdms_trial_2,30C,30.0,pdms,2,460.90129095067635,131.06148529052734
1.5,10,30C__pdms_trial_3,30C,30.0,pdms,3,460.90129095067635,167.8534393310547
1.5,10,30C__pdms_trial_4,30C,30.0,pdms,4,460.90129095067635,53.61643727620443
1.5,10,30C__pdms_trial_5,30C,30.0,pdms,5,460.90129095067635,113.19177500406902
1.5,10,30C__pdms_trial_6,30C,30.0,pdms,6,460.90129095067635,72.07716878255208
1.5,10,40C__pdms_trial_1,40C,40.0,pdms,1,460.90129095067635,498.1575113932292
1.5,10,40C__pdms_trial_2,40C,40.0,pdms,2,460.90129095067635,490.4627685546875
1.5,10,40C__pdms_trial_3,40C,40.0,pdms,3,460.90129095067635,437.8983662923177
1.5,10,40C__pdms_trial_4,40C,40.0,pdms,4,460.90129095067635,365.51964314778644
1.5,10,40C__pdms_trial_5,40C,40.0,pdms,5,460.90129095067635,227.68971252441406
1.5,10,40C__pdms_trial_6,40C,40.0,pdms,6,460.90129095067635,376.74048868815106
1.5,10,50C__pdms_trial_1,50C,50.0,pdms,1,460.90129095067635,238.8851114908854
1.5,10,50C__pdms_trial_2,50C,50.0,pdms,2,460.90129095067635,154.70175170898438
1.5,10,50C__pdms_trial_3,50C,50.0,pdms,3,460.90129095067635,421.2953287760417
1.5,10,50C__pdms_trial_4,50C,50.0,pdms,4,460.90129095067635,412.0535380045573
1.5,10,50C__pdms_trial_5,50C,50.0,pdms,5,460.90129095067635,261.5788319905599
1.5,10,50C__pdms_trial_6,50C,50.0,pdms,6,460.90129095067635,307.67079162597656
1.5,10,60C__pdms_trial_1,60C,60.0,pdms,1,460.90129095067635,637.3127034505209
1.5,10,60C__pdms_trial_2,60C,60.0,pdms,2,460.90129095067635,455.8470052083333
1.5,10,60C__pdms_trial_3,60C,60.0,pdms,3,460.90129095067635,500.9742736816406
1.5,10,60C__pdms_trial_4,60C,60.0,pdms,4,460.90129095067635,280.5794372558594
1.5,10,60C__pdms_trial_5,60C,60.0,pdms,5,460.90129095067635,213.1321563720703
1.5,10,60C__pdms_trial_6,60C,60.0,pdms,6,460.90129095067635,152.20932006835938
1.5,11,30C__ps_foam_trial_1,30C,30.0,ps_foam,1,34.496376621320685,444.6742248535156
1.5,11,30C__ps_foam_trial_2,30C,30.0,ps_foam,2,34.496376621320685,450.5644022623698
1.5,11,30C__ps_foam_trial_3,30C,30.0,ps_foam,3,34.496376621320685,363.88206990559894
1.5,11,30C__ps_foam_trial_4,30C,30.0,ps_foam,4,34.496376621320685,315.6682434082031
1.5,11,30C__ps_foam_trial_5,30C,30.0,ps_foam,5,34.496376621320685,181.3821589152018
1.5,11,30C__ps_foam_trial_6,30C,30.0,ps_foam,6,34.496376621320685,218.3240000406901
1.5,11,40C__ps_foam_trial_1,40C,40.0,ps_foam,1,34.496376621320685,55.91351445515951
1.5,11,40C__ps_foam_trial_2,40C,40.0,ps_foam,2,34.496376621320685,52.02515411376953
1.5,11,40C__ps_foam_trial_3,40C,40.0,ps_foam,3,34.496376621320685,53.929603576660156
1.5,11,40C__ps_foam_trial_4,40C,40.0,ps_foam,4,34.496376621320685,804.7642211914062
1.5,11,40C__ps_foam_trial_5,40C,40.0,ps_foam,5,34.496376621320685,105.63011932373047
1.5,11,40C__ps_foam_trial_6,40C,40.0,ps_foam,6,34.496376621320685,95.08054097493489
1.5,11,50C__ps_foam_trial_1,50C,50.0,ps_foam,1,34.496376621320685,50.90067036946615
1.5,11,50C__ps_foam_trial_2,50C,50.0,ps_foam,2,34.496376621320685,60.949423472086586
1.5,11,50C__ps_foam_trial_3,50C,50.0,ps_foam,3,34.496376621320685,58.410956064860024
1.5,11,50C__ps_foam_trial_4,50C,50.0,ps_foam,4,34.496376621320685,52.912949879964195
1.5,11,50C__ps_foam_trial_5,50C,50.0,ps_foam,5,34.496376621320685,61.06113052368164
1.5,11,50C__ps_foam_trial_6,50C,50.0,ps_foam,6,34.496376621320685,57.318651835123696
1.5,11,60C__ps_foam_trial_1,60C,60.0,ps_foam,1,34.496376621320685,277.97118123372394
1.5,11,60C__ps_foam_trial_2,60C,60.0,ps_foam,2,34.496376621320685,253.74816385904947
1.5,11,60C__ps_foam_trial_3,60C,60.0,ps_foam,3,34.496376621320685,222.48050435384116
1.5,11,60C__ps_foam_trial_4,60C,60.0,ps_foam,4,34.496376621320685,143.83878072102866
1.5,11,60C__ps_foam_trial_5,60C,60.0,ps_foam,5,34.496376621320685,251.5924326578776
1.5,11,60C__ps_foam_trial_6,60C,60.0,ps_foam,6,34.496376621320685,281.36256408691406
1.5,12,30C__pu_foam_trial_1,30C,30.0,pu_foam,1,42.49705872175155,137.849733988444
1.5,12,30C__pu_foam_trial_2,30C,30.0,pu_foam,2,42.49705872175155,109.3407465616862
1.5,12,30C__pu_foam_trial_3,30C,30.0,pu_foam,3,42.49705872175155,224.70479838053384
1.5,12,30C__pu_foam_trial_4,30C,30.0,pu_foam,4,42.49705872175155,207.13174438476562
1.5,12,30C__pu_foam_trial_5,30C,30.0,pu_foam,5,42.49705872175155,265.9656626383464
1.5,12,30C__pu_foam_trial_6,30C,30.0,pu_foam,6,42.49705872175155,86.3510258992513
1.5,12,40C__pu_foam_trial_1,40C,40.0,pu_foam,1,42.49705872175155,76.23211415608723
1.5,12,40C__pu_foam_trial_2,40C,40.0,pu_foam,2,42.49705872175155,87.77601114908855
1.5,12,40C__pu_foam_trial_3,40C,40.0,pu_foam,3,42.49705872175155,89.33237202962239
1.5,12,40C__pu_foam_trial_4,40C,40.0,pu_foam,4,42.49705872175155,83.21695709228516
1.5,12,40C__pu_foam_trial_5,40C,40.0,pu_foam,5,42.49705872175155,34.73941587580233
1.5,12,40C__pu_foam_trial_6,40C,40.0,pu_foam,6,42.49705872175155,41.69550342943762
1.5,12,50C__pu_foam_trial_1,50C,50.0,pu_foam,1,42.49705872175155,109.68495178222656
1.5,12,50C__pu_foam_trial_2,50C,50.0,pu_foam,2,42.49705872175155,84.46244557698567
1.5,12,50C__pu_foam_trial_3,50C,50.0,pu_foam,3,42.49705872175155,105.61996205647786
1.5,12,50C__pu_foam_trial_4,50C,50.0,pu_foam,4,42.49705872175155,70.98959604899089
1.5,12,50C__pu_foam_trial_5,50C,50.0,pu_foam,5,42.49705872175155,86.00520324707031
1.5,12,50C__pu_foam_trial_6,50C,50.0,pu_foam,6,42.49705872175155,94.5269775390625
1.5,12,60C__pu_foam_trial_1,60C,60.0,pu_foam,1,42.49705872175155,207.59497578938803
1.5,12,60C__pu_foam_trial_2,60C,60.0,pu_foam,2,42.49705872175155,920.3356730143229
1.5,12,60C__pu_foam_trial_3,60C,60.0,pu_foam,3,42.49705872175155,671.3425242106119
1.5,12,60C__pu_foam_trial_4,60C,60.0,pu_foam,4,42.49705872175155,175.6803970336914
1.5,12,60C__pu_foam_trial_5,60C,60.0,pu_foam,5,42.49705872175155,248.06676228841147
1.5,12,60C__pu_foam_trial_6,60C,60.0,pu_foam,6,42.49705872175155,289.97010294596356
1.5,13,30C__titanium_trial_1,30C,30.0,titanium,1,7184.0359269702985,12299.918294270834
1.5,13,30C__titanium_trial_2,30C,30.0,titanium,2,7184.0359269702985,7719.93505859375
1.5,13,30C__titanium_trial_3,30C,30.0,titanium,3,7184.0359269702985,4287.387776692708
1.5,13,30C__titanium_trial_4,30C,30.0,titanium,4,7184.0359269702985,4900.6396484375
1.5,13,30C__titanium_trial_5,30C,30.0,titanium,5,7184.0359269702985,8146.651529947917
1.5,13,30C__titanium_trial_6,30C,30.0,titanium,6,7184.0359269702985,5517.470296223958
1.5,13,40C__titanium_trial_1,40C,40.0,titanium,1,7184.0359269702985,16238.754557291666
1.5,13,40C__titanium_trial_2,40C,40.0,titanium,2,7184.0359269702985,14427.287109375
1.5,13,40C__titanium_trial_3,40C,40.0,titanium,3,7184.0359269702985,21475.266276041668
1.5,13,40C__titanium_trial_4,40C,40.0,titanium,4,7184.0359269702985,10470.353841145834
1.5,13,40C__titanium_trial_5,40C,40.0,titanium,5,7184.0359269702985,16900.985677083332
1.5,13,40C__titanium_trial_6,40C,40.0,titanium,6,7184.0359269702985,15888.488606770834
1.5,13,50C__titanium_trial_1,50C,50.0,titanium,1,7184.0359269702985,13508.496744791666
1.5,13,50C__titanium_trial_2,50C,50.0,titanium,2,7184.0359269702985,7372.786783854167
1.5,13,50C__titanium_trial_3,50C,50.0,titanium,3,7184.0359269702985,15266.769856770834
1.5,13,50C__titanium_trial_4,50C,50.0,titanium,4,7184.0359269702985,16644.106119791668
1.5,13,50C__titanium_trial_5,50C,50.0,titanium,5,7184.0359269702985,13045.8525390625
1.5,13,50C__titanium_trial_6,50C,50.0,titanium,6,7184.0359269702985,12948.900716145834
1.5,13,60C__titanium_trial_1,60C,60.0,titanium,1,7184.0359269702985,9492.299153645834
1.5,13,60C__titanium_trial_2,60C,60.0,titanium,2,7184.0359269702985,11766.779622395834
1.5,13,60C__titanium_trial_3,60C,60.0,titanium,3,7184.0359269702985,10558.1513671875
1.5,13,60C__titanium_trial_4,60C,60.0,titanium,4,7184.0359269702985,13136.067057291666
1.5,13,60C__titanium_trial_5,60C,60.0,titanium,5,7184.0359269702985,10890.590006510416
1.5,13,60C__titanium_trial_6,60C,60.0,titanium,6,7184.0359269702985,13907.944010416666
1.5,14,30C__wood_trial_1,30C,30.0,wood,1,422.49260348555214,80.23805363972981
1.5,14,30C__wood_trial_2,30C,30.0,wood,2,422.49260348555214,192.26102193196616
1.5,14,30C__wood_trial_3,30C,30.0,wood,3,422.49260348555214,123.04099019368489
1.5,14,30C__wood_trial_4,30C,30.0,wood,4,422.49260348555214,78.94197336832683
1.5,14,30C__wood_trial_5,30C,30.0,wood,5,422.49260348555214,131.0212427775065
1.5,14,30C__wood_trial_6,30C,30.0,wood,6,422.49260348555214,196.16399637858072
1.5,14,40C__wood_trial_1,40C,40.0,wood,1,422.49260348555214,174.1025390625
1.5,14,40C__wood_trial_2,40C,40.0,wood,2,422.49260348555214,175.72492472330728
1.5,14,40C__wood_trial_3,40C,40.0,wood,3,422.49260348555214,171.40717061360678
1.5,14,40C__wood_trial_4,40C,40.0,wood,4,422.49260348555214,130.74674479166666
1.5,14,40C__wood_trial_5,40C,40.0,wood,5,422.49260348555214,261.55787150065106
1.5,14,40C__wood_trial_6,40C,40.0,wood,6,422.49260348555214,205.11285909016928
1.5,14,50C__wood_trial_1,50C,50.0,wood,1,422.49260348555214,252.5071055094401
1.5,14,50C__wood_trial_2,50C,50.0,wood,2,422.49260348555214,312.14830525716144
1.5,14,50C__wood_trial_3,50C,50.0,wood,3,422.49260348555214,285.9739074707031
1.5,14,50C__wood_trial_4,50C,50.0,wood,4,422.49260348555214,270.5892028808594
1.5,14,50C__wood_trial_5,50C,50.0,wood,5,422.49260348555214,207.98120625813803
1.5,14,50C__wood_trial_6,50C,50.0,wood,6,422.49260348555214,192.76333618164062
1.5,14,60C__wood_trial_1,60C,60.0,wood,1,422.49260348555214,12743.98828125
1.5,14,60C__wood_trial_2,60C,60.0,wood,2,422.49260348555214,7822.350748697917
1.5,14,60C__wood_trial_3,60C,60.0,wood,3,422.49260348555214,7976.36083984375
1.5,14,60C__wood_trial_4,60C,60.0,wood,4,422.49260348555214,8835.288248697916
1.5,14,60C__wood_trial_5,60C,60.0,wood,5,422.49260348555214,3861.3245849609375
1.5,14,60C__wood_trial_6,60C,60.0,wood,6,422.49260348555214,909.5184529622396
2.0,1,30C__aluminum_trial_1,30C,30.0,aluminum,1,23958.09466547789,15028.4560546875
2.0,1,30C__aluminum_trial_2,30C,30.0,aluminum,2,23958.09466547789,16174.888997395834
2.0,1,30C__aluminum_trial_3,30C,30.0,aluminum,3,23958.09466547789,8421.191243489584
2.0,1,30C__aluminum_trial_4,30C,30.0,aluminum,4,23958.09466547789,15736.543294270834
2.0,1,30C__aluminum_trial_5,30C,30.0,aluminum,5,23958.09466547789,11342.682454427084
2.0,1,30C__aluminum_trial_6,30C,30.0,aluminum,6,23958.09466547789,13979.260091145834
2.0,1,40C__aluminum_trial_1,40C,40.0,aluminum,1,23958.09466547789,19101.074869791668
2.0,1,40C__aluminum_trial_2,40C,40.0,aluminum,2,23958.09466547789,4672.4404296875
2.0,1,40C__aluminum_trial_3,40C,40.0,aluminum,3,23958.09466547789,29090.804036458332
2.0,1,40C__aluminum_trial_4,40C,40.0,aluminum,4,23958.09466547789,14268.25
2.0,1,40C__aluminum_trial_5,40C,40.0,aluminum,5,23958.09466547789,11040.190755208334
2.0,1,40C__aluminum_trial_6,40C,40.0,aluminum,6,23958.09466547789,10102.699869791666
2.0,1,50C__aluminum_trial_1,50C,50.0,aluminum,1,23958.09466547789,14604.423177083334
2.0,1,50C__aluminum_trial_2,50C,50.0,aluminum,2,23958.09466547789,9717.303873697916
2.0,1,50C__aluminum_trial_3,50C,50.0,aluminum,3,23958.09466547789,16724.770182291668
2.0,1,50C__aluminum_trial_4,50C,50.0,aluminum,4,23958.09466547789,19558.452473958332
2.0,1,50C__aluminum_trial_5,50C,50.0,aluminum,5,23958.09466547789,11824.187825520834
2.0,1,50C__aluminum_trial_6,50C,50.0,aluminum,6,23958.09466547789,20935.814453125
2.0,1,60C__aluminum_trial_1,60C,60.0,aluminum,1,23958.09466547789,16235.087565104166
2.0,1,60C__aluminum_trial_2,60C,60.0,aluminum,2,23958.09466547789,15905.3564453125
2.0,1,60C__aluminum_trial_3,60C,60.0,aluminum,3,23958.09466547789,11357.477213541666
2.0,1,60C__aluminum_trial_4,60C,60.0,aluminum,4,23958.09466547789,15245.084309895834
2.0,1,60C__aluminum_trial_5,60C,60.0,aluminum,5,23958.09466547789,16195.531901041666
2.0,1,60C__aluminum_trial_6,60C,60.0,aluminum,6,23958.09466547789,21418.8203125
2.0,2,30C__bismuth_trial_1,30C,30.0,bismuth,1,3209.1026783199068,7821.882731119792
2.0,2,30C__bismuth_trial_2,30C,30.0,bismuth,2,3209.1026783199068,7041.03955078125
2.0,2,30C__bismuth_trial_3,30C,30.0,bismuth,3,3209.1026783199068,5656.552815755208
2.0,2,30C__bismuth_trial_4,30C,30.0,bismuth,4,3209.1026783199068,10995.579427083334
2.0,2,30C__bismuth_trial_5,30C,30.0,bismuth,5,3209.1026783199068,7431.84765625
2.0,2,30C__bismuth_trial_6,30C,30.0,bismuth,6,3209.1026783199068,10392.229166666666
2.0,2,40C__bismuth_trial_1,40C,40.0,bismuth,1,3209.1026783199068,14950.521484375
2.0,2,40C__bismuth_trial_2,40C,40.0,bismuth,2,3209.1026783199068,12683.178385416666
2.0,2,40C__bismuth_trial_3,40C,40.0,bismuth,3,3209.1026783199068,7692.8306884765625
2.0,2,40C__bismuth_trial_4,40C,40.0,bismuth,4,3209.1026783199068,11313.670572916666
2.0,2,40C__bismuth_trial_5,40C,40.0,bismuth,5,3209.1026783199068,13148.486979166666
2.0,2,40C__bismuth_trial_6,40C,40.0,bismuth,6,3209.1026783199068,12517.890625
2.0,2,50C__bismuth_trial_1,50C,50.0,bismuth,1,3209.1026783199068,11288.078776041666
2.0,2,50C__bismuth_trial_2,50C,50.0,bismuth,2,3209.1026783199068,14007.690104166666
2.0,2,50C__bismuth_trial_3,50C,50.0,bismuth,3,3209.1026783199068,18554.610026041668
2.0,2,50C__bismuth_trial_4,50C,50.0,bismuth,4,3209.1026783199068,15643.062825520834
2.0,2,50C__bismuth_trial_5,50C,50.0,bismuth,5,3209.1026783199068,14631.2900390625
2.0,2,50C__bismuth_trial_6,50C,50.0,bismuth,6,3209.1026783199068,12063.421875
2.0,2,60C__bismuth_trial_1,60C,60.0,bismuth,1,3209.1026783199068,12903.084309895834
2.0,2,60C__bismuth_trial_2,60C,60.0,bismuth,2,3209.1026783199068,11213.569010416666
2.0,2,60C__bismuth_trial_3,60C,60.0,bismuth,3,3209.1026783199068,12573.6953125
2.0,2,60C__bismuth_trial_4,60C,60.0,bismuth,4,3209.1026783199068,14920.220703125
2.0,2,60C__bismuth_trial_5,60C,60.0,bismuth,5,3209.1026783199068,10858.466796875
2.0,2,60C__bismuth_trial_6,60C,60.0,bismuth,6,3209.1026783199068,19322.594401041668
2.0,3,30C__cement_trial_1,30C,30.0,cement,1,559.6427431853289,549.5582784016927
2.0,3,30C__cement_trial_2,30C,30.0,cement,2,559.6427431853289,482.93918863932294
2.0,3,30C__cement_trial_3,30C,30.0,cement,3,559.6427431853289,456.5324401855469
2.0,3,30C__cement_trial_4,30C,30.0,cement,4,559.6427431853289,454.4347432454427
2.0,3,30C__cement_trial_5,30C,30.0,cement,5,559.6427431853289,626.6632080078125
2.0,3,30C__cement_trial_6,30C,30.0,cement,6,559.6427431853289,456.07187906901044
2.0,3,40C__cement_trial_1,40C,40.0,cement,1,559.6427431853289,425.4151306152344
2.0,3,40C__cement_trial_2,40C,40.0,cement,2,559.6427431853289,416.752197265625
2.0,3,40C__cement_trial_3,40C,40.0,cement,3,559.6427431853289,315.18150838216144
2.0,3,40C__cement_trial_4,40C,40.0,cement,4,559.6427431853289,706.6478474934896
2.0,3,40C__cement_trial_5,40C,40.0,cement,5,559.6427431853289,704.7063191731771
2.0,3,40C__cement_trial_6,40C,40.0,cement,6,559.6427431853289,412.01141357421875
2.0,3,50C__cement_trial_1,50C,50.0,cement,1,559.6427431853289,474.46153767903644
2.0,3,50C__cement_trial_2,50C,50.0,cement,2,559.6427431853289,327.9158935546875
2.0,3,50C__cement_trial_3,50C,50.0,cement,3,559.6427431853289,364.72959391276044
2.0,3,50C__cement_trial_4,50C,50.0,cement,4,559.6427431853289,383.81984456380206
2.0,3,50C__cement_trial_5,50C,50.0,cement,5,559.6427431853289,475.8713887532552
2.0,3,50C__cement_trial_6,50C,50.0,cement,6,559.6427431853289,472.5852864583333
2.0,3,60C__cement_trial_1,60C,60.0,cement,1,559.6427431853289,859.746826171875
2.0,3,60C__cement_trial_2,60C,60.0,cement,2,559.6427431853289,554.4389444986979
2.0,3,60C__cement_trial_3,60C,60.0,cement,3,559.6427431853289,656.8243611653646
2.0,3,60C__cement_trial_4,60C,60.0,cement,4,559.6427431853289,535.4828287760416
2.0,3,60C__cement_trial_5,60C,60.0,cement,5,559.6427431853289,698.6140340169271
2.0,3,60C__cement_trial_6,60C,60.0,cement,6,559.6427431853289,717.3311767578125
2.0,4,30C__copper_trial_1,30C,30.0,copper,1,37192.601414797544,2903.58203125
2.0,4,30C__copper_trial_2,30C,30.0,copper,2,37192.601414797544,17035.668619791668
2.0,4,30C__copper_trial_3,30C,30.0,copper,3,37192.601414797544,16676.963216145832
2.0,4,30C__copper_trial_4,30C,30.0,copper,4,37192.601414797544,15188.215169270834
2.0,4,30C__copper_trial_5,30C,30.0,copper,5,37192.601414797544,14372.728515625
2.0,4,30C__copper_trial_6,30C,30.0,copper,6,37192.601414797544,10575.109700520834
2.0,4,40C__copper_trial_1,40C,40.0,copper,1,37192.601414797544,15669.297200520834
2.0,4,40C__copper_trial_2,40C,40.0,copper,2,37192.601414797544,12368.359700520834
2.0,4,40C__copper_trial_3,40C,40.0,copper,3,37192.601414797544,17583.370768229168
2.0,4,40C__copper_trial_4,40C,40.0,copper,4,37192.601414797544,7939.21240234375
2.0,4,40C__copper_trial_5,40C,40.0,copper,5,37192.601414797544,8428.561360677084
2.0,4,40C__copper_trial_6,40C,40.0,copper,6,37192.601414797544,8489.8515625
2.0,4,50C__copper_trial_1,50C,50.0,copper,1,37192.601414797544,6676.7392578125
2.0,4,50C__copper_trial_2,50C,50.0,copper,2,37192.601414797544,12226.014322916666
2.0,4,50C__copper_trial_3,50C,50.0,copper,3,37192.601414797544,9961.384928385416
2.0,4,50C__copper_trial_4,50C,50.0,copper,4,37192.601414797544,9939.713216145834
2.0,4,50C__copper_trial_5,50C,50.0,copper,5,37192.601414797544,10130.552083333334
2.0,4,50C__copper_trial_6,50C,50.0,copper,6,37192.601414797544,8519.233072916666
2.0,4,60C__copper_trial_1,60C,60.0,copper,1,37192.601414797544,14371.636393229166
2.0,4,60C__copper_trial_2,60C,60.0,copper,2,37192.601414797544,21617.912760416668
2.0,4,60C__copper_trial_3,60C,60.0,copper,3,37192.601414797544,13031.636393229166
2.0,4,60C__copper_trial_4,60C,60.0,copper,4,37192.601414797544,20507.402994791668
2.0,4,60C__copper_trial_5,60C,60.0,copper,5,37192.601414797544,13239.3955078125
2.0,4,60C__copper_trial_6,60C,60.0,copper,6,37192.601414797544,13106.556640625
2.0,5,30C__cork_trial_1,30C,30.0,cork,1,136.29380029920657,132.3064727783203
2.0,5,30C__cork_trial_2,30C,30.0,cork,2,136.29380029920657,83.06528981526692
2.0,5,30C__cork_trial_3,30C,30.0,cork,3,136.29380029920657,63.463269551595054
2.0,5,30C__cork_trial_4,30C,30.0,cork,4,136.29380029920657,47.74092229207357
2.0,5,30C__cork_trial_5,30C,30.0,cork,5,136.29380029920657,70.85693232218425
2.0,5,30C__cork_trial_6,30C,30.0,cork,6,136.29380029920657,68.55286153157552
2.0,5,40C__cork_trial_1,40C,40.0,cork,1,136.29380029920657,78.01994323730469
2.0,5,40C__cork_trial_2,40C,40.0,cork,2,136.29380029920657,75.78338877360027
2.0,5,40C__cork_trial_3,40C,40.0,cork,3,136.29380029920657,88.08631896972656
2.0,5,40C__cork_trial_4,40C,40.0,cork,4,136.29380029920657,86.59109751383464
2.0,5,40C__cork_trial_5,40C,40.0,cork,5,136.29380029920657,35.99521656420325
2.0,5,40C__cork_trial_6,40C,40.0,cork,6,136.29380029920657,35.467638846104286
2.0,5,50C__cork_trial_1,50C,50.0,cork,1,136.29380029920657,484.2881571451823
2.0,5,50C__cork_trial_2,50C,50.0,cork,2,136.29380029920657,449.139404296875
2.0,5,50C__cork_trial_3,50C,50.0,cork,3,136.29380029920657,389.7202657063802
2.0,5,50C__cork_trial_4,50C,50.0,cork,4,136.29380029920657,274.30431111653644
2.0,5,50C__cork_trial_5,50C,50.0,cork,5,136.29380029920657,435.8246561686198
2.0,5,50C__cork_trial_6,50C,50.0,cork,6,136.29380029920657,360.8910319010417
2.0,5,60C__cork_trial_1,60C,60.0,cork,1,136.29380029920657,403.0
2.0,5,60C__cork_trial_2,60C,60.0,cork,2,136.29380029920657,367.10802205403644
2.0,5,60C__cork_trial_3,60C,60.0,cork,3,136.29380029920657,295.72524007161456
2.0,5,60C__cork_trial_4,60C,60.0,cork,4,136.29380029920657,349.7502746582031
2.0,5,60C__cork_trial_5,60C,60.0,cork,5,136.29380029920657,388.20006306966144
2.0,5,60C__cork_trial_6,60C,60.0,cork,6,136.29380029920657,338.32591756184894
2.0,6,30C__graphite_trial_1,30C,30.0,graphite,1,11367.497525840945,12195.622721354166
2.0,6,30C__graphite_trial_2,30C,30.0,graphite,2,11367.497525840945,6521.929850260417
2.0,6,30C__graphite_trial_3,30C,30.0,graphite,3,11367.497525840945,3324.032470703125
2.0,6,30C__graphite_trial_4,30C,30.0,graphite,4,11367.497525840945,6177.76123046875
2.0,6,30C__graphite_trial_5,30C,30.0,graphite,5,11367.497525840945,7853.7646484375
2.0,6,30C__graphite_trial_6,30C,30.0,graphite,6,11367.497525840945,6066.572591145833
2.0,6,40C__graphite_trial_1,40C,40.0,graphite,1,11367.497525840945,8906.368489583334
2.0,6,40C__graphite_trial_2,40C,40.0,graphite,2,11367.497525840945,12252.4990234375
2.0,6,40C__graphite_trial_3,40C,40.0,graphite,3,11367.497525840945,7437.244140625
2.0,6,40C__graphite_trial_4,40C,40.0,graphite,4,11367.497525840945,13044.539388020834
2.0,6,40C__graphite_trial_5,40C,40.0,graphite,5,11367.497525840945,4166.350830078125
2.0,6,40C__graphite_trial_6,40C,40.0,graphite,6,11367.497525840945,7514.59130859375
2.0,6,50C__graphite_trial_1,50C,50.0,graphite,1,11367.497525840945,16129.6181640625
2.0,6,50C__graphite_trial_2,50C,50.0,graphite,2,11367.497525840945,14736.3310546875
2.0,6,50C__graphite_trial_3,50C,50.0,graphite,3,11367.497525840945,13641.686848958334
2.0,6,50C__graphite_trial_4,50C,50.0,graphite,4,11367.497525840945,18469.973958333332
2.0,6,50C__graphite_trial_5,50C,50.0,graphite,5,11367.497525840945,7880.5859375
2.0,6,50C__graphite_trial_6,50C,50.0,graphite,6,11367.497525840945,12212.458333333334
2.0,6,60C__graphite_trial_1,60C,60.0,graphite,1,11367.497525840945,10516.8642578125
2.0,6,60C__graphite_trial_2,60C,60.0,graphite,2,11367.497525840945,13510.3037109375
2.0,6,60C__graphite_trial_3,60C,60.0,graphite,3,11367.497525840945,13726.2451171875
2.0,6,60C__graphite_trial_4,60C,60.0,graphite,4,11367.497525840945,12196.065104166666
2.0,6,60C__graphite_trial_5,60C,60.0,graphite,5,11367.497525840945,10609.484375
2.0,6,60C__graphite_trial_6,60C,60.0,graphite,6,11367.497525840945,12853.8876953125
2.0,7,30C__gypsum_trial_1,30C,30.0,gypsum,1,385.01948002666046,231.2530721028646
2.0,7,30C__gypsum_trial_2,30C,30.0,gypsum,2,385.01948002666046,299.3841247558594
2.0,7,30C__gypsum_trial_3,30C,30.0,gypsum,3,385.01948002666046,219.82076009114584
2.0,7,30C__gypsum_trial_4,30C,30.0,gypsum,4,385.01948002666046,180.1609090169271
2.0,7,30C__gypsum_trial_5,30C,30.0,gypsum,5,385.01948002666046,233.18812561035156
2.0,7,30C__gypsum_trial_6,30C,30.0,gypsum,6,385.01948002666046,166.34567260742188
2.0,7,40C__gypsum_trial_1,40C,40.0,gypsum,1,385.01948002666046,315.88060506184894
2.0,7,40C__gypsum_trial_2,40C,40.0,gypsum,2,385.01948002666046,230.4775644938151
2.0,7,40C__gypsum_trial_3,40C,40.0,gypsum,3,385.01948002666046,223.33130391438803
2.0,7,40C__gypsum_trial_4,40C,40.0,gypsum,4,385.01948002666046,356.74669392903644
2.0,7,40C__gypsum_trial_5,40C,40.0,gypsum,5,385.01948002666046,1204.81103515625
2.0,7,40C__gypsum_trial_6,40C,40.0,gypsum,6,385.01948002666046,831.5230102539062
2.0,7,50C__gypsum_trial_1,50C,50.0,gypsum,1,385.01948002666046,875.6498819986979
2.0,7,50C__gypsum_trial_2,50C,50.0,gypsum,2,385.01948002666046,664.9416097005209
2.0,7,50C__gypsum_trial_3,50C,50.0,gypsum,3,385.01948002666046,1097.9617513020833
2.0,7,50C__gypsum_trial_4,50C,50.0,gypsum,4,385.01948002666046,656.5979614257812
2.0,7,50C__gypsum_trial_5,50C,50.0,gypsum,5,385.01948002666046,984.3070068359375
2.0,7,50C__gypsum_trial_6,50C,50.0,gypsum,6,385.01948002666046,642.1913452148438
2.0,7,60C__gypsum_trial_1,60C,60.0,gypsum,1,385.01948002666046,8270.756754557291
2.0,7,60C__gypsum_trial_2,60C,60.0,gypsum,2,385.01948002666046,3727.2349853515625
2.0,7,60C__gypsum_trial_3,60C,60.0,gypsum,3,385.01948002666046,1926.7562255859375
2.0,7,60C__gypsum_trial_4,60C,60.0,gypsum,4,385.01948002666046,6234.387125651042
2.0,7,60C__gypsum_trial_5,60C,60.0,gypsum,5,385.01948002666046,6845.766845703125
2.0,7,60C__gypsum_trial_6,60C,60.0,gypsum,6,385.01948002666046,2377.0943196614585
2.0,8,30C__iron_trial_1,30C,30.0,iron,1,16859.663413010356,10065.86083984375
2.0,8,30C__iron_trial_2,30C,30.0,iron,2,16859.663413010356,23242.759765625
2.0,8,30C__iron_trial_3,30C,30.0,iron,3,16859.663413010356,15326.486653645834
2.0,8,30C__iron_trial_4,30C,30.0,iron,4,16859.663413010356,19363.276041666668
2.0,8,30C__iron_trial_5,30C,30.0,iron,5,16859.663413010356,16167.128255208334
2.0,8,30C__iron_trial_6,30C,30.0,iron,6,16859.663413010356,12398.3134765625
2.0,8,40C__iron_trial_1,40C,40.0,iron,1,16859.663413010356,14498.402669270834
2.0,8,40C__iron_trial_2,40C,40.0,iron,2,16859.663413010356,9896.635416666666
2.0,8,40C__iron_trial_3,40C,40.0,iron,3,16859.663413010356,10818.655924479166
2.0,8,40C__iron_trial_4,40C,40.0,iron,4,16859.663413010356,6337.354329427083
2.0,8,40C__iron_trial_5,40C,40.0,iron,5,16859.663413010356,14446.873046875
2.0,8,40C__iron_trial_6,40C,40.0,iron,6,16859.663413010356,12103.513671875
2.0,8,50C__iron_trial_1,50C,50.0,iron,1,16859.663413010356,9551.455891927084
2.0,8,50C__iron_trial_2,50C,50.0,iron,2,16859.663413010356,12714.257161458334
2.0,8,50C__iron_trial_3,50C,50.0,iron,3,16859.663413010356,12781.498697916666
2.0,8,50C__iron_trial_4,50C,50.0,iron,4,16859.663413010356,14991.281901041666
2.0,8,50C__iron_trial_5,50C,50.0,iron,5,16859.663413010356,10657.9462890625
2.0,8,50C__iron_trial_6,50C,50.0,iron,6,16859.663413010356,24329.567708333332
2.0,8,60C__iron_trial_1,60C,60.0,iron,1,16859.663413010356,30630.731770833332
2.0,8,60C__iron_trial_2,60C,60.0,iron,2,16859.663413010356,18412.487630208332
2.0,8,60C__iron_trial_3,60C,60.0,iron,3,16859.663413010356,15787.650716145834
2.0,8,60C__iron_trial_4,60C,60.0,iron,4,16859.663413010356,14977.581705729166
2.0,8,60C__iron_trial_5,60C,60.0,iron,5,16859.663413010356,19022.280598958332
2.0,8,60C__iron_trial_6,60C,60.0,iron,6,16859.663413010356,17844.378580729168
2.0,9,30C__nickel_trial_1,30C,30.0,nickel,1,19320.68449098013,9862.602376302084
2.0,9,30C__nickel_trial_2,30C,30.0,nickel,2,19320.68449098013,13557.033528645834
2.0,9,30C__nickel_trial_3,30C,30.0,nickel,3,19320.68449098013,16477.905598958332
2.0,9,30C__nickel_trial_4,30C,30.0,nickel,4,19320.68449098013,9716.4072265625
2.0,9,30C__nickel_trial_5,30C,30.0,nickel,5,19320.68449098013,16970.804036458332
2.0,9,30C__nickel_trial_6,30C,30.0,nickel,6,19320.68449098013,20759.1953125
2.0,9,40C__nickel_trial_1,40C,40.0,nickel,1,19320.68449098013,5806.552571614583
2.0,9,40C__nickel_trial_2,40C,40.0,nickel,2,19320.68449098013,7897.997233072917
2.0,9,40C__nickel_trial_3,40C,40.0,nickel,3,19320.68449098013,17863.591145833332
2.0,9,40C__nickel_trial_4,40C,40.0,nickel,4,19320.68449098013,13207.674479166666
2.0,9,40C__nickel_trial_5,40C,40.0,nickel,5,19320.68449098013,12131.582682291666
2.0,9,40C__nickel_trial_6,40C,40.0,nickel,6,19320.68449098013,9087.877766927084
2.0,9,50C__nickel_trial_1,50C,50.0,nickel,1,19320.68449098013,10714.824544270834
2.0,9,50C__nickel_trial_2,50C,50.0,nickel,2,19320.68449098013,12998.197591145834
2.0,9,50C__nickel_trial_3,50C,50.0,nickel,3,19320.68449098013,13386.682942708334
2.0,9,50C__nickel_trial_4,50C,50.0,nickel,4,19320.68449098013,14171.4931640625
2.0,9,50C__nickel_trial_5,50C,50.0,nickel,5,19320.68449098013,8220.521647135416
2.0,9,50C__nickel_trial_6,50C,50.0,nickel,6,19320.68449098013,17119.013671875
2.0,9,60C__nickel_trial_1,60C,60.0,nickel,1,19320.68449098013,9849.0263671875
2.0,9,60C__nickel_trial_2,60C,60.0,nickel,2,19320.68449098013,21192.938802083332
2.0,9,60C__nickel_trial_3,60C,60.0,nickel,3,19320.68449098013,16082.619466145834
2.0,9,60C__nickel_trial_4,60C,60.0,nickel,4,19320.68449098013,23271.28125
2.0,9,60C__nickel_trial_5,60C,60.0,nickel,5,19320.68449098013,18261.5087890625
2.0,9,60C__nickel_trial_6,60C,60.0,nickel,6,19320.68449098013,25764.288411458332
2.0,10,30C__pdms_trial_1,30C,30.0,pdms,1,460.90129095067635,189.2745157877604
2.0,10,30C__pdms_trial_2,30C,30.0,pdms,2,460.90129095067635,112.50263214111328
2.0,10,30C__pdms_trial_3,30C,30.0,pdms,3,460.90129095067635,156.22030639648438
2.0,10,30C__pdms_trial_4,30C,30.0,pdms,4,460.90129095067635,52.093814849853516
2.0,10,30C__pdms_trial_5,30C,30.0,pdms,5,460.90129095067635,92.67848714192708
2.0,10,30C__pdms_trial_6,30C,30.0,pdms,6,460.90129095067635,86.94639841715495
2.0,10,40C__pdms_trial_1,40C,40.0,pdms,1,460.90129095067635,509.0912170410156
2.0,10,40C__pdms_trial_2,40C,40.0,pdms,2,460.90129095067635,549.9153849283854
2.0,10,40C__pdms_trial_3,40C,40.0,pdms,3,460.90129095067635,404.037353515625
2.0,10,40C__pdms_trial_4,40C,40.0,pdms,4,460.90129095067635,376.48911539713544
2.0,10,40C__pdms_trial_5,40C,40.0,pdms,5,460.90129095067635,227.58441162109375
2.0,10,40C__pdms_trial_6,40C,40.0,pdms,6,460.90129095067635,392.50868733723956
2.0,10,50C__pdms_trial_1,50C,50.0,pdms,1,460.90129095067635,247.98651123046875
2.0,10,50C__pdms_trial_2,50C,50.0,pdms,2,460.90129095067635,149.66736348470053
2.0,10,50C__pdms_trial_3,50C,50.0,pdms,3,460.90129095067635,379.75023396809894
2.0,10,50C__pdms_trial_4,50C,50.0,pdms,4,460.90129095067635,384.92774454752606
2.0,10,50C__pdms_trial_5,50C,50.0,pdms,5,460.90129095067635,238.59149169921875
2.0,10,50C__pdms_trial_6,50C,50.0,pdms,6,460.90129095067635,293.1394500732422
2.0,10,60C__pdms_trial_1,60C,60.0,pdms,1,460.90129095067635,549.8460795084635
2.0,10,60C__pdms_trial_2,60C,60.0,pdms,2,460.90129095067635,394.8356526692708
2.0,10,60C__pdms_trial_3,60C,60.0,pdms,3,460.90129095067635,461.5467020670573
2.0,10,60C__pdms_trial_4,60C,60.0,pdms,4,460.90129095067635,214.5464630126953
2.0,10,60C__pdms_trial_5,60C,60.0,pdms,5,460.90129095067635,203.74610900878906
2.0,10,60C__pdms_trial_6,60C,60.0,pdms,6,460.90129095067635,152.0055948893229
2.0,11,30C__ps_foam_trial_1,30C,30.0,ps_foam,1,34.496376621320685,374.5914611816406
2.0,11,30C__ps_foam_trial_2,30C,30.0,ps_foam,2,34.496376621320685,506.5027669270833
2.0,11,30C__ps_foam_trial_3,30C,30.0,ps_foam,3,34.496376621320685,410.17901611328125
2.0,11,30C__ps_foam_trial_4,30C,30.0,ps_foam,4,34.496376621320685,331.49937947591144
2.0,11,30C__ps_foam_trial_5,30C,30.0,ps_foam,5,34.496376621320685,174.40943908691406
2.0,11,30C__ps_foam_trial_6,30C,30.0,ps_foam,6,34.496376621320685,193.33443196614584
2.0,11,40C__ps_foam_trial_1,40C,40.0,ps_foam,1,34.496376621320685,52.79603576660156
2.0,11,40C__ps_foam_trial_2,40C,40.0,ps_foam,2,34.496376621320685,50.57890319824219
2.0,11,40C__ps_foam_trial_3,40C,40.0,ps_foam,3,34.496376621320685,50.57254659214635
2.0,11,40C__ps_foam_trial_4,40C,40.0,ps_foam,4,34.496376621320685,673.5778503417969
2.0,11,40C__ps_foam_trial_5,40C,40.0,ps_foam,5,34.496376621320685,99.1628926595052
2.0,11,40C__ps_foam_trial_6,40C,40.0,ps_foam,6,34.496376621320685,95.9865214029948
2.0,11,50C__ps_foam_trial_1,50C,50.0,ps_foam,1,34.496376621320685,47.54023996988932
2.0,11,50C__ps_foam_trial_2,50C,50.0,ps_foam,2,34.496376621320685,66.2497787475586
2.0,11,50C__ps_foam_trial_3,50C,50.0,ps_foam,3,34.496376621320685,58.23406855265299
2.0,11,50C__ps_foam_trial_4,50C,50.0,ps_foam,4,34.496376621320685,53.29353709100703
2.0,11,50C__ps_foam_trial_5,50C,50.0,ps_foam,5,34.496376621320685,56.8540153503418
2.0,11,50C__ps_foam_trial_6,50C,50.0,ps_foam,6,34.496376621320685,56.85966237386068
2.0,11,60C__ps_foam_trial_1,60C,60.0,ps_foam,1,34.496376621320685,258.95862833658856
2.0,11,60C__ps_foam_trial_2,60C,60.0,ps_foam,2,34.496376621320685,225.111083984375
2.0,11,60C__ps_foam_trial_3,60C,60.0,ps_foam,3,34.496376621320685,190.22889200846353
2.0,11,60C__ps_foam_trial_4,60C,60.0,ps_foam,4,34.496376621320685,136.6613540649414
2.0,11,60C__ps_foam_trial_5,60C,60.0,ps_foam,5,34.496376621320685,263.9125722249349
2.0,11,60C__ps_foam_trial_6,60C,60.0,ps_foam,6,34.496376621320685,318.6770426432292
2.0,12,30C__pu_foam_trial_1,30C,30.0,pu_foam,1,42.49705872175155,134.82701873779297
2.0,12,30C__pu_foam_trial_2,30C,30.0,pu_foam,2,42.49705872175155,93.26905568440755
2.0,12,30C__pu_foam_trial_3,30C,30.0,pu_foam,3,42.49705872175155,189.38128662109375
2.0,12,30C__pu_foam_trial_4,30C,30.0,pu_foam,4,42.49705872175155,204.43661499023438
2.0,12,30C__pu_foam_trial_5,30C,30.0,pu_foam,5,42.49705872175155,274.83106994628906
2.0,12,30C__pu_foam_trial_6,30C,30.0,pu_foam,6,42.49705872175155,81.93515014648438
2.0,12,40C__pu_foam_trial_1,40C,40.0,pu_foam,1,42.49705872175155,71.82771301269531
2.0,12,40C__pu_foam_trial_2,40C,40.0,pu_foam,2,42.49705872175155,100.82909393310547
2.0,12,40C__pu_foam_trial_3,40C,40.0,pu_foam,3,42.49705872175155,94.60463968912761
2.0,12,40C__pu_foam_trial_4,40C,40.0,pu_foam,4,42.49705872175155,85.23111979166667
2.0,12,40C__pu_foam_trial_5,40C,40.0,pu_foam,5,42.49705872175155,38.688167961170166
2.0,12,40C__pu_foam_trial_6,40C,40.0,pu_foam,6,42.49705872175155,47.74006652832031
2.0,12,50C__pu_foam_trial_1,50C,50.0,pu_foam,1,42.49705872175155,106.61350504557292
2.0,12,50C__pu_foam_trial_2,50C,50.0,pu_foam,2,42.49705872175155,83.89413706461589
2.0,12,50C__pu_foam_trial_3,50C,50.0,pu_foam,3,42.49705872175155,100.63275146484375
2.0,12,50C__pu_foam_trial_4,50C,50.0,pu_foam,4,42.49705872175155,77.27761713663737
2.0,12,50C__pu_foam_trial_5,50C,50.0,pu_foam,5,42.49705872175155,110.79315439860027
2.0,12,50C__pu_foam_trial_6,50C,50.0,pu_foam,6,42.49705872175155,105.63338724772136
2.0,12,60C__pu_foam_trial_1,60C,60.0,pu_foam,1,42.49705872175155,209.05157979329428
2.0,12,60C__pu_foam_trial_2,60C,60.0,pu_foam,2,42.49705872175155,1072.571512858073
2.0,12,60C__pu_foam_trial_3,60C,60.0,pu_foam,3,42.49705872175155,307.2811024983724
2.0,12,60C__pu_foam_trial_4,60C,60.0,pu_foam,4,42.49705872175155,164.0551961263021
2.0,12,60C__pu_foam_trial_5,60C,60.0,pu_foam,5,42.49705872175155,258.532964070638
2.0,12,60C__pu_foam_trial_6,60C,60.0,pu_foam,6,42.49705872175155,251.7674560546875
2.0,13,30C__titanium_trial_1,30C,30.0,titanium,1,7184.0359269702985,11895.239908854166
2.0,13,30C__titanium_trial_2,30C,30.0,titanium,2,7184.0359269702985,7223.945475260417
2.0,13,30C__titanium_trial_3,30C,30.0,titanium,3,7184.0359269702985,5883.669189453125
2.0,13,30C__titanium_trial_4,30C,30.0,titanium,4,7184.0359269702985,4919.0498046875
2.0,13,30C__titanium_trial_5,30C,30.0,titanium,5,7184.0359269702985,8945.947428385416
2.0,13,30C__titanium_trial_6,30C,30.0,titanium,6,7184.0359269702985,6457.351236979167
2.0,13,40C__titanium_trial_1,40C,40.0,titanium,1,7184.0359269702985,20252.716796875
2.0,13,40C__titanium_trial_2,40C,40.0,titanium,2,7184.0359269702985,16876.4423828125
2.0,13,40C__titanium_trial_3,40C,40.0,titanium,3,7184.0359269702985,19259.649088541668
2.0,13,40C__titanium_trial_4,40C,40.0,titanium,4,7184.0359269702985,9943.940104166666
2.0,13,40C__titanium_trial_5,40C,40.0,titanium,5,7184.0359269702985,17467.380533854168
2.0,13,40C__titanium_trial_6,40C,40.0,titanium,6,7184.0359269702985,16356.7138671875
2.0,13,50C__titanium_trial_1,50C,50.0,titanium,1,7184.0359269702985,13707.194661458334
2.0,13,50C__titanium_trial_2,50C,50.0,titanium,2,7184.0359269702985,5326.82373046875
2.0,13,50C__titanium_trial_3,50C,50.0,titanium,3,7184.0359269702985,14943.777669270834
2.0,13,50C__titanium_trial_4,50C,50.0,titanium,4,7184.0359269702985,15980.2744140625
2.0,13,50C__titanium_trial_5,50C,50.0,titanium,5,7184.0359269702985,11503.357421875
2.0,13,50C__titanium_trial_6,50C,50.0,titanium,6,7184.0359269702985,13882.033528645834
2.0,13,60C__titanium_trial_1,60C,60.0,titanium,1,7184.0359269702985,9445.7978515625
2.0,13,60C__titanium_trial_2,60C,60.0,titanium,2,7184.0359269702985,10813.094401041666
2.0,13,60C__titanium_trial_3,60C,60.0,titanium,3,7184.0359269702985,9816.434895833334
2.0,13,60C__titanium_trial_4,60C,60.0,titanium,4,7184.0359269702985,17126.947265625
2.0,13,60C__titanium_trial_5,60C,60.0,titanium,5,7184.0359269702985,11879.3701171875
2.0,13,60C__titanium_trial_6,60C,60.0,titanium,6,7184.0359269702985,14926.102213541666
2.0,14,30C__wood_trial_1,30C,30.0,wood,1,422.49260348555214,78.39717483520508
2.0,14,30C__wood_trial_2,30C,30.0,wood,2,422.49260348555214,197.95372009277344
2.0,14,30C__wood_trial_3,30C,30.0,wood,3,422.49260348555214,125.75297037760417
2.0,14,30C__wood_trial_4,30C,30.0,wood,4,422.49260348555214,83.9600092569987
2.0,14,30C__wood_trial_5,30C,30.0,wood,5,422.49260348555214,154.30865732828775
2.0,14,30C__wood_trial_6,30C,30.0,wood,6,422.49260348555214,263.5365244547526
2.0,14,40C__wood_trial_1,40C,40.0,wood,1,422.49260348555214,164.61850229899088
2.0,14,40C__wood_trial_2,40C,40.0,wood,2,422.49260348555214,178.1995086669922
2.0,14,40C__wood_trial_3,40C,40.0,wood,3,422.49260348555214,176.22218322753906
2.0,14,40C__wood_trial_4,40C,40.0,wood,4,422.49260348555214,149.20987701416016
2.0,14,40C__wood_trial_5,40C,40.0,wood,5,422.49260348555214,272.8606262207031
2.0,14,40C__wood_trial_6,40C,40.0,wood,6,422.49260348555214,218.66827901204428
2.0,14,50C__wood_trial_1,50C,50.0,wood,1,422.49260348555214,261.47031656901044
2.0,14,50C__wood_trial_2,50C,50.0,wood,2,422.49260348555214,301.51515706380206
2.0,14,50C__wood_trial_3,50C,50.0,wood,3,422.49260348555214,262.45738728841144
2.0,14,50C__wood_trial_4,50C,50.0,wood,4,422.49260348555214,304.7154541015625
2.0,14,50C__wood_trial_5,50C,50.0,wood,5,422.49260348555214,195.51042683919272
2.0,14,50C__wood_trial_6,50C,50.0,wood,6,422.49260348555214,184.25882466634116
2.0,14,60C__wood_trial_1,60C,60.0,wood,1,422.49260348555214,12414.105143229166
2.0,14,60C__wood_trial_2,60C,60.0,wood,2,422.49260348555214,4878.296061197917
2.0,14,60C__wood_trial_3,60C,60.0,wood,3,422.49260348555214,2690.8687337239585
2.0,14,60C__wood_trial_4,60C,60.0,wood,4,422.49260348555214,4445.9406331380205
2.0,14,60C__wood_trial_5,60C,60.0,wood,5,422.49260348555214,1944.056376139323
2.0,14,60C__wood_trial_6,60C,60.0,wood,6,422.49260348555214,510.11212158203125
