index,Sample,Trial,k,Mass,Volume,rho,cp,Time,Primary,Secondary,Label,eff,Elbow time,Elbow value,Elbow index,Time from elbow,Primary aligned,Secondary aligned,diff,id
86,aluminum,1,215.0,1.0,1.0,2700.0,897.0,8.600660000000001,0.8906626172789907,-0.10808113401118905,metal,22819,8.600660000000001,0.00065908,86.0,0.0,0.0,3.830000000000001e-05,-1.2896894587048453,aluminum_trial_1
87,aluminum,1,215.0,1.0,1.0,2700.0,897.0,8.700660000000001,0.8854754672522233,-0.09675017438405147,metal,22819,8.600660000000001,0.00065908,86.0,0.09999999999999964,-1.9999999999989644e-08,3.832e-05,-1.2754579433553106,aluminum_trial_1
88,aluminum,1,215.0,1.0,1.0,2700.0,897.0,8.80066,0.8802883172254278,-0.09675017438405147,metal,22819,8.600660000000001,0.00065908,86.0,0.1999999999999993,-4.000000000008771e-08,3.832e-05,-1.2683421856805046,aluminum_trial_1
89,aluminum,1,215.0,1.0,1.0,2700.0,897.0,8.90066,0.6364922659672473,-0.19872881102835105,metal,22819,8.600660000000001,0.00065908,86.0,0.29999999999999893,-9.800000000000347e-07,3.8139999999999984e-05,-0.9979433940392267,aluminum_trial_1
90,aluminum,1,215.0,1.0,1.0,2700.0,897.0,9.0007,0.1748359135846953,-0.18739785140121348,metal,22819,8.600660000000001,0.00065908,86.0,0.40003999999999884,-2.7600000000000888e-06,3.8159999999999973e-05,-0.35752520330981136,aluminum_trial_1
91,aluminum,1,215.0,1.0,1.0,2700.0,897.0,9.10066,-0.11564448791441992,-0.18739785140121348,metal,22819,8.600660000000001,0.00065908,86.0,0.4999999999999982,-3.880000000000051e-06,3.8159999999999973e-05,0.04095722647735723,aluminum_trial_1
92,aluminum,1,215.0,1.0,1.0,2700.0,897.0,9.20066,-0.30756903890489823,-0.18739785140121348,metal,22819,8.600660000000001,0.00065908,86.0,0.5999999999999979,-4.619999999999993e-06,3.8159999999999973e-05,0.30424026044386765,aluminum_trial_1
93,aluminum,1,215.0,1.0,1.0,2700.0,897.0,9.3007,-0.4424349396009351,-0.19872881102835105,metal,22819,8.600660000000001,0.00065908,86.0,0.7000399999999996,-5.140000000000049e-06,3.8139999999999984e-05,0.48213420231316895,aluminum_trial_1
94,aluminum,1,215.0,1.0,1.0,2700.0,897.0,9.4007,-0.5513650901631068,-0.19872881102835105,metal,22819,8.600660000000001,0.00065908,86.0,0.8000399999999992,-5.560000000000048e-06,3.8139999999999984e-05,0.631565113483362,aluminum_trial_1
95,aluminum,1,215.0,1.0,1.0,2700.0,897.0,9.50066,-0.6395466406182089,-0.19872881102835105,metal,22819,8.600660000000001,0.00065908,86.0,0.8999999999999986,-5.900000000000089e-06,3.8139999999999984e-05,0.7525329939544854,aluminum_trial_1
96,aluminum,1,215.0,1.0,1.0,2700.0,897.0,9.60066,-0.7121667409929807,-0.21005977065548864,metal,22819,8.600660000000001,0.00065908,86.0,0.9999999999999982,-6.180000000000053e-06,3.8119999999999994e-05,0.8450378437265005,aluminum_trial_1
97,aluminum,1,215.0,1.0,1.0,2700.0,897.0,9.70066,-0.7640382412606829,-0.21005977065548864,metal,22819,8.600660000000001,0.00065908,86.0,1.0999999999999979,-6.3800000000000575e-06,3.8119999999999994e-05,0.9161954204742132,aluminum_trial_1
98,aluminum,1,215.0,1.0,1.0,2700.0,897.0,9.80066,-0.8262840415819198,-0.2440526495369628,metal,22819,8.600660000000001,0.00065908,86.0,1.1999999999999993,-6.620000000000042e-06,3.805999999999992e-05,0.98023723954712,aluminum_trial_1
99,aluminum,1,215.0,1.0,1.0,2700.0,897.0,9.90066,-0.8625940917693198,-0.2780455284183755,metal,22819,8.600660000000001,0.00065908,86.0,1.299999999999999,-6.760000000000078e-06,3.799999999999995e-05,1.0087002702462284,aluminum_trial_1
100,aluminum,1,215.0,1.0,1.0,2700.0,897.0,10.0007,-0.8989041419566915,-0.2893764880455131,metal,22819,8.600660000000001,0.00065908,86.0,1.4000399999999988,-6.900000000000005e-06,3.797999999999996e-05,1.0513948162948328,aluminum_trial_1
101,aluminum,1,215.0,1.0,1.0,2700.0,897.0,10.100700000000002,-0.9404013421708589,-0.3233693669269258,metal,22819,8.600660000000001,0.00065908,86.0,1.5000400000000003,-7.060000000000031e-06,3.791999999999999e-05,1.0869736046687086,aluminum_trial_1
102,aluminum,1,215.0,1.0,1.0,2700.0,897.0,10.20066,-0.9715242423314915,-0.3573622458083999,metal,22819,8.600660000000001,0.00065908,86.0,1.5999999999999979,-7.180000000000077e-06,3.785999999999991e-05,1.108320877693011,aluminum_trial_1
103,aluminum,1,215.0,1.0,1.0,2700.0,897.0,10.3007,-0.9974599924653285,-0.41401704394408784,metal,22819,8.600660000000001,0.00065908,86.0,1.7000399999999996,-7.280000000000025e-06,3.7759999999999964e-05,1.108320877693011,aluminum_trial_1
104,aluminum,1,215.0,1.0,1.0,2700.0,897.0,10.40066,-1.0233957425991935,-0.4593408824526381,metal,22819,8.600660000000001,0.00065908,86.0,1.799999999999999,-7.380000000000082e-06,3.7680000000000005e-05,1.115436635367817,aluminum_trial_1
105,aluminum,1,215.0,1.0,1.0,2700.0,897.0,10.500660000000002,-1.0493314927330306,-0.5046647209612498,metal,22819,8.600660000000001,0.00065908,86.0,1.9000000000000004,-7.48000000000003e-06,3.759999999999994e-05,1.1225523930425456,aluminum_trial_1
106,aluminum,1,215.0,1.0,1.0,2700.0,897.0,10.60066,-1.064892942813333,-0.5499885594698002,metal,22819,8.600660000000001,0.00065908,86.0,1.9999999999999982,-7.539999999999999e-06,3.751999999999998e-05,1.1154366353677783,aluminum_trial_1
107,aluminum,1,215.0,1.0,1.0,2700.0,897.0,10.7007,-1.090828692947198,-0.5839814383512129,metal,22819,8.600660000000001,0.00065908,86.0,2.100039999999998,-7.640000000000056e-06,3.746000000000001e-05,1.1296681507173516,aluminum_trial_1
108,aluminum,1,215.0,1.0,1.0,2700.0,897.0,10.80066,-1.1012029930007328,-0.6632981557412373,metal,22819,8.600660000000001,0.00065908,86.0,2.1999999999999993,-7.680000000000035e-06,3.7319999999999975e-05,1.094089362343476,aluminum_trial_1
109,aluminum,1,215.0,1.0,1.0,2700.0,897.0,10.9007,-1.127138743134598,-0.7199529538769865,metal,22819,8.600660000000001,0.00065908,86.0,2.300039999999999,-7.780000000000092e-06,3.721999999999992e-05,1.094089362343476,aluminum_trial_1
110,aluminum,1,215.0,1.0,1.0,2700.0,897.0,11.000660000000002,-1.1375130431881328,-0.787938711639812,metal,22819,8.600660000000001,0.00065908,86.0,2.4000000000000004,-7.82000000000007e-06,3.709999999999998e-05,1.0656263316444063,aluminum_trial_1
111,aluminum,1,215.0,1.0,1.0,2700.0,897.0,11.100700000000002,-1.1478873432416676,-0.8332625501484238,metal,22819,8.600660000000001,0.00065908,86.0,2.5000400000000003,-7.86000000000005e-06,3.701999999999991e-05,1.0513948162948328,aluminum_trial_1
112,aluminum,1,215.0,1.0,1.0,2700.0,897.0,11.20067,-1.1634487933219697,-0.9125792675383868,metal,22819,8.600660000000001,0.00065908,86.0,2.6000099999999993,-7.920000000000019e-06,3.6879999999999986e-05,1.0229317855957631,aluminum_trial_1
113,aluminum,1,215.0,1.0,1.0,2700.0,897.0,11.3007,-1.1738230933755045,-0.9805650253012737,metal,22819,8.600660000000001,0.00065908,86.0,2.7000399999999996,-7.959999999999998e-06,3.675999999999994e-05,0.9944687548966549,aluminum_trial_1
114,aluminum,1,215.0,1.0,1.0,2700.0,897.0,11.4007,-1.1841973934290675,-1.0372198234369616,metal,22819,8.600660000000001,0.00065908,86.0,2.800039999999999,-8.000000000000086e-06,3.665999999999999e-05,0.9731214818723912,aluminum_trial_1
115,aluminum,1,215.0,1.0,1.0,2700.0,897.0,11.500660000000002,-1.1997588435093698,-1.1052055811998485,metal,22819,8.600660000000001,0.00065908,86.0,2.9000000000000004,-8.060000000000055e-06,3.6539999999999945e-05,0.9517742088480504,aluminum_trial_1
116,aluminum,1,215.0,1.0,1.0,2700.0,897.0,11.600700000000002,-1.2153202935896719,-1.1505294197083986,metal,22819,8.600660000000001,0.00065908,86.0,3.0000400000000003,-8.120000000000024e-06,3.6459999999999986e-05,0.944658451173283,aluminum_trial_1
117,aluminum,1,215.0,1.0,1.0,2700.0,897.0,11.70066,-1.2256945936432067,-1.229846137098423,metal,22819,8.600660000000001,0.00065908,86.0,3.099999999999998,-8.160000000000003e-06,3.631999999999995e-05,0.9090796627994072,aluminum_trial_1
118,aluminum,1,215.0,1.0,1.0,2700.0,897.0,11.80066,-1.2360688936967696,-1.2751699756069734,metal,22819,8.600660000000001,0.00065908,86.0,3.1999999999999993,-8.200000000000091e-06,3.623999999999999e-05,0.894848147449911,aluminum_trial_1
119,aluminum,1,215.0,1.0,1.0,2700.0,897.0,11.90066,-1.2412560437235372,-1.3431557333698603,metal,22819,8.600660000000001,0.00065908,86.0,3.299999999999999,-8.22000000000008e-06,3.6119999999999946e-05,0.8592693590760353,aluminum_trial_1
120,aluminum,1,215.0,1.0,1.0,2700.0,897.0,12.0007,-1.2464431937503044,-1.4111414911326858,metal,22819,8.600660000000001,0.00065908,86.0,3.400039999999999,-8.24000000000007e-06,3.600000000000001e-05,0.8236905707021982,aluminum_trial_1
121,aluminum,1,215.0,1.0,1.0,2700.0,897.0,12.100700000000002,-1.2568174938038392,-1.467796289268435,metal,22819,8.600660000000001,0.00065908,86.0,3.5000400000000003,-8.28000000000005e-06,3.589999999999995e-05,0.8023432976778573,aluminum_trial_1
122,aluminum,1,215.0,1.0,1.0,2700.0,897.0,12.20066,-1.2620046438306067,-1.5244510874041228,metal,22819,8.600660000000001,0.00065908,86.0,3.599999999999998,-8.300000000000039e-06,3.58e-05,0.7738802669787876,aluminum_trial_1
123,aluminum,1,215.0,1.0,1.0,2700.0,897.0,12.30066,-1.2723789438841415,-1.5811058855398723,metal,22819,8.600660000000001,0.00065908,86.0,3.6999999999999993,-8.340000000000018e-06,3.5699999999999946e-05,0.7525329939544468,aluminum_trial_1
124,aluminum,1,215.0,1.0,1.0,2700.0,897.0,12.40066,-1.2827532439376763,-1.6490916433026976,metal,22819,8.600660000000001,0.00065908,86.0,3.799999999999999,-8.379999999999998e-06,3.558000000000001e-05,0.7240699632553771,aluminum_trial_1
125,aluminum,1,215.0,1.0,1.0,2700.0,897.0,12.5007,-1.2879403939644436,-1.705746441438447,metal,22819,8.600660000000001,0.00065908,86.0,3.900039999999999,-8.399999999999987e-06,3.547999999999995e-05,0.6956069325562688,aluminum_trial_1
126,aluminum,1,215.0,1.0,1.0,2700.0,897.0,12.60066,-1.2931275439912393,-1.7624012395741349,metal,22819,8.600660000000001,0.00065908,86.0,3.9999999999999982,-8.420000000000085e-06,3.5380000000000003e-05,0.6671439018572377,aluminum_trial_1
127,aluminum,1,215.0,1.0,1.0,2700.0,897.0,12.7007,-1.2983146940180066,-1.8303869973370217,metal,22819,8.600660000000001,0.00065908,86.0,4.100039999999998,-8.440000000000075e-06,3.525999999999996e-05,0.631565113483362,aluminum_trial_1
128,aluminum,1,215.0,1.0,1.0,2700.0,897.0,12.80066,-1.3086889940715414,-1.8870417954727097,metal,22819,8.600660000000001,0.00065908,86.0,4.199999999999999,-8.480000000000054e-06,3.516000000000001e-05,0.6102178404590597,aluminum_trial_1
129,aluminum,1,215.0,1.0,1.0,2700.0,897.0,12.9007,-1.3138761440983089,-1.943696593608459,metal,22819,8.600660000000001,0.00065908,86.0,4.300039999999999,-8.500000000000044e-06,3.505999999999995e-05,0.5817548097599514,aluminum_trial_1
130,aluminum,1,215.0,1.0,1.0,2700.0,897.0,13.000660000000002,-1.3190632941250762,-1.9776894724898715,metal,22819,8.600660000000001,0.00065908,86.0,4.4,-8.520000000000034e-06,3.499999999999998e-05,0.5675232944104166,aluminum_trial_1
131,aluminum,1,215.0,1.0,1.0,2700.0,897.0,13.100700000000002,-1.3190632941250762,-2.0456752302527583,metal,22819,8.600660000000001,0.00065908,86.0,4.50004,-8.520000000000034e-06,3.487999999999994e-05,0.5248287483617735,aluminum_trial_1
132,aluminum,1,215.0,1.0,1.0,2700.0,897.0,13.2007,-1.329437594178611,-2.0909990687613087,metal,22819,8.600660000000001,0.00065908,86.0,4.600039999999998,-8.560000000000013e-06,3.479999999999998e-05,0.5105972330122387,aluminum_trial_1
133,aluminum,1,215.0,1.0,1.0,2700.0,897.0,13.3007,-1.329437594178611,-2.147653866897058,metal,22819,8.600660000000001,0.00065908,86.0,4.7000399999999996,-8.560000000000013e-06,3.469999999999992e-05,0.47501844463836296,aluminum_trial_1
134,aluminum,1,215.0,1.0,1.0,2700.0,897.0,13.4007,-1.3346247442053785,-2.2156396246598833,metal,22819,8.600660000000001,0.00065908,86.0,4.800039999999999,-8.580000000000003e-06,3.4579999999999984e-05,0.43943965626452586,aluminum_trial_1
135,aluminum,1,215.0,1.0,1.0,2700.0,897.0,13.500660000000002,-1.3501861942857087,-2.2609634631684954,metal,22819,8.600660000000001,0.00065908,86.0,4.9,-8.64000000000008e-06,3.449999999999992e-05,0.4323238985897584,aluminum_trial_1
136,aluminum,1,215.0,1.0,1.0,2700.0,897.0,13.600700000000002,-1.3501861942857087,-2.317618261304183,metal,22819,8.600660000000001,0.00065908,86.0,5.00004,-8.64000000000008e-06,3.439999999999997e-05,0.3967451102159213,aluminum_trial_1
92,aluminum,2,215.0,1.0,1.0,2700.0,897.0,9.2007,0.4445677149767409,-1.139198460081261,metal,22819,9.2007,0.00065736,92.0,0.0,0.0,3.820000000000006e-05,-1.3252682470786825,aluminum_trial_2
93,aluminum,2,215.0,1.0,1.0,2700.0,897.0,9.3007,0.4445677149767409,-1.139198460081261,metal,22819,9.2007,0.00065736,92.0,0.10000000000000142,0.0,3.820000000000006e-05,-1.3252682470786825,aluminum_trial_2
94,aluminum,2,215.0,1.0,1.0,2700.0,897.0,9.40066,0.43938056494997346,-1.1505294197083986,metal,22819,9.2007,0.00065736,92.0,0.1999600000000008,-1.9999999999989644e-08,3.818000000000007e-05,-1.3252682470786825,aluminum_trial_2
95,aluminum,2,215.0,1.0,1.0,2700.0,897.0,9.50066,0.36676046457520173,-1.1731913389626738,metal,22819,9.2007,0.00065736,92.0,0.29996000000000045,-2.999999999999531e-07,3.814000000000009e-05,-1.2398791549814348,aluminum_trial_2
96,aluminum,2,215.0,1.0,1.0,2700.0,897.0,9.60066,0.0036599627012866044,-1.2411770967255606,metal,22819,9.2007,0.00065736,92.0,0.3999600000000001,-1.6999999999999871e-06,3.8020000000000046e-05,-0.7844706637960882,aluminum_trial_2
97,aluminum,2,215.0,1.0,1.0,2700.0,897.0,9.7007,-0.266071838690759,-1.2525080563526982,metal,22819,9.2007,0.00065736,92.0,0.5,-2.7399999999999907e-06,3.8000000000000056e-05,-0.4215670223827568,aluminum_trial_2
98,aluminum,2,215.0,1.0,1.0,2700.0,897.0,9.8007,-0.4424349396009351,-1.229846137098423,metal,22819,9.2007,0.00065736,92.0,0.6000000000000014,-3.419999999999964e-06,3.8040000000000036e-05,-0.1653997460910138,aluminum_trial_2
99,aluminum,2,215.0,1.0,1.0,2700.0,897.0,9.90066,-0.5513650901631068,-1.2411770967255606,metal,22819,9.2007,0.00065736,92.0,0.6999600000000008,-3.839999999999963e-06,3.8020000000000046e-05,-0.023084592595588163,aluminum_trial_2
100,aluminum,2,215.0,1.0,1.0,2700.0,897.0,10.000660000000002,-0.6551080906985112,-1.2411770967255606,metal,22819,9.2007,0.00065736,92.0,0.7999600000000022,-4.239999999999973e-06,3.8020000000000046e-05,0.11923056089983747,aluminum_trial_2
101,aluminum,2,215.0,1.0,1.0,2700.0,897.0,10.100700000000002,-0.7329153411000503,-1.2525080563526982,metal,22819,9.2007,0.00065736,92.0,0.9000000000000021,-4.539999999999926e-06,3.8000000000000056e-05,0.21885116834661997,aluminum_trial_2
102,aluminum,2,215.0,1.0,1.0,2700.0,897.0,10.20066,-0.7951611414212872,-1.2525080563526982,metal,22819,9.2007,0.00065736,92.0,0.9999599999999997,-4.77999999999991e-06,3.8000000000000056e-05,0.30424026044386765,aluminum_trial_2
103,aluminum,2,215.0,1.0,1.0,2700.0,897.0,10.3007,-0.8574069417425524,-1.2638390159798358,metal,22819,9.2007,0.00065736,92.0,1.1000000000000014,-5.020000000000003e-06,3.798000000000007e-05,0.3825135948663864,aluminum_trial_2
104,aluminum,2,215.0,1.0,1.0,2700.0,897.0,10.4007,-0.904091291983459,-1.2638390159798358,metal,22819,9.2007,0.00065736,92.0,1.200000000000001,-5.1999999999999096e-06,3.798000000000007e-05,0.44655541393929327,aluminum_trial_2
105,aluminum,2,215.0,1.0,1.0,2700.0,897.0,10.5007,-0.9455884921976263,-1.286500935234111,metal,22819,9.2007,0.00065736,92.0,1.3000000000000007,-5.359999999999935e-06,3.794000000000009e-05,0.48924995998793636,aluminum_trial_2
106,aluminum,2,215.0,1.0,1.0,2700.0,897.0,10.600700000000002,-0.9767113923582589,-1.2978318948612486,metal,22819,9.2007,0.00065736,92.0,1.4000000000000021,-5.479999999999981e-06,3.79200000000001e-05,0.524828748361812,aluminum_trial_2
107,aluminum,2,215.0,1.0,1.0,2700.0,897.0,10.70066,-1.0130214425456308,-1.320493814115585,metal,22819,9.2007,0.00065736,92.0,1.4999599999999997,-5.619999999999909e-06,3.788000000000001e-05,0.5604075367356106,aluminum_trial_2
108,aluminum,2,215.0,1.0,1.0,2700.0,897.0,10.80066,-1.0389571926794958,-1.3544866929969979,metal,22819,9.2007,0.00065736,92.0,1.5999600000000012,-5.7199999999999656e-06,3.782000000000004e-05,0.5746390520851841,aluminum_trial_2
109,aluminum,2,215.0,1.0,1.0,2700.0,897.0,10.9007,-1.0700800928401002,-1.377148612251273,metal,22819,9.2007,0.00065736,92.0,1.700000000000001,-5.8399999999999034e-06,3.778000000000006e-05,0.6031020827842537,aluminum_trial_2
110,aluminum,2,215.0,1.0,1.0,2700.0,897.0,11.0007,-1.090828692947198,-1.4224724507598847,metal,22819,9.2007,0.00065736,92.0,1.8000000000000007,-5.9199999999999704e-06,3.7699999999999995e-05,0.6031020827842537,aluminum_trial_2
111,aluminum,2,215.0,1.0,1.0,2700.0,897.0,11.100700000000002,-1.1115772930542676,-1.4338034103870223,metal,22819,9.2007,0.00065736,92.0,1.9000000000000021,-5.999999999999929e-06,3.7680000000000005e-05,0.624449355808556,aluminum_trial_2
112,aluminum,2,215.0,1.0,1.0,2700.0,897.0,11.2007,-1.1323258931613653,-1.4904582085227103,metal,22819,9.2007,0.00065736,92.0,2.0,-6.079999999999996e-06,3.758000000000006e-05,0.6173335981338272,aluminum_trial_2
113,aluminum,2,215.0,1.0,1.0,2700.0,897.0,11.3007,-1.153074493268435,-1.5471130066584595,metal,22819,9.2007,0.00065736,92.0,2.1000000000000014,-6.1599999999999546e-06,3.748e-05,0.6102178404590212,aluminum_trial_2
114,aluminum,2,215.0,1.0,1.0,2700.0,897.0,11.40066,-1.1634487933219697,-1.5697749259127347,metal,22819,9.2007,0.00065736,92.0,2.199960000000001,-6.199999999999934e-06,3.744000000000002e-05,0.6102178404590212,aluminum_trial_2
115,aluminum,2,215.0,1.0,1.0,2700.0,897.0,11.500660000000002,-1.179010243402272,-1.6264297240484225,metal,22819,9.2007,0.00065736,92.0,2.2999600000000022,-6.259999999999903e-06,3.734000000000007e-05,0.5959863251094863,aluminum_trial_2
116,aluminum,2,215.0,1.0,1.0,2700.0,897.0,11.60066,-1.1997588435093698,-1.6717535625570343,metal,22819,9.2007,0.00065736,92.0,2.39996,-6.33999999999997e-06,3.7260000000000006e-05,0.5959863251094863,aluminum_trial_2
117,aluminum,2,215.0,1.0,1.0,2700.0,897.0,11.7007,-1.2153202935896719,-1.705746441438447,metal,22819,9.2007,0.00065736,92.0,2.5,-6.399999999999939e-06,3.720000000000004e-05,0.5959863251094863,aluminum_trial_2
118,aluminum,2,215.0,1.0,1.0,2700.0,897.0,11.80066,-1.2308817436699742,-1.7510702799469973,metal,22819,9.2007,0.00065736,92.0,2.599960000000001,-6.459999999999908e-06,3.712000000000008e-05,0.5888705674347189,aluminum_trial_2
119,aluminum,2,215.0,1.0,1.0,2700.0,897.0,11.9007,-1.2412560437235372,-1.8077250780827465,metal,22819,9.2007,0.00065736,92.0,2.700000000000001,-6.499999999999995e-06,3.702000000000002e-05,0.5675232944104166,aluminum_trial_2
120,aluminum,2,215.0,1.0,1.0,2700.0,897.0,12.000660000000002,-1.2412560437235372,-1.8643798762184345,metal,22819,9.2007,0.00065736,92.0,2.7999600000000022,-6.499999999999995e-06,3.6920000000000073e-05,0.5319445060365795,aluminum_trial_2
121,aluminum,2,215.0,1.0,1.0,2700.0,897.0,12.10066,-1.2568174938038392,-1.9097037147270461,metal,22819,9.2007,0.00065736,92.0,2.89996,-6.559999999999964e-06,3.6840000000000006e-05,0.5248287483617735,aluminum_trial_2
122,aluminum,2,215.0,1.0,1.0,2700.0,897.0,12.20067,-1.267191793857374,-1.9550275532355965,metal,22819,9.2007,0.00065736,92.0,2.999970000000001,-6.599999999999944e-06,3.676000000000005e-05,0.5105972330122387,aluminum_trial_2
123,aluminum,2,215.0,1.0,1.0,2700.0,897.0,12.30066,-1.2775660939109088,-1.989020432117009,metal,22819,9.2007,0.00065736,92.0,3.099960000000001,-6.639999999999923e-06,3.670000000000008e-05,0.5034814753374712,aluminum_trial_2
124,aluminum,2,215.0,1.0,1.0,2700.0,897.0,12.400670000000002,-1.2879403939644436,-2.034344270625621,metal,22819,9.2007,0.00065736,92.0,3.199970000000002,-6.679999999999902e-06,3.662000000000001e-05,0.4892499599878978,aluminum_trial_2
125,aluminum,2,215.0,1.0,1.0,2700.0,897.0,12.5007,-1.2983146940180066,-2.1023300283884465,metal,22819,9.2007,0.00065736,92.0,3.3000000000000007,-6.71999999999999e-06,3.6500000000000074e-05,0.46078692928886666,aluminum_trial_2
126,aluminum,2,215.0,1.0,1.0,2700.0,897.0,12.600700000000002,-1.3086889940715414,-2.1589848265241955,metal,22819,9.2007,0.00065736,92.0,3.400000000000002,-6.759999999999969e-06,3.640000000000002e-05,0.43943965626452586,aluminum_trial_2
127,aluminum,2,215.0,1.0,1.0,2700.0,897.0,12.70066,-1.3138761440983089,-2.204308665032746,metal,22819,9.2007,0.00065736,92.0,3.4999599999999997,-6.779999999999959e-06,3.632000000000006e-05,0.4180923832402236,aluminum_trial_2
128,aluminum,2,215.0,1.0,1.0,2700.0,897.0,12.8007,-1.3242504441518437,-2.2496325035412963,metal,22819,9.2007,0.00065736,92.0,3.6000000000000014,-6.819999999999938e-06,3.62400000000001e-05,0.4038608678906887,aluminum_trial_2
129,aluminum,2,215.0,1.0,1.0,2700.0,897.0,12.9007,-1.329437594178611,-2.317618261304183,metal,22819,9.2007,0.00065736,92.0,3.700000000000001,-6.839999999999928e-06,3.6120000000000054e-05,0.368282079516813,aluminum_trial_2
130,aluminum,2,215.0,1.0,1.0,2700.0,897.0,13.000660000000002,-1.3346247442053785,-2.3629420998127335,metal,22819,9.2007,0.00065736,92.0,3.7999600000000022,-6.859999999999917e-06,3.6040000000000095e-05,0.34693480649251074,aluminum_trial_2
131,aluminum,2,215.0,1.0,1.0,2700.0,897.0,13.10066,-1.3449990442589415,-2.408265938321345,metal,22819,9.2007,0.00065736,92.0,3.89996,-6.900000000000005e-06,3.596000000000003e-05,0.3327032911429759,aluminum_trial_2
132,aluminum,2,215.0,1.0,1.0,2700.0,897.0,13.2007,-1.3501861942857087,-2.4422588172027577,metal,22819,9.2007,0.00065736,92.0,4.0,-6.919999999999995e-06,3.590000000000006e-05,0.31847177579344105,aluminum_trial_2
133,aluminum,2,215.0,1.0,1.0,2700.0,897.0,13.3007,-1.3553733443124762,-2.498913615338507,metal,22819,9.2007,0.00065736,92.0,4.100000000000001,-6.939999999999984e-06,3.58e-05,0.2900087450943328,aluminum_trial_2
134,aluminum,2,215.0,1.0,1.0,2700.0,897.0,13.40066,-1.3605604943392435,-2.5329064942199198,metal,22819,9.2007,0.00065736,92.0,4.199960000000001,-6.959999999999974e-06,3.5740000000000034e-05,0.27577722974479796,aluminum_trial_2
135,aluminum,2,215.0,1.0,1.0,2700.0,897.0,13.500660000000002,-1.3605604943392435,-2.57823033272847,metal,22819,9.2007,0.00065736,92.0,4.299960000000002,-6.959999999999974e-06,3.5660000000000075e-05,0.24731419904572824,aluminum_trial_2
136,aluminum,2,215.0,1.0,1.0,2700.0,897.0,13.600700000000002,-1.3709347943927783,-2.623554171237082,metal,22819,9.2007,0.00065736,92.0,4.400000000000002,-6.999999999999953e-06,3.558000000000001e-05,0.2330826836961548,aluminum_trial_2
137,aluminum,2,215.0,1.0,1.0,2700.0,897.0,13.70066,-1.3813090944463131,-2.668878009745632,metal,22819,9.2007,0.00065736,92.0,4.49996,-7.039999999999933e-06,3.550000000000005e-05,0.21885116834661997,aluminum_trial_2
138,aluminum,2,215.0,1.0,1.0,2700.0,897.0,13.80066,-1.3864962444730806,-2.7142018482541825,metal,22819,9.2007,0.00065736,92.0,4.599960000000001,-7.059999999999922e-06,3.542000000000009e-05,0.1975038953223177,aluminum_trial_2
139,aluminum,2,215.0,1.0,1.0,2700.0,897.0,13.9007,-1.3916833944998481,-2.748194727135657,metal,22819,9.2007,0.00065736,92.0,4.700000000000001,-7.079999999999912e-06,3.5360000000000014e-05,0.1832723799727443,aluminum_trial_2
140,aluminum,2,215.0,1.0,1.0,2700.0,897.0,14.000660000000002,-1.3968705445266154,-2.8048495252713446,metal,22819,9.2007,0.00065736,92.0,4.799960000000002,-7.0999999999999015e-06,3.5260000000000066e-05,0.1548093492736746,aluminum_trial_2
141,aluminum,2,215.0,1.0,1.0,2700.0,897.0,14.100700000000002,-1.402057694553411,-2.838842404152757,metal,22819,9.2007,0.00065736,92.0,4.900000000000002,-7.12e-06,3.52000000000001e-05,0.1405778339241783,aluminum_trial_2
142,aluminum,2,215.0,1.0,1.0,2700.0,897.0,14.20066,-1.402057694553411,-2.8954972022885066,metal,22819,9.2007,0.00065736,92.0,4.99996,-7.12e-06,3.510000000000004e-05,0.10499904555030262,aluminum_trial_2
105,aluminum,3,215.0,1.0,1.0,2700.0,897.0,10.5007,0.5534978655389126,-0.8899173482841116,metal,22819,10.5007,0.00065778,105.0,0.0,0.0,3.822000000000005e-05,-1.3181524894039152,aluminum_trial_3
106,aluminum,3,215.0,1.0,1.0,2700.0,897.0,10.600700000000002,0.5534978655389126,-0.878586388656974,metal,22819,10.5007,0.00065778,105.0,0.10000000000000142,0.0,3.824000000000004e-05,-1.3110367317291476,aluminum_trial_3
107,aluminum,3,215.0,1.0,1.0,2700.0,897.0,10.7007,0.5483107155121452,-0.8672554290298365,metal,22819,10.5007,0.00065778,105.0,0.1999999999999993,-1.9999999999989644e-08,3.826000000000003e-05,-1.2968052163796129,aluminum_trial_3
108,aluminum,3,215.0,1.0,1.0,2700.0,897.0,10.8007,0.16446161353116048,-0.946572146419861,metal,22819,10.5007,0.00065778,105.0,0.3000000000000007,-1.4999999999999823e-06,3.8119999999999994e-05,-0.8200494521699639,aluminum_trial_3
109,aluminum,3,215.0,1.0,1.0,2700.0,897.0,10.900670000000002,-0.18307743826242429,-0.9239102271655244,metal,22819,10.5007,0.00065778,105.0,0.3999700000000015,-2.839999999999939e-06,3.816000000000008e-05,-0.32906217261074167,aluminum_trial_3
110,aluminum,3,215.0,1.0,1.0,2700.0,897.0,11.00067,-0.43206063954740026,-0.9239102271655244,metal,22819,10.5007,0.00065778,105.0,0.49996999999999936,-3.799999999999984e-06,3.816000000000008e-05,0.012494195778287531,aluminum_trial_3
111,aluminum,3,215.0,1.0,1.0,2700.0,897.0,11.100700000000002,-0.5876751403505067,-0.9125792675383868,metal,22819,10.5007,0.00065778,105.0,0.6000000000000014,-4.3999999999999985e-06,3.818000000000007e-05,0.2330826836961934,aluminum_trial_3
112,aluminum,3,215.0,1.0,1.0,2700.0,897.0,11.20067,-0.6966052909126784,-0.9239102271655244,metal,22819,10.5007,0.00065778,105.0,0.6999700000000004,-4.819999999999998e-06,3.816000000000008e-05,0.375397837191619,aluminum_trial_3
113,aluminum,3,215.0,1.0,1.0,2700.0,897.0,11.30067,-0.7899739913945198,-0.9239102271655244,metal,22819,10.5007,0.00065778,105.0,0.7999700000000001,-5.17999999999992e-06,3.816000000000008e-05,0.5034814753374712,aluminum_trial_3
114,aluminum,3,215.0,1.0,1.0,2700.0,897.0,11.400670000000002,-0.8574069417425524,-0.9239102271655244,metal,22819,10.5007,0.00065778,105.0,0.8999700000000015,-5.440000000000002e-06,3.816000000000008e-05,0.5959863251095249,aluminum_trial_3
115,aluminum,3,215.0,1.0,1.0,2700.0,897.0,11.500660000000002,-0.9144655920370219,-0.946572146419861,metal,22819,10.5007,0.00065778,105.0,0.9999600000000015,-5.659999999999997e-06,3.8119999999999994e-05,0.6600281441824317,aluminum_trial_3
116,aluminum,3,215.0,1.0,1.0,2700.0,897.0,11.60067,-0.9611499422779285,-0.9352411867926619,metal,22819,10.5007,0.00065778,105.0,1.099969999999999,-5.8399999999999034e-06,3.814000000000009e-05,0.7311857209301446,aluminum_trial_3
117,aluminum,3,215.0,1.0,1.0,2700.0,897.0,11.70067,-1.0078342925188633,-0.946572146419861,metal,22819,10.5007,0.00065778,105.0,1.1999700000000004,-6.019999999999919e-06,3.8119999999999994e-05,0.7881117823282839,aluminum_trial_3
118,aluminum,3,215.0,1.0,1.0,2700.0,897.0,11.8007,-1.0389571926794958,-0.9692340656741361,metal,22819,10.5007,0.00065778,105.0,1.3000000000000007,-6.139999999999965e-06,3.8080000000000015e-05,0.8165748130273922,aluminum_trial_3
119,aluminum,3,215.0,1.0,1.0,2700.0,897.0,11.900670000000002,-1.0700800928401002,-0.9918959849284112,metal,22819,10.5007,0.00065778,105.0,1.3999700000000015,-6.259999999999903e-06,3.8040000000000036e-05,0.8450378437264618,aluminum_trial_3
120,aluminum,3,215.0,1.0,1.0,2700.0,897.0,12.0007,-1.1012029930007328,-1.0372198234369616,metal,22819,10.5007,0.00065778,105.0,1.5,-6.379999999999949e-06,3.796000000000008e-05,0.8592693590760353,aluminum_trial_3
121,aluminum,3,215.0,1.0,1.0,2700.0,897.0,12.10067,-1.1219515931078023,-1.0598817426912366,metal,22819,10.5007,0.00065778,105.0,1.599969999999999,-6.459999999999908e-06,3.79200000000001e-05,0.8735008744255701,aluminum_trial_3
122,aluminum,3,215.0,1.0,1.0,2700.0,897.0,12.20071,-1.1478873432416676,-1.0938746215727109,metal,22819,10.5007,0.00065778,105.0,1.7000100000000007,-6.559999999999964e-06,3.786000000000002e-05,0.8877323897751049,aluminum_trial_3
123,aluminum,3,215.0,1.0,1.0,2700.0,897.0,12.30071,-1.1634487933219697,-1.1278675004541237,metal,22819,10.5007,0.00065778,105.0,1.8000100000000003,-6.619999999999933e-06,3.780000000000005e-05,0.8877323897751049,aluminum_trial_3
124,aluminum,3,215.0,1.0,1.0,2700.0,897.0,12.400710000000002,-1.1841973934290675,-1.1731913389626738,metal,22819,10.5007,0.00065778,105.0,1.9000100000000018,-6.7e-06,3.772000000000009e-05,0.8877323897751436,aluminum_trial_3
125,aluminum,3,215.0,1.0,1.0,2700.0,897.0,12.500660000000002,-1.204945993536137,-1.2185151774712855,metal,22819,10.5007,0.00065778,105.0,1.9999600000000015,-6.779999999999959e-06,3.7640000000000026e-05,0.8877323897751049,aluminum_trial_3
126,aluminum,3,215.0,1.0,1.0,2700.0,897.0,12.60071,-1.2205074436164394,-1.2525080563526982,metal,22819,10.5007,0.00065778,105.0,2.1000099999999993,-6.839999999999928e-06,3.758000000000006e-05,0.8877323897751049,aluminum_trial_3
127,aluminum,3,215.0,1.0,1.0,2700.0,897.0,12.70067,-1.2360688936967696,-1.2978318948612486,metal,22819,10.5007,0.00065778,105.0,2.1999700000000004,-6.900000000000005e-06,3.75000000000001e-05,0.8806166321003761,aluminum_trial_3
128,aluminum,3,215.0,1.0,1.0,2700.0,897.0,12.8007,-1.2412560437235372,-1.3544866929969979,metal,22819,10.5007,0.00065778,105.0,2.3000000000000007,-6.919999999999995e-06,3.740000000000004e-05,0.8521536014012678,aluminum_trial_3
129,aluminum,3,215.0,1.0,1.0,2700.0,897.0,12.9007,-1.2568174938038392,-1.3998105315055482,metal,22819,10.5007,0.00065778,105.0,2.4000000000000004,-6.979999999999964e-06,3.732000000000008e-05,0.8450378437265005,aluminum_trial_3
130,aluminum,3,215.0,1.0,1.0,2700.0,897.0,13.000700000000002,-1.267191793857374,-1.44513437001416,metal,22819,10.5007,0.00065778,105.0,2.5000000000000018,-7.019999999999943e-06,3.7240000000000016e-05,0.830806328376927,aluminum_trial_3
131,aluminum,3,215.0,1.0,1.0,2700.0,897.0,13.10067,-1.2879403939644436,-1.5017891681498479,metal,22819,10.5007,0.00065778,105.0,2.599969999999999,-7.0999999999999015e-06,3.714000000000007e-05,0.8236905707021596,aluminum_trial_3
132,aluminum,3,215.0,1.0,1.0,2700.0,897.0,13.20067,-1.2879403939644436,-1.5471130066584595,metal,22819,10.5007,0.00065778,105.0,2.6999700000000004,-7.0999999999999015e-06,3.706e-05,0.7952275400030513,aluminum_trial_3
133,aluminum,3,215.0,1.0,1.0,2700.0,897.0,13.30071,-1.2931275439912393,-1.6264297240484225,metal,22819,10.5007,0.00065778,105.0,2.8000100000000003,-7.12e-06,3.6920000000000073e-05,0.7525329939544854,aluminum_trial_3
134,aluminum,3,215.0,1.0,1.0,2700.0,897.0,13.400670000000002,-1.303501844044774,-1.6717535625570343,metal,22819,10.5007,0.00065778,105.0,2.8999700000000015,-7.159999999999979e-06,3.6840000000000006e-05,0.7383014786049119,aluminum_trial_3
135,aluminum,3,215.0,1.0,1.0,2700.0,897.0,13.500710000000002,-1.3138761440983089,-1.6944154818113093,metal,22819,10.5007,0.00065778,105.0,3.0000100000000014,-7.199999999999958e-06,3.680000000000003e-05,0.7383014786049119,aluminum_trial_3
136,aluminum,3,215.0,1.0,1.0,2700.0,897.0,13.60067,-1.3242504441518437,-1.7510702799469973,metal,22819,10.5007,0.00065778,105.0,3.099969999999999,-7.2399999999999375e-06,3.670000000000008e-05,0.7169542055806096,aluminum_trial_3
137,aluminum,3,215.0,1.0,1.0,2700.0,897.0,13.70071,-1.3242504441518437,-1.8077250780827465,metal,22819,10.5007,0.00065778,105.0,3.2000100000000007,-7.2399999999999375e-06,3.660000000000002e-05,0.681375417206734,aluminum_trial_3
138,aluminum,3,215.0,1.0,1.0,2700.0,897.0,13.80066,-1.3346247442053785,-1.853048916591297,metal,22819,10.5007,0.00065778,105.0,3.2999600000000004,-7.279999999999917e-06,3.6520000000000064e-05,0.6671439018571991,aluminum_trial_3
139,aluminum,3,215.0,1.0,1.0,2700.0,897.0,13.900660000000002,-1.3449990442589415,-1.9210346743541837,metal,22819,10.5007,0.00065778,105.0,3.399960000000002,-7.3200000000000045e-06,3.640000000000002e-05,0.6386808711581294,aluminum_trial_3
140,aluminum,3,215.0,1.0,1.0,2700.0,897.0,14.000660000000002,-1.3449990442589415,-1.9550275532355965,metal,22819,10.5007,0.00065778,105.0,3.4999600000000015,-7.3200000000000045e-06,3.634000000000005e-05,0.6173335981338272,aluminum_trial_3
141,aluminum,3,215.0,1.0,1.0,2700.0,897.0,14.10067,-1.3553733443124762,-2.0116823513712845,metal,22819,10.5007,0.00065778,105.0,3.599969999999999,-7.359999999999984e-06,3.62400000000001e-05,0.5959863251095249,aluminum_trial_3
142,aluminum,3,215.0,1.0,1.0,2700.0,897.0,14.2007,-1.3605604943392435,-2.057006189879896,metal,22819,10.5007,0.00065778,105.0,3.6999999999999993,-7.379999999999973e-06,3.616000000000003e-05,0.5746390520851841,aluminum_trial_3
143,aluminum,3,215.0,1.0,1.0,2700.0,897.0,14.3007,-1.365747644366011,-2.0909990687613087,metal,22819,10.5007,0.00065778,105.0,3.8000000000000007,-7.399999999999963e-06,3.6100000000000064e-05,0.5604075367356491,aluminum_trial_3
144,aluminum,3,215.0,1.0,1.0,2700.0,897.0,14.400710000000002,-1.3709347943927783,-2.147653866897058,metal,22819,10.5007,0.00065778,105.0,3.9000100000000018,-7.419999999999953e-06,3.600000000000001e-05,0.531944506036541,aluminum_trial_3
145,aluminum,3,215.0,1.0,1.0,2700.0,897.0,14.50067,-1.3813090944463131,-2.1929777054056085,metal,22819,10.5007,0.00065778,105.0,3.9999699999999994,-7.459999999999932e-06,3.592000000000005e-05,0.517712990687006,aluminum_trial_3
146,aluminum,3,215.0,1.0,1.0,2700.0,897.0,14.60067,-1.3864962444730806,-2.2496325035412963,metal,22819,10.5007,0.00065778,105.0,4.099969999999999,-7.479999999999922e-06,3.58200000000001e-05,0.48924995998793636,aluminum_trial_3
147,aluminum,3,215.0,1.0,1.0,2700.0,897.0,14.70071,-1.3864962444730806,-2.2836253824227706,metal,22819,10.5007,0.00065778,105.0,4.200010000000001,-7.479999999999922e-06,3.5760000000000024e-05,0.46790268696359555,aluminum_trial_3
148,aluminum,3,215.0,1.0,1.0,2700.0,897.0,14.8007,-1.3916833944998481,-2.3402801805584583,metal,22819,10.5007,0.00065778,105.0,4.300000000000001,-7.499999999999911e-06,3.5660000000000075e-05,0.43943965626452586,aluminum_trial_3
149,aluminum,3,215.0,1.0,1.0,2700.0,897.0,14.9007,-1.402057694553411,-2.374273059439932,metal,22819,10.5007,0.00065778,105.0,4.4,-7.539999999999999e-06,3.56e-05,0.4323238985897584,aluminum_trial_3
150,aluminum,3,215.0,1.0,1.0,2700.0,897.0,15.000700000000002,-1.3968705445266154,-2.4309278575756204,metal,22819,10.5007,0.00065778,105.0,4.500000000000002,-7.519999999999901e-06,3.550000000000005e-05,0.3896293525411153,aluminum_trial_3
151,aluminum,3,215.0,1.0,1.0,2700.0,897.0,15.10067,-1.4072448445801784,-2.464920736457033,metal,22819,10.5007,0.00065778,105.0,4.599969999999999,-7.559999999999989e-06,3.544000000000008e-05,0.3825135948663864,aluminum_trial_3
152,aluminum,3,215.0,1.0,1.0,2700.0,897.0,15.20067,-1.4072448445801784,-2.5215755345927824,metal,22819,10.5007,0.00065778,105.0,4.69997,-7.559999999999989e-06,3.5340000000000024e-05,0.34693480649251074,aluminum_trial_3
153,aluminum,3,215.0,1.0,1.0,2700.0,897.0,15.300670000000002,-1.4176191446337132,-2.5442374538470576,metal,22819,10.5007,0.00065778,105.0,4.799970000000002,-7.599999999999968e-06,3.5300000000000045e-05,0.34693480649251074,aluminum_trial_3
154,aluminum,3,215.0,1.0,1.0,2700.0,897.0,15.400710000000002,-1.4228062946604805,-2.6008922519827453,metal,22819,10.5007,0.00065778,105.0,4.900010000000002,-7.6199999999999575e-06,3.52000000000001e-05,0.31847177579344105,aluminum_trial_3
155,aluminum,3,215.0,1.0,1.0,2700.0,897.0,15.500660000000002,-1.4228062946604805,-2.6348851308642196,metal,22819,10.5007,0.00065778,105.0,4.9999600000000015,-7.6199999999999575e-06,3.514000000000002e-05,0.2971245027691002,aluminum_trial_3
156,aluminum,3,215.0,1.0,1.0,2700.0,897.0,15.60067,-1.427993444687248,-2.668878009745632,metal,22819,10.5007,0.00065778,105.0,5.099969999999999,-7.639999999999947e-06,3.508000000000005e-05,0.28289298741956537,aluminum_trial_3
105,aluminum,4,215.0,1.0,1.0,2700.0,897.0,10.5007,1.020341367948232,0.9570290709402958,metal,22819,10.5007,0.00065958,105.0,0.0,0.0,3.9680000000000054e-05,-0.7987021791456231,aluminum_trial_4
106,aluminum,4,215.0,1.0,1.0,2700.0,897.0,10.60066,1.0099670678946973,0.9456981113130968,metal,22819,10.5007,0.00065958,105.0,0.09995999999999938,-3.999999999997929e-08,3.9659999999999956e-05,-0.7915864214708943,aluminum_trial_4
107,aluminum,4,215.0,1.0,1.0,2700.0,897.0,10.70066,1.0047799178679298,0.9570290709402958,metal,22819,10.5007,0.00065958,105.0,0.19995999999999903,-5.999999999996893e-08,3.9680000000000054e-05,-0.7773549061213209,aluminum_trial_4
108,aluminum,4,215.0,1.0,1.0,2700.0,897.0,10.8007,0.9840313177608321,0.9343671516859592,metal,22819,10.5007,0.00065958,105.0,0.3000000000000007,-1.4000000000003593e-07,3.9639999999999966e-05,-0.763123390771786,aluminum_trial_4
109,aluminum,4,215.0,1.0,1.0,2700.0,897.0,10.9007,0.4134448148161365,0.8550504342959961,metal,22819,10.5007,0.00065958,105.0,0.40000000000000036,-2.339999999999981e-06,3.950000000000004e-05,-0.030200350270355586,aluminum_trial_4
110,aluminum,4,215.0,1.0,1.0,2700.0,897.0,11.0007,0.029595712835151743,0.8437194746688585,metal,22819,10.5007,0.00065958,105.0,0.5,-3.819999999999974e-06,3.948000000000005e-05,0.48924995998793636,aluminum_trial_4
111,aluminum,4,215.0,1.0,1.0,2700.0,897.0,11.10066,-0.20901318839628943,0.8437194746688585,metal,22819,10.5007,0.00065958,105.0,0.5999599999999994,-4.740000000000039e-06,3.948000000000005e-05,0.8165748130274307,aluminum_trial_4
112,aluminum,4,215.0,1.0,1.0,2700.0,897.0,11.2007,-0.3750019892529307,0.8550504342959961,metal,22819,10.5007,0.00065958,105.0,0.6999999999999993,-5.380000000000033e-06,3.950000000000004e-05,1.0513948162948714,aluminum_trial_4
113,aluminum,4,215.0,1.0,1.0,2700.0,897.0,11.3007,-0.49949358989540465,0.8437194746688585,metal,22819,10.5007,0.00065958,105.0,0.8000000000000007,-5.8600000000000015e-06,3.948000000000005e-05,1.2150572428145994,aluminum_trial_4
114,aluminum,4,215.0,1.0,1.0,2700.0,897.0,11.4007,-0.6032365904308089,0.8323885150416596,metal,22819,10.5007,0.00065958,105.0,0.9000000000000004,-6.260000000000011e-06,3.945999999999995e-05,1.350256638635219,aluminum_trial_4
115,aluminum,4,215.0,1.0,1.0,2700.0,897.0,11.500660000000002,-0.6862309908591155,0.8097265957873845,metal,22819,10.5007,0.00065958,105.0,0.9999600000000015,-6.579999999999954e-06,3.941999999999997e-05,1.4498772460820015,aluminum_trial_4
116,aluminum,4,215.0,1.0,1.0,2700.0,897.0,11.600700000000002,-0.7536639412071481,0.7870646765331093,metal,22819,10.5007,0.00065958,105.0,1.1000000000000014,-6.840000000000036e-06,3.937999999999999e-05,1.5281505805045204,aluminum_trial_4
117,aluminum,4,215.0,1.0,1.0,2700.0,897.0,11.70066,-0.815909741528385,0.7757337169059717,metal,22819,10.5007,0.00065958,105.0,1.199959999999999,-7.08000000000002e-06,3.936e-05,1.6064239149270005,aluminum_trial_4
118,aluminum,4,215.0,1.0,1.0,2700.0,897.0,11.8007,-0.8729683918228546,0.7530717976516966,metal,22819,10.5007,0.00065958,105.0,1.3000000000000007,-7.300000000000015e-06,3.932000000000002e-05,1.670465733999946,aluminum_trial_4
119,aluminum,4,215.0,1.0,1.0,2700.0,897.0,11.90066,-0.9196527420637893,0.7304098783974214,metal,22819,10.5007,0.00065958,105.0,1.39996,-7.48000000000003e-06,3.9280000000000044e-05,1.7202760377233566,aluminum_trial_4
120,aluminum,4,215.0,1.0,1.0,2700.0,897.0,12.0007,-0.9611499422779285,0.6737550802616721,metal,22819,10.5007,0.00065958,105.0,1.5,-7.639999999999947e-06,3.917999999999999e-05,1.7416233107476202,aluminum_trial_4
121,aluminum,4,215.0,1.0,1.0,2700.0,897.0,12.100700000000002,-0.9870856924117937,0.6397622013802594,metal,22819,10.5007,0.00065958,105.0,1.6000000000000014,-7.740000000000004e-06,3.912000000000002e-05,1.7558548260971936,aluminum_trial_4
122,aluminum,4,215.0,1.0,1.0,2700.0,897.0,12.20066,-1.028582892625961,0.5831074032445102,metal,22819,10.5007,0.00065958,105.0,1.699959999999999,-7.90000000000003e-06,3.901999999999996e-05,1.7772020991214958,aluminum_trial_4
123,aluminum,4,215.0,1.0,1.0,2700.0,897.0,12.30066,-1.0597057927865654,0.5377835647359598,metal,22819,10.5007,0.00065958,105.0,1.7999600000000004,-8.019999999999967e-06,3.894e-05,1.7914336144710308,aluminum_trial_4
124,aluminum,4,215.0,1.0,1.0,2700.0,897.0,12.4007,-1.0856415429204307,0.4924597262274095,metal,22819,10.5007,0.00065958,105.0,1.9000000000000004,-8.120000000000024e-06,3.8860000000000045e-05,1.7985493721458368,aluminum_trial_4
125,aluminum,4,215.0,1.0,1.0,2700.0,897.0,12.500660000000002,-1.1063901430275003,0.4358049280916602,metal,22819,10.5007,0.00065958,105.0,1.9999600000000015,-8.199999999999982e-06,3.875999999999999e-05,1.7914336144710308,aluminum_trial_4
126,aluminum,4,215.0,1.0,1.0,2700.0,897.0,12.60066,-1.127138743134598,0.36781917032883477,metal,22819,10.5007,0.00065958,105.0,2.0999599999999994,-8.28000000000005e-06,3.864000000000005e-05,1.7772020991215345,aluminum_trial_4
127,aluminum,4,215.0,1.0,1.0,2700.0,897.0,12.7007,-1.153074493268435,0.2998334125659479,metal,22819,10.5007,0.00065958,105.0,2.1999999999999993,-8.379999999999998e-06,3.8520000000000004e-05,1.7700863414467285,aluminum_trial_4
128,aluminum,4,215.0,1.0,1.0,2700.0,897.0,12.8007,-1.1686359433487372,0.24317861443026004,metal,22819,10.5007,0.00065958,105.0,2.3000000000000007,-8.439999999999967e-06,3.8420000000000056e-05,1.7558548260971936,aluminum_trial_4
129,aluminum,4,215.0,1.0,1.0,2700.0,897.0,12.9007,-1.189384543455835,0.1638618970402356,metal,22819,10.5007,0.00065958,105.0,2.4000000000000004,-8.520000000000034e-06,3.828000000000002e-05,1.7345075530728913,aluminum_trial_4
130,aluminum,4,215.0,1.0,1.0,2700.0,897.0,13.000700000000002,-1.204945993536137,0.10720709890448629,metal,22819,10.5007,0.00065958,105.0,2.5000000000000018,-8.580000000000003e-06,3.817999999999996e-05,1.720276037723318,aluminum_trial_4
131,aluminum,4,215.0,1.0,1.0,2700.0,897.0,13.10067,-1.2205074436164394,0.05055230076879842,metal,22819,10.5007,0.00065958,105.0,2.599969999999999,-8.639999999999971e-06,3.8080000000000015e-05,1.706044522373783,aluminum_trial_4
132,aluminum,4,215.0,1.0,1.0,2700.0,897.0,13.20067,-1.2308817436699742,-0.028764416621226023,metal,22819,10.5007,0.00065958,105.0,2.6999700000000004,-8.67999999999995e-06,3.793999999999998e-05,1.6704657339999074,aluminum_trial_4
133,aluminum,4,215.0,1.0,1.0,2700.0,897.0,13.3007,-1.2464431937503044,-0.09675017438405147,metal,22819,10.5007,0.00065958,105.0,2.8000000000000007,-8.740000000000028e-06,3.782000000000004e-05,1.6491184609756437,aluminum_trial_4
134,aluminum,4,215.0,1.0,1.0,2700.0,897.0,13.40066,-1.2620046438306067,-0.17606689177407592,metal,22819,10.5007,0.00065958,105.0,2.89996,-8.799999999999997e-06,3.7680000000000005e-05,1.6206554302765355,aluminum_trial_4
135,aluminum,4,215.0,1.0,1.0,2700.0,897.0,13.500660000000002,-1.2775660939109088,-0.25538360916410036,metal,22819,10.5007,0.00065958,105.0,2.9999600000000015,-8.859999999999966e-06,3.753999999999997e-05,1.5921923995774272,aluminum_trial_4
136,aluminum,4,215.0,1.0,1.0,2700.0,897.0,13.600700000000002,-1.2931275439912393,-0.3233693669269258,metal,22819,10.5007,0.00065958,105.0,3.1000000000000014,-8.920000000000043e-06,3.742000000000003e-05,1.5708451265531633,aluminum_trial_4
137,aluminum,4,215.0,1.0,1.0,2700.0,897.0,13.7007,-1.2983146940180066,-0.3800241650626751,metal,22819,10.5007,0.00065958,105.0,3.1999999999999993,-8.940000000000033e-06,3.7319999999999975e-05,1.542382095854055,aluminum_trial_4
138,aluminum,4,215.0,1.0,1.0,2700.0,897.0,13.8007,-1.3138761440983089,-0.44800992282550056,metal,22819,10.5007,0.00065958,105.0,3.3000000000000007,-9.000000000000002e-06,3.720000000000004e-05,1.5210348228297528,aluminum_trial_4
139,aluminum,4,215.0,1.0,1.0,2700.0,897.0,13.900660000000002,-1.3242504441518437,-0.527326640215525,metal,22819,10.5007,0.00065958,105.0,3.399960000000002,-9.039999999999981e-06,3.706e-05,1.4854560344558772,aluminum_trial_4
140,aluminum,4,215.0,1.0,1.0,2700.0,897.0,14.000700000000002,-1.3346247442053785,-0.6066433576055494,metal,22819,10.5007,0.00065958,105.0,3.5000000000000018,-9.07999999999996e-06,3.6919999999999965e-05,1.4498772460820015,aluminum_trial_4
141,aluminum,4,215.0,1.0,1.0,2700.0,897.0,14.100700000000002,-1.3398118942321458,-0.6746291153683749,metal,22819,10.5007,0.00065958,105.0,3.6000000000000014,-9.09999999999995e-06,3.680000000000003e-05,1.4142984577081643,aluminum_trial_4
142,aluminum,4,215.0,1.0,1.0,2700.0,897.0,14.20066,-1.3553733443124762,-0.7426148731312617,metal,22819,10.5007,0.00065958,105.0,3.699959999999999,-9.160000000000027e-06,3.667999999999998e-05,1.392951184683862,aluminum_trial_4
143,aluminum,4,215.0,1.0,1.0,2700.0,897.0,14.30066,-1.3605604943392435,-0.7992696712669496,metal,22819,10.5007,0.00065958,105.0,3.7999600000000004,-9.180000000000017e-06,3.658000000000003e-05,1.3644881539847924,aluminum_trial_4
144,aluminum,4,215.0,1.0,1.0,2700.0,897.0,14.4007,-1.3761219444195458,-0.878586388656974,metal,22819,10.5007,0.00065958,105.0,3.9000000000000004,-9.239999999999986e-06,3.644e-05,1.3360251232856841,aluminum_trial_4
145,aluminum,4,215.0,1.0,1.0,2700.0,897.0,14.500700000000002,-1.3761219444195458,-0.946572146419861,metal,22819,10.5007,0.00065958,105.0,4.000000000000002,-9.239999999999986e-06,3.631999999999995e-05,1.293330577237041,aluminum_trial_4
146,aluminum,4,215.0,1.0,1.0,2700.0,897.0,14.600700000000002,-1.3916833944998481,-1.0145579041826864,metal,22819,10.5007,0.00065958,105.0,4.100000000000001,-9.299999999999955e-06,3.620000000000001e-05,1.2719833042127386,aluminum_trial_4
147,aluminum,4,215.0,1.0,1.0,2700.0,897.0,14.7007,-1.3916833944998481,-1.0712127023184357,metal,22819,10.5007,0.00065958,105.0,4.199999999999999,-9.299999999999955e-06,3.6099999999999956e-05,1.236404515838863,aluminum_trial_4
148,aluminum,4,215.0,1.0,1.0,2700.0,897.0,14.80066,-1.4072448445801784,-1.1278675004541237,metal,22819,10.5007,0.00065958,105.0,4.2999600000000004,-9.360000000000032e-06,3.600000000000001e-05,1.2221730004893667,aluminum_trial_4
149,aluminum,4,215.0,1.0,1.0,2700.0,897.0,14.900660000000002,-1.4072448445801784,-1.207184217844148,metal,22819,10.5007,0.00065958,105.0,4.399960000000002,-9.360000000000032e-06,3.585999999999997e-05,1.1723626967659562,aluminum_trial_4
150,aluminum,4,215.0,1.0,1.0,2700.0,897.0,15.000660000000002,-1.4176191446337132,-1.2638390159798358,metal,22819,10.5007,0.00065958,105.0,4.4999600000000015,-9.400000000000012e-06,3.5760000000000024e-05,1.1510154237416539,aluminum_trial_4
151,aluminum,4,215.0,1.0,1.0,2700.0,897.0,15.100700000000002,-1.4228062946604805,-1.320493814115585,metal,22819,10.5007,0.00065958,105.0,4.600000000000001,-9.420000000000001e-06,3.565999999999997e-05,1.1225523930425456,aluminum_trial_4
152,aluminum,4,215.0,1.0,1.0,2700.0,897.0,15.2007,-1.427993444687248,-1.377148612251273,metal,22819,10.5007,0.00065958,105.0,4.699999999999999,-9.439999999999991e-06,3.556000000000002e-05,1.094089362343476,aluminum_trial_4
153,aluminum,4,215.0,1.0,1.0,2700.0,897.0,15.30066,-1.4331805947140153,-1.44513437001416,metal,22819,10.5007,0.00065958,105.0,4.7999600000000004,-9.45999999999998e-06,3.543999999999997e-05,1.0585105739696004,aluminum_trial_4
154,aluminum,4,215.0,1.0,1.0,2700.0,897.0,15.4007,-1.4383677447407828,-1.5017891681498479,metal,22819,10.5007,0.00065958,105.0,4.9,-9.47999999999997e-06,3.5340000000000024e-05,1.0300475432705307,aluminum_trial_4
155,aluminum,4,215.0,1.0,1.0,2700.0,897.0,15.500700000000002,-1.4487420447943176,-1.5584439662855971,metal,22819,10.5007,0.00065958,105.0,5.000000000000002,-9.51999999999995e-06,3.523999999999997e-05,1.0087002702461898,aluminum_trial_4
156,aluminum,4,215.0,1.0,1.0,2700.0,897.0,15.60066,-1.453929194821113,-1.6150987644212849,metal,22819,10.5007,0.00065958,105.0,5.099959999999999,-9.540000000000048e-06,3.514000000000002e-05,0.9802372395471587,aluminum_trial_4
104,aluminum,5,215.0,1.0,1.0,2700.0,897.0,10.40066,1.0151542179214645,0.9570290709402958,metal,22819,10.40066,0.00065956,104.0,0.0,0.0,3.9700000000000043e-05,-0.7915864214708557,aluminum_trial_5
105,aluminum,5,215.0,1.0,1.0,2700.0,897.0,10.5007,1.0099670678946973,0.9683600305674334,metal,22819,10.40066,0.00065956,104.0,0.1000399999999999,-1.9999999999989644e-08,3.972000000000003e-05,-0.7773549061213209,aluminum_trial_5
106,aluminum,5,215.0,1.0,1.0,2700.0,897.0,10.60066,0.9995927678411625,0.9570290709402958,metal,22819,10.40066,0.00065956,104.0,0.1999999999999993,-5.999999999996893e-08,3.9700000000000043e-05,-0.7702391484465534,aluminum_trial_5
107,aluminum,5,215.0,1.0,1.0,2700.0,897.0,10.70066,0.9425341175466928,0.9003742728045465,metal,22819,10.40066,0.00065956,104.0,0.29999999999999893,-2.7999999999996344e-07,3.959999999999999e-05,-0.7275446023979488,aluminum_trial_5
108,aluminum,5,215.0,1.0,1.0,2700.0,897.0,10.8007,0.3563861645216669,0.8437194746688585,metal,22819,10.40066,0.00065956,104.0,0.4000400000000006,-2.539999999999986e-06,3.950000000000004e-05,0.04095722647735723,aluminum_trial_5
109,aluminum,5,215.0,1.0,1.0,2700.0,897.0,10.9007,0.014034262754821412,0.8437194746688585,metal,22819,10.40066,0.00065956,104.0,0.5000400000000003,-3.860000000000061e-06,3.950000000000004e-05,0.5105972330122772,aluminum_trial_5
110,aluminum,5,215.0,1.0,1.0,2700.0,897.0,11.0007,-0.22457463847659165,0.821057555414522,metal,22819,10.40066,0.00065956,104.0,0.6000399999999999,-4.780000000000019e-06,3.945999999999995e-05,0.8236905707021596,aluminum_trial_5
111,aluminum,5,215.0,1.0,1.0,2700.0,897.0,11.10066,-0.3853762893064655,0.8323885150416596,metal,22819,10.40066,0.00065956,104.0,0.6999999999999993,-5.400000000000023e-06,3.947999999999994e-05,1.0513948162948328,aluminum_trial_5
112,aluminum,5,215.0,1.0,1.0,2700.0,897.0,11.20066,-0.5098678899489395,0.821057555414522,metal,22819,10.40066,0.00065956,104.0,0.7999999999999989,-5.879999999999991e-06,3.945999999999995e-05,1.2150572428145607,aluminum_trial_5
113,aluminum,5,215.0,1.0,1.0,2700.0,897.0,11.30066,-0.6136108904843438,0.8097265957873845,metal,22819,10.40066,0.00065956,104.0,0.9000000000000004,-6.280000000000001e-06,3.943999999999996e-05,1.350256638635219,aluminum_trial_5
114,aluminum,5,215.0,1.0,1.0,2700.0,897.0,11.4007,-0.7017924409394459,0.821057555414522,metal,22819,10.40066,0.00065956,104.0,1.0000400000000003,-6.620000000000042e-06,3.945999999999995e-05,1.4783402767811098,aluminum_trial_5
115,aluminum,5,215.0,1.0,1.0,2700.0,897.0,11.5007,-0.7692253912874503,0.7870646765331093,metal,22819,10.40066,0.00065956,104.0,1.10004,-6.8800000000000154e-06,3.939999999999998e-05,1.5494978535288226,aluminum_trial_5
116,aluminum,5,215.0,1.0,1.0,2700.0,897.0,11.600700000000002,-0.8262840415819198,0.7757337169059717,metal,22819,10.40066,0.00065956,104.0,1.2000400000000013,-7.10000000000001e-06,3.937999999999999e-05,1.6206554302765355,aluminum_trial_5
117,aluminum,5,215.0,1.0,1.0,2700.0,897.0,11.7007,-0.8833426918763894,0.741740838024559,metal,22819,10.40066,0.00065956,104.0,1.3000399999999992,-7.3200000000000045e-06,3.932000000000002e-05,1.6775814916747134,aluminum_trial_5
118,aluminum,5,215.0,1.0,1.0,2700.0,897.0,11.80066,-0.9300270421173241,0.7304098783974214,metal,22819,10.40066,0.00065956,104.0,1.4000000000000004,-7.50000000000002e-06,3.9300000000000034e-05,1.7345075530728913,aluminum_trial_5
119,aluminum,5,215.0,1.0,1.0,2700.0,897.0,11.90066,-0.9663370923047241,0.6624241206345346,metal,22819,10.40066,0.00065956,104.0,1.5,-7.640000000000056e-06,3.917999999999999e-05,1.7416233107476586,aluminum_trial_5
120,aluminum,5,215.0,1.0,1.0,2700.0,897.0,12.000660000000002,-1.0130214425456308,0.651093161007397,metal,22819,10.40066,0.00065956,104.0,1.6000000000000014,-7.819999999999962e-06,3.916e-05,1.7985493721457981,aluminum_trial_5
121,aluminum,5,215.0,1.0,1.0,2700.0,897.0,12.100700000000002,-1.0389571926794958,0.5831074032445102,metal,22819,10.40066,0.00065956,104.0,1.7000400000000013,-7.920000000000019e-06,3.903999999999995e-05,1.7914336144710308,aluminum_trial_5
122,aluminum,5,215.0,1.0,1.0,2700.0,897.0,12.2007,-1.0700800928401002,0.5377835647359598,metal,22819,10.40066,0.00065956,104.0,1.8000399999999992,-8.039999999999957e-06,3.895999999999999e-05,1.8056651298205655,aluminum_trial_5
123,aluminum,5,215.0,1.0,1.0,2700.0,897.0,12.30066,-1.0960158429739655,0.48112876660027193,metal,22819,10.40066,0.00065956,104.0,1.9000000000000004,-8.140000000000014e-06,3.8860000000000045e-05,1.8056651298206041,aluminum_trial_5
124,aluminum,5,215.0,1.0,1.0,2700.0,897.0,12.4007,-1.1219515931078023,0.4358049280916602,metal,22819,10.40066,0.00065956,104.0,2.0000400000000003,-8.239999999999962e-06,3.877999999999998e-05,1.812780887495333,aluminum_trial_5
125,aluminum,5,215.0,1.0,1.0,2700.0,897.0,12.500660000000002,-1.1478873432416676,0.36781917032883477,metal,22819,10.40066,0.00065956,104.0,2.1000000000000014,-8.340000000000018e-06,3.866000000000004e-05,1.8056651298206041,aluminum_trial_5
126,aluminum,5,215.0,1.0,1.0,2700.0,897.0,12.600700000000002,-1.1686359433487372,0.2998334125659479,metal,22819,10.40066,0.00065956,104.0,2.2000400000000013,-8.419999999999977e-06,3.8539999999999994e-05,1.7914336144710308,aluminum_trial_5
127,aluminum,5,215.0,1.0,1.0,2700.0,897.0,12.70066,-1.1841973934290675,0.2545095740573976,metal,22819,10.40066,0.00065956,104.0,2.299999999999999,-8.480000000000054e-06,3.8460000000000035e-05,1.7843178567963018,aluminum_trial_5
128,aluminum,5,215.0,1.0,1.0,2700.0,897.0,12.80066,-1.204945993536137,0.1638618970402356,metal,22819,10.40066,0.00065956,104.0,2.4000000000000004,-8.560000000000013e-06,3.830000000000001e-05,1.7558548260971936,aluminum_trial_5
129,aluminum,5,215.0,1.0,1.0,2700.0,897.0,12.9007,-1.2205074436164394,0.10720709890448629,metal,22819,10.40066,0.00065956,104.0,2.5000400000000003,-8.619999999999982e-06,3.819999999999995e-05,1.7416233107476202,aluminum_trial_5
130,aluminum,5,215.0,1.0,1.0,2700.0,897.0,13.000700000000002,-1.2412560437235372,0.03922134114166085,metal,22819,10.40066,0.00065956,104.0,2.6000400000000017,-8.700000000000049e-06,3.8080000000000015e-05,1.727391795398124,aluminum_trial_5
131,aluminum,5,215.0,1.0,1.0,2700.0,897.0,13.100700000000002,-1.251630343777072,-0.040095376248363596,metal,22819,10.40066,0.00065956,104.0,2.7000400000000013,-8.740000000000028e-06,3.793999999999998e-05,1.6918130070242483,aluminum_trial_5
132,aluminum,5,215.0,1.0,1.0,2700.0,897.0,13.2007,-1.267191793857374,-0.10808113401118905,metal,22819,10.40066,0.00065956,104.0,2.800039999999999,-8.799999999999997e-06,3.782000000000004e-05,1.670465733999946,aluminum_trial_5
133,aluminum,5,215.0,1.0,1.0,2700.0,897.0,13.30066,-1.2775660939109088,-0.17606689177407592,metal,22819,10.40066,0.00065956,104.0,2.9000000000000004,-8.839999999999976e-06,3.7699999999999995e-05,1.6420027033008378,aluminum_trial_5
134,aluminum,5,215.0,1.0,1.0,2700.0,897.0,13.4007,-1.2931275439912393,-0.2440526495369628,metal,22819,10.40066,0.00065956,104.0,3.0000400000000003,-8.900000000000054e-06,3.757999999999995e-05,1.6206554302765355,aluminum_trial_5
135,aluminum,5,215.0,1.0,1.0,2700.0,897.0,13.500700000000002,-1.303501844044774,-0.3233693669269258,metal,22819,10.40066,0.00065956,104.0,3.1000400000000017,-8.940000000000033e-06,3.744000000000002e-05,1.5850766419026983,aluminum_trial_5
136,aluminum,5,215.0,1.0,1.0,2700.0,897.0,13.600700000000002,-1.3190632941250762,-0.39135512468981265,metal,22819,10.40066,0.00065956,104.0,3.2000400000000013,-9.000000000000002e-06,3.7319999999999975e-05,1.5637293688783573,aluminum_trial_5
137,aluminum,5,215.0,1.0,1.0,2700.0,897.0,13.70066,-1.329437594178611,-0.4593408824526381,metal,22819,10.40066,0.00065956,104.0,3.299999999999999,-9.039999999999981e-06,3.720000000000004e-05,1.5352663381792877,aluminum_trial_5
138,aluminum,5,215.0,1.0,1.0,2700.0,897.0,13.8007,-1.3346247442053785,-0.527326640215525,metal,22819,10.40066,0.00065956,104.0,3.4000400000000006,-9.059999999999971e-06,3.707999999999999e-05,1.499687549805412,aluminum_trial_5
139,aluminum,5,215.0,1.0,1.0,2700.0,897.0,13.9007,-1.3501861942857087,-0.5839814383512129,metal,22819,10.40066,0.00065956,104.0,3.5000400000000003,-9.120000000000048e-06,3.698000000000004e-05,1.4854560344559158,aluminum_trial_5
140,aluminum,5,215.0,1.0,1.0,2700.0,897.0,14.000700000000002,-1.3553733443124762,-0.6632981557412373,metal,22819,10.40066,0.00065956,104.0,3.6000400000000017,-9.140000000000038e-06,3.6840000000000006e-05,1.4427614884072726,aluminum_trial_5
141,aluminum,5,215.0,1.0,1.0,2700.0,897.0,14.10066,-1.365747644366011,-0.7426148731312617,metal,22819,10.40066,0.00065956,104.0,3.6999999999999993,-9.180000000000017e-06,3.669999999999997e-05,1.407182700033397,aluminum_trial_5
142,aluminum,5,215.0,1.0,1.0,2700.0,897.0,14.20066,-1.3709347943927783,-0.8106006308940872,metal,22819,10.40066,0.00065956,104.0,3.799999999999999,-9.200000000000007e-06,3.658000000000003e-05,1.3716039116595597,aluminum_trial_5
143,aluminum,5,215.0,1.0,1.0,2700.0,897.0,14.30066,-1.3864962444730806,-0.8672554290298365,metal,22819,10.40066,0.00065956,104.0,3.9000000000000004,-9.259999999999976e-06,3.6479999999999976e-05,1.3573723963099864,aluminum_trial_5
144,aluminum,5,215.0,1.0,1.0,2700.0,897.0,14.400660000000002,-1.3916833944998481,-0.9352411867926619,metal,22819,10.40066,0.00065956,104.0,4.000000000000002,-9.279999999999965e-06,3.636000000000004e-05,1.3217936079361492,aluminum_trial_5
145,aluminum,5,215.0,1.0,1.0,2700.0,897.0,14.500700000000002,-1.402057694553411,-1.0145579041826864,metal,22819,10.40066,0.00065956,104.0,4.100040000000002,-9.320000000000053e-06,3.622e-05,1.2862148195623122,aluminum_trial_5
146,aluminum,5,215.0,1.0,1.0,2700.0,897.0,14.600700000000002,-1.4124319946069457,-1.0712127023184357,metal,22819,10.40066,0.00065956,104.0,4.200040000000001,-9.360000000000032e-06,3.6119999999999946e-05,1.2648675465379713,aluminum_trial_5
147,aluminum,5,215.0,1.0,1.0,2700.0,897.0,14.70066,-1.4176191446337132,-1.139198460081261,metal,22819,10.40066,0.00065956,104.0,4.299999999999999,-9.380000000000022e-06,3.600000000000001e-05,1.2292887581641343,aluminum_trial_5
148,aluminum,5,215.0,1.0,1.0,2700.0,897.0,14.8007,-1.4228062946604805,-1.1958532582170105,metal,22819,10.40066,0.00065956,104.0,4.400040000000001,-9.400000000000012e-06,3.589999999999995e-05,1.200825727465026,aluminum_trial_5
149,aluminum,5,215.0,1.0,1.0,2700.0,897.0,14.9007,-1.4331805947140153,-1.2638390159798358,metal,22819,10.40066,0.00065956,104.0,4.50004,-9.439999999999991e-06,3.578000000000001e-05,1.1723626967659562,aluminum_trial_5
150,aluminum,5,215.0,1.0,1.0,2700.0,897.0,15.000700000000002,-1.4435548947675503,-1.320493814115585,metal,22819,10.40066,0.00065956,104.0,4.600040000000002,-9.47999999999997e-06,3.5679999999999957e-05,1.1510154237416155,aluminum_trial_5
151,aluminum,5,215.0,1.0,1.0,2700.0,897.0,15.100700000000002,-1.4435548947675503,-1.3998105315055482,metal,22819,10.40066,0.00065956,104.0,4.700040000000001,-9.47999999999997e-06,3.554000000000003e-05,1.1012051200182433,aluminum_trial_5
152,aluminum,5,215.0,1.0,1.0,2700.0,897.0,15.20066,-1.4487420447943176,-1.4338034103870223,metal,22819,10.40066,0.00065956,104.0,4.799999999999999,-9.49999999999996e-06,3.547999999999995e-05,1.08697360466867,aluminum_trial_5
153,aluminum,5,215.0,1.0,1.0,2700.0,897.0,15.30066,-1.4643034948746478,-1.4904582085227103,metal,22819,10.40066,0.00065956,104.0,4.9,-9.560000000000037e-06,3.5380000000000003e-05,1.0727420893191737,aluminum_trial_5
154,aluminum,5,215.0,1.0,1.0,2700.0,897.0,15.400660000000002,-1.4694906449014153,-1.5584439662855971,metal,22819,10.40066,0.00065956,104.0,5.000000000000002,-9.580000000000027e-06,3.525999999999996e-05,1.037163300945298,aluminum_trial_5
143,aluminum,6,215.0,1.0,1.0,2700.0,897.0,14.3007,0.9995927678411625,0.9570290709402958,metal,22819,14.3007,0.0006595,143.0,0.0,0.0,3.976000000000001e-05,-0.7702391484465534,aluminum_trial_6
144,aluminum,6,215.0,1.0,1.0,2700.0,897.0,14.4007,0.9995927678411625,0.9456981113130968,metal,22819,14.3007,0.0006595,143.0,0.09999999999999964,0.0,3.9739999999999914e-05,-0.7773549061213594,aluminum_trial_6
145,aluminum,6,215.0,1.0,1.0,2700.0,897.0,14.500660000000002,0.9892184677875995,0.9456981113130968,metal,22819,14.3007,0.0006595,143.0,0.1999600000000008,-4.000000000008771e-08,3.9739999999999914e-05,-0.763123390771786,aluminum_trial_6
146,aluminum,6,215.0,1.0,1.0,2700.0,897.0,14.60066,0.9217855174395951,0.9343671516859592,metal,22819,14.3007,0.0006595,143.0,0.29995999999999867,-3.000000000000615e-07,3.9719999999999925e-05,-0.6777342986745384,aluminum_trial_6
147,aluminum,6,215.0,1.0,1.0,2700.0,897.0,14.7007,0.39788336473583424,0.8550504342959961,metal,22819,14.3007,0.0006595,143.0,0.3999999999999986,-2.3199999999999913e-06,3.958e-05,-0.008853077246053316,aluminum_trial_6
148,aluminum,6,215.0,1.0,1.0,2700.0,897.0,14.80066,0.034782862861919145,0.821057555414522,metal,22819,14.3007,0.0006595,143.0,0.49995999999999974,-3.7200000000000254e-06,3.951999999999992e-05,0.46790268696359555,aluminum_trial_6
149,aluminum,6,215.0,1.0,1.0,2700.0,897.0,14.900660000000002,-0.1986388883427265,0.821057555414522,metal,22819,14.3007,0.0006595,143.0,0.5999600000000012,-4.619999999999993e-06,3.951999999999992e-05,0.7881117823282839,aluminum_trial_6
150,aluminum,6,215.0,1.0,1.0,2700.0,897.0,15.000700000000002,-0.3698148392261633,0.8097265957873845,metal,22819,14.3007,0.0006595,143.0,0.7000000000000011,-5.280000000000085e-06,3.949999999999993e-05,1.0158160279209958,aluminum_trial_6
151,aluminum,6,215.0,1.0,1.0,2700.0,897.0,15.10066,-0.49949358989540465,0.7983956361602469,metal,22819,14.3007,0.0006595,143.0,0.7999599999999987,-5.780000000000043e-06,3.947999999999994e-05,1.186594212115491,aluminum_trial_6
152,aluminum,6,215.0,1.0,1.0,2700.0,897.0,15.2007,-0.5980494404040415,0.8097265957873845,metal,22819,14.3007,0.0006595,143.0,0.8999999999999986,-6.160000000000063e-06,3.949999999999993e-05,1.3289093656109168,aluminum_trial_6
153,aluminum,6,215.0,1.0,1.0,2700.0,897.0,15.30066,-0.6810438408323481,0.7870646765331093,metal,22819,14.3007,0.0006595,143.0,0.9999599999999997,-6.480000000000006e-06,3.945999999999995e-05,1.4285299730576992,aluminum_trial_6
154,aluminum,6,215.0,1.0,1.0,2700.0,897.0,15.400660000000002,-0.7536639412071481,0.7870646765331093,metal,22819,14.3007,0.0006595,143.0,1.0999600000000012,-6.760000000000078e-06,3.945999999999995e-05,1.5281505805045204,aluminum_trial_6
155,aluminum,6,215.0,1.0,1.0,2700.0,897.0,15.500700000000002,-0.815909741528385,0.741740838024559,metal,22819,14.3007,0.0006595,143.0,1.200000000000001,-7.000000000000062e-06,3.937999999999999e-05,1.5850766419026983,aluminum_trial_6
156,aluminum,6,215.0,1.0,1.0,2700.0,897.0,15.60066,-0.8625940917693198,0.741740838024559,metal,22819,14.3007,0.0006595,143.0,1.2999599999999987,-7.180000000000077e-06,3.937999999999999e-05,1.6491184609756437,aluminum_trial_6
157,aluminum,6,215.0,1.0,1.0,2700.0,897.0,15.70066,-0.9092784420102545,0.6964169995159473,metal,22819,14.3007,0.0006595,143.0,1.3999599999999983,-7.360000000000092e-06,3.9299999999999925e-05,1.6846972493494807,aluminum_trial_6
158,aluminum,6,215.0,1.0,1.0,2700.0,897.0,15.8007,-0.9507756422243937,0.6850860398888097,metal,22819,14.3007,0.0006595,143.0,1.5,-7.520000000000009e-06,3.9279999999999936e-05,1.7345075530728526,aluminum_trial_6
159,aluminum,6,215.0,1.0,1.0,2700.0,897.0,15.900660000000002,-0.9922728424385611,0.6284312417531218,metal,22819,14.3007,0.0006595,143.0,1.5999600000000012,-7.680000000000035e-06,3.917999999999999e-05,1.7558548260971936,aluminum_trial_6
160,aluminum,6,215.0,1.0,1.0,2700.0,897.0,16.00066,-1.0182085925724262,0.5717764436173726,metal,22819,14.3007,0.0006595,143.0,1.699959999999999,-7.780000000000092e-06,3.907999999999993e-05,1.7558548260971936,aluminum_trial_6
161,aluminum,6,215.0,1.0,1.0,2700.0,897.0,16.1007,-1.0493314927330306,0.5491145243630974,metal,22819,14.3007,0.0006595,143.0,1.799999999999999,-7.90000000000003e-06,3.903999999999995e-05,1.7843178567962632,aluminum_trial_6
162,aluminum,6,215.0,1.0,1.0,2700.0,897.0,16.200660000000003,-1.0700800928401002,0.48112876660027193,metal,22819,14.3007,0.0006595,143.0,1.8999600000000019,-7.979999999999988e-06,3.8920000000000014e-05,1.7700863414467285,aluminum_trial_6
163,aluminum,6,215.0,1.0,1.0,2700.0,897.0,16.30066,-1.1012029930007328,0.4131430088373851,metal,22819,14.3007,0.0006595,143.0,1.9999599999999997,-8.100000000000034e-06,3.879999999999997e-05,1.7700863414467285,aluminum_trial_6
164,aluminum,6,215.0,1.0,1.0,2700.0,897.0,16.4007,-1.1219515931078023,0.36781917032883477,metal,22819,14.3007,0.0006595,143.0,2.0999999999999996,-8.179999999999993e-06,3.872000000000001e-05,1.7700863414467285,aluminum_trial_6
165,aluminum,6,215.0,1.0,1.0,2700.0,897.0,16.500700000000002,-1.1427001932149001,0.31116437219308546,metal,22819,14.3007,0.0006595,143.0,2.200000000000001,-8.26000000000006e-06,3.861999999999995e-05,1.762970583771961,aluminum_trial_6
166,aluminum,6,215.0,1.0,1.0,2700.0,897.0,16.6007,-1.1634487933219697,0.23184765480306102,metal,22819,14.3007,0.0006595,143.0,2.299999999999999,-8.340000000000018e-06,3.8479999999999916e-05,1.7416233107476202,aluminum_trial_6
167,aluminum,6,215.0,1.0,1.0,2700.0,897.0,16.7007,-1.1738230933755045,0.17519285666737316,metal,22819,14.3007,0.0006595,143.0,2.4000000000000004,-8.379999999999998e-06,3.837999999999997e-05,1.720276037723318,aluminum_trial_6
168,aluminum,6,215.0,1.0,1.0,2700.0,897.0,16.800700000000003,-1.1997588435093698,0.10720709890448629,metal,22819,14.3007,0.0006595,143.0,2.5000000000000018,-8.480000000000054e-06,3.825999999999992e-05,1.7131602800485504,aluminum_trial_6
169,aluminum,6,215.0,1.0,1.0,2700.0,897.0,16.900660000000002,-1.2101331435629046,0.03922134114166085,metal,22819,14.3007,0.0006595,143.0,2.599960000000001,-8.520000000000034e-06,3.8139999999999984e-05,1.6846972493494807,aluminum_trial_6
170,aluminum,6,215.0,1.0,1.0,2700.0,897.0,17.000700000000002,-1.2308817436699742,-0.040095376248363596,metal,22819,14.3007,0.0006595,143.0,2.700000000000001,-8.599999999999992e-06,3.799999999999995e-05,1.66334997632514,aluminum_trial_6
171,aluminum,6,215.0,1.0,1.0,2700.0,897.0,17.10066,-1.2412560437235372,-0.10808113401118905,metal,22819,14.3007,0.0006595,143.0,2.7999600000000004,-8.64000000000008e-06,3.788000000000001e-05,1.6348869456261088,aluminum_trial_6
172,aluminum,6,215.0,1.0,1.0,2700.0,897.0,17.200660000000003,-1.2568174938038392,-0.17606689177407592,metal,22819,14.3007,0.0006595,143.0,2.899960000000002,-8.700000000000049e-06,3.7759999999999964e-05,1.613539672601768,aluminum_trial_6
173,aluminum,6,215.0,1.0,1.0,2700.0,897.0,17.300700000000003,-1.2723789438841415,-0.2440526495369628,metal,22819,14.3007,0.0006595,143.0,3.0000000000000018,-8.760000000000018e-06,3.763999999999992e-05,1.5921923995774272,aluminum_trial_6
174,aluminum,6,215.0,1.0,1.0,2700.0,897.0,17.400660000000002,-1.2775660939109088,-0.3120384072997882,metal,22819,14.3007,0.0006595,143.0,3.099960000000001,-8.780000000000007e-06,3.751999999999998e-05,1.55661361120359,aluminum_trial_6
175,aluminum,6,215.0,1.0,1.0,2700.0,897.0,17.50066,-1.2931275439912393,-0.39135512468981265,metal,22819,14.3007,0.0006595,143.0,3.199959999999999,-8.840000000000085e-06,3.7379999999999944e-05,1.5281505805045204,aluminum_trial_6
176,aluminum,6,215.0,1.0,1.0,2700.0,897.0,17.60067,-1.2983146940180066,-0.4593408824526381,metal,22819,14.3007,0.0006595,143.0,3.29997,-8.860000000000074e-06,3.7260000000000006e-05,1.4925717921306831,aluminum_trial_6
177,aluminum,6,215.0,1.0,1.0,2700.0,897.0,17.700660000000003,-1.3086889940715414,-0.5386575998426626,metal,22819,14.3007,0.0006595,143.0,3.399960000000002,-8.900000000000054e-06,3.711999999999997e-05,1.4569930037568075,aluminum_trial_6
178,aluminum,6,215.0,1.0,1.0,2700.0,897.0,17.80066,-1.3190632941250762,-0.617974317232687,metal,22819,14.3007,0.0006595,143.0,3.4999599999999997,-8.940000000000033e-06,3.6979999999999934e-05,1.421414215382932,aluminum_trial_6
179,aluminum,6,215.0,1.0,1.0,2700.0,897.0,17.900660000000002,-1.3346247442053785,-0.6632981557412373,metal,22819,14.3007,0.0006595,143.0,3.599960000000001,-9.000000000000002e-06,3.6899999999999975e-05,1.4142984577081643,aluminum_trial_6
180,aluminum,6,215.0,1.0,1.0,2700.0,897.0,18.000670000000003,-1.3398118942321458,-0.7426148731312617,metal,22819,14.3007,0.0006595,143.0,3.699970000000002,-9.019999999999992e-06,3.675999999999994e-05,1.3716039116595213,aluminum_trial_6
181,aluminum,6,215.0,1.0,1.0,2700.0,897.0,18.1007,-1.3501861942857087,-0.8106006308940872,metal,22819,14.3007,0.0006595,143.0,3.799999999999999,-9.06000000000008e-06,3.664e-05,1.3431408809604901,aluminum_trial_6
182,aluminum,6,215.0,1.0,1.0,2700.0,897.0,18.200660000000003,-1.3605604943392435,-0.855924469402699,metal,22819,14.3007,0.0006595,143.0,3.899960000000002,-9.100000000000059e-06,3.6559999999999935e-05,1.3289093656109168,aluminum_trial_6
183,aluminum,6,215.0,1.0,1.0,2700.0,897.0,18.30066,-1.3605604943392435,-0.9352411867926619,metal,22819,14.3007,0.0006595,143.0,3.9999599999999997,-9.100000000000059e-06,3.642000000000001e-05,1.2790990618875449,aluminum_trial_6
184,aluminum,6,215.0,1.0,1.0,2700.0,897.0,18.40066,-1.3709347943927783,-1.0032269445555488,metal,22819,14.3007,0.0006595,143.0,4.099959999999998,-9.140000000000038e-06,3.629999999999996e-05,1.2506360311884366,aluminum_trial_6
185,aluminum,6,215.0,1.0,1.0,2700.0,897.0,18.5007,-1.3761219444195458,-1.0598817426912366,metal,22819,14.3007,0.0006595,143.0,4.1999999999999975,-9.160000000000027e-06,3.620000000000001e-05,1.2221730004893667,aluminum_trial_6
186,aluminum,6,215.0,1.0,1.0,2700.0,897.0,18.6007,-1.3864962444730806,-1.1278675004541237,metal,22819,14.3007,0.0006595,143.0,4.299999999999999,-9.200000000000007e-06,3.6079999999999966e-05,1.1937099697902585,aluminum_trial_6
187,aluminum,6,215.0,1.0,1.0,2700.0,897.0,18.700660000000003,-1.3968705445266154,-1.184522298589873,metal,22819,14.3007,0.0006595,143.0,4.399960000000002,-9.239999999999986e-06,3.597999999999991e-05,1.1723626967659178,aluminum_trial_6
188,aluminum,6,215.0,1.0,1.0,2700.0,897.0,18.80066,-1.402057694553411,-1.2638390159798358,metal,22819,14.3007,0.0006595,143.0,4.49996,-9.260000000000084e-06,3.583999999999998e-05,1.1296681507173516,aluminum_trial_6
189,aluminum,6,215.0,1.0,1.0,2700.0,897.0,18.90066,-1.4072448445801784,-1.3091628544884475,metal,22819,14.3007,0.0006595,143.0,4.599959999999998,-9.280000000000074e-06,3.5759999999999915e-05,1.108320877693011,aluminum_trial_6
190,aluminum,6,215.0,1.0,1.0,2700.0,897.0,19.0007,-1.4176191446337132,-1.377148612251273,metal,22819,14.3007,0.0006595,143.0,4.6999999999999975,-9.320000000000053e-06,3.563999999999998e-05,1.079857846993941,aluminum_trial_6
191,aluminum,6,215.0,1.0,1.0,2700.0,897.0,19.10066,-1.427993444687248,-1.44513437001416,metal,22819,14.3007,0.0006595,143.0,4.7999600000000004,-9.360000000000032e-06,3.551999999999993e-05,1.0513948162948328,aluminum_trial_6
192,aluminum,6,215.0,1.0,1.0,2700.0,897.0,19.200660000000003,-1.427993444687248,-1.4904582085227103,metal,22819,14.3007,0.0006595,143.0,4.899960000000002,-9.360000000000032e-06,3.543999999999997e-05,1.0229317855957631,aluminum_trial_6
193,aluminum,6,215.0,1.0,1.0,2700.0,897.0,19.30067,-1.4383677447407828,-1.5357820470312604,metal,22819,14.3007,0.0006595,143.0,4.999969999999999,-9.400000000000012e-06,3.5360000000000014e-05,1.0087002702462284,aluminum_trial_6
194,aluminum,6,215.0,1.0,1.0,2700.0,897.0,19.40066,-1.4435548947675503,-1.6037678047941473,metal,22819,14.3007,0.0006595,143.0,5.099959999999998,-9.420000000000001e-06,3.523999999999997e-05,0.9731214818723527,aluminum_trial_6
100,bismuth,1,7.92,1.0,1.0,9800.0,130.0,10.0007,1.1188972184568688,0.46979780697307294,metal,3176,10.0007,0.00065996,100.0,0.0,0.0,3.843999999999994e-05,-1.2398791549814734,bismuth_trial_1
101,bismuth,1,7.92,1.0,1.0,9800.0,130.0,10.10066,1.1137100684301016,0.4471358877187978,metal,3176,10.0007,0.00065996,100.0,0.09995999999999938,-1.9999999999989644e-08,3.839999999999996e-05,-1.2469949126562407,bismuth_trial_1
102,bismuth,1,7.92,1.0,1.0,9800.0,130.0,10.20066,1.0877743182962365,0.4358049280916602,metal,3176,10.0007,0.00065996,100.0,0.19995999999999903,-1.2000000000004628e-07,3.837999999999997e-05,-1.2185318819571325,bismuth_trial_1
103,bismuth,1,7.92,1.0,1.0,9800.0,130.0,10.3007,0.7298609664491168,0.31116437219308546,metal,3176,10.0007,0.00065996,100.0,0.3000000000000007,-1.4999999999999823e-06,3.8159999999999973e-05,-0.8058179368204291,bismuth_trial_1
104,bismuth,1,7.92,1.0,1.0,9800.0,130.0,10.4007,0.3511990144948995,0.32249533182022305,metal,3176,10.0007,0.00065996,100.0,0.40000000000000036,-2.9599999999999852e-06,3.817999999999996e-05,-0.27925186888736975,bismuth_trial_1
105,bismuth,1,7.92,1.0,1.0,9800.0,130.0,10.5007,0.12296441331702125,0.32249533182022305,metal,3176,10.0007,0.00065996,100.0,0.5,-3.839999999999963e-06,3.817999999999996e-05,0.033841468802551226,bismuth_trial_1
106,bismuth,1,7.92,1.0,1.0,9800.0,130.0,10.600700000000002,-0.03265008748608522,0.32249533182022305,metal,3176,10.0007,0.00065996,100.0,0.6000000000000014,-4.439999999999978e-06,3.817999999999996e-05,0.24731419904568966,bismuth_trial_1
107,bismuth,1,7.92,1.0,1.0,9800.0,130.0,10.7007,-0.15195453810181986,0.31116437219308546,metal,3176,10.0007,0.00065996,100.0,0.6999999999999993,-4.900000000000065e-06,3.8159999999999973e-05,0.4038608678906887,bismuth_trial_1
108,bismuth,1,7.92,1.0,1.0,9800.0,130.0,10.80071,-0.24532323858366126,0.31116437219308546,metal,3176,10.0007,0.00065996,100.0,0.8000100000000003,-5.259999999999987e-06,3.8159999999999973e-05,0.531944506036541,bismuth_trial_1
109,bismuth,1,7.92,1.0,1.0,9800.0,130.0,10.90066,-0.32313048898522856,0.2998334125659479,metal,3176,10.0007,0.00065996,100.0,0.8999600000000001,-5.560000000000048e-06,3.8139999999999984e-05,0.631565113483362,bismuth_trial_1
110,bismuth,1,7.92,1.0,1.0,9800.0,130.0,11.0007,-0.3801891392796981,0.2885024529388103,metal,3176,10.0007,0.00065996,100.0,1.0,-5.780000000000043e-06,3.8119999999999994e-05,0.7027226902310748,bismuth_trial_1
111,bismuth,1,7.92,1.0,1.0,9800.0,130.0,11.10067,-0.43724778957416766,0.2658405336845352,metal,3176,10.0007,0.00065996,100.0,1.099969999999999,-6.000000000000037e-06,3.8080000000000015e-05,0.7667645093040202,bismuth_trial_1
112,bismuth,1,7.92,1.0,1.0,9800.0,130.0,11.20067,-0.4839321398151024,0.24317861443026004,metal,3176,10.0007,0.00065996,100.0,1.1999700000000004,-6.180000000000053e-06,3.8040000000000036e-05,0.8165748130274307,bismuth_trial_1
113,bismuth,1,7.92,1.0,1.0,9800.0,130.0,11.30071,-0.5202421900024743,0.22051669517592346,metal,3176,10.0007,0.00065996,100.0,1.3000100000000003,-6.31999999999998e-06,3.799999999999995e-05,0.8521536014012293,bismuth_trial_1
114,bismuth,1,7.92,1.0,1.0,9800.0,130.0,11.400670000000002,-0.5617393902166417,0.19785477592164832,metal,3176,10.0007,0.00065996,100.0,1.3999700000000015,-6.480000000000006e-06,3.795999999999997e-05,0.8948481474498724,bismuth_trial_1
115,bismuth,1,7.92,1.0,1.0,9800.0,130.0,11.5007,-0.5876751403505067,0.1638618970402356,metal,3176,10.0007,0.00065996,100.0,1.5,-6.580000000000062e-06,3.79e-05,0.9090796627994459,bismuth_trial_1
116,bismuth,1,7.92,1.0,1.0,9800.0,130.0,11.60071,-0.6187980405111112,0.11853805853162387,metal,3176,10.0007,0.00065996,100.0,1.6000099999999993,-6.7e-06,3.781999999999993e-05,0.9233111781489421,bismuth_trial_1
117,bismuth,1,7.92,1.0,1.0,9800.0,130.0,11.70066,-0.6551080906985112,0.07321422002307357,metal,3176,10.0007,0.00065996,100.0,1.699959999999999,-6.840000000000036e-06,3.7739999999999974e-05,0.944658451173283,bismuth_trial_1
118,bismuth,1,7.92,1.0,1.0,9800.0,130.0,11.8007,-0.6706695407788134,0.03922134114166085,metal,3176,10.0007,0.00065996,100.0,1.8000000000000007,-6.900000000000005e-06,3.7680000000000005e-05,0.944658451173283,bismuth_trial_1
119,bismuth,1,7.92,1.0,1.0,9800.0,130.0,11.9007,-0.6966052909126784,-0.028764416621226023,metal,3176,10.0007,0.00065996,100.0,1.9000000000000004,-7.000000000000062e-06,3.755999999999996e-05,0.9375426934985155,bismuth_trial_1
120,bismuth,1,7.92,1.0,1.0,9800.0,130.0,12.0007,-0.7121667409929807,-0.07408825512977632,metal,3176,10.0007,0.00065996,100.0,2.0,-7.060000000000031e-06,3.748e-05,0.9304269358237481,bismuth_trial_1
121,bismuth,1,7.92,1.0,1.0,9800.0,130.0,12.10067,-0.7381024911268177,-0.11941209363838805,metal,3176,10.0007,0.00065996,100.0,2.099969999999999,-7.159999999999979e-06,3.739999999999993e-05,0.937542693498477,bismuth_trial_1
122,bismuth,1,7.92,1.0,1.0,9800.0,130.0,12.20071,-0.7536639412071481,-0.17606689177407592,metal,3176,10.0007,0.00065996,100.0,2.2000100000000007,-7.220000000000056e-06,3.7299999999999985e-05,0.9233111781489807,bismuth_trial_1
123,bismuth,1,7.92,1.0,1.0,9800.0,130.0,12.3007,-0.7744125413142177,-0.23272168990976377,metal,3176,10.0007,0.00065996,100.0,2.3000000000000007,-7.300000000000015e-06,3.720000000000004e-05,0.9161954204742132,bismuth_trial_1
124,bismuth,1,7.92,1.0,1.0,9800.0,130.0,12.4007,-0.7847868413677525,-0.2893764880455131,metal,3176,10.0007,0.00065996,100.0,2.4000000000000004,-7.339999999999994e-06,3.709999999999998e-05,0.8948481474498724,bismuth_trial_1
125,bismuth,1,7.92,1.0,1.0,9800.0,130.0,12.5007,-0.8055354414748502,-0.3573622458083999,metal,3176,10.0007,0.00065996,100.0,2.5,-7.420000000000061e-06,3.6979999999999934e-05,0.8806166321003376,bismuth_trial_1
126,bismuth,1,7.92,1.0,1.0,9800.0,130.0,12.60067,-0.815909741528385,-0.4253480035712254,metal,3176,10.0007,0.00065996,100.0,2.599969999999999,-7.46000000000004e-06,3.6859999999999996e-05,0.8521536014012678,bismuth_trial_1
127,bismuth,1,7.92,1.0,1.0,9800.0,130.0,12.70067,-0.8366583416354546,-0.4933337613341123,metal,3176,10.0007,0.00065996,100.0,2.6999700000000004,-7.539999999999999e-06,3.673999999999995e-05,0.8379220860516945,bismuth_trial_1
128,bismuth,1,7.92,1.0,1.0,9800.0,130.0,12.8007,-0.8470326416889894,-0.5386575998426626,metal,3176,10.0007,0.00065996,100.0,2.8000000000000007,-7.579999999999978e-06,3.665999999999999e-05,0.8236905707021596,bismuth_trial_1
129,bismuth,1,7.92,1.0,1.0,9800.0,130.0,12.9007,-0.8625940917693198,-0.6066433576055494,metal,3176,10.0007,0.00065996,100.0,2.9000000000000004,-7.640000000000056e-06,3.6539999999999945e-05,0.8023432976778573,bismuth_trial_1
130,bismuth,1,7.92,1.0,1.0,9800.0,130.0,13.000660000000002,-0.8677812417960872,-0.6519671961140997,metal,3176,10.0007,0.00065996,100.0,2.9999600000000015,-7.660000000000045e-06,3.6459999999999986e-05,0.7809960246535551,bismuth_trial_1
131,bismuth,1,7.92,1.0,1.0,9800.0,130.0,13.100700000000002,-0.8833426918763894,-0.7312839135041241,metal,3176,10.0007,0.00065996,100.0,3.1000000000000014,-7.720000000000014e-06,3.631999999999995e-05,0.7525329939544468,bismuth_trial_1
132,bismuth,1,7.92,1.0,1.0,9800.0,130.0,13.20066,-0.8885298419031568,-0.787938711639812,metal,3176,10.0007,0.00065996,100.0,3.199959999999999,-7.740000000000004e-06,3.622e-05,0.7240699632553771,bismuth_trial_1
133,bismuth,1,7.92,1.0,1.0,9800.0,130.0,13.30066,-0.9092784420102545,-0.8332625501484238,metal,3176,10.0007,0.00065996,100.0,3.2999600000000004,-7.82000000000007e-06,3.6139999999999935e-05,0.7240699632553771,bismuth_trial_1
134,bismuth,1,7.92,1.0,1.0,9800.0,130.0,13.4007,-0.9196527420637893,-0.9125792675383868,metal,3176,10.0007,0.00065996,100.0,3.4000000000000004,-7.86000000000005e-06,3.600000000000001e-05,0.68849117488154,bismuth_trial_1
135,bismuth,1,7.92,1.0,1.0,9800.0,130.0,13.500700000000002,-0.9196527420637893,-0.9579031060469985,metal,3176,10.0007,0.00065996,100.0,3.5000000000000018,-7.86000000000005e-06,3.591999999999994e-05,0.6600281441824317,bismuth_trial_1
136,bismuth,1,7.92,1.0,1.0,9800.0,130.0,13.60071,-0.9352141921440915,-1.0372198234369616,metal,3176,10.0007,0.00065996,100.0,3.6000099999999993,-7.920000000000019e-06,3.578000000000001e-05,0.631565113483362,bismuth_trial_1
137,bismuth,1,7.92,1.0,1.0,9800.0,130.0,13.70071,-0.9404013421708589,-1.1052055811998485,metal,3176,10.0007,0.00065996,100.0,3.7000100000000007,-7.940000000000009e-06,3.565999999999997e-05,0.5959863251094863,bismuth_trial_1
138,bismuth,1,7.92,1.0,1.0,9800.0,130.0,13.80066,-0.9507756422243937,-1.1505294197083986,metal,3176,10.0007,0.00065996,100.0,3.7999600000000004,-7.979999999999988e-06,3.558000000000001e-05,0.5817548097599514,bismuth_trial_1
139,bismuth,1,7.92,1.0,1.0,9800.0,130.0,13.9007,-0.9611499422779285,-1.2185151774712855,metal,3176,10.0007,0.00065996,100.0,3.9000000000000004,-8.019999999999967e-06,3.545999999999996e-05,0.5532917790608431,bismuth_trial_1
140,bismuth,1,7.92,1.0,1.0,9800.0,130.0,14.000700000000002,-0.9715242423314915,-1.2638390159798358,metal,3176,10.0007,0.00065996,100.0,4.000000000000002,-8.060000000000055e-06,3.5380000000000003e-05,0.539060263711347,bismuth_trial_1
141,bismuth,1,7.92,1.0,1.0,9800.0,130.0,14.100700000000002,-0.9818985423850263,-1.320493814115585,metal,3176,10.0007,0.00065996,100.0,4.100000000000001,-8.100000000000034e-06,3.527999999999995e-05,0.517712990687006,bismuth_trial_1
142,bismuth,1,7.92,1.0,1.0,9800.0,130.0,14.20066,-0.9818985423850263,-1.377148612251273,metal,3176,10.0007,0.00065996,100.0,4.199959999999999,-8.100000000000034e-06,3.518e-05,0.48213420231316895,bismuth_trial_1
143,bismuth,1,7.92,1.0,1.0,9800.0,130.0,14.30066,-0.9922728424385611,-1.4224724507598847,metal,3176,10.0007,0.00065996,100.0,4.2999600000000004,-8.140000000000014e-06,3.509999999999993e-05,0.46790268696359555,bismuth_trial_1
144,bismuth,1,7.92,1.0,1.0,9800.0,130.0,14.400670000000002,-1.002647142492096,-1.4791272488955727,metal,3176,10.0007,0.00065996,100.0,4.3999700000000015,-8.179999999999993e-06,3.499999999999998e-05,0.44655541393929327,bismuth_trial_1
145,bismuth,1,7.92,1.0,1.0,9800.0,130.0,14.500700000000002,-1.0078342925188633,-1.5357820470312604,metal,3176,10.0007,0.00065996,100.0,4.500000000000002,-8.199999999999982e-06,3.4900000000000035e-05,0.4180923832402236,bismuth_trial_1
146,bismuth,1,7.92,1.0,1.0,9800.0,130.0,14.60071,-1.0130214425456308,-1.59243684516701,metal,3176,10.0007,0.00065996,100.0,4.600009999999999,-8.219999999999972e-06,3.479999999999998e-05,0.3896293525411153,bismuth_trial_1
147,bismuth,1,7.92,1.0,1.0,9800.0,130.0,14.70066,-1.028582892625961,-1.6490916433026976,metal,3176,10.0007,0.00065996,100.0,4.699959999999999,-8.28000000000005e-06,3.470000000000003e-05,0.375397837191619,bismuth_trial_1
148,bismuth,1,7.92,1.0,1.0,9800.0,130.0,14.80066,-1.028582892625961,-1.705746441438447,metal,3176,10.0007,0.00065996,100.0,4.7999600000000004,-8.28000000000005e-06,3.4599999999999974e-05,0.33981904881774333,bismuth_trial_1
149,bismuth,1,7.92,1.0,1.0,9800.0,130.0,14.9007,-1.0337700426527285,-1.7510702799469973,metal,3176,10.0007,0.00065996,100.0,4.9,-8.300000000000039e-06,3.4520000000000015e-05,0.31847177579344105,bismuth_trial_1
150,bismuth,1,7.92,1.0,1.0,9800.0,130.0,15.00067,-1.0389571926794958,-1.796394118455609,metal,3176,10.0007,0.00065996,100.0,4.999969999999999,-8.320000000000029e-06,3.443999999999995e-05,0.2971245027691002,bismuth_trial_1
97,bismuth,2,7.92,1.0,1.0,9800.0,130.0,9.70066,1.020341367948232,0.2091857355487859,metal,3176,9.70066,0.00065958,97.0,0.0,0.0,3.835999999999998e-05,-1.268342185680543,bismuth_trial_2
98,bismuth,2,7.92,1.0,1.0,9800.0,130.0,9.80066,1.020341367948232,0.22051669517592346,metal,3176,9.70066,0.00065958,97.0,0.10000000000000142,0.0,3.837999999999997e-05,-1.2612264280057757,bismuth_trial_2
99,bismuth,2,7.92,1.0,1.0,9800.0,130.0,9.90066,1.020341367948232,0.19785477592164832,metal,3176,9.70066,0.00065958,97.0,0.20000000000000107,0.0,3.833999999999999e-05,-1.2754579433553106,bismuth_trial_2
100,bismuth,2,7.92,1.0,1.0,9800.0,130.0,10.0007,0.7921067667703537,0.10720709890448629,metal,3176,9.70066,0.00065958,97.0,0.300040000000001,-8.79999999999978e-07,3.817999999999996e-05,-1.0192906670635675,bismuth_trial_2
101,bismuth,2,7.92,1.0,1.0,9800.0,130.0,10.100700000000002,0.3926962147090387,0.07321422002307357,metal,3176,9.70066,0.00065958,97.0,0.4000400000000024,-2.420000000000048e-06,3.8119999999999994e-05,-0.49272459913046956,bismuth_trial_2
102,bismuth,2,7.92,1.0,1.0,9800.0,130.0,10.2007,0.11777726329022573,0.03922134114166085,metal,3176,9.70066,0.00065958,97.0,0.5000400000000003,-3.4800000000000412e-06,3.8060000000000025e-05,-0.13693671539190552,bismuth_trial_2
103,bismuth,2,7.92,1.0,1.0,9800.0,130.0,10.30066,-0.058585837619950364,0.03922134114166085,metal,3176,9.70066,0.00065958,97.0,0.6000000000000014,-4.160000000000014e-06,3.8060000000000025e-05,0.10499904555030262,bismuth_trial_2
104,bismuth,2,7.92,1.0,1.0,9800.0,130.0,10.4007,-0.1778902882356569,0.03922134114166085,metal,3176,9.70066,0.00065958,97.0,0.7000400000000013,-4.619999999999993e-06,3.8060000000000025e-05,0.2686614720700305,bismuth_trial_2
105,bismuth,2,7.92,1.0,1.0,9800.0,130.0,10.500660000000002,-0.2816332887710612,0.03922134114166085,metal,3176,9.70066,0.00065958,97.0,0.8000000000000025,-5.020000000000003e-06,3.8060000000000025e-05,0.41097662556545617,bismuth_trial_2
106,bismuth,2,7.92,1.0,1.0,9800.0,130.0,10.60066,-0.354253389145833,0.027890381514523273,metal,3176,9.70066,0.00065958,97.0,0.9000000000000004,-5.299999999999966e-06,3.8040000000000036e-05,0.5034814753374712,bismuth_trial_2
107,bismuth,2,7.92,1.0,1.0,9800.0,130.0,10.70066,-0.42168633949386547,0.0165594218873857,metal,3176,9.70066,0.00065958,97.0,1.0,-5.560000000000048e-06,3.8020000000000046e-05,0.5888705674347574,bismuth_trial_2
108,bismuth,2,7.92,1.0,1.0,9800.0,130.0,10.8007,-0.4683706897347721,-0.006102497366950874,metal,3176,9.70066,0.00065958,97.0,1.1000400000000017,-5.739999999999955e-06,3.797999999999996e-05,0.6386808711580908,bismuth_trial_2
109,bismuth,2,7.92,1.0,1.0,9800.0,130.0,10.900670000000002,-0.5254293400292417,-0.017433456994088447,metal,3176,9.70066,0.00065958,97.0,1.2000100000000025,-5.95999999999995e-06,3.795999999999997e-05,0.7098384479058036,bismuth_trial_2
110,bismuth,2,7.92,1.0,1.0,9800.0,130.0,11.000660000000002,-0.5617393902166417,-0.040095376248363596,metal,3176,9.70066,0.00065958,97.0,1.3000000000000025,-6.099999999999986e-06,3.791999999999999e-05,0.7454172362796794,bismuth_trial_2
111,bismuth,2,7.92,1.0,1.0,9800.0,130.0,11.10066,-0.5980494404040415,-0.06275729550263874,metal,3176,9.70066,0.00065958,97.0,1.4000000000000004,-6.2400000000000216e-06,3.788000000000001e-05,0.7809960246535551,bismuth_trial_2
112,bismuth,2,7.92,1.0,1.0,9800.0,130.0,11.2007,-0.6343594905914134,-0.09675017438405147,metal,3176,9.70066,0.00065958,97.0,1.5000400000000003,-6.379999999999949e-06,3.782000000000004e-05,0.8094590553526247,bismuth_trial_2
113,bismuth,2,7.92,1.0,1.0,9800.0,130.0,11.3007,-0.6602952407252786,-0.11941209363838805,metal,3176,9.70066,0.00065958,97.0,1.6000400000000017,-6.480000000000006e-06,3.777999999999995e-05,0.830806328376927,bismuth_trial_2
114,bismuth,2,7.92,1.0,1.0,9800.0,130.0,11.40066,-0.6966052909126784,-0.15340497251980076,metal,3176,9.70066,0.00065958,97.0,1.700000000000001,-6.620000000000042e-06,3.7719999999999984e-05,0.8592693590760353,bismuth_trial_2
115,bismuth,2,7.92,1.0,1.0,9800.0,130.0,11.5007,-0.7069795909662133,-0.19872881102835105,metal,3176,9.70066,0.00065958,97.0,1.800040000000001,-6.660000000000021e-06,3.7640000000000026e-05,0.8450378437265005,bismuth_trial_2
116,bismuth,2,7.92,1.0,1.0,9800.0,130.0,11.60066,-0.7329153411000503,-0.25538360916410036,metal,3176,9.70066,0.00065958,97.0,1.9000000000000004,-6.759999999999969e-06,3.753999999999997e-05,0.8450378437264618,bismuth_trial_2
117,bismuth,2,7.92,1.0,1.0,9800.0,130.0,11.70066,-0.7588510912339155,-0.3120384072997882,metal,3176,9.70066,0.00065958,97.0,2.0,-6.860000000000026e-06,3.744000000000002e-05,0.8450378437265005,bismuth_trial_2
118,bismuth,2,7.92,1.0,1.0,9800.0,130.0,11.80066,-0.7744125413142177,-0.3573622458083999,metal,3176,9.70066,0.00065958,97.0,2.1000000000000014,-6.919999999999995e-06,3.7359999999999954e-05,0.8379220860516945,bismuth_trial_2
119,bismuth,2,7.92,1.0,1.0,9800.0,130.0,11.9007,-0.8003482914480546,-0.41401704394408784,metal,3176,9.70066,0.00065958,97.0,2.2000400000000013,-7.019999999999943e-06,3.7260000000000006e-05,0.8379220860516945,bismuth_trial_2
120,bismuth,2,7.92,1.0,1.0,9800.0,130.0,12.0007,-0.8107225915016176,-0.4593408824526381,metal,3176,9.70066,0.00065958,97.0,2.300040000000001,-7.060000000000031e-06,3.718000000000005e-05,0.8236905707021982,bismuth_trial_2
121,bismuth,2,7.92,1.0,1.0,9800.0,130.0,12.10067,-0.8314711916086872,-0.527326640215525,metal,3176,9.70066,0.00065958,97.0,2.40001,-7.139999999999989e-06,3.706e-05,0.8094590553526247,bismuth_trial_2
122,bismuth,2,7.92,1.0,1.0,9800.0,130.0,12.2007,-0.8470326416889894,-0.5839814383512129,metal,3176,9.70066,0.00065958,97.0,2.5000400000000003,-7.199999999999958e-06,3.696000000000005e-05,0.7952275400030899,bismuth_trial_2
123,bismuth,2,7.92,1.0,1.0,9800.0,130.0,12.30066,-0.8522197917157568,-0.6406362364869621,metal,3176,9.70066,0.00065958,97.0,2.6000000000000014,-7.219999999999948e-06,3.6859999999999996e-05,0.7667645093039817,bismuth_trial_2
124,bismuth,2,7.92,1.0,1.0,9800.0,130.0,12.40066,-0.8729683918228546,-0.6859600749955125,metal,3176,9.70066,0.00065958,97.0,2.700000000000001,-7.300000000000015e-06,3.678000000000004e-05,0.7667645093040202,bismuth_trial_2
125,bismuth,2,7.92,1.0,1.0,9800.0,130.0,12.500660000000002,-0.8885298419031568,-0.7426148731312617,metal,3176,9.70066,0.00065958,97.0,2.8000000000000025,-7.359999999999984e-06,3.667999999999998e-05,0.7525329939544468,bismuth_trial_2
126,bismuth,2,7.92,1.0,1.0,9800.0,130.0,12.60066,-0.904091291983459,-0.8106006308940872,metal,3176,9.70066,0.00065958,97.0,2.9000000000000004,-7.419999999999953e-06,3.656000000000004e-05,0.7311857209301446,bismuth_trial_2
127,bismuth,2,7.92,1.0,1.0,9800.0,130.0,12.7007,-0.9144655920370219,-0.8672554290298365,metal,3176,9.70066,0.00065958,97.0,3.0000400000000003,-7.46000000000004e-06,3.6459999999999986e-05,0.7098384479058423,bismuth_trial_2
128,bismuth,2,7.92,1.0,1.0,9800.0,130.0,12.8007,-0.9196527420637893,-0.9125792675383868,metal,3176,9.70066,0.00065958,97.0,3.1000400000000017,-7.48000000000003e-06,3.638000000000003e-05,0.68849117488154,bismuth_trial_2
129,bismuth,2,7.92,1.0,1.0,9800.0,130.0,12.90066,-0.9300270421173241,-0.9805650253012737,metal,3176,9.70066,0.00065958,97.0,3.200000000000001,-7.520000000000009e-06,3.625999999999998e-05,0.6600281441824317,bismuth_trial_2
130,bismuth,2,7.92,1.0,1.0,9800.0,130.0,13.000660000000002,-0.9352141921440915,-1.0372198234369616,metal,3176,9.70066,0.00065958,97.0,3.3000000000000025,-7.539999999999999e-06,3.616000000000003e-05,0.631565113483362,bismuth_trial_2
131,bismuth,2,7.92,1.0,1.0,9800.0,130.0,13.100700000000002,-0.9455884921976263,-1.1052055811998485,metal,3176,9.70066,0.00065958,97.0,3.4000400000000024,-7.579999999999978e-06,3.603999999999999e-05,0.6031020827842537,bismuth_trial_2
132,bismuth,2,7.92,1.0,1.0,9800.0,130.0,13.2007,-0.9559627922511611,-1.1505294197083986,metal,3176,9.70066,0.00065958,97.0,3.5000400000000003,-7.6199999999999575e-06,3.596000000000003e-05,0.5888705674347189,bismuth_trial_2
133,bismuth,2,7.92,1.0,1.0,9800.0,130.0,13.3007,-0.9767113923582589,-1.207184217844148,metal,3176,9.70066,0.00065958,97.0,3.6000400000000017,-7.700000000000025e-06,3.585999999999997e-05,0.5817548097599514,bismuth_trial_2
134,bismuth,2,7.92,1.0,1.0,9800.0,130.0,13.40066,-0.9767113923582589,-1.2751699756069734,metal,3176,9.70066,0.00065958,97.0,3.700000000000001,-7.700000000000025e-06,3.5740000000000034e-05,0.539060263711347,bismuth_trial_2
135,bismuth,2,7.92,1.0,1.0,9800.0,130.0,13.500700000000002,-0.9818985423850263,-1.3431557333698603,metal,3176,9.70066,0.00065958,97.0,3.8000400000000027,-7.720000000000014e-06,3.561999999999999e-05,0.5034814753374712,bismuth_trial_2
136,bismuth,2,7.92,1.0,1.0,9800.0,130.0,13.600700000000002,-0.9922728424385611,-1.3884795718784106,metal,3176,9.70066,0.00065958,97.0,3.9000400000000024,-7.759999999999993e-06,3.554000000000003e-05,0.48924995998793636,bismuth_trial_2
137,bismuth,2,7.92,1.0,1.0,9800.0,130.0,13.70066,-1.0078342925188633,-1.4338034103870223,metal,3176,9.70066,0.00065958,97.0,4.0,-7.819999999999962e-06,3.545999999999996e-05,0.48213420231313037,bismuth_trial_2
138,bismuth,2,7.92,1.0,1.0,9800.0,130.0,13.80066,-1.0130214425456308,-1.4904582085227103,metal,3176,9.70066,0.00065958,97.0,4.100000000000001,-7.839999999999952e-06,3.5360000000000014e-05,0.4536711716140607,bismuth_trial_2
139,bismuth,2,7.92,1.0,1.0,9800.0,130.0,13.9007,-1.0182085925724262,-1.5584439662855971,metal,3176,9.70066,0.00065958,97.0,4.200040000000001,-7.86000000000005e-06,3.523999999999997e-05,0.4180923832402236,bismuth_trial_2
140,bismuth,2,7.92,1.0,1.0,9800.0,130.0,14.000700000000002,-1.0233957425991935,-1.6037678047941473,metal,3176,9.70066,0.00065958,97.0,4.300040000000003,-7.88000000000004e-06,3.516000000000001e-05,0.3967451102159213,bismuth_trial_2
141,bismuth,2,7.92,1.0,1.0,9800.0,130.0,14.10066,-1.0337700426527285,-1.6490916433026976,metal,3176,9.70066,0.00065958,97.0,4.4,-7.920000000000019e-06,3.508000000000005e-05,0.3825135948663864,bismuth_trial_2
142,bismuth,2,7.92,1.0,1.0,9800.0,130.0,14.2007,-1.0337700426527285,-1.6944154818113093,metal,3176,9.70066,0.00065958,97.0,4.50004,-7.920000000000019e-06,3.499999999999998e-05,0.35405056416727815,bismuth_trial_2
143,bismuth,2,7.92,1.0,1.0,9800.0,130.0,14.30066,-1.0493314927330306,-1.7510702799469973,metal,3176,9.70066,0.00065958,97.0,4.600000000000001,-7.979999999999988e-06,3.4900000000000035e-05,0.33981904881774333,bismuth_trial_2
144,bismuth,2,7.92,1.0,1.0,9800.0,130.0,14.400660000000002,-1.0545186427597981,-1.8077250780827465,metal,3176,9.70066,0.00065958,97.0,4.700000000000003,-7.999999999999978e-06,3.479999999999998e-05,0.31135601811863506,bismuth_trial_2
145,bismuth,2,7.92,1.0,1.0,9800.0,130.0,14.500660000000002,-1.0597057927865654,-1.853048916591297,metal,3176,9.70066,0.00065958,97.0,4.8000000000000025,-8.019999999999967e-06,3.472000000000002e-05,0.2900087450943328,bismuth_trial_2
146,bismuth,2,7.92,1.0,1.0,9800.0,130.0,14.600700000000002,-1.0700800928401002,-1.9097037147270461,metal,3176,9.70066,0.00065958,97.0,4.900040000000002,-8.059999999999947e-06,3.461999999999996e-05,0.2686614720699919,bismuth_trial_2
147,bismuth,2,7.92,1.0,1.0,9800.0,130.0,14.70066,-1.0700800928401002,-1.9550275532355965,metal,3176,9.70066,0.00065958,97.0,5.0,-8.059999999999947e-06,3.4540000000000005e-05,0.24019844137092225,bismuth_trial_2
93,bismuth,3,7.92,1.0,1.0,9800.0,130.0,9.3007,0.7039252163152516,-0.5499885594698002,metal,3176,9.3007,0.00065836,93.0,0.0,0.0,3.824000000000004e-05,-1.3110367317291476,bismuth_trial_3
94,bismuth,3,7.92,1.0,1.0,9800.0,130.0,9.40066,0.6987380662884842,-0.5499885594698002,metal,3176,9.3007,0.00065836,93.0,0.09995999999999938,-1.9999999999989644e-08,3.824000000000004e-05,-1.3039209740543802,bismuth_trial_3
95,bismuth,3,7.92,1.0,1.0,9800.0,130.0,9.5007,0.6935509162617168,-0.5499885594698002,metal,3176,9.3007,0.00065836,93.0,0.1999999999999993,-3.999999999997929e-08,3.824000000000004e-05,-1.2968052163796129,bismuth_trial_3
96,bismuth,3,7.92,1.0,1.0,9800.0,130.0,9.6007,0.47569061513737343,-0.6859600749955125,metal,3176,9.3007,0.00065836,93.0,0.29999999999999893,-8.79999999999978e-07,3.8000000000000056e-05,-1.0833324861364744,bismuth_trial_3
97,bismuth,3,7.92,1.0,1.0,9800.0,130.0,9.7007,0.14371301342409087,-0.6972910346226501,metal,3176,9.3007,0.00065836,93.0,0.3999999999999986,-2.1599999999999658e-06,3.798000000000007e-05,-0.6350397526258952,bismuth_trial_3
98,bismuth,3,7.92,1.0,1.0,9800.0,130.0,9.8007,-0.07414728770025257,-0.7086219942498491,metal,3176,9.3007,0.00065836,93.0,0.5,-2.9999999999999645e-06,3.795999999999997e-05,-0.3432936879603151,bismuth_trial_3
99,bismuth,3,7.92,1.0,1.0,9800.0,130.0,9.9007,-0.22457463847659165,-0.7086219942498491,metal,3176,9.3007,0.00065836,93.0,0.5999999999999996,-3.5799999999999894e-06,3.795999999999997e-05,-0.1369367153919441,bismuth_trial_3
100,bismuth,3,7.92,1.0,1.0,9800.0,130.0,10.000660000000002,-0.32831763901199595,-0.7086219942498491,metal,3176,9.3007,0.00065836,93.0,0.6999600000000008,-3.979999999999999e-06,3.795999999999997e-05,0.0053784381034815325,bismuth_trial_3
101,bismuth,3,7.92,1.0,1.0,9800.0,130.0,10.100700000000002,-0.42168633949386547,-0.7086219942498491,metal,3176,9.3007,0.00065836,93.0,0.8000000000000007,-4.34000000000003e-06,3.795999999999997e-05,0.1334620762493723,bismuth_trial_3
102,bismuth,3,7.92,1.0,1.0,9800.0,130.0,10.20066,-0.48911928984186986,-0.7086219942498491,metal,3176,9.3007,0.00065836,93.0,0.8999599999999983,-4.600000000000003e-06,3.795999999999997e-05,0.2259669260213874,bismuth_trial_3
103,bismuth,3,7.92,1.0,1.0,9800.0,130.0,10.30066,-0.5461779401363394,-0.7199529538769865,metal,3176,9.3007,0.00065836,93.0,0.9999599999999997,-4.819999999999998e-06,3.793999999999998e-05,0.2971245027691002,bismuth_trial_3
104,bismuth,3,7.92,1.0,1.0,9800.0,130.0,10.4007,-0.5980494404040415,-0.7312839135041241,metal,3176,9.3007,0.00065836,93.0,1.0999999999999996,-5.020000000000003e-06,3.791999999999999e-05,0.3611663218420456,bismuth_trial_3
105,bismuth,3,7.92,1.0,1.0,9800.0,130.0,10.500660000000002,-0.6395466406182089,-0.7426148731312617,metal,3176,9.3007,0.00065836,93.0,1.1999600000000008,-5.180000000000028e-06,3.79e-05,0.41097662556545617,bismuth_trial_3
106,bismuth,3,7.92,1.0,1.0,9800.0,130.0,10.600700000000002,-0.6758566908055808,-0.7766077520126745,metal,3176,9.3007,0.00065836,93.0,1.3000000000000007,-5.319999999999956e-06,3.784000000000003e-05,0.43943965626452586,bismuth_trial_3
107,bismuth,3,7.92,1.0,1.0,9800.0,130.0,10.7007,-0.7121667409929807,-0.787938711639812,metal,3176,9.3007,0.00065836,93.0,1.3999999999999986,-5.459999999999992e-06,3.782000000000004e-05,0.48213420231316895,bismuth_trial_3
108,bismuth,3,7.92,1.0,1.0,9800.0,130.0,10.80066,-0.7381024911268177,-0.8106006308940872,metal,3176,9.3007,0.00065836,93.0,1.4999599999999997,-5.55999999999994e-06,3.778000000000006e-05,0.5034814753374712,bismuth_trial_3
109,bismuth,3,7.92,1.0,1.0,9800.0,130.0,10.90066,-0.7744125413142177,-0.8445935097755614,metal,3176,9.3007,0.00065836,93.0,1.5999599999999994,-5.699999999999976e-06,3.7719999999999984e-05,0.531944506036541,bismuth_trial_3
110,bismuth,3,7.92,1.0,1.0,9800.0,130.0,11.000660000000002,-0.7899739913945198,-0.8672554290298365,metal,3176,9.3007,0.00065836,93.0,1.6999600000000008,-5.759999999999945e-06,3.7680000000000005e-05,0.5390602637113083,bismuth_trial_3
111,bismuth,3,7.92,1.0,1.0,9800.0,130.0,11.100700000000002,-0.8107225915016176,-0.9125792675383868,metal,3176,9.3007,0.00065836,93.0,1.8000000000000007,-5.840000000000012e-06,3.7600000000000047e-05,0.539060263711347,bismuth_trial_3
112,bismuth,3,7.92,1.0,1.0,9800.0,130.0,11.2007,-0.8314711916086872,-0.946572146419861,metal,3176,9.3007,0.00065836,93.0,1.8999999999999986,-5.9199999999999704e-06,3.753999999999997e-05,0.5461760213860758,bismuth_trial_3
113,bismuth,3,7.92,1.0,1.0,9800.0,130.0,11.30066,-0.8574069417425524,-0.9805650253012737,metal,3176,9.3007,0.00065836,93.0,1.9999599999999997,-6.020000000000027e-06,3.748e-05,0.5604075367356491,bismuth_trial_3
114,bismuth,3,7.92,1.0,1.0,9800.0,130.0,11.40066,-0.878155541849622,-1.0372198234369616,metal,3176,9.3007,0.00065836,93.0,2.0999599999999994,-6.099999999999986e-06,3.738000000000005e-05,0.5532917790608818,bismuth_trial_3
115,bismuth,3,7.92,1.0,1.0,9800.0,130.0,11.500660000000002,-0.8885298419031568,-1.0712127023184357,metal,3176,9.3007,0.00065836,93.0,2.199960000000001,-6.139999999999965e-06,3.7319999999999975e-05,0.5461760213860758,bismuth_trial_3
116,bismuth,3,7.92,1.0,1.0,9800.0,130.0,11.60066,-0.904091291983459,-1.116536540826986,metal,3176,9.3007,0.00065836,93.0,2.2999599999999987,-6.199999999999934e-06,3.7240000000000016e-05,0.5390602637113083,bismuth_trial_3
117,bismuth,3,7.92,1.0,1.0,9800.0,130.0,11.7007,-0.9248398920905567,-1.1731913389626738,metal,3176,9.3007,0.00065836,93.0,2.3999999999999986,-6.280000000000001e-06,3.714000000000007e-05,0.5319445060365795,bismuth_trial_3
118,bismuth,3,7.92,1.0,1.0,9800.0,130.0,11.8007,-0.9352141921440915,-1.2185151774712855,metal,3176,9.3007,0.00065836,93.0,2.5,-6.31999999999998e-06,3.706e-05,0.517712990687006,bismuth_trial_3
119,bismuth,3,7.92,1.0,1.0,9800.0,130.0,11.90066,-0.9455884921976263,-1.2638390159798358,metal,3176,9.3007,0.00065836,93.0,2.5999599999999994,-6.3599999999999594e-06,3.698000000000004e-05,0.5034814753374712,bismuth_trial_3
120,bismuth,3,7.92,1.0,1.0,9800.0,130.0,12.0007,-0.9611499422779285,-1.3091628544884475,metal,3176,9.3007,0.00065836,93.0,2.6999999999999993,-6.419999999999928e-06,3.6899999999999975e-05,0.49636571766266524,bismuth_trial_3
121,bismuth,3,7.92,1.0,1.0,9800.0,130.0,12.10066,-0.9611499422779285,-1.3544866929969979,metal,3176,9.3007,0.00065836,93.0,2.7999599999999987,-6.419999999999928e-06,3.682000000000002e-05,0.46790268696359555,bismuth_trial_3
122,bismuth,3,7.92,1.0,1.0,9800.0,130.0,12.2007,-0.9767113923582589,-1.4224724507598847,metal,3176,9.3007,0.00065836,93.0,2.8999999999999986,-6.480000000000006e-06,3.669999999999997e-05,0.44655541393929327,bismuth_trial_3
123,bismuth,3,7.92,1.0,1.0,9800.0,130.0,12.3007,-0.9922728424385611,-1.467796289268435,metal,3176,9.3007,0.00065836,93.0,3.0,-6.539999999999975e-06,3.662000000000001e-05,0.43943965626452586,bismuth_trial_3
124,bismuth,3,7.92,1.0,1.0,9800.0,130.0,12.4007,-1.002647142492096,-1.5131201277769852,metal,3176,9.3007,0.00065836,93.0,3.0999999999999996,-6.579999999999954e-06,3.654000000000005e-05,0.425208140914991,bismuth_trial_3
125,bismuth,3,7.92,1.0,1.0,9800.0,130.0,12.500660000000002,-1.0078342925188633,-1.5697749259127347,metal,3176,9.3007,0.00065836,93.0,3.199960000000001,-6.599999999999944e-06,3.644e-05,0.3967451102158827,bismuth_trial_3
126,bismuth,3,7.92,1.0,1.0,9800.0,130.0,12.60071,-1.0182085925724262,-1.6264297240484225,metal,3176,9.3007,0.00065836,93.0,3.3000099999999986,-6.640000000000031e-06,3.634000000000005e-05,0.375397837191619,bismuth_trial_3
127,bismuth,3,7.92,1.0,1.0,9800.0,130.0,12.70066,-1.028582892625961,-1.6717535625570343,metal,3176,9.3007,0.00065836,93.0,3.3999599999999983,-6.680000000000011e-06,3.625999999999998e-05,0.3611663218420456,bismuth_trial_3
128,bismuth,3,7.92,1.0,1.0,9800.0,130.0,12.80066,-1.0389571926794958,-1.7170774010655845,metal,3176,9.3007,0.00065836,93.0,3.4999599999999997,-6.71999999999999e-06,3.618000000000002e-05,0.34693480649251074,bismuth_trial_3
129,bismuth,3,7.92,1.0,1.0,9800.0,130.0,12.90066,-1.0389571926794958,-1.7737321992012725,metal,3176,9.3007,0.00065836,93.0,3.5999599999999994,-6.71999999999999e-06,3.6080000000000075e-05,0.31135601811867364,bismuth_trial_3
130,bismuth,3,7.92,1.0,1.0,9800.0,130.0,13.000660000000002,-1.0545186427597981,-1.796394118455609,metal,3176,9.3007,0.00065836,93.0,3.699960000000001,-6.779999999999959e-06,3.603999999999999e-05,0.31847177579340247,bismuth_trial_3
131,bismuth,3,7.92,1.0,1.0,9800.0,130.0,13.100700000000002,-1.0545186427597981,-1.853048916591297,metal,3176,9.3007,0.00065836,93.0,3.8000000000000007,-6.779999999999959e-06,3.594000000000004e-05,0.28289298741956537,bismuth_trial_3
132,bismuth,3,7.92,1.0,1.0,9800.0,130.0,13.20066,-1.0700800928401002,-1.8983727550999085,metal,3176,9.3007,0.00065836,93.0,3.8999599999999983,-6.839999999999928e-06,3.585999999999997e-05,0.2757772297447594,bismuth_trial_3
133,bismuth,3,7.92,1.0,1.0,9800.0,130.0,13.3007,-1.0700800928401002,-1.9550275532355965,metal,3176,9.3007,0.00065836,93.0,4.0,-6.839999999999928e-06,3.5760000000000024e-05,0.24019844137092225,bismuth_trial_3
134,bismuth,3,7.92,1.0,1.0,9800.0,130.0,13.40066,-1.0804543928936632,-2.0116823513712845,metal,3176,9.3007,0.00065836,93.0,4.099959999999999,-6.8800000000000154e-06,3.5660000000000075e-05,0.21885116834665855,bismuth_trial_3
135,bismuth,3,7.92,1.0,1.0,9800.0,130.0,13.500660000000002,-1.090828692947198,-2.0456752302527583,metal,3176,9.3007,0.00065836,93.0,4.199960000000001,-6.919999999999995e-06,3.56e-05,0.21173541067185256,bismuth_trial_3
136,bismuth,3,7.92,1.0,1.0,9800.0,130.0,13.60066,-1.090828692947198,-2.1249919476427213,metal,3176,9.3007,0.00065836,93.0,4.299959999999999,-6.919999999999995e-06,3.546000000000007e-05,0.16192510694848058,bismuth_trial_3
137,bismuth,3,7.92,1.0,1.0,9800.0,130.0,13.70066,-1.1012029930007328,-2.1363229072699204,metal,3176,9.3007,0.00065836,93.0,4.399959999999998,-6.959999999999974e-06,3.543999999999997e-05,0.16904086462320944,bismuth_trial_3
138,bismuth,3,7.92,1.0,1.0,9800.0,130.0,13.8007,-1.1012029930007328,-2.1929777054056085,metal,3176,9.3007,0.00065836,93.0,4.5,-6.959999999999974e-06,3.5340000000000024e-05,0.1334620762493723,bismuth_trial_3
139,bismuth,3,7.92,1.0,1.0,9800.0,130.0,13.900660000000002,-1.1115772930542676,-2.2383015439141585,metal,3176,9.3007,0.00065836,93.0,4.599960000000001,-6.999999999999953e-06,3.5260000000000066e-05,0.11923056089983747,bismuth_trial_3
140,bismuth,3,7.92,1.0,1.0,9800.0,130.0,14.000660000000002,-1.1115772930542676,-2.2722944227956328,metal,3176,9.3007,0.00065836,93.0,4.699960000000001,-6.999999999999953e-06,3.519999999999999e-05,0.09788328787549662,bismuth_trial_3
141,bismuth,3,7.92,1.0,1.0,9800.0,130.0,14.10066,-1.1219515931078023,-2.3289492209313205,metal,3176,9.3007,0.00065836,93.0,4.799959999999999,-7.039999999999933e-06,3.510000000000004e-05,0.07653601485119435,bismuth_trial_3
142,bismuth,3,7.92,1.0,1.0,9800.0,130.0,14.20066,-1.1323258931613653,-2.374273059439932,metal,3176,9.3007,0.00065836,93.0,4.899959999999998,-7.08000000000002e-06,3.501999999999997e-05,0.0623044995016595,bismuth_trial_3
143,bismuth,3,7.92,1.0,1.0,9800.0,130.0,14.3007,-1.1375130431881328,-2.4195968979484825,metal,3176,9.3007,0.00065836,93.0,5.0,-7.10000000000001e-06,3.4940000000000014e-05,0.04095722647735723,bismuth_trial_3
113,bismuth,4,7.92,1.0,1.0,9800.0,130.0,11.3007,1.0514642681088646,1.0476767479573963,metal,3176,11.3007,0.0006597,113.0,0.0,0.0,3.9719999999999925e-05,-0.7844706637961268,bismuth_trial_4
114,bismuth,4,7.92,1.0,1.0,9800.0,130.0,11.40066,1.0462771180820971,1.0476767479573963,metal,3176,11.3007,0.0006597,113.0,0.09995999999999938,-1.9999999999989644e-08,3.9719999999999925e-05,-0.7773549061213594,bismuth_trial_4
115,bismuth,4,7.92,1.0,1.0,9800.0,130.0,11.500660000000002,1.0359028180285343,1.0476767479573963,metal,3176,11.3007,0.0006597,113.0,0.1999600000000008,-6.000000000007735e-08,3.9719999999999925e-05,-0.763123390771786,bismuth_trial_4
116,bismuth,4,7.92,1.0,1.0,9800.0,130.0,11.60066,0.9736570177072973,1.0136838690759837,metal,3176,11.3007,0.0006597,113.0,0.29995999999999867,-3.000000000000615e-07,3.9659999999999956e-05,-0.6990815716988406,bismuth_trial_4
117,bismuth,4,7.92,1.0,1.0,9800.0,130.0,11.70066,0.3771347646287365,0.9003742728045465,metal,3176,11.3007,0.0006597,113.0,0.3999599999999983,-2.600000000000063e-06,3.945999999999995e-05,0.04807298415212465,bismuth_trial_4
118,bismuth,4,7.92,1.0,1.0,9800.0,130.0,11.80066,0.02440856280838434,0.9003742728045465,metal,3176,11.3007,0.0006597,113.0,0.49995999999999974,-3.9600000000000095e-06,3.945999999999995e-05,0.531944506036541,bismuth_trial_4
119,bismuth,4,7.92,1.0,1.0,9800.0,130.0,11.90066,-0.1727031382088895,0.8777123535502713,metal,3176,11.3007,0.0006597,113.0,0.5999599999999994,-4.72000000000005e-06,3.941999999999997e-05,0.7881117823283225,bismuth_trial_4
120,bismuth,4,7.92,1.0,1.0,9800.0,130.0,12.0007,-0.31275618893169377,0.8777123535502713,metal,3176,11.3007,0.0006597,113.0,0.6999999999999993,-5.260000000000095e-06,3.941999999999997e-05,0.9802372395471587,bismuth_trial_4
121,bismuth,4,7.92,1.0,1.0,9800.0,130.0,12.10066,-0.40612488941353514,0.8777123535502713,metal,3176,11.3007,0.0006597,113.0,0.7999599999999987,-5.620000000000017e-06,3.941999999999997e-05,1.108320877693011,bismuth_trial_4
122,bismuth,4,7.92,1.0,1.0,9800.0,130.0,12.20066,-0.49430643986863726,0.8663813939231337,metal,3176,11.3007,0.0006597,113.0,0.8999599999999983,-5.960000000000058e-06,3.939999999999998e-05,1.2221730004893667,bismuth_trial_4
123,bismuth,4,7.92,1.0,1.0,9800.0,130.0,12.30066,-0.5617393902166417,0.8550504342959961,metal,3176,11.3007,0.0006597,113.0,0.9999599999999997,-6.220000000000032e-06,3.937999999999999e-05,1.3075620925866145,bismuth_trial_4
124,bismuth,4,7.92,1.0,1.0,9800.0,130.0,12.4007,-0.6084237404575764,0.8437194746688585,metal,3176,11.3007,0.0006597,113.0,1.0999999999999996,-6.400000000000047e-06,3.936e-05,1.3644881539847924,bismuth_trial_4
125,bismuth,4,7.92,1.0,1.0,9800.0,130.0,12.500660000000002,-0.6602952407252786,0.8437194746688585,metal,3176,11.3007,0.0006597,113.0,1.1999600000000008,-6.600000000000052e-06,3.936e-05,1.4356457307325052,bismuth_trial_4
126,bismuth,4,7.92,1.0,1.0,9800.0,130.0,12.600700000000002,-0.6966052909126784,0.7983956361602469,metal,3176,11.3007,0.0006597,113.0,1.3000000000000007,-6.740000000000088e-06,3.9279999999999936e-05,1.4569930037568075,bismuth_trial_4
127,bismuth,4,7.92,1.0,1.0,9800.0,130.0,12.70066,-0.7381024911268177,0.7644027572788341,metal,3176,11.3007,0.0006597,113.0,1.3999599999999983,-6.900000000000005e-06,3.921999999999997e-05,1.4925717921306445,bismuth_trial_4
128,bismuth,4,7.92,1.0,1.0,9800.0,130.0,12.80066,-0.7692253912874503,0.741740838024559,metal,3176,11.3007,0.0006597,113.0,1.4999599999999997,-7.020000000000051e-06,3.917999999999999e-05,1.5210348228297528,bismuth_trial_4
129,bismuth,4,7.92,1.0,1.0,9800.0,130.0,12.9007,-0.7899739913945198,0.6850860398888097,metal,3176,11.3007,0.0006597,113.0,1.5999999999999996,-7.10000000000001e-06,3.907999999999993e-05,1.5139190651549468,bismuth_trial_4
130,bismuth,4,7.92,1.0,1.0,9800.0,130.0,13.00067,-0.8210968915551524,0.6397622013802594,metal,3176,11.3007,0.0006597,113.0,1.6999699999999986,-7.220000000000056e-06,3.899999999999997e-05,1.5281505805045204,bismuth_trial_4
131,bismuth,4,7.92,1.0,1.0,9800.0,130.0,13.100700000000002,-0.8522197917157568,0.6057693224988466,metal,3176,11.3007,0.0006597,113.0,1.8000000000000007,-7.339999999999994e-06,3.894e-05,1.5494978535288226,bismuth_trial_4
132,bismuth,4,7.92,1.0,1.0,9800.0,130.0,13.2007,-0.8677812417960872,0.5377835647359598,metal,3176,11.3007,0.0006597,113.0,1.8999999999999986,-7.4000000000000715e-06,3.881999999999996e-05,1.5281505805045204,bismuth_trial_4
133,bismuth,4,7.92,1.0,1.0,9800.0,130.0,13.30066,-0.8833426918763894,0.4924597262274095,metal,3176,11.3007,0.0006597,113.0,1.9999599999999997,-7.46000000000004e-06,3.874e-05,1.5210348228297528,bismuth_trial_4
134,bismuth,4,7.92,1.0,1.0,9800.0,130.0,13.40066,-0.9092784420102545,0.4358049280916602,metal,3176,11.3007,0.0006597,113.0,2.0999599999999994,-7.560000000000097e-06,3.863999999999994e-05,1.5210348228297528,bismuth_trial_4
135,bismuth,4,7.92,1.0,1.0,9800.0,130.0,13.500660000000002,-0.9248398920905567,0.37915012995597236,metal,3176,11.3007,0.0006597,113.0,2.199960000000001,-7.620000000000066e-06,3.8539999999999994e-05,1.506803307480218,bismuth_trial_4
136,bismuth,4,7.92,1.0,1.0,9800.0,130.0,13.60066,-0.9404013421708589,0.32249533182022305,metal,3176,11.3007,0.0006597,113.0,2.2999599999999987,-7.680000000000035e-06,3.843999999999994e-05,1.4925717921306445,bismuth_trial_4
137,bismuth,4,7.92,1.0,1.0,9800.0,130.0,13.7007,-0.9559627922511611,0.24317861443026004,metal,3176,11.3007,0.0006597,113.0,2.3999999999999986,-7.740000000000004e-06,3.830000000000001e-05,1.4641087614315749,bismuth_trial_4
138,bismuth,4,7.92,1.0,1.0,9800.0,130.0,13.8007,-0.9663370923047241,0.19785477592164832,metal,3176,11.3007,0.0006597,113.0,2.5,-7.780000000000092e-06,3.821999999999994e-05,1.4498772460820402,bismuth_trial_4
139,bismuth,4,7.92,1.0,1.0,9800.0,130.0,13.900670000000002,-0.9818985423850263,0.12986901815882287,metal,3176,11.3007,0.0006597,113.0,2.599970000000001,-7.84000000000006e-06,3.8100000000000005e-05,1.4285299730577379,bismuth_trial_4
140,bismuth,4,7.92,1.0,1.0,9800.0,130.0,14.000660000000002,-0.9922728424385611,0.07321422002307357,metal,3176,11.3007,0.0006597,113.0,2.699960000000001,-7.88000000000004e-06,3.799999999999995e-05,1.407182700033397,bismuth_trial_4
141,bismuth,4,7.92,1.0,1.0,9800.0,130.0,14.100700000000002,-1.0078342925188633,-0.006102497366950874,metal,3176,11.3007,0.0006597,113.0,2.8000000000000007,-7.940000000000009e-06,3.785999999999991e-05,1.3787196693342887,bismuth_trial_4
142,bismuth,4,7.92,1.0,1.0,9800.0,130.0,14.2007,-1.0182085925724262,-0.07408825512977632,metal,3176,11.3007,0.0006597,113.0,2.8999999999999986,-7.980000000000096e-06,3.7739999999999974e-05,1.3502566386352575,bismuth_trial_4
143,bismuth,4,7.92,1.0,1.0,9800.0,130.0,14.3007,-1.028582892625961,-0.13074305326552563,metal,3176,11.3007,0.0006597,113.0,3.0,-8.020000000000076e-06,3.763999999999992e-05,1.3289093656109168,bismuth_trial_4
144,bismuth,4,7.92,1.0,1.0,9800.0,130.0,14.400660000000002,-1.0389571926794958,-0.19872881102835105,metal,3176,11.3007,0.0006597,113.0,3.099960000000001,-8.060000000000055e-06,3.751999999999998e-05,1.300446334911847,bismuth_trial_4
145,bismuth,4,7.92,1.0,1.0,9800.0,130.0,14.500660000000002,-1.0493314927330306,-0.25538360916410036,metal,3176,11.3007,0.0006597,113.0,3.199960000000001,-8.100000000000034e-06,3.741999999999992e-05,1.2790990618875062,bismuth_trial_4
146,bismuth,4,7.92,1.0,1.0,9800.0,130.0,14.60066,-1.0597057927865654,-0.3347003265540634,metal,3176,11.3007,0.0006597,113.0,3.2999599999999987,-8.140000000000014e-06,3.7279999999999995e-05,1.243520273513669,bismuth_trial_4
147,bismuth,4,7.92,1.0,1.0,9800.0,130.0,14.70066,-1.064892942813333,-0.3800241650626751,metal,3176,11.3007,0.0006597,113.0,3.3999599999999983,-8.160000000000003e-06,3.719999999999993e-05,1.2221730004893283,bismuth_trial_4
148,bismuth,4,7.92,1.0,1.0,9800.0,130.0,14.80066,-1.0752672428668957,-0.44800992282550056,metal,3176,11.3007,0.0006597,113.0,3.4999599999999997,-8.200000000000091e-06,3.707999999999999e-05,1.193709969790297,bismuth_trial_4
149,bismuth,4,7.92,1.0,1.0,9800.0,130.0,14.900660000000002,-1.0856415429204307,-0.5159956805883874,metal,3176,11.3007,0.0006597,113.0,3.599960000000001,-8.24000000000007e-06,3.6959999999999944e-05,1.1652469390911888,bismuth_trial_4
150,bismuth,4,7.92,1.0,1.0,9800.0,130.0,15.000660000000002,-1.0960158429739655,-0.5726504787240753,metal,3176,11.3007,0.0006597,113.0,3.699960000000001,-8.28000000000005e-06,3.6859999999999996e-05,1.1438996660668865,bismuth_trial_4
151,bismuth,4,7.92,1.0,1.0,9800.0,130.0,15.100700000000002,-1.0960158429739655,-0.6406362364869621,metal,3176,11.3007,0.0006597,113.0,3.8000000000000007,-8.28000000000005e-06,3.673999999999995e-05,1.1012051200182433,bismuth_trial_4
152,bismuth,4,7.92,1.0,1.0,9800.0,130.0,15.2007,-1.1115772930542676,-0.6972910346226501,metal,3176,11.3007,0.0006597,113.0,3.8999999999999986,-8.340000000000018e-06,3.664e-05,1.0869736046687086,bismuth_trial_4
153,bismuth,4,7.92,1.0,1.0,9800.0,130.0,15.30066,-1.116764443081035,-0.7539458327583993,metal,3176,11.3007,0.0006597,113.0,3.9999599999999997,-8.360000000000008e-06,3.6539999999999945e-05,1.0585105739696004,bismuth_trial_4
154,bismuth,4,7.92,1.0,1.0,9800.0,130.0,15.400660000000002,-1.1219515931078023,-0.8106006308940872,metal,3176,11.3007,0.0006597,113.0,4.099960000000001,-8.379999999999998e-06,3.644e-05,1.0300475432705307,bismuth_trial_4
155,bismuth,4,7.92,1.0,1.0,9800.0,130.0,15.500700000000002,-1.1323258931613653,-0.8672554290298365,metal,3176,11.3007,0.0006597,113.0,4.200000000000001,-8.420000000000085e-06,3.633999999999994e-05,1.0087002702462284,bismuth_trial_4
156,bismuth,4,7.92,1.0,1.0,9800.0,130.0,15.600700000000002,-1.1375130431881328,-0.9125792675383868,metal,3176,11.3007,0.0006597,113.0,4.300000000000001,-8.440000000000075e-06,3.625999999999998e-05,0.987352997221926,bismuth_trial_4
157,bismuth,4,7.92,1.0,1.0,9800.0,130.0,15.7007,-1.1427001932149001,-0.9805650253012737,metal,3176,11.3007,0.0006597,113.0,4.399999999999999,-8.460000000000065e-06,3.6139999999999935e-05,0.9517742088480504,bismuth_trial_4
158,bismuth,4,7.92,1.0,1.0,9800.0,130.0,15.80066,-1.153074493268435,-1.0372198234369616,metal,3176,11.3007,0.0006597,113.0,4.49996,-8.500000000000044e-06,3.603999999999999e-05,0.9304269358237481,bismuth_trial_4
159,bismuth,4,7.92,1.0,1.0,9800.0,130.0,15.9007,-1.153074493268435,-1.0938746215727109,metal,3176,11.3007,0.0006597,113.0,4.6,-8.500000000000044e-06,3.593999999999993e-05,0.8948481474498724,bismuth_trial_4
160,bismuth,4,7.92,1.0,1.0,9800.0,130.0,16.000700000000002,-1.1634487933219697,-1.139198460081261,metal,3176,11.3007,0.0006597,113.0,4.700000000000001,-8.540000000000023e-06,3.585999999999997e-05,0.8806166321003376,bismuth_trial_4
161,bismuth,4,7.92,1.0,1.0,9800.0,130.0,16.1007,-1.1686359433487372,-1.1958532582170105,metal,3176,11.3007,0.0006597,113.0,4.799999999999999,-8.560000000000013e-06,3.5759999999999915e-05,0.8521536014012293,bismuth_trial_4
162,bismuth,4,7.92,1.0,1.0,9800.0,130.0,16.200660000000003,-1.179010243402272,-1.2525080563526982,metal,3176,11.3007,0.0006597,113.0,4.899960000000002,-8.599999999999992e-06,3.565999999999997e-05,0.830806328376927,bismuth_trial_4
163,bismuth,4,7.92,1.0,1.0,9800.0,130.0,16.30066,-1.1738230933755045,-1.3091628544884475,metal,3176,11.3007,0.0006597,113.0,4.99996,-8.580000000000003e-06,3.555999999999991e-05,0.7881117823282839,bismuth_trial_4
117,bismuth,5,7.92,1.0,1.0,9800.0,130.0,11.70066,1.0307156680017668,0.9683600305674334,metal,3176,11.70066,0.00065962,117.0,0.0,0.0,3.9660000000000064e-05,-0.8058179368203905,bismuth_trial_5
118,bismuth,5,7.92,1.0,1.0,9800.0,130.0,11.80066,1.0151542179214645,0.9683600305674334,metal,3176,11.70066,0.00065962,117.0,0.10000000000000142,-5.999999999996893e-08,3.9660000000000064e-05,-0.7844706637960882,bismuth_trial_5
119,bismuth,5,7.92,1.0,1.0,9800.0,130.0,11.90066,1.0099670678946973,0.979690990194571,metal,3176,11.70066,0.00065962,117.0,0.20000000000000107,-7.999999999995858e-08,3.9680000000000054e-05,-0.7702391484465534,bismuth_trial_5
120,bismuth,5,7.92,1.0,1.0,9800.0,130.0,12.0007,0.994405617814395,0.9456981113130968,metal,3176,11.70066,0.00065962,117.0,0.300040000000001,-1.399999999999275e-07,3.9619999999999976e-05,-0.770239148446592,bismuth_trial_5
121,bismuth,5,7.92,1.0,1.0,9800.0,130.0,12.10067,0.5638721655924755,0.8437194746688585,metal,3176,11.70066,0.00065962,117.0,0.40001,-1.7999999999999353e-06,3.944000000000007e-05,-0.24367308051349404,bismuth_trial_5
122,bismuth,5,7.92,1.0,1.0,9800.0,130.0,12.20066,0.12296441331702125,0.821057555414522,metal,3176,11.70066,0.00065962,117.0,0.5,-3.4999999999999224e-06,3.939999999999998e-05,0.34693480649247216,bismuth_trial_5
123,bismuth,5,7.92,1.0,1.0,9800.0,130.0,12.30066,-0.12601878796795474,0.821057555414522,metal,3176,11.70066,0.00065962,117.0,0.6000000000000014,-4.4599999999999675e-06,3.939999999999998e-05,0.6884911748815014,bismuth_trial_5
124,bismuth,5,7.92,1.0,1.0,9800.0,130.0,12.40066,-0.2816332887710612,0.7983956361602469,metal,3176,11.70066,0.00065962,117.0,0.7000000000000011,-5.059999999999982e-06,3.936e-05,0.8877323897751049,bismuth_trial_5
125,bismuth,5,7.92,1.0,1.0,9800.0,130.0,12.5007,-0.39575058936000035,0.7983956361602469,metal,3176,11.70066,0.00065962,117.0,0.800040000000001,-5.499999999999971e-06,3.936e-05,1.0442790586200654,bismuth_trial_5
126,bismuth,5,7.92,1.0,1.0,9800.0,130.0,12.600700000000002,-0.48911928984186986,0.7983956361602469,metal,3176,11.70066,0.00065962,117.0,0.9000400000000024,-5.8600000000000015e-06,3.936e-05,1.1723626967659562,bismuth_trial_5
127,bismuth,5,7.92,1.0,1.0,9800.0,130.0,12.7007,-0.5565522401898743,0.7870646765331093,metal,3176,11.70066,0.00065962,117.0,1.0000400000000003,-6.119999999999975e-06,3.934000000000001e-05,1.257751788863204,bismuth_trial_5
128,bismuth,5,7.92,1.0,1.0,9800.0,130.0,12.80066,-0.6239851905378786,0.7757337169059717,metal,3176,11.70066,0.00065962,117.0,1.1000000000000014,-6.379999999999949e-06,3.932000000000002e-05,1.3431408809604515,bismuth_trial_5
129,bismuth,5,7.92,1.0,1.0,9800.0,130.0,12.9007,-0.665482390752046,0.741740838024559,metal,3176,11.70066,0.00065962,117.0,1.2000400000000013,-6.539999999999975e-06,3.9260000000000054e-05,1.3787196693343273,bismuth_trial_5
130,bismuth,5,7.92,1.0,1.0,9800.0,130.0,13.000700000000002,-0.7121667409929807,0.741740838024559,metal,3176,11.70066,0.00065962,117.0,1.3000400000000027,-6.71999999999999e-06,3.9260000000000054e-05,1.4427614884072726,bismuth_trial_5
131,bismuth,5,7.92,1.0,1.0,9800.0,130.0,13.100700000000002,-0.7536639412071481,0.7077479591430849,metal,3176,11.70066,0.00065962,117.0,1.4000400000000024,-6.8800000000000154e-06,3.919999999999998e-05,1.4783402767811098,bismuth_trial_5
132,bismuth,5,7.92,1.0,1.0,9800.0,130.0,13.2007,-0.7795996913409851,0.6737550802616721,metal,3176,11.70066,0.00065962,117.0,1.5000400000000003,-6.979999999999964e-06,3.914000000000001e-05,1.4925717921306445,bismuth_trial_5
133,bismuth,5,7.92,1.0,1.0,9800.0,130.0,13.30066,-0.8107225915016176,0.6397622013802594,metal,3176,11.70066,0.00065962,117.0,1.6000000000000014,-7.10000000000001e-06,3.908000000000004e-05,1.5139190651549854,bismuth_trial_5
134,bismuth,5,7.92,1.0,1.0,9800.0,130.0,13.4007,-0.8366583416354546,0.5831074032445102,metal,3176,11.70066,0.00065962,117.0,1.7000400000000013,-7.199999999999958e-06,3.897999999999998e-05,1.5139190651549468,bismuth_trial_5
135,bismuth,5,7.92,1.0,1.0,9800.0,130.0,13.500700000000002,-0.8625940917693198,0.5377835647359598,metal,3176,11.70066,0.00065962,117.0,1.8000400000000027,-7.300000000000015e-06,3.8900000000000024e-05,1.5210348228297528,bismuth_trial_5
136,bismuth,5,7.92,1.0,1.0,9800.0,130.0,13.600700000000002,-0.8833426918763894,0.48112876660027193,metal,3176,11.70066,0.00065962,117.0,1.9000400000000024,-7.379999999999973e-06,3.8800000000000076e-05,1.5139190651549854,bismuth_trial_5
137,bismuth,5,7.92,1.0,1.0,9800.0,130.0,13.7007,-0.9092784420102545,0.4358049280916602,metal,3176,11.70066,0.00065962,117.0,2.0000400000000003,-7.48000000000003e-06,3.872000000000001e-05,1.5210348228297528,bismuth_trial_5
138,bismuth,5,7.92,1.0,1.0,9800.0,130.0,13.8007,-0.9248398920905567,0.36781917032883477,metal,3176,11.70066,0.00065962,117.0,2.1000400000000017,-7.539999999999999e-06,3.860000000000007e-05,1.4996875498054507,bismuth_trial_5
139,bismuth,5,7.92,1.0,1.0,9800.0,130.0,13.9007,-0.9507756422243937,0.31116437219308546,metal,3176,11.70066,0.00065962,117.0,2.2000400000000013,-7.639999999999947e-06,3.8500000000000014e-05,1.499687549805412,bismuth_trial_5
140,bismuth,5,7.92,1.0,1.0,9800.0,130.0,14.00067,-0.9611499422779285,0.2545095740573976,metal,3176,11.70066,0.00065962,117.0,2.3000100000000003,-7.679999999999926e-06,3.8400000000000066e-05,1.4783402767811098,bismuth_trial_5
141,bismuth,5,7.92,1.0,1.0,9800.0,130.0,14.100700000000002,-0.9767113923582589,0.2091857355487859,metal,3176,11.70066,0.00065962,117.0,2.4000400000000024,-7.740000000000004e-06,3.832e-05,1.4712245191063424,bismuth_trial_5
142,bismuth,5,7.92,1.0,1.0,9800.0,130.0,14.2007,-0.9870856924117937,0.12986901815882287,metal,3176,11.70066,0.00065962,117.0,2.5000400000000003,-7.779999999999983e-06,3.818000000000007e-05,1.4356457307325052,bismuth_trial_5
143,bismuth,5,7.92,1.0,1.0,9800.0,130.0,14.30071,-1.002647142492096,0.05055230076879842,metal,3176,11.70066,0.00065962,117.0,2.6000500000000013,-7.839999999999952e-06,3.8040000000000036e-05,1.407182700033397,bismuth_trial_5
144,bismuth,5,7.92,1.0,1.0,9800.0,130.0,14.4007,-1.0130214425456308,0.005228462260248125,metal,3176,11.70066,0.00065962,117.0,2.7000400000000013,-7.879999999999931e-06,3.796000000000008e-05,1.392951184683862,bismuth_trial_5
145,bismuth,5,7.92,1.0,1.0,9800.0,130.0,14.500700000000002,-1.0337700426527285,-0.06275729550263874,metal,3176,11.70066,0.00065962,117.0,2.8000400000000027,-7.959999999999998e-06,3.784000000000003e-05,1.3787196693343273,bismuth_trial_5
146,bismuth,5,7.92,1.0,1.0,9800.0,130.0,14.60066,-1.0389571926794958,-0.11941209363838805,metal,3176,11.70066,0.00065962,117.0,2.9000000000000004,-7.979999999999988e-06,3.7739999999999974e-05,1.350256638635219,bismuth_trial_5
147,bismuth,5,7.92,1.0,1.0,9800.0,130.0,14.7007,-1.0493314927330306,-0.19872881102835105,metal,3176,11.70066,0.00065962,117.0,3.0000400000000003,-8.019999999999967e-06,3.7600000000000047e-05,1.3146778502613818,bismuth_trial_5
148,bismuth,5,7.92,1.0,1.0,9800.0,130.0,14.8007,-1.0597057927865654,-0.26671456879123795,metal,3176,11.70066,0.00065962,117.0,3.1000400000000017,-8.059999999999947e-06,3.748e-05,1.2862148195622736,bismuth_trial_5
149,bismuth,5,7.92,1.0,1.0,9800.0,130.0,14.9007,-1.0752672428668957,-0.3233693669269258,metal,3176,11.70066,0.00065962,117.0,3.2000400000000013,-8.120000000000024e-06,3.738000000000005e-05,1.2719833042127773,bismuth_trial_5
150,bismuth,5,7.92,1.0,1.0,9800.0,130.0,15.000700000000002,-1.0752672428668957,-0.39135512468981265,metal,3176,11.70066,0.00065962,117.0,3.3000400000000027,-8.120000000000024e-06,3.7260000000000006e-05,1.2292887581641343,bismuth_trial_5
151,bismuth,5,7.92,1.0,1.0,9800.0,130.0,15.100700000000002,-1.0856415429204307,-0.4593408824526381,metal,3176,11.70066,0.00065962,117.0,3.4000400000000024,-8.160000000000003e-06,3.714000000000007e-05,1.2008257274650644,bismuth_trial_5
152,bismuth,5,7.92,1.0,1.0,9800.0,130.0,15.20066,-1.0960158429739655,-0.5159956805883874,metal,3176,11.70066,0.00065962,117.0,3.5,-8.199999999999982e-06,3.704000000000001e-05,1.1794784544407237,bismuth_trial_5
153,bismuth,5,7.92,1.0,1.0,9800.0,130.0,15.3007,-1.1063901430275003,-0.5839814383512129,metal,3176,11.70066,0.00065962,117.0,3.6000400000000017,-8.239999999999962e-06,3.6920000000000073e-05,1.1510154237416539,bismuth_trial_5
154,bismuth,5,7.92,1.0,1.0,9800.0,130.0,15.4007,-1.1115772930542676,-0.6519671961140997,metal,3176,11.70066,0.00065962,117.0,3.7000400000000013,-8.259999999999951e-06,3.680000000000003e-05,1.1154366353677783,bismuth_trial_5
155,bismuth,5,7.92,1.0,1.0,9800.0,130.0,15.500660000000002,-1.1219515931078023,-0.7086219942498491,metal,3176,11.70066,0.00065962,117.0,3.8000000000000025,-8.29999999999993e-06,3.669999999999997e-05,1.0940893623434373,bismuth_trial_5
156,bismuth,5,7.92,1.0,1.0,9800.0,130.0,15.60066,-1.1323258931613653,-0.7766077520126745,metal,3176,11.70066,0.00065962,117.0,3.9000000000000004,-8.340000000000018e-06,3.658000000000003e-05,1.0656263316444063,bismuth_trial_5
157,bismuth,5,7.92,1.0,1.0,9800.0,130.0,15.70066,-1.1323258931613653,-0.8219315905212248,metal,3176,11.70066,0.00065962,117.0,4.0,-8.340000000000018e-06,3.6500000000000074e-05,1.0371633009453367,bismuth_trial_5
158,bismuth,5,7.92,1.0,1.0,9800.0,130.0,15.80066,-1.1478873432416676,-0.878586388656974,metal,3176,11.70066,0.00065962,117.0,4.100000000000001,-8.399999999999987e-06,3.640000000000002e-05,1.0229317855957631,bismuth_trial_5
159,bismuth,5,7.92,1.0,1.0,9800.0,130.0,15.900670000000002,-1.1478873432416676,-0.946572146419861,metal,3176,11.70066,0.00065962,117.0,4.2000100000000025,-8.399999999999987e-06,3.627999999999997e-05,0.98023723954712,bismuth_trial_5
160,bismuth,5,7.92,1.0,1.0,9800.0,130.0,16.00066,-1.1634487933219697,-1.0032269445555488,metal,3176,11.70066,0.00065962,117.0,4.300000000000001,-8.459999999999956e-06,3.618000000000002e-05,0.9660057241975852,bismuth_trial_5
161,bismuth,5,7.92,1.0,1.0,9800.0,130.0,16.1007,-1.1686359433487372,-1.0598817426912366,metal,3176,11.70066,0.00065962,117.0,4.400040000000001,-8.479999999999946e-06,3.6080000000000075e-05,0.9375426934985155,bismuth_trial_5
162,bismuth,5,7.92,1.0,1.0,9800.0,130.0,16.2007,-1.1686359433487372,-1.1052055811998485,metal,3176,11.70066,0.00065962,117.0,4.500040000000002,-8.479999999999946e-06,3.600000000000001e-05,0.9090796627994072,bismuth_trial_5
163,bismuth,5,7.92,1.0,1.0,9800.0,130.0,16.300700000000003,-1.1738230933755045,-1.1731913389626738,metal,3176,11.70066,0.00065962,117.0,4.6000400000000035,-8.499999999999936e-06,3.588000000000007e-05,0.8735008744255701,bismuth_trial_5
164,bismuth,5,7.92,1.0,1.0,9800.0,130.0,16.4007,-1.189384543455835,-1.2185151774712855,metal,3176,11.70066,0.00065962,117.0,4.700040000000001,-8.560000000000013e-06,3.58e-05,0.8663851167508028,bismuth_trial_5
165,bismuth,5,7.92,1.0,1.0,9800.0,130.0,16.500700000000002,-1.189384543455835,-1.2751699756069734,metal,3176,11.70066,0.00065962,117.0,4.800040000000003,-8.560000000000013e-06,3.5700000000000055e-05,0.8308063283769656,bismuth_trial_5
166,bismuth,5,7.92,1.0,1.0,9800.0,130.0,16.60067,-1.1945716934826023,-1.320493814115585,metal,3176,11.70066,0.00065962,117.0,4.900010000000002,-8.580000000000003e-06,3.561999999999999e-05,0.8094590553526247,bismuth_trial_5
167,bismuth,5,7.92,1.0,1.0,9800.0,130.0,16.7007,-1.1997588435093698,-1.377148612251273,metal,3176,11.70066,0.00065962,117.0,5.000040000000002,-8.599999999999992e-06,3.552000000000004e-05,0.7809960246535551,bismuth_trial_5
108,bismuth,6,7.92,1.0,1.0,9800.0,130.0,10.8007,1.0307156680017668,0.979690990194571,metal,3176,10.8007,0.00065962,108.0,0.0,0.0,3.9680000000000054e-05,-0.7987021791456231,bismuth_trial_6
109,bismuth,6,7.92,1.0,1.0,9800.0,130.0,10.90066,1.0307156680017668,0.979690990194571,metal,3176,10.8007,0.00065962,108.0,0.09995999999999938,0.0,3.9680000000000054e-05,-0.7987021791456231,bismuth_trial_6
110,bismuth,6,7.92,1.0,1.0,9800.0,130.0,11.0007,1.0151542179214645,0.979690990194571,metal,3176,10.8007,0.00065962,108.0,0.1999999999999993,-5.999999999996893e-08,3.9680000000000054e-05,-0.7773549061213209,bismuth_trial_6
111,bismuth,6,7.92,1.0,1.0,9800.0,130.0,11.10066,0.7765453166900516,0.8777123535502713,metal,3176,10.8007,0.00065962,108.0,0.29995999999999867,-9.799999999999262e-07,3.950000000000004e-05,-0.5140718721548104,bismuth_trial_6
112,bismuth,6,7.92,1.0,1.0,9800.0,130.0,11.20066,0.22152026382563003,0.8663813939231337,metal,3176,10.8007,0.00065962,108.0,0.3999599999999983,-3.1200000000000108e-06,3.948000000000005e-05,0.24019844137096083,bismuth_trial_6
113,bismuth,6,7.92,1.0,1.0,9800.0,130.0,11.3007,-0.053398687593182954,0.8550504342959961,metal,3176,10.8007,0.00065962,108.0,0.5,-4.180000000000004e-06,3.946000000000006e-05,0.6102178404590597,bismuth_trial_6
114,bismuth,6,7.92,1.0,1.0,9800.0,130.0,11.40066,-0.23494893853012644,0.8437194746688585,metal,3176,10.8007,0.00065962,108.0,0.5999599999999994,-4.879999999999967e-06,3.944000000000007e-05,0.8521536014012678,bismuth_trial_6
115,bismuth,6,7.92,1.0,1.0,9800.0,130.0,11.500660000000002,-0.3594405391726004,0.8323885150416596,metal,3176,10.8007,0.00065962,108.0,0.6999600000000008,-5.359999999999935e-06,3.941999999999997e-05,1.0158160279209572,bismuth_trial_6
116,bismuth,6,7.92,1.0,1.0,9800.0,130.0,11.600700000000002,-0.4528092396544699,0.8437194746688585,metal,3176,10.8007,0.00065962,108.0,0.8000000000000007,-5.7199999999999656e-06,3.944000000000007e-05,1.1510154237416539,bismuth_trial_6
117,bismuth,6,7.92,1.0,1.0,9800.0,130.0,11.7007,-0.5306164900560372,0.8323885150416596,metal,3176,10.8007,0.00065962,108.0,0.8999999999999986,-6.020000000000027e-06,3.941999999999997e-05,1.2506360311884366,bismuth_trial_6
118,bismuth,6,7.92,1.0,1.0,9800.0,130.0,11.8007,-0.5928622903772741,0.821057555414522,metal,3176,10.8007,0.00065962,108.0,1.0,-6.260000000000011e-06,3.939999999999998e-05,1.3289093656109168,bismuth_trial_6
119,bismuth,6,7.92,1.0,1.0,9800.0,130.0,11.9007,-0.6499209406717437,0.8097265957873845,metal,3176,10.8007,0.00065962,108.0,1.0999999999999996,-6.480000000000006e-06,3.937999999999999e-05,1.4000669423586296,bismuth_trial_6
120,bismuth,6,7.92,1.0,1.0,9800.0,130.0,12.000660000000002,-0.6966052909126784,0.7757337169059717,metal,3176,10.8007,0.00065962,108.0,1.1999600000000008,-6.660000000000021e-06,3.932000000000002e-05,1.4427614884072726,bismuth_trial_6
121,bismuth,6,7.92,1.0,1.0,9800.0,130.0,12.10066,-0.7381024911268177,0.7530717976516966,metal,3176,10.8007,0.00065962,108.0,1.2999599999999987,-6.819999999999938e-06,3.9280000000000044e-05,1.4854560344558772,bismuth_trial_6
122,bismuth,6,7.92,1.0,1.0,9800.0,130.0,12.2007,-0.7744125413142177,0.7304098783974214,metal,3176,10.8007,0.00065962,108.0,1.3999999999999986,-6.959999999999974e-06,3.9240000000000065e-05,1.5210348228297528,bismuth_trial_6
123,bismuth,6,7.92,1.0,1.0,9800.0,130.0,12.3007,-0.8003482914480546,0.6850860398888097,metal,3176,10.8007,0.00065962,108.0,1.5,-7.059999999999922e-06,3.916e-05,1.5281505805044817,bismuth_trial_6
124,bismuth,6,7.92,1.0,1.0,9800.0,130.0,12.40066,-0.8314711916086872,0.6624241206345346,metal,3176,10.8007,0.00065962,108.0,1.5999599999999994,-7.1799999999999685e-06,3.912000000000002e-05,1.55661361120359,bismuth_trial_6
125,bismuth,6,7.92,1.0,1.0,9800.0,130.0,12.500660000000002,-0.8574069417425524,0.5944383628716476,metal,3176,10.8007,0.00065962,108.0,1.6999600000000008,-7.280000000000025e-06,3.899999999999997e-05,1.5494978535288226,bismuth_trial_6
126,bismuth,6,7.92,1.0,1.0,9800.0,130.0,12.600700000000002,-0.8833426918763894,0.5377835647359598,metal,3176,10.8007,0.00065962,108.0,1.8000000000000007,-7.379999999999973e-06,3.8900000000000024e-05,1.5494978535288226,bismuth_trial_6
127,bismuth,6,7.92,1.0,1.0,9800.0,130.0,12.70066,-0.8989041419566915,0.4924597262274095,metal,3176,10.8007,0.00065962,108.0,1.8999599999999983,-7.439999999999942e-06,3.8820000000000065e-05,1.542382095854055,bismuth_trial_6
128,bismuth,6,7.92,1.0,1.0,9800.0,130.0,12.80066,-0.9196527420637893,0.4471358877187978,metal,3176,10.8007,0.00065962,108.0,1.9999599999999997,-7.520000000000009e-06,3.874e-05,1.542382095854055,bismuth_trial_6
129,bismuth,6,7.92,1.0,1.0,9800.0,130.0,12.90066,-0.9352141921440915,0.37915012995597236,metal,3176,10.8007,0.00065962,108.0,2.0999599999999994,-7.579999999999978e-06,3.862000000000006e-05,1.5210348228297528,bismuth_trial_6
130,bismuth,6,7.92,1.0,1.0,9800.0,130.0,13.000660000000002,-0.9559627922511611,0.33382629144736065,metal,3176,10.8007,0.00065962,108.0,2.199960000000001,-7.659999999999937e-06,3.8539999999999994e-05,1.5210348228297144,bismuth_trial_6
131,bismuth,6,7.92,1.0,1.0,9800.0,130.0,13.100700000000002,-0.9715242423314915,0.27717149331167273,metal,3176,10.8007,0.00065962,108.0,2.3000000000000007,-7.720000000000014e-06,3.8440000000000045e-05,1.506803307480218,bismuth_trial_6
132,bismuth,6,7.92,1.0,1.0,9800.0,130.0,13.2007,-0.9870856924117937,0.19785477592164832,metal,3176,10.8007,0.00065962,108.0,2.3999999999999986,-7.779999999999983e-06,3.830000000000001e-05,1.4783402767811098,bismuth_trial_6
133,bismuth,6,7.92,1.0,1.0,9800.0,130.0,13.3007,-0.9974599924653285,0.14119997778596044,metal,3176,10.8007,0.00065962,108.0,2.5,-7.819999999999962e-06,3.820000000000006e-05,1.4569930037568075,bismuth_trial_6
134,bismuth,6,7.92,1.0,1.0,9800.0,130.0,13.40066,-1.0130214425456308,0.05055230076879842,metal,3176,10.8007,0.00065962,108.0,2.5999599999999994,-7.879999999999931e-06,3.8040000000000036e-05,1.421414215382932,bismuth_trial_6
135,bismuth,6,7.92,1.0,1.0,9800.0,130.0,13.500700000000002,-1.0233957425991935,0.005228462260248125,metal,3176,10.8007,0.00065962,108.0,2.700000000000001,-7.920000000000019e-06,3.796000000000008e-05,1.4071827000334356,bismuth_trial_6
136,bismuth,6,7.92,1.0,1.0,9800.0,130.0,13.600700000000002,-1.0389571926794958,-0.06275729550263874,metal,3176,10.8007,0.00065962,108.0,2.8000000000000007,-7.979999999999988e-06,3.784000000000003e-05,1.3858354270090947,bismuth_trial_6
137,bismuth,6,7.92,1.0,1.0,9800.0,130.0,13.70071,-1.0493314927330306,-0.13074305326552563,metal,3176,10.8007,0.00065962,108.0,2.90001,-8.019999999999967e-06,3.7719999999999984e-05,1.3573723963099864,bismuth_trial_6
138,bismuth,6,7.92,1.0,1.0,9800.0,130.0,13.8007,-1.0597057927865654,-0.18739785140121348,metal,3176,10.8007,0.00065962,108.0,3.0,-8.059999999999947e-06,3.7620000000000036e-05,1.3360251232856841,bismuth_trial_6
139,bismuth,6,7.92,1.0,1.0,9800.0,130.0,13.9007,-1.064892942813333,-0.2440526495369628,metal,3176,10.8007,0.00065962,108.0,3.0999999999999996,-8.079999999999936e-06,3.751999999999998e-05,1.3075620925865759,bismuth_trial_6
140,bismuth,6,7.92,1.0,1.0,9800.0,130.0,14.000660000000002,-1.0752672428668957,-0.3007074476726507,metal,3176,10.8007,0.00065962,108.0,3.199960000000001,-8.120000000000024e-06,3.742000000000003e-05,1.2862148195623122,bismuth_trial_6
141,bismuth,6,7.92,1.0,1.0,9800.0,130.0,14.10066,-1.090828692947198,-0.3800241650626751,metal,3176,10.8007,0.00065962,108.0,3.2999599999999987,-8.179999999999993e-06,3.7279999999999995e-05,1.257751788863204,bismuth_trial_6
142,bismuth,6,7.92,1.0,1.0,9800.0,130.0,14.2007,-1.0960158429739655,-0.44800992282550056,metal,3176,10.8007,0.00065962,108.0,3.3999999999999986,-8.199999999999982e-06,3.716000000000006e-05,1.2221730004893667,bismuth_trial_6
143,bismuth,6,7.92,1.0,1.0,9800.0,130.0,14.3007,-1.1063901430275003,-0.5159956805883874,metal,3176,10.8007,0.00065962,108.0,3.5,-8.239999999999962e-06,3.704000000000001e-05,1.1937099697902585,bismuth_trial_6
144,bismuth,6,7.92,1.0,1.0,9800.0,130.0,14.400660000000002,-1.116764443081035,-0.5726504787240753,metal,3176,10.8007,0.00065962,108.0,3.599960000000001,-8.279999999999941e-06,3.694000000000006e-05,1.1723626967659562,bismuth_trial_6
145,bismuth,6,7.92,1.0,1.0,9800.0,130.0,14.500660000000002,-1.1115772930542676,-0.6406362364869621,metal,3176,10.8007,0.00065962,108.0,3.699960000000001,-8.259999999999951e-06,3.682000000000002e-05,1.1225523930425456,bismuth_trial_6
146,bismuth,6,7.92,1.0,1.0,9800.0,130.0,14.600700000000002,-1.1323258931613653,-0.6859600749955125,metal,3176,10.8007,0.00065962,108.0,3.8000000000000007,-8.340000000000018e-06,3.674000000000006e-05,1.1225523930425843,bismuth_trial_6
147,bismuth,6,7.92,1.0,1.0,9800.0,130.0,14.70066,-1.1427001932149001,-0.7426148731312617,metal,3176,10.8007,0.00065962,108.0,3.8999599999999983,-8.379999999999998e-06,3.664e-05,1.1012051200182433,bismuth_trial_6
148,bismuth,6,7.92,1.0,1.0,9800.0,130.0,14.80066,-1.1478873432416676,-0.8106006308940872,metal,3176,10.8007,0.00065962,108.0,3.9999599999999997,-8.399999999999987e-06,3.6520000000000064e-05,1.0656263316444063,bismuth_trial_6
149,bismuth,6,7.92,1.0,1.0,9800.0,130.0,14.900660000000002,-1.153074493268435,-0.8672554290298365,metal,3176,10.8007,0.00065962,108.0,4.099960000000001,-8.419999999999977e-06,3.642000000000001e-05,1.037163300945298,bismuth_trial_6
150,bismuth,6,7.92,1.0,1.0,9800.0,130.0,15.000700000000002,-1.1582616432952024,-0.9352411867926619,metal,3176,10.8007,0.00065962,108.0,4.200000000000001,-8.439999999999967e-06,3.630000000000007e-05,1.0015845125714609,bismuth_trial_6
151,bismuth,6,7.92,1.0,1.0,9800.0,130.0,15.10066,-1.1634487933219697,-0.9692340656741361,metal,3176,10.8007,0.00065962,108.0,4.299959999999999,-8.459999999999956e-06,3.623999999999999e-05,0.9873529972218875,bismuth_trial_6
152,bismuth,6,7.92,1.0,1.0,9800.0,130.0,15.20066,-1.1686359433487372,-1.0372198234369616,metal,3176,10.8007,0.00065962,108.0,4.399959999999998,-8.479999999999946e-06,3.6120000000000054e-05,0.9517742088480504,bismuth_trial_6
153,bismuth,6,7.92,1.0,1.0,9800.0,130.0,15.30066,-1.179010243402272,-1.1052055811998485,metal,3176,10.8007,0.00065962,108.0,4.49996,-8.519999999999925e-06,3.600000000000001e-05,0.9233111781489421,bismuth_trial_6
154,bismuth,6,7.92,1.0,1.0,9800.0,130.0,15.400660000000002,-1.179010243402272,-1.1731913389626738,metal,3176,10.8007,0.00065962,108.0,4.599960000000001,-8.519999999999925e-06,3.588000000000007e-05,0.8806166321003376,bismuth_trial_6
155,bismuth,6,7.92,1.0,1.0,9800.0,130.0,15.500660000000002,-1.189384543455835,-1.2185151774712855,metal,3176,10.8007,0.00065962,108.0,4.699960000000001,-8.560000000000013e-06,3.58e-05,0.8663851167508028,bismuth_trial_6
156,bismuth,6,7.92,1.0,1.0,9800.0,130.0,15.600700000000002,-1.1945716934826023,-1.2638390159798358,metal,3176,10.8007,0.00065962,108.0,4.800000000000001,-8.580000000000003e-06,3.5720000000000044e-05,0.8450378437265005,bismuth_trial_6
157,bismuth,6,7.92,1.0,1.0,9800.0,130.0,15.70066,-1.204945993536137,-1.3091628544884475,metal,3176,10.8007,0.00065962,108.0,4.899959999999998,-8.619999999999982e-06,3.563999999999998e-05,0.830806328376927,bismuth_trial_6
158,bismuth,6,7.92,1.0,1.0,9800.0,130.0,15.8007,-1.204945993536137,-1.3658176526241355,metal,3176,10.8007,0.00065962,108.0,5.0,-8.619999999999982e-06,3.554000000000003e-05,0.7952275400030899,bismuth_trial_6
159,bismuth,6,7.92,1.0,1.0,9800.0,130.0,15.900660000000002,-1.2101331435629046,-1.4224724507598847,metal,3176,10.8007,0.00065962,108.0,5.099960000000001,-8.639999999999971e-06,3.543999999999997e-05,0.7667645093039817,bismuth_trial_6
151,carbon,1,8.5,1.0,1.0,2300.0,717.0,15.10066,1.3730675697686123,1.0930005864660082,ceramic,3744,15.10066,0.00066094,151.0,0.0,0.0,3.855999999999998e-05,-1.1971846089328302,carbon_trial_1
152,carbon,1,8.5,1.0,1.0,2300.0,717.0,15.2007,1.3626932697150493,1.0816696268388706,ceramic,3744,15.10066,0.00066094,151.0,0.1000399999999999,-4.000000000008771e-08,3.8539999999999994e-05,-1.1900688512580242,carbon_trial_1
153,carbon,1,8.5,1.0,1.0,2300.0,717.0,15.30066,1.3367575195812125,1.0703386672116715,ceramic,3744,15.10066,0.00066094,151.0,0.20000000000000107,-1.4000000000003593e-07,3.8519999999999895e-05,-1.1616058205589932,carbon_trial_1
154,carbon,1,8.5,1.0,1.0,2300.0,717.0,15.400660000000002,1.0929614683230038,0.979690990194571,ceramic,3744,15.10066,0.00066094,151.0,0.3000000000000025,-1.0800000000000913e-06,3.835999999999998e-05,-0.8840912712428708,carbon_trial_1
155,carbon,1,8.5,1.0,1.0,2300.0,717.0,15.500660000000002,0.5120006653247734,0.9230361920588216,ceramic,3744,15.10066,0.00066094,151.0,0.40000000000000213,-3.3200000000000156e-06,3.825999999999992e-05,-0.12270520004240924,carbon_trial_1
156,carbon,1,8.5,1.0,1.0,2300.0,717.0,15.600700000000002,0.16964876355792788,0.9343671516859592,ceramic,3744,15.10066,0.00066094,151.0,0.500040000000002,-4.640000000000091e-06,3.827999999999991e-05,0.35405056416727815,carbon_trial_1
157,carbon,1,8.5,1.0,1.0,2300.0,717.0,15.70066,-0.03265008748608522,0.9343671516859592,ceramic,3744,15.10066,0.00066094,151.0,0.5999999999999996,-5.4200000000000125e-06,3.827999999999991e-05,0.6315651134833234,carbon_trial_1
158,carbon,1,8.5,1.0,1.0,2300.0,717.0,15.8007,-0.1934517383159591,0.9230361920588216,ceramic,3744,15.10066,0.00066094,151.0,0.7000400000000013,-6.040000000000017e-06,3.825999999999992e-05,0.8450378437264618,carbon_trial_1
159,carbon,1,8.5,1.0,1.0,2300.0,717.0,15.9007,-0.31794333895846116,0.9003742728045465,ceramic,3744,15.10066,0.00066094,151.0,0.800040000000001,-6.5200000000000934e-06,3.821999999999994e-05,1.0015845125714609,carbon_trial_1
160,carbon,1,8.5,1.0,1.0,2300.0,717.0,16.00066,-0.41649918946706993,0.8890433131774089,ceramic,3744,15.10066,0.00066094,151.0,0.9000000000000004,-6.900000000000005e-06,3.819999999999995e-05,1.1296681507173132,carbon_trial_1
161,carbon,1,8.5,1.0,1.0,2300.0,717.0,16.1007,-0.49430643986863726,0.8777123535502713,ceramic,3744,15.10066,0.00066094,151.0,1.0000400000000003,-7.200000000000067e-06,3.817999999999996e-05,1.2292887581641343,carbon_trial_1
162,carbon,1,8.5,1.0,1.0,2300.0,717.0,16.2007,-0.566926540243409,0.8550504342959961,ceramic,3744,15.10066,0.00066094,151.0,1.1000400000000017,-7.48000000000003e-06,3.8139999999999984e-05,1.3146778502613818,carbon_trial_1
163,carbon,1,8.5,1.0,1.0,2300.0,717.0,16.300700000000003,-0.6239851905378786,0.821057555414522,ceramic,3744,15.10066,0.00066094,151.0,1.200040000000003,-7.700000000000025e-06,3.8079999999999906e-05,1.3716039116595213,carbon_trial_1
164,carbon,1,8.5,1.0,1.0,2300.0,717.0,16.400660000000002,-0.6758566908055808,0.7870646765331093,ceramic,3744,15.10066,0.00066094,151.0,1.3000000000000025,-7.90000000000003e-06,3.801999999999994e-05,1.421414215382932,carbon_trial_1
165,carbon,1,8.5,1.0,1.0,2300.0,717.0,16.500700000000002,-0.7173538910197481,0.741740838024559,ceramic,3744,15.10066,0.00066094,151.0,1.4000400000000024,-8.060000000000055e-06,3.793999999999998e-05,1.4498772460820402,carbon_trial_1
166,carbon,1,8.5,1.0,1.0,2300.0,717.0,16.60066,-0.7536639412071481,0.7077479591430849,ceramic,3744,15.10066,0.00066094,151.0,1.5000000000000018,-8.200000000000091e-06,3.78799999999999e-05,1.4783402767811098,carbon_trial_1
167,carbon,1,8.5,1.0,1.0,2300.0,717.0,16.700660000000003,-0.7899739913945198,0.6624241206345346,ceramic,3744,15.10066,0.00066094,151.0,1.6000000000000032,-8.340000000000018e-06,3.779999999999994e-05,1.499687549805412,carbon_trial_1
168,carbon,1,8.5,1.0,1.0,2300.0,717.0,16.80066,-0.8262840415819198,0.6057693224988466,ceramic,3744,15.10066,0.00066094,151.0,1.700000000000001,-8.480000000000054e-06,3.7699999999999995e-05,1.5139190651549854,carbon_trial_1
169,carbon,1,8.5,1.0,1.0,2300.0,717.0,16.900660000000002,-0.8470326416889894,0.5377835647359598,ceramic,3744,15.10066,0.00066094,151.0,1.8000000000000025,-8.560000000000013e-06,3.757999999999995e-05,1.499687549805412,carbon_trial_1
170,carbon,1,8.5,1.0,1.0,2300.0,717.0,17.00066,-0.8729683918228546,0.48112876660027193,ceramic,3744,15.10066,0.00066094,151.0,1.9000000000000004,-8.66000000000007e-06,3.748e-05,1.4996875498054507,carbon_trial_1
171,carbon,1,8.5,1.0,1.0,2300.0,717.0,17.1007,-0.8989041419566915,0.4018120492102475,ceramic,3744,15.10066,0.00066094,151.0,2.0000400000000003,-8.760000000000018e-06,3.7339999999999964e-05,1.4854560344558772,carbon_trial_1
172,carbon,1,8.5,1.0,1.0,2300.0,717.0,17.2007,-0.9144655920370219,0.3564882107016358,ceramic,3744,15.10066,0.00066094,151.0,2.1000400000000017,-8.820000000000095e-06,3.72599999999999e-05,1.4783402767811098,carbon_trial_1
173,carbon,1,8.5,1.0,1.0,2300.0,717.0,17.300700000000003,-0.9404013421708589,0.27717149331167273,ceramic,3744,15.10066,0.00066094,151.0,2.200040000000003,-8.920000000000043e-06,3.711999999999997e-05,1.4641087614315749,carbon_trial_1
174,carbon,1,8.5,1.0,1.0,2300.0,717.0,17.4007,-0.9559627922511611,0.2091857355487859,ceramic,3744,15.10066,0.00066094,151.0,2.300040000000001,-8.980000000000012e-06,3.6999999999999924e-05,1.4427614884072342,carbon_trial_1
175,carbon,1,8.5,1.0,1.0,2300.0,717.0,17.500700000000002,-0.9715242423314915,0.12986901815882287,ceramic,3744,15.10066,0.00066094,151.0,2.4000400000000024,-9.04000000000009e-06,3.6859999999999996e-05,1.414298457708203,carbon_trial_1
176,carbon,1,8.5,1.0,1.0,2300.0,717.0,17.6007,-0.9922728424385611,0.05055230076879842,ceramic,3744,15.10066,0.00066094,151.0,2.5000400000000003,-9.120000000000048e-06,3.671999999999996e-05,1.392951184683862,carbon_trial_1
177,carbon,1,8.5,1.0,1.0,2300.0,717.0,17.7007,-1.0078342925188633,-0.017433456994088447,ceramic,3744,15.10066,0.00066094,151.0,2.6000400000000017,-9.180000000000017e-06,3.6599999999999914e-05,1.3716039116595213,carbon_trial_1
178,carbon,1,8.5,1.0,1.0,2300.0,717.0,17.800700000000003,-1.0182085925724262,-0.09675017438405147,ceramic,3744,15.10066,0.00066094,151.0,2.700040000000003,-9.220000000000105e-06,3.6459999999999986e-05,1.3360251232857228,carbon_trial_1
179,carbon,1,8.5,1.0,1.0,2300.0,717.0,17.900660000000002,-1.0337700426527285,-0.17606689177407592,ceramic,3744,15.10066,0.00066094,151.0,2.8000000000000025,-9.280000000000074e-06,3.631999999999995e-05,1.3075620925866145,carbon_trial_1
180,carbon,1,8.5,1.0,1.0,2300.0,717.0,18.000670000000003,-1.0493314927330306,-0.25538360916410036,ceramic,3744,15.10066,0.00066094,151.0,2.9000100000000035,-9.340000000000043e-06,3.6179999999999914e-05,1.2790990618875062,carbon_trial_1
181,carbon,1,8.5,1.0,1.0,2300.0,717.0,18.1007,-1.0545186427597981,-0.3233693669269258,ceramic,3744,15.10066,0.00066094,151.0,3.0000400000000003,-9.360000000000032e-06,3.605999999999998e-05,1.243520273513669,carbon_trial_1
182,carbon,1,8.5,1.0,1.0,2300.0,717.0,18.2007,-1.064892942813333,-0.40268608431695024,ceramic,3744,15.10066,0.00066094,151.0,3.1000400000000017,-9.400000000000012e-06,3.591999999999994e-05,1.2079414851397934,carbon_trial_1
183,carbon,1,8.5,1.0,1.0,2300.0,717.0,18.30066,-1.0856415429204307,-0.4593408824526381,ceramic,3744,15.10066,0.00066094,151.0,3.200000000000001,-9.480000000000079e-06,3.581999999999999e-05,1.2008257274650644,carbon_trial_1
184,carbon,1,8.5,1.0,1.0,2300.0,717.0,18.40066,-1.090828692947198,-0.5386575998426626,ceramic,3744,15.10066,0.00066094,151.0,3.299999999999999,-9.500000000000068e-06,3.5679999999999957e-05,1.1581311814164215,carbon_trial_1
185,carbon,1,8.5,1.0,1.0,2300.0,717.0,18.5007,-1.1012029930007328,-0.6293052768598246,ceramic,3744,15.10066,0.00066094,151.0,3.400039999999999,-9.540000000000048e-06,3.551999999999993e-05,1.1154366353677783,carbon_trial_1
186,carbon,1,8.5,1.0,1.0,2300.0,717.0,18.6007,-1.1115772930542676,-0.7086219942498491,ceramic,3744,15.10066,0.00066094,151.0,3.5000400000000003,-9.580000000000027e-06,3.5379999999999895e-05,1.0798578469939026,carbon_trial_1
187,carbon,1,8.5,1.0,1.0,2300.0,717.0,18.7007,-1.1219515931078023,-0.7652767923855369,ceramic,3744,15.10066,0.00066094,151.0,3.6000400000000017,-9.620000000000006e-06,3.527999999999995e-05,1.0585105739696004,carbon_trial_1
188,carbon,1,8.5,1.0,1.0,2300.0,717.0,18.800700000000003,-1.127138743134598,-0.8332625501484238,ceramic,3744,15.10066,0.00066094,151.0,3.700040000000003,-9.640000000000104e-06,3.51599999999999e-05,1.0229317855957631,carbon_trial_1
189,carbon,1,8.5,1.0,1.0,2300.0,717.0,18.90066,-1.1427001932149001,-0.9125792675383868,ceramic,3744,15.10066,0.00066094,151.0,3.799999999999999,-9.700000000000073e-06,3.501999999999997e-05,0.9944687548966935,carbon_trial_1
190,carbon,1,8.5,1.0,1.0,2300.0,717.0,19.00066,-1.1427001932149001,-0.9692340656741361,ceramic,3744,15.10066,0.00066094,151.0,3.9000000000000004,-9.700000000000073e-06,3.4919999999999916e-05,0.9588899665228178,carbon_trial_1
191,carbon,1,8.5,1.0,1.0,2300.0,717.0,19.1007,-1.1582616432952024,-1.0372198234369616,ceramic,3744,15.10066,0.00066094,151.0,4.00004,-9.760000000000042e-06,3.479999999999998e-05,0.9375426934985155,carbon_trial_1
192,carbon,1,8.5,1.0,1.0,2300.0,717.0,19.2007,-1.1686359433487372,-1.1052055811998485,ceramic,3744,15.10066,0.00066094,151.0,4.100040000000002,-9.800000000000021e-06,3.467999999999993e-05,0.9090796627994072,carbon_trial_1
193,carbon,1,8.5,1.0,1.0,2300.0,717.0,19.30066,-1.1686359433487372,-1.1731913389626738,ceramic,3744,15.10066,0.00066094,151.0,4.200000000000001,-9.800000000000021e-06,3.4559999999999994e-05,0.8663851167508028,carbon_trial_1
194,carbon,1,8.5,1.0,1.0,2300.0,717.0,19.4007,-1.1841973934290675,-1.2185151774712855,ceramic,3744,15.10066,0.00066094,151.0,4.300040000000001,-9.860000000000099e-06,3.447999999999993e-05,0.8592693590760353,carbon_trial_1
195,carbon,1,8.5,1.0,1.0,2300.0,717.0,19.5007,-1.189384543455835,-1.3091628544884475,ceramic,3744,15.10066,0.00066094,151.0,4.400039999999999,-9.880000000000088e-06,3.43199999999999e-05,0.8094590553526247,carbon_trial_1
196,carbon,1,8.5,1.0,1.0,2300.0,717.0,19.600700000000003,-1.1997588435093698,-1.3658176526241355,ceramic,3744,15.10066,0.00066094,151.0,4.500040000000004,-9.920000000000068e-06,3.4219999999999954e-05,0.7881117823283225,carbon_trial_1
197,carbon,1,8.5,1.0,1.0,2300.0,717.0,19.700660000000003,-1.1997588435093698,-1.4338034103870223,ceramic,3744,15.10066,0.00066094,151.0,4.600000000000003,-9.920000000000068e-06,3.409999999999991e-05,0.7454172362796794,carbon_trial_1
198,carbon,1,8.5,1.0,1.0,2300.0,717.0,19.80066,-1.204945993536137,-1.4791272488955727,ceramic,3744,15.10066,0.00066094,151.0,4.700000000000001,-9.940000000000057e-06,3.401999999999995e-05,0.7240699632553771,carbon_trial_1
199,carbon,1,8.5,1.0,1.0,2300.0,717.0,19.90066,-1.2205074436164394,-1.5357820470312604,ceramic,3744,15.10066,0.00066094,151.0,4.799999999999999,-1.0000000000000026e-05,3.392e-05,0.7098384479058423,carbon_trial_1
200,carbon,1,8.5,1.0,1.0,2300.0,717.0,20.00066,-1.2205074436164394,-1.6037678047941473,ceramic,3744,15.10066,0.00066094,151.0,4.9,-1.0000000000000026e-05,3.3799999999999954e-05,0.6671439018571991,carbon_trial_1
201,carbon,1,8.5,1.0,1.0,2300.0,717.0,20.10066,-1.2308817436699742,-1.6717535625570343,ceramic,3744,15.10066,0.00066094,151.0,5.000000000000002,-1.0040000000000006e-05,3.367999999999991e-05,0.6386808711580908,carbon_trial_1
129,carbon,2,8.5,1.0,1.0,2300.0,717.0,12.900710000000002,1.1915173188316408,0.5491145243630974,ceramic,3744,12.900710000000002,0.00066024,129.0,0.0,0.0,3.830000000000001e-05,-1.2896894587048453,carbon_trial_2
130,carbon,2,8.5,1.0,1.0,2300.0,717.0,13.00067,1.181143018778106,0.560445483990235,ceramic,3744,12.900710000000002,0.00066024,129.0,0.0999599999999976,-3.999999999997929e-08,3.832e-05,-1.268342185680543,carbon_trial_2
131,carbon,2,8.5,1.0,1.0,2300.0,717.0,13.100700000000002,1.1863301688048733,0.48112876660027193,ceramic,3744,12.900710000000002,0.00066024,129.0,0.19998999999999967,-1.9999999999989644e-08,3.818000000000007e-05,-1.3252682470786825,carbon_trial_2
132,carbon,2,8.5,1.0,1.0,2300.0,717.0,13.2007,0.6468665660207821,0.5717764436173726,ceramic,3744,12.900710000000002,0.00066024,129.0,0.29998999999999754,-2.099999999999997e-06,3.833999999999999e-05,-0.5283033875043452,carbon_trial_2
133,carbon,2,8.5,1.0,1.0,2300.0,717.0,13.3007,0.4808777651641408,0.46979780697307294,ceramic,3744,12.900710000000002,0.00066024,129.0,0.39998999999999896,-2.7399999999999907e-06,3.8159999999999973e-05,-0.3646409609846174,carbon_trial_2
134,carbon,2,8.5,1.0,1.0,2300.0,717.0,13.4007,0.14371301342409087,0.4358049280916602,ceramic,3744,12.900710000000002,0.00066024,129.0,0.4999899999999986,-4.039999999999968e-06,3.8100000000000005e-05,0.07653601485119435,carbon_trial_2
135,carbon,2,8.5,1.0,1.0,2300.0,717.0,13.500700000000002,-0.04821153756641555,0.4471358877187978,ceramic,3744,12.900710000000002,0.00066024,129.0,0.59999,-4.780000000000019e-06,3.8119999999999994e-05,0.34693480649251074,carbon_trial_2
136,carbon,2,8.5,1.0,1.0,2300.0,717.0,13.60067,-0.1986388883427265,0.45846684734593535,ceramic,3744,12.900710000000002,0.00066024,129.0,0.6999599999999973,-5.359999999999935e-06,3.8139999999999984e-05,0.5604075367356106,carbon_trial_2
137,carbon,2,8.5,1.0,1.0,2300.0,717.0,13.70071,-0.30756903890489823,0.4358049280916602,ceramic,3744,12.900710000000002,0.00066024,129.0,0.7999999999999989,-5.7799999999999345e-06,3.8100000000000005e-05,0.6956069325562688,carbon_trial_2
138,carbon,2,8.5,1.0,1.0,2300.0,717.0,13.8007,-0.40093773938676774,0.4358049280916602,ceramic,3744,12.900710000000002,0.00066024,129.0,0.899989999999999,-6.139999999999965e-06,3.8100000000000005e-05,0.8236905707021596,carbon_trial_2
139,carbon,2,8.5,1.0,1.0,2300.0,717.0,13.900710000000002,-0.4839321398151024,0.4358049280916602,ceramic,3744,12.900710000000002,0.00066024,129.0,1.0,-6.460000000000016e-06,3.8100000000000005e-05,0.9375426934985155,carbon_trial_2
140,carbon,2,8.5,1.0,1.0,2300.0,717.0,14.00067,-0.5513650901631068,0.4018120492102475,ceramic,3744,12.900710000000002,0.00066024,129.0,1.0999599999999976,-6.71999999999999e-06,3.8040000000000036e-05,1.0087002702462284,carbon_trial_2
141,carbon,2,8.5,1.0,1.0,2300.0,717.0,14.10067,-0.6084237404575764,0.3904810895831099,ceramic,3744,12.900710000000002,0.00066024,129.0,1.1999599999999973,-6.939999999999984e-06,3.8020000000000046e-05,1.079857846993941,carbon_trial_2
142,carbon,2,8.5,1.0,1.0,2300.0,717.0,14.20071,-0.6551080906985112,0.36781917032883477,ceramic,3744,12.900710000000002,0.00066024,129.0,1.299999999999999,-7.12e-06,3.798000000000007e-05,1.1296681507173516,carbon_trial_2
143,carbon,2,8.5,1.0,1.0,2300.0,717.0,14.30071,-0.7017924409394459,0.32249533182022305,ceramic,3744,12.900710000000002,0.00066024,129.0,1.3999999999999986,-7.300000000000015e-06,3.79e-05,1.1652469390911888,carbon_trial_2
144,carbon,2,8.5,1.0,1.0,2300.0,717.0,14.400660000000002,-0.7381024911268177,0.2885024529388103,ceramic,3744,12.900710000000002,0.00066024,129.0,1.4999500000000001,-7.439999999999942e-06,3.784000000000003e-05,1.1937099697902585,carbon_trial_2
145,carbon,2,8.5,1.0,1.0,2300.0,717.0,14.500700000000002,-0.7744125413142177,0.24317861443026004,ceramic,3744,12.900710000000002,0.00066024,129.0,1.59999,-7.579999999999978e-06,3.776000000000007e-05,1.2150572428145994,carbon_trial_2
146,carbon,2,8.5,1.0,1.0,2300.0,717.0,14.60066,-0.8107225915016176,0.19785477592164832,ceramic,3744,12.900710000000002,0.00066024,129.0,1.6999499999999976,-7.720000000000014e-06,3.7680000000000005e-05,1.2364045158389017,carbon_trial_2
147,carbon,2,8.5,1.0,1.0,2300.0,717.0,14.7007,-0.8314711916086872,0.152530937413098,ceramic,3744,12.900710000000002,0.00066024,129.0,1.7999899999999975,-7.799999999999973e-06,3.7600000000000047e-05,1.2364045158389017,carbon_trial_2
148,carbon,2,8.5,1.0,1.0,2300.0,717.0,14.8007,-0.8625940917693198,0.08454517965021115,ceramic,3744,12.900710000000002,0.00066024,129.0,1.899989999999999,-7.920000000000019e-06,3.748e-05,1.2364045158389017,carbon_trial_2
149,carbon,2,8.5,1.0,1.0,2300.0,717.0,14.900660000000002,-0.878155541849622,0.05055230076879842,ceramic,3744,12.900710000000002,0.00066024,129.0,1.9999500000000001,-7.979999999999988e-06,3.742000000000003e-05,1.2364045158389017,carbon_trial_2
150,carbon,2,8.5,1.0,1.0,2300.0,717.0,15.00067,-0.8989041419566915,-0.017433456994088447,ceramic,3744,12.900710000000002,0.00066024,129.0,2.0999599999999976,-8.059999999999947e-06,3.7299999999999985e-05,1.2221730004893283,carbon_trial_2
151,carbon,2,8.5,1.0,1.0,2300.0,717.0,15.10067,-0.9248398920905567,-0.07408825512977632,ceramic,3744,12.900710000000002,0.00066024,129.0,2.1999599999999973,-8.160000000000003e-06,3.720000000000004e-05,1.2221730004893667,carbon_trial_2
152,carbon,2,8.5,1.0,1.0,2300.0,717.0,15.20071,-0.9455884921976263,-0.15340497251980076,ceramic,3744,12.900710000000002,0.00066024,129.0,2.299999999999999,-8.239999999999962e-06,3.706e-05,1.200825727465026,carbon_trial_2
153,carbon,2,8.5,1.0,1.0,2300.0,717.0,15.300670000000002,-0.9559627922511611,-0.21005977065548864,ceramic,3744,12.900710000000002,0.00066024,129.0,2.39996,-8.279999999999941e-06,3.696000000000005e-05,1.1794784544407237,carbon_trial_2
154,carbon,2,8.5,1.0,1.0,2300.0,717.0,15.400670000000002,-0.9818985423850263,-0.2780455284183755,ceramic,3744,12.900710000000002,0.00066024,129.0,2.4999599999999997,-8.379999999999998e-06,3.6840000000000006e-05,1.1723626967659562,carbon_trial_2
155,carbon,2,8.5,1.0,1.0,2300.0,717.0,15.500710000000002,-0.9974599924653285,-0.3573622458083999,ceramic,3744,12.900710000000002,0.00066024,129.0,2.5999999999999996,-8.439999999999967e-06,3.669999999999997e-05,1.143899666066848,carbon_trial_2
156,carbon,2,8.5,1.0,1.0,2300.0,717.0,15.600700000000002,-1.0078342925188633,-0.41401704394408784,ceramic,3744,12.900710000000002,0.00066024,129.0,2.6999899999999997,-8.479999999999946e-06,3.660000000000002e-05,1.1225523930425456,carbon_trial_2
157,carbon,2,8.5,1.0,1.0,2300.0,717.0,15.70066,-1.0182085925724262,-0.4820028017069747,ceramic,3744,12.900710000000002,0.00066024,129.0,2.7999499999999973,-8.520000000000034e-06,3.6479999999999976e-05,1.094089362343476,carbon_trial_2
158,carbon,2,8.5,1.0,1.0,2300.0,717.0,15.800670000000002,-1.0337700426527285,-0.5613195190969377,ceramic,3744,12.900710000000002,0.00066024,129.0,2.89996,-8.580000000000003e-06,3.634000000000005e-05,1.0656263316444063,carbon_trial_2
159,carbon,2,8.5,1.0,1.0,2300.0,717.0,15.9007,-1.0545186427597981,-0.6293052768598246,ceramic,3744,12.900710000000002,0.00066024,129.0,2.9999899999999986,-8.659999999999961e-06,3.622e-05,1.0513948162948328,carbon_trial_2
160,carbon,2,8.5,1.0,1.0,2300.0,717.0,16.00066,-1.064892942813333,-0.6972910346226501,ceramic,3744,12.900710000000002,0.00066024,129.0,3.099949999999998,-8.69999999999994e-06,3.6100000000000064e-05,1.0229317855957631,carbon_trial_2
161,carbon,2,8.5,1.0,1.0,2300.0,717.0,16.100710000000003,-1.0700800928401002,-0.7652767923855369,ceramic,3744,12.900710000000002,0.00066024,129.0,3.200000000000001,-8.71999999999993e-06,3.598000000000002e-05,0.9873529972218875,carbon_trial_2
162,carbon,2,8.5,1.0,1.0,2300.0,717.0,16.2007,-1.0856415429204307,-0.8332625501484238,ceramic,3744,12.900710000000002,0.00066024,129.0,3.2999899999999993,-8.780000000000007e-06,3.585999999999997e-05,0.9660057241975852,carbon_trial_2
163,carbon,2,8.5,1.0,1.0,2300.0,717.0,16.300700000000003,-1.1012029930007328,-0.9125792675383868,ceramic,3744,12.900710000000002,0.00066024,129.0,3.3999900000000007,-8.839999999999976e-06,3.5720000000000044e-05,0.9375426934985155,carbon_trial_2
164,carbon,2,8.5,1.0,1.0,2300.0,717.0,16.400660000000002,-1.1012029930007328,-0.9579031060469985,ceramic,3744,12.900710000000002,0.00066024,129.0,3.49995,-8.839999999999976e-06,3.563999999999998e-05,0.9090796627994072,carbon_trial_2
165,carbon,2,8.5,1.0,1.0,2300.0,717.0,16.500670000000003,-1.1115772930542676,-1.025888863809824,ceramic,3744,12.900710000000002,0.00066024,129.0,3.599960000000001,-8.879999999999956e-06,3.552000000000004e-05,0.8806166321003376,carbon_trial_2
166,carbon,2,8.5,1.0,1.0,2300.0,717.0,16.60067,-1.1219515931078023,-1.0938746215727109,ceramic,3744,12.900710000000002,0.00066024,129.0,3.699959999999999,-8.919999999999935e-06,3.539999999999999e-05,0.8521536014012293,carbon_trial_2
167,carbon,2,8.5,1.0,1.0,2300.0,717.0,16.7007,-1.127138743134598,-1.1505294197083986,ceramic,3744,12.900710000000002,0.00066024,129.0,3.7999899999999993,-8.940000000000033e-06,3.5300000000000045e-05,0.8236905707021982,carbon_trial_2
168,carbon,2,8.5,1.0,1.0,2300.0,717.0,16.80066,-1.1323258931613653,-1.229846137098423,ceramic,3744,12.900710000000002,0.00066024,129.0,3.8999499999999987,-8.960000000000023e-06,3.516000000000001e-05,0.7809960246535551,carbon_trial_2
169,carbon,2,8.5,1.0,1.0,2300.0,717.0,16.900660000000002,-1.1478873432416676,-1.2978318948612486,ceramic,3744,12.900710000000002,0.00066024,129.0,3.99995,-9.019999999999992e-06,3.504000000000007e-05,0.7596487516292528,carbon_trial_2
170,carbon,2,8.5,1.0,1.0,2300.0,717.0,17.000700000000002,-1.1582616432952024,-1.377148612251273,ceramic,3744,12.900710000000002,0.00066024,129.0,4.09999,-9.059999999999971e-06,3.4900000000000035e-05,0.7240699632553771,carbon_trial_2
171,carbon,2,8.5,1.0,1.0,2300.0,717.0,17.1007,-1.1686359433487372,-1.4338034103870223,ceramic,3744,12.900710000000002,0.00066024,129.0,4.199989999999998,-9.09999999999995e-06,3.479999999999998e-05,0.7027226902310363,carbon_trial_2
172,carbon,2,8.5,1.0,1.0,2300.0,717.0,17.2007,-1.1686359433487372,-1.4791272488955727,ceramic,3744,12.900710000000002,0.00066024,129.0,4.299989999999999,-9.09999999999995e-06,3.472000000000002e-05,0.6742596595319665,carbon_trial_2
173,carbon,2,8.5,1.0,1.0,2300.0,717.0,17.30067,-1.179010243402272,-1.5357820470312604,ceramic,3744,12.900710000000002,0.00066024,129.0,4.399959999999998,-9.13999999999993e-06,3.462000000000007e-05,0.6529123865076643,carbon_trial_2
174,carbon,2,8.5,1.0,1.0,2300.0,717.0,17.4007,-1.1841973934290675,-1.6037678047941473,ceramic,3744,12.900710000000002,0.00066024,129.0,4.499989999999999,-9.160000000000027e-06,3.4500000000000025e-05,0.6173335981338272,carbon_trial_2
175,carbon,2,8.5,1.0,1.0,2300.0,717.0,17.500700000000002,-1.1945716934826023,-1.6717535625570343,ceramic,3744,12.900710000000002,0.00066024,129.0,4.59999,-9.200000000000007e-06,3.437999999999998e-05,0.5888705674347189,carbon_trial_2
176,carbon,2,8.5,1.0,1.0,2300.0,717.0,17.60066,-1.1997588435093698,-1.7170774010655845,ceramic,3744,12.900710000000002,0.00066024,129.0,4.699949999999999,-9.219999999999996e-06,3.430000000000002e-05,0.5675232944104166,carbon_trial_2
177,carbon,2,8.5,1.0,1.0,2300.0,717.0,17.7007,-1.204945993536137,-1.7850631588284713,ceramic,3744,12.900710000000002,0.00066024,129.0,4.799989999999999,-9.239999999999986e-06,3.4179999999999974e-05,0.531944506036541,carbon_trial_2
178,carbon,2,8.5,1.0,1.0,2300.0,717.0,17.800700000000003,-1.2205074436164394,-1.8417179569641593,ceramic,3744,12.900710000000002,0.00066024,129.0,4.899990000000001,-9.299999999999955e-06,3.4080000000000026e-05,0.517712990687006,carbon_trial_2
179,carbon,2,8.5,1.0,1.0,2300.0,717.0,17.900660000000002,-1.2205074436164394,-1.9097037147270461,ceramic,3744,12.900710000000002,0.00066024,129.0,4.99995,-9.299999999999955e-06,3.395999999999998e-05,0.47501844463836296,carbon_trial_2
180,carbon,2,8.5,1.0,1.0,2300.0,717.0,18.000700000000002,-1.2360688936967696,-1.943696593608459,ceramic,3744,12.900710000000002,0.00066024,129.0,5.09999,-9.360000000000032e-06,3.390000000000001e-05,0.47501844463840154,carbon_trial_2
116,carbon,3,8.5,1.0,1.0,2300.0,717.0,11.600700000000002,1.0877743182962365,0.27717149331167273,ceramic,3744,11.600700000000002,0.00065984,116.0,0.0,0.0,3.822000000000005e-05,-1.3181524894039152,carbon_trial_3
117,carbon,3,8.5,1.0,1.0,2300.0,717.0,11.70066,1.0774000182427015,0.27717149331167273,ceramic,3744,11.600700000000002,0.00065984,116.0,0.0999599999999976,-3.999999999997929e-08,3.822000000000005e-05,-1.3039209740543802,carbon_trial_3
118,carbon,3,8.5,1.0,1.0,2300.0,717.0,11.8007,1.0410899680553016,0.27717149331167273,ceramic,3744,11.600700000000002,0.00065984,116.0,0.1999999999999993,-1.8000000000001522e-07,3.822000000000005e-05,-1.2541106703309697,carbon_trial_3
119,carbon,3,8.5,1.0,1.0,2300.0,717.0,11.9007,0.7246738164223494,0.1638618970402356,ceramic,3744,11.600700000000002,0.00065984,116.0,0.29999999999999893,-1.3999999999999256e-06,3.8020000000000046e-05,-0.8912070289176768,carbon_trial_3
120,carbon,3,8.5,1.0,1.0,2300.0,717.0,12.000660000000002,0.2733917640933322,0.11853805853162387,ceramic,3744,11.600700000000002,0.00065984,116.0,0.3999600000000001,-3.1400000000000004e-06,3.793999999999998e-05,-0.300599141911672,carbon_trial_3
121,carbon,3,8.5,1.0,1.0,2300.0,717.0,12.10066,0.019221412781616935,0.12986901815882287,ceramic,3744,11.600700000000002,0.00065984,116.0,0.49995999999999796,-4.119999999999927e-06,3.796000000000008e-05,0.055188741826892075,carbon_trial_3
122,carbon,3,8.5,1.0,1.0,2300.0,717.0,12.2007,-0.15195453810181986,0.10720709890448629,ceramic,3744,11.600700000000002,0.00065984,116.0,0.5999999999999979,-4.780000000000019e-06,3.791999999999999e-05,0.27577722974479796,carbon_trial_3
123,carbon,3,8.5,1.0,1.0,2300.0,717.0,12.30066,-0.2764461387442938,0.09587613927734871,ceramic,3744,11.600700000000002,0.00065984,116.0,0.699959999999999,-5.259999999999987e-06,3.79e-05,0.43943965626452586,carbon_trial_3
124,carbon,3,8.5,1.0,1.0,2300.0,717.0,12.40066,-0.3905634393332329,0.09587613927734871,ceramic,3744,11.600700000000002,0.00065984,116.0,0.7999599999999987,-5.699999999999976e-06,3.79e-05,0.5959863251094863,carbon_trial_3
125,carbon,3,8.5,1.0,1.0,2300.0,717.0,12.500660000000002,-0.4683706897347721,0.08454517965021115,ceramic,3744,11.600700000000002,0.00065984,116.0,0.8999600000000001,-5.999999999999929e-06,3.788000000000001e-05,0.6956069325562688,carbon_trial_3
126,carbon,3,8.5,1.0,1.0,2300.0,717.0,12.60066,-0.5513650901631068,0.07321422002307357,ceramic,3744,11.600700000000002,0.00065984,116.0,0.999959999999998,-6.31999999999998e-06,3.786000000000002e-05,0.8023432976778573,carbon_trial_3
127,carbon,3,8.5,1.0,1.0,2300.0,717.0,12.7007,-0.6136108904843438,0.03922134114166085,ceramic,3744,11.600700000000002,0.00065984,116.0,1.0999999999999979,-6.559999999999964e-06,3.780000000000005e-05,0.8663851167508028,carbon_trial_3
128,carbon,3,8.5,1.0,1.0,2300.0,717.0,12.8007,-0.6602952407252786,0.027890381514523273,ceramic,3744,11.600700000000002,0.00065984,116.0,1.1999999999999993,-6.7399999999999795e-06,3.778000000000006e-05,0.9233111781489807,carbon_trial_3
129,carbon,3,8.5,1.0,1.0,2300.0,717.0,12.90066,-0.7121667409929807,-0.006102497366950874,ceramic,3744,11.600700000000002,0.00065984,116.0,1.2999599999999987,-6.939999999999984e-06,3.7719999999999984e-05,0.9731214818723527,carbon_trial_3
130,carbon,3,8.5,1.0,1.0,2300.0,717.0,13.000660000000002,-0.7588510912339155,-0.028764416621226023,ceramic,3744,11.600700000000002,0.00065984,116.0,1.39996,-7.12e-06,3.7680000000000005e-05,1.0229317855957631,carbon_trial_3
131,carbon,3,8.5,1.0,1.0,2300.0,717.0,13.100700000000002,-0.7899739913945198,-0.0854192147569139,ceramic,3744,11.600700000000002,0.00065984,116.0,1.5,-7.2399999999999375e-06,3.758000000000006e-05,1.0300475432705307,carbon_trial_3
132,carbon,3,8.5,1.0,1.0,2300.0,717.0,13.2007,-0.8210968915551524,-0.11941209363838805,ceramic,3744,11.600700000000002,0.00065984,116.0,1.5999999999999979,-7.359999999999984e-06,3.751999999999998e-05,1.0513948162948328,carbon_trial_3
133,carbon,3,8.5,1.0,1.0,2300.0,717.0,13.3007,-0.8522197917157568,-0.17606689177407592,ceramic,3744,11.600700000000002,0.00065984,116.0,1.6999999999999993,-7.479999999999922e-06,3.742000000000003e-05,1.0585105739696004,carbon_trial_3
134,carbon,3,8.5,1.0,1.0,2300.0,717.0,13.4007,-0.878155541849622,-0.21005977065548864,ceramic,3744,11.600700000000002,0.00065984,116.0,1.799999999999999,-7.579999999999978e-06,3.736000000000006e-05,1.0727420893191737,carbon_trial_3
135,carbon,3,8.5,1.0,1.0,2300.0,717.0,13.500660000000002,-0.904091291983459,-0.26671456879123795,ceramic,3744,11.600700000000002,0.00065984,116.0,1.89996,-7.679999999999926e-06,3.7260000000000006e-05,1.072742089319135,carbon_trial_3
136,carbon,3,8.5,1.0,1.0,2300.0,717.0,13.60066,-0.9248398920905567,-0.3233693669269258,ceramic,3744,11.600700000000002,0.00065984,116.0,1.999959999999998,-7.759999999999993e-06,3.716000000000006e-05,1.0656263316444063,carbon_trial_3
137,carbon,3,8.5,1.0,1.0,2300.0,717.0,13.70066,-0.9455884921976263,-0.40268608431695024,ceramic,3744,11.600700000000002,0.00065984,116.0,2.0999599999999976,-7.839999999999952e-06,3.702000000000002e-05,1.0442790586200654,carbon_trial_3
138,carbon,3,8.5,1.0,1.0,2300.0,717.0,13.8007,-0.9611499422779285,-0.43667896319836297,ceramic,3744,11.600700000000002,0.00065984,116.0,2.1999999999999993,-7.899999999999921e-06,3.696000000000005e-05,1.0442790586200654,carbon_trial_3
139,carbon,3,8.5,1.0,1.0,2300.0,717.0,13.9007,-0.9818985423850263,-0.5046647209612498,ceramic,3744,11.600700000000002,0.00065984,116.0,2.299999999999999,-7.979999999999988e-06,3.6840000000000006e-05,1.0300475432705307,carbon_trial_3
140,carbon,3,8.5,1.0,1.0,2300.0,717.0,14.000660000000002,-0.9974599924653285,-0.5726504787240753,ceramic,3744,11.600700000000002,0.00065984,116.0,2.39996,-8.039999999999957e-06,3.672000000000007e-05,1.0087002702462284,carbon_trial_3
141,carbon,3,8.5,1.0,1.0,2300.0,717.0,14.10066,-1.0130214425456308,-0.617974317232687,ceramic,3744,11.600700000000002,0.00065984,116.0,2.499959999999998,-8.099999999999926e-06,3.664e-05,1.0015845125714224,carbon_trial_3
142,carbon,3,8.5,1.0,1.0,2300.0,717.0,14.20066,-1.0337700426527285,-0.6859600749955125,ceramic,3744,11.600700000000002,0.00065984,116.0,2.5999599999999976,-8.179999999999993e-06,3.6520000000000064e-05,0.987352997221926,carbon_trial_3
143,carbon,3,8.5,1.0,1.0,2300.0,717.0,14.3007,-1.0389571926794958,-0.7766077520126745,ceramic,3744,11.600700000000002,0.00065984,116.0,2.6999999999999993,-8.199999999999982e-06,3.636000000000004e-05,0.9375426934985155,carbon_trial_3
144,carbon,3,8.5,1.0,1.0,2300.0,717.0,14.4007,-1.0545186427597981,-0.8332625501484238,ceramic,3744,11.600700000000002,0.00065984,116.0,2.799999999999999,-8.259999999999951e-06,3.625999999999998e-05,0.9233111781489421,carbon_trial_3
145,carbon,3,8.5,1.0,1.0,2300.0,717.0,14.500700000000002,-1.0700800928401002,-0.8899173482841116,ceramic,3744,11.600700000000002,0.00065984,116.0,2.9000000000000004,-8.31999999999992e-06,3.616000000000003e-05,0.9090796627994072,carbon_trial_3
146,carbon,3,8.5,1.0,1.0,2300.0,717.0,14.600700000000002,-1.0804543928936632,-0.9579031060469985,ceramic,3744,11.600700000000002,0.00065984,116.0,3.0,-8.360000000000008e-06,3.603999999999999e-05,0.8806166321003376,carbon_trial_3
147,carbon,3,8.5,1.0,1.0,2300.0,717.0,14.7007,-1.0960158429739655,-1.0372198234369616,ceramic,3744,11.600700000000002,0.00065984,116.0,3.099999999999998,-8.419999999999977e-06,3.590000000000006e-05,0.8521536014012678,carbon_trial_3
148,carbon,3,8.5,1.0,1.0,2300.0,717.0,14.80066,-1.1063901430275003,-1.0938746215727109,ceramic,3744,11.600700000000002,0.00065984,116.0,3.199959999999999,-8.459999999999956e-06,3.58e-05,0.830806328376927,carbon_trial_3
149,carbon,3,8.5,1.0,1.0,2300.0,717.0,14.900660000000002,-1.1063901430275003,-1.1731913389626738,ceramic,3744,11.600700000000002,0.00065984,116.0,3.2999600000000004,-8.459999999999956e-06,3.5660000000000075e-05,0.7809960246535551,carbon_trial_3
150,carbon,3,8.5,1.0,1.0,2300.0,717.0,15.000660000000002,-1.1219515931078023,-1.229846137098423,ceramic,3744,11.600700000000002,0.00065984,116.0,3.39996,-8.519999999999925e-06,3.556000000000002e-05,0.7667645093039817,carbon_trial_3
151,carbon,3,8.5,1.0,1.0,2300.0,717.0,15.10066,-1.1323258931613653,-1.2978318948612486,ceramic,3744,11.600700000000002,0.00065984,116.0,3.499959999999998,-8.560000000000013e-06,3.544000000000008e-05,0.7383014786049505,carbon_trial_3
152,carbon,3,8.5,1.0,1.0,2300.0,717.0,15.2007,-1.1427001932149001,-1.3431557333698603,ceramic,3744,11.600700000000002,0.00065984,116.0,3.599999999999998,-8.599999999999992e-06,3.5360000000000014e-05,0.7240699632553771,carbon_trial_3
153,carbon,3,8.5,1.0,1.0,2300.0,717.0,15.30066,-1.1478873432416676,-1.4224724507598847,ceramic,3744,11.600700000000002,0.00065984,116.0,3.699959999999999,-8.619999999999982e-06,3.521999999999998e-05,0.681375417206734,carbon_trial_3
154,carbon,3,8.5,1.0,1.0,2300.0,717.0,15.4007,-1.1634487933219697,-1.4791272488955727,ceramic,3744,11.600700000000002,0.00065984,116.0,3.799999999999999,-8.67999999999995e-06,3.512000000000003e-05,0.6671439018571991,carbon_trial_3
155,carbon,3,8.5,1.0,1.0,2300.0,717.0,15.500660000000002,-1.1686359433487372,-1.5357820470312604,ceramic,3744,11.600700000000002,0.00065984,116.0,3.89996,-8.69999999999994e-06,3.502000000000008e-05,0.6386808711581294,carbon_trial_3
156,carbon,3,8.5,1.0,1.0,2300.0,717.0,15.60066,-1.1738230933755045,-1.59243684516701,ceramic,3744,11.600700000000002,0.00065984,116.0,3.999959999999998,-8.71999999999993e-06,3.4920000000000025e-05,0.6102178404590212,carbon_trial_3
157,carbon,3,8.5,1.0,1.0,2300.0,717.0,15.70066,-1.1841973934290675,-1.6717535625570343,ceramic,3744,11.600700000000002,0.00065984,116.0,4.099959999999998,-8.760000000000018e-06,3.477999999999999e-05,0.5746390520851841,carbon_trial_3
158,carbon,3,8.5,1.0,1.0,2300.0,717.0,15.80066,-1.189384543455835,-1.7170774010655845,ceramic,3744,11.600700000000002,0.00065984,116.0,4.199959999999999,-8.780000000000007e-06,3.470000000000003e-05,0.5532917790608818,carbon_trial_3
159,carbon,3,8.5,1.0,1.0,2300.0,717.0,15.9007,-1.1997588435093698,-1.796394118455609,ceramic,3744,11.600700000000002,0.00065984,116.0,4.299999999999999,-8.819999999999987e-06,3.4559999999999994e-05,0.517712990687006,carbon_trial_3
160,carbon,3,8.5,1.0,1.0,2300.0,717.0,16.00066,-1.204945993536137,-1.8417179569641593,ceramic,3744,11.600700000000002,0.00065984,116.0,4.399959999999998,-8.839999999999976e-06,3.4480000000000036e-05,0.4963657176627038,carbon_trial_3
161,carbon,3,8.5,1.0,1.0,2300.0,717.0,16.1007,-1.2153202935896719,-1.8983727550999085,ceramic,3744,11.600700000000002,0.00065984,116.0,4.499999999999998,-8.879999999999956e-06,3.437999999999998e-05,0.47501844463836296,carbon_trial_3
162,carbon,3,8.5,1.0,1.0,2300.0,717.0,16.2007,-1.2153202935896719,-1.9550275532355965,ceramic,3744,11.600700000000002,0.00065984,116.0,4.6,-8.879999999999956e-06,3.428000000000003e-05,0.43943965626452586,carbon_trial_3
163,carbon,3,8.5,1.0,1.0,2300.0,717.0,16.30066,-1.2308817436699742,-2.0116823513712845,ceramic,3744,11.600700000000002,0.00065984,116.0,4.699959999999999,-8.939999999999925e-06,3.418000000000008e-05,0.425208140914991,carbon_trial_3
164,carbon,3,8.5,1.0,1.0,2300.0,717.0,16.400660000000002,-1.2360688936967696,-2.0796681091341713,ceramic,3744,11.600700000000002,0.00065984,116.0,4.7999600000000004,-8.960000000000023e-06,3.4060000000000036e-05,0.3896293525411539,carbon_trial_3
165,carbon,3,8.5,1.0,1.0,2300.0,717.0,16.500700000000002,-1.2360688936967696,-2.113660988015584,ceramic,3744,11.600700000000002,0.00065984,116.0,4.9,-8.960000000000023e-06,3.400000000000007e-05,0.3682820795168516,carbon_trial_3
166,carbon,3,8.5,1.0,1.0,2300.0,717.0,16.60066,-1.2412560437235372,-2.1589848265241955,ceramic,3744,11.600700000000002,0.00065984,116.0,4.99996,-8.980000000000012e-06,3.392e-05,0.34693480649251074,carbon_trial_3
167,carbon,3,8.5,1.0,1.0,2300.0,717.0,16.700660000000003,-1.251630343777072,-2.2156396246598833,ceramic,3744,11.600700000000002,0.00065984,116.0,5.099960000000001,-9.019999999999992e-06,3.382000000000005e-05,0.32558753346820846,carbon_trial_3
143,carbon,4,8.5,1.0,1.0,2300.0,717.0,14.30066,1.0929614683230038,1.1836482634831087,ceramic,3744,14.30066,0.00065986,143.0,0.0,0.0,3.979999999999999e-05,-0.7560076330970186,carbon_trial_4
144,carbon,4,8.5,1.0,1.0,2300.0,717.0,14.400670000000002,1.0877743182962365,1.172317303855971,ceramic,3744,14.30066,0.00065986,143.0,0.10001000000000104,-1.9999999999989644e-08,3.978e-05,-0.7560076330970186,carbon_trial_4
145,carbon,4,8.5,1.0,1.0,2300.0,717.0,14.500700000000002,1.0618385681623994,1.1836482634831087,ceramic,3744,14.30066,0.00065986,143.0,0.20004000000000133,-1.1999999999993786e-07,3.979999999999999e-05,-0.713313087048414,carbon_trial_4
146,carbon,4,8.5,1.0,1.0,2300.0,717.0,14.600700000000002,0.8751011671986604,1.0703386672116715,ceramic,3744,14.30066,0.00065986,143.0,0.300040000000001,-8.399999999999987e-07,3.959999999999999e-05,-0.5283033875043452,carbon_trial_4
147,carbon,4,8.5,1.0,1.0,2300.0,717.0,14.7007,0.40307051476260164,1.0590077075845339,ceramic,3744,14.30066,0.00065986,143.0,0.40003999999999884,-2.6599999999999237e-06,3.958e-05,0.11211480322503146,carbon_trial_4
148,carbon,4,8.5,1.0,1.0,2300.0,717.0,14.80066,0.11777726329022573,1.0703386672116715,ceramic,3744,14.30066,0.00065986,143.0,0.5,-3.7600000000000047e-06,3.959999999999999e-05,0.5105972330122387,carbon_trial_4
149,carbon,4,8.5,1.0,1.0,2300.0,717.0,14.9007,-0.06896013767348518,1.0590077075845339,ceramic,3744,14.30066,0.00065986,143.0,0.6000399999999999,-4.479999999999957e-06,3.958e-05,0.7596487516292142,carbon_trial_4
150,carbon,4,8.5,1.0,1.0,2300.0,717.0,15.00067,-0.20901318839628943,1.0590077075845339,ceramic,3744,14.30066,0.00065986,143.0,0.7000099999999989,-5.020000000000003e-06,3.958e-05,0.9517742088480504,carbon_trial_4
151,carbon,4,8.5,1.0,1.0,2300.0,717.0,15.10066,-0.32831763901199595,1.0476767479573963,ceramic,3744,14.30066,0.00065986,143.0,0.7999999999999989,-5.479999999999981e-06,3.956000000000001e-05,1.108320877693011,carbon_trial_4
152,carbon,4,8.5,1.0,1.0,2300.0,717.0,15.20066,-0.42168633949386547,1.0476767479573963,ceramic,3744,14.30066,0.00065986,143.0,0.8999999999999986,-5.840000000000012e-06,3.956000000000001e-05,1.2364045158389017,carbon_trial_4
153,carbon,4,8.5,1.0,1.0,2300.0,717.0,15.30066,-0.49430643986863726,1.0363457883302587,ceramic,3744,14.30066,0.00065986,143.0,1.0,-6.119999999999975e-06,3.954000000000002e-05,1.3289093656109168,carbon_trial_4
154,carbon,4,8.5,1.0,1.0,2300.0,717.0,15.400660000000002,-0.5565522401898743,1.0136838690759837,ceramic,3744,14.30066,0.00065986,143.0,1.1000000000000014,-6.3599999999999594e-06,3.950000000000004e-05,1.4000669423586296,carbon_trial_4
155,carbon,4,8.5,1.0,1.0,2300.0,717.0,15.50067,-0.6187980405111112,1.0136838690759837,ceramic,3744,14.30066,0.00065986,143.0,1.200009999999999,-6.599999999999944e-06,3.950000000000004e-05,1.4854560344558772,carbon_trial_4
156,carbon,4,8.5,1.0,1.0,2300.0,717.0,15.600700000000002,-0.6706695407788134,0.9683600305674334,ceramic,3744,14.30066,0.00065986,143.0,1.300040000000001,-6.7999999999999484e-06,3.942000000000008e-05,1.5281505805045204,carbon_trial_4
157,carbon,4,8.5,1.0,1.0,2300.0,717.0,15.7007,-0.7121667409929807,0.9456981113130968,ceramic,3744,14.30066,0.00065986,143.0,1.4000399999999988,-6.959999999999974e-06,3.937999999999999e-05,1.570845126553125,carbon_trial_4
158,carbon,4,8.5,1.0,1.0,2300.0,717.0,15.8007,-0.7536639412071481,0.9003742728045465,ceramic,3744,14.30066,0.00065986,143.0,1.5000400000000003,-7.12e-06,3.9300000000000034e-05,1.5993081572522332,carbon_trial_4
159,carbon,4,8.5,1.0,1.0,2300.0,717.0,15.900660000000002,-0.7899739913945198,0.8663813939231337,ceramic,3744,14.30066,0.00065986,143.0,1.6000000000000014,-7.259999999999927e-06,3.9240000000000065e-05,1.6277711879513028,carbon_trial_4
160,carbon,4,8.5,1.0,1.0,2300.0,717.0,16.00071,-0.815909741528385,0.8323885150416596,ceramic,3744,14.30066,0.00065986,143.0,1.700050000000001,-7.359999999999984e-06,3.917999999999999e-05,1.6420027033008378,carbon_trial_4
161,carbon,4,8.5,1.0,1.0,2300.0,717.0,16.1007,-0.8522197917157568,0.7757337169059717,ceramic,3744,14.30066,0.00065986,143.0,1.8000399999999992,-7.499999999999911e-06,3.908000000000004e-05,1.6562342186503725,carbon_trial_4
162,carbon,4,8.5,1.0,1.0,2300.0,717.0,16.20071,-0.8729683918228546,0.7304098783974214,ceramic,3744,14.30066,0.00065986,143.0,1.9000500000000002,-7.579999999999978e-06,3.900000000000008e-05,1.656234218650411,carbon_trial_4
163,carbon,4,8.5,1.0,1.0,2300.0,717.0,16.300700000000003,-0.8989041419566915,0.6737550802616721,ceramic,3744,14.30066,0.00065986,143.0,2.000040000000002,-7.679999999999926e-06,3.8900000000000024e-05,1.6562342186503725,carbon_trial_4
164,carbon,4,8.5,1.0,1.0,2300.0,717.0,16.40067,-0.9248398920905567,0.6057693224988466,ceramic,3744,14.30066,0.00065986,143.0,2.100010000000001,-7.779999999999983e-06,3.8780000000000086e-05,1.6491184609756437,carbon_trial_4
165,carbon,4,8.5,1.0,1.0,2300.0,717.0,16.500670000000003,-0.9404013421708589,0.5491145243630974,ceramic,3744,14.30066,0.00065986,143.0,2.2000100000000025,-7.839999999999952e-06,3.868000000000003e-05,1.6348869456260702,carbon_trial_4
166,carbon,4,8.5,1.0,1.0,2300.0,717.0,16.6007,-0.9559627922511611,0.5037906858545471,ceramic,3744,14.30066,0.00065986,143.0,2.300039999999999,-7.899999999999921e-06,3.860000000000007e-05,1.6277711879513028,carbon_trial_4
167,carbon,4,8.5,1.0,1.0,2300.0,717.0,16.700660000000003,-0.9818985423850263,0.4244739684645226,ceramic,3744,14.30066,0.00065986,143.0,2.400000000000002,-7.999999999999978e-06,3.8460000000000035e-05,1.613539672601768,carbon_trial_4
168,carbon,4,8.5,1.0,1.0,2300.0,717.0,16.800710000000002,-0.9974599924653285,0.36781917032883477,ceramic,3744,14.30066,0.00065986,143.0,2.5000500000000017,-8.059999999999947e-06,3.836000000000009e-05,1.5993081572522332,carbon_trial_4
169,carbon,4,8.5,1.0,1.0,2300.0,717.0,16.9007,-1.0078342925188633,0.2998334125659479,ceramic,3744,14.30066,0.00065986,143.0,2.60004,-8.099999999999926e-06,3.824000000000004e-05,1.570845126553125,carbon_trial_4
170,carbon,4,8.5,1.0,1.0,2300.0,717.0,17.000670000000003,-1.028582892625961,0.23184765480306102,ceramic,3744,14.30066,0.00065986,143.0,2.7000100000000025,-8.179999999999993e-06,3.8119999999999994e-05,1.55661361120359,carbon_trial_4
171,carbon,4,8.5,1.0,1.0,2300.0,717.0,17.10066,-1.0337700426527285,0.1638618970402356,ceramic,3744,14.30066,0.00065986,143.0,2.8000000000000007,-8.199999999999982e-06,3.8000000000000056e-05,1.5210348228297528,carbon_trial_4
172,carbon,4,8.5,1.0,1.0,2300.0,717.0,17.200670000000002,-1.0493314927330306,0.09587613927734871,ceramic,3744,14.30066,0.00065986,143.0,2.9000100000000018,-8.259999999999951e-06,3.788000000000001e-05,1.499687549805412,carbon_trial_4
173,carbon,4,8.5,1.0,1.0,2300.0,717.0,17.300700000000003,-1.0700800928401002,0.027890381514523273,ceramic,3744,14.30066,0.00065986,143.0,3.000040000000002,-8.33999999999991e-06,3.776000000000007e-05,1.4854560344558772,carbon_trial_4
174,carbon,4,8.5,1.0,1.0,2300.0,717.0,17.40067,-1.0804543928936632,-0.040095376248363596,ceramic,3744,14.30066,0.00065986,143.0,3.100010000000001,-8.379999999999998e-06,3.7640000000000026e-05,1.4569930037568075,carbon_trial_4
175,carbon,4,8.5,1.0,1.0,2300.0,717.0,17.500700000000002,-1.0856415429204307,-0.10808113401118905,ceramic,3744,14.30066,0.00065986,143.0,3.2000400000000013,-8.399999999999987e-06,3.752000000000009e-05,1.4214142153829703,carbon_trial_4
176,carbon,4,8.5,1.0,1.0,2300.0,717.0,17.6007,-1.0960158429739655,-0.17606689177407592,ceramic,3744,14.30066,0.00065986,143.0,3.300039999999999,-8.439999999999967e-06,3.740000000000004e-05,1.392951184683862,carbon_trial_4
177,carbon,4,8.5,1.0,1.0,2300.0,717.0,17.7007,-1.1115772930542676,-0.2440526495369628,ceramic,3744,14.30066,0.00065986,143.0,3.4000400000000006,-8.499999999999936e-06,3.7279999999999995e-05,1.3716039116595213,carbon_trial_4
178,carbon,4,8.5,1.0,1.0,2300.0,717.0,17.80066,-1.116764443081035,-0.2893764880455131,ceramic,3744,14.30066,0.00065986,143.0,3.5,-8.519999999999925e-06,3.720000000000004e-05,1.350256638635219,carbon_trial_4
179,carbon,4,8.5,1.0,1.0,2300.0,717.0,17.90067,-1.127138743134598,-0.3686932054355375,ceramic,3744,14.30066,0.00065986,143.0,3.600010000000001,-8.560000000000013e-06,3.706e-05,1.3146778502613818,carbon_trial_4
180,carbon,4,8.5,1.0,1.0,2300.0,717.0,18.00066,-1.1427001932149001,-0.43667896319836297,ceramic,3744,14.30066,0.00065986,143.0,3.6999999999999993,-8.619999999999982e-06,3.694000000000006e-05,1.2933305772370796,carbon_trial_4
181,carbon,4,8.5,1.0,1.0,2300.0,717.0,18.100710000000003,-1.153074493268435,-0.4933337613341123,ceramic,3744,14.30066,0.00065986,143.0,3.8000500000000024,-8.659999999999961e-06,3.6840000000000006e-05,1.2719833042127386,carbon_trial_4
182,carbon,4,8.5,1.0,1.0,2300.0,717.0,18.20067,-1.153074493268435,-0.5726504787240753,ceramic,3744,14.30066,0.00065986,143.0,3.900009999999998,-8.659999999999961e-06,3.670000000000008e-05,1.2221730004893667,carbon_trial_4
183,carbon,4,8.5,1.0,1.0,2300.0,717.0,18.30067,-1.1634487933219697,-0.617974317232687,ceramic,3744,14.30066,0.00065986,143.0,4.00001,-8.69999999999994e-06,3.662000000000001e-05,1.2079414851397934,carbon_trial_4
184,carbon,4,8.5,1.0,1.0,2300.0,717.0,18.40066,-1.1738230933755045,-0.6859600749955125,ceramic,3744,14.30066,0.00065986,143.0,4.099999999999998,-8.73999999999992e-06,3.6500000000000074e-05,1.1794784544407237,carbon_trial_4
185,carbon,4,8.5,1.0,1.0,2300.0,717.0,18.50066,-1.179010243402272,-0.7426148731312617,ceramic,3744,14.30066,0.00065986,143.0,4.199999999999999,-8.75999999999991e-06,3.640000000000002e-05,1.1510154237416155,carbon_trial_4
186,carbon,4,8.5,1.0,1.0,2300.0,717.0,18.6007,-1.189384543455835,-0.8106006308940872,ceramic,3744,14.30066,0.00065986,143.0,4.300039999999999,-8.799999999999997e-06,3.628000000000008e-05,1.1225523930425843,carbon_trial_4
187,carbon,4,8.5,1.0,1.0,2300.0,717.0,18.7007,-1.1997588435093698,-0.8672554290298365,ceramic,3744,14.30066,0.00065986,143.0,4.400040000000001,-8.839999999999976e-06,3.618000000000002e-05,1.1012051200182433,carbon_trial_4
188,carbon,4,8.5,1.0,1.0,2300.0,717.0,18.800700000000003,-1.1997588435093698,-0.9352411867926619,ceramic,3744,14.30066,0.00065986,143.0,4.500040000000002,-8.839999999999976e-06,3.6060000000000085e-05,1.058510573969639,carbon_trial_4
189,carbon,4,8.5,1.0,1.0,2300.0,717.0,18.9007,-1.2101331435629046,-0.9805650253012737,ceramic,3744,14.30066,0.00065986,143.0,4.60004,-8.879999999999956e-06,3.598000000000002e-05,1.0442790586200654,carbon_trial_4
190,carbon,4,8.5,1.0,1.0,2300.0,717.0,19.00071,-1.2256945936432067,-1.048550783064099,ceramic,3744,14.30066,0.00065986,143.0,4.700050000000001,-8.939999999999925e-06,3.586000000000008e-05,1.0229317855957631,carbon_trial_4
191,carbon,4,8.5,1.0,1.0,2300.0,717.0,19.100710000000003,-1.2205074436164394,-1.1052055811998485,ceramic,3744,14.30066,0.00065986,143.0,4.800050000000002,-8.919999999999935e-06,3.5760000000000024e-05,0.98023723954712,carbon_trial_4
192,carbon,4,8.5,1.0,1.0,2300.0,717.0,19.200660000000003,-1.2308817436699742,-1.1618603793355362,ceramic,3744,14.30066,0.00065986,143.0,4.900000000000002,-8.959999999999914e-06,3.5660000000000075e-05,0.9588899665228178,carbon_trial_4
193,carbon,4,8.5,1.0,1.0,2300.0,717.0,19.300700000000003,-1.2360688936967696,-1.207184217844148,ceramic,3744,14.30066,0.00065986,143.0,5.000040000000002,-8.980000000000012e-06,3.558000000000001e-05,0.9375426934985155,carbon_trial_4
108,carbon,5,8.5,1.0,1.0,2300.0,717.0,10.80071,1.0774000182427015,1.1156625057202831,ceramic,3744,10.80071,0.0006598,108.0,0.0,0.0,3.974000000000002e-05,-0.7773549061213209,carbon_trial_5
109,carbon,5,8.5,1.0,1.0,2300.0,717.0,10.90063,1.0670257181891667,1.1269934653474207,ceramic,3744,10.80071,0.0006598,108.0,0.09991999999999912,-3.999999999997929e-08,3.976000000000001e-05,-0.7560076330970186,carbon_trial_5
110,carbon,5,8.5,1.0,1.0,2300.0,717.0,11.000710000000002,1.0670257181891667,1.1156625057202831,ceramic,3744,10.80071,0.0006598,108.0,0.20000000000000107,-3.999999999997929e-08,3.974000000000002e-05,-0.763123390771786,carbon_trial_5
111,carbon,5,8.5,1.0,1.0,2300.0,717.0,11.10071,1.020341367948232,1.1043315460931455,ceramic,3744,10.80071,0.0006598,108.0,0.29999999999999893,-2.199999999999945e-07,3.972000000000003e-05,-0.706197329373608,carbon_trial_5
112,carbon,5,8.5,1.0,1.0,2300.0,717.0,11.20071,0.506813515298006,1.0136838690759837,ceramic,3744,10.80071,0.0006598,108.0,0.40000000000000036,-2.199999999999945e-06,3.956000000000001e-05,-0.05866338096946386,carbon_trial_5
113,carbon,5,8.5,1.0,1.0,2300.0,717.0,11.30071,0.14890016345085827,1.0023529094488461,ceramic,3744,10.80071,0.0006598,108.0,0.5,-3.5799999999999894e-06,3.954000000000002e-05,0.425208140914991,carbon_trial_5
114,carbon,5,8.5,1.0,1.0,2300.0,717.0,11.40063,-0.07414728770025257,1.0023529094488461,ceramic,3744,10.80071,0.0006598,108.0,0.5999199999999991,-4.439999999999978e-06,3.954000000000002e-05,0.7311857209301446,carbon_trial_5
115,carbon,5,8.5,1.0,1.0,2300.0,717.0,11.50063,-0.24532323858366126,0.9910219498217084,ceramic,3744,10.80071,0.0006598,108.0,0.6999199999999988,-5.099999999999961e-06,3.952000000000003e-05,0.9588899665228178,carbon_trial_5
116,carbon,5,8.5,1.0,1.0,2300.0,717.0,11.60063,-0.3646276891993678,0.9683600305674334,ceramic,3744,10.80071,0.0006598,108.0,0.7999200000000002,-5.55999999999994e-06,3.948000000000005e-05,1.108320877693011,carbon_trial_5
117,carbon,5,8.5,1.0,1.0,2300.0,717.0,11.70063,-0.4631835397080047,0.9683600305674334,ceramic,3744,10.80071,0.0006598,108.0,0.8999199999999998,-5.93999999999996e-06,3.948000000000005e-05,1.243520273513669,carbon_trial_5
118,carbon,5,8.5,1.0,1.0,2300.0,717.0,11.800630000000002,-0.5513650901631068,0.9570290709402958,ceramic,3744,10.80071,0.0006598,108.0,0.9999200000000013,-6.280000000000001e-06,3.946000000000006e-05,1.357372396310025,carbon_trial_5
119,carbon,5,8.5,1.0,1.0,2300.0,717.0,11.90071,-0.6187980405111112,0.9456981113130968,ceramic,3744,10.80071,0.0006598,108.0,1.0999999999999996,-6.539999999999975e-06,3.943999999999996e-05,1.4427614884072342,carbon_trial_5
120,carbon,5,8.5,1.0,1.0,2300.0,717.0,12.000710000000002,-0.6862309908591155,0.9230361920588216,ceramic,3744,10.80071,0.0006598,108.0,1.200000000000001,-6.7999999999999484e-06,3.939999999999998e-05,1.5210348228297144,carbon_trial_5
121,carbon,5,8.5,1.0,1.0,2300.0,717.0,12.10071,-0.7432896411535851,0.9456981113130968,ceramic,3744,10.80071,0.0006598,108.0,1.299999999999999,-7.019999999999943e-06,3.943999999999996e-05,1.6135396726017295,carbon_trial_5
122,carbon,5,8.5,1.0,1.0,2300.0,717.0,12.20071,-0.8574069417425524,0.9910219498217084,ceramic,3744,10.80071,0.0006598,108.0,1.4000000000000004,-7.46000000000004e-06,3.952000000000003e-05,1.7985493721458368,carbon_trial_5
123,carbon,5,8.5,1.0,1.0,2300.0,717.0,12.300630000000002,-0.8833426918763894,0.979690990194571,ceramic,3744,10.80071,0.0006598,108.0,1.4999200000000013,-7.559999999999989e-06,3.950000000000004e-05,1.8270124028449064,carbon_trial_5
124,carbon,5,8.5,1.0,1.0,2300.0,717.0,12.400710000000002,-0.8833426918763894,0.9456981113130968,ceramic,3744,10.80071,0.0006598,108.0,1.6000000000000014,-7.559999999999989e-06,3.943999999999996e-05,1.8056651298205655,carbon_trial_5
125,carbon,5,8.5,1.0,1.0,2300.0,717.0,12.500710000000002,-0.8885298419031568,0.9003742728045465,ceramic,3744,10.80071,0.0006598,108.0,1.700000000000001,-7.579999999999978e-06,3.936e-05,1.7843178567962632,carbon_trial_5
126,carbon,5,8.5,1.0,1.0,2300.0,717.0,12.60063,-0.8937169919299242,0.8550504342959961,ceramic,3744,10.80071,0.0006598,108.0,1.7999200000000002,-7.599999999999968e-06,3.9280000000000044e-05,1.762970583771961,carbon_trial_5
127,carbon,5,8.5,1.0,1.0,2300.0,717.0,12.70063,-0.8937169919299242,0.8097265957873845,ceramic,3744,10.80071,0.0006598,108.0,1.8999199999999998,-7.599999999999968e-06,3.919999999999998e-05,1.7345075530728526,carbon_trial_5
128,carbon,5,8.5,1.0,1.0,2300.0,717.0,12.80071,-0.8989041419566915,0.7530717976516966,ceramic,3744,10.80071,0.0006598,108.0,2.0,-7.6199999999999575e-06,3.910000000000003e-05,1.706044522373783,carbon_trial_5
129,carbon,5,8.5,1.0,1.0,2300.0,717.0,12.90063,-0.904091291983459,0.6964169995159473,ceramic,3744,10.80071,0.0006598,108.0,2.099919999999999,-7.639999999999947e-06,3.899999999999997e-05,1.6775814916746747,carbon_trial_5
130,carbon,5,8.5,1.0,1.0,2300.0,717.0,13.000710000000002,-0.904091291983459,0.6284312417531218,ceramic,3744,10.80071,0.0006598,108.0,2.200000000000001,-7.639999999999947e-06,3.8880000000000034e-05,1.6348869456260702,carbon_trial_5
131,carbon,5,8.5,1.0,1.0,2300.0,717.0,13.10071,-0.904091291983459,0.5831074032445102,ceramic,3744,10.80071,0.0006598,108.0,2.299999999999999,-7.639999999999947e-06,3.879999999999997e-05,1.606423914926962,carbon_trial_5
132,carbon,5,8.5,1.0,1.0,2300.0,717.0,13.20071,-0.9196527420637893,0.5151216454816847,ceramic,3744,10.80071,0.0006598,108.0,2.4000000000000004,-7.700000000000025e-06,3.868000000000003e-05,1.5850766419026983,carbon_trial_5
133,carbon,5,8.5,1.0,1.0,2300.0,717.0,13.30071,-0.9196527420637893,0.45846684734593535,ceramic,3744,10.80071,0.0006598,108.0,2.5,-7.700000000000025e-06,3.857999999999997e-05,1.5494978535288226,carbon_trial_5
134,carbon,5,8.5,1.0,1.0,2300.0,717.0,13.40063,-0.9248398920905567,0.37915012995597236,ceramic,3744,10.80071,0.0006598,108.0,2.599919999999999,-7.720000000000014e-06,3.8440000000000045e-05,1.506803307480218,carbon_trial_5
135,carbon,5,8.5,1.0,1.0,2300.0,717.0,13.500710000000002,-0.9300270421173241,0.32249533182022305,ceramic,3744,10.80071,0.0006598,108.0,2.700000000000001,-7.740000000000004e-06,3.833999999999999e-05,1.4783402767811098,carbon_trial_5
136,carbon,5,8.5,1.0,1.0,2300.0,717.0,13.60071,-0.9300270421173241,0.2545095740573976,ceramic,3744,10.80071,0.0006598,108.0,2.799999999999999,-7.740000000000004e-06,3.822000000000005e-05,1.4356457307325052,carbon_trial_5
137,carbon,5,8.5,1.0,1.0,2300.0,717.0,13.70063,-0.9352141921440915,0.19785477592164832,ceramic,3744,10.80071,0.0006598,108.0,2.89992,-7.759999999999993e-06,3.8119999999999994e-05,1.407182700033397,carbon_trial_5
138,carbon,5,8.5,1.0,1.0,2300.0,717.0,13.80071,-0.9404013421708589,0.12986901815882287,ceramic,3744,10.80071,0.0006598,108.0,3.0,-7.779999999999983e-06,3.8000000000000056e-05,1.3716039116595597,carbon_trial_5
139,carbon,5,8.5,1.0,1.0,2300.0,717.0,13.900710000000002,-0.9507756422243937,0.05055230076879842,ceramic,3744,10.80071,0.0006598,108.0,3.1000000000000014,-7.819999999999962e-06,3.786000000000002e-05,1.3360251232856841,carbon_trial_5
140,carbon,5,8.5,1.0,1.0,2300.0,717.0,14.000710000000002,-0.9559627922511611,0.005228462260248125,ceramic,3744,10.80071,0.0006598,108.0,3.200000000000001,-7.839999999999952e-06,3.778000000000006e-05,1.3146778502613818,carbon_trial_5
141,carbon,5,8.5,1.0,1.0,2300.0,717.0,14.10071,-0.9559627922511611,-0.05142633587550117,ceramic,3744,10.80071,0.0006598,108.0,3.299999999999999,-7.839999999999952e-06,3.7680000000000005e-05,1.2790990618875062,carbon_trial_5
142,carbon,5,8.5,1.0,1.0,2300.0,717.0,14.20063,-0.9611499422779285,-0.10808113401118905,ceramic,3744,10.80071,0.0006598,108.0,3.39992,-7.859999999999942e-06,3.758000000000006e-05,1.2506360311884366,carbon_trial_5
143,carbon,5,8.5,1.0,1.0,2300.0,717.0,14.30071,-0.9663370923047241,-0.15340497251980076,ceramic,3744,10.80071,0.0006598,108.0,3.5,-7.88000000000004e-06,3.749999999999999e-05,1.2292887581641343,carbon_trial_5
144,carbon,5,8.5,1.0,1.0,2300.0,717.0,14.40063,-0.9663370923047241,-0.2440526495369628,ceramic,3744,10.80071,0.0006598,108.0,3.599919999999999,-7.88000000000004e-06,3.7339999999999964e-05,1.1723626967659562,carbon_trial_5
145,carbon,5,8.5,1.0,1.0,2300.0,717.0,14.500710000000002,-0.9767113923582589,-0.2780455284183755,ceramic,3744,10.80071,0.0006598,108.0,3.700000000000001,-7.920000000000019e-06,3.7279999999999995e-05,1.1652469390911888,carbon_trial_5
146,carbon,5,8.5,1.0,1.0,2300.0,717.0,14.60071,-0.9767113923582589,-0.3347003265540634,ceramic,3744,10.80071,0.0006598,108.0,3.799999999999999,-7.920000000000019e-06,3.718000000000005e-05,1.1296681507173516,carbon_trial_5
147,carbon,5,8.5,1.0,1.0,2300.0,717.0,14.70071,-0.9767113923582589,-0.40268608431695024,ceramic,3744,10.80071,0.0006598,108.0,3.9000000000000004,-7.920000000000019e-06,3.706e-05,1.0869736046687086,carbon_trial_5
148,carbon,5,8.5,1.0,1.0,2300.0,717.0,14.80071,-0.9818985423850263,-0.44800992282550056,ceramic,3744,10.80071,0.0006598,108.0,4.0,-7.940000000000009e-06,3.698000000000004e-05,1.0656263316444063,carbon_trial_5
149,carbon,5,8.5,1.0,1.0,2300.0,717.0,14.900710000000002,-0.9922728424385611,-0.5046647209612498,ceramic,3744,10.80071,0.0006598,108.0,4.100000000000001,-7.979999999999988e-06,3.6879999999999986e-05,1.0442790586200654,carbon_trial_5
150,carbon,5,8.5,1.0,1.0,2300.0,717.0,15.000710000000002,-0.9870856924117937,-0.5613195190969377,ceramic,3744,10.80071,0.0006598,108.0,4.200000000000001,-7.959999999999998e-06,3.678000000000004e-05,1.0015845125714609,carbon_trial_5
151,carbon,5,8.5,1.0,1.0,2300.0,717.0,15.10071,-0.9974599924653285,-0.5953123979784118,ceramic,3744,10.80071,0.0006598,108.0,4.299999999999999,-7.999999999999978e-06,3.671999999999996e-05,0.9944687548966549,carbon_trial_5
152,carbon,5,8.5,1.0,1.0,2300.0,717.0,15.20071,-0.9974599924653285,-0.6519671961140997,ceramic,3744,10.80071,0.0006598,108.0,4.4,-7.999999999999978e-06,3.662000000000001e-05,0.9588899665228178,carbon_trial_5
153,carbon,5,8.5,1.0,1.0,2300.0,717.0,15.30071,-1.002647142492096,-0.6859600749955125,ceramic,3744,10.80071,0.0006598,108.0,4.5,-8.019999999999967e-06,3.656000000000004e-05,0.944658451173283,carbon_trial_5
154,carbon,5,8.5,1.0,1.0,2300.0,717.0,15.40063,-1.0078342925188633,-0.7426148731312617,ceramic,3744,10.80071,0.0006598,108.0,4.599919999999999,-8.039999999999957e-06,3.6459999999999986e-05,0.9161954204741747,carbon_trial_5
155,carbon,5,8.5,1.0,1.0,2300.0,717.0,15.50063,-1.0182085925724262,-0.7766077520126745,ceramic,3744,10.80071,0.0006598,108.0,4.699919999999999,-8.080000000000045e-06,3.640000000000002e-05,0.9090796627994459,carbon_trial_5
156,carbon,5,8.5,1.0,1.0,2300.0,717.0,15.60071,-1.0182085925724262,-0.8332625501484238,ceramic,3744,10.80071,0.0006598,108.0,4.799999999999999,-8.080000000000045e-06,3.629999999999996e-05,0.8735008744255701,carbon_trial_5
157,carbon,5,8.5,1.0,1.0,2300.0,717.0,15.70071,-1.0233957425991935,-0.878586388656974,ceramic,3744,10.80071,0.0006598,108.0,4.9,-8.100000000000034e-06,3.622e-05,0.8521536014012678,carbon_trial_5
158,carbon,5,8.5,1.0,1.0,2300.0,717.0,15.80071,-1.028582892625961,-0.9125792675383868,ceramic,3744,10.80071,0.0006598,108.0,5.0,-8.120000000000024e-06,3.616000000000003e-05,0.837922086051733,carbon_trial_5
112,carbon,6,8.5,1.0,1.0,2300.0,717.0,11.20066,1.0774000182427015,1.0930005864660082,ceramic,3744,11.20066,0.0006598,112.0,0.0,0.0,3.9700000000000043e-05,-0.7915864214708557,carbon_trial_6
113,carbon,6,8.5,1.0,1.0,2300.0,717.0,11.30066,1.0670257181891667,1.1156625057202831,ceramic,3744,11.20066,0.0006598,112.0,0.10000000000000142,-3.999999999997929e-08,3.974000000000002e-05,-0.763123390771786,carbon_trial_6
114,carbon,6,8.5,1.0,1.0,2300.0,717.0,11.40066,1.0514642681088646,1.0930005864660082,ceramic,3744,11.20066,0.0006598,112.0,0.20000000000000107,-9.999999999994822e-08,3.9700000000000043e-05,-0.7560076330970186,carbon_trial_6
115,carbon,6,8.5,1.0,1.0,2300.0,717.0,11.500660000000002,0.994405617814395,1.0816696268388706,ceramic,3744,11.20066,0.0006598,112.0,0.3000000000000025,-3.199999999999427e-07,3.9680000000000054e-05,-0.6848500563493057,carbon_trial_6
116,carbon,6,8.5,1.0,1.0,2300.0,717.0,11.60067,0.506813515298006,0.9570290709402958,ceramic,3744,11.20066,0.0006598,112.0,0.40001,-2.199999999999945e-06,3.946000000000006e-05,-0.09424216934330097,carbon_trial_6
117,carbon,6,8.5,1.0,1.0,2300.0,717.0,11.70066,0.12296441331702125,0.9343671516859592,ceramic,3744,11.20066,0.0006598,112.0,0.5,-3.6799999999999377e-06,3.941999999999997e-05,0.418092383240185,carbon_trial_6
118,carbon,6,8.5,1.0,1.0,2300.0,717.0,11.8007,-0.12083163794118733,0.9230361920588216,ceramic,3744,11.20066,0.0006598,112.0,0.6000400000000017,-4.619999999999993e-06,3.939999999999998e-05,0.7454172362796794,carbon_trial_6
119,carbon,6,8.5,1.0,1.0,2300.0,717.0,11.9007,-0.2868204387978286,0.9230361920588216,ceramic,3744,11.20066,0.0006598,112.0,0.7000400000000013,-5.259999999999987e-06,3.939999999999998e-05,0.9731214818723527,carbon_trial_6
120,carbon,6,8.5,1.0,1.0,2300.0,717.0,12.0007,-0.41131203944030253,0.911705232431684,ceramic,3744,11.20066,0.0006598,112.0,0.800040000000001,-5.739999999999955e-06,3.937999999999999e-05,1.1367839083920805,carbon_trial_6
121,carbon,6,8.5,1.0,1.0,2300.0,717.0,12.10066,-0.5150550399757069,0.911705232431684,ceramic,3744,11.20066,0.0006598,112.0,0.9000000000000004,-6.139999999999965e-06,3.937999999999999e-05,1.2790990618875062,carbon_trial_6
122,carbon,6,8.5,1.0,1.0,2300.0,717.0,12.20066,-0.6032365904308089,0.9003742728045465,ceramic,3744,11.20066,0.0006598,112.0,1.0,-6.480000000000006e-06,3.936e-05,1.392951184683862,carbon_trial_6
123,carbon,6,8.5,1.0,1.0,2300.0,717.0,12.30066,-0.665482390752046,0.8777123535502713,ceramic,3744,11.20066,0.0006598,112.0,1.1000000000000014,-6.71999999999999e-06,3.932000000000002e-05,1.4641087614315749,carbon_trial_6
124,carbon,6,8.5,1.0,1.0,2300.0,717.0,12.4007,-0.7329153411000503,0.8550504342959961,ceramic,3744,11.20066,0.0006598,112.0,1.2000400000000013,-6.979999999999964e-06,3.9280000000000044e-05,1.542382095854055,carbon_trial_6
125,carbon,6,8.5,1.0,1.0,2300.0,717.0,12.50067,-0.7847868413677525,0.8323885150416596,ceramic,3744,11.20066,0.0006598,112.0,1.3000100000000003,-7.1799999999999685e-06,3.9239999999999956e-05,1.5993081572521946,carbon_trial_6
126,carbon,6,8.5,1.0,1.0,2300.0,717.0,12.600700000000002,-0.8314711916086872,0.7870646765331093,ceramic,3744,11.20066,0.0006598,112.0,1.4000400000000024,-7.359999999999984e-06,3.916e-05,1.6348869456260702,carbon_trial_6
127,carbon,6,8.5,1.0,1.0,2300.0,717.0,12.7007,-0.8729683918228546,0.7644027572788341,ceramic,3744,11.20066,0.0006598,112.0,1.5000400000000003,-7.520000000000009e-06,3.912000000000002e-05,1.6775814916747134,carbon_trial_6
128,carbon,6,8.5,1.0,1.0,2300.0,717.0,12.80066,-0.904091291983459,0.7304098783974214,ceramic,3744,11.20066,0.0006598,112.0,1.6000000000000014,-7.639999999999947e-06,3.906000000000005e-05,1.6989287646990157,carbon_trial_6
129,carbon,6,8.5,1.0,1.0,2300.0,717.0,12.900670000000002,-0.9404013421708589,0.6737550802616721,ceramic,3744,11.20066,0.0006598,112.0,1.7000100000000025,-7.779999999999983e-06,3.895999999999999e-05,1.7131602800485504,carbon_trial_6
130,carbon,6,8.5,1.0,1.0,2300.0,717.0,13.000700000000002,-0.9663370923047241,0.6397622013802594,ceramic,3744,11.20066,0.0006598,112.0,1.8000400000000027,-7.88000000000004e-06,3.8900000000000024e-05,1.727391795398124,carbon_trial_6
131,carbon,6,8.5,1.0,1.0,2300.0,717.0,13.100700000000002,-0.9922728424385611,0.5717764436173726,ceramic,3744,11.20066,0.0006598,112.0,1.9000400000000024,-7.979999999999988e-06,3.877999999999998e-05,1.720276037723318,carbon_trial_6
132,carbon,6,8.5,1.0,1.0,2300.0,717.0,13.20066,-1.0182085925724262,0.5037906858545471,ceramic,3744,11.20066,0.0006598,112.0,2.0,-8.080000000000045e-06,3.866000000000004e-05,1.713160280048589,carbon_trial_6
133,carbon,6,8.5,1.0,1.0,2300.0,717.0,13.30066,-1.0389571926794958,0.4471358877187978,ceramic,3744,11.20066,0.0006598,112.0,2.1000000000000014,-8.160000000000003e-06,3.855999999999998e-05,1.706044522373783,carbon_trial_6
134,carbon,6,8.5,1.0,1.0,2300.0,717.0,13.400710000000002,-1.0597057927865654,0.37915012995597236,ceramic,3744,11.20066,0.0006598,112.0,2.2000500000000027,-8.239999999999962e-06,3.8440000000000045e-05,1.6918130070242483,carbon_trial_6
135,carbon,6,8.5,1.0,1.0,2300.0,717.0,13.500660000000002,-1.0856415429204307,0.32249533182022305,ceramic,3744,11.20066,0.0006598,112.0,2.3000000000000025,-8.340000000000018e-06,3.833999999999999e-05,1.6918130070242483,carbon_trial_6
136,carbon,6,8.5,1.0,1.0,2300.0,717.0,13.60067,-1.0960158429739655,0.2545095740573976,ceramic,3744,11.20066,0.0006598,112.0,2.40001,-8.379999999999998e-06,3.822000000000005e-05,1.6633499763251784,carbon_trial_6
137,carbon,6,8.5,1.0,1.0,2300.0,717.0,13.7007,-1.1115772930542676,0.17519285666737316,ceramic,3744,11.20066,0.0006598,112.0,2.5000400000000003,-8.439999999999967e-06,3.8080000000000015e-05,1.6348869456260702,carbon_trial_6
138,carbon,6,8.5,1.0,1.0,2300.0,717.0,13.8007,-1.127138743134598,0.10720709890448629,ceramic,3744,11.20066,0.0006598,112.0,2.6000400000000017,-8.500000000000044e-06,3.795999999999997e-05,1.613539672601768,carbon_trial_6
139,carbon,6,8.5,1.0,1.0,2300.0,717.0,13.900660000000002,-1.1427001932149001,0.05055230076879842,ceramic,3744,11.20066,0.0006598,112.0,2.700000000000003,-8.560000000000013e-06,3.786000000000002e-05,1.5993081572522332,carbon_trial_6
140,carbon,6,8.5,1.0,1.0,2300.0,717.0,14.000660000000002,-1.1582616432952024,-0.028764416621226023,ceramic,3744,11.20066,0.0006598,112.0,2.8000000000000025,-8.619999999999982e-06,3.7719999999999984e-05,1.570845126553125,carbon_trial_6
141,carbon,6,8.5,1.0,1.0,2300.0,717.0,14.100700000000002,-1.1738230933755045,-0.09675017438405147,ceramic,3744,11.20066,0.0006598,112.0,2.9000400000000024,-8.67999999999995e-06,3.7600000000000047e-05,1.5494978535288226,carbon_trial_6
142,carbon,6,8.5,1.0,1.0,2300.0,717.0,14.20066,-1.189384543455835,-0.16473593214693832,ceramic,3744,11.20066,0.0006598,112.0,3.0,-8.740000000000028e-06,3.748e-05,1.5281505805045204,carbon_trial_6
143,carbon,6,8.5,1.0,1.0,2300.0,717.0,14.3007,-1.189384543455835,-0.23272168990976377,ceramic,3744,11.20066,0.0006598,112.0,3.1000400000000017,-8.740000000000028e-06,3.736000000000006e-05,1.4854560344559158,carbon_trial_6
144,carbon,6,8.5,1.0,1.0,2300.0,717.0,14.4007,-1.2101331435629046,-0.3007074476726507,ceramic,3744,11.20066,0.0006598,112.0,3.2000400000000013,-8.819999999999987e-06,3.7240000000000016e-05,1.4712245191063424,carbon_trial_6
145,carbon,6,8.5,1.0,1.0,2300.0,717.0,14.500660000000002,-1.2153202935896719,-0.3800241650626751,ceramic,3744,11.20066,0.0006598,112.0,3.3000000000000025,-8.839999999999976e-06,3.709999999999998e-05,1.4285299730576992,carbon_trial_6
146,carbon,6,8.5,1.0,1.0,2300.0,717.0,14.60066,-1.2256945936432067,-0.43667896319836297,ceramic,3744,11.20066,0.0006598,112.0,3.4000000000000004,-8.879999999999956e-06,3.700000000000003e-05,1.407182700033397,carbon_trial_6
147,carbon,6,8.5,1.0,1.0,2300.0,717.0,14.7007,-1.2412560437235372,-0.5159956805883874,ceramic,3744,11.20066,0.0006598,112.0,3.5000400000000003,-8.940000000000033e-06,3.6859999999999996e-05,1.3787196693343273,carbon_trial_6
148,carbon,6,8.5,1.0,1.0,2300.0,717.0,14.80066,-1.2464431937503044,-0.5839814383512129,ceramic,3744,11.20066,0.0006598,112.0,3.6000000000000014,-8.960000000000023e-06,3.674000000000006e-05,1.3431408809604901,carbon_trial_6
149,carbon,6,8.5,1.0,1.0,2300.0,717.0,14.900660000000002,-1.2568174938038392,-0.6519671961140997,ceramic,3744,11.20066,0.0006598,112.0,3.700000000000003,-9.000000000000002e-06,3.662000000000001e-05,1.3146778502613818,carbon_trial_6
150,carbon,6,8.5,1.0,1.0,2300.0,717.0,15.00067,-1.2723789438841415,-0.7086219942498491,ceramic,3744,11.20066,0.0006598,112.0,3.8000100000000003,-9.059999999999971e-06,3.6519999999999955e-05,1.3004463349118085,carbon_trial_6
151,carbon,6,8.5,1.0,1.0,2300.0,717.0,15.100700000000002,-1.2723789438841415,-0.7766077520126745,ceramic,3744,11.20066,0.0006598,112.0,3.9000400000000024,-9.059999999999971e-06,3.640000000000002e-05,1.257751788863204,carbon_trial_6
152,carbon,6,8.5,1.0,1.0,2300.0,717.0,15.20067,-1.2723789438841415,-0.8445935097755614,ceramic,3744,11.20066,0.0006598,112.0,4.000010000000001,-9.059999999999971e-06,3.627999999999997e-05,1.2150572428145607,carbon_trial_6
153,carbon,6,8.5,1.0,1.0,2300.0,717.0,15.30066,-1.2879403939644436,-0.9125792675383868,ceramic,3744,11.20066,0.0006598,112.0,4.100000000000001,-9.11999999999994e-06,3.616000000000003e-05,1.1937099697902585,carbon_trial_6
154,carbon,6,8.5,1.0,1.0,2300.0,717.0,15.4007,-1.2931275439912393,-0.9692340656741361,ceramic,3744,11.20066,0.0006598,112.0,4.200040000000001,-9.140000000000038e-06,3.605999999999998e-05,1.1652469390911888,carbon_trial_6
155,carbon,6,8.5,1.0,1.0,2300.0,717.0,15.500700000000002,-1.303501844044774,-1.0372198234369616,ceramic,3744,11.20066,0.0006598,112.0,4.300040000000003,-9.180000000000017e-06,3.594000000000004e-05,1.1367839083921192,carbon_trial_6
156,carbon,6,8.5,1.0,1.0,2300.0,717.0,15.600700000000002,-1.3138761440983089,-1.1052055811998485,ceramic,3744,11.20066,0.0006598,112.0,4.400040000000002,-9.219999999999996e-06,3.581999999999999e-05,1.108320877693011,carbon_trial_6
157,carbon,6,8.5,1.0,1.0,2300.0,717.0,15.70066,-1.3138761440983089,-1.1505294197083986,ceramic,3744,11.20066,0.0006598,112.0,4.5,-9.219999999999996e-06,3.5740000000000034e-05,1.079857846993941,carbon_trial_6
158,carbon,6,8.5,1.0,1.0,2300.0,717.0,15.80066,-1.3190632941250762,-1.2185151774712855,ceramic,3744,11.20066,0.0006598,112.0,4.600000000000001,-9.239999999999986e-06,3.561999999999999e-05,1.0442790586200654,carbon_trial_6
159,carbon,6,8.5,1.0,1.0,2300.0,717.0,15.900660000000002,-1.3346247442053785,-1.2638390159798358,ceramic,3744,11.20066,0.0006598,112.0,4.700000000000003,-9.299999999999955e-06,3.554000000000003e-05,1.037163300945298,carbon_trial_6
160,carbon,6,8.5,1.0,1.0,2300.0,717.0,16.00066,-1.3346247442053785,-1.320493814115585,ceramic,3744,11.20066,0.0006598,112.0,4.800000000000001,-9.299999999999955e-06,3.543999999999997e-05,1.0015845125714224,carbon_trial_6
161,carbon,6,8.5,1.0,1.0,2300.0,717.0,16.10066,-1.3398118942321458,-1.3884795718784106,ceramic,3744,11.20066,0.0006598,112.0,4.900000000000002,-9.319999999999945e-06,3.5320000000000035e-05,0.9660057241975852,carbon_trial_6
162,carbon,6,8.5,1.0,1.0,2300.0,717.0,16.200660000000003,-1.3501861942857087,-1.4338034103870223,ceramic,3744,11.20066,0.0006598,112.0,5.0000000000000036,-9.360000000000032e-06,3.523999999999997e-05,0.9517742088480504,carbon_trial_6
95,cement,1,1.73,1.0,1.0,2700.0,880.0,9.50066,1.2070787689119429,0.5717764436173726,ceramic,2027,9.50066,0.0006603,95.0,0.0,0.0,3.828000000000002e-05,-1.2968052163796129,cement_trial_1
96,cement,1,1.73,1.0,1.0,2700.0,880.0,9.60066,1.2018916188851756,0.5717764436173726,ceramic,2027,9.50066,0.0006603,95.0,0.09999999999999964,-1.9999999999989644e-08,3.828000000000002e-05,-1.2896894587048453,cement_trial_1
97,cement,1,1.73,1.0,1.0,2700.0,880.0,9.70066,1.170768718724571,0.5377835647359598,ceramic,2027,9.50066,0.0006603,95.0,0.1999999999999993,-1.399999999999275e-07,3.822000000000005e-05,-1.268342185680543,cement_trial_1
98,cement,1,1.73,1.0,1.0,2700.0,880.0,9.8007,1.0151542179214645,0.5377835647359598,ceramic,2027,9.50066,0.0006603,95.0,0.300040000000001,-7.399999999999421e-07,3.822000000000005e-05,-1.0548694554374047,cement_trial_1
99,cement,1,1.73,1.0,1.0,2700.0,880.0,9.9007,0.9114112173860603,0.560445483990235,ceramic,2027,9.50066,0.0006603,95.0,0.4000400000000006,-1.1399999999999518e-06,3.826000000000003e-05,-0.8983227865924442,cement_trial_1
100,cement,1,1.73,1.0,1.0,2700.0,880.0,10.0007,0.8387911170112885,0.5377835647359598,ceramic,2027,9.50066,0.0006603,95.0,0.5000400000000003,-1.4199999999999153e-06,3.822000000000005e-05,-0.8129336944951965,cement_trial_1
101,cement,1,1.73,1.0,1.0,2700.0,880.0,10.10066,0.7765453166900516,0.5264526051088222,ceramic,2027,9.50066,0.0006603,95.0,0.5999999999999996,-1.6599999999998994e-06,3.820000000000006e-05,-0.7346603600727163,cement_trial_1
102,cement,1,1.73,1.0,1.0,2700.0,880.0,10.2007,0.7091123663420191,0.560445483990235,ceramic,2027,9.50066,0.0006603,95.0,0.7000399999999996,-1.9199999999999816e-06,3.826000000000003e-05,-0.6208082372763604,cement_trial_1
103,cement,1,1.73,1.0,1.0,2700.0,880.0,10.30066,0.6676151661278799,0.5264526051088222,ceramic,2027,9.50066,0.0006603,95.0,0.8000000000000007,-2.0799999999998988e-06,3.820000000000006e-05,-0.5852294489025233,cement_trial_1
104,cement,1,1.73,1.0,1.0,2700.0,880.0,10.40066,0.6261179659137125,0.5377835647359598,ceramic,2027,9.50066,0.0006603,95.0,0.9000000000000004,-2.2399999999999243e-06,3.822000000000005e-05,-0.5211876298295779,cement_trial_1
105,cement,1,1.73,1.0,1.0,2700.0,880.0,10.5007,0.5794336156727777,0.5377835647359598,ceramic,2027,9.50066,0.0006603,95.0,1.0000400000000003,-2.4199999999999396e-06,3.822000000000005e-05,-0.45714581075663246,cement_trial_1
106,cement,1,1.73,1.0,1.0,2700.0,880.0,10.60066,0.5431235654853778,0.5377835647359598,ceramic,2027,9.50066,0.0006603,95.0,1.0999999999999996,-2.5599999999999755e-06,3.822000000000005e-05,-0.4073355070332219,cement_trial_1
107,cement,1,1.73,1.0,1.0,2700.0,880.0,10.70066,0.5171878153515408,0.5264526051088222,ceramic,2027,9.50066,0.0006603,95.0,1.1999999999999993,-2.6599999999999237e-06,3.820000000000006e-05,-0.3788724763341522,cement_trial_1
108,cement,1,1.73,1.0,1.0,2700.0,880.0,10.80066,0.4912520652176756,0.5151216454816847,ceramic,2027,9.50066,0.0006603,95.0,1.3000000000000007,-2.7599999999999804e-06,3.818000000000007e-05,-0.35040944563504395,cement_trial_1
109,cement,1,1.73,1.0,1.0,2700.0,880.0,10.9007,0.46531631508383864,0.4924597262274095,ceramic,2027,9.50066,0.0006603,95.0,1.4000400000000006,-2.8599999999999286e-06,3.814000000000009e-05,-0.32906217261074167,cement_trial_1
110,cement,1,1.73,1.0,1.0,2700.0,880.0,11.0007,0.43938056494997346,0.48112876660027193,ceramic,2027,9.50066,0.0006603,95.0,1.5000400000000003,-2.9599999999999852e-06,3.81200000000001e-05,-0.3005991419116334,cement_trial_1
111,cement,1,1.73,1.0,1.0,2700.0,880.0,11.100700000000002,0.4186319648429039,0.48112876660027193,ceramic,2027,9.50066,0.0006603,95.0,1.6000400000000017,-3.039999999999944e-06,3.81200000000001e-05,-0.2721361112125637,cement_trial_1
112,cement,1,1.73,1.0,1.0,2700.0,880.0,11.20066,0.39788336473583424,0.4471358877187978,ceramic,2027,9.50066,0.0006603,95.0,1.6999999999999993,-3.1199999999999024e-06,3.8060000000000025e-05,-0.2650203535378349,cement_trial_1
113,cement,1,1.73,1.0,1.0,2700.0,880.0,11.3007,0.3719476146019691,0.4471358877187978,ceramic,2027,9.50066,0.0006603,95.0,1.800040000000001,-3.219999999999959e-06,3.8060000000000025e-05,-0.22944156516395917,cement_trial_1
114,cement,1,1.73,1.0,1.0,2700.0,880.0,11.4007,0.3511990144948995,0.4244739684645226,ceramic,2027,9.50066,0.0006603,95.0,1.9000400000000006,-3.2999999999999176e-06,3.8020000000000046e-05,-0.21521004981442432,cement_trial_1
115,cement,1,1.73,1.0,1.0,2700.0,880.0,11.500660000000002,0.33563756441456916,0.4018120492102475,ceramic,2027,9.50066,0.0006603,95.0,2.0000000000000018,-3.359999999999995e-06,3.798000000000007e-05,-0.20809429213961833,cement_trial_1
116,cement,1,1.73,1.0,1.0,2700.0,880.0,11.60066,0.32007611433426697,0.3904810895831099,ceramic,2027,9.50066,0.0006603,95.0,2.0999999999999996,-3.419999999999964e-06,3.796000000000008e-05,-0.19386277679008349,cement_trial_1
117,cement,1,1.73,1.0,1.0,2700.0,880.0,11.7007,0.29932751422719733,0.3451572510744982,ceramic,2027,9.50066,0.0006603,95.0,2.2000399999999996,-3.4999999999999224e-06,3.788000000000001e-05,-0.19386277679012207,cement_trial_1
118,cement,1,1.73,1.0,1.0,2700.0,880.0,11.80066,0.28895321417366254,0.33382629144736065,ceramic,2027,9.50066,0.0006603,95.0,2.3000000000000007,-3.5399999999999017e-06,3.786000000000002e-05,-0.18674701911535463,cement_trial_1
119,cement,1,1.73,1.0,1.0,2700.0,880.0,11.90066,0.2733917640933322,0.31116437219308546,ceramic,2027,9.50066,0.0006603,95.0,2.4000000000000004,-3.599999999999979e-06,3.782000000000004e-05,-0.17963126144054864,cement_trial_1
120,cement,1,1.73,1.0,1.0,2700.0,880.0,12.0007,0.25783031401302997,0.2885024529388103,ceramic,2027,9.50066,0.0006603,95.0,2.5000400000000003,-3.659999999999948e-06,3.778000000000006e-05,-0.1725155037657812,cement_trial_1
121,cement,1,1.73,1.0,1.0,2700.0,880.0,12.10067,0.23708171390596036,0.24317861443026004,ceramic,2027,9.50066,0.0006603,95.0,2.6000099999999993,-3.7399999999999066e-06,3.77000000000001e-05,-0.1725155037657812,cement_trial_1
122,cement,1,1.73,1.0,1.0,2700.0,880.0,12.2007,0.23708171390596036,0.23184765480306102,ceramic,2027,9.50066,0.0006603,95.0,2.7000399999999996,-3.7399999999999066e-06,3.7680000000000005e-05,-0.17963126144058722,cement_trial_1
123,cement,1,1.73,1.0,1.0,2700.0,880.0,12.30066,0.22152026382563003,0.2091857355487859,ceramic,2027,9.50066,0.0006603,95.0,2.8000000000000007,-3.799999999999984e-06,3.7640000000000026e-05,-0.1725155037657812,cement_trial_1
124,cement,1,1.73,1.0,1.0,2700.0,880.0,12.40066,0.20595881374532785,0.17519285666737316,ceramic,2027,9.50066,0.0006603,95.0,2.9000000000000004,-3.859999999999953e-06,3.758000000000006e-05,-0.1725155037657812,cement_trial_1
125,cement,1,1.73,1.0,1.0,2700.0,880.0,12.500660000000002,0.19558451369179303,0.152530937413098,ceramic,2027,9.50066,0.0006603,95.0,3.0000000000000018,-3.899999999999932e-06,3.754000000000008e-05,-0.1725155037657812,cement_trial_1
126,cement,1,1.73,1.0,1.0,2700.0,880.0,12.600700000000002,0.1800230636114908,0.11853805853162387,ceramic,2027,9.50066,0.0006603,95.0,3.1000400000000017,-3.959999999999901e-06,3.748e-05,-0.17251550376581978,cement_trial_1
127,cement,1,1.73,1.0,1.0,2700.0,880.0,12.70066,0.16964876355792788,0.08454517965021115,ceramic,2027,9.50066,0.0006603,95.0,3.1999999999999993,-3.999999999999989e-06,3.742000000000003e-05,-0.17963126144054864,cement_trial_1
128,cement,1,1.73,1.0,1.0,2700.0,880.0,12.8007,0.1592744635043931,0.061883260395935995,ceramic,2027,9.50066,0.0006603,95.0,3.300040000000001,-4.039999999999968e-06,3.738000000000005e-05,-0.17963126144054864,cement_trial_1
129,cement,1,1.73,1.0,1.0,2700.0,880.0,12.9007,0.14371301342409087,0.03922134114166085,ceramic,2027,9.50066,0.0006603,95.0,3.4000400000000006,-4.099999999999937e-06,3.734000000000007e-05,-0.1725155037657812,cement_trial_1
130,cement,1,1.73,1.0,1.0,2700.0,880.0,13.00067,0.13852586339732345,0.005228462260248125,ceramic,2027,9.50066,0.0006603,95.0,3.5000099999999996,-4.119999999999927e-06,3.7280000000000104e-05,-0.18674701911531605,cement_trial_1
131,cement,1,1.73,1.0,1.0,2700.0,880.0,13.10066,0.12815156334378866,-0.017433456994088447,ceramic,2027,9.50066,0.0006603,95.0,3.5999999999999996,-4.159999999999906e-06,3.7240000000000016e-05,-0.18674701911535463,cement_trial_1
132,cement,1,1.73,1.0,1.0,2700.0,880.0,13.20066,0.12296441331702125,-0.05142633587550117,ceramic,2027,9.50066,0.0006603,95.0,3.6999999999999993,-4.179999999999896e-06,3.718000000000005e-05,-0.20097853446488947,cement_trial_1
133,cement,1,1.73,1.0,1.0,2700.0,880.0,13.30066,0.11259011326345833,-0.07408825512977632,ceramic,2027,9.50066,0.0006603,95.0,3.8000000000000007,-4.219999999999983e-06,3.714000000000007e-05,-0.20097853446485092,cement_trial_1
134,cement,1,1.73,1.0,1.0,2700.0,880.0,13.40066,0.10740296323669092,-0.09675017438405147,ceramic,2027,9.50066,0.0006603,95.0,3.9000000000000004,-4.239999999999973e-06,3.710000000000009e-05,-0.20809429213961833,cement_trial_1
135,cement,1,1.73,1.0,1.0,2700.0,880.0,13.500660000000002,0.09702866318315612,-0.13074305326552563,ceramic,2027,9.50066,0.0006603,95.0,4.000000000000002,-4.279999999999952e-06,3.704000000000001e-05,-0.21521004981442432,cement_trial_1
136,cement,1,1.73,1.0,1.0,2700.0,880.0,13.60066,0.08665436312962131,-0.17606689177407592,ceramic,2027,9.50066,0.0006603,95.0,4.1,-4.3199999999999315e-06,3.696000000000005e-05,-0.22944156516395917,cement_trial_1
137,cement,1,1.73,1.0,1.0,2700.0,880.0,13.70067,0.0710929130493191,-0.21005977065548864,ceramic,2027,9.50066,0.0006603,95.0,4.200010000000001,-4.3799999999999005e-06,3.6900000000000084e-05,-0.22944156516395917,cement_trial_1
138,cement,1,1.73,1.0,1.0,2700.0,880.0,13.8007,0.0710929130493191,-0.2213907302826262,ceramic,2027,9.50066,0.0006603,95.0,4.300040000000001,-4.3799999999999005e-06,3.6880000000000094e-05,-0.2365573228387266,cement_trial_1
139,cement,1,1.73,1.0,1.0,2700.0,880.0,13.9007,0.05553146296898876,-0.23272168990976377,ceramic,2027,9.50066,0.0006603,95.0,4.400040000000001,-4.439999999999978e-06,3.6860000000000104e-05,-0.22232580748915318,cement_trial_1
140,cement,1,1.73,1.0,1.0,2700.0,880.0,14.000660000000002,0.05034431294222136,-0.2780455284183755,ceramic,2027,9.50066,0.0006603,95.0,4.500000000000002,-4.4599999999999675e-06,3.678000000000004e-05,-0.24367308051349404,cement_trial_1
141,cement,1,1.73,1.0,1.0,2700.0,880.0,14.10066,0.05034431294222136,-0.3007074476726507,ceramic,2027,9.50066,0.0006603,95.0,4.6,-4.4599999999999675e-06,3.674000000000006e-05,-0.2579045958630289,cement_trial_1
142,cement,1,1.73,1.0,1.0,2700.0,880.0,14.2007,0.034782862861919145,-0.3347003265540634,ceramic,2027,9.50066,0.0006603,95.0,4.7000399999999996,-4.519999999999936e-06,3.668000000000009e-05,-0.2579045958630289,cement_trial_1
143,cement,1,1.73,1.0,1.0,2700.0,880.0,14.30066,0.02440856280838434,-0.3686932054355375,ceramic,2027,9.50066,0.0006603,95.0,4.800000000000001,-4.559999999999916e-06,3.662000000000001e-05,-0.2650203535378349,cement_trial_1
144,cement,1,1.73,1.0,1.0,2700.0,880.0,14.400660000000002,0.029595712835151743,-0.3800241650626751,ceramic,2027,9.50066,0.0006603,95.0,4.900000000000002,-4.539999999999926e-06,3.660000000000002e-05,-0.27925186888736975,cement_trial_1
145,cement,1,1.73,1.0,1.0,2700.0,880.0,14.500700000000002,0.014034262754821412,-0.41401704394408784,ceramic,2027,9.50066,0.0006603,95.0,5.000040000000002,-4.600000000000003e-06,3.654000000000005e-05,-0.27925186888733117,cement_trial_1
100,cement,2,1.73,1.0,1.0,2700.0,880.0,10.0007,1.0255285179749993,0.18652381629451073,ceramic,2027,10.0007,0.0006596,100.0,0.0,0.0,3.830000000000001e-05,-1.2896894587048453,cement_trial_2
101,cement,2,1.73,1.0,1.0,2700.0,880.0,10.10066,1.020341367948232,0.19785477592164832,ceramic,2027,10.0007,0.0006596,100.0,0.09995999999999938,-1.9999999999989644e-08,3.832e-05,-1.2754579433553106,cement_trial_2
102,cement,2,1.73,1.0,1.0,2700.0,880.0,10.20066,1.0047799178679298,0.152530937413098,ceramic,2027,10.0007,0.0006596,100.0,0.19995999999999903,-7.999999999995858e-08,3.824000000000004e-05,-1.282573701030078,cement_trial_2
103,cement,2,1.73,1.0,1.0,2700.0,880.0,10.3007,0.9165983674128277,0.152530937413098,ceramic,2027,10.0007,0.0006596,100.0,0.3000000000000007,-4.1999999999999937e-07,3.824000000000004e-05,-1.1616058205589546,cement_trial_2
104,cement,2,1.73,1.0,1.0,2700.0,880.0,10.40066,0.8284168169577256,0.1638618970402356,ceramic,2027,10.0007,0.0006596,100.0,0.3999600000000001,-7.600000000000402e-07,3.826000000000003e-05,-1.0335221824130638,cement_trial_2
105,cement,2,1.73,1.0,1.0,2700.0,880.0,10.500660000000002,0.7661710166364887,0.152530937413098,ceramic,2027,10.0007,0.0006596,100.0,0.4999600000000015,-1.0000000000000243e-06,3.824000000000004e-05,-0.9552488479905836,cement_trial_2
106,cement,2,1.73,1.0,1.0,2700.0,880.0,10.60066,0.7142995163687865,0.1638618970402356,ceramic,2027,10.0007,0.0006596,100.0,0.5999599999999994,-1.2000000000000292e-06,3.826000000000003e-05,-0.8769755135681033,cement_trial_2
107,cement,2,1.73,1.0,1.0,2700.0,880.0,10.70066,0.6624280161010844,0.152530937413098,ceramic,2027,10.0007,0.0006596,100.0,0.699959999999999,-1.400000000000034e-06,3.824000000000004e-05,-0.812933694495158,cement_trial_2
108,cement,2,1.73,1.0,1.0,2700.0,880.0,10.8007,0.6261179659137125,0.152530937413098,ceramic,2027,10.0007,0.0006596,100.0,0.8000000000000007,-1.5399999999999615e-06,3.824000000000004e-05,-0.763123390771786,cement_trial_2
109,cement,2,1.73,1.0,1.0,2700.0,880.0,10.9007,0.5846207656995451,0.152530937413098,ceramic,2027,10.0007,0.0006596,100.0,0.9000000000000004,-1.6999999999999871e-06,3.824000000000004e-05,-0.706197329373608,cement_trial_2
110,cement,2,1.73,1.0,1.0,2700.0,880.0,11.0007,0.5534978655389126,0.1638618970402356,ceramic,2027,10.0007,0.0006596,100.0,1.0,-1.8200000000000334e-06,3.826000000000003e-05,-0.6563870256501975,cement_trial_2
111,cement,2,1.73,1.0,1.0,2700.0,880.0,11.10067,0.532749265431843,0.152530937413098,ceramic,2027,10.0007,0.0006596,100.0,1.099969999999999,-1.899999999999992e-06,3.824000000000004e-05,-0.6350397526258952,cement_trial_2
112,cement,2,1.73,1.0,1.0,2700.0,880.0,11.20066,0.4860649151909082,0.12986901815882287,ceramic,2027,10.0007,0.0006596,100.0,1.199959999999999,-2.080000000000007e-06,3.820000000000006e-05,-0.5852294489024846,cement_trial_2
113,cement,2,1.73,1.0,1.0,2700.0,880.0,11.30066,0.46531631508383864,0.12986901815882287,ceramic,2027,10.0007,0.0006596,100.0,1.2999600000000004,-2.1599999999999658e-06,3.820000000000006e-05,-0.556766418203415,cement_trial_2
114,cement,2,1.73,1.0,1.0,2700.0,880.0,11.4007,0.4445677149767409,0.11853805853162387,ceramic,2027,10.0007,0.0006596,100.0,1.4000000000000004,-2.2400000000000328e-06,3.817999999999996e-05,-0.5354191451791127,cement_trial_2
115,cement,2,1.73,1.0,1.0,2700.0,880.0,11.500660000000002,0.4238191148696713,0.11853805853162387,ceramic,2027,10.0007,0.0006596,100.0,1.4999600000000015,-2.3199999999999913e-06,3.817999999999996e-05,-0.506956114480043,cement_trial_2
116,cement,2,1.73,1.0,1.0,2700.0,880.0,11.60066,0.40307051476260164,0.10720709890448629,ceramic,2027,10.0007,0.0006596,100.0,1.5999599999999994,-2.39999999999995e-06,3.8159999999999973e-05,-0.48560884145574074,cement_trial_2
117,cement,2,1.73,1.0,1.0,2700.0,880.0,11.7007,0.3823219146555039,0.10720709890448629,ceramic,2027,10.0007,0.0006596,100.0,1.6999999999999993,-2.480000000000017e-06,3.8159999999999973e-05,-0.45714581075663246,cement_trial_2
118,cement,2,1.73,1.0,1.0,2700.0,880.0,11.8007,0.36157331454843433,0.08454517965021115,ceramic,2027,10.0007,0.0006596,100.0,1.8000000000000007,-2.5599999999999755e-06,3.8119999999999994e-05,-0.4429142954070976,cement_trial_2
119,cement,2,1.73,1.0,1.0,2700.0,880.0,11.9007,0.3408247144413647,0.07321422002307357,ceramic,2027,10.0007,0.0006596,100.0,1.9000000000000004,-2.639999999999934e-06,3.8100000000000005e-05,-0.42156702238279536,cement_trial_2
120,cement,2,1.73,1.0,1.0,2700.0,880.0,12.0007,0.33045041438780176,0.05055230076879842,ceramic,2027,10.0007,0.0006596,100.0,2.0,-2.6800000000000218e-06,3.8060000000000025e-05,-0.4215670223827568,cement_trial_2
121,cement,2,1.73,1.0,1.0,2700.0,880.0,12.100700000000002,0.3097018142807321,0.027890381514523273,ceramic,2027,10.0007,0.0006596,100.0,2.1000000000000014,-2.7599999999999804e-06,3.8020000000000046e-05,-0.4073355070332219,cement_trial_2
122,cement,2,1.73,1.0,1.0,2700.0,880.0,12.20066,0.29932751422719733,0.005228462260248125,ceramic,2027,10.0007,0.0006596,100.0,2.199959999999999,-2.7999999999999596e-06,3.798000000000007e-05,-0.4073355070332219,cement_trial_2
123,cement,2,1.73,1.0,1.0,2700.0,880.0,12.3007,0.28895321417366254,0.005228462260248125,ceramic,2027,10.0007,0.0006596,100.0,2.3000000000000007,-2.839999999999939e-06,3.798000000000007e-05,-0.3931039916836871,cement_trial_2
124,cement,2,1.73,1.0,1.0,2700.0,880.0,12.4007,0.2733917640933322,-0.017433456994088447,ceramic,2027,10.0007,0.0006596,100.0,2.4000000000000004,-2.9000000000000163e-06,3.793999999999998e-05,-0.38598823400891963,cement_trial_2
125,cement,2,1.73,1.0,1.0,2700.0,880.0,12.500660000000002,0.25783031401302997,-0.05142633587550117,ceramic,2027,10.0007,0.0006596,100.0,2.4999600000000015,-2.9599999999999852e-06,3.788000000000001e-05,-0.38598823400891963,cement_trial_2
126,cement,2,1.73,1.0,1.0,2700.0,880.0,12.60066,0.24226886393272778,-0.07408825512977632,ceramic,2027,10.0007,0.0006596,100.0,2.5999599999999994,-3.019999999999954e-06,3.784000000000003e-05,-0.3788724763341522,cement_trial_2
127,cement,2,1.73,1.0,1.0,2700.0,880.0,12.7007,0.23189456387919297,-0.0854192147569139,ceramic,2027,10.0007,0.0006596,100.0,2.6999999999999993,-3.0599999999999334e-06,3.782000000000004e-05,-0.3717567186593848,cement_trial_2
128,cement,2,1.73,1.0,1.0,2700.0,880.0,12.80066,0.22152026382563003,-0.11941209363838805,ceramic,2027,10.0007,0.0006596,100.0,2.7999600000000004,-3.100000000000021e-06,3.7759999999999964e-05,-0.3788724763341522,cement_trial_2
129,cement,2,1.73,1.0,1.0,2700.0,880.0,12.90066,0.21114596377209524,-0.1420740128926632,ceramic,2027,10.0007,0.0006596,100.0,2.89996,-3.1400000000000004e-06,3.7719999999999984e-05,-0.3788724763341522,cement_trial_2
130,cement,2,1.73,1.0,1.0,2700.0,880.0,13.000660000000002,0.19558451369179303,-0.16473593214693832,ceramic,2027,10.0007,0.0006596,100.0,2.9999600000000015,-3.1999999999999694e-06,3.7680000000000005e-05,-0.3717567186593848,cement_trial_2
131,cement,2,1.73,1.0,1.0,2700.0,880.0,13.10066,0.19039736366502563,-0.18739785140121348,ceramic,2027,10.0007,0.0006596,100.0,3.0999599999999994,-3.219999999999959e-06,3.7640000000000026e-05,-0.3788724763341522,cement_trial_2
132,cement,2,1.73,1.0,1.0,2700.0,880.0,13.2007,0.1852102136382582,-0.21005977065548864,ceramic,2027,10.0007,0.0006596,100.0,3.1999999999999993,-3.2399999999999487e-06,3.7600000000000047e-05,-0.38598823400891963,cement_trial_2
133,cement,2,1.73,1.0,1.0,2700.0,880.0,13.3007,0.16446161353116048,-0.2440526495369628,ceramic,2027,10.0007,0.0006596,100.0,3.3000000000000007,-3.3200000000000156e-06,3.753999999999997e-05,-0.3788724763341522,cement_trial_2
134,cement,2,1.73,1.0,1.0,2700.0,880.0,13.40066,0.16446161353116048,-0.26671456879123795,ceramic,2027,10.0007,0.0006596,100.0,3.39996,-3.3200000000000156e-06,3.749999999999999e-05,-0.3931039916836871,cement_trial_2
135,cement,2,1.73,1.0,1.0,2700.0,880.0,13.500660000000002,0.14890016345085827,-0.2780455284183755,ceramic,2027,10.0007,0.0006596,100.0,3.4999600000000015,-3.3799999999999846e-06,3.748e-05,-0.3788724763341522,cement_trial_2
136,cement,2,1.73,1.0,1.0,2700.0,880.0,13.60066,0.13852586339732345,-0.3120384072997882,ceramic,2027,10.0007,0.0006596,100.0,3.5999599999999994,-3.419999999999964e-06,3.742000000000003e-05,-0.38598823400891963,cement_trial_2
137,cement,2,1.73,1.0,1.0,2700.0,880.0,13.70066,0.13333871337055606,-0.3347003265540634,ceramic,2027,10.0007,0.0006596,100.0,3.699959999999999,-3.4399999999999535e-06,3.738000000000005e-05,-0.3931039916836871,cement_trial_2
138,cement,2,1.73,1.0,1.0,2700.0,880.0,13.80066,0.12815156334378866,-0.3686932054355375,ceramic,2027,10.0007,0.0006596,100.0,3.7999600000000004,-3.459999999999943e-06,3.7319999999999975e-05,-0.4073355070332605,cement_trial_2
139,cement,2,1.73,1.0,1.0,2700.0,880.0,13.9007,0.11259011326345833,-0.40268608431695024,ceramic,2027,10.0007,0.0006596,100.0,3.9000000000000004,-3.5200000000000205e-06,3.7260000000000006e-05,-0.4073355070332219,cement_trial_2
140,cement,2,1.73,1.0,1.0,2700.0,880.0,14.000700000000002,0.10740296323669092,-0.40268608431695024,ceramic,2027,10.0007,0.0006596,100.0,4.000000000000002,-3.54000000000001e-06,3.7260000000000006e-05,-0.4002197493584545,cement_trial_2
141,cement,2,1.73,1.0,1.0,2700.0,880.0,14.100700000000002,0.10221581320992351,-0.44800992282550056,ceramic,2027,10.0007,0.0006596,100.0,4.100000000000001,-3.56e-06,3.718000000000005e-05,-0.4215670223827568,cement_trial_2
142,cement,2,1.73,1.0,1.0,2700.0,880.0,14.20066,0.09184151315638871,-0.44800992282550056,ceramic,2027,10.0007,0.0006596,100.0,4.199959999999999,-3.599999999999979e-06,3.718000000000005e-05,-0.4073355070332219,cement_trial_2
143,cement,2,1.73,1.0,1.0,2700.0,880.0,14.30066,0.08665436312962131,-0.4933337613341123,ceramic,2027,10.0007,0.0006596,100.0,4.2999600000000004,-3.6199999999999687e-06,3.709999999999998e-05,-0.4286827800575628,cement_trial_2
144,cement,2,1.73,1.0,1.0,2700.0,880.0,14.4007,0.0762800630760865,-0.5046647209612498,ceramic,2027,10.0007,0.0006596,100.0,4.4,-3.659999999999948e-06,3.707999999999999e-05,-0.42156702238279536,cement_trial_2
145,cement,2,1.73,1.0,1.0,2700.0,880.0,14.500700000000002,0.06590576302252357,-0.5386575998426626,ceramic,2027,10.0007,0.0006596,100.0,4.500000000000002,-3.7000000000000357e-06,3.702000000000002e-05,-0.4286827800575242,cement_trial_2
146,cement,2,1.73,1.0,1.0,2700.0,880.0,14.600700000000002,0.06071861299575616,-0.5499885594698002,ceramic,2027,10.0007,0.0006596,100.0,4.600000000000001,-3.7200000000000254e-06,3.700000000000003e-05,-0.4286827800575242,cement_trial_2
147,cement,2,1.73,1.0,1.0,2700.0,880.0,14.7007,0.05553146296898876,-0.5953123979784118,ceramic,2027,10.0007,0.0006596,100.0,4.699999999999999,-3.740000000000015e-06,3.6919999999999965e-05,-0.45003005308186506,cement_trial_2
148,cement,2,1.73,1.0,1.0,2700.0,880.0,14.80066,0.05034431294222136,-0.617974317232687,ceramic,2027,10.0007,0.0006596,100.0,4.7999600000000004,-3.7600000000000047e-06,3.6879999999999986e-05,-0.45714581075663246,cement_trial_2
149,cement,2,1.73,1.0,1.0,2700.0,880.0,14.900660000000002,0.045157162915453956,-0.617974317232687,ceramic,2027,10.0007,0.0006596,100.0,4.899960000000002,-3.7799999999999943e-06,3.6879999999999986e-05,-0.45003005308186506,cement_trial_2
150,cement,2,1.73,1.0,1.0,2700.0,880.0,15.000660000000002,0.029595712835151743,-0.6632981557412373,ceramic,2027,10.0007,0.0006596,100.0,4.9999600000000015,-3.839999999999963e-06,3.680000000000003e-05,-0.45714581075663246,cement_trial_2
103,cement,3,1.73,1.0,1.0,2700.0,880.0,10.3007,1.0099670678946973,0.10720709890448629,ceramic,2027,10.3007,0.00065954,103.0,0.0,0.0,3.821999999999994e-05,-1.3181524894039536,cement_trial_3
104,cement,3,1.73,1.0,1.0,2700.0,880.0,10.4007,1.0047799178679298,0.09587613927734871,ceramic,2027,10.3007,0.00065954,103.0,0.09999999999999964,-1.9999999999989644e-08,3.819999999999995e-05,-1.3181524894039536,cement_trial_3
105,cement,3,1.73,1.0,1.0,2700.0,880.0,10.5007,1.0047799178679298,0.10720709890448629,ceramic,2027,10.3007,0.00065954,103.0,0.1999999999999993,-1.9999999999989644e-08,3.821999999999994e-05,-1.3110367317291862,cement_trial_3
106,cement,3,1.73,1.0,1.0,2700.0,880.0,10.600700000000002,0.9114112173860603,0.10720709890448629,ceramic,2027,10.3007,0.00065954,103.0,0.3000000000000007,-3.800000000000201e-07,3.821999999999994e-05,-1.1829530935832955,cement_trial_3
107,cement,3,1.73,1.0,1.0,2700.0,880.0,10.7007,0.8180425169041908,0.11853805853162387,ceramic,2027,10.3007,0.00065954,103.0,0.3999999999999986,-7.400000000000505e-07,3.823999999999993e-05,-1.0477536977626372,cement_trial_3
108,cement,3,1.73,1.0,1.0,2700.0,880.0,10.80066,0.7609838666097213,0.10720709890448629,ceramic,2027,10.3007,0.00065954,103.0,0.49995999999999974,-9.60000000000045e-07,3.821999999999994e-05,-0.9765961210149244,cement_trial_3
109,cement,3,1.73,1.0,1.0,2700.0,880.0,10.90071,0.7091123663420191,0.11853805853162387,ceramic,2027,10.3007,0.00065954,103.0,0.6000099999999993,-1.1600000000000499e-06,3.823999999999993e-05,-0.8983227865924442,cement_trial_3
110,cement,3,1.73,1.0,1.0,2700.0,880.0,11.000660000000002,0.6624280161010844,0.10720709890448629,ceramic,2027,10.3007,0.00065954,103.0,0.6999600000000008,-1.340000000000065e-06,3.821999999999994e-05,-0.8413967251942662,cement_trial_3
111,cement,3,1.73,1.0,1.0,2700.0,880.0,11.100700000000002,0.6157436658601777,0.10720709890448629,ceramic,2027,10.3007,0.00065954,103.0,0.8000000000000007,-1.519999999999972e-06,3.821999999999994e-05,-0.7773549061213594,cement_trial_3
112,cement,3,1.73,1.0,1.0,2700.0,880.0,11.20066,0.5794336156727777,0.11853805853162387,ceramic,2027,10.3007,0.00065954,103.0,0.8999599999999983,-1.6600000000000078e-06,3.823999999999993e-05,-0.7204288447231815,cement_trial_3
113,cement,3,1.73,1.0,1.0,2700.0,880.0,11.30066,0.5431235654853778,0.10720709890448629,ceramic,2027,10.3007,0.00065954,103.0,0.9999599999999997,-1.8000000000000438e-06,3.821999999999994e-05,-0.6777342986745384,cement_trial_3
114,cement,3,1.73,1.0,1.0,2700.0,880.0,11.400670000000002,0.5120006653247734,0.10720709890448629,ceramic,2027,10.3007,0.00065954,103.0,1.0999700000000008,-1.9199999999999816e-06,3.821999999999994e-05,-0.6350397526259338,cement_trial_3
115,cement,3,1.73,1.0,1.0,2700.0,880.0,11.50067,0.4860649151909082,0.10720709890448629,ceramic,2027,10.3007,0.00065954,103.0,1.1999699999999986,-2.0200000000000383e-06,3.821999999999994e-05,-0.5994609642520581,cement_trial_3
116,cement,3,1.73,1.0,1.0,2700.0,880.0,11.600700000000002,0.46012916505707124,0.10720709890448629,ceramic,2027,10.3007,0.00065954,103.0,1.3000000000000007,-2.1199999999999865e-06,3.821999999999994e-05,-0.563882175878221,cement_trial_3
117,cement,3,1.73,1.0,1.0,2700.0,880.0,11.70066,0.43419341492320607,0.08454517965021115,ceramic,2027,10.3007,0.00065954,103.0,1.3999599999999983,-2.220000000000043e-06,3.817999999999996e-05,-0.5425349028538802,cement_trial_3
118,cement,3,1.73,1.0,1.0,2700.0,880.0,11.8007,0.4134448148161365,0.08454517965021115,ceramic,2027,10.3007,0.00065954,103.0,1.5,-2.3000000000000017e-06,3.817999999999996e-05,-0.5140718721548104,cement_trial_3
119,cement,3,1.73,1.0,1.0,2700.0,880.0,11.9007,0.3875090646822713,0.08454517965021115,ceramic,2027,10.3007,0.00065954,103.0,1.5999999999999996,-2.4000000000000583e-06,3.817999999999996e-05,-0.47849308378093475,cement_trial_3
120,cement,3,1.73,1.0,1.0,2700.0,880.0,12.000660000000002,0.36676046457520173,0.061883260395935995,ceramic,2027,10.3007,0.00065954,103.0,1.6999600000000008,-2.480000000000017e-06,3.8139999999999984e-05,-0.4642615684313999,cement_trial_3
121,cement,3,1.73,1.0,1.0,2700.0,880.0,12.10066,0.3460118644681321,0.03922134114166085,ceramic,2027,10.3007,0.00065954,103.0,1.7999599999999987,-2.5599999999999755e-06,3.8100000000000005e-05,-0.45003005308186506,cement_trial_3
122,cement,3,1.73,1.0,1.0,2700.0,880.0,12.20066,0.32526326436103437,0.03922134114166085,ceramic,2027,10.3007,0.00065954,103.0,1.8999599999999983,-2.6400000000000425e-06,3.8100000000000005e-05,-0.4215670223827568,cement_trial_3
123,cement,3,1.73,1.0,1.0,2700.0,880.0,12.3007,0.3097018142807321,0.0165594218873857,ceramic,2027,10.3007,0.00065954,103.0,2.0,-2.7000000000000114e-06,3.8060000000000025e-05,-0.4144512647079894,cement_trial_3
124,cement,3,1.73,1.0,1.0,2700.0,880.0,12.4007,0.29414036420042994,-0.006102497366950874,ceramic,2027,10.3007,0.00065954,103.0,2.0999999999999996,-2.7599999999999804e-06,3.801999999999994e-05,-0.4073355070332605,cement_trial_3
125,cement,3,1.73,1.0,1.0,2700.0,880.0,12.500660000000002,0.2785789141200996,-0.017433456994088447,ceramic,2027,10.3007,0.00065954,103.0,2.199960000000001,-2.8200000000000577e-06,3.799999999999995e-05,-0.3931039916836871,cement_trial_3
126,cement,3,1.73,1.0,1.0,2700.0,880.0,12.600700000000002,0.2630174640397974,-0.040095376248363596,ceramic,2027,10.3007,0.00065954,103.0,2.3000000000000007,-2.8800000000000266e-06,3.795999999999997e-05,-0.38598823400891963,cement_trial_3
127,cement,3,1.73,1.0,1.0,2700.0,880.0,12.7007,0.24745601395949518,-0.05142633587550117,ceramic,2027,10.3007,0.00065954,103.0,2.3999999999999986,-2.9399999999999956e-06,3.793999999999998e-05,-0.3717567186593848,cement_trial_3
128,cement,3,1.73,1.0,1.0,2700.0,880.0,12.8007,0.23708171390596036,-0.07408825512977632,ceramic,2027,10.3007,0.00065954,103.0,2.5,-2.979999999999975e-06,3.79e-05,-0.3717567186593848,cement_trial_3
129,cement,3,1.73,1.0,1.0,2700.0,880.0,12.90066,0.22670741385239745,-0.11941209363838805,ceramic,2027,10.3007,0.00065954,103.0,2.5999599999999994,-3.0200000000000626e-06,3.781999999999993e-05,-0.38598823400891963,cement_trial_3
130,cement,3,1.73,1.0,1.0,2700.0,880.0,13.000700000000002,0.20595881374532785,-0.13074305326552563,ceramic,2027,10.3007,0.00065954,103.0,2.700000000000001,-3.100000000000021e-06,3.779999999999994e-05,-0.3646409609846174,cement_trial_3
131,cement,3,1.73,1.0,1.0,2700.0,880.0,13.10066,0.19558451369179303,-0.1420740128926632,ceramic,2027,10.3007,0.00065954,103.0,2.7999599999999987,-3.1400000000000004e-06,3.777999999999995e-05,-0.35752520330984994,cement_trial_3
132,cement,3,1.73,1.0,1.0,2700.0,880.0,13.20066,0.19039736366502563,-0.16473593214693832,ceramic,2027,10.3007,0.00065954,103.0,2.8999599999999983,-3.15999999999999e-06,3.7739999999999974e-05,-0.3646409609846174,cement_trial_3
133,cement,3,1.73,1.0,1.0,2700.0,880.0,13.3007,0.16964876355792788,-0.19872881102835105,ceramic,2027,10.3007,0.00065954,103.0,3.0,-3.240000000000057e-06,3.7680000000000005e-05,-0.35752520330981136,cement_trial_3
134,cement,3,1.73,1.0,1.0,2700.0,880.0,13.4007,0.1592744635043931,-0.2213907302826262,ceramic,2027,10.3007,0.00065954,103.0,3.0999999999999996,-3.2800000000000364e-06,3.7640000000000026e-05,-0.35752520330981136,cement_trial_3
135,cement,3,1.73,1.0,1.0,2700.0,880.0,13.500660000000002,0.14371301342409087,-0.2440526495369628,ceramic,2027,10.3007,0.00065954,103.0,3.199960000000001,-3.3400000000000053e-06,3.759999999999994e-05,-0.35040944563508253,cement_trial_3
136,cement,3,1.73,1.0,1.0,2700.0,880.0,13.60066,0.14371301342409087,-0.2780455284183755,ceramic,2027,10.3007,0.00065954,103.0,3.2999599999999987,-3.3400000000000053e-06,3.753999999999997e-05,-0.3717567186593848,cement_trial_3
137,cement,3,1.73,1.0,1.0,2700.0,880.0,13.70066,0.12296441331702125,-0.3007074476726507,ceramic,2027,10.3007,0.00065954,103.0,3.3999599999999983,-3.419999999999964e-06,3.749999999999999e-05,-0.35752520330984994,cement_trial_3
138,cement,3,1.73,1.0,1.0,2700.0,880.0,13.80066,0.12296441331702125,-0.3120384072997882,ceramic,2027,10.3007,0.00065954,103.0,3.4999599999999997,-3.419999999999964e-06,3.748e-05,-0.3646409609846174,cement_trial_3
139,cement,3,1.73,1.0,1.0,2700.0,880.0,13.9007,0.10740296323669092,-0.3347003265540634,ceramic,2027,10.3007,0.00065954,103.0,3.5999999999999996,-3.4800000000000412e-06,3.744000000000002e-05,-0.35752520330981136,cement_trial_3
140,cement,3,1.73,1.0,1.0,2700.0,880.0,14.000660000000002,0.09702866318315612,-0.3686932054355375,ceramic,2027,10.3007,0.00065954,103.0,3.699960000000001,-3.5200000000000205e-06,3.7379999999999944e-05,-0.3646409609846174,cement_trial_3
141,cement,3,1.73,1.0,1.0,2700.0,880.0,14.10066,0.08665436312962131,-0.39135512468981265,ceramic,2027,10.3007,0.00065954,103.0,3.7999599999999987,-3.56e-06,3.7339999999999964e-05,-0.3646409609846174,cement_trial_3
142,cement,3,1.73,1.0,1.0,2700.0,880.0,14.2007,0.0762800630760865,-0.40268608431695024,ceramic,2027,10.3007,0.00065954,103.0,3.8999999999999986,-3.599999999999979e-06,3.7319999999999975e-05,-0.35752520330984994,cement_trial_3
143,cement,3,1.73,1.0,1.0,2700.0,880.0,14.300670000000002,0.0762800630760865,-0.44800992282550056,ceramic,2027,10.3007,0.00065954,103.0,3.999970000000001,-3.599999999999979e-06,3.7240000000000016e-05,-0.38598823400891963,cement_trial_3
144,cement,3,1.73,1.0,1.0,2700.0,880.0,14.4007,0.06590576302252357,-0.4593408824526381,ceramic,2027,10.3007,0.00065954,103.0,4.1,-3.640000000000067e-06,3.7220000000000027e-05,-0.37887247633411364,cement_trial_3
145,cement,3,1.73,1.0,1.0,2700.0,880.0,14.500660000000002,0.06071861299575616,-0.4933337613341123,ceramic,2027,10.3007,0.00065954,103.0,4.199960000000001,-3.6600000000000564e-06,3.715999999999995e-05,-0.3931039916836871,cement_trial_3
146,cement,3,1.73,1.0,1.0,2700.0,880.0,14.600700000000002,0.05034431294222136,-0.527326640215525,ceramic,2027,10.3007,0.00065954,103.0,4.300000000000001,-3.7000000000000357e-06,3.709999999999998e-05,-0.4002197493584545,cement_trial_3
147,cement,3,1.73,1.0,1.0,2700.0,880.0,14.70066,0.045157162915453956,-0.5386575998426626,ceramic,2027,10.3007,0.00065954,103.0,4.399959999999998,-3.7200000000000254e-06,3.707999999999999e-05,-0.4002197493584545,cement_trial_3
148,cement,3,1.73,1.0,1.0,2700.0,880.0,14.8007,0.034782862861919145,-0.5726504787240753,ceramic,2027,10.3007,0.00065954,103.0,4.5,-3.7600000000000047e-06,3.702000000000002e-05,-0.4073355070332219,cement_trial_3
149,cement,3,1.73,1.0,1.0,2700.0,880.0,14.900660000000002,0.029595712835151743,-0.5839814383512129,ceramic,2027,10.3007,0.00065954,103.0,4.599960000000001,-3.7799999999999943e-06,3.700000000000003e-05,-0.4073355070332219,cement_trial_3
150,cement,3,1.73,1.0,1.0,2700.0,880.0,15.000700000000002,0.019221412781616935,-0.617974317232687,ceramic,2027,10.3007,0.00065954,103.0,4.700000000000001,-3.819999999999974e-06,3.6939999999999955e-05,-0.4144512647080279,cement_trial_3
151,cement,3,1.73,1.0,1.0,2700.0,880.0,15.100700000000002,0.014034262754821412,-0.6406362364869621,ceramic,2027,10.3007,0.00065954,103.0,4.800000000000001,-3.840000000000072e-06,3.6899999999999975e-05,-0.4215670223827568,cement_trial_3
152,cement,3,1.73,1.0,1.0,2700.0,880.0,15.2007,-0.0015271873254807994,-0.6632981557412373,ceramic,2027,10.3007,0.00065954,103.0,4.899999999999999,-3.900000000000041e-06,3.6859999999999996e-05,-0.4144512647079894,cement_trial_3
153,cement,3,1.73,1.0,1.0,2700.0,880.0,15.30066,-0.0015271873254807994,-0.6746291153683749,ceramic,2027,10.3007,0.00065954,103.0,4.99996,-3.900000000000041e-06,3.6840000000000006e-05,-0.4215670223827568,cement_trial_3
106,cement,4,1.73,1.0,1.0,2700.0,880.0,10.60066,1.1240843684836364,1.2289721019917204,ceramic,2027,10.60066,0.00065998,106.0,0.0,0.0,3.976000000000001e-05,-0.7702391484465534,cement_trial_4
107,cement,4,1.73,1.0,1.0,2700.0,880.0,10.7007,1.1292715185104036,1.2289721019917204,ceramic,2027,10.60066,0.00065998,106.0,0.1000399999999999,1.9999999999989644e-08,3.976000000000001e-05,-0.7773549061213209,cement_trial_4
108,cement,4,1.73,1.0,1.0,2700.0,880.0,10.8007,1.1188972184568688,1.2289721019917204,ceramic,2027,10.60066,0.00065998,106.0,0.20004000000000133,-1.9999999999989644e-08,3.976000000000001e-05,-0.763123390771786,cement_trial_4
109,cement,4,1.73,1.0,1.0,2700.0,880.0,10.90066,1.0514642681088646,1.2289721019917204,ceramic,2027,10.60066,0.00065998,106.0,0.3000000000000007,-2.7999999999996344e-07,3.976000000000001e-05,-0.6706185409997709,cement_trial_4
110,cement,4,1.73,1.0,1.0,2700.0,880.0,11.0007,0.8802883172254278,1.172317303855971,ceramic,2027,10.60066,0.00065998,106.0,0.4000400000000006,-9.400000000000554e-07,3.9659999999999956e-05,-0.47137732610616734,cement_trial_4
111,cement,4,1.73,1.0,1.0,2700.0,880.0,11.100700000000002,0.7506095665561864,1.172317303855971,ceramic,2027,10.60066,0.00065998,106.0,0.500040000000002,-1.4400000000000133e-06,3.9659999999999956e-05,-0.29348338423690457,cement_trial_4
112,cement,4,1.73,1.0,1.0,2700.0,880.0,11.20066,0.6624280161010844,1.1269934653474207,ceramic,2027,10.60066,0.00065998,106.0,0.5999999999999996,-1.7800000000000541e-06,3.958e-05,-0.20097853446485092,cement_trial_4
113,cement,4,1.73,1.0,1.0,2700.0,880.0,11.30066,0.5898079157263125,1.1383244249745583,ceramic,2027,10.60066,0.00065998,106.0,0.7000000000000011,-2.0600000000000175e-06,3.959999999999999e-05,-0.09424216934330097,cement_trial_4
114,cement,4,1.73,1.0,1.0,2700.0,880.0,11.4007,0.532749265431843,1.1156625057202831,ceramic,2027,10.60066,0.00065998,106.0,0.800040000000001,-2.280000000000012e-06,3.956000000000001e-05,-0.030200350270355586,cement_trial_4
115,cement,4,1.73,1.0,1.0,2700.0,880.0,11.500660000000002,0.4912520652176756,1.1156625057202831,ceramic,2027,10.60066,0.00065998,106.0,0.9000000000000021,-2.4400000000000376e-06,3.956000000000001e-05,0.02672571112782238,cement_trial_4
116,cement,4,1.73,1.0,1.0,2700.0,880.0,11.600700000000002,0.4445677149767409,1.1043315460931455,ceramic,2027,10.60066,0.00065998,106.0,1.000040000000002,-2.620000000000053e-06,3.954000000000002e-05,0.08365177252600034,cement_trial_4
117,cement,4,1.73,1.0,1.0,2700.0,880.0,11.7007,0.40825766478936903,1.1043315460931455,ceramic,2027,10.60066,0.00065998,106.0,1.10004,-2.7599999999999804e-06,3.954000000000002e-05,0.1334620762493723,cement_trial_4
118,cement,4,1.73,1.0,1.0,2700.0,880.0,11.80066,0.3771347646287365,1.1043315460931455,ceramic,2027,10.60066,0.00065998,106.0,1.200000000000001,-2.8800000000000266e-06,3.954000000000002e-05,0.17615662229801543,cement_trial_4
119,cement,4,1.73,1.0,1.0,2700.0,880.0,11.90066,0.3460118644681321,1.0816696268388706,ceramic,2027,10.60066,0.00065998,106.0,1.3000000000000007,-2.9999999999999645e-06,3.950000000000004e-05,0.20461965299708512,cement_trial_4
120,cement,4,1.73,1.0,1.0,2700.0,880.0,12.000660000000002,0.32007611433426697,1.0703386672116715,ceramic,2027,10.60066,0.00065998,106.0,1.4000000000000021,-3.100000000000021e-06,3.947999999999994e-05,0.2330826836961548,cement_trial_4
121,cement,4,1.73,1.0,1.0,2700.0,880.0,12.100700000000002,0.29414036420042994,1.0590077075845339,ceramic,2027,10.60066,0.00065998,106.0,1.500040000000002,-3.1999999999999694e-06,3.945999999999995e-05,0.2615457143952245,cement_trial_4
122,cement,4,1.73,1.0,1.0,2700.0,880.0,12.2007,0.2682046140665648,1.0476767479573963,ceramic,2027,10.60066,0.00065998,106.0,1.60004,-3.300000000000026e-06,3.943999999999996e-05,0.2900087450943328,cement_trial_4
123,cement,4,1.73,1.0,1.0,2700.0,880.0,12.3007,0.24745601395949518,1.025014828703121,ceramic,2027,10.60066,0.00065998,106.0,1.7000400000000013,-3.3799999999999846e-06,3.939999999999998e-05,0.30424026044386765,cement_trial_4
124,cement,4,1.73,1.0,1.0,2700.0,880.0,12.4007,0.23708171390596036,0.9910219498217084,ceramic,2027,10.60066,0.00065998,106.0,1.800040000000001,-3.419999999999964e-06,3.934000000000001e-05,0.2971245027691002,cement_trial_4
125,cement,4,1.73,1.0,1.0,2700.0,880.0,12.500660000000002,0.21114596377209524,0.9910219498217084,ceramic,2027,10.60066,0.00065998,106.0,1.9000000000000021,-3.5200000000000205e-06,3.934000000000001e-05,0.3327032911429759,cement_trial_4
126,cement,4,1.73,1.0,1.0,2700.0,880.0,12.600700000000002,0.19039736366502563,0.9683600305674334,ceramic,2027,10.60066,0.00065998,106.0,2.000040000000002,-3.599999999999979e-06,3.9300000000000034e-05,0.34693480649251074,cement_trial_4
127,cement,4,1.73,1.0,1.0,2700.0,880.0,12.70066,0.1748359135846953,0.9456981113130968,ceramic,2027,10.60066,0.00065998,106.0,2.0999999999999996,-3.6600000000000564e-06,3.9259999999999946e-05,0.35405056416727815,cement_trial_4
128,cement,4,1.73,1.0,1.0,2700.0,880.0,12.8007,0.16446161353116048,0.9230361920588216,ceramic,2027,10.60066,0.00065998,106.0,2.2000400000000013,-3.7000000000000357e-06,3.921999999999997e-05,0.35405056416727815,cement_trial_4
129,cement,4,1.73,1.0,1.0,2700.0,880.0,12.90066,0.15408731347762566,0.8890433131774089,ceramic,2027,10.60066,0.00065998,106.0,2.3000000000000007,-3.740000000000015e-06,3.916e-05,0.34693480649251074,cement_trial_4
130,cement,4,1.73,1.0,1.0,2700.0,880.0,13.000700000000002,0.13333871337055606,0.8663813939231337,ceramic,2027,10.60066,0.00065998,106.0,2.4000400000000024,-3.819999999999974e-06,3.912000000000002e-05,0.3611663218420456,cement_trial_4
131,cement,4,1.73,1.0,1.0,2700.0,880.0,13.100700000000002,0.12296441331702125,0.8437194746688585,ceramic,2027,10.60066,0.00065998,106.0,2.500040000000002,-3.859999999999953e-06,3.908000000000004e-05,0.3611663218420456,cement_trial_4
132,cement,4,1.73,1.0,1.0,2700.0,880.0,13.2007,0.11777726329022573,0.8097265957873845,ceramic,2027,10.60066,0.00065998,106.0,2.60004,-3.880000000000051e-06,3.901999999999996e-05,0.34693480649251074,cement_trial_4
133,cement,4,1.73,1.0,1.0,2700.0,880.0,13.3007,0.10221581320992351,0.7870646765331093,ceramic,2027,10.60066,0.00065998,106.0,2.7000400000000013,-3.94000000000002e-06,3.897999999999998e-05,0.35405056416727815,cement_trial_4
134,cement,4,1.73,1.0,1.0,2700.0,880.0,13.4007,0.08665436312962131,0.7530717976516966,ceramic,2027,10.60066,0.00065998,106.0,2.800040000000001,-3.999999999999989e-06,3.8920000000000014e-05,0.35405056416727815,cement_trial_4
135,cement,4,1.73,1.0,1.0,2700.0,880.0,13.500660000000002,0.0762800630760865,0.7304098783974214,ceramic,2027,10.60066,0.00065998,106.0,2.900000000000002,-4.039999999999968e-06,3.8880000000000034e-05,0.35405056416727815,cement_trial_4
136,cement,4,1.73,1.0,1.0,2700.0,880.0,13.60066,0.06590576302252357,0.7077479591430849,ceramic,2027,10.60066,0.00065998,106.0,3.0,-4.080000000000056e-06,3.883999999999995e-05,0.35405056416727815,cement_trial_4
137,cement,4,1.73,1.0,1.0,2700.0,880.0,13.7007,0.06071861299575616,0.6737550802616721,ceramic,2027,10.60066,0.00065998,106.0,3.10004,-4.1000000000000454e-06,3.877999999999998e-05,0.33981904881774333,cement_trial_4
138,cement,4,1.73,1.0,1.0,2700.0,880.0,13.8007,0.05034431294222136,0.6397622013802594,ceramic,2027,10.60066,0.00065998,106.0,3.2000400000000013,-4.140000000000025e-06,3.872000000000001e-05,0.3327032911429759,cement_trial_4
139,cement,4,1.73,1.0,1.0,2700.0,880.0,13.9007,0.039970012888686554,0.6171002821259842,ceramic,2027,10.60066,0.00065998,106.0,3.300040000000001,-4.180000000000004e-06,3.868000000000003e-05,0.3327032911429759,cement_trial_4
140,cement,4,1.73,1.0,1.0,2700.0,880.0,14.000700000000002,0.029595712835151743,0.5831074032445102,ceramic,2027,10.60066,0.00065998,106.0,3.4000400000000024,-4.219999999999983e-06,3.861999999999995e-05,0.32558753346816993,cement_trial_4
141,cement,4,1.73,1.0,1.0,2700.0,880.0,14.100700000000002,0.02440856280838434,0.560445483990235,ceramic,2027,10.60066,0.00065998,106.0,3.500040000000002,-4.239999999999973e-06,3.857999999999997e-05,0.31847177579340247,cement_trial_4
142,cement,4,1.73,1.0,1.0,2700.0,880.0,14.20067,0.008847112728054008,0.5264526051088222,ceramic,2027,10.60066,0.00065998,106.0,3.600010000000001,-4.30000000000005e-06,3.8520000000000004e-05,0.31847177579344105,cement_trial_4
143,cement,4,1.73,1.0,1.0,2700.0,880.0,14.30066,0.0036599627012866044,0.5037906858545471,ceramic,2027,10.60066,0.00065998,106.0,3.700000000000001,-4.32000000000004e-06,3.8480000000000025e-05,0.31135601811867364,cement_trial_4
144,cement,4,1.73,1.0,1.0,2700.0,880.0,14.4007,-0.006714337352248204,0.48112876660027193,ceramic,2027,10.60066,0.00065998,106.0,3.800040000000001,-4.360000000000019e-06,3.8440000000000045e-05,0.31135601811867364,cement_trial_4
145,cement,4,1.73,1.0,1.0,2700.0,880.0,14.500700000000002,-0.011901487379015608,0.4471358877187978,ceramic,2027,10.60066,0.00065998,106.0,3.9000400000000024,-4.380000000000009e-06,3.837999999999997e-05,0.2971245027691002,cement_trial_4
146,cement,4,1.73,1.0,1.0,2700.0,880.0,14.600700000000002,-0.022275787432550414,0.4131430088373851,ceramic,2027,10.60066,0.00065998,106.0,4.000040000000002,-4.419999999999988e-06,3.832e-05,0.2900087450943328,cement_trial_4
147,cement,4,1.73,1.0,1.0,2700.0,880.0,14.7007,-0.022275787432550414,0.3904810895831099,ceramic,2027,10.60066,0.00065998,106.0,4.10004,-4.419999999999988e-06,3.828000000000002e-05,0.27577722974479796,cement_trial_4
148,cement,4,1.73,1.0,1.0,2700.0,880.0,14.8007,-0.03265008748608522,0.3564882107016358,ceramic,2027,10.60066,0.00065998,106.0,4.200040000000001,-4.4599999999999675e-06,3.821999999999994e-05,0.2686614720699919,cement_trial_4
149,cement,4,1.73,1.0,1.0,2700.0,880.0,14.900660000000002,-0.04302438753964815,0.3564882107016358,ceramic,2027,10.60066,0.00065998,106.0,4.3000000000000025,-4.500000000000055e-06,3.821999999999994e-05,0.28289298741956537,cement_trial_4
150,cement,4,1.73,1.0,1.0,2700.0,880.0,15.000700000000002,-0.04821153756641555,0.2998334125659479,ceramic,2027,10.60066,0.00065998,106.0,4.400040000000002,-4.520000000000045e-06,3.8119999999999994e-05,0.2544299567204957,cement_trial_4
151,cement,4,1.73,1.0,1.0,2700.0,880.0,15.10066,-0.053398687593182954,0.27717149331167273,ceramic,2027,10.60066,0.00065998,106.0,4.5,-4.5400000000000345e-06,3.8080000000000015e-05,0.24731419904572824,cement_trial_4
152,cement,4,1.73,1.0,1.0,2700.0,880.0,15.2007,-0.06377298764671777,0.24317861443026004,ceramic,2027,10.60066,0.00065998,106.0,4.60004,-4.580000000000014e-06,3.8020000000000046e-05,0.24019844137096083,cement_trial_4
153,cement,4,1.73,1.0,1.0,2700.0,880.0,15.30066,-0.06896013767348518,0.22051669517592346,ceramic,2027,10.60066,0.00065998,106.0,4.700000000000001,-4.600000000000003e-06,3.797999999999996e-05,0.2330826836961548,cement_trial_4
154,cement,4,1.73,1.0,1.0,2700.0,880.0,15.400660000000002,-0.07414728770025257,0.19785477592164832,ceramic,2027,10.60066,0.00065998,106.0,4.8000000000000025,-4.619999999999993e-06,3.793999999999998e-05,0.2259669260213874,cement_trial_4
155,cement,4,1.73,1.0,1.0,2700.0,880.0,15.500700000000002,-0.07933443772701998,0.17519285666737316,ceramic,2027,10.60066,0.00065998,106.0,4.900040000000002,-4.639999999999983e-06,3.79e-05,0.21885116834661997,cement_trial_4
156,cement,4,1.73,1.0,1.0,2700.0,880.0,15.600700000000002,-0.08970873778055478,0.152530937413098,ceramic,2027,10.60066,0.00065998,106.0,5.000040000000002,-4.679999999999962e-06,3.786000000000002e-05,0.21885116834661997,cement_trial_4
119,cement,5,1.73,1.0,1.0,2700.0,880.0,11.9007,1.1188972184568688,1.1949792231103076,ceramic,2027,11.9007,0.00065996,119.0,0.0,0.0,3.972000000000003e-05,-0.7844706637960882,cement_trial_5
120,cement,5,1.73,1.0,1.0,2700.0,880.0,12.000660000000002,1.1188972184568688,1.2063101827374452,ceramic,2027,11.9007,0.00065996,119.0,0.09996000000000116,0.0,3.974000000000002e-05,-0.7773549061213209,cement_trial_5
121,cement,5,1.73,1.0,1.0,2700.0,880.0,12.10071,1.1137100684301016,1.1949792231103076,ceramic,2027,11.9007,0.00065996,119.0,0.2000099999999989,-1.9999999999989644e-08,3.972000000000003e-05,-0.7773549061213209,cement_trial_5
122,cement,5,1.73,1.0,1.0,2700.0,880.0,12.20066,0.9788441677340647,1.0930005864660082,ceramic,2027,11.9007,0.00065996,119.0,0.29995999999999867,-5.400000000000457e-07,3.954000000000002e-05,-0.6563870256501975,cement_trial_5
123,cement,5,1.73,1.0,1.0,2700.0,880.0,12.30067,0.8128553668774234,1.0703386672116715,ceramic,2027,11.9007,0.00065996,119.0,0.3999699999999997,-1.1800000000000395e-06,3.949999999999993e-05,-0.4429142954070976,cement_trial_5
124,cement,5,1.73,1.0,1.0,2700.0,880.0,12.400670000000002,0.6987380662884842,1.0703386672116715,ceramic,2027,11.9007,0.00065996,119.0,0.49997000000000114,-1.6200000000000285e-06,3.949999999999993e-05,-0.28636762656213716,cement_trial_5
125,cement,5,1.73,1.0,1.0,2700.0,880.0,12.5007,0.6105565158333822,1.0590077075845339,ceramic,2027,11.9007,0.00065996,119.0,0.5999999999999996,-1.9600000000000693e-06,3.947999999999994e-05,-0.1725155037657812,cement_trial_5
126,cement,5,1.73,1.0,1.0,2700.0,880.0,12.60066,0.5483107155121452,1.0476767479573963,ceramic,2027,11.9007,0.00065996,119.0,0.699959999999999,-2.2000000000000535e-06,3.945999999999995e-05,-0.09424216934330097,cement_trial_5
127,cement,5,1.73,1.0,1.0,2700.0,880.0,12.70067,0.4912520652176756,1.0476767479573963,ceramic,2027,11.9007,0.00065996,119.0,0.7999700000000001,-2.420000000000048e-06,3.945999999999995e-05,-0.01596883492082074,cement_trial_5
128,cement,5,1.73,1.0,1.0,2700.0,880.0,12.80066,0.43938056494997346,1.025014828703121,ceramic,2027,11.9007,0.00065996,119.0,0.8999600000000001,-2.620000000000053e-06,3.941999999999997e-05,0.04095722647735723,cement_trial_5
129,cement,5,1.73,1.0,1.0,2700.0,880.0,12.90066,0.40307051476260164,1.0476767479573963,ceramic,2027,11.9007,0.00065996,119.0,0.9999599999999997,-2.7599999999999804e-06,3.945999999999995e-05,0.10499904555026404,cement_trial_5
130,cement,5,1.73,1.0,1.0,2700.0,880.0,13.000660000000002,0.36676046457520173,1.025014828703121,ceramic,2027,11.9007,0.00065996,119.0,1.0999600000000012,-2.9000000000000163e-06,3.941999999999997e-05,0.14057783392413972,cement_trial_5
131,cement,5,1.73,1.0,1.0,2700.0,880.0,13.10066,0.33045041438780176,1.025014828703121,ceramic,2027,11.9007,0.00065996,119.0,1.199959999999999,-3.040000000000052e-06,3.941999999999997e-05,0.19038813764755028,cement_trial_5
132,cement,5,1.73,1.0,1.0,2700.0,880.0,13.20067,0.29932751422719733,1.0136838690759837,ceramic,2027,11.9007,0.00065996,119.0,1.29997,-3.15999999999999e-06,3.939999999999998e-05,0.2259669260213874,cement_trial_5
133,cement,5,1.73,1.0,1.0,2700.0,880.0,13.30066,0.2733917640933322,0.9910219498217084,ceramic,2027,11.9007,0.00065996,119.0,1.39996,-3.2600000000000467e-06,3.936e-05,0.24731419904572824,cement_trial_5
134,cement,5,1.73,1.0,1.0,2700.0,880.0,13.4007,0.2526431639862626,0.979690990194571,ceramic,2027,11.9007,0.00065996,119.0,1.5,-3.3400000000000053e-06,3.934000000000001e-05,0.2686614720700305,cement_trial_5
135,cement,5,1.73,1.0,1.0,2700.0,880.0,13.500700000000002,0.22670741385239745,0.9683600305674334,ceramic,2027,11.9007,0.00065996,119.0,1.6000000000000014,-3.440000000000062e-06,3.932000000000002e-05,0.29712450276913877,cement_trial_5
136,cement,5,1.73,1.0,1.0,2700.0,880.0,13.60066,0.21114596377209524,0.9456981113130968,ceramic,2027,11.9007,0.00065996,119.0,1.699959999999999,-3.500000000000031e-06,3.9279999999999936e-05,0.30424026044386765,cement_trial_5
137,cement,5,1.73,1.0,1.0,2700.0,880.0,13.70067,0.19039736366502563,0.9343671516859592,ceramic,2027,11.9007,0.00065996,119.0,1.79997,-3.5799999999999894e-06,3.9259999999999946e-05,0.32558753346816993,cement_trial_5
138,cement,5,1.73,1.0,1.0,2700.0,880.0,13.800670000000002,0.1748359135846953,0.911705232431684,ceramic,2027,11.9007,0.00065996,119.0,1.8999700000000015,-3.640000000000067e-06,3.921999999999997e-05,0.3327032911429759,cement_trial_5
139,cement,5,1.73,1.0,1.0,2700.0,880.0,13.900660000000002,0.15408731347762566,0.8890433131774089,ceramic,2027,11.9007,0.00065996,119.0,1.9999600000000015,-3.7200000000000254e-06,3.917999999999999e-05,0.34693480649251074,cement_trial_5
140,cement,5,1.73,1.0,1.0,2700.0,880.0,14.000660000000002,0.14371301342409087,0.8663813939231337,ceramic,2027,11.9007,0.00065996,119.0,2.099960000000001,-3.7600000000000047e-06,3.914000000000001e-05,0.34693480649251074,cement_trial_5
141,cement,5,1.73,1.0,1.0,2700.0,880.0,14.100700000000002,0.12296441331702125,0.8437194746688585,ceramic,2027,11.9007,0.00065996,119.0,2.200000000000001,-3.839999999999963e-06,3.910000000000003e-05,0.3611663218420456,cement_trial_5
142,cement,5,1.73,1.0,1.0,2700.0,880.0,14.2007,0.11777726329022573,0.8097265957873845,ceramic,2027,11.9007,0.00065996,119.0,2.299999999999999,-3.860000000000061e-06,3.903999999999995e-05,0.34693480649251074,cement_trial_5
143,cement,5,1.73,1.0,1.0,2700.0,880.0,14.3007,0.09702866318315612,0.7757337169059717,ceramic,2027,11.9007,0.00065996,119.0,2.4000000000000004,-3.94000000000002e-06,3.897999999999998e-05,0.35405056416727815,cement_trial_5
144,cement,5,1.73,1.0,1.0,2700.0,880.0,14.4007,0.08665436312962131,0.7530717976516966,ceramic,2027,11.9007,0.00065996,119.0,2.5,-3.979999999999999e-06,3.894e-05,0.35405056416727815,cement_trial_5
145,cement,5,1.73,1.0,1.0,2700.0,880.0,14.500700000000002,0.0762800630760865,0.7304098783974214,ceramic,2027,11.9007,0.00065996,119.0,2.6000000000000014,-4.0199999999999785e-06,3.8900000000000024e-05,0.35405056416727815,cement_trial_5
146,cement,5,1.73,1.0,1.0,2700.0,880.0,14.60067,0.06590576302252357,0.7077479591430849,ceramic,2027,11.9007,0.00065996,119.0,2.6999699999999986,-4.060000000000066e-06,3.8859999999999936e-05,0.35405056416727815,cement_trial_5
147,cement,5,1.73,1.0,1.0,2700.0,880.0,14.70066,0.05034431294222136,0.6737550802616721,ceramic,2027,11.9007,0.00065996,119.0,2.7999599999999987,-4.120000000000035e-06,3.879999999999997e-05,0.35405056416727815,cement_trial_5
148,cement,5,1.73,1.0,1.0,2700.0,880.0,14.8007,0.039970012888686554,0.651093161007397,ceramic,2027,11.9007,0.00065996,119.0,2.9000000000000004,-4.160000000000014e-06,3.875999999999999e-05,0.35405056416727815,cement_trial_5
149,cement,5,1.73,1.0,1.0,2700.0,880.0,14.9007,0.029595712835151743,0.6171002821259842,ceramic,2027,11.9007,0.00065996,119.0,3.0,-4.199999999999994e-06,3.870000000000002e-05,0.34693480649251074,cement_trial_5
150,cement,5,1.73,1.0,1.0,2700.0,880.0,15.000660000000002,0.02440856280838434,0.5944383628716476,ceramic,2027,11.9007,0.00065996,119.0,3.099960000000001,-4.219999999999983e-06,3.865999999999993e-05,0.33981904881770475,cement_trial_5
151,cement,5,1.73,1.0,1.0,2700.0,880.0,15.10066,0.008847112728054008,0.560445483990235,ceramic,2027,11.9007,0.00065996,119.0,3.199959999999999,-4.280000000000061e-06,3.859999999999996e-05,0.33981904881774333,cement_trial_5
152,cement,5,1.73,1.0,1.0,2700.0,880.0,15.20067,0.0036599627012866044,0.5377835647359598,ceramic,2027,11.9007,0.00065996,119.0,3.29997,-4.30000000000005e-06,3.855999999999998e-05,0.3327032911429759,cement_trial_5
153,cement,5,1.73,1.0,1.0,2700.0,880.0,15.3007,-0.0015271873254807994,0.5151216454816847,ceramic,2027,11.9007,0.00065996,119.0,3.4000000000000004,-4.32000000000004e-06,3.8520000000000004e-05,0.32558753346820846,cement_trial_5
154,cement,5,1.73,1.0,1.0,2700.0,880.0,15.400670000000002,-0.01708863740578301,0.46979780697307294,ceramic,2027,11.9007,0.00065996,119.0,3.499970000000001,-4.380000000000009e-06,3.843999999999994e-05,0.31847177579340247,cement_trial_5
155,cement,5,1.73,1.0,1.0,2700.0,880.0,15.500710000000002,-0.02746293745931782,0.45846684734593535,ceramic,2027,11.9007,0.00065996,119.0,3.600010000000001,-4.419999999999988e-06,3.841999999999995e-05,0.32558753346816993,cement_trial_5
156,cement,5,1.73,1.0,1.0,2700.0,880.0,15.60067,-0.02746293745931782,0.4244739684645226,ceramic,2027,11.9007,0.00065996,119.0,3.6999699999999986,-4.419999999999988e-06,3.835999999999998e-05,0.30424026044386765,cement_trial_5
157,cement,5,1.73,1.0,1.0,2700.0,880.0,15.7007,-0.04302438753964815,0.4131430088373851,ceramic,2027,11.9007,0.00065996,119.0,3.799999999999999,-4.4800000000000655e-06,3.833999999999999e-05,0.31847177579344105,cement_trial_5
158,cement,5,1.73,1.0,1.0,2700.0,880.0,15.8007,-0.04302438753964815,0.36781917032883477,ceramic,2027,11.9007,0.00065996,119.0,3.9000000000000004,-4.4800000000000655e-06,3.826000000000003e-05,0.29000874509437136,cement_trial_5
159,cement,5,1.73,1.0,1.0,2700.0,880.0,15.9007,-0.04821153756641555,0.3564882107016358,ceramic,2027,11.9007,0.00065996,119.0,4.0,-4.500000000000055e-06,3.823999999999993e-05,0.2900087450943328,cement_trial_5
160,cement,5,1.73,1.0,1.0,2700.0,880.0,16.00066,-0.06377298764671777,0.33382629144736065,ceramic,2027,11.9007,0.00065996,119.0,4.099959999999999,-4.560000000000024e-06,3.819999999999995e-05,0.2971245027691002,cement_trial_5
161,cement,5,1.73,1.0,1.0,2700.0,880.0,16.10066,-0.06377298764671777,0.2885024529388103,ceramic,2027,11.9007,0.00065996,119.0,4.199960000000001,-4.560000000000024e-06,3.8119999999999994e-05,0.2686614720700305,cement_trial_5
162,cement,5,1.73,1.0,1.0,2700.0,880.0,16.200660000000003,-0.07414728770025257,0.2658405336845352,ceramic,2027,11.9007,0.00065996,119.0,4.299960000000002,-4.600000000000003e-06,3.8080000000000015e-05,0.2686614720700305,cement_trial_5
163,cement,5,1.73,1.0,1.0,2700.0,880.0,16.30066,-0.08452158775378737,0.24317861443026004,ceramic,2027,11.9007,0.00065996,119.0,4.39996,-4.639999999999983e-06,3.8040000000000036e-05,0.2686614720700305,cement_trial_5
164,cement,5,1.73,1.0,1.0,2700.0,880.0,16.4007,-0.08970873778055478,0.22051669517592346,ceramic,2027,11.9007,0.00065996,119.0,4.5,-4.659999999999972e-06,3.799999999999995e-05,0.2615457143952245,cement_trial_5
165,cement,5,1.73,1.0,1.0,2700.0,880.0,16.500670000000003,-0.09489588780735031,0.18652381629451073,ceramic,2027,11.9007,0.00065996,119.0,4.599970000000003,-4.68000000000007e-06,3.793999999999998e-05,0.24731419904572824,cement_trial_5
166,cement,5,1.73,1.0,1.0,2700.0,880.0,16.6007,-0.1000830378341177,0.17519285666737316,ceramic,2027,11.9007,0.00065996,119.0,4.699999999999999,-4.70000000000006e-06,3.791999999999999e-05,0.24731419904572824,cement_trial_5
167,cement,5,1.73,1.0,1.0,2700.0,880.0,16.7007,-0.10527018786088511,0.152530937413098,ceramic,2027,11.9007,0.00065996,119.0,4.800000000000001,-4.72000000000005e-06,3.788000000000001e-05,0.24019844137096083,cement_trial_5
168,cement,5,1.73,1.0,1.0,2700.0,880.0,16.800700000000003,-0.11045733788765252,0.12986901815882287,ceramic,2027,11.9007,0.00065996,119.0,4.900000000000002,-4.740000000000039e-06,3.784000000000003e-05,0.2330826836961934,cement_trial_5
169,cement,5,1.73,1.0,1.0,2700.0,880.0,16.9007,-0.12083163794118733,0.09587613927734871,ceramic,2027,11.9007,0.00065996,119.0,5.0,-4.780000000000019e-06,3.777999999999995e-05,0.2259669260213874,cement_trial_5
170,cement,5,1.73,1.0,1.0,2700.0,880.0,17.000670000000003,-0.12601878796795474,0.061883260395935995,ceramic,2027,11.9007,0.00065996,119.0,5.099970000000003,-4.800000000000008e-06,3.7719999999999984e-05,0.21173541067185256,cement_trial_5
124,cement,6,1.73,1.0,1.0,2700.0,880.0,12.40066,1.0670257181891667,1.1043315460931455,ceramic,2027,12.40066,0.00065976,124.0,0.0,0.0,3.976000000000001e-05,-0.7702391484465534,cement_trial_6
125,cement,6,1.73,1.0,1.0,2700.0,880.0,12.5007,1.0722128682159342,1.1043315460931455,ceramic,2027,12.40066,0.00065976,124.0,0.1000399999999999,1.9999999999989644e-08,3.976000000000001e-05,-0.7773549061213209,cement_trial_6
126,cement,6,1.73,1.0,1.0,2700.0,880.0,12.600700000000002,1.0722128682159342,1.1043315460931455,ceramic,2027,12.40066,0.00065976,124.0,0.20004000000000133,1.9999999999989644e-08,3.976000000000001e-05,-0.7773549061213209,cement_trial_6
127,cement,6,1.73,1.0,1.0,2700.0,880.0,12.7007,0.9529084176002277,0.9683600305674334,ceramic,2027,12.40066,0.00065976,124.0,0.3000399999999992,-4.39999999999989e-07,3.952000000000003e-05,-0.6990815716988406,cement_trial_6
128,cement,6,1.73,1.0,1.0,2700.0,880.0,12.8007,0.8336039669845211,0.9683600305674334,ceramic,2027,12.40066,0.00065976,124.0,0.4000400000000006,-8.999999999999677e-07,3.952000000000003e-05,-0.5354191451791127,cement_trial_6
129,cement,6,1.73,1.0,1.0,2700.0,880.0,12.90066,0.745422416529419,0.9456981113130968,ceramic,2027,12.40066,0.00065976,124.0,0.5,-1.2400000000000085e-06,3.947999999999994e-05,-0.4286827800575628,cement_trial_6
130,cement,6,1.73,1.0,1.0,2700.0,880.0,13.000700000000002,0.683176616208182,0.9456981113130968,ceramic,2027,12.40066,0.00065976,124.0,0.6000400000000017,-1.4799999999999926e-06,3.947999999999994e-05,-0.3432936879603151,cement_trial_6
131,cement,6,1.73,1.0,1.0,2700.0,880.0,13.100700000000002,0.6209308158869451,0.9683600305674334,ceramic,2027,12.40066,0.00065976,124.0,0.7000400000000013,-1.7199999999999768e-06,3.952000000000003e-05,-0.24367308051349404,cement_trial_6
132,cement,6,1.73,1.0,1.0,2700.0,880.0,13.20066,0.5742464656460103,0.9456981113130968,ceramic,2027,12.40066,0.00065976,124.0,0.7999999999999989,-1.899999999999992e-06,3.947999999999994e-05,-0.19386277679012207,cement_trial_6
133,cement,6,1.73,1.0,1.0,2700.0,880.0,13.3007,0.5275621154050756,0.9456981113130968,ceramic,2027,12.40066,0.00065976,124.0,0.9000400000000006,-2.080000000000007e-06,3.947999999999994e-05,-0.12982095771717667,cement_trial_6
134,cement,6,1.73,1.0,1.0,2700.0,880.0,13.40066,0.4860649151909082,0.9456981113130968,ceramic,2027,12.40066,0.00065976,124.0,1.0,-2.2400000000000328e-06,3.947999999999994e-05,-0.0728948963189987,cement_trial_6
135,cement,6,1.73,1.0,1.0,2700.0,880.0,13.500700000000002,0.4549420150303038,0.9343671516859592,ceramic,2027,12.40066,0.00065976,124.0,1.1000400000000017,-2.3599999999999706e-06,3.945999999999995e-05,-0.03731610794516158,cement_trial_6
136,cement,6,1.73,1.0,1.0,2700.0,880.0,13.60066,0.4134448148161365,0.9230361920588216,ceramic,2027,12.40066,0.00065976,124.0,1.1999999999999993,-2.519999999999996e-06,3.943999999999996e-05,0.012494195778248956,cement_trial_6
137,cement,6,1.73,1.0,1.0,2700.0,880.0,13.70071,0.3875090646822713,0.9230361920588216,ceramic,2027,12.40066,0.00065976,124.0,1.3000500000000006,-2.620000000000053e-06,3.943999999999996e-05,0.04807298415212465,cement_trial_6
138,cement,6,1.73,1.0,1.0,2700.0,880.0,13.8007,0.36676046457520173,0.9003742728045465,ceramic,2027,12.40066,0.00065976,124.0,1.4000400000000006,-2.7000000000000114e-06,3.939999999999998e-05,0.0623044995016595,cement_trial_6
139,cement,6,1.73,1.0,1.0,2700.0,880.0,13.9007,0.3460118644681321,0.8890433131774089,ceramic,2027,12.40066,0.00065976,124.0,1.5000400000000003,-2.77999999999997e-06,3.937999999999999e-05,0.08365177252596177,cement_trial_6
140,cement,6,1.73,1.0,1.0,2700.0,880.0,14.000700000000002,0.32526326436103437,0.8663813939231337,ceramic,2027,12.40066,0.00065976,124.0,1.6000400000000017,-2.860000000000037e-06,3.934000000000001e-05,0.09788328787553519,cement_trial_6
141,cement,6,1.73,1.0,1.0,2700.0,880.0,14.10066,0.29414036420042994,0.8550504342959961,ceramic,2027,12.40066,0.00065976,124.0,1.6999999999999993,-2.979999999999975e-06,3.932000000000002e-05,0.1334620762493723,cement_trial_6
142,cement,6,1.73,1.0,1.0,2700.0,880.0,14.20066,0.283766064146867,0.8437194746688585,ceramic,2027,12.40066,0.00065976,124.0,1.799999999999999,-3.0200000000000626e-06,3.9300000000000034e-05,0.1405778339241783,cement_trial_6
143,cement,6,1.73,1.0,1.0,2700.0,880.0,14.3007,0.25783031401302997,0.8097265957873845,ceramic,2027,12.40066,0.00065976,124.0,1.9000400000000006,-3.1200000000000108e-06,3.9239999999999956e-05,0.1548093492736746,cement_trial_6
144,cement,6,1.73,1.0,1.0,2700.0,880.0,14.400660000000002,0.23708171390596036,0.7870646765331093,ceramic,2027,12.40066,0.00065976,124.0,2.0000000000000018,-3.1999999999999694e-06,3.919999999999998e-05,0.16904086462320944,cement_trial_6
145,cement,6,1.73,1.0,1.0,2700.0,880.0,14.500700000000002,0.22670741385239745,0.7644027572788341,ceramic,2027,12.40066,0.00065976,124.0,2.1000400000000017,-3.240000000000057e-06,3.916e-05,0.169040864623248,cement_trial_6
146,cement,6,1.73,1.0,1.0,2700.0,880.0,14.60066,0.20595881374532785,0.7304098783974214,ceramic,2027,12.40066,0.00065976,124.0,2.1999999999999993,-3.3200000000000156e-06,3.910000000000003e-05,0.17615662229801543,cement_trial_6
147,cement,6,1.73,1.0,1.0,2700.0,880.0,14.70067,0.19039736366502563,0.7077479591430849,ceramic,2027,12.40066,0.00065976,124.0,2.3000100000000003,-3.3799999999999846e-06,3.905999999999994e-05,0.1832723799727443,cement_trial_6
148,cement,6,1.73,1.0,1.0,2700.0,880.0,14.8007,0.1800230636114908,0.6850860398888097,ceramic,2027,12.40066,0.00065976,124.0,2.4000400000000006,-3.419999999999964e-06,3.901999999999996e-05,0.1832723799727443,cement_trial_6
149,cement,6,1.73,1.0,1.0,2700.0,880.0,14.9007,0.16446161353116048,0.6397622013802594,ceramic,2027,12.40066,0.00065976,124.0,2.5000400000000003,-3.4800000000000412e-06,3.894e-05,0.17615662229801543,cement_trial_6
150,cement,6,1.73,1.0,1.0,2700.0,880.0,15.000700000000002,0.15408731347762566,0.6397622013802594,ceramic,2027,12.40066,0.00065976,124.0,2.6000400000000017,-3.5200000000000205e-06,3.894e-05,0.19038813764755028,cement_trial_6
151,cement,6,1.73,1.0,1.0,2700.0,880.0,15.10066,0.13852586339732345,0.6171002821259842,ceramic,2027,12.40066,0.00065976,124.0,2.6999999999999993,-3.5799999999999894e-06,3.8900000000000024e-05,0.1975038953223177,cement_trial_6
152,cement,6,1.73,1.0,1.0,2700.0,880.0,15.20066,0.13333871337055606,0.560445483990235,ceramic,2027,12.40066,0.00065976,124.0,2.799999999999999,-3.599999999999979e-06,3.879999999999997e-05,0.16904086462320944,cement_trial_6
153,cement,6,1.73,1.0,1.0,2700.0,880.0,15.30066,0.11777726329022573,0.5377835647359598,ceramic,2027,12.40066,0.00065976,124.0,2.9000000000000004,-3.6600000000000564e-06,3.875999999999999e-05,0.17615662229801543,cement_trial_6
154,cement,6,1.73,1.0,1.0,2700.0,880.0,15.4007,0.10221581320992351,0.4924597262274095,ceramic,2027,12.40066,0.00065976,124.0,3.0000400000000003,-3.7200000000000254e-06,3.868000000000003e-05,0.169040864623248,cement_trial_6
155,cement,6,1.73,1.0,1.0,2700.0,880.0,15.500700000000002,0.09184151315638871,0.48112876660027193,ceramic,2027,12.40066,0.00065976,124.0,3.1000400000000017,-3.7600000000000047e-06,3.866000000000004e-05,0.17615662229801543,cement_trial_6
156,cement,6,1.73,1.0,1.0,2700.0,880.0,15.60066,0.08665436312962131,0.45846684734593535,ceramic,2027,12.40066,0.00065976,124.0,3.1999999999999993,-3.7799999999999943e-06,3.861999999999995e-05,0.16904086462320944,cement_trial_6
157,cement,6,1.73,1.0,1.0,2700.0,880.0,15.7007,0.0710929130493191,0.4244739684645226,ceramic,2027,12.40066,0.00065976,124.0,3.300039999999999,-3.839999999999963e-06,3.855999999999998e-05,0.16904086462320944,cement_trial_6
158,cement,6,1.73,1.0,1.0,2700.0,880.0,15.8007,0.06590576302252357,0.37915012995597236,ceramic,2027,12.40066,0.00065976,124.0,3.4000400000000006,-3.860000000000061e-06,3.8480000000000025e-05,0.14769359159894574,cement_trial_6
159,cement,6,1.73,1.0,1.0,2700.0,880.0,15.9007,0.05034431294222136,0.3564882107016358,ceramic,2027,12.40066,0.00065976,124.0,3.5000400000000003,-3.92000000000003e-06,3.843999999999994e-05,0.1548093492736746,cement_trial_6
160,cement,6,1.73,1.0,1.0,2700.0,880.0,16.00066,0.045157162915453956,0.32249533182022305,ceramic,2027,12.40066,0.00065976,124.0,3.5999999999999996,-3.94000000000002e-06,3.837999999999997e-05,0.14057783392413972,cement_trial_6
161,cement,6,1.73,1.0,1.0,2700.0,880.0,16.10067,0.045157162915453956,0.2998334125659479,ceramic,2027,12.40066,0.00065976,124.0,3.7000100000000007,-3.94000000000002e-06,3.833999999999999e-05,0.12634631857460488,cement_trial_6
162,cement,6,1.73,1.0,1.0,2700.0,880.0,16.2007,0.029595712835151743,0.2658405336845352,ceramic,2027,12.40066,0.00065976,124.0,3.800040000000001,-3.999999999999989e-06,3.828000000000002e-05,0.12634631857460488,cement_trial_6
163,cement,6,1.73,1.0,1.0,2700.0,880.0,16.300700000000003,0.014034262754821412,0.2091857355487859,ceramic,2027,12.40066,0.00065976,124.0,3.9000400000000024,-4.060000000000066e-06,3.817999999999996e-05,0.11211480322507004,cement_trial_6
164,cement,6,1.73,1.0,1.0,2700.0,880.0,16.4007,0.008847112728054008,0.19785477592164832,ceramic,2027,12.40066,0.00065976,124.0,4.00004,-4.080000000000056e-06,3.8159999999999973e-05,0.11211480322507004,cement_trial_6
165,cement,6,1.73,1.0,1.0,2700.0,880.0,16.50066,0.0036599627012866044,0.17519285666737316,ceramic,2027,12.40066,0.00065976,124.0,4.1,-4.1000000000000454e-06,3.8119999999999994e-05,0.10499904555030262,cement_trial_6
166,cement,6,1.73,1.0,1.0,2700.0,880.0,16.60066,-0.006714337352248204,0.152530937413098,ceramic,2027,12.40066,0.00065976,124.0,4.200000000000001,-4.140000000000025e-06,3.8080000000000015e-05,0.10499904555030262,cement_trial_6
167,cement,6,1.73,1.0,1.0,2700.0,880.0,16.7007,-0.011901487379015608,0.10720709890448629,ceramic,2027,12.40066,0.00065976,124.0,4.300040000000001,-4.160000000000014e-06,3.799999999999995e-05,0.08365177252596177,cement_trial_6
168,cement,6,1.73,1.0,1.0,2700.0,880.0,16.800700000000003,-0.022275787432550414,0.08454517965021115,ceramic,2027,12.40066,0.00065976,124.0,4.400040000000002,-4.199999999999994e-06,3.795999999999997e-05,0.08365177252596177,cement_trial_6
169,cement,6,1.73,1.0,1.0,2700.0,880.0,16.900660000000002,-0.02746293745931782,0.05055230076879842,ceramic,2027,12.40066,0.00065976,124.0,4.500000000000002,-4.219999999999983e-06,3.79e-05,0.06942025717642693,cement_trial_6
170,cement,6,1.73,1.0,1.0,2700.0,880.0,17.000700000000002,-0.037837237512852624,0.027890381514523273,ceramic,2027,12.40066,0.00065976,124.0,4.600040000000002,-4.259999999999963e-06,3.786000000000002e-05,0.06942025717642693,cement_trial_6
171,cement,6,1.73,1.0,1.0,2700.0,880.0,17.10066,-0.04821153756641555,-0.017433456994088447,ceramic,2027,12.40066,0.00065976,124.0,4.700000000000001,-4.30000000000005e-06,3.777999999999995e-05,0.055188741826892075,cement_trial_6
172,cement,6,1.73,1.0,1.0,2700.0,880.0,17.200660000000003,-0.04821153756641555,-0.040095376248363596,ceramic,2027,12.40066,0.00065976,124.0,4.8000000000000025,-4.30000000000005e-06,3.7739999999999974e-05,0.04095722647735723,cement_trial_6
173,cement,6,1.73,1.0,1.0,2700.0,880.0,17.30066,-0.058585837619950364,-0.07408825512977632,ceramic,2027,12.40066,0.00065976,124.0,4.9,-4.34000000000003e-06,3.7680000000000005e-05,0.0338414688025898,cement_trial_6
174,cement,6,1.73,1.0,1.0,2700.0,880.0,17.4007,-0.06377298764671777,-0.0854192147569139,ceramic,2027,12.40066,0.00065976,124.0,5.00004,-4.360000000000019e-06,3.7660000000000016e-05,0.0338414688025898,cement_trial_6
101,copper,1,395.0,1.0,1.0,8940.0,385.0,10.100700000000002,0.7246738164223494,-0.5159956805883874,metal,36872,10.100700000000002,0.00065844,101.0,0.0,0.0,3.821999999999994e-05,-1.3181524894039536,copper_trial_1
102,copper,1,395.0,1.0,1.0,8940.0,385.0,10.2007,0.7246738164223494,-0.527326640215525,metal,36872,10.100700000000002,0.00065844,101.0,0.09999999999999787,0.0,3.819999999999995e-05,-1.3252682470787212,copper_trial_1
103,copper,1,395.0,1.0,1.0,8940.0,385.0,10.3007,0.7298609664491168,-0.5386575998426626,metal,36872,10.100700000000002,0.00065844,101.0,0.1999999999999993,1.9999999999989644e-08,3.817999999999996e-05,-1.3394997624282559,copper_trial_1
104,copper,1,395.0,1.0,1.0,8940.0,385.0,10.4007,0.32007611433426697,-0.6519671961140997,metal,36872,10.100700000000002,0.00065844,101.0,0.29999999999999893,-1.5600000000000596e-06,3.797999999999996e-05,-0.8485124828690337,copper_trial_1
105,copper,1,395.0,1.0,1.0,8940.0,385.0,10.500660000000002,-0.01708863740578301,-0.6066433576055494,metal,36872,10.100700000000002,0.00065844,101.0,0.3999600000000001,-2.860000000000037e-06,3.805999999999992e-05,-0.35752520330984994,copper_trial_1
106,copper,1,395.0,1.0,1.0,8940.0,385.0,10.60066,-0.24013608855689386,-0.6293052768598246,metal,36872,10.100700000000002,0.00065844,101.0,0.49995999999999796,-3.7200000000000254e-06,3.801999999999994e-05,-0.06577913864423128,copper_trial_1
107,copper,1,395.0,1.0,1.0,8940.0,385.0,10.70066,-0.39575058936000035,-0.617974317232687,metal,36872,10.100700000000002,0.00065844,101.0,0.5999599999999976,-4.32000000000004e-06,3.803999999999993e-05,0.1548093492736746,copper_trial_1
108,copper,1,395.0,1.0,1.0,8940.0,385.0,10.8007,-0.5098678899489395,-0.6293052768598246,metal,36872,10.100700000000002,0.00065844,101.0,0.6999999999999993,-4.760000000000029e-06,3.801999999999994e-05,0.30424026044386765,copper_trial_1
109,copper,1,395.0,1.0,1.0,8940.0,385.0,10.9007,-0.6032365904308089,-0.6293052768598246,metal,36872,10.100700000000002,0.00065844,101.0,0.7999999999999989,-5.120000000000059e-06,3.801999999999994e-05,0.4323238985897584,copper_trial_1
110,copper,1,395.0,1.0,1.0,8940.0,385.0,11.0007,-0.6914181408858829,-0.6406362364869621,metal,36872,10.100700000000002,0.00065844,101.0,0.8999999999999986,-5.459999999999992e-06,3.799999999999995e-05,0.5461760213860758,copper_trial_1
111,copper,1,395.0,1.0,1.0,8940.0,385.0,11.100700000000002,-0.7484767911803806,-0.6406362364869621,metal,36872,10.100700000000002,0.00065844,101.0,1.0,-5.680000000000095e-06,3.799999999999995e-05,0.6244493558085946,copper_trial_1
112,copper,1,395.0,1.0,1.0,8940.0,385.0,11.2007,-0.8107225915016176,-0.6519671961140997,metal,36872,10.100700000000002,0.00065844,101.0,1.0999999999999979,-5.920000000000079e-06,3.797999999999996e-05,0.7027226902310748,copper_trial_1
113,copper,1,395.0,1.0,1.0,8940.0,385.0,11.3007,-0.8574069417425524,-0.6632981557412373,metal,36872,10.100700000000002,0.00065844,101.0,1.1999999999999993,-6.100000000000094e-06,3.795999999999997e-05,0.7596487516292528,copper_trial_1
114,copper,1,395.0,1.0,1.0,8940.0,385.0,11.40066,-0.8989041419566915,-0.6972910346226501,metal,36872,10.100700000000002,0.00065844,101.0,1.2999599999999987,-6.260000000000011e-06,3.79e-05,0.7952275400030899,copper_trial_1
115,copper,1,395.0,1.0,1.0,8940.0,385.0,11.500660000000002,-0.9404013421708589,-0.7199529538769865,metal,36872,10.100700000000002,0.00065844,101.0,1.39996,-6.420000000000037e-06,3.785999999999991e-05,0.8379220860516945,copper_trial_1
116,copper,1,395.0,1.0,1.0,8940.0,385.0,11.600700000000002,-0.9715242423314915,-0.7539458327583993,metal,36872,10.100700000000002,0.00065844,101.0,1.5,-6.540000000000083e-06,3.779999999999994e-05,0.8592693590760353,copper_trial_1
117,copper,1,395.0,1.0,1.0,8940.0,385.0,11.70066,-1.0130214425456308,-0.8106006308940872,metal,36872,10.100700000000002,0.00065844,101.0,1.5999599999999976,-6.7e-06,3.7699999999999995e-05,0.8806166321003376,copper_trial_1
118,copper,1,395.0,1.0,1.0,8940.0,385.0,11.80066,-1.028582892625961,-0.855924469402699,metal,36872,10.100700000000002,0.00065844,101.0,1.699959999999999,-6.760000000000078e-06,3.761999999999993e-05,0.8735008744255701,copper_trial_1
119,copper,1,395.0,1.0,1.0,8940.0,385.0,11.90066,-1.064892942813333,-0.8672554290298365,metal,36872,10.100700000000002,0.00065844,101.0,1.7999599999999987,-6.900000000000005e-06,3.759999999999994e-05,0.9161954204741747,copper_trial_1
120,copper,1,395.0,1.0,1.0,8940.0,385.0,12.000660000000002,-1.0804543928936632,-0.9352411867926619,metal,36872,10.100700000000002,0.00065844,101.0,1.89996,-6.9600000000000824e-06,3.748e-05,0.894848147449911,copper_trial_1
121,copper,1,395.0,1.0,1.0,8940.0,385.0,12.100700000000002,-1.1012029930007328,-0.9692340656741361,metal,36872,10.100700000000002,0.00065844,101.0,2.0,-7.040000000000041e-06,3.741999999999992e-05,0.9019639051246399,copper_trial_1
122,copper,1,395.0,1.0,1.0,8940.0,385.0,12.20066,-1.1219515931078023,-1.025888863809824,metal,36872,10.100700000000002,0.00065844,101.0,2.0999599999999976,-7.12e-06,3.7319999999999975e-05,0.8948481474498724,copper_trial_1
123,copper,1,395.0,1.0,1.0,8940.0,385.0,12.3007,-1.1427001932149001,-1.0712127023184357,metal,36872,10.100700000000002,0.00065844,101.0,2.1999999999999993,-7.200000000000067e-06,3.723999999999991e-05,0.8948481474498724,copper_trial_1
124,copper,1,395.0,1.0,1.0,8940.0,385.0,12.4007,-1.153074493268435,-1.139198460081261,metal,36872,10.100700000000002,0.00065844,101.0,2.299999999999999,-7.240000000000046e-06,3.711999999999997e-05,0.8663851167508028,copper_trial_1
125,copper,1,395.0,1.0,1.0,8940.0,385.0,12.5007,-1.1738230933755045,-1.184522298589873,metal,36872,10.100700000000002,0.00065844,101.0,2.3999999999999986,-7.3200000000000045e-06,3.70399999999999e-05,0.8663851167507641,copper_trial_1
126,copper,1,395.0,1.0,1.0,8940.0,385.0,12.600700000000002,-1.1945716934826023,-1.2411770967255606,metal,36872,10.100700000000002,0.00065844,101.0,2.5,-7.4000000000000715e-06,3.6939999999999955e-05,0.8592693590760353,copper_trial_1
127,copper,1,395.0,1.0,1.0,8940.0,385.0,12.7007,-1.204945993536137,-1.3091628544884475,metal,36872,10.100700000000002,0.00065844,101.0,2.599999999999998,-7.440000000000051e-06,3.681999999999991e-05,0.830806328376927,copper_trial_1
128,copper,1,395.0,1.0,1.0,8940.0,385.0,12.80066,-1.2153202935896719,-1.3544866929969979,metal,36872,10.100700000000002,0.00065844,101.0,2.699959999999999,-7.48000000000003e-06,3.673999999999995e-05,0.8165748130273922,copper_trial_1
129,copper,1,395.0,1.0,1.0,8940.0,385.0,12.90066,-1.2308817436699742,-1.4338034103870223,metal,36872,10.100700000000002,0.00065844,101.0,2.7999599999999987,-7.539999999999999e-06,3.6599999999999914e-05,0.7881117823282839,copper_trial_1
130,copper,1,395.0,1.0,1.0,8940.0,385.0,13.000710000000002,-1.2412560437235372,-1.467796289268435,metal,36872,10.100700000000002,0.00065844,101.0,2.90001,-7.580000000000087e-06,3.6539999999999945e-05,0.7809960246535551,copper_trial_1
131,copper,1,395.0,1.0,1.0,8940.0,385.0,13.10066,-1.2568174938038392,-1.5244510874041228,metal,36872,10.100700000000002,0.00065844,101.0,2.999959999999998,-7.640000000000056e-06,3.644e-05,0.7667645093040202,copper_trial_1
132,copper,1,395.0,1.0,1.0,8940.0,385.0,13.20066,-1.2620046438306067,-1.6037678047941473,metal,36872,10.100700000000002,0.00065844,101.0,3.0999599999999976,-7.660000000000045e-06,3.629999999999996e-05,0.7240699632553771,copper_trial_1
133,copper,1,395.0,1.0,1.0,8940.0,385.0,13.30066,-1.267191793857374,-1.6490916433026976,metal,36872,10.100700000000002,0.00065844,101.0,3.199959999999999,-7.680000000000035e-06,3.622e-05,0.7027226902310748,copper_trial_1
134,copper,1,395.0,1.0,1.0,8940.0,385.0,13.4007,-1.2879403939644436,-1.705746441438447,metal,36872,10.100700000000002,0.00065844,101.0,3.299999999999999,-7.759999999999993e-06,3.6119999999999946e-05,0.6956069325562688,copper_trial_1
135,copper,1,395.0,1.0,1.0,8940.0,385.0,13.500660000000002,-1.2983146940180066,-1.7624012395741349,metal,36872,10.100700000000002,0.00065844,101.0,3.39996,-7.800000000000081e-06,3.602e-05,0.6742596595320052,copper_trial_1
136,copper,1,395.0,1.0,1.0,8940.0,385.0,13.600700000000002,-1.2983146940180066,-1.8303869973370217,metal,36872,10.100700000000002,0.00065844,101.0,3.5,-7.800000000000081e-06,3.589999999999995e-05,0.631565113483362,copper_trial_1
137,copper,1,395.0,1.0,1.0,8940.0,385.0,13.70066,-1.3086889940715414,-1.875710835845572,metal,36872,10.100700000000002,0.00065844,101.0,3.5999599999999976,-7.84000000000006e-06,3.581999999999999e-05,0.6173335981338272,copper_trial_1
138,copper,1,395.0,1.0,1.0,8940.0,385.0,13.80066,-1.3190632941250762,-1.943696593608459,metal,36872,10.100700000000002,0.00065844,101.0,3.699959999999999,-7.88000000000004e-06,3.5699999999999946e-05,0.5888705674347189,copper_trial_1
139,copper,1,395.0,1.0,1.0,8940.0,385.0,13.900660000000002,-1.329437594178611,-2.0003513917441467,metal,36872,10.100700000000002,0.00065844,101.0,3.7999600000000004,-7.920000000000019e-06,3.56e-05,0.5675232944104166,copper_trial_1
140,copper,1,395.0,1.0,1.0,8940.0,385.0,14.000660000000002,-1.3346247442053785,-2.057006189879896,metal,36872,10.100700000000002,0.00065844,101.0,3.89996,-7.940000000000009e-06,3.549999999999994e-05,0.5390602637113083,copper_trial_1
141,copper,1,395.0,1.0,1.0,8940.0,385.0,14.100700000000002,-1.3449990442589415,-2.1023300283884465,metal,36872,10.100700000000002,0.00065844,101.0,4.0,-7.980000000000096e-06,3.541999999999998e-05,0.524828748361812,copper_trial_1
142,copper,1,395.0,1.0,1.0,8940.0,385.0,14.2007,-1.3501861942857087,-2.1703157861513334,metal,36872,10.100700000000002,0.00065844,101.0,4.099999999999998,-8.000000000000086e-06,3.5299999999999936e-05,0.48924995998793636,copper_trial_1
143,copper,1,395.0,1.0,1.0,8940.0,385.0,14.30066,-1.3553733443124762,-2.204308665032746,metal,36872,10.100700000000002,0.00065844,101.0,4.199959999999999,-8.020000000000076e-06,3.523999999999997e-05,0.47501844463840154,copper_trial_1
144,copper,1,395.0,1.0,1.0,8940.0,385.0,14.4007,-1.365747644366011,-2.2836253824227706,metal,36872,10.100700000000002,0.00065844,101.0,4.299999999999999,-8.060000000000055e-06,3.509999999999993e-05,0.43943965626452586,copper_trial_1
145,copper,1,395.0,1.0,1.0,8940.0,385.0,14.500660000000002,-1.365747644366011,-2.317618261304183,metal,36872,10.100700000000002,0.00065844,101.0,4.39996,-8.060000000000055e-06,3.503999999999996e-05,0.4180923832402236,copper_trial_1
146,copper,1,395.0,1.0,1.0,8940.0,385.0,14.60066,-1.3761219444195458,-2.374273059439932,metal,36872,10.100700000000002,0.00065844,101.0,4.499959999999998,-8.100000000000034e-06,3.4939999999999906e-05,0.3967451102158827,copper_trial_1
147,copper,1,395.0,1.0,1.0,8940.0,385.0,14.7007,-1.3813090944463131,-2.4422588172027577,metal,36872,10.100700000000002,0.00065844,101.0,4.599999999999998,-8.120000000000024e-06,3.481999999999997e-05,0.3611663218420456,copper_trial_1
148,copper,1,395.0,1.0,1.0,8940.0,385.0,14.8007,-1.3916833944998481,-2.464920736457033,metal,36872,10.100700000000002,0.00065844,101.0,4.699999999999999,-8.160000000000003e-06,3.477999999999999e-05,0.3611663218420456,copper_trial_1
149,copper,1,395.0,1.0,1.0,8940.0,385.0,14.900660000000002,-1.3916833944998481,-2.5215755345927824,metal,36872,10.100700000000002,0.00065844,101.0,4.7999600000000004,-8.160000000000003e-06,3.467999999999993e-05,0.32558753346816993,copper_trial_1
150,copper,1,395.0,1.0,1.0,8940.0,385.0,15.000700000000002,-1.402057694553411,-2.5668993731013328,metal,36872,10.100700000000002,0.00065844,101.0,4.9,-8.200000000000091e-06,3.4599999999999974e-05,0.31135601811867364,copper_trial_1
151,copper,1,395.0,1.0,1.0,8940.0,385.0,15.10066,-1.4072448445801784,-2.6122232116099444,metal,36872,10.100700000000002,0.00065844,101.0,4.999959999999998,-8.22000000000008e-06,3.451999999999991e-05,0.2900087450943328,copper_trial_1
152,copper,1,395.0,1.0,1.0,8940.0,385.0,15.2007,-1.4124319946069457,-2.657547050118495,metal,36872,10.100700000000002,0.00065844,101.0,5.099999999999998,-8.24000000000007e-06,3.443999999999995e-05,0.2686614720700305,copper_trial_1
87,copper,2,395.0,1.0,1.0,8940.0,385.0,8.70067,0.6261179659137125,-0.7312839135041241,metal,36872,8.70067,0.00065806,87.0,0.0,0.0,3.821999999999994e-05,-1.3181524894039536,copper_trial_2
88,copper,2,395.0,1.0,1.0,8940.0,385.0,8.8007,0.6261179659137125,-0.7086219942498491,metal,36872,8.70067,0.00065806,87.0,0.10003000000000029,0.0,3.825999999999992e-05,-1.3039209740544189,copper_trial_2
89,copper,2,395.0,1.0,1.0,8940.0,385.0,8.90066,0.6313051159404799,-0.7086219942498491,metal,36872,8.70067,0.00065806,87.0,0.19998999999999967,1.9999999999989644e-08,3.825999999999992e-05,-1.3110367317291862,copper_trial_2
90,copper,2,395.0,1.0,1.0,8940.0,385.0,9.0007,0.5742464656460103,-0.8106006308940872,metal,36872,8.70067,0.00065806,87.0,0.3000299999999996,-2.0000000000000486e-07,3.8080000000000015e-05,-1.2968052163796129,copper_trial_2
91,copper,2,395.0,1.0,1.0,8940.0,385.0,9.1007,0.13852586339732345,-0.8332625501484238,metal,36872,8.70067,0.00065806,87.0,0.4000299999999992,-1.8800000000000023e-06,3.803999999999993e-05,-0.713313087048414,copper_trial_2
92,copper,2,395.0,1.0,1.0,8940.0,385.0,9.2007,-0.13639308802148953,-0.8332625501484238,metal,36872,8.70067,0.00065806,87.0,0.5000299999999989,-2.9399999999999956e-06,3.803999999999993e-05,-0.3361779302855477,copper_trial_2
93,copper,2,395.0,1.0,1.0,8940.0,385.0,9.30066,-0.32831763901199595,-0.8219315905212248,metal,36872,8.70067,0.00065806,87.0,0.59999,-3.680000000000046e-06,3.8060000000000025e-05,-0.0657791386441927,copper_trial_2
94,copper,2,395.0,1.0,1.0,8940.0,385.0,9.40066,-0.4579963896812373,-0.8219315905212248,metal,36872,8.70067,0.00065806,87.0,0.6999899999999997,-4.180000000000004e-06,3.8060000000000025e-05,0.11211480322507004,copper_trial_2
95,copper,2,395.0,1.0,1.0,8940.0,385.0,9.5007,-0.566926540243409,-0.8332625501484238,metal,36872,8.70067,0.00065806,87.0,0.8000299999999996,-4.600000000000003e-06,3.803999999999993e-05,0.2544299567204571,copper_trial_2
96,copper,2,395.0,1.0,1.0,8940.0,385.0,9.6007,-0.6551080906985112,-0.8332625501484238,metal,36872,8.70067,0.00065806,87.0,0.9000299999999992,-4.940000000000044e-06,3.803999999999993e-05,0.37539783719158043,copper_trial_2
97,copper,2,395.0,1.0,1.0,8940.0,385.0,9.7007,-0.7329153411000503,-0.8332625501484238,metal,36872,8.70067,0.00065806,87.0,1.0000299999999989,-5.239999999999997e-06,3.803999999999993e-05,0.48213420231313037,copper_trial_2
98,copper,2,395.0,1.0,1.0,8940.0,385.0,9.80066,-0.7899739913945198,-0.855924469402699,metal,36872,8.70067,0.00065806,87.0,1.09999,-5.459999999999992e-06,3.799999999999995e-05,0.5461760213860758,copper_trial_2
99,copper,2,395.0,1.0,1.0,8940.0,385.0,9.9007,-0.8470326416889894,-0.8672554290298365,metal,36872,8.70067,0.00065806,87.0,1.20003,-5.679999999999986e-06,3.797999999999996e-05,0.6173335981337886,copper_trial_2
100,copper,2,395.0,1.0,1.0,8940.0,385.0,10.000660000000002,-0.8885298419031568,-0.9012483079112492,metal,36872,8.70067,0.00065806,87.0,1.299990000000001,-5.840000000000012e-06,3.791999999999999e-05,0.6529123865076643,copper_trial_2
101,copper,2,395.0,1.0,1.0,8940.0,385.0,10.100700000000002,-0.9196527420637893,-0.9012483079112492,metal,36872,8.70067,0.00065806,87.0,1.400030000000001,-5.960000000000058e-06,3.791999999999999e-05,0.6956069325563073,copper_trial_2
102,copper,2,395.0,1.0,1.0,8940.0,385.0,10.2007,-0.9559627922511611,-0.9352411867926619,metal,36872,8.70067,0.00065806,87.0,1.5000299999999989,-6.099999999999986e-06,3.786000000000002e-05,0.7240699632553771,copper_trial_2
103,copper,2,395.0,1.0,1.0,8940.0,385.0,10.30066,-0.9974599924653285,-0.9579031060469985,metal,36872,8.70067,0.00065806,87.0,1.59999,-6.260000000000011e-06,3.781999999999993e-05,0.7667645093039817,copper_trial_2
104,copper,2,395.0,1.0,1.0,8940.0,385.0,10.40066,-1.028582892625961,-0.9918959849284112,metal,36872,8.70067,0.00065806,87.0,1.6999899999999997,-6.3800000000000575e-06,3.7759999999999964e-05,0.7881117823283225,copper_trial_2
105,copper,2,395.0,1.0,1.0,8940.0,385.0,10.5007,-1.0493314927330306,-1.0145579041826864,metal,36872,8.70067,0.00065806,87.0,1.8000299999999996,-6.460000000000016e-06,3.7719999999999984e-05,0.8023432976778573,copper_trial_2
106,copper,2,395.0,1.0,1.0,8940.0,385.0,10.600700000000002,-1.0856415429204307,-1.0825436619455733,metal,36872,8.70067,0.00065806,87.0,1.900030000000001,-6.600000000000052e-06,3.759999999999994e-05,0.8094590553526247,copper_trial_2
107,copper,2,395.0,1.0,1.0,8940.0,385.0,10.7007,-1.0960158429739655,-1.1052055811998485,metal,36872,8.70067,0.00065806,87.0,2.000029999999999,-6.640000000000031e-06,3.755999999999996e-05,0.8094590553526247,copper_trial_2
108,copper,2,395.0,1.0,1.0,8940.0,385.0,10.8007,-1.116764443081035,-1.1618603793355362,metal,36872,8.70067,0.00065806,87.0,2.1000300000000003,-6.71999999999999e-06,3.746000000000001e-05,0.8023432976778573,copper_trial_2
109,copper,2,395.0,1.0,1.0,8940.0,385.0,10.90066,-1.1427001932149001,-1.207184217844148,metal,36872,8.70067,0.00065806,87.0,2.1999899999999997,-6.8200000000000465e-06,3.7379999999999944e-05,0.8094590553526247,copper_trial_2
110,copper,2,395.0,1.0,1.0,8940.0,385.0,11.000660000000002,-1.1582616432952024,-1.2638390159798358,metal,36872,8.70067,0.00065806,87.0,2.299990000000001,-6.8800000000000154e-06,3.7279999999999995e-05,0.7952275400030899,copper_trial_2
111,copper,2,395.0,1.0,1.0,8940.0,385.0,11.10067,-1.1686359433487372,-1.320493814115585,metal,36872,8.70067,0.00065806,87.0,2.3999999999999986,-6.919999999999995e-06,3.717999999999994e-05,0.773880266978749,copper_trial_2
112,copper,2,395.0,1.0,1.0,8940.0,385.0,11.2007,-1.1945716934826023,-1.3658176526241355,metal,36872,8.70067,0.00065806,87.0,2.500029999999999,-7.020000000000051e-06,3.709999999999998e-05,0.7809960246535551,copper_trial_2
113,copper,2,395.0,1.0,1.0,8940.0,385.0,11.3007,-1.204945993536137,-1.44513437001416,metal,36872,8.70067,0.00065806,87.0,2.6000300000000003,-7.060000000000031e-06,3.6959999999999944e-05,0.7454172362796794,copper_trial_2
114,copper,2,395.0,1.0,1.0,8940.0,385.0,11.4007,-1.2205074436164394,-1.4904582085227103,metal,36872,8.70067,0.00065806,87.0,2.70003,-7.12e-06,3.6879999999999986e-05,0.7383014786049119,copper_trial_2
115,copper,2,395.0,1.0,1.0,8940.0,385.0,11.5007,-1.2308817436699742,-1.5584439662855971,metal,36872,8.70067,0.00065806,87.0,2.8000299999999996,-7.159999999999979e-06,3.675999999999994e-05,0.7098384479058036,copper_trial_2
116,copper,2,395.0,1.0,1.0,8940.0,385.0,11.60066,-1.2360688936967696,-1.6037678047941473,metal,36872,8.70067,0.00065806,87.0,2.899989999999999,-7.180000000000077e-06,3.667999999999998e-05,0.68849117488154,copper_trial_2
117,copper,2,395.0,1.0,1.0,8940.0,385.0,11.7007,-1.251630343777072,-1.6490916433026976,metal,36872,8.70067,0.00065806,87.0,3.000029999999999,-7.240000000000046e-06,3.660000000000002e-05,0.6813754172067725,copper_trial_2
118,copper,2,395.0,1.0,1.0,8940.0,385.0,11.80066,-1.2723789438841415,-1.6944154818113093,metal,36872,8.70067,0.00065806,87.0,3.09999,-7.3200000000000045e-06,3.6519999999999955e-05,0.681375417206734,copper_trial_2
119,copper,2,395.0,1.0,1.0,8940.0,385.0,11.9007,-1.2723789438841415,-1.7624012395741349,metal,36872,8.70067,0.00065806,87.0,3.20003,-7.3200000000000045e-06,3.640000000000002e-05,0.6386808711581294,copper_trial_2
120,copper,2,395.0,1.0,1.0,8940.0,385.0,12.0007,-1.2879403939644436,-1.8077250780827465,metal,36872,8.70067,0.00065806,87.0,3.3000299999999996,-7.379999999999973e-06,3.631999999999995e-05,0.6315651134833234,copper_trial_2
121,copper,2,395.0,1.0,1.0,8940.0,385.0,12.100700000000002,-1.2931275439912393,-1.8870417954727097,metal,36872,8.70067,0.00065806,87.0,3.400030000000001,-7.4000000000000715e-06,3.618000000000002e-05,0.5888705674347574,copper_trial_2
122,copper,2,395.0,1.0,1.0,8940.0,385.0,12.2007,-1.2983146940180066,-1.9323656339813213,metal,36872,8.70067,0.00065806,87.0,3.500029999999999,-7.420000000000061e-06,3.6099999999999956e-05,0.5675232944104166,copper_trial_2
123,copper,2,395.0,1.0,1.0,8940.0,385.0,12.3007,-1.3138761440983089,-1.9776894724898715,metal,36872,8.70067,0.00065806,87.0,3.6000300000000003,-7.48000000000003e-06,3.602e-05,0.5604075367356491,copper_trial_2
124,copper,2,395.0,1.0,1.0,8940.0,385.0,12.400670000000002,-1.3190632941250762,-2.0456752302527583,metal,36872,8.70067,0.00065806,87.0,3.700000000000001,-7.50000000000002e-06,3.589999999999995e-05,0.5248287483617735,copper_trial_2
125,copper,2,395.0,1.0,1.0,8940.0,385.0,12.5007,-1.329437594178611,-2.1023300283884465,metal,36872,8.70067,0.00065806,87.0,3.8000299999999996,-7.539999999999999e-06,3.58e-05,0.5034814753374712,copper_trial_2
126,copper,2,395.0,1.0,1.0,8940.0,385.0,12.600700000000002,-1.3398118942321458,-2.147653866897058,metal,36872,8.70067,0.00065806,87.0,3.900030000000001,-7.579999999999978e-06,3.5719999999999936e-05,0.4892499599878978,copper_trial_2
127,copper,2,395.0,1.0,1.0,8940.0,385.0,12.70066,-1.3449990442589415,-2.204308665032746,metal,36872,8.70067,0.00065806,87.0,3.9999899999999986,-7.600000000000076e-06,3.561999999999999e-05,0.46078692928886666,copper_trial_2
128,copper,2,395.0,1.0,1.0,8940.0,385.0,12.80067,-1.3553733443124762,-2.2609634631684954,metal,36872,8.70067,0.00065806,87.0,4.1,-7.640000000000056e-06,3.551999999999993e-05,0.43943965626452586,copper_trial_2
129,copper,2,395.0,1.0,1.0,8940.0,385.0,12.9007,-1.3605604943392435,-2.317618261304183,metal,36872,8.70067,0.00065806,87.0,4.20003,-7.660000000000045e-06,3.541999999999998e-05,0.41097662556545617,copper_trial_2
130,copper,2,395.0,1.0,1.0,8940.0,385.0,13.000700000000002,-1.365747644366011,-2.3629420998127335,metal,36872,8.70067,0.00065806,87.0,4.300030000000001,-7.680000000000035e-06,3.5340000000000024e-05,0.3896293525411539,copper_trial_2
131,copper,2,395.0,1.0,1.0,8940.0,385.0,13.10067,-1.3761219444195458,-2.408265938321345,metal,36872,8.70067,0.00065806,87.0,4.399999999999999,-7.720000000000014e-06,3.525999999999996e-05,0.37539783719158043,copper_trial_2
132,copper,2,395.0,1.0,1.0,8940.0,385.0,13.2007,-1.3813090944463131,-2.4535897768298955,metal,36872,8.70067,0.00065806,87.0,4.500029999999999,-7.740000000000004e-06,3.518e-05,0.35405056416727815,copper_trial_2
133,copper,2,395.0,1.0,1.0,8940.0,385.0,13.3007,-1.3864962444730806,-2.5215755345927824,metal,36872,8.70067,0.00065806,87.0,4.60003,-7.759999999999993e-06,3.505999999999995e-05,0.31847177579340247,copper_trial_2
134,copper,2,395.0,1.0,1.0,8940.0,385.0,13.4007,-1.3916833944998481,-2.555568413474195,metal,36872,8.70067,0.00065806,87.0,4.70003,-7.779999999999983e-06,3.499999999999998e-05,0.30424026044386765,copper_trial_2
135,copper,2,395.0,1.0,1.0,8940.0,385.0,13.500700000000002,-1.3916833944998481,-2.6122232116099444,metal,36872,8.70067,0.00065806,87.0,4.800030000000001,-7.779999999999983e-06,3.489999999999993e-05,0.2686614720699919,copper_trial_2
136,copper,2,395.0,1.0,1.0,8940.0,385.0,13.60066,-1.4072448445801784,-2.657547050118495,metal,36872,8.70067,0.00065806,87.0,4.899989999999999,-7.84000000000006e-06,3.481999999999997e-05,0.2615457143952631,copper_trial_2
137,copper,2,395.0,1.0,1.0,8940.0,385.0,13.70067,-1.4072448445801784,-2.7028708886270447,metal,36872,8.70067,0.00065806,87.0,5.0,-7.84000000000006e-06,3.474000000000001e-05,0.2330826836961934,copper_trial_2
138,copper,2,395.0,1.0,1.0,8940.0,385.0,13.80066,-1.4176191446337132,-2.748194727135657,metal,36872,8.70067,0.00065806,87.0,5.09999,-7.88000000000004e-06,3.465999999999994e-05,0.21885116834661997,copper_trial_2
92,copper,3,395.0,1.0,1.0,8940.0,385.0,9.20066,0.49643921524444307,-1.025888863809824,metal,36872,9.20066,0.00065756,92.0,0.0,0.0,3.820000000000006e-05,-1.3252682470786825,copper_trial_3
93,copper,3,395.0,1.0,1.0,8940.0,385.0,9.3007,0.4912520652176756,-1.0145579041826864,metal,36872,9.20066,0.00065756,92.0,0.10004000000000168,-1.9999999999989644e-08,3.822000000000005e-05,-1.3110367317291476,copper_trial_3
94,copper,3,395.0,1.0,1.0,8940.0,385.0,9.40066,0.4912520652176756,-1.025888863809824,metal,36872,9.20066,0.00065756,92.0,0.20000000000000107,-1.9999999999989644e-08,3.820000000000006e-05,-1.3181524894039152,copper_trial_3
95,copper,3,395.0,1.0,1.0,8940.0,385.0,9.5007,0.46531631508383864,-1.0372198234369616,metal,36872,9.20066,0.00065756,92.0,0.300040000000001,-1.1999999999993786e-07,3.818000000000007e-05,-1.2896894587048453,copper_trial_3
96,copper,3,395.0,1.0,1.0,8940.0,385.0,9.60067,0.008847112728054008,-1.1278675004541237,metal,36872,9.20066,0.00065756,92.0,0.40001,-1.8800000000000023e-06,3.8020000000000046e-05,-0.7204288447231428,copper_trial_3
97,copper,3,395.0,1.0,1.0,8940.0,385.0,9.70067,-0.3646276891993678,-1.116536540826986,metal,36872,9.20066,0.00065756,92.0,0.5000100000000014,-3.3199999999999072e-06,3.8040000000000036e-05,-0.20097853446488947,copper_trial_3
98,copper,3,395.0,1.0,1.0,8940.0,385.0,9.8007,-0.5773008402969438,-1.1278675004541237,metal,36872,9.20066,0.00065756,92.0,0.6000400000000017,-4.139999999999916e-06,3.8020000000000046e-05,0.08365177252596177,copper_trial_3
99,copper,3,395.0,1.0,1.0,8940.0,385.0,9.9007,-0.7121667409929807,-1.116536540826986,metal,36872,9.20066,0.00065756,92.0,0.7000400000000013,-4.659999999999972e-06,3.8040000000000036e-05,0.27577722974479796,copper_trial_3
100,copper,3,395.0,1.0,1.0,8940.0,385.0,10.0007,-0.8210968915551524,-1.116536540826986,metal,36872,9.20066,0.00065756,92.0,0.800040000000001,-5.079999999999972e-06,3.8040000000000036e-05,0.425208140914991,copper_trial_3
101,copper,3,395.0,1.0,1.0,8940.0,385.0,10.100700000000002,-0.8989041419566915,-1.116536540826986,metal,36872,9.20066,0.00065756,92.0,0.9000400000000024,-5.379999999999925e-06,3.8040000000000036e-05,0.531944506036541,copper_trial_3
102,copper,3,395.0,1.0,1.0,8940.0,385.0,10.2007,-0.9559627922511611,-1.139198460081261,metal,36872,9.20066,0.00065756,92.0,1.0000400000000003,-5.599999999999919e-06,3.8000000000000056e-05,0.5959863251094863,copper_trial_3
103,copper,3,395.0,1.0,1.0,8940.0,385.0,10.3007,-1.0130214425456308,-1.139198460081261,metal,36872,9.20066,0.00065756,92.0,1.1000400000000017,-5.819999999999914e-06,3.8000000000000056e-05,0.6742596595319665,copper_trial_3
104,copper,3,395.0,1.0,1.0,8940.0,385.0,10.400670000000002,-1.0545186427597981,-1.1505294197083986,metal,36872,9.20066,0.00065756,92.0,1.2000100000000025,-5.979999999999939e-06,3.798000000000007e-05,0.7240699632553771,copper_trial_3
105,copper,3,395.0,1.0,1.0,8940.0,385.0,10.50067,-1.0960158429739655,-1.1618603793355362,metal,36872,9.20066,0.00065756,92.0,1.3000100000000003,-6.139999999999965e-06,3.796000000000008e-05,0.7738802669787876,copper_trial_3
106,copper,3,395.0,1.0,1.0,8940.0,385.0,10.60071,-1.1323258931613653,-1.184522298589873,metal,36872,9.20066,0.00065756,92.0,1.4000500000000002,-6.280000000000001e-06,3.791999999999999e-05,0.8094590553526247,copper_trial_3
107,copper,3,395.0,1.0,1.0,8940.0,385.0,10.7007,-1.1582616432952024,-1.2185151774712855,metal,36872,9.20066,0.00065756,92.0,1.5000400000000003,-6.379999999999949e-06,3.786000000000002e-05,0.8236905707021596,copper_trial_3
108,copper,3,395.0,1.0,1.0,8940.0,385.0,10.8007,-1.1841973934290675,-1.229846137098423,metal,36872,9.20066,0.00065756,92.0,1.6000400000000017,-6.480000000000006e-06,3.784000000000003e-05,0.8521536014012678,copper_trial_3
109,copper,3,395.0,1.0,1.0,8940.0,385.0,10.900670000000002,-1.204945993536137,-1.2638390159798358,metal,36872,9.20066,0.00065756,92.0,1.7000100000000025,-6.559999999999964e-06,3.778000000000006e-05,0.8592693590760353,copper_trial_3
110,copper,3,395.0,1.0,1.0,8940.0,385.0,11.00067,-1.2205074436164394,-1.3091628544884475,metal,36872,9.20066,0.00065756,92.0,1.8000100000000003,-6.619999999999933e-06,3.7699999999999995e-05,0.8521536014012293,copper_trial_3
111,copper,3,395.0,1.0,1.0,8940.0,385.0,11.100700000000002,-1.2412560437235372,-1.3431557333698603,metal,36872,9.20066,0.00065756,92.0,1.9000400000000024,-6.7e-06,3.7640000000000026e-05,0.8592693590760353,copper_trial_3
112,copper,3,395.0,1.0,1.0,8940.0,385.0,11.20071,-1.2568174938038392,-1.3544866929969979,metal,36872,9.20066,0.00065756,92.0,2.0000500000000017,-6.759999999999969e-06,3.7620000000000036e-05,0.8735008744255701,copper_trial_3
113,copper,3,395.0,1.0,1.0,8940.0,385.0,11.30067,-1.2775660939109088,-1.4111414911326858,metal,36872,9.20066,0.00065756,92.0,2.100010000000001,-6.839999999999928e-06,3.752000000000009e-05,0.8663851167508028,copper_trial_3
114,copper,3,395.0,1.0,1.0,8940.0,385.0,11.40071,-1.2879403939644436,-1.4564653296412975,metal,36872,9.20066,0.00065756,92.0,2.200050000000001,-6.879999999999907e-06,3.744000000000002e-05,0.8521536014012293,copper_trial_3
115,copper,3,395.0,1.0,1.0,8940.0,385.0,11.50067,-1.303501844044774,-1.5017891681498479,metal,36872,9.20066,0.00065756,92.0,2.3000100000000003,-6.939999999999984e-06,3.736000000000006e-05,0.8450378437265005,copper_trial_3
116,copper,3,395.0,1.0,1.0,8940.0,385.0,11.60071,-1.3190632941250762,-1.5471130066584595,metal,36872,9.20066,0.00065756,92.0,2.4000500000000002,-6.999999999999953e-06,3.7279999999999995e-05,0.8379220860516945,copper_trial_3
117,copper,3,395.0,1.0,1.0,8940.0,385.0,11.70067,-1.329437594178611,-1.59243684516701,metal,36872,9.20066,0.00065756,92.0,2.5000100000000014,-7.039999999999933e-06,3.720000000000004e-05,0.8236905707021596,copper_trial_3
118,copper,3,395.0,1.0,1.0,8940.0,385.0,11.8007,-1.3346247442053785,-1.63776068367556,metal,36872,9.20066,0.00065756,92.0,2.6000400000000017,-7.059999999999922e-06,3.712000000000008e-05,0.8023432976778573,copper_trial_3
119,copper,3,395.0,1.0,1.0,8940.0,385.0,11.9007,-1.3501861942857087,-1.6717535625570343,metal,36872,9.20066,0.00065756,92.0,2.7000400000000013,-7.12e-06,3.706e-05,0.8023432976778573,copper_trial_3
120,copper,3,395.0,1.0,1.0,8940.0,385.0,12.000710000000002,-1.3501861942857087,-1.728408360692722,metal,36872,9.20066,0.00065756,92.0,2.8000500000000024,-7.12e-06,3.696000000000005e-05,0.7667645093040202,copper_trial_3
121,copper,3,395.0,1.0,1.0,8940.0,385.0,12.10071,-1.3605604943392435,-1.7624012395741349,metal,36872,9.20066,0.00065756,92.0,2.9000500000000002,-7.159999999999979e-06,3.6900000000000084e-05,0.7596487516292528,copper_trial_3
122,copper,3,395.0,1.0,1.0,8940.0,385.0,12.2007,-1.3761219444195458,-1.819056037709884,metal,36872,9.20066,0.00065756,92.0,3.0000400000000003,-7.219999999999948e-06,3.680000000000003e-05,0.7454172362796794,copper_trial_3
123,copper,3,395.0,1.0,1.0,8940.0,385.0,12.3007,-1.3813090944463131,-1.8643798762184345,metal,36872,9.20066,0.00065756,92.0,3.1000400000000017,-7.2399999999999375e-06,3.672000000000007e-05,0.7240699632553771,copper_trial_3
124,copper,3,395.0,1.0,1.0,8940.0,385.0,12.400670000000002,-1.3916833944998481,-1.9097037147270461,metal,36872,9.20066,0.00065756,92.0,3.2000100000000025,-7.279999999999917e-06,3.664e-05,0.7098384479058036,copper_trial_3
125,copper,3,395.0,1.0,1.0,8940.0,385.0,12.50067,-1.3968705445266154,-1.9550275532355965,metal,36872,9.20066,0.00065756,92.0,3.3000100000000003,-7.299999999999906e-06,3.656000000000004e-05,0.6884911748815014,copper_trial_3
126,copper,3,395.0,1.0,1.0,8940.0,385.0,12.60067,-1.402057694553411,-2.0003513917441467,metal,36872,9.20066,0.00065756,92.0,3.40001,-7.3200000000000045e-06,3.6480000000000084e-05,0.6671439018572377,copper_trial_3
127,copper,3,395.0,1.0,1.0,8940.0,385.0,12.70067,-1.4072448445801784,-2.0456752302527583,metal,36872,9.20066,0.00065756,92.0,3.5000100000000014,-7.339999999999994e-06,3.640000000000002e-05,0.6457966288328969,copper_trial_3
128,copper,3,395.0,1.0,1.0,8940.0,385.0,12.8007,-1.4176191446337132,-2.0796681091341713,metal,36872,9.20066,0.00065756,92.0,3.6000400000000017,-7.379999999999973e-06,3.634000000000005e-05,0.6386808711581294,copper_trial_3
129,copper,3,395.0,1.0,1.0,8940.0,385.0,12.9007,-1.4228062946604805,-2.1249919476427213,metal,36872,9.20066,0.00065756,92.0,3.7000400000000013,-7.399999999999963e-06,3.626000000000009e-05,0.6173335981338272,copper_trial_3
130,copper,3,395.0,1.0,1.0,8940.0,385.0,13.000710000000002,-1.427993444687248,-2.1816467457784707,metal,36872,9.20066,0.00065756,92.0,3.8000500000000024,-7.419999999999953e-06,3.616000000000003e-05,0.5888705674347189,copper_trial_3
131,copper,3,395.0,1.0,1.0,8940.0,385.0,13.10067,-1.4331805947140153,-2.2156396246598833,metal,36872,9.20066,0.00065756,92.0,3.90001,-7.439999999999942e-06,3.6100000000000064e-05,0.5746390520851841,copper_trial_3
132,copper,3,395.0,1.0,1.0,8940.0,385.0,13.20067,-1.4383677447407828,-2.2496325035412963,metal,36872,9.20066,0.00065756,92.0,4.000010000000001,-7.459999999999932e-06,3.6040000000000095e-05,0.5604075367356491,copper_trial_3
133,copper,3,395.0,1.0,1.0,8940.0,385.0,13.3007,-1.4383677447407828,-2.2836253824227706,metal,36872,9.20066,0.00065756,92.0,4.100040000000002,-7.459999999999932e-06,3.598000000000002e-05,0.5390602637113083,copper_trial_3
134,copper,3,395.0,1.0,1.0,8940.0,385.0,13.4007,-1.4435548947675503,-2.3289492209313205,metal,36872,9.20066,0.00065756,92.0,4.200040000000001,-7.479999999999922e-06,3.590000000000006e-05,0.517712990687006,copper_trial_3
135,copper,3,395.0,1.0,1.0,8940.0,385.0,13.500700000000002,-1.4591163448478806,-2.3629420998127335,metal,36872,9.20066,0.00065756,92.0,4.300040000000003,-7.539999999999999e-06,3.584000000000009e-05,0.5177129906870447,copper_trial_3
136,copper,3,395.0,1.0,1.0,8940.0,385.0,13.600700000000002,-1.453929194821113,-2.4195968979484825,metal,36872,9.20066,0.00065756,92.0,4.400040000000002,-7.520000000000009e-06,3.5740000000000034e-05,0.47501844463840154,copper_trial_3
137,copper,3,395.0,1.0,1.0,8940.0,385.0,13.70067,-1.4643034948746478,-2.4422588172027577,metal,36872,9.20066,0.00065756,92.0,4.500010000000001,-7.559999999999989e-06,3.5700000000000055e-05,0.47501844463840154,copper_trial_3
138,copper,3,395.0,1.0,1.0,8940.0,385.0,13.8007,-1.4694906449014153,-2.4875826557113694,metal,36872,9.20066,0.00065756,92.0,4.600040000000002,-7.579999999999978e-06,3.561999999999999e-05,0.4536711716140607,copper_trial_3
139,copper,3,395.0,1.0,1.0,8940.0,385.0,13.900710000000002,-1.4694906449014153,-2.5102445749656446,metal,36872,9.20066,0.00065756,92.0,4.700050000000003,-7.579999999999978e-06,3.558000000000001e-05,0.43943965626452586,copper_trial_3
140,copper,3,395.0,1.0,1.0,8940.0,385.0,14.00067,-1.4798649449549501,-2.555568413474195,metal,36872,9.20066,0.00065756,92.0,4.80001,-7.6199999999999575e-06,3.550000000000005e-05,0.425208140914991,copper_trial_3
141,copper,3,395.0,1.0,1.0,8940.0,385.0,14.10071,-1.4798649449549501,-2.57823033272847,metal,36872,9.20066,0.00065756,92.0,4.90005,-7.6199999999999575e-06,3.546000000000007e-05,0.41097662556545617,copper_trial_3
142,copper,3,395.0,1.0,1.0,8940.0,385.0,14.20067,-1.4850520949817174,-2.623554171237082,metal,36872,9.20066,0.00065756,92.0,5.000010000000001,-7.639999999999947e-06,3.5380000000000003e-05,0.3896293525411153,copper_trial_3
100,copper,4,395.0,1.0,1.0,8940.0,385.0,10.0007,0.994405617814395,0.8777123535502713,metal,36872,10.0007,0.00065948,100.0,0.0,0.0,3.9639999999999966e-05,-0.8129336944951965,copper_trial_4
101,copper,4,395.0,1.0,1.0,8940.0,385.0,10.100700000000002,0.9892184677875995,0.8550504342959961,metal,36872,10.0007,0.00065948,100.0,0.10000000000000142,-2.0000000000098064e-08,3.959999999999999e-05,-0.8200494521699254,copper_trial_4
102,copper,4,395.0,1.0,1.0,8940.0,385.0,10.2007,0.9632827176537625,0.8437194746688585,metal,36872,10.0007,0.00065948,100.0,0.1999999999999993,-1.2000000000004628e-07,3.958e-05,-0.7915864214708557,copper_trial_4
103,copper,4,395.0,1.0,1.0,8940.0,385.0,10.3007,0.7298609664491168,0.8323885150416596,metal,36872,10.0007,0.00065948,100.0,0.3000000000000007,-1.020000000000014e-06,3.95599999999999e-05,-0.4784930837809733,copper_trial_4
104,copper,4,395.0,1.0,1.0,8940.0,385.0,10.4007,0.29932751422719733,0.8097265957873845,metal,36872,10.0007,0.00065948,100.0,0.40000000000000036,-2.6800000000000218e-06,3.951999999999992e-05,0.09788328787549662,copper_trial_4
105,copper,4,395.0,1.0,1.0,8940.0,385.0,10.500660000000002,0.045157162915453956,0.7870646765331093,metal,36872,10.0007,0.00065948,100.0,0.4999600000000015,-3.6600000000000564e-06,3.947999999999994e-05,0.4323238985897584,copper_trial_4
106,copper,4,395.0,1.0,1.0,8940.0,385.0,10.60066,-0.14158023804825695,0.7870646765331093,metal,36872,10.0007,0.00065948,100.0,0.5999599999999994,-4.380000000000009e-06,3.947999999999994e-05,0.6884911748815014,copper_trial_4
107,copper,4,395.0,1.0,1.0,8940.0,385.0,10.7007,-0.2712589887175264,0.7870646765331093,metal,36872,10.0007,0.00065948,100.0,0.6999999999999993,-4.880000000000075e-06,3.947999999999994e-05,0.8663851167508028,copper_trial_4
108,copper,4,395.0,1.0,1.0,8940.0,385.0,10.8007,-0.3750019892529307,0.7870646765331093,metal,36872,10.0007,0.00065948,100.0,0.8000000000000007,-5.280000000000085e-06,3.947999999999994e-05,1.0087002702462284,copper_trial_4
109,copper,4,395.0,1.0,1.0,8940.0,385.0,10.900670000000002,-0.4631835397080047,0.7870646765331093,metal,36872,10.0007,0.00065948,100.0,0.8999700000000015,-5.620000000000017e-06,3.947999999999994e-05,1.1296681507173132,copper_trial_4
110,copper,4,395.0,1.0,1.0,8940.0,385.0,11.000710000000002,-0.540990790109572,0.7870646765331093,metal,36872,10.0007,0.00065948,100.0,1.0000100000000014,-5.920000000000079e-06,3.947999999999994e-05,1.2364045158389017,copper_trial_4
111,copper,4,395.0,1.0,1.0,8940.0,385.0,11.100700000000002,-0.6032365904308089,0.741740838024559,metal,36872,10.0007,0.00065948,100.0,1.1000000000000014,-6.160000000000063e-06,3.939999999999998e-05,1.2933305772370796,copper_trial_4
112,copper,4,395.0,1.0,1.0,8940.0,385.0,11.2007,-0.6551080906985112,0.7304098783974214,metal,36872,10.0007,0.00065948,100.0,1.1999999999999993,-6.360000000000068e-06,3.937999999999999e-05,1.357372396310025,copper_trial_4
113,copper,4,395.0,1.0,1.0,8940.0,385.0,11.30067,-0.7017924409394459,0.6964169995159473,metal,36872,10.0007,0.00065948,100.0,1.29997,-6.540000000000083e-06,3.9319999999999915e-05,1.4000669423586296,copper_trial_4
114,copper,4,395.0,1.0,1.0,8940.0,385.0,11.400670000000002,-0.7381024911268177,0.6737550802616721,metal,36872,10.0007,0.00065948,100.0,1.3999700000000015,-6.680000000000011e-06,3.9279999999999936e-05,1.4356457307324666,copper_trial_4
115,copper,4,395.0,1.0,1.0,8940.0,385.0,11.50067,-0.7795996913409851,0.6397622013802594,metal,36872,10.0007,0.00065948,100.0,1.4999699999999994,-6.840000000000036e-06,3.921999999999997e-05,1.4712245191063424,copper_trial_4
116,copper,4,395.0,1.0,1.0,8940.0,385.0,11.60071,-0.815909741528385,0.6057693224988466,metal,36872,10.0007,0.00065948,100.0,1.6000099999999993,-6.980000000000072e-06,3.916e-05,1.4996875498054507,copper_trial_4
117,copper,4,395.0,1.0,1.0,8940.0,385.0,11.70066,-0.8470326416889894,0.5831074032445102,metal,36872,10.0007,0.00065948,100.0,1.699959999999999,-7.10000000000001e-06,3.911999999999991e-05,1.5281505805044817,copper_trial_4
118,copper,4,395.0,1.0,1.0,8940.0,385.0,11.8007,-0.8729683918228546,0.5377835647359598,metal,36872,10.0007,0.00065948,100.0,1.8000000000000007,-7.200000000000067e-06,3.903999999999995e-05,1.5352663381792877,copper_trial_4
119,copper,4,395.0,1.0,1.0,8940.0,385.0,11.90066,-0.8989041419566915,0.46979780697307294,metal,36872,10.0007,0.00065948,100.0,1.89996,-7.300000000000015e-06,3.8919999999999905e-05,1.5281505805044817,copper_trial_4
120,copper,4,395.0,1.0,1.0,8940.0,385.0,12.000660000000002,-0.9196527420637893,0.4131430088373851,metal,36872,10.0007,0.00065948,100.0,1.9999600000000015,-7.380000000000082e-06,3.881999999999996e-05,1.5210348228297528,copper_trial_4
121,copper,4,395.0,1.0,1.0,8940.0,385.0,12.10067,-0.9404013421708589,0.36781917032883477,metal,36872,10.0007,0.00065948,100.0,2.099969999999999,-7.46000000000004e-06,3.874e-05,1.5210348228297528,copper_trial_4
122,copper,4,395.0,1.0,1.0,8940.0,385.0,12.2007,-0.9663370923047241,0.2998334125659479,metal,36872,10.0007,0.00065948,100.0,2.1999999999999993,-7.560000000000097e-06,3.861999999999995e-05,1.5139190651549854,copper_trial_4
123,copper,4,395.0,1.0,1.0,8940.0,385.0,12.3007,-0.9818985423850263,0.2545095740573976,metal,36872,10.0007,0.00065948,100.0,2.3000000000000007,-7.620000000000066e-06,3.8539999999999994e-05,1.506803307480218,copper_trial_4
124,copper,4,395.0,1.0,1.0,8940.0,385.0,12.40066,-1.002647142492096,0.19785477592164832,metal,36872,10.0007,0.00065948,100.0,2.39996,-7.700000000000025e-06,3.843999999999994e-05,1.499687549805412,copper_trial_4
125,copper,4,395.0,1.0,1.0,8940.0,385.0,12.500660000000002,-1.0182085925724262,0.12986901815882287,metal,36872,10.0007,0.00065948,100.0,2.4999600000000015,-7.760000000000102e-06,3.832e-05,1.4783402767811484,copper_trial_4
126,copper,4,395.0,1.0,1.0,8940.0,385.0,12.60066,-1.0337700426527285,0.08454517965021115,metal,36872,10.0007,0.00065948,100.0,2.5999599999999994,-7.82000000000007e-06,3.823999999999993e-05,1.4712245191063424,copper_trial_4
127,copper,4,395.0,1.0,1.0,8940.0,385.0,12.70067,-1.0493314927330306,0.005228462260248125,metal,36872,10.0007,0.00065948,100.0,2.6999700000000004,-7.88000000000004e-06,3.8100000000000005e-05,1.4427614884072726,copper_trial_4
128,copper,4,395.0,1.0,1.0,8940.0,385.0,12.8007,-1.064892942813333,-0.05142633587550117,metal,36872,10.0007,0.00065948,100.0,2.8000000000000007,-7.940000000000009e-06,3.799999999999995e-05,1.4285299730576992,copper_trial_4
129,copper,4,395.0,1.0,1.0,8940.0,385.0,12.9007,-1.0752672428668957,-0.11941209363838805,metal,36872,10.0007,0.00065948,100.0,2.9000000000000004,-7.980000000000096e-06,3.78799999999999e-05,1.4000669423586296,copper_trial_4
130,copper,4,395.0,1.0,1.0,8940.0,385.0,13.000660000000002,-1.0856415429204307,-0.17606689177407592,metal,36872,10.0007,0.00065948,100.0,2.9999600000000015,-8.020000000000076e-06,3.777999999999995e-05,1.3787196693343273,copper_trial_4
131,copper,4,395.0,1.0,1.0,8940.0,385.0,13.10066,-1.0960158429739655,-0.2440526495369628,metal,36872,10.0007,0.00065948,100.0,3.0999599999999994,-8.060000000000055e-06,3.765999999999991e-05,1.350256638635219,copper_trial_4
132,copper,4,395.0,1.0,1.0,8940.0,385.0,13.2007,-1.1115772930542676,-0.3120384072997882,metal,36872,10.0007,0.00065948,100.0,3.1999999999999993,-8.120000000000024e-06,3.753999999999997e-05,1.3289093656109168,copper_trial_4
133,copper,4,395.0,1.0,1.0,8940.0,385.0,13.3007,-1.116764443081035,-0.3800241650626751,metal,36872,10.0007,0.00065948,100.0,3.3000000000000007,-8.140000000000014e-06,3.741999999999992e-05,1.293330577237041,copper_trial_4
134,copper,4,395.0,1.0,1.0,8940.0,385.0,13.4007,-1.1323258931613653,-0.43667896319836297,metal,36872,10.0007,0.00065948,100.0,3.4000000000000004,-8.200000000000091e-06,3.7319999999999975e-05,1.2790990618875449,copper_trial_4
135,copper,4,395.0,1.0,1.0,8940.0,385.0,13.500710000000002,-1.1375130431881328,-0.5159956805883874,metal,36872,10.0007,0.00065948,100.0,3.5000100000000014,-8.22000000000008e-06,3.717999999999994e-05,1.2364045158389017,copper_trial_4
136,copper,4,395.0,1.0,1.0,8940.0,385.0,13.600700000000002,-1.1478873432416676,-0.5499885594698002,metal,36872,10.0007,0.00065948,100.0,3.6000000000000014,-8.26000000000006e-06,3.711999999999997e-05,1.2292887581641343,copper_trial_4
137,copper,4,395.0,1.0,1.0,8940.0,385.0,13.70066,-1.153074493268435,-0.617974317232687,metal,36872,10.0007,0.00065948,100.0,3.699959999999999,-8.28000000000005e-06,3.6999999999999924e-05,1.1937099697902585,copper_trial_4
138,copper,4,395.0,1.0,1.0,8940.0,385.0,13.80066,-1.1686359433487372,-0.6972910346226501,metal,36872,10.0007,0.00065948,100.0,3.7999600000000004,-8.340000000000018e-06,3.6859999999999996e-05,1.1652469390911888,copper_trial_4
139,copper,4,395.0,1.0,1.0,8940.0,385.0,13.9007,-1.1738230933755045,-0.7426148731312617,metal,36872,10.0007,0.00065948,100.0,3.9000000000000004,-8.360000000000008e-06,3.677999999999993e-05,1.143899666066848,copper_trial_4
140,copper,4,395.0,1.0,1.0,8940.0,385.0,14.000660000000002,-1.1841973934290675,-0.7992696712669496,metal,36872,10.0007,0.00065948,100.0,3.9999600000000015,-8.400000000000096e-06,3.667999999999998e-05,1.1225523930425843,copper_trial_4
141,copper,4,395.0,1.0,1.0,8940.0,385.0,14.10066,-1.1997588435093698,-0.8672554290298365,metal,36872,10.0007,0.00065948,100.0,4.099959999999999,-8.460000000000065e-06,3.6559999999999935e-05,1.1012051200182433,copper_trial_4
142,copper,4,395.0,1.0,1.0,8940.0,385.0,14.20067,-1.1997588435093698,-0.9125792675383868,metal,36872,10.0007,0.00065948,100.0,4.19997,-8.460000000000065e-06,3.6479999999999976e-05,1.0727420893191737,copper_trial_4
143,copper,4,395.0,1.0,1.0,8940.0,385.0,14.300670000000002,-1.204945993536137,-0.9805650253012737,metal,36872,10.0007,0.00065948,100.0,4.299970000000002,-8.480000000000054e-06,3.635999999999993e-05,1.037163300945298,copper_trial_4
144,copper,4,395.0,1.0,1.0,8940.0,385.0,14.400660000000002,-1.2153202935896719,-1.025888863809824,metal,36872,10.0007,0.00065948,100.0,4.399960000000002,-8.520000000000034e-06,3.627999999999997e-05,1.0229317855957631,copper_trial_4
145,copper,4,395.0,1.0,1.0,8940.0,385.0,14.500660000000002,-1.2205074436164394,-1.0825436619455733,metal,36872,10.0007,0.00065948,100.0,4.4999600000000015,-8.540000000000023e-06,3.6179999999999914e-05,0.9944687548966549,copper_trial_4
146,copper,4,395.0,1.0,1.0,8940.0,385.0,14.60066,-1.2256945936432067,-1.139198460081261,metal,36872,10.0007,0.00065948,100.0,4.599959999999999,-8.560000000000013e-06,3.6079999999999966e-05,0.9660057241975852,copper_trial_4
147,copper,4,395.0,1.0,1.0,8940.0,385.0,14.70066,-1.2360688936967696,-1.1958532582170105,metal,36872,10.0007,0.00065948,100.0,4.699959999999999,-8.6000000000001e-06,3.597999999999991e-05,0.944658451173283,copper_trial_4
148,copper,4,395.0,1.0,1.0,8940.0,385.0,14.80066,-1.2412560437235372,-1.2525080563526982,metal,36872,10.0007,0.00065948,100.0,4.7999600000000004,-8.62000000000009e-06,3.587999999999996e-05,0.9161954204742132,copper_trial_4
149,copper,4,395.0,1.0,1.0,8940.0,385.0,14.9007,-1.251630343777072,-1.3091628544884475,metal,36872,10.0007,0.00065948,100.0,4.9,-8.66000000000007e-06,3.5779999999999905e-05,0.8948481474498724,copper_trial_4
150,copper,4,395.0,1.0,1.0,8940.0,385.0,15.000700000000002,-1.2464431937503044,-1.3658176526241355,metal,36872,10.0007,0.00065948,100.0,5.000000000000002,-8.64000000000008e-06,3.5679999999999957e-05,0.8521536014012678,copper_trial_4
109,copper,5,395.0,1.0,1.0,8940.0,385.0,10.90071,1.0047799178679298,0.8777123535502713,metal,36872,10.90071,0.00065952,109.0,0.0,0.0,3.959999999999999e-05,-0.8271652098447314,copper_trial_5
110,copper,5,395.0,1.0,1.0,8940.0,385.0,11.00068,0.994405617814395,0.8663813939231337,metal,36872,10.90071,0.00065952,109.0,0.099969999999999,-3.999999999997929e-08,3.958e-05,-0.8200494521699639,copper_trial_5
111,copper,5,395.0,1.0,1.0,8940.0,385.0,11.10068,0.9632827176537625,0.8550504342959961,metal,36872,10.90071,0.00065952,109.0,0.19997000000000043,-1.6000000000002557e-07,3.956000000000001e-05,-0.7844706637960882,copper_trial_5
112,copper,5,395.0,1.0,1.0,8940.0,385.0,11.20072,0.6313051159404799,0.8097265957873845,metal,36872,10.90071,0.00065952,109.0,0.30001000000000033,-1.4400000000000133e-06,3.947999999999994e-05,-0.35752520330984994,copper_trial_5
113,copper,5,395.0,1.0,1.0,8940.0,385.0,11.300680000000002,0.25783031401302997,0.8097265957873845,metal,36872,10.90071,0.00065952,109.0,0.3999700000000015,-2.8800000000000266e-06,3.947999999999994e-05,0.1548093492736746,copper_trial_5
114,copper,5,395.0,1.0,1.0,8940.0,385.0,11.40068,0.019221412781616935,0.8097265957873845,metal,36872,10.90071,0.00065952,109.0,0.49996999999999936,-3.799999999999984e-06,3.947999999999994e-05,0.48213420231313037,copper_trial_5
115,copper,5,395.0,1.0,1.0,8940.0,385.0,11.50072,-0.13639308802148953,0.7983956361602469,metal,36872,10.90071,0.00065952,109.0,0.6000099999999993,-4.3999999999999985e-06,3.945999999999995e-05,0.6884911748815014,copper_trial_5
116,copper,5,395.0,1.0,1.0,8940.0,385.0,11.60068,-0.2712589887175264,0.7870646765331093,metal,36872,10.90071,0.00065952,109.0,0.6999700000000004,-4.9200000000000545e-06,3.943999999999996e-05,0.8663851167508028,copper_trial_5
117,copper,5,395.0,1.0,1.0,8940.0,385.0,11.70068,-0.3698148392261633,0.7870646765331093,metal,36872,10.90071,0.00065952,109.0,0.7999700000000001,-5.300000000000075e-06,3.943999999999996e-05,1.0015845125714609,copper_trial_5
118,copper,5,395.0,1.0,1.0,8940.0,385.0,11.80072,-0.4528092396544699,0.7870646765331093,metal,36872,10.90071,0.00065952,109.0,0.90001,-5.620000000000017e-06,3.943999999999996e-05,1.1154366353677783,copper_trial_5
119,copper,5,395.0,1.0,1.0,8940.0,385.0,11.90068,-0.5202421900024743,0.7757337169059717,metal,36872,10.90071,0.00065952,109.0,0.9999699999999994,-5.879999999999991e-06,3.941999999999997e-05,1.200825727465026,copper_trial_5
120,copper,5,395.0,1.0,1.0,8940.0,385.0,12.00068,-0.5824879903237112,0.7644027572788341,metal,36872,10.90071,0.00065952,109.0,1.099969999999999,-6.119999999999975e-06,3.939999999999998e-05,1.2790990618875062,copper_trial_5
121,copper,5,395.0,1.0,1.0,8940.0,385.0,12.10068,-0.6343594905914134,0.741740838024559,metal,36872,10.90071,0.00065952,109.0,1.1999700000000004,-6.31999999999998e-06,3.936e-05,1.3360251232856841,copper_trial_5
122,copper,5,395.0,1.0,1.0,8940.0,385.0,12.20068,-0.6810438408323481,0.7190789187702838,metal,36872,10.90071,0.00065952,109.0,1.29997,-6.499999999999995e-06,3.932000000000002e-05,1.3858354270090947,copper_trial_5
123,copper,5,395.0,1.0,1.0,8940.0,385.0,12.300720000000002,-0.7225410410465155,0.6850860398888097,metal,36872,10.90071,0.00065952,109.0,1.4000100000000018,-6.660000000000021e-06,3.9259999999999946e-05,1.421414215382932,copper_trial_5
124,copper,5,395.0,1.0,1.0,8940.0,385.0,12.400720000000002,-0.7588510912339155,0.6397622013802594,metal,36872,10.90071,0.00065952,109.0,1.5000100000000014,-6.800000000000057e-06,3.917999999999999e-05,1.4427614884072726,copper_trial_5
125,copper,5,395.0,1.0,1.0,8940.0,385.0,12.50072,-0.7951611414212872,0.6057693224988466,metal,36872,10.90071,0.00065952,109.0,1.6000099999999993,-6.939999999999984e-06,3.912000000000002e-05,1.4712245191063424,copper_trial_5
126,copper,5,395.0,1.0,1.0,8940.0,385.0,12.60068,-0.8210968915551524,0.5717764436173726,metal,36872,10.90071,0.00065952,109.0,1.6999700000000004,-7.040000000000041e-06,3.905999999999994e-05,1.4854560344558772,copper_trial_5
127,copper,5,395.0,1.0,1.0,8940.0,385.0,12.70068,-0.8470326416889894,0.5151216454816847,metal,36872,10.90071,0.00065952,109.0,1.79997,-7.139999999999989e-06,3.895999999999999e-05,1.4854560344558772,copper_trial_5
128,copper,5,395.0,1.0,1.0,8940.0,385.0,12.800680000000002,-0.878155541849622,0.45846684734593535,metal,36872,10.90071,0.00065952,109.0,1.8999700000000015,-7.2600000000000355e-06,3.8859999999999936e-05,1.4925717921306445,copper_trial_5
129,copper,5,395.0,1.0,1.0,8940.0,385.0,12.900720000000002,-0.904091291983459,0.4131430088373851,metal,36872,10.90071,0.00065952,109.0,2.0000100000000014,-7.359999999999984e-06,3.877999999999998e-05,1.499687549805412,copper_trial_5
130,copper,5,395.0,1.0,1.0,8940.0,385.0,13.00068,-0.9196527420637893,0.3564882107016358,metal,36872,10.90071,0.00065952,109.0,2.099969999999999,-7.420000000000061e-06,3.867999999999992e-05,1.4854560344558772,copper_trial_5
131,copper,5,395.0,1.0,1.0,8940.0,385.0,13.10068,-0.9404013421708589,0.2998334125659479,metal,36872,10.90071,0.00065952,109.0,2.1999700000000004,-7.50000000000002e-06,3.857999999999997e-05,1.4783402767811098,copper_trial_5
132,copper,5,395.0,1.0,1.0,8940.0,385.0,13.20071,-0.9611499422779285,0.24317861443026004,metal,36872,10.90071,0.00065952,109.0,2.3000000000000007,-7.579999999999978e-06,3.8480000000000025e-05,1.4712245191063424,copper_trial_5
133,copper,5,395.0,1.0,1.0,8940.0,385.0,13.300680000000002,-0.9767113923582589,0.19785477592164832,metal,36872,10.90071,0.00065952,109.0,2.3999700000000015,-7.640000000000056e-06,3.839999999999996e-05,1.4641087614315749,copper_trial_5
134,copper,5,395.0,1.0,1.0,8940.0,385.0,13.40068,-0.9870856924117937,0.12986901815882287,metal,36872,10.90071,0.00065952,109.0,2.4999699999999994,-7.680000000000035e-06,3.828000000000002e-05,1.4356457307325052,copper_trial_5
135,copper,5,395.0,1.0,1.0,8940.0,385.0,13.50072,-1.002647142492096,0.07321422002307357,metal,36872,10.90071,0.00065952,109.0,2.6000099999999993,-7.740000000000004e-06,3.817999999999996e-05,1.421414215382932,copper_trial_5
136,copper,5,395.0,1.0,1.0,8940.0,385.0,13.60072,-1.0182085925724262,0.005228462260248125,metal,36872,10.90071,0.00065952,109.0,2.7000100000000007,-7.800000000000081e-06,3.8060000000000025e-05,1.400066942358668,copper_trial_5
137,copper,5,395.0,1.0,1.0,8940.0,385.0,13.70072,-1.0337700426527285,-0.040095376248363596,metal,36872,10.90071,0.00065952,109.0,2.8000100000000003,-7.86000000000005e-06,3.797999999999996e-05,1.392951184683862,copper_trial_5
138,copper,5,395.0,1.0,1.0,8940.0,385.0,13.800720000000002,-1.0441443427062633,-0.11941209363838805,metal,36872,10.90071,0.00065952,109.0,2.9000100000000018,-7.90000000000003e-06,3.783999999999992e-05,1.3573723963099864,copper_trial_5
139,copper,5,395.0,1.0,1.0,8940.0,385.0,13.900720000000002,-1.0597057927865654,-0.17606689177407592,metal,36872,10.90071,0.00065952,109.0,3.0000100000000014,-7.959999999999998e-06,3.7739999999999974e-05,1.3431408809604515,copper_trial_5
140,copper,5,395.0,1.0,1.0,8940.0,385.0,14.00072,-1.0700800928401002,-0.23272168990976377,metal,36872,10.90071,0.00065952,109.0,3.1000099999999993,-7.999999999999978e-06,3.7640000000000026e-05,1.3217936079361492,copper_trial_5
141,copper,5,395.0,1.0,1.0,8940.0,385.0,14.10072,-1.0752672428668957,-0.3007074476726507,metal,36872,10.90071,0.00065952,109.0,3.2000100000000007,-8.020000000000076e-06,3.751999999999998e-05,1.2862148195623122,copper_trial_5
142,copper,5,395.0,1.0,1.0,8940.0,385.0,14.200680000000002,-1.0960158429739655,-0.3800241650626751,metal,36872,10.90071,0.00065952,109.0,3.299970000000002,-8.100000000000034e-06,3.7379999999999944e-05,1.2648675465379713,copper_trial_5
143,copper,5,395.0,1.0,1.0,8940.0,385.0,14.30071,-1.0960158429739655,-0.43667896319836297,metal,36872,10.90071,0.00065952,109.0,3.4000000000000004,-8.100000000000034e-06,3.7279999999999995e-05,1.2292887581641343,copper_trial_5
144,copper,5,395.0,1.0,1.0,8940.0,385.0,14.400720000000002,-1.1063901430275003,-0.4933337613341123,metal,36872,10.90071,0.00065952,109.0,3.5000100000000014,-8.140000000000014e-06,3.717999999999994e-05,1.2079414851397934,copper_trial_5
145,copper,5,395.0,1.0,1.0,8940.0,385.0,14.50068,-1.1219515931078023,-0.5613195190969377,metal,36872,10.90071,0.00065952,109.0,3.599969999999999,-8.199999999999982e-06,3.706e-05,1.186594212115491,copper_trial_5
146,copper,5,395.0,1.0,1.0,8940.0,385.0,14.60068,-1.1323258931613653,-0.617974317232687,metal,36872,10.90071,0.00065952,109.0,3.6999700000000004,-8.24000000000007e-06,3.6959999999999944e-05,1.1652469390911888,copper_trial_5
147,copper,5,395.0,1.0,1.0,8940.0,385.0,14.70072,-1.1427001932149001,-0.6746291153683749,metal,36872,10.90071,0.00065952,109.0,3.8000100000000003,-8.28000000000005e-06,3.6859999999999996e-05,1.1438996660668865,copper_trial_5
148,copper,5,395.0,1.0,1.0,8940.0,385.0,14.800720000000002,-1.1478873432416676,-0.7312839135041241,metal,36872,10.90071,0.00065952,109.0,3.9000100000000018,-8.300000000000039e-06,3.675999999999994e-05,1.1154366353677783,copper_trial_5
149,copper,5,395.0,1.0,1.0,8940.0,385.0,14.90068,-1.153074493268435,-0.7992696712669496,metal,36872,10.90071,0.00065952,109.0,3.9999699999999994,-8.320000000000029e-06,3.664e-05,1.079857846993941,copper_trial_5
150,copper,5,395.0,1.0,1.0,8940.0,385.0,15.00068,-1.1686359433487372,-0.8672554290298365,metal,36872,10.90071,0.00065952,109.0,4.099969999999999,-8.379999999999998e-06,3.6519999999999955e-05,1.0585105739696004,copper_trial_5
151,copper,5,395.0,1.0,1.0,8940.0,385.0,15.10072,-1.1738230933755045,-0.9125792675383868,metal,36872,10.90071,0.00065952,109.0,4.200010000000001,-8.399999999999987e-06,3.644e-05,1.037163300945298,copper_trial_5
152,copper,5,395.0,1.0,1.0,8940.0,385.0,15.200680000000002,-1.1841973934290675,-0.9692340656741361,metal,36872,10.90071,0.00065952,109.0,4.299970000000002,-8.440000000000075e-06,3.633999999999994e-05,1.0158160279209958,copper_trial_5
153,copper,5,395.0,1.0,1.0,8940.0,385.0,15.300720000000002,-1.189384543455835,-1.0372198234369616,metal,36872,10.90071,0.00065952,109.0,4.400010000000002,-8.460000000000065e-06,3.622e-05,0.9802372395471587,copper_trial_5
154,copper,5,395.0,1.0,1.0,8940.0,385.0,15.40068,-1.189384543455835,-1.0712127023184357,metal,36872,10.90071,0.00065952,109.0,4.499969999999999,-8.460000000000065e-06,3.6159999999999925e-05,0.9588899665228178,copper_trial_5
155,copper,5,395.0,1.0,1.0,8940.0,385.0,15.50068,-1.204945993536137,-1.1505294197083986,metal,36872,10.90071,0.00065952,109.0,4.599969999999999,-8.520000000000034e-06,3.602e-05,0.9304269358237481,copper_trial_5
156,copper,5,395.0,1.0,1.0,8940.0,385.0,15.60068,-1.2101331435629046,-1.184522298589873,metal,36872,10.90071,0.00065952,109.0,4.69997,-8.540000000000023e-06,3.595999999999992e-05,0.9161954204741747,copper_trial_5
157,copper,5,395.0,1.0,1.0,8940.0,385.0,15.700680000000002,-1.2101331435629046,-1.2525080563526982,metal,36872,10.90071,0.00065952,109.0,4.799970000000002,-8.540000000000023e-06,3.583999999999998e-05,0.8735008744255701,copper_trial_5
158,copper,5,395.0,1.0,1.0,8940.0,385.0,15.800680000000002,-1.2256945936432067,-1.2978318948612486,metal,36872,10.90071,0.00065952,109.0,4.8999700000000015,-8.599999999999992e-06,3.5760000000000024e-05,0.8663851167508028,copper_trial_5
159,copper,5,395.0,1.0,1.0,8940.0,385.0,15.90068,-1.2308817436699742,-1.3544866929969979,metal,36872,10.90071,0.00065952,109.0,4.999969999999999,-8.619999999999982e-06,3.565999999999997e-05,0.8379220860516945,copper_trial_5
100,copper,6,395.0,1.0,1.0,8940.0,385.0,10.00067,0.9995927678411625,0.8777123535502713,metal,36872,10.00067,0.0006595,100.0,0.0,0.0,3.9619999999999976e-05,-0.8200494521699639,copper_trial_6
101,copper,6,395.0,1.0,1.0,8940.0,385.0,10.10067,0.994405617814395,0.8777123535502713,metal,36872,10.00067,0.0006595,100.0,0.09999999999999964,-1.9999999999989644e-08,3.9619999999999976e-05,-0.8129336944951965,copper_trial_6
102,copper,6,395.0,1.0,1.0,8940.0,385.0,10.2007,0.9477212675734602,0.8550504342959961,metal,36872,10.00067,0.0006595,100.0,0.20002999999999993,-2.0000000000000486e-07,3.958e-05,-0.763123390771786,copper_trial_6
103,copper,6,395.0,1.0,1.0,8940.0,385.0,10.30066,0.6105565158333822,0.8323885150416596,metal,36872,10.00067,0.0006595,100.0,0.2999900000000011,-1.5000000000000907e-06,3.953999999999991e-05,-0.31483065726120685,copper_trial_6
104,copper,6,395.0,1.0,1.0,8940.0,385.0,10.4007,0.22670741385239745,0.821057555414522,metal,36872,10.00067,0.0006595,100.0,0.400030000000001,-2.9800000000000833e-06,3.951999999999992e-05,0.20461965299708512,copper_trial_6
105,copper,6,395.0,1.0,1.0,8940.0,385.0,10.5007,-0.011901487379015608,0.821057555414522,metal,36872,10.00067,0.0006595,100.0,0.5000300000000006,-3.900000000000041e-06,3.951999999999992e-05,0.531944506036541,copper_trial_6
106,copper,6,395.0,1.0,1.0,8940.0,385.0,10.600700000000002,-0.1778902882356569,0.821057555414522,metal,36872,10.00067,0.0006595,100.0,0.6000300000000021,-4.5400000000000345e-06,3.951999999999992e-05,0.7596487516292142,copper_trial_6
107,copper,6,395.0,1.0,1.0,8940.0,385.0,10.70066,-0.30756903890489823,0.8097265957873845,metal,36872,10.00067,0.0006595,100.0,0.6999899999999997,-5.039999999999992e-06,3.949999999999993e-05,0.9304269358237095,copper_trial_6
108,copper,6,395.0,1.0,1.0,8940.0,385.0,10.8007,-0.40612488941353514,0.8097265957873845,metal,36872,10.00067,0.0006595,100.0,0.8000300000000014,-5.4200000000000125e-06,3.949999999999993e-05,1.0656263316443677,copper_trial_6
109,copper,6,395.0,1.0,1.0,8940.0,385.0,10.9007,-0.49430643986863726,0.8097265957873845,metal,36872,10.00067,0.0006595,100.0,0.900030000000001,-5.760000000000053e-06,3.949999999999993e-05,1.186594212115491,copper_trial_6
110,copper,6,395.0,1.0,1.0,8940.0,385.0,11.000710000000002,-0.566926540243409,0.8097265957873845,metal,36872,10.00067,0.0006595,100.0,1.000040000000002,-6.040000000000017e-06,3.949999999999993e-05,1.2862148195622736,copper_trial_6
111,copper,6,395.0,1.0,1.0,8940.0,385.0,11.100700000000002,-0.6239851905378786,0.7757337169059717,metal,36872,10.00067,0.0006595,100.0,1.100030000000002,-6.260000000000011e-06,3.943999999999996e-05,1.3431408809604515,copper_trial_6
112,copper,6,395.0,1.0,1.0,8940.0,385.0,11.2007,-0.6758566908055808,0.7644027572788341,metal,36872,10.00067,0.0006595,100.0,1.20003,-6.460000000000016e-06,3.941999999999997e-05,1.407182700033397,copper_trial_6
113,copper,6,395.0,1.0,1.0,8940.0,385.0,11.3007,-0.7173538910197481,0.7190789187702838,metal,36872,10.00067,0.0006595,100.0,1.3000300000000014,-6.620000000000042e-06,3.934000000000001e-05,1.4356457307325052,copper_trial_6
114,copper,6,395.0,1.0,1.0,8940.0,385.0,11.4007,-0.7588510912339155,0.6964169995159473,metal,36872,10.00067,0.0006595,100.0,1.400030000000001,-6.780000000000067e-06,3.9299999999999925e-05,1.4783402767811098,copper_trial_6
115,copper,6,395.0,1.0,1.0,8940.0,385.0,11.500660000000002,-0.8003482914480546,0.6737550802616721,metal,36872,10.00067,0.0006595,100.0,1.4999900000000022,-6.939999999999984e-06,3.9259999999999946e-05,1.5210348228297144,copper_trial_6
116,copper,6,395.0,1.0,1.0,8940.0,385.0,11.600700000000002,-0.8314711916086872,0.6284312417531218,metal,36872,10.00067,0.0006595,100.0,1.600030000000002,-7.060000000000031e-06,3.917999999999999e-05,1.5352663381792877,copper_trial_6
117,copper,6,395.0,1.0,1.0,8940.0,385.0,11.70066,-0.8574069417425524,0.5831074032445102,metal,36872,10.00067,0.0006595,100.0,1.6999899999999997,-7.160000000000087e-06,3.909999999999992e-05,1.542382095854055,copper_trial_6
118,copper,6,395.0,1.0,1.0,8940.0,385.0,11.8007,-0.8885298419031568,0.5491145243630974,metal,36872,10.00067,0.0006595,100.0,1.8000300000000014,-7.280000000000025e-06,3.903999999999995e-05,1.5637293688783573,copper_trial_6
119,copper,6,395.0,1.0,1.0,8940.0,385.0,11.900670000000002,-0.9092784420102545,0.4924597262274095,metal,36872,10.00067,0.0006595,100.0,1.9000000000000021,-7.360000000000092e-06,3.894e-05,1.5566136112036286,copper_trial_6
120,copper,6,395.0,1.0,1.0,8940.0,385.0,12.0007,-0.9300270421173241,0.4358049280916602,metal,36872,10.00067,0.0006595,100.0,2.0000300000000006,-7.440000000000051e-06,3.883999999999995e-05,1.5494978535288226,copper_trial_6
121,copper,6,395.0,1.0,1.0,8940.0,385.0,12.10067,-0.9559627922511611,0.36781917032883477,metal,36872,10.00067,0.0006595,100.0,2.0999999999999996,-7.539999999999999e-06,3.872000000000001e-05,1.542382095854055,copper_trial_6
122,copper,6,395.0,1.0,1.0,8940.0,385.0,12.20067,-0.9767113923582589,0.32249533182022305,metal,36872,10.00067,0.0006595,100.0,2.200000000000001,-7.620000000000066e-06,3.863999999999994e-05,1.542382095854055,copper_trial_6
123,copper,6,395.0,1.0,1.0,8940.0,385.0,12.30067,-0.9922728424385611,0.2545095740573976,metal,36872,10.00067,0.0006595,100.0,2.3000000000000007,-7.680000000000035e-06,3.8520000000000004e-05,1.5210348228297528,copper_trial_6
124,copper,6,395.0,1.0,1.0,8940.0,385.0,12.4007,-1.0130214425456308,0.19785477592164832,metal,36872,10.00067,0.0006595,100.0,2.400030000000001,-7.759999999999993e-06,3.841999999999995e-05,1.5139190651549468,copper_trial_6
125,copper,6,395.0,1.0,1.0,8940.0,385.0,12.5007,-1.0233957425991935,0.152530937413098,metal,36872,10.00067,0.0006595,100.0,2.5000300000000006,-7.800000000000081e-06,3.833999999999999e-05,1.4996875498054507,copper_trial_6
126,copper,6,395.0,1.0,1.0,8940.0,385.0,12.60066,-1.0389571926794958,0.08454517965021115,metal,36872,10.00067,0.0006595,100.0,2.59999,-7.86000000000005e-06,3.821999999999994e-05,1.4783402767811098,copper_trial_6
127,copper,6,395.0,1.0,1.0,8940.0,385.0,12.7007,-1.0545186427597981,0.005228462260248125,metal,36872,10.00067,0.0006595,100.0,2.70003,-7.920000000000019e-06,3.8080000000000015e-05,1.4498772460820402,copper_trial_6
128,copper,6,395.0,1.0,1.0,8940.0,385.0,12.80067,-1.0597057927865654,-0.05142633587550117,metal,36872,10.00067,0.0006595,100.0,2.8000000000000007,-7.940000000000009e-06,3.797999999999996e-05,1.421414215382932,copper_trial_6
129,copper,6,395.0,1.0,1.0,8940.0,385.0,12.900670000000002,-1.0804543928936632,-0.10808113401118905,metal,36872,10.00067,0.0006595,100.0,2.900000000000002,-8.020000000000076e-06,3.788000000000001e-05,1.414298457708203,copper_trial_6
130,copper,6,395.0,1.0,1.0,8940.0,385.0,13.00067,-1.090828692947198,-0.19872881102835105,metal,36872,10.00067,0.0006595,100.0,3.0,-8.060000000000055e-06,3.7719999999999984e-05,1.3716039116595597,copper_trial_6
131,copper,6,395.0,1.0,1.0,8940.0,385.0,13.10071,-1.1063901430275003,-0.2440526495369628,metal,36872,10.00067,0.0006595,100.0,3.10004,-8.120000000000024e-06,3.763999999999992e-05,1.3644881539847538,copper_trial_6
132,copper,6,395.0,1.0,1.0,8940.0,385.0,13.2007,-1.116764443081035,-0.3007074476726507,metal,36872,10.00067,0.0006595,100.0,3.20003,-8.160000000000003e-06,3.753999999999997e-05,1.3431408809604515,copper_trial_6
133,copper,6,395.0,1.0,1.0,8940.0,385.0,13.3007,-1.1323258931613653,-0.3686932054355375,metal,36872,10.00067,0.0006595,100.0,3.3000300000000014,-8.22000000000008e-06,3.741999999999992e-05,1.3217936079361492,copper_trial_6
134,copper,6,395.0,1.0,1.0,8940.0,385.0,13.4007,-1.1323258931613653,-0.43667896319836297,metal,36872,10.00067,0.0006595,100.0,3.400030000000001,-8.22000000000008e-06,3.7299999999999985e-05,1.2790990618875449,copper_trial_6
135,copper,6,395.0,1.0,1.0,8940.0,385.0,13.500660000000002,-1.1427001932149001,-0.4933337613341123,metal,36872,10.00067,0.0006595,100.0,3.499990000000002,-8.26000000000006e-06,3.719999999999993e-05,1.257751788863204,copper_trial_6
136,copper,6,395.0,1.0,1.0,8940.0,385.0,13.600700000000002,-1.153074493268435,-0.5726504787240753,metal,36872,10.00067,0.0006595,100.0,3.600030000000002,-8.300000000000039e-06,3.706e-05,1.2221730004893667,copper_trial_6
137,copper,6,395.0,1.0,1.0,8940.0,385.0,13.7007,-1.1634487933219697,-0.617974317232687,metal,36872,10.00067,0.0006595,100.0,3.70003,-8.340000000000018e-06,3.6979999999999934e-05,1.2079414851397934,copper_trial_6
138,copper,6,395.0,1.0,1.0,8940.0,385.0,13.80066,-1.1686359433487372,-0.6859600749955125,metal,36872,10.00067,0.0006595,100.0,3.799990000000001,-8.360000000000008e-06,3.6859999999999996e-05,1.1723626967659562,copper_trial_6
139,copper,6,395.0,1.0,1.0,8940.0,385.0,13.9007,-1.1841973934290675,-0.7539458327583993,metal,36872,10.00067,0.0006595,100.0,3.900030000000001,-8.420000000000085e-06,3.673999999999995e-05,1.1510154237416539,copper_trial_6
140,copper,6,395.0,1.0,1.0,8940.0,385.0,14.000700000000002,-1.1841973934290675,-0.8106006308940872,metal,36872,10.00067,0.0006595,100.0,4.000030000000002,-8.420000000000085e-06,3.664e-05,1.115436635367817,copper_trial_6
141,copper,6,395.0,1.0,1.0,8940.0,385.0,14.100700000000002,-1.1945716934826023,-0.8672554290298365,metal,36872,10.00067,0.0006595,100.0,4.100030000000002,-8.460000000000065e-06,3.6539999999999945e-05,1.094089362343476,copper_trial_6
142,copper,6,395.0,1.0,1.0,8940.0,385.0,14.2007,-1.1997588435093698,-0.9352411867926619,metal,36872,10.00067,0.0006595,100.0,4.20003,-8.480000000000054e-06,3.642000000000001e-05,1.058510573969639,copper_trial_6
143,copper,6,395.0,1.0,1.0,8940.0,385.0,14.30066,-1.2101331435629046,-0.9918959849284112,metal,36872,10.00067,0.0006595,100.0,4.299990000000001,-8.520000000000034e-06,3.631999999999995e-05,1.037163300945298,copper_trial_6
144,copper,6,395.0,1.0,1.0,8940.0,385.0,14.400670000000002,-1.2153202935896719,-1.0372198234369616,metal,36872,10.00067,0.0006595,100.0,4.400000000000002,-8.540000000000023e-06,3.623999999999999e-05,1.0158160279209958,copper_trial_6
145,copper,6,395.0,1.0,1.0,8940.0,385.0,14.500700000000002,-1.2205074436164394,-1.0938746215727109,metal,36872,10.00067,0.0006595,100.0,4.500030000000002,-8.560000000000013e-06,3.6139999999999935e-05,0.9873529972218875,copper_trial_6
146,copper,6,395.0,1.0,1.0,8940.0,385.0,14.600700000000002,-1.2308817436699742,-1.1505294197083986,metal,36872,10.00067,0.0006595,100.0,4.600030000000002,-8.599999999999992e-06,3.603999999999999e-05,0.9660057241975852,copper_trial_6
147,copper,6,395.0,1.0,1.0,8940.0,385.0,14.7007,-1.2360688936967696,-1.1958532582170105,metal,36872,10.00067,0.0006595,100.0,4.70003,-8.62000000000009e-06,3.595999999999992e-05,0.944658451173283,copper_trial_6
148,copper,6,395.0,1.0,1.0,8940.0,385.0,14.80066,-1.2464431937503044,-1.2638390159798358,metal,36872,10.00067,0.0006595,100.0,4.799990000000001,-8.66000000000007e-06,3.583999999999998e-05,0.9161954204742132,copper_trial_6
149,copper,6,395.0,1.0,1.0,8940.0,385.0,14.900670000000002,-1.251630343777072,-1.3091628544884475,metal,36872,10.00067,0.0006595,100.0,4.900000000000002,-8.68000000000006e-06,3.5759999999999915e-05,0.8948481474498724,copper_trial_6
150,copper,6,395.0,1.0,1.0,8940.0,385.0,15.000710000000002,-1.2568174938038392,-1.3544866929969979,metal,36872,10.00067,0.0006595,100.0,5.000040000000002,-8.700000000000049e-06,3.5679999999999957e-05,0.8735008744255701,copper_trial_6
98,cork_fine,1,0.043,1.0,1.0,240.0,2000.0,9.80066,1.108522918403334,0.33382629144736065,composite,144,9.80066,0.00065992,98.0,0.0,0.0,3.823999999999993e-05,-1.3110367317291862,cork_fine_trial_1
99,cork_fine,1,0.043,1.0,1.0,240.0,2000.0,9.90066,1.1033357683765668,0.33382629144736065,composite,144,9.80066,0.00065992,98.0,0.09999999999999964,-1.9999999999989644e-08,3.823999999999993e-05,-1.3039209740544189,cork_fine_trial_1
100,cork_fine,1,0.043,1.0,1.0,240.0,2000.0,10.000660000000002,1.1033357683765668,0.33382629144736065,composite,144,9.80066,0.00065992,98.0,0.20000000000000107,-1.9999999999989644e-08,3.823999999999993e-05,-1.3039209740544189,cork_fine_trial_1
101,cork_fine,1,0.043,1.0,1.0,240.0,2000.0,10.10066,1.1033357683765668,0.31116437219308546,composite,144,9.80066,0.00065992,98.0,0.29999999999999893,-1.9999999999989644e-08,3.819999999999995e-05,-1.3181524894039536,cork_fine_trial_1
102,cork_fine,1,0.043,1.0,1.0,240.0,2000.0,10.20066,1.0774000182427015,0.2091857355487859,composite,144,9.80066,0.00065992,98.0,0.3999999999999986,-1.2000000000004628e-07,3.801999999999994e-05,-1.3466155201030234,cork_fine_trial_1
103,cork_fine,1,0.043,1.0,1.0,240.0,2000.0,10.3007,1.056651418135632,0.2091857355487859,composite,144,9.80066,0.00065992,98.0,0.5000400000000003,-2.0000000000000486e-07,3.801999999999994e-05,-1.3181524894039536,cork_fine_trial_1
104,cork_fine,1,0.043,1.0,1.0,240.0,2000.0,10.4007,1.0462771180820971,0.2091857355487859,composite,144,9.80066,0.00065992,98.0,0.6000399999999999,-2.3999999999998415e-07,3.801999999999994e-05,-1.3039209740544189,cork_fine_trial_1
105,cork_fine,1,0.043,1.0,1.0,240.0,2000.0,10.500660000000002,1.0307156680017668,0.2091857355487859,composite,144,9.80066,0.00065992,98.0,0.7000000000000011,-3.000000000000615e-07,3.801999999999994e-05,-1.282573701030078,cork_fine_trial_1
106,cork_fine,1,0.043,1.0,1.0,240.0,2000.0,10.60066,1.0255285179749993,0.2091857355487859,composite,144,9.80066,0.00065992,98.0,0.7999999999999989,-3.2000000000005115e-07,3.801999999999994e-05,-1.2754579433553106,cork_fine_trial_1
107,cork_fine,1,0.043,1.0,1.0,240.0,2000.0,10.70066,1.0151542179214645,0.2091857355487859,composite,144,9.80066,0.00065992,98.0,0.8999999999999986,-3.6000000000003043e-07,3.801999999999994e-05,-1.2612264280057757,cork_fine_trial_1
108,cork_fine,1,0.043,1.0,1.0,240.0,2000.0,10.8007,1.0151542179214645,0.2091857355487859,composite,144,9.80066,0.00065992,98.0,1.0000400000000003,-3.6000000000003043e-07,3.801999999999994e-05,-1.2612264280057757,cork_fine_trial_1
109,cork_fine,1,0.043,1.0,1.0,240.0,2000.0,10.900670000000002,1.0047799178679298,0.2091857355487859,composite,144,9.80066,0.00065992,98.0,1.100010000000001,-4.000000000000097e-07,3.801999999999994e-05,-1.2469949126562407,cork_fine_trial_1
110,cork_fine,1,0.043,1.0,1.0,240.0,2000.0,11.0007,0.9995927678411625,0.18652381629451073,composite,144,9.80066,0.00065992,98.0,1.2000399999999996,-4.1999999999999937e-07,3.797999999999996e-05,-1.2541106703310083,cork_fine_trial_1
111,cork_fine,1,0.043,1.0,1.0,240.0,2000.0,11.10066,0.9892184677875995,0.18652381629451073,composite,144,9.80066,0.00065992,98.0,1.299999999999999,-4.600000000000871e-07,3.797999999999996e-05,-1.2398791549814348,cork_fine_trial_1
112,cork_fine,1,0.043,1.0,1.0,240.0,2000.0,11.2007,0.994405617814395,0.18652381629451073,composite,144,9.80066,0.00065992,98.0,1.4000399999999988,-4.39999999999989e-07,3.797999999999996e-05,-1.2469949126562407,cork_fine_trial_1
113,cork_fine,1,0.043,1.0,1.0,240.0,2000.0,11.30066,0.9892184677875995,0.17519285666737316,composite,144,9.80066,0.00065992,98.0,1.5,-4.600000000000871e-07,3.795999999999997e-05,-1.2469949126562023,cork_fine_trial_1
114,cork_fine,1,0.043,1.0,1.0,240.0,2000.0,11.4007,0.9892184677875995,0.17519285666737316,composite,144,9.80066,0.00065992,98.0,1.60004,-4.600000000000871e-07,3.795999999999997e-05,-1.2469949126562023,cork_fine_trial_1
115,cork_fine,1,0.043,1.0,1.0,240.0,2000.0,11.500710000000002,0.9840313177608321,0.1638618970402356,composite,144,9.80066,0.00065992,98.0,1.700050000000001,-4.800000000000767e-07,3.793999999999998e-05,-1.2469949126562023,cork_fine_trial_1
116,cork_fine,1,0.043,1.0,1.0,240.0,2000.0,11.600700000000002,0.9788441677340647,0.1638618970402356,composite,144,9.80066,0.00065992,98.0,1.800040000000001,-5.000000000000664e-07,3.793999999999998e-05,-1.2398791549814348,cork_fine_trial_1
117,cork_fine,1,0.043,1.0,1.0,240.0,2000.0,11.70067,0.9788441677340647,0.152530937413098,composite,144,9.80066,0.00065992,98.0,1.90001,-5.000000000000664e-07,3.791999999999999e-05,-1.2469949126562023,cork_fine_trial_1
118,cork_fine,1,0.043,1.0,1.0,240.0,2000.0,11.8007,0.9788441677340647,0.1638618970402356,composite,144,9.80066,0.00065992,98.0,2.0000400000000003,-5.000000000000664e-07,3.793999999999998e-05,-1.2398791549814348,cork_fine_trial_1
119,cork_fine,1,0.043,1.0,1.0,240.0,2000.0,11.90066,0.9736570177072973,0.152530937413098,composite,144,9.80066,0.00065992,98.0,2.0999999999999996,-5.20000000000056e-07,3.791999999999999e-05,-1.2398791549814348,cork_fine_trial_1
120,cork_fine,1,0.043,1.0,1.0,240.0,2000.0,12.000660000000002,0.9736570177072973,0.12986901815882287,composite,144,9.80066,0.00065992,98.0,2.200000000000001,-5.20000000000056e-07,3.788000000000001e-05,-1.2541106703309697,cork_fine_trial_1
121,cork_fine,1,0.043,1.0,1.0,240.0,2000.0,12.100700000000002,0.9684698676805299,0.14119997778596044,composite,144,9.80066,0.00065992,98.0,2.300040000000001,-5.400000000000457e-07,3.79e-05,-1.2398791549814348,cork_fine_trial_1
122,cork_fine,1,0.043,1.0,1.0,240.0,2000.0,12.2007,0.9736570177072973,0.12986901815882287,composite,144,9.80066,0.00065992,98.0,2.400039999999999,-5.20000000000056e-07,3.788000000000001e-05,-1.2541106703309697,cork_fine_trial_1
123,cork_fine,1,0.043,1.0,1.0,240.0,2000.0,12.30066,0.9736570177072973,0.12986901815882287,composite,144,9.80066,0.00065992,98.0,2.5,-5.20000000000056e-07,3.788000000000001e-05,-1.2541106703309697,cork_fine_trial_1
124,cork_fine,1,0.043,1.0,1.0,240.0,2000.0,12.40066,0.9632827176537625,0.11853805853162387,composite,144,9.80066,0.00065992,98.0,2.5999999999999996,-5.600000000000353e-07,3.785999999999991e-05,-1.2469949126562407,cork_fine_trial_1
125,cork_fine,1,0.043,1.0,1.0,240.0,2000.0,12.500660000000002,0.9684698676805299,0.10720709890448629,composite,144,9.80066,0.00065992,98.0,2.700000000000001,-5.400000000000457e-07,3.783999999999992e-05,-1.2612264280057757,cork_fine_trial_1
126,cork_fine,1,0.043,1.0,1.0,240.0,2000.0,12.60066,0.9632827176537625,0.11853805853162387,composite,144,9.80066,0.00065992,98.0,2.799999999999999,-5.600000000000353e-07,3.785999999999991e-05,-1.2469949126562407,cork_fine_trial_1
127,cork_fine,1,0.043,1.0,1.0,240.0,2000.0,12.7007,0.9632827176537625,0.10720709890448629,composite,144,9.80066,0.00065992,98.0,2.900039999999999,-5.600000000000353e-07,3.783999999999992e-05,-1.2541106703310083,cork_fine_trial_1
128,cork_fine,1,0.043,1.0,1.0,240.0,2000.0,12.80066,0.9580955676269951,0.09587613927734871,composite,144,9.80066,0.00065992,98.0,3.0,-5.800000000000249e-07,3.781999999999993e-05,-1.2541106703310083,cork_fine_trial_1
129,cork_fine,1,0.043,1.0,1.0,240.0,2000.0,12.90066,0.9632827176537625,0.09587613927734871,composite,144,9.80066,0.00065992,98.0,3.0999999999999996,-5.600000000000353e-07,3.781999999999993e-05,-1.2612264280057757,cork_fine_trial_1
130,cork_fine,1,0.043,1.0,1.0,240.0,2000.0,13.000700000000002,0.9580955676269951,0.07321422002307357,composite,144,9.80066,0.00065992,98.0,3.2000400000000013,-5.800000000000249e-07,3.777999999999995e-05,-1.268342185680543,cork_fine_trial_1
131,cork_fine,1,0.043,1.0,1.0,240.0,2000.0,13.100700000000002,0.9529084176002277,0.08454517965021115,composite,144,9.80066,0.00065992,98.0,3.300040000000001,-6.000000000000146e-07,3.779999999999994e-05,-1.2541106703310083,cork_fine_trial_1
132,cork_fine,1,0.043,1.0,1.0,240.0,2000.0,13.2007,0.9529084176002277,0.08454517965021115,composite,144,9.80066,0.00065992,98.0,3.400039999999999,-6.000000000000146e-07,3.779999999999994e-05,-1.2541106703310083,cork_fine_trial_1
133,cork_fine,1,0.043,1.0,1.0,240.0,2000.0,13.3007,0.9580955676269951,0.07321422002307357,composite,144,9.80066,0.00065992,98.0,3.5000400000000003,-5.800000000000249e-07,3.777999999999995e-05,-1.268342185680543,cork_fine_trial_1
134,cork_fine,1,0.043,1.0,1.0,240.0,2000.0,13.40066,0.9477212675734602,0.05055230076879842,composite,144,9.80066,0.00065992,98.0,3.5999999999999996,-6.200000000000042e-07,3.7739999999999974e-05,-1.268342185680543,cork_fine_trial_1
135,cork_fine,1,0.043,1.0,1.0,240.0,2000.0,13.500700000000002,0.9425341175466928,0.05055230076879842,composite,144,9.80066,0.00065992,98.0,3.7000400000000013,-6.399999999999939e-07,3.7739999999999974e-05,-1.2612264280057757,cork_fine_trial_1
136,cork_fine,1,0.043,1.0,1.0,240.0,2000.0,13.600700000000002,0.9477212675734602,0.05055230076879842,composite,144,9.80066,0.00065992,98.0,3.800040000000001,-6.200000000000042e-07,3.7739999999999974e-05,-1.268342185680543,cork_fine_trial_1
137,cork_fine,1,0.043,1.0,1.0,240.0,2000.0,13.70066,0.9477212675734602,0.05055230076879842,composite,144,9.80066,0.00065992,98.0,3.8999999999999986,-6.200000000000042e-07,3.7739999999999974e-05,-1.268342185680543,cork_fine_trial_1
138,cork_fine,1,0.043,1.0,1.0,240.0,2000.0,13.80066,0.9425341175466928,0.05055230076879842,composite,144,9.80066,0.00065992,98.0,4.0,-6.399999999999939e-07,3.7739999999999974e-05,-1.2612264280057757,cork_fine_trial_1
139,cork_fine,1,0.043,1.0,1.0,240.0,2000.0,13.900660000000002,0.9425341175466928,0.03922134114166085,composite,144,9.80066,0.00065992,98.0,4.100000000000001,-6.399999999999939e-07,3.7719999999999984e-05,-1.268342185680543,cork_fine_trial_1
140,cork_fine,1,0.043,1.0,1.0,240.0,2000.0,14.00067,0.9425341175466928,0.03922134114166085,composite,144,9.80066,0.00065992,98.0,4.200009999999999,-6.399999999999939e-07,3.7719999999999984e-05,-1.268342185680543,cork_fine_trial_1
141,cork_fine,1,0.043,1.0,1.0,240.0,2000.0,14.100700000000002,0.9425341175466928,0.0165594218873857,composite,144,9.80066,0.00065992,98.0,4.300040000000001,-6.399999999999939e-07,3.7680000000000005e-05,-1.282573701030078,cork_fine_trial_1
142,cork_fine,1,0.043,1.0,1.0,240.0,2000.0,14.20066,0.9425341175466928,0.027890381514523273,composite,144,9.80066,0.00065992,98.0,4.399999999999999,-6.399999999999939e-07,3.7699999999999995e-05,-1.2754579433553106,cork_fine_trial_1
143,cork_fine,1,0.043,1.0,1.0,240.0,2000.0,14.30066,0.9425341175466928,0.005228462260248125,composite,144,9.80066,0.00065992,98.0,4.5,-6.399999999999939e-07,3.7660000000000016e-05,-1.2896894587048453,cork_fine_trial_1
144,cork_fine,1,0.043,1.0,1.0,240.0,2000.0,14.4007,0.9373469675198973,0.005228462260248125,composite,144,9.80066,0.00065992,98.0,4.60004,-6.600000000000919e-07,3.7660000000000016e-05,-1.2825737010300393,cork_fine_trial_1
145,cork_fine,1,0.043,1.0,1.0,240.0,2000.0,14.500660000000002,0.9321598174931299,0.005228462260248125,composite,144,9.80066,0.00065992,98.0,4.700000000000001,-6.800000000000816e-07,3.7660000000000016e-05,-1.275457943355272,cork_fine_trial_1
146,cork_fine,1,0.043,1.0,1.0,240.0,2000.0,14.600700000000002,0.9373469675198973,-0.006102497366950874,composite,144,9.80066,0.00065992,98.0,4.800040000000001,-6.600000000000919e-07,3.763999999999992e-05,-1.2896894587048453,cork_fine_trial_1
147,cork_fine,1,0.043,1.0,1.0,240.0,2000.0,14.70066,0.9373469675198973,-0.017433456994088447,composite,144,9.80066,0.00065992,98.0,4.899999999999999,-6.600000000000919e-07,3.761999999999993e-05,-1.2968052163796129,cork_fine_trial_1
148,cork_fine,1,0.043,1.0,1.0,240.0,2000.0,14.8007,0.9321598174931299,-0.017433456994088447,composite,144,9.80066,0.00065992,98.0,5.00004,-6.800000000000816e-07,3.761999999999993e-05,-1.2896894587048453,cork_fine_trial_1
122,cork_fine,2,0.043,1.0,1.0,240.0,2000.0,12.2007,1.0670257181891667,0.2658405336845352,composite,144,12.2007,0.00065976,122.0,0.0,0.0,3.828000000000002e-05,-1.2968052163796129,cork_fine_trial_2
123,cork_fine,2,0.043,1.0,1.0,240.0,2000.0,12.30066,1.0618385681623994,0.24317861443026004,composite,144,12.2007,0.00065976,122.0,0.09996000000000116,-1.9999999999989644e-08,3.824000000000004e-05,-1.3039209740543802,cork_fine_trial_2
124,cork_fine,2,0.043,1.0,1.0,240.0,2000.0,12.40066,1.0670257181891667,0.2658405336845352,composite,144,12.2007,0.00065976,122.0,0.1999600000000008,0.0,3.828000000000002e-05,-1.2968052163796129,cork_fine_trial_2
125,cork_fine,2,0.043,1.0,1.0,240.0,2000.0,12.5007,1.056651418135632,0.2658405336845352,composite,144,12.2007,0.00065976,122.0,0.3000000000000007,-3.999999999997929e-08,3.828000000000002e-05,-1.282573701030078,cork_fine_trial_2
126,cork_fine,2,0.043,1.0,1.0,240.0,2000.0,12.600700000000002,1.056651418135632,0.24317861443026004,composite,144,12.2007,0.00065976,122.0,0.40000000000000213,-3.999999999997929e-08,3.824000000000004e-05,-1.2968052163796129,cork_fine_trial_2
127,cork_fine,2,0.043,1.0,1.0,240.0,2000.0,12.7007,1.020341367948232,0.10720709890448629,composite,144,12.2007,0.00065976,122.0,0.5,-1.8000000000001522e-07,3.799999999999995e-05,-1.3323840047534885,cork_fine_trial_2
128,cork_fine,2,0.043,1.0,1.0,240.0,2000.0,12.8007,0.994405617814395,0.09587613927734871,composite,144,12.2007,0.00065976,122.0,0.6000000000000014,-2.7999999999996344e-07,3.797999999999996e-05,-1.3039209740544189,cork_fine_trial_2
129,cork_fine,2,0.043,1.0,1.0,240.0,2000.0,12.90066,0.9788441677340647,0.10720709890448629,composite,144,12.2007,0.00065976,122.0,0.6999600000000008,-3.400000000000408e-07,3.799999999999995e-05,-1.2754579433553106,cork_fine_trial_2
130,cork_fine,2,0.043,1.0,1.0,240.0,2000.0,13.000700000000002,0.9684698676805299,0.09587613927734871,composite,144,12.2007,0.00065976,122.0,0.8000000000000025,-3.800000000000201e-07,3.797999999999996e-05,-1.268342185680543,cork_fine_trial_2
131,cork_fine,2,0.043,1.0,1.0,240.0,2000.0,13.100700000000002,0.9580955676269951,0.11853805853162387,composite,144,12.2007,0.00065976,122.0,0.9000000000000021,-4.1999999999999937e-07,3.801999999999994e-05,-1.2398791549814734,cork_fine_trial_2
132,cork_fine,2,0.043,1.0,1.0,240.0,2000.0,13.20066,0.9529084176002277,0.10720709890448629,composite,144,12.2007,0.00065976,122.0,0.9999599999999997,-4.39999999999989e-07,3.799999999999995e-05,-1.2398791549814734,cork_fine_trial_2
133,cork_fine,2,0.043,1.0,1.0,240.0,2000.0,13.3007,0.9529084176002277,0.09587613927734871,composite,144,12.2007,0.00065976,122.0,1.1000000000000014,-4.39999999999989e-07,3.797999999999996e-05,-1.2469949126562407,cork_fine_trial_2
134,cork_fine,2,0.043,1.0,1.0,240.0,2000.0,13.4007,0.9477212675734602,0.08454517965021115,composite,144,12.2007,0.00065976,122.0,1.200000000000001,-4.5999999999997866e-07,3.795999999999997e-05,-1.2469949126562407,cork_fine_trial_2
135,cork_fine,2,0.043,1.0,1.0,240.0,2000.0,13.500700000000002,0.9425341175466928,0.09587613927734871,composite,144,12.2007,0.00065976,122.0,1.3000000000000025,-4.799999999999683e-07,3.797999999999996e-05,-1.232763397306706,cork_fine_trial_2
136,cork_fine,2,0.043,1.0,1.0,240.0,2000.0,13.600700000000002,0.9373469675198973,0.08454517965021115,composite,144,12.2007,0.00065976,122.0,1.4000000000000021,-5.000000000000664e-07,3.795999999999997e-05,-1.2327633973066674,cork_fine_trial_2
137,cork_fine,2,0.043,1.0,1.0,240.0,2000.0,13.70067,0.9321598174931299,0.08454517965021115,composite,144,12.2007,0.00065976,122.0,1.4999700000000011,-5.20000000000056e-07,3.795999999999997e-05,-1.2256476396319,cork_fine_trial_2
138,cork_fine,2,0.043,1.0,1.0,240.0,2000.0,13.8007,0.9321598174931299,0.08454517965021115,composite,144,12.2007,0.00065976,122.0,1.6000000000000014,-5.20000000000056e-07,3.795999999999997e-05,-1.2256476396319,cork_fine_trial_2
139,cork_fine,2,0.043,1.0,1.0,240.0,2000.0,13.900710000000002,0.9321598174931299,0.08454517965021115,composite,144,12.2007,0.00065976,122.0,1.7000100000000025,-5.20000000000056e-07,3.795999999999997e-05,-1.2256476396319,cork_fine_trial_2
140,cork_fine,2,0.043,1.0,1.0,240.0,2000.0,14.000660000000002,0.9269726674663625,0.08454517965021115,composite,144,12.2007,0.00065976,122.0,1.7999600000000022,-5.400000000000457e-07,3.795999999999997e-05,-1.2185318819571325,cork_fine_trial_2
141,cork_fine,2,0.043,1.0,1.0,240.0,2000.0,14.10066,0.9217855174395951,0.07321422002307357,composite,144,12.2007,0.00065976,122.0,1.89996,-5.600000000000353e-07,3.793999999999998e-05,-1.2185318819571325,cork_fine_trial_2
142,cork_fine,2,0.043,1.0,1.0,240.0,2000.0,14.20066,0.9165983674128277,0.061883260395935995,composite,144,12.2007,0.00065976,122.0,1.9999599999999997,-5.800000000000249e-07,3.791999999999999e-05,-1.2185318819571325,cork_fine_trial_2
143,cork_fine,2,0.043,1.0,1.0,240.0,2000.0,14.3007,0.9217855174395951,0.05055230076879842,composite,144,12.2007,0.00065976,122.0,2.1000000000000014,-5.600000000000353e-07,3.79e-05,-1.2327633973066674,cork_fine_trial_2
144,cork_fine,2,0.043,1.0,1.0,240.0,2000.0,14.4007,0.9165983674128277,0.05055230076879842,composite,144,12.2007,0.00065976,122.0,2.200000000000001,-5.800000000000249e-07,3.79e-05,-1.2256476396319,cork_fine_trial_2
145,cork_fine,2,0.043,1.0,1.0,240.0,2000.0,14.500700000000002,0.9217855174395951,0.05055230076879842,composite,144,12.2007,0.00065976,122.0,2.3000000000000025,-5.600000000000353e-07,3.79e-05,-1.2327633973066674,cork_fine_trial_2
146,cork_fine,2,0.043,1.0,1.0,240.0,2000.0,14.600700000000002,0.9165983674128277,0.05055230076879842,composite,144,12.2007,0.00065976,122.0,2.400000000000002,-5.800000000000249e-07,3.79e-05,-1.2256476396319,cork_fine_trial_2
147,cork_fine,2,0.043,1.0,1.0,240.0,2000.0,14.7007,0.9165983674128277,0.03922134114166085,composite,144,12.2007,0.00065976,122.0,2.5,-5.800000000000249e-07,3.788000000000001e-05,-1.2327633973066674,cork_fine_trial_2
148,cork_fine,2,0.043,1.0,1.0,240.0,2000.0,14.80066,0.9165983674128277,0.03922134114166085,composite,144,12.2007,0.00065976,122.0,2.599960000000001,-5.800000000000249e-07,3.788000000000001e-05,-1.2327633973066674,cork_fine_trial_2
149,cork_fine,2,0.043,1.0,1.0,240.0,2000.0,14.9007,0.9165983674128277,0.03922134114166085,composite,144,12.2007,0.00065976,122.0,2.700000000000001,-5.800000000000249e-07,3.788000000000001e-05,-1.2327633973066674,cork_fine_trial_2
150,cork_fine,2,0.043,1.0,1.0,240.0,2000.0,15.000660000000002,0.9114112173860603,0.03922134114166085,composite,144,12.2007,0.00065976,122.0,2.7999600000000022,-6.000000000000146e-07,3.788000000000001e-05,-1.2256476396319,cork_fine_trial_2
151,cork_fine,2,0.043,1.0,1.0,240.0,2000.0,15.10066,0.9114112173860603,0.027890381514523273,composite,144,12.2007,0.00065976,122.0,2.89996,-6.000000000000146e-07,3.786000000000002e-05,-1.2327633973066674,cork_fine_trial_2
152,cork_fine,2,0.043,1.0,1.0,240.0,2000.0,15.20066,0.9114112173860603,0.027890381514523273,composite,144,12.2007,0.00065976,122.0,2.9999599999999997,-6.000000000000146e-07,3.786000000000002e-05,-1.2327633973066674,cork_fine_trial_2
153,cork_fine,2,0.043,1.0,1.0,240.0,2000.0,15.3007,0.906224067359293,0.0165594218873857,composite,144,12.2007,0.00065976,122.0,3.1000000000000014,-6.200000000000042e-07,3.784000000000003e-05,-1.2327633973066674,cork_fine_trial_2
154,cork_fine,2,0.043,1.0,1.0,240.0,2000.0,15.400660000000002,0.906224067359293,0.005228462260248125,composite,144,12.2007,0.00065976,122.0,3.1999600000000026,-6.200000000000042e-07,3.782000000000004e-05,-1.2398791549814348,cork_fine_trial_2
155,cork_fine,2,0.043,1.0,1.0,240.0,2000.0,15.50067,0.906224067359293,0.005228462260248125,composite,144,12.2007,0.00065976,122.0,3.29997,-6.200000000000042e-07,3.782000000000004e-05,-1.2398791549814348,cork_fine_trial_2
156,cork_fine,2,0.043,1.0,1.0,240.0,2000.0,15.600700000000002,0.906224067359293,0.005228462260248125,composite,144,12.2007,0.00065976,122.0,3.400000000000002,-6.200000000000042e-07,3.782000000000004e-05,-1.2398791549814348,cork_fine_trial_2
157,cork_fine,2,0.043,1.0,1.0,240.0,2000.0,15.70066,0.906224067359293,0.005228462260248125,composite,144,12.2007,0.00065976,122.0,3.4999599999999997,-6.200000000000042e-07,3.782000000000004e-05,-1.2398791549814348,cork_fine_trial_2
158,cork_fine,2,0.043,1.0,1.0,240.0,2000.0,15.80066,0.9114112173860603,-0.006102497366950874,composite,144,12.2007,0.00065976,122.0,3.599960000000001,-6.000000000000146e-07,3.779999999999994e-05,-1.2541106703310083,cork_fine_trial_2
159,cork_fine,2,0.043,1.0,1.0,240.0,2000.0,15.900660000000002,0.906224067359293,-0.017433456994088447,composite,144,12.2007,0.00065976,122.0,3.6999600000000026,-6.200000000000042e-07,3.777999999999995e-05,-1.2541106703310083,cork_fine_trial_2
160,cork_fine,2,0.043,1.0,1.0,240.0,2000.0,16.000700000000002,0.895849767305758,-0.017433456994088447,composite,144,12.2007,0.00065976,122.0,3.8000000000000025,-6.599999999999835e-07,3.777999999999995e-05,-1.2398791549814734,cork_fine_trial_2
161,cork_fine,2,0.043,1.0,1.0,240.0,2000.0,16.1007,0.895849767305758,-0.017433456994088447,composite,144,12.2007,0.00065976,122.0,3.9000000000000004,-6.599999999999835e-07,3.777999999999995e-05,-1.2398791549814734,cork_fine_trial_2
162,cork_fine,2,0.043,1.0,1.0,240.0,2000.0,16.200670000000002,0.9010369173325256,-0.040095376248363596,composite,144,12.2007,0.00065976,122.0,3.999970000000003,-6.399999999999939e-07,3.7739999999999974e-05,-1.2612264280057757,cork_fine_trial_2
163,cork_fine,2,0.043,1.0,1.0,240.0,2000.0,16.300700000000003,0.895849767305758,-0.028764416621226023,composite,144,12.2007,0.00065976,122.0,4.100000000000003,-6.599999999999835e-07,3.7759999999999964e-05,-1.2469949126562407,cork_fine_trial_2
164,cork_fine,2,0.043,1.0,1.0,240.0,2000.0,16.40067,0.895849767305758,-0.028764416621226023,composite,144,12.2007,0.00065976,122.0,4.199970000000002,-6.599999999999835e-07,3.7759999999999964e-05,-1.2469949126562407,cork_fine_trial_2
165,cork_fine,2,0.043,1.0,1.0,240.0,2000.0,16.500700000000002,0.895849767305758,-0.028764416621226023,composite,144,12.2007,0.00065976,122.0,4.3000000000000025,-6.599999999999835e-07,3.7759999999999964e-05,-1.2469949126562407,cork_fine_trial_2
166,cork_fine,2,0.043,1.0,1.0,240.0,2000.0,16.60066,0.895849767305758,-0.040095376248363596,composite,144,12.2007,0.00065976,122.0,4.399960000000002,-6.599999999999835e-07,3.7739999999999974e-05,-1.2541106703310083,cork_fine_trial_2
167,cork_fine,2,0.043,1.0,1.0,240.0,2000.0,16.700660000000003,0.895849767305758,-0.05142633587550117,composite,144,12.2007,0.00065976,122.0,4.499960000000003,-6.599999999999835e-07,3.7719999999999984e-05,-1.2612264280057757,cork_fine_trial_2
168,cork_fine,2,0.043,1.0,1.0,240.0,2000.0,16.80066,0.895849767305758,-0.05142633587550117,composite,144,12.2007,0.00065976,122.0,4.599960000000001,-6.599999999999835e-07,3.7719999999999984e-05,-1.2612264280057757,cork_fine_trial_2
169,cork_fine,2,0.043,1.0,1.0,240.0,2000.0,16.900660000000002,0.8854754672522233,-0.05142633587550117,composite,144,12.2007,0.00065976,122.0,4.699960000000003,-6.999999999999628e-07,3.7719999999999984e-05,-1.2469949126562407,cork_fine_trial_2
170,cork_fine,2,0.043,1.0,1.0,240.0,2000.0,17.00071,0.8906626172789907,-0.07408825512977632,composite,144,12.2007,0.00065976,122.0,4.800010000000002,-6.799999999999732e-07,3.7680000000000005e-05,-1.268342185680543,cork_fine_trial_2
171,cork_fine,2,0.043,1.0,1.0,240.0,2000.0,17.10067,0.8906626172789907,-0.07408825512977632,composite,144,12.2007,0.00065976,122.0,4.8999700000000015,-6.799999999999732e-07,3.7680000000000005e-05,-1.268342185680543,cork_fine_trial_2
172,cork_fine,2,0.043,1.0,1.0,240.0,2000.0,17.2007,0.8906626172789907,-0.05142633587550117,composite,144,12.2007,0.00065976,122.0,5.000000000000002,-6.799999999999732e-07,3.7719999999999984e-05,-1.2541106703310083,cork_fine_trial_2
173,cork_fine,2,0.043,1.0,1.0,240.0,2000.0,17.30066,0.8802883172254278,-0.06275729550263874,composite,144,12.2007,0.00065976,122.0,5.099960000000001,-7.200000000000609e-07,3.7699999999999995e-05,-1.2469949126562023,cork_fine_trial_2
95,cork_fine,3,0.043,1.0,1.0,240.0,2000.0,9.5007,1.0981486183497713,0.27717149331167273,composite,144,9.5007,0.00065988,95.0,0.0,0.0,3.818000000000007e-05,-1.3323840047534499,cork_fine_trial_3
96,cork_fine,3,0.043,1.0,1.0,240.0,2000.0,9.6007,1.0929614683230038,0.2885024529388103,composite,144,9.5007,0.00065988,95.0,0.09999999999999964,-1.9999999999989644e-08,3.820000000000006e-05,-1.3181524894039152,cork_fine_trial_3
97,cork_fine,3,0.043,1.0,1.0,240.0,2000.0,9.7007,1.0929614683230038,0.27717149331167273,composite,144,9.5007,0.00065988,95.0,0.1999999999999993,-1.9999999999989644e-08,3.818000000000007e-05,-1.3252682470786825,cork_fine_trial_3
98,cork_fine,3,0.043,1.0,1.0,240.0,2000.0,9.8007,1.0877743182962365,0.2091857355487859,composite,144,9.5007,0.00065988,95.0,0.3000000000000007,-3.999999999997929e-08,3.8060000000000025e-05,-1.3608470354525581,cork_fine_trial_3
99,cork_fine,3,0.043,1.0,1.0,240.0,2000.0,9.9007,1.082587168269469,0.14119997778596044,composite,144,9.5007,0.00065988,95.0,0.40000000000000036,-5.999999999996893e-08,3.794000000000009e-05,-1.3964258238263954,cork_fine_trial_3
100,cork_fine,3,0.043,1.0,1.0,240.0,2000.0,10.0007,1.0618385681623994,0.12986901815882287,composite,144,9.5007,0.00065988,95.0,0.5,-1.399999999999275e-07,3.79200000000001e-05,-1.375078550802093,cork_fine_trial_3
101,cork_fine,3,0.043,1.0,1.0,240.0,2000.0,10.10066,1.0462771180820971,0.1638618970402356,composite,144,9.5007,0.00065988,95.0,0.5999599999999994,-1.9999999999989644e-07,3.798000000000007e-05,-1.3323840047534885,cork_fine_trial_3
102,cork_fine,3,0.043,1.0,1.0,240.0,2000.0,10.20066,1.0462771180820971,0.152530937413098,composite,144,9.5007,0.00065988,95.0,0.699959999999999,-1.9999999999989644e-07,3.796000000000008e-05,-1.3394997624282559,cork_fine_trial_3
103,cork_fine,3,0.043,1.0,1.0,240.0,2000.0,10.30066,1.0359028180285343,0.152530937413098,composite,144,9.5007,0.00065988,95.0,0.7999600000000004,-2.3999999999998415e-07,3.796000000000008e-05,-1.3252682470786825,cork_fine_trial_3
104,cork_fine,3,0.043,1.0,1.0,240.0,2000.0,10.4007,1.0307156680017668,0.14119997778596044,composite,144,9.5007,0.00065988,95.0,0.9000000000000004,-2.599999999999738e-07,3.794000000000009e-05,-1.3252682470786825,cork_fine_trial_3
105,cork_fine,3,0.043,1.0,1.0,240.0,2000.0,10.5007,1.0255285179749993,0.14119997778596044,composite,144,9.5007,0.00065988,95.0,1.0,-2.7999999999996344e-07,3.794000000000009e-05,-1.3181524894039152,cork_fine_trial_3
106,cork_fine,3,0.043,1.0,1.0,240.0,2000.0,10.60066,1.0099670678946973,0.14119997778596044,composite,144,9.5007,0.00065988,95.0,1.0999599999999994,-3.3999999999993237e-07,3.794000000000009e-05,-1.2968052163796129,cork_fine_trial_3
107,cork_fine,3,0.043,1.0,1.0,240.0,2000.0,10.70066,1.0099670678946973,0.12986901815882287,composite,144,9.5007,0.00065988,95.0,1.199959999999999,-3.3999999999993237e-07,3.79200000000001e-05,-1.3039209740543802,cork_fine_trial_3
108,cork_fine,3,0.043,1.0,1.0,240.0,2000.0,10.80066,1.0099670678946973,0.12986901815882287,composite,144,9.5007,0.00065988,95.0,1.2999600000000004,-3.3999999999993237e-07,3.79200000000001e-05,-1.3039209740543802,cork_fine_trial_3
109,cork_fine,3,0.043,1.0,1.0,240.0,2000.0,10.9007,1.0099670678946973,0.12986901815882287,composite,144,9.5007,0.00065988,95.0,1.4000000000000004,-3.3999999999993237e-07,3.79200000000001e-05,-1.3039209740543802,cork_fine_trial_3
110,cork_fine,3,0.043,1.0,1.0,240.0,2000.0,11.0007,1.0047799178679298,0.12986901815882287,composite,144,9.5007,0.00065988,95.0,1.5,-3.59999999999922e-07,3.79200000000001e-05,-1.2968052163796129,cork_fine_trial_3
111,cork_fine,3,0.043,1.0,1.0,240.0,2000.0,11.10067,0.9995927678411625,0.11853805853162387,composite,144,9.5007,0.00065988,95.0,1.599969999999999,-3.7999999999991166e-07,3.79e-05,-1.2968052163796513,cork_fine_trial_3
112,cork_fine,3,0.043,1.0,1.0,240.0,2000.0,11.20071,0.9995927678411625,0.11853805853162387,composite,144,9.5007,0.00065988,95.0,1.7000100000000007,-3.7999999999991166e-07,3.79e-05,-1.2968052163796513,cork_fine_trial_3
113,cork_fine,3,0.043,1.0,1.0,240.0,2000.0,11.3007,0.9995927678411625,0.10720709890448629,composite,144,9.5007,0.00065988,95.0,1.8000000000000007,-3.7999999999991166e-07,3.788000000000001e-05,-1.3039209740544189,cork_fine_trial_3
114,cork_fine,3,0.043,1.0,1.0,240.0,2000.0,11.4007,0.994405617814395,0.11853805853162387,composite,144,9.5007,0.00065988,95.0,1.9000000000000004,-3.999999999999013e-07,3.79e-05,-1.289689458704884,cork_fine_trial_3
115,cork_fine,3,0.043,1.0,1.0,240.0,2000.0,11.500660000000002,0.994405617814395,0.10720709890448629,composite,144,9.5007,0.00065988,95.0,1.9999600000000015,-3.999999999999013e-07,3.788000000000001e-05,-1.2968052163796513,cork_fine_trial_3
116,cork_fine,3,0.043,1.0,1.0,240.0,2000.0,11.60067,0.994405617814395,0.09587613927734871,composite,144,9.5007,0.00065988,95.0,2.099969999999999,-3.999999999999013e-07,3.786000000000002e-05,-1.3039209740544189,cork_fine_trial_3
117,cork_fine,3,0.043,1.0,1.0,240.0,2000.0,11.70067,0.9840313177608321,0.08454517965021115,composite,144,9.5007,0.00065988,95.0,2.1999700000000004,-4.39999999999989e-07,3.784000000000003e-05,-1.2968052163796129,cork_fine_trial_3
118,cork_fine,3,0.043,1.0,1.0,240.0,2000.0,11.8007,0.9892184677875995,0.09587613927734871,composite,144,9.5007,0.00065988,95.0,2.3000000000000007,-4.1999999999999937e-07,3.786000000000002e-05,-1.2968052163796129,cork_fine_trial_3
119,cork_fine,3,0.043,1.0,1.0,240.0,2000.0,11.9007,0.9840313177608321,0.09587613927734871,composite,144,9.5007,0.00065988,95.0,2.4000000000000004,-4.39999999999989e-07,3.786000000000002e-05,-1.2896894587048453,cork_fine_trial_3
120,cork_fine,3,0.043,1.0,1.0,240.0,2000.0,12.000660000000002,0.9840313177608321,0.08454517965021115,composite,144,9.5007,0.00065988,95.0,2.4999600000000015,-4.39999999999989e-07,3.784000000000003e-05,-1.2968052163796129,cork_fine_trial_3
121,cork_fine,3,0.043,1.0,1.0,240.0,2000.0,12.10066,0.9840313177608321,0.08454517965021115,composite,144,9.5007,0.00065988,95.0,2.5999599999999994,-4.39999999999989e-07,3.784000000000003e-05,-1.2968052163796129,cork_fine_trial_3
122,cork_fine,3,0.043,1.0,1.0,240.0,2000.0,12.20066,0.9840313177608321,0.08454517965021115,composite,144,9.5007,0.00065988,95.0,2.699959999999999,-4.39999999999989e-07,3.784000000000003e-05,-1.2968052163796129,cork_fine_trial_3
123,cork_fine,3,0.043,1.0,1.0,240.0,2000.0,12.30066,0.9736570177072973,0.07321422002307357,composite,144,9.5007,0.00065988,95.0,2.7999600000000004,-4.799999999999683e-07,3.782000000000004e-05,-1.2896894587048453,cork_fine_trial_3
124,cork_fine,3,0.043,1.0,1.0,240.0,2000.0,12.400710000000002,0.9736570177072973,0.061883260395935995,composite,144,9.5007,0.00065988,95.0,2.9000100000000018,-4.799999999999683e-07,3.780000000000005e-05,-1.2968052163796129,cork_fine_trial_3
125,cork_fine,3,0.043,1.0,1.0,240.0,2000.0,12.5007,0.9788441677340647,0.07321422002307357,composite,144,9.5007,0.00065988,95.0,3.0,-4.5999999999997866e-07,3.782000000000004e-05,-1.2968052163796129,cork_fine_trial_3
126,cork_fine,3,0.043,1.0,1.0,240.0,2000.0,12.600700000000002,0.9736570177072973,0.05055230076879842,composite,144,9.5007,0.00065988,95.0,3.1000000000000014,-4.799999999999683e-07,3.778000000000006e-05,-1.3039209740543802,cork_fine_trial_3
127,cork_fine,3,0.043,1.0,1.0,240.0,2000.0,12.70066,0.9684698676805299,0.05055230076879842,composite,144,9.5007,0.00065988,95.0,3.199959999999999,-4.999999999999579e-07,3.778000000000006e-05,-1.2968052163796129,cork_fine_trial_3
128,cork_fine,3,0.043,1.0,1.0,240.0,2000.0,12.8007,0.9632827176537625,0.05055230076879842,composite,144,9.5007,0.00065988,95.0,3.3000000000000007,-5.199999999999476e-07,3.778000000000006e-05,-1.2896894587048453,cork_fine_trial_3
129,cork_fine,3,0.043,1.0,1.0,240.0,2000.0,12.90066,0.9684698676805299,0.027890381514523273,composite,144,9.5007,0.00065988,95.0,3.39996,-4.999999999999579e-07,3.774000000000008e-05,-1.3110367317291476,cork_fine_trial_3
130,cork_fine,3,0.043,1.0,1.0,240.0,2000.0,13.000710000000002,0.9632827176537625,0.03922134114166085,composite,144,9.5007,0.00065988,95.0,3.5000100000000014,-5.199999999999476e-07,3.776000000000007e-05,-1.2968052163796129,cork_fine_trial_3
131,cork_fine,3,0.043,1.0,1.0,240.0,2000.0,13.10067,0.9684698676805299,0.027890381514523273,composite,144,9.5007,0.00065988,95.0,3.599969999999999,-4.999999999999579e-07,3.774000000000008e-05,-1.3110367317291476,cork_fine_trial_3
132,cork_fine,3,0.043,1.0,1.0,240.0,2000.0,13.20066,0.9684698676805299,0.027890381514523273,composite,144,9.5007,0.00065988,95.0,3.699959999999999,-4.999999999999579e-07,3.774000000000008e-05,-1.3110367317291476,cork_fine_trial_3
133,cork_fine,3,0.043,1.0,1.0,240.0,2000.0,13.30067,0.9632827176537625,0.027890381514523273,composite,144,9.5007,0.00065988,95.0,3.79997,-5.199999999999476e-07,3.774000000000008e-05,-1.3039209740543802,cork_fine_trial_3
134,cork_fine,3,0.043,1.0,1.0,240.0,2000.0,13.4007,0.9580955676269951,0.0165594218873857,composite,144,9.5007,0.00065988,95.0,3.9000000000000004,-5.399999999999372e-07,3.772000000000009e-05,-1.3039209740543802,cork_fine_trial_3
135,cork_fine,3,0.043,1.0,1.0,240.0,2000.0,13.500700000000002,0.9632827176537625,0.005228462260248125,composite,144,9.5007,0.00065988,95.0,4.000000000000002,-5.199999999999476e-07,3.77000000000001e-05,-1.3181524894039152,cork_fine_trial_3
136,cork_fine,3,0.043,1.0,1.0,240.0,2000.0,13.60067,0.9529084176002277,0.0165594218873857,composite,144,9.5007,0.00065988,95.0,4.099969999999999,-5.599999999999269e-07,3.772000000000009e-05,-1.2968052163796129,cork_fine_trial_3
137,cork_fine,3,0.043,1.0,1.0,240.0,2000.0,13.7007,0.9632827176537625,0.0165594218873857,composite,144,9.5007,0.00065988,95.0,4.199999999999999,-5.199999999999476e-07,3.772000000000009e-05,-1.3110367317291476,cork_fine_trial_3
138,cork_fine,3,0.043,1.0,1.0,240.0,2000.0,13.80066,0.9580955676269951,0.005228462260248125,composite,144,9.5007,0.00065988,95.0,4.2999600000000004,-5.399999999999372e-07,3.77000000000001e-05,-1.3110367317291476,cork_fine_trial_3
139,cork_fine,3,0.043,1.0,1.0,240.0,2000.0,13.9007,0.9529084176002277,-0.017433456994088447,composite,144,9.5007,0.00065988,95.0,4.4,-5.599999999999269e-07,3.7660000000000016e-05,-1.3181524894039536,cork_fine_trial_3
140,cork_fine,3,0.043,1.0,1.0,240.0,2000.0,14.000700000000002,0.9529084176002277,-0.006102497366950874,composite,144,9.5007,0.00065988,95.0,4.500000000000002,-5.599999999999269e-07,3.7680000000000005e-05,-1.3110367317291862,cork_fine_trial_3
141,cork_fine,3,0.043,1.0,1.0,240.0,2000.0,14.10071,0.9477212675734602,-0.006102497366950874,composite,144,9.5007,0.00065988,95.0,4.600009999999999,-5.799999999999165e-07,3.7680000000000005e-05,-1.3039209740544189,cork_fine_trial_3
142,cork_fine,3,0.043,1.0,1.0,240.0,2000.0,14.2007,0.9477212675734602,-0.017433456994088447,composite,144,9.5007,0.00065988,95.0,4.699999999999999,-5.799999999999165e-07,3.7660000000000016e-05,-1.3110367317291862,cork_fine_trial_3
143,cork_fine,3,0.043,1.0,1.0,240.0,2000.0,14.3007,0.9477212675734602,-0.006102497366950874,composite,144,9.5007,0.00065988,95.0,4.800000000000001,-5.799999999999165e-07,3.7680000000000005e-05,-1.3039209740544189,cork_fine_trial_3
144,cork_fine,3,0.043,1.0,1.0,240.0,2000.0,14.400710000000002,0.9477212675734602,-0.017433456994088447,composite,144,9.5007,0.00065988,95.0,4.900010000000002,-5.799999999999165e-07,3.7660000000000016e-05,-1.3110367317291862,cork_fine_trial_3
145,cork_fine,3,0.043,1.0,1.0,240.0,2000.0,14.50067,0.9477212675734602,-0.040095376248363596,composite,144,9.5007,0.00065988,95.0,4.999969999999999,-5.799999999999165e-07,3.7620000000000036e-05,-1.3252682470787212,cork_fine_trial_3
146,cork_fine,3,0.043,1.0,1.0,240.0,2000.0,14.60067,0.9477212675734602,-0.040095376248363596,composite,144,9.5007,0.00065988,95.0,5.099969999999999,-5.799999999999165e-07,3.7620000000000036e-05,-1.3252682470787212,cork_fine_trial_3
114,cork_fine,4,0.043,1.0,1.0,2000.0,2000.0,11.4007,1.2070787689119429,1.3082888193816835,composite,415,11.4007,0.0006603,114.0,0.0,0.0,3.958e-05,-0.8342809675194988,cork_fine_trial_4
115,cork_fine,4,0.043,1.0,1.0,2000.0,2000.0,11.5007,1.2018916188851756,1.296957859754546,composite,415,11.4007,0.0006603,114.0,0.09999999999999964,-1.9999999999989644e-08,3.956000000000001e-05,-0.8342809675194988,cork_fine_trial_4
116,cork_fine,4,0.043,1.0,1.0,2000.0,2000.0,11.60066,1.2070787689119429,1.296957859754546,composite,415,11.4007,0.0006603,114.0,0.19995999999999903,0.0,3.956000000000001e-05,-0.8413967251942662,cork_fine_trial_4
117,cork_fine,4,0.043,1.0,1.0,2000.0,2000.0,11.7007,1.2174530689655059,1.1949792231103076,composite,415,11.4007,0.0006603,114.0,0.29999999999999893,4.000000000008771e-08,3.93800000000001e-05,-0.9196700596167464,cork_fine_trial_4
118,cork_fine,4,0.043,1.0,1.0,2000.0,2000.0,11.8007,1.1863301688048733,1.1836482634831087,composite,415,11.4007,0.0006603,114.0,0.40000000000000036,-7.999999999995858e-08,3.936e-05,-0.8840912712429093,cork_fine_trial_4
119,cork_fine,4,0.043,1.0,1.0,2000.0,2000.0,11.9007,1.170768718724571,1.1949792231103076,composite,415,11.4007,0.0006603,114.0,0.5,-1.399999999999275e-07,3.93800000000001e-05,-0.855628240543801,cork_fine_trial_4
120,cork_fine,4,0.043,1.0,1.0,2000.0,2000.0,12.0007,1.1500201186174734,1.172317303855971,composite,415,11.4007,0.0006603,114.0,0.5999999999999996,-2.199999999999945e-07,3.934000000000001e-05,-0.8413967251942662,cork_fine_trial_4
121,cork_fine,4,0.043,1.0,1.0,2000.0,2000.0,12.10066,1.144832968590706,1.1836482634831087,composite,415,11.4007,0.0006603,114.0,0.699959999999999,-2.3999999999998415e-07,3.936e-05,-0.8271652098447314,cork_fine_trial_4
122,cork_fine,4,0.043,1.0,1.0,2000.0,2000.0,12.2007,1.1344586685371711,1.1609863442288335,composite,415,11.4007,0.0006603,114.0,0.7999999999999989,-2.7999999999996344e-07,3.932000000000002e-05,-0.8271652098447314,cork_fine_trial_4
123,cork_fine,4,0.043,1.0,1.0,2000.0,2000.0,12.30066,1.1240843684836364,1.172317303855971,composite,415,11.4007,0.0006603,114.0,0.8999600000000001,-3.199999999999427e-07,3.934000000000001e-05,-0.8058179368204291,cork_fine_trial_4
124,cork_fine,4,0.043,1.0,1.0,2000.0,2000.0,12.4007,1.1188972184568688,1.1609863442288335,composite,415,11.4007,0.0006603,114.0,1.0,-3.3999999999993237e-07,3.932000000000002e-05,-0.8058179368204291,cork_fine_trial_4
125,cork_fine,4,0.043,1.0,1.0,2000.0,2000.0,12.5007,1.1188972184568688,1.149655384601696,composite,415,11.4007,0.0006603,114.0,1.0999999999999996,-3.3999999999993237e-07,3.9300000000000034e-05,-0.8129336944951965,cork_fine_trial_4
126,cork_fine,4,0.043,1.0,1.0,2000.0,2000.0,12.60066,1.1240843684836364,1.1383244249745583,composite,415,11.4007,0.0006603,114.0,1.199959999999999,-3.199999999999427e-07,3.9280000000000044e-05,-0.8271652098447314,cork_fine_trial_4
127,cork_fine,4,0.043,1.0,1.0,2000.0,2000.0,12.70066,1.108522918403334,1.1609863442288335,composite,415,11.4007,0.0006603,114.0,1.2999599999999987,-3.7999999999991166e-07,3.932000000000002e-05,-0.7915864214708943,cork_fine_trial_4
128,cork_fine,4,0.043,1.0,1.0,2000.0,2000.0,12.80066,1.1033357683765668,1.1609863442288335,composite,415,11.4007,0.0006603,114.0,1.39996,-3.999999999999013e-07,3.932000000000002e-05,-0.7844706637961268,cork_fine_trial_4
129,cork_fine,4,0.043,1.0,1.0,2000.0,2000.0,12.90066,1.1033357683765668,1.1383244249745583,composite,415,11.4007,0.0006603,114.0,1.4999599999999997,-3.999999999999013e-07,3.9280000000000044e-05,-0.7987021791456617,cork_fine_trial_4
130,cork_fine,4,0.043,1.0,1.0,2000.0,2000.0,13.000700000000002,1.1033357683765668,1.1383244249745583,composite,415,11.4007,0.0006603,114.0,1.6000000000000014,-3.999999999999013e-07,3.9280000000000044e-05,-0.7987021791456617,cork_fine_trial_4
131,cork_fine,4,0.043,1.0,1.0,2000.0,2000.0,13.100700000000002,1.0981486183497713,1.149655384601696,composite,415,11.4007,0.0006603,114.0,1.700000000000001,-4.1999999999999937e-07,3.9300000000000034e-05,-0.7844706637960882,cork_fine_trial_4
132,cork_fine,4,0.043,1.0,1.0,2000.0,2000.0,13.20066,1.0929614683230038,1.1269934653474207,composite,415,11.4007,0.0006603,114.0,1.7999599999999987,-4.39999999999989e-07,3.9260000000000054e-05,-0.7915864214708557,cork_fine_trial_4
133,cork_fine,4,0.043,1.0,1.0,2000.0,2000.0,13.30066,1.0929614683230038,1.1156625057202831,composite,415,11.4007,0.0006603,114.0,1.89996,-4.39999999999989e-07,3.9240000000000065e-05,-0.7987021791456231,cork_fine_trial_4
134,cork_fine,4,0.043,1.0,1.0,2000.0,2000.0,13.4007,1.0929614683230038,1.1156625057202831,composite,415,11.4007,0.0006603,114.0,2.0,-4.39999999999989e-07,3.9240000000000065e-05,-0.7987021791456231,cork_fine_trial_4
135,cork_fine,4,0.043,1.0,1.0,2000.0,2000.0,13.500700000000002,1.082587168269469,1.1156625057202831,composite,415,11.4007,0.0006603,114.0,2.1000000000000014,-4.799999999999683e-07,3.9240000000000065e-05,-0.7844706637960882,cork_fine_trial_4
136,cork_fine,4,0.043,1.0,1.0,2000.0,2000.0,13.60066,1.0877743182962365,1.1043315460931455,composite,415,11.4007,0.0006603,114.0,2.199959999999999,-4.5999999999997866e-07,3.9220000000000075e-05,-0.7987021791456231,cork_fine_trial_4
137,cork_fine,4,0.043,1.0,1.0,2000.0,2000.0,13.70066,1.0877743182962365,1.1043315460931455,composite,415,11.4007,0.0006603,114.0,2.2999599999999987,-4.5999999999997866e-07,3.9220000000000075e-05,-0.7987021791456231,cork_fine_trial_4
138,cork_fine,4,0.043,1.0,1.0,2000.0,2000.0,13.8007,1.082587168269469,1.0930005864660082,composite,415,11.4007,0.0006603,114.0,2.4000000000000004,-4.799999999999683e-07,3.9200000000000085e-05,-0.7987021791456231,cork_fine_trial_4
139,cork_fine,4,0.043,1.0,1.0,2000.0,2000.0,13.9007,1.0774000182427015,1.0816696268388706,composite,415,11.4007,0.0006603,114.0,2.5,-4.999999999999579e-07,3.9180000000000096e-05,-0.7987021791456231,cork_fine_trial_4
140,cork_fine,4,0.043,1.0,1.0,2000.0,2000.0,14.000700000000002,1.0774000182427015,1.0930005864660082,composite,415,11.4007,0.0006603,114.0,2.6000000000000014,-4.999999999999579e-07,3.9200000000000085e-05,-0.7915864214708557,cork_fine_trial_4
141,cork_fine,4,0.043,1.0,1.0,2000.0,2000.0,14.10066,1.0774000182427015,1.0590077075845339,composite,415,11.4007,0.0006603,114.0,2.699959999999999,-4.999999999999579e-07,3.914000000000001e-05,-0.8129336944951965,cork_fine_trial_4
142,cork_fine,4,0.043,1.0,1.0,2000.0,2000.0,14.2007,1.0774000182427015,1.0703386672116715,composite,415,11.4007,0.0006603,114.0,2.799999999999999,-4.999999999999579e-07,3.916e-05,-0.8058179368204291,cork_fine_trial_4
143,cork_fine,4,0.043,1.0,1.0,2000.0,2000.0,14.30066,1.0722128682159342,1.0476767479573963,composite,415,11.4007,0.0006603,114.0,2.89996,-5.199999999999476e-07,3.912000000000002e-05,-0.8129336944951965,cork_fine_trial_4
144,cork_fine,4,0.043,1.0,1.0,2000.0,2000.0,14.400660000000002,1.0722128682159342,1.0590077075845339,composite,415,11.4007,0.0006603,114.0,2.9999600000000015,-5.199999999999476e-07,3.914000000000001e-05,-0.8058179368204291,cork_fine_trial_4
145,cork_fine,4,0.043,1.0,1.0,2000.0,2000.0,14.500700000000002,1.0670257181891667,1.0476767479573963,composite,415,11.4007,0.0006603,114.0,3.1000000000000014,-5.399999999999372e-07,3.912000000000002e-05,-0.8058179368204291,cork_fine_trial_4
146,cork_fine,4,0.043,1.0,1.0,2000.0,2000.0,14.600700000000002,1.0670257181891667,1.0476767479573963,composite,415,11.4007,0.0006603,114.0,3.200000000000001,-5.399999999999372e-07,3.912000000000002e-05,-0.8058179368204291,cork_fine_trial_4
147,cork_fine,4,0.043,1.0,1.0,2000.0,2000.0,14.70066,1.0670257181891667,1.0363457883302587,composite,415,11.4007,0.0006603,114.0,3.2999599999999987,-5.399999999999372e-07,3.910000000000003e-05,-0.8129336944951965,cork_fine_trial_4
148,cork_fine,4,0.043,1.0,1.0,2000.0,2000.0,14.8007,1.0670257181891667,1.0476767479573963,composite,415,11.4007,0.0006603,114.0,3.4000000000000004,-5.399999999999372e-07,3.912000000000002e-05,-0.8058179368204291,cork_fine_trial_4
149,cork_fine,4,0.043,1.0,1.0,2000.0,2000.0,14.9007,1.0670257181891667,1.025014828703121,composite,415,11.4007,0.0006603,114.0,3.5,-5.399999999999372e-07,3.908000000000004e-05,-0.8200494521699639,cork_fine_trial_4
150,cork_fine,4,0.043,1.0,1.0,2000.0,2000.0,15.000660000000002,1.0618385681623994,1.025014828703121,composite,415,11.4007,0.0006603,114.0,3.599960000000001,-5.599999999999269e-07,3.908000000000004e-05,-0.8129336944951965,cork_fine_trial_4
151,cork_fine,4,0.043,1.0,1.0,2000.0,2000.0,15.100700000000002,1.0670257181891667,1.0136838690759837,composite,415,11.4007,0.0006603,114.0,3.700000000000001,-5.399999999999372e-07,3.906000000000005e-05,-0.8271652098447314,cork_fine_trial_4
152,cork_fine,4,0.043,1.0,1.0,2000.0,2000.0,15.2007,1.0670257181891667,1.0136838690759837,composite,415,11.4007,0.0006603,114.0,3.799999999999999,-5.399999999999372e-07,3.906000000000005e-05,-0.8271652098447314,cork_fine_trial_4
153,cork_fine,4,0.043,1.0,1.0,2000.0,2000.0,15.30066,1.056651418135632,1.0136838690759837,composite,415,11.4007,0.0006603,114.0,3.89996,-5.799999999999165e-07,3.906000000000005e-05,-0.8129336944951965,cork_fine_trial_4
154,cork_fine,4,0.043,1.0,1.0,2000.0,2000.0,15.400660000000002,1.056651418135632,0.9910219498217084,composite,415,11.4007,0.0006603,114.0,3.9999600000000015,-5.799999999999165e-07,3.902000000000007e-05,-0.8271652098447314,cork_fine_trial_4
155,cork_fine,4,0.043,1.0,1.0,2000.0,2000.0,15.500700000000002,1.056651418135632,0.9910219498217084,composite,415,11.4007,0.0006603,114.0,4.100000000000001,-5.799999999999165e-07,3.902000000000007e-05,-0.8271652098447314,cork_fine_trial_4
156,cork_fine,4,0.043,1.0,1.0,2000.0,2000.0,15.60066,1.056651418135632,0.979690990194571,composite,415,11.4007,0.0006603,114.0,4.199959999999999,-5.799999999999165e-07,3.900000000000008e-05,-0.8342809675194988,cork_fine_trial_4
157,cork_fine,4,0.043,1.0,1.0,2000.0,2000.0,15.70066,1.056651418135632,0.979690990194571,composite,415,11.4007,0.0006603,114.0,4.299959999999999,-5.799999999999165e-07,3.900000000000008e-05,-0.8342809675194988,cork_fine_trial_4
158,cork_fine,4,0.043,1.0,1.0,2000.0,2000.0,15.8007,1.056651418135632,0.9683600305674334,composite,415,11.4007,0.0006603,114.0,4.4,-5.799999999999165e-07,3.898000000000009e-05,-0.8413967251942662,cork_fine_trial_4
159,cork_fine,4,0.043,1.0,1.0,2000.0,2000.0,15.900660000000002,1.0514642681088646,0.9683600305674334,composite,415,11.4007,0.0006603,114.0,4.4999600000000015,-5.999999999999062e-07,3.898000000000009e-05,-0.8342809675194988,cork_fine_trial_4
160,cork_fine,4,0.043,1.0,1.0,2000.0,2000.0,16.00066,1.0514642681088646,0.9456981113130968,composite,415,11.4007,0.0006603,114.0,4.599959999999999,-5.999999999999062e-07,3.894e-05,-0.8485124828690722,cork_fine_trial_4
161,cork_fine,4,0.043,1.0,1.0,2000.0,2000.0,16.1007,1.0514642681088646,0.9683600305674334,composite,415,11.4007,0.0006603,114.0,4.699999999999999,-5.999999999999062e-07,3.898000000000009e-05,-0.8342809675194988,cork_fine_trial_4
162,cork_fine,4,0.043,1.0,1.0,2000.0,2000.0,16.200660000000003,1.0514642681088646,0.9570290709402958,composite,415,11.4007,0.0006603,114.0,4.799960000000002,-5.999999999999062e-07,3.89600000000001e-05,-0.8413967251942662,cork_fine_trial_4
163,cork_fine,4,0.043,1.0,1.0,2000.0,2000.0,16.300700000000003,1.0462771180820971,0.9343671516859592,composite,415,11.4007,0.0006603,114.0,4.900000000000002,-6.199999999998958e-07,3.8920000000000014e-05,-0.8485124828690722,cork_fine_trial_4
164,cork_fine,4,0.043,1.0,1.0,2000.0,2000.0,16.4007,1.0410899680553016,0.9343671516859592,composite,415,11.4007,0.0006603,114.0,5.0,-6.399999999999939e-07,3.8920000000000014e-05,-0.8413967251942662,cork_fine_trial_4
110,cork_fine,5,0.043,1.0,1.0,2000.0,2000.0,11.000710000000002,1.2018916188851756,1.2629649808731331,composite,415,11.000710000000002,0.00066028,110.0,0.0,0.0,3.952000000000003e-05,-0.855628240543801,cork_fine_trial_5
111,cork_fine,5,0.043,1.0,1.0,2000.0,2000.0,11.100700000000002,1.196704468858408,1.2629649808731331,composite,415,11.000710000000002,0.00066028,110.0,0.09999000000000002,-1.9999999999989644e-08,3.952000000000003e-05,-0.8485124828690337,cork_fine_trial_5
112,cork_fine,5,0.043,1.0,1.0,2000.0,2000.0,11.20066,1.196704468858408,1.2629649808731331,composite,415,11.000710000000002,0.00066028,110.0,0.19994999999999763,-1.9999999999989644e-08,3.952000000000003e-05,-0.8485124828690337,cork_fine_trial_5
113,cork_fine,5,0.043,1.0,1.0,2000.0,2000.0,11.30066,1.2174530689655059,1.2516340212459955,composite,415,11.000710000000002,0.00066028,110.0,0.29994999999999905,6.000000000007735e-08,3.950000000000004e-05,-0.8840912712429093,cork_fine_trial_5
114,cork_fine,5,0.043,1.0,1.0,2000.0,2000.0,11.4007,1.170768718724571,1.240303061618858,composite,415,11.000710000000002,0.00066028,110.0,0.39998999999999896,-1.1999999999993786e-07,3.948000000000005e-05,-0.8271652098447314,cork_fine_trial_5
115,cork_fine,5,0.043,1.0,1.0,2000.0,2000.0,11.500660000000002,1.144832968590706,1.2176411423645828,composite,415,11.000710000000002,0.00066028,110.0,0.4999500000000001,-2.199999999999945e-07,3.944000000000007e-05,-0.8058179368203905,cork_fine_trial_5
116,cork_fine,5,0.043,1.0,1.0,2000.0,2000.0,11.60066,1.1344586685371711,1.2289721019917204,composite,415,11.000710000000002,0.00066028,110.0,0.599949999999998,-2.599999999999738e-07,3.946000000000006e-05,-0.7844706637960882,cork_fine_trial_5
117,cork_fine,5,0.043,1.0,1.0,2000.0,2000.0,11.7007,1.1292715185104036,1.2289721019917204,composite,415,11.000710000000002,0.00066028,110.0,0.6999899999999979,-2.7999999999996344e-07,3.946000000000006e-05,-0.7773549061213209,cork_fine_trial_5
118,cork_fine,5,0.043,1.0,1.0,2000.0,2000.0,11.8007,1.1188972184568688,1.2289721019917204,composite,415,11.000710000000002,0.00066028,110.0,0.7999899999999993,-3.199999999999427e-07,3.946000000000006e-05,-0.763123390771786,cork_fine_trial_5
119,cork_fine,5,0.043,1.0,1.0,2000.0,2000.0,11.90066,1.1188972184568688,1.2289721019917204,composite,415,11.000710000000002,0.00066028,110.0,0.8999499999999987,-3.199999999999427e-07,3.946000000000006e-05,-0.763123390771786,cork_fine_trial_5
120,cork_fine,5,0.043,1.0,1.0,2000.0,2000.0,12.000660000000002,1.108522918403334,1.2176411423645828,composite,415,11.000710000000002,0.00066028,110.0,0.9999500000000001,-3.59999999999922e-07,3.944000000000007e-05,-0.7560076330970186,cork_fine_trial_5
121,cork_fine,5,0.043,1.0,1.0,2000.0,2000.0,12.10066,1.108522918403334,1.2063101827374452,composite,415,11.000710000000002,0.00066028,110.0,1.099949999999998,-3.59999999999922e-07,3.942000000000008e-05,-0.763123390771786,cork_fine_trial_5
122,cork_fine,5,0.043,1.0,1.0,2000.0,2000.0,12.20066,1.108522918403334,1.2176411423645828,composite,415,11.000710000000002,0.00066028,110.0,1.1999499999999976,-3.59999999999922e-07,3.944000000000007e-05,-0.7560076330970186,cork_fine_trial_5
123,cork_fine,5,0.043,1.0,1.0,2000.0,2000.0,12.3007,1.0929614683230038,1.1949792231103076,composite,415,11.000710000000002,0.00066028,110.0,1.2999899999999993,-4.1999999999999937e-07,3.940000000000009e-05,-0.7488918754222126,cork_fine_trial_5
124,cork_fine,5,0.043,1.0,1.0,2000.0,2000.0,12.400670000000002,1.0929614683230038,1.1949792231103076,composite,415,11.000710000000002,0.00066028,110.0,1.39996,-4.1999999999999937e-07,3.940000000000009e-05,-0.7488918754222126,cork_fine_trial_5
125,cork_fine,5,0.043,1.0,1.0,2000.0,2000.0,12.50067,1.0929614683230038,1.1836482634831087,composite,415,11.000710000000002,0.00066028,110.0,1.499959999999998,-4.1999999999999937e-07,3.937999999999999e-05,-0.7560076330970186,cork_fine_trial_5
126,cork_fine,5,0.043,1.0,1.0,2000.0,2000.0,12.60067,1.0929614683230038,1.1949792231103076,composite,415,11.000710000000002,0.00066028,110.0,1.5999599999999976,-4.1999999999999937e-07,3.940000000000009e-05,-0.7488918754222126,cork_fine_trial_5
127,cork_fine,5,0.043,1.0,1.0,2000.0,2000.0,12.7007,1.0877743182962365,1.172317303855971,composite,415,11.000710000000002,0.00066028,110.0,1.699989999999998,-4.39999999999989e-07,3.936e-05,-0.7560076330970186,cork_fine_trial_5
128,cork_fine,5,0.043,1.0,1.0,2000.0,2000.0,12.80066,1.0774000182427015,1.172317303855971,composite,415,11.000710000000002,0.00066028,110.0,1.799949999999999,-4.799999999999683e-07,3.936e-05,-0.7417761177474838,cork_fine_trial_5
129,cork_fine,5,0.043,1.0,1.0,2000.0,2000.0,12.90066,1.0774000182427015,1.1836482634831087,composite,415,11.000710000000002,0.00066028,110.0,1.8999499999999987,-4.799999999999683e-07,3.937999999999999e-05,-0.7346603600727163,cork_fine_trial_5
130,cork_fine,5,0.043,1.0,1.0,2000.0,2000.0,13.000700000000002,1.0774000182427015,1.172317303855971,composite,415,11.000710000000002,0.00066028,110.0,1.9999900000000004,-4.799999999999683e-07,3.936e-05,-0.7417761177474838,cork_fine_trial_5
131,cork_fine,5,0.043,1.0,1.0,2000.0,2000.0,13.100700000000002,1.0774000182427015,1.172317303855971,composite,415,11.000710000000002,0.00066028,110.0,2.09999,-4.799999999999683e-07,3.936e-05,-0.7417761177474838,cork_fine_trial_5
132,cork_fine,5,0.043,1.0,1.0,2000.0,2000.0,13.2007,1.0774000182427015,1.149655384601696,composite,415,11.000710000000002,0.00066028,110.0,2.199989999999998,-4.799999999999683e-07,3.932000000000002e-05,-0.7560076330970186,cork_fine_trial_5
133,cork_fine,5,0.043,1.0,1.0,2000.0,2000.0,13.3007,1.0722128682159342,1.1609863442288335,composite,415,11.000710000000002,0.00066028,110.0,2.2999899999999993,-4.999999999999579e-07,3.934000000000001e-05,-0.7417761177474838,cork_fine_trial_5
134,cork_fine,5,0.043,1.0,1.0,2000.0,2000.0,13.40066,1.0670257181891667,1.149655384601696,composite,415,11.000710000000002,0.00066028,110.0,2.3999499999999987,-5.199999999999476e-07,3.932000000000002e-05,-0.7417761177474838,cork_fine_trial_5
135,cork_fine,5,0.043,1.0,1.0,2000.0,2000.0,13.500700000000002,1.0670257181891667,1.1383244249745583,composite,415,11.000710000000002,0.00066028,110.0,2.4999900000000004,-5.199999999999476e-07,3.9300000000000034e-05,-0.7488918754222511,cork_fine_trial_5
136,cork_fine,5,0.043,1.0,1.0,2000.0,2000.0,13.600700000000002,1.0670257181891667,1.1383244249745583,composite,415,11.000710000000002,0.00066028,110.0,2.59999,-5.199999999999476e-07,3.9300000000000034e-05,-0.7488918754222511,cork_fine_trial_5
137,cork_fine,5,0.043,1.0,1.0,2000.0,2000.0,13.7007,1.0670257181891667,1.1383244249745583,composite,415,11.000710000000002,0.00066028,110.0,2.699989999999998,-5.199999999999476e-07,3.9300000000000034e-05,-0.7488918754222511,cork_fine_trial_5
138,cork_fine,5,0.043,1.0,1.0,2000.0,2000.0,13.8007,1.056651418135632,1.1383244249745583,composite,415,11.000710000000002,0.00066028,110.0,2.7999899999999993,-5.599999999999269e-07,3.9300000000000034e-05,-0.7346603600727163,cork_fine_trial_5
139,cork_fine,5,0.043,1.0,1.0,2000.0,2000.0,13.9007,1.0618385681623994,1.1156625057202831,composite,415,11.000710000000002,0.00066028,110.0,2.899989999999999,-5.399999999999372e-07,3.9260000000000054e-05,-0.7560076330970186,cork_fine_trial_5
140,cork_fine,5,0.043,1.0,1.0,2000.0,2000.0,14.000700000000002,1.056651418135632,1.1156625057202831,composite,415,11.000710000000002,0.00066028,110.0,2.9999900000000004,-5.599999999999269e-07,3.9260000000000054e-05,-0.7488918754222511,cork_fine_trial_5
141,cork_fine,5,0.043,1.0,1.0,2000.0,2000.0,14.10066,1.056651418135632,1.1156625057202831,composite,415,11.000710000000002,0.00066028,110.0,3.099949999999998,-5.599999999999269e-07,3.9260000000000054e-05,-0.7488918754222511,cork_fine_trial_5
142,cork_fine,5,0.043,1.0,1.0,2000.0,2000.0,14.2007,1.056651418135632,1.1043315460931455,composite,415,11.000710000000002,0.00066028,110.0,3.199989999999998,-5.599999999999269e-07,3.9240000000000065e-05,-0.7560076330970186,cork_fine_trial_5
143,cork_fine,5,0.043,1.0,1.0,2000.0,2000.0,14.30066,1.0514642681088646,1.0930005864660082,composite,415,11.000710000000002,0.00066028,110.0,3.299949999999999,-5.799999999999165e-07,3.9220000000000075e-05,-0.7560076330970186,cork_fine_trial_5
144,cork_fine,5,0.043,1.0,1.0,2000.0,2000.0,14.4007,1.056651418135632,1.1043315460931455,composite,415,11.000710000000002,0.00066028,110.0,3.399989999999999,-5.599999999999269e-07,3.9240000000000065e-05,-0.7560076330970186,cork_fine_trial_5
145,cork_fine,5,0.043,1.0,1.0,2000.0,2000.0,14.500660000000002,1.056651418135632,1.0930005864660082,composite,415,11.000710000000002,0.00066028,110.0,3.49995,-5.599999999999269e-07,3.9220000000000075e-05,-0.763123390771786,cork_fine_trial_5
146,cork_fine,5,0.043,1.0,1.0,2000.0,2000.0,14.60066,1.056651418135632,1.0930005864660082,composite,415,11.000710000000002,0.00066028,110.0,3.599949999999998,-5.599999999999269e-07,3.9220000000000075e-05,-0.763123390771786,cork_fine_trial_5
147,cork_fine,5,0.043,1.0,1.0,2000.0,2000.0,14.70066,1.0410899680553016,1.0930005864660082,composite,415,11.000710000000002,0.00066028,110.0,3.6999499999999976,-6.200000000000042e-07,3.9220000000000075e-05,-0.7417761177474451,cork_fine_trial_5
148,cork_fine,5,0.043,1.0,1.0,2000.0,2000.0,14.8007,1.0462771180820971,1.0703386672116715,composite,415,11.000710000000002,0.00066028,110.0,3.7999899999999993,-5.999999999999062e-07,3.917999999999999e-05,-0.7631233907718246,cork_fine_trial_5
149,cork_fine,5,0.043,1.0,1.0,2000.0,2000.0,14.9007,1.0462771180820971,1.0816696268388706,composite,415,11.000710000000002,0.00066028,110.0,3.899989999999999,-5.999999999999062e-07,3.9200000000000085e-05,-0.7560076330970186,cork_fine_trial_5
150,cork_fine,5,0.043,1.0,1.0,2000.0,2000.0,15.000700000000002,1.0462771180820971,1.0590077075845339,composite,415,11.000710000000002,0.00066028,110.0,3.9999900000000004,-5.999999999999062e-07,3.916e-05,-0.770239148446592,cork_fine_trial_5
151,cork_fine,5,0.043,1.0,1.0,2000.0,2000.0,15.10071,1.0410899680553016,1.0703386672116715,composite,415,11.000710000000002,0.00066028,110.0,4.099999999999998,-6.200000000000042e-07,3.917999999999999e-05,-0.7560076330970186,cork_fine_trial_5
152,cork_fine,5,0.043,1.0,1.0,2000.0,2000.0,15.20066,1.0514642681088646,1.0590077075845339,composite,415,11.000710000000002,0.00066028,110.0,4.199949999999998,-5.799999999999165e-07,3.916e-05,-0.7773549061213594,cork_fine_trial_5
153,cork_fine,5,0.043,1.0,1.0,2000.0,2000.0,15.3007,1.0410899680553016,1.0590077075845339,composite,415,11.000710000000002,0.00066028,110.0,4.299989999999999,-6.200000000000042e-07,3.916e-05,-0.763123390771786,cork_fine_trial_5
154,cork_fine,5,0.043,1.0,1.0,2000.0,2000.0,15.400660000000002,1.0410899680553016,1.0590077075845339,composite,415,11.000710000000002,0.00066028,110.0,4.3999500000000005,-6.200000000000042e-07,3.916e-05,-0.763123390771786,cork_fine_trial_5
155,cork_fine,5,0.043,1.0,1.0,2000.0,2000.0,15.500660000000002,1.0359028180285343,1.0476767479573963,composite,415,11.000710000000002,0.00066028,110.0,4.49995,-6.399999999999939e-07,3.914000000000001e-05,-0.763123390771786,cork_fine_trial_5
156,cork_fine,5,0.043,1.0,1.0,2000.0,2000.0,15.600700000000002,1.0359028180285343,1.0363457883302587,composite,415,11.000710000000002,0.00066028,110.0,4.59999,-6.399999999999939e-07,3.912000000000002e-05,-0.7702391484465534,cork_fine_trial_5
157,cork_fine,5,0.043,1.0,1.0,2000.0,2000.0,15.70066,1.0359028180285343,1.0363457883302587,composite,415,11.000710000000002,0.00066028,110.0,4.699949999999998,-6.399999999999939e-07,3.912000000000002e-05,-0.7702391484465534,cork_fine_trial_5
158,cork_fine,5,0.043,1.0,1.0,2000.0,2000.0,15.80066,1.0359028180285343,1.025014828703121,composite,415,11.000710000000002,0.00066028,110.0,4.799949999999999,-6.399999999999939e-07,3.910000000000003e-05,-0.7773549061213209,cork_fine_trial_5
159,cork_fine,5,0.043,1.0,1.0,2000.0,2000.0,15.9007,1.0307156680017668,1.025014828703121,composite,415,11.000710000000002,0.00066028,110.0,4.899989999999999,-6.599999999999835e-07,3.910000000000003e-05,-0.7702391484465534,cork_fine_trial_5
160,cork_fine,5,0.043,1.0,1.0,2000.0,2000.0,16.000700000000002,1.0307156680017668,1.025014828703121,composite,415,11.000710000000002,0.00066028,110.0,4.99999,-6.599999999999835e-07,3.910000000000003e-05,-0.7702391484465534,cork_fine_trial_5
161,cork_fine,5,0.043,1.0,1.0,2000.0,2000.0,16.1007,1.0307156680017668,1.0136838690759837,composite,415,11.000710000000002,0.00066028,110.0,5.099989999999998,-6.599999999999835e-07,3.908000000000004e-05,-0.7773549061213209,cork_fine_trial_5
73,cork_fine,6,0.043,1.0,1.0,2000.0,2000.0,7.30068,1.3782547197953798,1.33095073863602,composite,415,7.30068,0.00066096,73.0,0.0,0.0,3.895999999999999e-05,-1.0548694554374047,cork_fine_trial_6
74,cork_fine,6,0.043,1.0,1.0,2000.0,2000.0,7.40072,1.3782547197953798,1.33095073863602,composite,415,7.30068,0.00066096,73.0,0.1000399999999999,0.0,3.895999999999999e-05,-1.0548694554374047,cork_fine_trial_6
75,cork_fine,6,0.043,1.0,1.0,2000.0,2000.0,7.500680000000002,1.3782547197953798,1.3196197790088824,composite,415,7.30068,0.00066096,73.0,0.20000000000000195,0.0,3.894e-05,-1.061985213112172,cork_fine_trial_6
76,cork_fine,6,0.043,1.0,1.0,2000.0,2000.0,7.60068,1.3730675697686123,1.33095073863602,composite,415,7.30068,0.00066096,73.0,0.2999999999999998,-1.9999999999989644e-08,3.895999999999999e-05,-1.0477536977626372,cork_fine_trial_6
77,cork_fine,6,0.043,1.0,1.0,2000.0,2000.0,7.70068,1.3523189696615145,1.3649436175174328,composite,415,7.30068,0.00066096,73.0,0.40000000000000036,-1.0000000000005664e-07,3.901999999999996e-05,-0.9979433940392267,cork_fine_trial_6
78,cork_fine,6,0.043,1.0,1.0,2000.0,2000.0,7.80068,1.3211960695009102,1.410267456025983,composite,415,7.30068,0.00066096,73.0,0.5,-2.199999999999945e-07,3.909999999999992e-05,-0.9267858172915525,cork_fine_trial_6
79,cork_fine,6,0.043,1.0,1.0,2000.0,2000.0,7.90067,1.3108217694473472,1.3989364963988453,composite,415,7.30068,0.00066096,73.0,0.59999,-2.600000000000822e-07,3.907999999999993e-05,-0.9196700596167464,cork_fine_trial_6
80,cork_fine,6,0.043,1.0,1.0,2000.0,2000.0,8.000720000000001,1.3004474693938124,1.3989364963988453,composite,415,7.30068,0.00066096,73.0,0.7000400000000013,-3.000000000000615e-07,3.907999999999993e-05,-0.9054385442672116,cork_fine_trial_6
81,cork_fine,6,0.043,1.0,1.0,2000.0,2000.0,8.10072,1.295260319367045,1.3762745771445704,composite,415,7.30068,0.00066096,73.0,0.800040000000001,-3.2000000000005115e-07,3.903999999999995e-05,-0.9125543019419791,cork_fine_trial_6
82,cork_fine,6,0.043,1.0,1.0,2000.0,2000.0,8.20072,1.30563461942058,1.387605536771708,composite,415,7.30068,0.00066096,73.0,0.9000400000000006,-2.8000000000007186e-07,3.905999999999994e-05,-0.9196700596167464,cork_fine_trial_6
83,cork_fine,6,0.043,1.0,1.0,2000.0,2000.0,8.30068,1.295260319367045,1.387605536771708,composite,415,7.30068,0.00066096,73.0,1.0,-3.2000000000005115e-07,3.905999999999994e-05,-0.9054385442672116,cork_fine_trial_6
84,cork_fine,6,0.043,1.0,1.0,2000.0,2000.0,8.400680000000001,1.2848860193135103,1.387605536771708,composite,415,7.30068,0.00066096,73.0,1.1000000000000014,-3.6000000000003043e-07,3.905999999999994e-05,-0.8912070289176768,cork_fine_trial_6
85,cork_fine,6,0.043,1.0,1.0,2000.0,2000.0,8.500720000000001,1.2900731693402776,1.3762745771445704,composite,415,7.30068,0.00066096,73.0,1.2000400000000013,-3.400000000000408e-07,3.903999999999995e-05,-0.9054385442672116,cork_fine_trial_6
86,cork_fine,6,0.043,1.0,1.0,2000.0,2000.0,8.60068,1.2848860193135103,1.3762745771445704,composite,415,7.30068,0.00066096,73.0,1.3000000000000007,-3.6000000000003043e-07,3.903999999999995e-05,-0.8983227865924442,cork_fine_trial_6
87,cork_fine,6,0.043,1.0,1.0,2000.0,2000.0,8.70072,1.2848860193135103,1.3989364963988453,composite,415,7.30068,0.00066096,73.0,1.4000400000000006,-3.6000000000003043e-07,3.907999999999993e-05,-0.8840912712429093,cork_fine_trial_6
88,cork_fine,6,0.043,1.0,1.0,2000.0,2000.0,8.80072,1.2848860193135103,1.3762745771445704,composite,415,7.30068,0.00066096,73.0,1.5000400000000003,-3.6000000000003043e-07,3.903999999999995e-05,-0.8983227865924442,cork_fine_trial_6
89,cork_fine,6,0.043,1.0,1.0,2000.0,2000.0,8.900680000000001,1.2796988692867428,1.3762745771445704,composite,415,7.30068,0.00066096,73.0,1.6000000000000014,-3.800000000000201e-07,3.903999999999995e-05,-0.8912070289176768,cork_fine_trial_6
90,cork_fine,6,0.043,1.0,1.0,2000.0,2000.0,9.000720000000001,1.2745117192599753,1.387605536771708,composite,415,7.30068,0.00066096,73.0,1.7000400000000013,-4.000000000000097e-07,3.905999999999994e-05,-0.876975513568142,cork_fine_trial_6
91,cork_fine,6,0.043,1.0,1.0,2000.0,2000.0,9.10068,1.269324569233208,1.3762745771445704,composite,415,7.30068,0.00066096,73.0,1.8000000000000007,-4.1999999999999937e-07,3.903999999999995e-05,-0.876975513568142,cork_fine_trial_6
92,cork_fine,6,0.043,1.0,1.0,2000.0,2000.0,9.20072,1.2537631191528777,1.387605536771708,composite,415,7.30068,0.00066096,73.0,1.9000400000000006,-4.800000000000767e-07,3.905999999999994e-05,-0.8485124828690337,cork_fine_trial_6
93,cork_fine,6,0.043,1.0,1.0,2000.0,2000.0,9.30072,1.258950269179645,1.3762745771445704,composite,415,7.30068,0.00066096,73.0,2.0000400000000003,-4.600000000000871e-07,3.903999999999995e-05,-0.8627439982185685,cork_fine_trial_6
94,cork_fine,6,0.043,1.0,1.0,2000.0,2000.0,9.40068,1.258950269179645,1.3762745771445704,composite,415,7.30068,0.00066096,73.0,2.0999999999999996,-4.600000000000871e-07,3.903999999999995e-05,-0.8627439982185685,cork_fine_trial_6
95,cork_fine,6,0.043,1.0,1.0,2000.0,2000.0,9.50072,1.2537631191528777,1.387605536771708,composite,415,7.30068,0.00066096,73.0,2.2000399999999996,-4.800000000000767e-07,3.905999999999994e-05,-0.8485124828690337,cork_fine_trial_6
96,cork_fine,6,0.043,1.0,1.0,2000.0,2000.0,9.60072,1.258950269179645,1.3762745771445704,composite,415,7.30068,0.00066096,73.0,2.300040000000001,-4.600000000000871e-07,3.903999999999995e-05,-0.8627439982185685,cork_fine_trial_6
97,cork_fine,6,0.043,1.0,1.0,2000.0,2000.0,9.70068,1.243388819099343,1.387605536771708,composite,415,7.30068,0.00066096,73.0,2.4000000000000004,-5.20000000000056e-07,3.905999999999994e-05,-0.8342809675194988,cork_fine_trial_6
98,cork_fine,6,0.043,1.0,1.0,2000.0,2000.0,9.80071,1.243388819099343,1.387605536771708,composite,415,7.30068,0.00066096,73.0,2.5000300000000006,-5.20000000000056e-07,3.905999999999994e-05,-0.8342809675194988,cork_fine_trial_6
99,cork_fine,6,0.043,1.0,1.0,2000.0,2000.0,9.90072,1.2382016690725755,1.387605536771708,composite,415,7.30068,0.00066096,73.0,2.60004,-5.400000000000457e-07,3.905999999999994e-05,-0.8271652098447314,cork_fine_trial_6
100,cork_fine,6,0.043,1.0,1.0,2000.0,2000.0,10.00068,1.243388819099343,1.3762745771445704,composite,415,7.30068,0.00066096,73.0,2.6999999999999993,-5.20000000000056e-07,3.903999999999995e-05,-0.8413967251942662,cork_fine_trial_6
101,cork_fine,6,0.043,1.0,1.0,2000.0,2000.0,10.10071,1.2330145190458082,1.3989364963988453,composite,415,7.30068,0.00066096,73.0,2.8000299999999996,-5.600000000000353e-07,3.907999999999993e-05,-0.8129336944951965,cork_fine_trial_6
102,cork_fine,6,0.043,1.0,1.0,2000.0,2000.0,10.20072,1.2278273690190407,1.387605536771708,composite,415,7.30068,0.00066096,73.0,2.9000400000000006,-5.800000000000249e-07,3.905999999999994e-05,-0.8129336944951965,cork_fine_trial_6
103,cork_fine,6,0.043,1.0,1.0,2000.0,2000.0,10.30072,1.2278273690190407,1.387605536771708,composite,415,7.30068,0.00066096,73.0,3.0000400000000003,-5.800000000000249e-07,3.905999999999994e-05,-0.8129336944951965,cork_fine_trial_6
104,cork_fine,6,0.043,1.0,1.0,2000.0,2000.0,10.40068,1.2226402189922732,1.387605536771708,composite,415,7.30068,0.00066096,73.0,3.0999999999999996,-6.000000000000146e-07,3.905999999999994e-05,-0.8058179368204291,cork_fine_trial_6
105,cork_fine,6,0.043,1.0,1.0,2000.0,2000.0,10.50068,1.2174530689655059,1.3762745771445704,composite,415,7.30068,0.00066096,73.0,3.1999999999999993,-6.200000000000042e-07,3.903999999999995e-05,-0.8058179368204291,cork_fine_trial_6
106,cork_fine,6,0.043,1.0,1.0,2000.0,2000.0,10.60068,1.2122659189387384,1.387605536771708,composite,415,7.30068,0.00066096,73.0,3.3000000000000007,-6.399999999999939e-07,3.905999999999994e-05,-0.7915864214708943,cork_fine_trial_6
107,cork_fine,6,0.043,1.0,1.0,2000.0,2000.0,10.70072,1.2122659189387384,1.387605536771708,composite,415,7.30068,0.00066096,73.0,3.4000400000000006,-6.399999999999939e-07,3.905999999999994e-05,-0.7915864214708943,cork_fine_trial_6
108,cork_fine,6,0.043,1.0,1.0,2000.0,2000.0,10.80072,1.2122659189387384,1.3762745771445704,composite,415,7.30068,0.00066096,73.0,3.5000400000000003,-6.399999999999939e-07,3.903999999999995e-05,-0.7987021791456617,cork_fine_trial_6
109,cork_fine,6,0.043,1.0,1.0,2000.0,2000.0,10.90068,1.2018916188851756,1.3762745771445704,composite,415,7.30068,0.00066096,73.0,3.5999999999999996,-6.800000000000816e-07,3.903999999999995e-05,-0.7844706637960882,cork_fine_trial_6
110,cork_fine,6,0.043,1.0,1.0,2000.0,2000.0,11.00072,1.2070787689119429,1.3762745771445704,composite,415,7.30068,0.00066096,73.0,3.7000399999999996,-6.600000000000919e-07,3.903999999999995e-05,-0.7915864214708557,cork_fine_trial_6
111,cork_fine,6,0.043,1.0,1.0,2000.0,2000.0,11.10068,1.2070787689119429,1.3762745771445704,composite,415,7.30068,0.00066096,73.0,3.8000000000000007,-6.600000000000919e-07,3.903999999999995e-05,-0.7915864214708557,cork_fine_trial_6
112,cork_fine,6,0.043,1.0,1.0,2000.0,2000.0,11.20072,1.2174530689655059,1.3422816982631576,composite,415,7.30068,0.00066096,73.0,3.9000400000000006,-6.200000000000042e-07,3.897999999999998e-05,-0.8271652098447314,cork_fine_trial_6
113,cork_fine,6,0.043,1.0,1.0,2000.0,2000.0,11.300680000000002,1.1863301688048733,1.2856269001274083,composite,415,7.30068,0.00066096,73.0,4.000000000000002,-7.400000000000505e-07,3.8879999999999926e-05,-0.8200494521699639,cork_fine_trial_6
114,cork_fine,6,0.043,1.0,1.0,2000.0,2000.0,11.40068,1.1603944186710362,1.2629649808731331,composite,415,7.30068,0.00066096,73.0,4.1,-8.399999999999987e-07,3.883999999999995e-05,-0.7987021791456617,cork_fine_trial_6
115,cork_fine,6,0.043,1.0,1.0,2000.0,2000.0,11.50068,1.1500201186174734,1.2629649808731331,composite,415,7.30068,0.00066096,73.0,4.199999999999999,-8.800000000000864e-07,3.883999999999995e-05,-0.7844706637960882,cork_fine_trial_6
116,cork_fine,6,0.043,1.0,1.0,2000.0,2000.0,11.60072,1.144832968590706,1.2742959405002707,composite,415,7.30068,0.00066096,73.0,4.300040000000001,-9.000000000000761e-07,3.8859999999999936e-05,-0.7702391484465534,cork_fine_trial_6
117,cork_fine,6,0.043,1.0,1.0,2000.0,2000.0,11.70072,1.1344586685371711,1.2742959405002707,composite,415,7.30068,0.00066096,73.0,4.400040000000001,-9.400000000000554e-07,3.8859999999999936e-05,-0.7560076330970186,cork_fine_trial_6
118,cork_fine,6,0.043,1.0,1.0,2000.0,2000.0,11.800680000000002,1.1292715185104036,1.2742959405002707,composite,415,7.30068,0.00066096,73.0,4.500000000000002,-9.60000000000045e-07,3.8859999999999936e-05,-0.7488918754222511,cork_fine_trial_6
119,cork_fine,6,0.043,1.0,1.0,2000.0,2000.0,11.900720000000002,1.1292715185104036,1.2629649808731331,composite,415,7.30068,0.00066096,73.0,4.600040000000002,-9.60000000000045e-07,3.883999999999995e-05,-0.7560076330970186,cork_fine_trial_6
120,cork_fine,6,0.043,1.0,1.0,2000.0,2000.0,12.00068,1.1292715185104036,1.2516340212459955,composite,415,7.30068,0.00066096,73.0,4.699999999999999,-9.60000000000045e-07,3.881999999999996e-05,-0.763123390771786,cork_fine_trial_6
121,cork_fine,6,0.043,1.0,1.0,2000.0,2000.0,12.10072,1.1240843684836364,1.240303061618858,composite,415,7.30068,0.00066096,73.0,4.800040000000001,-9.800000000000347e-07,3.879999999999997e-05,-0.763123390771786,cork_fine_trial_6
122,cork_fine,6,0.043,1.0,1.0,2000.0,2000.0,12.20072,1.1137100684301016,1.240303061618858,composite,415,7.30068,0.00066096,73.0,4.900040000000001,-1.020000000000014e-06,3.879999999999997e-05,-0.7488918754222511,cork_fine_trial_6
123,cork_fine,6,0.043,1.0,1.0,2000.0,2000.0,12.300680000000002,1.1137100684301016,1.2289721019917204,composite,415,7.30068,0.00066096,73.0,5.000000000000002,-1.020000000000014e-06,3.877999999999998e-05,-0.7560076330970186,cork_fine_trial_6
113,gypsum,1,0.17,1.0,1.0,2300.0,1090.0,11.3007,1.181143018778106,0.5151216454816847,ceramic,653,11.3007,0.0006602,113.0,0.0,0.0,3.828000000000002e-05,-1.2968052163796129,gypsum_trial_1
114,gypsum,1,0.17,1.0,1.0,2300.0,1090.0,11.4007,1.1603944186710362,0.5151216454816847,ceramic,653,11.3007,0.0006602,113.0,0.09999999999999964,-7.999999999995858e-08,3.828000000000002e-05,-1.268342185680543,gypsum_trial_1
115,gypsum,1,0.17,1.0,1.0,2300.0,1090.0,11.5007,1.1863301688048733,0.4018120492102475,ceramic,653,11.3007,0.0006602,113.0,0.1999999999999993,1.9999999999989644e-08,3.8080000000000015e-05,-1.375078550802093,gypsum_trial_1
116,gypsum,1,0.17,1.0,1.0,2300.0,1090.0,11.60071,1.1500201186174734,0.3564882107016358,ceramic,653,11.3007,0.0006602,113.0,0.30000999999999856,-1.2000000000004628e-07,3.799999999999995e-05,-1.3537312777777908,gypsum_trial_1
117,gypsum,1,0.17,1.0,1.0,2300.0,1090.0,11.70067,1.1292715185104036,0.3564882107016358,ceramic,653,11.3007,0.0006602,113.0,0.3999699999999997,-2.0000000000000486e-07,3.799999999999995e-05,-1.3252682470787212,gypsum_trial_1
118,gypsum,1,0.17,1.0,1.0,2300.0,1090.0,11.80066,1.108522918403334,0.33382629144736065,ceramic,653,11.3007,0.0006602,113.0,0.49995999999999974,-2.7999999999996344e-07,3.795999999999997e-05,-1.3110367317291862,gypsum_trial_1
119,gypsum,1,0.17,1.0,1.0,2300.0,1090.0,11.9007,1.0981486183497713,0.33382629144736065,ceramic,653,11.3007,0.0006602,113.0,0.5999999999999996,-3.2000000000005115e-07,3.795999999999997e-05,-1.2968052163796129,gypsum_trial_1
120,gypsum,1,0.17,1.0,1.0,2300.0,1090.0,12.0007,1.082587168269469,0.33382629144736065,ceramic,653,11.3007,0.0006602,113.0,0.6999999999999993,-3.800000000000201e-07,3.795999999999997e-05,-1.2754579433553106,gypsum_trial_1
121,gypsum,1,0.17,1.0,1.0,2300.0,1090.0,12.100700000000002,1.0722128682159342,0.32249533182022305,ceramic,653,11.3007,0.0006602,113.0,0.8000000000000007,-4.1999999999999937e-07,3.793999999999998e-05,-1.268342185680543,gypsum_trial_1
122,gypsum,1,0.17,1.0,1.0,2300.0,1090.0,12.20066,1.0618385681623994,0.31116437219308546,ceramic,653,11.3007,0.0006602,113.0,0.8999599999999983,-4.5999999999997866e-07,3.791999999999999e-05,-1.2612264280057757,gypsum_trial_1
123,gypsum,1,0.17,1.0,1.0,2300.0,1090.0,12.3007,1.056651418135632,0.32249533182022305,ceramic,653,11.3007,0.0006602,113.0,1.0,-4.799999999999683e-07,3.793999999999998e-05,-1.2469949126562407,gypsum_trial_1
124,gypsum,1,0.17,1.0,1.0,2300.0,1090.0,12.40066,1.0462771180820971,0.32249533182022305,ceramic,653,11.3007,0.0006602,113.0,1.0999599999999994,-5.199999999999476e-07,3.793999999999998e-05,-1.232763397306706,gypsum_trial_1
125,gypsum,1,0.17,1.0,1.0,2300.0,1090.0,12.500710000000002,1.0410899680553016,0.31116437219308546,ceramic,653,11.3007,0.0006602,113.0,1.2000100000000007,-5.400000000000457e-07,3.791999999999999e-05,-1.2327633973066674,gypsum_trial_1
126,gypsum,1,0.17,1.0,1.0,2300.0,1090.0,12.60066,1.0307156680017668,0.2998334125659479,ceramic,653,11.3007,0.0006602,113.0,1.2999599999999987,-5.800000000000249e-07,3.79e-05,-1.2256476396319,gypsum_trial_1
127,gypsum,1,0.17,1.0,1.0,2300.0,1090.0,12.70066,1.0255285179749993,0.2885024529388103,ceramic,653,11.3007,0.0006602,113.0,1.3999599999999983,-6.000000000000146e-07,3.788000000000001e-05,-1.2256476396319,gypsum_trial_1
128,gypsum,1,0.17,1.0,1.0,2300.0,1090.0,12.80066,1.0255285179749993,0.2885024529388103,ceramic,653,11.3007,0.0006602,113.0,1.4999599999999997,-6.000000000000146e-07,3.788000000000001e-05,-1.2256476396319,gypsum_trial_1
129,gypsum,1,0.17,1.0,1.0,2300.0,1090.0,12.9007,1.020341367948232,0.27717149331167273,ceramic,653,11.3007,0.0006602,113.0,1.5999999999999996,-6.200000000000042e-07,3.786000000000002e-05,-1.2256476396319,gypsum_trial_1
130,gypsum,1,0.17,1.0,1.0,2300.0,1090.0,13.000700000000002,1.020341367948232,0.27717149331167273,ceramic,653,11.3007,0.0006602,113.0,1.700000000000001,-6.200000000000042e-07,3.786000000000002e-05,-1.2256476396319,gypsum_trial_1
131,gypsum,1,0.17,1.0,1.0,2300.0,1090.0,13.10066,1.0047799178679298,0.2658405336845352,ceramic,653,11.3007,0.0006602,113.0,1.7999599999999987,-6.799999999999732e-07,3.784000000000003e-05,-1.2114161242823651,gypsum_trial_1
132,gypsum,1,0.17,1.0,1.0,2300.0,1090.0,13.20066,1.0047799178679298,0.2658405336845352,ceramic,653,11.3007,0.0006602,113.0,1.8999599999999983,-6.799999999999732e-07,3.784000000000003e-05,-1.2114161242823651,gypsum_trial_1
133,gypsum,1,0.17,1.0,1.0,2300.0,1090.0,13.30066,0.9995927678411625,0.24317861443026004,ceramic,653,11.3007,0.0006602,113.0,1.9999599999999997,-6.999999999999628e-07,3.780000000000005e-05,-1.2185318819571325,gypsum_trial_1
134,gypsum,1,0.17,1.0,1.0,2300.0,1090.0,13.40066,0.994405617814395,0.24317861443026004,ceramic,653,11.3007,0.0006602,113.0,2.0999599999999994,-7.199999999999524e-07,3.780000000000005e-05,-1.2114161242823651,gypsum_trial_1
135,gypsum,1,0.17,1.0,1.0,2300.0,1090.0,13.500700000000002,0.9892184677875995,0.23184765480306102,ceramic,653,11.3007,0.0006602,113.0,2.200000000000001,-7.400000000000505e-07,3.777999999999995e-05,-1.2114161242823651,gypsum_trial_1
136,gypsum,1,0.17,1.0,1.0,2300.0,1090.0,13.60066,0.9892184677875995,0.22051669517592346,ceramic,653,11.3007,0.0006602,113.0,2.2999599999999987,-7.400000000000505e-07,3.7759999999999964e-05,-1.2185318819571325,gypsum_trial_1
137,gypsum,1,0.17,1.0,1.0,2300.0,1090.0,13.7007,0.9892184677875995,0.2091857355487859,ceramic,653,11.3007,0.0006602,113.0,2.3999999999999986,-7.400000000000505e-07,3.7739999999999974e-05,-1.2256476396319,gypsum_trial_1
138,gypsum,1,0.17,1.0,1.0,2300.0,1090.0,13.8007,0.9736570177072973,0.2091857355487859,ceramic,653,11.3007,0.0006602,113.0,2.5,-8.000000000000194e-07,3.7739999999999974e-05,-1.2043003666075978,gypsum_trial_1
139,gypsum,1,0.17,1.0,1.0,2300.0,1090.0,13.900660000000002,0.9788441677340647,0.19785477592164832,ceramic,653,11.3007,0.0006602,113.0,2.599960000000001,-7.800000000000298e-07,3.7719999999999984e-05,-1.2185318819571325,gypsum_trial_1
140,gypsum,1,0.17,1.0,1.0,2300.0,1090.0,14.00067,0.9684698676805299,0.19785477592164832,ceramic,653,11.3007,0.0006602,113.0,2.6999699999999986,-8.200000000000091e-07,3.7719999999999984e-05,-1.2043003666075978,gypsum_trial_1
141,gypsum,1,0.17,1.0,1.0,2300.0,1090.0,14.10066,0.9736570177072973,0.17519285666737316,ceramic,653,11.3007,0.0006602,113.0,2.7999599999999987,-8.000000000000194e-07,3.7680000000000005e-05,-1.2256476396319,gypsum_trial_1
142,gypsum,1,0.17,1.0,1.0,2300.0,1090.0,14.20066,0.9684698676805299,0.1638618970402356,ceramic,653,11.3007,0.0006602,113.0,2.8999599999999983,-8.200000000000091e-07,3.7660000000000016e-05,-1.2256476396319,gypsum_trial_1
143,gypsum,1,0.17,1.0,1.0,2300.0,1090.0,14.30066,0.9632827176537625,0.17519285666737316,ceramic,653,11.3007,0.0006602,113.0,2.9999599999999997,-8.399999999999987e-07,3.7680000000000005e-05,-1.2114161242823651,gypsum_trial_1
144,gypsum,1,0.17,1.0,1.0,2300.0,1090.0,14.400660000000002,0.9632827176537625,0.152530937413098,ceramic,653,11.3007,0.0006602,113.0,3.099960000000001,-8.399999999999987e-07,3.7640000000000026e-05,-1.2256476396319,gypsum_trial_1
145,gypsum,1,0.17,1.0,1.0,2300.0,1090.0,14.500700000000002,0.9529084176002277,0.152530937413098,ceramic,653,11.3007,0.0006602,113.0,3.200000000000001,-8.79999999999978e-07,3.7640000000000026e-05,-1.2114161242823651,gypsum_trial_1
146,gypsum,1,0.17,1.0,1.0,2300.0,1090.0,14.600700000000002,0.9529084176002277,0.152530937413098,ceramic,653,11.3007,0.0006602,113.0,3.3000000000000007,-8.79999999999978e-07,3.7640000000000026e-05,-1.2114161242823651,gypsum_trial_1
147,gypsum,1,0.17,1.0,1.0,2300.0,1090.0,14.7007,0.9529084176002277,0.152530937413098,ceramic,653,11.3007,0.0006602,113.0,3.3999999999999986,-8.79999999999978e-07,3.7640000000000026e-05,-1.2114161242823651,gypsum_trial_1
148,gypsum,1,0.17,1.0,1.0,2300.0,1090.0,14.8007,0.9529084176002277,0.11853805853162387,ceramic,653,11.3007,0.0006602,113.0,3.5,-8.79999999999978e-07,3.757999999999995e-05,-1.232763397306706,gypsum_trial_1
149,gypsum,1,0.17,1.0,1.0,2300.0,1090.0,14.9007,0.9477212675734602,0.11853805853162387,ceramic,653,11.3007,0.0006602,113.0,3.5999999999999996,-8.999999999999677e-07,3.757999999999995e-05,-1.2256476396319385,gypsum_trial_1
150,gypsum,1,0.17,1.0,1.0,2300.0,1090.0,15.000660000000002,0.9425341175466928,0.11853805853162387,ceramic,653,11.3007,0.0006602,113.0,3.699960000000001,-9.199999999999573e-07,3.757999999999995e-05,-1.218531881957171,gypsum_trial_1
151,gypsum,1,0.17,1.0,1.0,2300.0,1090.0,15.100700000000002,0.9477212675734602,0.10720709890448629,ceramic,653,11.3007,0.0006602,113.0,3.8000000000000007,-8.999999999999677e-07,3.755999999999996e-05,-1.232763397306706,gypsum_trial_1
152,gypsum,1,0.17,1.0,1.0,2300.0,1090.0,15.20066,0.9477212675734602,0.08454517965021115,ceramic,653,11.3007,0.0006602,113.0,3.8999599999999983,-8.999999999999677e-07,3.751999999999998e-05,-1.2469949126562407,gypsum_trial_1
153,gypsum,1,0.17,1.0,1.0,2300.0,1090.0,15.30071,0.9425341175466928,0.08454517965021115,ceramic,653,11.3007,0.0006602,113.0,4.00001,-9.199999999999573e-07,3.751999999999998e-05,-1.2398791549814734,gypsum_trial_1
154,gypsum,1,0.17,1.0,1.0,2300.0,1090.0,15.400660000000002,0.9425341175466928,0.07321422002307357,ceramic,653,11.3007,0.0006602,113.0,4.099960000000001,-9.199999999999573e-07,3.749999999999999e-05,-1.2469949126562407,gypsum_trial_1
155,gypsum,1,0.17,1.0,1.0,2300.0,1090.0,15.500700000000002,0.9321598174931299,0.05055230076879842,ceramic,653,11.3007,0.0006602,113.0,4.200000000000001,-9.60000000000045e-07,3.746000000000001e-05,-1.2469949126562023,gypsum_trial_1
156,gypsum,1,0.17,1.0,1.0,2300.0,1090.0,15.60066,0.9269726674663625,0.05055230076879842,ceramic,653,11.3007,0.0006602,113.0,4.299959999999999,-9.800000000000347e-07,3.746000000000001e-05,-1.2398791549814348,gypsum_trial_1
157,gypsum,1,0.17,1.0,1.0,2300.0,1090.0,15.70067,0.9321598174931299,0.03922134114166085,ceramic,653,11.3007,0.0006602,113.0,4.39997,-9.60000000000045e-07,3.744000000000002e-05,-1.2541106703309697,gypsum_trial_1
158,gypsum,1,0.17,1.0,1.0,2300.0,1090.0,15.8007,0.9269726674663625,0.03922134114166085,ceramic,653,11.3007,0.0006602,113.0,4.5,-9.800000000000347e-07,3.744000000000002e-05,-1.2469949126562023,gypsum_trial_1
159,gypsum,1,0.17,1.0,1.0,2300.0,1090.0,15.9007,0.9269726674663625,0.027890381514523273,ceramic,653,11.3007,0.0006602,113.0,4.6,-9.800000000000347e-07,3.742000000000003e-05,-1.2541106703309697,gypsum_trial_1
160,gypsum,1,0.17,1.0,1.0,2300.0,1090.0,16.00066,0.9217855174395951,0.027890381514523273,ceramic,653,11.3007,0.0006602,113.0,4.699959999999999,-1.0000000000000243e-06,3.742000000000003e-05,-1.2469949126562023,gypsum_trial_1
161,gypsum,1,0.17,1.0,1.0,2300.0,1090.0,16.1007,0.9269726674663625,0.027890381514523273,ceramic,653,11.3007,0.0006602,113.0,4.799999999999999,-9.800000000000347e-07,3.742000000000003e-05,-1.2541106703309697,gypsum_trial_1
162,gypsum,1,0.17,1.0,1.0,2300.0,1090.0,16.200660000000003,0.9165983674128277,0.027890381514523273,ceramic,653,11.3007,0.0006602,113.0,4.899960000000002,-1.020000000000014e-06,3.742000000000003e-05,-1.2398791549814348,gypsum_trial_1
163,gypsum,1,0.17,1.0,1.0,2300.0,1090.0,16.30066,0.9165983674128277,-0.006102497366950874,ceramic,653,11.3007,0.0006602,113.0,4.99996,-1.020000000000014e-06,3.7359999999999954e-05,-1.2612264280057757,gypsum_trial_1
107,gypsum,2,0.17,1.0,1.0,2300.0,1090.0,10.7007,1.1863301688048733,0.5377835647359598,ceramic,653,10.7007,0.00066022,107.0,0.0,0.0,3.830000000000001e-05,-1.2896894587048453,gypsum_trial_2
108,gypsum,2,0.17,1.0,1.0,2300.0,1090.0,10.8007,1.1863301688048733,0.5377835647359598,ceramic,653,10.7007,0.00066022,107.0,0.10000000000000142,0.0,3.830000000000001e-05,-1.2896894587048453,gypsum_trial_2
109,gypsum,2,0.17,1.0,1.0,2300.0,1090.0,10.9007,1.1863301688048733,0.5264526051088222,ceramic,653,10.7007,0.00066022,107.0,0.20000000000000107,0.0,3.828000000000002e-05,-1.2968052163796129,gypsum_trial_2
110,gypsum,2,0.17,1.0,1.0,2300.0,1090.0,11.0007,1.1500201186174734,0.46979780697307294,ceramic,653,10.7007,0.00066022,107.0,0.3000000000000007,-1.4000000000003593e-07,3.817999999999996e-05,-1.282573701030078,gypsum_trial_2
111,gypsum,2,0.17,1.0,1.0,2300.0,1090.0,11.100700000000002,1.1137100684301016,0.48112876660027193,ceramic,653,10.7007,0.00066022,107.0,0.40000000000000213,-2.7999999999996344e-07,3.820000000000006e-05,-1.2256476396319,gypsum_trial_2
112,gypsum,2,0.17,1.0,1.0,2300.0,1090.0,11.20066,1.082587168269469,0.48112876660027193,ceramic,653,10.7007,0.00066022,107.0,0.49995999999999974,-4.000000000000097e-07,3.820000000000006e-05,-1.1829530935832568,gypsum_trial_2
113,gypsum,2,0.17,1.0,1.0,2300.0,1090.0,11.30066,1.056651418135632,0.48112876660027193,ceramic,653,10.7007,0.00066022,107.0,0.5999600000000012,-4.999999999999579e-07,3.820000000000006e-05,-1.1473743052094199,gypsum_trial_2
114,gypsum,2,0.17,1.0,1.0,2300.0,1090.0,11.40066,1.0410899680553016,0.46979780697307294,ceramic,653,10.7007,0.00066022,107.0,0.6999600000000008,-5.600000000000353e-07,3.817999999999996e-05,-1.133142789859885,gypsum_trial_2
115,gypsum,2,0.17,1.0,1.0,2300.0,1090.0,11.500660000000002,1.0255285179749993,0.48112876660027193,ceramic,653,10.7007,0.00066022,107.0,0.7999600000000022,-6.200000000000042e-07,3.820000000000006e-05,-1.1046797591607767,gypsum_trial_2
116,gypsum,2,0.17,1.0,1.0,2300.0,1090.0,11.60066,1.0151542179214645,0.48112876660027193,ceramic,653,10.7007,0.00066022,107.0,0.8999600000000001,-6.599999999999835e-07,3.820000000000006e-05,-1.0904482438112417,gypsum_trial_2
117,gypsum,2,0.17,1.0,1.0,2300.0,1090.0,11.70066,1.0047799178679298,0.46979780697307294,ceramic,653,10.7007,0.00066022,107.0,0.9999599999999997,-6.999999999999628e-07,3.817999999999996e-05,-1.083332486136513,gypsum_trial_2
118,gypsum,2,0.17,1.0,1.0,2300.0,1090.0,11.80066,0.9840313177608321,0.46979780697307294,ceramic,653,10.7007,0.00066022,107.0,1.0999600000000012,-7.800000000000298e-07,3.817999999999996e-05,-1.0548694554374047,gypsum_trial_2
119,gypsum,2,0.17,1.0,1.0,2300.0,1090.0,11.9007,0.9788441677340647,0.45846684734593535,ceramic,653,10.7007,0.00066022,107.0,1.200000000000001,-8.000000000000194e-07,3.8159999999999973e-05,-1.0548694554374047,gypsum_trial_2
120,gypsum,2,0.17,1.0,1.0,2300.0,1090.0,12.0007,0.9736570177072973,0.4471358877187978,ceramic,653,10.7007,0.00066022,107.0,1.3000000000000007,-8.200000000000091e-07,3.8139999999999984e-05,-1.0548694554374047,gypsum_trial_2
121,gypsum,2,0.17,1.0,1.0,2300.0,1090.0,12.10066,0.9736570177072973,0.45846684734593535,ceramic,653,10.7007,0.00066022,107.0,1.39996,-8.200000000000091e-07,3.8159999999999973e-05,-1.0477536977626372,gypsum_trial_2
122,gypsum,2,0.17,1.0,1.0,2300.0,1090.0,12.20066,0.9580955676269951,0.4358049280916602,ceramic,653,10.7007,0.00066022,107.0,1.4999599999999997,-8.79999999999978e-07,3.8119999999999994e-05,-1.0406379400878698,gypsum_trial_2
123,gypsum,2,0.17,1.0,1.0,2300.0,1090.0,12.30066,0.9425341175466928,0.4358049280916602,ceramic,653,10.7007,0.00066022,107.0,1.5999600000000012,-9.39999999999947e-07,3.8119999999999994e-05,-1.0192906670635675,gypsum_trial_2
124,gypsum,2,0.17,1.0,1.0,2300.0,1090.0,12.4007,0.9477212675734602,0.4131430088373851,ceramic,653,10.7007,0.00066022,107.0,1.700000000000001,-9.199999999999573e-07,3.8080000000000015e-05,-1.0406379400878698,gypsum_trial_2
125,gypsum,2,0.17,1.0,1.0,2300.0,1090.0,12.5007,0.9477212675734602,0.4358049280916602,ceramic,653,10.7007,0.00066022,107.0,1.8000000000000007,-9.199999999999573e-07,3.8119999999999994e-05,-1.0264064247383349,gypsum_trial_2
126,gypsum,2,0.17,1.0,1.0,2300.0,1090.0,12.60066,0.9373469675198973,0.4018120492102475,ceramic,653,10.7007,0.00066022,107.0,1.89996,-9.60000000000045e-07,3.8060000000000025e-05,-1.0335221824130638,gypsum_trial_2
127,gypsum,2,0.17,1.0,1.0,2300.0,1090.0,12.7007,0.9269726674663625,0.3904810895831099,ceramic,653,10.7007,0.00066022,107.0,2.0,-1.0000000000000243e-06,3.8040000000000036e-05,-1.0264064247382965,gypsum_trial_2
128,gypsum,2,0.17,1.0,1.0,2300.0,1090.0,12.8007,0.9269726674663625,0.3904810895831099,ceramic,653,10.7007,0.00066022,107.0,2.1000000000000014,-1.0000000000000243e-06,3.8040000000000036e-05,-1.0264064247382965,gypsum_trial_2
129,gypsum,2,0.17,1.0,1.0,2300.0,1090.0,12.90066,0.9217855174395951,0.37915012995597236,ceramic,653,10.7007,0.00066022,107.0,2.199960000000001,-1.020000000000014e-06,3.8020000000000046e-05,-1.0264064247382965,gypsum_trial_2
130,gypsum,2,0.17,1.0,1.0,2300.0,1090.0,13.000660000000002,0.9165983674128277,0.36781917032883477,ceramic,653,10.7007,0.00066022,107.0,2.2999600000000022,-1.0400000000000036e-06,3.8000000000000056e-05,-1.0264064247382965,gypsum_trial_2
131,gypsum,2,0.17,1.0,1.0,2300.0,1090.0,13.100700000000002,0.9165983674128277,0.3564882107016358,ceramic,653,10.7007,0.00066022,107.0,2.400000000000002,-1.0400000000000036e-06,3.797999999999996e-05,-1.0335221824131025,gypsum_trial_2
132,gypsum,2,0.17,1.0,1.0,2300.0,1090.0,13.2007,0.906224067359293,0.3564882107016358,ceramic,653,10.7007,0.00066022,107.0,2.5,-1.0799999999999829e-06,3.797999999999996e-05,-1.0192906670635675,gypsum_trial_2
133,gypsum,2,0.17,1.0,1.0,2300.0,1090.0,13.30066,0.906224067359293,0.3564882107016358,ceramic,653,10.7007,0.00066022,107.0,2.599960000000001,-1.0799999999999829e-06,3.797999999999996e-05,-1.0192906670635675,gypsum_trial_2
134,gypsum,2,0.17,1.0,1.0,2300.0,1090.0,13.40066,0.906224067359293,0.3451572510744982,ceramic,653,10.7007,0.00066022,107.0,2.699960000000001,-1.0799999999999829e-06,3.795999999999997e-05,-1.0264064247383349,gypsum_trial_2
135,gypsum,2,0.17,1.0,1.0,2300.0,1090.0,13.500660000000002,0.895849767305758,0.32249533182022305,ceramic,653,10.7007,0.00066022,107.0,2.7999600000000022,-1.1199999999999622e-06,3.791999999999999e-05,-1.0264064247383349,gypsum_trial_2
136,gypsum,2,0.17,1.0,1.0,2300.0,1090.0,13.60066,0.895849767305758,0.31116437219308546,ceramic,653,10.7007,0.00066022,107.0,2.89996,-1.1199999999999622e-06,3.79e-05,-1.0335221824131025,gypsum_trial_2
137,gypsum,2,0.17,1.0,1.0,2300.0,1090.0,13.7007,0.8906626172789907,0.2885024529388103,ceramic,653,10.7007,0.00066022,107.0,3.0,-1.1399999999999518e-06,3.786000000000002e-05,-1.0406379400878698,gypsum_trial_2
138,gypsum,2,0.17,1.0,1.0,2300.0,1090.0,13.80066,0.8802883172254278,0.2885024529388103,ceramic,653,10.7007,0.00066022,107.0,3.099960000000001,-1.1800000000000395e-06,3.786000000000002e-05,-1.0264064247382965,gypsum_trial_2
139,gypsum,2,0.17,1.0,1.0,2300.0,1090.0,13.9007,0.8802883172254278,0.2885024529388103,ceramic,653,10.7007,0.00066022,107.0,3.200000000000001,-1.1800000000000395e-06,3.786000000000002e-05,-1.0264064247382965,gypsum_trial_2
140,gypsum,2,0.17,1.0,1.0,2300.0,1090.0,14.000700000000002,0.8802883172254278,0.27717149331167273,ceramic,653,10.7007,0.00066022,107.0,3.3000000000000025,-1.1800000000000395e-06,3.784000000000003e-05,-1.0335221824130638,gypsum_trial_2
141,gypsum,2,0.17,1.0,1.0,2300.0,1090.0,14.100700000000002,0.8751011671986604,0.2545095740573976,ceramic,653,10.7007,0.00066022,107.0,3.400000000000002,-1.2000000000000292e-06,3.780000000000005e-05,-1.0406379400878312,gypsum_trial_2
142,gypsum,2,0.17,1.0,1.0,2300.0,1090.0,14.2007,0.8751011671986604,0.2545095740573976,ceramic,653,10.7007,0.00066022,107.0,3.5,-1.2000000000000292e-06,3.780000000000005e-05,-1.0406379400878312,gypsum_trial_2
143,gypsum,2,0.17,1.0,1.0,2300.0,1090.0,14.30066,0.869914017171893,0.23184765480306102,ceramic,653,10.7007,0.00066022,107.0,3.599960000000001,-1.2200000000000188e-06,3.7759999999999964e-05,-1.0477536977626372,gypsum_trial_2
144,gypsum,2,0.17,1.0,1.0,2300.0,1090.0,14.400670000000002,0.8647268671451256,0.23184765480306102,ceramic,653,10.7007,0.00066022,107.0,3.699970000000002,-1.2400000000000085e-06,3.7759999999999964e-05,-1.0406379400878698,gypsum_trial_2
145,gypsum,2,0.17,1.0,1.0,2300.0,1090.0,14.500700000000002,0.8647268671451256,0.2091857355487859,ceramic,653,10.7007,0.00066022,107.0,3.8000000000000025,-1.2400000000000085e-06,3.7719999999999984e-05,-1.0548694554374047,gypsum_trial_2
146,gypsum,2,0.17,1.0,1.0,2300.0,1090.0,14.60066,0.8595397171183582,0.2091857355487859,ceramic,653,10.7007,0.00066022,107.0,3.89996,-1.259999999999998e-06,3.7719999999999984e-05,-1.0477536977626372,gypsum_trial_2
147,gypsum,2,0.17,1.0,1.0,2300.0,1090.0,14.70066,0.8595397171183582,0.2091857355487859,ceramic,653,10.7007,0.00066022,107.0,3.9999599999999997,-1.259999999999998e-06,3.7719999999999984e-05,-1.0477536977626372,gypsum_trial_2
148,gypsum,2,0.17,1.0,1.0,2300.0,1090.0,14.80066,0.8647268671451256,0.18652381629451073,ceramic,653,10.7007,0.00066022,107.0,4.099960000000001,-1.2400000000000085e-06,3.7680000000000005e-05,-1.0691009707869394,gypsum_trial_2
149,gypsum,2,0.17,1.0,1.0,2300.0,1090.0,14.900660000000002,0.8491654170648233,0.1638618970402356,ceramic,653,10.7007,0.00066022,107.0,4.199960000000003,-1.2999999999999774e-06,3.7640000000000026e-05,-1.061985213112172,gypsum_trial_2
150,gypsum,2,0.17,1.0,1.0,2300.0,1090.0,15.000700000000002,0.8439782670380559,0.1638618970402356,ceramic,653,10.7007,0.00066022,107.0,4.3000000000000025,-1.319999999999967e-06,3.7640000000000026e-05,-1.0548694554374047,gypsum_trial_2
151,gypsum,2,0.17,1.0,1.0,2300.0,1090.0,15.100700000000002,0.8491654170648233,0.152530937413098,ceramic,653,10.7007,0.00066022,107.0,4.400000000000002,-1.2999999999999774e-06,3.7620000000000036e-05,-1.0691009707869394,gypsum_trial_2
152,gypsum,2,0.17,1.0,1.0,2300.0,1090.0,15.20066,0.8491654170648233,0.152530937413098,ceramic,653,10.7007,0.00066022,107.0,4.49996,-1.2999999999999774e-06,3.7620000000000036e-05,-1.0691009707869394,gypsum_trial_2
153,gypsum,2,0.17,1.0,1.0,2300.0,1090.0,15.30066,0.8439782670380559,0.12986901815882287,ceramic,653,10.7007,0.00066022,107.0,4.599960000000001,-1.319999999999967e-06,3.758000000000006e-05,-1.076216728461707,gypsum_trial_2
154,gypsum,2,0.17,1.0,1.0,2300.0,1090.0,15.400660000000002,0.8491654170648233,0.12986901815882287,ceramic,653,10.7007,0.00066022,107.0,4.699960000000003,-1.2999999999999774e-06,3.758000000000006e-05,-1.0833324861364744,gypsum_trial_2
155,gypsum,2,0.17,1.0,1.0,2300.0,1090.0,15.500660000000002,0.8491654170648233,0.11853805853162387,ceramic,653,10.7007,0.00066022,107.0,4.799960000000002,-1.2999999999999774e-06,3.755999999999996e-05,-1.0904482438112804,gypsum_trial_2
156,gypsum,2,0.17,1.0,1.0,2300.0,1090.0,15.600700000000002,0.8387911170112885,0.10720709890448629,ceramic,653,10.7007,0.00066022,107.0,4.900000000000002,-1.3399999999999567e-06,3.753999999999997e-05,-1.083332486136513,gypsum_trial_2
157,gypsum,2,0.17,1.0,1.0,2300.0,1090.0,15.70066,0.8387911170112885,0.09587613927734871,ceramic,653,10.7007,0.00066022,107.0,4.99996,-1.3399999999999567e-06,3.751999999999998e-05,-1.0904482438112804,gypsum_trial_2
101,gypsum,3,0.17,1.0,1.0,2300.0,1090.0,10.10066,1.243388819099343,0.6171002821259842,ceramic,653,10.10066,0.00066044,101.0,0.0,0.0,3.822000000000005e-05,-1.3181524894039152,gypsum_trial_3
102,gypsum,3,0.17,1.0,1.0,2300.0,1090.0,10.20066,1.2485759691261102,0.6057693224988466,ceramic,653,10.10066,0.00066044,101.0,0.09999999999999964,1.9999999999989644e-08,3.820000000000006e-05,-1.3323840047534499,gypsum_trial_3
103,gypsum,3,0.17,1.0,1.0,2300.0,1090.0,10.30066,1.2382016690725755,0.6171002821259842,ceramic,653,10.10066,0.00066044,101.0,0.20000000000000107,-1.9999999999989644e-08,3.822000000000005e-05,-1.3110367317291476,gypsum_trial_3
104,gypsum,3,0.17,1.0,1.0,2300.0,1090.0,10.40066,1.2122659189387384,0.560445483990235,ceramic,653,10.10066,0.00066044,101.0,0.3000000000000007,-1.1999999999993786e-07,3.8119999999999994e-05,-1.3110367317291862,gypsum_trial_3
105,gypsum,3,0.17,1.0,1.0,2300.0,1090.0,10.5007,1.155207268644269,0.5377835647359598,ceramic,653,10.10066,0.00066044,101.0,0.4000400000000006,-3.3999999999993237e-07,3.8080000000000015e-05,-1.2469949126562407,gypsum_trial_3
106,gypsum,3,0.17,1.0,1.0,2300.0,1090.0,10.600700000000002,1.1137100684301016,0.5491145243630974,ceramic,653,10.10066,0.00066044,101.0,0.500040000000002,-4.999999999999579e-07,3.8100000000000005e-05,-1.1829530935832955,gypsum_trial_3
107,gypsum,3,0.17,1.0,1.0,2300.0,1090.0,10.70066,1.082587168269469,0.5377835647359598,ceramic,653,10.10066,0.00066044,101.0,0.5999999999999996,-6.200000000000042e-07,3.8080000000000015e-05,-1.1473743052094199,gypsum_trial_3
108,gypsum,3,0.17,1.0,1.0,2300.0,1090.0,10.8007,1.056651418135632,0.5377835647359598,ceramic,653,10.10066,0.00066044,101.0,0.7000400000000013,-7.199999999999524e-07,3.8080000000000015e-05,-1.1117955168355826,gypsum_trial_3
109,gypsum,3,0.17,1.0,1.0,2300.0,1090.0,10.9007,1.0359028180285343,0.5377835647359598,ceramic,653,10.10066,0.00066044,101.0,0.800040000000001,-8.000000000000194e-07,3.8080000000000015e-05,-1.0833324861364744,gypsum_trial_3
110,gypsum,3,0.17,1.0,1.0,2300.0,1090.0,11.0007,1.0255285179749993,0.5151216454816847,ceramic,653,10.10066,0.00066044,101.0,0.9000400000000006,-8.399999999999987e-07,3.8040000000000036e-05,-1.0833324861364744,gypsum_trial_3
111,gypsum,3,0.17,1.0,1.0,2300.0,1090.0,11.10066,0.9995927678411625,0.5264526051088222,ceramic,653,10.10066,0.00066044,101.0,1.0,-9.39999999999947e-07,3.8060000000000025e-05,-1.0406379400878698,gypsum_trial_3
112,gypsum,3,0.17,1.0,1.0,2300.0,1090.0,11.2007,0.994405617814395,0.5151216454816847,ceramic,653,10.10066,0.00066044,101.0,1.10004,-9.599999999999366e-07,3.8040000000000036e-05,-1.0406379400878698,gypsum_trial_3
113,gypsum,3,0.17,1.0,1.0,2300.0,1090.0,11.3007,0.9840313177608321,0.5264526051088222,ceramic,653,10.10066,0.00066044,101.0,1.2000400000000013,-1.0000000000000243e-06,3.8060000000000025e-05,-1.0192906670635289,gypsum_trial_3
114,gypsum,3,0.17,1.0,1.0,2300.0,1090.0,11.40066,0.9684698676805299,0.5151216454816847,ceramic,653,10.10066,0.00066044,101.0,1.3000000000000007,-1.0599999999999932e-06,3.8040000000000036e-05,-1.0050591517139942,gypsum_trial_3
115,gypsum,3,0.17,1.0,1.0,2300.0,1090.0,11.500660000000002,0.9632827176537625,0.5151216454816847,ceramic,653,10.10066,0.00066044,101.0,1.4000000000000021,-1.0799999999999829e-06,3.8040000000000036e-05,-0.9979433940392267,gypsum_trial_3
116,gypsum,3,0.17,1.0,1.0,2300.0,1090.0,11.600700000000002,0.9477212675734602,0.4924597262274095,ceramic,653,10.10066,0.00066044,101.0,1.500040000000002,-1.1399999999999518e-06,3.8000000000000056e-05,-0.9908276363644593,gypsum_trial_3
117,gypsum,3,0.17,1.0,1.0,2300.0,1090.0,11.7007,0.9477212675734602,0.48112876660027193,ceramic,653,10.10066,0.00066044,101.0,1.60004,-1.1399999999999518e-06,3.798000000000007e-05,-0.9979433940392267,gypsum_trial_3
118,gypsum,3,0.17,1.0,1.0,2300.0,1090.0,11.8007,0.9321598174931299,0.48112876660027193,ceramic,653,10.10066,0.00066044,101.0,1.7000400000000013,-1.2000000000000292e-06,3.798000000000007e-05,-0.9765961210148859,gypsum_trial_3
119,gypsum,3,0.17,1.0,1.0,2300.0,1090.0,11.9007,0.9321598174931299,0.46979780697307294,ceramic,653,10.10066,0.00066044,101.0,1.800040000000001,-1.2000000000000292e-06,3.795999999999997e-05,-0.9837118786896919,gypsum_trial_3
120,gypsum,3,0.17,1.0,1.0,2300.0,1090.0,12.0007,0.9269726674663625,0.45846684734593535,ceramic,653,10.10066,0.00066044,101.0,1.9000400000000006,-1.2200000000000188e-06,3.793999999999998e-05,-0.9837118786896919,gypsum_trial_3
121,gypsum,3,0.17,1.0,1.0,2300.0,1090.0,12.100700000000002,0.9114112173860603,0.4471358877187978,ceramic,653,10.10066,0.00066044,101.0,2.000040000000002,-1.2799999999999877e-06,3.791999999999999e-05,-0.969480363340157,gypsum_trial_3
122,gypsum,3,0.17,1.0,1.0,2300.0,1090.0,12.2007,0.9114112173860603,0.4358049280916602,ceramic,653,10.10066,0.00066044,101.0,2.10004,-1.2799999999999877e-06,3.79e-05,-0.9765961210149244,gypsum_trial_3
123,gypsum,3,0.17,1.0,1.0,2300.0,1090.0,12.3007,0.906224067359293,0.4358049280916602,ceramic,653,10.10066,0.00066044,101.0,2.2000400000000013,-1.2999999999999774e-06,3.79e-05,-0.969480363340157,gypsum_trial_3
124,gypsum,3,0.17,1.0,1.0,2300.0,1090.0,12.4007,0.895849767305758,0.4244739684645226,ceramic,653,10.10066,0.00066044,101.0,2.300040000000001,-1.3399999999999567e-06,3.788000000000001e-05,-0.9623646056653896,gypsum_trial_3
125,gypsum,3,0.17,1.0,1.0,2300.0,1090.0,12.500660000000002,0.8906626172789907,0.4131430088373851,ceramic,653,10.10066,0.00066044,101.0,2.400000000000002,-1.3599999999999463e-06,3.786000000000002e-05,-0.9623646056653896,gypsum_trial_3
126,gypsum,3,0.17,1.0,1.0,2300.0,1090.0,12.600700000000002,0.8854754672522233,0.3904810895831099,ceramic,653,10.10066,0.00066044,101.0,2.500040000000002,-1.379999999999936e-06,3.782000000000004e-05,-0.969480363340157,gypsum_trial_3
127,gypsum,3,0.17,1.0,1.0,2300.0,1090.0,12.70066,0.8906626172789907,0.3904810895831099,ceramic,653,10.10066,0.00066044,101.0,2.5999999999999996,-1.3599999999999463e-06,3.782000000000004e-05,-0.9765961210149244,gypsum_trial_3
128,gypsum,3,0.17,1.0,1.0,2300.0,1090.0,12.8007,0.8802883172254278,0.36781917032883477,ceramic,653,10.10066,0.00066044,101.0,2.7000400000000013,-1.400000000000034e-06,3.778000000000006e-05,-0.9765961210148859,gypsum_trial_3
129,gypsum,3,0.17,1.0,1.0,2300.0,1090.0,12.90066,0.8751011671986604,0.3564882107016358,ceramic,653,10.10066,0.00066044,101.0,2.8000000000000007,-1.4200000000000237e-06,3.7759999999999964e-05,-0.9765961210149244,gypsum_trial_3
130,gypsum,3,0.17,1.0,1.0,2300.0,1090.0,13.000660000000002,0.8751011671986604,0.3451572510744982,ceramic,653,10.10066,0.00066044,101.0,2.900000000000002,-1.4200000000000237e-06,3.7739999999999974e-05,-0.9837118786896919,gypsum_trial_3
131,gypsum,3,0.17,1.0,1.0,2300.0,1090.0,13.100700000000002,0.8595397171183582,0.33382629144736065,ceramic,653,10.10066,0.00066044,101.0,3.000040000000002,-1.4799999999999926e-06,3.7719999999999984e-05,-0.969480363340157,gypsum_trial_3
132,gypsum,3,0.17,1.0,1.0,2300.0,1090.0,13.2007,0.8647268671451256,0.32249533182022305,ceramic,653,10.10066,0.00066044,101.0,3.10004,-1.460000000000003e-06,3.7699999999999995e-05,-0.9837118786896919,gypsum_trial_3
133,gypsum,3,0.17,1.0,1.0,2300.0,1090.0,13.30066,0.8543525670915908,0.31116437219308546,ceramic,653,10.10066,0.00066044,101.0,3.200000000000001,-1.4999999999999823e-06,3.7680000000000005e-05,-0.9765961210149244,gypsum_trial_3
134,gypsum,3,0.17,1.0,1.0,2300.0,1090.0,13.4007,0.8491654170648233,0.31116437219308546,ceramic,653,10.10066,0.00066044,101.0,3.300040000000001,-1.519999999999972e-06,3.7680000000000005e-05,-0.969480363340157,gypsum_trial_3
135,gypsum,3,0.17,1.0,1.0,2300.0,1090.0,13.500660000000002,0.8491654170648233,0.27717149331167273,ceramic,653,10.10066,0.00066044,101.0,3.400000000000002,-1.519999999999972e-06,3.7620000000000036e-05,-0.9908276363644593,gypsum_trial_3
136,gypsum,3,0.17,1.0,1.0,2300.0,1090.0,13.600700000000002,0.8439782670380559,0.27717149331167273,ceramic,653,10.10066,0.00066044,101.0,3.500040000000002,-1.5399999999999615e-06,3.7620000000000036e-05,-0.9837118786896919,gypsum_trial_3
137,gypsum,3,0.17,1.0,1.0,2300.0,1090.0,13.7007,0.8439782670380559,0.27717149331167273,ceramic,653,10.10066,0.00066044,101.0,3.60004,-1.5399999999999615e-06,3.7620000000000036e-05,-0.9837118786896919,gypsum_trial_3
138,gypsum,3,0.17,1.0,1.0,2300.0,1090.0,13.8007,0.8387911170112885,0.24317861443026004,ceramic,653,10.10066,0.00066044,101.0,3.7000400000000013,-1.5599999999999512e-06,3.756000000000007e-05,-0.9979433940392267,gypsum_trial_3
139,gypsum,3,0.17,1.0,1.0,2300.0,1090.0,13.900660000000002,0.8336039669845211,0.23184765480306102,ceramic,653,10.10066,0.00066044,101.0,3.8000000000000025,-1.5799999999999408e-06,3.753999999999997e-05,-0.9979433940392652,gypsum_trial_3
140,gypsum,3,0.17,1.0,1.0,2300.0,1090.0,14.000710000000002,0.8387911170112885,0.22051669517592346,ceramic,653,10.10066,0.00066044,101.0,3.900050000000002,-1.5599999999999512e-06,3.751999999999998e-05,-1.0121749093888002,gypsum_trial_3
141,gypsum,3,0.17,1.0,1.0,2300.0,1090.0,14.10066,0.8284168169577256,0.2091857355487859,ceramic,653,10.10066,0.00066044,101.0,4.0,-1.6000000000000389e-06,3.749999999999999e-05,-1.0050591517139942,gypsum_trial_3
142,gypsum,3,0.17,1.0,1.0,2300.0,1090.0,14.20067,0.8284168169577256,0.19785477592164832,ceramic,653,10.10066,0.00066044,101.0,4.100010000000001,-1.6000000000000389e-06,3.748e-05,-1.0121749093887615,gypsum_trial_3
143,gypsum,3,0.17,1.0,1.0,2300.0,1090.0,14.300670000000002,0.8232296669309582,0.18652381629451073,ceramic,653,10.10066,0.00066044,101.0,4.2000100000000025,-1.6200000000000285e-06,3.746000000000001e-05,-1.0121749093887615,gypsum_trial_3
144,gypsum,3,0.17,1.0,1.0,2300.0,1090.0,14.400710000000002,0.8232296669309582,0.17519285666737316,ceramic,653,10.10066,0.00066044,101.0,4.300050000000002,-1.6200000000000285e-06,3.744000000000002e-05,-1.0192906670635289,gypsum_trial_3
145,gypsum,3,0.17,1.0,1.0,2300.0,1090.0,14.50067,0.8128553668774234,0.1638618970402356,ceramic,653,10.10066,0.00066044,101.0,4.40001,-1.6600000000000078e-06,3.742000000000003e-05,-1.0121749093887615,gypsum_trial_3
146,gypsum,3,0.17,1.0,1.0,2300.0,1090.0,14.600700000000002,0.8128553668774234,0.152530937413098,ceramic,653,10.10066,0.00066044,101.0,4.500040000000002,-1.6600000000000078e-06,3.740000000000004e-05,-1.0192906670635289,gypsum_trial_3
147,gypsum,3,0.17,1.0,1.0,2300.0,1090.0,14.70066,0.8128553668774234,0.152530937413098,ceramic,653,10.10066,0.00066044,101.0,4.6,-1.6600000000000078e-06,3.740000000000004e-05,-1.0192906670635289,gypsum_trial_3
148,gypsum,3,0.17,1.0,1.0,2300.0,1090.0,14.8007,0.8128553668774234,0.12986901815882287,ceramic,653,10.10066,0.00066044,101.0,4.700040000000001,-1.6600000000000078e-06,3.736000000000006e-05,-1.0335221824130638,gypsum_trial_3
149,gypsum,3,0.17,1.0,1.0,2300.0,1090.0,14.9007,0.8024810668238886,0.11853805853162387,ceramic,653,10.10066,0.00066044,101.0,4.800040000000001,-1.6999999999999871e-06,3.7339999999999964e-05,-1.0264064247383349,gypsum_trial_3
150,gypsum,3,0.17,1.0,1.0,2300.0,1090.0,15.00067,0.8024810668238886,0.10720709890448629,ceramic,653,10.10066,0.00066044,101.0,4.90001,-1.6999999999999871e-06,3.7319999999999975e-05,-1.0335221824131025,gypsum_trial_3
151,gypsum,3,0.17,1.0,1.0,2300.0,1090.0,15.10067,0.8024810668238886,0.10720709890448629,ceramic,653,10.10066,0.00066044,101.0,5.00001,-1.6999999999999871e-06,3.7319999999999975e-05,-1.0335221824131025,gypsum_trial_3
104,gypsum,4,0.17,1.0,1.0,2300.0,1090.0,10.400670000000002,1.1655815686978037,1.296957859754546,ceramic,653,10.400670000000002,0.00066014,104.0,0.0,0.0,3.9719999999999925e-05,-0.7844706637961268,gypsum_trial_4
105,gypsum,4,0.17,1.0,1.0,2300.0,1090.0,10.500660000000002,1.170768718724571,1.296957859754546,ceramic,653,10.400670000000002,0.00066014,104.0,0.09999000000000002,1.9999999999989644e-08,3.9719999999999925e-05,-0.7915864214708943,gypsum_trial_4
106,gypsum,4,0.17,1.0,1.0,2300.0,1090.0,10.60066,1.1292715185104036,1.2629649808731331,ceramic,653,10.400670000000002,0.00066014,104.0,0.1999899999999979,-1.4000000000003593e-07,3.9659999999999956e-05,-0.7560076330970186,gypsum_trial_4
107,gypsum,4,0.17,1.0,1.0,2300.0,1090.0,10.7007,1.0929614683230038,1.2516340212459955,ceramic,653,10.400670000000002,0.00066014,104.0,0.3000299999999978,-2.8000000000007186e-07,3.9639999999999966e-05,-0.7133130870483755,gypsum_trial_4
108,gypsum,4,0.17,1.0,1.0,2300.0,1090.0,10.80067,1.0462771180820971,1.2516340212459955,ceramic,653,10.400670000000002,0.00066014,104.0,0.3999999999999986,-4.5999999999997866e-07,3.9639999999999966e-05,-0.6492712679754686,gypsum_trial_4
109,gypsum,4,0.17,1.0,1.0,2300.0,1090.0,10.900670000000002,0.9995927678411625,1.2516340212459955,ceramic,653,10.400670000000002,0.00066014,104.0,0.5,-6.399999999999939e-07,3.9639999999999966e-05,-0.5852294489025233,gypsum_trial_4
110,gypsum,4,0.17,1.0,1.0,2300.0,1090.0,11.000710000000002,0.9736570177072973,1.2516340212459955,ceramic,653,10.400670000000002,0.00066014,104.0,0.6000399999999999,-7.400000000000505e-07,3.9639999999999966e-05,-0.5496506605286475,gypsum_trial_4
111,gypsum,4,0.17,1.0,1.0,2300.0,1090.0,11.10066,0.9529084176002277,1.2516340212459955,ceramic,653,10.400670000000002,0.00066014,104.0,0.6999899999999979,-8.200000000000091e-07,3.9639999999999966e-05,-0.5211876298295779,gypsum_trial_4
112,gypsum,4,0.17,1.0,1.0,2300.0,1090.0,11.20067,0.9373469675198973,1.240303061618858,ceramic,653,10.400670000000002,0.00066014,104.0,0.7999999999999989,-8.800000000000864e-07,3.9619999999999976e-05,-0.5069561144800044,gypsum_trial_4
113,gypsum,4,0.17,1.0,1.0,2300.0,1090.0,11.30067,0.9165983674128277,1.240303061618858,ceramic,653,10.400670000000002,0.00066014,104.0,0.8999999999999986,-9.60000000000045e-07,3.9619999999999976e-05,-0.47849308378093475,gypsum_trial_4
114,gypsum,4,0.17,1.0,1.0,2300.0,1090.0,11.400670000000002,0.9010369173325256,1.2289721019917204,ceramic,653,10.400670000000002,0.00066014,104.0,1.0,-1.020000000000014e-06,3.959999999999999e-05,-0.4642615684313999,gypsum_trial_4
115,gypsum,4,0.17,1.0,1.0,2300.0,1090.0,11.50067,0.8906626172789907,1.2516340212459955,ceramic,653,10.400670000000002,0.00066014,104.0,1.0999999999999979,-1.0599999999999932e-06,3.9639999999999966e-05,-0.4357985377323302,gypsum_trial_4
116,gypsum,4,0.17,1.0,1.0,2300.0,1090.0,11.600700000000002,0.8751011671986604,1.2289721019917204,ceramic,653,10.400670000000002,0.00066014,104.0,1.20003,-1.1200000000000706e-06,3.959999999999999e-05,-0.4286827800575242,gypsum_trial_4
117,gypsum,4,0.17,1.0,1.0,2300.0,1090.0,11.70066,0.8647268671451256,1.2176411423645828,ceramic,653,10.400670000000002,0.00066014,104.0,1.2999899999999975,-1.1600000000000499e-06,3.958e-05,-0.4215670223827568,gypsum_trial_4
118,gypsum,4,0.17,1.0,1.0,2300.0,1090.0,11.8007,0.8543525670915908,1.2176411423645828,ceramic,653,10.400670000000002,0.00066014,104.0,1.4000299999999992,-1.2000000000000292e-06,3.958e-05,-0.4073355070332219,gypsum_trial_4
119,gypsum,4,0.17,1.0,1.0,2300.0,1090.0,11.90066,0.8439782670380559,1.2063101827374452,ceramic,653,10.400670000000002,0.00066014,104.0,1.4999899999999986,-1.2400000000000085e-06,3.956000000000001e-05,-0.4002197493584545,gypsum_trial_4
120,gypsum,4,0.17,1.0,1.0,2300.0,1090.0,12.000660000000002,0.8284168169577256,1.1949792231103076,ceramic,653,10.400670000000002,0.00066014,104.0,1.59999,-1.3000000000000858e-06,3.954000000000002e-05,-0.3859882340088811,gypsum_trial_4
121,gypsum,4,0.17,1.0,1.0,2300.0,1090.0,12.100700000000002,0.8284168169577256,1.1949792231103076,ceramic,653,10.400670000000002,0.00066014,104.0,1.70003,-1.3000000000000858e-06,3.954000000000002e-05,-0.3859882340088811,gypsum_trial_4
122,gypsum,4,0.17,1.0,1.0,2300.0,1090.0,12.20067,0.8128553668774234,1.1836482634831087,ceramic,653,10.400670000000002,0.00066014,104.0,1.799999999999999,-1.3600000000000547e-06,3.951999999999992e-05,-0.3717567186593848,gypsum_trial_4
123,gypsum,4,0.17,1.0,1.0,2300.0,1090.0,12.30066,0.8024810668238886,1.172317303855971,ceramic,653,10.400670000000002,0.00066014,104.0,1.899989999999999,-1.400000000000034e-06,3.949999999999993e-05,-0.3646409609846174,gypsum_trial_4
124,gypsum,4,0.17,1.0,1.0,2300.0,1090.0,12.400670000000002,0.7921067667703537,1.172317303855971,ceramic,653,10.400670000000002,0.00066014,104.0,2.0,-1.4400000000000133e-06,3.949999999999993e-05,-0.35040944563508253,gypsum_trial_4
125,gypsum,4,0.17,1.0,1.0,2300.0,1090.0,12.5007,0.7869196167435863,1.149655384601696,ceramic,653,10.400670000000002,0.00066014,104.0,2.1000299999999985,-1.460000000000003e-06,3.945999999999995e-05,-0.35752520330984994,gypsum_trial_4
126,gypsum,4,0.17,1.0,1.0,2300.0,1090.0,12.60066,0.7869196167435863,1.149655384601696,ceramic,653,10.400670000000002,0.00066014,104.0,2.199989999999998,-1.460000000000003e-06,3.945999999999995e-05,-0.35752520330984994,gypsum_trial_4
127,gypsum,4,0.17,1.0,1.0,2300.0,1090.0,12.70066,0.7765453166900516,1.1156625057202831,ceramic,653,10.400670000000002,0.00066014,104.0,2.2999899999999975,-1.4999999999999823e-06,3.939999999999998e-05,-0.3646409609846174,gypsum_trial_4
128,gypsum,4,0.17,1.0,1.0,2300.0,1090.0,12.8007,0.7661710166364887,1.1156625057202831,ceramic,653,10.400670000000002,0.00066014,104.0,2.400029999999999,-1.54000000000007e-06,3.939999999999998e-05,-0.35040944563504395,gypsum_trial_4
129,gypsum,4,0.17,1.0,1.0,2300.0,1090.0,12.900670000000002,0.7609838666097213,1.1156625057202831,ceramic,653,10.400670000000002,0.00066014,104.0,2.5,-1.5600000000000596e-06,3.939999999999998e-05,-0.34329368796027654,gypsum_trial_4
130,gypsum,4,0.17,1.0,1.0,2300.0,1090.0,13.000710000000002,0.7557967165829539,1.1043315460931455,ceramic,653,10.400670000000002,0.00066014,104.0,2.60004,-1.5800000000000492e-06,3.937999999999999e-05,-0.34329368796027654,gypsum_trial_4
131,gypsum,4,0.17,1.0,1.0,2300.0,1090.0,13.100700000000002,0.7506095665561864,1.0930005864660082,ceramic,653,10.400670000000002,0.00066014,104.0,2.70003,-1.6000000000000389e-06,3.936e-05,-0.34329368796027654,gypsum_trial_4
132,gypsum,4,0.17,1.0,1.0,2300.0,1090.0,13.2007,0.745422416529419,1.0703386672116715,ceramic,653,10.400670000000002,0.00066014,104.0,2.800029999999998,-1.6200000000000285e-06,3.9319999999999915e-05,-0.35040944563508253,gypsum_trial_4
133,gypsum,4,0.17,1.0,1.0,2300.0,1090.0,13.3007,0.7402352665026516,1.0703386672116715,ceramic,653,10.400670000000002,0.00066014,104.0,2.900029999999999,-1.6400000000000182e-06,3.9319999999999915e-05,-0.3432936879603151,gypsum_trial_4
134,gypsum,4,0.17,1.0,1.0,2300.0,1090.0,13.4007,0.7350481164758842,1.0476767479573963,ceramic,653,10.400670000000002,0.00066014,104.0,3.000029999999999,-1.6600000000000078e-06,3.9279999999999936e-05,-0.35040944563508253,gypsum_trial_4
135,gypsum,4,0.17,1.0,1.0,2300.0,1090.0,13.500700000000002,0.7194866663955539,1.025014828703121,ceramic,653,10.400670000000002,0.00066014,104.0,3.1000300000000003,-1.7200000000000852e-06,3.9239999999999956e-05,-0.34329368796027654,gypsum_trial_4
136,gypsum,4,0.17,1.0,1.0,2300.0,1090.0,13.60066,0.7194866663955539,1.025014828703121,ceramic,653,10.400670000000002,0.00066014,104.0,3.199989999999998,-1.7200000000000852e-06,3.9239999999999956e-05,-0.34329368796027654,gypsum_trial_4
137,gypsum,4,0.17,1.0,1.0,2300.0,1090.0,13.70066,0.7194866663955539,1.025014828703121,ceramic,653,10.400670000000002,0.00066014,104.0,3.2999899999999975,-1.7200000000000852e-06,3.9239999999999956e-05,-0.34329368796027654,gypsum_trial_4
138,gypsum,4,0.17,1.0,1.0,2300.0,1090.0,13.80071,0.7142995163687865,0.9910219498217084,ceramic,653,10.400670000000002,0.00066014,104.0,3.400039999999999,-1.7400000000000748e-06,3.917999999999999e-05,-0.35752520330981136,gypsum_trial_4
139,gypsum,4,0.17,1.0,1.0,2300.0,1090.0,13.9007,0.7091123663420191,0.9910219498217084,ceramic,653,10.400670000000002,0.00066014,104.0,3.500029999999999,-1.7600000000000645e-06,3.917999999999999e-05,-0.35040944563504395,gypsum_trial_4
140,gypsum,4,0.17,1.0,1.0,2300.0,1090.0,14.000660000000002,0.7039252163152516,0.9910219498217084,ceramic,653,10.400670000000002,0.00066014,104.0,3.59999,-1.7800000000000541e-06,3.917999999999999e-05,-0.34329368796027654,gypsum_trial_4
141,gypsum,4,0.17,1.0,1.0,2300.0,1090.0,14.100700000000002,0.6987380662884842,0.979690990194571,ceramic,653,10.400670000000002,0.00066014,104.0,3.70003,-1.8000000000000438e-06,3.916e-05,-0.34329368796027654,gypsum_trial_4
142,gypsum,4,0.17,1.0,1.0,2300.0,1090.0,14.2007,0.6987380662884842,0.9456981113130968,ceramic,653,10.400670000000002,0.00066014,104.0,3.800029999999998,-1.8000000000000438e-06,3.909999999999992e-05,-0.3646409609846174,gypsum_trial_4
143,gypsum,4,0.17,1.0,1.0,2300.0,1090.0,14.30066,0.6935509162617168,0.9570290709402958,ceramic,653,10.400670000000002,0.00066014,104.0,3.899989999999999,-1.8200000000000334e-06,3.912000000000002e-05,-0.35040944563504395,gypsum_trial_4
144,gypsum,4,0.17,1.0,1.0,2300.0,1090.0,14.400670000000002,0.683176616208182,0.9343671516859592,ceramic,653,10.400670000000002,0.00066014,104.0,4.0,-1.8600000000000127e-06,3.907999999999993e-05,-0.35040944563508253,gypsum_trial_4
145,gypsum,4,0.17,1.0,1.0,2300.0,1090.0,14.500700000000002,0.683176616208182,0.9230361920588216,ceramic,653,10.400670000000002,0.00066014,104.0,4.10003,-1.8600000000000127e-06,3.905999999999994e-05,-0.35752520330984994,gypsum_trial_4
146,gypsum,4,0.17,1.0,1.0,2300.0,1090.0,14.600700000000002,0.6779894661814146,0.911705232431684,ceramic,653,10.400670000000002,0.00066014,104.0,4.20003,-1.8800000000000023e-06,3.903999999999995e-05,-0.35752520330984994,gypsum_trial_4
147,gypsum,4,0.17,1.0,1.0,2300.0,1090.0,14.70066,0.6779894661814146,0.8890433131774089,ceramic,653,10.400670000000002,0.00066014,104.0,4.2999899999999975,-1.8800000000000023e-06,3.899999999999997e-05,-0.3717567186593848,gypsum_trial_4
148,gypsum,4,0.17,1.0,1.0,2300.0,1090.0,14.80066,0.6728023161546473,0.8890433131774089,ceramic,653,10.400670000000002,0.00066014,104.0,4.399989999999999,-1.899999999999992e-06,3.899999999999997e-05,-0.3646409609846174,gypsum_trial_4
149,gypsum,4,0.17,1.0,1.0,2300.0,1090.0,14.9007,0.6676151661278799,0.8663813939231337,ceramic,653,10.400670000000002,0.00066014,104.0,4.500029999999999,-1.9199999999999816e-06,3.895999999999999e-05,-0.3717567186593848,gypsum_trial_4
150,gypsum,4,0.17,1.0,1.0,2300.0,1090.0,15.000700000000002,0.6624280161010844,0.8550504342959961,ceramic,653,10.400670000000002,0.00066014,104.0,4.60003,-1.9400000000000797e-06,3.894e-05,-0.37175671865934623,gypsum_trial_4
151,gypsum,4,0.17,1.0,1.0,2300.0,1090.0,15.10066,0.6624280161010844,0.8550504342959961,ceramic,653,10.400670000000002,0.00066014,104.0,4.699989999999998,-1.9400000000000797e-06,3.894e-05,-0.37175671865934623,gypsum_trial_4
152,gypsum,4,0.17,1.0,1.0,2300.0,1090.0,15.20067,0.657240866074317,0.8323885150416596,ceramic,653,10.400670000000002,0.00066014,104.0,4.799999999999999,-1.9600000000000693e-06,3.8899999999999916e-05,-0.3788724763341522,gypsum_trial_4
153,gypsum,4,0.17,1.0,1.0,2300.0,1090.0,15.300670000000002,0.657240866074317,0.8323885150416596,ceramic,653,10.400670000000002,0.00066014,104.0,4.9,-1.9600000000000693e-06,3.8899999999999916e-05,-0.3788724763341522,gypsum_trial_4
154,gypsum,4,0.17,1.0,1.0,2300.0,1090.0,15.400660000000002,0.657240866074317,0.821057555414522,ceramic,653,10.400670000000002,0.00066014,104.0,4.99999,-1.9600000000000693e-06,3.8879999999999926e-05,-0.38598823400891963,gypsum_trial_4
107,gypsum,5,0.17,1.0,1.0,2300.0,1090.0,10.70066,1.170768718724571,1.3082888193816835,ceramic,653,10.70066,0.00066016,107.0,0.0,0.0,3.9719999999999925e-05,-0.7844706637961268,gypsum_trial_5
108,gypsum,5,0.17,1.0,1.0,2300.0,1090.0,10.8007,1.1655815686978037,1.296957859754546,ceramic,653,10.70066,0.00066016,107.0,0.10004000000000168,-1.9999999999989644e-08,3.9699999999999935e-05,-0.7844706637961268,gypsum_trial_5
109,gypsum,5,0.17,1.0,1.0,2300.0,1090.0,10.90066,1.1655815686978037,1.3082888193816835,ceramic,653,10.70066,0.00066016,107.0,0.20000000000000107,-1.9999999999989644e-08,3.9719999999999925e-05,-0.7773549061213594,gypsum_trial_5
110,gypsum,5,0.17,1.0,1.0,2300.0,1090.0,11.0007,1.181143018778106,1.33095073863602,ceramic,653,10.70066,0.00066016,107.0,0.300040000000001,3.999999999997929e-08,3.976000000000001e-05,-0.7844706637960882,gypsum_trial_5
111,gypsum,5,0.17,1.0,1.0,2300.0,1090.0,11.10066,0.9736570177072973,1.2063101827374452,ceramic,653,10.70066,0.00066016,107.0,0.40000000000000036,-7.600000000000402e-07,3.954000000000002e-05,-0.5781136912277173,gypsum_trial_5
112,gypsum,5,0.17,1.0,1.0,2300.0,1090.0,11.2007,0.8647268671451256,1.1836482634831087,ceramic,653,10.70066,0.00066016,107.0,0.5000400000000003,-1.1800000000000395e-06,3.949999999999993e-05,-0.4429142954070976,gypsum_trial_5
113,gypsum,5,0.17,1.0,1.0,2300.0,1090.0,11.3007,0.7765453166900516,1.1609863442288335,ceramic,653,10.70066,0.00066016,107.0,0.6000400000000017,-1.519999999999972e-06,3.945999999999995e-05,-0.3361779302855477,gypsum_trial_5
114,gypsum,5,0.17,1.0,1.0,2300.0,1090.0,11.40066,0.7298609664491168,1.172317303855971,ceramic,653,10.70066,0.00066016,107.0,0.7000000000000011,-1.6999999999999871e-06,3.947999999999994e-05,-0.2650203535378349,gypsum_trial_5
115,gypsum,5,0.17,1.0,1.0,2300.0,1090.0,11.5007,0.683176616208182,1.149655384601696,ceramic,653,10.70066,0.00066016,107.0,0.800040000000001,-1.8800000000000023e-06,3.943999999999996e-05,-0.21521004981442432,gypsum_trial_5
116,gypsum,5,0.17,1.0,1.0,2300.0,1090.0,11.60066,0.6468665660207821,1.149655384601696,ceramic,653,10.70066,0.00066016,107.0,0.9000000000000004,-2.0200000000000383e-06,3.943999999999996e-05,-0.1653997460910138,gypsum_trial_5
117,gypsum,5,0.17,1.0,1.0,2300.0,1090.0,11.7007,0.6209308158869451,1.149655384601696,ceramic,653,10.70066,0.00066016,107.0,1.0000400000000003,-2.1199999999999865e-06,3.943999999999996e-05,-0.12982095771717667,gypsum_trial_5
118,gypsum,5,0.17,1.0,1.0,2300.0,1090.0,11.80071,0.6053693658066147,1.1383244249745583,ceramic,653,10.70066,0.00066016,107.0,1.1000500000000013,-2.180000000000064e-06,3.941999999999997e-05,-0.11558944236760325,gypsum_trial_5
119,gypsum,5,0.17,1.0,1.0,2300.0,1090.0,11.9007,0.5794336156727777,1.1269934653474207,ceramic,653,10.70066,0.00066016,107.0,1.2000400000000013,-2.280000000000012e-06,3.939999999999998e-05,-0.08712641166853355,gypsum_trial_5
120,gypsum,5,0.17,1.0,1.0,2300.0,1090.0,12.00067,0.5534978655389126,1.1043315460931455,ceramic,653,10.70066,0.00066016,107.0,1.3000100000000003,-2.3800000000000687e-06,3.936e-05,-0.0657791386441927,gypsum_trial_5
121,gypsum,5,0.17,1.0,1.0,2300.0,1090.0,12.100700000000002,0.5431235654853778,1.1043315460931455,ceramic,653,10.70066,0.00066016,107.0,1.4000400000000024,-2.420000000000048e-06,3.936e-05,-0.05154762329465786,gypsum_trial_5
122,gypsum,5,0.17,1.0,1.0,2300.0,1090.0,12.2007,0.5171878153515408,1.1043315460931455,ceramic,653,10.70066,0.00066016,107.0,1.5000400000000003,-2.519999999999996e-06,3.936e-05,-0.01596883492082074,gypsum_trial_5
123,gypsum,5,0.17,1.0,1.0,2300.0,1090.0,12.3007,0.506813515298006,1.0930005864660082,ceramic,653,10.70066,0.00066016,107.0,1.6000400000000017,-2.5599999999999755e-06,3.934000000000001e-05,-0.008853077246053316,gypsum_trial_5
124,gypsum,5,0.17,1.0,1.0,2300.0,1090.0,12.40066,0.4912520652176756,1.0816696268388706,ceramic,653,10.70066,0.00066016,107.0,1.700000000000001,-2.620000000000053e-06,3.932000000000002e-05,0.0053784381035201076,gypsum_trial_5
125,gypsum,5,0.17,1.0,1.0,2300.0,1090.0,12.5007,0.4808777651641408,1.0703386672116715,ceramic,653,10.70066,0.00066016,107.0,1.800040000000001,-2.660000000000032e-06,3.9299999999999925e-05,0.012494195778248956,gypsum_trial_5
126,gypsum,5,0.17,1.0,1.0,2300.0,1090.0,12.60066,0.47050346511060603,1.0590077075845339,ceramic,653,10.70066,0.00066016,107.0,1.9000000000000004,-2.7000000000000114e-06,3.9279999999999936e-05,0.01960995345301638,gypsum_trial_5
127,gypsum,5,0.17,1.0,1.0,2300.0,1090.0,12.70066,0.46012916505707124,1.0476767479573963,ceramic,653,10.70066,0.00066016,107.0,2.0,-2.7399999999999907e-06,3.9259999999999946e-05,0.026725711127783804,gypsum_trial_5
128,gypsum,5,0.17,1.0,1.0,2300.0,1090.0,12.8007,0.4549420150303038,1.025014828703121,ceramic,653,10.70066,0.00066016,107.0,2.1000400000000017,-2.7599999999999804e-06,3.921999999999997e-05,0.01960995345301638,gypsum_trial_5
129,gypsum,5,0.17,1.0,1.0,2300.0,1090.0,12.9007,0.4445677149767409,1.0136838690759837,ceramic,653,10.70066,0.00066016,107.0,2.2000400000000013,-2.800000000000068e-06,3.919999999999998e-05,0.02672571112782238,gypsum_trial_5
130,gypsum,5,0.17,1.0,1.0,2300.0,1090.0,13.000700000000002,0.4238191148696713,0.9910219498217084,ceramic,653,10.70066,0.00066016,107.0,2.3000400000000027,-2.8800000000000266e-06,3.916e-05,0.04095722647735723,gypsum_trial_5
131,gypsum,5,0.17,1.0,1.0,2300.0,1090.0,13.10066,0.4238191148696713,0.979690990194571,ceramic,653,10.70066,0.00066016,107.0,2.4000000000000004,-2.8800000000000266e-06,3.914000000000001e-05,0.0338414688025898,gypsum_trial_5
132,gypsum,5,0.17,1.0,1.0,2300.0,1090.0,13.2007,0.4186319648429039,0.9456981113130968,ceramic,653,10.70066,0.00066016,107.0,2.5000400000000003,-2.9000000000000163e-06,3.907999999999993e-05,0.01960995345301638,gypsum_trial_5
133,gypsum,5,0.17,1.0,1.0,2300.0,1090.0,13.30066,0.40825766478936903,0.9343671516859592,ceramic,653,10.70066,0.00066016,107.0,2.6000000000000014,-2.9399999999999956e-06,3.905999999999994e-05,0.026725711127783804,gypsum_trial_5
134,gypsum,5,0.17,1.0,1.0,2300.0,1090.0,13.4007,0.40307051476260164,0.9230361920588216,ceramic,653,10.70066,0.00066016,107.0,2.7000400000000013,-2.9599999999999852e-06,3.903999999999995e-05,0.026725711127783804,gypsum_trial_5
135,gypsum,5,0.17,1.0,1.0,2300.0,1090.0,13.500700000000002,0.39788336473583424,0.9003742728045465,ceramic,653,10.70066,0.00066016,107.0,2.8000400000000027,-2.979999999999975e-06,3.899999999999997e-05,0.01960995345301638,gypsum_trial_5
136,gypsum,5,0.17,1.0,1.0,2300.0,1090.0,13.600700000000002,0.3875090646822713,0.8777123535502713,ceramic,653,10.70066,0.00066016,107.0,2.9000400000000024,-3.0200000000000626e-06,3.895999999999999e-05,0.019609953453054954,gypsum_trial_5
137,gypsum,5,0.17,1.0,1.0,2300.0,1090.0,13.70071,0.3771347646287365,0.8550504342959961,ceramic,653,10.70066,0.00066016,107.0,3.0000500000000017,-3.060000000000042e-06,3.8920000000000014e-05,0.019609953453054954,gypsum_trial_5
138,gypsum,5,0.17,1.0,1.0,2300.0,1090.0,13.800670000000002,0.3771347646287365,0.8437194746688585,ceramic,653,10.70066,0.00066016,107.0,3.100010000000003,-3.060000000000042e-06,3.8900000000000024e-05,0.012494195778287531,gypsum_trial_5
139,gypsum,5,0.17,1.0,1.0,2300.0,1090.0,13.900670000000002,0.36676046457520173,0.8097265957873845,ceramic,653,10.70066,0.00066016,107.0,3.2000100000000025,-3.100000000000021e-06,3.883999999999995e-05,0.0053784381034815325,gypsum_trial_5
140,gypsum,5,0.17,1.0,1.0,2300.0,1090.0,14.000700000000002,0.36676046457520173,0.7983956361602469,ceramic,653,10.70066,0.00066016,107.0,3.3000400000000027,-3.100000000000021e-06,3.881999999999996e-05,-0.0017373195712858912,gypsum_trial_5
141,gypsum,5,0.17,1.0,1.0,2300.0,1090.0,14.100700000000002,0.36157331454843433,0.7870646765331093,ceramic,653,10.70066,0.00066016,107.0,3.4000400000000024,-3.1200000000000108e-06,3.879999999999997e-05,-0.0017373195712858912,gypsum_trial_5
142,gypsum,5,0.17,1.0,1.0,2300.0,1090.0,14.2007,0.36157331454843433,0.7644027572788341,ceramic,653,10.70066,0.00066016,107.0,3.5000400000000003,-3.1200000000000108e-06,3.875999999999999e-05,-0.01596883492082074,gypsum_trial_5
143,gypsum,5,0.17,1.0,1.0,2300.0,1090.0,14.3007,0.3511990144948995,0.741740838024559,ceramic,653,10.70066,0.00066016,107.0,3.6000400000000017,-3.15999999999999e-06,3.872000000000001e-05,-0.01596883492082074,gypsum_trial_5
144,gypsum,5,0.17,1.0,1.0,2300.0,1090.0,14.4007,0.3460118644681321,0.7304098783974214,ceramic,653,10.70066,0.00066016,107.0,3.7000400000000013,-3.1799999999999797e-06,3.870000000000002e-05,-0.01596883492082074,gypsum_trial_5
145,gypsum,5,0.17,1.0,1.0,2300.0,1090.0,14.500660000000002,0.3408247144413647,0.7304098783974214,ceramic,653,10.70066,0.00066016,107.0,3.8000000000000025,-3.1999999999999694e-06,3.870000000000002e-05,-0.008853077246053316,gypsum_trial_5
146,gypsum,5,0.17,1.0,1.0,2300.0,1090.0,14.600700000000002,0.33045041438780176,0.6964169995159473,ceramic,653,10.70066,0.00066016,107.0,3.9000400000000024,-3.240000000000057e-06,3.863999999999994e-05,-0.01596883492082074,gypsum_trial_5
147,gypsum,5,0.17,1.0,1.0,2300.0,1090.0,14.70066,0.33045041438780176,0.6737550802616721,ceramic,653,10.70066,0.00066016,107.0,4.0,-3.240000000000057e-06,3.859999999999996e-05,-0.030200350270355586,gypsum_trial_5
148,gypsum,5,0.17,1.0,1.0,2300.0,1090.0,14.800670000000002,0.33045041438780176,0.6624241206345346,ceramic,653,10.70066,0.00066016,107.0,4.100010000000003,-3.240000000000057e-06,3.857999999999997e-05,-0.03731610794512301,gypsum_trial_5
149,gypsum,5,0.17,1.0,1.0,2300.0,1090.0,14.900660000000002,0.32526326436103437,0.6397622013802594,ceramic,653,10.70066,0.00066016,107.0,4.200000000000003,-3.2600000000000467e-06,3.8539999999999994e-05,-0.04443186561989043,gypsum_trial_5
150,gypsum,5,0.17,1.0,1.0,2300.0,1090.0,15.000700000000002,0.32007611433426697,0.6171002821259842,ceramic,653,10.70066,0.00066016,107.0,4.300040000000003,-3.2800000000000364e-06,3.8500000000000014e-05,-0.05154762329465786,gypsum_trial_5
151,gypsum,5,0.17,1.0,1.0,2300.0,1090.0,15.100700000000002,0.3148889643074996,0.6057693224988466,ceramic,653,10.70066,0.00066016,107.0,4.400040000000002,-3.300000000000026e-06,3.8480000000000025e-05,-0.05154762329465786,gypsum_trial_5
152,gypsum,5,0.17,1.0,1.0,2300.0,1090.0,15.2007,0.3097018142807321,0.6057693224988466,ceramic,653,10.70066,0.00066016,107.0,4.50004,-3.3200000000000156e-06,3.8480000000000025e-05,-0.04443186561989043,gypsum_trial_5
153,gypsum,5,0.17,1.0,1.0,2300.0,1090.0,15.30071,0.30451466425396473,0.5831074032445102,ceramic,653,10.70066,0.00066016,107.0,4.600050000000001,-3.3400000000000053e-06,3.843999999999994e-05,-0.051547623294696435,gypsum_trial_5
154,gypsum,5,0.17,1.0,1.0,2300.0,1090.0,15.400670000000002,0.30451466425396473,0.560445483990235,ceramic,653,10.70066,0.00066016,107.0,4.7000100000000025,-3.3400000000000053e-06,3.839999999999996e-05,-0.06577913864423128,gypsum_trial_5
155,gypsum,5,0.17,1.0,1.0,2300.0,1090.0,15.500710000000002,0.30451466425396473,0.5377835647359598,ceramic,653,10.70066,0.00066016,107.0,4.800050000000002,-3.3400000000000053e-06,3.835999999999998e-05,-0.08001065399376613,gypsum_trial_5
156,gypsum,5,0.17,1.0,1.0,2300.0,1090.0,15.60066,0.29414036420042994,0.5377835647359598,ceramic,653,10.70066,0.00066016,107.0,4.9,-3.3799999999999846e-06,3.835999999999998e-05,-0.06577913864423128,gypsum_trial_5
157,gypsum,5,0.17,1.0,1.0,2300.0,1090.0,15.7007,0.29414036420042994,0.5151216454816847,ceramic,653,10.70066,0.00066016,107.0,5.00004,-3.3799999999999846e-06,3.832e-05,-0.08001065399376613,gypsum_trial_5
109,gypsum,6,0.17,1.0,1.0,2300.0,1090.0,10.9007,1.1603944186710362,1.2742959405002707,ceramic,653,10.9007,0.00066012,109.0,0.0,0.0,3.9699999999999935e-05,-0.7915864214708943,gypsum_trial_6
110,gypsum,6,0.17,1.0,1.0,2300.0,1090.0,11.00067,1.1603944186710362,1.2742959405002707,ceramic,653,10.9007,0.00066012,109.0,0.099969999999999,0.0,3.9699999999999935e-05,-0.7915864214708943,gypsum_trial_6
111,gypsum,6,0.17,1.0,1.0,2300.0,1090.0,11.100700000000002,1.155207268644269,1.2629649808731331,ceramic,653,10.9007,0.00066012,109.0,0.20000000000000107,-1.9999999999989644e-08,3.9679999999999945e-05,-0.7915864214708943,gypsum_trial_6
112,gypsum,6,0.17,1.0,1.0,2300.0,1090.0,11.20066,0.9995927678411625,1.0590077075845339,ceramic,653,10.9007,0.00066012,109.0,0.29995999999999867,-6.200000000000042e-07,3.9319999999999915e-05,-0.7061973293736467,gypsum_trial_6
113,gypsum,6,0.17,1.0,1.0,2300.0,1090.0,11.30066,0.8802883172254278,1.0136838690759837,ceramic,653,10.9007,0.00066012,109.0,0.3999600000000001,-1.0800000000000913e-06,3.9239999999999956e-05,-0.5709979335529498,gypsum_trial_6
114,gypsum,6,0.17,1.0,1.0,2300.0,1090.0,11.4007,0.8024810668238886,1.0023529094488461,ceramic,653,10.9007,0.00066012,109.0,0.5,-1.3800000000000444e-06,3.921999999999997e-05,-0.47137732610616734,gypsum_trial_6
115,gypsum,6,0.17,1.0,1.0,2300.0,1090.0,11.500660000000002,0.7298609664491168,0.9910219498217084,ceramic,653,10.9007,0.00066012,109.0,0.5999600000000012,-1.6600000000000078e-06,3.919999999999998e-05,-0.3788724763341522,gypsum_trial_6
116,gypsum,6,0.17,1.0,1.0,2300.0,1090.0,11.600700000000002,0.6935509162617168,0.979690990194571,ceramic,653,10.9007,0.00066012,109.0,0.7000000000000011,-1.8000000000000438e-06,3.917999999999999e-05,-0.33617793028550913,gypsum_trial_6
117,gypsum,6,0.17,1.0,1.0,2300.0,1090.0,11.7007,0.6468665660207821,0.979690990194571,ceramic,653,10.9007,0.00066012,109.0,0.7999999999999989,-1.980000000000059e-06,3.917999999999999e-05,-0.2721361112125637,gypsum_trial_6
118,gypsum,6,0.17,1.0,1.0,2300.0,1090.0,11.80066,0.6105565158333822,0.9683600305674334,ceramic,653,10.9007,0.00066012,109.0,0.8999600000000001,-2.120000000000095e-06,3.916e-05,-0.2294415651639206,gypsum_trial_6
119,gypsum,6,0.17,1.0,1.0,2300.0,1090.0,11.9007,0.5846207656995451,0.9683600305674334,ceramic,653,10.9007,0.00066012,109.0,1.0,-2.220000000000043e-06,3.916e-05,-0.19386277679008349,gypsum_trial_6
120,gypsum,6,0.17,1.0,1.0,2300.0,1090.0,12.000660000000002,0.5638721655924755,0.9683600305674334,ceramic,653,10.9007,0.00066012,109.0,1.0999600000000012,-2.3000000000000017e-06,3.916e-05,-0.1653997460910138,gypsum_trial_6
121,gypsum,6,0.17,1.0,1.0,2300.0,1090.0,12.10067,0.532749265431843,0.9456981113130968,ceramic,653,10.9007,0.00066012,109.0,1.1999699999999986,-2.420000000000048e-06,3.911999999999991e-05,-0.1369367153919441,gypsum_trial_6
122,gypsum,6,0.17,1.0,1.0,2300.0,1090.0,12.20067,0.5171878153515408,0.9230361920588216,ceramic,653,10.9007,0.00066012,109.0,1.29997,-2.480000000000017e-06,3.907999999999993e-05,-0.12982095771717667,gypsum_trial_6
123,gypsum,6,0.17,1.0,1.0,2300.0,1090.0,12.30066,0.49643921524444307,0.9230361920588216,ceramic,653,10.9007,0.00066012,109.0,1.39996,-2.560000000000084e-06,3.907999999999993e-05,-0.1013579270180684,gypsum_trial_6
124,gypsum,6,0.17,1.0,1.0,2300.0,1090.0,12.40066,0.47569061513737343,0.9003742728045465,ceramic,653,10.9007,0.00066012,109.0,1.4999599999999997,-2.6400000000000425e-06,3.903999999999995e-05,-0.08712641166853355,gypsum_trial_6
125,gypsum,6,0.17,1.0,1.0,2300.0,1090.0,12.500660000000002,0.46531631508383864,0.8890433131774089,ceramic,653,10.9007,0.00066012,109.0,1.5999600000000012,-2.6800000000000218e-06,3.901999999999996e-05,-0.08001065399376613,gypsum_trial_6
126,gypsum,6,0.17,1.0,1.0,2300.0,1090.0,12.600700000000002,0.46012916505707124,0.8663813939231337,ceramic,653,10.9007,0.00066012,109.0,1.700000000000001,-2.7000000000000114e-06,3.897999999999998e-05,-0.08712641166853355,gypsum_trial_6
127,gypsum,6,0.17,1.0,1.0,2300.0,1090.0,12.7007,0.43419341492320607,0.8550504342959961,ceramic,653,10.9007,0.00066012,109.0,1.799999999999999,-2.800000000000068e-06,3.895999999999999e-05,-0.058663380969425284,gypsum_trial_6
128,gypsum,6,0.17,1.0,1.0,2300.0,1090.0,12.8007,0.4238191148696713,0.8323885150416596,ceramic,653,10.9007,0.00066012,109.0,1.9000000000000004,-2.8400000000000473e-06,3.8919999999999905e-05,-0.05866338096946386,gypsum_trial_6
129,gypsum,6,0.17,1.0,1.0,2300.0,1090.0,12.90066,0.4134448148161365,0.821057555414522,ceramic,653,10.9007,0.00066012,109.0,1.9999599999999997,-2.8800000000000266e-06,3.8899999999999916e-05,-0.051547623294696435,gypsum_trial_6
130,gypsum,6,0.17,1.0,1.0,2300.0,1090.0,13.000700000000002,0.40825766478936903,0.7983956361602469,ceramic,653,10.9007,0.00066012,109.0,2.1000000000000014,-2.9000000000000163e-06,3.8859999999999936e-05,-0.05866338096946386,gypsum_trial_6
131,gypsum,6,0.17,1.0,1.0,2300.0,1090.0,13.100700000000002,0.39788336473583424,0.7870646765331093,ceramic,653,10.9007,0.00066012,109.0,2.200000000000001,-2.9399999999999956e-06,3.883999999999995e-05,-0.051547623294696435,gypsum_trial_6
132,gypsum,6,0.17,1.0,1.0,2300.0,1090.0,13.2007,0.3926962147090387,0.7644027572788341,ceramic,653,10.9007,0.00066012,109.0,2.299999999999999,-2.9600000000000936e-06,3.879999999999997e-05,-0.058663380969425284,gypsum_trial_6
133,gypsum,6,0.17,1.0,1.0,2300.0,1090.0,13.30067,0.3823219146555039,0.741740838024559,ceramic,653,10.9007,0.00066012,109.0,2.3999699999999997,-3.000000000000073e-06,3.875999999999999e-05,-0.058663380969425284,gypsum_trial_6
134,gypsum,6,0.17,1.0,1.0,2300.0,1090.0,13.4007,0.3771347646287365,0.7304098783974214,ceramic,653,10.9007,0.00066012,109.0,2.5,-3.0200000000000626e-06,3.874e-05,-0.058663380969425284,gypsum_trial_6
135,gypsum,6,0.17,1.0,1.0,2300.0,1090.0,13.500660000000002,0.36157331454843433,0.7077479591430849,ceramic,653,10.9007,0.00066012,109.0,2.599960000000001,-3.0800000000000315e-06,3.869999999999991e-05,-0.051547623294696435,gypsum_trial_6
136,gypsum,6,0.17,1.0,1.0,2300.0,1090.0,13.600700000000002,0.3511990144948995,0.6850860398888097,ceramic,653,10.9007,0.00066012,109.0,2.700000000000001,-3.1200000000000108e-06,3.865999999999993e-05,-0.051547623294696435,gypsum_trial_6
137,gypsum,6,0.17,1.0,1.0,2300.0,1090.0,13.70066,0.3460118644681321,0.6624241206345346,ceramic,653,10.9007,0.00066012,109.0,2.7999599999999987,-3.1400000000000004e-06,3.861999999999995e-05,-0.05866338096946386,gypsum_trial_6
138,gypsum,6,0.17,1.0,1.0,2300.0,1090.0,13.8007,0.3511990144948995,0.651093161007397,ceramic,653,10.9007,0.00066012,109.0,2.9000000000000004,-3.1200000000000108e-06,3.859999999999996e-05,-0.0728948963189987,gypsum_trial_6
139,gypsum,6,0.17,1.0,1.0,2300.0,1090.0,13.9007,0.33045041438780176,0.6284312417531218,ceramic,653,10.9007,0.00066012,109.0,3.0,-3.2000000000000778e-06,3.855999999999998e-05,-0.058663380969425284,gypsum_trial_6
140,gypsum,6,0.17,1.0,1.0,2300.0,1090.0,14.000660000000002,0.33045041438780176,0.6057693224988466,ceramic,653,10.9007,0.00066012,109.0,3.099960000000001,-3.2000000000000778e-06,3.8520000000000004e-05,-0.07289489631896014,gypsum_trial_6
141,gypsum,6,0.17,1.0,1.0,2300.0,1090.0,14.100700000000002,0.33045041438780176,0.5831074032445102,ceramic,653,10.9007,0.00066012,109.0,3.200000000000001,-3.2000000000000778e-06,3.8479999999999916e-05,-0.08712641166853355,gypsum_trial_6
142,gypsum,6,0.17,1.0,1.0,2300.0,1090.0,14.20066,0.32526326436103437,0.560445483990235,ceramic,653,10.9007,0.00066012,109.0,3.2999599999999987,-3.2200000000000674e-06,3.843999999999994e-05,-0.09424216934330097,gypsum_trial_6
143,gypsum,6,0.17,1.0,1.0,2300.0,1090.0,14.3007,0.32007611433426697,0.5377835647359598,ceramic,653,10.9007,0.00066012,109.0,3.4000000000000004,-3.240000000000057e-06,3.839999999999996e-05,-0.1013579270180684,gypsum_trial_6
144,gypsum,6,0.17,1.0,1.0,2300.0,1090.0,14.4007,0.3097018142807321,0.5377835647359598,ceramic,653,10.9007,0.00066012,109.0,3.5,-3.2800000000000364e-06,3.839999999999996e-05,-0.08712641166853355,gypsum_trial_6
145,gypsum,6,0.17,1.0,1.0,2300.0,1090.0,14.500700000000002,0.30451466425396473,0.48112876660027193,ceramic,653,10.9007,0.00066012,109.0,3.6000000000000014,-3.300000000000026e-06,3.830000000000001e-05,-0.11558944236760325,gypsum_trial_6
146,gypsum,6,0.17,1.0,1.0,2300.0,1090.0,14.600700000000002,0.28895321417366254,0.48112876660027193,ceramic,653,10.9007,0.00066012,109.0,3.700000000000001,-3.359999999999995e-06,3.830000000000001e-05,-0.09424216934330097,gypsum_trial_6
147,gypsum,6,0.17,1.0,1.0,2300.0,1090.0,14.70066,0.28895321417366254,0.45846684734593535,ceramic,653,10.9007,0.00066012,109.0,3.7999599999999987,-3.359999999999995e-06,3.825999999999992e-05,-0.1084736846928744,gypsum_trial_6
148,gypsum,6,0.17,1.0,1.0,2300.0,1090.0,14.80066,0.28895321417366254,0.4358049280916602,ceramic,653,10.9007,0.00066012,109.0,3.89996,-3.359999999999995e-06,3.821999999999994e-05,-0.12270520004240924,gypsum_trial_6
149,gypsum,6,0.17,1.0,1.0,2300.0,1090.0,14.9007,0.283766064146867,0.4244739684645226,ceramic,653,10.9007,0.00066012,109.0,4.0,-3.380000000000093e-06,3.819999999999995e-05,-0.12270520004237068,gypsum_trial_6
150,gypsum,6,0.17,1.0,1.0,2300.0,1090.0,15.000700000000002,0.2785789141200996,0.4018120492102475,ceramic,653,10.9007,0.00066012,109.0,4.100000000000001,-3.4000000000000826e-06,3.8159999999999973e-05,-0.12982095771713809,gypsum_trial_6
151,gypsum,6,0.17,1.0,1.0,2300.0,1090.0,15.10066,0.2682046140665648,0.37915012995597236,ceramic,653,10.9007,0.00066012,109.0,4.199959999999999,-3.440000000000062e-06,3.8119999999999994e-05,-0.12982095771713809,gypsum_trial_6
152,gypsum,6,0.17,1.0,1.0,2300.0,1090.0,15.20066,0.2682046140665648,0.36781917032883477,ceramic,653,10.9007,0.00066012,109.0,4.299959999999999,-3.440000000000062e-06,3.8100000000000005e-05,-0.13693671539190552,gypsum_trial_6
153,gypsum,6,0.17,1.0,1.0,2300.0,1090.0,15.3007,0.2630174640397974,0.3451572510744982,ceramic,653,10.9007,0.00066012,109.0,4.4,-3.4600000000000516e-06,3.805999999999992e-05,-0.1440524730667115,gypsum_trial_6
154,gypsum,6,0.17,1.0,1.0,2300.0,1090.0,15.400660000000002,0.2630174640397974,0.33382629144736065,ceramic,653,10.9007,0.00066012,109.0,4.4999600000000015,-3.4600000000000516e-06,3.803999999999993e-05,-0.15116823074147895,gypsum_trial_6
155,gypsum,6,0.17,1.0,1.0,2300.0,1090.0,15.500700000000002,0.25783031401302997,0.31116437219308546,ceramic,653,10.9007,0.00066012,109.0,4.600000000000001,-3.4800000000000412e-06,3.799999999999995e-05,-0.15828398841624636,gypsum_trial_6
156,gypsum,6,0.17,1.0,1.0,2300.0,1090.0,15.60066,0.2526431639862626,0.2885024529388103,ceramic,653,10.9007,0.00066012,109.0,4.699959999999999,-3.500000000000031e-06,3.795999999999997e-05,-0.1653997460910138,gypsum_trial_6
157,gypsum,6,0.17,1.0,1.0,2300.0,1090.0,15.7007,0.24745601395949518,0.2658405336845352,ceramic,653,10.9007,0.00066012,109.0,4.799999999999999,-3.5200000000000205e-06,3.791999999999999e-05,-0.1725155037657812,gypsum_trial_6
158,gypsum,6,0.17,1.0,1.0,2300.0,1090.0,15.8007,0.24226886393272778,0.2545095740573976,ceramic,653,10.9007,0.00066012,109.0,4.9,-3.54000000000001e-06,3.79e-05,-0.1725155037657812,gypsum_trial_6
159,gypsum,6,0.17,1.0,1.0,2300.0,1090.0,15.9007,0.23708171390596036,0.23184765480306102,ceramic,653,10.9007,0.00066012,109.0,5.0,-3.56e-06,3.785999999999991e-05,-0.17963126144058722,gypsum_trial_6
160,gypsum,6,0.17,1.0,1.0,2300.0,1090.0,16.00066,0.23708171390596036,0.22051669517592346,ceramic,653,10.9007,0.00066012,109.0,5.099959999999999,-3.56e-06,3.783999999999992e-05,-0.18674701911535463,gypsum_trial_6
101,iron,1,77.5,1.0,1.0,7860.0,449.0,10.100700000000002,0.8024810668238886,-0.34603128618120094,metal,16538,10.100700000000002,0.00065874,101.0,0.0,0.0,3.822000000000005e-05,-1.3181524894039152,iron_trial_1
102,iron,1,77.5,1.0,1.0,7860.0,449.0,10.20066,0.807668216850656,-0.3573622458083999,metal,16538,10.100700000000002,0.00065874,101.0,0.0999599999999976,1.9999999999989644e-08,3.819999999999995e-05,-1.3323840047534885,iron_trial_1
103,iron,1,77.5,1.0,1.0,7860.0,449.0,10.3007,0.8024810668238886,-0.3573622458083999,metal,16538,10.100700000000002,0.00065874,101.0,0.1999999999999993,0.0,3.819999999999995e-05,-1.3252682470787212,iron_trial_1
104,iron,1,77.5,1.0,1.0,7860.0,449.0,10.4007,0.5794336156727777,-0.5046647209612498,metal,16538,10.100700000000002,0.00065874,101.0,0.29999999999999893,-8.599999999999884e-07,3.793999999999998e-05,-1.1117955168355826,iron_trial_1
105,iron,1,77.5,1.0,1.0,7860.0,449.0,10.5007,0.14890016345085827,-0.5386575998426626,metal,16538,10.100700000000002,0.00065874,101.0,0.3999999999999986,-2.519999999999996e-06,3.788000000000001e-05,-0.5425349028538802,iron_trial_1
106,iron,1,77.5,1.0,1.0,7860.0,449.0,10.600700000000002,-0.12601878796795474,-0.5386575998426626,metal,16538,10.100700000000002,0.00065874,101.0,0.5,-3.5799999999999894e-06,3.788000000000001e-05,-0.1653997460910138,iron_trial_1
107,iron,1,77.5,1.0,1.0,7860.0,449.0,10.7007,-0.30756903890489823,-0.5386575998426626,metal,16538,10.100700000000002,0.00065874,101.0,0.5999999999999979,-4.279999999999952e-06,3.788000000000001e-05,0.08365177252596177,iron_trial_1
108,iron,1,77.5,1.0,1.0,7860.0,449.0,10.8007,-0.4528092396544699,-0.5499885594698002,metal,16538,10.100700000000002,0.00065874,101.0,0.6999999999999993,-4.8399999999999875e-06,3.786000000000002e-05,0.27577722974479796,iron_trial_1
109,iron,1,77.5,1.0,1.0,7860.0,449.0,10.9007,-0.5565522401898743,-0.5499885594698002,metal,16538,10.100700000000002,0.00065874,101.0,0.7999999999999989,-5.239999999999997e-06,3.786000000000002e-05,0.4180923832402236,iron_trial_1
110,iron,1,77.5,1.0,1.0,7860.0,449.0,11.0007,-0.6395466406182089,-0.5386575998426626,metal,16538,10.100700000000002,0.00065874,101.0,0.8999999999999986,-5.560000000000048e-06,3.788000000000001e-05,0.539060263711347,iron_trial_1
111,iron,1,77.5,1.0,1.0,7860.0,449.0,11.10066,-0.7121667409929807,-0.5613195190969377,metal,16538,10.100700000000002,0.00065874,101.0,0.999959999999998,-5.840000000000012e-06,3.784000000000003e-05,0.6244493558085946,iron_trial_1
112,iron,1,77.5,1.0,1.0,7860.0,449.0,11.2007,-0.7744125413142177,-0.5726504787240753,metal,16538,10.100700000000002,0.00065874,101.0,1.0999999999999979,-6.079999999999996e-06,3.782000000000004e-05,0.7027226902310748,iron_trial_1
113,iron,1,77.5,1.0,1.0,7860.0,449.0,11.3007,-0.8314711916086872,-0.6066433576055494,metal,16538,10.100700000000002,0.00065874,101.0,1.1999999999999993,-6.2999999999999905e-06,3.7759999999999964e-05,0.7596487516292142,iron_trial_1
114,iron,1,77.5,1.0,1.0,7860.0,449.0,11.40066,-0.8729683918228546,-0.617974317232687,metal,16538,10.100700000000002,0.00065874,101.0,1.2999599999999987,-6.460000000000016e-06,3.7739999999999974e-05,0.8094590553526247,iron_trial_1
115,iron,1,77.5,1.0,1.0,7860.0,449.0,11.5007,-0.9092784420102545,-0.6632981557412373,metal,16538,10.100700000000002,0.00065874,101.0,1.3999999999999986,-6.600000000000052e-06,3.7660000000000016e-05,0.8308063283769656,iron_trial_1
116,iron,1,77.5,1.0,1.0,7860.0,449.0,11.60066,-0.9507756422243937,-0.6746291153683749,metal,16538,10.100700000000002,0.00065874,101.0,1.499959999999998,-6.759999999999969e-06,3.7640000000000026e-05,0.8806166321003376,iron_trial_1
117,iron,1,77.5,1.0,1.0,7860.0,449.0,11.70066,-0.9870856924117937,-0.7199529538769865,metal,16538,10.100700000000002,0.00065874,101.0,1.5999599999999976,-6.900000000000005e-06,3.755999999999996e-05,0.9019639051246399,iron_trial_1
118,iron,1,77.5,1.0,1.0,7860.0,449.0,11.8007,-1.0078342925188633,-0.7652767923855369,metal,16538,10.100700000000002,0.00065874,101.0,1.6999999999999993,-6.979999999999964e-06,3.748e-05,0.9019639051246399,iron_trial_1
119,iron,1,77.5,1.0,1.0,7860.0,449.0,11.90066,-1.0389571926794958,-0.787938711639812,metal,16538,10.100700000000002,0.00065874,101.0,1.7999599999999987,-7.10000000000001e-06,3.744000000000002e-05,0.9304269358237481,iron_trial_1
120,iron,1,77.5,1.0,1.0,7860.0,449.0,12.0007,-1.064892942813333,-0.8332625501484238,metal,16538,10.100700000000002,0.00065874,101.0,1.8999999999999986,-7.199999999999958e-06,3.7359999999999954e-05,0.937542693498477,iron_trial_1
121,iron,1,77.5,1.0,1.0,7860.0,449.0,12.10066,-1.0856415429204307,-0.9012483079112492,metal,16538,10.100700000000002,0.00065874,101.0,1.999959999999998,-7.280000000000025e-06,3.7240000000000016e-05,0.9233111781489807,iron_trial_1
122,iron,1,77.5,1.0,1.0,7860.0,449.0,12.2007,-1.1012029930007328,-0.9579031060469985,metal,16538,10.100700000000002,0.00065874,101.0,2.099999999999998,-7.339999999999994e-06,3.713999999999996e-05,0.9090796627994072,iron_trial_1
123,iron,1,77.5,1.0,1.0,7860.0,449.0,12.3007,-1.1219515931078023,-0.9918959849284112,metal,16538,10.100700000000002,0.00065874,101.0,2.1999999999999993,-7.419999999999953e-06,3.707999999999999e-05,0.9161954204741747,iron_trial_1
124,iron,1,77.5,1.0,1.0,7860.0,449.0,12.40066,-1.1427001932149001,-1.0372198234369616,metal,16538,10.100700000000002,0.00065874,101.0,2.2999599999999987,-7.50000000000002e-06,3.700000000000003e-05,0.9161954204742132,iron_trial_1
125,iron,1,77.5,1.0,1.0,7860.0,449.0,12.5007,-1.1582616432952024,-1.1052055811998485,metal,16538,10.100700000000002,0.00065874,101.0,2.3999999999999986,-7.559999999999989e-06,3.6879999999999986e-05,0.8948481474498724,iron_trial_1
126,iron,1,77.5,1.0,1.0,7860.0,449.0,12.60066,-1.1738230933755045,-1.1618603793355362,metal,16538,10.100700000000002,0.00065874,101.0,2.499959999999998,-7.6199999999999575e-06,3.678000000000004e-05,0.8806166321003376,iron_trial_1
127,iron,1,77.5,1.0,1.0,7860.0,449.0,12.7007,-1.189384543455835,-1.229846137098423,metal,16538,10.100700000000002,0.00065874,101.0,2.599999999999998,-7.680000000000035e-06,3.665999999999999e-05,0.8592693590760353,iron_trial_1
128,iron,1,77.5,1.0,1.0,7860.0,449.0,12.8007,-1.1997588435093698,-1.2751699756069734,metal,16538,10.100700000000002,0.00065874,101.0,2.6999999999999993,-7.720000000000014e-06,3.658000000000003e-05,0.8450378437265005,iron_trial_1
129,iron,1,77.5,1.0,1.0,7860.0,449.0,12.90066,-1.2153202935896719,-1.3544866929969979,metal,16538,10.100700000000002,0.00065874,101.0,2.7999599999999987,-7.779999999999983e-06,3.644e-05,0.8165748130273922,iron_trial_1
130,iron,1,77.5,1.0,1.0,7860.0,449.0,13.000660000000002,-1.2256945936432067,-1.3998105315055482,metal,16538,10.100700000000002,0.00065874,101.0,2.89996,-7.819999999999962e-06,3.636000000000004e-05,0.8023432976778573,iron_trial_1
131,iron,1,77.5,1.0,1.0,7860.0,449.0,13.10066,-1.2360688936967696,-1.4791272488955727,metal,16538,10.100700000000002,0.00065874,101.0,2.999959999999998,-7.86000000000005e-06,3.622e-05,0.7667645093040202,iron_trial_1
132,iron,1,77.5,1.0,1.0,7860.0,449.0,13.2007,-1.2568174938038392,-1.5244510874041228,metal,16538,10.100700000000002,0.00065874,101.0,3.099999999999998,-7.940000000000009e-06,3.6140000000000044e-05,0.7667645093040202,iron_trial_1
133,iron,1,77.5,1.0,1.0,7860.0,449.0,13.3007,-1.2620046438306067,-1.59243684516701,metal,16538,10.100700000000002,0.00065874,101.0,3.1999999999999993,-7.959999999999998e-06,3.602e-05,0.7311857209301446,iron_trial_1
134,iron,1,77.5,1.0,1.0,7860.0,449.0,13.40066,-1.2723789438841415,-1.63776068367556,metal,16538,10.100700000000002,0.00065874,101.0,3.2999599999999987,-7.999999999999978e-06,3.594000000000004e-05,0.7169542055806096,iron_trial_1
135,iron,1,77.5,1.0,1.0,7860.0,449.0,13.500660000000002,-1.2827532439376763,-1.6944154818113093,metal,16538,10.100700000000002,0.00065874,101.0,3.39996,-8.039999999999957e-06,3.583999999999998e-05,0.6956069325562688,iron_trial_1
136,iron,1,77.5,1.0,1.0,7860.0,449.0,13.600700000000002,-1.2931275439912393,-1.7737321992012725,metal,16538,10.100700000000002,0.00065874,101.0,3.5,-8.080000000000045e-06,3.5700000000000055e-05,0.6600281441824702,iron_trial_1
137,iron,1,77.5,1.0,1.0,7860.0,449.0,13.7007,-1.2983146940180066,-1.819056037709884,metal,16538,10.100700000000002,0.00065874,101.0,3.599999999999998,-8.100000000000034e-06,3.561999999999999e-05,0.6386808711581294,iron_trial_1
138,iron,1,77.5,1.0,1.0,7860.0,449.0,13.80066,-1.3138761440983089,-1.875710835845572,metal,16538,10.100700000000002,0.00065874,101.0,3.699959999999999,-8.160000000000003e-06,3.552000000000004e-05,0.6244493558085946,iron_trial_1
139,iron,1,77.5,1.0,1.0,7860.0,449.0,13.9007,-1.3190632941250762,-1.9323656339813213,metal,16538,10.100700000000002,0.00065874,101.0,3.799999999999999,-8.179999999999993e-06,3.541999999999998e-05,0.5959863251094863,iron_trial_1
140,iron,1,77.5,1.0,1.0,7860.0,449.0,14.00067,-1.3190632941250762,-2.0003513917441467,metal,16538,10.100700000000002,0.00065874,101.0,3.899969999999998,-8.179999999999993e-06,3.5300000000000045e-05,0.5532917790608818,iron_trial_1
141,iron,1,77.5,1.0,1.0,7860.0,449.0,14.100700000000002,-1.3346247442053785,-2.0456752302527583,metal,16538,10.100700000000002,0.00065874,101.0,4.0,-8.239999999999962e-06,3.521999999999998e-05,0.5461760213860758,iron_trial_1
142,iron,1,77.5,1.0,1.0,7860.0,449.0,14.2007,-1.3346247442053785,-2.113660988015584,metal,16538,10.100700000000002,0.00065874,101.0,4.099999999999998,-8.239999999999962e-06,3.510000000000004e-05,0.5034814753374712,iron_trial_1
143,iron,1,77.5,1.0,1.0,7860.0,449.0,14.3007,-1.3501861942857087,-2.1703157861513334,metal,16538,10.100700000000002,0.00065874,101.0,4.199999999999999,-8.300000000000039e-06,3.499999999999998e-05,0.48924995998793636,iron_trial_1
144,iron,1,77.5,1.0,1.0,7860.0,449.0,14.4007,-1.3501861942857087,-2.226970584287021,metal,16538,10.100700000000002,0.00065874,101.0,4.299999999999999,-8.300000000000039e-06,3.4900000000000035e-05,0.45367117161409926,iron_trial_1
145,iron,1,77.5,1.0,1.0,7860.0,449.0,14.500660000000002,-1.365747644366011,-2.2722944227956328,metal,16538,10.100700000000002,0.00065874,101.0,4.39996,-8.360000000000008e-06,3.481999999999997e-05,0.44655541393929327,iron_trial_1
146,iron,1,77.5,1.0,1.0,7860.0,449.0,14.60066,-1.3709347943927783,-2.317618261304183,metal,16538,10.100700000000002,0.00065874,101.0,4.499959999999998,-8.379999999999998e-06,3.474000000000001e-05,0.425208140914991,iron_trial_1
147,iron,1,77.5,1.0,1.0,7860.0,449.0,14.70066,-1.3709347943927783,-2.374273059439932,metal,16538,10.100700000000002,0.00065874,101.0,4.599959999999998,-8.379999999999998e-06,3.463999999999995e-05,0.3896293525411153,iron_trial_1
148,iron,1,77.5,1.0,1.0,7860.0,449.0,14.8007,-1.3813090944463131,-2.4195968979484825,metal,16538,10.100700000000002,0.00065874,101.0,4.699999999999999,-8.419999999999977e-06,3.4559999999999994e-05,0.37539783719158043,iron_trial_1
149,iron,1,77.5,1.0,1.0,7860.0,449.0,14.9007,-1.3916833944998481,-2.4875826557113694,metal,16538,10.100700000000002,0.00065874,101.0,4.799999999999999,-8.459999999999956e-06,3.443999999999995e-05,0.34693480649247216,iron_trial_1
150,iron,1,77.5,1.0,1.0,7860.0,449.0,15.000660000000002,-1.3916833944998481,-2.5329064942199198,metal,16538,10.100700000000002,0.00065874,101.0,4.89996,-8.459999999999956e-06,3.435999999999999e-05,0.31847177579340247,iron_trial_1
151,iron,1,77.5,1.0,1.0,7860.0,449.0,15.100700000000002,-1.3968705445266154,-2.5668993731013328,metal,16538,10.100700000000002,0.00065874,101.0,5.0,-8.479999999999946e-06,3.430000000000002e-05,0.30424026044386765,iron_trial_1
152,iron,1,77.5,1.0,1.0,7860.0,449.0,15.2007,-1.4072448445801784,-2.623554171237082,metal,16538,10.100700000000002,0.00065874,101.0,5.099999999999998,-8.520000000000034e-06,3.4199999999999964e-05,0.28289298741956537,iron_trial_1
102,iron,2,77.5,1.0,1.0,7860.0,449.0,10.2007,0.5846207656995451,-0.8106006308940872,metal,16538,10.2007,0.0006579,102.0,0.0,0.0,3.824000000000004e-05,-1.3110367317291476,iron_trial_2
103,iron,2,77.5,1.0,1.0,7860.0,449.0,10.30066,0.5846207656995451,-0.8219315905212248,metal,16538,10.2007,0.0006579,102.0,0.09996000000000116,0.0,3.822000000000005e-05,-1.3181524894039152,iron_trial_2
104,iron,2,77.5,1.0,1.0,7860.0,449.0,10.40066,0.569059315619243,-0.8219315905212248,metal,16538,10.2007,0.0006579,102.0,0.1999600000000008,-5.999999999996893e-08,3.822000000000005e-05,-1.2968052163796129,iron_trial_2
105,iron,2,77.5,1.0,1.0,7860.0,449.0,10.500660000000002,0.19039736366502563,-0.9918959849284112,metal,16538,10.2007,0.0006579,102.0,0.2999600000000022,-1.519999999999972e-06,3.791999999999999e-05,-0.8840912712429093,iron_trial_2
106,iron,2,77.5,1.0,1.0,7860.0,449.0,10.60066,-0.14158023804825695,-1.025888863809824,metal,16538,10.2007,0.0006579,102.0,0.3999600000000001,-2.7999999999999596e-06,3.786000000000002e-05,-0.45003005308186506,iron_trial_2
107,iron,2,77.5,1.0,1.0,7860.0,449.0,10.70066,-0.3490662391190656,-1.025888863809824,metal,16538,10.2007,0.0006579,102.0,0.49995999999999974,-3.599999999999979e-06,3.786000000000002e-05,-0.1653997460910138,iron_trial_2
108,iron,2,77.5,1.0,1.0,7860.0,449.0,10.80066,-0.504680739922172,-1.0145579041826864,metal,16538,10.2007,0.0006579,102.0,0.5999600000000012,-4.199999999999994e-06,3.788000000000001e-05,0.055188741826892075,iron_trial_2
109,iron,2,77.5,1.0,1.0,7860.0,449.0,10.90066,-0.6187980405111112,-1.0032269445555488,metal,16538,10.2007,0.0006579,102.0,0.6999600000000008,-4.639999999999983e-06,3.79e-05,0.21885116834661997,iron_trial_2
110,iron,2,77.5,1.0,1.0,7860.0,449.0,11.00067,-0.7121667409929807,-0.9918959849284112,metal,16538,10.2007,0.0006579,102.0,0.7999700000000001,-5.000000000000013e-06,3.791999999999999e-05,0.35405056416727815,iron_trial_2
111,iron,2,77.5,1.0,1.0,7860.0,449.0,11.100700000000002,-0.7899739913945198,-0.9918959849284112,metal,16538,10.2007,0.0006579,102.0,0.9000000000000021,-5.299999999999966e-06,3.791999999999999e-05,0.4607869292888281,iron_trial_2
112,iron,2,77.5,1.0,1.0,7860.0,449.0,11.2007,-0.8470326416889894,-1.0145579041826864,metal,16538,10.2007,0.0006579,102.0,1.0,-5.519999999999961e-06,3.788000000000001e-05,0.5248287483617735,iron_trial_2
113,iron,2,77.5,1.0,1.0,7860.0,449.0,11.30066,-0.8989041419566915,-1.025888863809824,metal,16538,10.2007,0.0006579,102.0,1.0999600000000012,-5.7199999999999656e-06,3.786000000000002e-05,0.5888705674347189,iron_trial_2
114,iron,2,77.5,1.0,1.0,7860.0,449.0,11.4007,-0.9455884921976263,-1.0372198234369616,metal,16538,10.2007,0.0006579,102.0,1.200000000000001,-5.899999999999981e-06,3.784000000000003e-05,0.6457966288328969,iron_trial_2
115,iron,2,77.5,1.0,1.0,7860.0,449.0,11.500660000000002,-0.9922728424385611,-1.0598817426912366,metal,16538,10.2007,0.0006579,102.0,1.2999600000000022,-6.079999999999996e-06,3.780000000000005e-05,0.6956069325563073,iron_trial_2
116,iron,2,77.5,1.0,1.0,7860.0,449.0,11.60066,-1.028582892625961,-1.0825436619455733,metal,16538,10.2007,0.0006579,102.0,1.39996,-6.220000000000032e-06,3.7759999999999964e-05,0.7311857209301446,iron_trial_2
117,iron,2,77.5,1.0,1.0,7860.0,449.0,11.7007,-1.0545186427597981,-1.1052055811998485,metal,16538,10.2007,0.0006579,102.0,1.5,-6.31999999999998e-06,3.7719999999999984e-05,0.7525329939544468,iron_trial_2
118,iron,2,77.5,1.0,1.0,7860.0,449.0,11.8007,-1.0856415429204307,-1.1731913389626738,metal,16538,10.2007,0.0006579,102.0,1.6000000000000014,-6.4400000000000264e-06,3.7600000000000047e-05,0.7525329939544854,iron_trial_2
119,iron,2,77.5,1.0,1.0,7860.0,449.0,11.90066,-1.1115772930542676,-1.184522298589873,metal,16538,10.2007,0.0006579,102.0,1.6999600000000008,-6.539999999999975e-06,3.757999999999995e-05,0.7809960246535165,iron_trial_2
120,iron,2,77.5,1.0,1.0,7860.0,449.0,12.000660000000002,-1.1427001932149001,-1.2411770967255606,metal,16538,10.2007,0.0006579,102.0,1.7999600000000022,-6.660000000000021e-06,3.748e-05,0.7881117823283225,iron_trial_2
121,iron,2,77.5,1.0,1.0,7860.0,449.0,12.100700000000002,-1.1582616432952024,-1.2978318948612486,metal,16538,10.2007,0.0006579,102.0,1.9000000000000021,-6.71999999999999e-06,3.738000000000005e-05,0.7738802669787876,iron_trial_2
122,iron,2,77.5,1.0,1.0,7860.0,449.0,12.2007,-1.179010243402272,-1.320493814115585,metal,16538,10.2007,0.0006579,102.0,2.0,-6.7999999999999484e-06,3.7339999999999964e-05,0.7881117823282839,iron_trial_2
123,iron,2,77.5,1.0,1.0,7860.0,449.0,12.3007,-1.1945716934826023,-1.3884795718784106,metal,16538,10.2007,0.0006579,102.0,2.1000000000000014,-6.860000000000026e-06,3.7220000000000027e-05,0.7667645093040202,iron_trial_2
124,iron,2,77.5,1.0,1.0,7860.0,449.0,12.4007,-1.2153202935896719,-1.4338034103870223,metal,16538,10.2007,0.0006579,102.0,2.200000000000001,-6.939999999999984e-06,3.713999999999996e-05,0.7667645093039817,iron_trial_2
125,iron,2,77.5,1.0,1.0,7860.0,449.0,12.5007,-1.2360688936967696,-1.4791272488955727,metal,16538,10.2007,0.0006579,102.0,2.3000000000000007,-7.020000000000051e-06,3.706e-05,0.7667645093040202,iron_trial_2
126,iron,2,77.5,1.0,1.0,7860.0,449.0,12.60066,-1.2464431937503044,-1.5357820470312604,metal,16538,10.2007,0.0006579,102.0,2.39996,-7.060000000000031e-06,3.696000000000005e-05,0.7454172362797179,iron_trial_2
127,iron,2,77.5,1.0,1.0,7860.0,449.0,12.7007,-1.2620046438306067,-1.59243684516701,metal,16538,10.2007,0.0006579,102.0,2.5,-7.12e-06,3.6859999999999996e-05,0.7311857209301446,iron_trial_2
128,iron,2,77.5,1.0,1.0,7860.0,449.0,12.80066,-1.2723789438841415,-1.6490916433026976,metal,16538,10.2007,0.0006579,102.0,2.599960000000001,-7.159999999999979e-06,3.676000000000005e-05,0.7098384479058423,iron_trial_2
129,iron,2,77.5,1.0,1.0,7860.0,449.0,12.90066,-1.2879403939644436,-1.6944154818113093,metal,16538,10.2007,0.0006579,102.0,2.699960000000001,-7.219999999999948e-06,3.667999999999998e-05,0.7027226902310363,iron_trial_2
130,iron,2,77.5,1.0,1.0,7860.0,449.0,13.00067,-1.2983146940180066,-1.7510702799469973,metal,16538,10.2007,0.0006579,102.0,2.79997,-7.2600000000000355e-06,3.658000000000003e-05,0.6813754172067725,iron_trial_2
131,iron,2,77.5,1.0,1.0,7860.0,449.0,13.10066,-1.3086889940715414,-1.819056037709884,metal,16538,10.2007,0.0006579,102.0,2.89996,-7.300000000000015e-06,3.6459999999999986e-05,0.6529123865076643,iron_trial_2
132,iron,2,77.5,1.0,1.0,7860.0,449.0,13.2007,-1.3190632941250762,-1.8870417954727097,metal,16538,10.2007,0.0006579,102.0,3.0,-7.339999999999994e-06,3.634000000000005e-05,0.6244493558085946,iron_trial_2
133,iron,2,77.5,1.0,1.0,7860.0,449.0,13.3007,-1.329437594178611,-1.9323656339813213,metal,16538,10.2007,0.0006579,102.0,3.1000000000000014,-7.379999999999973e-06,3.625999999999998e-05,0.6102178404590212,iron_trial_2
134,iron,2,77.5,1.0,1.0,7860.0,449.0,13.40066,-1.3346247442053785,-1.9776894724898715,metal,16538,10.2007,0.0006579,102.0,3.199960000000001,-7.399999999999963e-06,3.618000000000002e-05,0.5888705674347189,iron_trial_2
135,iron,2,77.5,1.0,1.0,7860.0,449.0,13.500660000000002,-1.3449990442589415,-2.057006189879896,metal,16538,10.2007,0.0006579,102.0,3.2999600000000022,-7.440000000000051e-06,3.603999999999999e-05,0.5532917790608818,iron_trial_2
136,iron,2,77.5,1.0,1.0,7860.0,449.0,13.600700000000002,-1.3605604943392435,-2.0909990687613087,metal,16538,10.2007,0.0006579,102.0,3.400000000000002,-7.50000000000002e-06,3.598000000000002e-05,0.5532917790608818,iron_trial_2
137,iron,2,77.5,1.0,1.0,7860.0,449.0,13.70066,-1.365747644366011,-2.1589848265241955,metal,16538,10.2007,0.0006579,102.0,3.4999599999999997,-7.520000000000009e-06,3.585999999999997e-05,0.517712990687006,iron_trial_2
138,iron,2,77.5,1.0,1.0,7860.0,449.0,13.80066,-1.3761219444195458,-2.204308665032746,metal,16538,10.2007,0.0006579,102.0,3.599960000000001,-7.559999999999989e-06,3.578000000000001e-05,0.5034814753374712,iron_trial_2
139,iron,2,77.5,1.0,1.0,7860.0,449.0,13.9007,-1.3813090944463131,-2.2722944227956328,metal,16538,10.2007,0.0006579,102.0,3.700000000000001,-7.579999999999978e-06,3.565999999999997e-05,0.46790268696359555,iron_trial_2
140,iron,2,77.5,1.0,1.0,7860.0,449.0,14.000700000000002,-1.3916833944998481,-2.317618261304183,metal,16538,10.2007,0.0006579,102.0,3.8000000000000025,-7.6199999999999575e-06,3.558000000000001e-05,0.4536711716140607,iron_trial_2
141,iron,2,77.5,1.0,1.0,7860.0,449.0,14.100700000000002,-1.3916833944998481,-2.374273059439932,metal,16538,10.2007,0.0006579,102.0,3.900000000000002,-7.6199999999999575e-06,3.547999999999995e-05,0.418092383240185,iron_trial_2
142,iron,2,77.5,1.0,1.0,7860.0,449.0,14.2007,-1.3916833944998481,-2.4309278575756204,metal,16538,10.2007,0.0006579,102.0,4.0,-7.6199999999999575e-06,3.5380000000000003e-05,0.3825135948663479,iron_trial_2
143,iron,2,77.5,1.0,1.0,7860.0,449.0,14.3007,-1.4072448445801784,-2.4875826557113694,metal,16538,10.2007,0.0006579,102.0,4.100000000000001,-7.680000000000035e-06,3.527999999999995e-05,0.368282079516813,iron_trial_2
144,iron,2,77.5,1.0,1.0,7860.0,449.0,14.4007,-1.4124319946069457,-2.5329064942199198,metal,16538,10.2007,0.0006579,102.0,4.200000000000001,-7.700000000000025e-06,3.519999999999999e-05,0.34693480649251074,iron_trial_2
145,iron,2,77.5,1.0,1.0,7860.0,449.0,14.500660000000002,-1.4228062946604805,-2.57823033272847,metal,16538,10.2007,0.0006579,102.0,4.299960000000002,-7.740000000000004e-06,3.512000000000003e-05,0.3327032911429759,iron_trial_2
146,iron,2,77.5,1.0,1.0,7860.0,449.0,14.60066,-1.4228062946604805,-2.6348851308642196,metal,16538,10.2007,0.0006579,102.0,4.39996,-7.740000000000004e-06,3.501999999999997e-05,0.2971245027691002,iron_trial_2
147,iron,2,77.5,1.0,1.0,7860.0,449.0,14.70066,-1.4331805947140153,-2.6802089693727695,metal,16538,10.2007,0.0006579,102.0,4.49996,-7.779999999999983e-06,3.4940000000000014e-05,0.28289298741956537,iron_trial_2
148,iron,2,77.5,1.0,1.0,7860.0,449.0,14.8007,-1.4383677447407828,-2.736863767508519,metal,16538,10.2007,0.0006579,102.0,4.600000000000001,-7.799999999999973e-06,3.483999999999996e-05,0.2544299567204571,iron_trial_2
149,iron,2,77.5,1.0,1.0,7860.0,449.0,14.9007,-1.4435548947675503,-2.7821876060170694,metal,16538,10.2007,0.0006579,102.0,4.700000000000001,-7.819999999999962e-06,3.476e-05,0.2330826836961548,iron_trial_2
150,iron,2,77.5,1.0,1.0,7860.0,449.0,15.000700000000002,-1.4487420447943176,-2.8501733637799562,metal,16538,10.2007,0.0006579,102.0,4.8000000000000025,-7.839999999999952e-06,3.463999999999995e-05,0.19750389532227913,iron_trial_2
151,iron,2,77.5,1.0,1.0,7860.0,449.0,15.100700000000002,-1.4591163448478806,-2.8728352830342314,metal,16538,10.2007,0.0006579,102.0,4.900000000000002,-7.88000000000004e-06,3.4599999999999974e-05,0.1975038953223177,iron_trial_2
152,iron,2,77.5,1.0,1.0,7860.0,449.0,15.2007,-1.453929194821113,-2.918159121542782,metal,16538,10.2007,0.0006579,102.0,5.0,-7.86000000000005e-06,3.4520000000000015e-05,0.16192510694848058,iron_trial_2
153,iron,2,77.5,1.0,1.0,7860.0,449.0,15.30066,-1.4694906449014153,-2.974813919678531,metal,16538,10.2007,0.0006579,102.0,5.099960000000001,-7.920000000000019e-06,3.441999999999996e-05,0.14769359159890716,iron_trial_2
83,iron,3,77.5,1.0,1.0,7860.0,449.0,8.3007,0.506813515298006,-0.9239102271655244,metal,16538,8.3007,0.0006576,83.0,0.0,0.0,3.833999999999999e-05,-1.2754579433553106,iron_trial_3
84,iron,3,77.5,1.0,1.0,7860.0,449.0,8.4007,0.506813515298006,-0.9125792675383868,metal,16538,8.3007,0.0006576,83.0,0.09999999999999964,0.0,3.835999999999998e-05,-1.268342185680543,iron_trial_3
85,iron,3,77.5,1.0,1.0,7860.0,449.0,8.5007,0.5171878153515408,-0.946572146419861,metal,16538,8.3007,0.0006576,83.0,0.1999999999999993,3.999999999997929e-08,3.82999999999999e-05,-1.3039209740544189,iron_trial_3
86,iron,3,77.5,1.0,1.0,7860.0,449.0,8.600660000000001,0.09184151315638871,-1.0938746215727109,metal,16538,8.3007,0.0006576,83.0,0.29996000000000045,-1.6000000000000389e-06,3.803999999999993e-05,-0.8129336944951965,iron_trial_3
87,iron,3,77.5,1.0,1.0,7860.0,449.0,8.700660000000001,-0.20901318839628943,-1.1052055811998485,metal,16538,8.3007,0.0006576,83.0,0.3999600000000001,-2.7600000000000888e-06,3.801999999999994e-05,-0.4073355070332219,iron_trial_3
88,iron,3,77.5,1.0,1.0,7860.0,449.0,8.80066,-0.41131203944030253,-1.1052055811998485,metal,16538,8.3007,0.0006576,83.0,0.49995999999999974,-3.54000000000001e-06,3.801999999999994e-05,-0.12982095771717667,iron_trial_3
89,iron,3,77.5,1.0,1.0,7860.0,449.0,8.9007,-0.5565522401898743,-1.1052055811998485,metal,16538,8.3007,0.0006576,83.0,0.5999999999999996,-4.1000000000000454e-06,3.801999999999994e-05,0.06942025717642693,iron_trial_3
90,iron,3,77.5,1.0,1.0,7860.0,449.0,9.0007,-0.6706695407788134,-1.116536540826986,metal,16538,8.3007,0.0006576,83.0,0.6999999999999993,-4.5400000000000345e-06,3.799999999999995e-05,0.21885116834661997,iron_trial_3
91,iron,3,77.5,1.0,1.0,7860.0,449.0,9.10066,-0.7588510912339155,-1.1052055811998485,metal,16538,8.3007,0.0006576,83.0,0.7999599999999987,-4.880000000000075e-06,3.801999999999994e-05,0.34693480649251074,iron_trial_3
92,iron,3,77.5,1.0,1.0,7860.0,449.0,9.20066,-0.8314711916086872,-1.139198460081261,metal,16538,8.3007,0.0006576,83.0,0.8999599999999983,-5.160000000000039e-06,3.795999999999997e-05,0.425208140914991,iron_trial_3
93,iron,3,77.5,1.0,1.0,7860.0,449.0,9.30066,-0.8937169919299242,-1.116536540826986,metal,16538,8.3007,0.0006576,83.0,0.9999599999999997,-5.400000000000023e-06,3.799999999999995e-05,0.5248287483617735,iron_trial_3
94,iron,3,77.5,1.0,1.0,7860.0,449.0,9.40066,-0.9404013421708589,-1.1505294197083986,metal,16538,8.3007,0.0006576,83.0,1.0999599999999994,-5.580000000000038e-06,3.793999999999998e-05,0.5675232944104166,iron_trial_3
95,iron,3,77.5,1.0,1.0,7860.0,449.0,9.5007,-0.9870856924117937,-1.1505294197083986,metal,16538,8.3007,0.0006576,83.0,1.1999999999999993,-5.760000000000053e-06,3.793999999999998e-05,0.631565113483362,iron_trial_3
96,iron,3,77.5,1.0,1.0,7860.0,449.0,9.60066,-1.028582892625961,-1.184522298589873,metal,16538,8.3007,0.0006576,83.0,1.2999599999999987,-5.920000000000079e-06,3.78799999999999e-05,0.6671439018571991,iron_trial_3
97,iron,3,77.5,1.0,1.0,7860.0,449.0,9.7007,-1.064892942813333,-1.1958532582170105,metal,16538,8.3007,0.0006576,83.0,1.3999999999999986,-6.060000000000006e-06,3.785999999999991e-05,0.7098384479058036,iron_trial_3
98,iron,3,77.5,1.0,1.0,7860.0,449.0,9.8007,-1.0856415429204307,-1.229846137098423,metal,16538,8.3007,0.0006576,83.0,1.5,-6.140000000000073e-06,3.779999999999994e-05,0.7169542055806096,iron_trial_3
99,iron,3,77.5,1.0,1.0,7860.0,449.0,9.9007,-1.1219515931078023,-1.2751699756069734,metal,16538,8.3007,0.0006576,83.0,1.5999999999999996,-6.280000000000001e-06,3.7719999999999984e-05,0.7383014786049119,iron_trial_3
100,iron,3,77.5,1.0,1.0,7860.0,449.0,10.0007,-1.1478873432416676,-1.2978318948612486,metal,16538,8.3007,0.0006576,83.0,1.6999999999999993,-6.3800000000000575e-06,3.7680000000000005e-05,0.7596487516292528,iron_trial_3
101,iron,3,77.5,1.0,1.0,7860.0,449.0,10.10066,-1.1686359433487372,-1.3431557333698603,metal,16538,8.3007,0.0006576,83.0,1.7999599999999987,-6.460000000000016e-06,3.759999999999994e-05,0.7596487516292142,iron_trial_3
102,iron,3,77.5,1.0,1.0,7860.0,449.0,10.2007,-1.1945716934826023,-1.377148612251273,metal,16538,8.3007,0.0006576,83.0,1.8999999999999986,-6.560000000000073e-06,3.753999999999997e-05,0.7738802669787876,iron_trial_3
103,iron,3,77.5,1.0,1.0,7860.0,449.0,10.3007,-1.204945993536137,-1.44513437001416,metal,16538,8.3007,0.0006576,83.0,2.0,-6.600000000000052e-06,3.741999999999992e-05,0.7454172362796794,iron_trial_3
104,iron,3,77.5,1.0,1.0,7860.0,449.0,10.4007,-1.2205074436164394,-1.4904582085227103,metal,16538,8.3007,0.0006576,83.0,2.0999999999999996,-6.660000000000021e-06,3.7339999999999964e-05,0.7383014786049119,iron_trial_3
105,iron,3,77.5,1.0,1.0,7860.0,449.0,10.500660000000002,-1.2412560437235372,-1.5471130066584595,metal,16538,8.3007,0.0006576,83.0,2.199960000000001,-6.740000000000088e-06,3.723999999999991e-05,0.7311857209301446,iron_trial_3
106,iron,3,77.5,1.0,1.0,7860.0,449.0,10.600700000000002,-1.251630343777072,-1.59243684516701,metal,16538,8.3007,0.0006576,83.0,2.3000000000000007,-6.780000000000067e-06,3.715999999999995e-05,0.7169542055806096,iron_trial_3
107,iron,3,77.5,1.0,1.0,7860.0,449.0,10.7007,-1.2723789438841415,-1.6264297240484225,metal,16538,8.3007,0.0006576,83.0,2.3999999999999986,-6.860000000000026e-06,3.709999999999998e-05,0.7240699632553771,iron_trial_3
108,iron,3,77.5,1.0,1.0,7860.0,449.0,10.80066,-1.2827532439376763,-1.6944154818113093,metal,16538,8.3007,0.0006576,83.0,2.4999599999999997,-6.900000000000005e-06,3.6979999999999934e-05,0.6956069325562688,iron_trial_3
109,iron,3,77.5,1.0,1.0,7860.0,449.0,10.90066,-1.2983146940180066,-1.728408360692722,metal,16538,8.3007,0.0006576,83.0,2.5999599999999994,-6.9600000000000824e-06,3.6919999999999965e-05,0.6956069325563073,iron_trial_3
110,iron,3,77.5,1.0,1.0,7860.0,449.0,11.00067,-1.3138761440983089,-1.796394118455609,metal,16538,8.3007,0.0006576,83.0,2.6999699999999986,-7.020000000000051e-06,3.679999999999992e-05,0.6742596595319665,iron_trial_3
111,iron,3,77.5,1.0,1.0,7860.0,449.0,11.100700000000002,-1.3190632941250762,-1.8417179569641593,metal,16538,8.3007,0.0006576,83.0,2.8000000000000007,-7.040000000000041e-06,3.671999999999996e-05,0.6529123865076643,iron_trial_3
112,iron,3,77.5,1.0,1.0,7860.0,449.0,11.2007,-1.329437594178611,-1.9097037147270461,metal,16538,8.3007,0.0006576,83.0,2.8999999999999986,-7.08000000000002e-06,3.6599999999999914e-05,0.624449355808556,iron_trial_3
113,iron,3,77.5,1.0,1.0,7860.0,449.0,11.30066,-1.3398118942321458,-1.966358512862734,metal,16538,8.3007,0.0006576,83.0,2.9999599999999997,-7.12e-06,3.6499999999999966e-05,0.6031020827842537,iron_trial_3
114,iron,3,77.5,1.0,1.0,7860.0,449.0,11.4007,-1.3553733443124762,-2.0116823513712845,metal,16538,8.3007,0.0006576,83.0,3.0999999999999996,-7.180000000000077e-06,3.642000000000001e-05,0.5959863251095249,iron_trial_3
115,iron,3,77.5,1.0,1.0,7860.0,449.0,11.5007,-1.3605604943392435,-2.0796681091341713,metal,16538,8.3007,0.0006576,83.0,3.1999999999999993,-7.200000000000067e-06,3.629999999999996e-05,0.5604075367356491,iron_trial_3
116,iron,3,77.5,1.0,1.0,7860.0,449.0,11.600700000000002,-1.3709347943927783,-2.1249919476427213,metal,16538,8.3007,0.0006576,83.0,3.3000000000000007,-7.240000000000046e-06,3.622e-05,0.5461760213861143,iron_trial_3
117,iron,3,77.5,1.0,1.0,7860.0,449.0,11.7007,-1.3761219444195458,-2.1929777054056085,metal,16538,8.3007,0.0006576,83.0,3.3999999999999986,-7.2600000000000355e-06,3.6099999999999956e-05,0.5105972330122387,iron_trial_3
118,iron,3,77.5,1.0,1.0,7860.0,449.0,11.80066,-1.3864962444730806,-2.2496325035412963,metal,16538,8.3007,0.0006576,83.0,3.4999599999999997,-7.300000000000015e-06,3.600000000000001e-05,0.48924995998793636,iron_trial_3
119,iron,3,77.5,1.0,1.0,7860.0,449.0,11.90066,-1.3968705445266154,-2.294956342049908,metal,16538,8.3007,0.0006576,83.0,3.5999599999999994,-7.339999999999994e-06,3.591999999999994e-05,0.47501844463836296,iron_trial_3
120,iron,3,77.5,1.0,1.0,7860.0,449.0,12.000660000000002,-1.402057694553411,-2.3402801805584583,metal,16538,8.3007,0.0006576,83.0,3.699960000000001,-7.360000000000092e-06,3.583999999999998e-05,0.45367117161409926,iron_trial_3
121,iron,3,77.5,1.0,1.0,7860.0,449.0,12.100700000000002,-1.4072448445801784,-2.38560401906707,metal,16538,8.3007,0.0006576,83.0,3.8000000000000007,-7.380000000000082e-06,3.5759999999999915e-05,0.4323238985897584,iron_trial_3
122,iron,3,77.5,1.0,1.0,7860.0,449.0,12.20066,-1.4228062946604805,-2.4535897768298955,metal,16538,8.3007,0.0006576,83.0,3.8999599999999983,-7.440000000000051e-06,3.563999999999998e-05,0.41097662556545617,iron_trial_3
123,iron,3,77.5,1.0,1.0,7860.0,449.0,12.30066,-1.4176191446337132,-2.5102445749656446,metal,16538,8.3007,0.0006576,83.0,3.9999599999999997,-7.420000000000061e-06,3.553999999999992e-05,0.368282079516813,iron_trial_3
124,iron,3,77.5,1.0,1.0,7860.0,449.0,12.4007,-1.427993444687248,-2.5442374538470576,metal,16538,8.3007,0.0006576,83.0,4.1,-7.46000000000004e-06,3.547999999999995e-05,0.3611663218420456,iron_trial_3
125,iron,3,77.5,1.0,1.0,7860.0,449.0,12.5007,-1.427993444687248,-2.6008922519827453,metal,16538,8.3007,0.0006576,83.0,4.199999999999999,-7.46000000000004e-06,3.5380000000000003e-05,0.32558753346820846,iron_trial_3
126,iron,3,77.5,1.0,1.0,7860.0,449.0,12.60066,-1.4435548947675503,-2.6348851308642196,metal,16538,8.3007,0.0006576,83.0,4.299959999999999,-7.520000000000009e-06,3.5319999999999926e-05,0.32558753346816993,iron_trial_3
127,iron,3,77.5,1.0,1.0,7860.0,449.0,12.70066,-1.4487420447943176,-2.6915399289999073,metal,16538,8.3007,0.0006576,83.0,4.399959999999998,-7.539999999999999e-06,3.521999999999998e-05,0.2971245027691002,iron_trial_3
128,iron,3,77.5,1.0,1.0,7860.0,449.0,12.80066,-1.4487420447943176,-2.748194727135657,metal,16538,8.3007,0.0006576,83.0,4.49996,-7.539999999999999e-06,3.511999999999992e-05,0.2615457143952245,iron_trial_3
129,iron,3,77.5,1.0,1.0,7860.0,449.0,12.9007,-1.4591163448478806,-2.8048495252713446,metal,16538,8.3007,0.0006576,83.0,4.6,-7.580000000000087e-06,3.501999999999997e-05,0.24019844137096083,iron_trial_3
130,iron,3,77.5,1.0,1.0,7860.0,449.0,13.000700000000002,-1.4643034948746478,-2.838842404152757,metal,16538,8.3007,0.0006576,83.0,4.700000000000001,-7.600000000000076e-06,3.4960000000000004e-05,0.22596692602142598,iron_trial_3
131,iron,3,77.5,1.0,1.0,7860.0,449.0,13.100700000000002,-1.4694906449014153,-2.8954972022885066,metal,16538,8.3007,0.0006576,83.0,4.800000000000001,-7.620000000000066e-06,3.485999999999995e-05,0.1975038953223177,iron_trial_3
132,iron,3,77.5,1.0,1.0,7860.0,449.0,13.20066,-1.4798649449549501,-2.940821040797057,metal,16538,8.3007,0.0006576,83.0,4.899959999999998,-7.660000000000045e-06,3.477999999999999e-05,0.18327237997278284,iron_trial_3
133,iron,3,77.5,1.0,1.0,7860.0,449.0,13.30066,-1.4798649449549501,-2.9861448793056686,metal,16538,8.3007,0.0006576,83.0,4.99996,-7.660000000000045e-06,3.469999999999992e-05,0.1548093492736746,iron_trial_3
134,iron,3,77.5,1.0,1.0,7860.0,449.0,13.40066,-1.4850520949817174,-3.031468717814219,metal,16538,8.3007,0.0006576,83.0,5.099959999999999,-7.680000000000035e-06,3.461999999999996e-05,0.1334620762493723,iron_trial_3
106,iron,4,77.5,1.0,1.0,7860.0,449.0,10.600700000000002,1.0307156680017668,0.9683600305674334,metal,16538,10.600700000000002,0.00065962,106.0,0.0,0.0,3.9660000000000064e-05,-0.8058179368203905,iron_trial_4
107,iron,4,77.5,1.0,1.0,7860.0,449.0,10.70066,1.020341367948232,0.979690990194571,metal,16538,10.600700000000002,0.00065962,106.0,0.0999599999999976,-3.999999999997929e-08,3.9680000000000054e-05,-0.7844706637960882,iron_trial_4
108,iron,4,77.5,1.0,1.0,7860.0,449.0,10.8007,1.0151542179214645,0.9683600305674334,metal,16538,10.600700000000002,0.00065962,106.0,0.1999999999999993,-5.999999999996893e-08,3.9660000000000064e-05,-0.7844706637960882,iron_trial_4
109,iron,4,77.5,1.0,1.0,7860.0,449.0,10.90066,0.7972939167971211,0.8097265957873845,metal,16538,10.600700000000002,0.00065962,106.0,0.29995999999999867,-8.999999999999677e-07,3.937999999999999e-05,-0.5852294489025233,iron_trial_4
110,iron,4,77.5,1.0,1.0,7860.0,449.0,11.0007,0.21114596377209524,0.8097265957873845,metal,16538,10.600700000000002,0.00065962,106.0,0.3999999999999986,-3.15999999999999e-06,3.937999999999999e-05,0.21885116834661997,iron_trial_4
111,iron,4,77.5,1.0,1.0,7860.0,449.0,11.100700000000002,-0.10527018786088511,0.7870646765331093,metal,16538,10.600700000000002,0.00065962,106.0,0.5,-4.380000000000009e-06,3.934000000000001e-05,0.6386808711581294,iron_trial_4
112,iron,4,77.5,1.0,1.0,7860.0,449.0,11.2007,-0.31275618893169377,0.7870646765331093,metal,16538,10.600700000000002,0.00065962,106.0,0.5999999999999979,-5.180000000000028e-06,3.934000000000001e-05,0.9233111781489807,iron_trial_4
113,iron,4,77.5,1.0,1.0,7860.0,449.0,11.30066,-0.4683706897347721,0.7870646765331093,metal,16538,10.600700000000002,0.00065962,106.0,0.699959999999999,-5.7799999999999345e-06,3.934000000000001e-05,1.1367839083920805,iron_trial_4
114,iron,4,77.5,1.0,1.0,7860.0,449.0,11.40066,-0.5824879903237112,0.7644027572788341,metal,16538,10.600700000000002,0.00065962,106.0,0.7999599999999987,-6.2199999999999235e-06,3.9300000000000034e-05,1.2790990618875062,iron_trial_4
115,iron,4,77.5,1.0,1.0,7860.0,449.0,11.5007,-0.6758566908055808,0.7644027572788341,metal,16538,10.600700000000002,0.00065962,106.0,0.8999999999999986,-6.579999999999954e-06,3.9300000000000034e-05,1.407182700033397,iron_trial_4
116,iron,4,77.5,1.0,1.0,7860.0,449.0,11.60066,-0.7536639412071481,0.7644027572788341,metal,16538,10.600700000000002,0.00065962,106.0,0.999959999999998,-6.8800000000000154e-06,3.9300000000000034e-05,1.5139190651549854,iron_trial_4
117,iron,4,77.5,1.0,1.0,7860.0,449.0,11.70066,-0.8210968915551524,0.7304098783974214,metal,16538,10.600700000000002,0.00065962,106.0,1.0999599999999976,-7.139999999999989e-06,3.9240000000000065e-05,1.5850766419026983,iron_trial_4
118,iron,4,77.5,1.0,1.0,7860.0,449.0,11.8007,-0.8729683918228546,0.7077479591430849,metal,16538,10.600700000000002,0.00065962,106.0,1.1999999999999993,-7.339999999999994e-06,3.919999999999998e-05,1.6420027033008378,iron_trial_4
119,iron,4,77.5,1.0,1.0,7860.0,449.0,11.90066,-0.9196527420637893,0.6850860398888097,metal,16538,10.600700000000002,0.00065962,106.0,1.2999599999999987,-7.520000000000009e-06,3.916e-05,1.6918130070242483,iron_trial_4
120,iron,4,77.5,1.0,1.0,7860.0,449.0,12.000660000000002,-0.9663370923047241,0.651093161007397,metal,16538,10.600700000000002,0.00065962,106.0,1.39996,-7.700000000000025e-06,3.910000000000003e-05,1.7345075530728913,iron_trial_4
121,iron,4,77.5,1.0,1.0,7860.0,449.0,12.10066,-1.0078342925188633,0.6057693224988466,metal,16538,10.600700000000002,0.00065962,106.0,1.499959999999998,-7.859999999999942e-06,3.902000000000007e-05,1.762970583771961,iron_trial_4
122,iron,4,77.5,1.0,1.0,7860.0,449.0,12.2007,-1.0493314927330306,0.5717764436173726,metal,16538,10.600700000000002,0.00065962,106.0,1.5999999999999979,-8.019999999999967e-06,3.895999999999999e-05,1.7985493721457981,iron_trial_4
123,iron,4,77.5,1.0,1.0,7860.0,449.0,12.3007,-1.0752672428668957,0.5151216454816847,metal,16538,10.600700000000002,0.00065962,106.0,1.6999999999999993,-8.120000000000024e-06,3.8860000000000045e-05,1.7985493721458368,iron_trial_4
124,iron,4,77.5,1.0,1.0,7860.0,449.0,12.4007,-1.1012029930007328,0.4471358877187978,metal,16538,10.600700000000002,0.00065962,106.0,1.799999999999999,-8.219999999999972e-06,3.874e-05,1.7914336144710308,iron_trial_4
125,iron,4,77.5,1.0,1.0,7860.0,449.0,12.5007,-1.127138743134598,0.3904810895831099,metal,16538,10.600700000000002,0.00065962,106.0,1.8999999999999986,-8.320000000000029e-06,3.864000000000005e-05,1.7914336144710692,iron_trial_4
126,iron,4,77.5,1.0,1.0,7860.0,449.0,12.600700000000002,-1.1478873432416676,0.33382629144736065,metal,16538,10.600700000000002,0.00065962,106.0,2.0,-8.399999999999987e-06,3.8539999999999994e-05,1.7843178567962632,iron_trial_4
127,iron,4,77.5,1.0,1.0,7860.0,449.0,12.7007,-1.1738230933755045,0.27717149331167273,metal,16538,10.600700000000002,0.00065962,106.0,2.099999999999998,-8.499999999999936e-06,3.8440000000000045e-05,1.7843178567962632,iron_trial_4
128,iron,4,77.5,1.0,1.0,7860.0,449.0,12.80066,-1.1945716934826023,0.2091857355487859,metal,16538,10.600700000000002,0.00065962,106.0,2.199959999999999,-8.580000000000003e-06,3.832e-05,1.7700863414467285,iron_trial_4
129,iron,4,77.5,1.0,1.0,7860.0,449.0,12.9007,-1.2101331435629046,0.152530937413098,metal,16538,10.600700000000002,0.00065962,106.0,2.299999999999999,-8.639999999999971e-06,3.822000000000005e-05,1.7558548260971936,iron_trial_4
130,iron,4,77.5,1.0,1.0,7860.0,449.0,13.000660000000002,-1.2308817436699742,0.07321422002307357,metal,16538,10.600700000000002,0.00065962,106.0,2.39996,-8.71999999999993e-06,3.8080000000000015e-05,1.7345075530728526,iron_trial_4
131,iron,4,77.5,1.0,1.0,7860.0,449.0,13.10066,-1.251630343777072,-0.006102497366950874,metal,16538,10.600700000000002,0.00065962,106.0,2.499959999999998,-8.799999999999997e-06,3.793999999999998e-05,1.7131602800485504,iron_trial_4
132,iron,4,77.5,1.0,1.0,7860.0,449.0,13.20066,-1.2620046438306067,-0.06275729550263874,metal,16538,10.600700000000002,0.00065962,106.0,2.5999599999999976,-8.839999999999976e-06,3.784000000000003e-05,1.6918130070242483,iron_trial_4
133,iron,4,77.5,1.0,1.0,7860.0,449.0,13.3007,-1.2775660939109088,-0.13074305326552563,metal,16538,10.600700000000002,0.00065962,106.0,2.6999999999999993,-8.899999999999945e-06,3.7719999999999984e-05,1.6704657339999074,iron_trial_4
134,iron,4,77.5,1.0,1.0,7860.0,449.0,13.40066,-1.2931275439912393,-0.2213907302826262,metal,16538,10.600700000000002,0.00065962,106.0,2.7999599999999987,-8.960000000000023e-06,3.756000000000007e-05,1.6348869456261088,iron_trial_4
135,iron,4,77.5,1.0,1.0,7860.0,449.0,13.500660000000002,-1.3086889940715414,-0.2780455284183755,metal,16538,10.600700000000002,0.00065962,106.0,2.89996,-9.019999999999992e-06,3.746000000000001e-05,1.6206554302765355,iron_trial_4
136,iron,4,77.5,1.0,1.0,7860.0,449.0,13.600700000000002,-1.3138761440983089,-0.3573622458083999,metal,16538,10.600700000000002,0.00065962,106.0,3.0,-9.039999999999981e-06,3.7319999999999975e-05,1.5779608842278923,iron_trial_4
137,iron,4,77.5,1.0,1.0,7860.0,449.0,13.70066,-1.3242504441518437,-0.41401704394408784,metal,16538,10.600700000000002,0.00065962,106.0,3.0999599999999976,-9.07999999999996e-06,3.7220000000000027e-05,1.55661361120359,iron_trial_4
138,iron,4,77.5,1.0,1.0,7860.0,449.0,13.8007,-1.3398118942321458,-0.4933337613341123,metal,16538,10.600700000000002,0.00065962,106.0,3.1999999999999993,-9.13999999999993e-06,3.707999999999999e-05,1.5281505805044817,iron_trial_4
139,iron,4,77.5,1.0,1.0,7860.0,449.0,13.900660000000002,-1.3501861942857087,-0.5839814383512129,metal,16538,10.600700000000002,0.00065962,106.0,3.2999600000000004,-9.180000000000017e-06,3.6920000000000073e-05,1.4854560344559158,iron_trial_4
140,iron,4,77.5,1.0,1.0,7860.0,449.0,14.000700000000002,-1.3553733443124762,-0.6519671961140997,metal,16538,10.600700000000002,0.00065962,106.0,3.4000000000000004,-9.200000000000007e-06,3.680000000000003e-05,1.4498772460820402,iron_trial_4
141,iron,4,77.5,1.0,1.0,7860.0,449.0,14.10066,-1.365747644366011,-0.7199529538769865,metal,16538,10.600700000000002,0.00065962,106.0,3.499959999999998,-9.239999999999986e-06,3.667999999999998e-05,1.421414215382932,iron_trial_4
142,iron,4,77.5,1.0,1.0,7860.0,449.0,14.2007,-1.3813090944463131,-0.7766077520126745,metal,16538,10.600700000000002,0.00065962,106.0,3.599999999999998,-9.299999999999955e-06,3.658000000000003e-05,1.407182700033397,iron_trial_4
143,iron,4,77.5,1.0,1.0,7860.0,449.0,14.30066,-1.3916833944998481,-0.855924469402699,metal,16538,10.600700000000002,0.00065962,106.0,3.699959999999999,-9.339999999999934e-06,3.644e-05,1.3716039116595213,iron_trial_4
144,iron,4,77.5,1.0,1.0,7860.0,449.0,14.4007,-1.3968705445266154,-0.9125792675383868,metal,16538,10.600700000000002,0.00065962,106.0,3.799999999999999,-9.359999999999924e-06,3.634000000000005e-05,1.3431408809604515,iron_trial_4
145,iron,4,77.5,1.0,1.0,7860.0,449.0,14.500700000000002,-1.4124319946069457,-0.9805650253012737,metal,16538,10.600700000000002,0.00065962,106.0,3.9000000000000004,-9.420000000000001e-06,3.622e-05,1.3217936079361492,iron_trial_4
146,iron,4,77.5,1.0,1.0,7860.0,449.0,14.60066,-1.4124319946069457,-1.0598817426912366,metal,16538,10.600700000000002,0.00065962,106.0,3.999959999999998,-9.420000000000001e-06,3.6080000000000075e-05,1.2719833042127773,iron_trial_4
147,iron,4,77.5,1.0,1.0,7860.0,449.0,14.70066,-1.4228062946604805,-1.116536540826986,metal,16538,10.600700000000002,0.00065962,106.0,4.099959999999998,-9.45999999999998e-06,3.598000000000002e-05,1.2506360311884366,iron_trial_4
148,iron,4,77.5,1.0,1.0,7860.0,449.0,14.80066,-1.4331805947140153,-1.184522298589873,metal,16538,10.600700000000002,0.00065962,106.0,4.199959999999999,-9.49999999999996e-06,3.585999999999997e-05,1.2221730004893283,iron_trial_4
149,iron,4,77.5,1.0,1.0,7860.0,449.0,14.900660000000002,-1.4435548947675503,-1.2411770967255606,metal,16538,10.600700000000002,0.00065962,106.0,4.2999600000000004,-9.53999999999994e-06,3.5760000000000024e-05,1.200825727465026,iron_trial_4
150,iron,4,77.5,1.0,1.0,7860.0,449.0,15.000660000000002,-1.4487420447943176,-1.320493814115585,metal,16538,10.600700000000002,0.00065962,106.0,4.39996,-9.559999999999929e-06,3.561999999999999e-05,1.1581311814163828,iron_trial_4
151,iron,4,77.5,1.0,1.0,7860.0,449.0,15.100700000000002,-1.453929194821113,-1.3658176526241355,metal,16538,10.600700000000002,0.00065962,106.0,4.5,-9.580000000000027e-06,3.554000000000003e-05,1.1367839083921192,iron_trial_4
152,iron,4,77.5,1.0,1.0,7860.0,449.0,15.2007,-1.453929194821113,-1.4224724507598847,metal,16538,10.600700000000002,0.00065962,106.0,4.599999999999998,-9.580000000000027e-06,3.543999999999997e-05,1.1012051200182433,iron_trial_4
153,iron,4,77.5,1.0,1.0,7860.0,449.0,15.3007,-1.4643034948746478,-1.4791272488955727,metal,16538,10.600700000000002,0.00065962,106.0,4.699999999999999,-9.620000000000006e-06,3.5340000000000024e-05,1.079857846993941,iron_trial_4
154,iron,4,77.5,1.0,1.0,7860.0,449.0,15.400660000000002,-1.4746777949281826,-1.5471130066584595,metal,16538,10.600700000000002,0.00065962,106.0,4.7999600000000004,-9.659999999999985e-06,3.521999999999998e-05,1.0513948162948328,iron_trial_4
155,iron,4,77.5,1.0,1.0,7860.0,449.0,15.500660000000002,-1.4798649449549501,-1.6264297240484225,metal,16538,10.600700000000002,0.00065962,106.0,4.89996,-9.679999999999975e-06,3.508000000000005e-05,1.0087002702462284,iron_trial_4
156,iron,4,77.5,1.0,1.0,7860.0,449.0,15.600700000000002,-1.4850520949817174,-1.6604226029298967,metal,16538,10.600700000000002,0.00065962,106.0,5.0,-9.699999999999965e-06,3.501999999999997e-05,0.9944687548966549,iron_trial_4
157,iron,4,77.5,1.0,1.0,7860.0,449.0,15.70066,-1.4954263950352524,-1.7170774010655845,metal,16538,10.600700000000002,0.00065962,106.0,5.099959999999998,-9.739999999999944e-06,3.4920000000000025e-05,0.9731214818723527,iron_trial_4
102,iron,5,77.5,1.0,1.0,7860.0,449.0,10.20066,1.0099670678946973,0.9343671516859592,metal,16538,10.20066,0.00065954,102.0,0.0,0.0,3.9679999999999945e-05,-0.7987021791456617,iron_trial_5
103,iron,5,77.5,1.0,1.0,7860.0,449.0,10.30066,1.0047799178679298,0.9343671516859592,metal,16538,10.20066,0.00065954,102.0,0.10000000000000142,-1.9999999999989644e-08,3.9679999999999945e-05,-0.7915864214708943,iron_trial_5
104,iron,5,77.5,1.0,1.0,7860.0,449.0,10.40066,0.9995927678411625,0.9343671516859592,metal,16538,10.20066,0.00065954,102.0,0.20000000000000107,-3.999999999997929e-08,3.9679999999999945e-05,-0.7844706637961268,iron_trial_5
105,iron,5,77.5,1.0,1.0,7860.0,449.0,10.5011,0.8543525670915908,0.8890433131774089,metal,16538,10.20066,0.00065954,102.0,0.30044000000000004,-6.000000000000146e-07,3.959999999999999e-05,-0.6136924796015929,iron_trial_5
106,iron,5,77.5,1.0,1.0,7860.0,449.0,10.60071,0.2733917640933322,0.8323885150416596,metal,16538,10.20066,0.00065954,102.0,0.40005000000000024,-2.8400000000000473e-06,3.949999999999993e-05,0.14769359159890716,iron_trial_5
107,iron,5,77.5,1.0,1.0,7860.0,449.0,10.70066,-0.058585837619950364,0.8097265957873845,metal,16538,10.20066,0.00065954,102.0,0.5,-4.120000000000035e-06,3.945999999999995e-05,0.5888705674347189,iron_trial_5
108,iron,5,77.5,1.0,1.0,7860.0,449.0,10.80066,-0.2764461387442938,0.8097265957873845,metal,16538,10.20066,0.00065954,102.0,0.6000000000000014,-4.960000000000034e-06,3.945999999999995e-05,0.8877323897751049,iron_trial_5
109,iron,5,77.5,1.0,1.0,7860.0,449.0,10.9007,-0.4424349396009351,0.7983956361602469,metal,16538,10.20066,0.00065954,102.0,0.7000400000000013,-5.600000000000028e-06,3.943999999999996e-05,1.108320877693011,iron_trial_5
110,iron,5,77.5,1.0,1.0,7860.0,449.0,11.0007,-0.566926540243409,0.7870646765331093,metal,16538,10.20066,0.00065954,102.0,0.800040000000001,-6.079999999999996e-06,3.941999999999997e-05,1.2719833042127386,iron_trial_5
111,iron,5,77.5,1.0,1.0,7860.0,449.0,11.10066,-0.665482390752046,0.8097265957873845,metal,16538,10.20066,0.00065954,102.0,0.9000000000000004,-6.460000000000016e-06,3.945999999999995e-05,1.421414215382932,iron_trial_5
112,iron,5,77.5,1.0,1.0,7860.0,449.0,11.20066,-0.7484767911803806,0.7870646765331093,metal,16538,10.20066,0.00065954,102.0,1.0,-6.780000000000067e-06,3.941999999999997e-05,1.5210348228297528,iron_trial_5
113,iron,5,77.5,1.0,1.0,7860.0,449.0,11.30066,-0.8107225915016176,0.7757337169059717,metal,16538,10.20066,0.00065954,102.0,1.1000000000000014,-7.020000000000051e-06,3.939999999999998e-05,1.5993081572522332,iron_trial_5
114,iron,5,77.5,1.0,1.0,7860.0,449.0,11.4007,-0.8833426918763894,0.741740838024559,metal,16538,10.20066,0.00065954,102.0,1.2000400000000013,-7.300000000000015e-06,3.934000000000001e-05,1.6775814916747134,iron_trial_5
115,iron,5,77.5,1.0,1.0,7860.0,449.0,11.500660000000002,-0.9248398920905567,0.7304098783974214,metal,16538,10.20066,0.00065954,102.0,1.3000000000000025,-7.46000000000004e-06,3.932000000000002e-05,1.727391795398124,iron_trial_5
116,iron,5,77.5,1.0,1.0,7860.0,449.0,11.60066,-0.9767113923582589,0.6850860398888097,metal,16538,10.20066,0.00065954,102.0,1.4000000000000004,-7.660000000000045e-06,3.9239999999999956e-05,1.7700863414467285,iron_trial_5
117,iron,5,77.5,1.0,1.0,7860.0,449.0,11.70066,-1.0130214425456308,0.651093161007397,metal,16538,10.20066,0.00065954,102.0,1.5,-7.799999999999973e-06,3.917999999999999e-05,1.7985493721457981,iron_trial_5
118,iron,5,77.5,1.0,1.0,7860.0,449.0,11.80071,-1.0545186427597981,0.6057693224988466,metal,16538,10.20066,0.00065954,102.0,1.6000500000000013,-7.959999999999998e-06,3.910000000000003e-05,1.8270124028449064,iron_trial_5
119,iron,5,77.5,1.0,1.0,7860.0,449.0,11.900670000000002,-1.090828692947198,0.560445483990235,metal,16538,10.20066,0.00065954,102.0,1.7000100000000025,-8.100000000000034e-06,3.901999999999996e-05,1.8483596758692087,iron_trial_5
120,iron,5,77.5,1.0,1.0,7860.0,449.0,12.0007,-1.116764443081035,0.5151216454816847,metal,16538,10.20066,0.00065954,102.0,1.800040000000001,-8.199999999999982e-06,3.894e-05,1.855475433543976,iron_trial_5
121,iron,5,77.5,1.0,1.0,7860.0,449.0,12.100700000000002,-1.1427001932149001,0.45846684734593535,metal,16538,10.20066,0.00065954,102.0,1.9000400000000024,-8.300000000000039e-06,3.883999999999995e-05,1.855475433543976,iron_trial_5
122,iron,5,77.5,1.0,1.0,7860.0,449.0,12.2007,-1.1738230933755045,0.4018120492102475,metal,16538,10.20066,0.00065954,102.0,2.0000400000000003,-8.419999999999977e-06,3.874e-05,1.8625911912187436,iron_trial_5
123,iron,5,77.5,1.0,1.0,7860.0,449.0,12.30066,-1.1945716934826023,0.33382629144736065,metal,16538,10.20066,0.00065954,102.0,2.1000000000000014,-8.500000000000044e-06,3.861999999999995e-05,1.8483596758692087,iron_trial_5
124,iron,5,77.5,1.0,1.0,7860.0,449.0,12.4007,-1.2153202935896719,0.27717149331167273,metal,16538,10.20066,0.00065954,102.0,2.2000400000000013,-8.580000000000003e-06,3.8520000000000004e-05,1.8412439181944413,iron_trial_5
125,iron,5,77.5,1.0,1.0,7860.0,449.0,12.5007,-1.2308817436699742,0.19785477592164832,metal,16538,10.20066,0.00065954,102.0,2.300040000000001,-8.639999999999971e-06,3.837999999999997e-05,1.812780887495333,iron_trial_5
126,iron,5,77.5,1.0,1.0,7860.0,449.0,12.60066,-1.251630343777072,0.12986901815882287,metal,16538,10.20066,0.00065954,102.0,2.4000000000000004,-8.720000000000038e-06,3.826000000000003e-05,1.7985493721458368,iron_trial_5
127,iron,5,77.5,1.0,1.0,7860.0,449.0,12.70066,-1.2723789438841415,0.061883260395935995,metal,16538,10.20066,0.00065954,102.0,2.5,-8.799999999999997e-06,3.8139999999999984e-05,1.7843178567962632,iron_trial_5
128,iron,5,77.5,1.0,1.0,7860.0,449.0,12.80066,-1.2827532439376763,-0.006102497366950874,metal,16538,10.20066,0.00065954,102.0,2.6000000000000014,-8.839999999999976e-06,3.801999999999994e-05,1.755854826097155,iron_trial_5
129,iron,5,77.5,1.0,1.0,7860.0,449.0,12.9007,-1.2931275439912393,-0.07408825512977632,metal,16538,10.20066,0.00065954,102.0,2.7000400000000013,-8.880000000000064e-06,3.79e-05,1.727391795398124,iron_trial_5
130,iron,5,77.5,1.0,1.0,7860.0,449.0,13.000660000000002,-1.3138761440983089,-0.1420740128926632,metal,16538,10.20066,0.00065954,102.0,2.8000000000000025,-8.960000000000023e-06,3.777999999999995e-05,1.7131602800485504,iron_trial_5
131,iron,5,77.5,1.0,1.0,7860.0,449.0,13.100700000000002,-1.3242504441518437,-0.21005977065548864,metal,16538,10.20066,0.00065954,102.0,2.9000400000000024,-9.000000000000002e-06,3.7660000000000016e-05,1.6846972493494807,iron_trial_5
132,iron,5,77.5,1.0,1.0,7860.0,449.0,13.2007,-1.3449990442589415,-0.2893764880455131,metal,16538,10.20066,0.00065954,102.0,3.0000400000000003,-9.080000000000069e-06,3.751999999999998e-05,1.6633499763251784,iron_trial_5
133,iron,5,77.5,1.0,1.0,7860.0,449.0,13.30066,-1.3501861942857087,-0.3573622458083999,metal,16538,10.20066,0.00065954,102.0,3.1000000000000014,-9.100000000000059e-06,3.739999999999993e-05,1.6277711879513028,iron_trial_5
134,iron,5,77.5,1.0,1.0,7860.0,449.0,13.4007,-1.365747644366011,-0.44800992282550056,metal,16538,10.20066,0.00065954,102.0,3.2000400000000013,-9.160000000000027e-06,3.7240000000000016e-05,1.5921923995774656,iron_trial_5
135,iron,5,77.5,1.0,1.0,7860.0,449.0,13.500660000000002,-1.3761219444195458,-0.5046647209612498,metal,16538,10.20066,0.00065954,102.0,3.3000000000000025,-9.200000000000007e-06,3.713999999999996e-05,1.570845126553125,iron_trial_5
136,iron,5,77.5,1.0,1.0,7860.0,449.0,13.600700000000002,-1.3864962444730806,-0.5839814383512129,metal,16538,10.20066,0.00065954,102.0,3.4000400000000024,-9.239999999999986e-06,3.700000000000003e-05,1.5352663381792877,iron_trial_5
137,iron,5,77.5,1.0,1.0,7860.0,449.0,13.70067,-1.3968705445266154,-0.6406362364869621,metal,16538,10.20066,0.00065954,102.0,3.5000100000000014,-9.279999999999965e-06,3.6899999999999975e-05,1.5139190651549468,iron_trial_5
138,iron,5,77.5,1.0,1.0,7860.0,449.0,13.80066,-1.4124319946069457,-0.7086219942498491,metal,16538,10.20066,0.00065954,102.0,3.6000000000000014,-9.340000000000043e-06,3.677999999999993e-05,1.4925717921306445,iron_trial_5
139,iron,5,77.5,1.0,1.0,7860.0,449.0,13.900660000000002,-1.4124319946069457,-0.787938711639812,metal,16538,10.20066,0.00065954,102.0,3.700000000000003,-9.340000000000043e-06,3.664e-05,1.4427614884072726,iron_trial_5
140,iron,5,77.5,1.0,1.0,7860.0,449.0,14.000660000000002,-1.4228062946604805,-0.855924469402699,metal,16538,10.20066,0.00065954,102.0,3.8000000000000025,-9.380000000000022e-06,3.6519999999999955e-05,1.4142984577081643,iron_trial_5
141,iron,5,77.5,1.0,1.0,7860.0,449.0,14.10066,-1.4331805947140153,-0.9352411867926619,metal,16538,10.20066,0.00065954,102.0,3.9000000000000004,-9.420000000000001e-06,3.638000000000003e-05,1.3787196693343273,iron_trial_5
142,iron,5,77.5,1.0,1.0,7860.0,449.0,14.2007,-1.4487420447943176,-0.9918959849284112,metal,16538,10.20066,0.00065954,102.0,4.00004,-9.47999999999997e-06,3.627999999999997e-05,1.3644881539847538,iron_trial_5
143,iron,5,77.5,1.0,1.0,7860.0,449.0,14.30066,-1.453929194821113,-1.0598817426912366,metal,16538,10.20066,0.00065954,102.0,4.100000000000001,-9.500000000000068e-06,3.616000000000003e-05,1.3289093656109552,iron_trial_5
144,iron,5,77.5,1.0,1.0,7860.0,449.0,14.400660000000002,-1.4643034948746478,-1.1278675004541237,metal,16538,10.20066,0.00065954,102.0,4.200000000000003,-9.540000000000048e-06,3.603999999999999e-05,1.300446334911847,iron_trial_5
145,iron,5,77.5,1.0,1.0,7860.0,449.0,14.500700000000002,-1.4643034948746478,-1.1958532582170105,metal,16538,10.20066,0.00065954,102.0,4.300040000000003,-9.540000000000048e-06,3.591999999999994e-05,1.257751788863204,iron_trial_5
146,iron,5,77.5,1.0,1.0,7860.0,449.0,14.60066,-1.4798649449549501,-1.2638390159798358,metal,16538,10.20066,0.00065954,102.0,4.4,-9.600000000000017e-06,3.58e-05,1.2364045158389017,iron_trial_5
147,iron,5,77.5,1.0,1.0,7860.0,449.0,14.7007,-1.4850520949817174,-1.3091628544884475,metal,16538,10.20066,0.00065954,102.0,4.50004,-9.620000000000006e-06,3.5719999999999936e-05,1.2150572428145607,iron_trial_5
148,iron,5,77.5,1.0,1.0,7860.0,449.0,14.80066,-1.4954263950352524,-1.3884795718784106,metal,16538,10.20066,0.00065954,102.0,4.600000000000001,-9.659999999999985e-06,3.558000000000001e-05,1.1794784544407237,iron_trial_5
149,iron,5,77.5,1.0,1.0,7860.0,449.0,14.900660000000002,-1.5006135450620197,-1.4338034103870223,metal,16538,10.20066,0.00065954,102.0,4.700000000000003,-9.679999999999975e-06,3.549999999999994e-05,1.1581311814163828,iron_trial_5
150,iron,5,77.5,1.0,1.0,7860.0,449.0,15.000700000000002,-1.5109878451155827,-1.5131201277769852,metal,16538,10.20066,0.00065954,102.0,4.800040000000003,-9.720000000000063e-06,3.5360000000000014e-05,1.1225523930425843,iron_trial_5
151,iron,5,77.5,1.0,1.0,7860.0,449.0,15.100700000000002,-1.51617499514235,-1.5811058855398723,metal,16538,10.20066,0.00065954,102.0,4.900040000000002,-9.740000000000052e-06,3.523999999999997e-05,1.0869736046687086,iron_trial_5
152,iron,5,77.5,1.0,1.0,7860.0,449.0,15.2007,-1.5213621451691175,-1.6264297240484225,metal,16538,10.20066,0.00065954,102.0,5.00004,-9.760000000000042e-06,3.516000000000001e-05,1.0656263316444063,iron_trial_5
106,iron,6,77.5,1.0,1.0,7860.0,449.0,10.60066,1.020341367948232,0.8890433131774089,metal,16538,10.60066,0.00065958,106.0,0.0,0.0,3.956000000000001e-05,-0.8413967251942662,iron_trial_6
107,iron,6,77.5,1.0,1.0,7860.0,449.0,10.7007,1.0099670678946973,0.8890433131774089,metal,16538,10.60066,0.00065958,106.0,0.1000399999999999,-3.999999999997929e-08,3.956000000000001e-05,-0.8271652098447314,iron_trial_6
108,iron,6,77.5,1.0,1.0,7860.0,449.0,10.8007,0.9995927678411625,0.8777123535502713,metal,16538,10.60066,0.00065958,106.0,0.20004000000000133,-7.999999999995858e-08,3.954000000000002e-05,-0.8200494521699639,iron_trial_6
109,iron,6,77.5,1.0,1.0,7860.0,449.0,10.9007,0.9425341175466928,0.821057555414522,metal,16538,10.60066,0.00065958,106.0,0.300040000000001,-2.999999999999531e-07,3.943999999999996e-05,-0.7773549061213594,iron_trial_6
110,iron,6,77.5,1.0,1.0,7860.0,449.0,11.0007,0.3148889643074996,0.7644027572788341,metal,16538,10.60066,0.00065958,106.0,0.4000400000000006,-2.720000000000001e-06,3.934000000000001e-05,0.04807298415212465,iron_trial_6
111,iron,6,77.5,1.0,1.0,7860.0,449.0,11.10067,-0.058585837619950364,0.741740838024559,metal,16538,10.60066,0.00065958,106.0,0.5000099999999996,-4.160000000000014e-06,3.9300000000000034e-05,0.5461760213861143,iron_trial_6
112,iron,6,77.5,1.0,1.0,7860.0,449.0,11.20066,-0.2868204387978286,0.7530717976516966,metal,16538,10.60066,0.00065958,106.0,0.5999999999999996,-5.039999999999992e-06,3.932000000000002e-05,0.8663851167508028,iron_trial_6
113,iron,6,77.5,1.0,1.0,7860.0,449.0,11.3007,-0.4528092396544699,0.7530717976516966,metal,16538,10.60066,0.00065958,106.0,0.7000400000000013,-5.679999999999986e-06,3.932000000000002e-05,1.094089362343476,iron_trial_6
114,iron,6,77.5,1.0,1.0,7860.0,449.0,11.4007,-0.566926540243409,0.741740838024559,metal,16538,10.60066,0.00065958,106.0,0.800040000000001,-6.119999999999975e-06,3.9300000000000034e-05,1.243520273513669,iron_trial_6
115,iron,6,77.5,1.0,1.0,7860.0,449.0,11.500660000000002,-0.6706695407788134,0.7304098783974214,metal,16538,10.60066,0.00065958,106.0,0.9000000000000021,-6.519999999999985e-06,3.9280000000000044e-05,1.3787196693343273,iron_trial_6
116,iron,6,77.5,1.0,1.0,7860.0,449.0,11.600700000000002,-0.7536639412071481,0.7190789187702838,metal,16538,10.60066,0.00065958,106.0,1.000040000000002,-6.840000000000036e-06,3.9260000000000054e-05,1.4854560344559158,iron_trial_6
117,iron,6,77.5,1.0,1.0,7860.0,449.0,11.7007,-0.8262840415819198,0.6964169995159473,metal,16538,10.60066,0.00065958,106.0,1.10004,-7.12e-06,3.921999999999997e-05,1.570845126553125,iron_trial_6
118,iron,6,77.5,1.0,1.0,7860.0,449.0,11.80067,-0.8729683918228546,0.6850860398888097,metal,16538,10.60066,0.00065958,106.0,1.2000100000000007,-7.300000000000015e-06,3.919999999999998e-05,1.6277711879513028,iron_trial_6
119,iron,6,77.5,1.0,1.0,7860.0,449.0,11.9007,-0.9352141921440915,0.6624241206345346,metal,16538,10.60066,0.00065958,106.0,1.300040000000001,-7.539999999999999e-06,3.916e-05,1.6989287646990157,iron_trial_6
120,iron,6,77.5,1.0,1.0,7860.0,449.0,12.0007,-0.9767113923582589,0.6284312417531218,metal,16538,10.60066,0.00065958,106.0,1.4000400000000006,-7.700000000000025e-06,3.910000000000003e-05,1.7345075530728913,iron_trial_6
121,iron,6,77.5,1.0,1.0,7860.0,449.0,12.10066,-1.0182085925724262,0.5831074032445102,metal,16538,10.60066,0.00065958,106.0,1.5,-7.86000000000005e-06,3.901999999999996e-05,1.762970583771961,iron_trial_6
122,iron,6,77.5,1.0,1.0,7860.0,449.0,12.20071,-1.0545186427597981,0.560445483990235,metal,16538,10.60066,0.00065958,106.0,1.6000500000000013,-7.999999999999978e-06,3.897999999999998e-05,1.7985493721457981,iron_trial_6
123,iron,6,77.5,1.0,1.0,7860.0,449.0,12.30066,-1.0856415429204307,0.5151216454816847,metal,16538,10.60066,0.00065958,106.0,1.700000000000001,-8.120000000000024e-06,3.8900000000000024e-05,1.8127808874953715,iron_trial_6
124,iron,6,77.5,1.0,1.0,7860.0,449.0,12.4007,-1.1063901430275003,0.4471358877187978,metal,16538,10.60066,0.00065958,106.0,1.800040000000001,-8.199999999999982e-06,3.877999999999998e-05,1.7985493721457981,iron_trial_6
125,iron,6,77.5,1.0,1.0,7860.0,449.0,12.500660000000002,-1.1375130431881328,0.4018120492102475,metal,16538,10.60066,0.00065958,106.0,1.9000000000000021,-8.320000000000029e-06,3.870000000000002e-05,1.8127808874953715,iron_trial_6
126,iron,6,77.5,1.0,1.0,7860.0,449.0,12.600700000000002,-1.1634487933219697,0.33382629144736065,metal,16538,10.60066,0.00065958,106.0,2.000040000000002,-8.419999999999977e-06,3.857999999999997e-05,1.8056651298205655,iron_trial_6
127,iron,6,77.5,1.0,1.0,7860.0,449.0,12.7007,-1.189384543455835,0.27717149331167273,metal,16538,10.60066,0.00065958,106.0,2.10004,-8.520000000000034e-06,3.8480000000000025e-05,1.8056651298206041,iron_trial_6
128,iron,6,77.5,1.0,1.0,7860.0,449.0,12.80066,-1.204945993536137,0.2091857355487859,metal,16538,10.60066,0.00065958,106.0,2.200000000000001,-8.580000000000003e-06,3.835999999999998e-05,1.7843178567962632,iron_trial_6
129,iron,6,77.5,1.0,1.0,7860.0,449.0,12.90066,-1.2256945936432067,0.14119997778596044,metal,16538,10.60066,0.00065958,106.0,2.3000000000000007,-8.659999999999961e-06,3.824000000000004e-05,1.7700863414467285,iron_trial_6
130,iron,6,77.5,1.0,1.0,7860.0,449.0,13.000700000000002,-1.2412560437235372,0.08454517965021115,metal,16538,10.60066,0.00065958,106.0,2.4000400000000024,-8.720000000000038e-06,3.8139999999999984e-05,1.7558548260971936,iron_trial_6
131,iron,6,77.5,1.0,1.0,7860.0,449.0,13.10066,-1.2568174938038392,0.005228462260248125,metal,16538,10.60066,0.00065958,106.0,2.5,-8.780000000000007e-06,3.8000000000000056e-05,1.727391795398124,iron_trial_6
132,iron,6,77.5,1.0,1.0,7860.0,449.0,13.2007,-1.2775660939109088,-0.07408825512977632,metal,16538,10.60066,0.00065958,106.0,2.60004,-8.859999999999966e-06,3.786000000000002e-05,1.706044522373783,iron_trial_6
133,iron,6,77.5,1.0,1.0,7860.0,449.0,13.30071,-1.2827532439376763,-0.1420740128926632,metal,16538,10.60066,0.00065958,106.0,2.700050000000001,-8.879999999999956e-06,3.7739999999999974e-05,1.6704657339999074,iron_trial_6
134,iron,6,77.5,1.0,1.0,7860.0,449.0,13.4007,-1.303501844044774,-0.21005977065548864,metal,16538,10.60066,0.00065958,106.0,2.800040000000001,-8.960000000000023e-06,3.7620000000000036e-05,1.656234218650411,iron_trial_6
135,iron,6,77.5,1.0,1.0,7860.0,449.0,13.500660000000002,-1.3138761440983089,-0.2780455284183755,metal,16538,10.60066,0.00065958,106.0,2.900000000000002,-9.000000000000002e-06,3.749999999999999e-05,1.6277711879513028,iron_trial_6
136,iron,6,77.5,1.0,1.0,7860.0,449.0,13.600700000000002,-1.329437594178611,-0.34603128618120094,metal,16538,10.60066,0.00065958,106.0,3.000040000000002,-9.059999999999971e-06,3.738000000000005e-05,1.6064239149270005,iron_trial_6
137,iron,6,77.5,1.0,1.0,7860.0,449.0,13.70067,-1.3398118942321458,-0.41401704394408784,metal,16538,10.60066,0.00065958,106.0,3.100010000000001,-9.09999999999995e-06,3.7260000000000006e-05,1.5779608842278923,iron_trial_6
138,iron,6,77.5,1.0,1.0,7860.0,449.0,13.8007,-1.3553733443124762,-0.4933337613341123,metal,16538,10.60066,0.00065958,106.0,3.2000400000000013,-9.160000000000027e-06,3.711999999999997e-05,1.5494978535288226,iron_trial_6
139,iron,6,77.5,1.0,1.0,7860.0,449.0,13.900660000000002,-1.365747644366011,-0.5726504787240753,metal,16538,10.60066,0.00065958,106.0,3.3000000000000025,-9.200000000000007e-06,3.698000000000004e-05,1.5139190651549854,iron_trial_6
140,iron,6,77.5,1.0,1.0,7860.0,449.0,14.000700000000002,-1.3761219444195458,-0.6406362364869621,metal,16538,10.60066,0.00065958,106.0,3.4000400000000024,-9.239999999999986e-06,3.6859999999999996e-05,1.4854560344558772,iron_trial_6
141,iron,6,77.5,1.0,1.0,7860.0,449.0,14.100700000000002,-1.3864962444730806,-0.6972910346226501,metal,16538,10.60066,0.00065958,106.0,3.500040000000002,-9.279999999999965e-06,3.676000000000005e-05,1.4641087614315749,iron_trial_6
142,iron,6,77.5,1.0,1.0,7860.0,449.0,14.20066,-1.3968705445266154,-0.787938711639812,metal,16538,10.60066,0.00065958,106.0,3.5999999999999996,-9.319999999999945e-06,3.660000000000002e-05,1.421414215382932,iron_trial_6
143,iron,6,77.5,1.0,1.0,7860.0,449.0,14.30066,-1.4072448445801784,-0.8445935097755614,metal,16538,10.60066,0.00065958,106.0,3.700000000000001,-9.360000000000032e-06,3.6499999999999966e-05,1.4000669423586296,iron_trial_6
144,iron,6,77.5,1.0,1.0,7860.0,449.0,14.4007,-1.4124319946069457,-0.9125792675383868,metal,16538,10.60066,0.00065958,106.0,3.800040000000001,-9.380000000000022e-06,3.638000000000003e-05,1.3644881539847924,iron_trial_6
145,iron,6,77.5,1.0,1.0,7860.0,449.0,14.500700000000002,-1.4176191446337132,-0.9805650253012737,metal,16538,10.60066,0.00065958,106.0,3.9000400000000024,-9.400000000000012e-06,3.625999999999998e-05,1.3289093656109168,iron_trial_6
146,iron,6,77.5,1.0,1.0,7860.0,449.0,14.60066,-1.427993444687248,-1.0372198234369616,metal,16538,10.60066,0.00065958,106.0,4.0,-9.439999999999991e-06,3.616000000000003e-05,1.3075620925866145,iron_trial_6
147,iron,6,77.5,1.0,1.0,7860.0,449.0,14.70066,-1.4331805947140153,-1.1052055811998485,metal,16538,10.60066,0.00065958,106.0,4.1,-9.45999999999998e-06,3.603999999999999e-05,1.2719833042127386,iron_trial_6
148,iron,6,77.5,1.0,1.0,7860.0,449.0,14.800670000000002,-1.4435548947675503,-1.184522298589873,metal,16538,10.60066,0.00065958,106.0,4.2000100000000025,-9.49999999999996e-06,3.589999999999995e-05,1.236404515838863,iron_trial_6
149,iron,6,77.5,1.0,1.0,7860.0,449.0,14.900670000000002,-1.4487420447943176,-1.2411770967255606,metal,16538,10.60066,0.00065958,106.0,4.300010000000002,-9.51999999999995e-06,3.58e-05,1.2079414851397934,iron_trial_6
150,iron,6,77.5,1.0,1.0,7860.0,449.0,15.00067,-1.453929194821113,-1.3091628544884475,metal,16538,10.60066,0.00065958,106.0,4.40001,-9.540000000000048e-06,3.5679999999999957e-05,1.1723626967659562,iron_trial_6
151,iron,6,77.5,1.0,1.0,7860.0,449.0,15.10066,-1.4643034948746478,-1.3658176526241355,metal,16538,10.60066,0.00065958,106.0,4.5,-9.580000000000027e-06,3.558000000000001e-05,1.1510154237416539,iron_trial_6
152,iron,6,77.5,1.0,1.0,7860.0,449.0,15.2007,-1.4746777949281826,-1.4338034103870223,metal,16538,10.60066,0.00065958,106.0,4.60004,-9.620000000000006e-06,3.545999999999996e-05,1.1225523930425456,iron_trial_6
153,iron,6,77.5,1.0,1.0,7860.0,449.0,15.3007,-1.4798649449549501,-1.4904582085227103,metal,16538,10.60066,0.00065958,106.0,4.700040000000001,-9.639999999999996e-06,3.5360000000000014e-05,1.094089362343476,iron_trial_6
154,iron,6,77.5,1.0,1.0,7860.0,449.0,15.4007,-1.490239245008485,-1.5471130066584595,metal,16538,10.60066,0.00065958,106.0,4.800040000000001,-9.679999999999975e-06,3.525999999999996e-05,1.072742089319135,iron_trial_6
155,iron,6,77.5,1.0,1.0,7860.0,449.0,15.500700000000002,-1.5006135450620197,-1.6037678047941473,metal,16538,10.60066,0.00065958,106.0,4.900040000000002,-9.719999999999954e-06,3.516000000000001e-05,1.0513948162948328,iron_trial_6
156,iron,6,77.5,1.0,1.0,7860.0,449.0,15.60066,-1.5058006950887872,-1.6604226029298967,metal,16538,10.60066,0.00065958,106.0,5.0,-9.739999999999944e-06,3.505999999999995e-05,1.0229317855957245,iron_trial_6
161,nickel,1,90.9,1.0,1.0,8900.0,461.0,16.1007,0.8854754672522233,-0.06275729550263874,metal,19312,16.1007,0.00065906,161.0,0.0,0.0,3.839999999999996e-05,-1.2541106703310083,nickel_trial_1
162,nickel,1,90.9,1.0,1.0,8900.0,461.0,16.200660000000003,0.869914017171893,-0.05142633587550117,metal,19312,16.1007,0.00065906,161.0,0.09996000000000294,-6.000000000007735e-08,3.841999999999995e-05,-1.2256476396319,nickel_trial_1
163,nickel,1,90.9,1.0,1.0,8900.0,461.0,16.30066,0.8336039669845211,-0.07408825512977632,metal,19312,16.1007,0.00065906,161.0,0.1999600000000008,-2.0000000000000486e-07,3.837999999999997e-05,-1.1900688512580628,nickel_trial_1
164,nickel,1,90.9,1.0,1.0,8900.0,461.0,16.4007,0.47569061513737343,-0.21005977065548864,metal,19312,16.1007,0.00065906,161.0,0.3000000000000007,-1.5800000000000492e-06,3.8139999999999984e-05,-0.7844706637960882,nickel_trial_1
165,nickel,1,90.9,1.0,1.0,8900.0,461.0,16.500700000000002,0.11259011326345833,-0.19872881102835105,metal,19312,16.1007,0.00065906,161.0,0.40000000000000213,-2.9800000000000833e-06,3.8159999999999973e-05,-0.27925186888733117,nickel_trial_1
166,nickel,1,90.9,1.0,1.0,8900.0,461.0,16.6007,-0.11564448791441992,-0.2213907302826262,metal,19312,16.1007,0.00065906,161.0,0.5,-3.860000000000061e-06,3.8119999999999994e-05,0.019609953453054954,nickel_trial_1
167,nickel,1,90.9,1.0,1.0,8900.0,461.0,16.700660000000003,-0.2712589887175264,-0.21005977065548864,metal,19312,16.1007,0.00065906,161.0,0.5999600000000029,-4.460000000000076e-06,3.8139999999999984e-05,0.24019844137096083,nickel_trial_1
168,nickel,1,90.9,1.0,1.0,8900.0,461.0,16.80067,-0.40093773938676774,-0.2213907302826262,metal,19312,16.1007,0.00065906,161.0,0.6999700000000004,-4.960000000000034e-06,3.8119999999999994e-05,0.41097662556545617,nickel_trial_1
169,nickel,1,90.9,1.0,1.0,8900.0,461.0,16.900660000000002,-0.504680739922172,-0.2213907302826262,metal,19312,16.1007,0.00065906,161.0,0.7999600000000022,-5.3600000000000435e-06,3.8119999999999994e-05,0.5532917790608818,nickel_trial_1
170,nickel,1,90.9,1.0,1.0,8900.0,461.0,17.000700000000002,-0.5980494404040415,-0.25538360916410036,metal,19312,16.1007,0.00065906,161.0,0.9000000000000021,-5.720000000000074e-06,3.805999999999992e-05,0.6600281441824317,nickel_trial_1
171,nickel,1,90.9,1.0,1.0,8900.0,461.0,17.10066,-0.665482390752046,-0.25538360916410036,metal,19312,16.1007,0.00065906,161.0,0.9999600000000015,-5.980000000000048e-06,3.805999999999992e-05,0.7525329939544468,nickel_trial_1
172,nickel,1,90.9,1.0,1.0,8900.0,461.0,17.200660000000003,-0.7225410410465155,-0.26671456879123795,metal,19312,16.1007,0.00065906,161.0,1.099960000000003,-6.200000000000042e-06,3.803999999999993e-05,0.8236905707021596,nickel_trial_1
173,nickel,1,90.9,1.0,1.0,8900.0,461.0,17.300700000000003,-0.7744125413142177,-0.2893764880455131,metal,19312,16.1007,0.00065906,161.0,1.2000000000000028,-6.400000000000047e-06,3.799999999999995e-05,0.8806166321003376,nickel_trial_1
174,nickel,1,90.9,1.0,1.0,8900.0,461.0,17.4007,-0.8210968915551524,-0.3233693669269258,metal,19312,16.1007,0.00065906,161.0,1.3000000000000007,-6.580000000000062e-06,3.793999999999998e-05,0.9233111781489807,nickel_trial_1
175,nickel,1,90.9,1.0,1.0,8900.0,461.0,17.50066,-0.8625940917693198,-0.3686932054355375,metal,19312,16.1007,0.00065906,161.0,1.39996,-6.740000000000088e-06,3.785999999999991e-05,0.9517742088480504,nickel_trial_1
176,nickel,1,90.9,1.0,1.0,8900.0,461.0,17.60066,-0.904091291983459,-0.3800241650626751,metal,19312,16.1007,0.00065906,161.0,1.4999600000000015,-6.900000000000005e-06,3.783999999999992e-05,1.0015845125714224,nickel_trial_1
177,nickel,1,90.9,1.0,1.0,8900.0,461.0,17.7007,-0.9352141921440915,-0.4253480035712254,metal,19312,16.1007,0.00065906,161.0,1.6000000000000014,-7.020000000000051e-06,3.7759999999999964e-05,1.0158160279209958,nickel_trial_1
178,nickel,1,90.9,1.0,1.0,8900.0,461.0,17.800700000000003,-0.9611499422779285,-0.47067184207983714,metal,19312,16.1007,0.00065906,161.0,1.7000000000000028,-7.12e-06,3.76799999999999e-05,1.0229317855957245,nickel_trial_1
179,nickel,1,90.9,1.0,1.0,8900.0,461.0,17.9007,-0.9922728424385611,-0.5046647209612498,metal,19312,16.1007,0.00065906,161.0,1.8000000000000007,-7.240000000000046e-06,3.761999999999993e-05,1.0442790586200654,nickel_trial_1
180,nickel,1,90.9,1.0,1.0,8900.0,461.0,18.000700000000002,-1.0182085925724262,-0.5613195190969377,metal,19312,16.1007,0.00065906,161.0,1.9000000000000021,-7.3400000000001025e-06,3.751999999999998e-05,1.044279058620104,nickel_trial_1
181,nickel,1,90.9,1.0,1.0,8900.0,461.0,18.10066,-1.0441443427062633,-0.6066433576055494,metal,19312,16.1007,0.00065906,161.0,1.9999600000000015,-7.440000000000051e-06,3.743999999999991e-05,1.0513948162948328,nickel_trial_1
182,nickel,1,90.9,1.0,1.0,8900.0,461.0,18.2007,-1.064892942813333,-0.6746291153683749,metal,19312,16.1007,0.00065906,161.0,2.1000000000000014,-7.520000000000009e-06,3.7319999999999975e-05,1.037163300945298,nickel_trial_1
183,nickel,1,90.9,1.0,1.0,8900.0,461.0,18.300700000000003,-1.0856415429204307,-0.7312839135041241,metal,19312,16.1007,0.00065906,161.0,2.200000000000003,-7.600000000000076e-06,3.721999999999992e-05,1.0300475432705307,nickel_trial_1
184,nickel,1,90.9,1.0,1.0,8900.0,461.0,18.40066,-1.1012029930007328,-0.787938711639812,metal,19312,16.1007,0.00065906,161.0,2.2999599999999987,-7.660000000000045e-06,3.711999999999997e-05,1.0158160279209958,nickel_trial_1
185,nickel,1,90.9,1.0,1.0,8900.0,461.0,18.5007,-1.1219515931078023,-0.8445935097755614,metal,19312,16.1007,0.00065906,161.0,2.3999999999999986,-7.740000000000004e-06,3.701999999999991e-05,1.0087002702461898,nickel_trial_1
186,nickel,1,90.9,1.0,1.0,8900.0,461.0,18.6007,-1.1323258931613653,-0.9012483079112492,metal,19312,16.1007,0.00065906,161.0,2.5,-7.780000000000092e-06,3.6919999999999965e-05,0.987352997221926,nickel_trial_1
187,nickel,1,90.9,1.0,1.0,8900.0,461.0,18.7007,-1.1582616432952024,-0.9579031060469985,metal,19312,16.1007,0.00065906,161.0,2.6000000000000014,-7.88000000000004e-06,3.681999999999991e-05,0.9873529972218875,nickel_trial_1
188,nickel,1,90.9,1.0,1.0,8900.0,461.0,18.800700000000003,-1.1686359433487372,-1.0372198234369616,metal,19312,16.1007,0.00065906,161.0,2.700000000000003,-7.920000000000019e-06,3.667999999999998e-05,0.9517742088480504,nickel_trial_1
189,nickel,1,90.9,1.0,1.0,8900.0,461.0,18.9007,-1.179010243402272,-1.1052055811998485,metal,19312,16.1007,0.00065906,161.0,2.8000000000000007,-7.959999999999998e-06,3.6559999999999935e-05,0.9233111781489421,nickel_trial_1
190,nickel,1,90.9,1.0,1.0,8900.0,461.0,19.0007,-1.1945716934826023,-1.1618603793355362,metal,19312,16.1007,0.00065906,161.0,2.8999999999999986,-8.020000000000076e-06,3.6459999999999986e-05,0.9090796627994459,nickel_trial_1
191,nickel,1,90.9,1.0,1.0,8900.0,461.0,19.1007,-1.204945993536137,-1.2185151774712855,metal,19312,16.1007,0.00065906,161.0,3.0,-8.060000000000055e-06,3.635999999999993e-05,0.8877323897751049,nickel_trial_1
192,nickel,1,90.9,1.0,1.0,8900.0,461.0,19.2007,-1.2153202935896719,-1.2751699756069734,metal,19312,16.1007,0.00065906,161.0,3.1000000000000014,-8.100000000000034e-06,3.625999999999998e-05,0.8663851167508028,nickel_trial_1
193,nickel,1,90.9,1.0,1.0,8900.0,461.0,19.300700000000003,-1.2308817436699742,-1.3544866929969979,metal,19312,16.1007,0.00065906,161.0,3.200000000000003,-8.160000000000003e-06,3.6119999999999946e-05,0.8379220860516945,nickel_trial_1
194,nickel,1,90.9,1.0,1.0,8900.0,461.0,19.40071,-1.2412560437235372,-1.4224724507598847,metal,19312,16.1007,0.00065906,161.0,3.3000100000000003,-8.200000000000091e-06,3.59999999999999e-05,0.8094590553526247,nickel_trial_1
195,nickel,1,90.9,1.0,1.0,8900.0,461.0,19.50066,-1.2412560437235372,-1.4791272488955727,metal,19312,16.1007,0.00065906,161.0,3.39996,-8.200000000000091e-06,3.589999999999995e-05,0.7738802669787876,nickel_trial_1
196,nickel,1,90.9,1.0,1.0,8900.0,461.0,19.600700000000003,-1.2620046438306067,-1.5471130066584595,metal,19312,16.1007,0.00065906,161.0,3.5000000000000036,-8.28000000000005e-06,3.5779999999999905e-05,0.7596487516292142,nickel_trial_1
197,nickel,1,90.9,1.0,1.0,8900.0,461.0,19.7007,-1.267191793857374,-1.59243684516701,metal,19312,16.1007,0.00065906,161.0,3.6000000000000014,-8.300000000000039e-06,3.5699999999999946e-05,0.7383014786049119,nickel_trial_1
198,nickel,1,90.9,1.0,1.0,8900.0,461.0,19.80066,-1.2775660939109088,-1.6490916433026976,metal,19312,16.1007,0.00065906,161.0,3.699960000000001,-8.340000000000018e-06,3.56e-05,0.7169542055806096,nickel_trial_1
199,nickel,1,90.9,1.0,1.0,8900.0,461.0,19.9007,-1.2931275439912393,-1.728408360692722,metal,19312,16.1007,0.00065906,161.0,3.8000000000000007,-8.400000000000096e-06,3.545999999999996e-05,0.68849117488154,nickel_trial_1
200,nickel,1,90.9,1.0,1.0,8900.0,461.0,20.0007,-1.2983146940180066,-1.796394118455609,metal,19312,16.1007,0.00065906,161.0,3.8999999999999986,-8.420000000000085e-06,3.5339999999999916e-05,0.6529123865076643,nickel_trial_1
201,nickel,1,90.9,1.0,1.0,8900.0,461.0,20.100700000000003,-1.3086889940715414,-1.853048916591297,metal,19312,16.1007,0.00065906,161.0,4.0000000000000036,-8.460000000000065e-06,3.523999999999997e-05,0.631565113483362,nickel_trial_1
202,nickel,1,90.9,1.0,1.0,8900.0,461.0,20.2007,-1.3138761440983089,-1.8983727550999085,metal,19312,16.1007,0.00065906,161.0,4.100000000000001,-8.480000000000054e-06,3.51599999999999e-05,0.6102178404590212,nickel_trial_1
203,nickel,1,90.9,1.0,1.0,8900.0,461.0,20.30066,-1.3190632941250762,-1.9550275532355965,metal,19312,16.1007,0.00065906,161.0,4.199960000000001,-8.500000000000044e-06,3.505999999999995e-05,0.5817548097599514,nickel_trial_1
204,nickel,1,90.9,1.0,1.0,8900.0,461.0,20.4007,-1.329437594178611,-2.034344270625621,metal,19312,16.1007,0.00065906,161.0,4.300000000000001,-8.540000000000023e-06,3.4919999999999916e-05,0.5461760213860758,nickel_trial_1
205,nickel,1,90.9,1.0,1.0,8900.0,461.0,20.500660000000003,-1.3398118942321458,-2.0909990687613087,metal,19312,16.1007,0.00065906,161.0,4.399960000000004,-8.580000000000003e-06,3.481999999999997e-05,0.5248287483617735,nickel_trial_1
206,nickel,1,90.9,1.0,1.0,8900.0,461.0,20.60066,-1.3398118942321458,-2.1589848265241955,metal,19312,16.1007,0.00065906,161.0,4.4999600000000015,-8.580000000000003e-06,3.469999999999992e-05,0.48213420231313037,nickel_trial_1
207,nickel,1,90.9,1.0,1.0,8900.0,461.0,20.700660000000003,-1.3553733443124762,-2.204308665032746,metal,19312,16.1007,0.00065906,161.0,4.599960000000003,-8.64000000000008e-06,3.461999999999996e-05,0.47501844463840154,nickel_trial_1
208,nickel,1,90.9,1.0,1.0,8900.0,461.0,20.80066,-1.3605604943392435,-2.2496325035412963,metal,19312,16.1007,0.00065906,161.0,4.699960000000001,-8.66000000000007e-06,3.4540000000000005e-05,0.45367117161409926,nickel_trial_1
209,nickel,1,90.9,1.0,1.0,8900.0,461.0,20.9007,-1.3605604943392435,-2.317618261304183,metal,19312,16.1007,0.00065906,161.0,4.800000000000001,-8.66000000000007e-06,3.441999999999996e-05,0.41097662556545617,nickel_trial_1
210,nickel,1,90.9,1.0,1.0,8900.0,461.0,21.0007,-1.3709347943927783,-2.3516111401855957,metal,19312,16.1007,0.00065906,161.0,4.899999999999999,-8.700000000000049e-06,3.435999999999999e-05,0.4038608678906887,nickel_trial_1
211,nickel,1,90.9,1.0,1.0,8900.0,461.0,21.100700000000003,-1.3761219444195458,-2.4195968979484825,metal,19312,16.1007,0.00065906,161.0,5.0000000000000036,-8.720000000000038e-06,3.423999999999994e-05,0.368282079516813,nickel_trial_1
99,nickel,2,90.9,1.0,1.0,8900.0,461.0,9.9007,0.9995927678411625,0.2091857355487859,metal,19312,9.9007,0.0006595,99.0,0.0,0.0,3.843999999999994e-05,-1.2398791549814734,nickel_trial_2
100,nickel,2,90.9,1.0,1.0,8900.0,461.0,10.0007,0.994405617814395,0.18652381629451073,metal,19312,9.9007,0.0006595,99.0,0.09999999999999964,-1.9999999999989644e-08,3.839999999999996e-05,-1.2469949126562407,nickel_trial_2
101,nickel,2,90.9,1.0,1.0,8900.0,461.0,10.10066,0.9684698676805299,0.18652381629451073,metal,19312,9.9007,0.0006595,99.0,0.19995999999999903,-1.2000000000004628e-07,3.839999999999996e-05,-1.2114161242823651,nickel_trial_2
102,nickel,2,90.9,1.0,1.0,8900.0,461.0,10.20066,0.5898079157263125,0.005228462260248125,metal,19312,9.9007,0.0006595,99.0,0.29995999999999867,-1.5800000000000492e-06,3.8080000000000015e-05,-0.8058179368203905,nickel_trial_2
103,nickel,2,90.9,1.0,1.0,8900.0,461.0,10.3007,0.2733917640933322,-0.006102497366950874,metal,19312,9.9007,0.0006595,99.0,0.40000000000000036,-2.800000000000068e-06,3.805999999999992e-05,-0.3788724763341522,nickel_trial_2
104,nickel,2,90.9,1.0,1.0,8900.0,461.0,10.40066,0.014034262754821412,-0.006102497366950874,metal,19312,9.9007,0.0006595,99.0,0.49995999999999974,-3.8000000000000924e-06,3.805999999999992e-05,-0.023084592595588163,nickel_trial_2
105,nickel,2,90.9,1.0,1.0,8900.0,461.0,10.5007,-0.15195453810181986,0.005228462260248125,metal,19312,9.9007,0.0006595,99.0,0.5999999999999996,-4.440000000000086e-06,3.8080000000000015e-05,0.2117354106718911,nickel_trial_2
106,nickel,2,90.9,1.0,1.0,8900.0,461.0,10.600700000000002,-0.292007588824596,-0.006102497366950874,metal,19312,9.9007,0.0006595,99.0,0.7000000000000011,-4.9800000000000235e-06,3.805999999999992e-05,0.3967451102158827,nickel_trial_2
107,nickel,2,90.9,1.0,1.0,8900.0,461.0,10.70066,-0.40093773938676774,-0.017433456994088447,metal,19312,9.9007,0.0006595,99.0,0.7999599999999987,-5.400000000000023e-06,3.803999999999993e-05,0.5390602637113083,nickel_trial_2
108,nickel,2,90.9,1.0,1.0,8900.0,461.0,10.80066,-0.48911928984186986,-0.017433456994088447,metal,19312,9.9007,0.0006595,99.0,0.8999600000000001,-5.740000000000064e-06,3.803999999999993e-05,0.6600281441824317,nickel_trial_2
109,nickel,2,90.9,1.0,1.0,8900.0,461.0,10.9007,-0.566926540243409,-0.040095376248363596,metal,19312,9.9007,0.0006595,99.0,1.0,-6.040000000000017e-06,3.799999999999995e-05,0.7525329939544468,nickel_trial_2
110,nickel,2,90.9,1.0,1.0,8900.0,461.0,11.0007,-0.6239851905378786,-0.040095376248363596,metal,19312,9.9007,0.0006595,99.0,1.0999999999999996,-6.260000000000011e-06,3.799999999999995e-05,0.830806328376927,nickel_trial_2
111,nickel,2,90.9,1.0,1.0,8900.0,461.0,11.10066,-0.6914181408858829,-0.05142633587550117,metal,19312,9.9007,0.0006595,99.0,1.199959999999999,-6.519999999999985e-06,3.797999999999996e-05,0.9161954204741747,nickel_trial_2
112,nickel,2,90.9,1.0,1.0,8900.0,461.0,11.2007,-0.7329153411000503,-0.09675017438405147,metal,19312,9.9007,0.0006595,99.0,1.299999999999999,-6.680000000000011e-06,3.79e-05,0.944658451173283,nickel_trial_2
113,nickel,2,90.9,1.0,1.0,8900.0,461.0,11.3007,-0.7744125413142177,-0.13074305326552563,metal,19312,9.9007,0.0006595,99.0,1.4000000000000004,-6.840000000000036e-06,3.783999999999992e-05,0.98023723954712,nickel_trial_2
114,nickel,2,90.9,1.0,1.0,8900.0,461.0,11.4007,-0.815909741528385,-0.1420740128926632,metal,19312,9.9007,0.0006595,99.0,1.5,-7.000000000000062e-06,3.781999999999993e-05,1.0300475432705307,nickel_trial_2
115,nickel,2,90.9,1.0,1.0,8900.0,461.0,11.500660000000002,-0.8522197917157568,-0.19872881102835105,metal,19312,9.9007,0.0006595,99.0,1.5999600000000012,-7.139999999999989e-06,3.7719999999999984e-05,1.0442790586200654,nickel_trial_2
116,nickel,2,90.9,1.0,1.0,8900.0,461.0,11.600700000000002,-0.8833426918763894,-0.2213907302826262,metal,19312,9.9007,0.0006595,99.0,1.700000000000001,-7.2600000000000355e-06,3.7680000000000005e-05,1.0727420893191737,nickel_trial_2
117,nickel,2,90.9,1.0,1.0,8900.0,461.0,11.7007,-0.9092784420102545,-0.2780455284183755,metal,19312,9.9007,0.0006595,99.0,1.799999999999999,-7.360000000000092e-06,3.757999999999995e-05,1.0727420893191737,nickel_trial_2
118,nickel,2,90.9,1.0,1.0,8900.0,461.0,11.8007,-0.9455884921976263,-0.3347003265540634,metal,19312,9.9007,0.0006595,99.0,1.9000000000000004,-7.50000000000002e-06,3.748e-05,1.0869736046687086,nickel_trial_2
119,nickel,2,90.9,1.0,1.0,8900.0,461.0,11.90066,-0.9715242423314915,-0.3800241650626751,metal,19312,9.9007,0.0006595,99.0,1.9999599999999997,-7.600000000000076e-06,3.739999999999993e-05,1.094089362343476,nickel_trial_2
120,nickel,2,90.9,1.0,1.0,8900.0,461.0,12.0007,-0.9974599924653285,-0.43667896319836297,metal,19312,9.9007,0.0006595,99.0,2.0999999999999996,-7.700000000000025e-06,3.7299999999999985e-05,1.094089362343476,nickel_trial_2
121,nickel,2,90.9,1.0,1.0,8900.0,461.0,12.100700000000002,-1.0130214425456308,-0.4933337613341123,metal,19312,9.9007,0.0006595,99.0,2.200000000000001,-7.759999999999993e-06,3.719999999999993e-05,1.0798578469939026,nickel_trial_2
122,nickel,2,90.9,1.0,1.0,8900.0,461.0,12.2007,-1.0337700426527285,-0.5726504787240753,metal,19312,9.9007,0.0006595,99.0,2.299999999999999,-7.84000000000006e-06,3.706e-05,1.058510573969639,nickel_trial_2
123,nickel,2,90.9,1.0,1.0,8900.0,461.0,12.3007,-1.0545186427597981,-0.6293052768598246,metal,19312,9.9007,0.0006595,99.0,2.4000000000000004,-7.920000000000019e-06,3.6959999999999944e-05,1.0513948162948328,nickel_trial_2
124,nickel,2,90.9,1.0,1.0,8900.0,461.0,12.4007,-1.0700800928401002,-0.6632981557412373,metal,19312,9.9007,0.0006595,99.0,2.5,-7.979999999999988e-06,3.6899999999999975e-05,1.0513948162948328,nickel_trial_2
125,nickel,2,90.9,1.0,1.0,8900.0,461.0,12.500660000000002,-1.090828692947198,-0.7312839135041241,metal,19312,9.9007,0.0006595,99.0,2.599960000000001,-8.060000000000055e-06,3.677999999999993e-05,1.037163300945298,nickel_trial_2
126,nickel,2,90.9,1.0,1.0,8900.0,461.0,12.60066,-1.1115772930542676,-0.787938711639812,metal,19312,9.9007,0.0006595,99.0,2.699959999999999,-8.140000000000014e-06,3.667999999999998e-05,1.0300475432705307,nickel_trial_2
127,nickel,2,90.9,1.0,1.0,8900.0,461.0,12.70066,-1.1219515931078023,-0.8672554290298365,metal,19312,9.9007,0.0006595,99.0,2.7999599999999987,-8.179999999999993e-06,3.6539999999999945e-05,0.9944687548966549,nickel_trial_2
128,nickel,2,90.9,1.0,1.0,8900.0,461.0,12.8007,-1.1375130431881328,-0.9352411867926619,metal,19312,9.9007,0.0006595,99.0,2.9000000000000004,-8.24000000000007e-06,3.642000000000001e-05,0.9731214818723912,nickel_trial_2
129,nickel,2,90.9,1.0,1.0,8900.0,461.0,12.90066,-1.1478873432416676,-1.0032269445555488,metal,19312,9.9007,0.0006595,99.0,2.9999599999999997,-8.28000000000005e-06,3.629999999999996e-05,0.944658451173283,nickel_trial_2
130,nickel,2,90.9,1.0,1.0,8900.0,461.0,13.000700000000002,-1.1582616432952024,-1.0712127023184357,metal,19312,9.9007,0.0006595,99.0,3.1000000000000014,-8.320000000000029e-06,3.6179999999999914e-05,0.9161954204741747,nickel_trial_2
131,nickel,2,90.9,1.0,1.0,8900.0,461.0,13.100700000000002,-1.1686359433487372,-1.1278675004541237,metal,19312,9.9007,0.0006595,99.0,3.200000000000001,-8.360000000000008e-06,3.6079999999999966e-05,0.8948481474498724,nickel_trial_2
132,nickel,2,90.9,1.0,1.0,8900.0,461.0,13.2007,-1.1841973934290675,-1.184522298589873,metal,19312,9.9007,0.0006595,99.0,3.299999999999999,-8.420000000000085e-06,3.597999999999991e-05,0.8806166321003376,nickel_trial_2
133,nickel,2,90.9,1.0,1.0,8900.0,461.0,13.30066,-1.1945716934826023,-1.2411770967255606,metal,19312,9.9007,0.0006595,99.0,3.39996,-8.460000000000065e-06,3.587999999999996e-05,0.8592693590760353,nickel_trial_2
134,nickel,2,90.9,1.0,1.0,8900.0,461.0,13.4007,-1.204945993536137,-1.320493814115585,metal,19312,9.9007,0.0006595,99.0,3.5,-8.500000000000044e-06,3.5739999999999925e-05,0.8236905707021596,nickel_trial_2
135,nickel,2,90.9,1.0,1.0,8900.0,461.0,13.500700000000002,-1.2205074436164394,-1.3884795718784106,metal,19312,9.9007,0.0006595,99.0,3.6000000000000014,-8.560000000000013e-06,3.561999999999999e-05,0.8023432976778573,nickel_trial_2
136,nickel,2,90.9,1.0,1.0,8900.0,461.0,13.600700000000002,-1.2256945936432067,-1.4338034103870223,metal,19312,9.9007,0.0006595,99.0,3.700000000000001,-8.580000000000003e-06,3.553999999999992e-05,0.7809960246535165,nickel_trial_2
137,nickel,2,90.9,1.0,1.0,8900.0,461.0,13.7007,-1.2360688936967696,-1.5017891681498479,metal,19312,9.9007,0.0006595,99.0,3.799999999999999,-8.62000000000009e-06,3.541999999999998e-05,0.7525329939544854,nickel_trial_2
138,nickel,2,90.9,1.0,1.0,8900.0,461.0,13.80066,-1.2412560437235372,-1.5811058855398723,metal,19312,9.9007,0.0006595,99.0,3.89996,-8.64000000000008e-06,3.527999999999995e-05,0.7098384479058423,nickel_trial_2
139,nickel,2,90.9,1.0,1.0,8900.0,461.0,13.900660000000002,-1.251630343777072,-1.63776068367556,metal,19312,9.9007,0.0006595,99.0,3.9999600000000015,-8.68000000000006e-06,3.518e-05,0.68849117488154,nickel_trial_2
140,nickel,2,90.9,1.0,1.0,8900.0,461.0,14.000700000000002,-1.267191793857374,-1.6830845221841717,metal,19312,9.9007,0.0006595,99.0,4.100000000000001,-8.740000000000028e-06,3.509999999999993e-05,0.681375417206734,nickel_trial_2
141,nickel,2,90.9,1.0,1.0,8900.0,461.0,14.10066,-1.2723789438841415,-1.7397393203198597,metal,19312,9.9007,0.0006595,99.0,4.199959999999999,-8.760000000000018e-06,3.499999999999998e-05,0.6529123865076643,nickel_trial_2
142,nickel,2,90.9,1.0,1.0,8900.0,461.0,14.20066,-1.2775660939109088,-1.8077250780827465,metal,19312,9.9007,0.0006595,99.0,4.299959999999999,-8.780000000000007e-06,3.487999999999994e-05,0.6173335981337886,nickel_trial_2
143,nickel,2,90.9,1.0,1.0,8900.0,461.0,14.30066,-1.2879403939644436,-1.8870417954727097,metal,19312,9.9007,0.0006595,99.0,4.39996,-8.819999999999987e-06,3.474000000000001e-05,0.5817548097599514,nickel_trial_2
144,nickel,2,90.9,1.0,1.0,8900.0,461.0,14.4007,-1.2983146940180066,-1.9210346743541837,metal,19312,9.9007,0.0006595,99.0,4.5,-8.860000000000074e-06,3.467999999999993e-05,0.5746390520851841,nickel_trial_2
145,nickel,2,90.9,1.0,1.0,8900.0,461.0,14.500700000000002,-1.2983146940180066,-1.9776894724898715,metal,19312,9.9007,0.0006595,99.0,4.600000000000001,-8.860000000000074e-06,3.4579999999999984e-05,0.539060263711347,nickel_trial_2
146,nickel,2,90.9,1.0,1.0,8900.0,461.0,14.60066,-1.3086889940715414,-2.0456752302527583,metal,19312,9.9007,0.0006595,99.0,4.699959999999999,-8.900000000000054e-06,3.445999999999994e-05,0.5105972330122387,nickel_trial_2
147,nickel,2,90.9,1.0,1.0,8900.0,461.0,14.7007,-1.3138761440983089,-2.0909990687613087,metal,19312,9.9007,0.0006595,99.0,4.799999999999999,-8.920000000000043e-06,3.437999999999998e-05,0.48924995998793636,nickel_trial_2
148,nickel,2,90.9,1.0,1.0,8900.0,461.0,14.8007,-1.3190632941250762,-2.1363229072699204,metal,19312,9.9007,0.0006595,99.0,4.9,-8.940000000000033e-06,3.429999999999991e-05,0.46790268696359555,nickel_trial_2
149,nickel,2,90.9,1.0,1.0,8900.0,461.0,14.9007,-1.329437594178611,-2.1929777054056085,metal,19312,9.9007,0.0006595,99.0,5.0,-8.980000000000012e-06,3.4199999999999964e-05,0.44655541393929327,nickel_trial_2
101,nickel,3,90.9,1.0,1.0,8900.0,461.0,10.100700000000002,0.7402352665026516,-0.47067184207983714,metal,19312,10.100700000000002,0.0006585,101.0,0.0,0.0,3.823999999999993e-05,-1.3110367317291862,nickel_trial_3
102,nickel,3,90.9,1.0,1.0,8900.0,461.0,10.2007,0.745422416529419,-0.4593408824526381,metal,19312,10.100700000000002,0.0006585,101.0,0.09999999999999787,1.9999999999989644e-08,3.826000000000003e-05,-1.3110367317291476,nickel_trial_3
103,nickel,3,90.9,1.0,1.0,8900.0,461.0,10.30066,0.7661710166364887,-0.4820028017069747,metal,19312,10.100700000000002,0.0006585,101.0,0.19995999999999903,9.999999999994822e-08,3.821999999999994e-05,-1.3537312777777908,nickel_trial_3
104,nickel,3,90.9,1.0,1.0,8900.0,461.0,10.4007,0.3875090646822713,-0.6066433576055494,metal,19312,10.100700000000002,0.0006585,101.0,0.29999999999999893,-1.3600000000000547e-06,3.799999999999995e-05,-0.9125543019419791,nickel_trial_3
105,nickel,3,90.9,1.0,1.0,8900.0,461.0,10.5007,0.034782862861919145,-0.6066433576055494,metal,19312,10.100700000000002,0.0006585,101.0,0.3999999999999986,-2.720000000000001e-06,3.799999999999995e-05,-0.4286827800575628,nickel_trial_3
106,nickel,3,90.9,1.0,1.0,8900.0,461.0,10.600700000000002,-0.20382603836952204,-0.617974317232687,metal,19312,10.100700000000002,0.0006585,101.0,0.5,-3.640000000000067e-06,3.797999999999996e-05,-0.10847368469283582,nickel_trial_3
107,nickel,3,90.9,1.0,1.0,8900.0,461.0,10.70066,-0.3646276891993678,-0.617974317232687,metal,19312,10.100700000000002,0.0006585,101.0,0.5999599999999976,-4.259999999999963e-06,3.797999999999996e-05,0.11211480322503146,nickel_trial_3
108,nickel,3,90.9,1.0,1.0,8900.0,461.0,10.8007,-0.49949358989540465,-0.617974317232687,metal,19312,10.100700000000002,0.0006585,101.0,0.6999999999999993,-4.780000000000019e-06,3.797999999999996e-05,0.2971245027691002,nickel_trial_3
109,nickel,3,90.9,1.0,1.0,8900.0,461.0,10.90066,-0.5980494404040415,-0.617974317232687,metal,19312,10.100700000000002,0.0006585,101.0,0.7999599999999987,-5.160000000000039e-06,3.797999999999996e-05,0.4323238985897584,nickel_trial_3
110,nickel,3,90.9,1.0,1.0,8900.0,461.0,11.000660000000002,-0.6758566908055808,-0.6293052768598246,metal,19312,10.100700000000002,0.0006585,101.0,0.8999600000000001,-5.459999999999992e-06,3.795999999999997e-05,0.531944506036541,nickel_trial_3
111,nickel,3,90.9,1.0,1.0,8900.0,461.0,11.100700000000002,-0.7536639412071481,-0.6293052768598246,metal,19312,10.100700000000002,0.0006585,101.0,1.0,-5.760000000000053e-06,3.795999999999997e-05,0.6386808711581294,nickel_trial_3
112,nickel,3,90.9,1.0,1.0,8900.0,461.0,11.20066,-0.8055354414748502,-0.6519671961140997,metal,19312,10.100700000000002,0.0006585,101.0,1.0999599999999976,-5.960000000000058e-06,3.791999999999999e-05,0.6956069325563073,nickel_trial_3
113,nickel,3,90.9,1.0,1.0,8900.0,461.0,11.30066,-0.8522197917157568,-0.6519671961140997,metal,19312,10.100700000000002,0.0006585,101.0,1.199959999999999,-6.139999999999965e-06,3.791999999999999e-05,0.7596487516292142,nickel_trial_3
114,nickel,3,90.9,1.0,1.0,8900.0,461.0,11.4007,-0.8989041419566915,-0.6859600749955125,metal,19312,10.100700000000002,0.0006585,101.0,1.299999999999999,-6.31999999999998e-06,3.786000000000002e-05,0.8023432976778573,nickel_trial_3
115,nickel,3,90.9,1.0,1.0,8900.0,461.0,11.5007,-0.9404013421708589,-0.6972910346226501,metal,19312,10.100700000000002,0.0006585,101.0,1.3999999999999986,-6.480000000000006e-06,3.784000000000003e-05,0.8521536014012678,nickel_trial_3
116,nickel,3,90.9,1.0,1.0,8900.0,461.0,11.600700000000002,-0.9767113923582589,-0.7312839135041241,metal,19312,10.100700000000002,0.0006585,101.0,1.5,-6.620000000000042e-06,3.777999999999995e-05,0.8806166321003376,nickel_trial_3
117,nickel,3,90.9,1.0,1.0,8900.0,461.0,11.7007,-1.0078342925188633,-0.7766077520126745,metal,19312,10.100700000000002,0.0006585,101.0,1.5999999999999979,-6.7399999999999795e-06,3.7699999999999995e-05,0.8948481474498724,nickel_trial_3
118,nickel,3,90.9,1.0,1.0,8900.0,461.0,11.80066,-1.0389571926794958,-0.8219315905212248,metal,19312,10.100700000000002,0.0006585,101.0,1.699959999999999,-6.860000000000026e-06,3.7620000000000036e-05,0.9090796627994459,nickel_trial_3
119,nickel,3,90.9,1.0,1.0,8900.0,461.0,11.9007,-1.064892942813333,-0.8445935097755614,metal,19312,10.100700000000002,0.0006585,101.0,1.799999999999999,-6.959999999999974e-06,3.757999999999995e-05,0.9304269358237095,nickel_trial_3
120,nickel,3,90.9,1.0,1.0,8900.0,461.0,12.0007,-1.0856415429204307,-0.9012483079112492,metal,19312,10.100700000000002,0.0006585,101.0,1.8999999999999986,-7.040000000000041e-06,3.748e-05,0.9233111781489807,nickel_trial_3
121,nickel,3,90.9,1.0,1.0,8900.0,461.0,12.100700000000002,-1.1063901430275003,-0.946572146419861,metal,19312,10.100700000000002,0.0006585,101.0,2.0,-7.12e-06,3.739999999999993e-05,0.9233111781489421,nickel_trial_3
122,nickel,3,90.9,1.0,1.0,8900.0,461.0,12.20066,-1.127138743134598,-1.0032269445555488,metal,19312,10.100700000000002,0.0006585,101.0,2.0999599999999976,-7.200000000000067e-06,3.7299999999999985e-05,0.9161954204742132,nickel_trial_3
123,nickel,3,90.9,1.0,1.0,8900.0,461.0,12.3007,-1.1478873432416676,-1.0598817426912366,metal,19312,10.100700000000002,0.0006585,101.0,2.1999999999999993,-7.280000000000025e-06,3.720000000000004e-05,0.9090796627994459,nickel_trial_3
124,nickel,3,90.9,1.0,1.0,8900.0,461.0,12.4007,-1.1634487933219697,-1.1052055811998485,metal,19312,10.100700000000002,0.0006585,101.0,2.299999999999999,-7.339999999999994e-06,3.711999999999997e-05,0.9019639051246399,nickel_trial_3
125,nickel,3,90.9,1.0,1.0,8900.0,461.0,12.5007,-1.179010243402272,-1.1731913389626738,metal,19312,10.100700000000002,0.0006585,101.0,2.3999999999999986,-7.399999999999963e-06,3.700000000000003e-05,0.8806166321003376,nickel_trial_3
126,nickel,3,90.9,1.0,1.0,8900.0,461.0,12.600700000000002,-1.1997588435093698,-1.229846137098423,metal,19312,10.100700000000002,0.0006585,101.0,2.5,-7.48000000000003e-06,3.6899999999999975e-05,0.8735008744255701,nickel_trial_3
127,nickel,3,90.9,1.0,1.0,8900.0,461.0,12.70066,-1.204945993536137,-1.2751699756069734,metal,19312,10.100700000000002,0.0006585,101.0,2.5999599999999976,-7.50000000000002e-06,3.682000000000002e-05,0.8521536014012678,nickel_trial_3
128,nickel,3,90.9,1.0,1.0,8900.0,461.0,12.80066,-1.2308817436699742,-1.3431557333698603,metal,19312,10.100700000000002,0.0006585,101.0,2.699959999999999,-7.599999999999968e-06,3.669999999999997e-05,0.8450378437264618,nickel_trial_3
129,nickel,3,90.9,1.0,1.0,8900.0,461.0,12.90066,-1.2412560437235372,-1.3998105315055482,metal,19312,10.100700000000002,0.0006585,101.0,2.7999599999999987,-7.640000000000056e-06,3.660000000000002e-05,0.8236905707021982,nickel_trial_3
130,nickel,3,90.9,1.0,1.0,8900.0,461.0,13.000660000000002,-1.2412560437235372,-1.4564653296412975,metal,19312,10.100700000000002,0.0006585,101.0,2.89996,-7.640000000000056e-06,3.6499999999999966e-05,0.7881117823283225,nickel_trial_3
131,nickel,3,90.9,1.0,1.0,8900.0,461.0,13.10066,-1.2620046438306067,-1.5244510874041228,metal,19312,10.100700000000002,0.0006585,101.0,2.999959999999998,-7.720000000000014e-06,3.638000000000003e-05,0.7738802669787876,nickel_trial_3
132,nickel,3,90.9,1.0,1.0,8900.0,461.0,13.20066,-1.267191793857374,-1.5697749259127347,metal,19312,10.100700000000002,0.0006585,101.0,3.0999599999999976,-7.740000000000004e-06,3.629999999999996e-05,0.7525329939544468,nickel_trial_3
133,nickel,3,90.9,1.0,1.0,8900.0,461.0,13.3007,-1.2827532439376763,-1.63776068367556,metal,19312,10.100700000000002,0.0006585,101.0,3.1999999999999993,-7.799999999999973e-06,3.618000000000002e-05,0.7311857209301446,nickel_trial_3
134,nickel,3,90.9,1.0,1.0,8900.0,461.0,13.4007,-1.2931275439912393,-1.6830845221841717,metal,19312,10.100700000000002,0.0006585,101.0,3.299999999999999,-7.84000000000006e-06,3.6099999999999956e-05,0.7169542055806096,nickel_trial_3
135,nickel,3,90.9,1.0,1.0,8900.0,461.0,13.500660000000002,-1.2983146940180066,-1.7624012395741349,metal,19312,10.100700000000002,0.0006585,101.0,3.39996,-7.86000000000005e-06,3.596000000000003e-05,0.6742596595320052,nickel_trial_3
136,nickel,3,90.9,1.0,1.0,8900.0,461.0,13.60066,-1.3086889940715414,-1.8077250780827465,metal,19312,10.100700000000002,0.0006585,101.0,3.499959999999998,-7.90000000000003e-06,3.587999999999996e-05,0.6600281441824317,nickel_trial_3
137,nickel,3,90.9,1.0,1.0,8900.0,461.0,13.70066,-1.3138761440983089,-1.875710835845572,metal,19312,10.100700000000002,0.0006585,101.0,3.5999599999999976,-7.920000000000019e-06,3.5760000000000024e-05,0.6244493558085946,nickel_trial_3
138,nickel,3,90.9,1.0,1.0,8900.0,461.0,13.80066,-1.3242504441518437,-1.9323656339813213,metal,19312,10.100700000000002,0.0006585,101.0,3.699959999999999,-7.959999999999998e-06,3.565999999999997e-05,0.6031020827842537,nickel_trial_3
139,nickel,3,90.9,1.0,1.0,8900.0,461.0,13.9007,-1.3346247442053785,-1.9776894724898715,metal,19312,10.100700000000002,0.0006585,101.0,3.799999999999999,-7.999999999999978e-06,3.558000000000001e-05,0.5888705674347189,nickel_trial_3
140,nickel,3,90.9,1.0,1.0,8900.0,461.0,14.000700000000002,-1.3398118942321458,-2.0456752302527583,metal,19312,10.100700000000002,0.0006585,101.0,3.9000000000000004,-8.019999999999967e-06,3.545999999999996e-05,0.5532917790608431,nickel_trial_3
141,nickel,3,90.9,1.0,1.0,8900.0,461.0,14.100700000000002,-1.3449990442589415,-2.0909990687613087,metal,19312,10.100700000000002,0.0006585,101.0,4.0,-8.040000000000065e-06,3.5380000000000003e-05,0.5319445060365795,nickel_trial_3
142,nickel,3,90.9,1.0,1.0,8900.0,461.0,14.20066,-1.3553733443124762,-2.1589848265241955,metal,19312,10.100700000000002,0.0006585,101.0,4.099959999999998,-8.080000000000045e-06,3.525999999999996e-05,0.5034814753374712,nickel_trial_3
143,nickel,3,90.9,1.0,1.0,8900.0,461.0,14.30066,-1.3605604943392435,-2.204308665032746,metal,19312,10.100700000000002,0.0006585,101.0,4.199959999999999,-8.100000000000034e-06,3.518e-05,0.48213420231316895,nickel_trial_3
144,nickel,3,90.9,1.0,1.0,8900.0,461.0,14.4007,-1.365747644366011,-2.2609634631684954,metal,19312,10.100700000000002,0.0006585,101.0,4.299999999999999,-8.120000000000024e-06,3.507999999999994e-05,0.4536711716140607,nickel_trial_3
145,nickel,3,90.9,1.0,1.0,8900.0,461.0,14.500660000000002,-1.3761219444195458,-2.317618261304183,metal,19312,10.100700000000002,0.0006585,101.0,4.39996,-8.160000000000003e-06,3.4979999999999994e-05,0.4323238985897584,nickel_trial_3
146,nickel,3,90.9,1.0,1.0,8900.0,461.0,14.60066,-1.3864962444730806,-2.3629420998127335,metal,19312,10.100700000000002,0.0006585,101.0,4.499959999999998,-8.199999999999982e-06,3.4900000000000035e-05,0.4180923832402236,nickel_trial_3
147,nickel,3,90.9,1.0,1.0,8900.0,461.0,14.70066,-1.3864962444730806,-2.4195968979484825,metal,19312,10.100700000000002,0.0006585,101.0,4.599959999999998,-8.199999999999982e-06,3.479999999999998e-05,0.3825135948663479,nickel_trial_3
148,nickel,3,90.9,1.0,1.0,8900.0,461.0,14.8007,-1.3916833944998481,-2.4875826557113694,metal,19312,10.100700000000002,0.0006585,101.0,4.699999999999999,-8.219999999999972e-06,3.467999999999993e-05,0.34693480649247216,nickel_trial_3
149,nickel,3,90.9,1.0,1.0,8900.0,461.0,14.9007,-1.4072448445801784,-2.5329064942199198,metal,19312,10.100700000000002,0.0006585,101.0,4.799999999999999,-8.28000000000005e-06,3.4599999999999974e-05,0.33981904881774333,nickel_trial_3
150,nickel,3,90.9,1.0,1.0,8900.0,461.0,15.000700000000002,-1.4072448445801784,-2.57823033272847,metal,19312,10.100700000000002,0.0006585,101.0,4.9,-8.28000000000005e-06,3.4520000000000015e-05,0.31135601811867364,nickel_trial_3
151,nickel,3,90.9,1.0,1.0,8900.0,461.0,15.10066,-1.4072448445801784,-2.623554171237082,metal,19312,10.100700000000002,0.0006585,101.0,4.999959999999998,-8.28000000000005e-06,3.443999999999995e-05,0.28289298741956537,nickel_trial_3
152,nickel,3,90.9,1.0,1.0,8900.0,461.0,15.20066,-1.4228062946604805,-2.668878009745632,metal,19312,10.100700000000002,0.0006585,101.0,5.099959999999998,-8.340000000000018e-06,3.435999999999999e-05,0.27577722974479796,nickel_trial_3
112,nickel,4,90.9,1.0,1.0,8900.0,461.0,11.2007,1.020341367948232,0.9456981113130968,metal,19312,11.2007,0.00065958,112.0,0.0,0.0,3.9659999999999956e-05,-0.8058179368204291,nickel_trial_4
113,nickel,4,90.9,1.0,1.0,8900.0,461.0,11.30066,1.0151542179214645,0.9683600305674334,metal,19312,11.2007,0.00065958,112.0,0.09996000000000116,-1.9999999999989644e-08,3.9700000000000043e-05,-0.7844706637960882,nickel_trial_4
114,nickel,4,90.9,1.0,1.0,8900.0,461.0,11.4007,0.9995927678411625,0.9683600305674334,metal,19312,11.2007,0.00065958,112.0,0.20000000000000107,-7.999999999995858e-08,3.9700000000000043e-05,-0.763123390771786,nickel_trial_4
115,nickel,4,90.9,1.0,1.0,8900.0,461.0,11.500660000000002,0.7869196167435863,0.9343671516859592,metal,19312,11.2007,0.00065958,112.0,0.2999600000000022,-8.999999999999677e-07,3.9639999999999966e-05,-0.49272459913050815,nickel_trial_4
116,nickel,4,90.9,1.0,1.0,8900.0,461.0,11.60066,0.29414036420042994,0.8777123535502713,metal,19312,11.2007,0.00065958,112.0,0.3999600000000001,-2.7999999999999596e-06,3.954000000000002e-05,0.14769359159890716,nickel_trial_4
117,nickel,4,90.9,1.0,1.0,8900.0,461.0,11.7007,-0.006714337352248204,0.8663813939231337,metal,19312,11.2007,0.00065958,112.0,0.5,-3.9600000000000095e-06,3.952000000000003e-05,0.5532917790608818,nickel_trial_4
118,nickel,4,90.9,1.0,1.0,8900.0,461.0,11.8007,-0.20901318839628943,0.8663813939231337,metal,19312,11.2007,0.00065958,112.0,0.6000000000000014,-4.740000000000039e-06,3.952000000000003e-05,0.8308063283769656,nickel_trial_4
119,nickel,4,90.9,1.0,1.0,8900.0,461.0,11.90066,-0.3646276891993678,0.8663813939231337,metal,19312,11.2007,0.00065958,112.0,0.6999600000000008,-5.3399999999999455e-06,3.952000000000003e-05,1.0442790586200654,nickel_trial_4
120,nickel,4,90.9,1.0,1.0,8900.0,461.0,12.0007,-0.4735578397615395,0.8550504342959961,metal,19312,11.2007,0.00065958,112.0,0.8000000000000007,-5.759999999999945e-06,3.950000000000004e-05,1.186594212115491,nickel_trial_4
121,nickel,4,90.9,1.0,1.0,8900.0,461.0,12.100700000000002,-0.5721136902701764,0.8550504342959961,metal,19312,11.2007,0.00065958,112.0,0.9000000000000021,-6.139999999999965e-06,3.950000000000004e-05,1.3217936079361492,nickel_trial_4
122,nickel,4,90.9,1.0,1.0,8900.0,461.0,12.20066,-0.6551080906985112,0.8437194746688585,metal,19312,11.2007,0.00065958,112.0,0.9999599999999997,-6.460000000000016e-06,3.948000000000005e-05,1.4285299730577379,nickel_trial_4
123,nickel,4,90.9,1.0,1.0,8900.0,461.0,12.30066,-0.7173538910197481,0.821057555414522,metal,19312,11.2007,0.00065958,112.0,1.0999600000000012,-6.7e-06,3.943999999999996e-05,1.499687549805412,nickel_trial_4
124,nickel,4,90.9,1.0,1.0,8900.0,461.0,12.4007,-0.7795996913409851,0.8097265957873845,metal,19312,11.2007,0.00065958,112.0,1.200000000000001,-6.939999999999984e-06,3.941999999999997e-05,1.5779608842278923,nickel_trial_4
125,nickel,4,90.9,1.0,1.0,8900.0,461.0,12.5007,-0.8262840415819198,0.7870646765331093,metal,19312,11.2007,0.00065958,112.0,1.3000000000000007,-7.12e-06,3.937999999999999e-05,1.6277711879513028,nickel_trial_4
126,nickel,4,90.9,1.0,1.0,8900.0,461.0,12.60066,-0.8729683918228546,0.7530717976516966,metal,19312,11.2007,0.00065958,112.0,1.39996,-7.300000000000015e-06,3.932000000000002e-05,1.670465733999946,nickel_trial_4
127,nickel,4,90.9,1.0,1.0,8900.0,461.0,12.70066,-0.9092784420102545,0.7077479591430849,metal,19312,11.2007,0.00065958,112.0,1.4999599999999997,-7.440000000000051e-06,3.9239999999999956e-05,1.6918130070242483,nickel_trial_4
128,nickel,4,90.9,1.0,1.0,8900.0,461.0,12.8007,-0.9507756422243937,0.6850860398888097,metal,19312,11.2007,0.00065958,112.0,1.6000000000000014,-7.599999999999968e-06,3.919999999999998e-05,1.7345075530728526,nickel_trial_4
129,nickel,4,90.9,1.0,1.0,8900.0,461.0,12.9007,-0.9870856924117937,0.6171002821259842,metal,19312,11.2007,0.00065958,112.0,1.700000000000001,-7.740000000000004e-06,3.908000000000004e-05,1.7416233107476586,nickel_trial_4
130,nickel,4,90.9,1.0,1.0,8900.0,461.0,13.000700000000002,-1.0130214425456308,0.5717764436173726,metal,19312,11.2007,0.00065958,112.0,1.8000000000000025,-7.839999999999952e-06,3.899999999999997e-05,1.7487390684223876,nickel_trial_4
131,nickel,4,90.9,1.0,1.0,8900.0,461.0,13.10066,-1.0389571926794958,0.5264526051088222,metal,19312,11.2007,0.00065958,112.0,1.89996,-7.940000000000009e-06,3.8920000000000014e-05,1.7558548260971936,nickel_trial_4
132,nickel,4,90.9,1.0,1.0,8900.0,461.0,13.2007,-1.064892942813333,0.46979780697307294,metal,19312,11.2007,0.00065958,112.0,2.0,-8.039999999999957e-06,3.881999999999996e-05,1.755854826097155,nickel_trial_4
133,nickel,4,90.9,1.0,1.0,8900.0,461.0,13.3007,-1.0856415429204307,0.4131430088373851,metal,19312,11.2007,0.00065958,112.0,2.1000000000000014,-8.120000000000024e-06,3.872000000000001e-05,1.7487390684224262,nickel_trial_4
134,nickel,4,90.9,1.0,1.0,8900.0,461.0,13.4007,-1.1063901430275003,0.33382629144736065,metal,19312,11.2007,0.00065958,112.0,2.200000000000001,-8.199999999999982e-06,3.857999999999997e-05,1.7273917953980853,nickel_trial_4
135,nickel,4,90.9,1.0,1.0,8900.0,461.0,13.500700000000002,-1.127138743134598,0.2885024529388103,metal,19312,11.2007,0.00065958,112.0,2.3000000000000025,-8.28000000000005e-06,3.8500000000000014e-05,1.727391795398124,nickel_trial_4
136,nickel,4,90.9,1.0,1.0,8900.0,461.0,13.60066,-1.153074493268435,0.2091857355487859,metal,19312,11.2007,0.00065958,112.0,2.39996,-8.379999999999998e-06,3.835999999999998e-05,1.7131602800485504,nickel_trial_4
137,nickel,4,90.9,1.0,1.0,8900.0,461.0,13.7007,-1.1634487933219697,0.152530937413098,metal,19312,11.2007,0.00065958,112.0,2.5,-8.419999999999977e-06,3.826000000000003e-05,1.6918130070242483,nickel_trial_4
138,nickel,4,90.9,1.0,1.0,8900.0,461.0,13.8007,-1.1841973934290675,0.08454517965021115,metal,19312,11.2007,0.00065958,112.0,2.6000000000000014,-8.500000000000044e-06,3.8139999999999984e-05,1.6775814916747134,nickel_trial_4
139,nickel,4,90.9,1.0,1.0,8900.0,461.0,13.900660000000002,-1.1997588435093698,0.0165594218873857,metal,19312,11.2007,0.00065958,112.0,2.6999600000000026,-8.560000000000013e-06,3.8020000000000046e-05,1.656234218650411,nickel_trial_4
140,nickel,4,90.9,1.0,1.0,8900.0,461.0,14.000660000000002,-1.2101331435629046,-0.05142633587550117,metal,19312,11.2007,0.00065958,112.0,2.7999600000000022,-8.599999999999992e-06,3.79e-05,1.6277711879513028,nickel_trial_4
141,nickel,4,90.9,1.0,1.0,8900.0,461.0,14.100700000000002,-1.2308817436699742,-0.11941209363838805,metal,19312,11.2007,0.00065958,112.0,2.900000000000002,-8.67999999999995e-06,3.777999999999995e-05,1.6135396726017295,nickel_trial_4
142,nickel,4,90.9,1.0,1.0,8900.0,461.0,14.20066,-1.2412560437235372,-0.18739785140121348,metal,19312,11.2007,0.00065958,112.0,2.9999599999999997,-8.720000000000038e-06,3.7660000000000016e-05,1.5850766419026983,nickel_trial_4
143,nickel,4,90.9,1.0,1.0,8900.0,461.0,14.30066,-1.2568174938038392,-0.26671456879123795,metal,19312,11.2007,0.00065958,112.0,3.099960000000001,-8.780000000000007e-06,3.751999999999998e-05,1.55661361120359,nickel_trial_4
144,nickel,4,90.9,1.0,1.0,8900.0,461.0,14.400660000000002,-1.267191793857374,-0.34603128618120094,metal,19312,11.2007,0.00065958,112.0,3.1999600000000026,-8.819999999999987e-06,3.738000000000005e-05,1.5210348228297528,nickel_trial_4
145,nickel,4,90.9,1.0,1.0,8900.0,461.0,14.500700000000002,-1.2775660939109088,-0.40268608431695024,metal,19312,11.2007,0.00065958,112.0,3.3000000000000025,-8.859999999999966e-06,3.7279999999999995e-05,1.499687549805412,nickel_trial_4
146,nickel,4,90.9,1.0,1.0,8900.0,461.0,14.600700000000002,-1.2931275439912393,-0.47067184207983714,metal,19312,11.2007,0.00065958,112.0,3.400000000000002,-8.920000000000043e-06,3.715999999999995e-05,1.4783402767811098,nickel_trial_4
147,nickel,4,90.9,1.0,1.0,8900.0,461.0,14.70066,-1.2983146940180066,-0.5499885594698002,metal,19312,11.2007,0.00065958,112.0,3.4999599999999997,-8.940000000000033e-06,3.702000000000002e-05,1.4356457307325052,nickel_trial_4
148,nickel,4,90.9,1.0,1.0,8900.0,461.0,14.80066,-1.3138761440983089,-0.6066433576055494,metal,19312,11.2007,0.00065958,112.0,3.599960000000001,-9.000000000000002e-06,3.6919999999999965e-05,1.421414215382932,nickel_trial_4
149,nickel,4,90.9,1.0,1.0,8900.0,461.0,14.9007,-1.3190632941250762,-0.6632981557412373,metal,19312,11.2007,0.00065958,112.0,3.700000000000001,-9.019999999999992e-06,3.682000000000002e-05,1.392951184683862,nickel_trial_4
150,nickel,4,90.9,1.0,1.0,8900.0,461.0,15.000700000000002,-1.3242504441518437,-0.7426148731312617,metal,19312,11.2007,0.00065958,112.0,3.8000000000000025,-9.039999999999981e-06,3.667999999999998e-05,1.350256638635219,nickel_trial_4
151,nickel,4,90.9,1.0,1.0,8900.0,461.0,15.100700000000002,-1.3346247442053785,-0.8106006308940872,metal,19312,11.2007,0.00065958,112.0,3.900000000000002,-9.07999999999996e-06,3.656000000000004e-05,1.3217936079361492,nickel_trial_4
152,nickel,4,90.9,1.0,1.0,8900.0,461.0,15.2007,-1.3501861942857087,-0.8672554290298365,metal,19312,11.2007,0.00065958,112.0,4.0,-9.140000000000038e-06,3.6459999999999986e-05,1.3075620925866145,nickel_trial_4
153,nickel,4,90.9,1.0,1.0,8900.0,461.0,15.30066,-1.3501861942857087,-0.9352411867926619,metal,19312,11.2007,0.00065958,112.0,4.099960000000001,-9.140000000000038e-06,3.634000000000005e-05,1.26486754653801,nickel_trial_4
154,nickel,4,90.9,1.0,1.0,8900.0,461.0,15.4007,-1.3605604943392435,-0.9918959849284112,metal,19312,11.2007,0.00065958,112.0,4.200000000000001,-9.180000000000017e-06,3.623999999999999e-05,1.243520273513669,nickel_trial_4
155,nickel,4,90.9,1.0,1.0,8900.0,461.0,15.500700000000002,-1.3709347943927783,-1.0825436619455733,metal,19312,11.2007,0.00065958,112.0,4.3000000000000025,-9.219999999999996e-06,3.6079999999999966e-05,1.200825727465026,nickel_trial_4
156,nickel,4,90.9,1.0,1.0,8900.0,461.0,15.60066,-1.3813090944463131,-1.139198460081261,metal,19312,11.2007,0.00065958,112.0,4.39996,-9.259999999999976e-06,3.598000000000002e-05,1.1794784544407237,nickel_trial_4
157,nickel,4,90.9,1.0,1.0,8900.0,461.0,15.70066,-1.3813090944463131,-1.184522298589873,metal,19312,11.2007,0.00065958,112.0,4.49996,-9.259999999999976e-06,3.589999999999995e-05,1.1510154237416155,nickel_trial_4
158,nickel,4,90.9,1.0,1.0,8900.0,461.0,15.80066,-1.3968705445266154,-1.2525080563526982,metal,19312,11.2007,0.00065958,112.0,4.599960000000001,-9.319999999999945e-06,3.578000000000001e-05,1.1296681507173132,nickel_trial_4
159,nickel,4,90.9,1.0,1.0,8900.0,461.0,15.900660000000002,-1.4072448445801784,-1.3091628544884475,metal,19312,11.2007,0.00065958,112.0,4.699960000000003,-9.360000000000032e-06,3.5679999999999957e-05,1.108320877693011,nickel_trial_4
160,nickel,4,90.9,1.0,1.0,8900.0,461.0,16.000700000000002,-1.4072448445801784,-1.377148612251273,metal,19312,11.2007,0.00065958,112.0,4.8000000000000025,-9.360000000000032e-06,3.556000000000002e-05,1.0656263316444063,nickel_trial_4
161,nickel,4,90.9,1.0,1.0,8900.0,461.0,16.1007,-1.4176191446337132,-1.4338034103870223,metal,19312,11.2007,0.00065958,112.0,4.9,-9.400000000000012e-06,3.545999999999996e-05,1.0442790586200654,nickel_trial_4
162,nickel,4,90.9,1.0,1.0,8900.0,461.0,16.200660000000003,-1.4176191446337132,-1.4791272488955727,metal,19312,11.2007,0.00065958,112.0,4.999960000000003,-9.400000000000012e-06,3.5380000000000003e-05,1.0158160279209958,nickel_trial_4
163,nickel,4,90.9,1.0,1.0,8900.0,461.0,16.30066,-1.4331805947140153,-1.5471130066584595,metal,19312,11.2007,0.00065958,112.0,5.099960000000001,-9.45999999999998e-06,3.525999999999996e-05,0.9944687548966549,nickel_trial_4
105,nickel,5,90.9,1.0,1.0,8900.0,461.0,10.500660000000002,1.0307156680017668,0.9570290709402958,metal,19312,10.500660000000002,0.00065962,105.0,0.0,0.0,3.9640000000000074e-05,-0.812933694495158,nickel_trial_5
106,nickel,5,90.9,1.0,1.0,8900.0,461.0,10.60066,1.020341367948232,0.9570290709402958,metal,19312,10.500660000000002,0.00065962,105.0,0.09999999999999787,-3.999999999997929e-08,3.9640000000000074e-05,-0.7987021791456231,nickel_trial_5
107,nickel,5,90.9,1.0,1.0,8900.0,461.0,10.7007,1.0151542179214645,0.9456981113130968,metal,19312,10.500660000000002,0.00065962,105.0,0.20003999999999778,-5.999999999996893e-08,3.9619999999999976e-05,-0.7987021791456617,nickel_trial_5
108,nickel,5,90.9,1.0,1.0,8900.0,461.0,10.8007,0.906224067359293,0.8550504342959961,metal,19312,10.500660000000002,0.00065962,105.0,0.3000399999999992,-4.799999999999683e-07,3.946000000000006e-05,-0.706197329373608,nickel_trial_5
109,nickel,5,90.9,1.0,1.0,8900.0,461.0,10.90066,0.33045041438780176,0.7983956361602469,metal,19312,10.500660000000002,0.00065962,105.0,0.3999999999999986,-2.7000000000000114e-06,3.936e-05,0.04807298415212465,nickel_trial_5
110,nickel,5,90.9,1.0,1.0,8900.0,461.0,11.000660000000002,-0.006714337352248204,0.7983956361602469,metal,19312,10.500660000000002,0.00065962,105.0,0.5,-3.999999999999989e-06,3.936e-05,0.5105972330122387,nickel_trial_5
111,nickel,5,90.9,1.0,1.0,8900.0,461.0,11.10066,-0.21420033842305683,0.7757337169059717,metal,19312,10.500660000000002,0.00065962,105.0,0.5999999999999979,-4.800000000000008e-06,3.932000000000002e-05,0.7809960246535551,nickel_trial_5
112,nickel,5,90.9,1.0,1.0,8900.0,461.0,11.20066,-0.3698148392261633,0.7757337169059717,metal,19312,10.500660000000002,0.00065962,105.0,0.6999999999999975,-5.400000000000023e-06,3.932000000000002e-05,0.9944687548966935,nickel_trial_5
113,nickel,5,90.9,1.0,1.0,8900.0,461.0,11.30066,-0.49949358989540465,0.7757337169059717,metal,19312,10.500660000000002,0.00065962,105.0,0.7999999999999989,-5.899999999999981e-06,3.932000000000002e-05,1.1723626967659562,nickel_trial_5
114,nickel,5,90.9,1.0,1.0,8900.0,461.0,11.4007,-0.5928622903772741,0.7644027572788341,metal,19312,10.500660000000002,0.00065962,105.0,0.9000399999999988,-6.260000000000011e-06,3.9300000000000034e-05,1.2933305772370796,nickel_trial_5
115,nickel,5,90.9,1.0,1.0,8900.0,461.0,11.5007,-0.6810438408323481,0.7644027572788341,metal,19312,10.500660000000002,0.00065962,105.0,1.0000399999999985,-6.599999999999944e-06,3.9300000000000034e-05,1.4142984577081643,nickel_trial_5
116,nickel,5,90.9,1.0,1.0,8900.0,461.0,11.60066,-0.7432896411535851,0.7304098783974214,metal,19312,10.500660000000002,0.00065962,105.0,1.0999999999999979,-6.839999999999928e-06,3.9240000000000065e-05,1.4783402767811098,nickel_trial_5
117,nickel,5,90.9,1.0,1.0,8900.0,461.0,11.70066,-0.8003482914480546,0.7077479591430849,metal,19312,10.500660000000002,0.00065962,105.0,1.1999999999999975,-7.059999999999922e-06,3.919999999999998e-05,1.5423820958540166,nickel_trial_5
118,nickel,5,90.9,1.0,1.0,8900.0,461.0,11.80066,-0.8522197917157568,0.6964169995159473,metal,19312,10.500660000000002,0.00065962,105.0,1.299999999999999,-7.259999999999927e-06,3.917999999999999e-05,1.606423914926962,nickel_trial_5
119,nickel,5,90.9,1.0,1.0,8900.0,461.0,11.9007,-0.904091291983459,0.651093161007397,metal,19312,10.500660000000002,0.00065962,105.0,1.4000399999999988,-7.459999999999932e-06,3.910000000000003e-05,1.649118460975605,nickel_trial_5
120,nickel,5,90.9,1.0,1.0,8900.0,461.0,12.0007,-0.9404013421708589,0.6171002821259842,metal,19312,10.500660000000002,0.00065962,105.0,1.5000399999999985,-7.599999999999968e-06,3.904000000000006e-05,1.6775814916747134,nickel_trial_5
121,nickel,5,90.9,1.0,1.0,8900.0,461.0,12.100700000000002,-0.9818985423850263,0.5831074032445102,metal,19312,10.500660000000002,0.00065962,105.0,1.60004,-7.759999999999993e-06,3.897999999999998e-05,1.7131602800485504,nickel_trial_5
122,nickel,5,90.9,1.0,1.0,8900.0,461.0,12.2007,-1.0130214425456308,0.5264526051088222,metal,19312,10.500660000000002,0.00065962,105.0,1.7000399999999978,-7.879999999999931e-06,3.8880000000000034e-05,1.720276037723318,nickel_trial_5
123,nickel,5,90.9,1.0,1.0,8900.0,461.0,12.3007,-1.0389571926794958,0.45846684734593535,metal,19312,10.500660000000002,0.00065962,105.0,1.8000399999999992,-7.979999999999988e-06,3.875999999999999e-05,1.7131602800485504,nickel_trial_5
124,nickel,5,90.9,1.0,1.0,8900.0,461.0,12.4007,-1.0700800928401002,0.4244739684645226,metal,19312,10.500660000000002,0.00065962,105.0,1.9000399999999988,-8.099999999999926e-06,3.870000000000002e-05,1.7345075530728526,nickel_trial_5
125,nickel,5,90.9,1.0,1.0,8900.0,461.0,12.5007,-1.090828692947198,0.36781917032883477,metal,19312,10.500660000000002,0.00065962,105.0,2.0000399999999985,-8.179999999999993e-06,3.860000000000007e-05,1.727391795398124,nickel_trial_5
126,nickel,5,90.9,1.0,1.0,8900.0,461.0,12.60066,-1.1115772930542676,0.2998334125659479,metal,19312,10.500660000000002,0.00065962,105.0,2.099999999999998,-8.259999999999951e-06,3.8480000000000025e-05,1.7131602800485504,nickel_trial_5
127,nickel,5,90.9,1.0,1.0,8900.0,461.0,12.70067,-1.1375130431881328,0.23184765480306102,metal,19312,10.500660000000002,0.00065962,105.0,2.200009999999999,-8.360000000000008e-06,3.835999999999998e-05,1.706044522373783,nickel_trial_5
128,nickel,5,90.9,1.0,1.0,8900.0,461.0,12.8007,-1.153074493268435,0.17519285666737316,metal,19312,10.500660000000002,0.00065962,105.0,2.300039999999999,-8.419999999999977e-06,3.826000000000003e-05,1.6918130070242483,nickel_trial_5
129,nickel,5,90.9,1.0,1.0,8900.0,461.0,12.9007,-1.1738230933755045,0.11853805853162387,metal,19312,10.500660000000002,0.00065962,105.0,2.400039999999999,-8.499999999999936e-06,3.8159999999999973e-05,1.6846972493494423,nickel_trial_5
130,nickel,5,90.9,1.0,1.0,8900.0,461.0,13.000660000000002,-1.1945716934826023,0.027890381514523273,metal,19312,10.500660000000002,0.00065962,105.0,2.5,-8.580000000000003e-06,3.8000000000000056e-05,1.656234218650411,nickel_trial_5
131,nickel,5,90.9,1.0,1.0,8900.0,461.0,13.100700000000002,-1.204945993536137,-0.040095376248363596,metal,19312,10.500660000000002,0.00065962,105.0,2.60004,-8.619999999999982e-06,3.788000000000001e-05,1.6277711879513028,nickel_trial_5
132,nickel,5,90.9,1.0,1.0,8900.0,461.0,13.2007,-1.2205074436164394,-0.09675017438405147,metal,19312,10.500660000000002,0.00065962,105.0,2.7000399999999978,-8.67999999999995e-06,3.778000000000006e-05,1.613539672601768,nickel_trial_5
133,nickel,5,90.9,1.0,1.0,8900.0,461.0,13.3007,-1.2360688936967696,-0.16473593214693832,metal,19312,10.500660000000002,0.00065962,105.0,2.800039999999999,-8.740000000000028e-06,3.7660000000000016e-05,1.5921923995774656,nickel_trial_5
134,nickel,5,90.9,1.0,1.0,8900.0,461.0,13.40066,-1.2464431937503044,-0.2440526495369628,metal,19312,10.500660000000002,0.00065962,105.0,2.8999999999999986,-8.780000000000007e-06,3.751999999999998e-05,1.55661361120359,nickel_trial_5
135,nickel,5,90.9,1.0,1.0,8900.0,461.0,13.500700000000002,-1.267191793857374,-0.3120384072997882,metal,19312,10.500660000000002,0.00065962,105.0,3.0000400000000003,-8.859999999999966e-06,3.740000000000004e-05,1.542382095854055,nickel_trial_5
136,nickel,5,90.9,1.0,1.0,8900.0,461.0,13.600700000000002,-1.2775660939109088,-0.3800241650626751,metal,19312,10.500660000000002,0.00065962,105.0,3.10004,-8.899999999999945e-06,3.7279999999999995e-05,1.5139190651549468,nickel_trial_5
137,nickel,5,90.9,1.0,1.0,8900.0,461.0,13.70066,-1.2879403939644436,-0.44800992282550056,metal,19312,10.500660000000002,0.00065962,105.0,3.1999999999999975,-8.939999999999925e-06,3.716000000000006e-05,1.4854560344558772,nickel_trial_5
138,nickel,5,90.9,1.0,1.0,8900.0,461.0,13.8007,-1.2983146940180066,-0.527326640215525,metal,19312,10.500660000000002,0.00065962,105.0,3.300039999999999,-8.980000000000012e-06,3.702000000000002e-05,1.4498772460820402,nickel_trial_5
139,nickel,5,90.9,1.0,1.0,8900.0,461.0,13.900670000000002,-1.3138761440983089,-0.5839814383512129,metal,19312,10.500660000000002,0.00065962,105.0,3.40001,-9.039999999999981e-06,3.6920000000000073e-05,1.4356457307325052,nickel_trial_5
140,nickel,5,90.9,1.0,1.0,8900.0,461.0,14.000710000000002,-1.3190632941250762,-0.6519671961140997,metal,19312,10.500660000000002,0.00065962,105.0,3.50005,-9.059999999999971e-06,3.680000000000003e-05,1.4000669423586296,nickel_trial_5
141,nickel,5,90.9,1.0,1.0,8900.0,461.0,14.100700000000002,-1.3346247442053785,-0.7312839135041241,metal,19312,10.500660000000002,0.00065962,105.0,3.60004,-9.11999999999994e-06,3.665999999999999e-05,1.3716039116595213,nickel_trial_5
142,nickel,5,90.9,1.0,1.0,8900.0,461.0,14.2007,-1.3398118942321458,-0.7992696712669496,metal,19312,10.500660000000002,0.00065962,105.0,3.7000399999999978,-9.13999999999993e-06,3.654000000000005e-05,1.3360251232856841,nickel_trial_5
143,nickel,5,90.9,1.0,1.0,8900.0,461.0,14.30066,-1.3501861942857087,-0.8672554290298365,metal,19312,10.500660000000002,0.00065962,105.0,3.799999999999999,-9.180000000000017e-06,3.642000000000001e-05,1.3075620925866145,nickel_trial_5
144,nickel,5,90.9,1.0,1.0,8900.0,461.0,14.400670000000002,-1.3605604943392435,-0.9352411867926619,metal,19312,10.500660000000002,0.00065962,105.0,3.90001,-9.219999999999996e-06,3.630000000000007e-05,1.2790990618875449,nickel_trial_5
145,nickel,5,90.9,1.0,1.0,8900.0,461.0,14.500700000000002,-1.3709347943927783,-1.0032269445555488,metal,19312,10.500660000000002,0.00065962,105.0,4.00004,-9.259999999999976e-06,3.618000000000002e-05,1.2506360311884366,nickel_trial_5
146,nickel,5,90.9,1.0,1.0,8900.0,461.0,14.600700000000002,-1.3761219444195458,-1.0598817426912366,metal,19312,10.500660000000002,0.00065962,105.0,4.10004,-9.279999999999965e-06,3.6080000000000075e-05,1.2221730004893667,nickel_trial_5
147,nickel,5,90.9,1.0,1.0,8900.0,461.0,14.70066,-1.3864962444730806,-1.116536540826986,metal,19312,10.500660000000002,0.00065962,105.0,4.1999999999999975,-9.319999999999945e-06,3.598000000000002e-05,1.200825727465026,nickel_trial_5
148,nickel,5,90.9,1.0,1.0,8900.0,461.0,14.8007,-1.3916833944998481,-1.184522298589873,metal,19312,10.500660000000002,0.00065962,105.0,4.300039999999999,-9.339999999999934e-06,3.585999999999997e-05,1.1652469390911502,nickel_trial_5
149,nickel,5,90.9,1.0,1.0,8900.0,461.0,14.9007,-1.402057694553411,-1.2525080563526982,metal,19312,10.500660000000002,0.00065962,105.0,4.400039999999999,-9.380000000000022e-06,3.5740000000000034e-05,1.1367839083921192,nickel_trial_5
150,nickel,5,90.9,1.0,1.0,8900.0,461.0,15.000660000000002,-1.4124319946069457,-1.320493814115585,metal,19312,10.500660000000002,0.00065962,105.0,4.5,-9.420000000000001e-06,3.561999999999999e-05,1.108320877693011,nickel_trial_5
151,nickel,5,90.9,1.0,1.0,8900.0,461.0,15.100700000000002,-1.4124319946069457,-1.3884795718784106,metal,19312,10.500660000000002,0.00065962,105.0,4.60004,-9.420000000000001e-06,3.550000000000005e-05,1.0656263316444063,nickel_trial_5
152,nickel,5,90.9,1.0,1.0,8900.0,461.0,15.2007,-1.4228062946604805,-1.44513437001416,metal,19312,10.500660000000002,0.00065962,105.0,4.700039999999998,-9.45999999999998e-06,3.539999999999999e-05,1.0442790586200654,nickel_trial_5
153,nickel,5,90.9,1.0,1.0,8900.0,461.0,15.3007,-1.427993444687248,-1.5131201277769852,metal,19312,10.500660000000002,0.00065962,105.0,4.800039999999999,-9.47999999999997e-06,3.5280000000000055e-05,1.0087002702462284,nickel_trial_5
154,nickel,5,90.9,1.0,1.0,8900.0,461.0,15.4007,-1.4331805947140153,-1.5471130066584595,metal,19312,10.500660000000002,0.00065962,105.0,4.900039999999999,-9.49999999999996e-06,3.521999999999998e-05,0.9944687548966549,nickel_trial_5
155,nickel,5,90.9,1.0,1.0,8900.0,461.0,15.500660000000002,-1.4487420447943176,-1.6037678047941473,metal,19312,10.500660000000002,0.00065962,105.0,5.0,-9.559999999999929e-06,3.512000000000003e-05,0.98023723954712,nickel_trial_5
98,nickel,6,90.9,1.0,1.0,8900.0,461.0,9.8007,1.0255285179749993,0.9343671516859592,metal,19312,9.8007,0.0006596,98.0,0.0,0.0,3.9619999999999976e-05,-0.8200494521699639,nickel_trial_6
99,nickel,6,90.9,1.0,1.0,8900.0,461.0,9.90066,1.0099670678946973,0.9343671516859592,metal,19312,9.8007,0.0006596,98.0,0.09995999999999938,-5.999999999996893e-08,3.9619999999999976e-05,-0.7987021791456617,nickel_trial_6
100,nickel,6,90.9,1.0,1.0,8900.0,461.0,10.000660000000002,0.9840313177608321,0.9343671516859592,metal,19312,9.8007,0.0006596,98.0,0.1999600000000008,-1.6000000000002557e-07,3.9619999999999976e-05,-0.763123390771786,nickel_trial_6
101,nickel,6,90.9,1.0,1.0,8900.0,461.0,10.10066,0.8284168169577256,0.8550504342959961,metal,19312,9.8007,0.0006596,98.0,0.29995999999999867,-7.600000000000402e-07,3.948000000000005e-05,-0.5994609642520196,nickel_trial_6
102,nickel,6,90.9,1.0,1.0,8900.0,461.0,10.20066,0.283766064146867,0.8437194746688585,metal,19312,9.8007,0.0006596,98.0,0.3999599999999983,-2.860000000000037e-06,3.946000000000006e-05,0.1405778339241783,nickel_trial_6
103,nickel,6,90.9,1.0,1.0,8900.0,461.0,10.30066,-0.04302438753964815,0.821057555414522,metal,19312,9.8007,0.0006596,98.0,0.49995999999999974,-4.120000000000035e-06,3.941999999999997e-05,0.5746390520851841,nickel_trial_6
104,nickel,6,90.9,1.0,1.0,8900.0,461.0,10.40066,-0.24532323858366126,0.821057555414522,metal,19312,9.8007,0.0006596,98.0,0.5999599999999994,-4.8999999999999565e-06,3.941999999999997e-05,0.8521536014012293,nickel_trial_6
105,nickel,6,90.9,1.0,1.0,8900.0,461.0,10.5007,-0.40093773938676774,0.821057555414522,metal,19312,9.8007,0.0006596,98.0,0.6999999999999993,-5.499999999999971e-06,3.941999999999997e-05,1.0656263316443677,nickel_trial_6
106,nickel,6,90.9,1.0,1.0,8900.0,461.0,10.600700000000002,-0.5202421900024743,0.821057555414522,metal,19312,9.8007,0.0006596,98.0,0.8000000000000007,-5.95999999999995e-06,3.941999999999997e-05,1.2292887581640957,nickel_trial_6
107,nickel,6,90.9,1.0,1.0,8900.0,461.0,10.7007,-0.6084237404575764,0.7870646765331093,metal,19312,9.8007,0.0006596,98.0,0.8999999999999986,-6.2999999999999905e-06,3.936e-05,1.3289093656109168,nickel_trial_6
108,nickel,6,90.9,1.0,1.0,8900.0,461.0,10.80066,-0.6914181408858829,0.7757337169059717,metal,19312,9.8007,0.0006596,98.0,0.9999599999999997,-6.619999999999933e-06,3.934000000000001e-05,1.4356457307324666,nickel_trial_6
109,nickel,6,90.9,1.0,1.0,8900.0,461.0,10.9007,-0.7588510912339155,0.7870646765331093,metal,19312,9.8007,0.0006596,98.0,1.0999999999999996,-6.8800000000000154e-06,3.936e-05,1.5352663381792877,nickel_trial_6
110,nickel,6,90.9,1.0,1.0,8900.0,461.0,11.0007,-0.815909741528385,0.741740838024559,metal,19312,9.8007,0.0006596,98.0,1.1999999999999993,-7.10000000000001e-06,3.9280000000000044e-05,1.5850766419026983,nickel_trial_6
111,nickel,6,90.9,1.0,1.0,8900.0,461.0,11.100700000000002,-0.8677812417960872,0.7190789187702838,metal,19312,9.8007,0.0006596,98.0,1.3000000000000007,-7.300000000000015e-06,3.9240000000000065e-05,1.6420027033008762,nickel_trial_6
112,nickel,6,90.9,1.0,1.0,8900.0,461.0,11.20066,-0.9196527420637893,0.6964169995159473,metal,19312,9.8007,0.0006596,98.0,1.3999599999999983,-7.50000000000002e-06,3.919999999999998e-05,1.6989287646990157,nickel_trial_6
113,nickel,6,90.9,1.0,1.0,8900.0,461.0,11.30066,-0.9559627922511611,0.6624241206345346,metal,19312,9.8007,0.0006596,98.0,1.4999599999999997,-7.639999999999947e-06,3.914000000000001e-05,1.7273917953980853,nickel_trial_6
114,nickel,6,90.9,1.0,1.0,8900.0,461.0,11.4007,-0.9870856924117937,0.6057693224988466,metal,19312,9.8007,0.0006596,98.0,1.5999999999999996,-7.759999999999993e-06,3.904000000000006e-05,1.7345075530728913,nickel_trial_6
115,nickel,6,90.9,1.0,1.0,8900.0,461.0,11.5007,-1.0233957425991935,0.5717764436173726,metal,19312,9.8007,0.0006596,98.0,1.6999999999999993,-7.90000000000003e-06,3.897999999999998e-05,1.762970583771961,nickel_trial_6
116,nickel,6,90.9,1.0,1.0,8900.0,461.0,11.600700000000002,-1.0493314927330306,0.5151216454816847,metal,19312,9.8007,0.0006596,98.0,1.8000000000000007,-7.999999999999978e-06,3.8880000000000034e-05,1.762970583771961,nickel_trial_6
117,nickel,6,90.9,1.0,1.0,8900.0,461.0,11.7007,-1.0752672428668957,0.45846684734593535,metal,19312,9.8007,0.0006596,98.0,1.8999999999999986,-8.100000000000034e-06,3.877999999999998e-05,1.762970583771961,nickel_trial_6
118,nickel,6,90.9,1.0,1.0,8900.0,461.0,11.8007,-1.1063901430275003,0.4018120492102475,metal,19312,9.8007,0.0006596,98.0,2.0,-8.219999999999972e-06,3.868000000000003e-05,1.7700863414467285,nickel_trial_6
119,nickel,6,90.9,1.0,1.0,8900.0,461.0,11.90066,-1.127138743134598,0.33382629144736065,metal,19312,9.8007,0.0006596,98.0,2.0999599999999994,-8.300000000000039e-06,3.855999999999998e-05,1.7558548260971936,nickel_trial_6
120,nickel,6,90.9,1.0,1.0,8900.0,461.0,12.000660000000002,-1.153074493268435,0.27717149331167273,metal,19312,9.8007,0.0006596,98.0,2.199960000000001,-8.399999999999987e-06,3.8460000000000035e-05,1.7558548260971936,nickel_trial_6
121,nickel,6,90.9,1.0,1.0,8900.0,461.0,12.100700000000002,-1.1686359433487372,0.22051669517592346,metal,19312,9.8007,0.0006596,98.0,2.3000000000000007,-8.459999999999956e-06,3.835999999999998e-05,1.7416233107476202,nickel_trial_6
122,nickel,6,90.9,1.0,1.0,8900.0,461.0,12.20066,-1.1841973934290675,0.152530937413098,metal,19312,9.8007,0.0006596,98.0,2.3999599999999983,-8.520000000000034e-06,3.824000000000004e-05,1.7202760377233566,nickel_trial_6
123,nickel,6,90.9,1.0,1.0,8900.0,461.0,12.30066,-1.204945993536137,0.07321422002307357,metal,19312,9.8007,0.0006596,98.0,2.4999599999999997,-8.599999999999992e-06,3.8100000000000005e-05,1.6989287646990157,nickel_trial_6
124,nickel,6,90.9,1.0,1.0,8900.0,461.0,12.4007,-1.2256945936432067,-0.006102497366950874,metal,19312,9.8007,0.0006596,98.0,2.5999999999999996,-8.67999999999995e-06,3.795999999999997e-05,1.6775814916746747,nickel_trial_6
125,nickel,6,90.9,1.0,1.0,8900.0,461.0,12.5007,-1.2412560437235372,-0.06275729550263874,metal,19312,9.8007,0.0006596,98.0,2.6999999999999993,-8.740000000000028e-06,3.786000000000002e-05,1.6633499763251784,nickel_trial_6
126,nickel,6,90.9,1.0,1.0,8900.0,461.0,12.600700000000002,-1.2464431937503044,-0.13074305326552563,metal,19312,9.8007,0.0006596,98.0,2.8000000000000007,-8.760000000000018e-06,3.7739999999999974e-05,1.6277711879513028,nickel_trial_6
127,nickel,6,90.9,1.0,1.0,8900.0,461.0,12.70066,-1.2620046438306067,-0.19872881102835105,metal,19312,9.8007,0.0006596,98.0,2.8999599999999983,-8.819999999999987e-06,3.7620000000000036e-05,1.6064239149270005,nickel_trial_6
128,nickel,6,90.9,1.0,1.0,8900.0,461.0,12.8007,-1.2775660939109088,-0.26671456879123795,metal,19312,9.8007,0.0006596,98.0,3.0,-8.879999999999956e-06,3.749999999999999e-05,1.5850766419026596,nickel_trial_6
129,nickel,6,90.9,1.0,1.0,8900.0,461.0,12.9007,-1.2931275439912393,-0.34603128618120094,metal,19312,9.8007,0.0006596,98.0,3.0999999999999996,-8.940000000000033e-06,3.736000000000006e-05,1.5566136112036286,nickel_trial_6
130,nickel,6,90.9,1.0,1.0,8900.0,461.0,13.000660000000002,-1.303501844044774,-0.41401704394408784,metal,19312,9.8007,0.0006596,98.0,3.199960000000001,-8.980000000000012e-06,3.7240000000000016e-05,1.5281505805045204,nickel_trial_6
131,nickel,6,90.9,1.0,1.0,8900.0,461.0,13.10066,-1.3138761440983089,-0.4820028017069747,metal,19312,9.8007,0.0006596,98.0,3.2999599999999987,-9.019999999999992e-06,3.711999999999997e-05,1.499687549805412,nickel_trial_6
132,nickel,6,90.9,1.0,1.0,8900.0,461.0,13.20066,-1.3190632941250762,-0.5613195190969377,metal,19312,9.8007,0.0006596,98.0,3.3999599999999983,-9.039999999999981e-06,3.698000000000004e-05,1.4569930037568075,nickel_trial_6
133,nickel,6,90.9,1.0,1.0,8900.0,461.0,13.3007,-1.3346247442053785,-0.6293052768598246,metal,19312,9.8007,0.0006596,98.0,3.5,-9.09999999999995e-06,3.6859999999999996e-05,1.4356457307324666,nickel_trial_6
134,nickel,6,90.9,1.0,1.0,8900.0,461.0,13.4007,-1.3449990442589415,-0.6972910346226501,metal,19312,9.8007,0.0006596,98.0,3.5999999999999996,-9.140000000000038e-06,3.674000000000006e-05,1.4071827000334356,nickel_trial_6
135,nickel,6,90.9,1.0,1.0,8900.0,461.0,13.500700000000002,-1.3501861942857087,-0.7652767923855369,metal,19312,9.8007,0.0006596,98.0,3.700000000000001,-9.160000000000027e-06,3.662000000000001e-05,1.3716039116595597,nickel_trial_6
136,nickel,6,90.9,1.0,1.0,8900.0,461.0,13.600700000000002,-1.365747644366011,-0.8219315905212248,metal,19312,9.8007,0.0006596,98.0,3.8000000000000007,-9.219999999999996e-06,3.6520000000000064e-05,1.357372396310025,nickel_trial_6
137,nickel,6,90.9,1.0,1.0,8900.0,461.0,13.7007,-1.3709347943927783,-0.8899173482841116,metal,19312,9.8007,0.0006596,98.0,3.8999999999999986,-9.239999999999986e-06,3.640000000000002e-05,1.3217936079361492,nickel_trial_6
138,nickel,6,90.9,1.0,1.0,8900.0,461.0,13.80066,-1.3813090944463131,-0.9579031060469985,metal,19312,9.8007,0.0006596,98.0,3.9999599999999997,-9.279999999999965e-06,3.627999999999997e-05,1.293330577237041,nickel_trial_6
139,nickel,6,90.9,1.0,1.0,8900.0,461.0,13.900660000000002,-1.3968705445266154,-1.0372198234369616,metal,19312,9.8007,0.0006596,98.0,4.099960000000001,-9.339999999999934e-06,3.6140000000000044e-05,1.2648675465379713,nickel_trial_6
140,nickel,6,90.9,1.0,1.0,8900.0,461.0,14.000700000000002,-1.3968705445266154,-1.0938746215727109,metal,19312,9.8007,0.0006596,98.0,4.200000000000001,-9.339999999999934e-06,3.603999999999999e-05,1.2292887581640957,nickel_trial_6
141,nickel,6,90.9,1.0,1.0,8900.0,461.0,14.100700000000002,-1.4072448445801784,-1.1618603793355362,metal,19312,9.8007,0.0006596,98.0,4.300000000000001,-9.380000000000022e-06,3.592000000000005e-05,1.2008257274650644,nickel_trial_6
142,nickel,6,90.9,1.0,1.0,8900.0,461.0,14.2007,-1.4124319946069457,-1.2185151774712855,metal,19312,9.8007,0.0006596,98.0,4.399999999999999,-9.400000000000012e-06,3.581999999999999e-05,1.1723626967659562,nickel_trial_6
143,nickel,6,90.9,1.0,1.0,8900.0,461.0,14.30066,-1.4176191446337132,-1.286500935234111,metal,19312,9.8007,0.0006596,98.0,4.49996,-9.420000000000001e-06,3.5700000000000055e-05,1.1367839083921192,nickel_trial_6
144,nickel,6,90.9,1.0,1.0,8900.0,461.0,14.4007,-1.427993444687248,-1.3431557333698603,metal,19312,9.8007,0.0006596,98.0,4.6,-9.45999999999998e-06,3.56e-05,1.1154366353677783,nickel_trial_6
145,nickel,6,90.9,1.0,1.0,8900.0,461.0,14.500700000000002,-1.4331805947140153,-1.3998105315055482,metal,19312,9.8007,0.0006596,98.0,4.700000000000001,-9.47999999999997e-06,3.550000000000005e-05,1.0869736046687086,nickel_trial_6
146,nickel,6,90.9,1.0,1.0,8900.0,461.0,14.60066,-1.4435548947675503,-1.467796289268435,metal,19312,9.8007,0.0006596,98.0,4.799959999999999,-9.51999999999995e-06,3.5380000000000003e-05,1.0585105739696004,nickel_trial_6
147,nickel,6,90.9,1.0,1.0,8900.0,461.0,14.70066,-1.4487420447943176,-1.5131201277769852,metal,19312,9.8007,0.0006596,98.0,4.899959999999998,-9.53999999999994e-06,3.5300000000000045e-05,1.037163300945298,nickel_trial_6
148,nickel,6,90.9,1.0,1.0,8900.0,461.0,14.80066,-1.453929194821113,-1.5811058855398723,metal,19312,9.8007,0.0006596,98.0,4.99996,-9.560000000000037e-06,3.518e-05,1.0015845125714609,nickel_trial_6
149,nickel,6,90.9,1.0,1.0,8900.0,461.0,14.900660000000002,-1.4643034948746478,-1.63776068367556,metal,19312,9.8007,0.0006596,98.0,5.099960000000001,-9.600000000000017e-06,3.508000000000005e-05,0.9802372395471587,nickel_trial_6
106,pdms,1,0.15,1.0,1.0,965.0,1460.0,10.600700000000002,1.181143018778106,0.5264526051088222,polymer,460,10.600700000000002,0.0006602,106.0,0.0,0.0,3.830000000000001e-05,-1.2896894587048453,pdms_trial_1
107,pdms,1,0.15,1.0,1.0,965.0,1460.0,10.70066,1.181143018778106,0.5264526051088222,polymer,460,10.600700000000002,0.0006602,106.0,0.0999599999999976,0.0,3.830000000000001e-05,-1.2896894587048453,pdms_trial_1
108,pdms,1,0.15,1.0,1.0,965.0,1460.0,10.8007,1.1759558687513385,0.5151216454816847,polymer,460,10.600700000000002,0.0006602,106.0,0.1999999999999993,-1.9999999999989644e-08,3.828000000000002e-05,-1.2896894587048453,pdms_trial_1
109,pdms,1,0.15,1.0,1.0,965.0,1460.0,10.90066,1.1240843684836364,0.3451572510744982,polymer,460,10.600700000000002,0.0006602,106.0,0.29995999999999867,-2.199999999999945e-07,3.797999999999996e-05,-1.3252682470787212,pdms_trial_1
110,pdms,1,0.15,1.0,1.0,965.0,1460.0,11.000660000000002,1.0722128682159342,0.2998334125659479,polymer,460,10.600700000000002,0.0006602,106.0,0.3999600000000001,-4.1999999999999937e-07,3.79e-05,-1.282573701030078,pdms_trial_1
111,pdms,1,0.15,1.0,1.0,965.0,1460.0,11.100700000000002,1.0151542179214645,0.32249533182022305,polymer,460,10.600700000000002,0.0006602,106.0,0.5,-6.399999999999939e-07,3.793999999999998e-05,-1.1900688512580628,pdms_trial_1
112,pdms,1,0.15,1.0,1.0,965.0,1460.0,11.2007,0.9840313177608321,0.32249533182022305,polymer,460,10.600700000000002,0.0006602,106.0,0.5999999999999979,-7.600000000000402e-07,3.793999999999998e-05,-1.1473743052094199,pdms_trial_1
113,pdms,1,0.15,1.0,1.0,965.0,1460.0,11.3007,0.9425341175466928,0.32249533182022305,polymer,460,10.600700000000002,0.0006602,106.0,0.6999999999999993,-9.199999999999573e-07,3.793999999999998e-05,-1.0904482438112804,pdms_trial_1
114,pdms,1,0.15,1.0,1.0,965.0,1460.0,11.40066,0.9321598174931299,0.31116437219308546,polymer,460,10.600700000000002,0.0006602,106.0,0.7999599999999987,-9.60000000000045e-07,3.791999999999999e-05,-1.0833324861364744,pdms_trial_1
115,pdms,1,0.15,1.0,1.0,965.0,1460.0,11.500660000000002,0.906224067359293,0.32249533182022305,polymer,460,10.600700000000002,0.0006602,106.0,0.8999600000000001,-1.0599999999999932e-06,3.793999999999998e-05,-1.0406379400878698,pdms_trial_1
116,pdms,1,0.15,1.0,1.0,965.0,1460.0,11.60066,0.8906626172789907,0.31116437219308546,polymer,460,10.600700000000002,0.0006602,106.0,0.999959999999998,-1.1199999999999622e-06,3.791999999999999e-05,-1.0264064247383349,pdms_trial_1
117,pdms,1,0.15,1.0,1.0,965.0,1460.0,11.7007,0.869914017171893,0.31116437219308546,polymer,460,10.600700000000002,0.0006602,106.0,1.0999999999999979,-1.2000000000000292e-06,3.791999999999999e-05,-0.9979433940392267,pdms_trial_1
118,pdms,1,0.15,1.0,1.0,965.0,1460.0,11.8007,0.8595397171183582,0.31116437219308546,polymer,460,10.600700000000002,0.0006602,106.0,1.1999999999999993,-1.2400000000000085e-06,3.791999999999999e-05,-0.9837118786896919,pdms_trial_1
119,pdms,1,0.15,1.0,1.0,965.0,1460.0,11.9007,0.8543525670915908,0.2885024529388103,polymer,460,10.600700000000002,0.0006602,106.0,1.299999999999999,-1.259999999999998e-06,3.788000000000001e-05,-0.9908276363644593,pdms_trial_1
120,pdms,1,0.15,1.0,1.0,965.0,1460.0,12.0007,0.8387911170112885,0.2885024529388103,polymer,460,10.600700000000002,0.0006602,106.0,1.3999999999999986,-1.319999999999967e-06,3.788000000000001e-05,-0.969480363340157,pdms_trial_1
121,pdms,1,0.15,1.0,1.0,965.0,1460.0,12.10066,0.8387911170112885,0.2885024529388103,polymer,460,10.600700000000002,0.0006602,106.0,1.499959999999998,-1.319999999999967e-06,3.788000000000001e-05,-0.969480363340157,pdms_trial_1
122,pdms,1,0.15,1.0,1.0,965.0,1460.0,12.20066,0.8284168169577256,0.2658405336845352,polymer,460,10.600700000000002,0.0006602,106.0,1.5999599999999976,-1.3600000000000547e-06,3.784000000000003e-05,-0.9694803633401184,pdms_trial_1
123,pdms,1,0.15,1.0,1.0,965.0,1460.0,12.3007,0.8232296669309582,0.2658405336845352,polymer,460,10.600700000000002,0.0006602,106.0,1.6999999999999993,-1.3800000000000444e-06,3.784000000000003e-05,-0.962364605665351,pdms_trial_1
124,pdms,1,0.15,1.0,1.0,965.0,1460.0,12.4007,0.8180425169041908,0.24317861443026004,polymer,460,10.600700000000002,0.0006602,106.0,1.799999999999999,-1.400000000000034e-06,3.780000000000005e-05,-0.9694803633401184,pdms_trial_1
125,pdms,1,0.15,1.0,1.0,965.0,1460.0,12.5007,0.807668216850656,0.24317861443026004,polymer,460,10.600700000000002,0.0006602,106.0,1.8999999999999986,-1.4400000000000133e-06,3.780000000000005e-05,-0.9552488479905836,pdms_trial_1
126,pdms,1,0.15,1.0,1.0,965.0,1460.0,12.60066,0.8128553668774234,0.2091857355487859,polymer,460,10.600700000000002,0.0006602,106.0,1.999959999999998,-1.4200000000000237e-06,3.7739999999999974e-05,-0.9837118786896919,pdms_trial_1
127,pdms,1,0.15,1.0,1.0,965.0,1460.0,12.7007,0.8024810668238886,0.19785477592164832,polymer,460,10.600700000000002,0.0006602,106.0,2.099999999999998,-1.460000000000003e-06,3.7719999999999984e-05,-0.9765961210149244,pdms_trial_1
128,pdms,1,0.15,1.0,1.0,965.0,1460.0,12.80066,0.7972939167971211,0.19785477592164832,polymer,460,10.600700000000002,0.0006602,106.0,2.199959999999999,-1.4799999999999926e-06,3.7719999999999984e-05,-0.969480363340157,pdms_trial_1
129,pdms,1,0.15,1.0,1.0,965.0,1460.0,12.9007,0.7972939167971211,0.18652381629451073,polymer,460,10.600700000000002,0.0006602,106.0,2.299999999999999,-1.4799999999999926e-06,3.7699999999999995e-05,-0.9765961210149244,pdms_trial_1
130,pdms,1,0.15,1.0,1.0,965.0,1460.0,13.000660000000002,0.7921067667703537,0.17519285666737316,polymer,460,10.600700000000002,0.0006602,106.0,2.39996,-1.4999999999999823e-06,3.7680000000000005e-05,-0.9765961210149244,pdms_trial_1
131,pdms,1,0.15,1.0,1.0,965.0,1460.0,13.100700000000002,0.781732466716819,0.152530937413098,polymer,460,10.600700000000002,0.0006602,106.0,2.5,-1.5399999999999615e-06,3.7640000000000026e-05,-0.9765961210149244,pdms_trial_1
132,pdms,1,0.15,1.0,1.0,965.0,1460.0,13.20066,0.7765453166900516,0.14119997778596044,polymer,460,10.600700000000002,0.0006602,106.0,2.5999599999999976,-1.5599999999999512e-06,3.7620000000000036e-05,-0.9765961210149244,pdms_trial_1
133,pdms,1,0.15,1.0,1.0,965.0,1460.0,13.3007,0.781732466716819,0.12986901815882287,polymer,460,10.600700000000002,0.0006602,106.0,2.6999999999999993,-1.5399999999999615e-06,3.7600000000000047e-05,-0.9908276363644593,pdms_trial_1
134,pdms,1,0.15,1.0,1.0,965.0,1460.0,13.4007,0.7765453166900516,0.12986901815882287,polymer,460,10.600700000000002,0.0006602,106.0,2.799999999999999,-1.5599999999999512e-06,3.7600000000000047e-05,-0.9837118786896919,pdms_trial_1
135,pdms,1,0.15,1.0,1.0,965.0,1460.0,13.500700000000002,0.7765453166900516,0.09587613927734871,polymer,460,10.600700000000002,0.0006602,106.0,2.9000000000000004,-1.5599999999999512e-06,3.753999999999997e-05,-1.0050591517140326,pdms_trial_1
136,pdms,1,0.15,1.0,1.0,965.0,1460.0,13.600700000000002,0.7661710166364887,0.08454517965021115,polymer,460,10.600700000000002,0.0006602,106.0,3.0,-1.6000000000000389e-06,3.751999999999998e-05,-0.9979433940392267,pdms_trial_1
137,pdms,1,0.15,1.0,1.0,965.0,1460.0,13.7007,0.7609838666097213,0.07321422002307357,polymer,460,10.600700000000002,0.0006602,106.0,3.099999999999998,-1.6200000000000285e-06,3.749999999999999e-05,-0.9979433940392267,pdms_trial_1
138,pdms,1,0.15,1.0,1.0,965.0,1460.0,13.80066,0.7661710166364887,0.061883260395935995,polymer,460,10.600700000000002,0.0006602,106.0,3.199959999999999,-1.6000000000000389e-06,3.748e-05,-1.0121749093887615,pdms_trial_1
139,pdms,1,0.15,1.0,1.0,965.0,1460.0,13.9007,0.7609838666097213,0.05055230076879842,polymer,460,10.600700000000002,0.0006602,106.0,3.299999999999999,-1.6200000000000285e-06,3.746000000000001e-05,-1.0121749093887615,pdms_trial_1
140,pdms,1,0.15,1.0,1.0,965.0,1460.0,14.000660000000002,0.7506095665561864,0.027890381514523273,polymer,460,10.600700000000002,0.0006602,106.0,3.39996,-1.6600000000000078e-06,3.742000000000003e-05,-1.0121749093887615,pdms_trial_1
141,pdms,1,0.15,1.0,1.0,965.0,1460.0,14.100700000000002,0.7557967165829539,0.0165594218873857,polymer,460,10.600700000000002,0.0006602,106.0,3.5,-1.6400000000000182e-06,3.740000000000004e-05,-1.0264064247382965,pdms_trial_1
142,pdms,1,0.15,1.0,1.0,965.0,1460.0,14.20066,0.7506095665561864,0.005228462260248125,polymer,460,10.600700000000002,0.0006602,106.0,3.5999599999999976,-1.6600000000000078e-06,3.738000000000005e-05,-1.0264064247382965,pdms_trial_1
143,pdms,1,0.15,1.0,1.0,965.0,1460.0,14.30066,0.7506095665561864,-0.017433456994088447,polymer,460,10.600700000000002,0.0006602,106.0,3.699959999999999,-1.6600000000000078e-06,3.7339999999999964e-05,-1.0406379400878698,pdms_trial_1
144,pdms,1,0.15,1.0,1.0,965.0,1460.0,14.400660000000002,0.7402352665026516,-0.006102497366950874,polymer,460,10.600700000000002,0.0006602,106.0,3.7999600000000004,-1.6999999999999871e-06,3.7359999999999954e-05,-1.0192906670635675,pdms_trial_1
145,pdms,1,0.15,1.0,1.0,965.0,1460.0,14.500700000000002,0.7506095665561864,-0.040095376248363596,polymer,460,10.600700000000002,0.0006602,106.0,3.9000000000000004,-1.6600000000000078e-06,3.7299999999999985e-05,-1.0548694554374047,pdms_trial_1
146,pdms,1,0.15,1.0,1.0,965.0,1460.0,14.600700000000002,0.7402352665026516,-0.040095376248363596,polymer,460,10.600700000000002,0.0006602,106.0,4.0,-1.6999999999999871e-06,3.7299999999999985e-05,-1.0406379400878698,pdms_trial_1
147,pdms,1,0.15,1.0,1.0,965.0,1460.0,14.70066,0.7402352665026516,-0.05142633587550117,polymer,460,10.600700000000002,0.0006602,106.0,4.099959999999998,-1.6999999999999871e-06,3.7279999999999995e-05,-1.0477536977626372,pdms_trial_1
148,pdms,1,0.15,1.0,1.0,965.0,1460.0,14.80066,0.7402352665026516,-0.07408825512977632,polymer,460,10.600700000000002,0.0006602,106.0,4.199959999999999,-1.6999999999999871e-06,3.7240000000000016e-05,-1.061985213112172,pdms_trial_1
149,pdms,1,0.15,1.0,1.0,965.0,1460.0,14.9007,0.7350481164758842,-0.07408825512977632,polymer,460,10.600700000000002,0.0006602,106.0,4.299999999999999,-1.7199999999999768e-06,3.7240000000000016e-05,-1.0548694554374047,pdms_trial_1
150,pdms,1,0.15,1.0,1.0,965.0,1460.0,15.000660000000002,0.7298609664491168,-0.09675017438405147,polymer,460,10.600700000000002,0.0006602,106.0,4.39996,-1.7399999999999664e-06,3.720000000000004e-05,-1.061985213112172,pdms_trial_1
151,pdms,1,0.15,1.0,1.0,965.0,1460.0,15.100700000000002,0.7246738164223494,-0.09675017438405147,polymer,460,10.600700000000002,0.0006602,106.0,4.5,-1.759999999999956e-06,3.720000000000004e-05,-1.0548694554374047,pdms_trial_1
152,pdms,1,0.15,1.0,1.0,965.0,1460.0,15.2007,0.7298609664491168,-0.11941209363838805,polymer,460,10.600700000000002,0.0006602,106.0,4.599999999999998,-1.7399999999999664e-06,3.715999999999995e-05,-1.0762167284617454,pdms_trial_1
153,pdms,1,0.15,1.0,1.0,965.0,1460.0,15.30066,0.7298609664491168,-0.13074305326552563,polymer,460,10.600700000000002,0.0006602,106.0,4.699959999999999,-1.7399999999999664e-06,3.713999999999996e-05,-1.083332486136513,pdms_trial_1
154,pdms,1,0.15,1.0,1.0,965.0,1460.0,15.400660000000002,0.7246738164223494,-0.13074305326552563,polymer,460,10.600700000000002,0.0006602,106.0,4.7999600000000004,-1.759999999999956e-06,3.713999999999996e-05,-1.0762167284617454,pdms_trial_1
155,pdms,1,0.15,1.0,1.0,965.0,1460.0,15.500700000000002,0.7142995163687865,-0.1420740128926632,polymer,460,10.600700000000002,0.0006602,106.0,4.9,-1.8000000000000438e-06,3.711999999999997e-05,-1.0691009707869394,pdms_trial_1
156,pdms,1,0.15,1.0,1.0,965.0,1460.0,15.600700000000002,0.7246738164223494,-0.16473593214693832,polymer,460,10.600700000000002,0.0006602,106.0,5.0,-1.759999999999956e-06,3.707999999999999e-05,-1.0975640014860477,pdms_trial_1
157,pdms,1,0.15,1.0,1.0,965.0,1460.0,15.70066,0.7246738164223494,-0.19872881102835105,polymer,460,10.600700000000002,0.0006602,106.0,5.099959999999998,-1.759999999999956e-06,3.702000000000002e-05,-1.11891127451035,pdms_trial_1
93,pdms,2,0.15,1.0,1.0,965.0,1460.0,9.3007,1.1603944186710362,0.5264526051088222,polymer,460,9.3007,0.00066012,93.0,0.0,0.0,3.837999999999997e-05,-1.2612264280057757,pdms_trial_2
94,pdms,2,0.15,1.0,1.0,965.0,1460.0,9.4007,1.1603944186710362,0.5377835647359598,polymer,460,9.3007,0.00066012,93.0,0.09999999999999964,0.0,3.839999999999996e-05,-1.2541106703310083,pdms_trial_2
95,pdms,2,0.15,1.0,1.0,965.0,1460.0,9.5007,1.155207268644269,0.5377835647359598,polymer,460,9.3007,0.00066012,93.0,0.1999999999999993,-1.9999999999989644e-08,3.839999999999996e-05,-1.2469949126562407,pdms_trial_2
96,pdms,2,0.15,1.0,1.0,965.0,1460.0,9.60066,1.1292715185104036,0.3904810895831099,polymer,460,9.3007,0.00066012,93.0,0.29995999999999867,-1.2000000000004628e-07,3.8139999999999984e-05,-1.3039209740543802,pdms_trial_2
97,pdms,2,0.15,1.0,1.0,965.0,1460.0,9.7007,1.0255285179749993,0.3564882107016358,polymer,460,9.3007,0.00066012,93.0,0.3999999999999986,-5.20000000000056e-07,3.8079999999999906e-05,-1.1829530935832955,pdms_trial_2
98,pdms,2,0.15,1.0,1.0,965.0,1460.0,9.80066,0.9632827176537625,0.3451572510744982,polymer,460,9.3007,0.00066012,93.0,0.49995999999999974,-7.600000000000402e-07,3.805999999999992e-05,-1.1046797591608153,pdms_trial_2
99,pdms,2,0.15,1.0,1.0,965.0,1460.0,9.9007,0.9269726674663625,0.32249533182022305,polymer,460,9.3007,0.00066012,93.0,0.5999999999999996,-9.000000000000761e-07,3.801999999999994e-05,-1.0691009707869394,pdms_trial_2
100,pdms,2,0.15,1.0,1.0,965.0,1460.0,10.0007,0.9010369173325256,0.32249533182022305,polymer,460,9.3007,0.00066012,93.0,0.6999999999999993,-1.0000000000000243e-06,3.801999999999994e-05,-1.0335221824131025,pdms_trial_2
101,pdms,2,0.15,1.0,1.0,965.0,1460.0,10.100700000000002,0.8802883172254278,0.32249533182022305,polymer,460,9.3007,0.00066012,93.0,0.8000000000000007,-1.0800000000000913e-06,3.801999999999994e-05,-1.0050591517139942,pdms_trial_2
102,pdms,2,0.15,1.0,1.0,965.0,1460.0,10.20067,0.8647268671451256,0.31116437219308546,polymer,460,9.3007,0.00066012,93.0,0.8999699999999997,-1.1400000000000602e-06,3.799999999999995e-05,-0.9908276363644593,pdms_trial_2
103,pdms,2,0.15,1.0,1.0,965.0,1460.0,10.3007,0.8543525670915908,0.31116437219308546,polymer,460,9.3007,0.00066012,93.0,1.0,-1.1800000000000395e-06,3.799999999999995e-05,-0.9765961210149244,pdms_trial_2
104,pdms,2,0.15,1.0,1.0,965.0,1460.0,10.4007,0.8387911170112885,0.31116437219308546,polymer,460,9.3007,0.00066012,93.0,1.0999999999999996,-1.2400000000000085e-06,3.799999999999995e-05,-0.9552488479906222,pdms_trial_2
105,pdms,2,0.15,1.0,1.0,965.0,1460.0,10.500660000000002,0.8232296669309582,0.31116437219308546,polymer,460,9.3007,0.00066012,93.0,1.1999600000000008,-1.3000000000000858e-06,3.799999999999995e-05,-0.9339015749662813,pdms_trial_2
106,pdms,2,0.15,1.0,1.0,965.0,1460.0,10.600700000000002,0.8232296669309582,0.2885024529388103,polymer,460,9.3007,0.00066012,93.0,1.3000000000000007,-1.3000000000000858e-06,3.795999999999997e-05,-0.9481330903158162,pdms_trial_2
107,pdms,2,0.15,1.0,1.0,965.0,1460.0,10.70066,0.8128553668774234,0.27717149331167273,polymer,460,9.3007,0.00066012,93.0,1.3999599999999983,-1.340000000000065e-06,3.793999999999998e-05,-0.9410173326410487,pdms_trial_2
108,pdms,2,0.15,1.0,1.0,965.0,1460.0,10.80066,0.8024810668238886,0.27717149331167273,polymer,460,9.3007,0.00066012,93.0,1.4999599999999997,-1.3800000000000444e-06,3.793999999999998e-05,-0.9267858172915139,pdms_trial_2
109,pdms,2,0.15,1.0,1.0,965.0,1460.0,10.90066,0.7972939167971211,0.27717149331167273,polymer,460,9.3007,0.00066012,93.0,1.5999599999999994,-1.400000000000034e-06,3.793999999999998e-05,-0.9196700596167464,pdms_trial_2
110,pdms,2,0.15,1.0,1.0,965.0,1460.0,11.0007,0.7921067667703537,0.2658405336845352,polymer,460,9.3007,0.00066012,93.0,1.6999999999999993,-1.4200000000000237e-06,3.791999999999999e-05,-0.9196700596167464,pdms_trial_2
111,pdms,2,0.15,1.0,1.0,965.0,1460.0,11.10067,0.781732466716819,0.2545095740573976,polymer,460,9.3007,0.00066012,93.0,1.7999699999999983,-1.460000000000003e-06,3.79e-05,-0.9125543019419791,pdms_trial_2
112,pdms,2,0.15,1.0,1.0,965.0,1460.0,11.20071,0.7765453166900516,0.23184765480306102,polymer,460,9.3007,0.00066012,93.0,1.90001,-1.4799999999999926e-06,3.785999999999991e-05,-0.919670059616785,pdms_trial_2
113,pdms,2,0.15,1.0,1.0,965.0,1460.0,11.3007,0.7713581666632561,0.2091857355487859,polymer,460,9.3007,0.00066012,93.0,2.0,-1.5000000000000907e-06,3.781999999999993e-05,-0.9267858172915139,pdms_trial_2
114,pdms,2,0.15,1.0,1.0,965.0,1460.0,11.400670000000002,0.7661710166364887,0.2091857355487859,polymer,460,9.3007,0.00066012,93.0,2.099970000000001,-1.5200000000000803e-06,3.781999999999993e-05,-0.9196700596167464,pdms_trial_2
115,pdms,2,0.15,1.0,1.0,965.0,1460.0,11.50067,0.7609838666097213,0.18652381629451073,polymer,460,9.3007,0.00066012,93.0,2.1999699999999986,-1.54000000000007e-06,3.777999999999995e-05,-0.9267858172915139,pdms_trial_2
116,pdms,2,0.15,1.0,1.0,965.0,1460.0,11.600700000000002,0.7609838666097213,0.17519285666737316,polymer,460,9.3007,0.00066012,93.0,2.3000000000000007,-1.54000000000007e-06,3.7759999999999964e-05,-0.9339015749662813,pdms_trial_2
117,pdms,2,0.15,1.0,1.0,965.0,1460.0,11.70066,0.7557967165829539,0.1638618970402356,polymer,460,9.3007,0.00066012,93.0,2.3999599999999983,-1.5600000000000596e-06,3.7739999999999974e-05,-0.9339015749662813,pdms_trial_2
118,pdms,2,0.15,1.0,1.0,965.0,1460.0,11.80067,0.7506095665561864,0.12986901815882287,polymer,460,9.3007,0.00066012,93.0,2.4999699999999994,-1.5800000000000492e-06,3.7680000000000005e-05,-0.9481330903158162,pdms_trial_2
119,pdms,2,0.15,1.0,1.0,965.0,1460.0,11.9007,0.745422416529419,0.11853805853162387,polymer,460,9.3007,0.00066012,93.0,2.5999999999999996,-1.6000000000000389e-06,3.765999999999991e-05,-0.9481330903158547,pdms_trial_2
120,pdms,2,0.15,1.0,1.0,965.0,1460.0,12.0007,0.7402352665026516,0.11853805853162387,polymer,460,9.3007,0.00066012,93.0,2.6999999999999993,-1.6200000000000285e-06,3.765999999999991e-05,-0.9410173326410873,pdms_trial_2
121,pdms,2,0.15,1.0,1.0,965.0,1460.0,12.10067,0.7402352665026516,0.08454517965021115,polymer,460,9.3007,0.00066012,93.0,2.7999699999999983,-1.6200000000000285e-06,3.759999999999994e-05,-0.9623646056653896,pdms_trial_2
122,pdms,2,0.15,1.0,1.0,965.0,1460.0,12.20067,0.7402352665026516,0.08454517965021115,polymer,460,9.3007,0.00066012,93.0,2.8999699999999997,-1.6200000000000285e-06,3.759999999999994e-05,-0.9623646056653896,pdms_trial_2
123,pdms,2,0.15,1.0,1.0,965.0,1460.0,12.3007,0.7350481164758842,0.07321422002307357,polymer,460,9.3007,0.00066012,93.0,3.0,-1.6400000000000182e-06,3.757999999999995e-05,-0.9623646056653896,pdms_trial_2
124,pdms,2,0.15,1.0,1.0,965.0,1460.0,12.40066,0.7350481164758842,0.05055230076879842,polymer,460,9.3007,0.00066012,93.0,3.0999599999999994,-1.6400000000000182e-06,3.753999999999997e-05,-0.9765961210149244,pdms_trial_2
125,pdms,2,0.15,1.0,1.0,965.0,1460.0,12.500660000000002,0.7246738164223494,0.03922134114166085,polymer,460,9.3007,0.00066012,93.0,3.199960000000001,-1.6799999999999975e-06,3.751999999999998e-05,-0.969480363340157,pdms_trial_2
126,pdms,2,0.15,1.0,1.0,965.0,1460.0,12.600700000000002,0.7246738164223494,0.0165594218873857,polymer,460,9.3007,0.00066012,93.0,3.3000000000000007,-1.6799999999999975e-06,3.748e-05,-0.9837118786896919,pdms_trial_2
127,pdms,2,0.15,1.0,1.0,965.0,1460.0,12.7007,0.7246738164223494,0.0165594218873857,polymer,460,9.3007,0.00066012,93.0,3.3999999999999986,-1.6799999999999975e-06,3.748e-05,-0.9837118786896919,pdms_trial_2
128,pdms,2,0.15,1.0,1.0,965.0,1460.0,12.80066,0.7194866663955539,-0.006102497366950874,polymer,460,9.3007,0.00066012,93.0,3.4999599999999997,-1.7000000000000955e-06,3.743999999999991e-05,-0.9908276363644593,pdms_trial_2
129,pdms,2,0.15,1.0,1.0,965.0,1460.0,12.90066,0.7246738164223494,-0.017433456994088447,polymer,460,9.3007,0.00066012,93.0,3.5999599999999994,-1.6799999999999975e-06,3.741999999999992e-05,-1.0050591517140326,pdms_trial_2
130,pdms,2,0.15,1.0,1.0,965.0,1460.0,13.000700000000002,0.7194866663955539,-0.040095376248363596,polymer,460,9.3007,0.00066012,93.0,3.700000000000001,-1.7000000000000955e-06,3.7379999999999944e-05,-1.0121749093887615,pdms_trial_2
131,pdms,2,0.15,1.0,1.0,965.0,1460.0,13.10067,0.7194866663955539,-0.05142633587550117,polymer,460,9.3007,0.00066012,93.0,3.7999699999999983,-1.7000000000000955e-06,3.7359999999999954e-05,-1.0192906670635289,pdms_trial_2
132,pdms,2,0.15,1.0,1.0,965.0,1460.0,13.20067,0.7091123663420191,-0.06275729550263874,polymer,460,9.3007,0.00066012,93.0,3.8999699999999997,-1.7400000000000748e-06,3.7339999999999964e-05,-1.0121749093887615,pdms_trial_2
133,pdms,2,0.15,1.0,1.0,965.0,1460.0,13.3007,0.7091123663420191,-0.07408825512977632,polymer,460,9.3007,0.00066012,93.0,4.0,-1.7400000000000748e-06,3.7319999999999975e-05,-1.0192906670635289,pdms_trial_2
134,pdms,2,0.15,1.0,1.0,965.0,1460.0,13.4007,0.7091123663420191,-0.07408825512977632,polymer,460,9.3007,0.00066012,93.0,4.1,-1.7400000000000748e-06,3.7319999999999975e-05,-1.0192906670635289,pdms_trial_2
135,pdms,2,0.15,1.0,1.0,965.0,1460.0,13.50067,0.7142995163687865,-0.10808113401118905,polymer,460,9.3007,0.00066012,93.0,4.199969999999999,-1.7200000000000852e-06,3.7260000000000006e-05,-1.0477536977625987,pdms_trial_2
136,pdms,2,0.15,1.0,1.0,965.0,1460.0,13.600700000000002,0.7039252163152516,-0.11941209363838805,polymer,460,9.3007,0.00066012,93.0,4.300000000000001,-1.7600000000000645e-06,3.723999999999991e-05,-1.0406379400878698,pdms_trial_2
137,pdms,2,0.15,1.0,1.0,965.0,1460.0,13.7007,0.7039252163152516,-0.13074305326552563,polymer,460,9.3007,0.00066012,93.0,4.399999999999999,-1.7600000000000645e-06,3.721999999999992e-05,-1.0477536977626372,pdms_trial_2
138,pdms,2,0.15,1.0,1.0,965.0,1460.0,13.8007,0.7039252163152516,-0.1420740128926632,polymer,460,9.3007,0.00066012,93.0,4.5,-1.7600000000000645e-06,3.719999999999993e-05,-1.0548694554374047,pdms_trial_2
139,pdms,2,0.15,1.0,1.0,965.0,1460.0,13.900660000000002,0.7039252163152516,-0.1420740128926632,polymer,460,9.3007,0.00066012,93.0,4.599960000000001,-1.7600000000000645e-06,3.719999999999993e-05,-1.0548694554374047,pdms_trial_2
140,pdms,2,0.15,1.0,1.0,965.0,1460.0,14.000710000000002,0.6935509162617168,-0.1420740128926632,polymer,460,9.3007,0.00066012,93.0,4.700010000000001,-1.8000000000000438e-06,3.719999999999993e-05,-1.0406379400878698,pdms_trial_2
141,pdms,2,0.15,1.0,1.0,965.0,1460.0,14.100700000000002,0.6935509162617168,-0.18739785140121348,polymer,460,9.3007,0.00066012,93.0,4.800000000000001,-1.8000000000000438e-06,3.711999999999997e-05,-1.0691009707869394,pdms_trial_2
142,pdms,2,0.15,1.0,1.0,965.0,1460.0,14.2007,0.6935509162617168,-0.19872881102835105,polymer,460,9.3007,0.00066012,93.0,4.899999999999999,-1.8000000000000438e-06,3.709999999999998e-05,-1.076216728461707,pdms_trial_2
143,pdms,2,0.15,1.0,1.0,965.0,1460.0,14.30071,0.6883637662349494,-0.19872881102835105,polymer,460,9.3007,0.00066012,93.0,5.00001,-1.8200000000000334e-06,3.709999999999998e-05,-1.0691009707869394,pdms_trial_2
144,pdms,2,0.15,1.0,1.0,965.0,1460.0,14.400660000000002,0.6935509162617168,-0.2440526495369628,polymer,460,9.3007,0.00066012,93.0,5.099960000000001,-1.8000000000000438e-06,3.701999999999991e-05,-1.1046797591608153,pdms_trial_2
85,pdms,3,0.15,1.0,1.0,965.0,1460.0,8.50066,1.0981486183497713,0.3564882107016358,polymer,460,8.50066,0.00065988,85.0,0.0,0.0,3.832e-05,-1.282573701030078,pdms_trial_3
86,pdms,3,0.15,1.0,1.0,965.0,1460.0,8.600660000000001,1.0981486183497713,0.36781917032883477,polymer,460,8.50066,0.00065988,85.0,0.10000000000000142,0.0,3.83400000000001e-05,-1.275457943355272,pdms_trial_3
87,pdms,3,0.15,1.0,1.0,965.0,1460.0,8.700700000000001,1.0981486183497713,0.4018120492102475,polymer,460,8.50066,0.00065988,85.0,0.20004000000000133,0.0,3.8400000000000066e-05,-1.2541106703309697,pdms_trial_3
88,pdms,3,0.15,1.0,1.0,965.0,1460.0,8.8007,1.0514642681088646,0.17519285666737316,polymer,460,8.50066,0.00065988,85.0,0.300040000000001,-1.799999999999068e-07,3.8000000000000056e-05,-1.3323840047534885,pdms_trial_3
89,pdms,3,0.15,1.0,1.0,965.0,1460.0,8.9007,0.9736570177072973,0.17519285666737316,polymer,460,8.50066,0.00065988,85.0,0.4000400000000006,-4.799999999999683e-07,3.8000000000000056e-05,-1.2256476396319,pdms_trial_3
90,pdms,3,0.15,1.0,1.0,965.0,1460.0,9.0007,0.9217855174395951,0.18652381629451073,polymer,460,8.50066,0.00065988,85.0,0.5000400000000003,-6.799999999999732e-07,3.8020000000000046e-05,-1.1473743052094199,pdms_trial_3
91,pdms,3,0.15,1.0,1.0,965.0,1460.0,9.1007,0.8906626172789907,0.152530937413098,polymer,460,8.50066,0.00065988,85.0,0.6000399999999999,-7.99999999999911e-07,3.796000000000008e-05,-1.1260270321851176,pdms_trial_3
92,pdms,3,0.15,1.0,1.0,965.0,1460.0,9.2007,0.8647268671451256,0.1638618970402356,polymer,460,8.50066,0.00065988,85.0,0.7000399999999996,-8.999999999999677e-07,3.798000000000007e-05,-1.0833324861364744,pdms_trial_3
93,pdms,3,0.15,1.0,1.0,965.0,1460.0,9.3007,0.8439782670380559,0.152530937413098,polymer,460,8.50066,0.00065988,85.0,0.800040000000001,-9.799999999999262e-07,3.796000000000008e-05,-1.061985213112172,pdms_trial_3
94,pdms,3,0.15,1.0,1.0,965.0,1460.0,9.4007,0.8232296669309582,0.152530937413098,polymer,460,8.50066,0.00065988,85.0,0.9000400000000006,-1.0599999999999932e-06,3.796000000000008e-05,-1.0335221824130638,pdms_trial_3
95,pdms,3,0.15,1.0,1.0,965.0,1460.0,9.5007,0.8128553668774234,0.152530937413098,polymer,460,8.50066,0.00065988,85.0,1.0000400000000003,-1.0999999999999725e-06,3.796000000000008e-05,-1.0192906670635289,pdms_trial_3
96,pdms,3,0.15,1.0,1.0,965.0,1460.0,9.6007,0.8024810668238886,0.152530937413098,polymer,460,8.50066,0.00065988,85.0,1.10004,-1.1399999999999518e-06,3.796000000000008e-05,-1.0050591517139942,pdms_trial_3
97,pdms,3,0.15,1.0,1.0,965.0,1460.0,9.70066,0.7921067667703537,0.14119997778596044,polymer,460,8.50066,0.00065988,85.0,1.1999999999999993,-1.179999999999931e-06,3.794000000000009e-05,-0.9979433940392267,pdms_trial_3
98,pdms,3,0.15,1.0,1.0,965.0,1460.0,9.8007,0.781732466716819,0.12986901815882287,polymer,460,8.50066,0.00065988,85.0,1.300040000000001,-1.2199999999999104e-06,3.79200000000001e-05,-0.9908276363644593,pdms_trial_3
99,pdms,3,0.15,1.0,1.0,965.0,1460.0,9.90066,0.7765453166900516,0.12986901815882287,polymer,460,8.50066,0.00065988,85.0,1.4000000000000004,-1.2399999999999e-06,3.79200000000001e-05,-0.9837118786896919,pdms_trial_3
100,pdms,3,0.15,1.0,1.0,965.0,1460.0,10.0007,0.7609838666097213,0.11853805853162387,polymer,460,8.50066,0.00065988,85.0,1.5000400000000003,-1.2999999999999774e-06,3.79e-05,-0.969480363340157,pdms_trial_3
101,pdms,3,0.15,1.0,1.0,965.0,1460.0,10.100700000000002,0.7557967165829539,0.12986901815882287,polymer,460,8.50066,0.00065988,85.0,1.6000400000000017,-1.319999999999967e-06,3.79200000000001e-05,-0.9552488479905836,pdms_trial_3
102,pdms,3,0.15,1.0,1.0,965.0,1460.0,10.2007,0.745422416529419,0.10720709890448629,polymer,460,8.50066,0.00065988,85.0,1.7000399999999996,-1.3599999999999463e-06,3.788000000000001e-05,-0.9552488479906222,pdms_trial_3
103,pdms,3,0.15,1.0,1.0,965.0,1460.0,10.30066,0.745422416529419,0.10720709890448629,polymer,460,8.50066,0.00065988,85.0,1.8000000000000007,-1.3599999999999463e-06,3.788000000000001e-05,-0.9552488479906222,pdms_trial_3
104,pdms,3,0.15,1.0,1.0,965.0,1460.0,10.40066,0.7402352665026516,0.10720709890448629,polymer,460,8.50066,0.00065988,85.0,1.9000000000000004,-1.379999999999936e-06,3.788000000000001e-05,-0.9481330903158547,pdms_trial_3
105,pdms,3,0.15,1.0,1.0,965.0,1460.0,10.500660000000002,0.7298609664491168,0.07321422002307357,polymer,460,8.50066,0.00065988,85.0,2.0000000000000018,-1.4199999999999153e-06,3.782000000000004e-05,-0.9552488479906222,pdms_trial_3
106,pdms,3,0.15,1.0,1.0,965.0,1460.0,10.600700000000002,0.7402352665026516,0.07321422002307357,polymer,460,8.50066,0.00065988,85.0,2.1000400000000017,-1.379999999999936e-06,3.782000000000004e-05,-0.969480363340157,pdms_trial_3
107,pdms,3,0.15,1.0,1.0,965.0,1460.0,10.7007,0.7246738164223494,0.05055230076879842,polymer,460,8.50066,0.00065988,85.0,2.2000399999999996,-1.439999999999905e-06,3.778000000000006e-05,-0.9623646056653896,pdms_trial_3
108,pdms,3,0.15,1.0,1.0,965.0,1460.0,10.80066,0.7246738164223494,0.05055230076879842,polymer,460,8.50066,0.00065988,85.0,2.3000000000000007,-1.439999999999905e-06,3.778000000000006e-05,-0.9623646056653896,pdms_trial_3
109,pdms,3,0.15,1.0,1.0,965.0,1460.0,10.90066,0.7246738164223494,0.0165594218873857,polymer,460,8.50066,0.00065988,85.0,2.4000000000000004,-1.439999999999905e-06,3.772000000000009e-05,-0.9837118786896919,pdms_trial_3
110,pdms,3,0.15,1.0,1.0,965.0,1460.0,11.000660000000002,0.7091123663420191,0.0165594218873857,polymer,460,8.50066,0.00065988,85.0,2.5000000000000018,-1.4999999999999823e-06,3.772000000000009e-05,-0.962364605665351,pdms_trial_3
111,pdms,3,0.15,1.0,1.0,965.0,1460.0,11.10067,0.7091123663420191,0.005228462260248125,polymer,460,8.50066,0.00065988,85.0,2.6000099999999993,-1.4999999999999823e-06,3.77000000000001e-05,-0.9694803633401184,pdms_trial_3
112,pdms,3,0.15,1.0,1.0,965.0,1460.0,11.2007,0.7091123663420191,0.005228462260248125,polymer,460,8.50066,0.00065988,85.0,2.7000399999999996,-1.4999999999999823e-06,3.77000000000001e-05,-0.9694803633401184,pdms_trial_3
113,pdms,3,0.15,1.0,1.0,965.0,1460.0,11.30066,0.7091123663420191,-0.006102497366950874,polymer,460,8.50066,0.00065988,85.0,2.8000000000000007,-1.4999999999999823e-06,3.7680000000000005e-05,-0.9765961210149244,pdms_trial_3
114,pdms,3,0.15,1.0,1.0,965.0,1460.0,11.40066,0.6987380662884842,-0.040095376248363596,polymer,460,8.50066,0.00065988,85.0,2.9000000000000004,-1.5399999999999615e-06,3.7620000000000036e-05,-0.9837118786896919,pdms_trial_3
115,pdms,3,0.15,1.0,1.0,965.0,1460.0,11.5007,0.7039252163152516,-0.05142633587550117,polymer,460,8.50066,0.00065988,85.0,3.0000400000000003,-1.519999999999972e-06,3.7600000000000047e-05,-0.9979433940392267,pdms_trial_3
116,pdms,3,0.15,1.0,1.0,965.0,1460.0,11.60066,0.6935509162617168,-0.05142633587550117,polymer,460,8.50066,0.00065988,85.0,3.0999999999999996,-1.5599999999999512e-06,3.7600000000000047e-05,-0.9837118786896919,pdms_trial_3
117,pdms,3,0.15,1.0,1.0,965.0,1460.0,11.7007,0.6935509162617168,-0.06275729550263874,polymer,460,8.50066,0.00065988,85.0,3.2000399999999996,-1.5599999999999512e-06,3.758000000000006e-05,-0.9908276363644593,pdms_trial_3
118,pdms,3,0.15,1.0,1.0,965.0,1460.0,11.80066,0.6883637662349494,-0.0854192147569139,polymer,460,8.50066,0.00065988,85.0,3.3000000000000007,-1.5799999999999408e-06,3.754000000000008e-05,-0.9979433940392267,pdms_trial_3
119,pdms,3,0.15,1.0,1.0,965.0,1460.0,11.90066,0.6883637662349494,-0.09675017438405147,polymer,460,8.50066,0.00065988,85.0,3.4000000000000004,-1.5799999999999408e-06,3.752000000000009e-05,-1.0050591517139942,pdms_trial_3
120,pdms,3,0.15,1.0,1.0,965.0,1460.0,12.000660000000002,0.6883637662349494,-0.09675017438405147,polymer,460,8.50066,0.00065988,85.0,3.5000000000000018,-1.5799999999999408e-06,3.752000000000009e-05,-1.0050591517139942,pdms_trial_3
121,pdms,3,0.15,1.0,1.0,965.0,1460.0,12.100700000000002,0.6883637662349494,-0.13074305326552563,polymer,460,8.50066,0.00065988,85.0,3.6000400000000017,-1.5799999999999408e-06,3.746000000000001e-05,-1.0264064247383349,pdms_trial_3
122,pdms,3,0.15,1.0,1.0,965.0,1460.0,12.2007,0.6779894661814146,-0.1420740128926632,polymer,460,8.50066,0.00065988,85.0,3.7000399999999996,-1.6199999999999201e-06,3.744000000000002e-05,-1.0192906670635675,pdms_trial_3
123,pdms,3,0.15,1.0,1.0,965.0,1460.0,12.3007,0.6728023161546473,-0.1420740128926632,polymer,460,8.50066,0.00065988,85.0,3.800040000000001,-1.6399999999999098e-06,3.744000000000002e-05,-1.0121749093888002,pdms_trial_3
124,pdms,3,0.15,1.0,1.0,965.0,1460.0,12.40066,0.6779894661814146,-0.16473593214693832,polymer,460,8.50066,0.00065988,85.0,3.9000000000000004,-1.6199999999999201e-06,3.740000000000004e-05,-1.0335221824131025,pdms_trial_3
125,pdms,3,0.15,1.0,1.0,965.0,1460.0,12.5007,0.6728023161546473,-0.17606689177407592,polymer,460,8.50066,0.00065988,85.0,4.00004,-1.6399999999999098e-06,3.738000000000005e-05,-1.0335221824131025,pdms_trial_3
126,pdms,3,0.15,1.0,1.0,965.0,1460.0,12.600700000000002,0.6728023161546473,-0.19872881102835105,polymer,460,8.50066,0.00065988,85.0,4.100040000000002,-1.6399999999999098e-06,3.734000000000007e-05,-1.0477536977626372,pdms_trial_3
127,pdms,3,0.15,1.0,1.0,965.0,1460.0,12.7007,0.6676151661278799,-0.19872881102835105,polymer,460,8.50066,0.00065988,85.0,4.2000399999999996,-1.6599999999998994e-06,3.734000000000007e-05,-1.0406379400878698,pdms_trial_3
128,pdms,3,0.15,1.0,1.0,965.0,1460.0,12.80066,0.6676151661278799,-0.19872881102835105,polymer,460,8.50066,0.00065988,85.0,4.300000000000001,-1.6599999999998994e-06,3.734000000000007e-05,-1.0406379400878698,pdms_trial_3
129,pdms,3,0.15,1.0,1.0,965.0,1460.0,12.9007,0.6676151661278799,-0.21005977065548864,polymer,460,8.50066,0.00065988,85.0,4.400040000000001,-1.6599999999998994e-06,3.732000000000008e-05,-1.0477536977626372,pdms_trial_3
130,pdms,3,0.15,1.0,1.0,965.0,1460.0,13.000660000000002,0.6624280161010844,-0.23272168990976377,polymer,460,8.50066,0.00065988,85.0,4.500000000000002,-1.6799999999999975e-06,3.7280000000000104e-05,-1.054869455437366,pdms_trial_3
131,pdms,3,0.15,1.0,1.0,965.0,1460.0,13.10066,0.6624280161010844,-0.23272168990976377,polymer,460,8.50066,0.00065988,85.0,4.6,-1.6799999999999975e-06,3.7280000000000104e-05,-1.054869455437366,pdms_trial_3
132,pdms,3,0.15,1.0,1.0,965.0,1460.0,13.2007,0.657240866074317,-0.2440526495369628,polymer,460,8.50066,0.00065988,85.0,4.7000399999999996,-1.6999999999999871e-06,3.7260000000000006e-05,-1.0548694554374047,pdms_trial_3
133,pdms,3,0.15,1.0,1.0,965.0,1460.0,13.30066,0.6624280161010844,-0.25538360916410036,polymer,460,8.50066,0.00065988,85.0,4.800000000000001,-1.6799999999999975e-06,3.7240000000000016e-05,-1.0691009707869394,pdms_trial_3
134,pdms,3,0.15,1.0,1.0,965.0,1460.0,13.4007,0.6520537160475495,-0.2780455284183755,polymer,460,8.50066,0.00065988,85.0,4.900040000000001,-1.7199999999999768e-06,3.720000000000004e-05,-1.0691009707869394,pdms_trial_3
135,pdms,3,0.15,1.0,1.0,965.0,1460.0,13.500700000000002,0.657240866074317,-0.2893764880455131,polymer,460,8.50066,0.00065988,85.0,5.000040000000002,-1.6999999999999871e-06,3.718000000000005e-05,-1.0833324861364744,pdms_trial_3
239,pdms,4,0.15,1.0,1.0,965.0,1460.0,23.9007,1.181143018778106,1.3082888193816835,polymer,460,23.9007,0.0006602,239.0,0.0,0.0,3.9679999999999945e-05,-0.7987021791456617,pdms_trial_4
240,pdms,4,0.15,1.0,1.0,965.0,1460.0,24.0007,1.1759558687513385,1.3082888193816835,polymer,460,23.9007,0.0006602,239.0,0.09999999999999787,-1.9999999999989644e-08,3.9679999999999945e-05,-0.7915864214708943,pdms_trial_4
241,pdms,4,0.15,1.0,1.0,965.0,1460.0,24.100700000000003,1.170768718724571,1.296957859754546,polymer,460,23.9007,0.0006602,239.0,0.20000000000000284,-3.999999999997929e-08,3.9659999999999956e-05,-0.7915864214708943,pdms_trial_4
242,pdms,4,0.15,1.0,1.0,965.0,1460.0,24.2007,1.1396458185639387,1.3082888193816835,polymer,460,23.9007,0.0006602,239.0,0.3000000000000007,-1.6000000000002557e-07,3.9679999999999945e-05,-0.7417761177474838,pdms_trial_4
243,pdms,4,0.15,1.0,1.0,965.0,1460.0,24.30066,1.0047799178679298,1.2289721019917204,polymer,460,23.9007,0.0006602,239.0,0.3999600000000001,-6.799999999999732e-07,3.954000000000002e-05,-0.6065767219268255,pdms_trial_4
244,pdms,4,0.15,1.0,1.0,965.0,1460.0,24.4007,0.9217855174395951,1.1949792231103076,polymer,460,23.9007,0.0006602,239.0,0.5,-1.0000000000000243e-06,3.948000000000005e-05,-0.5140718721547719,pdms_trial_4
245,pdms,4,0.15,1.0,1.0,965.0,1460.0,24.5007,0.8906626172789907,1.2289721019917204,polymer,460,23.9007,0.0006602,239.0,0.5999999999999979,-1.1199999999999622e-06,3.954000000000002e-05,-0.45003005308186506,pdms_trial_4
246,pdms,4,0.15,1.0,1.0,965.0,1460.0,24.600700000000003,0.8647268671451256,1.2289721019917204,polymer,460,23.9007,0.0006602,239.0,0.7000000000000028,-1.2200000000000188e-06,3.954000000000002e-05,-0.4144512647079894,pdms_trial_4
247,pdms,4,0.15,1.0,1.0,965.0,1460.0,24.7007,0.8439782670380559,1.2176411423645828,polymer,460,23.9007,0.0006602,239.0,0.8000000000000007,-1.2999999999999774e-06,3.952000000000003e-05,-0.3931039916836871,pdms_trial_4
248,pdms,4,0.15,1.0,1.0,965.0,1460.0,24.80066,0.8232296669309582,1.2176411423645828,polymer,460,23.9007,0.0006602,239.0,0.8999600000000001,-1.3800000000000444e-06,3.952000000000003e-05,-0.3646409609845788,pdms_trial_4
249,pdms,4,0.15,1.0,1.0,965.0,1460.0,24.90066,0.8128553668774234,1.2063101827374452,polymer,460,23.9007,0.0006602,239.0,0.999959999999998,-1.4200000000000237e-06,3.950000000000004e-05,-0.35752520330981136,pdms_trial_4
250,pdms,4,0.15,1.0,1.0,965.0,1460.0,25.000660000000003,0.7972939167971211,1.2176411423645828,polymer,460,23.9007,0.0006602,239.0,1.099960000000003,-1.4799999999999926e-06,3.952000000000003e-05,-0.32906217261074167,pdms_trial_4
251,pdms,4,0.15,1.0,1.0,965.0,1460.0,25.100700000000003,0.7921067667703537,1.2063101827374452,polymer,460,23.9007,0.0006602,239.0,1.2000000000000028,-1.4999999999999823e-06,3.950000000000004e-05,-0.32906217261074167,pdms_trial_4
252,pdms,4,0.15,1.0,1.0,965.0,1460.0,25.200660000000003,0.7765453166900516,1.2063101827374452,polymer,460,23.9007,0.0006602,239.0,1.2999600000000022,-1.5599999999999512e-06,3.950000000000004e-05,-0.30771489958643944,pdms_trial_4
253,pdms,4,0.15,1.0,1.0,965.0,1460.0,25.30066,0.7713581666632561,1.1836482634831087,polymer,460,23.9007,0.0006602,239.0,1.39996,-1.5800000000000492e-06,3.945999999999995e-05,-0.31483065726120685,pdms_trial_4
254,pdms,4,0.15,1.0,1.0,965.0,1460.0,25.4007,0.7557967165829539,1.172317303855971,polymer,460,23.9007,0.0006602,239.0,1.5,-1.6400000000000182e-06,3.943999999999996e-05,-0.300599141911672,pdms_trial_4
255,pdms,4,0.15,1.0,1.0,965.0,1460.0,25.5007,0.7506095665561864,1.172317303855971,polymer,460,23.9007,0.0006602,239.0,1.5999999999999979,-1.6600000000000078e-06,3.943999999999996e-05,-0.29348338423690457,pdms_trial_4
256,pdms,4,0.15,1.0,1.0,965.0,1460.0,25.600700000000003,0.7402352665026516,1.149655384601696,polymer,460,23.9007,0.0006602,239.0,1.7000000000000028,-1.6999999999999871e-06,3.939999999999998e-05,-0.29348338423690457,pdms_trial_4
257,pdms,4,0.15,1.0,1.0,965.0,1460.0,25.7007,0.7402352665026516,1.149655384601696,polymer,460,23.9007,0.0006602,239.0,1.8000000000000007,-1.6999999999999871e-06,3.939999999999998e-05,-0.29348338423690457,pdms_trial_4
258,pdms,4,0.15,1.0,1.0,965.0,1460.0,25.80066,0.7298609664491168,1.1383244249745583,polymer,460,23.9007,0.0006602,239.0,1.89996,-1.7399999999999664e-06,3.937999999999999e-05,-0.28636762656213716,pdms_trial_4
259,pdms,4,0.15,1.0,1.0,965.0,1460.0,25.90066,0.7246738164223494,1.1269934653474207,polymer,460,23.9007,0.0006602,239.0,1.999959999999998,-1.759999999999956e-06,3.936e-05,-0.28636762656213716,pdms_trial_4
260,pdms,4,0.15,1.0,1.0,965.0,1460.0,26.0007,0.7194866663955539,1.1156625057202831,polymer,460,23.9007,0.0006602,239.0,2.099999999999998,-1.7800000000000541e-06,3.934000000000001e-05,-0.2863676265620986,pdms_trial_4
261,pdms,4,0.15,1.0,1.0,965.0,1460.0,26.10066,0.7194866663955539,1.1043315460931455,polymer,460,23.9007,0.0006602,239.0,2.199960000000001,-1.7800000000000541e-06,3.932000000000002e-05,-0.293483384236866,pdms_trial_4
262,pdms,4,0.15,1.0,1.0,965.0,1460.0,26.2007,0.7142995163687865,1.0816696268388706,polymer,460,23.9007,0.0006602,239.0,2.3000000000000007,-1.8000000000000438e-06,3.9280000000000044e-05,-0.3005991419116334,pdms_trial_4
263,pdms,4,0.15,1.0,1.0,965.0,1460.0,26.300700000000003,0.7039252163152516,1.0590077075845339,polymer,460,23.9007,0.0006602,239.0,2.400000000000002,-1.840000000000023e-06,3.9239999999999956e-05,-0.300599141911672,pdms_trial_4
264,pdms,4,0.15,1.0,1.0,965.0,1460.0,26.4007,0.7091123663420191,1.0476767479573963,polymer,460,23.9007,0.0006602,239.0,2.5,-1.8200000000000334e-06,3.921999999999997e-05,-0.31483065726120685,pdms_trial_4
265,pdms,4,0.15,1.0,1.0,965.0,1460.0,26.5007,0.6987380662884842,1.0363457883302587,polymer,460,23.9007,0.0006602,239.0,2.599999999999998,-1.8600000000000127e-06,3.919999999999998e-05,-0.30771489958643944,pdms_trial_4
266,pdms,4,0.15,1.0,1.0,965.0,1460.0,26.60066,0.6935509162617168,1.0023529094488461,polymer,460,23.9007,0.0006602,239.0,2.699960000000001,-1.8800000000000023e-06,3.914000000000001e-05,-0.32194641493597426,pdms_trial_4
267,pdms,4,0.15,1.0,1.0,965.0,1460.0,26.700660000000003,0.683176616208182,0.9910219498217084,polymer,460,23.9007,0.0006602,239.0,2.7999600000000022,-1.9199999999999816e-06,3.912000000000002e-05,-0.31483065726120685,pdms_trial_4
268,pdms,4,0.15,1.0,1.0,965.0,1460.0,26.800700000000003,0.6935509162617168,0.9910219498217084,polymer,460,23.9007,0.0006602,239.0,2.900000000000002,-1.8800000000000023e-06,3.912000000000002e-05,-0.32906217261074167,pdms_trial_4
269,pdms,4,0.15,1.0,1.0,965.0,1460.0,26.90066,0.683176616208182,0.9683600305674334,polymer,460,23.9007,0.0006602,239.0,2.999959999999998,-1.9199999999999816e-06,3.908000000000004e-05,-0.32906217261074167,pdms_trial_4
270,pdms,4,0.15,1.0,1.0,965.0,1460.0,27.0007,0.6779894661814146,0.9456981113130968,polymer,460,23.9007,0.0006602,239.0,3.099999999999998,-1.9399999999999713e-06,3.903999999999995e-05,-0.3361779302855477,pdms_trial_4
271,pdms,4,0.15,1.0,1.0,965.0,1460.0,27.10066,0.6779894661814146,0.9456981113130968,polymer,460,23.9007,0.0006602,239.0,3.199960000000001,-1.9399999999999713e-06,3.903999999999995e-05,-0.3361779302855477,pdms_trial_4
272,pdms,4,0.15,1.0,1.0,965.0,1460.0,27.200660000000003,0.6779894661814146,0.9456981113130968,polymer,460,23.9007,0.0006602,239.0,3.2999600000000022,-1.9399999999999713e-06,3.903999999999995e-05,-0.3361779302855477,pdms_trial_4
273,pdms,4,0.15,1.0,1.0,965.0,1460.0,27.30066,0.6676151661278799,0.9230361920588216,polymer,460,23.9007,0.0006602,239.0,3.39996,-1.9799999999999505e-06,3.899999999999997e-05,-0.3361779302855477,pdms_trial_4
274,pdms,4,0.15,1.0,1.0,965.0,1460.0,27.4007,0.6728023161546473,0.9230361920588216,polymer,460,23.9007,0.0006602,239.0,3.5,-1.959999999999961e-06,3.899999999999997e-05,-0.3432936879603151,pdms_trial_4
275,pdms,4,0.15,1.0,1.0,965.0,1460.0,27.5007,0.6676151661278799,0.9003742728045465,polymer,460,23.9007,0.0006602,239.0,3.599999999999998,-1.9799999999999505e-06,3.895999999999999e-05,-0.35040944563508253,pdms_trial_4
276,pdms,4,0.15,1.0,1.0,965.0,1460.0,27.600700000000003,0.6676151661278799,0.8663813939231337,polymer,460,23.9007,0.0006602,239.0,3.700000000000003,-1.9799999999999505e-06,3.8900000000000024e-05,-0.3717567186593848,pdms_trial_4
277,pdms,4,0.15,1.0,1.0,965.0,1460.0,27.7007,0.6676151661278799,0.8663813939231337,polymer,460,23.9007,0.0006602,239.0,3.8000000000000007,-1.9799999999999505e-06,3.8900000000000024e-05,-0.3717567186593848,pdms_trial_4
278,pdms,4,0.15,1.0,1.0,965.0,1460.0,27.800700000000003,0.6624280161010844,0.8550504342959961,polymer,460,23.9007,0.0006602,239.0,3.900000000000002,-2.0000000000000486e-06,3.8880000000000034e-05,-0.37175671865934623,pdms_trial_4
279,pdms,4,0.15,1.0,1.0,965.0,1460.0,27.900700000000004,0.6624280161010844,0.8323885150416596,polymer,460,23.9007,0.0006602,239.0,4.0000000000000036,-2.0000000000000486e-06,3.883999999999995e-05,-0.38598823400891963,pdms_trial_4
280,pdms,4,0.15,1.0,1.0,965.0,1460.0,28.000660000000003,0.657240866074317,0.821057555414522,polymer,460,23.9007,0.0006602,239.0,4.099960000000003,-2.0200000000000383e-06,3.881999999999996e-05,-0.38598823400891963,pdms_trial_4
281,pdms,4,0.15,1.0,1.0,965.0,1460.0,28.10066,0.6624280161010844,0.821057555414522,polymer,460,23.9007,0.0006602,239.0,4.199960000000001,-2.0000000000000486e-06,3.881999999999996e-05,-0.3931039916836871,pdms_trial_4
282,pdms,4,0.15,1.0,1.0,965.0,1460.0,28.2007,0.657240866074317,0.8097265957873845,polymer,460,23.9007,0.0006602,239.0,4.300000000000001,-2.0200000000000383e-06,3.879999999999997e-05,-0.3931039916836871,pdms_trial_4
283,pdms,4,0.15,1.0,1.0,965.0,1460.0,28.300700000000003,0.6520537160475495,0.7983956361602469,polymer,460,23.9007,0.0006602,239.0,4.400000000000002,-2.040000000000028e-06,3.877999999999998e-05,-0.3931039916836871,pdms_trial_4
284,pdms,4,0.15,1.0,1.0,965.0,1460.0,28.400700000000004,0.6468665660207821,0.7870646765331093,polymer,460,23.9007,0.0006602,239.0,4.5000000000000036,-2.0600000000000175e-06,3.875999999999999e-05,-0.3931039916836871,pdms_trial_4
285,pdms,4,0.15,1.0,1.0,965.0,1460.0,28.500660000000003,0.6468665660207821,0.7757337169059717,polymer,460,23.9007,0.0006602,239.0,4.599960000000003,-2.0600000000000175e-06,3.874e-05,-0.4002197493584545,pdms_trial_4
286,pdms,4,0.15,1.0,1.0,965.0,1460.0,28.60066,0.6468665660207821,0.7644027572788341,polymer,460,23.9007,0.0006602,239.0,4.699960000000001,-2.0600000000000175e-06,3.872000000000001e-05,-0.4073355070332219,pdms_trial_4
287,pdms,4,0.15,1.0,1.0,965.0,1460.0,28.7007,0.6416794159940147,0.7644027572788341,polymer,460,23.9007,0.0006602,239.0,4.800000000000001,-2.080000000000007e-06,3.872000000000001e-05,-0.4002197493584545,pdms_trial_4
288,pdms,4,0.15,1.0,1.0,965.0,1460.0,28.800670000000004,0.6468665660207821,0.741740838024559,polymer,460,23.9007,0.0006602,239.0,4.899970000000003,-2.0600000000000175e-06,3.868000000000003e-05,-0.4215670223827568,pdms_trial_4
289,pdms,4,0.15,1.0,1.0,965.0,1460.0,28.90066,0.6468665660207821,0.7190789187702838,polymer,460,23.9007,0.0006602,239.0,4.999959999999998,-2.0600000000000175e-06,3.864000000000005e-05,-0.4357985377322916,pdms_trial_4
290,pdms,4,0.15,1.0,1.0,965.0,1460.0,29.0007,0.6364922659672473,0.7077479591430849,polymer,460,23.9007,0.0006602,239.0,5.099999999999998,-2.099999999999997e-06,3.861999999999995e-05,-0.4286827800575628,pdms_trial_4
111,pdms,5,0.15,1.0,1.0,965.0,1460.0,11.10071,1.1759558687513385,1.296957859754546,polymer,460,11.10071,0.00066018,111.0,0.0,0.0,3.9679999999999945e-05,-0.7987021791456617,pdms_trial_5
112,pdms,5,0.15,1.0,1.0,965.0,1460.0,11.20066,1.1655815686978037,1.296957859754546,polymer,460,11.10071,0.00066018,111.0,0.09994999999999976,-3.999999999997929e-08,3.9679999999999945e-05,-0.7844706637961268,pdms_trial_5
113,pdms,5,0.15,1.0,1.0,965.0,1460.0,11.30067,1.170768718724571,1.2856269001274083,polymer,460,11.10071,0.00066018,111.0,0.1999600000000008,-1.9999999999989644e-08,3.9659999999999956e-05,-0.7987021791456617,pdms_trial_5
114,pdms,5,0.15,1.0,1.0,965.0,1460.0,11.400670000000002,1.155207268644269,1.296957859754546,polymer,460,11.10071,0.00066018,111.0,0.2999600000000022,-7.999999999995858e-08,3.9679999999999945e-05,-0.770239148446592,pdms_trial_5
115,pdms,5,0.15,1.0,1.0,965.0,1460.0,11.5007,1.0722128682159342,1.240303061618858,polymer,460,11.10071,0.00066018,111.0,0.39999000000000073,-4.000000000000097e-07,3.958e-05,-0.6919658140240732,pdms_trial_5
116,pdms,5,0.15,1.0,1.0,965.0,1460.0,11.600700000000002,1.020341367948232,1.1949792231103076,polymer,460,11.10071,0.00066018,111.0,0.49999000000000215,-6.000000000000146e-07,3.950000000000004e-05,-0.6492712679754301,pdms_trial_5
117,pdms,5,0.15,1.0,1.0,965.0,1460.0,11.70071,0.9736570177072973,1.2516340212459955,polymer,460,11.10071,0.00066018,111.0,0.6000000000000014,-7.800000000000298e-07,3.959999999999999e-05,-0.5496506605286475,pdms_trial_5
118,pdms,5,0.15,1.0,1.0,965.0,1460.0,11.8007,0.9788441677340647,1.3082888193816835,polymer,460,11.10071,0.00066018,111.0,0.6999900000000014,-7.600000000000402e-07,3.9699999999999935e-05,-0.5211876298295779,pdms_trial_5
119,pdms,5,0.15,1.0,1.0,965.0,1460.0,11.90071,0.9684698676805299,1.3082888193816835,polymer,460,11.10071,0.00066018,111.0,0.8000000000000007,-8.000000000000194e-07,3.9699999999999935e-05,-0.506956114480043,pdms_trial_5
120,pdms,5,0.15,1.0,1.0,965.0,1460.0,12.0007,0.9632827176537625,1.3082888193816835,polymer,460,11.10071,0.00066018,111.0,0.8999900000000007,-8.200000000000091e-07,3.9699999999999935e-05,-0.4998403568052756,pdms_trial_5
121,pdms,5,0.15,1.0,1.0,965.0,1460.0,12.100700000000002,0.9580955676269951,1.3082888193816835,polymer,460,11.10071,0.00066018,111.0,0.9999900000000022,-8.399999999999987e-07,3.9699999999999935e-05,-0.49272459913050815,pdms_trial_5
122,pdms,5,0.15,1.0,1.0,965.0,1460.0,12.20066,0.9477212675734602,1.3196197790088824,polymer,460,11.10071,0.00066018,111.0,1.0999499999999998,-8.79999999999978e-07,3.972000000000003e-05,-0.47137732610616734,pdms_trial_5
123,pdms,5,0.15,1.0,1.0,965.0,1460.0,12.3007,0.9373469675198973,1.3082888193816835,polymer,460,11.10071,0.00066018,111.0,1.1999900000000014,-9.200000000000657e-07,3.9699999999999935e-05,-0.4642615684313999,pdms_trial_5
124,pdms,5,0.15,1.0,1.0,965.0,1460.0,12.400670000000002,0.9321598174931299,1.3082888193816835,polymer,460,11.10071,0.00066018,111.0,1.2999600000000022,-9.400000000000554e-07,3.9699999999999935e-05,-0.45714581075663246,pdms_trial_5
125,pdms,5,0.15,1.0,1.0,965.0,1460.0,12.5007,0.9217855174395951,1.3082888193816835,polymer,460,11.10071,0.00066018,111.0,1.3999900000000007,-9.800000000000347e-07,3.9699999999999935e-05,-0.4429142954070976,pdms_trial_5
126,pdms,5,0.15,1.0,1.0,965.0,1460.0,12.600700000000002,0.9114112173860603,1.296957859754546,polymer,460,11.10071,0.00066018,111.0,1.4999900000000022,-1.020000000000014e-06,3.9679999999999945e-05,-0.4357985377323302,pdms_trial_5
127,pdms,5,0.15,1.0,1.0,965.0,1460.0,12.7007,0.9114112173860603,1.2856269001274083,polymer,460,11.10071,0.00066018,111.0,1.59999,-1.020000000000014e-06,3.9659999999999956e-05,-0.4429142954070976,pdms_trial_5
128,pdms,5,0.15,1.0,1.0,965.0,1460.0,12.8007,0.9010369173325256,1.296957859754546,polymer,460,11.10071,0.00066018,111.0,1.6999900000000014,-1.0599999999999932e-06,3.9679999999999945e-05,-0.42156702238279536,pdms_trial_5
129,pdms,5,0.15,1.0,1.0,965.0,1460.0,12.9007,0.895849767305758,1.2742959405002707,polymer,460,11.10071,0.00066018,111.0,1.799990000000001,-1.0799999999999829e-06,3.9639999999999966e-05,-0.4286827800575628,pdms_trial_5
130,pdms,5,0.15,1.0,1.0,965.0,1460.0,13.000660000000002,0.8906626172789907,1.2629649808731331,polymer,460,11.10071,0.00066018,111.0,1.8999500000000022,-1.0999999999999725e-06,3.9619999999999976e-05,-0.4286827800575628,pdms_trial_5
131,pdms,5,0.15,1.0,1.0,965.0,1460.0,13.10071,0.8906626172789907,1.2629649808731331,polymer,460,11.10071,0.00066018,111.0,2.0,-1.0999999999999725e-06,3.9619999999999976e-05,-0.4286827800575628,pdms_trial_5
132,pdms,5,0.15,1.0,1.0,965.0,1460.0,13.20066,0.8802883172254278,1.2516340212459955,polymer,460,11.10071,0.00066018,111.0,2.0999499999999998,-1.1400000000000602e-06,3.959999999999999e-05,-0.4215670223827568,pdms_trial_5
133,pdms,5,0.15,1.0,1.0,965.0,1460.0,13.30067,0.869914017171893,1.2289721019917204,polymer,460,11.10071,0.00066018,111.0,2.199960000000001,-1.1800000000000395e-06,3.956000000000001e-05,-0.4215670223827568,pdms_trial_5
134,pdms,5,0.15,1.0,1.0,965.0,1460.0,13.400710000000002,0.869914017171893,1.2176411423645828,polymer,460,11.10071,0.00066018,111.0,2.3000000000000025,-1.1800000000000395e-06,3.954000000000002e-05,-0.4286827800575242,pdms_trial_5
135,pdms,5,0.15,1.0,1.0,965.0,1460.0,13.500700000000002,0.8595397171183582,1.2063101827374452,polymer,460,11.10071,0.00066018,111.0,2.3999900000000025,-1.2200000000000188e-06,3.952000000000003e-05,-0.4215670223827568,pdms_trial_5
136,pdms,5,0.15,1.0,1.0,965.0,1460.0,13.600700000000002,0.8543525670915908,1.1949792231103076,polymer,460,11.10071,0.00066018,111.0,2.499990000000002,-1.2400000000000085e-06,3.950000000000004e-05,-0.4215670223827568,pdms_trial_5
137,pdms,5,0.15,1.0,1.0,965.0,1460.0,13.7007,0.8491654170648233,1.1836482634831087,polymer,460,11.10071,0.00066018,111.0,2.59999,-1.259999999999998e-06,3.947999999999994e-05,-0.42156702238279536,pdms_trial_5
138,pdms,5,0.15,1.0,1.0,965.0,1460.0,13.80066,0.8491654170648233,1.1836482634831087,polymer,460,11.10071,0.00066018,111.0,2.699950000000001,-1.259999999999998e-06,3.947999999999994e-05,-0.42156702238279536,pdms_trial_5
139,pdms,5,0.15,1.0,1.0,965.0,1460.0,13.900660000000002,0.8439782670380559,1.172317303855971,polymer,460,11.10071,0.00066018,111.0,2.7999500000000026,-1.2799999999999877e-06,3.945999999999995e-05,-0.42156702238279536,pdms_trial_5
140,pdms,5,0.15,1.0,1.0,965.0,1460.0,14.000660000000002,0.8439782670380559,1.1609863442288335,polymer,460,11.10071,0.00066018,111.0,2.8999500000000022,-1.2799999999999877e-06,3.943999999999996e-05,-0.4286827800575628,pdms_trial_5
141,pdms,5,0.15,1.0,1.0,965.0,1460.0,14.10066,0.8336039669845211,1.1383244249745583,polymer,460,11.10071,0.00066018,111.0,2.99995,-1.319999999999967e-06,3.939999999999998e-05,-0.4286827800575628,pdms_trial_5
142,pdms,5,0.15,1.0,1.0,965.0,1460.0,14.2007,0.8284168169577256,1.1383244249745583,polymer,460,11.10071,0.00066018,111.0,3.09999,-1.340000000000065e-06,3.939999999999998e-05,-0.4215670223827568,pdms_trial_5
143,pdms,5,0.15,1.0,1.0,965.0,1460.0,14.3007,0.8284168169577256,1.1269934653474207,polymer,460,11.10071,0.00066018,111.0,3.1999900000000014,-1.340000000000065e-06,3.937999999999999e-05,-0.4286827800575242,pdms_trial_5
144,pdms,5,0.15,1.0,1.0,965.0,1460.0,14.4007,0.8232296669309582,1.1156625057202831,polymer,460,11.10071,0.00066018,111.0,3.299990000000001,-1.3600000000000547e-06,3.936e-05,-0.4286827800575242,pdms_trial_5
145,pdms,5,0.15,1.0,1.0,965.0,1460.0,14.500700000000002,0.8180425169041908,1.0930005864660082,polymer,460,11.10071,0.00066018,111.0,3.3999900000000025,-1.3800000000000444e-06,3.932000000000002e-05,-0.4357985377322916,pdms_trial_5
146,pdms,5,0.15,1.0,1.0,965.0,1460.0,14.60066,0.8128553668774234,1.0703386672116715,polymer,460,11.10071,0.00066018,111.0,3.49995,-1.400000000000034e-06,3.9279999999999936e-05,-0.4429142954070976,pdms_trial_5
147,pdms,5,0.15,1.0,1.0,965.0,1460.0,14.70071,0.8128553668774234,1.0703386672116715,polymer,460,11.10071,0.00066018,111.0,3.6000000000000014,-1.400000000000034e-06,3.9279999999999936e-05,-0.4429142954070976,pdms_trial_5
148,pdms,5,0.15,1.0,1.0,965.0,1460.0,14.80071,0.8128553668774234,1.0816696268388706,polymer,460,11.10071,0.00066018,111.0,3.700000000000001,-1.400000000000034e-06,3.9300000000000034e-05,-0.4357985377322916,pdms_trial_5
149,pdms,5,0.15,1.0,1.0,965.0,1460.0,14.9007,0.8024810668238886,1.0476767479573963,polymer,460,11.10071,0.00066018,111.0,3.799990000000001,-1.4400000000000133e-06,3.9239999999999956e-05,-0.4429142954070976,pdms_trial_5
150,pdms,5,0.15,1.0,1.0,965.0,1460.0,15.00067,0.7972939167971211,1.0590077075845339,polymer,460,11.10071,0.00066018,111.0,3.89996,-1.460000000000003e-06,3.9259999999999946e-05,-0.4286827800575628,pdms_trial_5
151,pdms,5,0.15,1.0,1.0,965.0,1460.0,15.100700000000002,0.7972939167971211,1.0363457883302587,polymer,460,11.10071,0.00066018,111.0,3.999990000000002,-1.460000000000003e-06,3.921999999999997e-05,-0.4429142954070976,pdms_trial_5
152,pdms,5,0.15,1.0,1.0,965.0,1460.0,15.2007,0.7921067667703537,1.025014828703121,polymer,460,11.10071,0.00066018,111.0,4.09999,-1.4799999999999926e-06,3.919999999999998e-05,-0.4429142954070976,pdms_trial_5
153,pdms,5,0.15,1.0,1.0,965.0,1460.0,15.300670000000002,0.7921067667703537,1.0136838690759837,polymer,460,11.10071,0.00066018,111.0,4.199960000000003,-1.4799999999999926e-06,3.917999999999999e-05,-0.45003005308186506,pdms_trial_5
154,pdms,5,0.15,1.0,1.0,965.0,1460.0,15.4007,0.7869196167435863,0.9910219498217084,polymer,460,11.10071,0.00066018,111.0,4.299990000000001,-1.4999999999999823e-06,3.914000000000001e-05,-0.45714581075663246,pdms_trial_5
155,pdms,5,0.15,1.0,1.0,965.0,1460.0,15.500700000000002,0.7869196167435863,0.9910219498217084,polymer,460,11.10071,0.00066018,111.0,4.3999900000000025,-1.4999999999999823e-06,3.914000000000001e-05,-0.45714581075663246,pdms_trial_5
156,pdms,5,0.15,1.0,1.0,965.0,1460.0,15.60066,0.7869196167435863,0.979690990194571,polymer,460,11.10071,0.00066018,111.0,4.49995,-1.4999999999999823e-06,3.912000000000002e-05,-0.4642615684313999,pdms_trial_5
157,pdms,5,0.15,1.0,1.0,965.0,1460.0,15.70066,0.7765453166900516,0.979690990194571,polymer,460,11.10071,0.00066018,111.0,4.59995,-1.5399999999999615e-06,3.912000000000002e-05,-0.45003005308186506,pdms_trial_5
158,pdms,5,0.15,1.0,1.0,965.0,1460.0,15.80066,0.7765453166900516,0.9683600305674334,polymer,460,11.10071,0.00066018,111.0,4.699950000000001,-1.5399999999999615e-06,3.910000000000003e-05,-0.45714581075663246,pdms_trial_5
159,pdms,5,0.15,1.0,1.0,965.0,1460.0,15.900660000000002,0.7661710166364887,0.9570290709402958,polymer,460,11.10071,0.00066018,111.0,4.799950000000003,-1.5800000000000492e-06,3.908000000000004e-05,-0.4500300530818265,pdms_trial_5
160,pdms,5,0.15,1.0,1.0,965.0,1460.0,16.00066,0.7609838666097213,0.9343671516859592,polymer,460,11.10071,0.00066018,111.0,4.8999500000000005,-1.6000000000000389e-06,3.903999999999995e-05,-0.45714581075663246,pdms_trial_5
161,pdms,5,0.15,1.0,1.0,965.0,1460.0,16.10066,0.7713581666632561,0.9230361920588216,polymer,460,11.10071,0.00066018,111.0,4.999950000000002,-1.5600000000000596e-06,3.901999999999996e-05,-0.47849308378093475,pdms_trial_5
162,pdms,5,0.15,1.0,1.0,965.0,1460.0,16.2007,0.7609838666097213,0.9230361920588216,polymer,460,11.10071,0.00066018,111.0,5.099990000000002,-1.6000000000000389e-06,3.901999999999996e-05,-0.4642615684313999,pdms_trial_5
177,pdms,6,0.15,1.0,1.0,965.0,1460.0,17.7007,1.0774000182427015,1.1383244249745583,polymer,460,17.7007,0.0006598,177.0,0.0,0.0,3.978e-05,-0.763123390771786,pdms_trial_6
178,pdms,6,0.15,1.0,1.0,965.0,1460.0,17.80066,1.0722128682159342,1.1383244249745583,polymer,460,17.7007,0.0006598,177.0,0.09995999999999938,-1.9999999999989644e-08,3.978e-05,-0.7560076330970186,pdms_trial_6
179,pdms,6,0.15,1.0,1.0,965.0,1460.0,17.90067,1.0774000182427015,1.1269934653474207,polymer,460,17.7007,0.0006598,177.0,0.19997000000000043,0.0,3.976000000000001e-05,-0.7702391484465534,pdms_trial_6
180,pdms,6,0.15,1.0,1.0,965.0,1460.0,18.00066,1.0359028180285343,1.149655384601696,polymer,460,17.7007,0.0006598,177.0,0.29995999999999867,-1.6000000000002557e-07,3.979999999999999e-05,-0.6990815716988406,pdms_trial_6
181,pdms,6,0.15,1.0,1.0,965.0,1460.0,18.1007,0.994405617814395,1.0023529094488461,polymer,460,17.7007,0.0006598,177.0,0.3999999999999986,-3.199999999999427e-07,3.954000000000002e-05,-0.7346603600727163,pdms_trial_6
182,pdms,6,0.15,1.0,1.0,965.0,1460.0,18.2007,0.9580955676269951,0.9343671516859592,polymer,460,17.7007,0.0006598,177.0,0.5,-4.5999999999997866e-07,3.941999999999997e-05,-0.7275446023979488,pdms_trial_6
183,pdms,6,0.15,1.0,1.0,965.0,1460.0,18.300700000000003,0.9269726674663625,0.9230361920588216,polymer,460,17.7007,0.0006598,177.0,0.6000000000000014,-5.800000000000249e-07,3.939999999999998e-05,-0.6919658140240732,pdms_trial_6
184,pdms,6,0.15,1.0,1.0,965.0,1460.0,18.4007,0.8906626172789907,0.9003742728045465,polymer,460,17.7007,0.0006598,177.0,0.6999999999999993,-7.199999999999524e-07,3.936e-05,-0.6563870256502361,pdms_trial_6
185,pdms,6,0.15,1.0,1.0,965.0,1460.0,18.5007,0.8647268671451256,0.9003742728045465,polymer,460,17.7007,0.0006598,177.0,0.7999999999999972,-8.200000000000091e-07,3.936e-05,-0.6208082372763604,pdms_trial_6
186,pdms,6,0.15,1.0,1.0,965.0,1460.0,18.6007,0.8543525670915908,0.9003742728045465,polymer,460,17.7007,0.0006598,177.0,0.8999999999999986,-8.599999999999884e-07,3.936e-05,-0.6065767219268255,pdms_trial_6
187,pdms,6,0.15,1.0,1.0,965.0,1460.0,18.7007,0.8336039669845211,0.8890433131774089,polymer,460,17.7007,0.0006598,177.0,1.0,-9.39999999999947e-07,3.934000000000001e-05,-0.5852294489025233,pdms_trial_6
188,pdms,6,0.15,1.0,1.0,965.0,1460.0,18.80067,0.8284168169577256,0.8777123535502713,polymer,460,17.7007,0.0006598,177.0,1.099969999999999,-9.60000000000045e-07,3.932000000000002e-05,-0.5852294489024846,pdms_trial_6
189,pdms,6,0.15,1.0,1.0,965.0,1460.0,18.90071,0.8128553668774234,0.8550504342959961,polymer,460,17.7007,0.0006598,177.0,1.200009999999999,-1.020000000000014e-06,3.9280000000000044e-05,-0.5781136912277173,pdms_trial_6
190,pdms,6,0.15,1.0,1.0,965.0,1460.0,19.000670000000003,0.807668216850656,0.8663813939231337,polymer,460,17.7007,0.0006598,177.0,1.2999700000000018,-1.0400000000000036e-06,3.9300000000000034e-05,-0.5638821758781823,pdms_trial_6
191,pdms,6,0.15,1.0,1.0,965.0,1460.0,19.1007,0.7921067667703537,0.8550504342959961,polymer,460,17.7007,0.0006598,177.0,1.3999999999999986,-1.0999999999999725e-06,3.9280000000000044e-05,-0.5496506605286475,pdms_trial_6
192,pdms,6,0.15,1.0,1.0,965.0,1460.0,19.200660000000003,0.781732466716819,0.8437194746688585,polymer,460,17.7007,0.0006598,177.0,1.4999600000000015,-1.1399999999999518e-06,3.9260000000000054e-05,-0.5425349028538802,pdms_trial_6
193,pdms,6,0.15,1.0,1.0,965.0,1460.0,19.30066,0.781732466716819,0.8437194746688585,polymer,460,17.7007,0.0006598,177.0,1.5999599999999994,-1.1399999999999518e-06,3.9260000000000054e-05,-0.5425349028538802,pdms_trial_6
194,pdms,6,0.15,1.0,1.0,965.0,1460.0,19.4007,0.7713581666632561,0.8437194746688585,polymer,460,17.7007,0.0006598,177.0,1.6999999999999993,-1.1800000000000395e-06,3.9260000000000054e-05,-0.5283033875043067,pdms_trial_6
195,pdms,6,0.15,1.0,1.0,965.0,1460.0,19.5007,0.7609838666097213,0.8097265957873845,polymer,460,17.7007,0.0006598,177.0,1.7999999999999972,-1.2200000000000188e-06,3.919999999999998e-05,-0.5354191451791127,pdms_trial_6
196,pdms,6,0.15,1.0,1.0,965.0,1460.0,19.600700000000003,0.7609838666097213,0.8097265957873845,polymer,460,17.7007,0.0006598,177.0,1.9000000000000021,-1.2200000000000188e-06,3.919999999999998e-05,-0.5354191451791127,pdms_trial_6
197,pdms,6,0.15,1.0,1.0,965.0,1460.0,19.7007,0.7506095665561864,0.7870646765331093,polymer,460,17.7007,0.0006598,177.0,2.0,-1.259999999999998e-06,3.916e-05,-0.5354191451791127,pdms_trial_6
198,pdms,6,0.15,1.0,1.0,965.0,1460.0,19.80066,0.7506095665561864,0.7757337169059717,polymer,460,17.7007,0.0006598,177.0,2.0999599999999994,-1.259999999999998e-06,3.914000000000001e-05,-0.5425349028538802,pdms_trial_6
199,pdms,6,0.15,1.0,1.0,965.0,1460.0,19.90067,0.7402352665026516,0.7644027572788341,polymer,460,17.7007,0.0006598,177.0,2.1999700000000004,-1.2999999999999774e-06,3.912000000000002e-05,-0.5354191451791127,pdms_trial_6
200,pdms,6,0.15,1.0,1.0,965.0,1460.0,20.00071,0.7350481164758842,0.7644027572788341,polymer,460,17.7007,0.0006598,177.0,2.3000100000000003,-1.319999999999967e-06,3.912000000000002e-05,-0.5283033875043452,pdms_trial_6
201,pdms,6,0.15,1.0,1.0,965.0,1460.0,20.10067,0.7350481164758842,0.741740838024559,polymer,460,17.7007,0.0006598,177.0,2.3999699999999997,-1.319999999999967e-06,3.908000000000004e-05,-0.5425349028538802,pdms_trial_6
202,pdms,6,0.15,1.0,1.0,965.0,1460.0,20.2007,0.7298609664491168,0.7304098783974214,polymer,460,17.7007,0.0006598,177.0,2.5,-1.3399999999999567e-06,3.906000000000005e-05,-0.5425349028538802,pdms_trial_6
203,pdms,6,0.15,1.0,1.0,965.0,1460.0,20.30066,0.7298609664491168,0.7077479591430849,polymer,460,17.7007,0.0006598,177.0,2.5999599999999994,-1.3399999999999567e-06,3.901999999999996e-05,-0.5567664182034535,pdms_trial_6
204,pdms,6,0.15,1.0,1.0,965.0,1460.0,20.40066,0.7246738164223494,0.6964169995159473,polymer,460,17.7007,0.0006598,177.0,2.6999599999999973,-1.3599999999999463e-06,3.899999999999997e-05,-0.5567664182034535,pdms_trial_6
205,pdms,6,0.15,1.0,1.0,965.0,1460.0,20.500660000000003,0.7194866663955539,0.6850860398888097,polymer,460,17.7007,0.0006598,177.0,2.7999600000000022,-1.3800000000000444e-06,3.897999999999998e-05,-0.556766418203415,pdms_trial_6
206,pdms,6,0.15,1.0,1.0,965.0,1460.0,20.600700000000003,0.7194866663955539,0.6850860398888097,polymer,460,17.7007,0.0006598,177.0,2.900000000000002,-1.3800000000000444e-06,3.897999999999998e-05,-0.556766418203415,pdms_trial_6
207,pdms,6,0.15,1.0,1.0,965.0,1460.0,20.70071,0.7142995163687865,0.6624241206345346,polymer,460,17.7007,0.0006598,177.0,3.0000099999999996,-1.400000000000034e-06,3.894e-05,-0.5638821758781823,pdms_trial_6
208,pdms,6,0.15,1.0,1.0,965.0,1460.0,20.800700000000003,0.7142995163687865,0.6397622013802594,polymer,460,17.7007,0.0006598,177.0,3.1000000000000014,-1.400000000000034e-06,3.8900000000000024e-05,-0.5781136912277173,pdms_trial_6
209,pdms,6,0.15,1.0,1.0,965.0,1460.0,20.9007,0.7091123663420191,0.6284312417531218,polymer,460,17.7007,0.0006598,177.0,3.1999999999999993,-1.4200000000000237e-06,3.8880000000000034e-05,-0.5781136912277173,pdms_trial_6
210,pdms,6,0.15,1.0,1.0,965.0,1460.0,21.000660000000003,0.7039252163152516,0.6171002821259842,polymer,460,17.7007,0.0006598,177.0,3.2999600000000022,-1.4400000000000133e-06,3.8860000000000045e-05,-0.5781136912277173,pdms_trial_6
211,pdms,6,0.15,1.0,1.0,965.0,1460.0,21.10066,0.7039252163152516,0.6057693224988466,polymer,460,17.7007,0.0006598,177.0,3.39996,-1.4400000000000133e-06,3.8840000000000055e-05,-0.5852294489024846,pdms_trial_6
212,pdms,6,0.15,1.0,1.0,965.0,1460.0,21.200660000000003,0.7039252163152516,0.5831074032445102,polymer,460,17.7007,0.0006598,177.0,3.4999600000000015,-1.4400000000000133e-06,3.879999999999997e-05,-0.5994609642520581,pdms_trial_6
213,pdms,6,0.15,1.0,1.0,965.0,1460.0,21.30067,0.6987380662884842,0.5831074032445102,polymer,460,17.7007,0.0006598,177.0,3.599969999999999,-1.460000000000003e-06,3.879999999999997e-05,-0.5923452065772906,pdms_trial_6
214,pdms,6,0.15,1.0,1.0,965.0,1460.0,21.4007,0.6987380662884842,0.5717764436173726,polymer,460,17.7007,0.0006598,177.0,3.6999999999999993,-1.460000000000003e-06,3.877999999999998e-05,-0.5994609642520581,pdms_trial_6
215,pdms,6,0.15,1.0,1.0,965.0,1460.0,21.500660000000003,0.6883637662349494,0.560445483990235,polymer,460,17.7007,0.0006598,177.0,3.7999600000000022,-1.4999999999999823e-06,3.875999999999999e-05,-0.5923452065772906,pdms_trial_6
216,pdms,6,0.15,1.0,1.0,965.0,1460.0,21.60066,0.6935509162617168,0.5377835647359598,polymer,460,17.7007,0.0006598,177.0,3.89996,-1.4799999999999926e-06,3.872000000000001e-05,-0.6136924796015929,pdms_trial_6
217,pdms,6,0.15,1.0,1.0,965.0,1460.0,21.7007,0.6883637662349494,0.5264526051088222,polymer,460,17.7007,0.0006598,177.0,4.0,-1.4999999999999823e-06,3.870000000000002e-05,-0.6136924796015929,pdms_trial_6
218,pdms,6,0.15,1.0,1.0,965.0,1460.0,21.800700000000003,0.683176616208182,0.5264526051088222,polymer,460,17.7007,0.0006598,177.0,4.100000000000001,-1.519999999999972e-06,3.870000000000002e-05,-0.6065767219268255,pdms_trial_6
219,pdms,6,0.15,1.0,1.0,965.0,1460.0,21.9007,0.683176616208182,0.5151216454816847,polymer,460,17.7007,0.0006598,177.0,4.199999999999999,-1.519999999999972e-06,3.868000000000003e-05,-0.6136924796015929,pdms_trial_6
220,pdms,6,0.15,1.0,1.0,965.0,1460.0,22.000660000000003,0.683176616208182,0.4924597262274095,polymer,460,17.7007,0.0006598,177.0,4.299960000000002,-1.519999999999972e-06,3.864000000000005e-05,-0.6279239949511278,pdms_trial_6
221,pdms,6,0.15,1.0,1.0,965.0,1460.0,22.10066,0.683176616208182,0.48112876660027193,polymer,460,17.7007,0.0006598,177.0,4.39996,-1.519999999999972e-06,3.862000000000006e-05,-0.6350397526258952,pdms_trial_6
222,pdms,6,0.15,1.0,1.0,965.0,1460.0,22.200660000000003,0.6779894661814146,0.48112876660027193,polymer,460,17.7007,0.0006598,177.0,4.4999600000000015,-1.5399999999999615e-06,3.862000000000006e-05,-0.6279239949511278,pdms_trial_6
223,pdms,6,0.15,1.0,1.0,965.0,1460.0,22.30066,0.6779894661814146,0.45846684734593535,polymer,460,17.7007,0.0006598,177.0,4.599959999999999,-1.5399999999999615e-06,3.857999999999997e-05,-0.6421555103007012,pdms_trial_6
224,pdms,6,0.15,1.0,1.0,965.0,1460.0,22.4007,0.6728023161546473,0.4471358877187978,polymer,460,17.7007,0.0006598,177.0,4.699999999999999,-1.5599999999999512e-06,3.855999999999998e-05,-0.6421555103007012,pdms_trial_6
225,pdms,6,0.15,1.0,1.0,965.0,1460.0,22.500660000000003,0.6676151661278799,0.4358049280916602,polymer,460,17.7007,0.0006598,177.0,4.799960000000002,-1.5799999999999408e-06,3.8539999999999994e-05,-0.6421555103007012,pdms_trial_6
226,pdms,6,0.15,1.0,1.0,965.0,1460.0,22.60066,0.6676151661278799,0.4358049280916602,polymer,460,17.7007,0.0006598,177.0,4.89996,-1.5799999999999408e-06,3.8539999999999994e-05,-0.6421555103007012,pdms_trial_6
227,pdms,6,0.15,1.0,1.0,965.0,1460.0,22.7007,0.6676151661278799,0.4018120492102475,polymer,460,17.7007,0.0006598,177.0,5.0,-1.5799999999999408e-06,3.8480000000000025e-05,-0.6635027833250035,pdms_trial_6
78,ps_foam,1,0.034,1.0,1.0,30.0,1400.0,7.80066,1.1863301688048733,0.4471358877187978,foam,38,7.80066,0.00066022,78.0,0.0,0.0,3.8139999999999984e-05,-1.3466155201030234,ps_foam_trial_1
79,ps_foam,1,0.034,1.0,1.0,30.0,1400.0,7.90066,1.1915173188316408,0.4471358877187978,foam,38,7.80066,0.00066022,78.0,0.10000000000000053,1.9999999999989644e-08,3.8139999999999984e-05,-1.3537312777777908,ps_foam_trial_1
80,ps_foam,1,0.034,1.0,1.0,30.0,1400.0,8.00066,1.1863301688048733,0.4471358877187978,foam,38,7.80066,0.00066022,78.0,0.20000000000000018,0.0,3.8139999999999984e-05,-1.3466155201030234,ps_foam_trial_1
81,ps_foam,1,0.034,1.0,1.0,30.0,1400.0,8.100660000000001,1.1759558687513385,0.4471358877187978,foam,38,7.80066,0.00066022,78.0,0.3000000000000016,-3.999999999997929e-08,3.8139999999999984e-05,-1.3323840047534885,ps_foam_trial_1
82,ps_foam,1,0.034,1.0,1.0,30.0,1400.0,8.200660000000001,1.1863301688048733,0.4358049280916602,foam,38,7.80066,0.00066022,78.0,0.40000000000000124,0.0,3.8119999999999994e-05,-1.3537312777777908,ps_foam_trial_1
83,ps_foam,1,0.034,1.0,1.0,30.0,1400.0,8.3007,1.1759558687513385,0.4471358877187978,foam,38,7.80066,0.00066022,78.0,0.5000400000000012,-3.999999999997929e-08,3.8139999999999984e-05,-1.3323840047534885,ps_foam_trial_1
84,ps_foam,1,0.034,1.0,1.0,30.0,1400.0,8.40066,1.1759558687513385,0.45846684734593535,foam,38,7.80066,0.00066022,78.0,0.6000000000000005,-3.999999999997929e-08,3.8159999999999973e-05,-1.3252682470787212,ps_foam_trial_1
85,ps_foam,1,0.034,1.0,1.0,30.0,1400.0,8.5007,1.1655815686978037,0.4471358877187978,foam,38,7.80066,0.00066022,78.0,0.7000400000000004,-7.999999999995858e-08,3.8139999999999984e-05,-1.3181524894039536,ps_foam_trial_1
86,ps_foam,1,0.034,1.0,1.0,30.0,1400.0,8.600670000000001,1.1655815686978037,0.4358049280916602,foam,38,7.80066,0.00066022,78.0,0.8000100000000012,-7.999999999995858e-08,3.8119999999999994e-05,-1.3252682470787212,ps_foam_trial_1
87,ps_foam,1,0.034,1.0,1.0,30.0,1400.0,8.700660000000001,1.155207268644269,0.4471358877187978,foam,38,7.80066,0.00066022,78.0,0.9000000000000012,-1.1999999999993786e-07,3.8139999999999984e-05,-1.3039209740544189,ps_foam_trial_1
88,ps_foam,1,0.034,1.0,1.0,30.0,1400.0,8.80066,1.1603944186710362,0.4471358877187978,foam,38,7.80066,0.00066022,78.0,1.0000000000000009,-9.999999999994822e-08,3.8139999999999984e-05,-1.3110367317291862,ps_foam_trial_1
89,ps_foam,1,0.034,1.0,1.0,30.0,1400.0,8.90066,1.155207268644269,0.4471358877187978,foam,38,7.80066,0.00066022,78.0,1.1000000000000005,-1.1999999999993786e-07,3.8139999999999984e-05,-1.3039209740544189,ps_foam_trial_1
90,ps_foam,1,0.034,1.0,1.0,30.0,1400.0,9.00066,1.1500201186174734,0.4244739684645226,foam,38,7.80066,0.00066022,78.0,1.2000000000000002,-1.4000000000003593e-07,3.8100000000000005e-05,-1.3110367317291476,ps_foam_trial_1
91,ps_foam,1,0.034,1.0,1.0,30.0,1400.0,9.1007,1.1344586685371711,0.4358049280916602,foam,38,7.80066,0.00066022,78.0,1.30004,-2.0000000000000486e-07,3.8119999999999994e-05,-1.282573701030078,ps_foam_trial_1
92,ps_foam,1,0.034,1.0,1.0,30.0,1400.0,9.2007,1.1344586685371711,0.4358049280916602,foam,38,7.80066,0.00066022,78.0,1.4000399999999997,-2.0000000000000486e-07,3.8119999999999994e-05,-1.282573701030078,ps_foam_trial_1
93,ps_foam,1,0.034,1.0,1.0,30.0,1400.0,9.30066,1.1292715185104036,0.4471358877187978,foam,38,7.80066,0.00066022,78.0,1.5000000000000009,-2.199999999999945e-07,3.8139999999999984e-05,-1.268342185680543,ps_foam_trial_1
94,ps_foam,1,0.034,1.0,1.0,30.0,1400.0,9.40066,1.1292715185104036,0.4358049280916602,foam,38,7.80066,0.00066022,78.0,1.6000000000000005,-2.199999999999945e-07,3.8119999999999994e-05,-1.2754579433553106,ps_foam_trial_1
95,ps_foam,1,0.034,1.0,1.0,30.0,1400.0,9.5007,1.1292715185104036,0.4244739684645226,foam,38,7.80066,0.00066022,78.0,1.7000400000000004,-2.199999999999945e-07,3.8100000000000005e-05,-1.282573701030078,ps_foam_trial_1
96,ps_foam,1,0.034,1.0,1.0,30.0,1400.0,9.6007,1.1292715185104036,0.4131430088373851,foam,38,7.80066,0.00066022,78.0,1.80004,-2.199999999999945e-07,3.8080000000000015e-05,-1.2896894587048453,ps_foam_trial_1
97,ps_foam,1,0.034,1.0,1.0,30.0,1400.0,9.7007,1.1292715185104036,0.4358049280916602,foam,38,7.80066,0.00066022,78.0,1.9000399999999997,-2.199999999999945e-07,3.8119999999999994e-05,-1.2754579433553106,ps_foam_trial_1
98,ps_foam,1,0.034,1.0,1.0,30.0,1400.0,9.80066,1.1292715185104036,0.4358049280916602,foam,38,7.80066,0.00066022,78.0,2.000000000000001,-2.199999999999945e-07,3.8119999999999994e-05,-1.2754579433553106,ps_foam_trial_1
99,ps_foam,1,0.034,1.0,1.0,30.0,1400.0,9.9007,1.1292715185104036,0.4244739684645226,foam,38,7.80066,0.00066022,78.0,2.100040000000001,-2.199999999999945e-07,3.8100000000000005e-05,-1.282573701030078,ps_foam_trial_1
100,ps_foam,1,0.034,1.0,1.0,30.0,1400.0,10.000660000000002,1.1292715185104036,0.4244739684645226,foam,38,7.80066,0.00066022,78.0,2.200000000000002,-2.199999999999945e-07,3.8100000000000005e-05,-1.282573701030078,ps_foam_trial_1
101,ps_foam,1,0.034,1.0,1.0,30.0,1400.0,10.100700000000002,1.1292715185104036,0.4131430088373851,foam,38,7.80066,0.00066022,78.0,2.300040000000002,-2.199999999999945e-07,3.8080000000000015e-05,-1.2896894587048453,ps_foam_trial_1
102,ps_foam,1,0.034,1.0,1.0,30.0,1400.0,10.2007,1.1188972184568688,0.4244739684645226,foam,38,7.80066,0.00066022,78.0,2.4000399999999997,-2.599999999999738e-07,3.8100000000000005e-05,-1.268342185680543,ps_foam_trial_1
103,ps_foam,1,0.034,1.0,1.0,30.0,1400.0,10.3007,1.1240843684836364,0.4018120492102475,foam,38,7.80066,0.00066022,78.0,2.500040000000001,-2.3999999999998415e-07,3.8060000000000025e-05,-1.2896894587048453,ps_foam_trial_1
104,ps_foam,1,0.034,1.0,1.0,30.0,1400.0,10.40066,1.1137100684301016,0.4018120492102475,foam,38,7.80066,0.00066022,78.0,2.6000000000000005,-2.7999999999996344e-07,3.8060000000000025e-05,-1.2754579433553106,ps_foam_trial_1
105,ps_foam,1,0.034,1.0,1.0,30.0,1400.0,10.500660000000002,1.1188972184568688,0.4131430088373851,foam,38,7.80066,0.00066022,78.0,2.700000000000002,-2.599999999999738e-07,3.8080000000000015e-05,-1.2754579433553106,ps_foam_trial_1
106,ps_foam,1,0.034,1.0,1.0,30.0,1400.0,10.600700000000002,1.1188972184568688,0.4018120492102475,foam,38,7.80066,0.00066022,78.0,2.800040000000002,-2.599999999999738e-07,3.8060000000000025e-05,-1.282573701030078,ps_foam_trial_1
107,ps_foam,1,0.034,1.0,1.0,30.0,1400.0,10.7007,1.1188972184568688,0.4131430088373851,foam,38,7.80066,0.00066022,78.0,2.9000399999999997,-2.599999999999738e-07,3.8080000000000015e-05,-1.2754579433553106,ps_foam_trial_1
108,ps_foam,1,0.034,1.0,1.0,30.0,1400.0,10.80066,1.1240843684836364,0.4018120492102475,foam,38,7.80066,0.00066022,78.0,3.000000000000001,-2.3999999999998415e-07,3.8060000000000025e-05,-1.2896894587048453,ps_foam_trial_1
109,ps_foam,1,0.034,1.0,1.0,30.0,1400.0,10.90066,1.1188972184568688,0.4018120492102475,foam,38,7.80066,0.00066022,78.0,3.1000000000000005,-2.599999999999738e-07,3.8060000000000025e-05,-1.282573701030078,ps_foam_trial_1
110,ps_foam,1,0.034,1.0,1.0,30.0,1400.0,11.000660000000002,1.1137100684301016,0.4018120492102475,foam,38,7.80066,0.00066022,78.0,3.200000000000002,-2.7999999999996344e-07,3.8060000000000025e-05,-1.2754579433553106,ps_foam_trial_1
111,ps_foam,1,0.034,1.0,1.0,30.0,1400.0,11.100700000000002,1.1240843684836364,0.4018120492102475,foam,38,7.80066,0.00066022,78.0,3.300040000000002,-2.3999999999998415e-07,3.8060000000000025e-05,-1.2896894587048453,ps_foam_trial_1
112,ps_foam,1,0.034,1.0,1.0,30.0,1400.0,11.2007,1.1137100684301016,0.4018120492102475,foam,38,7.80066,0.00066022,78.0,3.4000399999999997,-2.7999999999996344e-07,3.8060000000000025e-05,-1.2754579433553106,ps_foam_trial_1
113,ps_foam,1,0.034,1.0,1.0,30.0,1400.0,11.30067,1.1188972184568688,0.3904810895831099,foam,38,7.80066,0.00066022,78.0,3.5000100000000005,-2.599999999999738e-07,3.8040000000000036e-05,-1.2896894587048453,ps_foam_trial_1
114,ps_foam,1,0.034,1.0,1.0,30.0,1400.0,11.40066,1.1137100684301016,0.3904810895831099,foam,38,7.80066,0.00066022,78.0,3.6000000000000005,-2.7999999999996344e-07,3.8040000000000036e-05,-1.282573701030078,ps_foam_trial_1
115,ps_foam,1,0.034,1.0,1.0,30.0,1400.0,11.5007,1.1188972184568688,0.3904810895831099,foam,38,7.80066,0.00066022,78.0,3.7000400000000004,-2.599999999999738e-07,3.8040000000000036e-05,-1.2896894587048453,ps_foam_trial_1
116,ps_foam,1,0.034,1.0,1.0,30.0,1400.0,11.600700000000002,1.1188972184568688,0.37915012995597236,foam,38,7.80066,0.00066022,78.0,3.800040000000002,-2.599999999999738e-07,3.8020000000000046e-05,-1.2968052163796129,ps_foam_trial_1
117,ps_foam,1,0.034,1.0,1.0,30.0,1400.0,11.7007,1.1137100684301016,0.4018120492102475,foam,38,7.80066,0.00066022,78.0,3.9000399999999997,-2.7999999999996344e-07,3.8060000000000025e-05,-1.2754579433553106,ps_foam_trial_1
118,ps_foam,1,0.034,1.0,1.0,30.0,1400.0,11.80066,1.1137100684301016,0.37915012995597236,foam,38,7.80066,0.00066022,78.0,4.000000000000001,-2.7999999999996344e-07,3.8020000000000046e-05,-1.2896894587048453,ps_foam_trial_1
119,ps_foam,1,0.034,1.0,1.0,30.0,1400.0,11.9007,1.1188972184568688,0.37915012995597236,foam,38,7.80066,0.00066022,78.0,4.100040000000001,-2.599999999999738e-07,3.8020000000000046e-05,-1.2968052163796129,ps_foam_trial_1
120,ps_foam,1,0.034,1.0,1.0,30.0,1400.0,12.000660000000002,1.1188972184568688,0.36781917032883477,foam,38,7.80066,0.00066022,78.0,4.200000000000002,-2.599999999999738e-07,3.8000000000000056e-05,-1.3039209740543802,ps_foam_trial_1
121,ps_foam,1,0.034,1.0,1.0,30.0,1400.0,12.10066,1.1137100684301016,0.36781917032883477,foam,38,7.80066,0.00066022,78.0,4.3,-2.7999999999996344e-07,3.8000000000000056e-05,-1.2968052163796129,ps_foam_trial_1
122,ps_foam,1,0.034,1.0,1.0,30.0,1400.0,12.20066,1.1188972184568688,0.3564882107016358,foam,38,7.80066,0.00066022,78.0,4.3999999999999995,-2.599999999999738e-07,3.797999999999996e-05,-1.3110367317291862,ps_foam_trial_1
123,ps_foam,1,0.034,1.0,1.0,30.0,1400.0,12.3007,1.1137100684301016,0.3564882107016358,foam,38,7.80066,0.00066022,78.0,4.500040000000001,-2.7999999999996344e-07,3.797999999999996e-05,-1.3039209740544189,ps_foam_trial_1
124,ps_foam,1,0.034,1.0,1.0,30.0,1400.0,12.40066,1.1188972184568688,0.3564882107016358,foam,38,7.80066,0.00066022,78.0,4.6000000000000005,-2.599999999999738e-07,3.797999999999996e-05,-1.3110367317291862,ps_foam_trial_1
125,ps_foam,1,0.034,1.0,1.0,30.0,1400.0,12.5007,1.1137100684301016,0.36781917032883477,foam,38,7.80066,0.00066022,78.0,4.70004,-2.7999999999996344e-07,3.8000000000000056e-05,-1.2968052163796129,ps_foam_trial_1
126,ps_foam,1,0.034,1.0,1.0,30.0,1400.0,12.600700000000002,1.1137100684301016,0.3564882107016358,foam,38,7.80066,0.00066022,78.0,4.800040000000002,-2.7999999999996344e-07,3.797999999999996e-05,-1.3039209740544189,ps_foam_trial_1
127,ps_foam,1,0.034,1.0,1.0,30.0,1400.0,12.70066,1.1188972184568688,0.3564882107016358,foam,38,7.80066,0.00066022,78.0,4.8999999999999995,-2.599999999999738e-07,3.797999999999996e-05,-1.3110367317291862,ps_foam_trial_1
128,ps_foam,1,0.034,1.0,1.0,30.0,1400.0,12.8007,1.108522918403334,0.3451572510744982,foam,38,7.80066,0.00066022,78.0,5.000040000000001,-2.999999999999531e-07,3.795999999999997e-05,-1.3039209740544189,ps_foam_trial_1
86,ps_foam,2,0.034,1.0,1.0,30.0,1400.0,8.600660000000001,1.1603944186710362,0.36781917032883477,foam,38,8.600660000000001,0.00066012,86.0,0.0,0.0,3.8100000000000005e-05,-1.3608470354525581,ps_foam_trial_2
87,ps_foam,2,0.034,1.0,1.0,30.0,1400.0,8.700700000000001,1.170768718724571,0.37915012995597236,foam,38,8.600660000000001,0.00066012,86.0,0.1000399999999999,3.999999999997929e-08,3.8119999999999994e-05,-1.3679627931273257,ps_foam_trial_2
88,ps_foam,2,0.034,1.0,1.0,30.0,1400.0,8.80066,1.1603944186710362,0.3904810895831099,foam,38,8.600660000000001,0.00066012,86.0,0.1999999999999993,0.0,3.8139999999999984e-05,-1.3466155201030234,ps_foam_trial_2
89,ps_foam,2,0.034,1.0,1.0,30.0,1400.0,8.90066,1.155207268644269,0.3904810895831099,foam,38,8.600660000000001,0.00066012,86.0,0.29999999999999893,-1.9999999999989644e-08,3.8139999999999984e-05,-1.3394997624282559,ps_foam_trial_2
90,ps_foam,2,0.034,1.0,1.0,30.0,1400.0,9.00066,1.155207268644269,0.37915012995597236,foam,38,8.600660000000001,0.00066012,86.0,0.3999999999999986,-1.9999999999989644e-08,3.8119999999999994e-05,-1.3466155201030234,ps_foam_trial_2
91,ps_foam,2,0.034,1.0,1.0,30.0,1400.0,9.10066,1.155207268644269,0.37915012995597236,foam,38,8.600660000000001,0.00066012,86.0,0.4999999999999982,-1.9999999999989644e-08,3.8119999999999994e-05,-1.3466155201030234,ps_foam_trial_2
92,ps_foam,2,0.034,1.0,1.0,30.0,1400.0,9.20067,1.144832968590706,0.36781917032883477,foam,38,8.600660000000001,0.00066012,86.0,0.6000099999999993,-6.000000000007735e-08,3.8100000000000005e-05,-1.3394997624282174,ps_foam_trial_2
93,ps_foam,2,0.034,1.0,1.0,30.0,1400.0,9.3007,1.144832968590706,0.3904810895831099,foam,38,8.600660000000001,0.00066012,86.0,0.7000399999999996,-6.000000000007735e-08,3.8139999999999984e-05,-1.3252682470786825,ps_foam_trial_2
94,ps_foam,2,0.034,1.0,1.0,30.0,1400.0,9.40066,1.1344586685371711,0.37915012995597236,foam,38,8.600660000000001,0.00066012,86.0,0.7999999999999989,-1.0000000000005664e-07,3.8119999999999994e-05,-1.3181524894039152,ps_foam_trial_2
95,ps_foam,2,0.034,1.0,1.0,30.0,1400.0,9.5007,1.1396458185639387,0.3904810895831099,foam,38,8.600660000000001,0.00066012,86.0,0.9000399999999988,-8.0000000000067e-08,3.8139999999999984e-05,-1.3181524894039152,ps_foam_trial_2
96,ps_foam,2,0.034,1.0,1.0,30.0,1400.0,9.6007,1.1344586685371711,0.37915012995597236,foam,38,8.600660000000001,0.00066012,86.0,1.0000399999999985,-1.0000000000005664e-07,3.8119999999999994e-05,-1.3181524894039152,ps_foam_trial_2
97,ps_foam,2,0.034,1.0,1.0,30.0,1400.0,9.70066,1.1292715185104036,0.3904810895831099,foam,38,8.600660000000001,0.00066012,86.0,1.0999999999999979,-1.2000000000004628e-07,3.8139999999999984e-05,-1.3039209740543802,ps_foam_trial_2
98,ps_foam,2,0.034,1.0,1.0,30.0,1400.0,9.8007,1.1292715185104036,0.36781917032883477,foam,38,8.600660000000001,0.00066012,86.0,1.2000399999999996,-1.2000000000004628e-07,3.8100000000000005e-05,-1.3181524894039152,ps_foam_trial_2
99,ps_foam,2,0.034,1.0,1.0,30.0,1400.0,9.90066,1.1344586685371711,0.37915012995597236,foam,38,8.600660000000001,0.00066012,86.0,1.299999999999999,-1.0000000000005664e-07,3.8119999999999994e-05,-1.3181524894039152,ps_foam_trial_2
100,ps_foam,2,0.034,1.0,1.0,30.0,1400.0,10.00067,1.1292715185104036,0.37915012995597236,foam,38,8.600660000000001,0.00066012,86.0,1.4000099999999982,-1.2000000000004628e-07,3.8119999999999994e-05,-1.3110367317291476,ps_foam_trial_2
101,ps_foam,2,0.034,1.0,1.0,30.0,1400.0,10.100700000000002,1.1240843684836364,0.3564882107016358,foam,38,8.600660000000001,0.00066012,86.0,1.5000400000000003,-1.4000000000003593e-07,3.8079999999999906e-05,-1.3181524894039536,ps_foam_trial_2
102,ps_foam,2,0.034,1.0,1.0,30.0,1400.0,10.2007,1.1137100684301016,0.36781917032883477,foam,38,8.600660000000001,0.00066012,86.0,1.6000399999999981,-1.8000000000001522e-07,3.8100000000000005e-05,-1.2968052163796129,ps_foam_trial_2
103,ps_foam,2,0.034,1.0,1.0,30.0,1400.0,10.30066,1.1033357683765668,0.36781917032883477,foam,38,8.600660000000001,0.00066012,86.0,1.6999999999999993,-2.199999999999945e-07,3.8100000000000005e-05,-1.282573701030078,ps_foam_trial_2
104,ps_foam,2,0.034,1.0,1.0,30.0,1400.0,10.4007,1.1033357683765668,0.3564882107016358,foam,38,8.600660000000001,0.00066012,86.0,1.8000399999999992,-2.199999999999945e-07,3.8079999999999906e-05,-1.289689458704884,ps_foam_trial_2
105,ps_foam,2,0.034,1.0,1.0,30.0,1400.0,10.5007,1.1033357683765668,0.3451572510744982,foam,38,8.600660000000001,0.00066012,86.0,1.9000399999999988,-2.199999999999945e-07,3.805999999999992e-05,-1.2968052163796513,ps_foam_trial_2
106,ps_foam,2,0.034,1.0,1.0,30.0,1400.0,10.60066,1.1137100684301016,0.3564882107016358,foam,38,8.600660000000001,0.00066012,86.0,1.9999999999999982,-1.8000000000001522e-07,3.8079999999999906e-05,-1.3039209740544189,ps_foam_trial_2
107,ps_foam,2,0.034,1.0,1.0,30.0,1400.0,10.7007,1.108522918403334,0.3451572510744982,foam,38,8.600660000000001,0.00066012,86.0,2.100039999999998,-2.0000000000000486e-07,3.805999999999992e-05,-1.3039209740544189,ps_foam_trial_2
108,ps_foam,2,0.034,1.0,1.0,30.0,1400.0,10.80066,1.1033357683765668,0.3451572510744982,foam,38,8.600660000000001,0.00066012,86.0,2.1999999999999993,-2.199999999999945e-07,3.805999999999992e-05,-1.2968052163796513,ps_foam_trial_2
109,ps_foam,2,0.034,1.0,1.0,30.0,1400.0,10.90066,1.108522918403334,0.3564882107016358,foam,38,8.600660000000001,0.00066012,86.0,2.299999999999999,-2.0000000000000486e-07,3.8079999999999906e-05,-1.2968052163796513,ps_foam_trial_2
110,ps_foam,2,0.034,1.0,1.0,30.0,1400.0,11.00067,1.1033357683765668,0.3564882107016358,foam,38,8.600660000000001,0.00066012,86.0,2.400009999999998,-2.199999999999945e-07,3.8079999999999906e-05,-1.289689458704884,ps_foam_trial_2
111,ps_foam,2,0.034,1.0,1.0,30.0,1400.0,11.10067,1.1033357683765668,0.3564882107016358,foam,38,8.600660000000001,0.00066012,86.0,2.500009999999998,-2.199999999999945e-07,3.8079999999999906e-05,-1.289689458704884,ps_foam_trial_2
112,ps_foam,2,0.034,1.0,1.0,30.0,1400.0,11.2007,1.0929614683230038,0.3451572510744982,foam,38,8.600660000000001,0.00066012,86.0,2.600039999999998,-2.600000000000822e-07,3.805999999999992e-05,-1.282573701030078,ps_foam_trial_2
113,ps_foam,2,0.034,1.0,1.0,30.0,1400.0,11.3007,1.1033357683765668,0.3564882107016358,foam,38,8.600660000000001,0.00066012,86.0,2.7000399999999996,-2.199999999999945e-07,3.8079999999999906e-05,-1.289689458704884,ps_foam_trial_2
114,ps_foam,2,0.034,1.0,1.0,30.0,1400.0,11.40066,1.0981486183497713,0.3564882107016358,foam,38,8.600660000000001,0.00066012,86.0,2.799999999999999,-2.4000000000009257e-07,3.8079999999999906e-05,-1.282573701030078,ps_foam_trial_2
115,ps_foam,2,0.034,1.0,1.0,30.0,1400.0,11.500660000000002,1.0929614683230038,0.3451572510744982,foam,38,8.600660000000001,0.00066012,86.0,2.9000000000000004,-2.600000000000822e-07,3.805999999999992e-05,-1.282573701030078,ps_foam_trial_2
116,ps_foam,2,0.034,1.0,1.0,30.0,1400.0,11.60066,1.0981486183497713,0.33382629144736065,foam,38,8.600660000000001,0.00066012,86.0,2.9999999999999982,-2.4000000000009257e-07,3.803999999999993e-05,-1.2968052163796129,ps_foam_trial_2
117,ps_foam,2,0.034,1.0,1.0,30.0,1400.0,11.7007,1.0929614683230038,0.33382629144736065,foam,38,8.600660000000001,0.00066012,86.0,3.100039999999998,-2.600000000000822e-07,3.803999999999993e-05,-1.2896894587048453,ps_foam_trial_2
118,ps_foam,2,0.034,1.0,1.0,30.0,1400.0,11.8007,1.0929614683230038,0.33382629144736065,foam,38,8.600660000000001,0.00066012,86.0,3.2000399999999996,-2.600000000000822e-07,3.803999999999993e-05,-1.2896894587048453,ps_foam_trial_2
119,ps_foam,2,0.034,1.0,1.0,30.0,1400.0,11.9007,1.0929614683230038,0.33382629144736065,foam,38,8.600660000000001,0.00066012,86.0,3.300039999999999,-2.600000000000822e-07,3.803999999999993e-05,-1.2896894587048453,ps_foam_trial_2
120,ps_foam,2,0.034,1.0,1.0,30.0,1400.0,12.0007,1.0929614683230038,0.32249533182022305,foam,38,8.600660000000001,0.00066012,86.0,3.400039999999999,-2.600000000000822e-07,3.801999999999994e-05,-1.2968052163796129,ps_foam_trial_2
121,ps_foam,2,0.034,1.0,1.0,30.0,1400.0,12.100700000000002,1.0929614683230038,0.32249533182022305,foam,38,8.600660000000001,0.00066012,86.0,3.5000400000000003,-2.600000000000822e-07,3.801999999999994e-05,-1.2968052163796129,ps_foam_trial_2
122,ps_foam,2,0.034,1.0,1.0,30.0,1400.0,12.2007,1.0877743182962365,0.33382629144736065,foam,38,8.600660000000001,0.00066012,86.0,3.600039999999998,-2.8000000000007186e-07,3.803999999999993e-05,-1.282573701030078,ps_foam_trial_2
123,ps_foam,2,0.034,1.0,1.0,30.0,1400.0,12.30071,1.0929614683230038,0.32249533182022305,foam,38,8.600660000000001,0.00066012,86.0,3.700049999999999,-2.600000000000822e-07,3.801999999999994e-05,-1.2968052163796129,ps_foam_trial_2
124,ps_foam,2,0.034,1.0,1.0,30.0,1400.0,12.4007,1.0929614683230038,0.31116437219308546,foam,38,8.600660000000001,0.00066012,86.0,3.800039999999999,-2.600000000000822e-07,3.799999999999995e-05,-1.3039209740543802,ps_foam_trial_2
125,ps_foam,2,0.034,1.0,1.0,30.0,1400.0,12.500660000000002,1.0929614683230038,0.31116437219308546,foam,38,8.600660000000001,0.00066012,86.0,3.9000000000000004,-2.600000000000822e-07,3.799999999999995e-05,-1.3039209740543802,ps_foam_trial_2
126,ps_foam,2,0.034,1.0,1.0,30.0,1400.0,12.60066,1.0877743182962365,0.32249533182022305,foam,38,8.600660000000001,0.00066012,86.0,3.9999999999999982,-2.8000000000007186e-07,3.801999999999994e-05,-1.2896894587048453,ps_foam_trial_2
127,ps_foam,2,0.034,1.0,1.0,30.0,1400.0,12.7007,1.0877743182962365,0.31116437219308546,foam,38,8.600660000000001,0.00066012,86.0,4.100039999999998,-2.8000000000007186e-07,3.799999999999995e-05,-1.2968052163796129,ps_foam_trial_2
128,ps_foam,2,0.034,1.0,1.0,30.0,1400.0,12.8007,1.0877743182962365,0.31116437219308546,foam,38,8.600660000000001,0.00066012,86.0,4.2000399999999996,-2.8000000000007186e-07,3.799999999999995e-05,-1.2968052163796129,ps_foam_trial_2
129,ps_foam,2,0.034,1.0,1.0,30.0,1400.0,12.9007,1.0877743182962365,0.31116437219308546,foam,38,8.600660000000001,0.00066012,86.0,4.300039999999999,-2.8000000000007186e-07,3.799999999999995e-05,-1.2968052163796129,ps_foam_trial_2
130,ps_foam,2,0.034,1.0,1.0,30.0,1400.0,13.00067,1.082587168269469,0.31116437219308546,foam,38,8.600660000000001,0.00066012,86.0,4.400009999999998,-3.000000000000615e-07,3.799999999999995e-05,-1.2896894587048453,ps_foam_trial_2
131,ps_foam,2,0.034,1.0,1.0,30.0,1400.0,13.100700000000002,1.082587168269469,0.2998334125659479,foam,38,8.600660000000001,0.00066012,86.0,4.50004,-3.000000000000615e-07,3.797999999999996e-05,-1.2968052163796129,ps_foam_trial_2
132,ps_foam,2,0.034,1.0,1.0,30.0,1400.0,13.2007,1.082587168269469,0.31116437219308546,foam,38,8.600660000000001,0.00066012,86.0,4.600039999999998,-3.000000000000615e-07,3.799999999999995e-05,-1.2896894587048453,ps_foam_trial_2
133,ps_foam,2,0.034,1.0,1.0,30.0,1400.0,13.30067,1.0877743182962365,0.2885024529388103,foam,38,8.600660000000001,0.00066012,86.0,4.700009999999999,-2.8000000000007186e-07,3.795999999999997e-05,-1.3110367317291476,ps_foam_trial_2
134,ps_foam,2,0.034,1.0,1.0,30.0,1400.0,13.40066,1.082587168269469,0.2998334125659479,foam,38,8.600660000000001,0.00066012,86.0,4.799999999999999,-3.000000000000615e-07,3.797999999999996e-05,-1.2968052163796129,ps_foam_trial_2
135,ps_foam,2,0.034,1.0,1.0,30.0,1400.0,13.500700000000002,1.082587168269469,0.2885024529388103,foam,38,8.600660000000001,0.00066012,86.0,4.900040000000001,-3.000000000000615e-07,3.795999999999997e-05,-1.3039209740543802,ps_foam_trial_2
136,ps_foam,2,0.034,1.0,1.0,30.0,1400.0,13.60066,1.082587168269469,0.2885024529388103,foam,38,8.600660000000001,0.00066012,86.0,4.999999999999998,-3.000000000000615e-07,3.795999999999997e-05,-1.3039209740543802,ps_foam_trial_2
137,ps_foam,2,0.034,1.0,1.0,30.0,1400.0,13.70066,1.0774000182427015,0.2885024529388103,foam,38,8.600660000000001,0.00066012,86.0,5.099999999999998,-3.2000000000005115e-07,3.795999999999997e-05,-1.2968052163796129,ps_foam_trial_2
60,ps_foam,3,0.034,1.0,1.0,30.0,1400.0,6.000710000000001,1.2070787689119429,0.31116437219308546,foam,38,6.000710000000001,0.0006603,60.0,0.0,0.0,3.782000000000004e-05,-1.4604676428993406,ps_foam_trial_3
61,ps_foam,3,0.034,1.0,1.0,30.0,1400.0,6.100700000000001,1.2070787689119429,0.2998334125659479,foam,38,6.000710000000001,0.0006603,60.0,0.09999000000000002,0.0,3.780000000000005e-05,-1.4675834005741082,ps_foam_trial_3
62,ps_foam,3,0.034,1.0,1.0,30.0,1400.0,6.200660000000001,1.2070787689119429,0.31116437219308546,foam,38,6.000710000000001,0.0006603,60.0,0.1999500000000003,0.0,3.782000000000004e-05,-1.4604676428993406,ps_foam_trial_3
63,ps_foam,3,0.034,1.0,1.0,30.0,1400.0,6.3007100000000005,1.196704468858408,0.27717149331167273,foam,38,6.000710000000001,0.0006603,60.0,0.2999999999999998,-3.999999999997929e-08,3.776000000000007e-05,-1.4675834005741082,ps_foam_trial_3
64,ps_foam,3,0.034,1.0,1.0,30.0,1400.0,6.4007000000000005,1.2070787689119429,0.2998334125659479,foam,38,6.000710000000001,0.0006603,60.0,0.39998999999999985,0.0,3.780000000000005e-05,-1.4675834005741082,ps_foam_trial_3
65,ps_foam,3,0.034,1.0,1.0,30.0,1400.0,6.500660000000001,1.1655815686978037,0.36781917032883477,foam,38,6.000710000000001,0.0006603,60.0,0.4999500000000001,-1.5999999999991715e-07,3.79200000000001e-05,-1.3679627931273257,ps_foam_trial_3
66,ps_foam,3,0.034,1.0,1.0,30.0,1400.0,6.600670000000001,1.1603944186710362,0.3564882107016358,foam,38,6.000710000000001,0.0006603,60.0,0.5999600000000003,-1.799999999999068e-07,3.79e-05,-1.3679627931273641,ps_foam_trial_3
67,ps_foam,3,0.034,1.0,1.0,30.0,1400.0,6.700670000000001,1.1603944186710362,0.36781917032883477,foam,38,6.000710000000001,0.0006603,60.0,0.6999599999999999,-1.799999999999068e-07,3.79200000000001e-05,-1.3608470354525581,ps_foam_trial_3
68,ps_foam,3,0.034,1.0,1.0,30.0,1400.0,6.80067,1.1603944186710362,0.36781917032883477,foam,38,6.000710000000001,0.0006603,60.0,0.7999599999999996,-1.799999999999068e-07,3.79200000000001e-05,-1.3608470354525581,ps_foam_trial_3
69,ps_foam,3,0.034,1.0,1.0,30.0,1400.0,6.900670000000001,1.1603944186710362,0.37915012995597236,foam,38,6.000710000000001,0.0006603,60.0,0.8999600000000001,-1.799999999999068e-07,3.794000000000009e-05,-1.3537312777777908,ps_foam_trial_3
70,ps_foam,3,0.034,1.0,1.0,30.0,1400.0,7.0007,1.1603944186710362,0.3564882107016358,foam,38,6.000710000000001,0.0006603,60.0,0.9999899999999995,-1.799999999999068e-07,3.79e-05,-1.3679627931273641,ps_foam_trial_3
71,ps_foam,3,0.034,1.0,1.0,30.0,1400.0,7.100700000000001,1.155207268644269,0.3904810895831099,foam,38,6.000710000000001,0.0006603,60.0,1.09999,-1.9999999999989644e-07,3.796000000000008e-05,-1.3394997624282559,ps_foam_trial_3
72,ps_foam,3,0.034,1.0,1.0,30.0,1400.0,7.200710000000001,1.1603944186710362,0.36781917032883477,foam,38,6.000710000000001,0.0006603,60.0,1.2000000000000002,-1.799999999999068e-07,3.79200000000001e-05,-1.3608470354525581,ps_foam_trial_3
73,ps_foam,3,0.034,1.0,1.0,30.0,1400.0,7.30067,1.155207268644269,0.36781917032883477,foam,38,6.000710000000001,0.0006603,60.0,1.2999599999999996,-1.9999999999989644e-07,3.79200000000001e-05,-1.3537312777777908,ps_foam_trial_3
74,ps_foam,3,0.034,1.0,1.0,30.0,1400.0,7.40067,1.1603944186710362,0.3904810895831099,foam,38,6.000710000000001,0.0006603,60.0,1.3999599999999992,-1.799999999999068e-07,3.796000000000008e-05,-1.3466155201030234,ps_foam_trial_3
75,ps_foam,3,0.034,1.0,1.0,30.0,1400.0,7.50066,1.1655815686978037,0.37915012995597236,foam,38,6.000710000000001,0.0006603,60.0,1.4999499999999992,-1.5999999999991715e-07,3.794000000000009e-05,-1.3608470354525581,ps_foam_trial_3
76,ps_foam,3,0.034,1.0,1.0,30.0,1400.0,7.600670000000002,1.155207268644269,0.36781917032883477,foam,38,6.000710000000001,0.0006603,60.0,1.5999600000000012,-1.9999999999989644e-07,3.79200000000001e-05,-1.3537312777777908,ps_foam_trial_3
77,ps_foam,3,0.034,1.0,1.0,30.0,1400.0,7.70067,1.155207268644269,0.4018120492102475,foam,38,6.000710000000001,0.0006603,60.0,1.699959999999999,-1.9999999999989644e-07,3.798000000000007e-05,-1.3323840047534885,ps_foam_trial_3
78,ps_foam,3,0.034,1.0,1.0,30.0,1400.0,7.80071,1.155207268644269,0.3904810895831099,foam,38,6.000710000000001,0.0006603,60.0,1.799999999999999,-1.9999999999989644e-07,3.796000000000008e-05,-1.3394997624282559,ps_foam_trial_3
79,ps_foam,3,0.034,1.0,1.0,30.0,1400.0,7.90067,1.155207268644269,0.4018120492102475,foam,38,6.000710000000001,0.0006603,60.0,1.8999599999999992,-1.9999999999989644e-07,3.798000000000007e-05,-1.3323840047534885,ps_foam_trial_3
80,ps_foam,3,0.034,1.0,1.0,30.0,1400.0,8.0007,1.155207268644269,0.3904810895831099,foam,38,6.000710000000001,0.0006603,60.0,1.9999899999999995,-1.9999999999989644e-07,3.796000000000008e-05,-1.3394997624282559,ps_foam_trial_3
81,ps_foam,3,0.034,1.0,1.0,30.0,1400.0,8.100670000000001,1.1500201186174734,0.3904810895831099,foam,38,6.000710000000001,0.0006603,60.0,2.0999600000000003,-2.199999999999945e-07,3.796000000000008e-05,-1.3323840047534499,ps_foam_trial_3
82,ps_foam,3,0.034,1.0,1.0,30.0,1400.0,8.200660000000001,1.1500201186174734,0.37915012995597236,foam,38,6.000710000000001,0.0006603,60.0,2.1999500000000003,-2.199999999999945e-07,3.794000000000009e-05,-1.3394997624282174,ps_foam_trial_3
83,ps_foam,3,0.034,1.0,1.0,30.0,1400.0,8.30067,1.1500201186174734,0.4018120492102475,foam,38,6.000710000000001,0.0006603,60.0,2.2999599999999996,-2.199999999999945e-07,3.798000000000007e-05,-1.3252682470786825,ps_foam_trial_3
84,ps_foam,3,0.034,1.0,1.0,30.0,1400.0,8.40067,1.1500201186174734,0.3904810895831099,foam,38,6.000710000000001,0.0006603,60.0,2.399959999999999,-2.199999999999945e-07,3.796000000000008e-05,-1.3323840047534499,ps_foam_trial_3
85,ps_foam,3,0.034,1.0,1.0,30.0,1400.0,8.500670000000001,1.1500201186174734,0.3904810895831099,foam,38,6.000710000000001,0.0006603,60.0,2.4999600000000006,-2.199999999999945e-07,3.796000000000008e-05,-1.3323840047534499,ps_foam_trial_3
86,ps_foam,3,0.034,1.0,1.0,30.0,1400.0,8.600670000000001,1.1396458185639387,0.3904810895831099,foam,38,6.000710000000001,0.0006603,60.0,2.5999600000000003,-2.599999999999738e-07,3.796000000000008e-05,-1.3181524894039152,ps_foam_trial_3
87,ps_foam,3,0.034,1.0,1.0,30.0,1400.0,8.70067,1.1396458185639387,0.4018120492102475,foam,38,6.000710000000001,0.0006603,60.0,2.69996,-2.599999999999738e-07,3.798000000000007e-05,-1.3110367317291476,ps_foam_trial_3
88,ps_foam,3,0.034,1.0,1.0,30.0,1400.0,8.80067,1.1344586685371711,0.4018120492102475,foam,38,6.000710000000001,0.0006603,60.0,2.7999599999999996,-2.7999999999996344e-07,3.798000000000007e-05,-1.3039209740543802,ps_foam_trial_3
89,ps_foam,3,0.034,1.0,1.0,30.0,1400.0,8.90067,1.1344586685371711,0.3904810895831099,foam,38,6.000710000000001,0.0006603,60.0,2.899959999999999,-2.7999999999996344e-07,3.796000000000008e-05,-1.3110367317291476,ps_foam_trial_3
90,ps_foam,3,0.034,1.0,1.0,30.0,1400.0,9.000670000000001,1.1500201186174734,0.36781917032883477,foam,38,6.000710000000001,0.0006603,60.0,2.9999600000000006,-2.199999999999945e-07,3.79200000000001e-05,-1.3466155201029848,ps_foam_trial_3
91,ps_foam,3,0.034,1.0,1.0,30.0,1400.0,9.10067,1.1292715185104036,0.3564882107016358,foam,38,6.000710000000001,0.0006603,60.0,3.0999599999999985,-2.999999999999531e-07,3.79e-05,-1.3252682470787212,ps_foam_trial_3
92,ps_foam,3,0.034,1.0,1.0,30.0,1400.0,9.20071,1.1137100684301016,0.3564882107016358,foam,38,6.000710000000001,0.0006603,60.0,3.2,-3.59999999999922e-07,3.79e-05,-1.3039209740544189,ps_foam_trial_3
93,ps_foam,3,0.034,1.0,1.0,30.0,1400.0,9.30071,1.1188972184568688,0.3564882107016358,foam,38,6.000710000000001,0.0006603,60.0,3.3,-3.3999999999993237e-07,3.79e-05,-1.3110367317291862,ps_foam_trial_3
94,ps_foam,3,0.034,1.0,1.0,30.0,1400.0,9.4007,1.1188972184568688,0.36781917032883477,foam,38,6.000710000000001,0.0006603,60.0,3.39999,-3.3999999999993237e-07,3.79200000000001e-05,-1.3039209740543802,ps_foam_trial_3
95,ps_foam,3,0.034,1.0,1.0,30.0,1400.0,9.5007,1.1188972184568688,0.36781917032883477,foam,38,6.000710000000001,0.0006603,60.0,3.4999899999999995,-3.3999999999993237e-07,3.79200000000001e-05,-1.3039209740543802,ps_foam_trial_3
96,ps_foam,3,0.034,1.0,1.0,30.0,1400.0,9.60066,1.108522918403334,0.3564882107016358,foam,38,6.000710000000001,0.0006603,60.0,3.599949999999999,-3.7999999999991166e-07,3.79e-05,-1.2968052163796513,ps_foam_trial_3
97,ps_foam,3,0.034,1.0,1.0,30.0,1400.0,9.70071,1.108522918403334,0.3564882107016358,foam,38,6.000710000000001,0.0006603,60.0,3.7,-3.7999999999991166e-07,3.79e-05,-1.2968052163796513,ps_foam_trial_3
98,ps_foam,3,0.034,1.0,1.0,30.0,1400.0,9.80071,1.1137100684301016,0.3564882107016358,foam,38,6.000710000000001,0.0006603,60.0,3.8,-3.59999999999922e-07,3.79e-05,-1.3039209740544189,ps_foam_trial_3
99,ps_foam,3,0.034,1.0,1.0,30.0,1400.0,9.90067,1.1033357683765668,0.3564882107016358,foam,38,6.000710000000001,0.0006603,60.0,3.899959999999999,-3.999999999999013e-07,3.79e-05,-1.289689458704884,ps_foam_trial_3
100,ps_foam,3,0.034,1.0,1.0,30.0,1400.0,10.00067,1.1033357683765668,0.3564882107016358,foam,38,6.000710000000001,0.0006603,60.0,3.999959999999999,-3.999999999999013e-07,3.79e-05,-1.289689458704884,ps_foam_trial_3
101,ps_foam,3,0.034,1.0,1.0,30.0,1400.0,10.100700000000002,1.1137100684301016,0.3564882107016358,foam,38,6.000710000000001,0.0006603,60.0,4.099990000000001,-3.59999999999922e-07,3.79e-05,-1.3039209740544189,ps_foam_trial_3
102,ps_foam,3,0.034,1.0,1.0,30.0,1400.0,10.2007,1.1033357683765668,0.3451572510744982,foam,38,6.000710000000001,0.0006603,60.0,4.199989999999999,-3.999999999999013e-07,3.788000000000001e-05,-1.2968052163796513,ps_foam_trial_3
103,ps_foam,3,0.034,1.0,1.0,30.0,1400.0,10.30066,1.1033357683765668,0.3451572510744982,foam,38,6.000710000000001,0.0006603,60.0,4.29995,-3.999999999999013e-07,3.788000000000001e-05,-1.2968052163796513,ps_foam_trial_3
104,ps_foam,3,0.034,1.0,1.0,30.0,1400.0,10.400670000000002,1.1033357683765668,0.3451572510744982,foam,38,6.000710000000001,0.0006603,60.0,4.399960000000001,-3.999999999999013e-07,3.788000000000001e-05,-1.2968052163796513,ps_foam_trial_3
105,ps_foam,3,0.034,1.0,1.0,30.0,1400.0,10.50067,1.1033357683765668,0.33382629144736065,foam,38,6.000710000000001,0.0006603,60.0,4.499959999999999,-3.999999999999013e-07,3.786000000000002e-05,-1.3039209740544189,ps_foam_trial_3
106,ps_foam,3,0.034,1.0,1.0,30.0,1400.0,10.60066,1.1033357683765668,0.32249533182022305,foam,38,6.000710000000001,0.0006603,60.0,4.599949999999999,-3.999999999999013e-07,3.784000000000003e-05,-1.3110367317291862,ps_foam_trial_3
107,ps_foam,3,0.034,1.0,1.0,30.0,1400.0,10.70071,1.1033357683765668,0.33382629144736065,foam,38,6.000710000000001,0.0006603,60.0,4.7,-3.999999999999013e-07,3.786000000000002e-05,-1.3039209740544189,ps_foam_trial_3
108,ps_foam,3,0.034,1.0,1.0,30.0,1400.0,10.8007,1.1033357683765668,0.33382629144736065,foam,38,6.000710000000001,0.0006603,60.0,4.79999,-3.999999999999013e-07,3.786000000000002e-05,-1.3039209740544189,ps_foam_trial_3
109,ps_foam,3,0.034,1.0,1.0,30.0,1400.0,10.90071,1.0981486183497713,0.32249533182022305,foam,38,6.000710000000001,0.0006603,60.0,4.8999999999999995,-4.1999999999999937e-07,3.784000000000003e-05,-1.3039209740543802,ps_foam_trial_3
110,ps_foam,3,0.034,1.0,1.0,30.0,1400.0,11.000710000000002,1.1033357683765668,0.32249533182022305,foam,38,6.000710000000001,0.0006603,60.0,5.000000000000001,-3.999999999999013e-07,3.784000000000003e-05,-1.3110367317291862,ps_foam_trial_3
111,ps_foam,3,0.034,1.0,1.0,30.0,1400.0,11.10071,1.0981486183497713,0.31116437219308546,foam,38,6.000710000000001,0.0006603,60.0,5.099999999999999,-4.1999999999999937e-07,3.782000000000004e-05,-1.3110367317291476,ps_foam_trial_3
103,ps_foam,4,0.034,1.0,1.0,30.0,1400.0,10.3007,1.4716234202772212,1.8635058411117316,foam,38,10.3007,0.00066132,103.0,0.0,0.0,3.954000000000002e-05,-0.8485124828690337,ps_foam_trial_4
104,ps_foam,4,0.034,1.0,1.0,30.0,1400.0,10.40066,1.4716234202772212,1.8748368007388692,foam,38,10.3007,0.00066132,103.0,0.09995999999999938,0.0,3.956000000000001e-05,-0.8413967251942662,ps_foam_trial_4
105,ps_foam,4,0.034,1.0,1.0,30.0,1400.0,10.5007,1.4664362702504536,1.8521748814845942,foam,38,10.3007,0.00066132,103.0,0.1999999999999993,-1.9999999999989644e-08,3.952000000000003e-05,-0.8485124828690337,ps_foam_trial_4
106,ps_foam,4,0.034,1.0,1.0,30.0,1400.0,10.600700000000002,1.4664362702504536,1.8635058411117316,foam,38,10.3007,0.00066132,103.0,0.3000000000000007,-1.9999999999989644e-08,3.954000000000002e-05,-0.8413967251942662,ps_foam_trial_4
107,ps_foam,4,0.034,1.0,1.0,30.0,1400.0,10.70066,1.4612491202236864,1.8635058411117316,foam,38,10.3007,0.00066132,103.0,0.3999599999999983,-3.999999999997929e-08,3.954000000000002e-05,-0.8342809675194988,ps_foam_trial_4
108,ps_foam,4,0.034,1.0,1.0,30.0,1400.0,10.80066,1.4560619701969189,1.8635058411117316,foam,38,10.3007,0.00066132,103.0,0.49995999999999974,-5.999999999996893e-08,3.954000000000002e-05,-0.8271652098447314,ps_foam_trial_4
109,ps_foam,4,0.034,1.0,1.0,30.0,1400.0,10.90066,1.4508748201701516,1.8521748814845942,foam,38,10.3007,0.00066132,103.0,0.5999599999999994,-7.999999999995858e-08,3.952000000000003e-05,-0.8271652098447314,ps_foam_trial_4
110,ps_foam,4,0.034,1.0,1.0,30.0,1400.0,11.000660000000002,1.4508748201701516,1.8635058411117316,foam,38,10.3007,0.00066132,103.0,0.6999600000000008,-7.999999999995858e-08,3.954000000000002e-05,-0.8200494521699639,ps_foam_trial_4
111,ps_foam,4,0.034,1.0,1.0,30.0,1400.0,11.100700000000002,1.445687670143384,1.8635058411117316,foam,38,10.3007,0.00066132,103.0,0.8000000000000007,-9.999999999994822e-08,3.954000000000002e-05,-0.8129336944951965,ps_foam_trial_4
112,ps_foam,4,0.034,1.0,1.0,30.0,1400.0,11.20066,1.445687670143384,1.8521748814845942,foam,38,10.3007,0.00066132,103.0,0.8999599999999983,-9.999999999994822e-08,3.952000000000003e-05,-0.8200494521699639,ps_foam_trial_4
113,ps_foam,4,0.034,1.0,1.0,30.0,1400.0,11.3007,1.4405005201166168,1.8408439218574566,foam,38,10.3007,0.00066132,103.0,1.0,-1.1999999999993786e-07,3.950000000000004e-05,-0.8200494521699639,ps_foam_trial_4
114,ps_foam,4,0.034,1.0,1.0,30.0,1400.0,11.40066,1.445687670143384,1.8635058411117316,foam,38,10.3007,0.00066132,103.0,1.0999599999999994,-9.999999999994822e-08,3.954000000000002e-05,-0.8129336944951965,ps_foam_trial_4
115,ps_foam,4,0.034,1.0,1.0,30.0,1400.0,11.5007,1.4405005201166168,1.8408439218574566,foam,38,10.3007,0.00066132,103.0,1.1999999999999993,-1.1999999999993786e-07,3.950000000000004e-05,-0.8200494521699639,ps_foam_trial_4
116,ps_foam,4,0.034,1.0,1.0,30.0,1400.0,11.600700000000002,1.4353133700898493,1.8635058411117316,foam,38,10.3007,0.00066132,103.0,1.3000000000000007,-1.399999999999275e-07,3.954000000000002e-05,-0.7987021791456617,ps_foam_trial_4
117,ps_foam,4,0.034,1.0,1.0,30.0,1400.0,11.70067,1.4353133700898493,1.8408439218574566,foam,38,10.3007,0.00066132,103.0,1.3999699999999997,-1.399999999999275e-07,3.950000000000004e-05,-0.8129336944951965,ps_foam_trial_4
118,ps_foam,4,0.034,1.0,1.0,30.0,1400.0,11.8007,1.4405005201166168,1.8408439218574566,foam,38,10.3007,0.00066132,103.0,1.5,-1.1999999999993786e-07,3.950000000000004e-05,-0.8200494521699639,ps_foam_trial_4
119,ps_foam,4,0.034,1.0,1.0,30.0,1400.0,11.9007,1.430126220063082,1.8408439218574566,foam,38,10.3007,0.00066132,103.0,1.5999999999999996,-1.5999999999991715e-07,3.950000000000004e-05,-0.8058179368204291,ps_foam_trial_4
120,ps_foam,4,0.034,1.0,1.0,30.0,1400.0,12.0007,1.430126220063082,1.8521748814845942,foam,38,10.3007,0.00066132,103.0,1.6999999999999993,-1.5999999999991715e-07,3.952000000000003e-05,-0.7987021791456617,ps_foam_trial_4
121,ps_foam,4,0.034,1.0,1.0,30.0,1400.0,12.10067,1.430126220063082,1.8408439218574566,foam,38,10.3007,0.00066132,103.0,1.7999699999999983,-1.5999999999991715e-07,3.950000000000004e-05,-0.8058179368204291,ps_foam_trial_4
122,ps_foam,4,0.034,1.0,1.0,30.0,1400.0,12.20066,1.430126220063082,1.829512962230319,foam,38,10.3007,0.00066132,103.0,1.8999599999999983,-1.5999999999991715e-07,3.948000000000005e-05,-0.8129336944951965,ps_foam_trial_4
123,ps_foam,4,0.034,1.0,1.0,30.0,1400.0,12.3007,1.4249390700362863,1.829512962230319,foam,38,10.3007,0.00066132,103.0,2.0,-1.8000000000001522e-07,3.948000000000005e-05,-0.8058179368203905,ps_foam_trial_4
124,ps_foam,4,0.034,1.0,1.0,30.0,1400.0,12.4007,1.4249390700362863,1.8408439218574566,foam,38,10.3007,0.00066132,103.0,2.0999999999999996,-1.8000000000001522e-07,3.950000000000004e-05,-0.7987021791456231,ps_foam_trial_4
125,ps_foam,4,0.034,1.0,1.0,30.0,1400.0,12.500660000000002,1.4249390700362863,1.7955200833489062,foam,38,10.3007,0.00066132,103.0,2.199960000000001,-1.8000000000001522e-07,3.942000000000008e-05,-0.8271652098446928,ps_foam_trial_4
126,ps_foam,4,0.034,1.0,1.0,30.0,1400.0,12.600700000000002,1.4145647699827515,1.7615272044674322,foam,38,10.3007,0.00066132,103.0,2.3000000000000007,-2.199999999999945e-07,3.936e-05,-0.8342809675194988,ps_foam_trial_4
127,ps_foam,4,0.034,1.0,1.0,30.0,1400.0,12.70066,1.4145647699827515,1.7501962448402946,foam,38,10.3007,0.00066132,103.0,2.3999599999999983,-2.199999999999945e-07,3.934000000000001e-05,-0.8413967251942662,ps_foam_trial_4
128,ps_foam,4,0.034,1.0,1.0,30.0,1400.0,12.80066,1.419751920009519,1.7501962448402946,foam,38,10.3007,0.00066132,103.0,2.4999599999999997,-2.0000000000000486e-07,3.934000000000001e-05,-0.8485124828690337,ps_foam_trial_4
129,ps_foam,4,0.034,1.0,1.0,30.0,1400.0,12.900670000000002,1.4145647699827515,1.7501962448402946,foam,38,10.3007,0.00066132,103.0,2.599970000000001,-2.199999999999945e-07,3.934000000000001e-05,-0.8413967251942662,ps_foam_trial_4
130,ps_foam,4,0.034,1.0,1.0,30.0,1400.0,13.000700000000002,1.4145647699827515,1.738865285213157,foam,38,10.3007,0.00066132,103.0,2.700000000000001,-2.199999999999945e-07,3.932000000000002e-05,-0.8485124828690337,ps_foam_trial_4
131,ps_foam,4,0.034,1.0,1.0,30.0,1400.0,13.10066,1.419751920009519,1.7501962448402946,foam,38,10.3007,0.00066132,103.0,2.7999599999999987,-2.0000000000000486e-07,3.934000000000001e-05,-0.8485124828690337,ps_foam_trial_4
132,ps_foam,4,0.034,1.0,1.0,30.0,1400.0,13.20066,1.4145647699827515,1.7275343255860194,foam,38,10.3007,0.00066132,103.0,2.8999599999999983,-2.199999999999945e-07,3.9300000000000034e-05,-0.855628240543801,ps_foam_trial_4
133,ps_foam,4,0.034,1.0,1.0,30.0,1400.0,13.30066,1.4145647699827515,1.7275343255860194,foam,38,10.3007,0.00066132,103.0,2.9999599999999997,-2.199999999999945e-07,3.9300000000000034e-05,-0.855628240543801,ps_foam_trial_4
134,ps_foam,4,0.034,1.0,1.0,30.0,1400.0,13.4007,1.4145647699827515,1.7162033659588818,foam,38,10.3007,0.00066132,103.0,3.0999999999999996,-2.199999999999945e-07,3.9280000000000044e-05,-0.8627439982185685,ps_foam_trial_4
135,ps_foam,4,0.034,1.0,1.0,30.0,1400.0,13.500700000000002,1.4093776199559842,1.7162033659588818,foam,38,10.3007,0.00066132,103.0,3.200000000000001,-2.3999999999998415e-07,3.9280000000000044e-05,-0.855628240543801,ps_foam_trial_4
136,ps_foam,4,0.034,1.0,1.0,30.0,1400.0,13.60066,1.4145647699827515,1.7162033659588818,foam,38,10.3007,0.00066132,103.0,3.2999599999999987,-2.199999999999945e-07,3.9280000000000044e-05,-0.8627439982185685,ps_foam_trial_4
137,ps_foam,4,0.034,1.0,1.0,30.0,1400.0,13.70071,1.4093776199559842,1.7048724063317442,foam,38,10.3007,0.00066132,103.0,3.40001,-2.3999999999998415e-07,3.9260000000000054e-05,-0.8627439982185685,ps_foam_trial_4
138,ps_foam,4,0.034,1.0,1.0,30.0,1400.0,13.80066,1.4145647699827515,1.7048724063317442,foam,38,10.3007,0.00066132,103.0,3.4999599999999997,-2.199999999999945e-07,3.9260000000000054e-05,-0.869859755893336,ps_foam_trial_4
139,ps_foam,4,0.034,1.0,1.0,30.0,1400.0,13.9007,1.4145647699827515,1.6935414467046066,foam,38,10.3007,0.00066132,103.0,3.5999999999999996,-2.199999999999945e-07,3.9240000000000065e-05,-0.8769755135681033,ps_foam_trial_4
140,ps_foam,4,0.034,1.0,1.0,30.0,1400.0,14.000700000000002,1.4041904699292167,1.682210487077469,foam,38,10.3007,0.00066132,103.0,3.700000000000001,-2.599999999999738e-07,3.9220000000000075e-05,-0.869859755893336,ps_foam_trial_4
141,ps_foam,4,0.034,1.0,1.0,30.0,1400.0,14.100700000000002,1.4145647699827515,1.6935414467046066,foam,38,10.3007,0.00066132,103.0,3.8000000000000007,-2.199999999999945e-07,3.9240000000000065e-05,-0.8769755135681033,ps_foam_trial_4
142,ps_foam,4,0.034,1.0,1.0,30.0,1400.0,14.2007,1.4093776199559842,1.6935414467046066,foam,38,10.3007,0.00066132,103.0,3.8999999999999986,-2.3999999999998415e-07,3.9240000000000065e-05,-0.869859755893336,ps_foam_trial_4
143,ps_foam,4,0.034,1.0,1.0,30.0,1400.0,14.30066,1.4145647699827515,1.6708795274503314,foam,38,10.3007,0.00066132,103.0,3.9999599999999997,-2.199999999999945e-07,3.9200000000000085e-05,-0.8912070289176381,ps_foam_trial_4
144,ps_foam,4,0.034,1.0,1.0,30.0,1400.0,14.400660000000002,1.4145647699827515,1.6708795274503314,foam,38,10.3007,0.00066132,103.0,4.099960000000001,-2.199999999999945e-07,3.9200000000000085e-05,-0.8912070289176381,ps_foam_trial_4
145,ps_foam,4,0.034,1.0,1.0,30.0,1400.0,14.50067,1.4093776199559842,1.6708795274503314,foam,38,10.3007,0.00066132,103.0,4.199969999999999,-2.3999999999998415e-07,3.9200000000000085e-05,-0.8840912712428708,ps_foam_trial_4
146,ps_foam,4,0.034,1.0,1.0,30.0,1400.0,14.600700000000002,1.4093776199559842,1.6595485678231325,foam,38,10.3007,0.00066132,103.0,4.300000000000001,-2.3999999999998415e-07,3.917999999999999e-05,-0.8912070289176768,ps_foam_trial_4
147,ps_foam,4,0.034,1.0,1.0,30.0,1400.0,14.70066,1.4093776199559842,1.6595485678231325,foam,38,10.3007,0.00066132,103.0,4.399959999999998,-2.3999999999998415e-07,3.917999999999999e-05,-0.8912070289176768,ps_foam_trial_4
148,ps_foam,4,0.034,1.0,1.0,30.0,1400.0,14.8007,1.4093776199559842,1.6595485678231325,foam,38,10.3007,0.00066132,103.0,4.5,-2.3999999999998415e-07,3.917999999999999e-05,-0.8912070289176768,ps_foam_trial_4
149,ps_foam,4,0.034,1.0,1.0,30.0,1400.0,14.900660000000002,1.4041904699292167,1.6595485678231325,foam,38,10.3007,0.00066132,103.0,4.599960000000001,-2.599999999999738e-07,3.917999999999999e-05,-0.8840912712429093,ps_foam_trial_4
150,ps_foam,4,0.034,1.0,1.0,30.0,1400.0,15.000700000000002,1.4041904699292167,1.648217608195995,foam,38,10.3007,0.00066132,103.0,4.700000000000001,-2.599999999999738e-07,3.916e-05,-0.8912070289176768,ps_foam_trial_4
151,ps_foam,4,0.034,1.0,1.0,30.0,1400.0,15.10066,1.3990033199024494,1.6595485678231325,foam,38,10.3007,0.00066132,103.0,4.799959999999999,-2.7999999999996344e-07,3.917999999999999e-05,-0.876975513568142,ps_foam_trial_4
152,ps_foam,4,0.034,1.0,1.0,30.0,1400.0,15.2007,1.4041904699292167,1.6368866485688573,foam,38,10.3007,0.00066132,103.0,4.899999999999999,-2.599999999999738e-07,3.914000000000001e-05,-0.8983227865924442,ps_foam_trial_4
153,ps_foam,4,0.034,1.0,1.0,30.0,1400.0,15.30066,1.4041904699292167,1.648217608195995,foam,38,10.3007,0.00066132,103.0,4.99996,-2.599999999999738e-07,3.916e-05,-0.8912070289176768,ps_foam_trial_4
154,ps_foam,4,0.034,1.0,1.0,30.0,1400.0,15.400660000000002,1.4041904699292167,1.648217608195995,foam,38,10.3007,0.00066132,103.0,5.099960000000001,-2.599999999999738e-07,3.916e-05,-0.8912070289176768,ps_foam_trial_4
96,ps_foam,5,0.034,1.0,1.0,30.0,1400.0,9.60068,1.3419446696079798,1.5802318504331694,foam,38,9.60068,0.00066082,96.0,0.0,0.0,3.954000000000002e-05,-0.8485124828690337,ps_foam_trial_5
97,ps_foam,5,0.034,1.0,1.0,30.0,1400.0,9.70067,1.3471318196347473,1.5689008908060318,foam,38,9.60068,0.00066082,96.0,0.09999000000000002,1.9999999999989644e-08,3.952000000000003e-05,-0.8627439982185685,ps_foam_trial_5
98,ps_foam,5,0.034,1.0,1.0,30.0,1400.0,9.80072,1.3471318196347473,1.5802318504331694,foam,38,9.60068,0.00066082,96.0,0.20003999999999955,1.9999999999989644e-08,3.954000000000002e-05,-0.855628240543801,ps_foam_trial_5
99,ps_foam,5,0.034,1.0,1.0,30.0,1400.0,9.90068,1.331570369554445,1.5802318504331694,foam,38,9.60068,0.00066082,96.0,0.29999999999999893,-3.999999999997929e-08,3.954000000000002e-05,-0.8342809675194988,ps_foam_trial_5
100,ps_foam,5,0.034,1.0,1.0,30.0,1400.0,10.00068,1.3263832195276777,1.5802318504331694,foam,38,9.60068,0.00066082,96.0,0.3999999999999986,-5.999999999996893e-08,3.954000000000002e-05,-0.8271652098447314,ps_foam_trial_5
101,ps_foam,5,0.034,1.0,1.0,30.0,1400.0,10.10068,1.3160089194741147,1.591562810060307,foam,38,9.60068,0.00066082,96.0,0.5,-1.0000000000005664e-07,3.956000000000001e-05,-0.8058179368203905,ps_foam_trial_5
102,ps_foam,5,0.034,1.0,1.0,30.0,1400.0,10.20068,1.30563461942058,1.5802318504331694,foam,38,9.60068,0.00066082,96.0,0.5999999999999996,-1.4000000000003593e-07,3.954000000000002e-05,-0.7987021791456231,ps_foam_trial_5
103,ps_foam,5,0.034,1.0,1.0,30.0,1400.0,10.30072,1.3004474693938124,1.5689008908060318,foam,38,9.60068,0.00066082,96.0,0.7000399999999996,-1.6000000000002557e-07,3.952000000000003e-05,-0.7987021791456231,ps_foam_trial_5
104,ps_foam,5,0.034,1.0,1.0,30.0,1400.0,10.40068,1.30563461942058,1.5802318504331694,foam,38,9.60068,0.00066082,96.0,0.7999999999999989,-1.4000000000003593e-07,3.954000000000002e-05,-0.7987021791456231,ps_foam_trial_5
105,ps_foam,5,0.034,1.0,1.0,30.0,1400.0,10.50072,1.295260319367045,1.5802318504331694,foam,38,9.60068,0.00066082,96.0,0.9000399999999988,-1.8000000000001522e-07,3.954000000000002e-05,-0.7844706637960882,ps_foam_trial_5
106,ps_foam,5,0.034,1.0,1.0,30.0,1400.0,10.60068,1.295260319367045,1.5802318504331694,foam,38,9.60068,0.00066082,96.0,1.0,-1.8000000000001522e-07,3.954000000000002e-05,-0.7844706637960882,ps_foam_trial_5
107,ps_foam,5,0.034,1.0,1.0,30.0,1400.0,10.70072,1.295260319367045,1.5802318504331694,foam,38,9.60068,0.00066082,96.0,1.10004,-1.8000000000001522e-07,3.954000000000002e-05,-0.7844706637960882,ps_foam_trial_5
108,ps_foam,5,0.034,1.0,1.0,30.0,1400.0,10.80072,1.2848860193135103,1.5802318504331694,foam,38,9.60068,0.00066082,96.0,1.2000399999999996,-2.199999999999945e-07,3.954000000000002e-05,-0.7702391484465534,ps_foam_trial_5
109,ps_foam,5,0.034,1.0,1.0,30.0,1400.0,10.90068,1.2796988692867428,1.591562810060307,foam,38,9.60068,0.00066082,96.0,1.299999999999999,-2.3999999999998415e-07,3.956000000000001e-05,-0.7560076330970186,ps_foam_trial_5
110,ps_foam,5,0.034,1.0,1.0,30.0,1400.0,11.00068,1.2848860193135103,1.591562810060307,foam,38,9.60068,0.00066082,96.0,1.3999999999999986,-2.199999999999945e-07,3.956000000000001e-05,-0.763123390771786,ps_foam_trial_5
111,ps_foam,5,0.034,1.0,1.0,30.0,1400.0,11.10072,1.2745117192599753,1.5802318504331694,foam,38,9.60068,0.00066082,96.0,1.5000400000000003,-2.599999999999738e-07,3.954000000000002e-05,-0.7560076330970186,ps_foam_trial_5
112,ps_foam,5,0.034,1.0,1.0,30.0,1400.0,11.20068,1.2745117192599753,1.5802318504331694,foam,38,9.60068,0.00066082,96.0,1.5999999999999996,-2.599999999999738e-07,3.954000000000002e-05,-0.7560076330970186,ps_foam_trial_5
113,ps_foam,5,0.034,1.0,1.0,30.0,1400.0,11.30072,1.2745117192599753,1.5802318504331694,foam,38,9.60068,0.00066082,96.0,1.7000399999999996,-2.599999999999738e-07,3.954000000000002e-05,-0.7560076330970186,ps_foam_trial_5
114,ps_foam,5,0.034,1.0,1.0,30.0,1400.0,11.40068,1.2745117192599753,1.591562810060307,foam,38,9.60068,0.00066082,96.0,1.799999999999999,-2.599999999999738e-07,3.956000000000001e-05,-0.7488918754222511,ps_foam_trial_5
115,ps_foam,5,0.034,1.0,1.0,30.0,1400.0,11.50068,1.2745117192599753,1.5689008908060318,foam,38,9.60068,0.00066082,96.0,1.8999999999999986,-2.599999999999738e-07,3.952000000000003e-05,-0.763123390771786,ps_foam_trial_5
116,ps_foam,5,0.034,1.0,1.0,30.0,1400.0,11.60068,1.2641374192064405,1.5689008908060318,foam,38,9.60068,0.00066082,96.0,2.0,-2.999999999999531e-07,3.952000000000003e-05,-0.7488918754222511,ps_foam_trial_5
117,ps_foam,5,0.034,1.0,1.0,30.0,1400.0,11.70072,1.2745117192599753,1.5802318504331694,foam,38,9.60068,0.00066082,96.0,2.10004,-2.599999999999738e-07,3.954000000000002e-05,-0.7560076330970186,ps_foam_trial_5
118,ps_foam,5,0.034,1.0,1.0,30.0,1400.0,11.80072,1.2641374192064405,1.5575699311788944,foam,38,9.60068,0.00066082,96.0,2.2000399999999996,-2.999999999999531e-07,3.950000000000004e-05,-0.7560076330970186,ps_foam_trial_5
119,ps_foam,5,0.034,1.0,1.0,30.0,1400.0,11.90068,1.258950269179645,1.5689008908060318,foam,38,9.60068,0.00066082,96.0,2.299999999999999,-3.2000000000005115e-07,3.952000000000003e-05,-0.7417761177474451,ps_foam_trial_5
120,ps_foam,5,0.034,1.0,1.0,30.0,1400.0,12.00068,1.2537631191528777,1.5575699311788944,foam,38,9.60068,0.00066082,96.0,2.3999999999999986,-3.400000000000408e-07,3.950000000000004e-05,-0.7417761177474451,ps_foam_trial_5
121,ps_foam,5,0.034,1.0,1.0,30.0,1400.0,12.10072,1.258950269179645,1.5462389715516953,foam,38,9.60068,0.00066082,96.0,2.5000400000000003,-3.2000000000005115e-07,3.947999999999994e-05,-0.7560076330970186,ps_foam_trial_5
122,ps_foam,5,0.034,1.0,1.0,30.0,1400.0,12.20072,1.2641374192064405,1.5575699311788944,foam,38,9.60068,0.00066082,96.0,2.60004,-2.999999999999531e-07,3.950000000000004e-05,-0.7560076330970186,ps_foam_trial_5
123,ps_foam,5,0.034,1.0,1.0,30.0,1400.0,12.300720000000002,1.2537631191528777,1.5575699311788944,foam,38,9.60068,0.00066082,96.0,2.7000400000000013,-3.400000000000408e-07,3.950000000000004e-05,-0.7417761177474451,ps_foam_trial_5
124,ps_foam,5,0.034,1.0,1.0,30.0,1400.0,12.400720000000002,1.258950269179645,1.5575699311788944,foam,38,9.60068,0.00066082,96.0,2.800040000000001,-3.2000000000005115e-07,3.950000000000004e-05,-0.7488918754222126,ps_foam_trial_5
125,ps_foam,5,0.034,1.0,1.0,30.0,1400.0,12.50068,1.2537631191528777,1.5349080119245577,foam,38,9.60068,0.00066082,96.0,2.8999999999999986,-3.400000000000408e-07,3.945999999999995e-05,-0.7560076330970186,ps_foam_trial_5
126,ps_foam,5,0.034,1.0,1.0,30.0,1400.0,12.60068,1.243388819099343,1.5235770522974201,foam,38,9.60068,0.00066082,96.0,3.0,-3.800000000000201e-07,3.943999999999996e-05,-0.7488918754222511,ps_foam_trial_5
127,ps_foam,5,0.034,1.0,1.0,30.0,1400.0,12.70072,1.243388819099343,1.5235770522974201,foam,38,9.60068,0.00066082,96.0,3.10004,-3.800000000000201e-07,3.943999999999996e-05,-0.7488918754222511,ps_foam_trial_5
128,ps_foam,5,0.034,1.0,1.0,30.0,1400.0,12.800680000000002,1.2330145190458082,1.5122460926702825,foam,38,9.60068,0.00066082,96.0,3.200000000000001,-4.1999999999999937e-07,3.941999999999997e-05,-0.7417761177474838,ps_foam_trial_5
129,ps_foam,5,0.034,1.0,1.0,30.0,1400.0,12.900720000000002,1.2278273690190407,1.500915133043145,foam,38,9.60068,0.00066082,96.0,3.300040000000001,-4.39999999999989e-07,3.939999999999998e-05,-0.7417761177474838,ps_foam_trial_5
130,ps_foam,5,0.034,1.0,1.0,30.0,1400.0,13.00072,1.2278273690190407,1.5122460926702825,foam,38,9.60068,0.00066082,96.0,3.400039999999999,-4.39999999999989e-07,3.941999999999997e-05,-0.7346603600727163,ps_foam_trial_5
131,ps_foam,5,0.034,1.0,1.0,30.0,1400.0,13.10072,1.2278273690190407,1.500915133043145,foam,38,9.60068,0.00066082,96.0,3.5000400000000003,-4.39999999999989e-07,3.939999999999998e-05,-0.7417761177474838,ps_foam_trial_5
132,ps_foam,5,0.034,1.0,1.0,30.0,1400.0,13.200680000000002,1.2226402189922732,1.500915133043145,foam,38,9.60068,0.00066082,96.0,3.6000000000000014,-4.5999999999997866e-07,3.939999999999998e-05,-0.7346603600727163,ps_foam_trial_5
133,ps_foam,5,0.034,1.0,1.0,30.0,1400.0,13.300720000000002,1.2174530689655059,1.4895841734160074,foam,38,9.60068,0.00066082,96.0,3.7000400000000013,-4.799999999999683e-07,3.937999999999999e-05,-0.7346603600727163,ps_foam_trial_5
134,ps_foam,5,0.034,1.0,1.0,30.0,1400.0,13.400710000000002,1.2174530689655059,1.500915133043145,foam,38,9.60068,0.00066082,96.0,3.8000300000000014,-4.799999999999683e-07,3.939999999999998e-05,-0.7275446023979488,ps_foam_trial_5
135,ps_foam,5,0.034,1.0,1.0,30.0,1400.0,13.50068,1.2226402189922732,1.4895841734160074,foam,38,9.60068,0.00066082,96.0,3.8999999999999986,-4.5999999999997866e-07,3.937999999999999e-05,-0.7417761177474838,ps_foam_trial_5
136,ps_foam,5,0.034,1.0,1.0,30.0,1400.0,13.60068,1.2174530689655059,1.47825321378887,foam,38,9.60068,0.00066082,96.0,4.0,-4.799999999999683e-07,3.936e-05,-0.7417761177474838,ps_foam_trial_5
137,ps_foam,5,0.034,1.0,1.0,30.0,1400.0,13.700680000000002,1.2174530689655059,1.500915133043145,foam,38,9.60068,0.00066082,96.0,4.100000000000001,-4.799999999999683e-07,3.939999999999998e-05,-0.7275446023979488,ps_foam_trial_5
138,ps_foam,5,0.034,1.0,1.0,30.0,1400.0,13.800720000000002,1.2174530689655059,1.4669222541617324,foam,38,9.60068,0.00066082,96.0,4.200040000000001,-4.799999999999683e-07,3.934000000000001e-05,-0.7488918754222511,ps_foam_trial_5
139,ps_foam,5,0.034,1.0,1.0,30.0,1400.0,13.90068,1.2174530689655059,1.500915133043145,foam,38,9.60068,0.00066082,96.0,4.299999999999999,-4.799999999999683e-07,3.939999999999998e-05,-0.7275446023979488,ps_foam_trial_5
140,ps_foam,5,0.034,1.0,1.0,30.0,1400.0,14.00072,1.2070787689119429,1.47825321378887,foam,38,9.60068,0.00066082,96.0,4.400039999999999,-5.20000000000056e-07,3.936e-05,-0.7275446023979103,ps_foam_trial_5
141,ps_foam,5,0.034,1.0,1.0,30.0,1400.0,14.10068,1.2070787689119429,1.47825321378887,foam,38,9.60068,0.00066082,96.0,4.5,-5.20000000000056e-07,3.936e-05,-0.7275446023979103,ps_foam_trial_5
142,ps_foam,5,0.034,1.0,1.0,30.0,1400.0,14.200680000000002,1.2018916188851756,1.47825321378887,foam,38,9.60068,0.00066082,96.0,4.600000000000001,-5.400000000000457e-07,3.936e-05,-0.7204288447231428,ps_foam_trial_5
143,ps_foam,5,0.034,1.0,1.0,30.0,1400.0,14.300720000000002,1.2070787689119429,1.4669222541617324,foam,38,9.60068,0.00066082,96.0,4.700040000000001,-5.20000000000056e-07,3.934000000000001e-05,-0.7346603600726778,ps_foam_trial_5
144,ps_foam,5,0.034,1.0,1.0,30.0,1400.0,14.40068,1.2018916188851756,1.4669222541617324,foam,38,9.60068,0.00066082,96.0,4.799999999999999,-5.400000000000457e-07,3.934000000000001e-05,-0.7275446023979103,ps_foam_trial_5
145,ps_foam,5,0.034,1.0,1.0,30.0,1400.0,14.50072,1.2070787689119429,1.4555912945345948,foam,38,9.60068,0.00066082,96.0,4.900039999999999,-5.20000000000056e-07,3.932000000000002e-05,-0.7417761177474451,ps_foam_trial_5
146,ps_foam,5,0.034,1.0,1.0,30.0,1400.0,14.60072,1.2070787689119429,1.4442603349074572,foam,38,9.60068,0.00066082,96.0,5.00004,-5.20000000000056e-07,3.9300000000000034e-05,-0.7488918754222126,ps_foam_trial_5
114,ps_foam,6,0.034,1.0,1.0,30.0,1400.0,11.40066,1.1915173188316408,1.3422816982631576,foam,38,11.40066,0.00066024,114.0,0.0,0.0,3.9700000000000043e-05,-0.7915864214708557,ps_foam_trial_6
115,ps_foam,6,0.034,1.0,1.0,30.0,1400.0,11.5007,1.1863301688048733,1.3422816982631576,foam,38,11.40066,0.00066024,114.0,0.1000399999999999,-1.9999999999989644e-08,3.9700000000000043e-05,-0.7844706637960882,ps_foam_trial_6
116,ps_foam,6,0.034,1.0,1.0,30.0,1400.0,11.600700000000002,1.1863301688048733,1.3536126578902952,foam,38,11.40066,0.00066024,114.0,0.20004000000000133,-1.9999999999989644e-08,3.972000000000003e-05,-0.7773549061213209,ps_foam_trial_6
117,ps_foam,6,0.034,1.0,1.0,30.0,1400.0,11.7007,1.1863301688048733,1.3422816982631576,foam,38,11.40066,0.00066024,114.0,0.3000399999999992,-1.9999999999989644e-08,3.9700000000000043e-05,-0.7844706637960882,ps_foam_trial_6
118,ps_foam,6,0.034,1.0,1.0,30.0,1400.0,11.80067,1.196704468858408,1.3082888193816835,foam,38,11.40066,0.00066024,114.0,0.40001,1.9999999999989644e-08,3.9639999999999966e-05,-0.8200494521699639,ps_foam_trial_6
119,ps_foam,6,0.034,1.0,1.0,30.0,1400.0,11.900670000000002,1.170768718724571,1.2742959405002707,foam,38,11.40066,0.00066024,114.0,0.5000100000000014,-7.999999999995858e-08,3.958e-05,-0.8058179368204291,ps_foam_trial_6
120,ps_foam,6,0.034,1.0,1.0,30.0,1400.0,12.00067,1.1655815686978037,1.296957859754546,foam,38,11.40066,0.00066024,114.0,0.6000099999999993,-9.999999999994822e-08,3.9619999999999976e-05,-0.7844706637961268,ps_foam_trial_6
121,ps_foam,6,0.034,1.0,1.0,30.0,1400.0,12.10067,1.1655815686978037,1.2742959405002707,foam,38,11.40066,0.00066024,114.0,0.7000099999999989,-9.999999999994822e-08,3.958e-05,-0.7987021791456617,ps_foam_trial_6
122,ps_foam,6,0.034,1.0,1.0,30.0,1400.0,12.2007,1.1603944186710362,1.2742959405002707,foam,38,11.40066,0.00066024,114.0,0.8000399999999992,-1.1999999999993786e-07,3.958e-05,-0.7915864214708943,ps_foam_trial_6
123,ps_foam,6,0.034,1.0,1.0,30.0,1400.0,12.3007,1.1603944186710362,1.2629649808731331,foam,38,11.40066,0.00066024,114.0,0.9000400000000006,-1.1999999999993786e-07,3.956000000000001e-05,-0.7987021791456617,ps_foam_trial_6
124,ps_foam,6,0.034,1.0,1.0,30.0,1400.0,12.400670000000002,1.1603944186710362,1.2629649808731331,foam,38,11.40066,0.00066024,114.0,1.0000100000000014,-1.1999999999993786e-07,3.956000000000001e-05,-0.7987021791456617,ps_foam_trial_6
125,ps_foam,6,0.034,1.0,1.0,30.0,1400.0,12.50067,1.155207268644269,1.2516340212459955,foam,38,11.40066,0.00066024,114.0,1.1000099999999993,-1.399999999999275e-07,3.954000000000002e-05,-0.7987021791456617,ps_foam_trial_6
126,ps_foam,6,0.034,1.0,1.0,30.0,1400.0,12.600700000000002,1.1500201186174734,1.2629649808731331,foam,38,11.40066,0.00066024,114.0,1.2000400000000013,-1.6000000000002557e-07,3.956000000000001e-05,-0.7844706637960882,ps_foam_trial_6
127,ps_foam,6,0.034,1.0,1.0,30.0,1400.0,12.7007,1.155207268644269,1.2629649808731331,foam,38,11.40066,0.00066024,114.0,1.3000399999999992,-1.399999999999275e-07,3.956000000000001e-05,-0.7915864214708943,ps_foam_trial_6
128,ps_foam,6,0.034,1.0,1.0,30.0,1400.0,12.80067,1.1500201186174734,1.2516340212459955,foam,38,11.40066,0.00066024,114.0,1.40001,-1.6000000000002557e-07,3.954000000000002e-05,-0.7915864214708557,ps_foam_trial_6
129,ps_foam,6,0.034,1.0,1.0,30.0,1400.0,12.900710000000002,1.1500201186174734,1.2516340212459955,foam,38,11.40066,0.00066024,114.0,1.5000500000000017,-1.6000000000002557e-07,3.954000000000002e-05,-0.7915864214708557,ps_foam_trial_6
130,ps_foam,6,0.034,1.0,1.0,30.0,1400.0,13.000710000000002,1.144832968590706,1.2289721019917204,foam,38,11.40066,0.00066024,114.0,1.6000500000000013,-1.8000000000001522e-07,3.950000000000004e-05,-0.7987021791456231,ps_foam_trial_6
131,ps_foam,6,0.034,1.0,1.0,30.0,1400.0,13.100700000000002,1.144832968590706,1.2289721019917204,foam,38,11.40066,0.00066024,114.0,1.7000400000000013,-1.8000000000001522e-07,3.950000000000004e-05,-0.7987021791456231,ps_foam_trial_6
132,ps_foam,6,0.034,1.0,1.0,30.0,1400.0,13.2007,1.1500201186174734,1.240303061618858,foam,38,11.40066,0.00066024,114.0,1.8000399999999992,-1.6000000000002557e-07,3.952000000000003e-05,-0.7987021791456231,ps_foam_trial_6
133,ps_foam,6,0.034,1.0,1.0,30.0,1400.0,13.30066,1.1500201186174734,1.240303061618858,foam,38,11.40066,0.00066024,114.0,1.9000000000000004,-1.6000000000002557e-07,3.952000000000003e-05,-0.7987021791456231,ps_foam_trial_6
134,ps_foam,6,0.034,1.0,1.0,30.0,1400.0,13.4007,1.144832968590706,1.2176411423645828,foam,38,11.40066,0.00066024,114.0,2.0000400000000003,-1.8000000000001522e-07,3.948000000000005e-05,-0.8058179368203905,ps_foam_trial_6
135,ps_foam,6,0.034,1.0,1.0,30.0,1400.0,13.50067,1.1500201186174734,1.2176411423645828,foam,38,11.40066,0.00066024,114.0,2.1000099999999993,-1.6000000000002557e-07,3.948000000000005e-05,-0.812933694495158,ps_foam_trial_6
136,ps_foam,6,0.034,1.0,1.0,30.0,1400.0,13.60066,1.1500201186174734,1.2176411423645828,foam,38,11.40066,0.00066024,114.0,2.1999999999999993,-1.6000000000002557e-07,3.948000000000005e-05,-0.812933694495158,ps_foam_trial_6
137,ps_foam,6,0.034,1.0,1.0,30.0,1400.0,13.70067,1.1500201186174734,1.2063101827374452,foam,38,11.40066,0.00066024,114.0,2.3000100000000003,-1.6000000000002557e-07,3.946000000000006e-05,-0.8200494521699254,ps_foam_trial_6
138,ps_foam,6,0.034,1.0,1.0,30.0,1400.0,13.8007,1.144832968590706,1.2176411423645828,foam,38,11.40066,0.00066024,114.0,2.4000400000000006,-1.8000000000001522e-07,3.948000000000005e-05,-0.8058179368203905,ps_foam_trial_6
139,ps_foam,6,0.034,1.0,1.0,30.0,1400.0,13.9007,1.144832968590706,1.2176411423645828,foam,38,11.40066,0.00066024,114.0,2.5000400000000003,-1.8000000000001522e-07,3.948000000000005e-05,-0.8058179368203905,ps_foam_trial_6
140,ps_foam,6,0.034,1.0,1.0,30.0,1400.0,14.000700000000002,1.144832968590706,1.1949792231103076,foam,38,11.40066,0.00066024,114.0,2.6000400000000017,-1.8000000000001522e-07,3.944000000000007e-05,-0.8200494521699254,ps_foam_trial_6
141,ps_foam,6,0.034,1.0,1.0,30.0,1400.0,14.100700000000002,1.1500201186174734,1.2063101827374452,foam,38,11.40066,0.00066024,114.0,2.7000400000000013,-1.6000000000002557e-07,3.946000000000006e-05,-0.8200494521699254,ps_foam_trial_6
142,ps_foam,6,0.034,1.0,1.0,30.0,1400.0,14.2007,1.144832968590706,1.1949792231103076,foam,38,11.40066,0.00066024,114.0,2.800039999999999,-1.8000000000001522e-07,3.944000000000007e-05,-0.8200494521699254,ps_foam_trial_6
143,ps_foam,6,0.034,1.0,1.0,30.0,1400.0,14.300670000000002,1.144832968590706,1.1949792231103076,foam,38,11.40066,0.00066024,114.0,2.9000100000000018,-1.8000000000001522e-07,3.944000000000007e-05,-0.8200494521699254,ps_foam_trial_6
144,ps_foam,6,0.034,1.0,1.0,30.0,1400.0,14.400710000000002,1.144832968590706,1.1949792231103076,foam,38,11.40066,0.00066024,114.0,3.0000500000000017,-1.8000000000001522e-07,3.944000000000007e-05,-0.8200494521699254,ps_foam_trial_6
145,ps_foam,6,0.034,1.0,1.0,30.0,1400.0,14.500700000000002,1.1344586685371711,1.1949792231103076,foam,38,11.40066,0.00066024,114.0,3.1000400000000017,-2.199999999999945e-07,3.944000000000007e-05,-0.8058179368203905,ps_foam_trial_6
146,ps_foam,6,0.034,1.0,1.0,30.0,1400.0,14.600700000000002,1.1344586685371711,1.1836482634831087,foam,38,11.40066,0.00066024,114.0,3.2000400000000013,-2.199999999999945e-07,3.941999999999997e-05,-0.8129336944951965,ps_foam_trial_6
147,ps_foam,6,0.034,1.0,1.0,30.0,1400.0,14.70071,1.1396458185639387,1.1836482634831087,foam,38,11.40066,0.00066024,114.0,3.3000500000000006,-2.0000000000000486e-07,3.941999999999997e-05,-0.8200494521699639,ps_foam_trial_6
148,ps_foam,6,0.034,1.0,1.0,30.0,1400.0,14.80071,1.1344586685371711,1.1836482634831087,foam,38,11.40066,0.00066024,114.0,3.4000500000000002,-2.199999999999945e-07,3.941999999999997e-05,-0.8129336944951965,ps_foam_trial_6
149,ps_foam,6,0.034,1.0,1.0,30.0,1400.0,14.900710000000002,1.1396458185639387,1.1949792231103076,foam,38,11.40066,0.00066024,114.0,3.5000500000000017,-2.0000000000000486e-07,3.944000000000007e-05,-0.812933694495158,ps_foam_trial_6
150,ps_foam,6,0.034,1.0,1.0,30.0,1400.0,15.000710000000002,1.1344586685371711,1.172317303855971,foam,38,11.40066,0.00066024,114.0,3.6000500000000013,-2.199999999999945e-07,3.939999999999998e-05,-0.8200494521699639,ps_foam_trial_6
151,ps_foam,6,0.034,1.0,1.0,30.0,1400.0,15.100700000000002,1.1292715185104036,1.1836482634831087,foam,38,11.40066,0.00066024,114.0,3.7000400000000013,-2.3999999999998415e-07,3.941999999999997e-05,-0.8058179368204291,ps_foam_trial_6
152,ps_foam,6,0.034,1.0,1.0,30.0,1400.0,15.20067,1.1292715185104036,1.172317303855971,foam,38,11.40066,0.00066024,114.0,3.8000100000000003,-2.3999999999998415e-07,3.939999999999998e-05,-0.8129336944951965,ps_foam_trial_6
153,ps_foam,6,0.034,1.0,1.0,30.0,1400.0,15.3007,1.1344586685371711,1.1836482634831087,foam,38,11.40066,0.00066024,114.0,3.9000400000000006,-2.199999999999945e-07,3.941999999999997e-05,-0.8129336944951965,ps_foam_trial_6
154,ps_foam,6,0.034,1.0,1.0,30.0,1400.0,15.4007,1.1344586685371711,1.172317303855971,foam,38,11.40066,0.00066024,114.0,4.00004,-2.199999999999945e-07,3.939999999999998e-05,-0.8200494521699639,ps_foam_trial_6
155,ps_foam,6,0.034,1.0,1.0,30.0,1400.0,15.500700000000002,1.1344586685371711,1.1609863442288335,foam,38,11.40066,0.00066024,114.0,4.100040000000002,-2.199999999999945e-07,3.937999999999999e-05,-0.8271652098447314,ps_foam_trial_6
156,ps_foam,6,0.034,1.0,1.0,30.0,1400.0,15.60071,1.1292715185104036,1.172317303855971,foam,38,11.40066,0.00066024,114.0,4.200049999999999,-2.3999999999998415e-07,3.939999999999998e-05,-0.8129336944951965,ps_foam_trial_6
157,ps_foam,6,0.034,1.0,1.0,30.0,1400.0,15.70066,1.1344586685371711,1.172317303855971,foam,38,11.40066,0.00066024,114.0,4.299999999999999,-2.199999999999945e-07,3.939999999999998e-05,-0.8200494521699639,ps_foam_trial_6
158,ps_foam,6,0.034,1.0,1.0,30.0,1400.0,15.800670000000002,1.1240843684836364,1.149655384601696,foam,38,11.40066,0.00066024,114.0,4.400010000000002,-2.599999999999738e-07,3.936e-05,-0.8200494521699639,ps_foam_trial_6
159,ps_foam,6,0.034,1.0,1.0,30.0,1400.0,15.900670000000002,1.1292715185104036,1.172317303855971,foam,38,11.40066,0.00066024,114.0,4.500010000000001,-2.3999999999998415e-07,3.939999999999998e-05,-0.8129336944951965,ps_foam_trial_6
160,ps_foam,6,0.034,1.0,1.0,30.0,1400.0,16.00071,1.1292715185104036,1.149655384601696,foam,38,11.40066,0.00066024,114.0,4.600050000000001,-2.3999999999998415e-07,3.936e-05,-0.8271652098447314,ps_foam_trial_6
161,ps_foam,6,0.034,1.0,1.0,30.0,1400.0,16.1007,1.1240843684836364,1.149655384601696,foam,38,11.40066,0.00066024,114.0,4.7000399999999996,-2.599999999999738e-07,3.936e-05,-0.8200494521699639,ps_foam_trial_6
162,ps_foam,6,0.034,1.0,1.0,30.0,1400.0,16.2007,1.1292715185104036,1.149655384601696,foam,38,11.40066,0.00066024,114.0,4.800040000000001,-2.3999999999998415e-07,3.936e-05,-0.8271652098447314,ps_foam_trial_6
163,ps_foam,6,0.034,1.0,1.0,30.0,1400.0,16.300700000000003,1.1292715185104036,1.149655384601696,foam,38,11.40066,0.00066024,114.0,4.900040000000002,-2.3999999999998415e-07,3.936e-05,-0.8271652098447314,ps_foam_trial_6
164,ps_foam,6,0.034,1.0,1.0,30.0,1400.0,16.4007,1.1292715185104036,1.149655384601696,foam,38,11.40066,0.00066024,114.0,5.00004,-2.3999999999998415e-07,3.936e-05,-0.8271652098447314,ps_foam_trial_6
101,pu_foam,1,0.043,1.0,1.0,30.0,1400.0,10.10066,1.1396458185639387,0.4018120492102475,foam,42,10.10066,0.00066004,101.0,0.0,0.0,3.824000000000004e-05,-1.3110367317291476,pu_foam_trial_1
102,pu_foam,1,0.043,1.0,1.0,30.0,1400.0,10.2007,1.144832968590706,0.3904810895831099,foam,42,10.10066,0.00066004,101.0,0.1000399999999999,1.9999999999989644e-08,3.822000000000005e-05,-1.3252682470786825,pu_foam_trial_1
103,pu_foam,1,0.043,1.0,1.0,30.0,1400.0,10.3007,1.1344586685371711,0.4018120492102475,foam,42,10.10066,0.00066004,101.0,0.20004000000000133,-1.9999999999989644e-08,3.824000000000004e-05,-1.3039209740543802,pu_foam_trial_1
104,pu_foam,1,0.043,1.0,1.0,30.0,1400.0,10.40066,1.1344586685371711,0.3904810895831099,foam,42,10.10066,0.00066004,101.0,0.3000000000000007,-1.9999999999989644e-08,3.822000000000005e-05,-1.3110367317291476,pu_foam_trial_1
105,pu_foam,1,0.043,1.0,1.0,30.0,1400.0,10.500660000000002,1.108522918403334,0.3904810895831099,foam,42,10.10066,0.00066004,101.0,0.40000000000000213,-1.1999999999993786e-07,3.822000000000005e-05,-1.2754579433553106,pu_foam_trial_1
106,pu_foam,1,0.043,1.0,1.0,30.0,1400.0,10.600700000000002,1.0618385681623994,0.3564882107016358,foam,42,10.10066,0.00066004,101.0,0.500040000000002,-2.999999999999531e-07,3.8159999999999973e-05,-1.232763397306706,pu_foam_trial_1
107,pu_foam,1,0.043,1.0,1.0,30.0,1400.0,10.7007,1.0410899680553016,0.36781917032883477,foam,42,10.10066,0.00066004,101.0,0.6000399999999999,-3.800000000000201e-07,3.818000000000007e-05,-1.1971846089327918,pu_foam_trial_1
108,pu_foam,1,0.043,1.0,1.0,30.0,1400.0,10.8007,1.0307156680017668,0.3904810895831099,foam,42,10.10066,0.00066004,101.0,0.7000400000000013,-4.1999999999999937e-07,3.822000000000005e-05,-1.168721578233722,pu_foam_trial_1
109,pu_foam,1,0.043,1.0,1.0,30.0,1400.0,10.9007,1.020341367948232,0.3904810895831099,foam,42,10.10066,0.00066004,101.0,0.800040000000001,-4.5999999999997866e-07,3.822000000000005e-05,-1.1544900628841872,pu_foam_trial_1
110,pu_foam,1,0.043,1.0,1.0,30.0,1400.0,11.000660000000002,1.0151542179214645,0.4018120492102475,foam,42,10.10066,0.00066004,101.0,0.9000000000000021,-4.799999999999683e-07,3.824000000000004e-05,-1.1402585475346523,pu_foam_trial_1
111,pu_foam,1,0.043,1.0,1.0,30.0,1400.0,11.100700000000002,1.0099670678946973,0.3904810895831099,foam,42,10.10066,0.00066004,101.0,1.000040000000002,-4.999999999999579e-07,3.822000000000005e-05,-1.1402585475346523,pu_foam_trial_1
112,pu_foam,1,0.043,1.0,1.0,30.0,1400.0,11.2007,1.0151542179214645,0.3904810895831099,foam,42,10.10066,0.00066004,101.0,1.10004,-4.799999999999683e-07,3.822000000000005e-05,-1.1473743052094199,pu_foam_trial_1
113,pu_foam,1,0.043,1.0,1.0,30.0,1400.0,11.3007,1.0099670678946973,0.3904810895831099,foam,42,10.10066,0.00066004,101.0,1.2000400000000013,-4.999999999999579e-07,3.822000000000005e-05,-1.1402585475346523,pu_foam_trial_1
114,pu_foam,1,0.043,1.0,1.0,30.0,1400.0,11.40066,1.0047799178679298,0.3904810895831099,foam,42,10.10066,0.00066004,101.0,1.3000000000000007,-5.199999999999476e-07,3.822000000000005e-05,-1.133142789859885,pu_foam_trial_1
115,pu_foam,1,0.043,1.0,1.0,30.0,1400.0,11.5007,1.0099670678946973,0.3904810895831099,foam,42,10.10066,0.00066004,101.0,1.4000400000000006,-4.999999999999579e-07,3.822000000000005e-05,-1.1402585475346523,pu_foam_trial_1
116,pu_foam,1,0.043,1.0,1.0,30.0,1400.0,11.600700000000002,1.0047799178679298,0.3904810895831099,foam,42,10.10066,0.00066004,101.0,1.500040000000002,-5.199999999999476e-07,3.822000000000005e-05,-1.133142789859885,pu_foam_trial_1
117,pu_foam,1,0.043,1.0,1.0,30.0,1400.0,11.70066,1.0047799178679298,0.3904810895831099,foam,42,10.10066,0.00066004,101.0,1.5999999999999996,-5.199999999999476e-07,3.822000000000005e-05,-1.133142789859885,pu_foam_trial_1
118,pu_foam,1,0.043,1.0,1.0,30.0,1400.0,11.8007,0.9995927678411625,0.36781917032883477,foam,42,10.10066,0.00066004,101.0,1.7000400000000013,-5.399999999999372e-07,3.818000000000007e-05,-1.1402585475346523,pu_foam_trial_1
119,pu_foam,1,0.043,1.0,1.0,30.0,1400.0,11.90066,1.0047799178679298,0.3904810895831099,foam,42,10.10066,0.00066004,101.0,1.8000000000000007,-5.199999999999476e-07,3.822000000000005e-05,-1.133142789859885,pu_foam_trial_1
120,pu_foam,1,0.043,1.0,1.0,30.0,1400.0,12.0007,1.0047799178679298,0.36781917032883477,foam,42,10.10066,0.00066004,101.0,1.9000400000000006,-5.199999999999476e-07,3.818000000000007e-05,-1.1473743052094199,pu_foam_trial_1
121,pu_foam,1,0.043,1.0,1.0,30.0,1400.0,12.10066,1.0047799178679298,0.36781917032883477,foam,42,10.10066,0.00066004,101.0,2.0,-5.199999999999476e-07,3.818000000000007e-05,-1.1473743052094199,pu_foam_trial_1
122,pu_foam,1,0.043,1.0,1.0,30.0,1400.0,12.2007,1.0047799178679298,0.36781917032883477,foam,42,10.10066,0.00066004,101.0,2.10004,-5.199999999999476e-07,3.818000000000007e-05,-1.1473743052094199,pu_foam_trial_1
123,pu_foam,1,0.043,1.0,1.0,30.0,1400.0,12.3007,0.9995927678411625,0.3564882107016358,foam,42,10.10066,0.00066004,101.0,2.2000400000000013,-5.399999999999372e-07,3.8159999999999973e-05,-1.1473743052094583,pu_foam_trial_1
124,pu_foam,1,0.043,1.0,1.0,30.0,1400.0,12.40066,1.0047799178679298,0.3451572510744982,foam,42,10.10066,0.00066004,101.0,2.3000000000000007,-5.199999999999476e-07,3.8139999999999984e-05,-1.1616058205589932,pu_foam_trial_1
125,pu_foam,1,0.043,1.0,1.0,30.0,1400.0,12.500660000000002,0.9995927678411625,0.33382629144736065,foam,42,10.10066,0.00066004,101.0,2.400000000000002,-5.399999999999372e-07,3.8119999999999994e-05,-1.1616058205589932,pu_foam_trial_1
126,pu_foam,1,0.043,1.0,1.0,30.0,1400.0,12.60066,0.9995927678411625,0.3451572510744982,foam,42,10.10066,0.00066004,101.0,2.5,-5.399999999999372e-07,3.8139999999999984e-05,-1.1544900628842258,pu_foam_trial_1
127,pu_foam,1,0.043,1.0,1.0,30.0,1400.0,12.70066,0.9995927678411625,0.32249533182022305,foam,42,10.10066,0.00066004,101.0,2.5999999999999996,-5.399999999999372e-07,3.8100000000000005e-05,-1.1687215782337605,pu_foam_trial_1
128,pu_foam,1,0.043,1.0,1.0,30.0,1400.0,12.80066,0.9995927678411625,0.32249533182022305,foam,42,10.10066,0.00066004,101.0,2.700000000000001,-5.399999999999372e-07,3.8100000000000005e-05,-1.1687215782337605,pu_foam_trial_1
129,pu_foam,1,0.043,1.0,1.0,30.0,1400.0,12.90066,0.9995927678411625,0.31116437219308546,foam,42,10.10066,0.00066004,101.0,2.8000000000000007,-5.399999999999372e-07,3.8080000000000015e-05,-1.1758373359085281,pu_foam_trial_1
130,pu_foam,1,0.043,1.0,1.0,30.0,1400.0,13.000660000000002,0.9995927678411625,0.31116437219308546,foam,42,10.10066,0.00066004,101.0,2.900000000000002,-5.399999999999372e-07,3.8080000000000015e-05,-1.1758373359085281,pu_foam_trial_1
131,pu_foam,1,0.043,1.0,1.0,30.0,1400.0,13.10066,0.994405617814395,0.32249533182022305,foam,42,10.10066,0.00066004,101.0,3.0,-5.599999999999269e-07,3.8100000000000005e-05,-1.1616058205589932,pu_foam_trial_1
132,pu_foam,1,0.043,1.0,1.0,30.0,1400.0,13.20066,0.994405617814395,0.31116437219308546,foam,42,10.10066,0.00066004,101.0,3.0999999999999996,-5.599999999999269e-07,3.8080000000000015e-05,-1.1687215782337605,pu_foam_trial_1
133,pu_foam,1,0.043,1.0,1.0,30.0,1400.0,13.30066,0.9892184677875995,0.31116437219308546,foam,42,10.10066,0.00066004,101.0,3.200000000000001,-5.800000000000249e-07,3.8080000000000015e-05,-1.1616058205589546,pu_foam_trial_1
134,pu_foam,1,0.043,1.0,1.0,30.0,1400.0,13.40066,0.994405617814395,0.2885024529388103,foam,42,10.10066,0.00066004,101.0,3.3000000000000007,-5.599999999999269e-07,3.8040000000000036e-05,-1.1829530935832955,pu_foam_trial_1
135,pu_foam,1,0.043,1.0,1.0,30.0,1400.0,13.500700000000002,0.9892184677875995,0.2885024529388103,foam,42,10.10066,0.00066004,101.0,3.4000400000000024,-5.800000000000249e-07,3.8040000000000036e-05,-1.1758373359084895,pu_foam_trial_1
136,pu_foam,1,0.043,1.0,1.0,30.0,1400.0,13.60066,0.9892184677875995,0.2885024529388103,foam,42,10.10066,0.00066004,101.0,3.5,-5.800000000000249e-07,3.8040000000000036e-05,-1.1758373359084895,pu_foam_trial_1
137,pu_foam,1,0.043,1.0,1.0,30.0,1400.0,13.70066,0.9892184677875995,0.27717149331167273,foam,42,10.10066,0.00066004,101.0,3.5999999999999996,-5.800000000000249e-07,3.8020000000000046e-05,-1.1829530935832568,pu_foam_trial_1
138,pu_foam,1,0.043,1.0,1.0,30.0,1400.0,13.8007,0.994405617814395,0.2658405336845352,foam,42,10.10066,0.00066004,101.0,3.7000400000000013,-5.599999999999269e-07,3.8000000000000056e-05,-1.1971846089328302,pu_foam_trial_1
139,pu_foam,1,0.043,1.0,1.0,30.0,1400.0,13.9007,0.9840313177608321,0.2658405336845352,foam,42,10.10066,0.00066004,101.0,3.800040000000001,-6.000000000000146e-07,3.8000000000000056e-05,-1.1829530935832568,pu_foam_trial_1
140,pu_foam,1,0.043,1.0,1.0,30.0,1400.0,14.000700000000002,0.9788441677340647,0.27717149331167273,foam,42,10.10066,0.00066004,101.0,3.9000400000000024,-6.200000000000042e-07,3.8020000000000046e-05,-1.168721578233722,pu_foam_trial_1
141,pu_foam,1,0.043,1.0,1.0,30.0,1400.0,14.10066,0.9892184677875995,0.27717149331167273,foam,42,10.10066,0.00066004,101.0,4.0,-5.800000000000249e-07,3.8020000000000046e-05,-1.1829530935832568,pu_foam_trial_1
142,pu_foam,1,0.043,1.0,1.0,30.0,1400.0,14.2007,0.9892184677875995,0.2658405336845352,foam,42,10.10066,0.00066004,101.0,4.10004,-5.800000000000249e-07,3.8000000000000056e-05,-1.1900688512580242,pu_foam_trial_1
143,pu_foam,1,0.043,1.0,1.0,30.0,1400.0,14.3007,0.9892184677875995,0.24317861443026004,foam,42,10.10066,0.00066004,101.0,4.200040000000001,-5.800000000000249e-07,3.796000000000008e-05,-1.2043003666075591,pu_foam_trial_1
144,pu_foam,1,0.043,1.0,1.0,30.0,1400.0,14.400660000000002,0.9892184677875995,0.2658405336845352,foam,42,10.10066,0.00066004,101.0,4.3000000000000025,-5.800000000000249e-07,3.8000000000000056e-05,-1.1900688512580242,pu_foam_trial_1
145,pu_foam,1,0.043,1.0,1.0,30.0,1400.0,14.500660000000002,0.9840313177608321,0.2545095740573976,foam,42,10.10066,0.00066004,101.0,4.400000000000002,-6.000000000000146e-07,3.798000000000007e-05,-1.1900688512580242,pu_foam_trial_1
146,pu_foam,1,0.043,1.0,1.0,30.0,1400.0,14.600700000000002,0.9840313177608321,0.24317861443026004,foam,42,10.10066,0.00066004,101.0,4.500040000000002,-6.000000000000146e-07,3.796000000000008e-05,-1.1971846089327918,pu_foam_trial_1
147,pu_foam,1,0.043,1.0,1.0,30.0,1400.0,14.7007,0.9892184677875995,0.23184765480306102,foam,42,10.10066,0.00066004,101.0,4.60004,-5.800000000000249e-07,3.793999999999998e-05,-1.2114161242823651,pu_foam_trial_1
148,pu_foam,1,0.043,1.0,1.0,30.0,1400.0,14.80066,0.9736570177072973,0.24317861443026004,foam,42,10.10066,0.00066004,101.0,4.700000000000001,-6.399999999999939e-07,3.796000000000008e-05,-1.1829530935832568,pu_foam_trial_1
149,pu_foam,1,0.043,1.0,1.0,30.0,1400.0,14.9007,0.9788441677340647,0.23184765480306102,foam,42,10.10066,0.00066004,101.0,4.800040000000001,-6.200000000000042e-07,3.793999999999998e-05,-1.1971846089328302,pu_foam_trial_1
150,pu_foam,1,0.043,1.0,1.0,30.0,1400.0,15.000700000000002,0.9840313177608321,0.23184765480306102,foam,42,10.10066,0.00066004,101.0,4.900040000000002,-6.000000000000146e-07,3.793999999999998e-05,-1.2043003666075978,pu_foam_trial_1
151,pu_foam,1,0.043,1.0,1.0,30.0,1400.0,15.100700000000002,0.9788441677340647,0.23184765480306102,foam,42,10.10066,0.00066004,101.0,5.000040000000002,-6.200000000000042e-07,3.793999999999998e-05,-1.1971846089328302,pu_foam_trial_1
105,pu_foam,2,0.043,1.0,1.0,30.0,1400.0,10.500660000000002,1.0929614683230038,0.32249533182022305,foam,42,10.500660000000002,0.00065986,105.0,0.0,0.0,3.828000000000002e-05,-1.2968052163796129,pu_foam_trial_2
106,pu_foam,2,0.043,1.0,1.0,30.0,1400.0,10.60066,1.0981486183497713,0.31116437219308546,foam,42,10.500660000000002,0.00065986,105.0,0.09999999999999787,1.9999999999989644e-08,3.826000000000003e-05,-1.3110367317291476,pu_foam_trial_2
107,pu_foam,2,0.043,1.0,1.0,30.0,1400.0,10.7007,1.0929614683230038,0.32249533182022305,foam,42,10.500660000000002,0.00065986,105.0,0.20003999999999778,0.0,3.828000000000002e-05,-1.2968052163796129,pu_foam_trial_2
108,pu_foam,2,0.043,1.0,1.0,30.0,1400.0,10.8007,1.0774000182427015,0.32249533182022305,foam,42,10.500660000000002,0.00065986,105.0,0.3000399999999992,-5.999999999996893e-08,3.828000000000002e-05,-1.2754579433553106,pu_foam_trial_2
109,pu_foam,2,0.043,1.0,1.0,30.0,1400.0,10.9007,1.0307156680017668,0.2885024529388103,foam,42,10.500660000000002,0.00065986,105.0,0.40003999999999884,-2.3999999999998415e-07,3.822000000000005e-05,-1.2327633973066674,pu_foam_trial_2
110,pu_foam,2,0.043,1.0,1.0,30.0,1400.0,11.000660000000002,1.0047799178679298,0.2885024529388103,foam,42,10.500660000000002,0.00065986,105.0,0.5,-3.3999999999993237e-07,3.822000000000005e-05,-1.1971846089328302,pu_foam_trial_2
111,pu_foam,2,0.043,1.0,1.0,30.0,1400.0,11.100700000000002,0.9840313177608321,0.31116437219308546,foam,42,10.500660000000002,0.00065986,105.0,0.6000399999999999,-4.1999999999999937e-07,3.826000000000003e-05,-1.1544900628841872,pu_foam_trial_2
112,pu_foam,2,0.043,1.0,1.0,30.0,1400.0,11.2007,0.9840313177608321,0.32249533182022305,foam,42,10.500660000000002,0.00065986,105.0,0.7000399999999978,-4.1999999999999937e-07,3.828000000000002e-05,-1.1473743052094199,pu_foam_trial_2
113,pu_foam,2,0.043,1.0,1.0,30.0,1400.0,11.30066,0.9736570177072973,0.32249533182022305,foam,42,10.500660000000002,0.00065986,105.0,0.7999999999999989,-4.5999999999997866e-07,3.828000000000002e-05,-1.133142789859885,pu_foam_trial_2
114,pu_foam,2,0.043,1.0,1.0,30.0,1400.0,11.400670000000002,0.9736570177072973,0.32249533182022305,foam,42,10.500660000000002,0.00065986,105.0,0.90001,-4.5999999999997866e-07,3.828000000000002e-05,-1.133142789859885,pu_foam_trial_2
115,pu_foam,2,0.043,1.0,1.0,30.0,1400.0,11.5007,0.9684698676805299,0.31116437219308546,foam,42,10.500660000000002,0.00065986,105.0,1.0000399999999985,-4.799999999999683e-07,3.826000000000003e-05,-1.133142789859885,pu_foam_trial_2
116,pu_foam,2,0.043,1.0,1.0,30.0,1400.0,11.600700000000002,0.9632827176537625,0.33382629144736065,foam,42,10.500660000000002,0.00065986,105.0,1.10004,-4.999999999999579e-07,3.830000000000001e-05,-1.1117955168355826,pu_foam_trial_2
117,pu_foam,2,0.043,1.0,1.0,30.0,1400.0,11.70066,0.9632827176537625,0.31116437219308546,foam,42,10.500660000000002,0.00065986,105.0,1.1999999999999975,-4.999999999999579e-07,3.826000000000003e-05,-1.1260270321851176,pu_foam_trial_2
118,pu_foam,2,0.043,1.0,1.0,30.0,1400.0,11.8007,0.9632827176537625,0.32249533182022305,foam,42,10.500660000000002,0.00065986,105.0,1.3000399999999992,-4.999999999999579e-07,3.828000000000002e-05,-1.11891127451035,pu_foam_trial_2
119,pu_foam,2,0.043,1.0,1.0,30.0,1400.0,11.9007,0.9684698676805299,0.31116437219308546,foam,42,10.500660000000002,0.00065986,105.0,1.4000399999999988,-4.799999999999683e-07,3.826000000000003e-05,-1.133142789859885,pu_foam_trial_2
120,pu_foam,2,0.043,1.0,1.0,30.0,1400.0,12.000660000000002,0.9632827176537625,0.2998334125659479,foam,42,10.500660000000002,0.00065986,105.0,1.5,-4.999999999999579e-07,3.824000000000004e-05,-1.133142789859885,pu_foam_trial_2
121,pu_foam,2,0.043,1.0,1.0,30.0,1400.0,12.100700000000002,0.9632827176537625,0.2885024529388103,foam,42,10.500660000000002,0.00065986,105.0,1.60004,-4.999999999999579e-07,3.822000000000005e-05,-1.1402585475346523,pu_foam_trial_2
122,pu_foam,2,0.043,1.0,1.0,30.0,1400.0,12.20066,0.9580955676269951,0.2998334125659479,foam,42,10.500660000000002,0.00065986,105.0,1.6999999999999975,-5.199999999999476e-07,3.824000000000004e-05,-1.1260270321851176,pu_foam_trial_2
123,pu_foam,2,0.043,1.0,1.0,30.0,1400.0,12.30066,0.9632827176537625,0.2885024529388103,foam,42,10.500660000000002,0.00065986,105.0,1.799999999999999,-4.999999999999579e-07,3.822000000000005e-05,-1.1402585475346523,pu_foam_trial_2
124,pu_foam,2,0.043,1.0,1.0,30.0,1400.0,12.4007,0.9529084176002277,0.2885024529388103,foam,42,10.500660000000002,0.00065986,105.0,1.9000399999999988,-5.399999999999372e-07,3.822000000000005e-05,-1.1260270321851176,pu_foam_trial_2
125,pu_foam,2,0.043,1.0,1.0,30.0,1400.0,12.5007,0.9580955676269951,0.2885024529388103,foam,42,10.500660000000002,0.00065986,105.0,2.0000399999999985,-5.199999999999476e-07,3.822000000000005e-05,-1.133142789859885,pu_foam_trial_2
126,pu_foam,2,0.043,1.0,1.0,30.0,1400.0,12.60071,0.9529084176002277,0.27717149331167273,foam,42,10.500660000000002,0.00065986,105.0,2.1000499999999978,-5.399999999999372e-07,3.820000000000006e-05,-1.133142789859885,pu_foam_trial_2
127,pu_foam,2,0.043,1.0,1.0,30.0,1400.0,12.7007,0.9580955676269951,0.27717149331167273,foam,42,10.500660000000002,0.00065986,105.0,2.2000399999999978,-5.199999999999476e-07,3.820000000000006e-05,-1.1402585475346523,pu_foam_trial_2
128,pu_foam,2,0.043,1.0,1.0,30.0,1400.0,12.80066,0.9529084176002277,0.27717149331167273,foam,42,10.500660000000002,0.00065986,105.0,2.299999999999999,-5.399999999999372e-07,3.820000000000006e-05,-1.133142789859885,pu_foam_trial_2
129,pu_foam,2,0.043,1.0,1.0,30.0,1400.0,12.9007,0.9529084176002277,0.27717149331167273,foam,42,10.500660000000002,0.00065986,105.0,2.400039999999999,-5.399999999999372e-07,3.820000000000006e-05,-1.133142789859885,pu_foam_trial_2
130,pu_foam,2,0.043,1.0,1.0,30.0,1400.0,13.000660000000002,0.9580955676269951,0.2658405336845352,foam,42,10.500660000000002,0.00065986,105.0,2.5,-5.199999999999476e-07,3.818000000000007e-05,-1.1473743052094199,pu_foam_trial_2
131,pu_foam,2,0.043,1.0,1.0,30.0,1400.0,13.100700000000002,0.9529084176002277,0.2658405336845352,foam,42,10.500660000000002,0.00065986,105.0,2.60004,-5.399999999999372e-07,3.818000000000007e-05,-1.1402585475346523,pu_foam_trial_2
132,pu_foam,2,0.043,1.0,1.0,30.0,1400.0,13.2007,0.9529084176002277,0.24317861443026004,foam,42,10.500660000000002,0.00065986,105.0,2.7000399999999978,-5.399999999999372e-07,3.814000000000009e-05,-1.1544900628841872,pu_foam_trial_2
133,pu_foam,2,0.043,1.0,1.0,30.0,1400.0,13.30066,0.9477212675734602,0.2545095740573976,foam,42,10.500660000000002,0.00065986,105.0,2.799999999999999,-5.599999999999269e-07,3.816000000000008e-05,-1.1402585475346523,pu_foam_trial_2
134,pu_foam,2,0.043,1.0,1.0,30.0,1400.0,13.40066,0.9477212675734602,0.23184765480306102,foam,42,10.500660000000002,0.00065986,105.0,2.8999999999999986,-5.599999999999269e-07,3.8119999999999994e-05,-1.1544900628842258,pu_foam_trial_2
135,pu_foam,2,0.043,1.0,1.0,30.0,1400.0,13.500700000000002,0.9529084176002277,0.23184765480306102,foam,42,10.500660000000002,0.00065986,105.0,3.0000400000000003,-5.399999999999372e-07,3.8119999999999994e-05,-1.1616058205589932,pu_foam_trial_2
136,pu_foam,2,0.043,1.0,1.0,30.0,1400.0,13.60066,0.9529084176002277,0.22051669517592346,foam,42,10.500660000000002,0.00065986,105.0,3.099999999999998,-5.399999999999372e-07,3.8100000000000005e-05,-1.1687215782337605,pu_foam_trial_2
137,pu_foam,2,0.043,1.0,1.0,30.0,1400.0,13.70066,0.9477212675734602,0.22051669517592346,foam,42,10.500660000000002,0.00065986,105.0,3.1999999999999975,-5.599999999999269e-07,3.8100000000000005e-05,-1.1616058205589932,pu_foam_trial_2
138,pu_foam,2,0.043,1.0,1.0,30.0,1400.0,13.80066,0.9477212675734602,0.19785477592164832,foam,42,10.500660000000002,0.00065986,105.0,3.299999999999999,-5.599999999999269e-07,3.8060000000000025e-05,-1.1758373359085281,pu_foam_trial_2
139,pu_foam,2,0.043,1.0,1.0,30.0,1400.0,13.9007,0.9425341175466928,0.22051669517592346,foam,42,10.500660000000002,0.00065986,105.0,3.400039999999999,-5.799999999999165e-07,3.8100000000000005e-05,-1.1544900628842258,pu_foam_trial_2
140,pu_foam,2,0.043,1.0,1.0,30.0,1400.0,14.000700000000002,0.9477212675734602,0.19785477592164832,foam,42,10.500660000000002,0.00065986,105.0,3.5000400000000003,-5.599999999999269e-07,3.8060000000000025e-05,-1.1758373359085281,pu_foam_trial_2
141,pu_foam,2,0.043,1.0,1.0,30.0,1400.0,14.10066,0.9477212675734602,0.2091857355487859,foam,42,10.500660000000002,0.00065986,105.0,3.599999999999998,-5.599999999999269e-07,3.8080000000000015e-05,-1.1687215782337605,pu_foam_trial_2
142,pu_foam,2,0.043,1.0,1.0,30.0,1400.0,14.20066,0.9477212675734602,0.2091857355487859,foam,42,10.500660000000002,0.00065986,105.0,3.6999999999999975,-5.599999999999269e-07,3.8080000000000015e-05,-1.1687215782337605,pu_foam_trial_2
143,pu_foam,2,0.043,1.0,1.0,30.0,1400.0,14.30066,0.9477212675734602,0.19785477592164832,foam,42,10.500660000000002,0.00065986,105.0,3.799999999999999,-5.599999999999269e-07,3.8060000000000025e-05,-1.1758373359085281,pu_foam_trial_2
144,pu_foam,2,0.043,1.0,1.0,30.0,1400.0,14.400660000000002,0.9477212675734602,0.19785477592164832,foam,42,10.500660000000002,0.00065986,105.0,3.9000000000000004,-5.599999999999269e-07,3.8060000000000025e-05,-1.1758373359085281,pu_foam_trial_2
145,pu_foam,2,0.043,1.0,1.0,30.0,1400.0,14.500700000000002,0.9425341175466928,0.18652381629451073,foam,42,10.500660000000002,0.00065986,105.0,4.00004,-5.799999999999165e-07,3.8040000000000036e-05,-1.1758373359085281,pu_foam_trial_2
146,pu_foam,2,0.043,1.0,1.0,30.0,1400.0,14.600700000000002,0.9425341175466928,0.18652381629451073,foam,42,10.500660000000002,0.00065986,105.0,4.10004,-5.799999999999165e-07,3.8040000000000036e-05,-1.1758373359085281,pu_foam_trial_2
147,pu_foam,2,0.043,1.0,1.0,30.0,1400.0,14.70067,0.9425341175466928,0.1638618970402356,foam,42,10.500660000000002,0.00065986,105.0,4.200009999999999,-5.799999999999165e-07,3.8000000000000056e-05,-1.1900688512580628,pu_foam_trial_2
148,pu_foam,2,0.043,1.0,1.0,30.0,1400.0,14.8007,0.9425341175466928,0.18652381629451073,foam,42,10.500660000000002,0.00065986,105.0,4.300039999999999,-5.799999999999165e-07,3.8040000000000036e-05,-1.1758373359085281,pu_foam_trial_2
149,pu_foam,2,0.043,1.0,1.0,30.0,1400.0,14.900660000000002,0.9477212675734602,0.1638618970402356,foam,42,10.500660000000002,0.00065986,105.0,4.4,-5.599999999999269e-07,3.8000000000000056e-05,-1.1971846089328302,pu_foam_trial_2
150,pu_foam,2,0.043,1.0,1.0,30.0,1400.0,15.000660000000002,0.9425341175466928,0.1638618970402356,foam,42,10.500660000000002,0.00065986,105.0,4.5,-5.799999999999165e-07,3.8000000000000056e-05,-1.1900688512580628,pu_foam_trial_2
151,pu_foam,2,0.043,1.0,1.0,30.0,1400.0,15.100700000000002,0.9373469675198973,0.1638618970402356,foam,42,10.500660000000002,0.00065986,105.0,4.60004,-6.000000000000146e-07,3.8000000000000056e-05,-1.1829530935832568,pu_foam_trial_2
152,pu_foam,2,0.043,1.0,1.0,30.0,1400.0,15.20067,0.9373469675198973,0.1638618970402356,foam,42,10.500660000000002,0.00065986,105.0,4.700009999999999,-6.000000000000146e-07,3.8000000000000056e-05,-1.1829530935832568,pu_foam_trial_2
153,pu_foam,2,0.043,1.0,1.0,30.0,1400.0,15.3007,0.9425341175466928,0.1638618970402356,foam,42,10.500660000000002,0.00065986,105.0,4.800039999999999,-5.799999999999165e-07,3.8000000000000056e-05,-1.1900688512580628,pu_foam_trial_2
154,pu_foam,2,0.043,1.0,1.0,30.0,1400.0,15.4007,0.9425341175466928,0.152530937413098,foam,42,10.500660000000002,0.00065986,105.0,4.900039999999999,-5.799999999999165e-07,3.798000000000007e-05,-1.1971846089328302,pu_foam_trial_2
155,pu_foam,2,0.043,1.0,1.0,30.0,1400.0,15.500660000000002,0.9425341175466928,0.1638618970402356,foam,42,10.500660000000002,0.00065986,105.0,5.0,-5.799999999999165e-07,3.8000000000000056e-05,-1.1900688512580628,pu_foam_trial_2
149,pu_foam,3,0.043,1.0,1.0,30.0,1400.0,14.900660000000002,1.0410899680553016,0.27717149331167273,foam,42,14.900660000000002,0.00065966,149.0,0.0,0.0,3.8400000000000066e-05,-1.2541106703309697,pu_foam_trial_3
150,pu_foam,3,0.043,1.0,1.0,30.0,1400.0,15.000660000000002,1.0359028180285343,0.27717149331167273,foam,42,14.900660000000002,0.00065966,149.0,0.09999999999999964,-1.9999999999989644e-08,3.8400000000000066e-05,-1.2469949126562023,pu_foam_trial_3
151,pu_foam,3,0.043,1.0,1.0,30.0,1400.0,15.100700000000002,1.0307156680017668,0.27717149331167273,foam,42,14.900660000000002,0.00065966,149.0,0.20003999999999955,-3.999999999997929e-08,3.8400000000000066e-05,-1.2398791549814348,pu_foam_trial_3
152,pu_foam,3,0.043,1.0,1.0,30.0,1400.0,15.2007,1.020341367948232,0.24317861443026004,foam,42,14.900660000000002,0.00065966,149.0,0.3000399999999974,-7.999999999995858e-08,3.83400000000001e-05,-1.2469949126562023,pu_foam_trial_3
153,pu_foam,3,0.043,1.0,1.0,30.0,1400.0,15.30066,0.9840313177608321,0.2658405336845352,foam,42,14.900660000000002,0.00065966,149.0,0.3999999999999986,-2.199999999999945e-07,3.8380000000000076e-05,-1.1829530935832568,pu_foam_trial_3
154,pu_foam,3,0.043,1.0,1.0,30.0,1400.0,15.400660000000002,0.9580955676269951,0.24317861443026004,foam,42,14.900660000000002,0.00065966,149.0,0.5,-3.199999999999427e-07,3.83400000000001e-05,-1.1616058205589546,pu_foam_trial_3
155,pu_foam,3,0.043,1.0,1.0,30.0,1400.0,15.500700000000002,0.9425341175466928,0.2545095740573976,foam,42,14.900660000000002,0.00065966,149.0,0.6000399999999999,-3.7999999999991166e-07,3.836000000000009e-05,-1.133142789859885,pu_foam_trial_3
156,pu_foam,3,0.043,1.0,1.0,30.0,1400.0,15.600700000000002,0.9373469675198973,0.2545095740573976,foam,42,14.900660000000002,0.00065966,149.0,0.7000399999999996,-4.000000000000097e-07,3.836000000000009e-05,-1.126027032185079,pu_foam_trial_3
157,pu_foam,3,0.043,1.0,1.0,30.0,1400.0,15.7007,0.9373469675198973,0.24317861443026004,foam,42,14.900660000000002,0.00065966,149.0,0.8000399999999974,-4.000000000000097e-07,3.83400000000001e-05,-1.1331427898598463,pu_foam_trial_3
158,pu_foam,3,0.043,1.0,1.0,30.0,1400.0,15.8007,0.9269726674663625,0.24317861443026004,foam,42,14.900660000000002,0.00065966,149.0,0.9000399999999988,-4.39999999999989e-07,3.83400000000001e-05,-1.1189112745103116,pu_foam_trial_3
159,pu_foam,3,0.043,1.0,1.0,30.0,1400.0,15.900660000000002,0.9269726674663625,0.24317861443026004,foam,42,14.900660000000002,0.00065966,149.0,1.0,-4.39999999999989e-07,3.83400000000001e-05,-1.1189112745103116,pu_foam_trial_3
160,pu_foam,3,0.043,1.0,1.0,30.0,1400.0,16.00066,0.9269726674663625,0.23184765480306102,foam,42,14.900660000000002,0.00065966,149.0,1.0999999999999979,-4.39999999999989e-07,3.832e-05,-1.1260270321851176,pu_foam_trial_3
161,pu_foam,3,0.043,1.0,1.0,30.0,1400.0,16.10066,0.9269726674663625,0.23184765480306102,foam,42,14.900660000000002,0.00065966,149.0,1.1999999999999993,-4.39999999999989e-07,3.832e-05,-1.1260270321851176,pu_foam_trial_3
162,pu_foam,3,0.043,1.0,1.0,30.0,1400.0,16.200660000000003,0.9217855174395951,0.23184765480306102,foam,42,14.900660000000002,0.00065966,149.0,1.3000000000000007,-4.5999999999997866e-07,3.832e-05,-1.11891127451035,pu_foam_trial_3
163,pu_foam,3,0.043,1.0,1.0,30.0,1400.0,16.300700000000003,0.9269726674663625,0.22051669517592346,foam,42,14.900660000000002,0.00065966,149.0,1.4000400000000006,-4.39999999999989e-07,3.830000000000001e-05,-1.133142789859885,pu_foam_trial_3
164,pu_foam,3,0.043,1.0,1.0,30.0,1400.0,16.4007,0.9269726674663625,0.23184765480306102,foam,42,14.900660000000002,0.00065966,149.0,1.5000399999999985,-4.39999999999989e-07,3.832e-05,-1.1260270321851176,pu_foam_trial_3
165,pu_foam,3,0.043,1.0,1.0,30.0,1400.0,16.500700000000002,0.9165983674128277,0.23184765480306102,foam,42,14.900660000000002,0.00065966,149.0,1.60004,-4.799999999999683e-07,3.832e-05,-1.1117955168355826,pu_foam_trial_3
166,pu_foam,3,0.043,1.0,1.0,30.0,1400.0,16.6007,0.9269726674663625,0.2091857355487859,foam,42,14.900660000000002,0.00065966,149.0,1.7000399999999978,-4.39999999999989e-07,3.828000000000002e-05,-1.1402585475346523,pu_foam_trial_3
167,pu_foam,3,0.043,1.0,1.0,30.0,1400.0,16.7007,0.9269726674663625,0.2091857355487859,foam,42,14.900660000000002,0.00065966,149.0,1.8000399999999992,-4.39999999999989e-07,3.828000000000002e-05,-1.1402585475346523,pu_foam_trial_3
168,pu_foam,3,0.043,1.0,1.0,30.0,1400.0,16.800700000000003,0.9165983674128277,0.19785477592164832,foam,42,14.900660000000002,0.00065966,149.0,1.9000400000000006,-4.799999999999683e-07,3.826000000000003e-05,-1.133142789859885,pu_foam_trial_3
169,pu_foam,3,0.043,1.0,1.0,30.0,1400.0,16.900660000000002,0.9269726674663625,0.19785477592164832,foam,42,14.900660000000002,0.00065966,149.0,2.0,-4.39999999999989e-07,3.826000000000003e-05,-1.1473743052094199,pu_foam_trial_3
170,pu_foam,3,0.043,1.0,1.0,30.0,1400.0,17.000700000000002,0.9165983674128277,0.2091857355487859,foam,42,14.900660000000002,0.00065966,149.0,2.10004,-4.799999999999683e-07,3.828000000000002e-05,-1.1260270321851176,pu_foam_trial_3
171,pu_foam,3,0.043,1.0,1.0,30.0,1400.0,17.10066,0.9217855174395951,0.19785477592164832,foam,42,14.900660000000002,0.00065966,149.0,2.1999999999999993,-4.5999999999997866e-07,3.826000000000003e-05,-1.1402585475346523,pu_foam_trial_3
172,pu_foam,3,0.043,1.0,1.0,30.0,1400.0,17.2007,0.9165983674128277,0.18652381629451073,foam,42,14.900660000000002,0.00065966,149.0,2.300039999999999,-4.799999999999683e-07,3.824000000000004e-05,-1.1402585475346523,pu_foam_trial_3
173,pu_foam,3,0.043,1.0,1.0,30.0,1400.0,17.30066,0.9217855174395951,0.19785477592164832,foam,42,14.900660000000002,0.00065966,149.0,2.3999999999999986,-4.5999999999997866e-07,3.826000000000003e-05,-1.1402585475346523,pu_foam_trial_3
174,pu_foam,3,0.043,1.0,1.0,30.0,1400.0,17.400660000000002,0.9165983674128277,0.1638618970402356,foam,42,14.900660000000002,0.00065966,149.0,2.5,-4.799999999999683e-07,3.820000000000006e-05,-1.1544900628841872,pu_foam_trial_3
175,pu_foam,3,0.043,1.0,1.0,30.0,1400.0,17.500700000000002,0.9165983674128277,0.1638618970402356,foam,42,14.900660000000002,0.00065966,149.0,2.60004,-4.799999999999683e-07,3.820000000000006e-05,-1.1544900628841872,pu_foam_trial_3
176,pu_foam,3,0.043,1.0,1.0,30.0,1400.0,17.6007,0.9217855174395951,0.1638618970402356,foam,42,14.900660000000002,0.00065966,149.0,2.7000399999999978,-4.5999999999997866e-07,3.820000000000006e-05,-1.1616058205589546,pu_foam_trial_3
177,pu_foam,3,0.043,1.0,1.0,30.0,1400.0,17.700660000000003,0.9165983674128277,0.1638618970402356,foam,42,14.900660000000002,0.00065966,149.0,2.8000000000000007,-4.799999999999683e-07,3.820000000000006e-05,-1.1544900628841872,pu_foam_trial_3
178,pu_foam,3,0.043,1.0,1.0,30.0,1400.0,17.800700000000003,0.9165983674128277,0.1638618970402356,foam,42,14.900660000000002,0.00065966,149.0,2.9000400000000006,-4.799999999999683e-07,3.820000000000006e-05,-1.1544900628841872,pu_foam_trial_3
179,pu_foam,3,0.043,1.0,1.0,30.0,1400.0,17.9007,0.9165983674128277,0.1638618970402356,foam,42,14.900660000000002,0.00065966,149.0,3.0000399999999985,-4.799999999999683e-07,3.820000000000006e-05,-1.1544900628841872,pu_foam_trial_3
180,pu_foam,3,0.043,1.0,1.0,30.0,1400.0,18.00066,0.9165983674128277,0.12986901815882287,foam,42,14.900660000000002,0.00065966,149.0,3.099999999999998,-4.799999999999683e-07,3.814000000000009e-05,-1.1758373359084895,pu_foam_trial_3
181,pu_foam,3,0.043,1.0,1.0,30.0,1400.0,18.10066,0.9114112173860603,0.14119997778596044,foam,42,14.900660000000002,0.00065966,149.0,3.1999999999999993,-4.999999999999579e-07,3.816000000000008e-05,-1.1616058205589546,pu_foam_trial_3
182,pu_foam,3,0.043,1.0,1.0,30.0,1400.0,18.2007,0.9114112173860603,0.12986901815882287,foam,42,14.900660000000002,0.00065966,149.0,3.300039999999999,-4.999999999999579e-07,3.814000000000009e-05,-1.168721578233722,pu_foam_trial_3
183,pu_foam,3,0.043,1.0,1.0,30.0,1400.0,18.300700000000003,0.9165983674128277,0.12986901815882287,foam,42,14.900660000000002,0.00065966,149.0,3.4000400000000006,-4.799999999999683e-07,3.814000000000009e-05,-1.1758373359084895,pu_foam_trial_3
184,pu_foam,3,0.043,1.0,1.0,30.0,1400.0,18.40066,0.9165983674128277,0.12986901815882287,foam,42,14.900660000000002,0.00065966,149.0,3.4999999999999964,-4.799999999999683e-07,3.814000000000009e-05,-1.1758373359084895,pu_foam_trial_3
185,pu_foam,3,0.043,1.0,1.0,30.0,1400.0,18.50066,0.9114112173860603,0.11853805853162387,foam,42,14.900660000000002,0.00065966,149.0,3.599999999999998,-4.999999999999579e-07,3.8119999999999994e-05,-1.1758373359085281,pu_foam_trial_3
186,pu_foam,3,0.043,1.0,1.0,30.0,1400.0,18.6007,0.9114112173860603,0.11853805853162387,foam,42,14.900660000000002,0.00065966,149.0,3.7000399999999978,-4.999999999999579e-07,3.8119999999999994e-05,-1.1758373359085281,pu_foam_trial_3
187,pu_foam,3,0.043,1.0,1.0,30.0,1400.0,18.7007,0.9114112173860603,0.10720709890448629,foam,42,14.900660000000002,0.00065966,149.0,3.800039999999999,-4.999999999999579e-07,3.8100000000000005e-05,-1.1829530935832955,pu_foam_trial_3
188,pu_foam,3,0.043,1.0,1.0,30.0,1400.0,18.800700000000003,0.9165983674128277,0.10720709890448629,foam,42,14.900660000000002,0.00065966,149.0,3.9000400000000006,-4.799999999999683e-07,3.8100000000000005e-05,-1.1900688512580628,pu_foam_trial_3
189,pu_foam,3,0.043,1.0,1.0,30.0,1400.0,18.90066,0.9114112173860603,0.10720709890448629,foam,42,14.900660000000002,0.00065966,149.0,3.9999999999999964,-4.999999999999579e-07,3.8100000000000005e-05,-1.1829530935832955,pu_foam_trial_3
190,pu_foam,3,0.043,1.0,1.0,30.0,1400.0,19.0007,0.9114112173860603,0.11853805853162387,foam,42,14.900660000000002,0.00065966,149.0,4.100039999999996,-4.999999999999579e-07,3.8119999999999994e-05,-1.1758373359085281,pu_foam_trial_3
191,pu_foam,3,0.043,1.0,1.0,30.0,1400.0,19.10066,0.9165983674128277,0.11853805853162387,foam,42,14.900660000000002,0.00065966,149.0,4.199999999999999,-4.799999999999683e-07,3.8119999999999994e-05,-1.1829530935832955,pu_foam_trial_3
192,pu_foam,3,0.043,1.0,1.0,30.0,1400.0,19.2007,0.9114112173860603,0.10720709890448629,foam,42,14.900660000000002,0.00065966,149.0,4.300039999999999,-4.999999999999579e-07,3.8100000000000005e-05,-1.1829530935832955,pu_foam_trial_3
193,pu_foam,3,0.043,1.0,1.0,30.0,1400.0,19.30066,0.9114112173860603,0.10720709890448629,foam,42,14.900660000000002,0.00065966,149.0,4.399999999999999,-4.999999999999579e-07,3.8100000000000005e-05,-1.1829530935832955,pu_foam_trial_3
194,pu_foam,3,0.043,1.0,1.0,30.0,1400.0,19.4007,0.9114112173860603,0.08454517965021115,foam,42,14.900660000000002,0.00065966,149.0,4.5000399999999985,-4.999999999999579e-07,3.8060000000000025e-05,-1.1971846089328302,pu_foam_trial_3
195,pu_foam,3,0.043,1.0,1.0,30.0,1400.0,19.5007,0.906224067359293,0.09587613927734871,foam,42,14.900660000000002,0.00065966,149.0,4.600039999999996,-5.199999999999476e-07,3.8080000000000015e-05,-1.1829530935832955,pu_foam_trial_3
196,pu_foam,3,0.043,1.0,1.0,30.0,1400.0,19.60066,0.906224067359293,0.08454517965021115,foam,42,14.900660000000002,0.00065966,149.0,4.699999999999999,-5.199999999999476e-07,3.8060000000000025e-05,-1.1900688512580628,pu_foam_trial_3
197,pu_foam,3,0.043,1.0,1.0,30.0,1400.0,19.7007,0.906224067359293,0.08454517965021115,foam,42,14.900660000000002,0.00065966,149.0,4.800039999999999,-5.199999999999476e-07,3.8060000000000025e-05,-1.1900688512580628,pu_foam_trial_3
198,pu_foam,3,0.043,1.0,1.0,30.0,1400.0,19.800700000000003,0.9114112173860603,0.07321422002307357,foam,42,14.900660000000002,0.00065966,149.0,4.900040000000001,-4.999999999999579e-07,3.8040000000000036e-05,-1.2043003666075978,pu_foam_trial_3
199,pu_foam,3,0.043,1.0,1.0,30.0,1400.0,19.9007,0.906224067359293,0.07321422002307357,foam,42,14.900660000000002,0.00065966,149.0,5.0000399999999985,-5.199999999999476e-07,3.8040000000000036e-05,-1.1971846089328302,pu_foam_trial_3
200,pu_foam,3,0.043,1.0,1.0,30.0,1400.0,20.00066,0.906224067359293,0.07321422002307357,foam,42,14.900660000000002,0.00065966,149.0,5.099999999999998,-5.199999999999476e-07,3.8040000000000036e-05,-1.1971846089328302,pu_foam_trial_3
122,pu_foam,4,0.043,1.0,1.0,30.0,1400.0,12.20072,1.1240843684836364,1.172317303855971,foam,42,12.20072,0.00065998,122.0,0.0,0.0,3.9659999999999956e-05,-0.8058179368204291,pu_foam_trial_4
123,pu_foam,4,0.043,1.0,1.0,30.0,1400.0,12.300720000000002,1.1137100684301016,1.1836482634831087,foam,42,12.20072,0.00065998,122.0,0.10000000000000142,-3.999999999997929e-08,3.9679999999999945e-05,-0.7844706637961268,pu_foam_trial_4
124,pu_foam,4,0.043,1.0,1.0,30.0,1400.0,12.400720000000002,1.1240843684836364,1.172317303855971,foam,42,12.20072,0.00065998,122.0,0.20000000000000107,0.0,3.9659999999999956e-05,-0.8058179368204291,pu_foam_trial_4
125,pu_foam,4,0.043,1.0,1.0,30.0,1400.0,12.50072,1.1137100684301016,1.172317303855971,foam,42,12.20072,0.00065998,122.0,0.29999999999999893,-3.999999999997929e-08,3.9659999999999956e-05,-0.7915864214708943,pu_foam_trial_4
126,pu_foam,4,0.043,1.0,1.0,30.0,1400.0,12.60072,1.1292715185104036,1.1383244249745583,foam,42,12.20072,0.00065998,122.0,0.40000000000000036,1.9999999999989644e-08,3.959999999999999e-05,-0.8342809675194988,pu_foam_trial_4
127,pu_foam,4,0.043,1.0,1.0,30.0,1400.0,12.70068,1.0618385681623994,1.149655384601696,foam,42,12.20072,0.00065998,122.0,0.49995999999999974,-2.3999999999998415e-07,3.9619999999999976e-05,-0.7346603600727163,pu_foam_trial_4
128,pu_foam,4,0.043,1.0,1.0,30.0,1400.0,12.800720000000002,1.0359028180285343,1.149655384601696,foam,42,12.20072,0.00065998,122.0,0.6000000000000014,-3.400000000000408e-07,3.9619999999999976e-05,-0.6990815716988406,pu_foam_trial_4
129,pu_foam,4,0.043,1.0,1.0,30.0,1400.0,12.900720000000002,1.0307156680017668,1.149655384601696,foam,42,12.20072,0.00065998,122.0,0.7000000000000011,-3.6000000000003043e-07,3.9619999999999976e-05,-0.6919658140240732,pu_foam_trial_4
130,pu_foam,4,0.043,1.0,1.0,30.0,1400.0,13.00068,1.0307156680017668,1.1383244249745583,foam,42,12.20072,0.00065998,122.0,0.7999599999999987,-3.6000000000003043e-07,3.959999999999999e-05,-0.6990815716988406,pu_foam_trial_4
131,pu_foam,4,0.043,1.0,1.0,30.0,1400.0,13.10068,1.0255285179749993,1.149655384601696,foam,42,12.20072,0.00065998,122.0,0.8999600000000001,-3.800000000000201e-07,3.9619999999999976e-05,-0.6848500563493057,pu_foam_trial_4
132,pu_foam,4,0.043,1.0,1.0,30.0,1400.0,13.20072,1.020341367948232,1.149655384601696,foam,42,12.20072,0.00065998,122.0,1.0,-4.000000000000097e-07,3.9619999999999976e-05,-0.6777342986745384,pu_foam_trial_4
133,pu_foam,4,0.043,1.0,1.0,30.0,1400.0,13.300720000000002,1.0151542179214645,1.1383244249745583,foam,42,12.20072,0.00065998,122.0,1.1000000000000014,-4.1999999999999937e-07,3.959999999999999e-05,-0.6777342986745384,pu_foam_trial_4
134,pu_foam,4,0.043,1.0,1.0,30.0,1400.0,13.400720000000002,1.0047799178679298,1.1383244249745583,foam,42,12.20072,0.00065998,122.0,1.200000000000001,-4.5999999999997866e-07,3.959999999999999e-05,-0.6635027833250035,pu_foam_trial_4
135,pu_foam,4,0.043,1.0,1.0,30.0,1400.0,13.50072,1.0099670678946973,1.1383244249745583,foam,42,12.20072,0.00065998,122.0,1.299999999999999,-4.39999999999989e-07,3.959999999999999e-05,-0.6706185409997709,pu_foam_trial_4
136,pu_foam,4,0.043,1.0,1.0,30.0,1400.0,13.60068,1.0047799178679298,1.1383244249745583,foam,42,12.20072,0.00065998,122.0,1.39996,-4.5999999999997866e-07,3.959999999999999e-05,-0.6635027833250035,pu_foam_trial_4
137,pu_foam,4,0.043,1.0,1.0,30.0,1400.0,13.700680000000002,1.0151542179214645,1.1383244249745583,foam,42,12.20072,0.00065998,122.0,1.4999600000000015,-4.1999999999999937e-07,3.959999999999999e-05,-0.6777342986745384,pu_foam_trial_4
138,pu_foam,4,0.043,1.0,1.0,30.0,1400.0,13.800680000000002,1.0047799178679298,1.1269934653474207,foam,42,12.20072,0.00065998,122.0,1.5999600000000012,-4.5999999999997866e-07,3.958e-05,-0.6706185409997709,pu_foam_trial_4
139,pu_foam,4,0.043,1.0,1.0,30.0,1400.0,13.900720000000002,1.0151542179214645,1.1269934653474207,foam,42,12.20072,0.00065998,122.0,1.700000000000001,-4.1999999999999937e-07,3.958e-05,-0.6848500563493057,pu_foam_trial_4
140,pu_foam,4,0.043,1.0,1.0,30.0,1400.0,14.00072,1.0047799178679298,1.1156625057202831,foam,42,12.20072,0.00065998,122.0,1.799999999999999,-4.5999999999997866e-07,3.956000000000001e-05,-0.6777342986745384,pu_foam_trial_4
141,pu_foam,4,0.043,1.0,1.0,30.0,1400.0,14.10068,1.0047799178679298,1.1156625057202831,foam,42,12.20072,0.00065998,122.0,1.89996,-4.5999999999997866e-07,3.956000000000001e-05,-0.6777342986745384,pu_foam_trial_4
142,pu_foam,4,0.043,1.0,1.0,30.0,1400.0,14.200680000000002,1.0047799178679298,1.1156625057202831,foam,42,12.20072,0.00065998,122.0,1.9999600000000015,-4.5999999999997866e-07,3.956000000000001e-05,-0.6777342986745384,pu_foam_trial_4
143,pu_foam,4,0.043,1.0,1.0,30.0,1400.0,14.300680000000002,1.0047799178679298,1.1043315460931455,foam,42,12.20072,0.00065998,122.0,2.099960000000001,-4.5999999999997866e-07,3.954000000000002e-05,-0.6848500563493057,pu_foam_trial_4
144,pu_foam,4,0.043,1.0,1.0,30.0,1400.0,14.40068,0.994405617814395,1.1043315460931455,foam,42,12.20072,0.00065998,122.0,2.199959999999999,-4.999999999999579e-07,3.954000000000002e-05,-0.6706185409997709,pu_foam_trial_4
145,pu_foam,4,0.043,1.0,1.0,30.0,1400.0,14.50068,0.9995927678411625,1.0930005864660082,foam,42,12.20072,0.00065998,122.0,2.2999599999999987,-4.799999999999683e-07,3.952000000000003e-05,-0.6848500563493057,pu_foam_trial_4
146,pu_foam,4,0.043,1.0,1.0,30.0,1400.0,14.60067,0.9995927678411625,1.0930005864660082,foam,42,12.20072,0.00065998,122.0,2.3999499999999987,-4.799999999999683e-07,3.952000000000003e-05,-0.6848500563493057,pu_foam_trial_4
147,pu_foam,4,0.043,1.0,1.0,30.0,1400.0,14.70072,0.9995927678411625,1.0930005864660082,foam,42,12.20072,0.00065998,122.0,2.5,-4.799999999999683e-07,3.952000000000003e-05,-0.6848500563493057,pu_foam_trial_4
148,pu_foam,4,0.043,1.0,1.0,30.0,1400.0,14.800680000000002,0.9995927678411625,1.0816696268388706,foam,42,12.20072,0.00065998,122.0,2.599960000000001,-4.799999999999683e-07,3.950000000000004e-05,-0.6919658140240732,pu_foam_trial_4
149,pu_foam,4,0.043,1.0,1.0,30.0,1400.0,14.90068,0.9995927678411625,1.0703386672116715,foam,42,12.20072,0.00065998,122.0,2.699959999999999,-4.799999999999683e-07,3.947999999999994e-05,-0.6990815716988792,pu_foam_trial_4
150,pu_foam,4,0.043,1.0,1.0,30.0,1400.0,15.00072,0.9995927678411625,1.0703386672116715,foam,42,12.20072,0.00065998,122.0,2.799999999999999,-4.799999999999683e-07,3.947999999999994e-05,-0.6990815716988792,pu_foam_trial_4
151,pu_foam,4,0.043,1.0,1.0,30.0,1400.0,15.10072,0.994405617814395,1.0703386672116715,foam,42,12.20072,0.00065998,122.0,2.9000000000000004,-4.999999999999579e-07,3.947999999999994e-05,-0.6919658140241117,pu_foam_trial_4
152,pu_foam,4,0.043,1.0,1.0,30.0,1400.0,15.200680000000002,0.994405617814395,1.0590077075845339,foam,42,12.20072,0.00065998,122.0,2.9999600000000015,-4.999999999999579e-07,3.945999999999995e-05,-0.6990815716988792,pu_foam_trial_4
153,pu_foam,4,0.043,1.0,1.0,30.0,1400.0,15.300720000000002,0.9995927678411625,1.0476767479573963,foam,42,12.20072,0.00065998,122.0,3.1000000000000014,-4.799999999999683e-07,3.943999999999996e-05,-0.713313087048414,pu_foam_trial_4
154,pu_foam,4,0.043,1.0,1.0,30.0,1400.0,15.400720000000002,0.994405617814395,1.0476767479573963,foam,42,12.20072,0.00065998,122.0,3.200000000000001,-4.999999999999579e-07,3.943999999999996e-05,-0.7061973293736467,pu_foam_trial_4
155,pu_foam,4,0.043,1.0,1.0,30.0,1400.0,15.50068,0.9892184677875995,1.0476767479573963,foam,42,12.20072,0.00065998,122.0,3.2999599999999987,-5.20000000000056e-07,3.943999999999996e-05,-0.6990815716988406,pu_foam_trial_4
156,pu_foam,4,0.043,1.0,1.0,30.0,1400.0,15.60068,0.994405617814395,1.0363457883302587,foam,42,12.20072,0.00065998,122.0,3.39996,-4.999999999999579e-07,3.941999999999997e-05,-0.713313087048414,pu_foam_trial_4
157,pu_foam,4,0.043,1.0,1.0,30.0,1400.0,15.70072,0.9840313177608321,1.025014828703121,foam,42,12.20072,0.00065998,122.0,3.5,-5.400000000000457e-07,3.939999999999998e-05,-0.706197329373608,pu_foam_trial_4
158,pu_foam,4,0.043,1.0,1.0,30.0,1400.0,15.800680000000002,0.9892184677875995,1.025014828703121,foam,42,12.20072,0.00065998,122.0,3.599960000000001,-5.20000000000056e-07,3.939999999999998e-05,-0.7133130870483755,pu_foam_trial_4
159,pu_foam,4,0.043,1.0,1.0,30.0,1400.0,15.90068,0.994405617814395,1.025014828703121,foam,42,12.20072,0.00065998,122.0,3.699959999999999,-4.999999999999579e-07,3.939999999999998e-05,-0.7204288447231815,pu_foam_trial_4
160,pu_foam,4,0.043,1.0,1.0,30.0,1400.0,16.000680000000003,0.9892184677875995,1.0136838690759837,foam,42,12.20072,0.00065998,122.0,3.7999600000000022,-5.20000000000056e-07,3.937999999999999e-05,-0.7204288447231428,pu_foam_trial_4
161,pu_foam,4,0.043,1.0,1.0,30.0,1400.0,16.10068,0.9840313177608321,1.0136838690759837,foam,42,12.20072,0.00065998,122.0,3.89996,-5.400000000000457e-07,3.937999999999999e-05,-0.7133130870483755,pu_foam_trial_4
162,pu_foam,4,0.043,1.0,1.0,30.0,1400.0,16.20072,0.9892184677875995,1.025014828703121,foam,42,12.20072,0.00065998,122.0,4.0,-5.20000000000056e-07,3.939999999999998e-05,-0.7133130870483755,pu_foam_trial_4
163,pu_foam,4,0.043,1.0,1.0,30.0,1400.0,16.30068,0.9840313177608321,1.0136838690759837,foam,42,12.20072,0.00065998,122.0,4.099959999999999,-5.400000000000457e-07,3.937999999999999e-05,-0.7133130870483755,pu_foam_trial_4
164,pu_foam,4,0.043,1.0,1.0,30.0,1400.0,16.40068,0.9840313177608321,1.0023529094488461,foam,42,12.20072,0.00065998,122.0,4.199960000000001,-5.400000000000457e-07,3.936e-05,-0.7204288447231428,pu_foam_trial_4
165,pu_foam,4,0.043,1.0,1.0,30.0,1400.0,16.50072,0.9840313177608321,0.9910219498217084,foam,42,12.20072,0.00065998,122.0,4.300000000000001,-5.400000000000457e-07,3.934000000000001e-05,-0.7275446023979103,pu_foam_trial_4
166,pu_foam,4,0.043,1.0,1.0,30.0,1400.0,16.60068,0.9840313177608321,0.9910219498217084,foam,42,12.20072,0.00065998,122.0,4.39996,-5.400000000000457e-07,3.934000000000001e-05,-0.7275446023979103,pu_foam_trial_4
167,pu_foam,4,0.043,1.0,1.0,30.0,1400.0,16.700680000000002,0.9840313177608321,0.9910219498217084,foam,42,12.20072,0.00065998,122.0,4.4999600000000015,-5.400000000000457e-07,3.934000000000001e-05,-0.7275446023979103,pu_foam_trial_4
168,pu_foam,4,0.043,1.0,1.0,30.0,1400.0,16.80068,0.9840313177608321,0.979690990194571,foam,42,12.20072,0.00065998,122.0,4.599959999999999,-5.400000000000457e-07,3.932000000000002e-05,-0.7346603600726778,pu_foam_trial_4
169,pu_foam,4,0.043,1.0,1.0,30.0,1400.0,16.90068,0.9788441677340647,0.979690990194571,foam,42,12.20072,0.00065998,122.0,4.699960000000001,-5.600000000000353e-07,3.932000000000002e-05,-0.7275446023979103,pu_foam_trial_4
170,pu_foam,4,0.043,1.0,1.0,30.0,1400.0,17.000680000000003,0.9892184677875995,0.979690990194571,foam,42,12.20072,0.00065998,122.0,4.799960000000002,-5.20000000000056e-07,3.932000000000002e-05,-0.7417761177474451,pu_foam_trial_4
171,pu_foam,4,0.043,1.0,1.0,30.0,1400.0,17.10068,0.9788441677340647,0.9683600305674334,foam,42,12.20072,0.00065998,122.0,4.89996,-5.600000000000353e-07,3.9300000000000034e-05,-0.7346603600726778,pu_foam_trial_4
172,pu_foam,4,0.043,1.0,1.0,30.0,1400.0,17.20072,0.9840313177608321,0.9683600305674334,foam,42,12.20072,0.00065998,122.0,5.0,-5.400000000000457e-07,3.9300000000000034e-05,-0.7417761177474451,pu_foam_trial_4
80,pu_foam,5,0.043,1.0,1.0,30.0,1400.0,8.00066,1.243388819099343,0.8323885150416596,foam,42,8.00066,0.00066044,80.0,0.0,0.0,3.859999999999996e-05,-1.1829530935832955,pu_foam_trial_5
81,pu_foam,5,0.043,1.0,1.0,30.0,1400.0,8.1007,1.2330145190458082,0.821057555414522,foam,42,8.00066,0.00066044,80.0,0.1000399999999999,-3.999999999997929e-08,3.857999999999997e-05,-1.1758373359085281,pu_foam_trial_5
82,pu_foam,5,0.043,1.0,1.0,30.0,1400.0,8.200660000000001,1.2382016690725755,0.8323885150416596,foam,42,8.00066,0.00066044,80.0,0.20000000000000107,-1.9999999999989644e-08,3.859999999999996e-05,-1.1758373359085281,pu_foam_trial_5
83,pu_foam,5,0.043,1.0,1.0,30.0,1400.0,8.30066,1.2330145190458082,0.8097265957873845,foam,42,8.00066,0.00066044,80.0,0.3000000000000007,-3.999999999997929e-08,3.855999999999998e-05,-1.1829530935832955,pu_foam_trial_5
84,pu_foam,5,0.043,1.0,1.0,30.0,1400.0,8.40066,1.2226402189922732,0.7870646765331093,foam,42,8.00066,0.00066044,80.0,0.40000000000000036,-7.999999999995858e-08,3.8520000000000004e-05,-1.1829530935832955,pu_foam_trial_5
85,pu_foam,5,0.043,1.0,1.0,30.0,1400.0,8.50066,1.1655815686978037,0.8663813939231337,foam,42,8.00066,0.00066044,80.0,0.5,-2.999999999999531e-07,3.866000000000004e-05,-1.0548694554374047,pu_foam_trial_5
86,pu_foam,5,0.043,1.0,1.0,30.0,1400.0,8.600660000000001,1.1603944186710362,0.8663813939231337,foam,42,8.00066,0.00066044,80.0,0.6000000000000014,-3.199999999999427e-07,3.866000000000004e-05,-1.0477536977626372,pu_foam_trial_5
87,pu_foam,5,0.043,1.0,1.0,30.0,1400.0,8.700700000000001,1.1603944186710362,0.8550504342959961,foam,42,8.00066,0.00066044,80.0,0.7000400000000013,-3.199999999999427e-07,3.864000000000005e-05,-1.0548694554374047,pu_foam_trial_5
88,pu_foam,5,0.043,1.0,1.0,30.0,1400.0,8.8007,1.1655815686978037,0.8663813939231337,foam,42,8.00066,0.00066044,80.0,0.800040000000001,-2.999999999999531e-07,3.866000000000004e-05,-1.0548694554374047,pu_foam_trial_5
89,pu_foam,5,0.043,1.0,1.0,30.0,1400.0,8.9007,1.1603944186710362,0.8663813939231337,foam,42,8.00066,0.00066044,80.0,0.9000400000000006,-3.199999999999427e-07,3.866000000000004e-05,-1.0477536977626372,pu_foam_trial_5
90,pu_foam,5,0.043,1.0,1.0,30.0,1400.0,9.00066,1.1655815686978037,0.8550504342959961,foam,42,8.00066,0.00066044,80.0,1.0,-2.999999999999531e-07,3.864000000000005e-05,-1.061985213112172,pu_foam_trial_5
91,pu_foam,5,0.043,1.0,1.0,30.0,1400.0,9.1007,1.1655815686978037,0.8663813939231337,foam,42,8.00066,0.00066044,80.0,1.10004,-2.999999999999531e-07,3.866000000000004e-05,-1.0548694554374047,pu_foam_trial_5
92,pu_foam,5,0.043,1.0,1.0,30.0,1400.0,9.20066,1.170768718724571,0.8663813939231337,foam,42,8.00066,0.00066044,80.0,1.1999999999999993,-2.7999999999996344e-07,3.866000000000004e-05,-1.061985213112172,pu_foam_trial_5
93,pu_foam,5,0.043,1.0,1.0,30.0,1400.0,9.3007,1.170768718724571,0.8550504342959961,foam,42,8.00066,0.00066044,80.0,1.300040000000001,-2.7999999999996344e-07,3.864000000000005e-05,-1.0691009707869394,pu_foam_trial_5
94,pu_foam,5,0.043,1.0,1.0,30.0,1400.0,9.40066,1.170768718724571,0.8550504342959961,foam,42,8.00066,0.00066044,80.0,1.4000000000000004,-2.7999999999996344e-07,3.864000000000005e-05,-1.0691009707869394,pu_foam_trial_5
95,pu_foam,5,0.043,1.0,1.0,30.0,1400.0,9.50066,1.1655815686978037,0.8550504342959961,foam,42,8.00066,0.00066044,80.0,1.5,-2.999999999999531e-07,3.864000000000005e-05,-1.061985213112172,pu_foam_trial_5
96,pu_foam,5,0.043,1.0,1.0,30.0,1400.0,9.60066,1.170768718724571,0.8437194746688585,foam,42,8.00066,0.00066044,80.0,1.5999999999999996,-2.7999999999996344e-07,3.862000000000006e-05,-1.076216728461707,pu_foam_trial_5
97,pu_foam,5,0.043,1.0,1.0,30.0,1400.0,9.70067,1.181143018778106,0.8550504342959961,foam,42,8.00066,0.00066044,80.0,1.7000100000000007,-2.3999999999998415e-07,3.864000000000005e-05,-1.0833324861364744,pu_foam_trial_5
98,pu_foam,5,0.043,1.0,1.0,30.0,1400.0,9.8007,1.181143018778106,0.8437194746688585,foam,42,8.00066,0.00066044,80.0,1.800040000000001,-2.3999999999998415e-07,3.862000000000006e-05,-1.0904482438112417,pu_foam_trial_5
99,pu_foam,5,0.043,1.0,1.0,30.0,1400.0,9.9007,1.170768718724571,0.8437194746688585,foam,42,8.00066,0.00066044,80.0,1.9000400000000006,-2.7999999999996344e-07,3.862000000000006e-05,-1.076216728461707,pu_foam_trial_5
100,pu_foam,5,0.043,1.0,1.0,30.0,1400.0,10.000660000000002,1.1655815686978037,0.8437194746688585,foam,42,8.00066,0.00066044,80.0,2.0000000000000018,-2.999999999999531e-07,3.862000000000006e-05,-1.0691009707869394,pu_foam_trial_5
101,pu_foam,5,0.043,1.0,1.0,30.0,1400.0,10.10066,1.1655815686978037,0.821057555414522,foam,42,8.00066,0.00066044,80.0,2.0999999999999996,-2.999999999999531e-07,3.857999999999997e-05,-1.083332486136513,pu_foam_trial_5
102,pu_foam,5,0.043,1.0,1.0,30.0,1400.0,10.2007,1.1655815686978037,0.821057555414522,foam,42,8.00066,0.00066044,80.0,2.2000399999999996,-2.999999999999531e-07,3.857999999999997e-05,-1.083332486136513,pu_foam_trial_5
103,pu_foam,5,0.043,1.0,1.0,30.0,1400.0,10.30066,1.1655815686978037,0.8437194746688585,foam,42,8.00066,0.00066044,80.0,2.3000000000000007,-2.999999999999531e-07,3.862000000000006e-05,-1.0691009707869394,pu_foam_trial_5
104,pu_foam,5,0.043,1.0,1.0,30.0,1400.0,10.40066,1.1655815686978037,0.8437194746688585,foam,42,8.00066,0.00066044,80.0,2.4000000000000004,-2.999999999999531e-07,3.862000000000006e-05,-1.0691009707869394,pu_foam_trial_5
105,pu_foam,5,0.043,1.0,1.0,30.0,1400.0,10.5007,1.1655815686978037,0.8323885150416596,foam,42,8.00066,0.00066044,80.0,2.5000400000000003,-2.999999999999531e-07,3.859999999999996e-05,-1.0762167284617454,pu_foam_trial_5
106,pu_foam,5,0.043,1.0,1.0,30.0,1400.0,10.600700000000002,1.1655815686978037,0.8437194746688585,foam,42,8.00066,0.00066044,80.0,2.6000400000000017,-2.999999999999531e-07,3.862000000000006e-05,-1.0691009707869394,pu_foam_trial_5
107,pu_foam,5,0.043,1.0,1.0,30.0,1400.0,10.70066,1.1603944186710362,0.8323885150416596,foam,42,8.00066,0.00066044,80.0,2.6999999999999993,-3.199999999999427e-07,3.859999999999996e-05,-1.069100970786978,pu_foam_trial_5
108,pu_foam,5,0.043,1.0,1.0,30.0,1400.0,10.80066,1.1655815686978037,0.8437194746688585,foam,42,8.00066,0.00066044,80.0,2.8000000000000007,-2.999999999999531e-07,3.862000000000006e-05,-1.0691009707869394,pu_foam_trial_5
109,pu_foam,5,0.043,1.0,1.0,30.0,1400.0,10.90066,1.1603944186710362,0.8550504342959961,foam,42,8.00066,0.00066044,80.0,2.9000000000000004,-3.199999999999427e-07,3.864000000000005e-05,-1.0548694554374047,pu_foam_trial_5
110,pu_foam,5,0.043,1.0,1.0,30.0,1400.0,11.000660000000002,1.155207268644269,0.8437194746688585,foam,42,8.00066,0.00066044,80.0,3.0000000000000018,-3.3999999999993237e-07,3.862000000000006e-05,-1.0548694554374047,pu_foam_trial_5
111,pu_foam,5,0.043,1.0,1.0,30.0,1400.0,11.10067,1.155207268644269,0.8437194746688585,foam,42,8.00066,0.00066044,80.0,3.1000099999999993,-3.3999999999993237e-07,3.862000000000006e-05,-1.0548694554374047,pu_foam_trial_5
112,pu_foam,5,0.043,1.0,1.0,30.0,1400.0,11.2007,1.1603944186710362,0.821057555414522,foam,42,8.00066,0.00066044,80.0,3.2000399999999996,-3.199999999999427e-07,3.857999999999997e-05,-1.0762167284617454,pu_foam_trial_5
113,pu_foam,5,0.043,1.0,1.0,30.0,1400.0,11.3007,1.1603944186710362,0.8550504342959961,foam,42,8.00066,0.00066044,80.0,3.300040000000001,-3.199999999999427e-07,3.864000000000005e-05,-1.0548694554374047,pu_foam_trial_5
114,pu_foam,5,0.043,1.0,1.0,30.0,1400.0,11.4007,1.155207268644269,0.8437194746688585,foam,42,8.00066,0.00066044,80.0,3.4000400000000006,-3.3999999999993237e-07,3.862000000000006e-05,-1.0548694554374047,pu_foam_trial_5
115,pu_foam,5,0.043,1.0,1.0,30.0,1400.0,11.500660000000002,1.155207268644269,0.8437194746688585,foam,42,8.00066,0.00066044,80.0,3.5000000000000018,-3.3999999999993237e-07,3.862000000000006e-05,-1.0548694554374047,pu_foam_trial_5
116,pu_foam,5,0.043,1.0,1.0,30.0,1400.0,11.60066,1.1500201186174734,0.8550504342959961,foam,42,8.00066,0.00066044,80.0,3.5999999999999996,-3.6000000000003043e-07,3.864000000000005e-05,-1.0406379400878312,pu_foam_trial_5
117,pu_foam,5,0.043,1.0,1.0,30.0,1400.0,11.7007,1.155207268644269,0.821057555414522,foam,42,8.00066,0.00066044,80.0,3.7000399999999996,-3.3999999999993237e-07,3.857999999999997e-05,-1.069100970786978,pu_foam_trial_5
118,pu_foam,5,0.043,1.0,1.0,30.0,1400.0,11.80066,1.1500201186174734,0.8437194746688585,foam,42,8.00066,0.00066044,80.0,3.8000000000000007,-3.6000000000003043e-07,3.862000000000006e-05,-1.0477536977625987,pu_foam_trial_5
119,pu_foam,5,0.043,1.0,1.0,30.0,1400.0,11.9007,1.144832968590706,0.8437194746688585,foam,42,8.00066,0.00066044,80.0,3.9000400000000006,-3.800000000000201e-07,3.862000000000006e-05,-1.0406379400878312,pu_foam_trial_5
120,pu_foam,5,0.043,1.0,1.0,30.0,1400.0,12.000660000000002,1.1500201186174734,0.8550504342959961,foam,42,8.00066,0.00066044,80.0,4.000000000000002,-3.6000000000003043e-07,3.864000000000005e-05,-1.0406379400878312,pu_foam_trial_5
121,pu_foam,5,0.043,1.0,1.0,30.0,1400.0,12.100700000000002,1.1240843684836364,0.821057555414522,foam,42,8.00066,0.00066044,80.0,4.100040000000002,-4.5999999999997866e-07,3.857999999999997e-05,-1.0264064247383349,pu_foam_trial_5
122,pu_foam,5,0.043,1.0,1.0,30.0,1400.0,12.20066,1.1033357683765668,0.8437194746688585,foam,42,8.00066,0.00066044,80.0,4.199999999999999,-5.399999999999372e-07,3.862000000000006e-05,-0.9837118786896919,pu_foam_trial_5
123,pu_foam,5,0.043,1.0,1.0,30.0,1400.0,12.30066,1.0929614683230038,0.8437194746688585,foam,42,8.00066,0.00066044,80.0,4.300000000000001,-5.800000000000249e-07,3.862000000000006e-05,-0.9694803633401184,pu_foam_trial_5
124,pu_foam,5,0.043,1.0,1.0,30.0,1400.0,12.4007,1.0929614683230038,0.821057555414522,foam,42,8.00066,0.00066044,80.0,4.400040000000001,-5.800000000000249e-07,3.857999999999997e-05,-0.9837118786896919,pu_foam_trial_5
125,pu_foam,5,0.043,1.0,1.0,30.0,1400.0,12.500660000000002,1.0929614683230038,0.821057555414522,foam,42,8.00066,0.00066044,80.0,4.500000000000002,-5.800000000000249e-07,3.857999999999997e-05,-0.9837118786896919,pu_foam_trial_5
126,pu_foam,5,0.043,1.0,1.0,30.0,1400.0,12.60066,1.0877743182962365,0.821057555414522,foam,42,8.00066,0.00066044,80.0,4.6,-6.000000000000146e-07,3.857999999999997e-05,-0.9765961210149244,pu_foam_trial_5
127,pu_foam,5,0.043,1.0,1.0,30.0,1400.0,12.70066,1.082587168269469,0.821057555414522,foam,42,8.00066,0.00066044,80.0,4.699999999999999,-6.200000000000042e-07,3.857999999999997e-05,-0.969480363340157,pu_foam_trial_5
128,pu_foam,5,0.043,1.0,1.0,30.0,1400.0,12.80066,1.0877743182962365,0.821057555414522,foam,42,8.00066,0.00066044,80.0,4.800000000000001,-6.000000000000146e-07,3.857999999999997e-05,-0.9765961210149244,pu_foam_trial_5
129,pu_foam,5,0.043,1.0,1.0,30.0,1400.0,12.90066,1.082587168269469,0.821057555414522,foam,42,8.00066,0.00066044,80.0,4.9,-6.200000000000042e-07,3.857999999999997e-05,-0.969480363340157,pu_foam_trial_5
130,pu_foam,5,0.043,1.0,1.0,30.0,1400.0,13.000700000000002,1.0877743182962365,0.821057555414522,foam,42,8.00066,0.00066044,80.0,5.000040000000002,-6.000000000000146e-07,3.857999999999997e-05,-0.9765961210149244,pu_foam_trial_5
98,pu_foam,6,0.043,1.0,1.0,30.0,1400.0,9.80067,1.1344586685371711,0.9683600305674334,foam,42,9.80067,0.00066002,98.0,0.0,0.0,3.9260000000000054e-05,-0.9481330903158162,pu_foam_trial_6
99,pu_foam,6,0.043,1.0,1.0,30.0,1400.0,9.9007,1.1344586685371711,0.9570290709402958,foam,42,9.80067,0.00066002,98.0,0.10003000000000029,0.0,3.9240000000000065e-05,-0.9552488479905836,pu_foam_trial_6
100,pu_foam,6,0.043,1.0,1.0,30.0,1400.0,10.0007,1.1344586685371711,0.9456981113130968,foam,42,9.80067,0.00066002,98.0,0.20002999999999993,0.0,3.921999999999997e-05,-0.9623646056653896,pu_foam_trial_6
101,pu_foam,6,0.043,1.0,1.0,30.0,1400.0,10.100700000000002,1.1344586685371711,0.9456981113130968,foam,42,9.80067,0.00066002,98.0,0.30003000000000135,0.0,3.921999999999997e-05,-0.9623646056653896,pu_foam_trial_6
102,pu_foam,6,0.043,1.0,1.0,30.0,1400.0,10.20066,1.1292715185104036,0.9456981113130968,foam,42,9.80067,0.00066002,98.0,0.39998999999999896,-1.9999999999989644e-08,3.921999999999997e-05,-0.9552488479906222,pu_foam_trial_6
103,pu_foam,6,0.043,1.0,1.0,30.0,1400.0,10.30066,1.0722128682159342,0.9456981113130968,foam,42,9.80067,0.00066002,98.0,0.4999900000000004,-2.3999999999998415e-07,3.921999999999997e-05,-0.876975513568142,pu_foam_trial_6
104,pu_foam,6,0.043,1.0,1.0,30.0,1400.0,10.4007,1.0618385681623994,0.9683600305674334,foam,42,9.80067,0.00066002,98.0,0.6000300000000003,-2.7999999999996344e-07,3.9260000000000054e-05,-0.8485124828690337,pu_foam_trial_6
105,pu_foam,6,0.043,1.0,1.0,30.0,1400.0,10.5007,1.0514642681088646,0.9683600305674334,foam,42,9.80067,0.00066002,98.0,0.7000299999999999,-3.199999999999427e-07,3.9260000000000054e-05,-0.8342809675194988,pu_foam_trial_6
106,pu_foam,6,0.043,1.0,1.0,30.0,1400.0,10.60066,1.0514642681088646,0.9570290709402958,foam,42,9.80067,0.00066002,98.0,0.7999899999999993,-3.199999999999427e-07,3.9240000000000065e-05,-0.8413967251942662,pu_foam_trial_6
107,pu_foam,6,0.043,1.0,1.0,30.0,1400.0,10.7007,1.0514642681088646,0.9456981113130968,foam,42,9.80067,0.00066002,98.0,0.9000299999999992,-3.199999999999427e-07,3.921999999999997e-05,-0.8485124828690722,pu_foam_trial_6
108,pu_foam,6,0.043,1.0,1.0,30.0,1400.0,10.8007,1.0462771180820971,0.9570290709402958,foam,42,9.80067,0.00066002,98.0,1.0000300000000006,-3.3999999999993237e-07,3.9240000000000065e-05,-0.8342809675194988,pu_foam_trial_6
109,pu_foam,6,0.043,1.0,1.0,30.0,1400.0,10.9007,1.0514642681088646,0.9456981113130968,foam,42,9.80067,0.00066002,98.0,1.1000300000000003,-3.199999999999427e-07,3.921999999999997e-05,-0.8485124828690722,pu_foam_trial_6
110,pu_foam,6,0.043,1.0,1.0,30.0,1400.0,11.0007,1.0462771180820971,0.9456981113130968,foam,42,9.80067,0.00066002,98.0,1.20003,-3.3999999999993237e-07,3.921999999999997e-05,-0.8413967251943048,pu_foam_trial_6
111,pu_foam,6,0.043,1.0,1.0,30.0,1400.0,11.100700000000002,1.0514642681088646,0.9456981113130968,foam,42,9.80067,0.00066002,98.0,1.3000300000000014,-3.199999999999427e-07,3.921999999999997e-05,-0.8485124828690722,pu_foam_trial_6
112,pu_foam,6,0.043,1.0,1.0,30.0,1400.0,11.20066,1.0410899680553016,0.9343671516859592,foam,42,9.80067,0.00066002,98.0,1.399989999999999,-3.6000000000003043e-07,3.919999999999998e-05,-0.8413967251942662,pu_foam_trial_6
113,pu_foam,6,0.043,1.0,1.0,30.0,1400.0,11.30066,1.0359028180285343,0.9343671516859592,foam,42,9.80067,0.00066002,98.0,1.4999900000000004,-3.800000000000201e-07,3.919999999999998e-05,-0.8342809675194988,pu_foam_trial_6
114,pu_foam,6,0.043,1.0,1.0,30.0,1400.0,11.4007,1.0410899680553016,0.9343671516859592,foam,42,9.80067,0.00066002,98.0,1.6000300000000003,-3.6000000000003043e-07,3.919999999999998e-05,-0.8413967251942662,pu_foam_trial_6
115,pu_foam,6,0.043,1.0,1.0,30.0,1400.0,11.5007,1.0307156680017668,0.9343671516859592,foam,42,9.80067,0.00066002,98.0,1.70003,-4.000000000000097e-07,3.919999999999998e-05,-0.8271652098447314,pu_foam_trial_6
116,pu_foam,6,0.043,1.0,1.0,30.0,1400.0,11.600700000000002,1.0359028180285343,0.9230361920588216,foam,42,9.80067,0.00066002,98.0,1.8000300000000014,-3.800000000000201e-07,3.917999999999999e-05,-0.8413967251942662,pu_foam_trial_6
117,pu_foam,6,0.043,1.0,1.0,30.0,1400.0,11.70066,1.0359028180285343,0.9230361920588216,foam,42,9.80067,0.00066002,98.0,1.899989999999999,-3.800000000000201e-07,3.917999999999999e-05,-0.8413967251942662,pu_foam_trial_6
118,pu_foam,6,0.043,1.0,1.0,30.0,1400.0,11.80066,1.0359028180285343,0.9230361920588216,foam,42,9.80067,0.00066002,98.0,1.9999900000000004,-3.800000000000201e-07,3.917999999999999e-05,-0.8413967251942662,pu_foam_trial_6
119,pu_foam,6,0.043,1.0,1.0,30.0,1400.0,11.9007,1.0359028180285343,0.911705232431684,foam,42,9.80067,0.00066002,98.0,2.1000300000000003,-3.800000000000201e-07,3.916e-05,-0.8485124828690337,pu_foam_trial_6
120,pu_foam,6,0.043,1.0,1.0,30.0,1400.0,12.0007,1.0307156680017668,0.9003742728045465,foam,42,9.80067,0.00066002,98.0,2.20003,-4.000000000000097e-07,3.914000000000001e-05,-0.8485124828690337,pu_foam_trial_6
121,pu_foam,6,0.043,1.0,1.0,30.0,1400.0,12.100700000000002,1.0359028180285343,0.9003742728045465,foam,42,9.80067,0.00066002,98.0,2.3000300000000014,-3.800000000000201e-07,3.914000000000001e-05,-0.855628240543801,pu_foam_trial_6
122,pu_foam,6,0.043,1.0,1.0,30.0,1400.0,12.20066,1.0359028180285343,0.8890433131774089,foam,42,9.80067,0.00066002,98.0,2.399989999999999,-3.800000000000201e-07,3.912000000000002e-05,-0.8627439982185685,pu_foam_trial_6
123,pu_foam,6,0.043,1.0,1.0,30.0,1400.0,12.30066,1.0359028180285343,0.8890433131774089,foam,42,9.80067,0.00066002,98.0,2.4999900000000004,-3.800000000000201e-07,3.912000000000002e-05,-0.8627439982185685,pu_foam_trial_6
124,pu_foam,6,0.043,1.0,1.0,30.0,1400.0,12.40066,1.0359028180285343,0.8890433131774089,foam,42,9.80067,0.00066002,98.0,2.59999,-3.800000000000201e-07,3.912000000000002e-05,-0.8627439982185685,pu_foam_trial_6
125,pu_foam,6,0.043,1.0,1.0,30.0,1400.0,12.5007,1.0255285179749993,0.8890433131774089,foam,42,9.80067,0.00066002,98.0,2.70003,-4.1999999999999937e-07,3.912000000000002e-05,-0.8485124828690337,pu_foam_trial_6
126,pu_foam,6,0.043,1.0,1.0,30.0,1400.0,12.60066,1.0307156680017668,0.8890433131774089,foam,42,9.80067,0.00066002,98.0,2.7999899999999993,-4.000000000000097e-07,3.912000000000002e-05,-0.855628240543801,pu_foam_trial_6
127,pu_foam,6,0.043,1.0,1.0,30.0,1400.0,12.7007,1.0307156680017668,0.8777123535502713,foam,42,9.80067,0.00066002,98.0,2.900029999999999,-4.000000000000097e-07,3.910000000000003e-05,-0.8627439982185685,pu_foam_trial_6
128,pu_foam,6,0.043,1.0,1.0,30.0,1400.0,12.8007,1.0307156680017668,0.8777123535502713,foam,42,9.80067,0.00066002,98.0,3.0000300000000006,-4.000000000000097e-07,3.910000000000003e-05,-0.8627439982185685,pu_foam_trial_6
129,pu_foam,6,0.043,1.0,1.0,30.0,1400.0,12.9007,1.0307156680017668,0.8777123535502713,foam,42,9.80067,0.00066002,98.0,3.1000300000000003,-4.000000000000097e-07,3.910000000000003e-05,-0.8627439982185685,pu_foam_trial_6
130,pu_foam,6,0.043,1.0,1.0,30.0,1400.0,13.000660000000002,1.0359028180285343,0.8550504342959961,foam,42,9.80067,0.00066002,98.0,3.1999900000000014,-3.800000000000201e-07,3.906000000000005e-05,-0.8840912712428708,pu_foam_trial_6
131,pu_foam,6,0.043,1.0,1.0,30.0,1400.0,13.100700000000002,1.020341367948232,0.8663813939231337,foam,42,9.80067,0.00066002,98.0,3.3000300000000014,-4.39999999999989e-07,3.908000000000004e-05,-0.855628240543801,pu_foam_trial_6
132,pu_foam,6,0.043,1.0,1.0,30.0,1400.0,13.20066,1.0307156680017668,0.8550504342959961,foam,42,9.80067,0.00066002,98.0,3.399989999999999,-4.000000000000097e-07,3.906000000000005e-05,-0.8769755135681033,pu_foam_trial_6
133,pu_foam,6,0.043,1.0,1.0,30.0,1400.0,13.30066,1.0255285179749993,0.8550504342959961,foam,42,9.80067,0.00066002,98.0,3.4999900000000004,-4.1999999999999937e-07,3.906000000000005e-05,-0.869859755893336,pu_foam_trial_6
134,pu_foam,6,0.043,1.0,1.0,30.0,1400.0,13.4007,1.020341367948232,0.8550504342959961,foam,42,9.80067,0.00066002,98.0,3.6000300000000003,-4.39999999999989e-07,3.906000000000005e-05,-0.8627439982185685,pu_foam_trial_6
135,pu_foam,6,0.043,1.0,1.0,30.0,1400.0,13.50067,1.020341367948232,0.8437194746688585,foam,42,9.80067,0.00066002,98.0,3.6999999999999993,-4.39999999999989e-07,3.904000000000006e-05,-0.869859755893336,pu_foam_trial_6
136,pu_foam,6,0.043,1.0,1.0,30.0,1400.0,13.60066,1.0255285179749993,0.8323885150416596,foam,42,9.80067,0.00066002,98.0,3.7999899999999993,-4.1999999999999937e-07,3.901999999999996e-05,-0.8840912712429093,pu_foam_trial_6
137,pu_foam,6,0.043,1.0,1.0,30.0,1400.0,13.70067,1.020341367948232,0.8437194746688585,foam,42,9.80067,0.00066002,98.0,3.9000000000000004,-4.39999999999989e-07,3.904000000000006e-05,-0.869859755893336,pu_foam_trial_6
138,pu_foam,6,0.043,1.0,1.0,30.0,1400.0,13.8007,1.020341367948232,0.8323885150416596,foam,42,9.80067,0.00066002,98.0,4.000030000000001,-4.39999999999989e-07,3.901999999999996e-05,-0.876975513568142,pu_foam_trial_6
139,pu_foam,6,0.043,1.0,1.0,30.0,1400.0,13.900670000000002,1.020341367948232,0.821057555414522,foam,42,9.80067,0.00066002,98.0,4.100000000000001,-4.39999999999989e-07,3.899999999999997e-05,-0.8840912712429093,pu_foam_trial_6
140,pu_foam,6,0.043,1.0,1.0,30.0,1400.0,14.000700000000002,1.0255285179749993,0.8323885150416596,foam,42,9.80067,0.00066002,98.0,4.200030000000002,-4.1999999999999937e-07,3.901999999999996e-05,-0.8840912712429093,pu_foam_trial_6
141,pu_foam,6,0.043,1.0,1.0,30.0,1400.0,14.100700000000002,1.020341367948232,0.821057555414522,foam,42,9.80067,0.00066002,98.0,4.300030000000001,-4.39999999999989e-07,3.899999999999997e-05,-0.8840912712429093,pu_foam_trial_6
142,pu_foam,6,0.043,1.0,1.0,30.0,1400.0,14.2007,1.0151542179214645,0.821057555414522,foam,42,9.80067,0.00066002,98.0,4.400029999999999,-4.5999999999997866e-07,3.899999999999997e-05,-0.876975513568142,pu_foam_trial_6
143,pu_foam,6,0.043,1.0,1.0,30.0,1400.0,14.30066,1.0151542179214645,0.8097265957873845,foam,42,9.80067,0.00066002,98.0,4.49999,-4.5999999999997866e-07,3.897999999999998e-05,-0.8840912712429093,pu_foam_trial_6
144,pu_foam,6,0.043,1.0,1.0,30.0,1400.0,14.400660000000002,1.0151542179214645,0.8097265957873845,foam,42,9.80067,0.00066002,98.0,4.599990000000002,-4.5999999999997866e-07,3.897999999999998e-05,-0.8840912712429093,pu_foam_trial_6
145,pu_foam,6,0.043,1.0,1.0,30.0,1400.0,14.500660000000002,1.0151542179214645,0.8097265957873845,foam,42,9.80067,0.00066002,98.0,4.6999900000000014,-4.5999999999997866e-07,3.897999999999998e-05,-0.8840912712429093,pu_foam_trial_6
146,pu_foam,6,0.043,1.0,1.0,30.0,1400.0,14.600700000000002,1.0151542179214645,0.8097265957873845,foam,42,9.80067,0.00066002,98.0,4.800030000000001,-4.5999999999997866e-07,3.897999999999998e-05,-0.8840912712429093,pu_foam_trial_6
147,pu_foam,6,0.043,1.0,1.0,30.0,1400.0,14.7007,1.0151542179214645,0.7983956361602469,foam,42,9.80067,0.00066002,98.0,4.900029999999999,-4.5999999999997866e-07,3.895999999999999e-05,-0.8912070289176768,pu_foam_trial_6
148,pu_foam,6,0.043,1.0,1.0,30.0,1400.0,14.8007,1.020341367948232,0.8097265957873845,foam,42,9.80067,0.00066002,98.0,5.000030000000001,-4.39999999999989e-07,3.897999999999998e-05,-0.8912070289176768,pu_foam_trial_6
149,pu_foam,6,0.043,1.0,1.0,30.0,1400.0,14.900660000000002,1.0151542179214645,0.7870646765331093,foam,42,9.80067,0.00066002,98.0,5.099990000000002,-4.5999999999997866e-07,3.894e-05,-0.8983227865924442,pu_foam_trial_6
84,titanium,1,21.9,1.0,1.0,4500.0,523.0,8.40066,0.807668216850656,-0.3007074476726507,metal,7179,8.40066,0.00065876,84.0,0.0,0.0,3.828000000000002e-05,-1.2968052163796129,titanium_trial_1
85,titanium,1,21.9,1.0,1.0,4500.0,523.0,8.50066,0.8024810668238886,-0.3007074476726507,metal,7179,8.40066,0.00065876,84.0,0.09999999999999964,-1.9999999999989644e-08,3.828000000000002e-05,-1.2896894587048453,titanium_trial_1
86,titanium,1,21.9,1.0,1.0,4500.0,523.0,8.600700000000002,0.8024810668238886,-0.3120384072997882,metal,7179,8.40066,0.00065876,84.0,0.20004000000000133,-1.9999999999989644e-08,3.826000000000003e-05,-1.2968052163796129,titanium_trial_1
87,titanium,1,21.9,1.0,1.0,4500.0,523.0,8.700660000000001,0.6520537160475495,-0.4253480035712254,metal,7179,8.40066,0.00065876,84.0,0.3000000000000007,-6.000000000000146e-07,3.8060000000000025e-05,-1.1616058205589546,titanium_trial_1
88,titanium,1,21.9,1.0,1.0,4500.0,523.0,8.8007,0.21633311379886264,-0.4933337613341123,metal,7179,8.40066,0.00065876,84.0,0.4000400000000006,-2.280000000000012e-06,3.793999999999998e-05,-0.6065767219268255,titanium_trial_1
89,titanium,1,21.9,1.0,1.0,4500.0,523.0,8.90066,-0.04821153756641555,-0.4593408824526381,metal,7179,8.40066,0.00065876,84.0,0.5,-3.300000000000026e-06,3.8000000000000056e-05,-0.22232580748915318,titanium_trial_1
90,titanium,1,21.9,1.0,1.0,4500.0,523.0,9.00066,-0.22976178850335904,-0.4933337613341123,metal,7179,8.40066,0.00065876,84.0,0.5999999999999996,-3.999999999999989e-06,3.793999999999998e-05,0.0053784381034815325,titanium_trial_1
91,titanium,1,21.9,1.0,1.0,4500.0,523.0,9.1007,-0.354253389145833,-0.4820028017069747,metal,7179,8.40066,0.00065876,84.0,0.7000399999999996,-4.479999999999957e-06,3.795999999999997e-05,0.1832723799727443,titanium_trial_1
92,titanium,1,21.9,1.0,1.0,4500.0,523.0,9.2007,-0.4631835397080047,-0.4820028017069747,metal,7179,8.40066,0.00065876,84.0,0.8000399999999992,-4.8999999999999565e-06,3.795999999999997e-05,0.33270329114293734,titanium_trial_1
93,titanium,1,21.9,1.0,1.0,4500.0,523.0,9.30066,-0.540990790109572,-0.4933337613341123,metal,7179,8.40066,0.00065876,84.0,0.9000000000000004,-5.200000000000018e-06,3.793999999999998e-05,0.4323238985897584,titanium_trial_1
94,titanium,1,21.9,1.0,1.0,4500.0,523.0,9.40066,-0.6084237404575764,-0.5046647209612498,metal,7179,8.40066,0.00065876,84.0,1.0,-5.459999999999992e-06,3.791999999999999e-05,0.517712990687006,titanium_trial_1
95,titanium,1,21.9,1.0,1.0,4500.0,523.0,9.50066,-0.6706695407788134,-0.527326640215525,metal,7179,8.40066,0.00065876,84.0,1.0999999999999996,-5.699999999999976e-06,3.788000000000001e-05,0.5888705674347189,titanium_trial_1
96,titanium,1,21.9,1.0,1.0,4500.0,523.0,9.60066,-0.7173538910197481,-0.5386575998426626,metal,7179,8.40066,0.00065876,84.0,1.1999999999999993,-5.879999999999991e-06,3.786000000000002e-05,0.6457966288328969,titanium_trial_1
97,titanium,1,21.9,1.0,1.0,4500.0,523.0,9.7007,-0.7588510912339155,-0.5386575998426626,metal,7179,8.40066,0.00065876,84.0,1.3000399999999992,-6.040000000000017e-06,3.786000000000002e-05,0.7027226902310748,titanium_trial_1
98,titanium,1,21.9,1.0,1.0,4500.0,523.0,9.80066,-0.7951611414212872,-0.5726504787240753,metal,7179,8.40066,0.00065876,84.0,1.4000000000000004,-6.179999999999944e-06,3.780000000000005e-05,0.7311857209301446,titanium_trial_1
99,titanium,1,21.9,1.0,1.0,4500.0,523.0,9.9007,-0.8366583416354546,-0.6066433576055494,metal,7179,8.40066,0.00065876,84.0,1.5000400000000003,-6.33999999999997e-06,3.7739999999999974e-05,0.7667645093039817,titanium_trial_1
100,titanium,1,21.9,1.0,1.0,4500.0,523.0,10.0007,-0.8729683918228546,-0.6519671961140997,metal,7179,8.40066,0.00065876,84.0,1.60004,-6.480000000000006e-06,3.7660000000000016e-05,0.7881117823283225,titanium_trial_1
101,titanium,1,21.9,1.0,1.0,4500.0,523.0,10.100700000000002,-0.8937169919299242,-0.6972910346226501,metal,7179,8.40066,0.00065876,84.0,1.7000400000000013,-6.559999999999964e-06,3.758000000000006e-05,0.7881117823283225,titanium_trial_1
102,titanium,1,21.9,1.0,1.0,4500.0,523.0,10.20066,-0.9248398920905567,-0.7312839135041241,metal,7179,8.40066,0.00065876,84.0,1.799999999999999,-6.680000000000011e-06,3.751999999999998e-05,0.8094590553526247,titanium_trial_1
103,titanium,1,21.9,1.0,1.0,4500.0,523.0,10.30066,-0.9455884921976263,-0.7652767923855369,metal,7179,8.40066,0.00065876,84.0,1.9000000000000004,-6.759999999999969e-06,3.746000000000001e-05,0.8165748130273922,titanium_trial_1
104,titanium,1,21.9,1.0,1.0,4500.0,523.0,10.4007,-0.9715242423314915,-0.8219315905212248,metal,7179,8.40066,0.00065876,84.0,2.0000400000000003,-6.860000000000026e-06,3.736000000000006e-05,0.8165748130274307,titanium_trial_1
105,titanium,1,21.9,1.0,1.0,4500.0,523.0,10.5007,-0.9818985423850263,-0.8672554290298365,metal,7179,8.40066,0.00065876,84.0,2.10004,-6.900000000000005e-06,3.7279999999999995e-05,0.8023432976778573,titanium_trial_1
106,titanium,1,21.9,1.0,1.0,4500.0,523.0,10.60066,-0.9974599924653285,-0.9352411867926619,metal,7179,8.40066,0.00065876,84.0,2.1999999999999993,-6.959999999999974e-06,3.716000000000006e-05,0.7809960246535551,titanium_trial_1
107,titanium,1,21.9,1.0,1.0,4500.0,523.0,10.70066,-1.0182085925724262,-0.9692340656741361,metal,7179,8.40066,0.00065876,84.0,2.299999999999999,-7.040000000000041e-06,3.709999999999998e-05,0.7881117823283225,titanium_trial_1
108,titanium,1,21.9,1.0,1.0,4500.0,523.0,10.8007,-1.0389571926794958,-1.025888863809824,metal,7179,8.40066,0.00065876,84.0,2.4000400000000006,-7.12e-06,3.700000000000003e-05,0.7809960246535551,titanium_trial_1
109,titanium,1,21.9,1.0,1.0,4500.0,523.0,10.90066,-1.0493314927330306,-1.1052055811998485,metal,7179,8.40066,0.00065876,84.0,2.5,-7.159999999999979e-06,3.6859999999999996e-05,0.7454172362796794,titanium_trial_1
110,titanium,1,21.9,1.0,1.0,4500.0,523.0,11.000660000000002,-1.064892942813333,-1.1618603793355362,metal,7179,8.40066,0.00065876,84.0,2.6000000000000014,-7.219999999999948e-06,3.676000000000005e-05,0.7311857209301446,titanium_trial_1
111,titanium,1,21.9,1.0,1.0,4500.0,523.0,11.10066,-1.0752672428668957,-1.2185151774712855,metal,7179,8.40066,0.00065876,84.0,2.6999999999999993,-7.2600000000000355e-06,3.665999999999999e-05,0.7098384479058423,titanium_trial_1
112,titanium,1,21.9,1.0,1.0,4500.0,523.0,11.20066,-1.1012029930007328,-1.2638390159798358,metal,7179,8.40066,0.00065876,84.0,2.799999999999999,-7.359999999999984e-06,3.658000000000003e-05,0.7169542055806096,titanium_trial_1
113,titanium,1,21.9,1.0,1.0,4500.0,523.0,11.30066,-1.1063901430275003,-1.320493814115585,metal,7179,8.40066,0.00065876,84.0,2.9000000000000004,-7.379999999999973e-06,3.6479999999999976e-05,0.6884911748815014,titanium_trial_1
114,titanium,1,21.9,1.0,1.0,4500.0,523.0,11.40066,-1.1219515931078023,-1.377148612251273,metal,7179,8.40066,0.00065876,84.0,3.0,-7.439999999999942e-06,3.638000000000003e-05,0.6742596595319665,titanium_trial_1
115,titanium,1,21.9,1.0,1.0,4500.0,523.0,11.500660000000002,-1.1323258931613653,-1.4338034103870223,metal,7179,8.40066,0.00065876,84.0,3.1000000000000014,-7.48000000000003e-06,3.627999999999997e-05,0.6529123865076643,titanium_trial_1
116,titanium,1,21.9,1.0,1.0,4500.0,523.0,11.600700000000002,-1.1323258931613653,-1.4904582085227103,metal,7179,8.40066,0.00065876,84.0,3.2000400000000013,-7.48000000000003e-06,3.618000000000002e-05,0.6173335981338272,titanium_trial_1
117,titanium,1,21.9,1.0,1.0,4500.0,523.0,11.7007,-1.1478873432416676,-1.5584439662855971,metal,7179,8.40066,0.00065876,84.0,3.300039999999999,-7.539999999999999e-06,3.605999999999998e-05,0.5959863251094863,titanium_trial_1
118,titanium,1,21.9,1.0,1.0,4500.0,523.0,11.8007,-1.1582616432952024,-1.6150987644212849,metal,7179,8.40066,0.00065876,84.0,3.4000400000000006,-7.579999999999978e-06,3.596000000000003e-05,0.5746390520851841,titanium_trial_1
119,titanium,1,21.9,1.0,1.0,4500.0,523.0,11.9007,-1.1634487933219697,-1.6717535625570343,metal,7179,8.40066,0.00065876,84.0,3.5000400000000003,-7.599999999999968e-06,3.585999999999997e-05,0.5461760213860758,titanium_trial_1
120,titanium,1,21.9,1.0,1.0,4500.0,523.0,12.000660000000002,-1.179010243402272,-1.7170774010655845,metal,7179,8.40066,0.00065876,84.0,3.6000000000000014,-7.659999999999937e-06,3.578000000000001e-05,0.5390602637113083,titanium_trial_1
121,titanium,1,21.9,1.0,1.0,4500.0,523.0,12.10066,-1.1841973934290675,-1.7850631588284713,metal,7179,8.40066,0.00065876,84.0,3.6999999999999993,-7.680000000000035e-06,3.565999999999997e-05,0.5034814753374712,titanium_trial_1
122,titanium,1,21.9,1.0,1.0,4500.0,523.0,12.20066,-1.1997588435093698,-1.8417179569641593,metal,7179,8.40066,0.00065876,84.0,3.799999999999999,-7.740000000000004e-06,3.556000000000002e-05,0.48924995998793636,titanium_trial_1
123,titanium,1,21.9,1.0,1.0,4500.0,523.0,12.3007,-1.1997588435093698,-1.8983727550999085,metal,7179,8.40066,0.00065876,84.0,3.9000400000000006,-7.740000000000004e-06,3.545999999999996e-05,0.4536711716140607,titanium_trial_1
124,titanium,1,21.9,1.0,1.0,4500.0,523.0,12.4007,-1.2153202935896719,-1.943696593608459,metal,7179,8.40066,0.00065876,84.0,4.00004,-7.799999999999973e-06,3.5380000000000003e-05,0.44655541393929327,titanium_trial_1
125,titanium,1,21.9,1.0,1.0,4500.0,523.0,12.500660000000002,-1.2205074436164394,-2.0003513917441467,metal,7179,8.40066,0.00065876,84.0,4.100000000000001,-7.819999999999962e-06,3.5280000000000055e-05,0.4180923832402236,titanium_trial_1
126,titanium,1,21.9,1.0,1.0,4500.0,523.0,12.600700000000002,-1.2256945936432067,-2.057006189879896,metal,7179,8.40066,0.00065876,84.0,4.200040000000001,-7.839999999999952e-06,3.518e-05,0.3896293525411153,titanium_trial_1
127,titanium,1,21.9,1.0,1.0,4500.0,523.0,12.7007,-1.2308817436699742,-2.113660988015584,metal,7179,8.40066,0.00065876,84.0,4.300039999999999,-7.859999999999942e-06,3.508000000000005e-05,0.3611663218420456,titanium_trial_1
128,titanium,1,21.9,1.0,1.0,4500.0,523.0,12.80066,-1.2360688936967696,-2.1703157861513334,metal,7179,8.40066,0.00065876,84.0,4.4,-7.88000000000004e-06,3.4979999999999994e-05,0.3327032911429759,titanium_trial_1
129,titanium,1,21.9,1.0,1.0,4500.0,523.0,12.9007,-1.2464431937503044,-2.2156396246598833,metal,7179,8.40066,0.00065876,84.0,4.50004,-7.920000000000019e-06,3.4900000000000035e-05,0.31847177579344105,titanium_trial_1
130,titanium,1,21.9,1.0,1.0,4500.0,523.0,13.000700000000002,-1.2464431937503044,-2.2722944227956328,metal,7179,8.40066,0.00065876,84.0,4.600040000000002,-7.920000000000019e-06,3.479999999999998e-05,0.28289298741956537,titanium_trial_1
131,titanium,1,21.9,1.0,1.0,4500.0,523.0,13.10066,-1.2620046438306067,-2.317618261304183,metal,7179,8.40066,0.00065876,84.0,4.699999999999999,-7.979999999999988e-06,3.472000000000002e-05,0.27577722974479796,titanium_trial_1
132,titanium,1,21.9,1.0,1.0,4500.0,523.0,13.2007,-1.267191793857374,-2.3629420998127335,metal,7179,8.40066,0.00065876,84.0,4.800039999999999,-7.999999999999978e-06,3.464000000000006e-05,0.2544299567204957,titanium_trial_1
133,titanium,1,21.9,1.0,1.0,4500.0,523.0,13.30066,-1.2723789438841415,-2.4195968979484825,metal,7179,8.40066,0.00065876,84.0,4.9,-8.019999999999967e-06,3.4540000000000005e-05,0.2259669260213874,titanium_trial_1
134,titanium,1,21.9,1.0,1.0,4500.0,523.0,13.4007,-1.2775660939109088,-2.4535897768298955,metal,7179,8.40066,0.00065876,84.0,5.00004,-8.039999999999957e-06,3.4480000000000036e-05,0.21173541067185256,titanium_trial_1
87,titanium,2,21.9,1.0,1.0,4500.0,523.0,8.700660000000001,0.7298609664491168,-0.47067184207983714,metal,7179,8.700660000000001,0.00065846,87.0,0.0,0.0,3.827999999999991e-05,-1.2968052163796513,titanium_trial_2
88,titanium,2,21.9,1.0,1.0,4500.0,523.0,8.80066,0.7246738164223494,-0.4593408824526381,metal,7179,8.700660000000001,0.00065846,87.0,0.09999999999999964,-1.9999999999989644e-08,3.830000000000001e-05,-1.282573701030078,titanium_trial_2
89,titanium,2,21.9,1.0,1.0,4500.0,523.0,8.90071,0.7246738164223494,-0.4593408824526381,metal,7179,8.700660000000001,0.00065846,87.0,0.20004999999999917,-1.9999999999989644e-08,3.830000000000001e-05,-1.282573701030078,titanium_trial_2
90,titanium,2,21.9,1.0,1.0,4500.0,523.0,9.000670000000001,0.5949950657530799,-0.5839814383512129,metal,7179,8.700660000000001,0.00065846,87.0,0.30001000000000033,-5.20000000000056e-07,3.8080000000000015e-05,-1.1829530935832568,titanium_trial_2
91,titanium,2,21.9,1.0,1.0,4500.0,523.0,9.10067,0.1852102136382582,-0.6293052768598246,metal,7179,8.700660000000001,0.00065846,87.0,0.4000099999999982,-2.099999999999997e-06,3.799999999999995e-05,-0.6492712679754686,titanium_trial_2
92,titanium,2,21.9,1.0,1.0,4500.0,523.0,9.20066,-0.07414728770025257,-0.6293052768598246,metal,7179,8.700660000000001,0.00065846,87.0,0.4999999999999982,-3.100000000000021e-06,3.799999999999995e-05,-0.29348338423690457,titanium_trial_2
93,titanium,2,21.9,1.0,1.0,4500.0,523.0,9.3007,-0.2505103886104287,-0.6293052768598246,metal,7179,8.700660000000001,0.00065846,87.0,0.6000399999999999,-3.7799999999999943e-06,3.799999999999995e-05,-0.051547623294696435,titanium_trial_2
94,titanium,2,21.9,1.0,1.0,4500.0,523.0,9.40066,-0.3801891392796981,-0.6293052768598246,metal,7179,8.700660000000001,0.00065846,87.0,0.6999999999999993,-4.280000000000061e-06,3.799999999999995e-05,0.12634631857460488,titanium_trial_2
95,titanium,2,21.9,1.0,1.0,4500.0,523.0,9.5007,-0.478744989788335,-0.6293052768598246,metal,7179,8.700660000000001,0.00065846,87.0,0.8000399999999992,-4.660000000000081e-06,3.799999999999995e-05,0.2615457143952631,titanium_trial_2
96,titanium,2,21.9,1.0,1.0,4500.0,523.0,9.6007,-0.5617393902166417,-0.6406362364869621,metal,7179,8.700660000000001,0.00065846,87.0,0.9000399999999988,-4.9800000000000235e-06,3.797999999999996e-05,0.368282079516813,titanium_trial_2
97,titanium,2,21.9,1.0,1.0,4500.0,523.0,9.70066,-0.6239851905378786,-0.6519671961140997,metal,7179,8.700660000000001,0.00065846,87.0,0.9999999999999982,-5.220000000000008e-06,3.795999999999997e-05,0.44655541393929327,titanium_trial_2
98,titanium,2,21.9,1.0,1.0,4500.0,523.0,9.80071,-0.6810438408323481,-0.6519671961140997,metal,7179,8.700660000000001,0.00065846,87.0,1.1000499999999995,-5.440000000000002e-06,3.795999999999997e-05,0.5248287483617735,titanium_trial_2
99,titanium,2,21.9,1.0,1.0,4500.0,523.0,9.90071,-0.7329153411000503,-0.6632981557412373,metal,7179,8.700660000000001,0.00065846,87.0,1.2000499999999992,-5.640000000000007e-06,3.793999999999998e-05,0.5888705674347189,titanium_trial_2
100,titanium,2,21.9,1.0,1.0,4500.0,523.0,10.0007,-0.7744125413142177,-0.6859600749955125,metal,7179,8.700660000000001,0.00065846,87.0,1.3000399999999992,-5.8000000000000326e-06,3.79e-05,0.631565113483362,titanium_trial_2
101,titanium,2,21.9,1.0,1.0,4500.0,523.0,10.100700000000002,-0.8210968915551524,-0.7086219942498491,metal,7179,8.700660000000001,0.00065846,87.0,1.4000400000000006,-5.980000000000048e-06,3.785999999999991e-05,0.681375417206734,titanium_trial_2
102,titanium,2,21.9,1.0,1.0,4500.0,523.0,10.20066,-0.8574069417425524,-0.7312839135041241,metal,7179,8.700660000000001,0.00065846,87.0,1.4999999999999982,-6.120000000000084e-06,3.781999999999993e-05,0.7169542055806096,titanium_trial_2
103,titanium,2,21.9,1.0,1.0,4500.0,523.0,10.3007,-0.8885298419031568,-0.7652767923855369,metal,7179,8.700660000000001,0.00065846,87.0,1.60004,-6.2400000000000216e-06,3.7759999999999964e-05,0.7383014786049119,titanium_trial_2
104,titanium,2,21.9,1.0,1.0,4500.0,523.0,10.40066,-0.9092784420102545,-0.8106006308940872,metal,7179,8.700660000000001,0.00065846,87.0,1.6999999999999993,-6.3200000000000886e-06,3.7680000000000005e-05,0.7383014786049505,titanium_trial_2
105,titanium,2,21.9,1.0,1.0,4500.0,523.0,10.5007,-0.9352141921440915,-0.8445935097755614,metal,7179,8.700660000000001,0.00065846,87.0,1.8000399999999992,-6.420000000000037e-06,3.761999999999993e-05,0.7525329939544468,titanium_trial_2
106,titanium,2,21.9,1.0,1.0,4500.0,523.0,10.600700000000002,-0.9611499422779285,-0.8899173482841116,metal,7179,8.700660000000001,0.00065846,87.0,1.9000400000000006,-6.519999999999985e-06,3.753999999999997e-05,0.7596487516292142,titanium_trial_2
107,titanium,2,21.9,1.0,1.0,4500.0,523.0,10.7007,-0.9818985423850263,-0.9125792675383868,metal,7179,8.700660000000001,0.00065846,87.0,2.0000399999999985,-6.600000000000052e-06,3.749999999999999e-05,0.7738802669787876,titanium_trial_2
108,titanium,2,21.9,1.0,1.0,4500.0,523.0,10.80066,-1.002647142492096,-0.9805650253012737,metal,7179,8.700660000000001,0.00065846,87.0,2.0999999999999996,-6.680000000000011e-06,3.7379999999999944e-05,0.7596487516292142,titanium_trial_2
109,titanium,2,21.9,1.0,1.0,4500.0,523.0,10.90066,-1.0182085925724262,-1.0145579041826864,metal,7179,8.700660000000001,0.00065846,87.0,2.1999999999999993,-6.740000000000088e-06,3.7319999999999975e-05,0.7596487516292528,titanium_trial_2
110,titanium,2,21.9,1.0,1.0,4500.0,523.0,11.00067,-1.0337700426527285,-1.0825436619455733,metal,7179,8.700660000000001,0.00065846,87.0,2.3000099999999986,-6.800000000000057e-06,3.719999999999993e-05,0.7383014786049119,titanium_trial_2
111,titanium,2,21.9,1.0,1.0,4500.0,523.0,11.100700000000002,-1.0545186427597981,-1.116536540826986,metal,7179,8.700660000000001,0.00065846,87.0,2.4000400000000006,-6.8800000000000154e-06,3.713999999999996e-05,0.7454172362796794,titanium_trial_2
112,titanium,2,21.9,1.0,1.0,4500.0,523.0,11.20066,-1.0700800928401002,-1.1731913389626738,metal,7179,8.700660000000001,0.00065846,87.0,2.4999999999999982,-6.939999999999984e-06,3.704000000000001e-05,0.7311857209301446,titanium_trial_2
113,titanium,2,21.9,1.0,1.0,4500.0,523.0,11.3007,-1.090828692947198,-1.2411770967255606,metal,7179,8.700660000000001,0.00065846,87.0,2.60004,-7.020000000000051e-06,3.6919999999999965e-05,0.7169542055806096,titanium_trial_2
114,titanium,2,21.9,1.0,1.0,4500.0,523.0,11.40066,-1.090828692947198,-1.2978318948612486,metal,7179,8.700660000000001,0.00065846,87.0,2.6999999999999993,-7.020000000000051e-06,3.682000000000002e-05,0.6813754172067725,titanium_trial_2
115,titanium,2,21.9,1.0,1.0,4500.0,523.0,11.5007,-1.1115772930542676,-1.3544866929969979,metal,7179,8.700660000000001,0.00065846,87.0,2.800039999999999,-7.10000000000001e-06,3.671999999999996e-05,0.6742596595319665,titanium_trial_2
116,titanium,2,21.9,1.0,1.0,4500.0,523.0,11.60066,-1.1219515931078023,-1.3998105315055482,metal,7179,8.700660000000001,0.00065846,87.0,2.8999999999999986,-7.139999999999989e-06,3.664e-05,0.6600281441824317,titanium_trial_2
117,titanium,2,21.9,1.0,1.0,4500.0,523.0,11.7007,-1.1323258931613653,-1.44513437001416,metal,7179,8.700660000000001,0.00065846,87.0,3.0000399999999985,-7.180000000000077e-06,3.6559999999999935e-05,0.6457966288328969,titanium_trial_2
118,titanium,2,21.9,1.0,1.0,4500.0,523.0,11.8007,-1.1427001932149001,-1.5131201277769852,metal,7179,8.700660000000001,0.00065846,87.0,3.10004,-7.220000000000056e-06,3.644e-05,0.6173335981338272,titanium_trial_2
119,titanium,2,21.9,1.0,1.0,4500.0,523.0,11.9007,-1.1582616432952024,-1.5697749259127347,metal,7179,8.700660000000001,0.00065846,87.0,3.2000399999999996,-7.280000000000025e-06,3.633999999999994e-05,0.6031020827842537,titanium_trial_2
120,titanium,2,21.9,1.0,1.0,4500.0,523.0,12.0007,-1.1634487933219697,-1.6264297240484225,metal,7179,8.700660000000001,0.00065846,87.0,3.300039999999999,-7.300000000000015e-06,3.623999999999999e-05,0.5746390520851841,titanium_trial_2
121,titanium,2,21.9,1.0,1.0,4500.0,523.0,12.100700000000002,-1.1738230933755045,-1.6830845221841717,metal,7179,8.700660000000001,0.00065846,87.0,3.4000400000000006,-7.339999999999994e-06,3.6139999999999935e-05,0.5532917790608431,titanium_trial_2
122,titanium,2,21.9,1.0,1.0,4500.0,523.0,12.20071,-1.179010243402272,-1.7397393203198597,metal,7179,8.700660000000001,0.00065846,87.0,3.50005,-7.359999999999984e-06,3.603999999999999e-05,0.5248287483617735,titanium_trial_2
123,titanium,2,21.9,1.0,1.0,4500.0,523.0,12.3007,-1.1945716934826023,-1.796394118455609,metal,7179,8.700660000000001,0.00065846,87.0,3.60004,-7.420000000000061e-06,3.593999999999993e-05,0.5105972330122387,titanium_trial_2
124,titanium,2,21.9,1.0,1.0,4500.0,523.0,12.40066,-1.204945993536137,-1.8303869973370217,metal,7179,8.700660000000001,0.00065846,87.0,3.6999999999999993,-7.46000000000004e-06,3.587999999999996e-05,0.5034814753374712,titanium_trial_2
125,titanium,2,21.9,1.0,1.0,4500.0,523.0,12.5007,-1.2153202935896719,-1.9210346743541837,metal,7179,8.700660000000001,0.00065846,87.0,3.800039999999999,-7.50000000000002e-06,3.5719999999999936e-05,0.4607869292888281,titanium_trial_2
126,titanium,2,21.9,1.0,1.0,4500.0,523.0,12.60066,-1.2205074436164394,-1.9550275532355965,metal,7179,8.700660000000001,0.00065846,87.0,3.8999999999999986,-7.520000000000009e-06,3.565999999999997e-05,0.44655541393929327,titanium_trial_2
127,titanium,2,21.9,1.0,1.0,4500.0,523.0,12.7007,-1.2256945936432067,-2.0116823513712845,metal,7179,8.700660000000001,0.00065846,87.0,4.0000399999999985,-7.539999999999999e-06,3.556000000000002e-05,0.4180923832402236,titanium_trial_2
128,titanium,2,21.9,1.0,1.0,4500.0,523.0,12.80066,-1.2308817436699742,-2.0456752302527583,metal,7179,8.700660000000001,0.00065846,87.0,4.1,-7.559999999999989e-06,3.549999999999994e-05,0.4038608678906501,titanium_trial_2
129,titanium,2,21.9,1.0,1.0,4500.0,523.0,12.9007,-1.2412560437235372,-2.113660988015584,metal,7179,8.700660000000001,0.00065846,87.0,4.2000399999999996,-7.600000000000076e-06,3.5380000000000003e-05,0.375397837191619,titanium_trial_2
130,titanium,2,21.9,1.0,1.0,4500.0,523.0,13.000700000000002,-1.251630343777072,-2.1703157861513334,metal,7179,8.700660000000001,0.00065846,87.0,4.300040000000001,-7.640000000000056e-06,3.527999999999995e-05,0.35405056416727815,titanium_trial_2
131,titanium,2,21.9,1.0,1.0,4500.0,523.0,13.10067,-1.251630343777072,-2.2156396246598833,metal,7179,8.700660000000001,0.00065846,87.0,4.400009999999998,-7.640000000000056e-06,3.519999999999999e-05,0.32558753346820846,titanium_trial_2
132,titanium,2,21.9,1.0,1.0,4500.0,523.0,13.20067,-1.2568174938038392,-2.2722944227956328,metal,7179,8.700660000000001,0.00065846,87.0,4.50001,-7.660000000000045e-06,3.509999999999993e-05,0.2971245027691002,titanium_trial_2
133,titanium,2,21.9,1.0,1.0,4500.0,523.0,13.3007,-1.2620046438306067,-2.3062873016770453,metal,7179,8.700660000000001,0.00065846,87.0,4.60004,-7.680000000000035e-06,3.503999999999996e-05,0.28289298741956537,titanium_trial_2
134,titanium,2,21.9,1.0,1.0,4500.0,523.0,13.4007,-1.2723789438841415,-2.374273059439932,metal,7179,8.700660000000001,0.00065846,87.0,4.7000399999999996,-7.720000000000014e-06,3.4919999999999916e-05,0.2544299567204571,titanium_trial_2
135,titanium,2,21.9,1.0,1.0,4500.0,523.0,13.500700000000002,-1.2775660939109088,-2.408265938321345,metal,7179,8.700660000000001,0.00065846,87.0,4.800040000000001,-7.740000000000004e-06,3.485999999999995e-05,0.24019844137092225,titanium_trial_2
136,titanium,2,21.9,1.0,1.0,4500.0,523.0,13.60066,-1.2879403939644436,-2.4535897768298955,metal,7179,8.700660000000001,0.00065846,87.0,4.899999999999999,-7.779999999999983e-06,3.477999999999999e-05,0.2259669260213874,titanium_trial_2
137,titanium,2,21.9,1.0,1.0,4500.0,523.0,13.70067,-1.2931275439912393,-2.498913615338507,metal,7179,8.700660000000001,0.00065846,87.0,5.00001,-7.800000000000081e-06,3.469999999999992e-05,0.20461965299708512,titanium_trial_2
95,titanium,3,21.9,1.0,1.0,4500.0,523.0,9.5007,0.6676151661278799,-0.6519671961140997,metal,7179,9.5007,0.00065822,95.0,0.0,0.0,3.819999999999995e-05,-1.3252682470787212,titanium_trial_3
96,titanium,3,21.9,1.0,1.0,4500.0,523.0,9.6007,0.6624280161010844,-0.6519671961140997,metal,7179,9.5007,0.00065822,95.0,0.09999999999999964,-2.0000000000098064e-08,3.819999999999995e-05,-1.3181524894039152,titanium_trial_3
97,titanium,3,21.9,1.0,1.0,4500.0,523.0,9.70066,0.6624280161010844,-0.6293052768598246,metal,7179,9.5007,0.00065822,95.0,0.19995999999999903,-2.0000000000098064e-08,3.823999999999993e-05,-1.3039209740543802,titanium_trial_3
98,titanium,3,21.9,1.0,1.0,4500.0,523.0,9.80066,0.6053693658066147,-0.8445935097755614,metal,7179,9.5007,0.00065822,95.0,0.29996000000000045,-2.4000000000009257e-07,3.785999999999991e-05,-1.3608470354525581,titanium_trial_3
99,titanium,3,21.9,1.0,1.0,4500.0,523.0,9.90066,0.08665436312962131,-0.8445935097755614,metal,7179,9.5007,0.00065822,95.0,0.3999600000000001,-2.2400000000000328e-06,3.785999999999991e-05,-0.6492712679754686,titanium_trial_3
100,titanium,3,21.9,1.0,1.0,4500.0,523.0,10.000660000000002,-0.20382603836952204,-0.855924469402699,metal,7179,9.5007,0.00065822,95.0,0.4999600000000015,-3.3600000000001034e-06,3.783999999999992e-05,-0.2579045958630289,titanium_trial_3
101,titanium,3,21.9,1.0,1.0,4500.0,523.0,10.100700000000002,-0.3801891392796981,-0.878586388656974,metal,7179,9.5007,0.00065822,95.0,0.6000000000000014,-4.0400000000000765e-06,3.779999999999994e-05,-0.030200350270355586,titanium_trial_3
102,titanium,3,21.9,1.0,1.0,4500.0,523.0,10.2007,-0.504680739922172,-0.8899173482841116,metal,7179,9.5007,0.00065822,95.0,0.6999999999999993,-4.520000000000045e-06,3.777999999999995e-05,0.1334620762493723,titanium_trial_3
103,titanium,3,21.9,1.0,1.0,4500.0,523.0,10.30066,-0.5980494404040415,-0.878586388656974,metal,7179,9.5007,0.00065822,95.0,0.7999600000000004,-4.880000000000075e-06,3.779999999999994e-05,0.2686614720700305,titanium_trial_3
104,titanium,3,21.9,1.0,1.0,4500.0,523.0,10.40066,-0.6810438408323481,-0.878586388656974,metal,7179,9.5007,0.00065822,95.0,0.8999600000000001,-5.200000000000018e-06,3.779999999999994e-05,0.3825135948663479,titanium_trial_3
105,titanium,3,21.9,1.0,1.0,4500.0,523.0,10.500660000000002,-0.7484767911803806,-0.8899173482841116,metal,7179,9.5007,0.00065822,95.0,0.9999600000000015,-5.4600000000001e-06,3.777999999999995e-05,0.46790268696363413,titanium_trial_3
106,titanium,3,21.9,1.0,1.0,4500.0,523.0,10.600700000000002,-0.7951611414212872,-0.9012483079112492,metal,7179,9.5007,0.00065822,95.0,1.1000000000000014,-5.640000000000007e-06,3.7759999999999964e-05,0.5248287483617735,titanium_trial_3
107,titanium,3,21.9,1.0,1.0,4500.0,523.0,10.7007,-0.8470326416889894,-0.9012483079112492,metal,7179,9.5007,0.00065822,95.0,1.1999999999999993,-5.840000000000012e-06,3.7759999999999964e-05,0.5959863251094863,titanium_trial_3
108,titanium,3,21.9,1.0,1.0,4500.0,523.0,10.80066,-0.8885298419031568,-0.9239102271655244,metal,7179,9.5007,0.00065822,95.0,1.2999600000000004,-6.000000000000037e-06,3.7719999999999984e-05,0.6386808711581294,titanium_trial_3
109,titanium,3,21.9,1.0,1.0,4500.0,523.0,10.9007,-0.9248398920905567,-0.946572146419861,metal,7179,9.5007,0.00065822,95.0,1.4000000000000004,-6.140000000000073e-06,3.76799999999999e-05,0.6742596595319665,titanium_trial_3
110,titanium,3,21.9,1.0,1.0,4500.0,523.0,11.00067,-0.9559627922511611,-0.9805650253012737,metal,7179,9.5007,0.00065822,95.0,1.4999699999999994,-6.260000000000011e-06,3.761999999999993e-05,0.6956069325562688,titanium_trial_3
111,titanium,3,21.9,1.0,1.0,4500.0,523.0,11.100700000000002,-0.9870856924117937,-1.0145579041826864,metal,7179,9.5007,0.00065822,95.0,1.6000000000000014,-6.3800000000000575e-06,3.755999999999996e-05,0.7169542055806096,titanium_trial_3
112,titanium,3,21.9,1.0,1.0,4500.0,523.0,11.20066,-1.0130214425456308,-1.0372198234369616,metal,7179,9.5007,0.00065822,95.0,1.699959999999999,-6.480000000000006e-06,3.751999999999998e-05,0.7383014786049119,titanium_trial_3
113,titanium,3,21.9,1.0,1.0,4500.0,523.0,11.3007,-1.0337700426527285,-1.1052055811998485,metal,7179,9.5007,0.00065822,95.0,1.8000000000000007,-6.560000000000073e-06,3.739999999999993e-05,0.7240699632553771,titanium_trial_3
114,titanium,3,21.9,1.0,1.0,4500.0,523.0,11.40066,-1.0597057927865654,-1.139198460081261,metal,7179,9.5007,0.00065822,95.0,1.89996,-6.660000000000021e-06,3.7339999999999964e-05,0.7383014786049119,titanium_trial_3
115,titanium,3,21.9,1.0,1.0,4500.0,523.0,11.5007,-1.0752672428668957,-1.1731913389626738,metal,7179,9.5007,0.00065822,95.0,2.0,-6.720000000000098e-06,3.7279999999999995e-05,0.7383014786049505,titanium_trial_3
116,titanium,3,21.9,1.0,1.0,4500.0,523.0,11.60066,-1.0960158429739655,-1.2411770967255606,metal,7179,9.5007,0.00065822,95.0,2.0999599999999994,-6.800000000000057e-06,3.715999999999995e-05,0.7240699632553771,titanium_trial_3
117,titanium,3,21.9,1.0,1.0,4500.0,523.0,11.70066,-1.1115772930542676,-1.286500935234111,metal,7179,9.5007,0.00065822,95.0,2.199959999999999,-6.860000000000026e-06,3.707999999999999e-05,0.7169542055806096,titanium_trial_3
118,titanium,3,21.9,1.0,1.0,4500.0,523.0,11.80066,-1.1219515931078023,-1.3431557333698603,metal,7179,9.5007,0.00065822,95.0,2.2999600000000004,-6.900000000000005e-06,3.6979999999999934e-05,0.6956069325562688,titanium_trial_3
119,titanium,3,21.9,1.0,1.0,4500.0,523.0,11.9007,-1.1427001932149001,-1.3884795718784106,metal,7179,9.5007,0.00065822,95.0,2.4000000000000004,-6.980000000000072e-06,3.6899999999999975e-05,0.6956069325563073,titanium_trial_3
120,titanium,3,21.9,1.0,1.0,4500.0,523.0,12.0007,-1.153074493268435,-1.4564653296412975,metal,7179,9.5007,0.00065822,95.0,2.5,-7.020000000000051e-06,3.677999999999993e-05,0.6671439018571991,titanium_trial_3
121,titanium,3,21.9,1.0,1.0,4500.0,523.0,12.10066,-1.1634487933219697,-1.5131201277769852,metal,7179,9.5007,0.00065822,95.0,2.5999599999999994,-7.060000000000031e-06,3.667999999999998e-05,0.6457966288328969,titanium_trial_3
122,titanium,3,21.9,1.0,1.0,4500.0,523.0,12.2007,-1.1841973934290675,-1.5584439662855971,metal,7179,9.5007,0.00065822,95.0,2.6999999999999993,-7.140000000000098e-06,3.6599999999999914e-05,0.6457966288328969,titanium_trial_3
123,titanium,3,21.9,1.0,1.0,4500.0,523.0,12.30066,-1.189384543455835,-1.6264297240484225,metal,7179,9.5007,0.00065822,95.0,2.7999600000000004,-7.160000000000087e-06,3.6479999999999976e-05,0.6102178404590597,titanium_trial_3
124,titanium,3,21.9,1.0,1.0,4500.0,523.0,12.4007,-1.1945716934826023,-1.6604226029298967,metal,7179,9.5007,0.00065822,95.0,2.9000000000000004,-7.180000000000077e-06,3.64199999999999e-05,0.5959863251094863,titanium_trial_3
125,titanium,3,21.9,1.0,1.0,4500.0,523.0,12.500660000000002,-1.2101331435629046,-1.7170774010655845,metal,7179,9.5007,0.00065822,95.0,2.9999600000000015,-7.240000000000046e-06,3.631999999999995e-05,0.5817548097599514,titanium_trial_3
126,titanium,3,21.9,1.0,1.0,4500.0,523.0,12.600700000000002,-1.2205074436164394,-1.7737321992012725,metal,7179,9.5007,0.00065822,95.0,3.1000000000000014,-7.280000000000025e-06,3.622e-05,0.5604075367356491,titanium_trial_3
127,titanium,3,21.9,1.0,1.0,4500.0,523.0,12.7007,-1.2308817436699742,-1.8417179569641593,metal,7179,9.5007,0.00065822,95.0,3.1999999999999993,-7.3200000000000045e-06,3.6099999999999956e-05,0.531944506036541,titanium_trial_3
128,titanium,3,21.9,1.0,1.0,4500.0,523.0,12.80066,-1.2412560437235372,-1.8870417954727097,metal,7179,9.5007,0.00065822,95.0,3.2999600000000004,-7.360000000000092e-06,3.602e-05,0.5177129906870447,titanium_trial_3
129,titanium,3,21.9,1.0,1.0,4500.0,523.0,12.9007,-1.2412560437235372,-1.9550275532355965,metal,7179,9.5007,0.00065822,95.0,3.4000000000000004,-7.360000000000092e-06,3.589999999999995e-05,0.47501844463840154,titanium_trial_3
130,titanium,3,21.9,1.0,1.0,4500.0,523.0,13.000700000000002,-1.2568174938038392,-2.0003513917441467,metal,7179,9.5007,0.00065822,95.0,3.5000000000000018,-7.420000000000061e-06,3.581999999999999e-05,0.46790268696363413,titanium_trial_3
131,titanium,3,21.9,1.0,1.0,4500.0,523.0,13.10066,-1.2620046438306067,-2.0456752302527583,metal,7179,9.5007,0.00065822,95.0,3.5999599999999994,-7.440000000000051e-06,3.5739999999999925e-05,0.44655541393929327,titanium_trial_3
132,titanium,3,21.9,1.0,1.0,4500.0,523.0,13.2007,-1.267191793857374,-2.113660988015584,metal,7179,9.5007,0.00065822,95.0,3.6999999999999993,-7.46000000000004e-06,3.561999999999999e-05,0.41097662556545617,titanium_trial_3
133,titanium,3,21.9,1.0,1.0,4500.0,523.0,13.30066,-1.2723789438841415,-2.147653866897058,metal,7179,9.5007,0.00065822,95.0,3.7999600000000004,-7.48000000000003e-06,3.555999999999991e-05,0.3967451102158827,titanium_trial_3
134,titanium,3,21.9,1.0,1.0,4500.0,523.0,13.4007,-1.2827532439376763,-2.204308665032746,metal,7179,9.5007,0.00065822,95.0,3.9000000000000004,-7.520000000000009e-06,3.545999999999996e-05,0.37539783719158043,titanium_trial_3
135,titanium,3,21.9,1.0,1.0,4500.0,523.0,13.500700000000002,-1.2879403939644436,-2.2496325035412963,metal,7179,9.5007,0.00065822,95.0,4.000000000000002,-7.539999999999999e-06,3.5380000000000003e-05,0.35405056416727815,titanium_trial_3
136,titanium,3,21.9,1.0,1.0,4500.0,523.0,13.60066,-1.2931275439912393,-2.294956342049908,metal,7179,9.5007,0.00065822,95.0,4.099959999999999,-7.560000000000097e-06,3.5299999999999936e-05,0.3327032911429759,titanium_trial_3
137,titanium,3,21.9,1.0,1.0,4500.0,523.0,13.70066,-1.2983146940180066,-2.3629420998127335,metal,7179,9.5007,0.00065822,95.0,4.199959999999999,-7.580000000000087e-06,3.518e-05,0.29712450276913877,titanium_trial_3
138,titanium,3,21.9,1.0,1.0,4500.0,523.0,13.80066,-1.3086889940715414,-2.408265938321345,metal,7179,9.5007,0.00065822,95.0,4.2999600000000004,-7.620000000000066e-06,3.509999999999993e-05,0.28289298741956537,titanium_trial_3
139,titanium,3,21.9,1.0,1.0,4500.0,523.0,13.9007,-1.3086889940715414,-2.4535897768298955,metal,7179,9.5007,0.00065822,95.0,4.4,-7.620000000000066e-06,3.501999999999997e-05,0.2544299567204957,titanium_trial_3
140,titanium,3,21.9,1.0,1.0,4500.0,523.0,14.000660000000002,-1.3190632941250762,-2.4875826557113694,metal,7179,9.5007,0.00065822,95.0,4.4999600000000015,-7.660000000000045e-06,3.4959999999999896e-05,0.24731419904568966,titanium_trial_3
141,titanium,3,21.9,1.0,1.0,4500.0,523.0,14.10066,-1.329437594178611,-2.5442374538470576,metal,7179,9.5007,0.00065822,95.0,4.599959999999999,-7.700000000000025e-06,3.485999999999995e-05,0.2259669260213874,titanium_trial_3
142,titanium,3,21.9,1.0,1.0,4500.0,523.0,14.2007,-1.329437594178611,-2.6008922519827453,metal,7179,9.5007,0.00065822,95.0,4.699999999999999,-7.700000000000025e-06,3.476e-05,0.19038813764755028,titanium_trial_3
143,titanium,3,21.9,1.0,1.0,4500.0,523.0,14.30066,-1.3346247442053785,-2.6348851308642196,metal,7179,9.5007,0.00065822,95.0,4.7999600000000004,-7.720000000000014e-06,3.469999999999992e-05,0.17615662229797685,titanium_trial_3
144,titanium,3,21.9,1.0,1.0,4500.0,523.0,14.4007,-1.3449990442589415,-2.6802089693727695,metal,7179,9.5007,0.00065822,95.0,4.9,-7.760000000000102e-06,3.461999999999996e-05,0.16192510694848058,titanium_trial_3
145,titanium,3,21.9,1.0,1.0,4500.0,523.0,14.500700000000002,-1.3449990442589415,-2.736863767508519,metal,7179,9.5007,0.00065822,95.0,5.000000000000002,-7.760000000000102e-06,3.451999999999991e-05,0.12634631857460488,titanium_trial_3
118,titanium,4,21.9,1.0,1.0,4500.0,523.0,11.8007,1.020341367948232,1.0136838690759837,metal,7179,11.8007,0.00065958,118.0,0.0,0.0,3.978e-05,-0.763123390771786,titanium_trial_4
119,titanium,4,21.9,1.0,1.0,4500.0,523.0,11.90066,1.0151542179214645,1.0136838690759837,metal,7179,11.8007,0.00065958,118.0,0.09995999999999938,-1.9999999999989644e-08,3.978e-05,-0.7560076330970186,titanium_trial_4
120,titanium,4,21.9,1.0,1.0,4500.0,523.0,12.00067,1.0047799178679298,1.0136838690759837,metal,7179,11.8007,0.00065958,118.0,0.19996999999999865,-5.999999999996893e-08,3.978e-05,-0.7417761177474838,titanium_trial_4
121,titanium,4,21.9,1.0,1.0,4500.0,523.0,12.10067,0.9580955676269951,1.0023529094488461,metal,7179,11.8007,0.00065958,118.0,0.2999699999999983,-2.3999999999998415e-07,3.976000000000001e-05,-0.6848500563493057,titanium_trial_4
122,titanium,4,21.9,1.0,1.0,4500.0,523.0,12.20067,0.569059315619243,0.8323885150416596,metal,7179,11.8007,0.00065958,118.0,0.3999699999999997,-1.7399999999999664e-06,3.945999999999995e-05,-0.25790459586306747,titanium_trial_4
123,titanium,4,21.9,1.0,1.0,4500.0,523.0,12.30067,0.0814672131028539,0.7983956361602469,metal,7179,11.8007,0.00065958,118.0,0.49996999999999936,-3.6199999999999687e-06,3.939999999999998e-05,0.3896293525411153,titanium_trial_4
124,titanium,4,21.9,1.0,1.0,4500.0,523.0,12.4007,-0.18307743826242429,0.7870646765331093,metal,7179,11.8007,0.00065958,118.0,0.5999999999999996,-4.639999999999983e-06,3.937999999999999e-05,0.7454172362796794,titanium_trial_4
125,titanium,4,21.9,1.0,1.0,4500.0,523.0,12.5007,-0.3490662391190656,0.7870646765331093,metal,7179,11.8007,0.00065958,118.0,0.6999999999999993,-5.2799999999999766e-06,3.937999999999999e-05,0.9731214818723527,titanium_trial_4
126,titanium,4,21.9,1.0,1.0,4500.0,523.0,12.600700000000002,-0.4735578397615395,0.7870646765331093,metal,7179,11.8007,0.00065958,118.0,0.8000000000000007,-5.759999999999945e-06,3.937999999999999e-05,1.143899666066848,titanium_trial_4
127,titanium,4,21.9,1.0,1.0,4500.0,523.0,12.70066,-0.5721136902701764,0.7870646765331093,metal,7179,11.8007,0.00065958,118.0,0.8999599999999983,-6.139999999999965e-06,3.937999999999999e-05,1.2790990618875062,titanium_trial_4
128,titanium,4,21.9,1.0,1.0,4500.0,523.0,12.80067,-0.6499209406717437,0.7530717976516966,metal,7179,11.8007,0.00065958,118.0,0.9999699999999994,-6.4400000000000264e-06,3.932000000000002e-05,1.3644881539847924,titanium_trial_4
129,titanium,4,21.9,1.0,1.0,4500.0,523.0,12.9007,-0.7173538910197481,0.741740838024559,metal,7179,11.8007,0.00065958,118.0,1.0999999999999996,-6.7e-06,3.9300000000000034e-05,1.4498772460820402,titanium_trial_4
130,titanium,4,21.9,1.0,1.0,4500.0,523.0,13.00067,-0.7692253912874503,0.7304098783974214,metal,7179,11.8007,0.00065958,118.0,1.1999699999999986,-6.900000000000005e-06,3.9280000000000044e-05,1.5139190651549854,titanium_trial_4
131,titanium,4,21.9,1.0,1.0,4500.0,523.0,13.100700000000002,-0.815909741528385,0.7077479591430849,metal,7179,11.8007,0.00065958,118.0,1.3000000000000007,-7.08000000000002e-06,3.9239999999999956e-05,1.5637293688783573,titanium_trial_4
132,titanium,4,21.9,1.0,1.0,4500.0,523.0,13.20067,-0.8574069417425524,0.6850860398888097,metal,7179,11.8007,0.00065958,118.0,1.3999699999999997,-7.240000000000046e-06,3.919999999999998e-05,1.6064239149270005,titanium_trial_4
133,titanium,4,21.9,1.0,1.0,4500.0,523.0,13.3007,-0.8937169919299242,0.6397622013802594,metal,7179,11.8007,0.00065958,118.0,1.5,-7.379999999999973e-06,3.912000000000002e-05,1.6277711879513028,titanium_trial_4
134,titanium,4,21.9,1.0,1.0,4500.0,523.0,13.400670000000002,-0.9248398920905567,0.6057693224988466,metal,7179,11.8007,0.00065958,118.0,1.5999700000000008,-7.50000000000002e-06,3.906000000000005e-05,1.6491184609756437,titanium_trial_4
135,titanium,4,21.9,1.0,1.0,4500.0,523.0,13.500700000000002,-0.9559627922511611,0.560445483990235,metal,7179,11.8007,0.00065958,118.0,1.700000000000001,-7.6199999999999575e-06,3.897999999999998e-05,1.66334997632514,titanium_trial_4
136,titanium,4,21.9,1.0,1.0,4500.0,523.0,13.60067,-0.9818985423850263,0.4924597262274095,metal,7179,11.8007,0.00065958,118.0,1.7999699999999983,-7.720000000000014e-06,3.8860000000000045e-05,1.656234218650411,titanium_trial_4
137,titanium,4,21.9,1.0,1.0,4500.0,523.0,13.70067,-1.002647142492096,0.46979780697307294,metal,7179,11.8007,0.00065958,118.0,1.8999699999999997,-7.799999999999973e-06,3.881999999999996e-05,1.6704657339999074,titanium_trial_4
138,titanium,4,21.9,1.0,1.0,4500.0,523.0,13.8007,-1.0233957425991935,0.4131430088373851,metal,7179,11.8007,0.00065958,118.0,2.0,-7.88000000000004e-06,3.872000000000001e-05,1.6633499763251784,titanium_trial_4
139,titanium,4,21.9,1.0,1.0,4500.0,523.0,13.9007,-1.0441443427062633,0.3451572510744982,metal,7179,11.8007,0.00065958,118.0,2.0999999999999996,-7.959999999999998e-06,3.859999999999996e-05,1.649118460975605,titanium_trial_4
140,titanium,4,21.9,1.0,1.0,4500.0,523.0,14.000700000000002,-1.0597057927865654,0.2885024529388103,metal,7179,11.8007,0.00065958,118.0,2.200000000000001,-8.019999999999967e-06,3.8500000000000014e-05,1.6348869456260702,titanium_trial_4
141,titanium,4,21.9,1.0,1.0,4500.0,523.0,14.10067,-1.0856415429204307,0.24317861443026004,metal,7179,11.8007,0.00065958,118.0,2.2999699999999983,-8.120000000000024e-06,3.8420000000000056e-05,1.6420027033008762,titanium_trial_4
142,titanium,4,21.9,1.0,1.0,4500.0,523.0,14.2007,-1.090828692947198,0.1638618970402356,metal,7179,11.8007,0.00065958,118.0,2.3999999999999986,-8.140000000000014e-06,3.828000000000002e-05,1.5993081572522332,titanium_trial_4
143,titanium,4,21.9,1.0,1.0,4500.0,523.0,14.30066,-1.1115772930542676,0.09587613927734871,metal,7179,11.8007,0.00065958,118.0,2.4999599999999997,-8.219999999999972e-06,3.8159999999999973e-05,1.5850766419026596,titanium_trial_4
144,titanium,4,21.9,1.0,1.0,4500.0,523.0,14.4007,-1.1219515931078023,0.03922134114166085,metal,7179,11.8007,0.00065958,118.0,2.5999999999999996,-8.259999999999951e-06,3.8060000000000025e-05,1.5637293688783573,titanium_trial_4
145,titanium,4,21.9,1.0,1.0,4500.0,523.0,14.500700000000002,-1.1323258931613653,-0.028764416621226023,metal,7179,11.8007,0.00065958,118.0,2.700000000000001,-8.300000000000039e-06,3.793999999999998e-05,1.5352663381792877,titanium_trial_4
146,titanium,4,21.9,1.0,1.0,4500.0,523.0,14.60067,-1.153074493268435,-0.0854192147569139,metal,7179,11.8007,0.00065958,118.0,2.7999699999999983,-8.379999999999998e-06,3.784000000000003e-05,1.5281505805045204,titanium_trial_4
147,titanium,4,21.9,1.0,1.0,4500.0,523.0,14.7007,-1.1634487933219697,-0.13074305326552563,metal,7179,11.8007,0.00065958,118.0,2.8999999999999986,-8.419999999999977e-06,3.7759999999999964e-05,1.5139190651549468,titanium_trial_4
148,titanium,4,21.9,1.0,1.0,4500.0,523.0,14.80066,-1.1738230933755045,-0.19872881102835105,metal,7179,11.8007,0.00065958,118.0,2.9999599999999997,-8.459999999999956e-06,3.7640000000000026e-05,1.4854560344558772,titanium_trial_4
149,titanium,4,21.9,1.0,1.0,4500.0,523.0,14.900710000000002,-1.1841973934290675,-0.26671456879123795,metal,7179,11.8007,0.00065958,118.0,3.100010000000001,-8.500000000000044e-06,3.751999999999998e-05,1.4569930037568075,titanium_trial_4
150,titanium,4,21.9,1.0,1.0,4500.0,523.0,15.000700000000002,-1.189384543455835,-0.3233693669269258,metal,7179,11.8007,0.00065958,118.0,3.200000000000001,-8.520000000000034e-06,3.742000000000003e-05,1.4285299730577379,titanium_trial_4
151,titanium,4,21.9,1.0,1.0,4500.0,523.0,15.100700000000002,-1.1997588435093698,-0.39135512468981265,metal,7179,11.8007,0.00065958,118.0,3.3000000000000007,-8.560000000000013e-06,3.7299999999999985e-05,1.4000669423586296,titanium_trial_4
152,titanium,4,21.9,1.0,1.0,4500.0,523.0,15.2007,-1.2101331435629046,-0.43667896319836297,metal,7179,11.8007,0.00065958,118.0,3.3999999999999986,-8.599999999999992e-06,3.7220000000000027e-05,1.3858354270090947,titanium_trial_4
153,titanium,4,21.9,1.0,1.0,4500.0,523.0,15.3007,-1.2205074436164394,-0.5159956805883874,metal,7179,11.8007,0.00065958,118.0,3.5,-8.639999999999971e-06,3.707999999999999e-05,1.350256638635219,titanium_trial_4
154,titanium,4,21.9,1.0,1.0,4500.0,523.0,15.4007,-1.2308817436699742,-0.5839814383512129,metal,7179,11.8007,0.00065958,118.0,3.5999999999999996,-8.67999999999995e-06,3.696000000000005e-05,1.3217936079361492,titanium_trial_4
155,titanium,4,21.9,1.0,1.0,4500.0,523.0,15.50067,-1.2412560437235372,-0.6406362364869621,metal,7179,11.8007,0.00065958,118.0,3.6999699999999986,-8.720000000000038e-06,3.6859999999999996e-05,1.300446334911847,titanium_trial_4
156,titanium,4,21.9,1.0,1.0,4500.0,523.0,15.600700000000002,-1.2412560437235372,-0.6972910346226501,metal,7179,11.8007,0.00065958,118.0,3.8000000000000007,-8.720000000000038e-06,3.676000000000005e-05,1.26486754653801,titanium_trial_4
157,titanium,4,21.9,1.0,1.0,4500.0,523.0,15.70071,-1.2464431937503044,-0.7539458327583993,metal,7179,11.8007,0.00065958,118.0,3.90001,-8.740000000000028e-06,3.665999999999999e-05,1.2364045158389017,titanium_trial_4
158,titanium,4,21.9,1.0,1.0,4500.0,523.0,15.800670000000002,-1.2620046438306067,-0.8219315905212248,metal,7179,11.8007,0.00065958,118.0,3.999970000000001,-8.799999999999997e-06,3.654000000000005e-05,1.2150572428145994,titanium_trial_4
159,titanium,4,21.9,1.0,1.0,4500.0,523.0,15.9007,-1.2620046438306067,-0.8672554290298365,metal,7179,11.8007,0.00065958,118.0,4.1,-8.799999999999997e-06,3.6459999999999986e-05,1.186594212115491,titanium_trial_4
160,titanium,4,21.9,1.0,1.0,4500.0,523.0,16.00071,-1.2775660939109088,-0.9239102271655244,metal,7179,11.8007,0.00065958,118.0,4.200010000000001,-8.859999999999966e-06,3.636000000000004e-05,1.1723626967659562,titanium_trial_4
161,titanium,4,21.9,1.0,1.0,4500.0,523.0,16.10067,-1.2775660939109088,-0.9918959849284112,metal,7179,11.8007,0.00065958,118.0,4.29997,-8.859999999999966e-06,3.623999999999999e-05,1.1296681507173132,titanium_trial_4
162,titanium,4,21.9,1.0,1.0,4500.0,523.0,16.200670000000002,-1.2879403939644436,-1.0372198234369616,metal,7179,11.8007,0.00065958,118.0,4.3999700000000015,-8.899999999999945e-06,3.616000000000003e-05,1.1154366353677783,titanium_trial_4
163,titanium,4,21.9,1.0,1.0,4500.0,523.0,16.300700000000003,-1.2983146940180066,-1.0938746215727109,metal,7179,11.8007,0.00065958,118.0,4.500000000000002,-8.940000000000033e-06,3.605999999999998e-05,1.094089362343476,titanium_trial_4
164,titanium,4,21.9,1.0,1.0,4500.0,523.0,16.40067,-1.2983146940180066,-1.139198460081261,metal,7179,11.8007,0.00065958,118.0,4.599970000000001,-8.940000000000033e-06,3.598000000000002e-05,1.0656263316444063,titanium_trial_4
165,titanium,4,21.9,1.0,1.0,4500.0,523.0,16.500670000000003,-1.3086889940715414,-1.1958532582170105,metal,7179,11.8007,0.00065958,118.0,4.699970000000002,-8.980000000000012e-06,3.587999999999996e-05,1.0442790586200654,titanium_trial_4
166,titanium,4,21.9,1.0,1.0,4500.0,523.0,16.60066,-1.3138761440983089,-1.2525080563526982,metal,7179,11.8007,0.00065958,118.0,4.7999600000000004,-9.000000000000002e-06,3.578000000000001e-05,1.0158160279209958,titanium_trial_4
167,titanium,4,21.9,1.0,1.0,4500.0,523.0,16.7007,-1.3242504441518437,-1.2978318948612486,metal,7179,11.8007,0.00065958,118.0,4.9,-9.039999999999981e-06,3.5700000000000055e-05,1.0015845125714609,titanium_trial_4
168,titanium,4,21.9,1.0,1.0,4500.0,523.0,16.80067,-1.3242504441518437,-1.3544866929969979,metal,7179,11.8007,0.00065958,118.0,4.999969999999999,-9.039999999999981e-06,3.56e-05,0.9660057241975852,titanium_trial_4
108,titanium,5,21.9,1.0,1.0,4500.0,523.0,10.8007,1.0514642681088646,1.0023529094488461,metal,7179,10.8007,0.0006597,108.0,0.0,0.0,3.9639999999999966e-05,-0.8129336944951965,titanium_trial_5
109,titanium,5,21.9,1.0,1.0,4500.0,523.0,10.9007,1.0410899680553016,1.0023529094488461,metal,7179,10.8007,0.0006597,108.0,0.09999999999999964,-4.000000000008771e-08,3.9639999999999966e-05,-0.7987021791456231,titanium_trial_5
110,titanium,5,21.9,1.0,1.0,4500.0,523.0,11.0007,1.0307156680017668,1.0023529094488461,metal,7179,10.8007,0.0006597,108.0,0.1999999999999993,-8.0000000000067e-08,3.9639999999999966e-05,-0.7844706637960882,titanium_trial_5
111,titanium,5,21.9,1.0,1.0,4500.0,523.0,11.10067,0.8336039669845211,0.911705232431684,metal,7179,10.8007,0.0006597,108.0,0.2999699999999983,-8.399999999999987e-07,3.947999999999994e-05,-0.5709979335529884,titanium_trial_5
112,titanium,5,21.9,1.0,1.0,4500.0,523.0,11.2007,0.29414036420042994,0.8890433131774089,metal,7179,10.8007,0.0006597,108.0,0.3999999999999986,-2.920000000000006e-06,3.943999999999996e-05,0.1548093492736746,titanium_trial_5
113,titanium,5,21.9,1.0,1.0,4500.0,523.0,11.3007,-0.011901487379015608,0.8550504342959961,metal,7179,10.8007,0.0006597,108.0,0.5,-4.1000000000000454e-06,3.937999999999999e-05,0.5532917790608818,titanium_trial_5
114,titanium,5,21.9,1.0,1.0,4500.0,523.0,11.400670000000002,-0.20382603836952204,0.8550504342959961,metal,7179,10.8007,0.0006597,108.0,0.5999700000000008,-4.840000000000096e-06,3.937999999999999e-05,0.8165748130274307,titanium_trial_5
115,titanium,5,21.9,1.0,1.0,4500.0,523.0,11.5007,-0.3490662391190656,0.8550504342959961,metal,7179,10.8007,0.0006597,108.0,0.6999999999999993,-5.400000000000023e-06,3.937999999999999e-05,1.0158160279209958,titanium_trial_5
116,titanium,5,21.9,1.0,1.0,4500.0,523.0,11.60066,-0.4631835397080047,0.8437194746688585,metal,7179,10.8007,0.0006597,108.0,0.7999599999999987,-5.840000000000012e-06,3.936e-05,1.1652469390911888,titanium_trial_5
117,titanium,5,21.9,1.0,1.0,4500.0,523.0,11.70066,-0.5565522401898743,0.821057555414522,metal,7179,10.8007,0.0006597,108.0,0.8999599999999983,-6.200000000000042e-06,3.9319999999999915e-05,1.2790990618875062,titanium_trial_5
118,titanium,5,21.9,1.0,1.0,4500.0,523.0,11.80067,-0.629172340564646,0.8323885150416596,metal,7179,10.8007,0.0006597,108.0,0.9999699999999994,-6.480000000000006e-06,3.9339999999999905e-05,1.385835427009056,titanium_trial_5
119,titanium,5,21.9,1.0,1.0,4500.0,523.0,11.9007,-0.6966052909126784,0.7983956361602469,metal,7179,10.8007,0.0006597,108.0,1.0999999999999996,-6.740000000000088e-06,3.9279999999999936e-05,1.4569930037568075,titanium_trial_5
120,titanium,5,21.9,1.0,1.0,4500.0,523.0,12.00067,-0.7484767911803806,0.8097265957873845,metal,7179,10.8007,0.0006597,108.0,1.1999699999999986,-6.940000000000093e-06,3.9299999999999925e-05,1.5352663381792877,titanium_trial_5
121,titanium,5,21.9,1.0,1.0,4500.0,523.0,12.100700000000002,-0.7899739913945198,0.7644027572788341,metal,7179,10.8007,0.0006597,108.0,1.3000000000000007,-7.10000000000001e-06,3.921999999999997e-05,1.5637293688783573,titanium_trial_5
122,titanium,5,21.9,1.0,1.0,4500.0,523.0,12.2007,-0.8366583416354546,0.7304098783974214,metal,7179,10.8007,0.0006597,108.0,1.3999999999999986,-7.280000000000025e-06,3.916e-05,1.6064239149270005,titanium_trial_5
123,titanium,5,21.9,1.0,1.0,4500.0,523.0,12.3007,-0.8729683918228546,0.6964169995159473,metal,7179,10.8007,0.0006597,108.0,1.5,-7.420000000000061e-06,3.909999999999992e-05,1.6348869456260702,titanium_trial_5
124,titanium,5,21.9,1.0,1.0,4500.0,523.0,12.40066,-0.9092784420102545,0.6624241206345346,metal,7179,10.8007,0.0006597,108.0,1.5999599999999994,-7.560000000000097e-06,3.903999999999995e-05,1.6633499763251784,titanium_trial_5
125,titanium,5,21.9,1.0,1.0,4500.0,523.0,12.500660000000002,-0.9404013421708589,0.6171002821259842,metal,7179,10.8007,0.0006597,108.0,1.6999600000000008,-7.680000000000035e-06,3.895999999999999e-05,1.6775814916747134,titanium_trial_5
126,titanium,5,21.9,1.0,1.0,4500.0,523.0,12.60066,-0.9663370923047241,0.5491145243630974,metal,7179,10.8007,0.0006597,108.0,1.7999599999999987,-7.780000000000092e-06,3.883999999999995e-05,1.670465733999946,titanium_trial_5
127,titanium,5,21.9,1.0,1.0,4500.0,523.0,12.7007,-1.002647142492096,0.5151216454816847,metal,7179,10.8007,0.0006597,108.0,1.8999999999999986,-7.920000000000019e-06,3.877999999999998e-05,1.6989287646990157,titanium_trial_5
128,titanium,5,21.9,1.0,1.0,4500.0,523.0,12.8007,-1.0130214425456308,0.4471358877187978,metal,7179,10.8007,0.0006597,108.0,2.0,-7.959999999999998e-06,3.865999999999993e-05,1.6704657339999074,titanium_trial_5
129,titanium,5,21.9,1.0,1.0,4500.0,523.0,12.90066,-1.0441443427062633,0.37915012995597236,metal,7179,10.8007,0.0006597,108.0,2.0999599999999994,-8.080000000000045e-06,3.8539999999999994e-05,1.670465733999946,titanium_trial_5
130,titanium,5,21.9,1.0,1.0,4500.0,523.0,13.000660000000002,-1.064892942813333,0.32249533182022305,metal,7179,10.8007,0.0006597,108.0,2.199960000000001,-8.160000000000003e-06,3.843999999999994e-05,1.66334997632514,titanium_trial_5
131,titanium,5,21.9,1.0,1.0,4500.0,523.0,13.100700000000002,-1.0752672428668957,0.2545095740573976,metal,7179,10.8007,0.0006597,108.0,2.3000000000000007,-8.200000000000091e-06,3.832e-05,1.6348869456261088,titanium_trial_5
132,titanium,5,21.9,1.0,1.0,4500.0,523.0,13.20066,-1.1012029930007328,0.19785477592164832,metal,7179,10.8007,0.0006597,108.0,2.3999599999999983,-8.300000000000039e-06,3.821999999999994e-05,1.6348869456260702,titanium_trial_5
133,titanium,5,21.9,1.0,1.0,4500.0,523.0,13.30067,-1.1115772930542676,0.12986901815882287,metal,7179,10.8007,0.0006597,108.0,2.4999699999999994,-8.340000000000018e-06,3.8100000000000005e-05,1.6064239149270005,titanium_trial_5
134,titanium,5,21.9,1.0,1.0,4500.0,523.0,13.40066,-1.1323258931613653,0.05055230076879842,metal,7179,10.8007,0.0006597,108.0,2.5999599999999994,-8.420000000000085e-06,3.795999999999997e-05,1.5850766419026983,titanium_trial_5
135,titanium,5,21.9,1.0,1.0,4500.0,523.0,13.500660000000002,-1.1478873432416676,-0.006102497366950874,metal,7179,10.8007,0.0006597,108.0,2.699960000000001,-8.480000000000054e-06,3.785999999999991e-05,1.570845126553125,titanium_trial_5
136,titanium,5,21.9,1.0,1.0,4500.0,523.0,13.60067,-1.1582616432952024,-0.07408825512977632,metal,7179,10.8007,0.0006597,108.0,2.7999699999999983,-8.520000000000034e-06,3.7739999999999974e-05,1.542382095854055,titanium_trial_5
137,titanium,5,21.9,1.0,1.0,4500.0,523.0,13.7007,-1.1686359433487372,-0.1420740128926632,metal,7179,10.8007,0.0006597,108.0,2.8999999999999986,-8.560000000000013e-06,3.761999999999993e-05,1.5139190651549468,titanium_trial_5
138,titanium,5,21.9,1.0,1.0,4500.0,523.0,13.80066,-1.1841973934290675,-0.21005977065548864,metal,7179,10.8007,0.0006597,108.0,2.9999599999999997,-8.62000000000009e-06,3.749999999999999e-05,1.4925717921306831,titanium_trial_5
139,titanium,5,21.9,1.0,1.0,4500.0,523.0,13.9007,-1.1997588435093698,-0.2780455284183755,metal,7179,10.8007,0.0006597,108.0,3.0999999999999996,-8.68000000000006e-06,3.7379999999999944e-05,1.4712245191063424,titanium_trial_5
140,titanium,5,21.9,1.0,1.0,4500.0,523.0,14.000700000000002,-1.204945993536137,-0.3573622458083999,metal,7179,10.8007,0.0006597,108.0,3.200000000000001,-8.700000000000049e-06,3.723999999999991e-05,1.4285299730576992,titanium_trial_5
141,titanium,5,21.9,1.0,1.0,4500.0,523.0,14.100700000000002,-1.2205074436164394,-0.41401704394408784,metal,7179,10.8007,0.0006597,108.0,3.3000000000000007,-8.760000000000018e-06,3.713999999999996e-05,1.4142984577081643,titanium_trial_5
142,titanium,5,21.9,1.0,1.0,4500.0,523.0,14.2007,-1.2308817436699742,-0.4820028017069747,metal,7179,10.8007,0.0006597,108.0,3.3999999999999986,-8.799999999999997e-06,3.701999999999991e-05,1.385835427009056,titanium_trial_5
143,titanium,5,21.9,1.0,1.0,4500.0,523.0,14.3007,-1.2412560437235372,-0.5613195190969377,metal,7179,10.8007,0.0006597,108.0,3.5,-8.840000000000085e-06,3.6879999999999986e-05,1.3502566386352575,titanium_trial_5
144,titanium,5,21.9,1.0,1.0,4500.0,523.0,14.400670000000002,-1.251630343777072,-0.6066433576055494,metal,7179,10.8007,0.0006597,108.0,3.599970000000001,-8.880000000000064e-06,3.679999999999992e-05,1.3360251232856841,titanium_trial_5
145,titanium,5,21.9,1.0,1.0,4500.0,523.0,14.500660000000002,-1.2568174938038392,-0.6859600749955125,metal,7179,10.8007,0.0006597,108.0,3.699960000000001,-8.900000000000054e-06,3.665999999999999e-05,1.2933305772370796,titanium_trial_5
146,titanium,5,21.9,1.0,1.0,4500.0,523.0,14.60067,-1.267191793857374,-0.7652767923855369,metal,7179,10.8007,0.0006597,108.0,3.7999699999999983,-8.940000000000033e-06,3.6519999999999955e-05,1.257751788863204,titanium_trial_5
147,titanium,5,21.9,1.0,1.0,4500.0,523.0,14.7007,-1.2775660939109088,-0.8219315905212248,metal,7179,10.8007,0.0006597,108.0,3.8999999999999986,-8.980000000000012e-06,3.642000000000001e-05,1.2364045158389017,titanium_trial_5
148,titanium,5,21.9,1.0,1.0,4500.0,523.0,14.80066,-1.2827532439376763,-0.8899173482841116,metal,7179,10.8007,0.0006597,108.0,3.9999599999999997,-9.000000000000002e-06,3.629999999999996e-05,1.200825727465026,titanium_trial_5
149,titanium,5,21.9,1.0,1.0,4500.0,523.0,14.9007,-1.2983146940180066,-0.946572146419861,metal,7179,10.8007,0.0006597,108.0,4.1,-9.06000000000008e-06,3.6199999999999904e-05,1.186594212115491,titanium_trial_5
150,titanium,5,21.9,1.0,1.0,4500.0,523.0,15.000700000000002,-1.2931275439912393,-1.025888863809824,metal,7179,10.8007,0.0006597,108.0,4.200000000000001,-9.04000000000009e-06,3.605999999999998e-05,1.1296681507173516,titanium_trial_5
151,titanium,5,21.9,1.0,1.0,4500.0,523.0,15.10066,-1.3086889940715414,-1.0712127023184357,metal,7179,10.8007,0.0006597,108.0,4.299959999999999,-9.100000000000059e-06,3.597999999999991e-05,1.1225523930425456,titanium_trial_5
152,titanium,5,21.9,1.0,1.0,4500.0,523.0,15.2007,-1.3190632941250762,-1.139198460081261,metal,7179,10.8007,0.0006597,108.0,4.399999999999999,-9.140000000000038e-06,3.585999999999997e-05,1.094089362343476,titanium_trial_5
153,titanium,5,21.9,1.0,1.0,4500.0,523.0,15.3007,-1.3190632941250762,-1.184522298589873,metal,7179,10.8007,0.0006597,108.0,4.5,-9.140000000000038e-06,3.5779999999999905e-05,1.0656263316443677,titanium_trial_5
154,titanium,5,21.9,1.0,1.0,4500.0,523.0,15.4007,-1.329437594178611,-1.2638390159798358,metal,7179,10.8007,0.0006597,108.0,4.6,-9.180000000000017e-06,3.563999999999998e-05,1.0300475432705307,titanium_trial_5
155,titanium,5,21.9,1.0,1.0,4500.0,523.0,15.500660000000002,-1.3398118942321458,-1.3318247737427227,metal,7179,10.8007,0.0006597,108.0,4.699960000000001,-9.219999999999996e-06,3.551999999999993e-05,1.0015845125714224,titanium_trial_5
156,titanium,5,21.9,1.0,1.0,4500.0,523.0,15.60066,-1.3501861942857087,-1.3658176526241355,metal,7179,10.8007,0.0006597,108.0,4.799959999999999,-9.260000000000084e-06,3.545999999999996e-05,0.9944687548966935,titanium_trial_5
157,titanium,5,21.9,1.0,1.0,4500.0,523.0,15.7007,-1.3449990442589415,-1.4338034103870223,metal,7179,10.8007,0.0006597,108.0,4.899999999999999,-9.240000000000094e-06,3.5339999999999916e-05,0.944658451173283,titanium_trial_5
158,titanium,5,21.9,1.0,1.0,4500.0,523.0,15.8007,-1.3553733443124762,-1.4904582085227103,metal,7179,10.8007,0.0006597,108.0,5.0,-9.280000000000074e-06,3.523999999999997e-05,0.9233111781489807,titanium_trial_5
159,titanium,5,21.9,1.0,1.0,4500.0,523.0,15.900660000000002,-1.3709347943927783,-1.5244510874041228,metal,7179,10.8007,0.0006597,108.0,5.099960000000001,-9.340000000000043e-06,3.518e-05,0.9233111781489807,titanium_trial_5
106,titanium,6,21.9,1.0,1.0,4500.0,523.0,10.60066,1.0151542179214645,0.9570290709402958,metal,7179,10.60066,0.00065956,106.0,0.0,0.0,3.9700000000000043e-05,-0.7915864214708557,titanium_trial_6
107,titanium,6,21.9,1.0,1.0,4500.0,523.0,10.70066,1.0151542179214645,0.9683600305674334,metal,7179,10.60066,0.00065956,106.0,0.09999999999999964,0.0,3.972000000000003e-05,-0.7844706637960882,titanium_trial_6
108,titanium,6,21.9,1.0,1.0,4500.0,523.0,10.8007,1.0047799178679298,0.9570290709402958,metal,7179,10.60066,0.00065956,106.0,0.20004000000000133,-3.999999999997929e-08,3.9700000000000043e-05,-0.7773549061213209,titanium_trial_6
109,titanium,6,21.9,1.0,1.0,4500.0,523.0,10.90066,0.8854754672522233,0.9456981113130968,metal,7179,10.60066,0.00065956,106.0,0.3000000000000007,-4.999999999999579e-07,3.9679999999999945e-05,-0.6208082372763989,titanium_trial_6
110,titanium,6,21.9,1.0,1.0,4500.0,523.0,11.0007,0.3875090646822713,0.8663813939231337,metal,7179,10.60066,0.00065956,106.0,0.4000400000000006,-2.420000000000048e-06,3.954000000000002e-05,0.012494195778287531,titanium_trial_6
111,titanium,6,21.9,1.0,1.0,4500.0,523.0,11.100700000000002,0.045157162915453956,0.8550504342959961,metal,7179,10.60066,0.00065956,106.0,0.500040000000002,-3.740000000000015e-06,3.952000000000003e-05,0.47501844463840154,titanium_trial_6
112,titanium,6,21.9,1.0,1.0,4500.0,523.0,11.20066,-0.1727031382088895,0.8323885150416596,metal,7179,10.60066,0.00065956,106.0,0.5999999999999996,-4.580000000000014e-06,3.947999999999994e-05,0.7596487516292142,titanium_trial_6
113,titanium,6,21.9,1.0,1.0,4500.0,523.0,11.30067,-0.32831763901199595,0.821057555414522,metal,7179,10.60066,0.00065956,106.0,0.7000100000000007,-5.180000000000028e-06,3.945999999999995e-05,0.9660057241975852,titanium_trial_6
114,titanium,6,21.9,1.0,1.0,4500.0,523.0,11.40066,-0.4476220896277025,0.8323885150416596,metal,7179,10.60066,0.00065956,106.0,0.8000000000000007,-5.640000000000007e-06,3.947999999999994e-05,1.1367839083920805,titanium_trial_6
115,titanium,6,21.9,1.0,1.0,4500.0,523.0,11.5007,-0.5461779401363394,0.821057555414522,metal,7179,10.60066,0.00065956,106.0,0.9000400000000006,-6.020000000000027e-06,3.945999999999995e-05,1.2648675465379713,titanium_trial_6
116,titanium,6,21.9,1.0,1.0,4500.0,523.0,11.60066,-0.6239851905378786,0.8097265957873845,metal,7179,10.60066,0.00065956,106.0,1.0,-6.31999999999998e-06,3.943999999999996e-05,1.3644881539847538,titanium_trial_6
117,titanium,6,21.9,1.0,1.0,4500.0,523.0,11.70066,-0.6966052909126784,0.7983956361602469,metal,7179,10.60066,0.00065956,106.0,1.0999999999999996,-6.600000000000052e-06,3.941999999999997e-05,1.4569930037568075,titanium_trial_6
118,titanium,6,21.9,1.0,1.0,4500.0,523.0,11.8007,-0.7432896411535851,0.7757337169059717,metal,7179,10.60066,0.00065956,106.0,1.2000400000000013,-6.779999999999959e-06,3.937999999999999e-05,1.5068033074801794,titanium_trial_6
119,titanium,6,21.9,1.0,1.0,4500.0,523.0,11.9007,-0.7951611414212872,0.741740838024559,metal,7179,10.60066,0.00065956,106.0,1.300040000000001,-6.979999999999964e-06,3.932000000000002e-05,1.55661361120359,titanium_trial_6
120,titanium,6,21.9,1.0,1.0,4500.0,523.0,12.0007,-0.841845491662222,0.7190789187702838,metal,7179,10.60066,0.00065956,106.0,1.4000400000000006,-7.159999999999979e-06,3.9280000000000044e-05,1.6064239149270005,titanium_trial_6
121,titanium,6,21.9,1.0,1.0,4500.0,523.0,12.10071,-0.8833426918763894,0.6850860398888097,metal,7179,10.60066,0.00065956,106.0,1.5000499999999999,-7.3200000000000045e-06,3.921999999999997e-05,1.6420027033008378,titanium_trial_6
122,titanium,6,21.9,1.0,1.0,4500.0,523.0,12.20071,-0.9196527420637893,0.6397622013802594,metal,7179,10.60066,0.00065956,106.0,1.6000500000000013,-7.46000000000004e-06,3.914000000000001e-05,1.6633499763251784,titanium_trial_6
123,titanium,6,21.9,1.0,1.0,4500.0,523.0,12.30066,-0.9455884921976263,0.6057693224988466,metal,7179,10.60066,0.00065956,106.0,1.700000000000001,-7.559999999999989e-06,3.908000000000004e-05,1.6775814916747134,titanium_trial_6
124,titanium,6,21.9,1.0,1.0,4500.0,523.0,12.40066,-0.9818985423850263,0.5491145243630974,metal,7179,10.60066,0.00065956,106.0,1.8000000000000007,-7.700000000000025e-06,3.897999999999998e-05,1.6918130070242483,titanium_trial_6
125,titanium,6,21.9,1.0,1.0,4500.0,523.0,12.500660000000002,-1.002647142492096,0.4924597262274095,metal,7179,10.60066,0.00065956,106.0,1.9000000000000021,-7.779999999999983e-06,3.8880000000000034e-05,1.6846972493494807,titanium_trial_6
126,titanium,6,21.9,1.0,1.0,4500.0,523.0,12.60066,-1.028582892625961,0.4358049280916602,metal,7179,10.60066,0.00065956,106.0,2.0,-7.88000000000004e-06,3.877999999999998e-05,1.6846972493494807,titanium_trial_6
127,titanium,6,21.9,1.0,1.0,4500.0,523.0,12.7007,-1.0493314927330306,0.37915012995597236,metal,7179,10.60066,0.00065956,106.0,2.10004,-7.959999999999998e-06,3.868000000000003e-05,1.6775814916747134,titanium_trial_6
128,titanium,6,21.9,1.0,1.0,4500.0,523.0,12.80067,-1.0752672428668957,0.32249533182022305,metal,7179,10.60066,0.00065956,106.0,2.2000100000000007,-8.060000000000055e-06,3.857999999999997e-05,1.6775814916747134,titanium_trial_6
129,titanium,6,21.9,1.0,1.0,4500.0,523.0,12.900670000000002,-1.090828692947198,0.27717149331167273,metal,7179,10.60066,0.00065956,106.0,2.300010000000002,-8.120000000000024e-06,3.8500000000000014e-05,1.670465733999946,titanium_trial_6
130,titanium,6,21.9,1.0,1.0,4500.0,523.0,13.000700000000002,-1.1115772930542676,0.18652381629451073,metal,7179,10.60066,0.00065956,106.0,2.4000400000000024,-8.199999999999982e-06,3.833999999999999e-05,1.6420027033008378,titanium_trial_6
131,titanium,6,21.9,1.0,1.0,4500.0,523.0,13.10066,-1.127138743134598,0.11853805853162387,metal,7179,10.60066,0.00065956,106.0,2.5,-8.26000000000006e-06,3.821999999999994e-05,1.6206554302765355,titanium_trial_6
132,titanium,6,21.9,1.0,1.0,4500.0,523.0,13.2007,-1.1478873432416676,0.05055230076879842,metal,7179,10.60066,0.00065956,106.0,2.60004,-8.340000000000018e-06,3.8100000000000005e-05,1.6064239149270005,titanium_trial_6
133,titanium,6,21.9,1.0,1.0,4500.0,523.0,13.3007,-1.1686359433487372,-0.006102497366950874,metal,7179,10.60066,0.00065956,106.0,2.7000400000000013,-8.419999999999977e-06,3.799999999999995e-05,1.5993081572521946,titanium_trial_6
134,titanium,6,21.9,1.0,1.0,4500.0,523.0,13.40066,-1.1738230933755045,-0.07408825512977632,metal,7179,10.60066,0.00065956,106.0,2.8000000000000007,-8.439999999999967e-06,3.788000000000001e-05,1.5637293688783573,titanium_trial_6
135,titanium,6,21.9,1.0,1.0,4500.0,523.0,13.500700000000002,-1.1841973934290675,-0.15340497251980076,metal,7179,10.60066,0.00065956,106.0,2.9000400000000024,-8.480000000000054e-06,3.7739999999999974e-05,1.5281505805045204,titanium_trial_6
136,titanium,6,21.9,1.0,1.0,4500.0,523.0,13.600700000000002,-1.204945993536137,-0.21005977065548864,metal,7179,10.60066,0.00065956,106.0,3.000040000000002,-8.560000000000013e-06,3.7640000000000026e-05,1.5210348228297528,titanium_trial_6
137,titanium,6,21.9,1.0,1.0,4500.0,523.0,13.7007,-1.2101331435629046,-0.26671456879123795,metal,7179,10.60066,0.00065956,106.0,3.10004,-8.580000000000003e-06,3.753999999999997e-05,1.4925717921306445,titanium_trial_6
138,titanium,6,21.9,1.0,1.0,4500.0,523.0,13.8007,-1.2256945936432067,-0.3573622458083999,metal,7179,10.60066,0.00065956,106.0,3.2000400000000013,-8.639999999999971e-06,3.7379999999999944e-05,1.4569930037567689,titanium_trial_6
139,titanium,6,21.9,1.0,1.0,4500.0,523.0,13.9007,-1.2360688936967696,-0.41401704394408784,metal,7179,10.60066,0.00065956,106.0,3.300040000000001,-8.68000000000006e-06,3.7279999999999995e-05,1.4356457307325052,titanium_trial_6
140,titanium,6,21.9,1.0,1.0,4500.0,523.0,14.000710000000002,-1.2412560437235372,-0.4820028017069747,metal,7179,10.60066,0.00065956,106.0,3.400050000000002,-8.700000000000049e-06,3.715999999999995e-05,1.4000669423586296,titanium_trial_6
141,titanium,6,21.9,1.0,1.0,4500.0,523.0,14.10067,-1.2568174938038392,-0.5499885594698002,metal,7179,10.60066,0.00065956,106.0,3.5000099999999996,-8.760000000000018e-06,3.704000000000001e-05,1.3787196693343273,titanium_trial_6
142,titanium,6,21.9,1.0,1.0,4500.0,523.0,14.2007,-1.2723789438841415,-0.617974317232687,metal,7179,10.60066,0.00065956,106.0,3.60004,-8.819999999999987e-06,3.6919999999999965e-05,1.3573723963099864,titanium_trial_6
143,titanium,6,21.9,1.0,1.0,4500.0,523.0,14.30066,-1.2775660939109088,-0.6859600749955125,metal,7179,10.60066,0.00065956,106.0,3.700000000000001,-8.839999999999976e-06,3.680000000000003e-05,1.3217936079361492,titanium_trial_6
144,titanium,6,21.9,1.0,1.0,4500.0,523.0,14.4007,-1.2827532439376763,-0.7426148731312617,metal,7179,10.60066,0.00065956,106.0,3.800040000000001,-8.859999999999966e-06,3.669999999999997e-05,1.293330577237041,titanium_trial_6
145,titanium,6,21.9,1.0,1.0,4500.0,523.0,14.500700000000002,-1.2931275439912393,-0.8219315905212248,metal,7179,10.60066,0.00065956,106.0,3.9000400000000024,-8.900000000000054e-06,3.656000000000004e-05,1.2577517888632426,titanium_trial_6
146,titanium,6,21.9,1.0,1.0,4500.0,523.0,14.600700000000002,-1.303501844044774,-0.8899173482841116,metal,7179,10.60066,0.00065956,106.0,4.000040000000002,-8.940000000000033e-06,3.644e-05,1.2292887581641343,titanium_trial_6
147,titanium,6,21.9,1.0,1.0,4500.0,523.0,14.70066,-1.3138761440983089,-0.9352411867926619,metal,7179,10.60066,0.00065956,106.0,4.1,-8.980000000000012e-06,3.636000000000004e-05,1.2150572428145994,titanium_trial_6
148,titanium,6,21.9,1.0,1.0,4500.0,523.0,14.80066,-1.3138761440983089,-0.9918959849284112,metal,7179,10.60066,0.00065956,106.0,4.200000000000001,-8.980000000000012e-06,3.625999999999998e-05,1.1794784544407237,titanium_trial_6
149,titanium,6,21.9,1.0,1.0,4500.0,523.0,14.900660000000002,-1.329437594178611,-1.0938746215727109,metal,7179,10.60066,0.00065956,106.0,4.3000000000000025,-9.039999999999981e-06,3.6079999999999966e-05,1.1367839083920805,titanium_trial_6
150,titanium,6,21.9,1.0,1.0,4500.0,523.0,15.00067,-1.3398118942321458,-1.139198460081261,metal,7179,10.60066,0.00065956,106.0,4.40001,-9.07999999999996e-06,3.600000000000001e-05,1.1225523930425456,titanium_trial_6
151,titanium,6,21.9,1.0,1.0,4500.0,523.0,15.100700000000002,-1.3398118942321458,-1.184522298589873,metal,7179,10.60066,0.00065956,106.0,4.500040000000002,-9.07999999999996e-06,3.591999999999994e-05,1.0940893623434373,titanium_trial_6
152,titanium,6,21.9,1.0,1.0,4500.0,523.0,15.20066,-1.3501861942857087,-1.2525080563526982,metal,7179,10.60066,0.00065956,106.0,4.6,-9.120000000000048e-06,3.58e-05,1.0656263316444063,titanium_trial_6
153,titanium,6,21.9,1.0,1.0,4500.0,523.0,15.3007,-1.3553733443124762,-1.2978318948612486,metal,7179,10.60066,0.00065956,106.0,4.700040000000001,-9.140000000000038e-06,3.5720000000000044e-05,1.044279058620104,titanium_trial_6
154,titanium,6,21.9,1.0,1.0,4500.0,523.0,15.400660000000002,-1.365747644366011,-1.3544866929969979,metal,7179,10.60066,0.00065956,106.0,4.8000000000000025,-9.180000000000017e-06,3.561999999999999e-05,1.0229317855957631,titanium_trial_6
155,titanium,6,21.9,1.0,1.0,4500.0,523.0,15.500660000000002,-1.3709347943927783,-1.4224724507598847,metal,7179,10.60066,0.00065956,106.0,4.900000000000002,-9.200000000000007e-06,3.549999999999994e-05,0.9873529972218875,titanium_trial_6
156,titanium,6,21.9,1.0,1.0,4500.0,523.0,15.600700000000002,-1.3761219444195458,-1.467796289268435,metal,7179,10.60066,0.00065956,106.0,5.000040000000002,-9.219999999999996e-06,3.541999999999998e-05,0.9660057241975852,titanium_trial_6
147,wood,1,0.1,1.0,1.0,650.0,1700.0,14.70067,1.1655815686978037,0.4358049280916602,composite,332,14.70067,0.00066014,147.0,0.0,0.0,3.819999999999995e-05,-1.3252682470787212,wood_trial_1
148,wood,1,0.1,1.0,1.0,650.0,1700.0,14.80066,1.1603944186710362,0.4131430088373851,composite,332,14.70067,0.00066014,147.0,0.09999000000000002,-1.9999999999989644e-08,3.8159999999999973e-05,-1.3323840047534885,wood_trial_1
149,wood,1,0.1,1.0,1.0,650.0,1700.0,14.900660000000002,1.1915173188316408,0.4358049280916602,composite,332,14.70067,0.00066014,147.0,0.19999000000000144,9.999999999994822e-08,3.819999999999995e-05,-1.3608470354525581,wood_trial_1
150,wood,1,0.1,1.0,1.0,650.0,1700.0,15.000700000000002,1.1292715185104036,0.36781917032883477,composite,332,14.70067,0.00066014,147.0,0.30003000000000135,-1.4000000000003593e-07,3.8080000000000015e-05,-1.3181524894039152,wood_trial_1
151,wood,1,0.1,1.0,1.0,650.0,1700.0,15.10066,1.0774000182427015,0.36781917032883477,composite,332,14.70067,0.00066014,147.0,0.39998999999999896,-3.400000000000408e-07,3.8080000000000015e-05,-1.2469949126562023,wood_trial_1
152,wood,1,0.1,1.0,1.0,650.0,1700.0,15.2007,1.0410899680553016,0.3904810895831099,composite,332,14.70067,0.00066014,147.0,0.5000299999999989,-4.800000000000767e-07,3.8119999999999994e-05,-1.1829530935832568,wood_trial_1
153,wood,1,0.1,1.0,1.0,650.0,1700.0,15.3007,1.020341367948232,0.3904810895831099,composite,332,14.70067,0.00066014,147.0,0.6000300000000003,-5.600000000000353e-07,3.8119999999999994e-05,-1.1544900628841872,wood_trial_1
154,wood,1,0.1,1.0,1.0,650.0,1700.0,15.4007,0.9995927678411625,0.3564882107016358,composite,332,14.70067,0.00066014,147.0,0.7000299999999999,-6.399999999999939e-07,3.805999999999992e-05,-1.1473743052094583,wood_trial_1
155,wood,1,0.1,1.0,1.0,650.0,1700.0,15.500660000000002,0.9840313177608321,0.36781917032883477,composite,332,14.70067,0.00066014,147.0,0.7999900000000011,-7.000000000000712e-07,3.8080000000000015e-05,-1.1189112745103116,wood_trial_1
156,wood,1,0.1,1.0,1.0,650.0,1700.0,15.60066,0.9684698676805299,0.3564882107016358,composite,332,14.70067,0.00066014,147.0,0.899989999999999,-7.600000000000402e-07,3.805999999999992e-05,-1.1046797591608153,wood_trial_1
157,wood,1,0.1,1.0,1.0,650.0,1700.0,15.70066,0.9580955676269951,0.3564882107016358,composite,332,14.70067,0.00066014,147.0,0.9999899999999986,-8.000000000000194e-07,3.805999999999992e-05,-1.0904482438112804,wood_trial_1
158,wood,1,0.1,1.0,1.0,650.0,1700.0,15.80066,0.9477212675734602,0.3564882107016358,composite,332,14.70067,0.00066014,147.0,1.09999,-8.399999999999987e-07,3.805999999999992e-05,-1.0762167284617454,wood_trial_1
159,wood,1,0.1,1.0,1.0,650.0,1700.0,15.900660000000002,0.9425341175466928,0.3564882107016358,composite,332,14.70067,0.00066014,147.0,1.1999900000000014,-8.599999999999884e-07,3.805999999999992e-05,-1.069100970786978,wood_trial_1
160,wood,1,0.1,1.0,1.0,650.0,1700.0,16.000700000000002,0.9321598174931299,0.32249533182022305,composite,332,14.70067,0.00066014,147.0,1.3000300000000014,-9.000000000000761e-07,3.799999999999995e-05,-1.076216728461707,wood_trial_1
161,wood,1,0.1,1.0,1.0,650.0,1700.0,16.1007,0.9321598174931299,0.32249533182022305,composite,332,14.70067,0.00066014,147.0,1.4000299999999992,-9.000000000000761e-07,3.799999999999995e-05,-1.076216728461707,wood_trial_1
162,wood,1,0.1,1.0,1.0,650.0,1700.0,16.200660000000003,0.9269726674663625,0.32249533182022305,composite,332,14.70067,0.00066014,147.0,1.4999900000000022,-9.200000000000657e-07,3.799999999999995e-05,-1.0691009707869394,wood_trial_1
163,wood,1,0.1,1.0,1.0,650.0,1700.0,16.300700000000003,0.9165983674128277,0.2998334125659479,composite,332,14.70067,0.00066014,147.0,1.600030000000002,-9.60000000000045e-07,3.795999999999997e-05,-1.0691009707869394,wood_trial_1
164,wood,1,0.1,1.0,1.0,650.0,1700.0,16.400660000000002,0.9165983674128277,0.2885024529388103,composite,332,14.70067,0.00066014,147.0,1.6999900000000014,-9.60000000000045e-07,3.793999999999998e-05,-1.076216728461707,wood_trial_1
165,wood,1,0.1,1.0,1.0,650.0,1700.0,16.500700000000002,0.9010369173325256,0.2885024529388103,composite,332,14.70067,0.00066014,147.0,1.8000300000000014,-1.020000000000014e-06,3.793999999999998e-05,-1.0548694554374047,wood_trial_1
166,wood,1,0.1,1.0,1.0,650.0,1700.0,16.60067,0.906224067359293,0.2885024529388103,composite,332,14.70067,0.00066014,147.0,1.9000000000000004,-1.0000000000000243e-06,3.793999999999998e-05,-1.061985213112172,wood_trial_1
167,wood,1,0.1,1.0,1.0,650.0,1700.0,16.700670000000002,0.9010369173325256,0.27717149331167273,composite,332,14.70067,0.00066014,147.0,2.0000000000000018,-1.020000000000014e-06,3.791999999999999e-05,-1.061985213112172,wood_trial_1
168,wood,1,0.1,1.0,1.0,650.0,1700.0,16.80067,0.895849767305758,0.27717149331167273,composite,332,14.70067,0.00066014,147.0,2.0999999999999996,-1.0400000000000036e-06,3.791999999999999e-05,-1.0548694554374047,wood_trial_1
169,wood,1,0.1,1.0,1.0,650.0,1700.0,16.900660000000002,0.8906626172789907,0.2658405336845352,composite,332,14.70067,0.00066014,147.0,2.1999900000000014,-1.0599999999999932e-06,3.79e-05,-1.0548694554374047,wood_trial_1
170,wood,1,0.1,1.0,1.0,650.0,1700.0,17.000670000000003,0.895849767305758,0.2545095740573976,composite,332,14.70067,0.00066014,147.0,2.3000000000000025,-1.0400000000000036e-06,3.788000000000001e-05,-1.0691009707869394,wood_trial_1
171,wood,1,0.1,1.0,1.0,650.0,1700.0,17.1007,0.8906626172789907,0.22051669517592346,composite,332,14.70067,0.00066014,147.0,2.400029999999999,-1.0599999999999932e-06,3.781999999999993e-05,-1.083332486136513,wood_trial_1
172,wood,1,0.1,1.0,1.0,650.0,1700.0,17.2007,0.8854754672522233,0.22051669517592346,composite,332,14.70067,0.00066014,147.0,2.5000300000000006,-1.0799999999999829e-06,3.781999999999993e-05,-1.0762167284617454,wood_trial_1
173,wood,1,0.1,1.0,1.0,650.0,1700.0,17.30066,0.8751011671986604,0.22051669517592346,composite,332,14.70067,0.00066014,147.0,2.59999,-1.1200000000000706e-06,3.781999999999993e-05,-1.061985213112172,wood_trial_1
174,wood,1,0.1,1.0,1.0,650.0,1700.0,17.400660000000002,0.8802883172254278,0.2091857355487859,composite,332,14.70067,0.00066014,147.0,2.6999900000000014,-1.100000000000081e-06,3.779999999999994e-05,-1.076216728461707,wood_trial_1
175,wood,1,0.1,1.0,1.0,650.0,1700.0,17.500700000000002,0.8751011671986604,0.19785477592164832,composite,332,14.70067,0.00066014,147.0,2.8000300000000014,-1.1200000000000706e-06,3.777999999999995e-05,-1.076216728461707,wood_trial_1
176,wood,1,0.1,1.0,1.0,650.0,1700.0,17.6007,0.869914017171893,0.1638618970402356,composite,332,14.70067,0.00066014,147.0,2.900029999999999,-1.1400000000000602e-06,3.7719999999999984e-05,-1.0904482438112417,wood_trial_1
177,wood,1,0.1,1.0,1.0,650.0,1700.0,17.700670000000002,0.8751011671986604,0.18652381629451073,composite,332,14.70067,0.00066014,147.0,3.0000000000000018,-1.1200000000000706e-06,3.7759999999999964e-05,-1.0833324861364744,wood_trial_1
178,wood,1,0.1,1.0,1.0,650.0,1700.0,17.800700000000003,0.869914017171893,0.1638618970402356,composite,332,14.70067,0.00066014,147.0,3.100030000000002,-1.1400000000000602e-06,3.7719999999999984e-05,-1.0904482438112417,wood_trial_1
179,wood,1,0.1,1.0,1.0,650.0,1700.0,17.9007,0.8647268671451256,0.152530937413098,composite,332,14.70067,0.00066014,147.0,3.20003,-1.1600000000000499e-06,3.7699999999999995e-05,-1.0904482438112417,wood_trial_1
180,wood,1,0.1,1.0,1.0,650.0,1700.0,18.00066,0.8647268671451256,0.12986901815882287,composite,332,14.70067,0.00066014,147.0,3.2999899999999993,-1.1600000000000499e-06,3.7660000000000016e-05,-1.1046797591607767,wood_trial_1
181,wood,1,0.1,1.0,1.0,650.0,1700.0,18.10066,0.8595397171183582,0.10720709890448629,composite,332,14.70067,0.00066014,147.0,3.3999900000000007,-1.1800000000000395e-06,3.761999999999993e-05,-1.1117955168355826,wood_trial_1
182,wood,1,0.1,1.0,1.0,650.0,1700.0,18.200660000000003,0.8595397171183582,0.10720709890448629,composite,332,14.70067,0.00066014,147.0,3.499990000000002,-1.1800000000000395e-06,3.761999999999993e-05,-1.1117955168355826,wood_trial_1
183,wood,1,0.1,1.0,1.0,650.0,1700.0,18.30066,0.8595397171183582,0.11853805853162387,composite,332,14.70067,0.00066014,147.0,3.59999,-1.1800000000000395e-06,3.763999999999992e-05,-1.1046797591608153,wood_trial_1
184,wood,1,0.1,1.0,1.0,650.0,1700.0,18.40066,0.8595397171183582,0.08454517965021115,composite,332,14.70067,0.00066014,147.0,3.699989999999998,-1.1800000000000395e-06,3.757999999999995e-05,-1.1260270321851176,wood_trial_1
185,wood,1,0.1,1.0,1.0,650.0,1700.0,18.50066,0.8595397171183582,0.08454517965021115,composite,332,14.70067,0.00066014,147.0,3.7999899999999993,-1.1800000000000395e-06,3.757999999999995e-05,-1.1260270321851176,wood_trial_1
186,wood,1,0.1,1.0,1.0,650.0,1700.0,18.6007,0.8543525670915908,0.08454517965021115,composite,332,14.70067,0.00066014,147.0,3.900029999999999,-1.2000000000000292e-06,3.757999999999995e-05,-1.11891127451035,wood_trial_1
187,wood,1,0.1,1.0,1.0,650.0,1700.0,18.7007,0.8491654170648233,0.07321422002307357,composite,332,14.70067,0.00066014,147.0,4.000030000000001,-1.2200000000000188e-06,3.755999999999996e-05,-1.11891127451035,wood_trial_1
188,wood,1,0.1,1.0,1.0,650.0,1700.0,18.800700000000003,0.8491654170648233,0.061883260395935995,composite,332,14.70067,0.00066014,147.0,4.100030000000002,-1.2200000000000188e-06,3.753999999999997e-05,-1.1260270321851176,wood_trial_1
189,wood,1,0.1,1.0,1.0,650.0,1700.0,18.90066,0.8491654170648233,0.03922134114166085,composite,332,14.70067,0.00066014,147.0,4.199989999999998,-1.2200000000000188e-06,3.749999999999999e-05,-1.1402585475346523,wood_trial_1
190,wood,1,0.1,1.0,1.0,650.0,1700.0,19.00066,0.8439782670380559,0.03922134114166085,composite,332,14.70067,0.00066014,147.0,4.299989999999999,-1.2400000000000085e-06,3.749999999999999e-05,-1.133142789859885,wood_trial_1
191,wood,1,0.1,1.0,1.0,650.0,1700.0,19.1007,0.8491654170648233,0.0165594218873857,composite,332,14.70067,0.00066014,147.0,4.400029999999999,-1.2200000000000188e-06,3.746000000000001e-05,-1.1544900628841872,wood_trial_1
192,wood,1,0.1,1.0,1.0,650.0,1700.0,19.20067,0.8387911170112885,0.027890381514523273,composite,332,14.70067,0.00066014,147.0,4.499999999999998,-1.259999999999998e-06,3.748e-05,-1.133142789859885,wood_trial_1
193,wood,1,0.1,1.0,1.0,650.0,1700.0,19.30066,0.8387911170112885,-0.006102497366950874,composite,332,14.70067,0.00066014,147.0,4.59999,-1.259999999999998e-06,3.741999999999992e-05,-1.1544900628842258,wood_trial_1
194,wood,1,0.1,1.0,1.0,650.0,1700.0,19.40067,0.8387911170112885,0.005228462260248125,composite,332,14.70067,0.00066014,147.0,4.700000000000001,-1.259999999999998e-06,3.744000000000002e-05,-1.1473743052094199,wood_trial_1
195,wood,1,0.1,1.0,1.0,650.0,1700.0,19.50066,0.8387911170112885,-0.017433456994088447,composite,332,14.70067,0.00066014,147.0,4.799989999999999,-1.259999999999998e-06,3.739999999999993e-05,-1.1616058205589932,wood_trial_1
196,wood,1,0.1,1.0,1.0,650.0,1700.0,19.600700000000003,0.8336039669845211,-0.006102497366950874,composite,332,14.70067,0.00066014,147.0,4.900030000000003,-1.2799999999999877e-06,3.741999999999992e-05,-1.1473743052094583,wood_trial_1
197,wood,1,0.1,1.0,1.0,650.0,1700.0,19.7007,0.8336039669845211,-0.028764416621226023,composite,332,14.70067,0.00066014,147.0,5.000030000000001,-1.2799999999999877e-06,3.7379999999999944e-05,-1.1616058205589932,wood_trial_1
101,wood,2,0.1,1.0,1.0,650.0,1700.0,10.10066,1.170768718724571,0.4471358877187978,composite,332,10.10066,0.00066016,101.0,0.0,0.0,3.819999999999995e-05,-1.3252682470787212,wood_trial_2
102,wood,2,0.1,1.0,1.0,650.0,1700.0,10.2007,1.170768718724571,0.46979780697307294,composite,332,10.10066,0.00066016,101.0,0.1000399999999999,0.0,3.823999999999993e-05,-1.3110367317291862,wood_trial_2
103,wood,2,0.1,1.0,1.0,650.0,1700.0,10.3007,1.1863301688048733,0.45846684734593535,composite,332,10.10066,0.00066016,101.0,0.20004000000000133,5.999999999996893e-08,3.821999999999994e-05,-1.3394997624282559,wood_trial_2
104,wood,2,0.1,1.0,1.0,650.0,1700.0,10.400670000000002,1.0929614683230038,0.4358049280916602,composite,332,10.10066,0.00066016,101.0,0.3000100000000021,-3.000000000000615e-07,3.817999999999996e-05,-1.2256476396319,wood_trial_2
105,wood,2,0.1,1.0,1.0,650.0,1700.0,10.500660000000002,1.0410899680553016,0.4131430088373851,composite,332,10.10066,0.00066016,101.0,0.40000000000000213,-5.000000000000664e-07,3.8139999999999984e-05,-1.168721578233722,wood_trial_2
106,wood,2,0.1,1.0,1.0,650.0,1700.0,10.60066,1.0099670678946973,0.4244739684645226,composite,332,10.10066,0.00066016,101.0,0.5,-6.200000000000042e-07,3.8159999999999973e-05,-1.11891127451035,wood_trial_2
107,wood,2,0.1,1.0,1.0,650.0,1700.0,10.7007,0.9736570177072973,0.4244739684645226,composite,332,10.10066,0.00066016,101.0,0.6000399999999999,-7.600000000000402e-07,3.8159999999999973e-05,-1.0691009707869394,wood_trial_2
108,wood,2,0.1,1.0,1.0,650.0,1700.0,10.8007,0.9684698676805299,0.4018120492102475,composite,332,10.10066,0.00066016,101.0,0.7000400000000013,-7.800000000000298e-07,3.8119999999999994e-05,-1.076216728461707,wood_trial_2
109,wood,2,0.1,1.0,1.0,650.0,1700.0,10.9007,0.9425341175466928,0.4131430088373851,composite,332,10.10066,0.00066016,101.0,0.800040000000001,-8.79999999999978e-07,3.8139999999999984e-05,-1.0335221824131025,wood_trial_2
110,wood,2,0.1,1.0,1.0,650.0,1700.0,11.0007,0.9321598174931299,0.4131430088373851,composite,332,10.10066,0.00066016,101.0,0.9000400000000006,-9.200000000000657e-07,3.8139999999999984e-05,-1.0192906670635289,wood_trial_2
111,wood,2,0.1,1.0,1.0,650.0,1700.0,11.100700000000002,0.9217855174395951,0.3904810895831099,composite,332,10.10066,0.00066016,101.0,1.000040000000002,-9.60000000000045e-07,3.8100000000000005e-05,-1.0192906670635289,wood_trial_2
112,wood,2,0.1,1.0,1.0,650.0,1700.0,11.20067,0.9165983674128277,0.4018120492102475,composite,332,10.10066,0.00066016,101.0,1.100010000000001,-9.800000000000347e-07,3.8119999999999994e-05,-1.0050591517139942,wood_trial_2
113,wood,2,0.1,1.0,1.0,650.0,1700.0,11.30067,0.906224067359293,0.3904810895831099,composite,332,10.10066,0.00066016,101.0,1.2000100000000007,-1.020000000000014e-06,3.8100000000000005e-05,-0.9979433940392267,wood_trial_2
114,wood,2,0.1,1.0,1.0,650.0,1700.0,11.40066,0.9010369173325256,0.3904810895831099,composite,332,10.10066,0.00066016,101.0,1.3000000000000007,-1.0400000000000036e-06,3.8100000000000005e-05,-0.9908276363644593,wood_trial_2
115,wood,2,0.1,1.0,1.0,650.0,1700.0,11.500660000000002,0.895849767305758,0.36781917032883477,composite,332,10.10066,0.00066016,101.0,1.4000000000000021,-1.0599999999999932e-06,3.8060000000000025e-05,-0.9979433940392267,wood_trial_2
116,wood,2,0.1,1.0,1.0,650.0,1700.0,11.600700000000002,0.8906626172789907,0.36781917032883477,composite,332,10.10066,0.00066016,101.0,1.500040000000002,-1.0799999999999829e-06,3.8060000000000025e-05,-0.9908276363644593,wood_trial_2
117,wood,2,0.1,1.0,1.0,650.0,1700.0,11.70066,0.8802883172254278,0.3564882107016358,composite,332,10.10066,0.00066016,101.0,1.5999999999999996,-1.1200000000000706e-06,3.803999999999993e-05,-0.9837118786896919,wood_trial_2
118,wood,2,0.1,1.0,1.0,650.0,1700.0,11.80066,0.8751011671986604,0.36781917032883477,composite,332,10.10066,0.00066016,101.0,1.700000000000001,-1.1400000000000602e-06,3.8060000000000025e-05,-0.9694803633401184,wood_trial_2
119,wood,2,0.1,1.0,1.0,650.0,1700.0,11.90066,0.8751011671986604,0.33382629144736065,composite,332,10.10066,0.00066016,101.0,1.8000000000000007,-1.1400000000000602e-06,3.799999999999995e-05,-0.9908276363644593,wood_trial_2
120,wood,2,0.1,1.0,1.0,650.0,1700.0,12.0007,0.869914017171893,0.3451572510744982,composite,332,10.10066,0.00066016,101.0,1.9000400000000006,-1.1600000000000499e-06,3.801999999999994e-05,-0.9765961210149244,wood_trial_2
121,wood,2,0.1,1.0,1.0,650.0,1700.0,12.10067,0.869914017171893,0.32249533182022305,composite,332,10.10066,0.00066016,101.0,2.0000099999999996,-1.1600000000000499e-06,3.797999999999996e-05,-0.9908276363644593,wood_trial_2
122,wood,2,0.1,1.0,1.0,650.0,1700.0,12.2007,0.869914017171893,0.31116437219308546,composite,332,10.10066,0.00066016,101.0,2.10004,-1.1600000000000499e-06,3.795999999999997e-05,-0.9979433940392267,wood_trial_2
123,wood,2,0.1,1.0,1.0,650.0,1700.0,12.3007,0.8595397171183582,0.2885024529388103,composite,332,10.10066,0.00066016,101.0,2.2000400000000013,-1.2000000000000292e-06,3.791999999999999e-05,-0.9979433940392267,wood_trial_2
124,wood,2,0.1,1.0,1.0,650.0,1700.0,12.4007,0.8543525670915908,0.2998334125659479,composite,332,10.10066,0.00066016,101.0,2.300040000000001,-1.2200000000000188e-06,3.793999999999998e-05,-0.9837118786896919,wood_trial_2
125,wood,2,0.1,1.0,1.0,650.0,1700.0,12.500660000000002,0.8439782670380559,0.27717149331167273,composite,332,10.10066,0.00066016,101.0,2.400000000000002,-1.259999999999998e-06,3.79e-05,-0.9837118786896919,wood_trial_2
126,wood,2,0.1,1.0,1.0,650.0,1700.0,12.600700000000002,0.8491654170648233,0.2658405336845352,composite,332,10.10066,0.00066016,101.0,2.500040000000002,-1.2400000000000085e-06,3.788000000000001e-05,-0.9979433940392267,wood_trial_2
127,wood,2,0.1,1.0,1.0,650.0,1700.0,12.7007,0.8439782670380559,0.2658405336845352,composite,332,10.10066,0.00066016,101.0,2.60004,-1.259999999999998e-06,3.788000000000001e-05,-0.9908276363644593,wood_trial_2
128,wood,2,0.1,1.0,1.0,650.0,1700.0,12.80066,0.8491654170648233,0.2545095740573976,composite,332,10.10066,0.00066016,101.0,2.700000000000001,-1.2400000000000085e-06,3.786000000000002e-05,-1.0050591517139942,wood_trial_2
129,wood,2,0.1,1.0,1.0,650.0,1700.0,12.9007,0.8439782670380559,0.23184765480306102,composite,332,10.10066,0.00066016,101.0,2.800040000000001,-1.259999999999998e-06,3.781999999999993e-05,-1.0121749093888002,wood_trial_2
130,wood,2,0.1,1.0,1.0,650.0,1700.0,13.000660000000002,0.8336039669845211,0.2091857355487859,composite,332,10.10066,0.00066016,101.0,2.900000000000002,-1.2999999999999774e-06,3.777999999999995e-05,-1.0121749093888002,wood_trial_2
131,wood,2,0.1,1.0,1.0,650.0,1700.0,13.100700000000002,0.8336039669845211,0.2091857355487859,composite,332,10.10066,0.00066016,101.0,3.000040000000002,-1.2999999999999774e-06,3.777999999999995e-05,-1.0121749093888002,wood_trial_2
132,wood,2,0.1,1.0,1.0,650.0,1700.0,13.20067,0.8336039669845211,0.2091857355487859,composite,332,10.10066,0.00066016,101.0,3.100010000000001,-1.2999999999999774e-06,3.777999999999995e-05,-1.0121749093888002,wood_trial_2
133,wood,2,0.1,1.0,1.0,650.0,1700.0,13.3007,0.8284168169577256,0.19785477592164832,composite,332,10.10066,0.00066016,101.0,3.2000400000000013,-1.3200000000000755e-06,3.7759999999999964e-05,-1.0121749093887615,wood_trial_2
134,wood,2,0.1,1.0,1.0,650.0,1700.0,13.4007,0.8284168169577256,0.18652381629451073,composite,332,10.10066,0.00066016,101.0,3.300040000000001,-1.3200000000000755e-06,3.7739999999999974e-05,-1.0192906670635289,wood_trial_2
135,wood,2,0.1,1.0,1.0,650.0,1700.0,13.500700000000002,0.8232296669309582,0.1638618970402356,composite,332,10.10066,0.00066016,101.0,3.4000400000000024,-1.340000000000065e-06,3.7699999999999995e-05,-1.0264064247382965,wood_trial_2
136,wood,2,0.1,1.0,1.0,650.0,1700.0,13.60066,0.8232296669309582,0.18652381629451073,composite,332,10.10066,0.00066016,101.0,3.5,-1.340000000000065e-06,3.7739999999999974e-05,-1.0121749093887615,wood_trial_2
137,wood,2,0.1,1.0,1.0,650.0,1700.0,13.70066,0.8180425169041908,0.152530937413098,composite,332,10.10066,0.00066016,101.0,3.5999999999999996,-1.3600000000000547e-06,3.7680000000000005e-05,-1.0264064247382965,wood_trial_2
138,wood,2,0.1,1.0,1.0,650.0,1700.0,13.80066,0.8180425169041908,0.14119997778596044,composite,332,10.10066,0.00066016,101.0,3.700000000000001,-1.3600000000000547e-06,3.7660000000000016e-05,-1.0335221824130638,wood_trial_2
139,wood,2,0.1,1.0,1.0,650.0,1700.0,13.9007,0.8180425169041908,0.11853805853162387,composite,332,10.10066,0.00066016,101.0,3.800040000000001,-1.3600000000000547e-06,3.761999999999993e-05,-1.0477536977626372,wood_trial_2
140,wood,2,0.1,1.0,1.0,650.0,1700.0,14.000660000000002,0.8180425169041908,0.14119997778596044,composite,332,10.10066,0.00066016,101.0,3.900000000000002,-1.3600000000000547e-06,3.7660000000000016e-05,-1.0335221824130638,wood_trial_2
141,wood,2,0.1,1.0,1.0,650.0,1700.0,14.100700000000002,0.8180425169041908,0.11853805853162387,composite,332,10.10066,0.00066016,101.0,4.000040000000002,-1.3600000000000547e-06,3.761999999999993e-05,-1.0477536977626372,wood_trial_2
142,wood,2,0.1,1.0,1.0,650.0,1700.0,14.2007,0.8180425169041908,0.09587613927734871,composite,332,10.10066,0.00066016,101.0,4.10004,-1.3600000000000547e-06,3.757999999999995e-05,-1.061985213112172,wood_trial_2
143,wood,2,0.1,1.0,1.0,650.0,1700.0,14.3007,0.8128553668774234,0.10720709890448629,composite,332,10.10066,0.00066016,101.0,4.200040000000001,-1.3800000000000444e-06,3.759999999999994e-05,-1.0477536977626372,wood_trial_2
144,wood,2,0.1,1.0,1.0,650.0,1700.0,14.4007,0.8128553668774234,0.09587613927734871,composite,332,10.10066,0.00066016,101.0,4.300040000000001,-1.3800000000000444e-06,3.757999999999995e-05,-1.0548694554374047,wood_trial_2
145,wood,2,0.1,1.0,1.0,650.0,1700.0,14.500660000000002,0.8128553668774234,0.07321422002307357,composite,332,10.10066,0.00066016,101.0,4.400000000000002,-1.3800000000000444e-06,3.753999999999997e-05,-1.0691009707869394,wood_trial_2
146,wood,2,0.1,1.0,1.0,650.0,1700.0,14.60066,0.8024810668238886,0.061883260395935995,composite,332,10.10066,0.00066016,101.0,4.5,-1.4200000000000237e-06,3.751999999999998e-05,-1.061985213112172,wood_trial_2
147,wood,2,0.1,1.0,1.0,650.0,1700.0,14.7007,0.8024810668238886,0.05055230076879842,composite,332,10.10066,0.00066016,101.0,4.60004,-1.4200000000000237e-06,3.749999999999999e-05,-1.0691009707869394,wood_trial_2
148,wood,2,0.1,1.0,1.0,650.0,1700.0,14.80066,0.8024810668238886,0.061883260395935995,composite,332,10.10066,0.00066016,101.0,4.700000000000001,-1.4200000000000237e-06,3.751999999999998e-05,-1.061985213112172,wood_trial_2
149,wood,2,0.1,1.0,1.0,650.0,1700.0,14.9007,0.807668216850656,0.027890381514523273,composite,332,10.10066,0.00066016,101.0,4.800040000000001,-1.400000000000034e-06,3.746000000000001e-05,-1.0904482438112417,wood_trial_2
150,wood,2,0.1,1.0,1.0,650.0,1700.0,15.000660000000002,0.7972939167971211,0.03922134114166085,composite,332,10.10066,0.00066016,101.0,4.900000000000002,-1.4400000000000133e-06,3.748e-05,-1.0691009707869394,wood_trial_2
151,wood,2,0.1,1.0,1.0,650.0,1700.0,15.100700000000002,0.7972939167971211,0.0165594218873857,composite,332,10.10066,0.00066016,101.0,5.000040000000002,-1.4400000000000133e-06,3.744000000000002e-05,-1.0833324861364744,wood_trial_2
96,wood,3,0.1,1.0,1.0,650.0,1700.0,9.6007,1.196704468858408,0.5151216454816847,composite,332,9.6007,0.00066026,96.0,0.0,0.0,3.822000000000005e-05,-1.3181524894039152,wood_trial_3
97,wood,3,0.1,1.0,1.0,650.0,1700.0,9.7007,1.2018916188851756,0.5151216454816847,composite,332,9.6007,0.00066026,96.0,0.09999999999999964,1.9999999999989644e-08,3.822000000000005e-05,-1.3252682470786825,wood_trial_3
98,wood,3,0.1,1.0,1.0,650.0,1700.0,9.8007,1.196704468858408,0.5151216454816847,composite,332,9.6007,0.00066026,96.0,0.20000000000000107,0.0,3.822000000000005e-05,-1.3181524894039152,wood_trial_3
99,wood,3,0.1,1.0,1.0,650.0,1700.0,9.9007,1.170768718724571,0.5151216454816847,composite,332,9.6007,0.00066026,96.0,0.3000000000000007,-9.999999999994822e-08,3.822000000000005e-05,-1.282573701030078,wood_trial_3
100,wood,3,0.1,1.0,1.0,650.0,1700.0,10.0007,1.082587168269469,0.4924597262274095,composite,332,9.6007,0.00066026,96.0,0.40000000000000036,-4.39999999999989e-07,3.818000000000007e-05,-1.1758373359084895,wood_trial_3
101,wood,3,0.1,1.0,1.0,650.0,1700.0,10.100700000000002,1.0462771180820971,0.48112876660027193,composite,332,9.6007,0.00066026,96.0,0.5000000000000018,-5.799999999999165e-07,3.816000000000008e-05,-1.133142789859885,wood_trial_3
102,wood,3,0.1,1.0,1.0,650.0,1700.0,10.2007,1.0099670678946973,0.48112876660027193,composite,332,9.6007,0.00066026,96.0,0.5999999999999996,-7.199999999999524e-07,3.816000000000008e-05,-1.0833324861364744,wood_trial_3
103,wood,3,0.1,1.0,1.0,650.0,1700.0,10.30066,0.9995927678411625,0.46979780697307294,composite,332,9.6007,0.00066026,96.0,0.6999600000000008,-7.599999999999317e-07,3.8139999999999984e-05,-1.0762167284617454,wood_trial_3
104,wood,3,0.1,1.0,1.0,650.0,1700.0,10.40066,0.9736570177072973,0.48112876660027193,composite,332,9.6007,0.00066026,96.0,0.7999600000000004,-8.599999999999884e-07,3.816000000000008e-05,-1.0335221824130638,wood_trial_3
105,wood,3,0.1,1.0,1.0,650.0,1700.0,10.5007,0.9632827176537625,0.4924597262274095,composite,332,9.6007,0.00066026,96.0,0.9000000000000004,-8.999999999999677e-07,3.818000000000007e-05,-1.0121749093887615,wood_trial_3
106,wood,3,0.1,1.0,1.0,650.0,1700.0,10.600700000000002,0.9529084176002277,0.46979780697307294,composite,332,9.6007,0.00066026,96.0,1.0000000000000018,-9.39999999999947e-07,3.8139999999999984e-05,-1.0121749093888002,wood_trial_3
107,wood,3,0.1,1.0,1.0,650.0,1700.0,10.7007,0.9373469675198973,0.48112876660027193,composite,332,9.6007,0.00066026,96.0,1.0999999999999996,-1.0000000000000243e-06,3.816000000000008e-05,-0.9837118786896533,wood_trial_3
108,wood,3,0.1,1.0,1.0,650.0,1700.0,10.80067,0.9269726674663625,0.48112876660027193,composite,332,9.6007,0.00066026,96.0,1.1999700000000004,-1.0400000000000036e-06,3.816000000000008e-05,-0.9694803633401184,wood_trial_3
109,wood,3,0.1,1.0,1.0,650.0,1700.0,10.90066,0.9269726674663625,0.46979780697307294,composite,332,9.6007,0.00066026,96.0,1.2999600000000004,-1.0400000000000036e-06,3.8139999999999984e-05,-0.9765961210149244,wood_trial_3
110,wood,3,0.1,1.0,1.0,650.0,1700.0,11.000660000000002,0.9114112173860603,0.46979780697307294,composite,332,9.6007,0.00066026,96.0,1.3999600000000019,-1.0999999999999725e-06,3.8139999999999984e-05,-0.9552488479906222,wood_trial_3
111,wood,3,0.1,1.0,1.0,650.0,1700.0,11.10066,0.9114112173860603,0.46979780697307294,composite,332,9.6007,0.00066026,96.0,1.4999599999999997,-1.0999999999999725e-06,3.8139999999999984e-05,-0.9552488479906222,wood_trial_3
112,wood,3,0.1,1.0,1.0,650.0,1700.0,11.20066,0.906224067359293,0.4471358877187978,composite,332,9.6007,0.00066026,96.0,1.5999599999999994,-1.1199999999999622e-06,3.8100000000000005e-05,-0.9623646056653896,wood_trial_3
113,wood,3,0.1,1.0,1.0,650.0,1700.0,11.30066,0.895849767305758,0.4358049280916602,composite,332,9.6007,0.00066026,96.0,1.6999600000000008,-1.1599999999999415e-06,3.8080000000000015e-05,-0.9552488479906222,wood_trial_3
114,wood,3,0.1,1.0,1.0,650.0,1700.0,11.4007,0.895849767305758,0.4358049280916602,composite,332,9.6007,0.00066026,96.0,1.8000000000000007,-1.1599999999999415e-06,3.8080000000000015e-05,-0.9552488479906222,wood_trial_3
115,wood,3,0.1,1.0,1.0,650.0,1700.0,11.50067,0.8906626172789907,0.4244739684645226,composite,332,9.6007,0.00066026,96.0,1.8999699999999997,-1.179999999999931e-06,3.8060000000000025e-05,-0.9552488479906222,wood_trial_3
116,wood,3,0.1,1.0,1.0,650.0,1700.0,11.60067,0.8751011671986604,0.4244739684645226,composite,332,9.6007,0.00066026,96.0,1.9999699999999994,-1.2400000000000085e-06,3.8060000000000025e-05,-0.9339015749662813,wood_trial_3
117,wood,3,0.1,1.0,1.0,650.0,1700.0,11.7007,0.8802883172254278,0.4018120492102475,composite,332,9.6007,0.00066026,96.0,2.0999999999999996,-1.2200000000000188e-06,3.8020000000000046e-05,-0.9552488479905836,wood_trial_3
118,wood,3,0.1,1.0,1.0,650.0,1700.0,11.80066,0.8802883172254278,0.3904810895831099,composite,332,9.6007,0.00066026,96.0,2.199960000000001,-1.2200000000000188e-06,3.8000000000000056e-05,-0.962364605665351,wood_trial_3
119,wood,3,0.1,1.0,1.0,650.0,1700.0,11.9007,0.869914017171893,0.3904810895831099,composite,332,9.6007,0.00066026,96.0,2.3000000000000007,-1.259999999999998e-06,3.8000000000000056e-05,-0.9481330903158162,wood_trial_3
120,wood,3,0.1,1.0,1.0,650.0,1700.0,12.000660000000002,0.869914017171893,0.37915012995597236,composite,332,9.6007,0.00066026,96.0,2.399960000000002,-1.259999999999998e-06,3.798000000000007e-05,-0.9552488479905836,wood_trial_3
121,wood,3,0.1,1.0,1.0,650.0,1700.0,12.100700000000002,0.869914017171893,0.36781917032883477,composite,332,9.6007,0.00066026,96.0,2.5000000000000018,-1.259999999999998e-06,3.796000000000008e-05,-0.962364605665351,wood_trial_3
122,wood,3,0.1,1.0,1.0,650.0,1700.0,12.2007,0.8647268671451256,0.3564882107016358,composite,332,9.6007,0.00066026,96.0,2.5999999999999996,-1.2799999999999877e-06,3.793999999999998e-05,-0.9623646056653896,wood_trial_3
123,wood,3,0.1,1.0,1.0,650.0,1700.0,12.30066,0.8595397171183582,0.3451572510744982,composite,332,9.6007,0.00066026,96.0,2.699960000000001,-1.2999999999999774e-06,3.791999999999999e-05,-0.9623646056653896,wood_trial_3
124,wood,3,0.1,1.0,1.0,650.0,1700.0,12.4007,0.8595397171183582,0.33382629144736065,composite,332,9.6007,0.00066026,96.0,2.8000000000000007,-1.2999999999999774e-06,3.79e-05,-0.969480363340157,wood_trial_3
125,wood,3,0.1,1.0,1.0,650.0,1700.0,12.5007,0.8543525670915908,0.32249533182022305,composite,332,9.6007,0.00066026,96.0,2.9000000000000004,-1.319999999999967e-06,3.788000000000001e-05,-0.969480363340157,wood_trial_3
126,wood,3,0.1,1.0,1.0,650.0,1700.0,12.600700000000002,0.8491654170648233,0.32249533182022305,composite,332,9.6007,0.00066026,96.0,3.0000000000000018,-1.3399999999999567e-06,3.788000000000001e-05,-0.9623646056653896,wood_trial_3
127,wood,3,0.1,1.0,1.0,650.0,1700.0,12.70066,0.8543525670915908,0.2998334125659479,composite,332,9.6007,0.00066026,96.0,3.0999599999999994,-1.319999999999967e-06,3.784000000000003e-05,-0.9837118786896919,wood_trial_3
128,wood,3,0.1,1.0,1.0,650.0,1700.0,12.8007,0.8491654170648233,0.2885024529388103,composite,332,9.6007,0.00066026,96.0,3.200000000000001,-1.3399999999999567e-06,3.782000000000004e-05,-0.9837118786896919,wood_trial_3
129,wood,3,0.1,1.0,1.0,650.0,1700.0,12.90066,0.8491654170648233,0.2658405336845352,composite,332,9.6007,0.00066026,96.0,3.2999600000000004,-1.3399999999999567e-06,3.778000000000006e-05,-0.9979433940392267,wood_trial_3
130,wood,3,0.1,1.0,1.0,650.0,1700.0,13.000700000000002,0.8387911170112885,0.27717149331167273,composite,332,9.6007,0.00066026,96.0,3.400000000000002,-1.379999999999936e-06,3.780000000000005e-05,-0.9765961210149244,wood_trial_3
131,wood,3,0.1,1.0,1.0,650.0,1700.0,13.10066,0.8387911170112885,0.27717149331167273,composite,332,9.6007,0.00066026,96.0,3.4999599999999997,-1.379999999999936e-06,3.780000000000005e-05,-0.9765961210149244,wood_trial_3
132,wood,3,0.1,1.0,1.0,650.0,1700.0,13.2007,0.8491654170648233,0.24317861443026004,composite,332,9.6007,0.00066026,96.0,3.5999999999999996,-1.3399999999999567e-06,3.774000000000008e-05,-1.0121749093887615,wood_trial_3
133,wood,3,0.1,1.0,1.0,650.0,1700.0,13.3007,0.8387911170112885,0.23184765480306102,composite,332,9.6007,0.00066026,96.0,3.700000000000001,-1.379999999999936e-06,3.7719999999999984e-05,-1.0050591517140326,wood_trial_3
134,wood,3,0.1,1.0,1.0,650.0,1700.0,13.4007,0.8336039669845211,0.24317861443026004,composite,332,9.6007,0.00066026,96.0,3.8000000000000007,-1.3999999999999256e-06,3.774000000000008e-05,-0.9908276363644593,wood_trial_3
135,wood,3,0.1,1.0,1.0,650.0,1700.0,13.500660000000002,0.8336039669845211,0.24317861443026004,composite,332,9.6007,0.00066026,96.0,3.899960000000002,-1.3999999999999256e-06,3.774000000000008e-05,-0.9908276363644593,wood_trial_3
136,wood,3,0.1,1.0,1.0,650.0,1700.0,13.60066,0.8336039669845211,0.2091857355487859,composite,332,9.6007,0.00066026,96.0,3.9999599999999997,-1.3999999999999256e-06,3.7680000000000005e-05,-1.0121749093888002,wood_trial_3
137,wood,3,0.1,1.0,1.0,650.0,1700.0,13.7007,0.8284168169577256,0.2091857355487859,composite,332,9.6007,0.00066026,96.0,4.1,-1.4200000000000237e-06,3.7680000000000005e-05,-1.0050591517139942,wood_trial_3
138,wood,3,0.1,1.0,1.0,650.0,1700.0,13.80066,0.8284168169577256,0.19785477592164832,composite,332,9.6007,0.00066026,96.0,4.199960000000001,-1.4200000000000237e-06,3.7660000000000016e-05,-1.0121749093887615,wood_trial_3
139,wood,3,0.1,1.0,1.0,650.0,1700.0,13.900660000000002,0.8232296669309582,0.18652381629451073,composite,332,9.6007,0.00066026,96.0,4.299960000000002,-1.4400000000000133e-06,3.7640000000000026e-05,-1.0121749093887615,wood_trial_3
140,wood,3,0.1,1.0,1.0,650.0,1700.0,14.000710000000002,0.8232296669309582,0.18652381629451073,composite,332,9.6007,0.00066026,96.0,4.400010000000002,-1.4400000000000133e-06,3.7640000000000026e-05,-1.0121749093887615,wood_trial_3
141,wood,3,0.1,1.0,1.0,650.0,1700.0,14.100700000000002,0.8232296669309582,0.1638618970402356,composite,332,9.6007,0.00066026,96.0,4.500000000000002,-1.4400000000000133e-06,3.7600000000000047e-05,-1.0264064247382965,wood_trial_3
142,wood,3,0.1,1.0,1.0,650.0,1700.0,14.20066,0.8284168169577256,0.152530937413098,composite,332,9.6007,0.00066026,96.0,4.599959999999999,-1.4200000000000237e-06,3.758000000000006e-05,-1.0406379400878312,wood_trial_3
143,wood,3,0.1,1.0,1.0,650.0,1700.0,14.300670000000002,0.8232296669309582,0.152530937413098,composite,332,9.6007,0.00066026,96.0,4.699970000000002,-1.4400000000000133e-06,3.758000000000006e-05,-1.0335221824130638,wood_trial_3
144,wood,3,0.1,1.0,1.0,650.0,1700.0,14.4007,0.8180425169041908,0.14119997778596044,composite,332,9.6007,0.00066026,96.0,4.800000000000001,-1.460000000000003e-06,3.756000000000007e-05,-1.0335221824130638,wood_trial_3
145,wood,3,0.1,1.0,1.0,650.0,1700.0,14.500700000000002,0.8128553668774234,0.11853805853162387,composite,332,9.6007,0.00066026,96.0,4.900000000000002,-1.4799999999999926e-06,3.751999999999998e-05,-1.0406379400878698,wood_trial_3
146,wood,3,0.1,1.0,1.0,650.0,1700.0,14.60066,0.8128553668774234,0.11853805853162387,composite,332,9.6007,0.00066026,96.0,4.99996,-1.4799999999999926e-06,3.751999999999998e-05,-1.0406379400878698,wood_trial_3
104,wood,4,0.1,1.0,1.0,650.0,1700.0,10.4007,1.196704468858408,1.1156625057202831,composite,332,10.4007,0.00066026,104.0,0.0,0.0,3.9280000000000044e-05,-0.9410173326410487,wood_trial_4
105,wood,4,0.1,1.0,1.0,650.0,1700.0,10.500660000000002,1.196704468858408,1.1269934653474207,composite,332,10.4007,0.00066026,104.0,0.09996000000000116,0.0,3.9300000000000034e-05,-0.9339015749662813,wood_trial_4
106,wood,4,0.1,1.0,1.0,650.0,1700.0,10.600700000000002,1.2070787689119429,1.1383244249745583,composite,332,10.4007,0.00066026,104.0,0.20000000000000107,3.999999999997929e-08,3.932000000000002e-05,-0.9410173326410487,wood_trial_4
107,wood,4,0.1,1.0,1.0,650.0,1700.0,10.7007,1.1759558687513385,1.1043315460931455,composite,332,10.4007,0.00066026,104.0,0.29999999999999893,-7.999999999995858e-08,3.9260000000000054e-05,-0.9196700596167464,wood_trial_4
108,wood,4,0.1,1.0,1.0,650.0,1700.0,10.8007,1.1188972184568688,1.0703386672116715,composite,332,10.4007,0.00066026,104.0,0.40000000000000036,-2.999999999999531e-07,3.919999999999998e-05,-0.862743998218607,wood_trial_4
109,wood,4,0.1,1.0,1.0,650.0,1700.0,10.9007,1.0774000182427015,1.0930005864660082,composite,332,10.4007,0.00066026,104.0,0.5,-4.5999999999997866e-07,3.9240000000000065e-05,-0.7915864214708557,wood_trial_4
110,wood,4,0.1,1.0,1.0,650.0,1700.0,11.00067,1.056651418135632,1.0816696268388706,composite,332,10.4007,0.00066026,104.0,0.599969999999999,-5.399999999999372e-07,3.9220000000000075e-05,-0.7702391484465534,wood_trial_4
111,wood,4,0.1,1.0,1.0,650.0,1700.0,11.100700000000002,1.0410899680553016,1.0703386672116715,composite,332,10.4007,0.00066026,104.0,0.7000000000000011,-6.000000000000146e-07,3.919999999999998e-05,-0.7560076330970186,wood_trial_4
112,wood,4,0.1,1.0,1.0,650.0,1700.0,11.2007,1.0255285179749993,1.0703386672116715,composite,332,10.4007,0.00066026,104.0,0.7999999999999989,-6.599999999999835e-07,3.919999999999998e-05,-0.7346603600727163,wood_trial_4
113,wood,4,0.1,1.0,1.0,650.0,1700.0,11.3007,1.0047799178679298,1.0590077075845339,composite,332,10.4007,0.00066026,104.0,0.9000000000000004,-7.399999999999421e-07,3.917999999999999e-05,-0.713313087048414,wood_trial_4
114,wood,4,0.1,1.0,1.0,650.0,1700.0,11.40066,0.9995927678411625,1.0590077075845339,composite,332,10.4007,0.00066026,104.0,0.9999599999999997,-7.599999999999317e-07,3.917999999999999e-05,-0.7061973293736467,wood_trial_4
115,wood,4,0.1,1.0,1.0,650.0,1700.0,11.5007,0.994405617814395,1.0590077075845339,composite,332,10.4007,0.00066026,104.0,1.0999999999999996,-7.799999999999214e-07,3.917999999999999e-05,-0.6990815716988792,wood_trial_4
116,wood,4,0.1,1.0,1.0,650.0,1700.0,11.60066,0.9788441677340647,1.0590077075845339,composite,332,10.4007,0.00066026,104.0,1.199959999999999,-8.399999999999987e-07,3.917999999999999e-05,-0.6777342986745384,wood_trial_4
117,wood,4,0.1,1.0,1.0,650.0,1700.0,11.70066,0.9736570177072973,1.0476767479573963,composite,332,10.4007,0.00066026,104.0,1.2999599999999987,-8.599999999999884e-07,3.916e-05,-0.6777342986745384,wood_trial_4
118,wood,4,0.1,1.0,1.0,650.0,1700.0,11.80066,0.9684698676805299,1.0476767479573963,composite,332,10.4007,0.00066026,104.0,1.39996,-8.79999999999978e-07,3.916e-05,-0.6706185409997709,wood_trial_4
119,wood,4,0.1,1.0,1.0,650.0,1700.0,11.90066,0.9632827176537625,1.0363457883302587,composite,332,10.4007,0.00066026,104.0,1.4999599999999997,-8.999999999999677e-07,3.914000000000001e-05,-0.6706185409997709,wood_trial_4
120,wood,4,0.1,1.0,1.0,650.0,1700.0,12.000660000000002,0.9580955676269951,1.0363457883302587,composite,332,10.4007,0.00066026,104.0,1.5999600000000012,-9.199999999999573e-07,3.914000000000001e-05,-0.6635027833250035,wood_trial_4
121,wood,4,0.1,1.0,1.0,650.0,1700.0,12.100700000000002,0.9580955676269951,1.0136838690759837,composite,332,10.4007,0.00066026,104.0,1.700000000000001,-9.199999999999573e-07,3.910000000000003e-05,-0.6777342986745384,wood_trial_4
122,wood,4,0.1,1.0,1.0,650.0,1700.0,12.2007,0.9477212675734602,1.0136838690759837,composite,332,10.4007,0.00066026,104.0,1.799999999999999,-9.599999999999366e-07,3.910000000000003e-05,-0.6635027833250035,wood_trial_4
123,wood,4,0.1,1.0,1.0,650.0,1700.0,12.3007,0.9425341175466928,1.0136838690759837,composite,332,10.4007,0.00066026,104.0,1.9000000000000004,-9.799999999999262e-07,3.910000000000003e-05,-0.6563870256502361,wood_trial_4
124,wood,4,0.1,1.0,1.0,650.0,1700.0,12.40066,0.9373469675198973,1.0023529094488461,composite,332,10.4007,0.00066026,104.0,1.9999599999999997,-1.0000000000000243e-06,3.908000000000004e-05,-0.6563870256501975,wood_trial_4
125,wood,4,0.1,1.0,1.0,650.0,1700.0,12.5007,0.9373469675198973,0.9910219498217084,composite,332,10.4007,0.00066026,104.0,2.0999999999999996,-1.0000000000000243e-06,3.906000000000005e-05,-0.6635027833249649,wood_trial_4
126,wood,4,0.1,1.0,1.0,650.0,1700.0,12.600700000000002,0.9269726674663625,0.979690990194571,composite,332,10.4007,0.00066026,104.0,2.200000000000001,-1.0400000000000036e-06,3.904000000000006e-05,-0.6563870256501975,wood_trial_4
127,wood,4,0.1,1.0,1.0,650.0,1700.0,12.7007,0.9321598174931299,0.9683600305674334,composite,332,10.4007,0.00066026,104.0,2.299999999999999,-1.020000000000014e-06,3.902000000000007e-05,-0.6706185409997323,wood_trial_4
128,wood,4,0.1,1.0,1.0,650.0,1700.0,12.8007,0.9217855174395951,0.979690990194571,composite,332,10.4007,0.00066026,104.0,2.4000000000000004,-1.0599999999999932e-06,3.904000000000006e-05,-0.6492712679754301,wood_trial_4
129,wood,4,0.1,1.0,1.0,650.0,1700.0,12.90066,0.9217855174395951,0.9343671516859592,composite,332,10.4007,0.00066026,104.0,2.4999599999999997,-1.0599999999999932e-06,3.895999999999999e-05,-0.6777342986745384,wood_trial_4
130,wood,4,0.1,1.0,1.0,650.0,1700.0,13.00067,0.9217855174395951,0.9343671516859592,composite,332,10.4007,0.00066026,104.0,2.599969999999999,-1.0599999999999932e-06,3.895999999999999e-05,-0.6777342986745384,wood_trial_4
131,wood,4,0.1,1.0,1.0,650.0,1700.0,13.100700000000002,0.9165983674128277,0.9343671516859592,composite,332,10.4007,0.00066026,104.0,2.700000000000001,-1.0799999999999829e-06,3.895999999999999e-05,-0.6706185409997709,wood_trial_4
132,wood,4,0.1,1.0,1.0,650.0,1700.0,13.20066,0.906224067359293,0.9230361920588216,composite,332,10.4007,0.00066026,104.0,2.7999599999999987,-1.1199999999999622e-06,3.894e-05,-0.6635027833250035,wood_trial_4
133,wood,4,0.1,1.0,1.0,650.0,1700.0,13.30066,0.9165983674128277,0.9003742728045465,composite,332,10.4007,0.00066026,104.0,2.89996,-1.0799999999999829e-06,3.8900000000000024e-05,-0.6919658140240732,wood_trial_4
134,wood,4,0.1,1.0,1.0,650.0,1700.0,13.4007,0.906224067359293,0.9003742728045465,composite,332,10.4007,0.00066026,104.0,3.0,-1.1199999999999622e-06,3.8900000000000024e-05,-0.6777342986745384,wood_trial_4
135,wood,4,0.1,1.0,1.0,650.0,1700.0,13.500700000000002,0.906224067359293,0.8890433131774089,composite,332,10.4007,0.00066026,104.0,3.1000000000000014,-1.1199999999999622e-06,3.8880000000000034e-05,-0.6848500563493057,wood_trial_4
136,wood,4,0.1,1.0,1.0,650.0,1700.0,13.60067,0.906224067359293,0.8777123535502713,composite,332,10.4007,0.00066026,104.0,3.1999699999999986,-1.1199999999999622e-06,3.8860000000000045e-05,-0.6919658140240732,wood_trial_4
137,wood,4,0.1,1.0,1.0,650.0,1700.0,13.7007,0.906224067359293,0.8663813939231337,composite,332,10.4007,0.00066026,104.0,3.299999999999999,-1.1199999999999622e-06,3.8840000000000055e-05,-0.6990815716988406,wood_trial_4
138,wood,4,0.1,1.0,1.0,650.0,1700.0,13.8007,0.9010369173325256,0.8437194746688585,composite,332,10.4007,0.00066026,104.0,3.4000000000000004,-1.1399999999999518e-06,3.8800000000000076e-05,-0.706197329373608,wood_trial_4
139,wood,4,0.1,1.0,1.0,650.0,1700.0,13.9007,0.8906626172789907,0.8437194746688585,composite,332,10.4007,0.00066026,104.0,3.5,-1.179999999999931e-06,3.8800000000000076e-05,-0.6919658140240732,wood_trial_4
140,wood,4,0.1,1.0,1.0,650.0,1700.0,14.000660000000002,0.8906626172789907,0.8323885150416596,composite,332,10.4007,0.00066026,104.0,3.599960000000001,-1.179999999999931e-06,3.877999999999998e-05,-0.6990815716988792,wood_trial_4
141,wood,4,0.1,1.0,1.0,650.0,1700.0,14.10066,0.8906626172789907,0.8437194746688585,composite,332,10.4007,0.00066026,104.0,3.699959999999999,-1.179999999999931e-06,3.8800000000000076e-05,-0.6919658140240732,wood_trial_4
142,wood,4,0.1,1.0,1.0,650.0,1700.0,14.2007,0.8854754672522233,0.821057555414522,composite,332,10.4007,0.00066026,104.0,3.799999999999999,-1.1999999999999207e-06,3.875999999999999e-05,-0.6990815716988792,wood_trial_4
143,wood,4,0.1,1.0,1.0,650.0,1700.0,14.30066,0.8854754672522233,0.8097265957873845,composite,332,10.4007,0.00066026,104.0,3.89996,-1.1999999999999207e-06,3.874e-05,-0.7061973293736467,wood_trial_4
144,wood,4,0.1,1.0,1.0,650.0,1700.0,14.400670000000002,0.8854754672522233,0.7870646765331093,composite,332,10.4007,0.00066026,104.0,3.999970000000001,-1.1999999999999207e-06,3.870000000000002e-05,-0.7204288447231815,wood_trial_4
145,wood,4,0.1,1.0,1.0,650.0,1700.0,14.500700000000002,0.8854754672522233,0.7870646765331093,composite,332,10.4007,0.00066026,104.0,4.100000000000001,-1.1999999999999207e-06,3.870000000000002e-05,-0.7204288447231815,wood_trial_4
146,wood,4,0.1,1.0,1.0,650.0,1700.0,14.600700000000002,0.8802883172254278,0.7757337169059717,composite,332,10.4007,0.00066026,104.0,4.200000000000001,-1.2200000000000188e-06,3.868000000000003e-05,-0.7204288447231428,wood_trial_4
147,wood,4,0.1,1.0,1.0,650.0,1700.0,14.70066,0.8854754672522233,0.7644027572788341,composite,332,10.4007,0.00066026,104.0,4.299959999999999,-1.1999999999999207e-06,3.866000000000004e-05,-0.7346603600727163,wood_trial_4
148,wood,4,0.1,1.0,1.0,650.0,1700.0,14.8007,0.8802883172254278,0.7530717976516966,composite,332,10.4007,0.00066026,104.0,4.4,-1.2200000000000188e-06,3.864000000000005e-05,-0.7346603600726778,wood_trial_4
149,wood,4,0.1,1.0,1.0,650.0,1700.0,14.9007,0.8802883172254278,0.741740838024559,composite,332,10.4007,0.00066026,104.0,4.5,-1.2200000000000188e-06,3.862000000000006e-05,-0.7417761177474451,wood_trial_4
150,wood,4,0.1,1.0,1.0,650.0,1700.0,15.000700000000002,0.8802883172254278,0.7304098783974214,composite,332,10.4007,0.00066026,104.0,4.600000000000001,-1.2200000000000188e-06,3.860000000000007e-05,-0.7488918754222126,wood_trial_4
151,wood,4,0.1,1.0,1.0,650.0,1700.0,15.10066,0.8751011671986604,0.7304098783974214,composite,332,10.4007,0.00066026,104.0,4.699959999999999,-1.2400000000000085e-06,3.860000000000007e-05,-0.7417761177474451,wood_trial_4
152,wood,4,0.1,1.0,1.0,650.0,1700.0,15.2007,0.8802883172254278,0.7077479591430849,composite,332,10.4007,0.00066026,104.0,4.799999999999999,-1.2200000000000188e-06,3.855999999999998e-05,-0.763123390771786,wood_trial_4
153,wood,4,0.1,1.0,1.0,650.0,1700.0,15.3007,0.869914017171893,0.7077479591430849,composite,332,10.4007,0.00066026,104.0,4.9,-1.259999999999998e-06,3.855999999999998e-05,-0.7488918754222511,wood_trial_4
154,wood,4,0.1,1.0,1.0,650.0,1700.0,15.4007,0.8751011671986604,0.7077479591430849,composite,332,10.4007,0.00066026,104.0,5.0,-1.2400000000000085e-06,3.855999999999998e-05,-0.7560076330970186,wood_trial_4
155,wood,4,0.1,1.0,1.0,650.0,1700.0,15.500660000000002,0.8647268671451256,0.6850860398888097,composite,332,10.4007,0.00066026,104.0,5.099960000000001,-1.2799999999999877e-06,3.8520000000000004e-05,-0.7560076330970186,wood_trial_4
115,wood,5,0.1,1.0,1.0,650.0,1700.0,11.5007,1.2018916188851756,1.149655384601696,composite,332,11.5007,0.00066028,115.0,0.0,0.0,3.932000000000002e-05,-0.9267858172915139,wood_trial_5
116,wood,5,0.1,1.0,1.0,650.0,1700.0,11.600700000000002,1.196704468858408,1.1609863442288335,composite,332,11.5007,0.00066028,115.0,0.10000000000000142,-1.9999999999989644e-08,3.934000000000001e-05,-0.9125543019419791,wood_trial_5
117,wood,5,0.1,1.0,1.0,650.0,1700.0,11.7007,1.1915173188316408,1.149655384601696,composite,332,11.5007,0.00066028,115.0,0.1999999999999993,-3.999999999997929e-08,3.932000000000002e-05,-0.9125543019419791,wood_trial_5
118,wood,5,0.1,1.0,1.0,650.0,1700.0,11.80066,1.1655815686978037,1.0363457883302587,composite,332,11.5007,0.00066028,115.0,0.29996000000000045,-1.399999999999275e-07,3.912000000000002e-05,-0.9481330903158547,wood_trial_5
119,wood,5,0.1,1.0,1.0,650.0,1700.0,11.9007,1.1137100684301016,1.0136838690759837,composite,332,11.5007,0.00066028,115.0,0.40000000000000036,-3.3999999999993237e-07,3.908000000000004e-05,-0.8912070289176768,wood_trial_5
120,wood,5,0.1,1.0,1.0,650.0,1700.0,12.00067,1.0877743182962365,1.0136838690759837,composite,332,11.5007,0.00066028,115.0,0.49996999999999936,-4.39999999999989e-07,3.908000000000004e-05,-0.855628240543801,wood_trial_5
121,wood,5,0.1,1.0,1.0,650.0,1700.0,12.100700000000002,1.0722128682159342,1.0023529094488461,composite,332,11.5007,0.00066028,115.0,0.6000000000000014,-4.999999999999579e-07,3.906000000000005e-05,-0.8413967251942662,wood_trial_5
122,wood,5,0.1,1.0,1.0,650.0,1700.0,12.2007,1.056651418135632,1.0023529094488461,composite,332,11.5007,0.00066028,115.0,0.6999999999999993,-5.599999999999269e-07,3.906000000000005e-05,-0.8200494521699639,wood_trial_5
123,wood,5,0.1,1.0,1.0,650.0,1700.0,12.30066,1.0359028180285343,0.9910219498217084,composite,332,11.5007,0.00066028,115.0,0.7999600000000004,-6.399999999999939e-07,3.904000000000006e-05,-0.7987021791456231,wood_trial_5
124,wood,5,0.1,1.0,1.0,650.0,1700.0,12.40066,1.0307156680017668,0.9910219498217084,composite,332,11.5007,0.00066028,115.0,0.8999600000000001,-6.599999999999835e-07,3.904000000000006e-05,-0.7915864214708557,wood_trial_5
125,wood,5,0.1,1.0,1.0,650.0,1700.0,12.500660000000002,1.0151542179214645,0.979690990194571,composite,332,11.5007,0.00066028,115.0,0.9999600000000015,-7.199999999999524e-07,3.902000000000007e-05,-0.7773549061213209,wood_trial_5
126,wood,5,0.1,1.0,1.0,650.0,1700.0,12.600700000000002,1.0099670678946973,0.9683600305674334,composite,332,11.5007,0.00066028,115.0,1.1000000000000014,-7.399999999999421e-07,3.900000000000008e-05,-0.7773549061213209,wood_trial_5
127,wood,5,0.1,1.0,1.0,650.0,1700.0,12.7007,0.994405617814395,0.979690990194571,composite,332,11.5007,0.00066028,115.0,1.1999999999999993,-7.99999999999911e-07,3.902000000000007e-05,-0.7488918754222511,wood_trial_5
128,wood,5,0.1,1.0,1.0,650.0,1700.0,12.8007,0.994405617814395,0.9570290709402958,composite,332,11.5007,0.00066028,115.0,1.3000000000000007,-7.99999999999911e-07,3.898000000000009e-05,-0.763123390771786,wood_trial_5
129,wood,5,0.1,1.0,1.0,650.0,1700.0,12.9007,0.9892184677875995,0.9570290709402958,composite,332,11.5007,0.00066028,115.0,1.4000000000000004,-8.200000000000091e-07,3.898000000000009e-05,-0.75600763309698,wood_trial_5
130,wood,5,0.1,1.0,1.0,650.0,1700.0,13.000710000000002,0.9788441677340647,0.9456981113130968,composite,332,11.5007,0.00066028,115.0,1.5000100000000014,-8.599999999999884e-07,3.895999999999999e-05,-0.7488918754222511,wood_trial_5
131,wood,5,0.1,1.0,1.0,650.0,1700.0,13.100700000000002,0.9736570177072973,0.9343671516859592,composite,332,11.5007,0.00066028,115.0,1.6000000000000014,-8.79999999999978e-07,3.894e-05,-0.7488918754222511,wood_trial_5
132,wood,5,0.1,1.0,1.0,650.0,1700.0,13.2007,0.9736570177072973,0.9343671516859592,composite,332,11.5007,0.00066028,115.0,1.6999999999999993,-8.79999999999978e-07,3.894e-05,-0.7488918754222511,wood_trial_5
133,wood,5,0.1,1.0,1.0,650.0,1700.0,13.30066,0.9736570177072973,0.9230361920588216,composite,332,11.5007,0.00066028,115.0,1.7999600000000004,-8.79999999999978e-07,3.8920000000000014e-05,-0.7560076330970186,wood_trial_5
134,wood,5,0.1,1.0,1.0,650.0,1700.0,13.4007,0.9580955676269951,0.9230361920588216,composite,332,11.5007,0.00066028,115.0,1.9000000000000004,-9.39999999999947e-07,3.8920000000000014e-05,-0.7346603600727163,wood_trial_5
135,wood,5,0.1,1.0,1.0,650.0,1700.0,13.500660000000002,0.9580955676269951,0.9003742728045465,composite,332,11.5007,0.00066028,115.0,1.9999600000000015,-9.39999999999947e-07,3.8880000000000034e-05,-0.7488918754222511,wood_trial_5
136,wood,5,0.1,1.0,1.0,650.0,1700.0,13.60066,0.9477212675734602,0.9003742728045465,composite,332,11.5007,0.00066028,115.0,2.0999599999999994,-9.799999999999262e-07,3.8880000000000034e-05,-0.7346603600727163,wood_trial_5
137,wood,5,0.1,1.0,1.0,650.0,1700.0,13.7007,0.9477212675734602,0.8890433131774089,composite,332,11.5007,0.00066028,115.0,2.1999999999999993,-9.799999999999262e-07,3.8860000000000045e-05,-0.7417761177474838,wood_trial_5
138,wood,5,0.1,1.0,1.0,650.0,1700.0,13.8007,0.9529084176002277,0.8663813939231337,composite,332,11.5007,0.00066028,115.0,2.3000000000000007,-9.599999999999366e-07,3.8820000000000065e-05,-0.763123390771786,wood_trial_5
139,wood,5,0.1,1.0,1.0,650.0,1700.0,13.9007,0.9477212675734602,0.8663813939231337,composite,332,11.5007,0.00066028,115.0,2.4000000000000004,-9.799999999999262e-07,3.8820000000000065e-05,-0.7560076330970186,wood_trial_5
140,wood,5,0.1,1.0,1.0,650.0,1700.0,14.000660000000002,0.9425341175466928,0.8663813939231337,composite,332,11.5007,0.00066028,115.0,2.4999600000000015,-9.999999999999159e-07,3.8820000000000065e-05,-0.7488918754222511,wood_trial_5
141,wood,5,0.1,1.0,1.0,650.0,1700.0,14.100700000000002,0.9373469675198973,0.8437194746688585,composite,332,11.5007,0.00066028,115.0,2.6000000000000014,-1.020000000000014e-06,3.8780000000000086e-05,-0.75600763309698,wood_trial_5
142,wood,5,0.1,1.0,1.0,650.0,1700.0,14.20066,0.9373469675198973,0.8323885150416596,composite,332,11.5007,0.00066028,115.0,2.699959999999999,-1.020000000000014e-06,3.875999999999999e-05,-0.763123390771786,wood_trial_5
143,wood,5,0.1,1.0,1.0,650.0,1700.0,14.30066,0.9373469675198973,0.8097265957873845,composite,332,11.5007,0.00066028,115.0,2.7999600000000004,-1.020000000000014e-06,3.872000000000001e-05,-0.7773549061213209,wood_trial_5
144,wood,5,0.1,1.0,1.0,650.0,1700.0,14.400660000000002,0.9269726674663625,0.821057555414522,composite,332,11.5007,0.00066028,115.0,2.899960000000002,-1.0599999999999932e-06,3.874e-05,-0.7560076330970186,wood_trial_5
145,wood,5,0.1,1.0,1.0,650.0,1700.0,14.500660000000002,0.9217855174395951,0.7983956361602469,composite,332,11.5007,0.00066028,115.0,2.9999600000000015,-1.0799999999999829e-06,3.870000000000002e-05,-0.763123390771786,wood_trial_5
146,wood,5,0.1,1.0,1.0,650.0,1700.0,14.60066,0.9217855174395951,0.7870646765331093,composite,332,11.5007,0.00066028,115.0,3.0999599999999994,-1.0799999999999829e-06,3.868000000000003e-05,-0.7702391484465534,wood_trial_5
147,wood,5,0.1,1.0,1.0,650.0,1700.0,14.70067,0.9269726674663625,0.7757337169059717,composite,332,11.5007,0.00066028,115.0,3.1999700000000004,-1.0599999999999932e-06,3.866000000000004e-05,-0.7844706637960882,wood_trial_5
148,wood,5,0.1,1.0,1.0,650.0,1700.0,14.8007,0.9269726674663625,0.7757337169059717,composite,332,11.5007,0.00066028,115.0,3.3000000000000007,-1.0599999999999932e-06,3.866000000000004e-05,-0.7844706637960882,wood_trial_5
149,wood,5,0.1,1.0,1.0,650.0,1700.0,14.900660000000002,0.9217855174395951,0.7644027572788341,composite,332,11.5007,0.00066028,115.0,3.399960000000002,-1.0799999999999829e-06,3.864000000000005e-05,-0.7844706637960882,wood_trial_5
150,wood,5,0.1,1.0,1.0,650.0,1700.0,15.000700000000002,0.9217855174395951,0.7530717976516966,composite,332,11.5007,0.00066028,115.0,3.5000000000000018,-1.0799999999999829e-06,3.862000000000006e-05,-0.7915864214708557,wood_trial_5
151,wood,5,0.1,1.0,1.0,650.0,1700.0,15.100700000000002,0.9165983674128277,0.741740838024559,composite,332,11.5007,0.00066028,115.0,3.6000000000000014,-1.0999999999999725e-06,3.860000000000007e-05,-0.7915864214708557,wood_trial_5
152,wood,5,0.1,1.0,1.0,650.0,1700.0,15.2007,0.9165983674128277,0.741740838024559,composite,332,11.5007,0.00066028,115.0,3.6999999999999993,-1.0999999999999725e-06,3.860000000000007e-05,-0.7915864214708557,wood_trial_5
153,wood,5,0.1,1.0,1.0,650.0,1700.0,15.3007,0.9114112173860603,0.7304098783974214,composite,332,11.5007,0.00066028,115.0,3.8000000000000007,-1.1199999999999622e-06,3.858000000000008e-05,-0.7915864214708557,wood_trial_5
154,wood,5,0.1,1.0,1.0,650.0,1700.0,15.4007,0.906224067359293,0.7077479591430849,composite,332,11.5007,0.00066028,115.0,3.9000000000000004,-1.1399999999999518e-06,3.8539999999999994e-05,-0.7987021791456617,wood_trial_5
155,wood,5,0.1,1.0,1.0,650.0,1700.0,15.500660000000002,0.906224067359293,0.7077479591430849,composite,332,11.5007,0.00066028,115.0,3.9999600000000015,-1.1399999999999518e-06,3.8539999999999994e-05,-0.7987021791456617,wood_trial_5
156,wood,5,0.1,1.0,1.0,650.0,1700.0,15.600700000000002,0.906224067359293,0.6964169995159473,composite,332,11.5007,0.00066028,115.0,4.100000000000001,-1.1399999999999518e-06,3.8520000000000004e-05,-0.8058179368204291,wood_trial_5
157,wood,5,0.1,1.0,1.0,650.0,1700.0,15.7007,0.906224067359293,0.6964169995159473,composite,332,11.5007,0.00066028,115.0,4.199999999999999,-1.1399999999999518e-06,3.8520000000000004e-05,-0.8058179368204291,wood_trial_5
158,wood,5,0.1,1.0,1.0,650.0,1700.0,15.80066,0.895849767305758,0.6850860398888097,composite,332,11.5007,0.00066028,115.0,4.2999600000000004,-1.179999999999931e-06,3.8500000000000014e-05,-0.7987021791456617,wood_trial_5
159,wood,5,0.1,1.0,1.0,650.0,1700.0,15.900660000000002,0.9010369173325256,0.6624241206345346,composite,332,11.5007,0.00066028,115.0,4.399960000000002,-1.1599999999999415e-06,3.8460000000000035e-05,-0.8200494521699639,wood_trial_5
160,wood,5,0.1,1.0,1.0,650.0,1700.0,16.000700000000002,0.9010369173325256,0.6737550802616721,composite,332,11.5007,0.00066028,115.0,4.500000000000002,-1.1599999999999415e-06,3.8480000000000025e-05,-0.8129336944951965,wood_trial_5
161,wood,5,0.1,1.0,1.0,650.0,1700.0,16.10067,0.8906626172789907,0.651093161007397,composite,332,11.5007,0.00066028,115.0,4.599970000000001,-1.1999999999999207e-06,3.8440000000000045e-05,-0.8129336944951965,wood_trial_5
162,wood,5,0.1,1.0,1.0,650.0,1700.0,16.2007,0.8906626172789907,0.651093161007397,composite,332,11.5007,0.00066028,115.0,4.700000000000001,-1.1999999999999207e-06,3.8440000000000045e-05,-0.8129336944951965,wood_trial_5
163,wood,5,0.1,1.0,1.0,650.0,1700.0,16.300700000000003,0.8906626172789907,0.6397622013802594,composite,332,11.5007,0.00066028,115.0,4.8000000000000025,-1.1999999999999207e-06,3.8420000000000056e-05,-0.8200494521699639,wood_trial_5
164,wood,5,0.1,1.0,1.0,650.0,1700.0,16.400660000000002,0.8906626172789907,0.6284312417531218,composite,332,11.5007,0.00066028,115.0,4.899960000000002,-1.1999999999999207e-06,3.8400000000000066e-05,-0.8271652098447314,wood_trial_5
165,wood,5,0.1,1.0,1.0,650.0,1700.0,16.50066,0.8906626172789907,0.6171002821259842,composite,332,11.5007,0.00066028,115.0,4.99996,-1.1999999999999207e-06,3.8380000000000076e-05,-0.8342809675194988,wood_trial_5
166,wood,5,0.1,1.0,1.0,650.0,1700.0,16.60066,0.8854754672522233,0.6171002821259842,composite,332,11.5007,0.00066028,115.0,5.099960000000001,-1.2199999999999104e-06,3.8380000000000076e-05,-0.8271652098447314,wood_trial_5
104,wood,6,0.1,1.0,1.0,650.0,1700.0,10.4007,1.170768718724571,1.1949792231103076,composite,332,10.4007,0.00066016,104.0,0.0,0.0,3.952000000000003e-05,-0.855628240543801,wood_trial_6
105,wood,6,0.1,1.0,1.0,650.0,1700.0,10.500660000000002,1.1655815686978037,1.2176411423645828,composite,332,10.4007,0.00066016,104.0,0.09996000000000116,-1.9999999999989644e-08,3.956000000000001e-05,-0.8342809675194988,wood_trial_6
106,wood,6,0.1,1.0,1.0,650.0,1700.0,10.60066,1.1655815686978037,1.1836482634831087,composite,332,10.4007,0.00066016,104.0,0.19995999999999903,-1.9999999999989644e-08,3.949999999999993e-05,-0.8556282405438397,wood_trial_6
107,wood,6,0.1,1.0,1.0,650.0,1700.0,10.70066,1.170768718724571,1.1836482634831087,composite,332,10.4007,0.00066016,104.0,0.29995999999999867,0.0,3.949999999999993e-05,-0.862743998218607,wood_trial_6
108,wood,6,0.1,1.0,1.0,650.0,1700.0,10.8007,1.1396458185639387,1.0930005864660082,composite,332,10.4007,0.00066016,104.0,0.40000000000000036,-1.2000000000004628e-07,3.934000000000001e-05,-0.8769755135681033,wood_trial_6
109,wood,6,0.1,1.0,1.0,650.0,1700.0,10.90066,1.0877743182962365,1.0023529094488461,composite,332,10.4007,0.00066016,104.0,0.49995999999999974,-3.2000000000005115e-07,3.917999999999999e-05,-0.8627439982185685,wood_trial_6
110,wood,6,0.1,1.0,1.0,650.0,1700.0,11.000660000000002,1.0670257181891667,1.0136838690759837,composite,332,10.4007,0.00066016,104.0,0.5999600000000012,-4.000000000000097e-07,3.919999999999998e-05,-0.8271652098447314,wood_trial_6
111,wood,6,0.1,1.0,1.0,650.0,1700.0,11.100700000000002,1.0462771180820971,1.0023529094488461,composite,332,10.4007,0.00066016,104.0,0.7000000000000011,-4.799999999999683e-07,3.917999999999999e-05,-0.8058179368204291,wood_trial_6
112,wood,6,0.1,1.0,1.0,650.0,1700.0,11.2007,1.0359028180285343,0.9910219498217084,composite,332,10.4007,0.00066016,104.0,0.7999999999999989,-5.20000000000056e-07,3.916e-05,-0.7987021791456231,wood_trial_6
113,wood,6,0.1,1.0,1.0,650.0,1700.0,11.30066,1.020341367948232,0.979690990194571,composite,332,10.4007,0.00066016,104.0,0.8999600000000001,-5.800000000000249e-07,3.914000000000001e-05,-0.7844706637960882,wood_trial_6
114,wood,6,0.1,1.0,1.0,650.0,1700.0,11.4007,1.0151542179214645,0.979690990194571,composite,332,10.4007,0.00066016,104.0,1.0,-6.000000000000146e-07,3.914000000000001e-05,-0.7773549061213209,wood_trial_6
115,wood,6,0.1,1.0,1.0,650.0,1700.0,11.5007,1.0047799178679298,0.979690990194571,composite,332,10.4007,0.00066016,104.0,1.0999999999999996,-6.399999999999939e-07,3.914000000000001e-05,-0.763123390771786,wood_trial_6
116,wood,6,0.1,1.0,1.0,650.0,1700.0,11.60066,0.9995927678411625,0.979690990194571,composite,332,10.4007,0.00066016,104.0,1.199959999999999,-6.599999999999835e-07,3.914000000000001e-05,-0.7560076330970186,wood_trial_6
117,wood,6,0.1,1.0,1.0,650.0,1700.0,11.7007,0.994405617814395,0.9683600305674334,composite,332,10.4007,0.00066016,104.0,1.299999999999999,-6.799999999999732e-07,3.912000000000002e-05,-0.7560076330970186,wood_trial_6
118,wood,6,0.1,1.0,1.0,650.0,1700.0,11.80066,0.9840313177608321,0.9570290709402958,composite,332,10.4007,0.00066016,104.0,1.39996,-7.200000000000609e-07,3.910000000000003e-05,-0.7488918754222126,wood_trial_6
119,wood,6,0.1,1.0,1.0,650.0,1700.0,11.9007,0.9788441677340647,0.9683600305674334,composite,332,10.4007,0.00066016,104.0,1.5,-7.400000000000505e-07,3.912000000000002e-05,-0.7346603600726778,wood_trial_6
120,wood,6,0.1,1.0,1.0,650.0,1700.0,12.0007,0.9684698676805299,0.9570290709402958,composite,332,10.4007,0.00066016,104.0,1.5999999999999996,-7.800000000000298e-07,3.910000000000003e-05,-0.7275446023979103,wood_trial_6
121,wood,6,0.1,1.0,1.0,650.0,1700.0,12.10066,0.9684698676805299,0.9456981113130968,composite,332,10.4007,0.00066016,104.0,1.699959999999999,-7.800000000000298e-07,3.907999999999993e-05,-0.7346603600727163,wood_trial_6
122,wood,6,0.1,1.0,1.0,650.0,1700.0,12.20066,0.9632827176537625,0.9456981113130968,composite,332,10.4007,0.00066016,104.0,1.7999599999999987,-8.000000000000194e-07,3.907999999999993e-05,-0.7275446023979488,wood_trial_6
123,wood,6,0.1,1.0,1.0,650.0,1700.0,12.3007,0.9632827176537625,0.9456981113130968,composite,332,10.4007,0.00066016,104.0,1.9000000000000004,-8.000000000000194e-07,3.907999999999993e-05,-0.7275446023979488,wood_trial_6
124,wood,6,0.1,1.0,1.0,650.0,1700.0,12.4007,0.9580955676269951,0.9456981113130968,composite,332,10.4007,0.00066016,104.0,2.0,-8.200000000000091e-07,3.907999999999993e-05,-0.7204288447231815,wood_trial_6
125,wood,6,0.1,1.0,1.0,650.0,1700.0,12.5007,0.9580955676269951,0.9343671516859592,composite,332,10.4007,0.00066016,104.0,2.0999999999999996,-8.200000000000091e-07,3.905999999999994e-05,-0.7275446023979488,wood_trial_6
126,wood,6,0.1,1.0,1.0,650.0,1700.0,12.60066,0.9529084176002277,0.9230361920588216,composite,332,10.4007,0.00066016,104.0,2.199959999999999,-8.399999999999987e-07,3.903999999999995e-05,-0.7275446023979488,wood_trial_6
127,wood,6,0.1,1.0,1.0,650.0,1700.0,12.70066,0.9477212675734602,0.9230361920588216,composite,332,10.4007,0.00066016,104.0,2.2999599999999987,-8.599999999999884e-07,3.903999999999995e-05,-0.7204288447231815,wood_trial_6
128,wood,6,0.1,1.0,1.0,650.0,1700.0,12.8007,0.9425341175466928,0.9003742728045465,composite,332,10.4007,0.00066016,104.0,2.4000000000000004,-8.79999999999978e-07,3.899999999999997e-05,-0.7275446023979488,wood_trial_6
129,wood,6,0.1,1.0,1.0,650.0,1700.0,12.90066,0.9425341175466928,0.9003742728045465,composite,332,10.4007,0.00066016,104.0,2.4999599999999997,-8.79999999999978e-07,3.899999999999997e-05,-0.7275446023979488,wood_trial_6
130,wood,6,0.1,1.0,1.0,650.0,1700.0,13.000660000000002,0.9373469675198973,0.9003742728045465,composite,332,10.4007,0.00066016,104.0,2.599960000000001,-9.000000000000761e-07,3.899999999999997e-05,-0.7204288447231428,wood_trial_6
131,wood,6,0.1,1.0,1.0,650.0,1700.0,13.100700000000002,0.9373469675198973,0.8777123535502713,composite,332,10.4007,0.00066016,104.0,2.700000000000001,-9.000000000000761e-07,3.895999999999999e-05,-0.7346603600726778,wood_trial_6
132,wood,6,0.1,1.0,1.0,650.0,1700.0,13.2007,0.9425341175466928,0.8663813939231337,composite,332,10.4007,0.00066016,104.0,2.799999999999999,-8.79999999999978e-07,3.894e-05,-0.7488918754222511,wood_trial_6
133,wood,6,0.1,1.0,1.0,650.0,1700.0,13.30066,0.9373469675198973,0.8777123535502713,composite,332,10.4007,0.00066016,104.0,2.89996,-9.000000000000761e-07,3.895999999999999e-05,-0.7346603600726778,wood_trial_6
134,wood,6,0.1,1.0,1.0,650.0,1700.0,13.4007,0.9321598174931299,0.8550504342959961,composite,332,10.4007,0.00066016,104.0,3.0,-9.200000000000657e-07,3.8920000000000014e-05,-0.7417761177474451,wood_trial_6
135,wood,6,0.1,1.0,1.0,650.0,1700.0,13.500700000000002,0.9321598174931299,0.8550504342959961,composite,332,10.4007,0.00066016,104.0,3.1000000000000014,-9.200000000000657e-07,3.8920000000000014e-05,-0.7417761177474451,wood_trial_6
136,wood,6,0.1,1.0,1.0,650.0,1700.0,13.600700000000002,0.9269726674663625,0.8550504342959961,composite,332,10.4007,0.00066016,104.0,3.200000000000001,-9.400000000000554e-07,3.8920000000000014e-05,-0.7346603600726778,wood_trial_6
137,wood,6,0.1,1.0,1.0,650.0,1700.0,13.70066,0.9269726674663625,0.8437194746688585,composite,332,10.4007,0.00066016,104.0,3.2999599999999987,-9.400000000000554e-07,3.8900000000000024e-05,-0.7417761177474451,wood_trial_6
138,wood,6,0.1,1.0,1.0,650.0,1700.0,13.8007,0.9217855174395951,0.8323885150416596,composite,332,10.4007,0.00066016,104.0,3.4000000000000004,-9.60000000000045e-07,3.8879999999999926e-05,-0.7417761177474838,wood_trial_6
139,wood,6,0.1,1.0,1.0,650.0,1700.0,13.9007,0.9165983674128277,0.8323885150416596,composite,332,10.4007,0.00066016,104.0,3.5,-9.800000000000347e-07,3.8879999999999926e-05,-0.7346603600727163,wood_trial_6
140,wood,6,0.1,1.0,1.0,650.0,1700.0,14.000660000000002,0.9165983674128277,0.821057555414522,composite,332,10.4007,0.00066016,104.0,3.599960000000001,-9.800000000000347e-07,3.8859999999999936e-05,-0.7417761177474838,wood_trial_6
141,wood,6,0.1,1.0,1.0,650.0,1700.0,14.100700000000002,0.9165983674128277,0.821057555414522,composite,332,10.4007,0.00066016,104.0,3.700000000000001,-9.800000000000347e-07,3.8859999999999936e-05,-0.7417761177474838,wood_trial_6
142,wood,6,0.1,1.0,1.0,650.0,1700.0,14.2007,0.9165983674128277,0.8097265957873845,composite,332,10.4007,0.00066016,104.0,3.799999999999999,-9.800000000000347e-07,3.883999999999995e-05,-0.7488918754222511,wood_trial_6
143,wood,6,0.1,1.0,1.0,650.0,1700.0,14.3007,0.9114112173860603,0.8097265957873845,composite,332,10.4007,0.00066016,104.0,3.9000000000000004,-1.0000000000000243e-06,3.883999999999995e-05,-0.7417761177474838,wood_trial_6
144,wood,6,0.1,1.0,1.0,650.0,1700.0,14.4007,0.906224067359293,0.7870646765331093,composite,332,10.4007,0.00066016,104.0,4.0,-1.020000000000014e-06,3.879999999999997e-05,-0.7488918754222511,wood_trial_6
145,wood,6,0.1,1.0,1.0,650.0,1700.0,14.500660000000002,0.9114112173860603,0.7870646765331093,composite,332,10.4007,0.00066016,104.0,4.099960000000001,-1.0000000000000243e-06,3.879999999999997e-05,-0.7560076330970186,wood_trial_6
146,wood,6,0.1,1.0,1.0,650.0,1700.0,14.600700000000002,0.906224067359293,0.7870646765331093,composite,332,10.4007,0.00066016,104.0,4.200000000000001,-1.020000000000014e-06,3.879999999999997e-05,-0.7488918754222511,wood_trial_6
147,wood,6,0.1,1.0,1.0,650.0,1700.0,14.70066,0.906224067359293,0.7757337169059717,composite,332,10.4007,0.00066016,104.0,4.299959999999999,-1.020000000000014e-06,3.877999999999998e-05,-0.7560076330970186,wood_trial_6
148,wood,6,0.1,1.0,1.0,650.0,1700.0,14.8007,0.9010369173325256,0.7757337169059717,composite,332,10.4007,0.00066016,104.0,4.4,-1.0400000000000036e-06,3.877999999999998e-05,-0.7488918754222511,wood_trial_6
149,wood,6,0.1,1.0,1.0,650.0,1700.0,14.900660000000002,0.9010369173325256,0.7644027572788341,composite,332,10.4007,0.00066016,104.0,4.4999600000000015,-1.0400000000000036e-06,3.875999999999999e-05,-0.7560076330970186,wood_trial_6
150,wood,6,0.1,1.0,1.0,650.0,1700.0,15.000700000000002,0.895849767305758,0.7644027572788341,composite,332,10.4007,0.00066016,104.0,4.600000000000001,-1.0599999999999932e-06,3.875999999999999e-05,-0.7488918754222511,wood_trial_6
151,wood,6,0.1,1.0,1.0,650.0,1700.0,15.10066,0.9010369173325256,0.7530717976516966,composite,332,10.4007,0.00066016,104.0,4.699959999999999,-1.0400000000000036e-06,3.874e-05,-0.763123390771786,wood_trial_6
152,wood,6,0.1,1.0,1.0,650.0,1700.0,15.2007,0.895849767305758,0.741740838024559,composite,332,10.4007,0.00066016,104.0,4.799999999999999,-1.0599999999999932e-06,3.872000000000001e-05,-0.763123390771786,wood_trial_6
153,wood,6,0.1,1.0,1.0,650.0,1700.0,15.3007,0.8906626172789907,0.741740838024559,composite,332,10.4007,0.00066016,104.0,4.9,-1.0799999999999829e-06,3.872000000000001e-05,-0.7560076330970186,wood_trial_6
154,wood,6,0.1,1.0,1.0,650.0,1700.0,15.4007,0.8906626172789907,0.741740838024559,composite,332,10.4007,0.00066016,104.0,5.0,-1.0799999999999829e-06,3.872000000000001e-05,-0.7560076330970186,wood_trial_6
155,wood,6,0.1,1.0,1.0,650.0,1700.0,15.500660000000002,0.8906626172789907,0.7190789187702838,composite,332,10.4007,0.00066016,104.0,5.099960000000001,-1.0799999999999829e-06,3.868000000000003e-05,-0.7702391484465534,wood_trial_6
