outer_fold,held_out_material,trial,acquisition,res_size,leak_rate,input_magnitude,spectral_radius,washout,n_estimators,max_depth,learning_rate,min_child_weight,subsample,colsample_bytree,reg_alpha,reg_lambda,mean_inner_nrmse,sd_inner_nrmse,mean_inner_r2,performance_index
1,aluminum,41,expected_improvement,22,0.7506998656376592,1.7630023032893565,1.1864962664266194,1,536,3,0.035526223326561995,7.542675759023076,0.8960224292973136,0.38448527955452105,2.45521015918722,35.0450648611629,1.684377525351221,2.295390047318783,-45.90111498794147,2.2582250371809165
1,aluminum,28,expected_improvement,34,0.059620990169912236,1.9773667487610533,0.47777854993804975,4,163,3,0.06942060629442938,1.464445999700961,0.7984385997631545,0.7295389882480539,0.0006958680407521433,2.9207610183526533,1.704415826594089,2.3092660242841436,-46.665037345304036,2.2817323326651247
1,aluminum,45,expected_improvement,14,0.7236903733973473,1.9360614100078943,1.2586923204272042,1,299,3,0.0315059273242275,1.129642103408604,0.8253899428980634,0.3109425548384419,4.982182822007387,24.5040843423914,1.7300271593643042,2.321575195225385,-47.505276037419016,2.3104209581706505
1,aluminum,18,expected_improvement,52,0.3269137441629609,1.9752114856591765,0.5867206074672346,4,118,3,0.011876448283847952,2.1401071396781166,0.6287332028863015,0.7918676840280885,0.0001355240246931832,0.3168685386418283,1.8015025490022325,2.4331619340375537,-52.032542179456335,2.409793032511621
1,aluminum,5,random_initialization,50,0.3066624286075803,1.4219567530472257,0.5460509823716979,4,573,3,0.015593340469512369,1.5957677007372617,0.9551009381429107,0.7509591414510408,0.0003312772638739824,36.74135068061802,1.8404422917204282,2.5386374112500523,-55.8864584950356,2.4751016445329412
1,aluminum,26,expected_improvement,54,0.2662447855449035,0.6376822568323649,0.363743866901027,4,373,3,0.01523587754747772,4.938176866096668,0.9126976759383022,0.6492082928393932,0.023358075536319956,0.5272370589646295,1.892296137284823,2.626715796228094,-59.636934583250834,2.5489750863418466
1,aluminum,19,expected_improvement,38,0.415144284348403,1.752004834307817,0.5161350133799697,4,190,3,0.010232800082981152,1.2348773805834379,0.9940290132049693,0.9056001543124383,1.0301836773365098,6.839056777162818,1.9214876261175833,2.6604163448121922,-61.31033083557791,2.5865917123206312
1,aluminum,47,expected_improvement,18,0.5837439068533272,1.8514862791958295,0.69383828053567,1,217,4,0.032738525844689594,1.4161863986863985,0.8550780440195216,0.6639873371644509,9.20385539232207,74.31745501982164,1.970898922537275,2.726576193122739,-64.48615977108759,2.6525429708179598
1,aluminum,11,random_initialization,77,0.8640469732534523,0.9517318578102858,1.0366506130195974,1,570,1,0.07157411244499004,4.121057774306968,0.6249333090231828,0.9860311438137828,0.0036818828034045287,0.2395918257117939,1.9650128104462241,2.762011659486324,-65.47510435092643,2.655515725317805
1,aluminum,4,random_initialization,22,0.13944821637026594,0.7812855962300833,0.5642459833651412,4,270,3,0.13945854082124465,7.9521134709972285,0.7414839340302958,0.7858508296491826,2.8178806282340303,2.5919974234946976,1.9797151469194778,2.7293396524206672,-64.77747530239006,2.6620500600246446
1,aluminum,16,expected_improvement,80,0.3747208933037991,1.5823006620714144,0.5060147795948857,4,481,4,0.02978171313664825,2.651760488263672,0.6668903342932326,0.8892462151729181,0.010351151340609427,42.46586512119102,1.9985313561157128,2.8119288070318538,-67.85337051265199,2.7015135578736764
1,aluminum,32,expected_improvement,49,0.13534369427224924,1.5805883811626,0.6688887971799098,4,118,2,0.018333513081811154,11.316264768283473,0.649503255747594,0.8238711654181903,0.00035085363597615556,10.475285878357283,2.015290001040105,2.80902849974619,-68.14793536843743,2.717547125976653
1,aluminum,25,expected_improvement,69,0.2826876965350446,0.8085514269841134,0.5138368750034888,4,252,3,0.11709500120659114,4.459681810358471,0.8784180225734666,0.8009284293182399,0.03317029838888762,44.20454435107766,2.0323132613134245,2.8561947364430282,-70.0944489307167,2.7463619454241814
1,aluminum,49,expected_improvement,13,0.8091064048932658,1.108801717710798,0.34955693538753085,1,314,3,0.02272120814761428,3.9919652125693124,0.9134901937926055,0.8868282580808746,0.08624405388405186,27.375068565344126,2.11546051239476,2.95391915842679,-75.3758278094183,2.8539403020014573
1,aluminum,38,expected_improvement,39,0.07652934243709861,1.7233766823125263,0.37968093670965386,4,334,3,0.10599337214616006,2.074794765746397,0.7287591307496252,0.6335959252885708,0.00011828609987488542,0.10148439902532108,2.1565790607490842,3.0590020150252752,-80.04296047828423,2.921329564505403
1,aluminum,50,expected_improvement,14,0.8097486219630662,0.6186223940781617,0.9902158799500262,1,434,4,0.04155035180240416,3.315438843034726,0.7172654494080176,0.38740954355880786,0.00946854464153917,57.876734553597394,2.1971317173890355,3.126044806352212,-83.46214556882335,2.9786429189770884
1,aluminum,21,expected_improvement,34,0.24442921005386575,0.7758442054995982,0.6548766136985522,5,543,3,0.027565350463100408,1.4366094034544419,0.6121667646465762,0.5686280700585138,0.0004998947515551784,0.21656793852099548,2.2122940999163982,3.2113631430845664,-86.97300337449083,3.01513488568754
1,aluminum,20,expected_improvement,48,0.4469882360000529,1.6966311131861351,0.5415155797665512,5,584,2,0.025925548387705666,2.606116761092685,0.8144245933127415,0.8377837572254119,0.0003859062702245427,4.585407469963097,2.244870109178918,3.261693091131397,-89.6975246864963,3.0602933819617673
1,aluminum,42,expected_improvement,16,0.7551938596203355,1.8452441130370025,1.4323850845919057,1,416,2,0.037580883639048136,9.658205396724505,0.9151986798493944,0.7756296395735927,3.6721564091280063,64.4974824771269,2.2649907709617647,3.2350825899305606,-89.2255597203793,3.0737614184444046
1,aluminum,29,expected_improvement,26,0.05412359031522514,1.679866603329471,0.3696764448874401,4,581,3,0.07679099136737219,1.5513793434228231,0.6792939019144295,0.7137986565756685,0.0274744370551384,28.6689618245027,2.2522619153939147,3.313071487383301,-91.84044870593507,3.08052978723974
1,aluminum,17,expected_improvement,48,0.27304342466786824,1.1461261223898673,0.49667127455515137,0,414,3,0.09095029506163155,1.606830939313446,0.9804087228556682,0.7304171949170337,0.00014017268414855542,22.68822254933836,2.2806793217580785,3.3113514717189374,-92.52204619478064,3.108517189687813
1,aluminum,2,random_initialization,12,0.9153496206658023,1.554109898228462,1.1682644648577398,1,394,3,0.11726239906079858,1.131307591281419,0.6407407895535239,0.978866977630056,0.9560735018448427,1.1927854890317129,2.3382346911750718,3.40453668168616,-97.6790179774809,3.189368861596612
1,aluminum,37,expected_improvement,27,0.36740317173605797,1.7549865398091782,0.6607699509075793,4,510,4,0.06637098674137124,3.3998312507284467,0.7179707149469883,0.8587087455440146,0.00011825105927581137,0.3515716963197943,2.3497849195283673,3.400616179511239,-97.84019130406209,3.199938964406177
1,aluminum,24,expected_improvement,67,0.3598363235683458,0.7203780106369764,0.5628383728791564,0,339,3,0.018516613226158506,1.5355750648946207,0.7385357220974706,0.5606311404999195,0.00029094804540711255,93.38040018201208,2.3544979148642593,3.38299480189431,-97.2786856965954,3.2002466153378366
1,aluminum,35,expected_improvement,56,0.12258289877604886,0.6581005708447114,0.6008748930472984,3,437,3,0.01944539396083262,12.653177600304724,0.9921969622428771,0.7848940309595074,0.002007462466411285,4.377541279674535,2.353241626183523,3.396869386284448,-97.78848615067338,3.202458972754635
1,aluminum,31,expected_improvement,57,0.13267868077481929,0.5843597426950958,0.42167691365779847,4,394,3,0.05358091164588535,9.88757909408122,0.7499807527498545,0.9688036377789435,0.6429930427643584,1.7638623974436787,2.367575333236521,3.384899047832234,-97.71390403457883,3.2138000951945793
1,aluminum,48,expected_improvement,58,0.7718986759198343,1.875194584783181,0.3580715178632193,1,124,3,0.03452278607626553,10.309303199001437,0.7313864997702534,0.6563894040102847,1.226451038518837,46.10172357382577,2.3929630984166343,3.4600979038513833,-101.38531896074318,3.25798757437948
1,aluminum,3,random_initialization,19,0.632215558260202,1.8635918787203676,0.5507229204021271,4,192,3,0.014600101587154824,19.48936145743379,0.6195402253350584,0.5502741052641751,0.1606258274575314,7.305295392146365,2.400647784454268,3.4749984119234627,-102.19523204421067,3.2693973874351334
1,aluminum,40,expected_improvement,32,0.29296875531607536,1.9928879886996795,0.5504599977213502,1,111,3,0.0369264982959869,12.402529228735766,0.9575568149848737,0.7251098635935074,0.0007839602290645513,1.179177931513853,2.456377092908579,3.592794694607134,-108.57689884220771,3.3545757665603624
1,aluminum,14,random_initialization,45,0.40805857721051203,1.7146335112725615,1.2186530103226139,1,158,2,0.03297989849922805,1.7474318749251385,0.7799804558165504,0.8732844969601445,6.943867157977644,7.753598412679413,2.4635756495912484,3.5830325256560185,-108.37715147586694,3.359333781005253
1,aluminum,27,expected_improvement,40,0.16813364113135204,1.0419806168254209,0.4718926655374659,4,296,3,0.03834468098016466,8.52804899189964,0.8183243071348535,0.32067861764600575,0.00025805095015295833,4.82326225156681,2.4756501280729113,3.6490271404441326,-111.4803470139078,3.3879069131839445
1,aluminum,36,expected_improvement,38,0.133948681261645,1.9255957409620637,0.33280978498349595,2,132,2,0.06712632041397147,5.799640232479694,0.783230575003189,0.6261238344144265,0.0038536430881997955,0.1698419606008448,2.499011987362593,3.651507204670386,-112.25970843056157,3.4118887885301894
1,aluminum,43,expected_improvement,63,0.6558650765210148,1.6427109803135858,1.431953017474942,1,455,4,0.11762491031354552,13.15858711438411,0.9369432577571694,0.9308373770796345,1.7320603824140466,0.5444909116898148,2.544465726859049,3.8171842213349216,-120.73535441055434,3.4987617821927794
1,aluminum,10,random_initialization,38,0.2348667628527925,0.8003563712250243,1.2905052916631155,1,575,3,0.12757117375018573,1.463711437491241,0.6281076986883142,0.3487306303047678,0.0006185344876235239,0.24468298529771665,2.573530561941335,3.804122098895904,-121.02442456565916,3.524561086665311
1,aluminum,39,expected_improvement,65,0.29039194154178843,1.2787175884186615,0.5726631971392915,4,184,3,0.06140769583885775,1.5876785765146104,0.852401816474496,0.573555062669213,0.0001687526867793093,1.3906901135454897,2.5743709739086826,3.812236563272347,-121.40703015360876,3.5274301147267693
1,aluminum,6,random_initialization,50,0.4218172642367899,1.6825170611650118,0.9187284888082345,4,258,1,0.018219228341273052,7.551403245050783,0.7979009427614313,0.7817705137450237,0.08857060750830077,10.514956024078224,2.589496565175609,3.775083180105032,-120.23077017998585,3.533267360201867
1,aluminum,33,expected_improvement,68,0.34618980532078514,1.6846440853399756,0.3258308692295613,4,173,3,0.07656680920432751,14.39757669342566,0.6976517304666618,0.7210609420025784,0.8241873797200615,0.4880063522099664,2.5855387108754644,3.7982071305101552,-121.12683981382607,3.535090493503003
1,aluminum,15,random_initialization,43,0.4736572440193618,0.4800774196357882,1.329820839145303,1,449,2,0.12211541173289485,14.837397139426553,0.9473880524126784,0.5646221648391645,0.0005297293792624469,10.175794844624924,2.5870356586463528,3.809733646009414,-121.67567055620954,3.5394690701487064
1,aluminum,22,expected_improvement,38,0.31940350456451916,1.3467732881513315,0.5817750014686457,3,319,4,0.011794609582315124,4.84676937840054,0.7754174924380081,0.9489898704512987,0.47159236434448226,14.872155144840853,2.5946020604707356,3.8065045282183583,-121.76176173119006,3.546228192525325
1,aluminum,44,expected_improvement,76,0.34015561930771376,0.9408181200554101,0.521592498901842,3,402,3,0.036368129030980086,11.71561887690999,0.6895538580169083,0.9107993134063808,0.06946982015001552,22.252094944983877,2.6601507253264525,3.904720812442592,-128.13654921854513,3.6363309284371006
1,aluminum,12,random_initialization,52,0.0767093271571275,0.8382309104789029,1.4529167327512953,4,220,3,0.08502235937459972,19.339814373670205,0.6817753792371142,0.661563893087026,0.01141501041744222,6.7735487579954485,2.6731662937468728,3.9900418631213848,-132.42864018744058,3.670676759527219
1,aluminum,9,random_initialization,51,0.18911537810680717,1.1913510841940385,0.5702953621900935,4,111,1,0.040627928669254756,1.401050671442747,0.8066133814934686,0.3623355059756914,1.063321872632433,23.556420661640086,2.697745104955673,3.9011332950853546,-129.14113278405844,3.6730284287270116
1,aluminum,34,expected_improvement,60,0.28710186526860526,1.8289049279495666,0.6286713116326065,5,438,3,0.03032474883287667,1.1344789584769315,0.6614762543113911,0.7892064237902264,2.6363780880876786,1.3296988103822887,2.6845643401121584,4.019697329149532,-134.15596139602636,3.6894886723995413
1,aluminum,23,expected_improvement,32,0.34202534072087104,1.1181403055316756,0.5648702571569519,5,598,4,0.010505436110526255,1.4062193252497204,0.6232289179390829,0.6681219892011394,0.0012028930299440971,1.411050859878564,2.713101782105753,4.055482221326707,-136.71845970872565,3.72697233743743
1,aluminum,1,random_initialization,11,0.3972942957965762,0.3944110773151144,0.8974819029153143,2,453,2,0.05378534666290853,5.367237001711054,0.6359390999293191,0.3062584788570718,0.008154594453375784,49.076995896503114,2.726762051290397,4.022600585629194,-135.61518335839912,3.7324121976976956
1,aluminum,30,expected_improvement,44,0.8195131593207554,0.32578598244383705,0.43825092580331576,4,266,3,0.11352444476027765,9.286847786782564,0.8082614190114835,0.8136055807736535,0.0001316686020176356,0.18724804585724145,2.791277555234818,4.1650126375508245,-144.4179007073331,3.832530714622524
1,aluminum,8,random_initialization,66,0.27982017387977165,1.2681961442528047,1.1575080728348477,3,577,3,0.06290110163679075,1.0501926338363732,0.6592699575580653,0.4505039620174998,0.007416974135681198,0.44985454896536875,2.8192810690557453,4.229924751240076,-148.47515167301987,3.8767622568657645
1,aluminum,13,random_initialization,17,0.2659766966311425,0.4037073895223261,1.0999042012118998,2,494,3,0.08634530778884966,2.7687194873593235,0.6146338465090835,0.9347400947227522,0.012223766882343537,60.92675493294534,2.869769038865588,4.316078876247348,-154.39434473452923,3.948788757927425
1,aluminum,46,expected_improvement,51,0.6780184021079003,1.8915981779312405,0.9713663375634756,4,429,3,0.058597922814561325,2.606896237022115,0.9607708247856157,0.9090277046164037,0.1619499921230414,30.318015930586306,2.938295808956644,4.496736180792405,-165.90155944701596,4.062479854154745
1,aluminum,7,random_initialization,36,0.28317034299870947,1.4415767151199568,1.078138877933357,0,398,2,0.13424286733161025,1.5603308136279734,0.8078656922264991,0.5514604372625913,0.05522828616229167,17.738099885778585,3.0098316521555772,4.560572813778134,-171.71035983002784,4.149974855600111
2,bismuth,42,expected_improvement,35,0.8476848255389203,1.2556627970834995,1.413344617930153,1,104,3,0.011887190907832202,4.453150436057857,0.7121542910872825,0.3179977551953288,0.07876236317087461,20.32452748256929,1.806960781987966,2.3492130735200916,-49.82562810562666,2.394264050367989
2,bismuth,25,expected_improvement,51,0.6965250867081777,1.0977498643886527,0.49783962687317873,2,224,3,0.011609647482644805,1.7316172073450917,0.6515615899816447,0.4700995043688453,8.49499263334547,36.99779018291314,1.7949011670014638,2.4664474257496756,-52.834274493867596,2.4115130234388826
2,bismuth,31,expected_improvement,27,0.8311045234825686,0.9089166852102651,1.268501823236314,1,116,3,0.011301205905134528,2.5036318699425135,0.8296315952901557,0.3703368669829414,0.49356989888692426,1.4875919873364232,1.9320648675268564,2.6481295446864435,-61.167063805000055,2.594097253698467
2,bismuth,44,expected_improvement,31,0.9358290983310926,0.39496714959959556,1.3685568559575036,1,335,3,0.11739077812532683,2.4937070497455314,0.6776105200163699,0.306449830528857,0.09392332643916104,29.031145803610528,1.9223780720983181,2.8086690127402996,-66.00959628666371,2.624545325283393
2,bismuth,38,expected_improvement,18,0.5815432017434546,0.8980732010391368,0.9097374779496645,1,187,4,0.0176208581230694,2.8747856040788338,0.6676435279911601,0.44415769651444276,9.702570041944568,77.83594436957833,1.9822755243808154,2.7583104521513357,-65.74834349235361,2.6718531374186494
2,bismuth,41,expected_improvement,49,0.7271907473891519,0.5265766584165599,0.8654495200905299,1,321,4,0.01683047856768655,1.4032175754477765,0.7066643733572064,0.4344834573240054,3.7371700301704545,2.5751467265580024,1.9770992245043983,2.8854402587592594,-69.77302804766735,2.698459289194213
2,bismuth,48,expected_improvement,33,0.6621173666868789,1.5538420227339909,1.3772802642845985,0,171,3,0.012127536507322194,4.391056943164689,0.9131449579925383,0.32308665739719494,1.6089947695864248,17.376923161935995,2.0132954652793815,2.8760886952270743,-70.30047998745052,2.7323176390861503
2,bismuth,24,expected_improvement,56,0.7000615360306429,1.7332700881357246,1.4416077810445629,3,223,4,0.0231118504173139,2.7295679873317793,0.8649438937776599,0.3468839170152124,0.0009683050846564033,0.16196247890808185,2.0341394751277955,3.019285686284117,-75.66591026129893,2.788960896698825
2,bismuth,35,expected_improvement,35,0.6630539384717552,0.9031352420437689,0.42472122357877334,1,134,4,0.010640651512764904,1.1763842716203394,0.6496917352207682,0.4877963241423039,0.7390788327633098,0.2710436451336512,2.069751250599771,2.927196676420673,-73.35131986794991,2.801550419704939
2,bismuth,2,random_initialization,52,0.6271182410759883,0.33176979426904335,0.660294151323422,1,215,4,0.018076753301264372,2.038314342434667,0.701272110251338,0.43455449438154026,0.001971217126844381,0.16318802534186994,2.047898392325648,3.02138033455587,-76.06519071836043,2.8032434759646154
2,bismuth,26,expected_improvement,19,0.8378100665005732,0.5747023864452157,1.1488581922063816,1,196,3,0.014924285418373115,1.146047028102476,0.7758414099899187,0.4732573006735395,1.078214331069541,1.5382137376879461,2.13208816258587,3.1702678312991734,-83.43284753363136,2.9246551204106632
2,bismuth,1,random_initialization,37,0.5833010515480417,1.5403279778922552,1.4819114739080286,4,300,3,0.036533161412682376,3.2201422991222355,0.6293751497033715,0.309906724524208,0.0022818290554431214,49.42401296016916,2.1314062028660916,3.1866172921831057,-84.01544514412812,2.928060525911868
2,bismuth,47,expected_improvement,68,0.6616270103648808,0.25344253794077753,1.3308417695471555,1,129,3,0.012131588242125457,3.492597593337159,0.7820642046294467,0.3311927730642122,0.01271308287954969,0.3144767823342192,2.2177353294574313,3.198838501737325,-86.64472983324919,3.0174449548917623
2,bismuth,13,random_initialization,80,0.8292338227771628,0.7132922873504746,0.45088944765544414,3,165,2,0.06570496908811892,2.207999998733185,0.7879551337752444,0.509166821194152,0.000473192823444079,3.5504690500248,2.2023924594094026,3.2714111233253456,-88.96304318157686,3.020245240240739
2,bismuth,4,random_initialization,54,0.08114130477792507,0.6678233588543253,0.4971978000336076,3,509,2,0.07564989276264943,3.0191098005602504,0.9891901442898159,0.8803679770574195,0.0018740570049309519,4.805656104850644,2.1972700852760028,3.2959056870721795,-89.7617934595279,3.0212465070440477
2,bismuth,10,random_initialization,23,0.07782525133173486,1.453209641555643,0.46645830251120035,3,362,3,0.028056388550076646,13.929753448888984,0.9000178850346133,0.8449131443283737,0.8176163797384712,3.925804194384143,2.2105884657660893,3.3091403417704837,-90.60725831975326,3.03787355120871
2,bismuth,46,expected_improvement,15,0.8351536452536947,0.5358977538212684,1.1465483641014373,1,319,4,0.02363765400594019,3.677564901109295,0.8344556198350996,0.3934013198693107,0.0002837305215295547,0.6515537950466498,2.265314469421482,3.4077706272174675,-95.8555596413475,3.117257126225849
2,bismuth,27,expected_improvement,18,0.07689207447093413,0.8180848128891134,1.0737901142845911,2,540,1,0.07468201014239827,18.38911078929823,0.6799612836997782,0.9797295037207054,0.00038960651433891567,2.0640325854091035,2.310352417028163,3.4916912462879126,-100.39585643758103,3.183275228600141
2,bismuth,21,expected_improvement,40,0.7425181092878854,1.2644567264822255,1.1731273792810943,2,238,4,0.01029606969308229,6.950016135669251,0.9064517232441017,0.3180804477035385,0.008130497477320404,9.316344870672808,2.3430213070566737,3.5018889449719217,-101.6906636130234,3.218493543299654
2,bismuth,18,expected_improvement,23,0.25247077965671016,0.2512291887264375,0.727274381189428,1,578,2,0.09731530823274606,1.4347543726508403,0.7341759957106847,0.7237209390859812,0.45244025401492904,1.9059260564947027,2.410212506994644,3.6602242584660103,-110.09379070669365,3.3252685716111468
2,bismuth,50,expected_improvement,29,0.860330064316501,1.352243468230005,1.2961653159149578,1,195,3,0.10959490638818631,3.0835542210628275,0.704779256872474,0.30686725678126353,0.000995184857099142,4.744448467093581,2.4134516962412977,3.65004770029019,-109.7540311030987,3.3259636213138455
2,bismuth,15,random_initialization,31,0.06716188357570602,1.2904787862629266,0.6367820806238544,2,182,2,0.010568190362503886,1.5361168114601929,0.7423215093163134,0.9119707313963565,0.0011334637279371944,0.3484181739147084,2.4280815972348107,3.6347360637558066,-109.52222791991423,3.336765613173762
2,bismuth,32,expected_improvement,39,0.7383905891757969,0.8532232266770787,1.019389596887856,1,183,3,0.013277192850164378,1.3133772358992584,0.6942100475668205,0.485155795237315,0.1273528065004583,4.2576037108603195,2.4516410905040464,3.698875673833846,-112.90648423074772,3.376360008962508
2,bismuth,33,expected_improvement,31,0.6892603582081163,1.0643814289063442,0.31390513965182404,3,469,2,0.010371989924142299,1.6134587468241997,0.6960904020414332,0.5005819497070072,0.43358043332889723,12.596461789272277,2.4565158258801536,3.720651350217689,-113.97808496414565,3.3866786634345756
2,bismuth,28,expected_improvement,57,0.6809233386878639,1.6499868846093009,1.0915554243954677,4,308,3,0.011020481016480939,1.7912021216761935,0.662787378812726,0.32964919729042463,0.00012340865242496598,36.13229544845925,2.458964303982156,3.712036467561204,-113.67870126951418,3.3869734208724567
2,bismuth,43,expected_improvement,38,0.6019607870136578,0.3681611212229253,0.6966164733136953,0,160,3,0.06908547454720747,5.1273289735766845,0.6502029076301903,0.4544250653370162,7.7688867221833195,0.23475807169896284,2.464912989153989,3.735053826981538,-114.83802546005576,3.3986764458993735
2,bismuth,34,expected_improvement,18,0.8908460687225311,0.8727457239311256,0.5673127679732484,3,135,2,0.018160331613064386,2.9825062091959453,0.7026390454917992,0.3991622947554136,0.11183472749851504,0.1588172533312086,2.494868675325129,3.7682824113568145,-117.14114641208367,3.4369392781643326
2,bismuth,40,expected_improvement,79,0.632116185449254,1.0214180288024468,1.216355630379745,1,399,4,0.06128713193564539,1.5972604125503016,0.6355208071676912,0.45579079143840495,0.25374967618288063,2.8644792419155634,2.525191185032383,3.842124864550938,-121.26928700199555,3.4857224011701176
2,bismuth,23,expected_improvement,39,0.7348604160316156,0.5698888114016648,0.7864811401381865,5,192,2,0.11988902482134368,1.229490088361763,0.9148130109698238,0.30311496455542675,4.816468884755259,7.9311391339352495,2.547641925254096,3.889240241418074,-124.03483886348236,3.5199519856086146
2,bismuth,17,expected_improvement,24,0.7229995272201631,0.48573174715095035,0.5406718051462516,3,146,2,0.022099618935384358,1.6417818427143285,0.9296205936406543,0.6914882260904051,0.18810648382522535,0.617442110546338,2.5970749971800404,3.966062711854226,-128.99759697874742,3.588590675143597
2,bismuth,20,expected_improvement,78,0.68076686628341,0.3330401719362815,0.39466056695238044,2,325,2,0.11963088563920396,1.1650206171647606,0.8238779698877208,0.4336647149774384,0.0021576249212523187,0.7189999161589895,2.6021212389779036,3.9896913807105876,-130.235268520265,3.5995440841555504
2,bismuth,45,expected_improvement,50,0.7867634514308287,1.8932992024475348,0.421577206730673,0,424,2,0.09703208061251863,5.485708415720623,0.6302039357258367,0.4762587675292168,2.859769376393542,86.28288751294724,2.6169083388980283,4.020084732389494,-132.08909544225065,3.6219295219954017
2,bismuth,29,expected_improvement,61,0.6678369417891402,1.5253874835400223,1.3110638273361337,0,242,4,0.011641943293442293,6.379253054989079,0.6789566058118158,0.5200489359409657,3.704467381821099,6.1310522694737895,2.66461934130945,4.079211188506341,-136.31828716331214,3.6844221384360356
2,bismuth,30,expected_improvement,71,0.8542994148939612,1.6611873231519998,0.4934784605738926,2,236,1,0.07124965311522441,2.1564403037156077,0.7533363602793264,0.4840827864046767,0.0583413489613275,0.33822387328457465,2.7084191768744152,4.136725294341875,-140.4114673610985,3.7426005004598837
2,bismuth,3,random_initialization,69,0.35301502865160694,1.090251945703247,1.0129732339986721,1,448,2,0.14091129590060866,1.052073311887481,0.7133544160524512,0.8781633353039322,0.0001042382658441772,0.22682183875866135,2.809177848564625,4.3396429958164715,-153.57342761946765,3.894088597518743
2,bismuth,8,random_initialization,57,0.25536380504167266,0.8595003580388726,0.7124016449240366,4,365,3,0.09489791144099273,3.315289346663687,0.7907012036713879,0.7017433877765574,7.553343414265412,6.2977390219336415,2.8889688091552683,4.475831902951911,-163.1478422509415,4.007926784893246
2,bismuth,22,expected_improvement,60,0.5643167857477378,0.6018530212056736,0.6907454651941545,2,162,4,0.022538711114795013,6.613524681822263,0.6819343818740855,0.34527658882238066,0.0003518113652746382,0.15636729255490828,2.9003337826091258,4.488568305596007,-164.18871938751363,4.022475859008128
2,bismuth,49,expected_improvement,18,0.900565609944066,1.7043416819270265,0.7296423394490652,1,354,4,0.036487230973812394,1.5299047858240498,0.6509925505131587,0.4419087288453068,0.009104406749827447,0.18760572716698584,2.9032574291232196,4.512578715752243,-165.53571991099534,4.031402108061281
2,bismuth,39,expected_improvement,43,0.6810771784484897,0.7350905932056282,0.5135174453057925,3,259,3,0.013368120046573636,3.0505276878641645,0.7195023030290371,0.35933867923664503,4.871931134881998,4.841602933616789,2.9240025515528774,4.525265384234031,-166.90021876367746,4.055318897611385
2,bismuth,7,random_initialization,33,0.09916362864935221,0.8535167909293403,1.141350790644737,0,151,4,0.047680687889373435,18.59515803616595,0.7036237420102732,0.3099881906324076,0.0006469075215391312,0.18120865708571046,3.0709902333161656,4.810405013453503,-187.39067822325015,4.273591486679541
2,bismuth,14,random_initialization,39,0.19560595997300673,0.9056394530623821,1.163373910088429,4,288,4,0.014101719937380536,18.745797774520316,0.884627514816559,0.3223843089636061,0.00019253856035576783,2.991281670467519,3.2355807633163014,5.060025814027009,-207.64571088375365,4.500587216823053
2,bismuth,5,random_initialization,16,0.6827475750302799,1.858308003250097,0.9247157534671986,4,464,3,0.09122447818809915,1.7282461498646216,0.7072309359279343,0.5105281215355469,0.006780756408537454,0.41834816942014585,3.248824435622269,5.072309521515561,-208.86232497058143,4.516901816001159
2,bismuth,37,expected_improvement,62,0.7484151112580739,0.7440208555176011,1.352012194140642,3,262,3,0.011008157238138517,1.3374584008845467,0.8548315032600022,0.41148171235538145,2.1658760167609015,5.585672022251416,3.280189838368463,5.145207584682246,-214.35522886406739,4.566491734539024
2,bismuth,19,expected_improvement,31,0.2433416303976802,0.3255339804141842,0.6578897175867497,3,124,1,0.04434914079369724,4.028966696113069,0.9813997837669969,0.3517756746641084,0.007597809504309274,91.56545295842956,3.298598488718857,5.13626826197154,-214.5262678024309,4.582665554211742
2,bismuth,36,expected_improvement,28,0.7028984246675408,0.6409044185285777,0.41801373556576643,3,254,1,0.01502330743027953,1.9646045909881265,0.9152212180932566,0.4164505316792293,0.0013194921207327027,0.8017776014757395,3.322041377537217,5.160862118004549,-216.88899968887225,4.612256907038354
2,bismuth,12,random_initialization,67,0.882513685721247,1.1330764489879401,0.507871198191142,4,144,3,0.04456403825947607,10.083538436262852,0.9069325205104565,0.8106643277217949,0.2596528008010358,4.752638179834423,3.336065215255072,5.237424367107365,-222.03009393398233,4.6454213070319135
2,bismuth,9,random_initialization,76,0.4095387441588309,0.3598531439901316,1.3145836976387633,0,121,1,0.04971057717066056,7.817101685192693,0.6337722511893454,0.7015320312500464,0.2379961664280347,41.77485985827081,3.413689311464504,5.35323512153453,-232.15606098411104,4.751998091848137
2,bismuth,16,expected_improvement,39,0.929917469895583,0.563115349015739,1.4432401416047353,2,476,4,0.02052056693196166,2.1046526550665114,0.6882614086328676,0.6246964626717608,0.0005214843704021742,19.27527130981701,3.4498480841484724,5.465863189857768,-240.63619421638668,4.816313881612914
2,bismuth,6,random_initialization,76,0.5002570721465405,1.168803530258101,0.5890371966468555,2,106,1,0.09344836268864914,7.57104425518128,0.9165567426827208,0.43852816201838407,0.00045979639182053755,1.522368975026394,3.473107512584753,5.491748452120982,-243.20918867578524,4.846044625614999
2,bismuth,11,random_initialization,41,0.6553638230426336,1.7038289948292784,1.0450125853785999,3,153,4,0.03981821309942899,2.454456937132672,0.8634207070415547,0.9522172995389537,0.02082455771761418,86.20893122444122,3.553392182543983,5.62386151341756,-254.96584890396693,4.959357560898373
3,cement,20,expected_improvement,72,0.31435386612593086,0.6268064019094712,1.0426645225124893,3,594,2,0.09922175994491572,2.6032953533425154,0.7328254960579604,0.6692207436989153,0.01046196122280532,27.555905724228285,0.5371881968254701,0.48957735942069946,-1.6890937904520937,0.659582536680645
3,cement,12,random_initialization,51,0.23047587055509056,1.347693648537774,0.4722903699312071,4,549,2,0.07580491913298398,14.153251886763114,0.7388682450869648,0.7493480239209895,0.0004681487755624872,2.6492526549434183,0.5603180932877057,0.5318930297772462,-2.0303477797096727,0.6932913507320172
3,cement,49,expected_improvement,25,0.2045013673706112,1.8096065448159653,0.45683628750630834,4,585,3,0.08278114541164172,1.364055555670575,0.7656422173759161,0.7277028925593299,0.02445478552295345,9.01633255429819,0.5676121207403566,0.5458683033105617,-2.147303889442975,0.704079196567997
3,cement,42,expected_improvement,14,0.06677135728598285,1.1158749701642767,0.5677179701011839,5,564,3,0.08692837614199139,11.597323958133336,0.7274176510471198,0.7492294735694824,0.011434105040260456,0.5516130466825009,0.5716615788854684,0.542641140489094,-2.1527588063887317,0.7073218640077419
3,cement,34,expected_improvement,52,0.1929435548832602,0.2608440920319288,1.3358370726106206,2,595,3,0.06918444850006783,2.256582078991265,0.7822645599733234,0.41034412870003373,0.008780098589149297,22.505496634823228,0.5839267507860474,0.562093788672086,-2.331206009186676,0.724450197954069
3,cement,16,expected_improvement,27,0.12630828741980465,1.4154770460753516,0.34303833190438854,4,414,3,0.09419510749340537,3.8678003237937677,0.9131933788856355,0.6080118031333106,0.02685567605515549,11.413492855481376,0.5846448372168289,0.579409021420893,-2.4313627591465687,0.7294970925720522
3,cement,3,random_initialization,73,0.2664056671765825,1.3410656029765955,0.8605393150332539,3,405,3,0.06383980732624882,1.146489221667973,0.7812729907923613,0.6725120940275005,0.22164343795432084,11.151071774233147,0.6012664028179433,0.5892963254518218,-2.5932580329970185,0.7485904841808988
3,cement,21,expected_improvement,54,0.8732797218224898,0.5173783683511308,1.3762993319169765,2,565,3,0.10624099774200282,2.518896151830321,0.9942157337537171,0.7118820132425712,0.01807234399468396,54.67939967161166,0.6001402870279438,0.601081352033774,-2.6522540405520374,0.7504106250363872
3,cement,41,expected_improvement,34,0.4233494953461458,0.31284679334388643,0.8936505983792677,1,293,3,0.130561604152846,3.6031552692227904,0.9774877558230968,0.8436566037004007,0.025715693227562366,4.20619695979949,0.6035879811774012,0.5987252111373718,-2.6605919330082966,0.7532692839617441
3,cement,36,expected_improvement,80,0.3404369890061885,1.7122613239314401,0.8470717124336198,0,597,3,0.1106430478053615,1.4018637437433936,0.94768014637819,0.42753610975396594,0.05755639444364991,32.36214809249916,0.6030671871048725,0.6107556024056111,-2.72756268533108,0.7557560877062752
3,cement,23,expected_improvement,78,0.08858547157409166,1.341757113886122,1.004373901646977,1,359,2,0.09664243628863092,9.42053394861835,0.9500517433258892,0.5247118800789282,0.0006752854229553096,0.7137310944717651,0.6067513332975105,0.6133797761323282,-2.765057685123775,0.7600962773305926
3,cement,17,expected_improvement,23,0.08193177717502549,1.9247358642350436,1.1051112078400758,4,150,2,0.11594138175050245,2.0947464859160023,0.6708324973060792,0.7285032868561858,0.00020182976510876882,5.012284657841276,0.614837746965438,0.6207062590278086,-2.8615848805267334,0.7700143117223902
3,cement,31,expected_improvement,55,0.7333051230368268,1.9697862564764617,0.8234934101486338,0,578,2,0.08912735786681754,18.91927552878987,0.8008401639196369,0.8477121307081181,0.015503881877486875,6.355602527966357,0.6218501242162965,0.6046313943993346,-2.810712277946549,0.7730079728161301
3,cement,24,expected_improvement,77,0.08059252691627998,0.780998226841207,1.3115199945772622,5,456,2,0.0893653491310952,4.656489820524327,0.9070727260883037,0.59135837276264,0.001231794850709238,41.26756831407066,0.6203012927873659,0.6348137459075563,-2.9822644296932617,0.779004729264255
3,cement,26,expected_improvement,50,0.9359536472443377,1.984095272175853,1.356007060002703,2,562,4,0.07238503930317831,3.8969929134335266,0.9384339965510954,0.6647613335527476,0.05866530894213913,1.4630595575353424,0.6259011804647331,0.631321497875667,-2.99683573025396,0.7837315549336499
3,cement,35,expected_improvement,74,0.08515083434200574,1.6694796987977634,0.38333449864349123,2,483,3,0.08450884393474348,3.3625446387772384,0.8848628218465625,0.9512443181807015,0.23021828011425013,1.3101692547401032,0.6280084883283723,0.6305973315482308,-3.007395141189322,0.78565782121543
3,cement,32,expected_improvement,74,0.22535806768234384,1.1634464172150372,1.00435988331381,4,591,4,0.0951035901544234,19.801855200031298,0.6348260992955784,0.5624910317422631,0.007036433814827282,5.107200161457658,0.6270088853442367,0.6454739682749678,-3.092878980439693,0.7883773774129786
3,cement,14,random_initialization,19,0.3578840809620223,1.7985349692859807,1.2705642037983864,3,107,3,0.1354269914066168,8.406323621244468,0.8457283168970205,0.5175380100108252,0.00528827599938149,3.7900138698053847,0.6347966302530942,0.6374506317296439,-3.0948359409787516,0.7941592881855052
3,cement,47,expected_improvement,42,0.12695528096720193,1.1044429758384258,0.6928766390225676,4,599,2,0.07509952666230876,19.36764895911038,0.7752579258276973,0.8762397171287355,1.0023730157502164,67.09744102767534,0.6453975027782277,0.6736819794929771,-3.396926132454161,0.813817997651472
3,cement,50,expected_improvement,23,0.6717451046119006,1.72024918537318,1.178642717867324,3,573,2,0.06451979869368023,1.4531693039163394,0.706095160975331,0.7562080260465465,0.004539030539972303,1.9315974216375285,0.649438618172608,0.667166149864108,-3.381518207878633,0.816230155638635
3,cement,33,expected_improvement,77,0.6316835716538086,1.1498030443328193,0.807237365573612,5,581,1,0.09917875602280117,18.477833321207722,0.8158378900775923,0.7440687022046313,0.0015583255393338629,3.249046859986987,0.6617798513044122,0.6726589175120851,-3.5023613284945543,0.8299445806824335
3,cement,39,expected_improvement,63,0.7366084084672148,1.6037787127323684,0.9587481892418213,3,525,2,0.11735449775276079,18.48310139460081,0.6725779654545778,0.47474467880620047,0.01997948205718543,11.962898950801469,0.6587000737372825,0.6859833545256858,-3.5689659348753517,0.8301959123687039
3,cement,27,expected_improvement,33,0.2570017188887595,1.3864716019079606,0.8369330918681055,1,530,2,0.12601521068643834,6.0115548897864866,0.7950611927128002,0.6297043426449342,0.00016042167643809304,0.3171111538943261,0.6597251914850688,0.6878700631717873,-3.587653517415369,0.8316927072780156
3,cement,45,expected_improvement,80,0.7326271232030298,0.8330288963835086,0.3053001876278845,4,579,2,0.08905039191799789,1.0598570952198445,0.8632894848265893,0.5536146704114769,0.00022363096180662113,2.509496024428113,0.6633600353052025,0.7021643785628174,-3.710255413833105,0.8389011299459068
3,cement,40,expected_improvement,60,0.2611199836089081,0.9030323597304803,0.31623681382660374,3,530,4,0.12467362883368165,9.963423909199792,0.7339737359418441,0.3371160909632852,0.7540568960771956,21.687690769363748,0.6667023898784701,0.7058911566446787,-3.7591428289569553,0.8431751790396398
3,cement,5,random_initialization,35,0.3745578536971915,1.7864402264091548,0.7416587382448308,1,264,3,0.024059257902555253,3.5999689510933,0.9751059259914042,0.5109880507727425,0.0015351156823309898,3.946816832143859,0.6702518780617268,0.696122566411913,-3.717083104822999,0.844282519664705
3,cement,38,expected_improvement,65,0.07639440727742354,0.5931363745378256,1.037729910957151,3,599,2,0.07082598525067299,11.384952136706781,0.9205227232031676,0.8983705800169068,0.006383262465417234,14.157916624896695,0.6745019700151995,0.6899759061552799,-3.7045901981303673,0.8469959465540196
3,cement,15,random_initialization,27,0.06398246829379861,0.9277013691853045,1.4488019952045748,1,130,3,0.11376745317468721,1.8493633284865774,0.8802612707666118,0.5515276956468435,0.03531554982098233,0.2771289292908907,0.6743325051516571,0.7020165617226611,-3.784163740574712,0.8498366455823224
3,cement,46,expected_improvement,53,0.9126968660864634,1.0735772279322617,0.691512434310898,3,547,2,0.11965683829622924,9.261481263023283,0.6003258935217521,0.9858525627096437,0.0008432042940412543,5.781103333206233,0.6761045258181415,0.7209386411810705,-3.9299948089902816,0.8563391861134091
3,cement,22,expected_improvement,63,0.15120738201963319,1.4231160692069946,0.45767780311165407,4,506,3,0.1263752716568567,6.3233232390234235,0.6173090892178016,0.7247805879648039,0.00018971168163277237,53.2458493890902,0.6807724381241975,0.7294509158211158,-4.022450991251163,0.8631351670794765
3,cement,7,random_initialization,54,0.28305909498015497,1.008614571323189,0.7994194654249669,3,544,2,0.03576970474477124,9.451593595130095,0.8201473585026127,0.6328920164785634,0.28102744549477876,99.06672279445463,0.6831714015877031,0.7353976810127553,-4.083506041495191,0.8670208218408919
3,cement,44,expected_improvement,20,0.06173424327889047,0.9749908965083429,0.6891379596204295,5,341,2,0.1265592437781082,4.237526690216881,0.7787475197009583,0.6472441700258732,0.00021996331494612657,51.494373505057105,0.6799500273315755,0.7494719175983418,-4.159954876734952,0.867318006731161
3,cement,48,expected_improvement,48,0.21866263342216402,1.4657389001141048,0.47853137868614326,4,300,3,0.08667001999209183,1.5447606578670336,0.9851564485120281,0.47076946351357196,0.31223803887164897,7.625169815888548,0.6818549541632397,0.7423526644670763,-4.122547501035501,0.8674431202800088
3,cement,37,expected_improvement,64,0.5340381294833222,0.8620655396766617,1.4140910860980034,1,481,1,0.09239214966332294,1.163609830920497,0.7452262792645945,0.8545304288269988,0.00011098527080702257,62.04414227418343,0.6886867357644222,0.7287336850393741,-4.0738055689580595,0.8708701570242657
3,cement,29,expected_improvement,16,0.14822469565341206,1.2694659627629703,0.9155626478282872,1,522,1,0.08029193008539467,6.810414815812215,0.659844044034639,0.5691578149288283,0.053100386343635474,22.24130028856562,0.7053461068921456,0.722435860699214,-4.151059622168324,0.8859550720669491
3,cement,43,expected_improvement,73,0.1578279949310647,1.1306810294613694,0.6738979215651872,0,563,3,0.07528028744087091,14.729903171824958,0.7554188401145664,0.4812618785252072,0.002643014551795001,0.21262061853617284,0.7003798842483804,0.7669818852283945,-4.436909489629334,0.892125355555479
3,cement,18,expected_improvement,65,0.20828726223703659,1.909291132931507,0.7554223130363158,3,327,2,0.058188976146684876,1.3799965441510638,0.7901974917900256,0.6362018529151532,0.00010265100235515556,10.628151561705742,0.7062974935319486,0.7806523456628468,-4.5831481298856325,0.9014605799476603
3,cement,11,random_initialization,42,0.5137606777637236,1.0119835961837065,0.8283648912964883,2,392,2,0.03298248876353451,1.1481360058440888,0.6155161452220077,0.5647542618056764,3.951398927038142,7.080118208800659,0.7139723201799568,0.7600833291076268,-4.487499895505106,0.9039931524568635
3,cement,30,expected_improvement,39,0.8853304997883311,0.3731315147995533,1.3571201388597367,3,521,2,0.12670206861301783,1.3003399829456894,0.8098567923119955,0.4625828396431452,0.0010091515880005448,0.1137061427940334,0.7277771475756047,0.8003191001078597,-4.89534391923045,0.9278569226025697
3,cement,9,random_initialization,76,0.33632343196741815,0.6971035541789891,1.0805337468460554,2,442,4,0.010491259684146333,1.0328688079909314,0.9912676235562525,0.951538292650014,0.00045211951398960496,76.24914063904613,0.7402504696997019,0.7673415353231442,-4.742281380917261,0.9320858535304879
3,cement,8,random_initialization,60,0.8921875794397753,1.1193220568474853,0.7136934613704591,4,271,4,0.05248042036035117,2.299887670562125,0.7210074524395477,0.8027467198720217,0.0019135775466913969,93.92138379949732,0.7454978289665637,0.8277748163547055,-5.250669587143392,0.95244153305524
3,cement,1,random_initialization,66,0.0845707276020109,0.9786472005192028,1.1974182201915335,3,239,2,0.0192856563414949,5.132169734335645,0.7768597444351217,0.3546536662089799,0.42605463914369496,1.2233151423986472,0.7575182232401179,0.8393995490239152,-5.440553898304499,0.9673681104960967
3,cement,25,expected_improvement,18,0.647352696654903,1.486059559357149,0.38470237548767067,1,219,1,0.07825325790427971,1.0371047484218294,0.8076364924236505,0.8946487154277545,0.0038797387849339574,4.376082633801208,0.7906492795782615,0.878158711551969,-6.032104239459918,1.0101889574662537
3,cement,10,random_initialization,30,0.3530340535603001,1.5059517937706952,0.8111945299961498,2,464,1,0.0988020427606438,2.1037539947909885,0.6498069232877146,0.9628518570643723,4.987610508219906,6.123461958506122,0.8023402244953399,0.915015436179154,-6.450196412208052,1.0310940835401285
3,cement,2,random_initialization,15,0.06438554571565668,0.5213084250715623,1.1007984204551888,5,473,2,0.01565247257463008,1.4979992900549306,0.808668996188544,0.30968032252215494,1.6958237060721892,73.57804689677711,0.8133298442558314,0.8807714619240585,-6.246455748773694,1.033522709736846
3,cement,4,random_initialization,44,0.3704850455859242,0.6264523390664339,0.5401171052692688,3,320,3,0.01560569306476208,17.379397993729214,0.9195133274846948,0.7273452818520885,2.7427086171680264,86.91936473936116,0.8222176369585549,0.8467843515782167,-6.038565051009927,1.0339137248531092
3,cement,13,random_initialization,78,0.7089140021351418,0.8675619536849383,0.7883737703296521,3,149,3,0.054372450304549035,18.853880523492354,0.6310823238640154,0.8961895844356371,5.556300688360445,0.10190866882415872,0.8118767088137229,0.9295726116135136,-6.66285853769487,1.0442698617171013
3,cement,6,random_initialization,13,0.9335585358263077,1.3360079026957474,0.8173071893378745,4,321,1,0.017462568174524754,15.278608856070214,0.9513810567249672,0.5166693515189804,0.025939950920546587,1.8420767072067445,0.8422588438843222,0.8893345908700954,-6.571337067241823,1.064592491601846
3,cement,19,expected_improvement,29,0.0770062124149447,1.6413692335225913,1.2337086181798056,2,224,2,0.01841450591009025,18.500150491944204,0.899473745934056,0.7671948493198446,0.005940323942500124,10.990634805417322,0.835719508480466,0.932856147817585,-6.897827351560964,1.068933545434862
3,cement,28,expected_improvement,24,0.3833546213949767,1.4041051484424625,0.8287417435525066,3,122,1,0.08667372628773372,13.138348736872771,0.607204334993075,0.7407997326969232,0.31110995131343033,1.7666070551222182,0.8475640691017075,0.9683943615753637,-7.33151957698932,1.0896626594955483
4,copper,20,expected_improvement,53,0.1476210670768739,0.5563715333387322,1.2123411038648004,0,584,2,0.13956740559875594,2.3960442573056167,0.7215676573258281,0.6511273718834695,0.005464416962268174,88.87914818768125,0.39646108598035207,0.3622092346871526,-0.4598726347621821,0.4870133946521402
4,copper,33,expected_improvement,28,0.09003229241944022,1.8943525846686255,0.642330183256644,2,565,3,0.14557562457793108,3.7976587171180323,0.9226509196983496,0.4162169524650836,0.011202533876339299,5.7492488115695535,0.3972526080742309,0.3651428457806745,-0.47371576317183806,0.4885383195193995
4,copper,47,expected_improvement,26,0.22561519428996263,1.9555344319666683,0.8370403863288249,2,536,4,0.11317441787429931,2.237881615894476,0.993117157940044,0.3967273822015766,0.00889113478883105,14.835064761881144,0.40876931175249703,0.36786131727943766,-0.5337159230993002,0.5007346410723564
4,copper,42,expected_improvement,15,0.715265536262008,1.9363905238605406,0.3841783572333413,4,272,4,0.1495268727607241,1.7232771158780393,0.6093448316094013,0.41329882638114446,0.11709086414753103,0.1588376149297369,0.4121262608622981,0.36609054930474894,-0.5404057914942165,0.5036488981884853
4,copper,41,expected_improvement,43,0.05171460256559466,1.2417847928525862,1.4491616937776237,0,451,4,0.10777221693268382,2.913390323031756,0.8565151875405965,0.486522526583969,0.011514035742126328,52.87496319277469,0.4139497330157934,0.37138537429471613,-0.5690433452032277,0.5067960765894725
4,copper,4,random_initialization,33,0.0691809112067585,1.2505985274229297,1.2714782611463658,0,221,3,0.13846909762392232,19.833479863013547,0.6010311380280086,0.4404329210682512,0.08396830134132621,12.87867650625124,0.425661706873217,0.3938297095101556,-0.7046489483802294,0.524119134250756
4,copper,43,expected_improvement,66,0.2697796599348748,1.952152857483878,1.4634216854312918,2,585,2,0.146481384167308,3.151123857727646,0.7304651306894095,0.5917147224961865,0.050849102415041904,0.4025344210094144,0.42918696058372774,0.3932609200368489,-0.7142965443595692,0.52750219059294
4,copper,48,expected_improvement,71,0.1288552923576688,1.7696088971479087,1.043221262197887,5,400,4,0.04719027770734524,15.773701900003584,0.8014842117311775,0.5758274331997801,0.024747731090726168,0.17322761596140174,0.43066900791476026,0.39140196472713595,-0.7148412781737843,0.5285194990965443
4,copper,18,expected_improvement,21,0.06302229502041927,1.1876241067916473,0.4401686176297763,4,530,4,0.11018192048549068,1.468709655895606,0.8161100415779389,0.6859977942473232,0.05684933511814787,51.45451235830968,0.4268896525770809,0.40711215063473183,-0.7596925298865504,0.5286676902357639
4,copper,26,expected_improvement,39,0.919672257176727,1.2157306760548017,0.6557541860073326,2,154,4,0.14293415967029793,4.548470414811357,0.9593356724893417,0.6014778381139545,0.09010444994050476,2.285764164067015,0.43172349554116735,0.3955276247541386,-0.7358518809986017,0.5306054017297019
4,copper,8,random_initialization,31,0.6538310231714827,0.5766202909172887,0.6898743206844096,1,548,4,0.10935886221188307,10.352408891600177,0.6782868774083711,0.32564054088280625,0.011325113512084754,20.28372219347854,0.4371493533007229,0.3878919714576173,-0.7319071155942091,0.5341223461651272
4,copper,39,expected_improvement,20,0.4526245795305248,0.33223953893830116,1.4865110966240256,3,596,3,0.09781767646286639,3.247993650330838,0.7820959007600413,0.31387756167005154,0.1998799725629778,58.49072320668095,0.43958321569430736,0.39121314043343386,-0.7570564851110757,0.5373865008026658
4,copper,45,expected_improvement,40,0.9211098269642428,1.7341073235341766,1.3228101329892643,3,130,4,0.14941350870252781,8.323441341660226,0.8525169399376816,0.7729381721569506,0.0022117361881891554,16.55295488680071,0.4419715462244198,0.3862341362740794,-0.7475840014743668,0.5385300802929397
4,copper,28,expected_improvement,23,0.08467494867303027,1.0103216246085074,1.186914300528545,5,453,2,0.1476921932434293,1.6353620762953784,0.8768447503478554,0.47364586404054176,0.042789601131278915,56.170556630490125,0.4348532825248308,0.4165513316960691,-0.8333163964151494,0.538991115448848
4,copper,12,random_initialization,46,0.774770088743907,0.48724441399397844,1.1280412904196004,2,523,4,0.13071085930748214,9.630943755179203,0.68964662342216,0.8266494334749259,0.001693291649457475,28.583025747543598,0.4390633685628085,0.4099865107017373,-0.8287231978247889,0.5415599962382428
4,copper,44,expected_improvement,62,0.6006749348065261,0.523703166742034,1.2857117561359146,2,531,4,0.05271113687903994,4.567779346761318,0.8739322075933575,0.6206507351924672,0.08649063874615498,0.9045420139114306,0.44384431281076847,0.39455882555622157,-0.7899065918685131,0.5424840191998239
4,copper,31,expected_improvement,22,0.440775283436225,1.4651153739415141,0.45615859879227905,1,367,4,0.13089886843001408,5.835742411892967,0.7282371478490414,0.8139646302399122,0.0010886822780865088,1.9773389444368221,0.44559568140608447,0.3934173255494916,-0.7876291282926207,0.5439500127934573
4,copper,9,random_initialization,77,0.08856887832178667,0.27457841406889116,1.4863925914740996,0,348,3,0.0672426751049612,2.227645309293687,0.9493055567514606,0.5579984015546444,0.06450848046587812,35.46980833904546,0.4428397349854337,0.4167693579664813,-0.8712345313721618,0.547032074477054
4,copper,50,expected_improvement,26,0.1944893449206146,1.618708994789433,1.3835616571977913,3,562,4,0.04406487960250648,3.8657086563857312,0.93754863759982,0.3247848750782251,0.000516304370337084,17.64131028513353,0.4428599171733184,0.41955969616697303,-0.8841426753403137,0.5477498412150617
4,copper,40,expected_improvement,27,0.11808313468794827,0.8445837968279766,0.4894387537138138,2,534,2,0.11737122883298,14.657691201067761,0.7139765937990985,0.3232993506277855,0.006173590062919539,23.58748464290776,0.4425764387616099,0.4267615045808499,-0.9101771417057686,0.5492668149068224
4,copper,16,expected_improvement,50,0.24664766323535425,1.2292682335298033,0.7132650363589834,4,534,4,0.1319642898251593,8.842510584992107,0.993792960567843,0.4713295004151451,0.6352485439938028,0.49031972846966126,0.44044610095836684,0.43715364801425505,-0.9443037286365256,0.5497345129619307
4,copper,29,expected_improvement,21,0.7480072636255136,1.3728019057065033,1.0854400861737485,0,568,1,0.13267240420926396,1.3833570157733892,0.6568384476255332,0.9164287908030146,0.005712620003453314,0.10611318825134239,0.44698932980472006,0.42353696916747297,-0.9210113902627722,0.5528735720965883
4,copper,5,random_initialization,33,0.6542596298158313,0.9019595224144892,0.9351474079268767,2,460,2,0.06351658980756854,3.316723169316912,0.7688425958655167,0.8350557764800541,0.3964232975929305,0.10124858949846742,0.44687516596347965,0.42886088671238404,-0.9408289119044854,0.5540903876415757
4,copper,22,expected_improvement,64,0.054513504127911006,0.515320457839614,0.8432599090629251,3,436,4,0.13256498265787373,1.5636251967150891,0.839309060928092,0.5858406881738107,0.00099218703196159,33.325794385138806,0.44985333302680974,0.42806794806761983,-0.9496608216622582,0.5568703200437147
4,copper,34,expected_improvement,31,0.1975692319667905,0.40152956876255963,1.4246563519294935,3,528,4,0.13739983828657754,9.535279492587906,0.9919209430284166,0.4851614986848839,0.01225393108591284,0.3559127292423973,0.45241960341564363,0.42132426965103537,-0.9336469198924272,0.5577506708284025
4,copper,21,expected_improvement,63,0.2775632635040344,0.35409787373721113,1.0954429404715207,1,538,2,0.11956414888588411,1.1403220136628793,0.6647030461959708,0.9449560859995425,0.3367094771355698,5.874090052229535,0.4544096068241204,0.42136262828154486,-0.9435924575257468,0.5597502638945067
4,copper,23,expected_improvement,15,0.0772066903866677,0.550758157237142,1.0198745467985608,4,243,4,0.04733292186380992,4.513099641301226,0.9983030696108142,0.46059885989239413,0.06594921144594414,0.12606221335788872,0.4493458224602078,0.4455760461653829,-1.022455330960126,0.5607398340015536
4,copper,14,random_initialization,30,0.05556592063463402,1.2073502424254925,1.1591572699229375,2,542,2,0.045474919486028276,1.6281716502273553,0.8279945357913375,0.6624106201780979,0.00038657541934769454,3.0262129333601027,0.4523663438489839,0.43755699090151307,-1.0009371191900291,0.5617555915743622
4,copper,17,expected_improvement,41,0.6599947538436053,0.4986324077055696,1.3943573221084513,0,528,4,0.11316178044602913,12.166774637962783,0.6478351830197985,0.3231795396411447,2.33966719110093,0.13907786163525052,0.4586041667641873,0.43908635328349815,-1.0398449269532648,0.5683757550850619
4,copper,24,expected_improvement,22,0.11087138839059837,0.8404301879520907,1.4389675283107055,1,536,2,0.07493539971863268,8.893580790517197,0.9126050376942447,0.9249437400023177,0.05867690066201226,89.59035634356418,0.45652318794371266,0.44788615724075154,-1.0678421444726485,0.5684947272539005
4,copper,11,random_initialization,55,0.16385167253026311,1.625105305250453,0.4586644890923441,4,244,3,0.03606565598159411,3.1223717263833057,0.9388233419221996,0.5099822893774713,0.0008345272755594008,19.28953825692155,0.45659559517679793,0.45241180407406517,-1.0862172983850102,0.5696985461953142
4,copper,38,expected_improvement,47,0.10884925694065209,0.2842680841832365,0.6865014071524542,0,404,4,0.14860802513579596,3.530260873670433,0.8674144319950109,0.7862524353249025,0.034979317105761555,1.21473799363665,0.466915921097619,0.4205801845812607,-0.9970606895601022,0.5720609672429342
4,copper,2,random_initialization,34,0.5886718426081589,1.6083132348204692,0.6301288002500345,1,215,4,0.03247969213287801,10.897791130784137,0.9161850504581258,0.5641295879541972,0.00023514864355560715,0.2297792757595632,0.4582759620967056,0.4640041926932606,-1.1484114134040668,0.5742770102700208
4,copper,36,expected_improvement,65,0.10719900285400016,1.4113084805603127,1.1154058447296047,5,520,1,0.1084918135823158,11.441773560319218,0.7360152655582324,0.7990934998887407,0.00793473282630221,0.16998320389411412,0.46586755595875595,0.44176686910391305,-1.0832749999056364,0.5763092732347342
4,copper,46,expected_improvement,55,0.337773359847383,1.3219001538529802,0.30717850689366877,0,580,1,0.14916848325532084,1.1431604426220483,0.9888667169281352,0.7691908783360144,0.0001005318515529699,16.314956589441763,0.4677948728589141,0.4731366130697287,-1.235356866250803,0.5860790261263462
4,copper,15,random_initialization,17,0.6673419363800763,1.3429896796271354,0.7629979963017843,1,434,2,0.06490130459257366,1.2559378383268764,0.8323846551752874,0.7725217915382535,0.017313238851089697,0.8754061827432547,0.4786718288584965,0.4709739600966136,-1.2785892238425127,0.5964153188826499
4,copper,35,expected_improvement,48,0.43371295676786936,0.26432267506602,1.4315067076304142,4,578,2,0.09152401584475489,7.818575421516263,0.7760944816288151,0.47383486502289435,0.00012414937808361508,54.20225140968272,0.48942717069156383,0.4751485691993556,-1.3499749660589726,0.6082143129914027
4,copper,19,expected_improvement,27,0.10713765767175926,1.7611935334149194,0.8378489373529421,1,549,1,0.1460583474885805,13.726932634153558,0.8044080103789489,0.3105294228660545,1.4141406743574525,1.330205092487985,0.49000716799701594,0.4919097228853616,-1.4317950453422905,0.6129845987183563
4,copper,7,random_initialization,21,0.5965125840394785,0.5519676583964666,1.3716790944483759,5,181,2,0.09754750087889,8.575044224042962,0.8120457844554949,0.5733091279865236,0.09214680079959428,1.1435195671837688,0.49850487071066846,0.47020451190500495,-1.372588411169759,0.6160559986869197
4,copper,49,expected_improvement,78,0.3924731212563387,0.9857972805511269,1.4460079425398649,1,502,3,0.049352672129768904,18.670227653961124,0.9076204665234978,0.7591309122695102,0.6300037482109438,0.1200401683148608,0.5011622772688078,0.4832930172686826,-1.4479630847593223,0.6219855315859785
4,copper,32,expected_improvement,20,0.5904648271810861,0.880659296905616,1.3787481672678574,1,309,4,0.03178762934381986,2.8934289311346535,0.8737143793885915,0.32255860197208813,0.4629176395587341,59.76725962330465,0.5147334399406394,0.4878386259816756,-1.5422452868358902,0.6366930964360582
4,copper,37,expected_improvement,32,0.09882364142880457,1.822530533932826,0.5777630778722116,5,197,2,0.10601866859031675,7.287322305757614,0.6814585821693995,0.7911141435035427,0.0002061029104993537,61.45133314034958,0.508042791483128,0.5164133958864912,-1.6473247775453475,0.6371461404547508
4,copper,10,random_initialization,48,0.621492953687408,1.1278796644972688,1.40682843969786,2,314,1,0.06009450135221294,14.557838843474368,0.7024267471551776,0.5660133713382196,0.00014083666761808194,1.8290362330789378,0.5329847925974345,0.5237840966602516,-1.8196086958691922,0.6639308167624973
4,copper,25,expected_improvement,19,0.3593507011297258,1.3018790042046438,0.6828971266869355,2,551,1,0.1485596419938567,1.3997877852177554,0.6424041924293425,0.8258818555503824,2.420530740537209,71.06105833077615,0.5500157970778803,0.5669180940761686,-2.144433193509165,0.6917453205969224
4,copper,30,expected_improvement,42,0.16968675329516175,0.7999112084176113,0.31227679202047637,5,218,4,0.017876273506422753,7.574688325157247,0.6131192978923031,0.5211860597941442,0.08447101766851695,25.744943750316025,0.5750583521911141,0.4919653462554789,-1.8994152744240118,0.6980496887549839
4,copper,6,random_initialization,76,0.609368705842505,0.36797484688132803,0.8711650611020063,3,102,3,0.05699989074201267,8.010542352882632,0.7095868721263461,0.8139429275270778,0.024927275362344778,24.354024154636985,0.5823111774119889,0.5732744245414874,-2.36714032816687,0.7256297835473607
4,copper,1,random_initialization,38,0.7754714792954346,1.714126110790267,0.7481851136037421,1,302,2,0.011337386934471484,8.184518754358512,0.7287234109707257,0.9022544218862165,0.5456941613125604,0.686014873590496,0.604143584902309,0.551037418549727,-2.377459351260654,0.7419029395397407
4,copper,3,random_initialization,49,0.7795285068063192,0.9805958732411445,0.793460219819522,1,190,1,0.02202939026762506,4.129321907548672,0.6769190908867433,0.41812746837660997,0.0013583152966394924,0.26074831684058813,0.6218458976609575,0.5336102382577462,-2.396647094787958,0.7552484572253941
4,copper,27,expected_improvement,54,0.09645114818432546,0.8414064801215603,0.44152600275964293,1,250,1,0.08521705493314703,3.6497609719483637,0.9359920336103495,0.46163697974317497,0.44147809366590585,61.26290758697785,0.6174832498250123,0.6225440593530586,-2.8741405512392437,0.773119264663277
4,copper,13,random_initialization,62,0.7511824823367297,1.4240261433892425,0.8684829100075768,3,422,1,0.011752316674283768,3.350699628826599,0.814029910210879,0.5771740097199538,0.0033585092523657862,1.3475652692234061,0.6416260366574523,0.5595454899942173,-2.6638445814170155,0.7815124091560066
5,cork,38,expected_improvement,48,0.24158596947797,1.8148652674823336,1.4895766780714386,2,569,3,0.1356412609258027,2.7944849782142898,0.9181291661277684,0.6332543906178549,0.0001942000845124222,11.49393022116001,0.5119426537595535,0.3698080851066666,-1.049140130747106,0.6043946750362201
5,cork,28,expected_improvement,34,0.3810831978040919,1.9771804697136712,1.237310452106791,4,469,4,0.12674586340355248,5.4446319133501575,0.889846878343981,0.64805069310775,0.00011971589489887674,0.8485978699022338,0.5097371450569717,0.38843992688336365,-1.1116782807682815,0.6068471267778126
5,cork,14,random_initialization,45,0.5347790742455323,1.8271636681000227,1.2584440917150899,1,319,4,0.11483329094420852,3.0630226098450692,0.985136911543472,0.7310207048033012,0.004375799963488347,7.953116674194763,0.5132996523659533,0.383302445309498,-1.1063144054099554,0.6091252636933278
5,cork,30,expected_improvement,68,0.21853829482483766,1.909011959010446,1.4496033731885853,4,418,4,0.08171727265485502,3.4438918184713705,0.781832416904665,0.7366975562907143,0.0015140309807640984,28.68155959096096,0.5243786830878433,0.4060297259290991,-1.2539056721037811,0.6258861145701181
5,cork,33,expected_improvement,23,0.36911043252725767,1.5938986567348257,1.3642517835954189,3,209,4,0.13296308538881904,1.0019620764170827,0.8790774361675326,0.6767162475453895,0.00033028316527557465,1.6842572887586411,0.532731840751084,0.40673914491635715,-1.3050332090177947,0.6344166269801733
5,cork,27,expected_improvement,48,0.38679945229857954,1.6363586443667373,0.8706701301222046,1,264,4,0.12413506883936277,2.205905727946509,0.6752719846509303,0.7679677703117276,0.0007729758707458109,32.24236611861753,0.5400578219985805,0.4301092647754362,-1.4410014166575325,0.6475851381924396
5,cork,44,expected_improvement,61,0.45777498185669735,1.8237220324657544,1.3978740148624398,4,186,4,0.13587124269054673,3.244950562819644,0.8634699286862915,0.691017856099948,0.020062415199941386,4.872471529904864,0.5437352314143179,0.4229400919879067,-1.4317472894493382,0.6494702544112946
5,cork,46,expected_improvement,31,0.45151641180687757,1.5232285040207454,1.1185986004503883,5,593,4,0.09023536306545715,1.0809746231305484,0.834318561895146,0.7137294368503868,0.0401811310615101,99.7731562610344,0.5430331919871338,0.428873509922537,-1.455610394606659,0.6502515694677681
5,cork,41,expected_improvement,31,0.594302955086976,1.9295096499465751,1.309709854301299,0,244,4,0.10029888242270708,4.639199468117264,0.8654012220483966,0.4339507008181558,0.0008168097628861334,11.336706104791542,0.549125647496111,0.4206532431394391,-1.4513369437057677,0.6542889582809708
5,cork,34,expected_improvement,71,0.06691419058495451,1.7686526061275794,1.4457058215064176,2,143,4,0.06645969718246854,2.0793621144955674,0.9782132864838724,0.43808614086647285,0.023432027140422928,8.212117396270823,0.5600253198805165,0.45898040149277414,-1.6726902440831473,0.67477042025371
5,cork,32,expected_improvement,10,0.34515976073321397,1.928694808770048,0.8569216302151319,3,165,4,0.08068254558955262,3.5697383811409504,0.6724536182580549,0.7793641843470452,0.00014200936324294694,1.274132380537816,0.5637688994785554,0.4587219601518298,-1.695629262275839,0.6784493895165128
5,cork,19,expected_improvement,49,0.6595216756771428,1.8415778152551585,1.2430990312695989,4,271,4,0.14343639290923246,3.193483361985154,0.6659971002685721,0.3163007357058579,1.1062642761519184,16.41735453099637,0.567043451415895,0.45025862608901007,-1.6783673051449013,0.6796081079381475
5,cork,48,expected_improvement,58,0.6928971631158267,1.6175748662951794,1.0064654736635406,1,334,3,0.12884107865910557,1.7952589246349588,0.9288701269696982,0.4992430552305065,0.00023400075195134494,5.02194282089719,0.5651899026065801,0.47251373148205006,-1.7706567427463877,0.6833183354770926
5,cork,49,expected_improvement,31,0.09349636351964806,1.3675441457597748,0.5428323124354326,0,479,4,0.14983087007817522,1.1092324684622774,0.6275514766115565,0.7505791755438159,6.013690905680948,39.116387500571335,0.5645987972627575,0.47997553205144927,-1.8048859209143067,0.6845926802756198
5,cork,21,expected_improvement,20,0.8710138295230444,1.872347258069057,0.658924098921323,2,122,3,0.13503510342292385,3.3880174821832494,0.9234317938745902,0.764961966548058,0.0005306436211058372,0.13111425720585212,0.5689331132704023,0.46498768768325033,-1.7583154394590148,0.6851800351912148
5,cork,23,expected_improvement,25,0.34190177339071665,0.764613253491466,0.8431925848192736,4,281,4,0.03416074626248825,4.2876689818382765,0.7972917111579949,0.8830931785714766,0.0003895326473389465,0.15147865333371446,0.5680552896161327,0.4761773161130277,-1.807200625858802,0.6870996186443896
5,cork,31,expected_improvement,54,0.47281928376033366,1.4829898449846033,0.3339862133688402,4,517,4,0.08199052737098987,3.69515035864231,0.9616113344703201,0.39876359712377774,0.0005379410791972617,9.744350459749809,0.5695614866035568,0.47108247134178366,-1.7934673676126243,0.6873321044390027
5,cork,36,expected_improvement,72,0.055627155077692184,1.9823786141725233,0.47182807804962656,3,491,4,0.11090813662828884,13.068414492577842,0.8405089784966687,0.860562559118704,0.00010651919558347037,5.066914569807272,0.5748793175615947,0.45935441362517865,-1.76119840329465,0.6897179209678894
5,cork,35,expected_improvement,47,0.2148896113695169,1.2330536765161986,1.4660214142581824,1,314,4,0.10516891419670509,5.4394200145539875,0.9394150433287926,0.3589682197377144,0.5132849256730082,86.05348362589636,0.5733013515145206,0.4704585949020712,-1.807157195639471,0.6909160002400383
5,cork,29,expected_improvement,38,0.46063688687279,1.8871411140219403,1.0162725964971235,2,343,4,0.026469104277562938,6.300256496736025,0.8936579719453713,0.6468425112774041,0.00014385153523359872,1.9589563019543415,0.5739349507468887,0.4796157706962975,-1.8581873091798733,0.693838893420963
5,cork,45,expected_improvement,21,0.20246978002986105,1.9440645196296367,1.3023538878932797,1,178,4,0.05207972891540681,1.1486072722433875,0.9714771522819827,0.41306085775844054,0.0027777872329364395,9.203749560012003,0.579551852154493,0.48810766636296316,-1.9324952520481418,0.7015787687452338
5,cork,42,expected_improvement,54,0.3024204059092411,1.26820541383375,0.35153496850821725,2,174,4,0.13089163265754583,2.890576180950554,0.99432317232026,0.8690965449310937,0.0008789203592190644,10.168040708113779,0.5850116177514976,0.48009520341844963,-1.9227146893666132,0.70503541860611
5,cork,11,random_initialization,20,0.1488668264004274,1.5561921566834762,0.39974785750617575,5,249,3,0.10028602161045998,1.6996734979962003,0.650000211184068,0.6316738845235943,4.057662825491389,0.16241014890701297,0.5825866122639592,0.49870202746137937,-2.000238794438022,0.707262119129304
5,cork,26,expected_improvement,23,0.09040025268577198,1.8120741653211156,0.7757265418624635,1,349,4,0.07485783964875102,4.6609748933520425,0.7484670465040617,0.9338013531502165,0.0004954518454063438,47.632829561155546,0.5866371038714842,0.4900917662836522,-1.9777135870991667,0.7091600454423972
5,cork,50,expected_improvement,43,0.4585921895523168,1.2574646352410959,1.2210566872322977,3,143,4,0.1345267961439132,3.3933533504668345,0.7325833505170856,0.7776796364347198,0.00016795784537962364,26.9528686221978,0.582534978875243,0.5077792831133032,-2.0423165979959537,0.7094797996535688
5,cork,18,expected_improvement,60,0.6364617304549203,1.5563632926962234,0.7904353923050682,3,350,4,0.060808739137146,3.229012198001656,0.9350759183473716,0.640176594069863,1.6568007714450173,63.42696411147616,0.583428640311216,0.5057764959342773,-2.0399766950436535,0.7098727642947853
5,cork,39,expected_improvement,22,0.3668688102445248,1.718196030200052,1.4273476965365675,3,264,3,0.13885403682966976,12.203300412049169,0.9998165787603486,0.9470019588923495,0.013450120571978665,52.02649463019664,0.585402391787534,0.5127420114654309,-2.075541603581059,0.7135878946538916
5,cork,3,random_initialization,12,0.8885796788646063,0.651341114935582,0.8502266538091379,5,380,3,0.03638820434928785,2.3277636763467053,0.6006818954020127,0.9970859089536013,0.0004007342752311898,0.5801713771988861,0.5902128042042605,0.5226289454402165,-2.1662815272195126,0.7208700405643146
5,cork,1,random_initialization,37,0.5269797332781329,1.8741190151955283,1.0780582057341048,3,486,4,0.06527298618837554,2.8385433181503172,0.6997207959022775,0.8591393845941993,0.2927597216101539,0.34326107509845954,0.589659108590223,0.5257607173480298,-2.1712269845425523,0.7210992879272304
5,cork,24,expected_improvement,37,0.6478721078787439,0.8236061563785331,1.0461236233452178,4,210,4,0.027967317294788182,2.9012502566569824,0.8411663664936376,0.9640777864306929,0.00019071718044809654,2.1000230973348355,0.5979634899923982,0.5079534006127011,-2.1354017985773526,0.7249518401455735
5,cork,47,expected_improvement,24,0.15311161775295373,1.464787002842743,1.1322052475294828,5,189,4,0.07204422076144396,1.4910221907935843,0.8618405765083578,0.8793948097773192,0.0001518711922548121,3.4150255243431777,0.5981934834134616,0.5101108554651362,-2.148784619689352,0.7257211972797456
5,cork,40,expected_improvement,77,0.3989208577131226,1.8311653735998514,1.4399322822003318,0,434,4,0.10541172116469634,19.48670165891863,0.9503502417187707,0.961188452883529,0.017399349145781604,0.10261019145273341,0.6017072378883098,0.5031899708534859,-2.131742499316883,0.7275047306016813
5,cork,2,random_initialization,80,0.09241098571515285,0.3538858581486853,1.4874865454110227,4,240,4,0.026846471705872187,1.4232502291498514,0.7565356138208509,0.9955721353825209,0.002556220214640969,42.30644110962502,0.6002612790248314,0.5188900130244394,-2.2124662162074302,0.7299837822809412
5,cork,25,expected_improvement,40,0.4389819310048897,0.2580301184563428,0.6543088281951632,3,250,4,0.11843467604329538,3.6871961798328985,0.803623989885059,0.3798675869327943,0.004643727765007559,44.432271687735515,0.6032962269408969,0.5260550438596523,-2.269988920487691,0.73480998790581
5,cork,22,expected_improvement,66,0.7454708624903388,1.9756361094658137,1.3618075774367824,2,344,4,0.09426224632950787,2.709117655734833,0.9414508922076177,0.6446247918035282,0.15772932830343958,1.286515211076323,0.6091298304926166,0.5103368288935436,-2.215818361982828,0.7367140377160025
5,cork,17,expected_improvement,11,0.05779074984070201,1.9742119657875128,0.7507579684146979,5,170,4,0.10363432340698014,8.067917888917352,0.9153603705439792,0.48387566286780015,3.6929128349724576,0.20448485831553304,0.6088200821480133,0.5523112058411511,-2.4346986147505687,0.7468978836083011
5,cork,20,expected_improvement,15,0.7605283302062321,0.5128093280540124,0.3978925669163611,4,558,4,0.10809542379077476,3.7418897487925378,0.8742460454243521,0.48147422503724197,0.051130207519389306,0.15932987457661055,0.6093000832354759,0.5557880030168737,-2.463828939309798,0.7482470839896943
5,cork,37,expected_improvement,16,0.7739489418496336,1.9634067346658042,1.3184297372236295,1,216,3,0.11009910561378033,2.6987697230652086,0.6965979675896652,0.5810802875450756,2.9827455565012144,0.23621619692502469,0.6198814831242502,0.58082639542137,-2.659852832174484,0.7650880819795927
5,cork,4,random_initialization,65,0.49965743851943584,1.120203306452411,0.744054998502198,3,258,2,0.0378779262895376,1.279972856232066,0.8676563510556957,0.9519146703802115,0.01348688673190729,1.160063363332478,0.6264403973288861,0.5857375726523484,-2.741056994692441,0.7728747904919733
5,cork,12,random_initialization,17,0.12042748534827571,0.52985313755381,1.3118771276046048,3,133,3,0.018082850710398793,15.604383829107913,0.9428375653216475,0.3392870574933714,0.056872438860920804,0.2840567181954467,0.6373973412125318,0.5434555691397878,-2.5972650760043594,0.7732612334974787
5,cork,8,random_initialization,30,0.6225770676753305,0.9621387852829555,0.9734009802920705,0,410,2,0.04771172686740462,2.2781992652694654,0.9680335294399889,0.6142048613636761,0.7670388065912254,8.748276290121236,0.6298200903548736,0.5950360743591053,-2.8083093252266313,0.77857910894465
5,cork,43,expected_improvement,12,0.1825130910689104,1.7847033835924533,1.1085625875126377,1,428,4,0.1171161950580051,1.0917368042040565,0.6067983775836928,0.6632827876388889,0.00013074308525426202,0.31943214657610375,0.6417685130174269,0.5746108061302878,-2.764140124742032,0.7854212145499988
5,cork,6,random_initialization,36,0.39094597054806424,0.47804931117034677,1.0805193795970998,1,476,4,0.02384924468743702,7.991856442531236,0.688851725503639,0.9359995706919058,0.2351795010943679,2.6561904770506386,0.6434568786766515,0.5848135401618025,-2.8429231806909128,0.7896602637171021
5,cork,5,random_initialization,51,0.26212796099737695,1.0481370215453976,1.0257395287339994,1,166,3,0.030034109535606864,13.833647872656668,0.724298512847974,0.862153362085166,0.00026633010777650843,3.6028101373824946,0.6522710113697419,0.6071558008521684,-3.0326858516107955,0.8040599615827839
5,cork,7,random_initialization,36,0.4216316509546561,0.3605183986981194,1.0003219355913788,2,345,1,0.09443461112702732,2.840442032329617,0.91684967754992,0.6549768612064959,0.006618403793695951,1.9620701677509669,0.6504325952370088,0.622094304209194,-3.1131211772157896,0.8059561712893073
5,cork,16,expected_improvement,62,0.9325789450897602,0.5576809900231084,0.8795236024250208,4,291,4,0.12486589096893055,1.139521840863039,0.9889570658515333,0.7167540614430493,0.3072676722273473,14.82873876585616,0.660923310033739,0.6357346793038212,-3.2644185743609437,0.8198569798596944
5,cork,15,random_initialization,28,0.5586057715993452,0.9343499499519765,0.8090817585871894,1,181,1,0.08411803684859624,1.45598141379934,0.7143814717284106,0.5769706725118341,0.002316333405041675,2.4542969575001647,0.6731619752796953,0.6978255833140432,-3.76120747269511,0.8476183711082061
5,cork,13,random_initialization,56,0.6239665601688568,1.9039090752600862,0.9174574786045795,4,534,2,0.0130970358218617,5.997134112120198,0.8525354132732683,0.4009615960082221,0.00476453278704047,12.108699309447784,0.6857011142582419,0.7007856532081356,-3.8688379850308627,0.8608975275602757
5,cork,9,random_initialization,60,0.17447367204464465,0.6305448328612371,0.9147214144360629,4,207,1,0.059194567787718574,7.524773319676675,0.6228900795272617,0.7964703218234267,0.039098038568298465,2.3084560526175717,0.7016556221766194,0.7004331487083678,-3.983845087441412,0.8767639093537113
5,cork,10,random_initialization,16,0.08221153509750989,0.3460939216180562,1.467191107321388,1,275,2,0.01013397943398374,13.579471081774583,0.9541128631417237,0.3609048131789588,0.014072220624727395,9.327345544273852,0.7308606753435082,0.6338945913542022,-3.773503798111549,0.8893343231820587
6,graphite,27,expected_improvement,42,0.5333046585227815,1.8766485260127144,1.105897567704861,2,369,3,0.13221774880928872,5.200614420113209,0.9563986562489063,0.7321848433525975,0.15215906929008305,0.1402055300953402,0.5364272247959301,0.42816300436041826,-1.4148949489903866,0.6434679758860347
6,graphite,26,expected_improvement,52,0.5660920881382466,1.9863490677771876,1.4702455244048434,4,349,4,0.06854617136391727,7.537712145338154,0.8657434971162923,0.6802041327721031,0.066524807892131,1.4000310610045914,0.5433452694643643,0.45228439320069863,-1.555183918931976,0.656416367764539
6,graphite,30,expected_improvement,45,0.6475529453834259,1.4747841330696918,1.4693710436229435,1,523,3,0.13758399503002636,1.2511261628137647,0.9801821044557374,0.3662089289740012,0.23581036180839876,0.10577728480590781,0.5534075835982566,0.45912385597437794,-1.6339910784568734,0.6681885475918511
6,graphite,20,expected_improvement,35,0.06738254822353523,0.7943795011912433,1.3458037296418377,1,509,3,0.10645139453827525,1.64310984650573,0.7792492650381806,0.9615693129528402,0.0010413170049128754,21.047940124365407,0.5600383090311027,0.4722830483786801,-1.7369026766586992,0.6781090711257728
6,graphite,7,random_initialization,50,0.7779370326347168,1.2048191059733053,1.3551801822652407,2,400,2,0.12017272003554776,1.6791161862152346,0.7353288572743399,0.9079542369364777,0.003810701102338323,0.627548195890181,0.568069536669604,0.45768747805655063,-1.7139984867511333,0.6824914061837417
6,graphite,19,expected_improvement,80,0.20755724168932238,1.9581796359756571,1.303220856975913,2,475,2,0.11083938045946579,7.987269649800993,0.6514321207309335,0.42836584931747546,0.00043471432207626854,1.0036506254987643,0.5734999627109045,0.44905807063489167,-1.708004829210156,0.6857644803696274
6,graphite,34,expected_improvement,45,0.2909020351843192,1.8596119472554085,1.1864945305158645,3,311,4,0.09293010374765676,1.16340727221302,0.7685958659647281,0.30179751005629507,0.009364072427390582,24.310529338728408,0.5638366961953567,0.49141642773776345,-1.8514000126982169,0.6866908031297976
6,graphite,23,expected_improvement,31,0.36333966629833553,1.9552452008366554,1.3749625498183233,3,453,3,0.11155462933076278,6.7702920415416745,0.6492286547495302,0.5650002968054535,0.000693601828393981,0.26266600530054574,0.5712730871037518,0.46988387611183546,-1.7906424786643025,0.6887440561317106
6,graphite,22,expected_improvement,53,0.8456650929815627,0.3969388994204174,1.4896782086987268,3,514,3,0.11588511418477349,2.8198827108830233,0.665369734717204,0.9208502111109222,0.0007600224934182108,8.141024835358753,0.565703080511194,0.4953824593546715,-1.8783359899804435,0.6895486953498619
6,graphite,42,expected_improvement,78,0.2543253735956968,1.242538326579763,1.4634131013616472,5,526,3,0.06092288273863091,3.5799034683328106,0.6792594137051612,0.7138509852764573,0.0006981179998966005,0.16396531840817044,0.5804388987658802,0.4807517015027236,-1.8935837945776877,0.7006268241415611
6,graphite,50,expected_improvement,15,0.09943751614516853,1.6229782310096685,0.7638330725319816,2,449,4,0.09786290035541442,2.762712419499371,0.6876161212832282,0.5151624107827412,0.02889451064450005,0.11505393644861397,0.5814054943907809,0.48299569179309926,-1.9075158608928686,0.7021544173390557
6,graphite,31,expected_improvement,45,0.4944344173671499,1.399019572414715,1.3664800321265365,3,498,4,0.11844880720494608,1.8066540655101346,0.9453294789085344,0.8940327287377381,0.0017302684546242526,2.497095468833208,0.5772281649891856,0.5104423805229846,-2.0221508683819724,0.7048387601199317
6,graphite,4,random_initialization,31,0.49007194875425053,1.5663658959297768,0.8312700517184619,1,526,2,0.10415989110851998,2.8436126758713054,0.898568675717841,0.4851645018714409,0.0002519553551258248,29.89135964316446,0.5789643218119067,0.5056882190878601,-2.0092490503807503,0.7053863765838717
6,graphite,15,random_initialization,61,0.2406934310562946,0.7342561654041779,0.45672333427379563,4,425,2,0.10621313791742594,2.0656540791017783,0.6171173530751938,0.6789084848425765,0.0013054010555105886,1.3804506704837798,0.5813873187098002,0.5261462680857214,-2.12784119826473,0.7129238857312306
6,graphite,48,expected_improvement,27,0.728280587049219,1.981882828495622,1.417903511335116,0,524,4,0.14705026963935167,1.8637074562935851,0.9476873108154791,0.5761063947227878,0.036750215451497446,65.01446063914251,0.5897728409071205,0.5011251884194752,-2.050524543175057,0.7150541380119892
6,graphite,11,random_initialization,24,0.6517053383355249,1.8260846483031876,0.6399511405338227,1,551,2,0.10897958128643552,1.0413764346137784,0.6822999116509013,0.8671689531953881,0.00010438372244589673,10.783419157250195,0.5929469370622561,0.5179808074806723,-2.1523331322627173,0.7224421389324241
6,graphite,24,expected_improvement,34,0.8332278143161218,0.5273051960430616,1.234456221952526,0,374,4,0.1478813354215231,10.863503276390773,0.7817841197379689,0.7532824493688641,0.0007543357750680246,0.2185731390036181,0.5988650438686022,0.4944991275146155,-2.0723775792453143,0.7224898257472561
6,graphite,8,random_initialization,46,0.0890566514651385,0.9946904609998608,1.3579992392032052,4,392,4,0.05657497000569318,2.951663706005749,0.7950839106329054,0.6869264320913441,3.0201322215452193,3.2126114353335185,0.594332377058001,0.5250480241718881,-2.198953457290546,0.725594383100973
6,graphite,21,expected_improvement,67,0.6372113670248535,1.028122541458379,1.3846253733884701,4,393,1,0.12915750665596912,9.404129962614554,0.6684494296502549,0.940412439183357,0.00015085431768548907,10.204753651606277,0.5973962831091094,0.5211827911357466,-2.1904954591678147,0.7276919808930461
6,graphite,33,expected_improvement,46,0.5601833770627904,1.9085015942334111,1.388675303096332,5,598,3,0.11961871871153605,18.081182216737265,0.6044018189631847,0.36832377460037435,0.012699106215835572,21.381917912800393,0.602139320481093,0.5187741278057892,-2.212324382737414,0.7318328524325403
6,graphite,17,expected_improvement,76,0.487786687670588,1.9158447113747097,1.4298222230664113,3,597,4,0.08848322659605203,6.627117067826862,0.733585186582306,0.31648334821745877,0.010905395001139212,9.864670017139263,0.607722515887538,0.5106023234190732,-2.209827712019573,0.7353730967423063
6,graphite,28,expected_improvement,29,0.8807698733673871,0.37078677027218104,0.7620028914542556,4,457,4,0.14755285197161958,3.5569849155693483,0.817511531424256,0.7641647177538324,0.12659617626576652,49.38285414707396,0.6023812491386864,0.5321383939481786,-2.2958318018044475,0.7354158476257311
6,graphite,5,random_initialization,51,0.7715071905774858,1.684442971239765,1.2506492436515562,5,388,3,0.039191559484574104,12.763462843628705,0.6182200491562765,0.8018485996895217,1.1054545346293019,0.41285216960983506,0.606959165535945,0.5244209669159906,-2.272431096056614,0.7380644072649426
6,graphite,18,expected_improvement,68,0.3376878138986332,1.3545823745662988,0.6073042711714831,4,318,4,0.13702409203153365,2.590578198157797,0.8090590569446312,0.6088972509099774,0.00028767809741710333,42.188877938128385,0.6084408177382256,0.5344739075920443,-2.339872404516728,0.7420592946362367
6,graphite,36,expected_improvement,50,0.258667325852936,1.242937534595408,0.41568568115709015,2,396,3,0.12070052034510799,8.825094329869007,0.9660585598406344,0.5821399525211166,0.26813608784938153,34.92993839854361,0.6056965663589424,0.5473771243044957,-2.3883847654058266,0.7425408474350663
6,graphite,45,expected_improvement,27,0.7050176724992773,1.961032799446103,0.6198295497480879,3,493,3,0.10776299622961713,1.173424647609763,0.8840263298436861,0.8425577613719879,0.021436596260361786,0.2277816204581063,0.6139823422047768,0.5288520567987504,-2.343539281880851,0.7461953564044643
6,graphite,39,expected_improvement,13,0.6934766854214831,1.6188892288391792,1.3383328608815892,4,242,4,0.13188106806609254,1.844526301195779,0.9887035658524852,0.4264716653101315,1.5243564987975724,0.20510541358044285,0.6227185764722711,0.5602785004380318,-2.568654365984615,0.7627882015817791
6,graphite,44,expected_improvement,11,0.8200135549611959,1.185719789339697,1.4113780895997015,1,497,2,0.13220722572278162,10.192524574613799,0.9333488235435654,0.42919751801703176,0.003696307340152051,88.07286180471591,0.6226064333785553,0.5672150112882061,-2.600981609715521,0.7644101862006067
6,graphite,25,expected_improvement,17,0.11309369054148385,0.5711438516907701,1.0934142443151422,2,450,4,0.04844208947525352,1.3892818198610803,0.9183989308194493,0.39909942602645676,0.00034580219021961673,0.10186829456132684,0.624962766383642,0.5622409683235081,-2.5873210643409306,0.765523008464519
6,graphite,35,expected_improvement,67,0.1597966743214015,1.8996795399251971,1.0784221918971597,1,469,1,0.12084288558519941,2.506144178300545,0.8787101052518957,0.8013873653546273,0.00014879021413528764,7.894507601427927,0.6236183271263483,0.5707298602932918,-2.6303768671128527,0.7663007921996713
6,graphite,9,random_initialization,68,0.5902691154267498,1.3865446536627726,0.47313438581945444,3,209,2,0.05992049745859415,2.9517626288191225,0.6371736306999745,0.8536656589612386,0.0007904280538775587,1.8675445994824782,0.6265735825100287,0.5880864295457939,-2.753777860504235,0.7735951898964772
6,graphite,37,expected_improvement,50,0.11697881079365045,1.8993198080041342,1.2447283698966458,3,435,3,0.10449290619339116,2.306729864703734,0.6815894827301076,0.9408158084084559,2.5731096100255813,0.7653055951207542,0.6320125577737685,0.5821156154260463,-2.740790525168527,0.77754146163028
6,graphite,6,random_initialization,65,0.5205927853625286,1.2054684798878794,1.443015104135215,0,124,4,0.048513508663745715,2.3558251443035583,0.7352417859278969,0.7422202700270168,0.00021175867074775314,0.5149840939146557,0.6325743914526081,0.5852848272191369,-2.768881498127471,0.7788955982573923
6,graphite,41,expected_improvement,55,0.6470100015886557,1.8949712817508186,1.2400812191106214,2,456,3,0.12154302850673339,16.631605768070887,0.868874411045925,0.5673321817277861,0.0003762833197621256,0.31642620736125304,0.6390561008882162,0.570921200987685,-2.7286745808963704,0.7817864011351374
6,graphite,47,expected_improvement,43,0.3877664066732413,0.7898038601075811,1.499749687177971,4,385,4,0.1083491322596952,5.405446913731111,0.7471106329781247,0.8653912646325019,0.3897331145761294,1.5602854526807228,0.639223772286433,0.5736008015666965,-2.738807575413364,0.7826239726781071
6,graphite,13,random_initialization,73,0.5841397293383859,1.2360690328035675,0.6502050192302995,1,549,2,0.1282188477442274,1.259815021433198,0.9704782309063285,0.905862981287131,1.2153125051742986,81.55435519643191,0.6392283295631941,0.5786396283664628,-2.772385290569124,0.7838882366548098
6,graphite,43,expected_improvement,40,0.1221581157470894,0.4537273702958102,1.3172629987568365,1,234,4,0.13576670816984512,4.834879019991805,0.9191466574215645,0.5583551098701973,0.5995427552320629,60.85290827528912,0.6405133790152397,0.5843548903844812,-2.812838641101014,0.78660210161136
6,graphite,29,expected_improvement,20,0.626432466379659,1.9267894416749405,0.32312529096423925,3,301,4,0.09966453300698468,5.7202867370423025,0.8853657951577681,0.773716937372287,3.7198085713102444,20.72925979420183,0.6434396433604981,0.586087904253673,-2.845495926047901,0.7899616194239163
6,graphite,2,random_initialization,43,0.4680760432186556,0.6319233379607645,0.4157557983126324,5,280,2,0.06527881390496791,6.627462540487805,0.7339629903215468,0.6011843827302109,0.0006071446960518703,0.3731852514539727,0.646350589378357,0.6071747524757507,-2.994906111560093,0.7981442774972947
6,graphite,49,expected_improvement,70,0.40613165607682006,1.885737876677326,1.3788137678879777,4,120,3,0.12369931238752055,5.105072229081428,0.8664383049166855,0.40714230737560175,0.023509052216404796,7.097528335307649,0.6500612828462955,0.6001595975019033,-2.970353628308718,0.8001011822217713
6,graphite,16,expected_improvement,47,0.39722034084672575,0.6903037090907309,0.7667486749186303,3,147,3,0.1366340765255685,4.450915210902081,0.8262820108073472,0.8898586796599728,0.0023515456721632383,0.18788386825832695,0.6593471459760462,0.5702256952378894,-2.8549987753932595,0.8019035697855185
6,graphite,14,random_initialization,32,0.44822102777874734,1.7858089851594805,0.7129158206343207,2,382,2,0.032273922187461425,2.6668079234027604,0.9624106273345338,0.7143924385032648,0.0006445410015813152,16.28032686899576,0.6484292026048464,0.621280634024599,-3.090651476960449,0.8037493611109962
6,graphite,40,expected_improvement,46,0.6087455960511521,1.2187126746094006,0.7433592152541528,5,504,4,0.03996362727086037,17.948705548824062,0.9937697688777395,0.840987104178458,0.962198805731155,0.11664080827801913,0.6606236980652112,0.6333785848919989,-3.244151744886069,0.8189683442882109
6,graphite,38,expected_improvement,36,0.44026372973547956,1.8128551362272876,1.2846638165884412,0,393,4,0.028884518517598667,2.1754783469055536,0.97817028060888,0.941204986207995,0.15915201549187935,0.3299596139319737,0.6663942952648704,0.6431164056486248,-3.341867447385082,0.8271733966770266
6,graphite,32,expected_improvement,77,0.3086506766534346,1.2710534737459143,1.4497418712950518,0,377,4,0.12207388845790301,13.521559251820117,0.6962955252456413,0.9647248881366055,0.06368347489602168,1.2944632091848935,0.6788116504736278,0.6242000130711396,-3.302924559270321,0.8348616537414126
6,graphite,46,expected_improvement,33,0.7474651866838042,1.403828862744915,1.4062488216203115,4,365,1,0.13208801183842325,1.478442066966429,0.7693667508702113,0.50584898188671,0.09718998801042772,51.70835038414434,0.6911413866141533,0.6999157419369997,-3.8951256052730825,0.8661203220984032
6,graphite,10,random_initialization,60,0.5825765360856451,0.7056021715531424,1.297787336487098,1,439,1,0.03512897761929611,3.094064380188387,0.7450087977190313,0.42145709105952,0.4306639672395356,1.3607424908926444,0.6913722825899823,0.7046205042274108,-3.932517383753578,0.867527408646835
6,graphite,1,random_initialization,46,0.6010378408662224,0.9762161330528636,1.4904198341020989,1,221,1,0.06286511027948775,1.3200081090140503,0.9136653864121415,0.8593488370058044,0.11771028958225423,0.18030239800652406,0.7040267850261905,0.7006239550201521,-3.9974304879060734,0.8791827737812286
6,graphite,3,random_initialization,41,0.4896364887918341,0.8153610342933195,1.4744916022627617,4,189,1,0.1343304321713496,2.808176963751518,0.9786069612694916,0.6442937376762994,1.7928274934000439,2.987862802695447,0.7271052086028837,0.7612365956178617,-4.599323029533685,0.9174143575073492
6,graphite,12,random_initialization,28,0.28720129355753954,0.6571832796167952,0.5002751371020419,2,437,2,0.014195395872619955,19.06747052964544,0.646955206599981,0.3305333687680472,2.148302091181481,22.47274214056699,0.8004547486316043,0.8492098522902414,-5.883942209523346,1.0127572117041646
7,gypsum,45,expected_improvement,41,0.6950669629988114,1.9489638042834845,1.397071213960906,4,209,2,0.06424265577204959,5.888675729071521,0.8182601610165963,0.5469999136179279,0.03948147192201631,0.12191477605467531,0.34074631186947346,0.13972167054768556,0.2345515193815939,0.37567672950639486
7,gypsum,2,random_initialization,22,0.5552892015288043,0.974458585022411,1.2385012997673164,5,359,2,0.12121492623185165,1.6875916005345806,0.9579846092828387,0.7619664128210121,1.3025714514981352,0.11471936898196074,0.33977154814417004,0.1515866648764129,0.21773393738083735,0.37766821436327325
7,gypsum,49,expected_improvement,45,0.5726142910715715,1.1705492440073089,1.3477932958544443,1,115,4,0.07879950397909136,6.230986961339409,0.837360492237212,0.32303072282873785,0.05431005242672144,0.10443919395954998,0.3406700326306861,0.15831026465580736,0.2045182826365725,0.380247598794638
7,gypsum,6,random_initialization,12,0.9233798447990644,1.0090754990959638,1.0256357323779561,2,443,4,0.09376531796151129,17.136684874097977,0.9417542226611231,0.5604449194059677,0.011430639182361271,0.11776755648608116,0.34805886870499597,0.13817627924853593,0.21554956474956655,0.38260293851712995
7,gypsum,10,random_initialization,77,0.6078591128036103,0.2877131617176848,1.394152108502671,5,120,4,0.03273244777102813,1.9239915748482854,0.8629481954387799,0.6763930578451348,0.0001476859462787432,0.6031744471719995,0.3408314059496388,0.16898689567228123,0.17476716633696726,0.3830781298677091
7,gypsum,36,expected_improvement,63,0.8201638648355251,0.99906600013978,1.180690744865006,4,580,4,0.14816639251595223,1.3442350978724398,0.8468025664993083,0.34183224804535395,0.029007141869768358,0.12168801051327746,0.3490432238683069,0.1414334368405998,0.20331206209837455,0.38440158307845684
7,gypsum,16,expected_improvement,47,0.9099715794090816,1.382152119393096,1.470384244230303,1,283,4,0.022370162353120563,1.6270099208354651,0.7600069992209726,0.8697478400727499,0.04029322629332276,95.35863378848677,0.34832262460904956,0.14778917828561147,0.18391296632858392,0.38526991918045245
7,gypsum,12,random_initialization,72,0.4554529557627598,1.7342429346935202,1.3411620944465066,2,207,3,0.05635409381076524,4.33170919565708,0.6423488906659328,0.4948196667135639,0.13043701450037753,12.01731887093996,0.34689549238476725,0.1547782522262797,0.18662553762436818,0.3855900554413372
7,gypsum,31,expected_improvement,58,0.9404132478360994,1.2224533929319934,1.4004211504956336,2,197,2,0.10423445359027123,1.6552972681113716,0.6845401794664543,0.6796310166491877,0.01912998234254656,0.32745890779995307,0.3532130107815419,0.1400875170157957,0.19431500432742765,0.38823489003549083
7,gypsum,35,expected_improvement,48,0.7535561188563835,1.5070924064489066,0.7293216394491829,3,132,2,0.10677807621116794,1.5128755429339267,0.972651694520719,0.6892781525048056,0.007754253511336419,1.7387369369006567,0.3538147082882762,0.13845427421981826,0.18411682602480955,0.3884282768432308
7,gypsum,43,expected_improvement,25,0.3117899981811386,1.3252024539621265,1.2216750825310918,0,537,4,0.10901737753097554,7.893324778991697,0.6128191297249345,0.5234911020170622,0.7182536725279026,0.1327618140158379,0.35522822000849363,0.14284307745484554,0.17852351968550684,0.390938989372205
7,gypsum,25,expected_improvement,76,0.26895138588829764,1.077176669043076,0.31320873684560296,3,294,3,0.10639179693812598,14.095175091395863,0.98168580469936,0.515679633985473,0.9698715892137965,51.01381862605474,0.35378681978381626,0.15222321242085687,0.15952454438637748,0.3918426228890305
7,gypsum,19,expected_improvement,37,0.45040284197752334,1.092297116355173,1.3898754227604542,3,104,4,0.1477430944905208,12.220529017756531,0.7634625624038236,0.8362841749877363,0.21755800674360642,21.582861046486897,0.3588893908313916,0.13276466700208173,0.1840361026217931,0.392080557581912
7,gypsum,15,random_initialization,47,0.7117234944638344,1.4818565258332712,0.6379378254392767,2,166,2,0.04168665650938515,2.5421087360534638,0.8710777599911999,0.3178069893060654,0.20710786209600276,0.17667550493167308,0.35106884121293436,0.16715317985210046,0.1368200758034162,0.39285713617595946
7,gypsum,3,random_initialization,20,0.7598381773983173,1.107992825237721,0.9314742554228679,4,167,3,0.08477245775230252,5.289575458538406,0.9253109960498023,0.9284229949550948,0.02469762956115908,51.207310657217306,0.3532877918576528,0.15831406555020497,0.15561298335112317,0.392866308245204
7,gypsum,44,expected_improvement,34,0.9216824523861553,1.8270508047855507,0.7796027713820006,3,257,2,0.0925828782731033,4.809074452607765,0.7085836544658771,0.9508661775067178,0.20504372321748582,0.1314649932583454,0.35406782236852435,0.15537514188000542,0.1542310327481617,0.3929116078385257
7,gypsum,17,expected_improvement,53,0.9436645201712162,1.71658129917905,1.4342085585274134,4,503,3,0.09422879499569989,11.61433237230376,0.8158741413856327,0.8815286739239521,0.0002258581619419907,21.36576916584916,0.35890865890624035,0.14113027379113155,0.16811886105251136,0.39419122735402323
7,gypsum,47,expected_improvement,55,0.3043038832939046,1.9419120089818138,1.2876875141296515,2,232,2,0.09092726374915443,1.05493442606208,0.9764757203959947,0.506996767987185,0.0017912373107025312,21.057765423326597,0.35691050076594955,0.16220522172652693,0.1307636823553115,0.39746180619758126
7,gypsum,33,expected_improvement,23,0.41959858120901594,1.6534059951337727,0.43412724077757725,1,109,4,0.10223071573568898,1.2119968407115724,0.7916583392034389,0.8669330507819559,0.002334644536110442,21.475506920219406,0.3579447145679967,0.16151801066248725,0.12816320209186682,0.3983242172336185
7,gypsum,41,expected_improvement,28,0.24024695917135547,1.6455275766961717,1.2800085763197444,3,542,3,0.06458156909185542,1.319512224396794,0.9994182108520255,0.8163763940838733,0.07840070049252926,0.12380843867774863,0.358299358457127,0.16081131841896856,0.1319707894555151,0.39850218806186916
7,gypsum,48,expected_improvement,36,0.2729154672812707,1.106379620793716,1.1022983167406846,4,568,2,0.14652254226490916,3.4987116516007477,0.9970162430308183,0.8328318237519239,0.09351198792460191,0.18280281565698248,0.36398410617071103,0.13847541959193668,0.15644949928916754,0.3986029610686952
7,gypsum,1,random_initialization,16,0.6611571384183945,1.3576556629647385,1.0326372816911071,5,141,4,0.01816478515759307,2.0248020138406453,0.6716097488982344,0.9665553390611894,0.0067472394452352796,0.10381023391416742,0.3584606908460457,0.16485722434091923,0.10909417495727353,0.3996749969312755
7,gypsum,42,expected_improvement,12,0.5881560276939249,0.26238568592489064,1.3900726907690506,4,312,4,0.13620524499344347,3.130576961912801,0.7967545577916597,0.5288885272617023,1.3646061208733589,42.02219718727869,0.36072196666409295,0.15843692605309134,0.12207811259589124,0.4003311981773658
7,gypsum,27,expected_improvement,72,0.28681177517867956,0.2526693160320028,1.0181563169453443,2,419,4,0.09011158733913505,1.1835075531925476,0.877323235060147,0.8700382244718277,5.036818283279597,28.290576081691583,0.3642379487170341,0.15683647891612668,0.10997569020829018,0.40344706844606576
7,gypsum,21,expected_improvement,75,0.48984071298675597,1.4990517319705572,1.3589596029320044,0,115,3,0.1440416890114151,7.1202555792531745,0.7861981590318858,0.5663158154074621,0.00021939568223104767,0.11348830220264604,0.3665318343794489,0.15404459894263042,0.11626467049236797,0.40504298411510653
7,gypsum,13,random_initialization,58,0.4399222086063939,0.5498738371352109,1.0199717896133507,1,500,4,0.03872170566712234,2.4118637305836867,0.6063200611192815,0.8353869436901067,0.020930633747122597,0.22687389272124053,0.36687448731204075,0.156047012788737,0.1101931987801324,0.405886240509225
7,gypsum,22,expected_improvement,11,0.25575137803902953,0.8622110456150838,1.394244696428323,2,367,3,0.12534109971605129,2.976606333478395,0.7220605292946061,0.8894641659960651,0.01031599063263364,0.7690423025337286,0.36530381404068535,0.1644717304350184,0.09494329702919108,0.40642174664944
7,gypsum,8,random_initialization,78,0.8645342072976083,1.2526265948095472,1.099126270604937,3,337,2,0.09482736561345707,9.492933505524238,0.7319446893192928,0.4951293688424617,0.0029724332008288184,61.49007502019986,0.3700584990317672,0.14560173362066775,0.11787598925296483,0.4064589324369341
7,gypsum,34,expected_improvement,73,0.9480757955678726,1.0391099725615653,1.0386257467776558,3,149,3,0.07686452991153728,3.264903541503609,0.7054284720813296,0.9093238971382902,0.008050639288284322,58.144293083455985,0.36797518050226585,0.1564999073996504,0.09869167921249189,0.40710015735217847
7,gypsum,28,expected_improvement,68,0.8816111346449773,1.21081681225641,0.827620810606791,1,208,4,0.017690528209527875,1.3440818372725087,0.6126384535104309,0.3908406602715541,9.861089971803068,16.36580824663415,0.3683966445677659,0.1575327954851451,0.08166020119378592,0.40777984343905216
7,gypsum,24,expected_improvement,70,0.7992252497582426,1.0400978826038327,1.1324627308598088,4,436,2,0.10711713925923683,9.042133928253959,0.6868469079444235,0.6454251969527964,0.7434981796858928,0.13746474865710856,0.3652855301305745,0.17630742337994035,0.07186390280568894,0.40936238597555963
7,gypsum,39,expected_improvement,41,0.9343378532726918,0.7640333755524654,0.5657704904505645,5,529,3,0.14674281497906796,1.6531646012103105,0.9632934087477495,0.7693907866852813,1.8939680266309113,0.5159139096667289,0.37305857760737193,0.15025283089655572,0.08785603188255986,0.41062178533151084
7,gypsum,23,expected_improvement,35,0.8268748450391007,1.7534074381440155,1.3539628065046505,3,582,3,0.027112754814263625,1.1882129825142898,0.9812421541757357,0.8280192830533919,0.0019443160967056554,0.20084677731589412,0.3690472994918219,0.1691258574365918,0.07024140100810328,0.41132876385096984
7,gypsum,20,expected_improvement,80,0.6450980048002551,1.0750762282497757,0.958560071392641,5,412,4,0.03241477400667303,15.295666392349462,0.9829088623560877,0.8050320594886258,0.0009041239096030572,11.345388206872771,0.3658319956493804,0.18206225239921406,0.055404970048833935,0.41134755874918394
7,gypsum,26,expected_improvement,11,0.496783632128515,1.4172978563605645,1.3617418280579636,3,194,1,0.12278181798590831,12.106300730778543,0.8341108069171291,0.6649944221794941,1.0144841244482046,0.10125393266557735,0.3669928297712893,0.17987887583463266,0.04860924220460039,0.4119625487299474
7,gypsum,37,expected_improvement,51,0.6111674076854593,1.5259349289292605,1.3203169276759419,5,274,3,0.04173625772043908,14.422441734144558,0.8455785080764051,0.3218549863668077,3.1725947969576636,7.160595969280913,0.36893138242609347,0.17316765503941656,0.06147541204838891,0.4122232961859476
7,gypsum,50,expected_improvement,47,0.22520825944758877,1.5679226625459772,1.2389129538422299,2,158,4,0.04869934757014919,9.296520812802406,0.6914336724250318,0.694484949455167,0.01757948715038565,5.521309175622307,0.3746977202087758,0.1622998109325932,0.06119892379025593,0.4152726729419241
7,gypsum,40,expected_improvement,70,0.5232053291709517,0.5762603129598955,0.8739330814811836,1,107,3,0.06105894799932141,1.533846763910523,0.9571894608496803,0.5247137290195165,0.006778653307766927,0.14938826961216642,0.3733235579786412,0.1710678556044481,0.04878685412719069,0.4160905218797532
7,gypsum,4,random_initialization,27,0.35089916522590686,1.8915006075161673,0.6692968628170093,2,491,2,0.09485353354098958,13.05820447325155,0.6392809964213745,0.3481065845761298,0.005906808524234368,28.534569425972965,0.37499034841699547,0.1662838103766599,0.05116844274465909,0.41656130101116046
7,gypsum,7,random_initialization,80,0.7568653518182534,1.3462533166375699,0.35645942959125887,5,111,3,0.016850515800542674,4.402023260159388,0.6407992662270793,0.5423047168345043,0.3531950724308373,0.10811004109647486,0.382923384381602,0.14880899489819127,0.038654600895323604,0.4201256331061498
7,gypsum,29,expected_improvement,11,0.9341191171629298,1.8790041983173928,0.3468335441554785,4,555,4,0.01427634279090596,1.9100763038015953,0.9947155551183564,0.7967006121834065,0.06445390035295273,86.59100612575003,0.3819624494135627,0.17372535161223898,0.00021899904236391543,0.4253937873166225
7,gypsum,38,expected_improvement,76,0.5207235688161427,1.8289779331928888,1.274564254336878,3,540,3,0.14742368496468533,1.4722888482908343,0.697179871660154,0.9362031650468099,0.2653321860338977,7.953844782284573,0.38327441394518724,0.17627629608007245,-0.0012517933215057675,0.4273434879652054
7,gypsum,5,random_initialization,19,0.11038333171025536,0.8112674354011644,1.0018953165163589,3,424,2,0.05007880735749957,4.300884539742099,0.9090914333517394,0.3069515840108889,8.30659815348207,14.135710717751172,0.3824265802912182,0.19300528266518335,-0.04463957821850764,0.430677900957514
7,gypsum,46,expected_improvement,61,0.8906031433994027,1.947031829480953,0.5834096954261987,2,452,2,0.03204379814824139,5.431102347897711,0.8185587678861581,0.529333856281157,6.17719886718112,4.076176290326783,0.39058438125424244,0.17211128560191935,-0.030393860931020283,0.4336122026547223
7,gypsum,30,expected_improvement,25,0.1082664156674146,0.30246691252472063,1.4238386798736722,5,120,3,0.1328230631432796,8.859640676682373,0.9782132580864676,0.6223566002923206,0.00027098694142941497,0.1054842210338692,0.39116661159730537,0.17591051460632648,-0.031094192050342806,0.435144240248887
7,gypsum,18,expected_improvement,14,0.8254355602469495,1.2292893795535718,0.5104158556309507,1,406,2,0.0240150562186193,1.3274005156860447,0.8723406349954845,0.35785748538377077,0.0005868396246554503,84.57250992763859,0.39617302392966236,0.18798551025777377,-0.0933438811731992,0.4431694014941058
7,gypsum,11,random_initialization,62,0.511886510262253,1.114850695430028,0.781976073279949,3,383,2,0.012517734600216058,5.7291411292955905,0.939740944207819,0.6250882588835796,4.465210963505149,16.650752086003884,0.4060587240493686,0.18725080892843848,-0.13654920169101567,0.45287142628147825
7,gypsum,32,expected_improvement,14,0.3757655688202482,0.2879429511798534,0.9072016950330399,5,238,3,0.022525002403556742,2.7373808462436453,0.7168777463641932,0.3058813483792439,0.4047184231804601,84.1086537107808,0.4165635026955074,0.1655466729131592,-0.1415424859419862,0.4579501709237972
7,gypsum,9,random_initialization,27,0.5954174910260929,1.8559678251053724,1.2343198138002942,4,120,1,0.08348595904961312,15.547962538769191,0.641616373940167,0.7759740085346493,0.6152054893695393,74.2631593050924,0.4226665365671746,0.1732264502904085,-0.18299119587945015,0.4659731491397767
7,gypsum,14,random_initialization,51,0.8035504449704434,0.8188896184406874,1.0881901151326354,2,348,1,0.017907444729834996,13.059299120425615,0.9659572953692962,0.6980985298357768,0.0011218701720088313,35.3114410804527,0.42064353691768275,0.19763711948186294,-0.22789571921360072,0.4700528167881485
8,iron,32,expected_improvement,32,0.4664898643412389,0.8252908266967921,1.401983478022576,1,598,2,0.0289434431841196,3.6539594691513577,0.6311970486061914,0.9457918135213847,4.222611242720708,3.871979141277445,1.5612563935441235,1.9815791475027171,-35.883115135453714,2.0566511804198027
8,iron,23,expected_improvement,17,0.677821203856983,1.8199797393909791,1.1801140215987937,5,586,2,0.06451959418973217,4.514076478771539,0.6040878583210635,0.9167103441163622,2.2257346519034362,5.331747812642298,1.5752035820845833,2.0446286846909225,-37.610373416804705,2.086360753257314
8,iron,18,expected_improvement,14,0.7280695632923134,1.3758062544920397,0.7998641010328109,3,511,3,0.031512194657055376,4.530351688467161,0.7616163038914117,0.37524068463616983,1.4766557403363474,3.0123616978109586,1.761949577408475,2.345671461636885,-48.8820548342026,2.3483674428176964
8,iron,19,expected_improvement,16,0.5085737132755743,0.46245858766221515,1.1052392995788178,5,573,2,0.047053352744771855,4.2712014043179,0.6807100578807811,0.9424636042919563,5.087947383862527,2.277526599398863,1.7804348922906026,2.3172764666331265,-48.49124275371519,2.359754008948884
8,iron,3,random_initialization,45,0.9390099455564278,1.617391928076015,0.5922177266063877,3,570,3,0.115579768522863,4.826613484683345,0.7556007345182275,0.926227218805445,2.684859625501419,40.79890386981186,1.8255615283583748,2.43136705980192,-52.575826631978764,2.4334032933088547
8,iron,22,expected_improvement,15,0.837790407529651,1.405010104952176,0.7710719334514365,1,558,3,0.03531321140814835,3.9147857544292313,0.8162202071849225,0.6855032346264451,0.6693352943298906,3.8998121560593004,1.8885665116285528,2.567510524531159,-57.879303282676986,2.5304441427613424
8,iron,2,random_initialization,35,0.28024269575705574,0.8191348692901763,1.3916751825921958,2,175,2,0.04838471168382802,14.210304210800619,0.770236461389924,0.5182515357210632,0.002428953375768092,54.287746962082295,1.9385090232903281,2.531445437837982,-57.916250718549435,2.5713703827498238
8,iron,1,random_initialization,14,0.7612621963004165,1.6124328636300884,0.3062047690175571,0,474,4,0.027277721214792935,3.436466308750114,0.8301133474506918,0.7393361969812319,0.014810268034861277,4.25491241077032,2.0450866645927626,2.810844015570788,-69.03069135445413,2.7477976684854597
8,iron,44,expected_improvement,45,0.4968686457014796,1.0025724308627169,1.3852131479509713,4,262,2,0.08533773807250564,1.6783013554384003,0.801693045820792,0.8206365458842613,0.003985134284009623,1.8036482457918535,2.045201785989684,2.8932779744613644,-71.762062934526,2.768521279605025
8,iron,35,expected_improvement,27,0.4305271510734492,0.5040782974885022,1.1111014052029762,1,547,2,0.04701181792630241,3.2671855858057137,0.8128270755547402,0.8933356053705048,2.7604299888178376,11.378373442620365,2.0804757354496046,2.8627314530994648,-71.58380346093142,2.796158598724471
8,iron,7,random_initialization,22,0.4628155865962165,1.91288593103915,0.5688731620918026,3,177,1,0.049720266794814255,4.50786420300742,0.6558503353124112,0.5227939953966569,0.36717830532390006,1.593677092512269,2.1405670393937744,2.858315271993564,-72.90622550757995,2.8551458573921655
8,iron,27,expected_improvement,19,0.6430543154722133,1.1970601439016906,1.1110652331015998,5,241,3,0.01975894676266767,4.163344377096203,0.6203657069119116,0.46344404377803095,0.27892893328252877,5.255767427920628,2.167006712160587,2.9910854786715713,-78.0709890519786,2.91477808182848
8,iron,24,expected_improvement,12,0.36910468380204514,0.40852194718437,0.31178739377692327,2,519,3,0.09990959392829346,4.601203891009961,0.8190609869568637,0.8999757470301446,0.007875479748246714,8.555424078178884,2.186068670397769,3.040477346351301,-80.27752338475061,2.946188006985594
8,iron,30,expected_improvement,19,0.7753912475101801,0.9374760782216552,0.37637688521387613,2,548,1,0.010273509598818014,11.540599434869955,0.6757621263368264,0.7778508819015131,0.10873224743510704,2.82643059255195,2.2166215453059293,2.989414662302742,-79.27311199355115,2.963975210881615
8,iron,20,expected_improvement,68,0.47089697064360214,1.2014038051417326,0.9103977719298573,4,451,3,0.0692334084187448,4.167870875999715,0.7581907747690714,0.39411415900146546,8.080335637372213,17.229918136963725,2.215711298164659,3.074261885526154,-82.23218857442929,2.9842767695461974
8,iron,40,expected_improvement,30,0.7269949759945834,1.141953165613058,0.9589211112105014,4,587,1,0.026200331461256436,8.622924888466992,0.6889880435501667,0.9865283860633498,5.757889525838618,5.100669434377048,2.2392453058687325,3.062346822577448,-82.41425867566656,3.0048320115130944
8,iron,37,expected_improvement,60,0.8460798522202047,1.7334275872682174,0.9671947279188582,3,124,2,0.03074617297941661,3.9415021466675926,0.7941353392926286,0.30610326893889855,2.4419406232228065,0.14824839504193948,2.2467420656467016,3.0742502581359745,-83.03283616432495,3.015304630180695
8,iron,50,expected_improvement,38,0.17360280066625458,1.3522118083006345,1.1478773805631377,5,343,3,0.06611410320380355,2.3217585236331155,0.7487869713366244,0.9225174265256186,0.058809999434773295,1.392266406566341,2.234809729112908,3.172067899798944,-86.2652104636968,3.027826704062644
8,iron,33,expected_improvement,69,0.7541112362126365,1.955332164168811,0.6507831288762562,3,591,2,0.0199079762100758,11.834124815251448,0.6679321457127644,0.8076859250984831,1.2422530807930015,32.93799041814048,2.2568996181497045,3.11056038570092,-84.59836445711319,3.0345397145749344
8,iron,9,random_initialization,19,0.07433035473819893,1.5485342303541387,1.1554646135463627,1,571,2,0.07116686025436708,1.0027474681430282,0.6209871676458208,0.4635057528953111,0.02239580837302946,4.259484706926704,2.239684555964161,3.2304319676312536,-88.56028198552553,3.047292547871974
8,iron,17,expected_improvement,32,0.7100853603406194,1.5390813785880877,1.036108644842239,2,283,4,0.06139466387759961,8.306960311788394,0.7612449874039288,0.9517855387977714,0.32013256145714664,24.064475499675297,2.255824567358968,3.179427821770193,-87.08218570071617,3.050681522801516
8,iron,28,expected_improvement,75,0.6189626008077397,0.8013963058161873,0.5329895574524907,3,401,4,0.04637665654728829,3.861206383604086,0.6321193643124632,0.7472137626913995,5.128324013887354,5.775040744396452,2.285008371126536,3.161209361863837,-87.17911236418959,3.075310711592495
8,iron,15,random_initialization,67,0.9130729983432392,0.7900755964361235,0.6375180565124717,4,265,1,0.05009213613632239,2.92260411800294,0.9569831049536127,0.8170602983344111,1.5378870188335005,1.9687879589120378,2.3275396636108345,3.2224661019877736,-90.58493134459597,3.133156189107778
8,iron,31,expected_improvement,12,0.5960059178926957,1.5228811749307947,0.32033809779907496,5,573,3,0.08300494619424532,3.2947576005050094,0.8448169075901037,0.5953136323288786,0.0002617842443468303,5.137357711669285,2.339524897751982,3.3742578322939103,-96.71773380200494,3.1830893558254596
8,iron,45,expected_improvement,48,0.32289426080717154,1.4143574193608994,1.0332230648395682,4,587,2,0.06130888282222639,3.138282366901718,0.7862657259824508,0.8382565151408685,2.861563226646588,15.205160739148488,2.341325733421117,3.378554151393342,-96.93470557045858,3.1859642712694525
8,iron,29,expected_improvement,44,0.6107897163586392,1.0887510422080373,1.4914626656747687,2,338,3,0.04929575940524562,3.1384864461887285,0.9717424044022855,0.6482032897099999,7.4388483054004055,75.67352619470061,2.361208265932717,3.357530450646261,-96.65470042632839,3.2005908785942823
8,iron,42,expected_improvement,27,0.6671239293052186,0.31216629908415994,1.3114923487246826,4,590,3,0.04390999658404018,4.364796349415604,0.7945530066496203,0.37274383201169364,1.5308171413086953,0.15348582052485665,2.377342408208966,3.3206411606395707,-95.66176295958594,3.2075026983688586
8,iron,34,expected_improvement,31,0.5741307771367496,1.4509030254862825,1.046060350164959,5,596,1,0.0219868788457816,3.0561930618765016,0.6466810540600195,0.6224213936434226,2.3140852145402246,7.7133358954405,2.3854093516790575,3.296920372008339,-94.97778687359435,3.2096394446811423
8,iron,12,random_initialization,36,0.7245257270372558,0.5286698973338174,0.939151777146342,2,286,3,0.010178473519756532,1.5844382972854159,0.7463068150307564,0.9711504888282518,0.004370734971409731,14.891440379203004,2.3945654953701707,3.3355715444619563,-96.72172250362777,3.22845838148566
8,iron,6,random_initialization,67,0.9481828216388392,1.9873372529318698,0.3047737136274163,4,393,4,0.030148659337301875,7.929712974418091,0.9384868640880992,0.4885076920759862,0.5384411831215007,69.50054970774865,2.4231260692097707,3.4234176004987633,-100.95766737609179,3.2789804693344617
8,iron,4,random_initialization,55,0.14246857366614685,1.0910210021533082,0.9661363810577035,1,249,3,0.04058866975645125,2.6574792232743847,0.9994386412066658,0.6817088586763616,0.9567274988421407,5.203204655554938,2.4788476465475715,3.576248202070665,-108.74269817727098,3.372909697065238
8,iron,5,random_initialization,26,0.6870107868798867,0.7837369436579049,0.5428208275991797,0,403,1,0.09171120004280128,13.530200753124726,0.6242271410143492,0.9231734355280232,0.14250402599589146,0.43135671259612196,2.4931967923293796,3.5523974019825584,-108.17037396896387,3.3812961428250192
8,iron,13,random_initialization,44,0.6814228058389641,0.35847200159165116,0.664903496450927,4,390,3,0.14459890884053156,18.503065548154375,0.7125914498078678,0.735107917591014,0.000437889045122226,1.032342555460944,2.503001580604355,3.610170726898495,-110.85426653859656,3.405544262328979
8,iron,11,random_initialization,46,0.36571962768541577,0.5989946610673413,0.5195306326631575,2,276,4,0.012758098514913593,2.0115908836410648,0.6007060756714091,0.39052376924505866,0.00041899237104164595,1.458206656943588,2.5354939778225827,3.577636971857521,-110.44458255515347,3.429903220786963
8,iron,10,random_initialization,28,0.18508795415265816,0.6090222591702815,0.5280223907239947,2,161,3,0.019837229550635042,11.533069756241442,0.8188358787086423,0.605133085792823,0.29951562021124967,0.16936365870922154,2.5332701721822555,3.605345564311117,-111.5353930887515,3.4346065632600347
8,iron,21,expected_improvement,69,0.6290712368378872,1.0160123822437073,0.8490318642745238,2,542,1,0.035889334692691816,4.484807033824298,0.8744620277321143,0.6519491482013656,0.0020623297252095434,3.017146129214015,2.5737619958713824,3.707695220844764,-117.0730159372528,3.5006858010825734
8,iron,36,expected_improvement,79,0.1992778487647443,0.8379330854269462,0.7414692494866767,4,565,3,0.06676177465852483,1.6813516262156951,0.7167018507855593,0.9466253979005608,0.9599969571893732,13.510194970215384,2.6310594786155788,3.8107545051605474,-123.28981205142487,3.5837481049057156
8,iron,26,expected_improvement,11,0.9213688288122057,0.6102875766510346,1.3085307858709057,5,125,3,0.12457461599152127,9.082336766771665,0.9167043800811524,0.3693754871332696,2.8814531191355757,3.9325903764212504,2.628857179797403,3.844297462021803,-124.71554668713894,3.589931545302854
8,iron,48,expected_improvement,52,0.29998826721272775,1.0140539353394504,1.1276311964946646,3,413,4,0.06593337547690876,6.004292937750181,0.6967694196077281,0.4574546851679041,0.16715916160065036,5.684434237266401,2.636490973390884,3.896934887909555,-127.31136909992907,3.610724695368273
8,iron,38,expected_improvement,47,0.18148463205230614,1.2710290047384245,1.3531717693565817,2,528,2,0.08510481996388054,4.205807755037672,0.7268834951424527,0.815348250251928,1.646027939738087,9.500552567373552,2.6508641259125296,3.9253846599323605,-129.0406410485765,3.6322102908956198
8,iron,8,random_initialization,65,0.16705670742460696,0.5151520161475511,0.8191948265740654,2,182,2,0.015046633241953771,2.6112206834612155,0.9724238467307964,0.6734252489103916,3.3355838156577677,1.8878257242053458,2.7535117995098886,3.913088422985247,-131.69451255636562,3.7317839052562003
8,iron,16,expected_improvement,25,0.9164438092825454,1.4087432526981498,0.6517674031539296,2,544,3,0.05331645995488094,10.921604210360526,0.9885066072289871,0.734605659743294,4.609485459979551,72.13514421470572,2.765052358929839,4.03584634592106,-137.7204239676193,3.774013945410104
8,iron,14,random_initialization,69,0.37432265974515644,0.9721444703077229,1.0551176445054313,3,543,1,0.016480781001754055,14.771557782713932,0.6641716998200151,0.8302448767981989,0.00032672822018983737,84.20114955718394,2.817624988963144,4.006157429720437,-138.03623436034286,3.8191643463932534
8,iron,47,expected_improvement,67,0.8173952616007175,1.0061052124539385,0.8881347837438514,4,123,2,0.02330092145132869,6.198448773641133,0.6242720569529056,0.5427462612209363,0.972594096259012,0.2070202707951834,2.833885864401778,4.080620654180091,-142.06164194176213,3.854041027946801
8,iron,49,expected_improvement,18,0.8554915039609821,0.9190278213360297,1.1616740748617225,4,443,4,0.07650473794550108,10.567209978236106,0.9396651579851634,0.7804130960083057,0.26650108093257324,2.7250483403912944,2.8178887257191194,4.204790178318037,-147.4997263033374,3.8690862702986286
8,iron,41,expected_improvement,20,0.5326388327430202,1.2843830001916758,1.0572605988700325,2,567,4,0.0427994981510186,12.514081064248705,0.8200639294210242,0.33238368146732844,2.988340565778805,5.525009840559822,2.8566739777301002,4.257253753208596,-151.35258230557767,3.9209874160322493
8,iron,46,expected_improvement,56,0.44654837721821794,1.4884802113741311,1.2375914642516614,2,553,3,0.064499900903902,3.2088093213802287,0.9398146545607133,0.43427412864030235,5.142551955853021,0.5421291007055127,2.883492933022541,4.256206574743433,-152.1893597606548,3.947544576708399
8,iron,39,expected_improvement,63,0.7955423032536036,0.7735993876585385,0.8096949220245218,2,565,4,0.044734784144925085,3.7514187026280865,0.7792796555035678,0.9327653494344015,0.0002108756523912606,8.686424297446386,2.9289209122561393,4.361458303960248,-158.97933101670566,4.019285488246201
8,iron,25,expected_improvement,15,0.45734871727259474,1.2866263808342764,1.4267416772309764,4,581,4,0.14906049943486618,4.977136200678092,0.7229093120555149,0.9579049152568411,9.492248192302856,68.31965324637245,2.9491852903956683,4.411243293511487,-162.20451033973495,4.05199611377354
8,iron,43,expected_improvement,20,0.948918531641158,1.4609781609634047,0.8149909159388689,2,560,3,0.03815623130496393,5.03568199983424,0.7576781166643431,0.6317929361839107,0.07486593079752726,28.82630156474167,3.066802985547177,4.610265773722001,-176.71073746339093,4.219369428977677
9,nickel,4,random_initialization,79,0.21377998848840934,0.7197548184065188,0.8764062609000232,3,514,2,0.011292117597341186,3.8470208676323625,0.7999034688407125,0.9916087237237066,0.3073215831709697,0.29278055381899437,1.628176569216315,2.0743662576425708,-39.287898216553245,2.1467681336269577
9,nickel,1,random_initialization,22,0.7811145170782344,1.4655835770281427,0.3642214571508601,3,340,3,0.043942595417018476,1.7083668998909216,0.9456540918382356,0.6573365752728496,0.9944542409785185,25.689694463275238,1.6678708346945745,2.1732060723842985,-42.48164086140186,2.211172352790649
9,nickel,40,expected_improvement,22,0.33222837879300543,1.79374838672815,0.7787251638044186,5,342,4,0.05749085213121063,1.5716163611486846,0.6535316630498095,0.7930223780423856,4.582952376892632,24.698715326830403,1.7042556362433736,2.2539640356218427,-45.26636631290921,2.267746645148834
9,nickel,16,expected_improvement,41,0.5851928099314837,1.496240735570515,0.3799816976911651,4,212,3,0.10286701939440505,1.3198429606827187,0.939815529316089,0.9163265621046677,1.3681895063887062,0.3710595865368318,1.730703272313609,2.307919092883225,-47.2200223305353,2.3076830455344153
9,nickel,43,expected_improvement,21,0.8044626318391861,0.9329975759217116,0.6498423919565846,3,406,4,0.07171586816134398,2.9255790605182086,0.8435415815977367,0.7518429364755659,2.442498232576766,35.60514285552184,1.792374445442635,2.367231109080225,-50.08385726269418,2.384182222712691
9,nickel,25,expected_improvement,79,0.795959238072324,0.5811052424084542,0.328408723547765,0,522,2,0.013000834846100675,13.51105217131763,0.8826914955387768,0.9474825340201012,2.3818009090748795,0.2207939131118372,1.8614444667988188,2.4031341744683004,-52.53387237739046,2.462228010415894
9,nickel,50,expected_improvement,22,0.5226996491076717,1.4976110206415083,0.644450108801005,4,205,1,0.05948177200858876,4.117599983694647,0.9983919882367157,0.5274638464725886,0.361237848202288,21.492851462684662,1.9126673924559503,2.4894960133245956,-56.10537633197772,2.535041395787099
9,nickel,19,expected_improvement,26,0.17916109291124171,1.0198009571556188,0.3055870601735686,0,569,2,0.06688443531784802,2.1556169456126897,0.9800415500683619,0.7898386958388462,1.838903028333538,6.195974730320482,1.9050946571165839,2.6390827288940915,-60.39307497831811,2.564865339340107
9,nickel,48,expected_improvement,20,0.5027041467958694,1.908465884307304,0.4645044000058911,4,202,3,0.06600495327776161,6.766816344691979,0.7154556647125029,0.7941729743590332,3.3268712256943727,7.340908127147442,1.9385831035591874,2.615118760062264,-60.40450475564311,2.5923627935747535
9,nickel,29,expected_improvement,22,0.8533845106079687,1.6731655757830899,0.8018152634086793,4,321,2,0.07534189035464725,3.5523745471171355,0.6905954321060636,0.6039559086075944,0.0005976754840185622,1.792389851288179,1.9246679519105812,2.682364071025591,-62.16315076970921,2.595258969666979
9,nickel,8,random_initialization,49,0.30576560276857345,0.8024166962213746,1.1332132977088278,1,134,4,0.011745286942538328,2.943739233780785,0.6408550758027431,0.8749873458028501,0.33078458139615774,5.777144438756465,1.9476391067255425,2.608154401874141,-60.397415710094755,2.5996777071940778
9,nickel,49,expected_improvement,22,0.28124557402418093,0.9460989107423694,0.33273068519247667,0,565,4,0.04746934599575522,17.790489364256338,0.7584511777867937,0.3350549920392132,5.746216594103672,89.8492175196648,1.9619127666764344,2.6052114900039043,-60.62916097926675,2.6132156391774104
9,nickel,26,expected_improvement,22,0.779100628865323,0.2571442438439413,1.2691180996809954,3,308,1,0.01818361012279083,3.2564721275994946,0.9381330472110953,0.6322495422025172,0.03246581460987723,4.17520327069177,2.0168361377929513,2.682814366577943,-64.27471352382312,2.6875397294374372
9,nickel,41,expected_improvement,22,0.8793424953638366,1.8916690470923516,0.576400281226966,2,597,3,0.03124807154147404,4.13743487004171,0.6422888117640437,0.6753749898183197,0.1196015270299929,25.992956221923833,2.021122547731814,2.800043054747415,-68.10595395933183,2.7211333114186678
9,nickel,44,expected_improvement,23,0.3843787556937296,1.823039013417662,0.5181936877668986,4,284,2,0.05078849073287187,1.0118977865172687,0.6930965555094577,0.9667031389414704,0.1306701433275239,27.142892969679536,2.026138545320522,2.797008879137928,-68.1246940095448,2.725390765105004
9,nickel,15,random_initialization,60,0.8831347581488534,0.4384321476874172,0.41113870576254186,2,369,2,0.017326125695603604,4.728004769716788,0.9753133098348952,0.45411215067366273,0.018470719261758035,11.019349858870894,2.0827248604313984,2.780909891382518,-68.9444244992807,2.7779523332770277
9,nickel,30,expected_improvement,19,0.38585661910575203,1.1761580790197803,0.3873722013458214,2,345,4,0.048006619549841686,1.6303001246199849,0.6468258179362395,0.8411598872550223,0.5996102224653553,88.77246718274941,2.0949539807357507,2.8565419254279787,-71.71601246674842,2.8090894620927456
9,nickel,5,random_initialization,45,0.28132256875837774,1.3561743014777816,1.2498421043548575,3,115,2,0.022572527852744707,1.5429623539797366,0.8218721735252614,0.5596567325656129,0.00017587426816845886,5.120490539867692,2.1169957994108106,2.8556117055947516,-72.22215440508681,2.8308987258094986
9,nickel,3,random_initialization,69,0.48421351890536013,0.3704327488651735,1.460853972410479,1,222,1,0.031998479500326284,8.75457180030849,0.6190922007013476,0.49634260590354806,0.0053688416016374205,1.0946042972568986,2.1246160416187347,2.8781286713519503,-73.15753187376632,2.8441482094567223
9,nickel,17,expected_improvement,20,0.3593600700825878,1.5423927752595008,0.5271301852500969,3,263,3,0.018044250155562873,1.7372984669861462,0.8222849991314147,0.9751720038858305,3.571934517421364,42.43223410704224,2.1251183809742753,2.879617411673953,-73.22030663589163,2.8450227338927636
9,nickel,28,expected_improvement,76,0.854764791346565,0.3195773940520483,0.48639953369620254,1,497,4,0.02372684989162698,1.5492612985794167,0.9772478860879521,0.9475585581552677,0.0001904746378466223,34.1392874953326,2.1259107400042243,2.889340608218789,-73.56286958932107,2.8482458920589213
9,nickel,6,random_initialization,18,0.5542843830345658,1.3452566550859795,1.3508178182811073,2,550,1,0.06913345339342895,12.863794123078456,0.7172416254571425,0.821989853993051,0.1427334552475577,1.7742353372273956,2.121385016089912,2.9588764906125413,-75.81373861628946,2.8611041387430474
9,nickel,11,random_initialization,79,0.0633348026479783,1.662957711087627,0.7376437721569815,1,434,3,0.09570764758621415,1.0396762673932132,0.80020707750427,0.8226916997266509,0.0029839007998419312,47.52946029668847,2.1208832392087453,3.034053354286147,-78.41767621006272,2.879396577780282
9,nickel,20,expected_improvement,27,0.8608710064300821,1.7761803495762478,0.7773021167055816,2,385,2,0.028566064680459795,5.184872512910317,0.7767070933555533,0.9897348395063963,0.3505797983669231,5.67592564394744,2.1661785748868883,3.022135542844154,-79.12006852090525,2.9217124605979268
9,nickel,36,expected_improvement,10,0.6496683320940723,0.656306997817931,1.0024697685382227,1,521,3,0.027041381772928242,6.017560900776596,0.8180296724712482,0.9948049956650908,6.160560604512033,11.319965272395441,2.174562357864139,3.0246581953531275,-79.41836669098248,2.930726906702421
9,nickel,12,random_initialization,51,0.7656036715588052,1.3596959160815705,1.2666815170946897,1,154,2,0.060468850056392076,3.2821487256335997,0.6598961701273812,0.32445720472453565,0.0028973238798160462,0.25854853880239487,2.181585090922673,3.0656203674369573,-81.04292781872573,2.947990182781912
9,nickel,34,expected_improvement,79,0.12600534142514158,0.2911137510892038,0.9952185134396743,5,264,3,0.012161927923772882,8.034842145454625,0.9203350230970317,0.9539540706547132,0.00017819184328559518,0.5335961332607358,2.2009407604411533,3.059439654688688,-81.31355364904626,2.9658006741133254
9,nickel,42,expected_improvement,80,0.3794310798794393,1.3718863231312033,1.182136993190886,5,599,2,0.01144930418361936,3.8676029246777612,0.7988152420282404,0.3000059511083812,0.0042953755488581,0.6229412355348832,2.2196703503855906,3.137233177177913,-84.59093383949384,3.003978644680069
9,nickel,33,expected_improvement,14,0.6511543456707727,1.476064776911611,0.3552684451605605,4,389,2,0.020799784867793405,12.950282607283455,0.8912479001715838,0.6376707928678975,0.6757353538775895,42.072338770092514,2.2773061902253797,3.1323087897280093,-85.9073624955036,3.060383387657382
9,nickel,18,expected_improvement,46,0.2732656857047643,0.4529653776381172,0.7184605252584654,2,466,2,0.06209512079492276,1.6261984851980869,0.7820196796660179,0.9358097098168365,3.522783067448114,0.3251336149071007,2.2881314255239986,3.202478487740604,-88.7728005027692,3.0887510474591497
9,nickel,31,expected_improvement,20,0.9055990601755239,0.7515556572526576,0.6973846265426418,1,311,3,0.03304161067633142,4.156541496743526,0.6104584528057054,0.5439986115221505,2.1504087754473638,0.18681247468692608,2.291732432639744,3.2465188301148187,-90.51775439994522,3.103362140168449
9,nickel,38,expected_improvement,79,0.5916892219715953,0.936441949102218,0.847894660639493,2,589,1,0.010716033475425558,2.2797482162042475,0.6246022487304892,0.5673849871573436,8.89435273657473,0.10955873575441731,2.312971505253788,3.1729844520789667,-88.34289345766268,3.1062176182735293
9,nickel,14,random_initialization,65,0.11820901892626597,0.8450616662937338,0.5689998287489775,1,215,1,0.1275560649741204,7.6221734580800184,0.7078358365913269,0.3479207538414745,0.0013089483580040163,0.13273947794429297,2.3150715886555133,3.3122025366403096,-93.63939952828173,3.143122222815591
9,nickel,2,random_initialization,64,0.6254613324556547,1.8166292554955255,0.865781606041939,5,339,3,0.061010684144009175,10.413070960690604,0.6486997771897319,0.31580621361530786,0.006244783279203985,10.536293414184904,2.354073333411991,3.4219401760483414,-98.9810387173937,3.2095583774240763
9,nickel,35,expected_improvement,24,0.47821673638767404,0.4184941148258817,1.1228015401480451,3,372,2,0.05870476696835382,1.6953018532799684,0.9050825595733409,0.7518190063623105,0.06845486525739125,24.074016793448113,2.3764155774556643,3.395511871256638,-98.54503013451841,3.2252935452698237
9,nickel,46,expected_improvement,17,0.16245086893034924,1.5154446583797365,0.3925359506974822,0,448,1,0.07702110358077718,3.8207987884967,0.8366560642370325,0.5478874828296019,0.0008287263626595962,11.039824102266733,2.3806710717716397,3.3852500084599457,-98.25846872469918,3.226983573886626
9,nickel,45,expected_improvement,25,0.17911174207076286,0.9115201153429264,0.4553728501826856,2,130,4,0.06114471975985974,16.964086397764337,0.98817438525107,0.9221929329190177,0.07996581572957993,14.008782666791536,2.3845545771238896,3.4311397645636297,-100.18144215313835,3.242339518264797
9,nickel,37,expected_improvement,79,0.6178161368071722,1.5285930265000474,1.275511493850588,2,473,4,0.016076232790350052,13.698480205148455,0.9349061028861012,0.6530827277660385,2.0750596966777644,11.652307221406183,2.387749056021955,3.451079281355013,-101.0658665945409,3.250518876360708
9,nickel,39,expected_improvement,80,0.10262805769361463,1.7720816716290277,1.0225258067120648,4,518,1,0.015774866743405194,2.0141178643838615,0.7919893615216599,0.9962450496881134,0.00010250973378556386,21.850180693311636,2.469953536121896,3.468923982145709,-104.08976984285677,3.3371845316583233
9,nickel,9,random_initialization,65,0.8417681270408559,0.5408956783007126,1.0955625875411756,3,525,3,0.01698906334547542,10.107726216604574,0.6995412801846297,0.38628410600979957,0.014889818370274414,3.83921912113091,2.614453374988909,3.799316788872726,-122.27079555256103,3.5642825722070905
9,nickel,10,random_initialization,70,0.5041666302183627,1.7399254014850578,1.0702466417237286,1,592,1,0.015990583196517118,5.416006711266764,0.8871828606821575,0.5827567011071609,3.0034308371073415,14.744109636839958,2.6417330606796945,3.738172202680042,-120.42486989628478,3.576276111349705
9,nickel,21,expected_improvement,14,0.8979735029454214,1.8560072848719027,0.5505156993363762,2,125,3,0.05918834074452265,1.293763360002864,0.9959717207977659,0.8220782381486718,0.09397400822203653,0.11611863742698286,2.634476292556067,3.865468323069354,-125.82099477003173,3.6008433733234058
9,nickel,22,expected_improvement,76,0.6876299133496783,0.6455727622491048,0.7347725534563476,1,314,3,0.04720711838273209,2.81998892199527,0.7992226903911853,0.9814735086855177,0.08395183856323161,0.3587047523479524,2.6788491069072355,3.902007698602298,-128.8296999428109,3.65435103155781
9,nickel,13,random_initialization,60,0.5292660101188241,1.028945392748698,0.4734886224910142,2,577,3,0.10361941335956242,19.687085050243393,0.6301183353304555,0.5005202709899416,0.13232596904133417,0.42960228896640346,2.704841784137415,3.9726718310917097,-132.86798886308725,3.6980097419103424
9,nickel,32,expected_improvement,37,0.6289863381249582,1.594734545470065,0.8998956595916678,5,198,1,0.017151848064083285,3.218040137563601,0.8806957486077115,0.9400724747717808,0.0007382414912062098,0.33674883725313925,2.732817221600006,3.899714103137916,-130.41541860437016,3.707745747384485
9,nickel,47,expected_improvement,79,0.4690434399838871,1.8369367614770606,0.8579261887404612,3,321,3,0.022771240791635484,2.7664363439654664,0.8114248916990108,0.6799317908650543,0.5311562136568843,0.353144629265412,2.7087394204025292,4.015711847400922,-134.98546914405782,3.71266738225276
9,nickel,23,expected_improvement,57,0.20512937318264118,1.5043431207833167,0.6980165068043066,4,195,2,0.03252906278848922,1.6459412531273236,0.8384655135856756,0.8855664439657145,1.115826711053593,0.8872332674428631,2.742761382131447,4.0025549762084065,-135.44542644362554,3.743400126183549
9,nickel,27,expected_improvement,36,0.7299646369969879,0.6892728931031589,0.9027164461274988,4,297,1,0.010275533772777396,1.0087831594012886,0.8425419703557471,0.9946593499974032,0.0016749891569662904,0.8115449334882284,2.8270657325248085,4.107548757068358,-143.1015490577237,3.853952921791898
9,nickel,7,random_initialization,59,0.32746460329108873,0.7618470796649593,1.4165725923398784,3,288,3,0.06271553336396476,9.314744137627663,0.8417939574224087,0.36063111662644803,0.0004127668755483067,9.687122202365439,2.869114783318965,4.292615435825387,-153.505554212044,3.9422686422753115
9,nickel,24,expected_improvement,78,0.1904984901622241,1.2613135450338107,1.0689142527581563,2,544,1,0.13826210965747626,1.8859188423525028,0.7158380960862797,0.35173576146420865,0.00822820995991169,3.3994024131773584,2.943665240519099,4.4510318286783,-164.04782970459536,4.056423197688674
10,pdms,28,expected_improvement,51,0.898765239548101,1.0718531762268673,0.5008557576265845,1,234,2,0.07957593728039235,1.019254610743061,0.726157087267884,0.39137495584477655,0.05853419412151606,9.499984105648824,1.5530966896958889,1.9619285158237088,-35.26430352814157,2.0435788186518162
10,pdms,40,expected_improvement,39,0.7043055214549608,1.3451816580228935,0.3223933852653639,4,475,2,0.11314983009594358,3.6418864953235848,0.7307083379886331,0.3734501189005684,0.1106531280920774,0.1661637027760923,1.8063503483099281,2.484240014353941,-53.66353273715028,2.4274103518984136
10,pdms,23,expected_improvement,72,0.793301191602691,1.911095953134354,0.7415786894428165,1,554,3,0.13062787833141518,2.416816461693127,0.6796995813374651,0.3805748105574076,0.013857662001413567,0.1168435649397319,1.888931127875768,2.6099559193586055,-59.14217760130448,2.5414201077154193
10,pdms,26,expected_improvement,19,0.6803681863437009,1.7089621276700828,0.5876631906807623,4,533,2,0.09964621025744948,1.7496712643946029,0.6464642811911084,0.4267627843559796,0.02234086492080236,4.739025767786827,1.9821631364192356,2.7490421024946934,-65.55499271339494,2.669423662042909
10,pdms,8,random_initialization,45,0.8520921625201745,0.7627716228717047,1.2714304889697898,4,495,3,0.01546183174204131,4.3810563430997504,0.6765106795074508,0.8242108675675857,1.6014990594361622,1.8282596617851987,2.037972443421136,2.8068161449173767,-68.71160489689146,2.7396764796504804
10,pdms,9,random_initialization,65,0.6122426039301024,0.29969248709624385,1.1481973588311654,4,599,2,0.11559403709859341,7.1502189172247865,0.6012740351020062,0.4293586611528748,0.04934295220518399,0.5521416781482529,2.0567567201005086,2.8214020084882088,-69.63305007469333,2.7621072222225607
10,pdms,35,expected_improvement,39,0.739374612942674,1.7411115597108315,1.4338756020743864,1,172,3,0.14137486814309602,4.447229685987678,0.6430413984670377,0.3177971682544264,0.04817919333154199,0.9429158648035683,2.045930505341914,2.8812294476678177,-71.35879717665662,2.7662378672588686
10,pdms,46,expected_improvement,77,0.8588168052291578,0.9317074201998253,0.5796581246909119,1,198,2,0.11815126635543392,1.758424279190274,0.9275852585962987,0.3528785287466657,0.013539303113174844,3.6918967270308047,2.070767408126962,2.8776133007644775,-71.82727112411963,2.7901707333180816
10,pdms,45,expected_improvement,37,0.9493025620040914,0.5292077484153839,0.4293609187095503,0,273,3,0.0372999825067654,1.2504751962339133,0.6263114828238969,0.3703030363883339,0.011888997065292771,0.6304283438593917,2.1488664541236013,2.937767217574391,-75.75729731776744,2.883308258517199
10,pdms,37,expected_improvement,53,0.6036885210855345,1.3806965175632115,1.0923932128108647,2,159,2,0.0602492451357181,1.0887010265371795,0.7219845310674857,0.3706929978438093,0.17583327802401796,16.08908774816429,2.153934438052897,2.9663074899229067,-76.86213255093809,2.8955113105336237
10,pdms,29,expected_improvement,28,0.9444590068469653,1.0978871130890817,1.0064064780007929,5,234,2,0.12136195826607853,14.469820025306493,0.6919144559004271,0.3948453340985574,0.034606496980257695,7.552623653167217,2.1480216128766445,3.0221184421291074,-78.65933599129974,2.9035512234089214
10,pdms,19,expected_improvement,21,0.9415172797229967,1.1433356651263358,1.2670769891058782,3,558,3,0.052179964751872726,2.7661123677320014,0.6932881046672323,0.46460020320517104,0.8078759989661171,0.38383711508813906,2.1543312482267667,3.062051139649797,-80.22676418689525,2.919844033139216
10,pdms,47,expected_improvement,36,0.5134887207055499,0.9768769872733667,0.4792556545068285,4,537,2,0.0249823888795446,2.8357137489139856,0.9530390675444843,0.38174372217698543,1.2860640320358012,83.19448761551219,2.229579023462266,3.069057135116383,-82.37602350430001,2.996843307241362
10,pdms,11,random_initialization,16,0.147751034001544,0.763849709393216,0.518439988482488,3,366,3,0.021303487872053092,8.780497306507536,0.985076051352272,0.748229727715416,0.00021702824849983838,28.08889401155847,2.24685574103759,3.132986964575961,-85.12735437168539,3.0301024821815803
10,pdms,32,expected_improvement,79,0.7376699504339063,0.6667609468009509,0.4033696862117101,4,413,3,0.0880374104220854,2.1361163220731814,0.7907643217165276,0.45030211294608957,0.03308617952600143,1.67735780104752,2.2465909472189405,3.1753141755979146,-86.67327456138592,3.0404194911184192
10,pdms,6,random_initialization,63,0.32010256952843047,1.1367982291310326,0.8178083361518433,3,433,4,0.11467248508702683,4.834700504362515,0.7940228499358406,0.47562013645124324,0.003103645546759908,3.3474616909761954,2.258817814394167,3.206796480114186,-88.15621098952136,3.060516934422713
10,pdms,48,expected_improvement,40,0.9446855462055316,1.2864473555177944,0.45275447944746644,1,225,1,0.07593103388231762,3.925129461706692,0.9898979768449819,0.3739271124489915,0.5387623557972357,0.6605964224472045,2.3001074678664826,3.2073713698619937,-89.25980345858679,3.101950310331981
10,pdms,33,expected_improvement,59,0.8674709739817019,1.7988350321506736,1.064303174017808,2,390,1,0.06285172035410831,1.6719987478793128,0.7011030862495383,0.4329426422091671,1.3766832165264664,0.9929192160727195,2.3326993809524943,3.2466009406194476,-91.6018358288037,3.1443496161073563
10,pdms,1,random_initialization,78,0.4130236328574795,1.14164332727938,0.6267329317606525,2,528,1,0.056801453499927795,2.8967977731146735,0.767338514163098,0.5532511268272098,0.1489248314780173,21.038800426843515,2.349513382077437,3.305049265950219,-94.28153009052724,3.175775698564992
10,pdms,49,expected_improvement,64,0.5527232306412656,1.3217191156704273,1.3436223629227064,4,329,1,0.14862022246986906,1.9023922203958725,0.608616965954282,0.3521991549540091,4.215360335198118,7.712274865028291,2.352074002305914,3.3194761721999173,-94.90459261187036,3.1819430453558937
10,pdms,30,expected_improvement,38,0.7976348918382892,1.5202248355327583,0.8262999403819156,1,484,2,0.04764995437719112,19.362978796317872,0.848876458956372,0.37393941194086616,0.1369205243265097,16.383514985530084,2.368750251054143,3.383528191773747,-97.85481625527775,3.21463229899758
10,pdms,7,random_initialization,34,0.9314739037342552,1.6374772867087586,1.1230377943661298,2,266,1,0.13301626994592317,9.634850129006454,0.7552812157658522,0.5499474191729559,0.000667818022670678,2.211637286693231,2.419466866693219,3.4493628539565226,-101.86643219613715,3.2818075801823494
10,pdms,12,random_initialization,44,0.5254433859872804,1.635890598742261,0.6241438228937971,2,263,1,0.14990656227214597,11.11303280793034,0.9541922069302812,0.4169569059113037,0.00148376265879121,3.6448164934071543,2.450314250248658,3.482565641276796,-104.06995826717421,3.320955660567857
10,pdms,31,expected_improvement,23,0.6937779557386856,1.2437607117525986,0.9931070363109273,2,598,2,0.14361098146214152,1.0354010165827505,0.6092046349167287,0.34369847224457123,0.2124375868207048,0.20979240301874802,2.444346076753737,3.5427873501364813,-106.35983018346501,3.3300429142878576
10,pdms,36,expected_improvement,19,0.8432274078893158,1.486234226921647,0.9756060971754521,2,258,2,0.06407900593538042,6.151743246987508,0.9108686885817802,0.38172804469659755,0.007072834020853073,0.5550126796517577,2.4498950242873216,3.536447514873648,-106.25637908415689,3.3340069030057338
10,pdms,20,expected_improvement,23,0.90692624873185,0.8078295035527668,0.5038593241674608,2,569,3,0.010443264625642816,2.157591960916086,0.8529657953326537,0.6300172700425438,0.23958959851528466,18.01761365679416,2.5084465155275524,3.5464717404601553,-108.34122734716858,3.3950644506425913
10,pdms,21,expected_improvement,27,0.9475381121469151,1.5310501692466305,0.3539426133748458,4,489,3,0.12273101066421326,5.107166682705247,0.7720121945978456,0.8422899182370243,7.152146042496389,8.545637761699398,2.502374930323529,3.5756973615611156,-109.37570356711066,3.3962992707138078
10,pdms,39,expected_improvement,20,0.7785468713643068,1.0001266486494182,0.8040284048546811,3,114,3,0.042692671826070144,15.254828831910235,0.7472343389480871,0.44528850901038564,0.1611566173038433,2.567977133516239,2.510518175369819,3.5715400815462743,-109.43776135663924,3.4034031957563875
10,pdms,43,expected_improvement,36,0.4966189847895903,1.655389879381879,0.7961023721124159,1,293,2,0.12637712958153544,1.0237197880245885,0.765140050701643,0.3892163304205893,0.0377146034270652,0.5225006251256427,2.546776555551951,3.7140644804283487,-116.52768279309717,3.475292675659038
10,pdms,42,expected_improvement,79,0.8575559421826112,1.0882005289661,1.2699598824144116,1,594,3,0.014755168771417977,1.1984079241367587,0.7845283838939444,0.43261748077485096,0.03473206102605228,3.4060953677267616,2.5674487441725,3.7610890172702334,-119.1785597162727,3.507720998490058
10,pdms,24,expected_improvement,75,0.6883769610770982,1.258350599486442,0.6650345260619049,5,588,1,0.09043748770860119,13.91407687539792,0.9641021198398176,0.6857051488757655,0.0065599409900502425,18.412215439319727,2.6006101242544104,3.7914921736873493,-121.50144522695709,3.5484831676762476
10,pdms,2,random_initialization,61,0.7500365254428992,1.3252205802893067,1.3298554796787876,0,261,2,0.02644216879791785,10.082659878136242,0.9723817238287242,0.4592206840503483,0.0002597944302220548,44.19596744198013,2.6187049676308236,3.751210611987632,-120.27806871271987,3.5565076206277317
10,pdms,13,random_initialization,57,0.24984553076843824,0.5762219520967079,0.41115502195537895,3,371,3,0.017116740636051005,19.840009671018286,0.8265240749860042,0.4125757546761103,0.0026626891290416114,7.294252895986867,2.615348024801333,3.7789111834534714,-121.38958049310841,3.560075820664701
10,pdms,27,expected_improvement,70,0.7390200164555263,0.3714554629764532,0.6530404814797295,1,599,4,0.08616268723994008,2.6866441475062417,0.6927640201800851,0.3889374426601594,0.12102353662023503,0.38243351799006176,2.621206258968526,3.8211121169213658,-123.42975718338778,3.5764842881988677
10,pdms,44,expected_improvement,35,0.9073415540405689,1.763262774178437,1.4501578483455388,1,256,4,0.08290210885269715,3.2393962041374733,0.882234344424013,0.47504754844563374,0.012950808272078115,0.10471979237764707,2.6675201696652335,3.9144116940725695,-129.03409779772383,3.646123093183376
10,pdms,16,expected_improvement,73,0.7013715347563935,1.8583607027495346,1.2598654294854714,4,597,2,0.037316487425129594,3.496562450518515,0.8865551628620358,0.3231910459056133,0.00015637704150421055,19.829607822690505,2.693134333807111,3.949792376551298,-131.44387168498415,3.6805824279449357
10,pdms,50,expected_improvement,43,0.6607379386158431,0.64119057019867,0.4923524993727215,5,539,3,0.01020560732905998,4.7167489190672605,0.7000331656568897,0.34740077604273745,0.004841897391783209,52.1806459602365,2.7560718293760544,3.9260028617907397,-132.32924183325255,3.737572544823739
10,pdms,22,expected_improvement,56,0.9464629167546632,1.7961291629893696,0.45969446386875445,4,540,3,0.010985857025248121,16.46502330075356,0.6550301402840691,0.7062738753952084,1.028740181370617,1.4102027431458009,2.7574453020032403,4.013053169172844,-136.38958956221322,3.7607085942964513
10,pdms,41,expected_improvement,70,0.829456730349274,0.9955247579388907,0.8632667507300207,2,564,2,0.09645643198094009,1.3497968507530067,0.7275037369687101,0.3474890497608417,0.00435090322771683,90.55684610823428,2.874601621412917,4.234055168186973,-150.7806101606374,3.93311541345966
10,pdms,10,random_initialization,60,0.45894889508104525,1.6099017976190106,0.7909038072761283,3,105,2,0.054257889049652265,15.624528482693984,0.6821884323909044,0.8176269205464104,0.08297968095879812,18.439850993889365,2.9041634391018425,4.216279319295988,-150.89300012973354,3.9582332689258397
10,pdms,34,expected_improvement,63,0.9146673485827763,1.2302189533392291,0.66884295072919,5,110,2,0.11839440094447376,1.3244402390942434,0.6144731214270726,0.4621114580941743,0.055105339399573836,21.16466203710315,2.9372969595238216,4.336210528103333,-157.96758129382522,4.021349591549654
10,pdms,15,random_initialization,44,0.22987411446307027,1.2072994513417301,0.8008200215815175,2,497,4,0.026546613615750378,9.54229302169745,0.7615119521220073,0.6297381290180812,0.17590869334076933,44.37597695708021,2.9446062225406666,4.35576109405535,-159.20236382120265,4.033546496054504
10,pdms,38,expected_improvement,39,0.9369815054195931,0.3562653214314613,1.2106473049549544,2,225,3,0.07439560565086206,3.209104903247301,0.6797799254452536,0.3409301304082981,0.507864217788001,14.229414884038832,2.9758496752393175,4.4535135734637805,-165.26789616132345,4.089228068605262
10,pdms,3,random_initialization,79,0.7327056745814318,1.2263870462454096,0.6180730524699256,2,224,3,0.0800973078935221,15.310605044914855,0.6193569697497777,0.6285165578784375,0.3237156363879575,0.1215447445112759,2.981004245766989,4.4544751344045785,-165.49728094515822,4.094623029368133
10,pdms,4,random_initialization,77,0.44015298316545254,0.6350881453317586,1.1226711353898702,0,279,3,0.02004713448585384,5.223086449645999,0.6307092749050293,0.4810695782819681,0.009034744710747594,24.60667113992613,3.021461567361572,4.4552876304944675,-166.93774420747394,4.135283474985188
10,pdms,5,random_initialization,32,0.1538957381098764,0.726760771321664,0.33872552209432755,0,451,3,0.02342694869171499,18.901650236309486,0.8145783666220314,0.6214285766310124,0.18527384495012061,2.191666777138716,3.109043768962629,4.632803807322252,-179.4052960202917,4.267244720793192
10,pdms,18,expected_improvement,67,0.11412425062269173,0.8855940068362929,1.495382368880524,3,366,3,0.01343054194790522,16.6895968202193,0.8138935054644731,0.7895938988426519,0.39480280361232045,72.53532353017907,3.1344565820955044,4.591746854466512,-178.11567617786142,4.282393295712133
10,pdms,17,expected_improvement,58,0.3825363245438553,0.6655615730887091,0.8321499776898629,4,429,3,0.04796891237069171,1.6597061048165953,0.8395041994421636,0.7222071541413224,2.5579598730449224,5.50880257609751,3.299895855651368,5.024933216999613,-208.45305678153264,4.556129159901271
10,pdms,14,random_initialization,58,0.26124354063800936,1.12492574415526,1.1979247157327682,1,401,1,0.011821083054849852,3.5588124688614426,0.8413377528809416,0.4577800158907652,0.0003737355012774889,0.7419687657588392,3.424645002014592,5.085122616267413,-216.81967933929266,4.695925656081445
10,pdms,25,expected_improvement,20,0.4786285924508444,1.0715977468807836,0.5973046921705474,3,534,3,0.11772071974295154,4.760988839595408,0.6192728362700611,0.9849075934956666,0.00989452111229056,1.6757110931689099,3.5918315616484278,5.528537968985908,-250.9210706543966,4.973966053894905
11,ps_foam,28,expected_improvement,14,0.6563722967444701,1.7023446346824085,0.9831490289408733,1,128,2,0.12750329267007812,3.5160825829686924,0.770254664145285,0.3312910899003746,0.7240613796303794,21.396102244172006,1.489206326979597,1.8039115864528819,-30.675415366276933,1.9401842235928175
11,ps_foam,22,expected_improvement,52,0.8763879337027005,1.4601829818290377,1.4359132109927284,0,134,2,0.018155610003703686,7.798772097580091,0.6040537045965326,0.40683348855133833,2.5123691294255655,41.76870205182831,1.839907554052467,2.363146502030599,-50.93711130006293,2.430694179560117
11,ps_foam,46,expected_improvement,72,0.9084684896032161,0.29701790642041814,1.1298295467594726,1,149,4,0.12169593427257853,15.205645298770909,0.8297901775838513,0.7380234021379184,8.784352476354627,0.18603045981181487,1.8796699390479414,2.486664478638044,-55.28332251739699,2.5013360587074525
11,ps_foam,27,expected_improvement,13,0.9065575287617972,0.7185051415256085,1.4040285580178202,0,314,1,0.018736611821611012,15.245099203340684,0.644923774658355,0.30498960936129044,0.45913663253533105,25.242040482255977,1.9651359280700216,2.5172641266259026,-58.055191786025325,2.5944519597264972
11,ps_foam,25,expected_improvement,66,0.8634302255143169,1.5358977031720005,1.4293008926993005,1,115,3,0.01100221250155084,14.314229960345722,0.6069911473499555,0.34843988531138176,6.74582062114228,1.7930136626906057,1.9943996974743743,2.6134239880288597,-61.58209732762874,2.647755694481589
11,ps_foam,41,expected_improvement,34,0.4449524042196089,0.4786094290165768,0.8909080448583784,1,142,3,0.07616835403686632,3.5892274103215005,0.6964587848407704,0.32777277458479553,0.5157930873437147,7.037192682674795,2.0793550183692955,2.8541364355196475,-71.24310588164161,2.7928891272492073
11,ps_foam,19,expected_improvement,73,0.939759441273516,1.4350943814894868,1.1321043142578282,5,112,3,0.020745089086530954,2.666503397002743,0.6468008588945358,0.9757279315674614,2.6822331552639946,0.31643125276103334,2.08470375637796,2.8588714771034565,-71.52489221073658,2.799421625653824
11,ps_foam,33,expected_improvement,39,0.6389603361080656,1.9782766169912505,1.2116411725467737,0,114,3,0.010664947531364261,18.720621433619836,0.8226070824680697,0.981150974589728,0.6334687598156069,7.648045052142214,2.145545679316754,2.8806698045037686,-73.72200540368858,2.865713130442696
11,ps_foam,34,expected_improvement,13,0.6041153929545873,1.1626569262006226,0.7609468042112317,0,365,1,0.01699447911352567,1.9406762580055006,0.6773500842346056,0.5113080416663632,0.9452488146209335,0.9357140579813045,2.1823784711779255,2.8921520110002747,-75.0339038963422,2.9054164739279944
11,ps_foam,35,expected_improvement,18,0.5233032689125273,1.9617906735144366,1.2559074809461315,0,303,3,0.027440219692776727,14.939057134407525,0.6266027980152222,0.41287192730682265,0.7933547443148965,0.10351116450961896,2.1811352072234342,2.9809191860429727,-78.037160053696,2.9263650037341775
11,ps_foam,2,random_initialization,28,0.619334386977893,0.5907449815402692,1.3958819914244571,2,221,3,0.04498792986353668,2.4470713373862654,0.6277247963223915,0.31908348957950383,1.1327455367075492,1.0446825359857248,2.179185252202098,3.045256198160091,-80.24416458454797,2.9404993017421206
11,ps_foam,13,random_initialization,34,0.8871387047195274,1.425760442870393,1.4882306992587957,2,273,1,0.03142589144570276,1.894862798895929,0.7945271043158196,0.6333684871304506,0.007007758177635325,13.769206068618288,2.1974862744544055,2.9721917673833356,-78.14610240981759,2.9405342163002395
11,ps_foam,24,expected_improvement,25,0.9484284109038114,1.204270555588859,0.6912663898124323,1,147,1,0.050205262924328524,1.4440361579982257,0.9995175863466409,0.4016820752974761,0.0001255934940752239,0.3685551888542358,2.2257917675153145,2.989095985997241,-79.45166702732237,2.973065764014625
11,ps_foam,23,expected_improvement,57,0.5921996969696001,0.6443116079892748,1.474951528984721,0,110,2,0.012889236323993553,2.551198969183503,0.7715412547899632,0.645217197017911,4.2465307765036995,0.29786611609659325,2.235076179409551,3.05761239069851,-82.08945403964276,2.9994792770841787
11,ps_foam,21,expected_improvement,52,0.42653988738577675,0.9035376468531039,1.4670075782636987,3,100,1,0.0758961298640478,1.3643175187216885,0.707456208733232,0.6659860107677076,0.00012763307250976226,0.6052776668668454,2.271768656568465,3.058082247034673,-83.06732165576797,3.0362892183271333
11,ps_foam,11,random_initialization,17,0.22486318902372276,1.6114552066532748,0.7187273173231479,4,100,3,0.024024234315348933,19.28841739383105,0.6614871785281097,0.6862588472063047,1.1268158666706805,23.589941709799284,2.2870548484594893,3.1181945005467346,-85.62040109990863,3.0666034735961727
11,ps_foam,17,expected_improvement,27,0.797982810672942,0.453715993638106,1.1453554797853955,1,108,1,0.05433026081761621,2.517005905780054,0.6642890425312574,0.8977050309545018,0.4677383920469423,60.12293881900969,2.33012954127013,3.1438895039817654,-87.7054419735701,3.1161019172655715
11,ps_foam,45,expected_improvement,21,0.7149364923143526,1.514204326499623,0.42575096276753244,1,529,2,0.11979154988951565,3.437320272079301,0.911604471961225,0.5592674873599928,0.07366347738252647,1.1360124849303326,2.3110984262275407,3.3030754895606718,-93.16899862118908,3.136867298617709
11,ps_foam,6,random_initialization,11,0.6810343588604328,1.5314613433739466,1.2605439293494407,5,464,1,0.013990948989922147,7.442939951061792,0.668208425035849,0.8227779128809385,0.000157862884130315,1.0024295050745526,2.393577054741224,3.286852522636737,-94.77593398065926,3.2152901854004083
11,ps_foam,20,expected_improvement,27,0.9053566381389662,1.8566924378478893,0.5222446823276595,5,192,2,0.012300321685862535,15.985145660362592,0.6357700449893174,0.30386291587224734,1.1683759127106628,19.037090057928573,2.4050601701410104,3.312302895022778,-96.0662389165766,3.233135893896705
11,ps_foam,37,expected_improvement,12,0.9310693818624513,1.2044342337318077,1.3514315749302652,4,196,3,0.08554886946869178,8.889398073880145,0.8651650889941611,0.5383852363187793,0.9381273516765561,31.242629142931033,2.380146221610882,3.4344901731078217,-100.17954429462225,3.2387687648878374
11,ps_foam,1,random_initialization,73,0.3300095711086509,1.855458507957225,0.46371568680563147,3,127,3,0.07262371597462236,5.419933688911537,0.6956773877791573,0.7179749451997994,0.04633064464772478,9.916436368698855,2.4253585979626546,3.46897505462398,-102.81434865553186,3.2926023616186497
11,ps_foam,18,expected_improvement,14,0.8518504992851793,1.2202401562010319,1.001995616191882,3,174,3,0.014427794448542874,1.1014273550453983,0.9086325690206141,0.9841125708406069,0.0859415786648342,15.919561637086677,2.449417963148596,3.412909724141409,-101.24381269028989,3.302645394183948
11,ps_foam,14,random_initialization,65,0.9373296614001823,1.1058284133909086,0.4301154593293235,1,217,4,0.03304645025143392,1.1476737481075008,0.8432073036082405,0.5685549066383504,0.3748123454179945,7.729660110042655,2.454868841622474,3.510293133419344,-105.32005102803632,3.33244212497731
11,ps_foam,16,expected_improvement,11,0.898229238247178,0.5336545123010987,1.3501947176447933,4,287,2,0.05186989196523852,3.327380547988762,0.918354261571738,0.5459001242943654,5.4229696839322346,4.741593183338238,2.473163041385168,3.5495661585126936,-107.44847856548698,3.3605545810133415
11,ps_foam,43,expected_improvement,11,0.7510309863642705,1.0511077764348495,1.0664043436169466,0,401,4,0.12476595517152558,3.1870811443213554,0.6729778070891259,0.6216353263381831,0.9156264592562118,1.1958299057123605,2.4807756722602967,3.577338726946355,-108.81681693440896,3.3751103539968854
11,ps_foam,42,expected_improvement,45,0.6989233029421275,0.6246738738885799,0.502929848624132,0,548,1,0.10318320133820501,3.367098766964312,0.6100568942847783,0.30093552021635583,1.0029510374484603,2.171968578989105,2.5070001475384016,3.549206876348963,-108.40470140592969,3.3943018666256424
11,ps_foam,32,expected_improvement,11,0.7180983619779951,1.6742401830273825,1.41428730819997,2,185,3,0.1290060814609229,18.50459327608644,0.9377407139893748,0.6243126930818874,9.30658413298617,1.931263574311267,2.513362425032866,3.5464217312328565,-108.47453189788945,3.39996785784108
11,ps_foam,44,expected_improvement,11,0.5440662367321123,0.2570655843740133,0.5352205579710714,0,157,1,0.13575140943329222,2.814366811717746,0.7045962747172487,0.5999652815806422,1.9378792152408053,1.4004381444166898,2.538811090331928,3.5713294473968498,-110.24167834877353,3.4316434521811408
11,ps_foam,12,random_initialization,36,0.9491974442376917,1.1627643927779336,0.5089119802319224,3,407,3,0.053502326231286375,1.0779512384504475,0.6422864478569718,0.34197585408461695,0.01385345259072799,38.62288927191899,2.527004138766325,3.624569477822269,-112.12787616152384,3.433146508221892
11,ps_foam,38,expected_improvement,33,0.5671487357027578,1.895966599332878,1.1178154811134502,1,117,1,0.02489628772196956,2.1323892876071917,0.8218025870042291,0.34619706568766134,0.8779492683798615,3.624340466636969,2.5971387273896185,3.6338611912074237,-114.58086503516056,3.5056040251914746
11,ps_foam,7,random_initialization,39,0.26590516051762125,1.4699428184694963,0.5386070534891065,3,294,2,0.027372375480688153,10.373775807203609,0.6171846330273445,0.8516696856442023,0.0029785361683387513,0.1657705538896655,2.5821581155537436,3.709015612320184,-117.34785199254551,3.50941201863379
11,ps_foam,30,expected_improvement,11,0.7202354849875305,1.0244501754213375,1.0870421107137833,1,108,2,0.017728244273788264,4.6763518655783995,0.8287776285513327,0.5016328826329617,6.824483999148121,0.4663011969630497,2.636853638089479,3.7267642481051046,-119.75052253577171,3.568544700115755
11,ps_foam,49,expected_improvement,70,0.7465526548161624,0.6844106387950811,0.7179145156319184,1,441,2,0.02442379535742091,14.122713415569596,0.9983775827969718,0.9807972308535169,0.7528974503822824,0.2649913125153673,2.6688374340002543,3.8451898149675583,-125.94701496837199,3.6301348877421438
11,ps_foam,5,random_initialization,55,0.5671608458463031,1.9370826586978975,0.46350758472735776,3,460,2,0.0161997713838873,8.423920075223974,0.6909226722773655,0.9035164825391879,0.011357431262892452,11.02020187188781,2.6754814105862903,3.827141947117892,-125.3464074012582,3.6322668973657635
11,ps_foam,31,expected_improvement,15,0.3895186262574328,0.5877525789822804,1.382864447230959,3,114,1,0.11297348549710562,8.168815016455817,0.7230155484415454,0.3018717319948834,0.07628627070063951,57.99415743381591,2.707755869658648,3.8344690160889727,-126.6703956011857,3.666373123680891
11,ps_foam,36,expected_improvement,20,0.10002843563529373,0.45662347404063,0.4656266308208007,0,146,2,0.03804477187010748,3.709181846740786,0.9464881223275607,0.5899090940736155,0.5853530803806392,94.0951931554779,2.716033463217354,3.8153604763359263,-126.07865847203446,3.669873582301336
11,ps_foam,8,random_initialization,48,0.6985658472081151,0.38923755059835197,1.0646651817715695,3,291,3,0.013287904996718251,5.88758111493154,0.625886280570386,0.994637805753356,0.0046096870766575895,2.3745146230777188,2.7091203404347963,3.9381121991395074,-131.39821445135053,3.693648390219673
11,ps_foam,50,expected_improvement,24,0.5475573221241252,0.4162531484664841,1.1837819944444543,2,189,2,0.1218591707993744,3.2602334516858584,0.7321416427698224,0.392828108849051,0.6338542158272085,24.948000369467874,2.7615272320799273,4.032758486632428,-137.4324207213742,3.7697168537380343
11,ps_foam,47,expected_improvement,61,0.8505017023807468,0.7079615806144282,0.4659897531330819,4,232,1,0.03300523953312594,1.5644771773898056,0.7085300705311774,0.5916395939776046,0.0007575972670896202,0.20795951454164363,2.8426808116818254,4.051624925990271,-140.93802312911475,3.8555870431793933
11,ps_foam,29,expected_improvement,14,0.1396040695833059,1.5227470087819568,0.34742367336707397,1,112,1,0.04014254193087021,2.3571454603426982,0.8902811818723768,0.3531123004628108,6.256335516496216,76.49178415928034,2.86208850111807,4.076029514225116,-142.71992180283283,3.881095879674349
11,ps_foam,9,random_initialization,75,0.5297409519680453,0.33964878162298484,1.0508681617541282,0,282,4,0.07362092695553396,2.966125620402164,0.7874286263170956,0.3400509673911374,0.03326988574654843,1.0350045738580007,2.8641582591328283,4.266633824118039,-152.03730722151067,3.9308167151623383
11,ps_foam,10,random_initialization,80,0.8640731569789016,0.4397382834785962,0.7834267623789903,2,592,2,0.04334174444362444,8.419856065611418,0.6064462497066417,0.32676212926290177,0.10806003868179485,9.700351093302329,2.8983630918460372,4.239802553417661,-151.8474076512403,3.9583137302004525
11,ps_foam,48,expected_improvement,62,0.46424746536524947,1.9384417550714113,0.4590697802848831,0,554,3,0.027899669291715376,11.274693288571656,0.7641401963055188,0.4773601355811612,3.0769242641610464,54.706661942718554,2.9111379508249002,4.264607585214901,-153.49994934821154,3.9772898471286258
11,ps_foam,26,expected_improvement,76,0.9372648824332243,1.7618800103837067,1.1952426941263337,1,102,1,0.06263057550607198,1.964152292043721,0.659746031634701,0.8860368608864815,0.00020797184415749685,6.852472317451504,2.9685762295200564,4.26957632126383,-155.690605532244,4.035970309836014
11,ps_foam,40,expected_improvement,41,0.652660532796612,0.8854849392079439,0.8031328043462558,3,357,2,0.11458048916926956,4.415264631008044,0.6904011082903225,0.48913897768401404,3.058490830269452,95.19339539983001,2.9745230238382,4.355116856507929,-160.18232251941149,4.063302237965182
11,ps_foam,4,random_initialization,49,0.39340928754445625,1.4030486356611718,1.140261183848831,5,551,2,0.028621147073324422,4.80737903258248,0.7924655984779431,0.8368805375093527,0.36925668683323304,2.667273030342336,2.9643164623524747,4.423619881714903,-163.3266262176262,4.0702214327812
11,ps_foam,15,random_initialization,43,0.291898358046395,1.2979529370716918,1.2975862318675055,1,237,3,0.012599030872829528,1.0708301356346919,0.7507862510223879,0.938396454447971,0.0007037788571166161,13.24218662108935,3.048852384198903,4.527363358463606,-171.64932481790518,4.180693223814805
11,ps_foam,39,expected_improvement,12,0.9042265999355046,1.863800761305499,0.8660613445981376,0,295,2,0.14880341103864045,4.37752427910011,0.6876403308849971,0.45877206702081497,0.01549578825424053,0.3655917145786698,3.1087655352372536,4.693667889526491,-182.68389372776153,4.282182507618876
11,ps_foam,3,random_initialization,71,0.44399092617111013,1.5422178404651996,1.4590291882091977,1,413,3,0.05513203178802241,18.500324101989,0.9413201138219912,0.8116857718105472,0.0007104335693834979,0.3619585691445273,3.2664164815558316,4.924186751604022,-201.35690719633692,4.497463169456838
12,pu_foam,9,random_initialization,13,0.23819812395438034,0.6855375910653349,0.4744756688708949,4,533,4,0.013497577204907362,5.87056442155723,0.679408435595912,0.836113583843465,0.03366762914239744,0.5545025960341713,1.842428432445828,2.4439858290189167,-53.145068722615484,2.4534248897005573
12,pu_foam,32,expected_improvement,57,0.24819680467618183,1.8420469136493545,1.2488457335445902,0,390,4,0.013707848126211012,3.342970825368482,0.9567203566343697,0.9380586759989733,0.051838718545736094,1.0829760483637856,1.955893926649691,2.6620401680920516,-62.07900544022446,2.6214039686727038
12,pu_foam,5,random_initialization,53,0.8848487380903657,0.31459561681679915,0.6395216235531387,4,151,3,0.07840153427142287,7.033035821166095,0.6826707230676157,0.5628445672475938,0.00046460339082321766,0.3724769672612735,2.09504205651147,2.886319639259663,-72.53643079697645,2.8166219663263856
12,pu_foam,31,expected_improvement,23,0.16443119778182297,0.8824793375557607,0.6676282155119064,2,531,4,0.017570433271972666,6.904373172510441,0.9683031766069016,0.595750723888179,0.00012084123160670487,9.696758712905025,2.162667933256798,2.9968491924824354,-77.95999213095193,2.911880231377407
12,pu_foam,50,expected_improvement,14,0.24754466842827239,1.2219479310431614,1.1409916188892144,5,464,2,0.08353843527841552,5.096434387742423,0.9170725564324206,0.7666857831519599,0.0001279245556273387,0.3171689968832148,2.2596614398065973,3.197397785387102,-87.62837223599676,3.0590108861533727
12,pu_foam,18,expected_improvement,27,0.31674785182657056,0.564135699177651,0.5295211974310023,2,120,3,0.02553829559358727,1.1335718321905768,0.6933111638678554,0.7808454376260865,0.0006182507688041513,0.9839300933854899,2.28964134961499,3.144752675502589,-86.47367647649952,3.0758295184906372
12,pu_foam,7,random_initialization,65,0.27819737183074644,0.5794571727473242,0.7099702713708032,3,253,4,0.049804946527437506,1.4933549094083225,0.6453380716716245,0.8907626229747103,0.000723544995473523,2.354674987637897,2.28699182575588,3.189827534547142,-88.0613485541163,3.0844487093926656
12,pu_foam,44,expected_improvement,45,0.5967691603975848,0.35181299561216267,0.41603211543724905,4,449,4,0.08047322845557543,1.2057885227055831,0.9361148069633599,0.7460806417042374,0.6693386674052911,1.0104503979875514,2.2958595193303846,3.1965316142999183,-88.54666853891231,3.094992422905364
12,pu_foam,3,random_initialization,26,0.7808020443285877,0.8488902346768048,0.5061175412879791,2,200,3,0.019945404521375647,4.535741086281178,0.630276722168276,0.32216915088389264,0.0009384666008093032,1.136934208289171,2.3170743276112735,3.2006891281709433,-89.25995644964796,3.1172466096540092
12,pu_foam,47,expected_improvement,17,0.9020069205214843,0.8426008785083853,0.577065440755486,3,133,1,0.011927475206565417,3.322359744082876,0.8089855802389754,0.5836111318175098,0.0006131822328000124,1.918605651122503,2.4089894508153478,3.305922408775745,-95.7120917451085,3.235470053009284
12,pu_foam,20,expected_improvement,17,0.3282586417820073,1.6612065870280879,1.170005186809654,2,119,3,0.09155217163366051,12.583197029827206,0.6687785626448071,0.9040672016347568,0.005810069823858416,0.3375677498917192,2.4044622575839223,3.426141687674908,-100.29482916361577,3.2609976795026494
12,pu_foam,15,random_initialization,19,0.5297892706331149,0.38559120189702245,1.4531741056921135,4,255,3,0.04051345788989021,10.559533411449687,0.7969158114393349,0.8331152295922712,0.0012592902912367684,13.946547488268946,2.43213081636747,3.404491045150136,-100.20493558775735,3.283253577655004
12,pu_foam,4,random_initialization,18,0.6621280214738783,1.093998400613736,0.5084036612529539,1,331,4,0.08579208609509095,1.8225903056750303,0.7778374760465848,0.3490981703176854,0.028705320557335705,47.261208918765405,2.4204484664861914,3.4722698233550964,-102.58533280224334,3.2885159223249656
12,pu_foam,21,expected_improvement,61,0.632107254851605,0.9443753851692122,1.2089605518604376,4,339,3,0.1123624065837879,1.8498862545734265,0.6793206358275787,0.8575245777113234,0.06810685756538969,0.9112850990407707,2.424096671659598,3.463860219903459,-102.34952205215372,3.290061726635463
12,pu_foam,27,expected_improvement,37,0.4334919571846693,0.49807866276777635,0.43867986371227347,3,217,3,0.014337515259769321,6.307578577210278,0.672692841734156,0.594790210277006,0.0079254793302777,0.23473401502925564,2.445010085711157,3.4142022670915786,-100.95040099364664,3.298560652484052
12,pu_foam,2,random_initialization,30,0.9128668021992697,1.5617277100382305,1.3674201412823517,1,235,2,0.029455897619563687,9.998760229124368,0.9262659615874044,0.4123708142678276,0.06554480158356718,90.423212790966,2.474977454971279,3.459568344407622,-103.60470053595277,3.3398695410731842
12,pu_foam,11,random_initialization,75,0.3160104184431138,1.0545132921232412,0.5073021780790578,4,209,2,0.01092367049330051,3.627523359933209,0.8919613441995198,0.39474170764893224,8.044876643866575,0.7979608323948624,2.478490958517115,3.447448380099557,-103.21703894635301,3.340353053542004
12,pu_foam,42,expected_improvement,29,0.7889455532358167,1.1798087059416182,0.5722423508065024,2,273,3,0.014241314386360974,1.4708631123529172,0.8351794896696823,0.782403276345365,0.016024826369513294,0.876273788723251,2.4685557633835415,3.4998108644051715,-105.04986076802689,3.3435084794848344
12,pu_foam,49,expected_improvement,52,0.10404017310362894,1.7906754611932953,0.4066034189690033,5,529,3,0.11563721842712932,3.376380424240852,0.8922659538105561,0.32581307690581135,0.023156304722093166,0.16677037263623753,2.4697746520908046,3.6155159311079834,-109.85947187337312,3.3736536348678006
12,pu_foam,16,expected_improvement,37,0.6298732058191941,1.1819128575687146,0.34749824342910973,5,483,4,0.06472655452955002,8.774669000660616,0.7498748593740601,0.6661300951428106,0.002232215366804733,0.31375209333360343,2.5071718854116964,3.6182895227960645,-111.04570354920627,3.4117442661107127
12,pu_foam,24,expected_improvement,74,0.11820470247637255,1.5967163351093072,0.5956234810459548,4,218,4,0.02406719913815289,9.871394408781136,0.6884825217531598,0.3420108132807459,0.002357519414837802,0.5824570303527552,2.5345725326376125,3.639103210724041,-112.7145292353976,3.444348335318623
12,pu_foam,34,expected_improvement,23,0.14125117678435034,0.4499099190501472,0.8685315854741318,3,516,3,0.024757162814208162,5.085083364170929,0.7819837398272353,0.48337554331365384,0.9802681265671899,0.49729975640010105,2.53545088404749,3.667252301454934,-113.93198610085486,3.452263959411223
12,pu_foam,45,expected_improvement,63,0.12707959552715994,0.2719029438760319,0.343613340950708,4,183,4,0.03240833721377609,6.593925347930143,0.9617619497997455,0.9698835385427913,0.10045198407566659,1.073771740061628,2.559155430584916,3.67108354268104,-114.78994718648248,3.4769263162551756
12,pu_foam,1,random_initialization,56,0.9364301286140182,0.6481138267634055,0.3232578596447757,4,350,2,0.02009180418556966,1.488649171189483,0.6047464030531259,0.5138222727841542,0.14666193046792547,24.85880447682,2.6183882318808744,3.6792009401829153,-116.89627857241479,3.538188466926603
12,pu_foam,6,random_initialization,33,0.44909636546829923,0.5585985870121988,1.3214823874710142,1,401,3,0.013745375439930438,2.4995780514445167,0.7662587299686566,0.8713803296500939,0.04899551997260484,0.2746836000445991,2.6073427459944623,3.780909595866544,-120.96569988243124,3.5525701449610985
12,pu_foam,13,random_initialization,14,0.7899031378370845,1.7730054451962571,1.15499517960811,4,573,1,0.02023746766008111,4.151823301797482,0.817405626258295,0.8735236686936676,4.9026272158966835,0.36233640280080487,2.630617312775712,3.690408897992819,-117.74274828737866,3.553219537273917
12,pu_foam,40,expected_improvement,46,0.23855500858939593,0.637115315294535,0.8177147093608164,2,139,3,0.05466678448970656,1.9532360153624744,0.7129272930118731,0.6134367703022634,0.14642304578124152,55.37935087522689,2.644701827804579,3.7532744061228285,-120.88499243218475,3.5830204293352863
12,pu_foam,37,expected_improvement,19,0.5382902455358841,1.7212686896197822,1.118923494685172,5,332,4,0.012467794760367303,18.049851510307136,0.9315638475150506,0.7650700069877736,0.014800275102116268,2.240928116042098,2.640072089434409,3.7946781067151583,-122.55664199559143,3.588741616113199
12,pu_foam,19,expected_improvement,63,0.22843930527143114,0.5912049132098001,1.438156570220395,4,465,2,0.011921833418481737,10.244644689081786,0.6798537273849135,0.7894074105961539,0.0012527650715778611,7.23118336994794,2.6475481845789623,3.814860199143921,-123.67507705479368,3.6012632343649424
12,pu_foam,26,expected_improvement,31,0.545378048066586,0.5389521985217494,0.5609195993967966,0,134,3,0.03319705248788041,12.60234855602578,0.7001308118022835,0.8618692382354156,0.00021609506066848125,0.8468430031794589,2.664265591225834,3.795406569654134,-123.32521567730885,3.6131172336393673
12,pu_foam,41,expected_improvement,60,0.7607619694194863,1.4185625236095372,0.5828866882415564,2,438,1,0.11448768975147379,2.7457080132435827,0.9609037699278619,0.5006538079941059,0.00018785201843383396,7.794920975781312,2.654337172962469,3.865286847039916,-126.12648895518957,3.6206588847224483
12,pu_foam,30,expected_improvement,59,0.2262093709552419,1.8326834571018402,1.3768918121491127,2,525,4,0.0886747190966777,6.2196870471391765,0.6208765332829652,0.3086158304824734,0.020686890111941195,1.2428512549348683,2.649571653392357,3.886064268667996,-126.91700276480177,3.621087720559356
12,pu_foam,8,random_initialization,72,0.1771592506639792,1.8168146615037322,1.0662766899601968,1,331,1,0.012687174920281877,14.430546360856239,0.9951197074863176,0.916519424520658,0.019910158332963397,40.27872331010622,2.691135875807584,3.8021249297865753,-124.44597697103785,3.641667108254228
12,pu_foam,25,expected_improvement,75,0.4788188442612035,0.6872121052517324,0.7718810745911749,5,414,2,0.014613609196594842,7.383848235035958,0.6804104452670104,0.549063619923793,2.8789337266680453,0.3474323597193646,2.7501463587334523,3.9225733489195065,-131.69011068524603,3.730789695963329
12,pu_foam,12,random_initialization,32,0.34357261777492915,1.2289031016630472,0.6349850462615392,4,581,2,0.020087819732674015,3.1515263795251904,0.6523069388088432,0.708612272456675,0.0001365257595854437,2.067462628918345,2.7308819464697556,4.004400525724893,-134.84362648279827,3.731982077900979
12,pu_foam,29,expected_improvement,46,0.7108795489416075,0.8246156571780545,1.3115630070324025,2,552,4,0.012568545118057828,5.962435753705505,0.8519910702653839,0.5563876207787195,0.0005357303085584289,0.47619897865158467,2.8013304636371794,4.113859980151977,-142.23700386534327,3.8297954586751737
12,pu_foam,23,expected_improvement,12,0.41296298838187234,1.3125076734876444,1.443513759615197,4,503,4,0.13383887694609883,1.8342531905382493,0.6046941440581878,0.4039498460942746,0.00025113743821743507,0.45204762001346216,2.79640881093038,4.152639879322814,-143.93559334995226,3.8345687807610838
12,pu_foam,14,random_initialization,40,0.5959454119393743,1.5711746126940842,0.9633302998031539,2,430,2,0.014531015380162689,1.045652268635261,0.9819986000967531,0.5496619863361749,0.0019151898597014362,54.41822263265858,2.8451427241582214,4.06375934286272,-141.28039002503922,3.8610825598739016
12,pu_foam,10,random_initialization,62,0.06828865290366254,1.425258380936121,0.6677769116563252,4,474,4,0.03103704574654345,1.7172395904801334,0.7745819211487041,0.9081257985116997,3.5280013835140793,37.39329687570482,2.8307173820104596,4.197100359138362,-147.1996303410871,3.8799924717950502
12,pu_foam,33,expected_improvement,78,0.22235296767635337,1.8291872620791867,0.5694659831476141,3,580,4,0.011149140408947315,3.3898039642678937,0.7637278752826586,0.6131731024759096,0.000387898930103545,0.22398986372295235,2.850483518326155,4.241012131080595,-149.99156941558238,3.9107365510963037
12,pu_foam,28,expected_improvement,30,0.8531193407478815,0.404340259880725,1.0457557167850888,1,551,3,0.02658129904298228,5.709284063611322,0.7629513578666743,0.5204057615996093,0.0002259725178668933,9.631707862789128,2.857026412596824,4.268026857625332,-151.53821682115964,3.924033127003157
12,pu_foam,36,expected_improvement,56,0.25998705841019115,1.3715459733738076,0.7080986707782907,3,573,2,0.013346303802317014,12.356133615521584,0.8421635158001951,0.7079301160141417,0.0020507996307453963,76.0239874800582,2.8920504451283775,4.159329487139725,-147.38378317117346,3.9318828169133084
12,pu_foam,39,expected_improvement,37,0.9434040497334906,1.960650331851682,1.0011026681589164,5,145,3,0.03313599319084919,3.519628462722163,0.9117926012067619,0.4248568164401429,0.025507027096871818,0.14157962634192273,2.916964500797595,4.354408918934991,-157.8461537666204,4.005566730531343
12,pu_foam,43,expected_improvement,40,0.6311765899550056,1.6201276148409445,1.3294917865811298,4,174,3,0.07339204265758434,19.559778966452694,0.8424921723537784,0.6582262959746445,0.000686908642851325,30.598113377836643,2.937808062723452,4.335249816938375,-157.58382798841288,4.021620516958046
12,pu_foam,46,expected_improvement,74,0.22333586985937148,0.661601069800992,0.7566209882543775,4,357,4,0.10536620311116116,14.002053745328825,0.6285224974941793,0.7680668247436625,0.00013984457084390375,0.7005140498791448,2.9929027272458466,4.444573458660469,-165.0252812995701,4.104046091910964
12,pu_foam,22,expected_improvement,19,0.062403454885748985,1.2218756766118923,0.506685138588971,2,264,4,0.08826254056304532,9.123168580616555,0.6820519095916326,0.7818001754994386,0.0007937864986538349,27.150900436033147,2.990808377258042,4.460227479743832,-165.7622765684668,4.105865247194
12,pu_foam,17,expected_improvement,14,0.7648653527881819,0.5878383255254215,0.5189193927281823,4,474,2,0.08183029817638382,3.006920305008596,0.9233408423332249,0.9521711366718719,0.15632103962155913,0.30177018158167157,3.1276801269959456,4.718677063389911,-184.32985279484262,4.307349392843423
12,pu_foam,48,expected_improvement,37,0.9348638419528048,0.303470567379924,0.8246825933688995,4,534,2,0.06921577068054763,2.3805951592144003,0.7142002270189144,0.31624977034171414,0.0009713179925157777,11.817891220123595,3.230384408779682,4.862944928346433,-196.09802704586656,4.44612064086629
12,pu_foam,38,expected_improvement,50,0.8513767829112463,0.6165670905840872,0.8061161954493554,5,456,3,0.06655283946811663,12.718387879668436,0.6597810666747106,0.4967851485433576,0.06965768573721112,82.14317674279116,3.299114221049532,4.992522220624162,-206.08013831321202,4.547244776205572
12,pu_foam,35,expected_improvement,66,0.23450621476938355,1.9675331748078708,1.1109543579446985,0,365,3,0.11890905814485586,1.6072400720736368,0.8751993228393528,0.7847976255738711,0.0021483302514785606,17.089907319446088,3.869090486809304,6.004967808528596,-294.1099390643671,5.370332438941453
13,titanium,50,expected_improvement,70,0.2533533421960974,1.8951233500586324,1.4625483245992705,3,156,3,0.01116146032628713,7.30447436099732,0.7589571730479011,0.869833240228133,0.11950527256575463,49.4056919899364,1.5679027619533439,1.9532797470874628,-35.238120006829384,2.0562226987252097
13,titanium,8,random_initialization,61,0.8660398920798101,1.797065328255608,1.1215040753759913,4,145,3,0.11226006370029722,8.066961079089731,0.6760064562515085,0.7040786572853703,0.0019514364460749883,0.27922056686893065,1.6089995555350343,1.9225841202169114,-35.29373439929782,2.089645585589262
13,titanium,3,random_initialization,45,0.569980923017649,0.5544170167857064,1.2274649562431392,0,310,4,0.01975322530267226,1.2917245824409886,0.6854643899080979,0.9516633727115344,5.055467082187068,0.9281143811358671,1.8243858405140951,2.2930832373524326,-48.610199070442036,2.397656649852203
13,titanium,15,random_initialization,78,0.1657683349450485,1.7770914354262757,1.290408196703571,1,133,2,0.010361342674947753,8.845904719979657,0.7160234098172832,0.8279848891934964,0.6278654023494926,52.810138624810556,1.8203816015308165,2.316348905196033,-49.14182042586373,2.399468827829825
13,titanium,31,expected_improvement,54,0.09910170264152449,0.4645987647685181,0.3581264968733954,4,233,3,0.10843526166982874,1.5284689507730036,0.6616973700083413,0.7139236361328398,0.06308939527321682,20.84984953820025,1.9717844164048832,2.5360421991039153,-58.626184252897716,2.605794966180862
13,titanium,10,random_initialization,47,0.06093850967386083,0.6669752467124992,1.1155675067139867,1,429,4,0.012292138225039481,17.875864934529048,0.9437542001059678,0.7511368401925218,0.03624032834083993,3.5821614169875446,2.0428371153097222,2.655240829290428,-63.853400307227766,2.706647322632329
13,titanium,43,expected_improvement,30,0.1471537068519727,0.289650083153685,0.9698482830649402,2,584,3,0.05955163651701198,3.5643014197500484,0.7091281129477378,0.7527695209677641,0.24247915778059112,33.14049197494135,2.130602232476584,2.810744938767172,-70.89139910643358,2.833288467168377
13,titanium,39,expected_improvement,78,0.20297132616545988,1.9368969317825693,1.2484382266220442,2,118,4,0.01343248055395037,16.877081963821684,0.6451692655742842,0.8553387486485007,0.0003634583610060359,37.59728142312095,2.1469057617945677,2.912761173378128,-74.67594307260899,2.8750960551390996
13,titanium,32,expected_improvement,34,0.8702413242963607,1.467222344773483,1.38919057765366,0,324,2,0.068440624895886,4.598926373756274,0.6551249090346658,0.7352411142216271,0.09194772761092641,8.536486244138466,2.2501901605895167,3.0262443454187133,-81.19469495191612,3.0067512469441953
13,titanium,4,random_initialization,77,0.8983979814440727,1.2104033837080248,0.7936210605052703,4,555,2,0.09153340733531505,2.6115121574150066,0.7478475672735913,0.6774947231402417,0.0011613973194264055,6.181608278831669,2.301445899089732,3.102407275923959,-85.24547325728959,3.077047718070722
13,titanium,45,expected_improvement,52,0.23742031628851096,0.49486832759625726,1.3582928117951563,3,102,3,0.0740703107313121,1.1527161127584278,0.7290111694705491,0.8118392932954848,0.00974410521797001,70.72813040560172,2.3151944732705645,3.0970016568754333,-85.41729626018902,3.0894448874894227
13,titanium,14,random_initialization,15,0.348779252289314,1.0142766918928923,0.4892420599007214,3,413,2,0.1446460291374462,4.645858074792752,0.6506009982478672,0.44812026096710234,9.230374925646439,0.1435594855691297,2.3265834934823384,3.094876598767415,-85.64248678369974,3.1003026431741922
13,titanium,37,expected_improvement,19,0.5078946923905835,0.9762351805202126,1.2609578627673983,2,328,3,0.01962028623048105,2.694921790400807,0.7424526812436413,0.9955174923974937,0.7462200104596529,0.6439806115048008,2.358987638016021,3.1640198203368457,-89.0227748224766,3.149992593100232
13,titanium,30,expected_improvement,78,0.1450963578159895,0.6112633819567084,0.7050433679012076,4,451,3,0.10105384485829935,7.658150145750073,0.6738987301768257,0.7329458628975819,0.0013095898135743402,0.26452962305396166,2.407216816092835,3.1969873607670034,-91.55145901717665,3.206463656284586
13,titanium,24,expected_improvement,33,0.6176862202733779,1.8043292247380966,1.1872802508746747,4,450,3,0.10218116640358077,10.265532404099355,0.7451987056806395,0.9440817086666238,0.0028654018505480812,0.4157077697968432,2.3904022674585863,3.274771878264659,-94.0170679340767,3.209095237024751
13,titanium,38,expected_improvement,39,0.9064421196875453,1.9597870426876274,0.782478124991659,3,187,3,0.12693576654892624,2.652135276135432,0.6412423924899625,0.7691667932974393,0.0008695299160783199,7.751217406965554,2.4245770603885943,3.2899598378768196,-95.5403103449446,3.2470670198577993
13,titanium,13,random_initialization,16,0.3684219777949609,0.3919831685214902,0.3618108983083969,2,210,2,0.03583020342938805,1.5334354450163692,0.8888573380744466,0.39690877544088665,0.07156351859124217,1.8378495505796657,2.4398994628211037,3.3434138549890347,-98.03137658263631,3.2757529265683623
13,titanium,22,expected_improvement,60,0.1807032770693186,1.8407431886073475,1.237703711321343,2,593,3,0.060242355281347824,4.239550952161424,0.904345335840678,0.5883929288146652,0.0002273323664630599,0.13218198524532948,2.4420658145680174,3.339328538190821,-97.92568339476983,3.276897949115723
13,titanium,46,expected_improvement,71,0.9379479659035048,1.5487436476738852,1.4414216680104617,1,160,3,0.08687735772901292,12.675045648920179,0.7219516585777882,0.7504293516051146,0.00020922135850986486,0.866962297522645,2.4567148007504076,3.332978744075084,-98.08921049899025,3.2899594867691784
13,titanium,42,expected_improvement,78,0.5024410561382168,0.4071338464758678,1.4990809748306966,0,129,2,0.018033864388858536,1.6364388488189443,0.674200335463282,0.957798548632455,0.4323120491920795,0.327006792350946,2.4435152506892757,3.410704952944496,-100.77224622724549,3.2961914889253996
13,titanium,11,random_initialization,55,0.1341566040934801,1.107291050480981,1.2196297605750517,4,541,4,0.0395765121264313,14.204310411102691,0.7881851822988559,0.8833988961724653,2.090858740196891,16.08367126337078,2.482740700718238,3.3701992673904364,-100.27420050286246,3.325290517565847
13,titanium,40,expected_improvement,23,0.8539105141333774,1.5055286912871364,1.194174376839167,3,473,2,0.1202340127923199,5.225355940544909,0.7324978705273374,0.8374005665127984,0.0004638395349282259,0.12301774084120232,2.482835472399515,3.4058792707913277,-101.6811687144093,3.334305290097347
13,titanium,27,expected_improvement,22,0.7953845871935115,0.9720100463896989,0.7589456954226516,3,153,3,0.1437894829170134,1.1004827899673055,0.6809660052926019,0.7999879416325687,0.002291501257273261,0.9065013198155328,2.4914395724073826,3.405052499994248,-101.89256168787034,3.3427026974059446
13,titanium,47,expected_improvement,49,0.3577745997373554,0.6548129627908187,1.222131165757473,1,440,4,0.012629549594257784,13.781588724453343,0.7082829625690953,0.7996290957662225,0.0025735624320992324,52.303151404341335,2.539146858149555,3.5210375411140435,-107.94438935203999,3.419406243428066
13,titanium,49,expected_improvement,25,0.09380949809168013,1.5431159787602975,1.4079773974292011,0,258,3,0.029335794780947055,1.4862004837069875,0.6647689969151022,0.8603559029957242,0.032447752735850266,74.55803838973887,2.575085553518898,3.591008119114368,-111.88641680757375,3.47283758329749
13,titanium,41,expected_improvement,57,0.10746192624708377,1.899698741297349,1.2260104692947116,3,284,2,0.016567384335369188,17.819483316042078,0.749222389493958,0.7322069619681097,0.00013064941516510446,0.1499301142390898,2.5912990714029926,3.597935014740776,-112.65263891514913,3.4907828250881865
13,titanium,23,expected_improvement,77,0.2856315825916616,1.8155739599388694,1.12212015992254,4,371,2,0.03463046179059805,18.143841481526405,0.6055799557090649,0.47934970710573094,0.15248830596570673,0.10954510616974196,2.620807910771445,3.646887161845918,-115.59086372673178,3.5325297012329244
13,titanium,19,expected_improvement,55,0.3265853532152725,1.4870540673183754,1.211304416662637,0,187,4,0.011756167287939243,5.229254205197222,0.8565896047842407,0.379911542216151,0.03606372040205439,0.3267752503447851,2.604730159586478,3.724902541269326,-118.45277649954585,3.5359557949038094
13,titanium,1,random_initialization,53,0.8723170398678836,1.7128482003017003,1.276999790612112,2,501,1,0.028744585641588154,7.616984485741382,0.7687729948006493,0.4110988376053517,0.22550889603571975,5.379828773455528,2.625190937939663,3.6461649471390354,-115.69624426709375,3.5367321747244223
13,titanium,6,random_initialization,68,0.4413664141020107,1.43551419380748,1.2703500738153126,1,139,4,0.12518126097708737,1.0569325480284237,0.9805068599057669,0.7890934409029358,8.425794680057056,7.656750439385901,2.6249776416682806,3.6812499065051485,-117.18117323050676,3.5452901182945675
13,titanium,2,random_initialization,73,0.6593800422721302,1.3809635879431008,0.7035337388444416,2,512,3,0.01596239611074013,3.933512049100222,0.6313754161190316,0.8799943218407369,7.459254024405749,20.12001056735164,2.6439080971979987,3.6873639722850937,-118.01648803204708,3.5657490902692723
13,titanium,36,expected_improvement,57,0.823611156948518,1.1864635791222582,1.1558888185276497,3,593,3,0.016883543743864925,3.885789721317963,0.6961781074973022,0.7951893800714076,0.0065915818029607925,2.677181958743975,2.7313170385628434,3.8309953964722716,-126.97107917995996,3.6890658876809113
13,titanium,28,expected_improvement,69,0.9092288920447428,1.3993222002904044,0.9293740507077421,5,487,4,0.1044334969866903,17.554036315821037,0.6838631734953408,0.37515357383514847,0.0017115664646060198,52.00355294507316,2.7923314305249325,3.9403019336304004,-133.83443822284215,3.7774069139325324
13,titanium,9,random_initialization,63,0.19514631638161606,1.9131490719501179,0.4608056610676564,1,267,1,0.12603200308851842,6.498809729620771,0.6408556228370247,0.8208615329856765,0.06460241212956376,0.20450417268151783,2.8017354555885703,3.9731951945313577,-135.6478236447648,3.7950342542214095
13,titanium,21,expected_improvement,66,0.4414691684037734,1.8149203134895755,1.2055346973745673,2,371,1,0.022138352663631334,15.74378250406439,0.7830602929332742,0.5070292832719101,0.0009711401845546455,0.1661495423828226,2.810369664927827,3.966528868712265,-135.62299178738118,3.8020018821058934
13,titanium,48,expected_improvement,37,0.0861025514205797,1.3377708232661398,0.4903933028835826,5,425,2,0.02656663369031036,18.070581109604873,0.7621498525309816,0.7881086513108487,2.5814937603536214,66.71320167626624,2.807710106434879,3.977273694927689,-136.03240477986225,3.802028530166801
13,titanium,35,expected_improvement,16,0.9074505663631465,0.47386256699526913,1.4141569974523782,2,101,2,0.11858565256570842,8.00081681155907,0.6089629717038983,0.6767909729035699,0.006494726560547596,32.16896043641115,2.836234841461946,3.9567284354859416,-136.00599964686225,3.825416950333431
13,titanium,25,expected_improvement,23,0.5779142940535865,1.9172041395569264,1.2046946386807662,0,245,2,0.14754005424295238,3.301567519913704,0.6868931615065019,0.9260738312431767,6.978739795365526,0.1628226996735244,2.8702882968189574,4.096883243443778,-143.67122833635008,3.8945091076799017
13,titanium,18,expected_improvement,65,0.7628730452909882,1.0014749743858582,0.5956830837050393,4,354,2,0.05049695143880083,12.171127786428343,0.6466854272909536,0.9200967645349969,0.0036153878005065385,0.29814718652390726,2.894242708157033,4.072114514228684,-143.2865543758189,3.912271336714204
13,titanium,12,random_initialization,79,0.24209220102050666,1.6501991734909824,1.0537666870234101,0,355,2,0.041230382673565484,2.596323250579962,0.9587496189656893,0.5389243134722987,2.178736602671945,0.10653124371288666,2.889330114628111,4.151776356703669,-146.9250620226409,3.9272742038040285
13,titanium,44,expected_improvement,27,0.8585761708588677,0.8647347502568838,0.8040595921881488,3,557,2,0.10499795243449242,19.166852000109103,0.6275744906254828,0.6862457920456883,2.5597785123128416,0.15115058441036353,2.9042396081195108,4.15119161007638,-147.3937839442209,3.942037510638606
13,titanium,29,expected_improvement,76,0.5651709565809694,1.024230861214429,0.8742024824837149,5,505,1,0.1043861397435007,2.6459177415530655,0.6468555079798451,0.6597685025651397,0.0015925656606690555,86.67305946787009,3.0607373950912358,4.339669083128122,-162.03526806640937,4.145654665873266
13,titanium,7,random_initialization,64,0.8778474541726875,0.9502893542663408,1.2434219619499687,4,570,2,0.09814660108421758,4.504098972293641,0.9075846635127347,0.989656360824585,0.0013531251707889535,2.2117977770477117,3.072967892919408,4.361373766615499,-163.55667142197072,4.163311334573283
13,titanium,26,expected_improvement,42,0.9054783479387473,1.6420280890659096,1.2513267811710358,5,244,3,0.12438614772458985,7.350328927896902,0.7802000651053735,0.48714950163584175,0.1291295043592036,0.41875096636221554,3.13965457344224,4.571323566394953,-176.82060614970976,4.2824854650409785
13,titanium,34,expected_improvement,77,0.8888003020258199,1.1516778801965357,0.47379524822775876,3,571,2,0.03394294551248532,14.07556079178013,0.6967819355842948,0.6634034113511476,0.0009888687621137245,23.715096841374866,3.1439163337388756,4.561231553232783,-176.4422384523148,4.284224222047071
13,titanium,16,expected_improvement,60,0.8368629965347127,1.7039494129189068,0.47624793628258877,3,241,3,0.06710625524350283,4.059262561846538,0.7072383593084716,0.5605310729236427,1.8122261781619182,0.2310579851082325,3.155117388409325,4.546208659820341,-176.04978341786975,4.29166955336441
13,titanium,5,random_initialization,47,0.6710979436031194,0.7673846058657441,1.0734326032629569,4,293,3,0.06472469435678603,17.288612509263178,0.6427238811992696,0.570888744875458,2.713952572140436,47.51809254005032,3.382812076401604,4.996233085706801,-209.50854715273596,4.631870347828304
13,titanium,17,expected_improvement,58,0.8336872787141205,1.3603352796459303,0.9630839718958912,5,119,3,0.1471963128758576,2.359792276118598,0.9069882974182498,0.716896205984518,0.0009362423760797667,28.016159818133904,3.4666258806525665,5.071902931647962,-217.2186835233851,4.734601613564557
13,titanium,20,expected_improvement,65,0.8358886161887285,0.7845662165515761,1.0334984541468701,4,461,3,0.11778925450781716,1.4106796307319895,0.7794813882494861,0.39068732991849836,0.0007531598642493404,0.2928208612322496,3.478902775287981,5.0834487400017,-218.3901418524969,4.749764960288406
13,titanium,33,expected_improvement,39,0.8950419217002621,0.41800520193505886,1.2070417451401283,2,403,3,0.05266223357622923,1.086741131981741,0.9432923277751187,0.742097798293518,0.02398952708998035,0.20192177953245782,4.371492460381174,6.677663639457934,-367.36664068465285,6.040908370245657
14,wood,42,expected_improvement,29,0.7826026212149592,1.061135556511853,0.5107377443045331,0,102,1,0.01004411822010539,12.304421145008195,0.6299029051305937,0.3081374419618988,0.25681449357507163,26.77553527150357,1.9742298438304113,2.5582516012216923,-59.44443698801364,2.6137927441358344
14,wood,21,expected_improvement,34,0.17582641618884765,0.47716314594843096,1.3106685878794695,1,110,1,0.012970957899824366,6.814618338689711,0.6055362479404697,0.3696411234617709,8.739719860304435,11.533490424021283,2.1190660970427775,2.8558955625098297,-72.1905984981948,2.833039987670235
14,wood,30,expected_improvement,61,0.6228438558444914,1.027223538624583,0.6011704464258036,2,100,3,0.013616228989385777,1.054605325159787,0.6148596979067599,0.9424473752635734,8.876272630687868,0.6156424711203403,2.2202567215801663,3.0832253391235747,-82.52838614987442,2.99106305636106
14,wood,31,expected_improvement,57,0.9085602229291475,1.80237966357048,1.3766145354895947,1,167,2,0.010580641561540578,1.3645343354084953,0.6478687717933439,0.40330641547168034,5.82271462953548,0.1219668289454055,2.2317923358847755,3.1140865448780195,-83.92320090364564,3.0103139721042806
14,wood,39,expected_improvement,58,0.6284824717630036,0.901365148123463,0.5555214268592774,1,103,3,0.010009911300482349,2.607762424137391,0.6160977629604382,0.9081764523666311,1.4522046107485194,0.7427911464769229,2.246533924165694,3.1022492859162307,-83.89227097564354,3.022096245644752
14,wood,24,expected_improvement,76,0.40968412773512497,0.455126032297761,1.4981561079232328,2,106,3,0.010443948244128962,13.003386445163123,0.6082839680332303,0.8945137560259342,0.5723464828699835,0.3869711699820985,2.2522136033569864,3.1385599264964896,-85.35083336260871,3.0368535849811087
14,wood,49,expected_improvement,33,0.7189110342923737,1.6975160311761035,1.1997393914917427,2,104,3,0.012879335963800614,1.9146476761142415,0.6032459335186316,0.9978284611238544,0.16304085677241978,2.292902537050515,2.2531405243885474,3.175437095000139,-86.71624362233953,3.0469997981385823
14,wood,18,expected_improvement,57,0.2984380286928345,1.3685029759069196,0.9936745216859562,1,103,1,0.01116014015172117,18.454856489643976,0.6291632376018391,0.4204809859190128,0.012225233171713788,13.142410437711172,2.2746204484862207,3.1287147444397116,-85.58751344874305,3.0567991345961487
14,wood,44,expected_improvement,18,0.75303448507636,0.8469710060421464,1.0851307879900487,2,135,1,0.01164807144529908,4.852800937750356,0.6221015420672195,0.3747083235946095,0.07948261300176297,24.49774357011932,2.368835886033818,3.30065358452668,-94.50988923738221,3.193999282165488
14,wood,28,expected_improvement,71,0.07611787668891659,1.5083261173323614,1.2665341741093648,0,116,1,0.012514607649913185,8.779434620210846,0.6770842035230233,0.4931175684184484,2.034885341163758,4.156450915023673,2.400306263686318,3.3777323986654415,-98.35010451590007,3.2447393633526787
14,wood,46,expected_improvement,12,0.3422521224248137,0.8349303674379296,0.7743181479482808,1,133,1,0.011696010994708322,15.635337093174458,0.6831626294264865,0.3601593754504715,2.7723752405243305,35.399086198267064,2.4086522098888383,3.346435624056509,-97.37137077041739,3.2452611159029656
14,wood,25,expected_improvement,39,0.1851334210323114,0.6690413521042576,1.4344931313072364,1,103,1,0.011978454032069073,1.7210666067561886,0.6343326849439398,0.7943262210330772,0.0042697479620937,0.3050207340480063,2.4755532680855485,3.495761717730563,-105.16891314097698,3.3494936975181893
14,wood,36,expected_improvement,64,0.28643652710845435,1.7146157813057175,1.4264941897407692,0,151,3,0.010460167888526843,1.7105831993600034,0.6000733111498101,0.5739744097056236,0.6277168003886855,10.006797094148363,2.5020903289050227,3.603007351161504,-110.32470151678152,3.4028421666953985
14,wood,38,expected_improvement,29,0.43261944724522283,1.9978767584637962,0.9458856195313978,2,134,2,0.011239972422799492,12.703261043098983,0.751799736787379,0.9068860721524759,1.7989005026240108,0.6630733296608744,2.5594746002976145,3.690400043662777,-115.68894661692173,3.4820746112133087
14,wood,14,random_initialization,69,0.5157884340611821,1.479777725786028,0.7136776222443533,1,162,2,0.01664469091558577,5.52631339919871,0.6127134008514661,0.8920476927797496,0.01973117277989331,57.00012117779567,2.5991881179163174,3.7365790726593473,-118.85701192623492,3.5333328860811544
14,wood,43,expected_improvement,80,0.364416815908227,1.2382783300471962,0.3051451432333881,5,131,3,0.013303516527354821,1.7348145448067775,0.6190979099288703,0.9993107603354197,0.5123527440439088,0.30554104333596377,2.624325462705042,3.8304350481052167,-123.71625028035807,3.5819342247313464
14,wood,10,random_initialization,76,0.61072985126082,1.1570008117885373,1.4686194422620393,1,211,4,0.012743379950579321,2.7419635686070385,0.6380255943681525,0.9272333758404081,0.031080558858568908,5.970487764454775,2.608763664750325,3.901593064049034,-126.41882224595824,3.584161930762584
14,wood,17,expected_improvement,77,0.7461184689134669,0.9087838254489224,1.263228666685919,2,143,4,0.01167544612381567,6.8147861088237995,0.6575821767968646,0.3605951863220988,3.452269676737856,0.19232673531660424,2.6369190510203286,3.8612520423116505,-125.47450489881491,3.602232061598241
14,wood,37,expected_improvement,15,0.6053765612578402,0.6535166320488723,0.9519689985617041,3,296,1,0.010497249581634395,2.2917415718690757,0.6833149180744331,0.8409609106303118,3.132792241160604,49.322086032529185,2.6633472718459665,3.84584753760279,-125.60519838719466,3.624809156246664
14,wood,40,expected_improvement,15,0.625855846381635,0.6599751441205842,0.3320250320351145,1,194,3,0.013523100727747006,1.7935245919033818,0.7726621149834124,0.46411361398626877,8.351338166258593,9.025260126676097,2.689695875003538,3.8753641789951576,-127.72029417983433,3.6585369197523274
14,wood,19,expected_improvement,39,0.3488942962996761,1.948783905321655,1.0268103581847148,2,107,1,0.017708037874803812,5.653069924134492,0.7165551109596656,0.35856229791425753,0.00012459094099514611,0.9332405739012279,2.688402238378215,3.891162810266599,-128.41129791929959,3.661192940944865
14,wood,26,expected_improvement,17,0.08426329085935294,1.301589083769808,1.3935949197544002,1,134,1,0.03467879787912402,7.953299570698809,0.60419416790284,0.47553944997681946,0.00021657242926755003,3.3094175857147037,2.8091327355158735,4.060743382914492,-140.02415328420005,3.8243185812444964
14,wood,48,expected_improvement,16,0.6984774199887834,1.5130146030702583,1.2397537810193613,0,299,2,0.012667925614327002,8.247186551640961,0.6235905459316999,0.32682546355506514,0.009165600209746603,0.10290683081546825,2.82353879754925,4.124491469088645,-143.50302610842323,3.8546616648214114
14,wood,29,expected_improvement,21,0.5320105138786677,0.595768546292875,1.4162894828546901,1,193,2,0.012178399507914826,2.5141796726802874,0.8746937813538402,0.6260971134178372,3.974022384741584,1.7439688828874822,2.861227180384999,4.197806521188845,-148.28846008077127,3.91067881068221
14,wood,23,expected_improvement,18,0.09493240052622137,0.8998957028434448,0.43419066343205615,3,120,3,0.07478871854425895,10.03259601088112,0.6075997558291418,0.5648987515811357,2.938054150155342,0.4459216860169804,2.8846627870985286,4.269386308671063,-152.54413670198258,3.9520093642662943
14,wood,45,expected_improvement,76,0.7484225966873872,1.2565855514347264,1.12541575933802,5,158,2,0.010341651334922656,3.3166273454199695,0.8609392344453366,0.9691064131711651,0.014784606015146603,16.07178432503485,2.9530009368210095,4.37332181119865,-160.08764692758538,4.046331389620672
14,wood,27,expected_improvement,31,0.9478119409418996,0.7827016111682432,1.077831037879041,3,565,1,0.012704247510238468,1.7512926319590956,0.7742064418648189,0.7068823984301693,0.9149157290630203,0.18851541735732005,2.9720057700282276,4.3149344106035095,-157.76790702093,4.050739372679105
14,wood,11,random_initialization,16,0.6141311296976172,1.8422013403541821,1.3314220151512015,2,569,3,0.02818030185886007,3.2489237442485415,0.8591940877075378,0.729863615814696,0.6354319046877662,10.73945139945847,3.0234711917709354,4.547436884211678,-171.46965103720336,4.160330412823855
14,wood,34,expected_improvement,38,0.5509398389065322,1.8339614705973126,1.4952562384368424,3,163,2,0.04580068624597648,1.7375209971400727,0.6084339758158688,0.5382014288449073,4.742835810636952,58.26867316464101,3.0712986316903326,4.515738269704456,-171.50203462831354,4.200233199116447
14,wood,22,expected_improvement,56,0.3464155062049977,1.5102822859843412,1.4696465111586867,5,229,1,0.08941132409031383,10.561146468620436,0.7188366560409718,0.9792137961369405,0.09759082971704967,70.22187487879418,3.080277957622178,4.577060187746675,-175.04094970989715,4.224543004558846
14,wood,20,expected_improvement,55,0.5969793770866522,1.6137623414273943,0.557655997909805,5,114,2,0.016240188116038997,2.102152897977535,0.6312586018844445,0.6026665805950224,0.00011166726004711881,0.30921075572689194,3.150262137764533,4.685436524902986,-183.39074317931227,4.321621268990279
14,wood,16,expected_improvement,29,0.8627230507269011,1.0765275450531608,0.6463928475705694,0,132,4,0.07691197758014962,1.3398464759075555,0.6022707467040304,0.6971780495451003,0.002639770023005354,24.529283739829985,3.222925572395911,4.8782608924965905,-196.70760661257373,4.442490795520059
14,wood,5,random_initialization,17,0.53560031871875,0.46920592407211015,0.7970311168530997,3,521,3,0.015623434908043835,1.4761363215866041,0.6078901457324851,0.6495155314921115,0.015556651767240023,8.861753093410734,3.2303984014583675,4.895000619298185,-197.9365350920406,4.454148556282914
14,wood,3,random_initialization,46,0.19917647838100788,0.629419558275429,0.40610383324004207,1,278,4,0.03763944974543459,1.9527517304664095,0.7509711628161504,0.8374153684696828,0.15762299030288757,0.7710893732033811,3.252225168755929,4.916932581897785,-199.99538860693184,4.481458314230375
14,wood,47,expected_improvement,46,0.23408168354945996,0.4325979010179921,1.2016436162755466,5,376,2,0.010156991998572016,9.775367003865462,0.6703503553231183,0.9371185584258357,8.265078713105806,0.7135966315287059,3.2668986715490607,4.865027384529297,-197.62076265032553,4.483155517681385
14,wood,2,random_initialization,44,0.5252339768418661,1.2088928308009153,0.4229679000827709,1,311,3,0.05747255425303448,5.076307794622552,0.6882576551620758,0.4720124437513754,0.004655110828933607,2.9964543358158764,3.2441500361622917,4.969056523634402,-202.67836061842965,4.486414167070892
14,wood,33,expected_improvement,76,0.49053472834418205,1.8952249766070655,1.4168859635375195,1,428,2,0.010799458677734627,1.266588520766008,0.7652931616496572,0.5563875325919996,0.00018529629401710176,5.412187357225904,3.3341112059530142,5.055231001792595,-211.09950968773674,4.597918956401163
14,wood,41,expected_improvement,48,0.15699940067722984,0.5107280612342927,0.8255618258431254,1,457,2,0.010087328251573626,12.959448878862723,0.9908150639764423,0.6050983860648989,9.956072706425282,32.90866076720385,3.4026469727559583,5.089321064258381,-215.7729016057438,4.674977238820554
14,wood,12,random_initialization,15,0.4303602221350687,0.5981201105376087,0.6982655248731691,2,434,2,0.02498739031892854,5.920682529082536,0.8807443592758752,0.8781243686813254,0.0003702582976383916,89.6722994774473,3.7018639855140294,5.6171261875436675,-260.73995612847125,5.106145532399946
14,wood,32,expected_improvement,78,0.6779227954485986,1.7307220102448753,1.3016757640115286,5,451,3,0.011452941235376721,1.2055585611693755,0.9820796343528723,0.34059291416173676,9.060730310194321,0.35737866838393023,3.782057515339706,5.8663319684743644,-280.77182168576695,5.248640507458298
14,wood,13,random_initialization,41,0.7173568507291214,1.121210307632281,0.4069941104179372,4,571,2,0.1488161772653918,10.168405859410264,0.730404236447977,0.6437182843526773,0.20112706923488827,0.5978777452820211,3.8360576207022863,5.964191149291957,-289.8407040901004,5.327105408025275
14,wood,4,random_initialization,34,0.2343629824665357,0.7453586884661234,0.45144216769795975,5,570,3,0.0713836006166247,4.995973834872019,0.9094793857472102,0.8511540583623352,0.042048975179892346,0.6567498518582386,3.908476987816781,6.120073151213268,-303.97977269815146,5.438495275620098
14,wood,7,random_initialization,59,0.5617740655310992,0.743078848183951,1.2997423603763767,5,515,1,0.03101244649162303,17.10893298853183,0.9187219404999528,0.7920121512954847,0.00012896007914362756,0.14549933440089505,3.9724484765386863,6.172233527309405,-310.60891307310595,5.515506858366038
14,wood,6,random_initialization,20,0.2634012604775274,1.3099585563115101,0.5104685641733644,1,586,3,0.03757637793383338,13.583049257637288,0.6393684871203926,0.8213482775205281,0.43708107811840924,56.09501071228,3.9973617945395707,6.250504647206023,-317.3759343313752,5.559987956341077
14,wood,50,expected_improvement,36,0.23214154623910582,1.137478694767938,0.6939828486878511,1,515,2,0.014624325434808351,1.4063798727481402,0.9808254042630628,0.9900019234035553,0.47733940129942376,23.95315959788816,4.017609146948516,6.204343149391794,-314.9882642956057,5.568694934296464
14,wood,15,random_initialization,17,0.5351074465644811,0.4653975788919178,0.7615209514118026,2,331,3,0.025086422136840227,12.121447049159258,0.963753768499726,0.6684965015806524,0.00037702773319400393,6.9328470673226095,4.129191228522463,6.432118384393447,-336.8920812129206,5.737220824620825
14,wood,9,random_initialization,40,0.6696856372419012,1.6475893086935594,0.8320614856407844,3,363,1,0.08185772161225323,11.274626574606986,0.9941490905858568,0.38242749662988956,2.0399746948305726,4.426128985895382,4.168528708648022,6.459967659465213,-340.85794722230884,5.783520623514326
14,wood,1,random_initialization,58,0.6481953216120153,0.3274465663078353,0.5773121958893026,5,385,3,0.11970599948933762,4.4437164181619515,0.9843332533562621,0.6423373022013859,0.03445059311733331,1.1183548566080215,4.243029013593279,6.584884071613808,-353.8982781742026,5.889250031496731
14,wood,35,expected_improvement,39,0.7863950494023416,0.41157229245638016,0.4015681192879818,0,109,2,0.11605425456552346,16.15834524239523,0.7812136550480099,0.7418846551818891,0.047878186381365075,7.552202803676716,4.414926177267699,6.901085590205522,-387.1767565627468,6.140197574819079
14,wood,8,random_initialization,39,0.19913408787957082,0.6248150957339785,0.5592700308715148,1,501,3,0.13838981099651168,2.5952575751925853,0.9906117316122667,0.7413903993577247,0.0002695777348753841,0.23084204438994277,4.517193434337663,7.092479285306562,-407.94583328557064,6.290313255664304
