trial_id,Sample,Temperature,Trial,reservoir_seed,P_peak_to_peak,P_net_change,dPdt_max_abs,dPdt_abs_auc,state_mean_rms,state_temporal_variability,state_mean_abs,state_path_length,state_saturation_fraction
30C__aluminum_trial_1,aluminum,30C,1,42,3.1395804195813058e-06,-3.1395804195813058e-06,3.4746940384686364e-06,3.139575489398058e-06,0.3502676710581886,0.040928460248903106,0.2816756418388263,1.0077368500809643,0.0
30C__aluminum_trial_1,aluminum,30C,1,43,3.1395804195813058e-06,-3.1395804195813058e-06,3.4746940384686364e-06,3.139575489398058e-06,0.5366902660875309,0.05394924017293753,0.45281035871514425,1.017851467277694,0.0
30C__aluminum_trial_1,aluminum,30C,1,44,3.1395804195813058e-06,-3.1395804195813058e-06,3.4746940384686364e-06,3.139575489398058e-06,0.5475479873318867,0.06041962089063376,0.5211435495420074,1.2195462326343098,0.0
30C__aluminum_trial_2,aluminum,30C,2,42,3.1844755244760667e-06,-3.1844755244760667e-06,3.5880086300261042e-06,3.184490464645645e-06,0.3502676726097818,0.04092847084461453,0.2816756447193447,1.0077371951259082,0.0
30C__aluminum_trial_2,aluminum,30C,2,43,3.1844755244760667e-06,-3.1844755244760667e-06,3.5880086300261042e-06,3.184490464645645e-06,0.5366902695041544,0.05394924432576502,0.4528103630585961,1.0178515818435199,0.0
30C__aluminum_trial_2,aluminum,30C,2,44,3.1844755244760667e-06,-3.1844755244760667e-06,3.5880086300261042e-06,3.184490464645645e-06,0.5475479864966399,0.060419619714867256,0.5211435492484986,1.2195464171531372,0.0
30C__aluminum_trial_3,aluminum,30C,3,42,3.1507692307700596e-06,-3.1507692307700596e-06,3.427972027972244e-06,3.1507443999713744e-06,0.3502974119488293,0.040321091837803635,0.28160244106512927,1.0077379500349541,0.0
30C__aluminum_trial_3,aluminum,30C,3,43,3.1507692307700596e-06,-3.1507692307700596e-06,3.427972027972244e-06,3.1507443999713744e-06,0.5370914269333785,0.05318576641178565,0.45302935933484256,1.017851483977689,0.0
30C__aluminum_trial_3,aluminum,30C,3,44,3.1507692307700596e-06,-3.1507692307700596e-06,3.427972027972244e-06,3.1507443999713744e-06,0.5479302620575709,0.05951382464983558,0.5215001686906022,1.2195463626446328,0.0
30C__aluminum_trial_4,aluminum,30C,4,42,3.113846153846977e-06,-3.113846153846977e-06,3.0958041958039674e-06,3.1138475711142216e-06,0.3502974049967503,0.04032100899747475,0.28160243000608703,1.0077370288033156,0.0
30C__aluminum_trial_4,aluminum,30C,4,43,3.113846153846977e-06,-3.113846153846977e-06,3.0958041958039674e-06,3.1138475711142216e-06,0.5370914184029731,0.053185729570147444,0.4530293490173796,1.0178510243247454,0.0
30C__aluminum_trial_4,aluminum,30C,4,44,3.113846153846977e-06,-3.113846153846977e-06,3.0958041958039674e-06,3.1138475711142216e-06,0.5479302601701433,0.05951381999434742,0.5215001659536266,1.2195461140170925,0.0
30C__aluminum_trial_5,aluminum,30C,5,42,3.1423776223784942e-06,-3.1423776223784942e-06,3.1647023647015e-06,3.1423807152266154e-06,0.35029740324682357,0.040320996758644284,0.28160242906959065,1.0077369468122663,0.0
30C__aluminum_trial_5,aluminum,30C,5,43,3.1423776223784942e-06,-3.1423776223784942e-06,3.1647023647015e-06,3.1423807152266154e-06,0.5370914212368774,0.05318572422501531,0.4530293521634884,1.0178510133220235,0.0
30C__aluminum_trial_5,aluminum,30C,5,44,3.1423776223784942e-06,-3.1423776223784942e-06,3.1647023647015e-06,3.1423807152266154e-06,0.5479302576568369,0.05951381757951092,0.5215001644049886,1.2195461014625795,0.0
30C__aluminum_trial_6,aluminum,30C,6,42,3.114685314686426e-06,-3.114685314686426e-06,3.0984615384619083e-06,3.114686677304569e-06,0.35029740379445834,0.040321064492384685,0.28160243580133704,1.0077377295792835,0.0
30C__aluminum_trial_6,aluminum,30C,6,43,3.114685314686426e-06,-3.114685314686426e-06,3.0984615384619083e-06,3.114686677304569e-06,0.5370914349419175,0.05318575625951487,0.45302936648404735,1.01785141500751,0.0
30C__aluminum_trial_6,aluminum,30C,6,44,3.114685314686426e-06,-3.114685314686426e-06,3.0984615384619083e-06,3.114686677304569e-06,0.5479302546035739,0.05951382273443828,0.5215001648638233,1.2195463341651749,0.0
30C__bismuth_trial_1,bismuth,30C,1,42,2.853286713287045e-06,-2.853286713287045e-06,3.405558027407012e-06,2.8533001516904162e-06,0.3502974254167427,0.04032108014732836,0.2816024403804611,1.0077377103308072,0.0
30C__bismuth_trial_1,bismuth,30C,1,43,2.853286713287045e-06,-2.853286713287045e-06,3.405558027407012e-06,2.8533001516904162e-06,0.537091383722153,0.05318575824803791,0.45302931091694154,1.0178513216128242,0.0
30C__bismuth_trial_1,bismuth,30C,1,44,2.853286713287045e-06,-2.853286713287045e-06,3.405558027407012e-06,2.8533001516904162e-06,0.547930282959699,0.05951383647434201,0.5215001784606806,1.2195467540240956,0.0
30C__bismuth_trial_2,bismuth,30C,2,42,2.7310489510497683e-06,-2.7310489510497683e-06,2.8207459207459096e-06,2.7310723746438483e-06,0.35026768577741796,0.04092829091013355,0.28167562189895023,1.007734508352002,0.0
30C__bismuth_trial_2,bismuth,30C,2,43,2.7310489510497683e-06,-2.7310489510497683e-06,2.8207459207459096e-06,2.7310723746438483e-06,0.5366901723201364,0.05394915620360341,0.45281025523927826,1.0178501888233165,0.0
30C__bismuth_trial_2,bismuth,30C,2,44,2.7310489510497683e-06,-2.7310489510497683e-06,2.8207459207459096e-06,2.7310723746438483e-06,0.547548024789007,0.060419630239561505,0.5211435631929343,1.2195460845510906,0.0
30C__bismuth_trial_3,bismuth,30C,3,42,2.565454545455474e-06,-2.565454545455474e-06,2.8519813519813433e-06,2.565475249055309e-06,0.3502676802923881,0.040928265981102774,0.28167561562176957,1.0077341730776217,0.0
30C__bismuth_trial_3,bismuth,30C,3,43,2.565454545455474e-06,-2.565454545455474e-06,2.8519813519813433e-06,2.565475249055309e-06,0.5366901683761687,0.05394914789636242,0.45281024821054405,1.0178501092395607,0.0
30C__bismuth_trial_3,bismuth,30C,3,44,2.565454545455474e-06,-2.565454545455474e-06,2.8519813519813433e-06,2.565475249055309e-06,0.5475480226839784,0.06041963285647841,0.521143562095013,1.2195461400305279,0.0
30C__bismuth_trial_4,bismuth,30C,4,42,2.803776223776885e-06,-2.803776223776885e-06,2.817571943344692e-06,2.8038132214552846e-06,0.35029741884409316,0.040320964212074664,0.28160242506524424,1.0077364210325472,0.0
30C__bismuth_trial_4,bismuth,30C,4,43,2.803776223776885e-06,-2.803776223776885e-06,2.817571943344692e-06,2.8038132214552846e-06,0.5370913643579303,0.053185705504131195,0.4530292891408671,1.0178506025842686,0.0
30C__bismuth_trial_4,bismuth,30C,4,44,2.803776223776885e-06,-2.803776223776885e-06,2.817571943344692e-06,2.8038132214552846e-06,0.5479302846382194,0.05951382969084644,0.5215001764709557,1.219546304230429,0.0
30C__bismuth_trial_5,bismuth,30C,5,42,2.631328671329311e-06,-2.631328671329311e-06,2.8535258135091966e-06,2.6313626670985333e-06,0.3502676772559698,0.040928289989254296,0.28167561788797096,1.007734374901687,0.0
30C__bismuth_trial_5,bismuth,30C,5,43,2.631328671329311e-06,-2.631328671329311e-06,2.8535258135091966e-06,2.6313626670985333e-06,0.5366901831258607,0.05394915991867684,0.4528102644379261,1.0178502540455459,0.0
30C__bismuth_trial_5,bismuth,30C,5,44,2.631328671329311e-06,-2.631328671329311e-06,2.8535258135091966e-06,2.6313626670985333e-06,0.5475480168989447,0.06041963190240013,0.521143559989216,1.2195460445422706,0.0
30C__bismuth_trial_6,bismuth,30C,6,42,2.87020979021068e-06,-2.87020979021068e-06,2.7174506166108076e-06,2.8702317730859315e-06,0.3502974231701678,0.040321021404709355,0.28160243387771705,1.0077367615329187,0.0
30C__bismuth_trial_6,bismuth,30C,6,43,2.87020979021068e-06,-2.87020979021068e-06,2.7174506166108076e-06,2.8702317730859315e-06,0.5370913745479764,0.05318573037454081,0.4530293011771308,1.0178509629934134,0.0
30C__bismuth_trial_6,bismuth,30C,6,44,2.87020979021068e-06,-2.87020979021068e-06,2.7174506166108076e-06,2.8702317730859315e-06,0.5479302840661305,0.05951383204497627,0.5215001775017125,1.2195463947903025,0.0
30C__cement_trial_1,cement,30C,1,42,1.11188811188843e-06,-1.11188811188843e-06,7.843822843818689e-07,1.1118907709735078e-06,0.35029746602956857,0.04032075541430473,0.28160239566590234,1.0077317039118971,0.0
30C__cement_trial_1,cement,30C,1,43,1.11188811188843e-06,-1.11188811188843e-06,7.843822843818689e-07,1.1118907709735078e-06,0.5370911349422873,0.05318559530020739,0.4530290281269505,1.0178486169189127,0.0
30C__cement_trial_1,cement,30C,1,44,1.11188811188843e-06,-1.11188811188843e-06,7.843822843818689e-07,1.1118907709735078e-06,0.5479303864181854,0.05951389459973074,0.5215002221932044,1.2195473239334849,0.0
30C__cement_trial_2,cement,30C,2,42,1.7085314685323823e-06,-1.7085314685323823e-06,1.6927050540508072e-06,1.7085235787279876e-06,0.350297453703217,0.04032088153812808,0.28160241222764254,1.0077337223247664,0.0
30C__cement_trial_2,cement,30C,2,43,1.7085314685323823e-06,-1.7085314685323823e-06,1.6927050540508072e-06,1.7085235787279876e-06,0.5370912192231682,0.053185657819603306,0.453029124254128,1.0178495629096698,0.0
30C__cement_trial_2,cement,30C,2,44,1.7085314685323823e-06,-1.7085314685323823e-06,1.6927050540508072e-06,1.7085235787279876e-06,0.5479303528866921,0.059513875810807526,0.5215002084602308,1.219546995850027,0.0
30C__cement_trial_3,cement,30C,3,42,1.3485314685319182e-06,-1.3485314685319182e-06,1.1097035404333074e-06,1.3485442817277763e-06,0.3502974571181547,0.04032081852576715,0.2816024019326618,1.0077326891474816,0.0
30C__cement_trial_3,cement,30C,3,43,1.3485314685319182e-06,-1.3485314685319182e-06,1.1097035404333074e-06,1.3485442817277763e-06,0.537091178490564,0.053185628218125024,0.45302907663869,1.0178490835496334,0.0
30C__cement_trial_3,cement,30C,3,44,1.3485314685319182e-06,-1.3485314685319182e-06,1.1097035404333074e-06,1.3485442817277763e-06,0.5479303680423073,0.05951388671957704,0.5215002147957526,1.2195471330014787,0.0
30C__cement_trial_4,cement,30C,4,42,1.2390209790215725e-06,-1.2390209790215725e-06,9.293227780631454e-07,1.239026421026121e-06,0.3502974633962466,0.04032079579611943,0.2816023996922159,1.0077322305077019,0.0
30C__cement_trial_4,cement,30C,4,43,1.2390209790215725e-06,-1.2390209790215725e-06,9.293227780631454e-07,1.239026421026121e-06,0.5370911544984961,0.053185615273341515,0.4530290504126052,1.0178488356178323,0.0
30C__cement_trial_4,cement,30C,4,44,1.2390209790215725e-06,-1.2390209790215725e-06,9.293227780631454e-07,1.239026421026121e-06,0.5479303795438827,0.05951389142060298,0.5215002197398154,1.2195471848756152,0.0
30C__cement_trial_5,cement,30C,5,42,1.348251748252427e-06,-1.348251748252427e-06,1.0864870609622775e-06,1.3482579597575388e-06,0.3502974530049606,0.040320793734823016,0.2816023979031739,1.0077324083580657,0.0
30C__cement_trial_5,cement,30C,5,43,1.348251748252427e-06,-1.348251748252427e-06,1.0864870609622775e-06,1.3482579597575388e-06,0.5370911797353344,0.05318561707682419,0.45302907761314426,1.0178489253783052,0.0
30C__cement_trial_5,cement,30C,5,44,1.348251748252427e-06,-1.348251748252427e-06,1.0864870609622775e-06,1.3482579597575388e-06,0.5479303655820911,0.059513885041878954,0.5215002132018066,1.2195470001159363,0.0
30C__cement_trial_6,cement,30C,6,42,1.201398601398786e-06,-1.201398601398786e-06,9.668859728836258e-07,1.2013935986191026e-06,0.350267724494701,0.04092816169866994,0.28167559814862303,1.00773117258823,0.0
30C__cement_trial_6,cement,30C,6,43,1.201398601398786e-06,-1.201398601398786e-06,9.668859728836258e-07,1.2013935986191026e-06,0.5366899813786473,0.053949087300540155,0.4528100362429681,1.017848783746245,0.0
30C__cement_trial_6,cement,30C,6,44,1.201398601398786e-06,-1.201398601398786e-06,9.668859728836258e-07,1.2013935986191026e-06,0.5475481101236633,0.06041969056479072,0.521143603016587,1.2195472055927699,0.0
30C__cork_trial_1,cork,30C,1,42,3.302657342658553e-07,-3.2447552447613815e-07,4.250048232463835e-07,3.3566773953440864e-07,0.35026774469401395,0.04092808886295303,0.2816755837116192,1.0077294269688255,0.0
30C__cork_trial_1,cork,30C,1,43,3.302657342658553e-07,-3.2447552447613815e-07,4.250048232463835e-07,3.3566773953440864e-07,0.5366898759201292,0.05394905149037965,0.4528099146875851,1.0178480545388,0.0
30C__cork_trial_1,cork,30C,1,44,3.302657342658553e-07,-3.2447552447613815e-07,4.250048232463835e-07,3.3566773953440864e-07,0.5475481559267017,0.060419722226575504,0.5211436242006888,1.2195476645213723,0.0
30C__cork_trial_2,cork,30C,2,42,3.037762237768785e-07,-3.037762237768785e-07,3.5929684070368275e-07,4.849921414383174e-07,0.3502975060988602,0.04032071890878087,0.28160239068527404,1.0077300773024185,0.0
30C__cork_trial_2,cork,30C,2,43,3.037762237768785e-07,-3.037762237768785e-07,3.5929684070368275e-07,4.849921414383174e-07,0.5370910032434122,0.053185572679617,0.4530288818109884,1.0178478769036376,0.0
30C__cork_trial_2,cork,30C,2,44,3.037762237768785e-07,-3.037762237768785e-07,3.5929684070368275e-07,4.849921414383174e-07,0.5479304518155078,0.05951392772445256,0.5215002522954575,1.219547379187124,0.0
30C__cork_trial_3,cork,30C,3,42,4.0941724941540025e-07,-3.437762237769662e-07,4.775757575670864e-07,5.609058082397531e-07,0.3502975165793885,0.04032073545735053,0.2816023969262488,1.0077304476792324,0.0
30C__cork_trial_3,cork,30C,3,43,4.0941724941540025e-07,-3.437762237769662e-07,4.775757575670864e-07,5.609058082397531e-07,0.5370909914855125,0.05318557889603735,0.4530288707988726,1.0178480649425468,0.0
30C__cork_trial_3,cork,30C,3,44,4.0941724941540025e-07,-3.437762237769662e-07,4.775757575670864e-07,5.609058082397531e-07,0.5479304594045106,0.05951392588843446,0.5215002555235535,1.2195477674213833,0.0
30C__cork_trial_4,cork,30C,4,42,5.026573426585934e-07,-5.026573426585934e-07,7.623653029580936e-07,6.824314949990975e-07,0.3502975181577205,0.0403207406741096,0.2816023996477185,1.0077307164415144,0.0
30C__cork_trial_4,cork,30C,4,43,5.026573426585934e-07,-5.026573426585934e-07,7.623653029580936e-07,6.824314949990975e-07,0.5370909975199196,0.05318558104153983,0.4530288792519653,1.017848056927256,0.0
30C__cork_trial_4,cork,30C,4,44,5.026573426585934e-07,-5.026573426585934e-07,7.623653029580936e-07,6.824314949990975e-07,0.5479304584514855,0.059513922065348536,0.521500254710513,1.2195478723143003,0.0
30C__cork_trial_5,cork,30C,5,42,3.445874125877508e-07,-3.4391608391660337e-07,6.883916083911073e-07,4.142286406868914e-07,0.3502975182831019,0.040320748752293946,0.28160239903302076,1.0077307347530755,0.0
30C__cork_trial_5,cork,30C,5,43,3.445874125877508e-07,-3.4391608391660337e-07,6.883916083911073e-07,4.142286406868914e-07,0.537090991502639,0.05318558321979119,0.4530288710231454,1.0178480839230322,0.0
30C__cork_trial_5,cork,30C,5,44,3.445874125877508e-07,-3.4391608391660337e-07,6.883916083911073e-07,4.142286406868914e-07,0.547930461037264,0.05951392862743067,0.5215002567916363,1.219547907521201,0.0
30C__cork_trial_6,cork,30C,6,42,4.162703962684632e-07,-4.088111888116792e-07,8.746853146846462e-07,5.742760080011023e-07,0.35029751221332617,0.04032076913731913,0.2816024000682941,1.0077311883278883,0.0
30C__cork_trial_6,cork,30C,6,43,4.162703962684632e-07,-4.088111888116792e-07,8.746853146846462e-07,5.742760080011023e-07,0.5370910112867179,0.053185595393454264,0.45302889219887094,1.0178482659223256,0.0
30C__cork_trial_6,cork,30C,6,44,4.162703962684632e-07,-4.088111888116792e-07,8.746853146846462e-07,5.742760080011023e-07,0.5479304516817112,0.05951392624499023,0.5215002529719535,1.2195478346498783,0.0
30C__copper_trial_1,copper,30C,1,42,3.069370629371019e-06,-3.069370629371019e-06,2.8114873332689243e-06,3.0693517457858183e-06,0.3502676652327834,0.04092837672335505,0.2816756301490472,1.0077359206502419,0.0
30C__copper_trial_1,copper,30C,1,43,3.069370629371019e-06,-3.069370629371019e-06,2.8114873332689243e-06,3.0693517457858183e-06,0.536690252297641,0.053949201377039326,0.45281034247212015,1.0178509287057729,0.0
30C__copper_trial_1,copper,30C,1,44,3.069370629371019e-06,-3.069370629371019e-06,2.8114873332689243e-06,3.0693517457858183e-06,0.5475479886900718,0.06041962023266008,0.5211435484798114,1.2195461966901795,0.0
30C__copper_trial_2,copper,30C,2,42,3.096223776223963e-06,-3.096223776223963e-06,3.1610097390359012e-06,3.0962120521254907e-06,0.3502676679195418,0.0409284287539494,0.281675637121584,1.0077365476498399,0.0
30C__copper_trial_2,copper,30C,2,43,3.096223776223963e-06,-3.096223776223963e-06,3.1610097390359012e-06,3.0962120521254907e-06,0.5366902620744295,0.053949225500203146,0.45281035355201565,1.0178512755623879,0.0
30C__copper_trial_2,copper,30C,2,44,3.096223776223963e-06,-3.096223776223963e-06,3.1610097390359012e-06,3.0962120521254907e-06,0.5475479869792715,0.06041962121676371,0.5211435488609696,1.2195463187762199,0.0
30C__copper_trial_3,copper,30C,3,42,3.041118881119643e-06,-3.041118881119643e-06,3.284475524476402e-06,3.0410999096002876e-06,0.3502676701308263,0.040928437559955504,0.2816756378235733,1.0077364892742668,0.0
30C__copper_trial_3,copper,30C,3,43,3.041118881119643e-06,-3.041118881119643e-06,3.284475524476402e-06,3.0410999096002876e-06,0.5366902568085762,0.053949229515319476,0.4528103474326067,1.01785130053231,0.0
30C__copper_trial_3,copper,30C,3,44,3.041118881119643e-06,-3.041118881119643e-06,3.284475524476402e-06,3.0410999096002876e-06,0.5475479901267837,0.060419624211484516,0.5211435506353337,1.219546341212834,0.0
30C__copper_trial_4,copper,30C,4,42,3.059440559440951e-06,-3.059440559440951e-06,2.801118881120261e-06,3.0594757075981096e-06,0.3502974029960094,0.040321032406903115,0.2816024313474552,1.0077373361473683,0.0
30C__copper_trial_4,copper,30C,4,43,3.059440559440951e-06,-3.059440559440951e-06,2.801118881120261e-06,3.0594757075981096e-06,0.5370914251577902,0.053185739905790494,0.4530293553982373,1.0178511545496947,0.0
30C__copper_trial_4,copper,30C,4,44,3.059440559440951e-06,-3.059440559440951e-06,2.801118881120261e-06,3.0594757075981096e-06,0.5479302577415763,0.05951382415561346,0.5215001658221574,1.2195463197101346,0.0
30C__copper_trial_5,copper,30C,5,42,3.047552447553144e-06,-3.047552447553144e-06,2.836222073114656e-06,3.0475460229675373e-06,0.35026767065586495,0.04092837774214196,0.2816756316855548,1.0077358608583658,0.0
30C__copper_trial_5,copper,30C,5,43,3.047552447553144e-06,-3.047552447553144e-06,2.836222073114656e-06,3.0475460229675373e-06,0.536690241257723,0.0539492005699523,0.45281033106142793,1.0178509204751238,0.0
30C__copper_trial_5,copper,30C,5,44,3.047552447553144e-06,-3.047552447553144e-06,2.836222073114656e-06,3.0475460229675373e-06,0.5475479946985988,0.06041962077272335,0.5211435511284378,1.2195461244565815,0.0
30C__copper_trial_6,copper,30C,6,42,2.950209790210747e-06,-2.950209790210747e-06,2.5811723290716804e-06,2.950207228481474e-06,0.3502974132908306,0.04032100702272738,0.2816024303205705,1.0077367775302828,0.0
30C__copper_trial_6,copper,30C,6,43,2.950209790210747e-06,-2.950209790210747e-06,2.5811723290716804e-06,2.950207228481474e-06,0.5370913935235767,0.05318572482971732,0.45302932141484614,1.0178508943606248,0.0
30C__copper_trial_6,copper,30C,6,44,2.950209790210747e-06,-2.950209790210747e-06,2.5811723290716804e-06,2.950207228481474e-06,0.5479302732960976,0.05951382879359781,0.521500172378373,1.219546359208299,0.0
30C__iron_trial_1,iron,30C,1,42,3.148671328671816e-06,-3.148671328671816e-06,3.308251748251641e-06,3.1486773250868415e-06,0.3502974013947071,0.04032108389641702,0.2816024373157408,1.0077380174489683,0.0
30C__iron_trial_1,iron,30C,1,43,3.148671328671816e-06,-3.148671328671816e-06,3.308251748251641e-06,3.1486773250868415e-06,0.5370914455349514,0.053185765937455276,0.45302937800321197,1.0178515346917985,0.0
30C__iron_trial_1,iron,30C,1,44,3.148671328671816e-06,-3.148671328671816e-06,3.308251748251641e-06,3.1486773250868415e-06,0.547930250314539,0.05951382222279317,0.5215001633784994,1.2195463335898755,0.0
30C__iron_trial_2,iron,30C,2,42,3.1453146853155367e-06,-3.1453146853155367e-06,3.109790209790235e-06,3.1453363530383937e-06,0.3502974029085417,0.04032101837338821,0.2816024308606002,1.0077371457433804,0.0
30C__iron_trial_2,iron,30C,2,43,3.1453146853155367e-06,-3.1453146853155367e-06,3.109790209790235e-06,3.1453363530383937e-06,0.5370914264544758,0.05318573448205276,0.4530293577558071,1.0178511062567739,0.0
30C__iron_trial_2,iron,30C,2,44,3.1453146853155367e-06,-3.1453146853155367e-06,3.109790209790235e-06,3.1453363530383937e-06,0.5479302565401428,0.0595138191520523,0.5215001645085885,1.2195460531086382,0.0
30C__iron_trial_3,iron,30C,3,42,3.1965034965043783e-06,-3.1965034965043783e-06,2.937480733297519e-06,3.1964887441266446e-06,0.35026766945198123,0.040928407879743764,0.2816756365353805,1.0077363625957199,0.0
30C__iron_trial_3,iron,30C,3,43,3.1965034965043783e-06,-3.1965034965043783e-06,2.937480733297519e-06,3.1964887441266446e-06,0.5366902591434954,0.053949214935529136,0.45281035187755037,1.0178511394554077,0.0
30C__iron_trial_3,iron,30C,3,44,3.1965034965043783e-06,-3.1965034965043783e-06,2.937480733297519e-06,3.1964887441266446e-06,0.547547988288266,0.060419616688794364,0.5211435485270877,1.2195461599710462,0.0
30C__iron_trial_4,iron,30C,4,42,3.1162237762249285e-06,-3.1162237762249285e-06,3.1201828262730673e-06,3.116253773318211e-06,0.35026766676811555,0.0409284299617262,0.281675637888132,1.0077366149012397,0.0
30C__iron_trial_4,iron,30C,4,43,3.1162237762249285e-06,-3.1162237762249285e-06,3.1201828262730673e-06,3.116253773318211e-06,0.5366902672233618,0.05394922734206705,0.452810359049719,1.0178513882514213,0.0
30C__iron_trial_4,iron,30C,4,44,3.1162237762249285e-06,-3.1162237762249285e-06,3.1201828262730673e-06,3.116253773318211e-06,0.5475479836960763,0.06041961884404051,0.5211435472171234,1.2195462945128508,0.0
30C__iron_trial_5,iron,30C,5,42,3.3251748251753727e-06,-3.3251748251753727e-06,3.4878321678315214e-06,3.325199066280775e-06,0.35026767943566334,0.04092846549327787,0.2816756477664208,1.007737171348031,0.0
30C__iron_trial_5,iron,30C,5,43,3.3251748251753727e-06,-3.3251748251753727e-06,3.4878321678315214e-06,3.325199066280775e-06,0.5366902622777608,0.05394923955908872,0.45281035786371054,1.0178514974364943,0.0
30C__iron_trial_5,iron,30C,5,44,3.3251748251753727e-06,-3.3251748251753727e-06,3.4878321678315214e-06,3.325199066280775e-06,0.5475479921407672,0.06041961581761675,0.5211435510403463,1.2195463095639747,0.0
30C__iron_trial_6,iron,30C,6,42,3.06923076923149e-06,-3.06923076923149e-06,2.8645687645684204e-06,3.0692011629020574e-06,0.35029740356450995,0.04032100998634683,0.2816024287874767,1.0077370460049773,0.0
30C__iron_trial_6,iron,30C,6,43,3.06923076923149e-06,-3.06923076923149e-06,2.8645687645684204e-06,3.0692011629020574e-06,0.5370914182964003,0.053185729703674155,0.45302934833591146,1.0178509924742354,0.0
30C__iron_trial_6,iron,30C,6,44,3.06923076923149e-06,-3.06923076923149e-06,2.8645687645684204e-06,3.0692011629020574e-06,0.5479302599759287,0.0595138218409645,0.5215001661275083,1.2195461236949563,0.0
30C__graphite_trial_1,graphite,30C,1,42,2.950769230769621e-06,-2.950769230769621e-06,3.0400000000001716e-06,2.9507587828873394e-06,0.35029741117127655,0.040321053186929294,0.2816024347908467,1.0077374428291512,0.0
30C__graphite_trial_1,graphite,30C,1,43,2.950769230769621e-06,-2.950769230769621e-06,3.0400000000001716e-06,2.9507587828873394e-06,0.5370914096838127,0.05318574909485753,0.45302933830307573,1.017851275372268,0.0
30C__graphite_trial_1,graphite,30C,1,44,2.950769230769621e-06,-2.950769230769621e-06,3.0400000000001716e-06,2.9507587828873394e-06,0.5479302667221952,0.059513829083329514,0.5215001704478903,1.2195464614572893,0.0
30C__graphite_trial_2,graphite,30C,2,42,2.930349650349744e-06,-2.930349650349744e-06,2.7309090909087072e-06,2.9303488924906536e-06,0.3502676811959454,0.0409283853796733,0.28167563426318787,1.0077357917050673,0.0
30C__graphite_trial_2,graphite,30C,2,43,2.930349650349744e-06,-2.930349650349744e-06,2.7309090909087072e-06,2.9303488924906536e-06,0.5366902171655006,0.053949201892896335,0.45281030495374336,1.0178509092105086,0.0
30C__graphite_trial_2,graphite,30C,2,44,2.930349650349744e-06,-2.930349650349744e-06,2.7309090909087072e-06,2.9303488924906536e-06,0.5475480079098477,0.06041962684013832,0.5211435574298169,1.219546308544853,0.0
30C__graphite_trial_3,graphite,30C,3,42,2.8990209790215804e-06,-2.8990209790215804e-06,2.7517674370948313e-06,2.8990570421262042e-06,0.3502676798895921,0.0409283563523039,0.28167563002730794,1.007735386424657,0.0
30C__graphite_trial_3,graphite,30C,3,43,2.8990209790215804e-06,-2.8990209790215804e-06,2.7517674370948313e-06,2.8990570421262042e-06,0.5366902101199513,0.05394918847646892,0.45281029695023656,1.0178507025230386,0.0
30C__graphite_trial_3,graphite,30C,3,44,2.8990209790215804e-06,-2.8990209790215804e-06,2.7517674370948313e-06,2.8990570421262042e-06,0.5475480095652278,0.06041962662064506,0.5211435575728841,1.2195462098660932,0.0
30C__graphite_trial_4,graphite,30C,4,42,2.9071328671338714e-06,-2.9071328671338714e-06,2.9755929795927994e-06,2.907119626064166e-06,0.3502676762536121,0.04092840586160915,0.28167563480683394,1.007736043036217,0.0
30C__graphite_trial_4,graphite,30C,4,43,2.9071328671338714e-06,-2.9071328671338714e-06,2.9755929795927994e-06,2.907119626064166e-06,0.5366902307269831,0.053949213325821255,0.45281031850427106,1.0178510784530603,0.0
30C__graphite_trial_4,graphite,30C,4,44,2.9071328671338714e-06,-2.9071328671338714e-06,2.9755929795927994e-06,2.907119626064166e-06,0.547548001282856,0.06041962837053929,0.5211435551408518,1.2195464418096318,0.0
30C__graphite_trial_5,graphite,30C,5,42,3.083636363636561e-06,-3.083636363636561e-06,3.1022699387229027e-06,3.0836165027818185e-06,0.3502676759903119,0.04092839358527483,0.2816756357447077,1.0077360860919518,0.0
30C__graphite_trial_5,graphite,30C,5,43,3.083636363636561e-06,-3.083636363636561e-06,3.1022699387229027e-06,3.0836165027818185e-06,0.5366902379462603,0.053949208375175084,0.45281032841348995,1.0178510683751472,0.0
30C__graphite_trial_5,graphite,30C,5,44,3.083636363636561e-06,-3.083636363636561e-06,3.1022699387229027e-06,3.0836165027818185e-06,0.5475479976429237,0.06041961924612066,0.5211435524269749,1.2195461180535108,0.0
30C__graphite_trial_6,graphite,30C,6,42,2.895804195805155e-06,-2.895804195805155e-06,2.9566433566437166e-06,2.8958068322894613e-06,0.3502974128034522,0.040321040778631204,0.28160243260434903,1.0077371560447914,0.0
30C__graphite_trial_6,graphite,30C,6,43,2.895804195805155e-06,-2.895804195805155e-06,2.9566433566437166e-06,2.8958068322894613e-06,0.5370913992831327,0.05318574224921737,0.4530293267829621,1.0178510977447943,0.0
30C__graphite_trial_6,graphite,30C,6,44,2.895804195805155e-06,-2.895804195805155e-06,2.9566433566437166e-06,2.8958068322894613e-06,0.5479302717486043,0.059513832040749705,0.5215001726501493,1.219546446273195,0.0
30C__gypsum_trial_1,gypsum,30C,1,42,8.895104895116765e-07,-8.895104895116765e-07,6.667512748785402e-07,8.894965532319149e-07,0.3502974755497833,0.04032073729027417,0.28160239252234726,1.0077311859310423,0.0
30C__gypsum_trial_1,gypsum,30C,1,43,8.895104895116765e-07,-8.895104895116765e-07,6.667512748785402e-07,8.894965532319149e-07,0.5370910986181003,0.053185585455451975,0.4530289876753486,1.0178483222994468,0.0
30C__gypsum_trial_1,gypsum,30C,1,44,8.895104895116765e-07,-8.895104895116765e-07,6.667512748785402e-07,8.894965532319149e-07,0.5479304040836345,0.05951390347318965,0.521500230208534,1.2195473234702123,0.0
30C__gypsum_trial_2,gypsum,30C,2,42,1.227132867133874e-06,-1.227132867133874e-06,1.2998601398603449e-06,1.2271374256717244e-06,0.35029747565011543,0.04032083281232714,0.2816024070868983,1.0077326658865535,0.0
30C__gypsum_trial_2,gypsum,30C,2,43,1.227132867133874e-06,-1.227132867133874e-06,1.2998601398603449e-06,1.2271374256717244e-06,0.5370911400226973,0.05318563128235519,0.45302903601382716,1.0178490393939137,0.0
30C__gypsum_trial_2,gypsum,30C,2,44,1.227132867133874e-06,-1.227132867133874e-06,1.2998601398603449e-06,1.2271374256717244e-06,0.547930390132765,0.05951389393652902,0.5215002250294009,1.219547260981688,0.0
30C__gypsum_trial_3,gypsum,30C,3,42,1.086153846154318e-06,-1.086153846154318e-06,1.0574859314363991e-06,1.086152613437725e-06,0.35029747749746576,0.04032080575441506,0.28160240295819744,1.0077321815435698,0.0
30C__gypsum_trial_3,gypsum,30C,3,43,1.086153846154318e-06,-1.086153846154318e-06,1.0574859314363991e-06,1.086152613437725e-06,0.5370911224144221,0.0531856178876071,0.4530290157080377,1.0178488242744241,0.0
30C__gypsum_trial_3,gypsum,30C,3,44,1.086153846154318e-06,-1.086153846154318e-06,1.0574859314363991e-06,1.086152613437725e-06,0.5479303969210286,0.059513898266515416,0.5215002278597805,1.2195472717122813,0.0
30C__gypsum_trial_4,gypsum,30C,4,42,9.647552447559484e-07,-9.647552447559484e-07,7.924940531390048e-07,9.647564850630964e-07,0.3502974815965171,0.0403207719324991,0.2816023985227428,1.0077315516560201,0.0
30C__gypsum_trial_4,gypsum,30C,4,43,9.647552447559484e-07,-9.647552447559484e-07,7.924940531390048e-07,9.647564850630964e-07,0.5370910989298939,0.05318560089710803,0.45302898962322374,1.0178485143067044,0.0
30C__gypsum_trial_4,gypsum,30C,4,44,9.647552447559484e-07,-9.647552447559484e-07,7.924940531390048e-07,9.647564850630964e-07,0.5479304070797835,0.05951390231140565,0.5215002319495909,1.2195472494041069,0.0
30C__gypsum_trial_5,gypsum,30C,5,42,9.241958041966616e-07,-9.241958041966616e-07,7.750855627081284e-07,9.241984451372836e-07,0.35026773893456586,0.04092813395382166,0.2816755952015327,1.0077305279991016,0.0
30C__gypsum_trial_5,gypsum,30C,5,43,9.241958041966616e-07,-9.241958041966616e-07,7.750855627081284e-07,9.241984451372836e-07,0.5366899310647301,0.05394907165152811,0.45280998064118866,1.0178484606073532,0.0
30C__gypsum_trial_5,gypsum,30C,5,44,9.241958041966616e-07,-9.241958041966616e-07,7.750855627081284e-07,9.241984451372836e-07,0.5475481340889911,0.06041970110198904,0.521143613657018,1.2195472374678233,0.0
30C__gypsum_trial_6,gypsum,30C,6,42,8.530069930076135e-07,-8.530069930076135e-07,7.459207459208257e-07,8.530036509130856e-07,0.35029747480777024,0.04032076119435558,0.2816023942575073,1.0077313945427107,0.0
30C__gypsum_trial_6,gypsum,30C,6,43,8.530069930076135e-07,-8.530069930076135e-07,7.459207459208257e-07,8.530036509130856e-07,0.5370911040712743,0.053185598524220515,0.4530289928941956,1.0178485064790146,0.0
30C__gypsum_trial_6,gypsum,30C,6,44,8.530069930076135e-07,-8.530069930076135e-07,7.459207459208257e-07,8.530036509130856e-07,0.5479304019031038,0.05951390469975447,0.5215002298334073,1.2195473038887603,0.0
30C__nickel_trial_1,nickel,30C,1,42,3.097482517483191e-06,-3.097482517483191e-06,2.985898486169633e-06,3.097516830575256e-06,0.3502974143586045,0.04032100809349896,0.28160243241733185,1.0077369083300238,0.0
30C__nickel_trial_1,nickel,30C,1,43,3.097482517483191e-06,-3.097482517483191e-06,2.985898486169633e-06,3.097516830575256e-06,0.5370913991422094,0.05318572567805191,0.4530293293203918,1.017850926361288,0.0
30C__nickel_trial_1,nickel,30C,1,44,3.097482517483191e-06,-3.097482517483191e-06,2.985898486169633e-06,3.097516830575256e-06,0.5479302714891479,0.05951382249097488,0.521500170996673,1.2195460551989528,0.0
30C__nickel_trial_2,nickel,30C,2,42,3.0995804195807844e-06,-3.0995804195807844e-06,2.965365237983259e-06,3.099567586573337e-06,0.35026767356560334,0.0409283735761531,0.2816756332693133,1.0077359525552132,0.0
30C__nickel_trial_2,nickel,30C,2,43,3.0995804195807844e-06,-3.0995804195807844e-06,2.965365237983259e-06,3.099567586573337e-06,0.5366902384843595,0.05394919793467075,0.4528103290740173,1.0178509409948717,0.0
30C__nickel_trial_2,nickel,30C,2,44,3.0995804195807844e-06,-3.0995804195807844e-06,2.965365237983259e-06,3.099567586573337e-06,0.5475479961747775,0.06041961776956556,0.5211435513556534,1.2195461054285817,0.0
30C__nickel_trial_3,nickel,30C,3,42,3.034125874126618e-06,-3.034125874126618e-06,2.977847904371053e-06,3.034117513110952e-06,0.35026766737913145,0.04092841168551918,0.2816756344139227,1.007736273792134,0.0
30C__nickel_trial_3,nickel,30C,3,43,3.034125874126618e-06,-3.034125874126618e-06,2.977847904371053e-06,3.034117513110952e-06,0.536690255744364,0.05394921790091809,0.4528103459244403,1.017851178973781,0.0
30C__nickel_trial_3,nickel,30C,3,44,3.034125874126618e-06,-3.034125874126618e-06,2.977847904371053e-06,3.034117513110952e-06,0.547547988531037,0.06041962229221426,0.5211435493099216,1.219546328699721,0.0
30C__nickel_trial_4,nickel,30C,4,42,3.214125874126091e-06,-3.214125874126091e-06,3.01997483699969e-06,3.214095166570865e-06,0.35029740936177944,0.04032103791124975,0.2816024356146033,1.0077374036145827,0.0
30C__nickel_trial_4,nickel,30C,4,43,3.214125874126091e-06,-3.214125874126091e-06,3.01997483699969e-06,3.214095166570865e-06,0.5370914222683398,0.053185741219655004,0.4530293549154006,1.0178511844168794,0.0
30C__nickel_trial_4,nickel,30C,4,44,3.214125874126091e-06,-3.214125874126091e-06,3.01997483699969e-06,3.214095166570865e-06,0.5479302612209506,0.05951381841805944,0.5215001667599894,1.2195461072918061,0.0
30C__nickel_trial_5,nickel,30C,5,42,3.196223776224887e-06,-3.196223776224887e-06,3.158362036303347e-06,3.196233674915589e-06,0.35026766491037065,0.040928374488214035,0.28167563153580244,1.007736023358429,0.0
30C__nickel_trial_5,nickel,30C,5,43,3.196223776224887e-06,-3.196223776224887e-06,3.158362036303347e-06,3.196233674915589e-06,0.5366902593953492,0.053949200680965884,0.4528103516749076,1.0178509637859747,0.0
30C__nickel_trial_5,nickel,30C,5,44,3.196223776224887e-06,-3.196223776224887e-06,3.158362036303347e-06,3.196233674915589e-06,0.5475479854313433,0.0604196137702591,0.5211435464277554,1.2195459514599458,0.0
30C__nickel_trial_6,nickel,30C,6,42,3.161258741259218e-06,-3.161258741259218e-06,3.587972027972656e-06,3.161306905881608e-06,0.35026766823622424,0.04092846772277494,0.2816756424382097,1.0077370976225397,0.0
30C__nickel_trial_6,nickel,30C,6,43,3.161258741259218e-06,-3.161258741259218e-06,3.587972027972656e-06,3.161306905881608e-06,0.5366902751624678,0.05394924418880413,0.45281036825932175,1.0178515456882815,0.0
30C__nickel_trial_6,nickel,30C,6,44,3.161258741259218e-06,-3.161258741259218e-06,3.587972027972656e-06,3.161306905881608e-06,0.5475479830488058,0.06041962117464904,0.5211435478359371,1.2195464670095821,0.0
30C__pdms_trial_1,pdms,30C,1,42,7.246153846166524e-07,-7.246153846166524e-07,7.706293706302481e-07,7.246101410528126e-07,0.3502974837733472,0.04032076522080137,0.28160239542478577,1.0077313909456374,0.0
30C__pdms_trial_1,pdms,30C,1,43,7.246153846166524e-07,-7.246153846166524e-07,7.706293706302481e-07,7.246101410528126e-07,0.5370910806809218,0.053185597459796764,0.4530289673748704,1.0178484139937298,0.0
30C__pdms_trial_1,pdms,30C,1,44,7.246153846166524e-07,-7.246153846166524e-07,7.706293706302481e-07,7.246101410528126e-07,0.5479304147389679,0.05951391177440907,0.5215002360198121,1.2195475497125314,0.0
30C__pdms_trial_2,pdms,30C,2,42,6.149650349655854e-07,-6.149650349655854e-07,4.374387736050351e-07,6.149647277962105e-07,0.3502677782198081,0.040928078445617536,0.2816755948334529,1.007729196409444,0.0
30C__pdms_trial_2,pdms,30C,2,43,6.149650349655854e-07,-6.149650349655854e-07,4.374387736050351e-07,6.149647277962105e-07,0.536689821745955,0.053949033816643364,0.45280986448688526,1.0178476425200538,0.0
30C__pdms_trial_2,pdms,30C,2,44,6.149650349655854e-07,-6.149650349655854e-07,4.374387736050351e-07,6.149647277962105e-07,0.5475481917088395,0.06041972010823837,0.5211436386827429,1.2195476746840208,0.0
30C__pdms_trial_3,pdms,30C,3,42,6.362237762242611e-07,-6.362237762242611e-07,5.848951048958824e-07,6.362273537055785e-07,0.3502677509623046,0.04092811140061691,0.28167559220405264,1.007729977237371,0.0
30C__pdms_trial_3,pdms,30C,3,43,6.362237762242611e-07,-6.362237762242611e-07,5.848951048958824e-07,6.362273537055785e-07,0.5366898864544656,0.05394905892208775,0.4528099306559997,1.0178481875748522,0.0
30C__pdms_trial_3,pdms,30C,3,44,6.362237762242611e-07,-6.362237762242611e-07,5.848951048958824e-07,6.362273537055785e-07,0.5475481551823357,0.06041971265260232,0.5211436232928762,1.2195474139374496,0.0
30C__pdms_trial_4,pdms,30C,4,42,1.3776223776280558e-07,-1.2741258741382627e-07,2.405594405597252e-07,2.1823550705966167e-07,0.3502677663484872,0.04092806566747116,0.28167558485816907,1.007728939939884,0.0
30C__pdms_trial_4,pdms,30C,4,43,1.3776223776280558e-07,-1.2741258741382627e-07,2.405594405597252e-07,2.1823550705966167e-07,0.5366898180449158,0.05394903557012822,0.45280985274874025,1.0178477432541724,0.0
30C__pdms_trial_4,pdms,30C,4,44,1.3776223776280558e-07,-1.2741258741382627e-07,2.405594405597252e-07,2.1823550705966167e-07,0.5475481857260165,0.060419731604915004,0.5211436372116778,1.2195478620512639,0.0
30C__pdms_trial_5,pdms,30C,5,42,5.809790209773767e-07,-4.5608391608482554e-07,5.513941031100658e-07,7.007219852909107e-07,0.35026777832317896,0.04092809012419244,0.2816755959247358,1.0077295249497364,0.0
30C__pdms_trial_5,pdms,30C,5,43,5.809790209773767e-07,-4.5608391608482554e-07,5.513941031100658e-07,7.007219852909107e-07,0.5366898198600144,0.053949042061839966,0.4528098605174108,1.0178479353668595,0.0
30C__pdms_trial_5,pdms,30C,5,44,5.809790209773767e-07,-4.5608391608482554e-07,5.513941031100658e-07,7.007219852909107e-07,0.5475481894962927,0.06041971842439884,0.5211436380913658,1.21954742941711,0.0
30C__pdms_trial_6,pdms,30C,6,42,5.53846153846676e-07,-5.53846153846676e-07,4.2773892773920186e-07,5.564197454817898e-07,0.35029751502417333,0.04032070479115163,0.2816023968389402,1.0077303529502124,0.0
30C__pdms_trial_6,pdms,30C,6,43,5.53846153846676e-07,-5.53846153846676e-07,4.2773892773920186e-07,5.564197454817898e-07,0.5370909989931969,0.0531855610672336,0.4530288812090547,1.0178478672071303,0.0
30C__pdms_trial_6,pdms,30C,6,44,5.53846153846676e-07,-5.53846153846676e-07,4.2773892773920186e-07,5.564197454817898e-07,0.5479304560590409,0.059513920218665285,0.5215002529252856,1.2195477853476604,0.0
30C__ps_foam_trial_1,ps_foam,30C,1,42,5.200932400917018e-07,-2.6741258741364536e-07,5.604828635834627e-07,7.868969472480021e-07,0.3502975373408025,0.04032072628735017,0.2816023995898027,1.007729666277995,0.0
30C__ps_foam_trial_1,ps_foam,30C,1,43,5.200932400917018e-07,-2.6741258741364536e-07,5.604828635834627e-07,7.868969472480021e-07,0.5370909420492654,0.05318556694856047,0.45302882003880024,1.01784779445484,0.0
30C__ps_foam_trial_1,ps_foam,30C,1,44,5.200932400917018e-07,-2.6741258741364536e-07,5.604828635834627e-07,7.868969472480021e-07,0.5479304867091088,0.05951392770153026,0.5215002675471965,1.219547332138116,0.0
30C__ps_foam_trial_2,ps_foam,30C,2,42,4.624242424222354e-07,-3.1832167832191154e-07,5.906631260770186e-07,6.85230905863443e-07,0.3502975403797457,0.040320702905579715,0.2816023980953495,1.0077296788794745,0.0
30C__ps_foam_trial_2,ps_foam,30C,2,43,4.624242424222354e-07,-3.1832167832191154e-07,5.906631260770186e-07,6.85230905863443e-07,0.5370909322164467,0.05318555495643377,0.45302881046150956,1.017847618331639,0.0
30C__ps_foam_trial_2,ps_foam,30C,2,44,4.624242424222354e-07,-3.1832167832191154e-07,5.906631260770186e-07,6.85230905863443e-07,0.5479304917770617,0.05951392715749719,0.5215002690383473,1.2195476474031588,0.0
30C__ps_foam_trial_3,ps_foam,30C,3,42,1.9426573426674972e-07,-1.9426573426674972e-07,3.020979020998215e-07,2.143599288159625e-07,0.35026777869663844,0.040928071461092695,0.28167558984080937,1.007728836850597,0.0
30C__ps_foam_trial_3,ps_foam,30C,3,43,1.9426573426674972e-07,-1.9426573426674972e-07,3.020979020998215e-07,2.143599288159625e-07,0.5366897991193504,0.05394903407691002,0.4528098348580579,1.0178476848140061,0.0
30C__ps_foam_trial_3,ps_foam,30C,3,44,1.9426573426674972e-07,-1.9426573426674972e-07,3.020979020998215e-07,2.143599288159625e-07,0.5475481980910344,0.06041973130673863,0.5211436424657082,1.219547701969366,0.0
30C__ps_foam_trial_4,ps_foam,30C,4,42,6.714685314671443e-07,-4.2391608391721246e-07,6.481118881125041e-07,9.487714945643163e-07,0.3502975381103251,0.040320758578061264,0.28160240529904285,1.0077305527501443,0.0
30C__ps_foam_trial_4,ps_foam,30C,4,43,6.714685314671443e-07,-4.2391608391721246e-07,6.481118881125041e-07,9.487714945643163e-07,0.5370909572121139,0.05318558277986864,0.45302883800350924,1.0178479647640613,0.0
30C__ps_foam_trial_4,ps_foam,30C,4,44,6.714685314671443e-07,-4.2391608391721246e-07,6.481118881125041e-07,9.487714945643163e-07,0.5479304819586497,0.05951392508843649,0.5215002655312871,1.219546998371952,0.0
30C__ps_foam_trial_5,ps_foam,30C,5,42,3.544055944040272e-07,-1.865734265746712e-07,4.251748251743806e-07,5.659496395883917e-07,0.3502975207872788,0.040320710106762844,0.2816023928210116,1.0077298597167008,0.0
30C__ps_foam_trial_5,ps_foam,30C,5,43,3.544055944040272e-07,-1.865734265746712e-07,4.251748251743806e-07,5.659496395883917e-07,0.5370909675124205,0.053185565386363695,0.4530288439448216,1.0178477909980557,0.0
30C__ps_foam_trial_5,ps_foam,30C,5,44,3.544055944040272e-07,-1.865734265746712e-07,4.251748251743806e-07,5.659496395883917e-07,0.5479304698267407,0.0595139301683157,0.521500260055951,1.2195473490878357,0.0
30C__ps_foam_trial_6,ps_foam,30C,6,42,3.945920745905508e-07,-3.086713286719854e-07,3.858886211827265e-07,4.979580348079919e-07,0.35029752438151507,0.04032072558204497,0.28160239756733474,1.0077301787822626,0.0
30C__ps_foam_trial_6,ps_foam,30C,6,43,3.945920745905508e-07,-3.086713286719854e-07,3.858886211827265e-07,4.979580348079919e-07,0.5370909715403482,0.05318557055072955,0.4530288501404056,1.0178478810237626,0.0
30C__ps_foam_trial_6,ps_foam,30C,6,44,3.945920745905508e-07,-3.086713286719854e-07,3.858886211827265e-07,4.979580348079919e-07,0.5479304702082272,0.05951392766480805,0.521500260248693,1.2195473232548861,0.0
30C__pu_foam_trial_1,pu_foam,30C,1,42,6.789463869471581e-07,-6.692307692317571e-07,5.666800880952359e-07,7.621153085035113e-07,0.3502677879768243,0.04092808911665032,0.2816756029612217,1.0077296049562667,0.0
30C__pu_foam_trial_1,pu_foam,30C,1,43,6.789463869471581e-07,-6.692307692317571e-07,5.666800880952359e-07,7.621153085035113e-07,0.5366898153357444,0.05394903665132204,0.45280985922707484,1.0178479675984187,0.0
30C__pu_foam_trial_1,pu_foam,30C,1,44,6.789463869471581e-07,-6.692307692317571e-07,5.666800880952359e-07,7.621153085035113e-07,0.547548194826167,0.060419714409255754,0.521143639609783,1.2195474110454405,0.0
30C__pu_foam_trial_2,pu_foam,30C,2,42,6.447832167835862e-07,-6.234965034972216e-07,6.727272727270194e-07,7.264817111461419e-07,0.35029751935811526,0.04032075383941675,0.2816024053786658,1.0077312263010378,0.0
30C__pu_foam_trial_2,pu_foam,30C,2,43,6.447832167835862e-07,-6.234965034972216e-07,6.727272727270194e-07,7.264817111461419e-07,0.5370910090009873,0.05318558456158251,0.4530288929526978,1.0178483359214985,0.0
30C__pu_foam_trial_2,pu_foam,30C,2,44,6.447832167835862e-07,-6.234965034972216e-07,6.727272727270194e-07,7.264817111461419e-07,0.5479304539298596,0.059513919055366224,0.5215002527043178,1.2195481386259988,0.0
30C__pu_foam_trial_3,pu_foam,30C,3,42,3.734265734269904e-07,-3.734265734269904e-07,2.6684688497367534e-07,3.7342009410914103e-07,0.35029749796416115,0.04032070290573152,0.28160238882377225,1.0077302709694922,0.0
30C__pu_foam_trial_3,pu_foam,30C,3,43,3.734265734269904e-07,-3.734265734269904e-07,2.6684688497367534e-07,3.7342009410914103e-07,0.5370910204692111,0.05318556491547157,0.45302890036640775,1.0178479077263738,0.0
30C__pu_foam_trial_3,pu_foam,30C,3,44,3.734265734269904e-07,-3.734265734269904e-07,2.6684688497367534e-07,3.7342009410914103e-07,0.5479304410825071,0.059513921976518405,0.5215002471465316,1.2195475228573767,0.0
30C__pu_foam_trial_4,pu_foam,30C,4,42,2.7524475524536105e-07,-2.7524475524536105e-07,3.2634860376579145e-07,2.860651139343315e-07,0.3502677574506524,0.04092807082607923,0.28167558342915033,1.0077289214510896,0.0
30C__pu_foam_trial_4,pu_foam,30C,4,43,2.7524475524536105e-07,-2.7524475524536105e-07,3.2634860376579145e-07,2.860651139343315e-07,0.536689841694524,0.05394903985441792,0.4528098790422829,1.017847740415244,0.0
30C__pu_foam_trial_4,pu_foam,30C,4,44,2.7524475524536105e-07,-2.7524475524536105e-07,3.2634860376579145e-07,2.860651139343315e-07,0.5475481744596876,0.06041972586696809,0.5211436320203607,1.2195474813005414,0.0
30C__pu_foam_trial_5,pu_foam,30C,5,42,7.131561771562276e-07,-7.051748251747777e-07,5.588860009968569e-07,7.198264750105681e-07,0.35029751870789005,0.04032072525182053,0.2816024035616354,1.0077310527373347,0.0
30C__pu_foam_trial_5,pu_foam,30C,5,43,7.131561771562276e-07,-7.051748251747777e-07,5.588860009968569e-07,7.198264750105681e-07,0.5370910075675966,0.05318556884057372,0.4530288925830302,1.0178481204747973,0.0
30C__pu_foam_trial_5,pu_foam,30C,5,44,7.131561771562276e-07,-7.051748251747777e-07,5.588860009968569e-07,7.198264750105681e-07,0.5479304537549742,0.05951391440874375,0.521500251838137,1.2195478261537525,0.0
30C__pu_foam_trial_6,pu_foam,30C,6,42,7.130629370634975e-07,-6.911888111898112e-07,6.576056996229301e-07,7.632409725532701e-07,0.35029752153984567,0.040320757234121374,0.28160240708146883,1.0077310908329913,0.0
30C__pu_foam_trial_6,pu_foam,30C,6,43,7.130629370634975e-07,-6.911888111898112e-07,6.576056996229301e-07,7.632409725532701e-07,0.5370910084111324,0.05318558375359159,0.4530288938094608,1.01784830290995,0.0
30C__pu_foam_trial_6,pu_foam,30C,6,44,7.130629370634975e-07,-6.911888111898112e-07,6.576056996229301e-07,7.632409725532701e-07,0.5479304550122124,0.05951391470562073,0.5215002530832773,1.2195476336734505,0.0
30C__titanium_trial_1,titanium,30C,1,42,3.0233566433571007e-06,-3.0233566433571007e-06,3.0223576031477087e-06,3.0233437580590717e-06,0.35029742089816757,0.040320988632937496,0.2816024312474088,1.0077366375420003,0.0
30C__titanium_trial_1,titanium,30C,1,43,3.0233566433571007e-06,-3.0233566433571007e-06,3.0223576031477087e-06,3.0233437580590717e-06,0.5370913780576801,0.05318571546369211,0.45302930662847013,1.0178507650563384,0.0
30C__titanium_trial_1,titanium,30C,1,44,3.0233566433571007e-06,-3.0233566433571007e-06,3.0223576031477087e-06,3.0233437580590717e-06,0.5479302812138889,0.05951382423291725,0.5215001748713997,1.2195461314546132,0.0
30C__titanium_trial_2,titanium,30C,2,42,2.8664335664341884e-06,-2.8664335664341884e-06,2.7675405826666736e-06,2.8664223609124404e-06,0.3502974256887244,0.04032102330132586,0.2816024347914232,1.007736951861596,0.0
30C__titanium_trial_2,titanium,30C,2,43,2.8664335664341884e-06,-2.8664335664341884e-06,2.7675405826666736e-06,2.8664223609124404e-06,0.537091370038455,0.05318573038152073,0.4530292965657982,1.0178509477116489,0.0
30C__titanium_trial_2,titanium,30C,2,44,2.8664335664341884e-06,-2.8664335664341884e-06,2.7675405826666736e-06,2.8664223609124404e-06,0.547930286988341,0.059513833400055983,0.521500178863183,1.2195465051973762,0.0
30C__titanium_trial_3,titanium,30C,3,42,2.7793006993013505e-06,-2.7793006993013505e-06,2.728297181869843e-06,2.779290809908842e-06,0.3502974138059736,0.040320980033549815,0.28160242558397397,1.0077364364364552,0.0
30C__titanium_trial_3,titanium,30C,3,43,2.7793006993013505e-06,-2.7793006993013505e-06,2.728297181869843e-06,2.779290809908842e-06,0.5370913777154421,0.05318571452561562,0.4530293023236147,1.0178507723779602,0.0
30C__titanium_trial_3,titanium,30C,3,44,2.7793006993013505e-06,-2.7793006993013505e-06,2.728297181869843e-06,2.779290809908842e-06,0.547930277972621,0.05951383186894784,0.5215001741376365,1.219546342863742,0.0
30C__titanium_trial_4,titanium,30C,4,42,2.7549650349657784e-06,-2.7549650349657784e-06,2.8034008038258992e-06,2.754992018818292e-06,0.35026767660808106,0.04092832333779324,0.2816756239752548,1.0077348600760874,0.0
30C__titanium_trial_4,titanium,30C,4,43,2.7549650349657784e-06,-2.7549650349657784e-06,2.8034008038258992e-06,2.754992018818292e-06,0.5366902011903754,0.05394917497135073,0.4528102850866721,1.0178505452683353,0.0
30C__titanium_trial_4,titanium,30C,4,44,2.7549650349657784e-06,-2.7549650349657784e-06,2.8034008038258992e-06,2.754992018818292e-06,0.5475480103727622,0.06041962936568092,0.5211435575839496,1.2195461974008508,0.0
30C__titanium_trial_5,titanium,30C,5,42,2.812027972028705e-06,-2.812027972028705e-06,2.640839160840779e-06,2.8120199489906943e-06,0.3502676716254828,0.040928375818329185,0.2816756284330517,1.00773568605864,0.0
30C__titanium_trial_5,titanium,30C,5,43,2.812027972028705e-06,-2.812027972028705e-06,2.640839160840779e-06,2.8120199489906943e-06,0.5366902259664565,0.05394920086091252,0.45281031180855263,1.0178508744493777,0.0
30C__titanium_trial_5,titanium,30C,5,44,2.812027972028705e-06,-2.812027972028705e-06,2.640839160840779e-06,2.8120199489906943e-06,0.5475480006377126,0.06041962926313978,0.521143554478961,1.2195463042757078,0.0
30C__titanium_trial_6,titanium,30C,6,42,2.6576223776228394e-06,-2.6576223776228394e-06,2.6163297134639864e-06,2.6576472032299546e-06,0.3502676678806121,0.04092831184243871,0.2816756180831178,1.0077347340196912,0.0
30C__titanium_trial_6,titanium,30C,6,43,2.6576223776228394e-06,-2.6576223776228394e-06,2.6163297134639864e-06,2.6576472032299546e-06,0.5366902081451175,0.05394917181233132,0.4528102904296884,1.0178504382866922,0.0
30C__titanium_trial_6,titanium,30C,6,44,2.6576223776228394e-06,-2.6576223776228394e-06,2.6163297134639864e-06,2.6576472032299546e-06,0.5475480046404084,0.06041963202150907,0.5211435552844228,1.2195462018977192,0.0
30C__wood_trial_1,wood,30C,1,42,8.306293706302143e-07,-8.306293706302143e-07,1.6605945034566622e-06,1.1509071748205645e-06,0.3502677700446109,0.04092820245933632,0.28167561200052216,1.0077318587974762,0.0
30C__wood_trial_1,wood,30C,1,43,8.306293706302143e-07,-8.306293706302143e-07,1.6605945034566622e-06,1.1509071748205645e-06,0.5366898868014516,0.053949096446119095,0.45280993509187356,1.0178487777794787,0.0
30C__wood_trial_1,wood,30C,1,44,8.306293706302143e-07,-8.306293706302143e-07,1.6605945034566622e-06,1.1509071748205645e-06,0.5475481645108711,0.06041971522465347,0.5211436288658422,1.2195483354491257,0.0
30C__wood_trial_2,wood,30C,2,42,5.530069930073352e-07,-5.530069930073352e-07,1.0251748251753746e-06,8.845874700197081e-07,0.35026776550819355,0.04092813505408105,0.28167559885498844,1.00773076344061,0.0
30C__wood_trial_2,wood,30C,2,43,5.530069930073352e-07,-5.530069930073352e-07,1.0251748251753746e-06,8.845874700197081e-07,0.5366898617105018,0.053949065664827114,0.4528099044669948,1.0178482469617982,0.0
30C__wood_trial_2,wood,30C,2,44,5.530069930073352e-07,-5.530069930073352e-07,1.0251748251753746e-06,8.845874700197081e-07,0.5475481713133702,0.06041972252764292,0.5211436313673564,1.2195480716827183,0.0
30C__wood_trial_3,wood,30C,3,42,7.248951048956015e-07,-7.248951048956015e-07,6.201081831326426e-07,7.249005122352242e-07,0.3502975234998404,0.04032074266452683,0.2816024062784421,1.0077311084297813,0.0
30C__wood_trial_3,wood,30C,3,43,7.248951048956015e-07,-7.248951048956015e-07,6.201081831326426e-07,7.249005122352242e-07,0.5370910022052724,0.053185575215562664,0.45302888760603416,1.017848097534604,0.0
30C__wood_trial_3,wood,30C,3,44,7.248951048956015e-07,-7.248951048956015e-07,6.201081831326426e-07,7.249005122352242e-07,0.5479304592125502,0.05951391807054853,0.5215002546981219,1.219547977656997,0.0
30C__wood_trial_4,wood,30C,4,42,8.622377622380861e-07,-8.622377622380861e-07,7.960839160851874e-07,9.48596826946951e-07,0.3502975249041727,0.04032077189573448,0.2816024103936539,1.0077312733168153,0.0
30C__wood_trial_4,wood,30C,4,43,8.622377622380861e-07,-8.622377622380861e-07,7.960839160851874e-07,9.48596826946951e-07,0.5370910120570778,0.05318558978496789,0.45302890014118774,1.017848265123484,0.0
30C__wood_trial_4,wood,30C,4,44,8.622377622380861e-07,-8.622377622380861e-07,7.960839160851874e-07,9.48596826946951e-07,0.5479304565083721,0.059513912120247606,0.5215002534783963,1.2195475076085827,0.0
30C__wood_trial_5,wood,30C,5,42,3.9636363636434777e-07,-3.9636363636434777e-07,3.727180456489899e-07,3.96360102019488e-07,0.35026774561613705,0.04092808403769695,0.28167558430738127,1.0077292905105328,0.0
30C__wood_trial_5,wood,30C,5,43,3.9636363636434777e-07,-3.9636363636434777e-07,3.727180456489899e-07,3.96360102019488e-07,0.5366898764753102,0.053949048105242106,0.4528099163275731,1.0178479958290316,0.0
30C__wood_trial_5,wood,30C,5,44,3.9636363636434777e-07,-3.9636363636434777e-07,3.727180456489899e-07,3.96360102019488e-07,0.5475481563383332,0.06041972012687395,0.5211436240804354,1.219547546921284,0.0
30C__wood_trial_6,wood,30C,6,42,4.5020979021041536e-07,-4.5020979021041536e-07,3.3385247299581964e-07,4.502058723349302e-07,0.3502677583939997,0.04092807606482005,0.28167558890655076,1.0077293889706467,0.0
30C__wood_trial_6,wood,30C,6,43,4.5020979021041536e-07,-4.5020979021041536e-07,3.3385247299581964e-07,4.502058723349302e-07,0.5366898544989567,0.053949038845482855,0.45280989501555763,1.0178479066248514,0.0
30C__wood_trial_6,wood,30C,6,44,4.5020979021041536e-07,-4.5020979021041536e-07,3.3385247299581964e-07,4.502058723349302e-07,0.5475481693261133,0.060419720074224824,0.5211436293995033,1.2195475632177133,0.0
40C__aluminum_trial_1,aluminum,40C,1,42,8.88503496503535e-06,-8.88503496503535e-06,9.404755244755407e-06,8.884930624884368e-06,0.3502675711549955,0.04092920625128725,0.2816757750537211,1.0077523391046181,0.0
40C__aluminum_trial_1,aluminum,40C,1,43,8.88503496503535e-06,-8.88503496503535e-06,9.404755244755407e-06,8.884930624884368e-06,0.5366909663622796,0.05394960982782117,0.45281116766143575,1.017858263492049,0.0
40C__aluminum_trial_1,aluminum,40C,1,44,8.88503496503535e-06,-8.88503496503535e-06,9.404755244755407e-06,8.884930624884368e-06,0.5475476967087655,0.06041941605567206,0.521143419297185,1.2195437443328565,0.0
40C__aluminum_trial_2,aluminum,40C,2,42,7.219720279720565e-06,-7.219720279720565e-06,7.189846995629343e-06,7.2198015177716404e-06,0.35029721700260474,0.040321497310029666,0.28160248028778584,1.007747818235522,0.0
40C__aluminum_trial_2,aluminum,40C,2,43,7.219720279720565e-06,-7.219720279720565e-06,7.189846995629343e-06,7.2198015177716404e-06,0.537092114292563,0.05318600332428993,0.4530301225393626,1.0178562048496473,0.0
40C__aluminum_trial_2,aluminum,40C,2,44,7.219720279720565e-06,-7.219720279720565e-06,7.189846995629343e-06,7.2198015177716404e-06,0.5479299327845722,0.05951366054108838,0.5215000207590377,1.2195437189361955,0.0
40C__aluminum_trial_3,aluminum,40C,3,42,7.951048951049559e-06,-7.951048951049559e-06,9.71832167832135e-06,7.951019749557017e-06,0.3502675079427309,0.040929208742002225,0.2816757418336785,1.0077515188142925,0.0
40C__aluminum_trial_3,aluminum,40C,3,43,7.951048951049559e-06,-7.951048951049559e-06,9.71832167832135e-06,7.951019749557017e-06,0.5366910328506355,0.05394963402450888,0.4528112196286248,1.0178583929516194,0.0
40C__aluminum_trial_3,aluminum,40C,3,44,7.951048951049559e-06,-7.951048951049559e-06,9.71832167832135e-06,7.951019749557017e-06,0.5475476479214862,0.06041944397921071,0.5211434019370906,1.2195441651834074,0.0
40C__aluminum_trial_4,aluminum,40C,4,42,9.726433566434323e-06,-9.726433566434323e-06,1.0106757546441986e-05,9.726475363652504e-06,0.3502973102867913,0.04032179181619537,0.28160257456685756,1.0077538403633526,0.0
40C__aluminum_trial_4,aluminum,40C,4,43,9.726433566434323e-06,-9.726433566434323e-06,1.0106757546441986e-05,9.726475363652504e-06,0.5370921464761013,0.05318611103114547,0.45303019792957855,1.0178581955673496,0.0
40C__aluminum_trial_4,aluminum,40C,4,44,9.726433566434323e-06,-9.726433566434323e-06,1.0106757546441986e-05,9.726475363652504e-06,0.5479299612516955,0.05951358901174675,0.5215000301239961,1.2195429537643565,0.0
40C__aluminum_trial_5,aluminum,40C,5,42,9.726293706294577e-06,-9.726293706294577e-06,9.970742215539667e-06,9.726304115241316e-06,0.3502675821739133,0.04092917946716644,0.28167578829419293,1.0077529274042962,0.0
40C__aluminum_trial_5,aluminum,40C,5,43,9.726293706294577e-06,-9.726293706294577e-06,9.970742215539667e-06,9.726304115241316e-06,0.5366909872281574,0.053949590504950275,0.45281120189831425,1.017858269083223,0.0
40C__aluminum_trial_5,aluminum,40C,5,44,9.726293706294577e-06,-9.726293706294577e-06,9.970742215539667e-06,9.726304115241316e-06,0.5475476915515307,0.06041938307958554,0.5211434130845702,1.2195430420968916,0.0
40C__aluminum_trial_6,aluminum,40C,6,42,9.55622377622463e-06,-9.55622377622463e-06,9.84955269410677e-06,9.556215758808594e-06,0.3502675800989095,0.040929137408954444,0.281675780231247,1.0077522812108508,0.0
40C__aluminum_trial_6,aluminum,40C,6,43,9.55622377622463e-06,-9.55622377622463e-06,9.84955269410677e-06,9.556215758808594e-06,0.5366909702055178,0.05394957142434901,0.4528111814297295,1.017857935084949,0.0
40C__aluminum_trial_6,aluminum,40C,6,44,9.55622377622463e-06,-9.55622377622463e-06,9.84955269410677e-06,9.556215758808594e-06,0.5475476965687549,0.06041938753472551,0.521143414923528,1.2195430428527312,0.0
40C__bismuth_trial_1,bismuth,40C,1,42,8.442237762238064e-06,-8.442237762238064e-06,9.800283749863931e-06,8.442231835998007e-06,0.3502973727099097,0.040321839837277745,0.2816025818593561,1.0077528699435252,0.0
40C__bismuth_trial_1,bismuth,40C,1,43,8.442237762238064e-06,-8.442237762238064e-06,9.800283749863931e-06,8.442231835998007e-06,0.5370919722413051,0.05318611728618035,0.4530300026012261,1.0178578203898507,0.0
40C__bismuth_trial_1,bismuth,40C,1,44,8.442237762238064e-06,-8.442237762238064e-06,9.800283749863931e-06,8.442231835998007e-06,0.5479300541812211,0.059513653258883935,0.5215000765732388,1.2195448330979912,0.0
40C__bismuth_trial_2,bismuth,40C,2,42,8.17482517482572e-06,-8.17482517482572e-06,8.428251748251893e-06,8.174849879214483e-06,0.3502676197168881,0.04092908184150908,0.28167576611238104,1.0077499614297056,0.0
40C__bismuth_trial_2,bismuth,40C,2,43,8.17482517482572e-06,-8.17482517482572e-06,8.428251748251893e-06,8.174849879214483e-06,0.536690802950187,0.05394953683969546,0.45281098966803274,1.0178569585534463,0.0
40C__bismuth_trial_2,bismuth,40C,2,44,8.17482517482572e-06,-8.17482517482572e-06,8.428251748251893e-06,8.174849879214483e-06,0.5475477757283709,0.06041944719875638,0.5211434533914633,1.219544249606732,0.0
40C__bismuth_trial_3,bismuth,40C,3,42,7.157062937063804e-06,-7.157062937063804e-06,7.317052695205239e-06,7.1570891288731216e-06,0.3502972888310111,0.04032158605205084,0.2816025110888662,1.0077486148922137,0.0
40C__bismuth_trial_3,bismuth,40C,3,43,7.157062937063804e-06,-7.157062937063804e-06,7.317052695205239e-06,7.1570891288731216e-06,0.5370919976625623,0.053186024724519484,0.4530300049069911,1.0178563430618024,0.0
40C__bismuth_trial_3,bismuth,40C,3,44,7.157062937063804e-06,-7.157062937063804e-06,7.317052695205239e-06,7.1570891288731216e-06,0.5479300071194501,0.05951367820674379,0.5215000552248209,1.2195445108596628,0.0
40C__bismuth_trial_4,bismuth,40C,4,42,8.92741258741339e-06,-8.92741258741339e-06,9.31102696397415e-06,8.927407513381256e-06,0.350297342086572,0.04032183095193307,0.2816025764257998,1.007753375520714,0.0
40C__bismuth_trial_4,bismuth,40C,4,43,8.92741258741339e-06,-8.92741258741339e-06,9.31102696397415e-06,8.927407513381256e-06,0.5370920518036287,0.05318612676399222,0.4530300900796469,1.0178580711031242,0.0
40C__bismuth_trial_4,bismuth,40C,4,44,8.92741258741339e-06,-8.92741258741339e-06,9.31102696397415e-06,8.927407513381256e-06,0.5479300109259095,0.059513625590432905,0.5215000553022655,1.2195436248566196,0.0
40C__bismuth_trial_5,bismuth,40C,5,42,8.784335664336457e-06,-8.784335664336457e-06,9.639160839160655e-06,8.784296091353497e-06,0.3502675994730161,0.04092905247200929,0.28167576464248295,1.0077506841286101,0.0
40C__bismuth_trial_5,bismuth,40C,5,43,8.784335664336457e-06,-8.784335664336457e-06,9.639160839160655e-06,8.784296091353497e-06,0.5366908674428204,0.05394953161782866,0.45281106398238363,1.017857105426519,0.0
40C__bismuth_trial_5,bismuth,40C,5,44,8.784335664336457e-06,-8.784335664336457e-06,9.639160839160655e-06,8.784296091353497e-06,0.5475477410258482,0.06041941408787389,0.5211434347302276,1.219543325674875,0.0
40C__bismuth_trial_6,bismuth,40C,6,42,8.983076923077776e-06,-8.983076923077776e-06,1.0433823879202348e-05,8.98322350570033e-06,0.3502973403798446,0.040321932377903415,0.2816025876523919,1.0077545753400634,0.0
40C__bismuth_trial_6,bismuth,40C,6,43,8.983076923077776e-06,-8.983076923077776e-06,1.0433823879202348e-05,8.98322350570033e-06,0.5370920831194756,0.05318617350147201,0.45303012407352616,1.0178587222156383,0.0
40C__bismuth_trial_6,bismuth,40C,6,44,8.983076923077776e-06,-8.983076923077776e-06,1.0433823879202348e-05,8.98322350570033e-06,0.5479300011979051,0.05951362962085105,0.5215000535141343,1.2195440155990456,0.0
40C__graphite_trial_1,graphite,40C,1,42,1.0312027972028616e-05,-1.0312027972028616e-05,1.119691983346587e-05,1.031207261707246e-05,0.3502676667150478,0.04092940963648349,0.28167584681791513,1.0077560472655862,0.0
40C__graphite_trial_1,graphite,40C,1,43,1.0312027972028616e-05,-1.0312027972028616e-05,1.119691983346587e-05,1.031207261707246e-05,0.5366909172925031,0.0539496745351149,0.4528111440112128,1.0178593768069855,0.0
40C__graphite_trial_1,graphite,40C,1,44,1.0312027972028616e-05,-1.0312027972028616e-05,1.119691983346587e-05,1.031207261707246e-05,0.5475477559575658,0.06041938265233974,0.5211434440470474,1.2195436516784541,0.0
40C__graphite_trial_2,graphite,40C,2,42,9.416223776225027e-06,-9.416223776225027e-06,1.0094387405312848e-05,9.416326458718519e-06,0.35029736433131575,0.04032190111671101,0.28160259977908303,1.0077547357349832,0.0
40C__graphite_trial_2,graphite,40C,2,43,9.416223776225027e-06,-9.416223776225027e-06,1.0094387405312848e-05,9.416326458718519e-06,0.537092056490207,0.05318614372875001,0.4530301039610753,1.0178585124384762,0.0
40C__graphite_trial_2,graphite,40C,2,44,9.416223776225027e-06,-9.416223776225027e-06,1.0094387405312848e-05,9.416326458718519e-06,0.5479300194460126,0.059513616790938605,0.5215000593593014,1.2195444230055597,0.0
40C__graphite_trial_3,graphite,40C,3,42,9.175944055944902e-06,-9.175944055944902e-06,1.0262006900663242e-05,9.17591167149431e-06,0.3502973463403674,0.040321911524197285,0.2816025914079592,1.007754470789138,0.0
40C__graphite_trial_3,graphite,40C,3,43,9.175944055944902e-06,-9.175944055944902e-06,1.0262006900663242e-05,9.17591167149431e-06,0.5370920790415357,0.05318615639722638,0.45303012301901435,1.0178586091512063,0.0
40C__graphite_trial_3,graphite,40C,3,44,9.175944055944902e-06,-9.175944055944902e-06,1.0262006900663242e-05,9.17591167149431e-06,0.5479300045368666,0.059513623759819646,0.521500054051866,1.2195442177468374,0.0
40C__graphite_trial_4,graphite,40C,4,42,9.04979020979128e-06,-9.04979020979128e-06,8.927219166196055e-06,9.049695201061109e-06,0.35026761797223877,0.040929155640604446,0.2816757877256222,1.0077518109311925,0.0
40C__graphite_trial_4,graphite,40C,4,43,9.04979020979128e-06,-9.04979020979128e-06,8.927219166196055e-06,9.049695201061109e-06,0.5366908766136999,0.05394956809026432,0.45281107927735853,1.0178577491597511,0.0
40C__graphite_trial_4,graphite,40C,4,44,9.04979020979128e-06,-9.04979020979128e-06,8.927219166196055e-06,9.049695201061109e-06,0.5475477474266889,0.06041941516053227,0.5211434395277554,1.2195439107605872,0.0
40C__graphite_trial_5,graphite,40C,5,42,8.593566433567142e-06,-8.593566433567142e-06,9.571854539535372e-06,8.624318868080597e-06,0.3502973340335923,0.040321738459947146,0.2816025579413481,1.007751327965539,0.0
40C__graphite_trial_5,graphite,40C,5,43,8.593566433567142e-06,-8.593566433567142e-06,9.571854539535372e-06,8.624318868080597e-06,0.5370920231085364,0.05318608679606783,0.4530300555142314,1.0178574695790852,0.0
40C__graphite_trial_5,graphite,40C,5,44,8.593566433567142e-06,-8.593566433567142e-06,9.571854539535372e-06,8.624318868080597e-06,0.5479300147082968,0.059513620818545096,0.5215000554686567,1.2195418538296894,0.0
40C__graphite_trial_6,graphite,40C,6,42,9.55370629370715e-06,-9.55370629370715e-06,9.807134414984483e-06,9.553578921171482e-06,0.35029732593784085,0.04032175467142335,0.28160257296275715,1.0077531838406526,0.0
40C__graphite_trial_6,graphite,40C,6,43,9.55370629370715e-06,-9.55370629370715e-06,9.807134414984483e-06,9.553578921171482e-06,0.5370920981490025,0.05318608838815967,0.4530301459835722,1.0178577994067943,0.0
40C__graphite_trial_6,graphite,40C,6,44,9.55370629370715e-06,-9.55370629370715e-06,9.807134414984483e-06,9.553578921171482e-06,0.5479299850834712,0.05951359653584938,0.5215000402364875,1.2195431519801165,0.0
40C__cement_trial_1,cement,40C,1,42,4.084055944056472e-06,-4.084055944056472e-06,3.507972027971396e-06,4.084051871895949e-06,0.3502677441080528,0.04092846103712848,0.2816756805026988,1.007737893415827,0.0
40C__cement_trial_1,cement,40C,1,43,4.084055944056472e-06,-4.084055944056472e-06,3.507972027971396e-06,4.084051871895949e-06,0.5366901849852501,0.05394920835065033,0.4528102923822025,1.017851275681973,0.0
40C__cement_trial_1,cement,40C,1,44,4.084055944056472e-06,-4.084055944056472e-06,3.507972027971396e-06,4.084051871895949e-06,0.5475480466785758,0.06041960053596072,0.5211435721317118,1.2195467851961455,0.0
40C__cement_trial_2,cement,40C,2,42,3.3627972027979423e-06,-3.3627972027979423e-06,2.324006525687177e-06,3.362811340013274e-06,0.35029744904235116,0.04032097153228157,0.2816024451007645,1.00773670083632,0.0
40C__cement_trial_2,cement,40C,2,43,3.3627972027979423e-06,-3.3627972027979423e-06,2.324006525687177e-06,3.362811340013274e-06,0.5370913419905556,0.053185690262739595,0.4530292753933179,1.0178505238817697,0.0
40C__cement_trial_2,cement,40C,2,44,3.3627972027979423e-06,-3.3627972027979423e-06,2.324006525687177e-06,3.362811340013274e-06,0.5479303066209665,0.05951382194261333,0.5215001849149814,1.2195467128192883,0.0
40C__cement_trial_3,cement,40C,3,42,3.398881118881576e-06,-3.398881118881576e-06,2.3586098040458484e-06,3.3988688054376518e-06,0.35029744501310744,0.040320959325336816,0.28160244335105467,1.0077366127232725,0.0
40C__cement_trial_3,cement,40C,3,43,3.398881118881576e-06,-3.398881118881576e-06,2.3586098040458484e-06,3.3988688054376518e-06,0.5370913489481851,0.053185685009723295,0.4530292828254174,1.0178504823269856,0.0
40C__cement_trial_3,cement,40C,3,44,3.398881118881576e-06,-3.398881118881576e-06,2.3586098040458484e-06,3.3988688054376518e-06,0.547930302160527,0.059513819927024834,0.5215001826205945,1.2195467106042521,0.0
40C__cement_trial_4,cement,40C,4,42,4.399580419581412e-06,-4.399580419581412e-06,3.7880322408707923e-06,4.399600055602947e-06,0.35029745198417206,0.04032110089215531,0.2816024733317139,1.0077393684571374,0.0
40C__cement_trial_4,cement,40C,4,43,4.399580419581412e-06,-4.399580419581412e-06,3.7880322408707923e-06,4.399600055602947e-06,0.5370914235084878,0.05318575043288267,0.45302937555733847,1.0178516099172161,0.0
40C__cement_trial_4,cement,40C,4,44,4.399580419581412e-06,-4.399580419581412e-06,3.7880322408707923e-06,4.399600055602947e-06,0.5479302786855229,0.05951378609438003,0.5215001716956985,1.2195460804301943,0.0
40C__cement_trial_5,cement,40C,5,42,4.533706293706821e-06,-4.533706293706821e-06,3.8885484263635764e-06,4.533695036255527e-06,0.3502974489506622,0.04032116203108781,0.28160248072509186,1.0077402058870026,0.0
40C__cement_trial_5,cement,40C,5,43,4.533706293706821e-06,-4.533706293706821e-06,3.8885484263635764e-06,4.533695036255527e-06,0.5370914515990153,0.053185780176846206,0.45302940685541476,1.0178520565435099,0.0
40C__cement_trial_5,cement,40C,5,44,4.533706293706821e-06,-4.533706293706821e-06,3.8885484263635764e-06,4.533695036255527e-06,0.54793026815328,0.05951378341485786,0.521500168075699,1.2195461249709596,0.0
40C__cement_trial_6,cement,40C,6,42,3.908111888112332e-06,-3.908111888112332e-06,3.0237732223884622e-06,3.9080523585047496e-06,0.3502677125825558,0.04092840462629678,0.281675662228413,1.0077369680248371,0.0
40C__cement_trial_6,cement,40C,6,43,3.908111888112332e-06,-3.908111888112332e-06,3.0237732223884622e-06,3.9080523585047496e-06,0.5366902205796549,0.05394919217171901,0.45281032459640036,1.017851073651231,0.0
40C__cement_trial_6,cement,40C,6,44,3.908111888112332e-06,-3.908111888112332e-06,3.0237732223884622e-06,3.9080523585047496e-06,0.5475480194929094,0.06041959937764577,0.5211435596520527,1.2195464096138116,0.0
40C__copper_trial_1,copper,40C,1,42,8.400979020979507e-06,-8.400979020979507e-06,9.503216783216914e-06,8.400943732204811e-06,0.35029727307342173,0.04032181862768659,0.2816025480566053,1.0077526715106302,0.0
40C__copper_trial_1,copper,40C,1,43,8.400979020979507e-06,-8.400979020979507e-06,9.503216783216914e-06,8.400943732204811e-06,0.5370921517001326,0.05318613510111779,0.4530301830569402,1.0178582016075726,0.0
40C__copper_trial_1,copper,40C,1,44,8.400979020979507e-06,-8.400979020979507e-06,9.503216783216914e-06,8.400943732204811e-06,0.547929947668897,0.05951364075493959,0.5215000304708692,1.2195442807020158,0.0
40C__copper_trial_2,copper,40C,2,42,7.881538461539735e-06,-7.881538461539735e-06,7.967508487589925e-06,7.881584895468712e-06,0.35026751877265844,0.04092891275315928,0.28167571342792624,1.0077478524495846,0.0
40C__copper_trial_2,copper,40C,2,43,7.881538461539735e-06,-7.881538461539735e-06,7.967508487589925e-06,7.881584895468712e-06,0.5366909357090718,0.05394948570755777,0.45281111658047524,1.0178564164793322,0.0
40C__copper_trial_2,copper,40C,2,44,7.881538461539735e-06,-7.881538461539735e-06,7.967508487589925e-06,7.881584895468712e-06,0.5475476821839322,0.06041943584129039,0.5211434101414602,1.2195435167542215,0.0
40C__copper_trial_3,copper,40C,3,42,7.94405594405675e-06,-7.94405594405675e-06,8.783143646139309e-06,7.94401249362688e-06,0.3502674836932036,0.040929020588814514,0.2816757131811987,1.0077495675313835,0.0
40C__copper_trial_3,copper,40C,3,43,7.94405594405675e-06,-7.94405594405675e-06,8.783143646139309e-06,7.94401249362688e-06,0.5366910301640302,0.053949554865996105,0.4528112140109785,1.0178573630961154,0.0
40C__copper_trial_3,copper,40C,3,44,7.94405594405675e-06,-7.94405594405675e-06,8.783143646139309e-06,7.94401249362688e-06,0.5475476342940309,0.06041942848675726,0.5211433911351973,1.2195431022345564,0.0
40C__copper_trial_4,copper,40C,4,42,8.784335664336566e-06,-8.784335664336566e-06,8.910489510489736e-06,8.784245560118544e-06,0.35029732935319796,0.0403217781361348,0.281602567251249,1.0077526024881869,0.0
40C__copper_trial_4,copper,40C,4,43,8.784335664336566e-06,-8.784335664336566e-06,8.910489510489736e-06,8.784245560118544e-06,0.5370920580438581,0.0531860983308111,0.4530300938726303,1.017857780110986,0.0
40C__copper_trial_4,copper,40C,4,44,8.784335664336566e-06,-8.784335664336566e-06,8.910489510489736e-06,8.784245560118544e-06,0.547930002921637,0.059513630689120134,0.5215000517255957,1.2195441838809824,0.0
40C__copper_trial_5,copper,40C,5,42,8.640979020979492e-06,-8.640979020979492e-06,9.497674477168716e-06,8.640967000389056e-06,0.35026760627020287,0.04092918650613175,0.2816757813785466,1.0077518153587615,0.0
40C__copper_trial_5,copper,40C,5,43,8.640979020979492e-06,-8.640979020979492e-06,9.497674477168716e-06,8.640967000389056e-06,0.5366908828262958,0.05394958625057884,0.4528110794605711,1.0178578572306736,0.0
40C__copper_trial_5,copper,40C,5,44,8.640979020979492e-06,-8.640979020979492e-06,9.497674477168716e-06,8.640967000389056e-06,0.5475477422523247,0.06041943277542626,0.5211434398557028,1.2195444616435318,0.0
40C__copper_trial_6,copper,40C,6,42,8.81258741258805e-06,-8.81258741258805e-06,9.796363636363961e-06,8.812630560526048e-06,0.3502973312110613,0.04032185613978352,0.2816025763651297,1.0077535878045492,0.0
40C__copper_trial_6,copper,40C,6,43,8.81258741258805e-06,-8.81258741258805e-06,9.796363636363961e-06,8.812630560526048e-06,0.5370920750950601,0.05318613479132515,0.4530301126268675,1.0178582734512513,0.0
40C__copper_trial_6,copper,40C,6,44,8.81258741258805e-06,-8.81258741258805e-06,9.796363636363961e-06,8.812630560526048e-06,0.5479299990624311,0.059513633696970006,0.5215000518244489,1.2195444801382616,0.0
40C__cork_trial_1,cork,40C,1,42,6.085314685320845e-07,-6.085314685320845e-07,5.350697602625291e-07,6.08543219193081e-07,0.35029752355419,0.04032073192267832,0.281602402446853,1.0077306598010423,0.0
40C__cork_trial_1,cork,40C,1,43,6.085314685320845e-07,-6.085314685320845e-07,5.350697602625291e-07,6.08543219193081e-07,0.5370909912349812,0.053185571523874195,0.45302887476482373,1.0178479691585909,0.0
40C__cork_trial_1,cork,40C,1,44,6.085314685320845e-07,-6.085314685320845e-07,5.350697602625291e-07,6.08543219193081e-07,0.54793046286856,0.05951391837304709,0.5215002562736184,1.2195475478785611,0.0
40C__cork_trial_2,cork,40C,2,42,6.401398601406068e-07,-6.401398601406068e-07,7.229861464551693e-07,6.401369742628147e-07,0.350297510775612,0.040320730231302414,0.28160239848681096,1.007730709390104,0.0
40C__cork_trial_2,cork,40C,2,43,6.401398601406068e-07,-6.401398601406068e-07,7.229861464551693e-07,6.401369742628147e-07,0.5370910162410822,0.05318557517968085,0.45302890046082833,1.0178480418909472,0.0
40C__cork_trial_2,cork,40C,2,44,6.401398601406068e-07,-6.401398601406068e-07,7.229861464551693e-07,6.401369742628147e-07,0.5479304482956978,0.05951391468382962,0.5215002497554008,1.2195474460923568,0.0
40C__cork_trial_3,cork,40C,3,42,4.893706293718127e-07,-4.893706293718127e-07,3.981351981352174e-07,4.893709584947755e-07,0.350297523448512,0.04032071451821099,0.28160239923607705,1.0077303795663273,0.0
40C__cork_trial_3,cork,40C,3,43,4.893706293718127e-07,-4.893706293718127e-07,3.981351981352174e-07,4.893709584947755e-07,0.5370909812894819,0.05318556346043642,0.4530288626380899,1.0178478508537088,0.0
40C__cork_trial_3,cork,40C,3,44,4.893706293718127e-07,-4.893706293718127e-07,3.981351981352174e-07,4.893709584947755e-07,0.5479304660920841,0.059513922126372854,0.5215002576986194,1.219547631961837,0.0
40C__cork_trial_4,cork,40C,4,42,5.493706293708059e-07,-5.493706293708059e-07,5.847409594002609e-07,5.493685623651061e-07,0.3502975499608963,0.04032071314866735,0.2816024081587076,1.0077302719576346,0.0
40C__cork_trial_4,cork,40C,4,43,5.493706293708059e-07,-5.493706293708059e-07,5.847409594002609e-07,5.493685623651061e-07,0.537090934476438,0.053185555546380624,0.4530288161946415,1.017847718656096,0.0
40C__cork_trial_4,cork,40C,4,44,5.493706293708059e-07,-5.493706293708059e-07,5.847409594002609e-07,5.493685623651061e-07,0.5479304938646511,0.0595139231818287,0.5215002693500848,1.2195476619928902,0.0
40C__cork_trial_5,cork,40C,5,42,6.008391608401144e-07,-6.008391608401144e-07,5.744799279777148e-07,6.008284311856968e-07,0.35029754865766305,0.04032072893338502,0.281602410001216,1.0077305445458697,0.0
40C__cork_trial_5,cork,40C,5,43,6.008391608401144e-07,-6.008391608401144e-07,5.744799279777148e-07,6.008284311856968e-07,0.537090943294445,0.05318556311638563,0.453028826111572,1.0178478222579053,0.0
40C__cork_trial_5,cork,40C,5,44,6.008391608401144e-07,-6.008391608401144e-07,5.744799279777148e-07,6.008284311856968e-07,0.5479304905580191,0.059513922172921715,0.5215002681427979,1.219547652719509,0.0
40C__cork_trial_6,cork,40C,6,42,6.358041958048075e-07,-6.358041958048075e-07,5.256638603296843e-07,6.357971382553071e-07,0.3502678539123635,0.040928093125469,0.28167562165708765,1.0077295043496526,0.0
40C__cork_trial_6,cork,40C,6,43,6.358041958048075e-07,-6.358041958048075e-07,5.256638603296843e-07,6.357971382553071e-07,0.5366896871834282,0.05394901909753282,0.4528097294230604,1.0178474596333096,0.0
40C__cork_trial_6,cork,40C,6,44,6.358041958048075e-07,-6.358041958048075e-07,5.256638603296843e-07,6.357971382553071e-07,0.5475482704767793,0.0604197274262623,0.5211436726895979,1.219548026213024,0.0
40C__gypsum_trial_1,gypsum,40C,1,42,8.634965034970974e-07,-8.634965034970974e-07,6.493003058484666e-07,8.63493189481308e-07,0.35029753733032537,0.0403207486597976,0.281602412762158,1.0077310927534302,0.0
40C__gypsum_trial_1,gypsum,40C,1,43,8.634965034970974e-07,-8.634965034970974e-07,6.493003058484666e-07,8.63493189481308e-07,0.5370909844154681,0.05318557344624827,0.4530288720772968,1.0178480772549565,0.0
40C__gypsum_trial_1,gypsum,40C,1,44,8.634965034970974e-07,-8.634965034970974e-07,6.493003058484666e-07,8.63493189481308e-07,0.547930471027554,0.0595139126158971,0.5215002593222771,1.2195476434654346,0.0
40C__gypsum_trial_2,gypsum,40C,2,42,1.224615384615743e-06,-1.224615384615743e-06,9.683916083922472e-07,1.224617260348387e-06,0.3502975325926081,0.0403207960166607,0.2816024210992274,1.007732114036235,0.0
40C__gypsum_trial_2,gypsum,40C,2,43,1.224615384615743e-06,-1.224615384615743e-06,9.683916083922472e-07,1.224617260348387e-06,0.53709102408297,0.05318559606808335,0.4530289184305222,1.0178484773813858,0.0
40C__gypsum_trial_2,gypsum,40C,2,44,1.224615384615743e-06,-1.224615384615743e-06,9.683916083922472e-07,1.224617260348387e-06,0.5479304551867527,0.05951390035942293,0.5215002522608904,1.219547473569167,0.0
40C__gypsum_trial_3,gypsum,40C,3,42,1.5286713286723295e-06,-1.5286713286723295e-06,1.3103394402736585e-06,1.528681235770258e-06,0.35026780086741577,0.0409281829976376,0.28167562941571683,1.0077316197495056,0.0
40C__gypsum_trial_3,gypsum,40C,3,43,1.5286713286723295e-06,-1.5286713286723295e-06,1.3103394402736585e-06,1.528681235770258e-06,0.5366898626710618,0.05394907403581119,0.4528099220974469,1.017848645457752,0.0
40C__gypsum_trial_3,gypsum,40C,3,44,1.5286713286723295e-06,-1.5286713286723295e-06,1.3103394402736585e-06,1.528681235770258e-06,0.5475481841365629,0.060419688583768824,0.5211436340427659,1.219547388198453,0.0
40C__gypsum_trial_4,gypsum,40C,4,42,1.7447552447559782e-06,-1.7447552447559782e-06,1.5526028127289991e-06,1.7447410530995502e-06,0.350267777986785,0.040928221755985615,0.2816756295710423,1.0077324452122658,0.0
40C__gypsum_trial_4,gypsum,40C,4,43,1.7447552447559782e-06,-1.7447552447559782e-06,1.5526028127289991e-06,1.7447410530995502e-06,0.5366899271390871,0.053949096877646596,0.4528099911665506,1.0178490068572603,0.0
40C__gypsum_trial_4,gypsum,40C,4,44,1.7447552447559782e-06,-1.7447552447559782e-06,1.5526028127289991e-06,1.7447410530995502e-06,0.5475481525052223,0.06041968104652974,0.5211436207249261,1.2195474248858795,0.0
40C__gypsum_trial_5,gypsum,40C,5,42,3.2892307692309426e-06,-3.2892307692309426e-06,3.3124786904116348e-06,3.289227657776727e-06,0.35026774758676654,0.04092838138458179,0.2816756594874829,1.0077360757642375,0.0
40C__gypsum_trial_5,gypsum,40C,5,43,3.2892307692309426e-06,-3.2892307692309426e-06,3.3124786904116348e-06,3.289227657776727e-06,0.5366901113973551,0.053949179709124793,0.4528102039466893,1.017850612616704,0.0
40C__gypsum_trial_5,gypsum,40C,5,44,3.2892307692309426e-06,-3.2892307692309426e-06,3.3124786904116348e-06,3.289227657776727e-06,0.5475480731411165,0.06041962178194478,0.5211435839873192,1.2195463080221427,0.0
40C__gypsum_trial_6,gypsum,40C,6,42,3.4647552447549792e-06,-3.4647552447549792e-06,3.5227351422204276e-06,3.4647927864634458e-06,0.3502974813869863,0.04032109918984755,0.28160246844498255,1.0077381527709675,0.0
40C__gypsum_trial_6,gypsum,40C,6,43,3.4647552447549792e-06,-3.4647552447549792e-06,3.5227351422204276e-06,3.4647927864634458e-06,0.5370913161850844,0.05318574698888793,0.45302925250070597,1.0178512257815262,0.0
40C__gypsum_trial_6,gypsum,40C,6,44,3.4647552447549792e-06,-3.4647552447549792e-06,3.5227351422204276e-06,3.4647927864634458e-06,0.5479303308040109,0.059513823498484886,0.5215001974136476,1.219546611280395,0.0
40C__iron_trial_1,iron,40C,1,42,8.65818181818251e-06,-8.65818181818251e-06,8.63618174542605e-06,8.65818765679291e-06,0.35029728334171084,0.040321759496329775,0.2816025485106117,1.0077522919279063,0.0
40C__iron_trial_1,iron,40C,1,43,8.65818181818251e-06,-8.65818181818251e-06,8.63618174542605e-06,8.65818765679291e-06,0.5370921319909208,0.053186104799646174,0.4530301663005545,1.0178578692625706,0.0
40C__iron_trial_1,iron,40C,1,44,8.65818181818251e-06,-8.65818181818251e-06,8.63618174542605e-06,8.65818765679291e-06,0.5479299568249787,0.059513627128461324,0.5215000318034392,1.219543787071828,0.0
40C__iron_trial_2,iron,40C,2,42,8.070209790210698e-06,-8.070209790210698e-06,9.253211774220506e-06,8.070237423915274e-06,0.3502972429826433,0.040321790392683805,0.2816025310933851,1.0077521379830772,0.0
40C__iron_trial_2,iron,40C,2,43,8.070209790210698e-06,-8.070209790210698e-06,9.253211774220506e-06,8.070237423915274e-06,0.5370921835059503,0.05318613225185905,0.45303020963296675,1.0178581290850088,0.0
40C__iron_trial_2,iron,40C,2,44,8.070209790210698e-06,-8.070209790210698e-06,9.253211774220506e-06,8.070237423915274e-06,0.5479299233568152,0.05951364733831656,0.5215000205155101,1.219544323460329,0.0
40C__iron_trial_3,iron,40C,3,42,7.849510489511217e-06,-7.849510489511217e-06,9.146573426574943e-06,7.849410426871055e-06,0.35029722837427374,0.04032177576327879,0.2816025216020989,1.007751645926833,0.0
40C__iron_trial_3,iron,40C,3,43,7.849510489511217e-06,-7.849510489511217e-06,9.146573426574943e-06,7.849410426871055e-06,0.5370921948427682,0.05318613066859988,0.4530302174244375,1.0178580484264037,0.0
40C__iron_trial_3,iron,40C,3,44,7.849510489511217e-06,-7.849510489511217e-06,9.146573426574943e-06,7.849410426871055e-06,0.547929913341793,0.0595136530598537,0.5215000166695926,1.2195442905861953,0.0
40C__iron_trial_4,iron,40C,4,42,1.0004055944056009e-05,-1.0004055944056009e-05,1.0599764381276936e-05,1.0004158812746651e-05,0.3502973154275153,0.04032198272422359,0.2816026003429114,1.0077564179891343,0.0
40C__iron_trial_4,iron,40C,4,43,1.0004055944056009e-05,-1.0004055944056009e-05,1.0599764381276936e-05,1.0004158812746651e-05,0.5370921991921371,0.053186199866790386,0.45303025801013574,1.0178594730603774,0.0
40C__iron_trial_4,iron,40C,4,44,1.0004055944056009e-05,-1.0004055944056009e-05,1.0599764381276936e-05,1.0004158812746651e-05,0.5479299477517042,0.05951358960714172,0.5215000278246407,1.2195434742213629,0.0
40C__iron_trial_5,iron,40C,5,42,9.919160839161703e-06,-9.919160839161703e-06,9.907424186517046e-06,9.919050522672178e-06,0.35026758015741183,0.04092926249086006,0.2816757994552718,1.0077540959147433,0.0
40C__iron_trial_5,iron,40C,5,43,9.919160839161703e-06,-9.919160839161703e-06,9.907424186517046e-06,9.919050522672178e-06,0.5366910227760578,0.05394963019422146,0.45281124199458667,1.0178588578302852,0.0
40C__iron_trial_5,iron,40C,5,44,9.919160839161703e-06,-9.919160839161703e-06,9.907424186517046e-06,9.919050522672178e-06,0.5475476792462923,0.060419379335866975,0.521143409083152,1.2195431827173064,0.0
40C__iron_trial_6,iron,40C,6,42,9.939580419580929e-06,-9.939580419580929e-06,1.0270590248600154e-05,9.939466539014192e-06,0.35026758114491,0.04092925666060458,0.28167579873570053,1.0077541258333673,0.0
40C__iron_trial_6,iron,40C,6,43,9.939580419580929e-06,-9.939580419580929e-06,1.0270590248600154e-05,9.939466539014192e-06,0.536691019632684,0.05394962877934192,0.452811238988045,1.0178588090670524,0.0
40C__iron_trial_6,iron,40C,6,44,9.939580419580929e-06,-9.939580419580929e-06,1.0270590248600154e-05,9.939466539014192e-06,0.5475476805768564,0.06041937753637235,0.521143409259261,1.2195429502180801,0.0
40C__nickel_trial_1,nickel,40C,1,42,8.785734265735106e-06,-8.785734265735106e-06,9.661766804623524e-06,8.785811166449599e-06,0.3502973017700723,0.04032184104297625,0.28160256535519074,1.0077533786444794,0.0
40C__nickel_trial_1,nickel,40C,1,43,8.785734265735106e-06,-8.785734265735106e-06,9.661766804623524e-06,8.785811166449599e-06,0.5370921252109305,0.05318613497008897,0.45303016268542445,1.0178583052749903,0.0
40C__nickel_trial_1,nickel,40C,1,44,8.785734265735106e-06,-8.785734265735106e-06,9.661766804623524e-06,8.785811166449599e-06,0.547929968808888,0.05951363122970813,0.5215000386854574,1.2195444225240877,0.0
40C__nickel_trial_2,nickel,40C,2,42,9.03020979021031e-06,-9.03020979021031e-06,9.432727272727291e-06,9.030080223453667e-06,0.3502973263846091,0.04032182368269246,0.28160257487191,1.0077533643844376,0.0
40C__nickel_trial_2,nickel,40C,2,43,9.03020979021031e-06,-9.03020979021031e-06,9.432727272727291e-06,9.030080223453667e-06,0.5370920882639945,0.05318611755531687,0.45303012894154804,1.0178581055260372,0.0
40C__nickel_trial_2,nickel,40C,2,44,9.03020979021031e-06,-9.03020979021031e-06,9.432727272727291e-06,9.030080223453667e-06,0.5479299918866877,0.05951362535164033,0.5215000473728814,1.2195444342438717,0.0
40C__nickel_trial_3,nickel,40C,3,42,8.496923076923473e-06,-8.496923076923473e-06,9.123356643355872e-06,8.496930275419533e-06,0.35029727396073074,0.04032179224328243,0.281602547026637,1.0077523970034523,0.0
40C__nickel_trial_3,nickel,40C,3,43,8.496923076923473e-06,-8.496923076923473e-06,9.123356643355872e-06,8.496930275419533e-06,0.5370921491536966,0.053186122733439076,0.4530301815752794,1.0178580827329098,0.0
40C__nickel_trial_3,nickel,40C,3,44,8.496923076923473e-06,-8.496923076923473e-06,9.123356643355872e-06,8.496930275419533e-06,0.5479299479010122,0.05951363499935368,0.5215000294699966,1.219544067908064,0.0
40C__nickel_trial_4,nickel,40C,4,42,9.57160839160922e-06,-9.57160839160922e-06,9.468962410139934e-06,9.57168848270444e-06,0.35029731923650426,0.04032185910524886,0.28160258300418567,1.007754404926418,0.0
40C__nickel_trial_4,nickel,40C,4,43,9.57160839160922e-06,-9.57160839160922e-06,9.468962410139934e-06,9.57168848270444e-06,0.537092138655227,0.053186138214785704,0.4530301886033704,1.0178585182764952,0.0
40C__nickel_trial_4,nickel,40C,4,44,9.57160839160922e-06,-9.57160839160922e-06,9.468962410139934e-06,9.57168848270444e-06,0.5479299700142315,0.05951360261109765,0.5215000364009699,1.2195436858007298,0.0
40C__nickel_trial_5,nickel,40C,5,42,9.666573426574425e-06,-9.666573426574425e-06,9.709090909091993e-06,9.666634436143852e-06,0.35026758914005046,0.0409292107318938,0.2816757928330029,1.007753175426369,0.0
40C__nickel_trial_5,nickel,40C,5,43,9.666573426574425e-06,-9.666573426574425e-06,9.709090909091993e-06,9.666634436143852e-06,0.5366909782979528,0.05394960328276238,0.45281119237260137,1.0178583934492598,0.0
40C__nickel_trial_5,nickel,40C,5,44,9.666573426574425e-06,-9.666573426574425e-06,9.709090909091993e-06,9.666634436143852e-06,0.5475476986956839,0.06041938856643346,0.5211434172361545,1.219543233116583,0.0
40C__nickel_trial_6,nickel,40C,6,42,9.742377622378655e-06,-9.742377622378655e-06,9.7216508981216e-06,9.742358240755499e-06,0.3502973160963163,0.040321891674923685,0.2816025878541556,1.007755081295494,0.0
40C__nickel_trial_6,nickel,40C,6,43,9.742377622378655e-06,-9.742377622378655e-06,9.7216508981216e-06,9.742358240755499e-06,0.537092162024682,0.053186155161563865,0.4530302152805881,1.0178588176687458,0.0
40C__nickel_trial_6,nickel,40C,6,44,9.742377622378655e-06,-9.742377622378655e-06,9.7216508981216e-06,9.742358240755499e-06,0.547929960229321,0.05951359612794014,0.5215000321906589,1.2195435523337539,0.0
40C__pdms_trial_1,pdms,40C,1,42,1.712027972028407e-06,-1.712027972028407e-06,1.5356643356641622e-06,1.7120401417962852e-06,0.35029751945202464,0.04032086517259565,0.28160243113780253,1.0077334543605432,0.0
40C__pdms_trial_1,pdms,40C,1,43,1.712027972028407e-06,-1.712027972028407e-06,1.5356643356641622e-06,1.7120401417962852e-06,0.5370910925114691,0.0531856322605065,0.45302899608431463,1.0178491532089151,0.0
40C__pdms_trial_1,pdms,40C,1,44,1.712027972028407e-06,-1.712027972028407e-06,1.5356643356641622e-06,1.7120401417962852e-06,0.5479304249301562,0.05951388171558164,0.5215002388306389,1.2195471874787571,0.0
40C__pdms_trial_2,pdms,40C,2,42,1.8093706293712377e-06,-1.8093706293712377e-06,1.8184615384613207e-06,1.8093472739752615e-06,0.3502975146102388,0.04032089903990401,0.28160243435531995,1.0077340388844347,0.0
40C__pdms_trial_2,pdms,40C,2,43,1.8093706293712377e-06,-1.8093706293712377e-06,1.8184615384613207e-06,1.8093472739752615e-06,0.537091114954155,0.053185650416573714,0.45302902062223893,1.017849417234497,0.0
40C__pdms_trial_2,pdms,40C,2,44,1.8093706293712377e-06,-1.8093706293712377e-06,1.8184615384613207e-06,1.8093472739752615e-06,0.5479304154008291,0.05951387912653474,0.5215002351359793,1.2195471659313148,0.0
40C__pdms_trial_3,pdms,40C,3,42,1.6781818181822207e-06,-1.6781818181822207e-06,1.6190209790205938e-06,1.678181589321095e-06,0.35026776110242114,0.04092823887955243,0.2816756242086108,1.007732513712706,0.0
40C__pdms_trial_3,pdms,40C,3,43,1.6781818181822207e-06,-1.6781818181822207e-06,1.6190209790205938e-06,1.678181589321095e-06,0.5366899580930372,0.05394911331149556,0.45281002145822025,1.0178491986281932,0.0
40C__pdms_trial_3,pdms,40C,3,44,1.6781818181822207e-06,-1.6781818181822207e-06,1.6190209790205938e-06,1.678181589321095e-06,0.5475481343070643,0.06041967944579628,0.5211436132588102,1.2195470799849941,0.0
40C__pdms_trial_4,pdms,40C,4,42,2.1267132867144965e-06,-2.1267132867144965e-06,2.3583216783216646e-06,2.126712224975564e-06,0.3502975141045701,0.04032095761867223,0.28160244438430004,1.0077350719808766,0.0
40C__pdms_trial_4,pdms,40C,4,43,2.1267132867144965e-06,-2.1267132867144965e-06,2.3583216783216646e-06,2.126712224975564e-06,0.5370911467720696,0.053185677787040544,0.45302905845839114,1.0178498434531977,0.0
40C__pdms_trial_4,pdms,40C,4,44,2.1267132867144965e-06,-2.1267132867144965e-06,2.3583216783216646e-06,2.126712224975564e-06,0.5479304046027361,0.0595138700794575,0.5215002306688782,1.2195470224960467,0.0
40C__pdms_trial_5,pdms,40C,5,42,1.4377622377631082e-06,-1.4377622377631082e-06,1.5322346487940271e-06,1.4377552054746648e-06,0.35029752900865924,0.04032085275528868,0.28160242934886015,1.0077332469457476,0.0
40C__pdms_trial_5,pdms,40C,5,43,1.4377622377631082e-06,-1.4377622377631082e-06,1.5322346487940271e-06,1.4377552054746648e-06,0.5370910573086931,0.05318562458549453,0.4530289559105478,1.0178489607719055,0.0
40C__pdms_trial_5,pdms,40C,5,44,1.4377622377631082e-06,-1.4377622377631082e-06,1.5322346487940271e-06,1.4377552054746648e-06,0.54793044215154,0.05951389485230764,0.5215002471055301,1.2195474940262105,0.0
40C__pdms_trial_6,pdms,40C,6,42,1.4665734265741168e-06,-1.4665734265741168e-06,1.330303030303015e-06,1.4665774840999515e-06,0.3502677576057948,0.04092817709647573,0.2816756142564569,1.0077315969777885,0.0
40C__pdms_trial_6,pdms,40C,6,43,1.4665734265741168e-06,-1.4665734265741168e-06,1.330303030303015e-06,1.4665774840999515e-06,0.5366899387567428,0.05394908468376648,0.4528099977534166,1.0178488249500983,0.0
40C__pdms_trial_6,pdms,40C,6,44,1.4665734265741168e-06,-1.4665734265741168e-06,1.330303030303015e-06,1.4665774840999515e-06,0.5475481385077016,0.060419684151281995,0.5211436144192659,1.219547194068435,0.0
40C__ps_foam_trial_1,ps_foam,40C,1,42,2.7902097902174437e-07,-2.7902097902174437e-07,2.048497699186705e-07,2.872323936863804e-07,0.3502678097056086,0.04092804815295064,0.2816755986042713,1.0077285924162738,0.0
40C__ps_foam_trial_1,ps_foam,40C,1,43,2.7902097902174437e-07,-2.7902097902174437e-07,2.048497699186705e-07,2.872323936863804e-07,0.5366897402140729,0.05394901185211789,0.4528097766366803,1.0178473924877305,0.0
40C__ps_foam_trial_1,ps_foam,40C,1,44,2.7902097902174437e-07,-2.7902097902174437e-07,2.048497699186705e-07,2.872323936863804e-07,0.5475482316735358,0.0604197311796147,0.5211436561472476,1.2195477055059638,0.0
40C__ps_foam_trial_2,ps_foam,40C,2,42,2.681118881119396e-07,-2.681118881119396e-07,2.0019068895128778e-07,2.7947601942690743e-07,0.350297545919078,0.040320689351553134,0.2816024007975811,1.0077298421661436,0.0
40C__ps_foam_trial_2,ps_foam,40C,2,43,2.681118881119396e-07,-2.681118881119396e-07,2.0019068895128778e-07,2.7947601942690743e-07,0.5370909214605618,0.05318554563694573,0.453028798385816,1.0178475358928671,0.0
40C__ps_foam_trial_2,ps_foam,40C,2,44,2.681118881119396e-07,-2.681118881119396e-07,2.0019068895128778e-07,2.7947601942690743e-07,0.5479304968001263,0.05951393241567375,0.5215002711695298,1.2195478803983735,0.0
40C__ps_foam_trial_3,ps_foam,40C,3,42,2.909650349654713e-07,-2.904895104900978e-07,3.3681689847302914e-07,3.091466364371482e-07,0.35029755772052573,0.040320712797265554,0.2816024069629144,1.0077301111415111,0.0
40C__ps_foam_trial_3,ps_foam,40C,3,43,2.909650349654713e-07,-2.904895104900978e-07,3.3681689847302914e-07,3.091466364371482e-07,0.5370909060412996,0.053185554792086545,0.45302878336008584,1.01784763793509,0.0
40C__ps_foam_trial_3,ps_foam,40C,3,44,2.909650349654713e-07,-2.904895104900978e-07,3.3681689847302914e-07,3.091466364371482e-07,0.5479305076099245,0.05951393401051418,0.5215002761814794,1.2195479424125057,0.0
40C__ps_foam_trial_4,ps_foam,40C,4,42,2.248578088583997e-07,-2.216783216792183e-07,1.4871794870975966e-07,2.2759082784553846e-07,0.3502976255009535,0.040320684940396236,0.28160242486813125,1.0077294830360426,0.0
40C__ps_foam_trial_4,ps_foam,40C,4,43,2.248578088583997e-07,-2.216783216792183e-07,1.4871794870975966e-07,2.2759082784553846e-07,0.5370907693016065,0.053185521115662326,0.45302864386664604,1.0178471053810143,0.0
40C__ps_foam_trial_4,ps_foam,40C,4,44,2.248578088583997e-07,-2.216783216792183e-07,1.4871794870975966e-07,2.2759082784553846e-07,0.5479305845083257,0.059513944028038515,0.5215003089316902,1.2195482685761458,0.0
40C__ps_foam_trial_5,ps_foam,40C,5,42,3.9440559440639174e-07,-3.9440559440639174e-07,2.7622377621458125e-07,3.944088205019876e-07,0.3502975898978081,0.04032070448802062,0.28160241751214526,1.0077299380508502,0.0
40C__ps_foam_trial_5,ps_foam,40C,5,43,3.9440559440639174e-07,-3.9440559440639174e-07,2.7622377621458125e-07,3.944088205019876e-07,0.5370908487791275,0.053185539648896996,0.4530287271120876,1.0178473870339124,0.0
40C__ps_foam_trial_5,ps_foam,40C,5,44,3.9440559440639174e-07,-3.9440559440639174e-07,2.7622377621458125e-07,3.944088205019876e-07,0.5479305418399532,0.05951393466317452,0.5215002904883134,1.2195479592001979,0.0
40C__ps_foam_trial_6,ps_foam,40C,6,42,1.8433566433646506e-07,-1.8433566433646506e-07,1.974027300085876e-07,1.972486652638016e-07,0.35026781183835104,0.04092805289452682,0.28167559799722974,1.0077286462242536,0.0
40C__ps_foam_trial_6,ps_foam,40C,6,43,1.8433566433646506e-07,-1.8433566433646506e-07,1.974027300085876e-07,1.972486652638016e-07,0.5366897315566493,0.05394901506660542,0.4528097663973597,1.017847389792706,0.0
40C__ps_foam_trial_6,ps_foam,40C,6,44,1.8433566433646506e-07,-1.8433566433646506e-07,1.974027300085876e-07,1.972486652638016e-07,0.5475482358289452,0.060419734639659425,0.5211436583171146,1.2195477970034037,0.0
40C__pu_foam_trial_1,pu_foam,40C,1,42,6.262937062939764e-07,-6.262937062939764e-07,7.983682983690038e-07,6.264487880445466e-07,0.3502975315689282,0.04032076173763207,0.2816024077824616,1.0077310455610744,0.0
40C__pu_foam_trial_1,pu_foam,40C,1,43,6.262937062939764e-07,-6.262937062939764e-07,7.983682983690038e-07,6.264487880445466e-07,0.5370909839494058,0.05318558586023601,0.4530288679355693,1.017848141787492,0.0
40C__pu_foam_trial_1,pu_foam,40C,1,44,6.262937062939764e-07,-6.262937062939764e-07,7.983682983690038e-07,6.264487880445466e-07,0.5479304690397094,0.05951391880894029,0.5215002593368684,1.2195475308549486,0.0
40C__pu_foam_trial_2,pu_foam,40C,2,42,6.510489510497611e-07,-6.510489510497611e-07,8.979020979028273e-07,6.512763128345649e-07,0.35026778040185025,0.04092814313140788,0.2816756040664323,1.0077302272565234,0.0
40C__pu_foam_trial_2,pu_foam,40C,2,43,6.510489510497611e-07,-6.510489510497611e-07,8.979020979028273e-07,6.512763128345649e-07,0.5366898385351873,0.05394906710745292,0.4528098829297822,1.017848213115127,0.0
40C__pu_foam_trial_2,pu_foam,40C,2,44,6.510489510497611e-07,-6.510489510497611e-07,8.979020979028273e-07,6.512763128345649e-07,0.5475481854455929,0.06041971672180936,0.5211436369124823,1.2195475530324942,0.0
40C__pu_foam_trial_3,pu_foam,40C,3,42,5.365034965042377e-07,-5.365034965042377e-07,7.921678321675477e-07,5.374373276150465e-07,0.35026776790203523,0.04092813192904528,0.2816755976398901,1.007730048181638,0.0
40C__pu_foam_trial_3,pu_foam,40C,3,43,5.365034965042377e-07,-5.365034965042377e-07,7.921678321675477e-07,5.374373276150465e-07,0.5366898534426977,0.053949066029398654,0.4528098959670261,1.017848213798459,0.0
40C__pu_foam_trial_3,pu_foam,40C,3,44,5.365034965042377e-07,-5.365034965042377e-07,7.921678321675477e-07,5.374373276150465e-07,0.5475481744670799,0.06041971851832385,0.5211436323023474,1.2195475568872052,0.0
40C__pu_foam_trial_4,pu_foam,40C,4,42,5.394405594411717e-07,-5.394405594411717e-07,6.625701033562484e-07,5.441980619887538e-07,0.3502975283592231,0.04032073765852103,0.28160240333978004,1.0077307664503872,0.0
40C__pu_foam_trial_4,pu_foam,40C,4,43,5.394405594411717e-07,-5.394405594411717e-07,6.625701033562484e-07,5.441980619887538e-07,0.5370909797747819,0.05318557480589159,0.45302886210898696,1.0178479898541837,0.0
40C__pu_foam_trial_4,pu_foam,40C,4,44,5.394405594411717e-07,-5.394405594411717e-07,6.625701033562484e-07,5.441980619887538e-07,0.5479304688670043,0.05951392073286532,0.5215002590873989,1.2195475768084763,0.0
40C__pu_foam_trial_5,pu_foam,40C,5,42,3.799999999979601e-07,-3.637762237761969e-07,6.408625361042763e-07,4.864347615990628e-07,0.3502678238024777,0.04092810699129034,0.28167560980876877,1.0077294834529211,0.0
40C__pu_foam_trial_5,pu_foam,40C,5,43,3.799999999979601e-07,-3.637762237761969e-07,6.408625361042763e-07,4.864347615990628e-07,0.5366897324509808,0.0539490384929369,0.4528097707649467,1.0178477175808907,0.0
40C__pu_foam_trial_5,pu_foam,40C,5,44,3.799999999979601e-07,-3.637762237761969e-07,6.408625361042763e-07,4.864347615990628e-07,0.5475482412980621,0.06041973207829334,0.521143661181747,1.2195479022897797,0.0
40C__pu_foam_trial_6,pu_foam,40C,6,42,4.637762237770125e-07,-4.637762237770125e-07,5.900698231801893e-07,4.826629987524355e-07,0.3502677932236195,0.040928098145384874,0.2816756007470817,1.0077295609389838,0.0
40C__pu_foam_trial_6,pu_foam,40C,6,43,4.637762237770125e-07,-4.637762237770125e-07,5.900698231801893e-07,4.826629987524355e-07,0.5366897930924288,0.05394904239115228,0.45280983346650744,1.0178478336033854,0.0
40C__pu_foam_trial_6,pu_foam,40C,6,44,4.637762237770125e-07,-4.637762237770125e-07,5.900698231801893e-07,4.826629987524355e-07,0.5475482063966364,0.06041972335001432,0.5211436455660995,1.2195475777953766,0.0
40C__titanium_trial_1,titanium,40C,1,42,8.174965034965357e-06,-8.174965034965357e-06,7.912873768396722e-06,8.174869291145255e-06,0.3502972929829412,0.040321664366875544,0.2816025338819486,1.007750568731051,0.0
40C__titanium_trial_1,titanium,40C,1,43,8.174965034965357e-06,-8.174965034965357e-06,7.912873768396722e-06,8.174869291145255e-06,0.5370920625277406,0.05318605772742825,0.4530300873036701,1.0178570019184825,0.0
40C__titanium_trial_1,titanium,40C,1,44,8.174965034965357e-06,-8.174965034965357e-06,7.912873768396722e-06,8.174869291145255e-06,0.5479299858272116,0.05951364375919225,0.5215000440198565,1.2195438755187096,0.0
40C__titanium_trial_2,titanium,40C,2,42,7.830769230769805e-06,-7.830769230769805e-06,7.637556010522354e-06,7.830720146230158e-06,0.3502675486596225,0.04092896754757329,0.2816757274895899,1.007748417581879,0.0
40C__titanium_trial_2,titanium,40C,2,43,7.830769230769805e-06,-7.830769230769805e-06,7.637556010522354e-06,7.830720146230158e-06,0.5366908896087388,0.05394950301346195,0.4528110700423046,1.01785655467233,0.0
40C__titanium_trial_2,titanium,40C,2,44,7.830769230769805e-06,-7.830769230769805e-06,7.637556010522354e-06,7.830720146230158e-06,0.54754771287833,0.060419445316129396,0.521143424969301,1.2195438275588795,0.0
40C__titanium_trial_3,titanium,40C,3,42,8.004195804196248e-06,-8.004195804196248e-06,8.17924420059516e-06,8.004143403824692e-06,0.3502972611334536,0.04032166647368064,0.281602521814205,1.0077505010013836,0.0
40C__titanium_trial_3,titanium,40C,3,43,8.004195804196248e-06,-8.004195804196248e-06,8.17924420059516e-06,8.004143403824692e-06,0.5370921142290829,0.05318607179083721,0.4530301367576145,1.0178572300249464,0.0
40C__titanium_trial_3,titanium,40C,3,44,8.004195804196248e-06,-8.004195804196248e-06,8.17924420059516e-06,8.004143403824692e-06,0.5479299531461889,0.05951364335825058,0.5215000303085652,1.2195435438492452,0.0
40C__titanium_trial_4,titanium,40C,4,42,9.300000000000497e-06,-9.300000000000497e-06,1.0139586953456913e-05,9.299912272044862e-06,0.35029731443450873,0.04032172756171847,0.2816025618634972,1.0077528739747876,0.0
40C__titanium_trial_4,titanium,40C,4,43,9.300000000000497e-06,-9.300000000000497e-06,1.0139586953456913e-05,9.299912272044862e-06,0.5370920980439297,0.05318608349917843,0.4530301413858932,1.017857637549789,0.0
40C__titanium_trial_4,titanium,40C,4,44,9.300000000000497e-06,-9.300000000000497e-06,1.0139586953456913e-05,9.299912272044862e-06,0.5479299797491537,0.059513600860870305,0.5215000379038779,1.219543028681943,0.0
40C__titanium_trial_5,titanium,40C,5,42,9.493426573427039e-06,-9.493426573427039e-06,9.811748251747902e-06,9.493452628694916e-06,0.3502973302250427,0.04032189111811123,0.2816025885744485,1.0077547045117023,0.0
40C__titanium_trial_5,titanium,40C,5,43,9.493426573427039e-06,-9.493426573427039e-06,9.811748251747902e-06,9.493452628694916e-06,0.5370921217558214,0.053186152488928974,0.4530301706426934,1.0178586829911465,0.0
40C__titanium_trial_5,titanium,40C,5,44,9.493426573427039e-06,-9.493426573427039e-06,9.811748251747902e-06,9.493452628694916e-06,0.5479299810098605,0.059513607423344515,0.5215000420113793,1.2195437841623762,0.0
40C__titanium_trial_6,titanium,40C,6,42,9.339020979021824e-06,-9.339020979021824e-06,9.401725467311252e-06,9.339130306162761e-06,0.3502675913794565,0.04092914527251747,0.28167578182567515,1.0077521224449175,0.0
40C__titanium_trial_6,titanium,40C,6,43,9.339020979021824e-06,-9.339020979021824e-06,9.401725467311252e-06,9.339130306162761e-06,0.536690939371803,0.05394957202284072,0.4528111469238769,1.01785788227375,0.0
40C__titanium_trial_6,titanium,40C,6,44,9.339020979021824e-06,-9.339020979021824e-06,9.401725467311252e-06,9.339130306162761e-06,0.5475477130072756,0.06041939905257367,0.5211434231383898,1.2195434186416139,0.0
40C__wood_trial_1,wood,40C,1,42,1.2496503496512356e-06,-1.2496503496512356e-06,1.2030303030295848e-06,1.2496501574092054e-06,0.3502677866942424,0.04092817737579168,0.28167561916278305,1.0077311432014087,0.0
40C__wood_trial_1,wood,40C,1,43,1.2496503496512356e-06,-1.2496503496512356e-06,1.2030303030295848e-06,1.2496501574092054e-06,0.5366898701471284,0.053949077867778375,0.4528099250076971,1.0178485561671837,0.0
40C__wood_trial_1,wood,40C,1,44,1.2496503496512356e-06,-1.2496503496512356e-06,1.2030303030295848e-06,1.2496501574092054e-06,0.5475481763235338,0.06041969678337526,0.5211436315749916,1.2195473126751795,0.0
40C__wood_trial_2,wood,40C,2,42,1.4230769230777875e-06,-1.4230769230777875e-06,1.6536042925483253e-06,1.4230637395288086e-06,0.35026778616211585,0.04092823191515866,0.2816756276322047,1.0077321034791806,0.0
40C__wood_trial_2,wood,40C,2,43,1.4230769230777875e-06,-1.4230769230777875e-06,1.6536042925483253e-06,1.4230637395288086e-06,0.5366898951670328,0.05394910399138979,0.4528099537510978,1.0178489804749198,0.0
40C__wood_trial_2,wood,40C,2,44,1.4230769230777875e-06,-1.4230769230777875e-06,1.6536042925483253e-06,1.4230637395288086e-06,0.5475481675499322,0.06041969229575572,0.5211436283628196,1.2195473975196316,0.0
40C__wood_trial_3,wood,40C,3,42,1.457482517482414e-06,-1.457482517482414e-06,1.4439160839153884e-06,1.4574897162574597e-06,0.3502677912320558,0.04092821401024155,0.2816756277509545,1.0077318802214912,0.0
40C__wood_trial_3,wood,40C,3,43,1.457482517482414e-06,-1.457482517482414e-06,1.4439160839153884e-06,1.4574897162574597e-06,0.5366898829409846,0.05394909343878681,0.45280994178412765,1.0178488387587963,0.0
40C__wood_trial_3,wood,40C,3,44,1.457482517482414e-06,-1.457482517482414e-06,1.4439160839153884e-06,1.4574897162574597e-06,0.5475481737292183,0.06041969055480467,0.521143630495381,1.2195472934774387,0.0
40C__wood_trial_4,wood,40C,4,42,1.219580419580999e-06,-1.219580419580999e-06,1.13735260565042e-06,1.2195869774579139e-06,0.35029753532230673,0.04032080578078677,0.2816024227660124,1.0077320873716082,0.0
40C__wood_trial_4,wood,40C,4,43,1.219580419580999e-06,-1.219580419580999e-06,1.13735260565042e-06,1.2195869774579139e-06,0.5370910210938926,0.05318560140981181,0.45302891538340906,1.0178485498713232,0.0
40C__wood_trial_4,wood,40C,4,44,1.219580419580999e-06,-1.219580419580999e-06,1.13735260565042e-06,1.2195869774579139e-06,0.5479304572543512,0.05951390032254962,0.521500253257561,1.2195473922704299,0.0
40C__wood_trial_5,wood,40C,5,42,1.1467132867143534e-06,-1.1467132867143534e-06,1.0201398601414799e-06,1.1467063063576878e-06,0.3502975369514828,0.040320799547817456,0.28160242116938866,1.0077319385863446,0.0
40C__wood_trial_5,wood,40C,5,43,1.1467132867143534e-06,-1.1467132867143534e-06,1.0201398601414799e-06,1.1467063063576878e-06,0.53709101155936,0.05318559729148124,0.4530289045953665,1.0178484330267994,0.0
40C__wood_trial_5,wood,40C,5,44,1.1467132867143534e-06,-1.1467132867143534e-06,1.0201398601414799e-06,1.1467063063576878e-06,0.5479304619569163,0.059513903918757896,0.5215002555328208,1.219547520409591,0.0
40C__wood_trial_6,wood,40C,6,42,9.699300699305465e-07,-9.699300699305465e-07,9.580867803005155e-07,9.699230782343883e-07,0.35029753171081285,0.04032076035426369,0.2816024137391195,1.0077314930980747,0.0
40C__wood_trial_6,wood,40C,6,43,9.699300699305465e-07,-9.699300699305465e-07,9.580867803005155e-07,9.699230782343883e-07,0.5370910039019609,0.05318558166643519,0.4530288935583054,1.0178482588722024,0.0
40C__wood_trial_6,wood,40C,6,44,9.699300699305465e-07,-9.699300699305465e-07,9.580867803005155e-07,9.699230782343883e-07,0.5479304610573893,0.05951390644375189,0.521500254711418,1.219547467179702,0.0
50C__aluminum_trial_1,aluminum,50C,1,42,1.7178601398602105e-05,-1.7178601398602105e-05,1.787396929340177e-05,1.717874018468396e-05,0.3502972317770836,0.040322876437445795,0.28160276937653667,1.0077749303644357,0.0
50C__aluminum_trial_1,aluminum,50C,1,43,1.7178601398602105e-05,-1.7178601398602105e-05,1.787396929340177e-05,1.717874018468396e-05,0.5370929661683461,0.053186624196630984,0.4530311566539003,1.0178674369647396,0.0
50C__aluminum_trial_1,aluminum,50C,1,44,1.7178601398602105e-05,-1.7178601398602105e-05,1.787396929340177e-05,1.717874018468396e-05,0.5479296411092989,0.0595133475984424,0.521499889571157,1.2195408629369118,0.0
50C__aluminum_trial_2,aluminum,50C,2,42,1.738769230769327e-05,-1.738769230769327e-05,2.0477482517482503e-05,1.738756168250072e-05,0.3502972139459926,0.04032312983394067,0.28160279112487585,1.0077781777147825,0.0
50C__aluminum_trial_2,aluminum,50C,2,43,1.738769230769327e-05,-1.738769230769327e-05,2.0477482517482503e-05,1.738756168250072e-05,0.5370930699815437,0.0531867555012989,0.4530312679155826,1.0178691780447924,0.0
50C__aluminum_trial_2,aluminum,50C,2,44,1.738769230769327e-05,-1.738769230769327e-05,2.0477482517482503e-05,1.738756168250072e-05,0.5479296007354736,0.05951334660848662,0.5214998769787956,1.2195408835508268,0.0
50C__aluminum_trial_3,aluminum,50C,3,42,1.7642097902098542e-05,-1.7642097902098542e-05,1.953299888475795e-05,1.7642017810505568e-05,0.35029720879483295,0.04032291820881279,0.2816027680542323,1.0077763290054662,0.0
50C__aluminum_trial_3,aluminum,50C,3,43,1.7642097902098542e-05,-1.7642097902098542e-05,1.953299888475795e-05,1.7642017810505568e-05,0.5370930384067265,0.053186665738607294,0.45303123666091866,1.0178679676185192,0.0
50C__aluminum_trial_3,aluminum,50C,3,44,1.7642097902098542e-05,-1.7642097902098542e-05,1.953299888475795e-05,1.7642017810505568e-05,0.5479296036914605,0.059513317108935614,0.521499871178765,1.2195390463522642,0.0
50C__aluminum_trial_4,aluminum,50C,4,42,1.6813566433566897e-05,-1.6813566433566897e-05,1.7244978012417173e-05,1.681364941173143e-05,0.350267493902514,0.04093003137751132,0.28167595605813717,1.0077708899138296,0.0
50C__aluminum_trial_4,aluminum,50C,4,43,1.6813566433566897e-05,-1.6813566433566897e-05,1.7244978012417173e-05,1.681364941173143e-05,0.5366917676052575,0.0539500011438519,0.4528121147578374,1.0178659689778875,0.0
50C__aluminum_trial_4,aluminum,50C,4,44,1.6813566433566897e-05,-1.6813566433566897e-05,1.7244978012417173e-05,1.681364941173143e-05,0.5475473772608394,0.06041913380185669,0.5211432700961056,1.2195398993182927,0.0
50C__aluminum_trial_5,aluminum,50C,5,42,1.6940839160839568e-05,-1.6940839160839568e-05,1.9082716563724685e-05,1.694079094089347e-05,0.35029720423750266,0.04032297679595846,0.2816027677349815,1.0077761215261016,0.0
50C__aluminum_trial_5,aluminum,50C,5,43,1.6940839160839568e-05,-1.6940839160839568e-05,1.9082716563724685e-05,1.694079094089347e-05,0.5370930293212884,0.05318668205034318,0.45303121800404816,1.0178681768736828,0.0
50C__aluminum_trial_5,aluminum,50C,5,44,1.6940839160839568e-05,-1.6940839160839568e-05,1.9082716563724685e-05,1.694079094089347e-05,0.5479296092288375,0.05951335828495362,0.5214998790764486,1.219541350180195,0.0
50C__aluminum_trial_6,aluminum,50C,6,42,1.6928111888112854e-05,-1.6928111888112854e-05,1.7010258833530182e-05,1.692810145908821e-05,0.3502674859379926,0.040930175271726287,0.2816759704361105,1.0077728183496972,0.0
50C__aluminum_trial_6,aluminum,50C,6,43,1.6928111888112854e-05,-1.6928111888112854e-05,1.7010258833530182e-05,1.692810145908821e-05,0.5366918247574175,0.053950072986004405,0.4528121761561226,1.0178669529946285,0.0
50C__aluminum_trial_6,aluminum,50C,6,44,1.6928111888112854e-05,-1.6928111888112854e-05,1.7010258833530182e-05,1.692810145908821e-05,0.5475473559930062,0.060419135388369224,0.5211432638929093,1.219540240973899,0.0
50C__bismuth_trial_1,bismuth,50C,1,42,1.577538461538543e-05,-1.577538461538543e-05,1.8523773145621565e-05,1.5775462281386084e-05,0.3502972718374396,0.0403228941567791,0.2816027622018315,1.0077737735201426,0.0
50C__bismuth_trial_1,bismuth,50C,1,43,1.577538461538543e-05,-1.577538461538543e-05,1.8523773145621565e-05,1.5775462281386084e-05,0.5370928167427818,0.05318663221494964,0.453030983692423,1.017866976499112,0.0
50C__bismuth_trial_1,bismuth,50C,1,44,1.577538461538543e-05,-1.577538461538543e-05,1.8523773145621565e-05,1.5775462281386084e-05,0.5479297144529949,0.05951340556919932,0.5214999265557999,1.2195417071195422,0.0
50C__bismuth_trial_2,bismuth,50C,2,42,1.349874125874213e-05,-1.349874125874213e-05,1.511552447552492e-05,1.3498743991858426e-05,0.35029731604082115,0.040322476256310115,0.281602702736666,1.0077660841741416,0.0
50C__bismuth_trial_2,bismuth,50C,2,43,1.349874125874213e-05,-1.349874125874213e-05,1.511552447552492e-05,1.3498743991858426e-05,0.5370925104599082,0.05318641797400212,0.4530306335547803,1.0178634359557448,0.0
50C__bismuth_trial_2,bismuth,50C,2,44,1.349874125874213e-05,-1.349874125874213e-05,1.511552447552492e-05,1.3498743991858426e-05,0.5479298407225295,0.05951348606263764,0.5214999806730257,1.2195430429690688,0.0
50C__bismuth_trial_3,bismuth,50C,3,42,1.5662377622378408e-05,-1.5662377622378408e-05,1.6412620223778523e-05,1.5662243239189983e-05,0.35029726216182605,0.04032270005169989,0.2816027363891163,1.0077712893418034,0.0
50C__bismuth_trial_3,bismuth,50C,3,43,1.5662377622378408e-05,-1.5662377622378408e-05,1.6412620223778523e-05,1.5662243239189983e-05,0.5370927802359873,0.05318654621239362,0.4530309422212788,1.0178657747539932,0.0
50C__bismuth_trial_3,bismuth,50C,3,44,1.5662377622378408e-05,-1.5662377622378408e-05,1.6412620223778523e-05,1.5662243239189983e-05,0.5479297194560734,0.059513396549322875,0.5214999241837287,1.2195407989421234,0.0
50C__bismuth_trial_4,bismuth,50C,4,42,1.5215524475524706e-05,-1.5215524475524706e-05,1.607203637813597e-05,1.5215627811181918e-05,0.3502972590803876,0.040322501494459415,0.28160270863059655,1.007768454993347,0.0
50C__bismuth_trial_4,bismuth,50C,4,43,1.5215524475524706e-05,-1.5215524475524706e-05,1.607203637813597e-05,1.5215627811181918e-05,0.5370927130885986,0.05318645066750153,0.4530308649707608,1.0178643611960905,0.0
50C__bismuth_trial_4,bismuth,50C,4,44,1.5215524475524706e-05,-1.5215524475524706e-05,1.607203637813597e-05,1.5215627811181918e-05,0.5479297398208308,0.059513404945572515,0.5214999302202872,1.2195406589670605,0.0
50C__bismuth_trial_5,bismuth,50C,5,42,1.5395524475525046e-05,-1.5395524475525046e-05,1.7238178446540442e-05,1.5395407155653e-05,0.3502972317448967,0.04032277613252159,0.28160273181566187,1.0077720087353275,0.0
50C__bismuth_trial_5,bismuth,50C,5,43,1.5395524475525046e-05,-1.5395524475525046e-05,1.7238178446540442e-05,1.5395407155653e-05,0.537092842254918,0.05318658918320105,0.45303100199217666,1.017866355710895,0.0
50C__bismuth_trial_5,bismuth,50C,5,44,1.5395524475525046e-05,-1.5395524475525046e-05,1.7238178446540442e-05,1.5395407155653e-05,0.5479296865646693,0.05951340801955862,0.5214999130896549,1.219541425402354,0.0
50C__bismuth_trial_6,bismuth,50C,6,42,1.4646713286714085e-05,-1.4646713286714085e-05,1.6594125874125834e-05,1.46465426161381e-05,0.350297256226206,0.040322654878061595,0.2816027188114884,1.0077696394302829,0.0
50C__bismuth_trial_6,bismuth,50C,6,43,1.4646713286714085e-05,-1.4646713286714085e-05,1.6594125874125834e-05,1.46465426161381e-05,0.5370927286941586,0.05318651622977938,0.45303087446913787,1.0178651955972207,0.0
50C__bismuth_trial_6,bismuth,50C,6,44,1.4646713286714085e-05,-1.4646713286714085e-05,1.6594125874125834e-05,1.46465426161381e-05,0.54792973821501,0.05951344149469133,0.5214999363098569,1.2195426070101278,0.0
50C__cement_trial_1,cement,50C,1,42,4.153706293707343e-06,-4.153706293707343e-06,2.526624025294636e-06,4.153721839210647e-06,0.35029747789009,0.040320899080392214,0.2816024599738927,1.0077369939972967,0.0
50C__cement_trial_1,cement,50C,1,43,4.153706293707343e-06,-4.153706293707343e-06,2.526624025294636e-06,4.153721839210647e-06,0.5370913161756569,0.053185637217180205,0.45302926067706584,1.0178500553398169,0.0
50C__cement_trial_1,cement,50C,1,44,4.153706293707343e-06,-4.153706293707343e-06,2.526624025294636e-06,4.153721839210647e-06,0.5479303267758844,0.059513800507152326,0.5215001896589071,1.219547044981894,0.0
50C__cement_trial_2,cement,50C,2,42,3.747272727273941e-06,-3.747272727273941e-06,2.0490270426225428e-06,3.747278932970807e-06,0.3502974619782052,0.04032088640439392,0.2816024486257532,1.0077366344364778,0.0
50C__cement_trial_2,cement,50C,2,43,3.747272727273941e-06,-3.747272727273941e-06,2.0490270426225428e-06,3.747278932970807e-06,0.5370913221752974,0.05318563778071226,0.4530292599416637,1.0178499831015866,0.0
50C__cement_trial_2,cement,50C,2,44,3.747272727273941e-06,-3.747272727273941e-06,2.0490270426225428e-06,3.747278932970807e-06,0.5479303187089658,0.059513816203579054,0.5215001875499917,1.2195476806717873,0.0
50C__cement_trial_3,cement,50C,3,42,3.882377622378653e-06,-3.882377622378653e-06,2.0448381543775908e-06,3.8823744169290095e-06,0.350267745455214,0.0409282634598155,0.2816756593718215,1.007735727578578,0.0
50C__cement_trial_3,cement,50C,3,43,3.882377622378653e-06,-3.882377622378653e-06,2.0448381543775908e-06,3.8823744169290095e-06,0.5366901248984479,0.053949105813496954,0.4528102256018199,1.017849871188572,0.0
50C__cement_trial_3,cement,50C,3,44,3.882377622378653e-06,-3.882377622378653e-06,2.0448381543775908e-06,3.8823744169290095e-06,0.547548068006952,0.06041961160021542,0.5211435784497748,1.2195476109357526,0.0
50C__cement_trial_4,cement,50C,4,42,3.3120279720288796e-06,-3.3120279720288796e-06,1.8139860139855524e-06,3.3120176147561518e-06,0.3502974848271092,0.040320848522218275,0.28160244515344185,1.0077355843724396,0.0
50C__cement_trial_4,cement,50C,4,43,3.3120279720288796e-06,-3.3120279720288796e-06,1.8139860139855524e-06,3.3120176147561518e-06,0.5370912455676177,0.05318561574295455,0.4530291754335242,1.017849527455444,0.0
50C__cement_trial_4,cement,50C,4,44,3.3120279720288796e-06,-3.3120279720288796e-06,1.8139860139855524e-06,3.3120176147561518e-06,0.5479303551563937,0.05951383038611398,0.5215002037671449,1.2195474218098463,0.0
50C__cement_trial_5,cement,50C,5,42,4.34923076923202e-06,-4.34923076923202e-06,2.5827293425738536e-06,4.349244704242775e-06,0.35029747552044305,0.04032090074614051,0.28160246358864294,1.007737488032282,0.0
50C__cement_trial_5,cement,50C,5,43,4.34923076923202e-06,-4.34923076923202e-06,2.5827293425738536e-06,4.349244704242775e-06,0.5370913342489432,0.05318563713658098,0.4530292816969468,1.0178501649388825,0.0
50C__cement_trial_5,cement,50C,5,44,4.34923076923202e-06,-4.34923076923202e-06,2.5827293425738536e-06,4.349244704242775e-06,0.5479303193323014,0.05951379732290486,0.521500185980335,1.2195477109590724,0.0
50C__cement_trial_6,cement,50C,6,42,4.373986013986937e-06,-4.373986013986937e-06,2.344238255274061e-06,4.373999525372039e-06,0.3502974544634018,0.04032096459733043,0.28160246330673505,1.0077380537511518,0.0
50C__cement_trial_6,cement,50C,6,43,4.373986013986937e-06,-4.373986013986937e-06,2.344238255274061e-06,4.373999525372039e-06,0.5370913890348421,0.05318567271155702,0.4530293387718147,1.0178506722709302,0.0
50C__cement_trial_6,cement,50C,6,44,4.373986013986937e-06,-4.373986013986937e-06,2.344238255274061e-06,4.373999525372039e-06,0.5479302914799089,0.059513792200799234,0.5215001752931291,1.219546931135744,0.0
50C__cork_trial_1,cork,50C,1,42,1.6060139860149536e-06,-1.6060139860149536e-06,1.314033358211248e-06,1.606023557650849e-06,0.3502975114665786,0.04032080082823959,0.2816024206241311,1.0077325959270096,0.0
50C__cork_trial_1,cork,50C,1,43,1.6060139860149536e-06,-1.6060139860149536e-06,1.314033358211248e-06,1.606023557650849e-06,0.5370910859221875,0.05318560206915923,0.45302898694353205,1.0178487068997644,0.0
50C__cork_trial_1,cork,50C,1,44,1.6060139860149536e-06,-1.6060139860149536e-06,1.314033358211248e-06,1.606023557650849e-06,0.5479304236483411,0.059513883919654266,0.521500237427268,1.2195471959392663,0.0
50C__cork_trial_2,cork,50C,2,42,1.3240559440569257e-06,-1.3240559440569257e-06,9.383019195599064e-07,1.3240488631945572e-06,0.35029752213063553,0.040320776305174486,0.28160241720160967,1.0077319291418714,0.0
50C__cork_trial_2,cork,50C,2,43,1.3240559440569257e-06,-1.3240559440569257e-06,9.383019195599064e-07,1.3240488631945572e-06,0.5370910440441452,0.05318558779258096,0.453028939951344,1.017848398276501,0.0
50C__cork_trial_2,cork,50C,2,44,1.3240559440569257e-06,-1.3240559440569257e-06,9.383019195599064e-07,1.3240488631945572e-06,0.5479304434777792,0.059513895203307035,0.5215002465225547,1.2195473034585653,0.0
50C__cork_trial_3,cork,50C,3,42,1.2092307692314775e-06,-1.2092307692314775e-06,1.1326340326337295e-06,1.2092309999330747e-06,0.35026779363038385,0.040928140581173264,0.28167561737435887,1.0077308599599801,0.0
50C__cork_trial_3,cork,50C,3,43,1.2092307692314775e-06,-1.2092307692314775e-06,1.1326340326337295e-06,1.2092309999330747e-06,0.5366898466755519,0.05394905768138294,0.45280990025089657,1.0178483150681616,0.0
50C__cork_trial_3,cork,50C,3,44,1.2092307692314775e-06,-1.2092307692314775e-06,1.1326340326337295e-06,1.2092309999330747e-06,0.5475481866144567,0.06041969714637897,0.5211436352657418,1.2195473803409578,0.0
50C__cork_trial_4,cork,50C,4,42,1.046993006993571e-06,-1.046993006993571e-06,7.519226639437354e-07,1.0470063269161773e-06,0.3502677891332822,0.040928126508662566,0.28167561294761667,1.0077305266058258,0.0
50C__cork_trial_4,cork,50C,4,43,1.046993006993571e-06,-1.046993006993571e-06,7.519226639437354e-07,1.0470063269161773e-06,0.5366898436834636,0.05394905138594871,0.4528098944773446,1.0178482348118718,0.0
50C__cork_trial_4,cork,50C,4,44,1.046993006993571e-06,-1.046993006993571e-06,7.519226639437354e-07,1.0470063269161773e-06,0.5475481857915594,0.06041970305468471,0.5211436353631314,1.219547503183258,0.0
50C__cork_trial_5,cork,50C,5,42,1.0721678321682672e-06,-1.0721678321682672e-06,8.093257601493771e-07,1.072161663684587e-06,0.3502677840352371,0.0409281374007905,0.2816756121500372,1.0077306873437246,0.0
50C__cork_trial_5,cork,50C,5,43,1.0721678321682672e-06,-1.0721678321682672e-06,8.093257601493771e-07,1.072161663684587e-06,0.5366898561681874,0.05394905857418979,0.4528099075843397,1.0178482880783022,0.0
50C__cork_trial_5,cork,50C,5,44,1.0721678321682672e-06,-1.0721678321682672e-06,8.093257601493771e-07,1.072161663684587e-06,0.5475481797390825,0.060419702344182535,0.5211436328955451,1.2195475477431135,0.0
50C__cork_trial_6,cork,50C,6,42,1.0882517482524532e-06,-1.0882517482524532e-06,8.069463308894159e-07,1.088265547470465e-06,0.3502975285090627,0.040320747476714346,0.28160241318069607,1.007731332601214,0.0
50C__cork_trial_6,cork,50C,6,43,1.0882517482524532e-06,-1.0882517482524532e-06,8.069463308894159e-07,1.088265547470465e-06,0.537091012913378,0.05318557337876044,0.4530289044919015,1.0178481628431875,0.0
50C__cork_trial_6,cork,50C,6,44,1.0882517482524532e-06,-1.0882517482524532e-06,8.069463308894159e-07,1.088265547470465e-06,0.547930456665734,0.059513902570533794,0.5215002523150124,1.2195473583765783,0.0
50C__copper_trial_1,copper,50C,1,42,1.6174685314685844e-05,-1.6174685314685844e-05,1.6165314685314816e-05,1.6174833859520646e-05,0.3502972399640503,0.04032269880832086,0.2816027388513924,1.0077718317801372,0.0
50C__copper_trial_1,copper,50C,1,43,1.6174685314685844e-05,-1.6174685314685844e-05,1.6165314685314816e-05,1.6174833859520646e-05,0.5370928525588377,0.05318654333706262,0.4530310236821354,1.0178660440261185,0.0
50C__copper_trial_1,copper,50C,1,44,1.6174685314685844e-05,-1.6174685314685844e-05,1.6165314685314816e-05,1.6174833859520646e-05,0.5479296832951681,0.059513376815214715,0.5214999071298188,1.2195408596028867,0.0
50C__copper_trial_2,copper,50C,2,42,1.6530349650350834e-05,-1.6530349650350834e-05,1.740596702108161e-05,1.6530517666412286e-05,0.3502972352295384,0.04032281645388177,0.28160275422963493,1.0077735242889794,0.0
50C__copper_trial_2,copper,50C,2,43,1.6530349650350834e-05,-1.6530349650350834e-05,1.740596702108161e-05,1.6530517666412286e-05,0.537092908489243,0.05318659851900111,0.453031087368203,1.017866843070197,0.0
50C__copper_trial_2,copper,50C,2,44,1.6530349650350834e-05,-1.6530349650350834e-05,1.740596702108161e-05,1.6530517666412286e-05,0.5479296635483278,0.05951336963411259,0.521499900206954,1.2195410829059254,0.0
50C__copper_trial_3,copper,50C,3,42,1.6036223776224093e-05,-1.6036223776224093e-05,1.6182770429563897e-05,1.6035982098352242e-05,0.35029723633278975,0.04032262118136997,0.28160272711010415,1.007770762668381,0.0
50C__copper_trial_3,copper,50C,3,43,1.6036223776224093e-05,-1.6036223776224093e-05,1.6182770429563897e-05,1.6035982098352242e-05,0.537092831866727,0.05318650792413908,0.45303099961379406,1.0178654963096985,0.0
50C__copper_trial_3,copper,50C,3,44,1.6036223776224093e-05,-1.6036223776224093e-05,1.6182770429563897e-05,1.6035982098352242e-05,0.5479296881393695,0.059513377342814956,0.5214999078870045,1.219540580404311,0.0
50C__copper_trial_4,copper,50C,4,42,1.662349650349707e-05,-1.662349650349707e-05,1.7955804195803168e-05,1.6623316940154304e-05,0.3502675006909743,0.040930227404645754,0.2816759771654576,1.0077730053913452,0.0
50C__copper_trial_4,copper,50C,4,43,1.662349650349707e-05,-1.662349650349707e-05,1.7955804195803168e-05,1.6623316940154304e-05,0.5366917937292965,0.05395008934293509,0.4528121409340961,1.0178670723192969,0.0
50C__copper_trial_4,copper,50C,4,44,1.662349650349707e-05,-1.662349650349707e-05,1.7955804195803168e-05,1.6623316940154304e-05,0.5475473759162206,0.060419156161662116,0.5211432754643789,1.219541281804939,0.0
50C__copper_trial_5,copper,50C,5,42,1.6476503496504224e-05,-1.6476503496504224e-05,1.666083143858155e-05,1.647667692347067e-05,0.35029719889749944,0.04032243018269517,0.2816027021192602,1.007769188572664,0.0
50C__copper_trial_5,copper,50C,5,43,1.6476503496504224e-05,-1.6476503496504224e-05,1.666083143858155e-05,1.647667692347067e-05,0.5370928794349882,0.053186420614444216,0.4530310522507192,1.0178645090032556,0.0
50C__copper_trial_5,copper,50C,5,44,1.6476503496504224e-05,-1.6476503496504224e-05,1.666083143858155e-05,1.647667692347067e-05,0.5479296517679425,0.059513349213879,0.5214998864143006,1.2195401629546114,0.0
50C__copper_trial_6,copper,50C,6,42,1.6588111888112813e-05,-1.6588111888112813e-05,1.6139107262573907e-05,1.6588032994186838e-05,0.3502972057554758,0.04032266526618435,0.2816027312704683,1.00777193290722,0.0
50C__copper_trial_6,copper,50C,6,43,1.6588111888112813e-05,-1.6588111888112813e-05,1.6139107262573907e-05,1.6588032994186838e-05,0.5370929317808835,0.053186531797672965,0.4530311098914848,1.017866079790136,0.0
50C__copper_trial_6,copper,50C,6,44,1.6588111888112813e-05,-1.6588111888112813e-05,1.6139107262573907e-05,1.6588032994186838e-05,0.5479296396655171,0.05951335729012268,0.5214998863256929,1.219540631468088,0.0
50C__iron_trial_1,iron,50C,1,42,1.7427412587413434e-05,-1.7427412587413434e-05,1.8815617715617957e-05,1.7427368582750744e-05,0.35029721455333657,0.040322724619110434,0.28160274915329514,1.0077738096175053,0.0
50C__iron_trial_1,iron,50C,1,43,1.7427412587413434e-05,-1.7427412587413434e-05,1.8815617715617957e-05,1.7427368582750744e-05,0.5370929721843005,0.053186565292724655,0.4530311641784409,1.0178666792704385,0.0
50C__iron_trial_1,iron,50C,1,44,1.7427412587413434e-05,-1.7427412587413434e-05,1.8815617715617957e-05,1.7427368582750744e-05,0.5479296267330723,0.059513320445307674,0.5214998778698837,1.219539377090533,0.0
50C__iron_trial_2,iron,50C,2,42,1.7196783216783776e-05,-1.7196783216783776e-05,1.7357808857809253e-05,1.7196753220124543e-05,0.350297222150491,0.04032277623177703,0.28160275495548037,1.007773873447337,0.0
50C__iron_trial_2,iron,50C,2,43,1.7196783216783776e-05,-1.7196783216783776e-05,1.7357808857809253e-05,1.7196753220124543e-05,0.5370929591215255,0.053186582621293874,0.4530311482533982,1.017866838592703,0.0
50C__iron_trial_2,iron,50C,2,44,1.7196783216783776e-05,-1.7196783216783776e-05,1.7357808857809253e-05,1.7196753220124543e-05,0.5479296375061162,0.05951333872313911,0.5214998853042617,1.2195401422043792,0.0
50C__iron_trial_3,iron,50C,3,42,1.7006153846154965e-05,-1.7006153846154965e-05,2.027244755244837e-05,1.7005962560483313e-05,0.35029722624341064,0.04032306494586748,0.28160278506746284,1.0077770947971412,0.0
50C__iron_trial_3,iron,50C,3,43,1.7006153846154965e-05,-1.7006153846154965e-05,2.027244755244837e-05,1.7005962560483313e-05,0.5370930128651927,0.05318671306421581,0.45303120382966866,1.0178685496697872,0.0
50C__iron_trial_3,iron,50C,3,44,1.7006153846154965e-05,-1.7006153846154965e-05,2.027244755244837e-05,1.7005962560483313e-05,0.5479296272396881,0.05951336671984993,0.5214998891618217,1.219542041166164,0.0
50C__iron_trial_4,iron,50C,4,42,1.7270489510490738e-05,-1.7270489510490738e-05,1.7992243661976463e-05,1.7270290329719534e-05,0.35029721829553456,0.040322896131614244,0.2816027676951029,1.0077754089691344,0.0
50C__iron_trial_4,iron,50C,4,43,1.7270489510490738e-05,-1.7270489510490738e-05,1.7992243661976463e-05,1.7270290329719534e-05,0.5370930001755753,0.05318663968338468,0.4530311924832423,1.0178676406807248,0.0
50C__iron_trial_4,iron,50C,4,44,1.7270489510490738e-05,-1.7270489510490738e-05,1.7992243661976463e-05,1.7270290329719534e-05,0.5479296235877453,0.05951334297331129,0.5214998819967263,1.2195406672264493,0.0
50C__iron_trial_5,iron,50C,5,42,1.7124195804196405e-05,-1.7124195804196405e-05,1.808974358974381e-05,1.7124314556645482e-05,0.3502971957107652,0.04032258367860207,0.2816027255098038,1.0077719638780995,0.0
50C__iron_trial_5,iron,50C,5,43,1.7124195804196405e-05,-1.7124195804196405e-05,1.808974358974381e-05,1.7124314556645482e-05,0.5370929580605093,0.05318649947447509,0.45303114350146584,1.017865777073848,0.0
50C__iron_trial_5,iron,50C,5,44,1.7124195804196405e-05,-1.7124195804196405e-05,1.808974358974381e-05,1.7124314556645482e-05,0.5479296223964019,0.05951332642402772,0.5214998742511116,1.2195396526172286,0.0
50C__iron_trial_6,iron,50C,6,42,1.701370629370708e-05,-1.701370629370708e-05,1.7456234289501574e-05,1.7013921045402244e-05,0.3502674908404905,0.04093021437376079,0.28167597746283074,1.0077733679389507,0.0
50C__iron_trial_6,iron,50C,6,43,1.701370629370708e-05,-1.701370629370708e-05,1.7456234289501574e-05,1.7013921045402244e-05,0.5366918302044587,0.053950089804721005,0.45281218351411134,1.017867187132876,0.0
50C__iron_trial_6,iron,50C,6,44,1.701370629370708e-05,-1.701370629370708e-05,1.7456234289501574e-05,1.7013921045402244e-05,0.5475473569325795,0.060419135565900985,0.5211432649644958,1.2195403596173886,0.0
50C__graphite_trial_1,graphite,50C,1,42,1.537888111888231e-05,-1.537888111888231e-05,1.587283172565677e-05,1.5378856042175155e-05,0.35029720192162606,0.04032229449134691,0.2816026735538158,1.007766585258645,0.0
50C__graphite_trial_1,graphite,50C,1,43,1.537888111888231e-05,-1.537888111888231e-05,1.587283172565677e-05,1.5378856042175155e-05,0.5370927813755051,0.05318636030237093,0.45303093424679464,1.0178634027247135,0.0
50C__graphite_trial_1,graphite,50C,1,44,1.537888111888231e-05,-1.537888111888231e-05,1.587283172565677e-05,1.5378856042175155e-05,0.547929686946421,0.05951338318223247,0.5214999023642569,1.2195404279952793,0.0
50C__graphite_trial_2,graphite,50C,2,42,1.340629370629419e-05,-1.340629370629419e-05,1.239725222436372e-05,1.3406267311953837e-05,0.3502675110248597,0.04092929244552669,0.2816758371013666,1.007758555357776,0.0
50C__graphite_trial_2,graphite,50C,2,43,1.340629370629419e-05,-1.340629370629419e-05,1.239725222436372e-05,1.3406267311953837e-05,0.5366913635323945,0.05394963647221006,0.4528116428178948,1.0178602319400818,0.0
50C__graphite_trial_2,graphite,50C,2,44,1.340629370629419e-05,-1.340629370629419e-05,1.239725222436372e-05,1.3406267311953837e-05,0.5475475242304547,0.06041924742198969,0.5211433307579436,1.2195417877385888,0.0
50C__graphite_trial_3,graphite,50C,3,42,1.4007272727273507e-05,-1.4007272727273507e-05,1.2608424460613683e-05,1.4007386013852798e-05,0.3502675181734402,0.040929540771888026,0.28167587485552803,1.0077620401854945,0.0
50C__graphite_trial_3,graphite,50C,3,43,1.4007272727273507e-05,-1.4007272727273507e-05,1.2608424460613683e-05,1.4007386013852798e-05,0.5366914465249233,0.05394975266211838,0.4528117396891342,1.0178619764676022,0.0
50C__graphite_trial_3,graphite,50C,3,44,1.4007272727273507e-05,-1.4007272727273507e-05,1.2608424460613683e-05,1.4007386013852798e-05,0.5475475003797585,0.06041923422759009,0.5211433239521077,1.2195415919095474,0.0
50C__graphite_trial_4,graphite,50C,4,42,1.396405594405656e-05,-1.396405594405656e-05,1.2336104460266336e-05,1.3964171742770417e-05,0.35029723759038495,0.040322129033117535,0.281602652087789,1.0077626907405388,0.0
50C__graphite_trial_4,graphite,50C,4,43,1.396405594405656e-05,-1.396405594405656e-05,1.2336104460266336e-05,1.3964171742770417e-05,0.5370926027490532,0.053186262052464614,0.45303073001253724,1.0178617865150996,0.0
50C__graphite_trial_4,graphite,50C,4,44,1.396405594405656e-05,-1.396405594405656e-05,1.2336104460266336e-05,1.3964171742770417e-05,0.5479297672589771,0.05951344490495243,0.5214999398417646,1.2195418959475381,0.0
50C__graphite_trial_5,graphite,50C,5,42,1.5519020979021443e-05,-1.5519020979021443e-05,1.8054265734266674e-05,1.5518895367227937e-05,0.3502972240987178,0.040322817481378184,0.28160273809872427,1.0077724631588243,0.0
50C__graphite_trial_5,graphite,50C,5,43,1.5519020979021443e-05,-1.5519020979021443e-05,1.8054265734266674e-05,1.5518895367227937e-05,0.5370928763063572,0.05318659994345808,0.4530310394479957,1.0178666344941978,0.0
50C__graphite_trial_5,graphite,50C,5,44,1.5519020979021443e-05,-1.5519020979021443e-05,1.8054265734266674e-05,1.5518895367227937e-05,0.5479296730317534,0.05951341122531036,0.5214999087121686,1.2195423745574805,0.0
50C__graphite_trial_6,graphite,50C,6,42,1.554629370629384e-05,-1.554629370629384e-05,1.5158759867892058e-05,1.5546500848538373e-05,0.3502972080615916,0.04032252864204295,0.28160270269528875,1.0077691379372564,0.0
50C__graphite_trial_6,graphite,50C,6,43,1.554629370629384e-05,-1.554629370629384e-05,1.5158759867892058e-05,1.5546500848538373e-05,0.5370928366946176,0.053186469349390045,0.4530309958209623,1.017864906410182,0.0
50C__graphite_trial_6,graphite,50C,6,44,1.554629370629384e-05,-1.554629370629384e-05,1.5158759867892058e-05,1.5546500848538373e-05,0.5479296742850297,0.05951339089641759,0.5214999019999391,1.2195409089964548,0.0
50C__gypsum_trial_1,gypsum,50C,1,42,4.313006993007665e-06,-4.313006993007665e-06,3.500233100233157e-06,4.312993075294076e-06,0.35026772920694643,0.040928389832963305,0.28167567250536313,1.0077373240025465,0.0
50C__gypsum_trial_1,gypsum,50C,1,43,4.313006993007665e-06,-4.313006993007665e-06,3.500233100233157e-06,4.312993075294076e-06,0.5366902098181929,0.05394917762290442,0.452810320134247,1.0178510291813598,0.0
50C__gypsum_trial_1,gypsum,50C,1,44,4.313006993007665e-06,-4.313006993007665e-06,3.500233100233157e-06,4.312993075294076e-06,0.5475480290349398,0.060419585324372124,0.5211435618551012,1.2195462403080874,0.0
50C__gypsum_trial_2,gypsum,50C,2,42,4.088251748252418e-06,-4.088251748252418e-06,3.2615384615384407e-06,4.088234014730314e-06,0.3502677244224192,0.04092834965597781,0.28167566291632884,1.0077366886906916,0.0
50C__gypsum_trial_2,gypsum,50C,2,43,4.088251748252418e-06,-4.088251748252418e-06,3.2615384615384407e-06,4.088234014730314e-06,0.5366901950959846,0.05394916033214018,0.45281030115613113,1.0178507009058364,0.0
50C__gypsum_trial_2,gypsum,50C,2,44,4.088251748252418e-06,-4.088251748252418e-06,3.2615384615384407e-06,4.088234014730314e-06,0.5475480322667782,0.060419591657166184,0.5211435631880205,1.2195463510281845,0.0
50C__gypsum_trial_3,gypsum,50C,3,42,4.086853146853661e-06,-4.086853146853661e-06,3.3619042022409785e-06,4.086836850934098e-06,0.35029745718497796,0.04032108691440863,0.2816024697027236,1.0077389133221764,0.0
50C__gypsum_trial_3,gypsum,50C,3,43,4.086853146853661e-06,-4.086853146853661e-06,3.3619042022409785e-06,4.086836850934098e-06,0.5370913939234745,0.05318574034046547,0.45302934071209516,1.0178513835879293,0.0
50C__gypsum_trial_3,gypsum,50C,3,44,4.086853146853661e-06,-4.086853146853661e-06,3.3619042022409785e-06,4.086836850934098e-06,0.5479302924817896,0.059513801085470344,0.5215001788183469,1.2195466367856052,0.0
50C__gypsum_trial_4,gypsum,50C,4,42,3.867272727273879e-06,-3.867272727273879e-06,2.9760528711952894e-06,3.867291562337166e-06,0.35029745870585044,0.0403210368610228,0.2816024628009963,1.007738112634518,0.0
50C__gypsum_trial_4,gypsum,50C,4,43,3.867272727273879e-06,-3.867272727273879e-06,2.9760528711952894e-06,3.867291562337166e-06,0.537091368949107,0.053185718081398346,0.45302931135818436,1.0178511104655532,0.0
50C__gypsum_trial_4,gypsum,50C,4,44,3.867272727273879e-06,-3.867272727273879e-06,2.9760528711952894e-06,3.867291562337166e-06,0.547930300268913,0.05951380513243141,0.5215001815913641,1.2195465194697022,0.0
50C__gypsum_trial_5,gypsum,50C,5,42,4.491748251748886e-06,-4.491748251748886e-06,3.512416995405006e-06,4.491756903551348e-06,0.3502974591131963,0.040321054207922175,0.28160247376871994,1.007738960393751,0.0
50C__gypsum_trial_5,gypsum,50C,5,43,4.491748251748886e-06,-4.491748251748886e-06,3.512416995405006e-06,4.491756903551348e-06,0.5370914065536029,0.05318572233806831,0.45302935936953687,1.0178513437709897,0.0
50C__gypsum_trial_5,gypsum,50C,5,44,4.491748251748886e-06,-4.491748251748886e-06,3.512416995405006e-06,4.491756903551348e-06,0.5479302865044493,0.059513783466457616,0.5215001738411654,1.2195463199772314,0.0
50C__gypsum_trial_6,gypsum,50C,6,42,4.26307692307751e-06,-4.26307692307751e-06,3.199060684635005e-06,4.263102899277786e-06,0.35029746293438163,0.04032101270299178,0.28160246826733276,1.0077386062356293,0.0
50C__gypsum_trial_6,gypsum,50C,6,43,4.26307692307751e-06,-4.26307692307751e-06,3.199060684635005e-06,4.263102899277786e-06,0.5370913780898916,0.053185700953549256,0.45302932651834305,1.0178510293579695,0.0
50C__gypsum_trial_6,gypsum,50C,6,44,4.26307692307751e-06,-4.26307692307751e-06,3.199060684635005e-06,4.263102899277786e-06,0.5479302979064238,0.05951379148044487,0.5215001787946087,1.219546489142951,0.0
50C__nickel_trial_1,nickel,50C,1,42,1.7659440559441306e-05,-1.7659440559441306e-05,1.8303787422329926e-05,1.7659070540508857e-05,0.35026751081172897,0.04093014130849686,0.28167598458106496,1.0077730912870857,0.0
50C__nickel_trial_1,nickel,50C,1,43,1.7659440559441306e-05,-1.7659440559441306e-05,1.8303787422329926e-05,1.7659070540508857e-05,0.5366918097899988,0.05395004741145857,0.452812172379022,1.017866763561216,0.0
50C__nickel_trial_1,nickel,50C,1,44,1.7659440559441306e-05,-1.7659440559441306e-05,1.8303787422329926e-05,1.7659070540508857e-05,0.5475473698857939,0.06041910745319292,0.5211432660987902,1.2195395624505325,0.0
50C__nickel_trial_2,nickel,50C,2,42,1.7014685314685842e-05,-1.7014685314685842e-05,1.752308308102836e-05,1.701492443115288e-05,0.3502675021913512,0.040930059971531166,0.2816759643269943,1.0077715359712902,0.0
50C__nickel_trial_2,nickel,50C,2,43,1.7014685314685842e-05,-1.7014685314685842e-05,1.752308308102836e-05,1.701492443115288e-05,0.5366917701924956,0.053950012466716935,0.4528121209269189,1.0178661469794807,0.0
50C__nickel_trial_2,nickel,50C,2,44,1.7014685314685842e-05,-1.7014685314685842e-05,1.752308308102836e-05,1.701492443115288e-05,0.5475473801082238,0.06041912870076284,0.5211432711712471,1.2195399687283195,0.0
50C__nickel_trial_3,nickel,50C,3,42,1.7445874125874704e-05,-1.7445874125874704e-05,2.0540411303182695e-05,1.744577855472214e-05,0.3502675163731863,0.04093050018579093,0.2816760220089188,1.007777237503453,0.0
50C__nickel_trial_3,nickel,50C,3,43,1.7445874125874704e-05,-1.7445874125874704e-05,2.0540411303182695e-05,1.744577855472214e-05,0.5366918774937777,0.05395021761607109,0.45281224217711336,1.0178689523921187,0.0
50C__nickel_trial_3,nickel,50C,3,44,1.7445874125874704e-05,-1.7445874125874704e-05,2.0540411303182695e-05,1.744577855472214e-05,0.547547355620973,0.06041913647722934,0.5211432696051967,1.2195412054124213,0.0
50C__nickel_trial_4,nickel,50C,4,42,1.6884895104895908e-05,-1.6884895104895908e-05,1.7227796190663613e-05,1.6884879733218083e-05,0.35026749295576926,0.04093005020808999,0.28167595873917306,1.0077712513735333,0.0
50C__nickel_trial_4,nickel,50C,4,43,1.6884895104895908e-05,-1.6884895104895908e-05,1.7227796190663613e-05,1.6884879733218083e-05,0.5366917779321458,0.05395000990047225,0.45281212650032954,1.0178660806369728,0.0
50C__nickel_trial_4,nickel,50C,4,44,1.6884895104895908e-05,-1.6884895104895908e-05,1.7227796190663613e-05,1.6884879733218083e-05,0.5475473739130796,0.06041913357618149,0.5211432689305746,1.2195400236357479,0.0
50C__nickel_trial_5,nickel,50C,5,42,1.6314685314685988e-05,-1.6314685314685988e-05,1.6340523109933513e-05,1.6314684622635723e-05,0.35026749165862997,0.04092990375880836,0.28167593530122953,1.0077688499022999,0.0
50C__nickel_trial_5,nickel,50C,5,43,1.6314685314685988e-05,-1.6314685314685988e-05,1.6340523109933513e-05,1.6314684622635723e-05,0.5366917126108444,0.05394993818949216,0.452812049591165,1.017864993283169,0.0
50C__nickel_trial_5,nickel,50C,5,44,1.6314685314685988e-05,-1.6314685314685988e-05,1.6340523109933513e-05,1.6314684622635723e-05,0.5475473955753467,0.06041915118171182,0.5211432773569993,1.2195403129432043,0.0
50C__nickel_trial_6,nickel,50C,6,42,1.6681258741259048e-05,-1.6681258741259048e-05,1.677560350322972e-05,1.6681356850549698e-05,0.35026749860572604,0.04093007351993935,0.2816759602157723,1.0077713083021875,0.0
50C__nickel_trial_6,nickel,50C,6,43,1.6681258741259048e-05,-1.6681258741259048e-05,1.677560350322972e-05,1.6681356850549698e-05,0.5366917618475716,0.053950019610498244,0.4528121073249647,1.0178661480771338,0.0
50C__nickel_trial_6,nickel,50C,6,44,1.6681258741259048e-05,-1.6681258741259048e-05,1.677560350322972e-05,1.6681356850549698e-05,0.5475473829608948,0.06041914390868457,0.5211432742593628,1.2195402709947645,0.0
50C__pdms_trial_1,pdms,50C,1,42,1.4910489510492177e-06,-1.4910489510492177e-06,7.798095921951638e-07,1.4910452880057384e-06,0.3502975171698868,0.040320767676683876,0.2816024180977693,1.0077320763497077,0.0
50C__pdms_trial_1,pdms,50C,1,43,1.4910489510492177e-06,-1.4910489510492177e-06,7.798095921951638e-07,1.4910452880057384e-06,0.5370910617560015,0.05318558200249031,0.453028960329299,1.0178484057627617,0.0
50C__pdms_trial_1,pdms,50C,1,44,1.4910489510492177e-06,-1.4910489510492177e-06,7.798095921951638e-07,1.4910452880057384e-06,0.5479304349941299,0.05951389082164458,0.5215002422965136,1.2195474729629587,0.0
50C__pdms_trial_2,pdms,50C,2,42,1.4369230769237674e-06,-1.4369230769237674e-06,7.889662474286872e-07,1.4369269717349771e-06,0.3502975176788555,0.04032075194942597,0.28160241656996393,1.0077319896909491,0.0
50C__pdms_trial_2,pdms,50C,2,43,1.4369230769237674e-06,-1.4369230769237674e-06,7.889662474286872e-07,1.4369269717349771e-06,0.5370910553326103,0.05318557447544867,0.4530289528040723,1.0178483434578836,0.0
50C__pdms_trial_2,pdms,50C,2,44,1.4369230769237674e-06,-1.4369230769237674e-06,7.889662474286872e-07,1.4369269717349771e-06,0.5479304368109112,0.05951389166963313,0.5215002428890271,1.2195475434409537,0.0
50C__pdms_trial_3,pdms,50C,3,42,1.8179020979030907e-06,-1.8179020979030907e-06,1.2117181212275077e-06,1.8179013465035145e-06,0.3502677736487667,0.040928148320541716,0.28167562178521477,1.0077316113200772,0.0
50C__pdms_trial_3,pdms,50C,3,43,1.8179020979030907e-06,-1.8179020979030907e-06,1.2117181212275077e-06,1.8179013465035145e-06,0.53668992126182,0.053949060180196295,0.45280998543816176,1.0178485313113566,0.0
50C__pdms_trial_3,pdms,50C,3,44,1.8179020979030907e-06,-1.8179020979030907e-06,1.2117181212275077e-06,1.8179013465035145e-06,0.5475481520358184,0.06041967687035134,0.5211436187527682,1.2195473036393965,0.0
50C__pdms_trial_4,pdms,50C,4,42,1.8076923076929896e-06,-1.8076923076929896e-06,1.2065671040075408e-06,1.8077088085317548e-06,0.3502677686213259,0.04092818238865923,0.281675624045699,1.0077320373847034,0.0
50C__pdms_trial_4,pdms,50C,4,43,1.8076923076929896e-06,-1.8076923076929896e-06,1.2065671040075408e-06,1.8077088085317548e-06,0.5366899394495597,0.05394907898720386,0.4528100041081736,1.0178488320595864,0.0
50C__pdms_trial_4,pdms,50C,4,44,1.8076923076929896e-06,-1.8076923076929896e-06,1.2065671040075408e-06,1.8077088085317548e-06,0.5475481433198746,0.06041967645465392,0.5211436156989628,1.2195473232868674,0.0
50C__pdms_trial_5,pdms,50C,5,42,1.5517482517489987e-06,-1.5517482517489987e-06,1.2523661863935383e-06,1.5517593531539757e-06,0.35026778353451526,0.04092818095810894,0.2816756245276922,1.0077319072087494,0.0
50C__pdms_trial_5,pdms,50C,5,43,1.5517482517489987e-06,-1.5517482517489987e-06,1.2523661863935383e-06,1.5517593531539757e-06,0.5366898960947584,0.05394907445960997,0.45280995627366605,1.0178486536852098,0.0
50C__pdms_trial_5,pdms,50C,5,44,1.5517482517489987e-06,-1.5517482517489987e-06,1.2523661863935383e-06,1.5517593531539757e-06,0.5475481658516211,0.06041968900092761,0.5211436264164271,1.2195477091685567,0.0
50C__pdms_trial_6,pdms,50C,6,42,1.78209790209884e-06,-1.78209790209884e-06,1.2729603729609226e-06,1.7820983335397275e-06,0.35029750672585336,0.0403207815055737,0.28160242110387645,1.0077326680453573,0.0
50C__pdms_trial_6,pdms,50C,6,43,1.78209790209884e-06,-1.78209790209884e-06,1.2729603729609226e-06,1.7820983335397275e-06,0.5370911020854802,0.053185591292072135,0.45302900577854366,1.0178487002380951,0.0
50C__pdms_trial_6,pdms,50C,6,44,1.78209790209884e-06,-1.78209790209884e-06,1.2729603729609226e-06,1.7820983335397275e-06,0.5479304150560176,0.0595138777657225,0.5215002327974554,1.2195472901504951,0.0
50C__ps_foam_trial_1,ps_foam,50C,1,42,7.874125874134845e-07,-7.874125874134845e-07,6.4268651449274e-07,8.44546642125109e-07,0.350297575316287,0.04032073412062344,0.2816024205596406,1.007730394478725,0.0
50C__ps_foam_trial_1,ps_foam,50C,1,43,7.874125874134845e-07,-7.874125874134845e-07,6.4268651449274e-07,8.44546642125109e-07,0.5370909030010206,0.05318555661473545,0.45302878839495225,1.017847672127819,0.0
50C__ps_foam_trial_1,ps_foam,50C,1,44,7.874125874134845e-07,-7.874125874134845e-07,6.4268651449274e-07,8.44546642125109e-07,0.5479305167930236,0.05951392039814184,0.5215002789010165,1.2195478805465751,0.0
50C__ps_foam_trial_2,ps_foam,50C,2,42,6.774825174830348e-07,-6.774825174830348e-07,3.6356498481866437e-07,6.774749779469656e-07,0.35026782801060924,0.040928074986420995,0.2816756134373951,1.00772923133246,0.0
50C__ps_foam_trial_2,ps_foam,50C,2,43,6.774825174830348e-07,-6.774825174830348e-07,3.6356498481866437e-07,6.774749779469656e-07,0.5366897355770882,0.05394901627958411,0.4528097787741538,1.0178475452431954,0.0
50C__ps_foam_trial_2,ps_foam,50C,2,44,6.774825174830348e-07,-6.774825174830348e-07,3.6356498481866437e-07,6.774749779469656e-07,0.5475482412871564,0.06041972139952625,0.5211436595737066,1.219547803914242,0.0
50C__ps_foam_trial_3,ps_foam,50C,3,42,4.998601398609713e-07,-4.998601398609713e-07,4.146853146850052e-07,4.998569450153677e-07,0.35029756709896903,0.04032069673332876,0.2816024112028634,1.0077298664607397,0.0
50C__ps_foam_trial_3,ps_foam,50C,3,43,4.998601398609713e-07,-4.998601398609713e-07,4.146853146850052e-07,4.998569450153677e-07,0.5370908951851469,0.05318553996445809,0.4530287757341194,1.017847458246127,0.0
50C__ps_foam_trial_3,ps_foam,50C,3,44,4.998601398609713e-07,-4.998601398609713e-07,4.146853146850052e-07,4.998569450153677e-07,0.547930515626573,0.0595139278198229,0.5215002788098028,1.2195478184706268,0.0
50C__ps_foam_trial_4,ps_foam,50C,4,42,6.65314685315303e-07,-6.65314685315303e-07,4.474517079553612e-07,6.653156438933551e-07,0.35029757930055505,0.0403207275138493,0.28160241986163287,1.0077302759160118,0.0
50C__ps_foam_trial_4,ps_foam,50C,4,43,6.65314685315303e-07,-6.65314685315303e-07,4.474517079553612e-07,6.653156438933551e-07,0.5370908877938176,0.053185551705783,0.453028771150945,1.0178475990207005,0.0
50C__ps_foam_trial_4,ps_foam,50C,4,44,6.65314685315303e-07,-6.65314685315303e-07,4.474517079553612e-07,6.653156438933551e-07,0.5479305239455597,0.059513924837819934,0.5215002824035543,1.21954782665593,0.0
50C__ps_foam_trial_5,ps_foam,50C,5,42,5.180419580428589e-07,-5.180419580428589e-07,4.227590930353138e-07,5.18031112053583e-07,0.350267815942607,0.04092805617834749,0.2816756057553929,1.0077290238834382,0.0
50C__ps_foam_trial_5,ps_foam,50C,5,43,5.180419580428589e-07,-5.180419580428589e-07,4.227590930353138e-07,5.18031112053583e-07,0.5366897456552954,0.05394901297409237,0.452809785926974,1.0178475134031713,0.0
50C__ps_foam_trial_5,ps_foam,50C,5,44,5.180419580428589e-07,-5.180419580428589e-07,4.227590930353138e-07,5.18031112053583e-07,0.5475482320046744,0.060419724801320594,0.5211436556096302,1.219547944762567,0.0
50C__ps_foam_trial_6,ps_foam,50C,6,42,6.783216783228093e-07,-6.783216783228093e-07,4.004662004656115e-07,6.783312277030175e-07,0.3502975755678718,0.04032070998090342,0.2816024176723482,1.0077304189427294,0.0
50C__ps_foam_trial_6,ps_foam,50C,6,43,6.783216783228093e-07,-6.783216783228093e-07,4.004662004656115e-07,6.783312277030175e-07,0.5370908922454072,0.0531855437320648,0.4530287754954754,1.0178475147470794,0.0
50C__ps_foam_trial_6,ps_foam,50C,6,44,6.783216783228093e-07,-6.783216783228093e-07,4.004662004656115e-07,6.783312277030175e-07,0.5479305205777361,0.059513924783295834,0.5215002805993852,1.219547777611467,0.0
50C__pu_foam_trial_1,pu_foam,50C,1,42,6.76223776224674e-07,-6.76223776224674e-07,5.733138706250432e-07,6.76236905379827e-07,0.3502678077646411,0.04092808577741271,0.2816756076837816,1.0077295485482696,0.0
50C__pu_foam_trial_1,pu_foam,50C,1,43,6.76223776224674e-07,-6.76223776224674e-07,5.733138706250432e-07,6.76236905379827e-07,0.5366897754534109,0.05394902908098655,0.4528098190565093,1.0178477206334313,0.0
50C__pu_foam_trial_1,pu_foam,50C,1,44,6.76223776224674e-07,-6.76223776224674e-07,5.733138706250432e-07,6.76236905379827e-07,0.5475482184696348,0.06041971786927501,0.5211436498356903,1.2195476446588138,0.0
50C__pu_foam_trial_2,pu_foam,50C,2,42,5.869930069937008e-07,-5.869930069937008e-07,4.865662543559676e-07,5.86998235184934e-07,0.35026779968372085,0.040928067993559,0.28167560211474496,1.0077292880835425,0.0
50C__pu_foam_trial_2,pu_foam,50C,2,43,5.869930069937008e-07,-5.869930069937008e-07,4.865662543559676e-07,5.86998235184934e-07,0.5366897814234824,0.05394902310577302,0.45280982338863446,1.017847634061088,0.0
50C__pu_foam_trial_2,pu_foam,50C,2,44,5.869930069937008e-07,-5.869930069937008e-07,4.865662543559676e-07,5.86998235184934e-07,0.5475482127247111,0.060419719660049345,0.5211436472939801,1.2195476853293665,0.0
50C__pu_foam_trial_3,pu_foam,50C,3,42,6.257342657348857e-07,-6.257342657348857e-07,4.7039627039564824e-07,6.257337100585264e-07,0.35029754314643613,0.040320713949816935,0.28160240737450576,1.0077304242757177,0.0
50C__pu_foam_trial_3,pu_foam,50C,3,43,6.257342657348857e-07,-6.257342657348857e-07,4.7039627039564824e-07,6.257337100585264e-07,0.5370909517637649,0.05318555644964007,0.45302883490609813,1.0178477629511598,0.0
50C__pu_foam_trial_3,pu_foam,50C,3,44,6.257342657348857e-07,-6.257342657348857e-07,4.7039627039564824e-07,6.257337100585264e-07,0.5479304848979719,0.05951392036089076,0.521500265320715,1.219547676991864,0.0
50C__pu_foam_trial_4,pu_foam,50C,4,42,9.858741258744448e-07,-9.858741258744448e-07,4.7623754167091734e-07,9.858698024635753e-07,0.3502975805246299,0.04032072092268134,0.28160242425948867,1.0077306080207993,0.0
50C__pu_foam_trial_4,pu_foam,50C,4,43,9.858741258744448e-07,-9.858741258744448e-07,4.7623754167091734e-07,9.858698024635753e-07,0.5370909013347517,0.05318554484331047,0.45302878959048465,1.0178475511816647,0.0
50C__pu_foam_trial_4,pu_foam,50C,4,44,9.858741258744448e-07,-9.858741258744448e-07,4.7623754167091734e-07,9.858698024635753e-07,0.5479305200513662,0.05951391712192124,0.5215002796431417,1.2195477416165923,0.0
50C__pu_foam_trial_5,pu_foam,50C,5,42,8.583216783226077e-07,-8.583216783226077e-07,5.009324009321373e-07,8.583156542768154e-07,0.3502975756341336,0.040320710965997306,0.2816024226023077,1.007730770332706,0.0
50C__pu_foam_trial_5,pu_foam,50C,5,43,8.583216783226077e-07,-8.583216783226077e-07,5.009324009321373e-07,8.583156542768154e-07,0.5370909063952753,0.05318554259962284,0.4530287924981803,1.0178477218389024,0.0
50C__pu_foam_trial_5,pu_foam,50C,5,44,8.583216783226077e-07,-8.583216783226077e-07,5.009324009321373e-07,8.583156542768154e-07,0.5479305142780005,0.0595139196110885,0.521500277248233,1.2195482650882503,0.0
50C__pu_foam_trial_6,pu_foam,50C,6,42,7.844755244762252e-07,-7.844755244762252e-07,5.121212121213248e-07,7.84475555198988e-07,0.35026783583123716,0.0409280719295375,0.2816756152936128,1.0077292047645525,0.0
50C__pu_foam_trial_6,pu_foam,50C,6,43,7.844755244762252e-07,-7.844755244762252e-07,5.121212121213248e-07,7.84475555198988e-07,0.5366897221547996,0.05394900991130208,0.45280976705713805,1.0178473605735192,0.0
50C__pu_foam_trial_6,pu_foam,50C,6,44,7.844755244762252e-07,-7.844755244762252e-07,5.121212121213248e-07,7.84475555198988e-07,0.547548251150048,0.06041972030623495,0.5211436636935272,1.2195476737213007,0.0
50C__titanium_trial_1,titanium,50C,1,42,1.6830909090909986e-05,-1.6830909090909986e-05,2.085314685314792e-05,1.6831013631403666e-05,0.35026753358324564,0.04093050446732792,0.2816760185035553,1.0077763816506267,0.0
50C__titanium_trial_1,titanium,50C,1,43,1.6830909090909986e-05,-1.6830909090909986e-05,2.085314685314792e-05,1.6831013631403666e-05,0.536691810866051,0.05395021728075505,0.45281216509309624,1.017868716087282,0.0
50C__titanium_trial_1,titanium,50C,1,44,1.6830909090909986e-05,-1.6830909090909986e-05,2.085314685314792e-05,1.6831013631403666e-05,0.5475473881957372,0.060419163120956784,0.5211432862016072,1.2195416325998258,0.0
50C__titanium_trial_2,titanium,50C,2,42,1.5570629370630063e-05,-1.5570629370630063e-05,1.8265174825174423e-05,1.5570769030521208e-05,0.3502972857317502,0.040322864591014584,0.28160276002109136,1.0077729648532499,0.0
50C__titanium_trial_2,titanium,50C,2,43,1.5570629370630063e-05,-1.5570629370630063e-05,1.8265174825174423e-05,1.5570769030521208e-05,0.53709277146516,0.05318661652637809,0.45303093414262935,1.0178666377516166,0.0
50C__titanium_trial_2,titanium,50C,2,44,1.5570629370630063e-05,-1.5570629370630063e-05,1.8265174825174423e-05,1.5570769030521208e-05,0.5479297367056342,0.05951341431783138,0.521499936173919,1.2195414200592285,0.0
50C__titanium_trial_3,titanium,50C,3,42,1.711230769230838e-05,-1.711230769230838e-05,1.9633286713286667e-05,1.7112277963421006e-05,0.35029725050653726,0.04032302709499589,0.2816027892850872,1.0077766408193891,0.0
50C__titanium_trial_3,titanium,50C,3,43,1.711230769230838e-05,-1.711230769230838e-05,1.9633286713286667e-05,1.7112277963421006e-05,0.5370929631085168,0.05318669254437869,0.45303115441290737,1.017868247314545,0.0
50C__titanium_trial_3,titanium,50C,3,44,1.711230769230838e-05,-1.711230769230838e-05,1.9633286713286667e-05,1.7112277963421006e-05,0.5479296535404776,0.05951336073103357,0.5214998987157823,1.2195415004023116,0.0
50C__titanium_trial_4,titanium,50C,4,42,1.6262657342657263e-05,-1.6262657342657263e-05,1.7106386455605603e-05,1.6262798109357094e-05,0.35026750122658284,0.04092994018192102,0.2816759395393637,1.0077695545618406,0.0
50C__titanium_trial_4,titanium,50C,4,43,1.6262657342657263e-05,-1.6262657342657263e-05,1.7106386455605603e-05,1.6262798109357094e-05,0.5366916985750882,0.05394995931369421,0.45281203485131327,1.0178651824774612,0.0
50C__titanium_trial_4,titanium,50C,4,44,1.6262657342657263e-05,-1.6262657342657263e-05,1.7106386455605603e-05,1.6262798109357094e-05,0.5475474045679415,0.060419151620670596,0.521143281692044,1.2195400533624794,0.0
50C__titanium_trial_5,titanium,50C,5,42,1.621622377622476e-05,-1.621622377622476e-05,1.8817876801069547e-05,1.62163056402242e-05,0.3502972538445081,0.04032290948738351,0.2816027661527174,1.0077742692393838,0.0
50C__titanium_trial_5,titanium,50C,5,43,1.621622377622476e-05,-1.621622377622476e-05,1.8817876801069547e-05,1.62163056402242e-05,0.5370928800460855,0.05318663499940809,0.45303105509797753,1.0178672169248388,0.0
50C__titanium_trial_5,titanium,50C,5,44,1.621622377622476e-05,-1.621622377622476e-05,1.8817876801069547e-05,1.62163056402242e-05,0.5479296849275468,0.05951339296478388,0.5214999132516077,1.2195421225163747,0.0
50C__titanium_trial_6,titanium,50C,6,42,1.6021398601399244e-05,-1.6021398601399244e-05,1.578613309920784e-05,1.6021469479216558e-05,0.35029723757705106,0.040322649916737265,0.281602730339998,1.0077710642115474,0.0
50C__titanium_trial_6,titanium,50C,6,43,1.6021398601399244e-05,-1.6021398601399244e-05,1.578613309920784e-05,1.6021469479216558e-05,0.5370928353436305,0.053186518984664054,0.4530310032301253,1.0178655938038912,0.0
50C__titanium_trial_6,titanium,50C,6,44,1.6021398601399244e-05,-1.6021398601399244e-05,1.578613309920784e-05,1.6021469479216558e-05,0.5479296892157243,0.059513383483028245,0.5214999094299975,1.219540980558772,0.0
50C__wood_trial_1,wood,50C,1,42,2.542517482518659e-06,-2.542517482518659e-06,2.494952999411177e-06,2.5425445436599324e-06,0.3502677522778199,0.040928304067992735,0.28167564132914635,1.0077343795482532,0.0
50C__wood_trial_1,wood,50C,1,43,2.542517482518659e-06,-2.542517482518659e-06,2.494952999411177e-06,2.5425445436599324e-06,0.5366900402741218,0.05394914380546523,0.45281011914807306,1.0178498800237863,0.0
50C__wood_trial_1,wood,50C,1,44,2.542517482518659e-06,-2.542517482518659e-06,2.494952999411177e-06,2.5425445436599324e-06,0.5475481007788111,0.060419648068745,0.521143596997837,1.2195467105495297,0.0
50C__wood_trial_2,wood,50C,2,42,2.3679720279726245e-06,-2.3679720279726245e-06,2.4205702334448495e-06,2.367987330815496e-06,0.35026775925686776,0.04092833100145786,0.2816756442734183,1.0077345617322817,0.0
50C__wood_trial_2,wood,50C,2,43,2.3679720279726245e-06,-2.3679720279726245e-06,2.4205702334448495e-06,2.367987330815496e-06,0.5366900247890628,0.05394915498606166,0.45281010110744563,1.0178499979503088,0.0
50C__wood_trial_2,wood,50C,2,44,2.3679720279726245e-06,-2.3679720279726245e-06,2.4205702334448495e-06,2.367987330815496e-06,0.5475481099201306,0.06041965731807236,0.5211436022938951,1.2195470287556083,0.0
50C__wood_trial_3,wood,50C,3,42,2.4075524475532586e-06,-2.4075524475532586e-06,2.4453146853144766e-06,2.4075714300146752e-06,0.3502974998243557,0.040320973435979825,0.28160244555641756,1.0077356667475925,0.0
50C__wood_trial_3,wood,50C,3,43,2.4075524475532586e-06,-2.4075524475532586e-06,2.4453146853144766e-06,2.4075714300146752e-06,0.5370911926374612,0.0531856876826742,0.4530291094056408,1.017850070697538,0.0
50C__wood_trial_3,wood,50C,3,44,2.4075524475532586e-06,-2.4075524475532586e-06,2.4453146853144766e-06,2.4075714300146752e-06,0.5479303821930911,0.05951385908816935,0.5215002204031807,1.2195469630165334,0.0
50C__wood_trial_4,wood,50C,4,42,2.331188811189721e-06,-2.331188811189721e-06,2.2011434535102077e-06,2.3311663814090764e-06,0.35026775721883013,0.04092828584892794,0.28167563785264926,1.0077340094646918,0.0
50C__wood_trial_4,wood,50C,4,43,2.331188811189721e-06,-2.331188811189721e-06,2.2011434535102077e-06,2.3311663814090764e-06,0.5366900145168398,0.05394913413444822,0.45281008953543883,1.0178496833811121,0.0
50C__wood_trial_4,wood,50C,4,44,2.331188811189721e-06,-2.331188811189721e-06,2.2011434535102077e-06,2.3311663814090764e-06,0.547548112155644,0.06041965626829855,0.5211436023065712,1.2195468585796545,0.0
50C__wood_trial_5,wood,50C,5,42,2.15552447552518e-06,-2.15552447552518e-06,2.141024280899982e-06,2.155541531978818e-06,0.35029749683766076,0.04032089634740701,0.28160243288345127,1.007734447377687,0.0
50C__wood_trial_5,wood,50C,5,43,2.15552447552518e-06,-2.15552447552518e-06,2.141024280899982e-06,2.155541531978818e-06,0.537091165457263,0.053185652617835644,0.4530290770272428,1.0178495313456555,0.0
50C__wood_trial_5,wood,50C,5,44,2.15552447552518e-06,-2.15552447552518e-06,2.141024280899982e-06,2.155541531978818e-06,0.5479303895545192,0.05951386386073758,0.521500222669458,1.2195468523308879,0.0
50C__wood_trial_6,wood,50C,6,42,2.1032167832178315e-06,-2.1032167832178315e-06,2.0629347202731282e-06,2.1032403551552717e-06,0.3502974997080081,0.04032090195747075,0.28160243417142006,1.0077344995313056,0.0
50C__wood_trial_6,wood,50C,6,43,2.1032167832178315e-06,-2.1032167832178315e-06,2.0629347202731282e-06,2.1032403551552717e-06,0.5370911596965284,0.05318565494619115,0.45302907044598184,1.017849589929314,0.0
50C__wood_trial_6,wood,50C,6,44,2.1032167832178315e-06,-2.1032167832178315e-06,2.0629347202731282e-06,2.1032403551552717e-06,0.5479303925459005,0.0595138660608888,0.5215002242249182,1.2195469564320587,0.0
60C__aluminum_trial_1,aluminum,60C,1,42,2.322979020979066e-05,-2.322979020979066e-05,2.614965034965101e-05,2.3229784463229056e-05,0.3502969690256489,0.04032386680742043,0.28160287302875553,1.007794115613356,0.0
60C__aluminum_trial_1,aluminum,60C,1,43,2.322979020979066e-05,-2.322979020979066e-05,2.614965034965101e-05,2.3229784463229056e-05,0.5370940268290559,0.053187161967207575,0.4530323352163387,1.017876694399692,0.0
60C__aluminum_trial_1,aluminum,60C,1,44,2.322979020979066e-05,-2.322979020979066e-05,2.614965034965101e-05,2.3229784463229056e-05,0.5479291571395553,0.059513123567375835,0.5214996807156999,1.2195376585673867,0.0
60C__aluminum_trial_2,aluminum,60C,2,42,2.2231888111888445e-05,-2.2231888111888445e-05,2.6673416574425603e-05,2.2231932711230463e-05,0.35026726582753753,0.04093121354455135,0.2816760930461686,1.007791556255883,0.0
60C__aluminum_trial_2,aluminum,60C,2,43,2.2231888111888445e-05,-2.2231888111888445e-05,2.6673416574425603e-05,2.2231932711230463e-05,0.5366928010769292,0.053950610912436095,0.4528132608200161,1.0178760647187357,0.0
60C__aluminum_trial_2,aluminum,60C,2,44,2.2231888111888445e-05,-2.2231888111888445e-05,2.6673416574425603e-05,2.2231932711230463e-05,0.5475469237330006,0.06041895313639325,0.5211430822646458,1.2195394518246652,0.0
60C__aluminum_trial_3,aluminum,60C,3,42,2.235986013986071e-05,-2.235986013986071e-05,2.364885923088417e-05,2.236015773643443e-05,0.3502672392223428,0.04093060320717101,0.28167601938934544,1.0077847067640509,0.0
60C__aluminum_trial_3,aluminum,60C,3,43,2.235986013986071e-05,-2.235986013986071e-05,2.364885923088417e-05,2.236015773643443e-05,0.5366927039845504,0.05395033426454402,0.4528131562089843,1.0178724546799423,0.0
60C__aluminum_trial_3,aluminum,60C,3,44,2.235986013986071e-05,-2.235986013986071e-05,2.364885923088417e-05,2.236015773643443e-05,0.5475469333683666,0.06041890566263984,0.5211430702019157,1.2195362863645194,0.0
60C__aluminum_trial_4,aluminum,60C,4,42,2.2319860139860732e-05,-2.2319860139860732e-05,2.20085236891964e-05,2.2319998585044136e-05,0.3502969617464597,0.04032344943169397,0.281602816529113,1.0077882838810446,0.0
60C__aluminum_trial_4,aluminum,60C,4,43,2.2319860139860732e-05,-2.2319860139860732e-05,2.20085236891964e-05,2.2319998585044136e-05,0.5370938917549217,0.053186960535762995,0.453032179305789,1.0178738307142312,0.0
60C__aluminum_trial_4,aluminum,60C,4,44,2.2319860139860732e-05,-2.2319860139860732e-05,2.20085236891964e-05,2.2319998585044136e-05,0.5479291968340064,0.05951314145105513,0.5214996920216814,1.2195375760880947,0.0
60C__aluminum_trial_5,aluminum,60C,5,42,2.233552447552514e-05,-2.233552447552514e-05,2.4408901105892253e-05,2.2335459469640864e-05,0.350267252394082,0.04093103572502768,0.28167607050227833,1.0077894909781144,0.0
60C__aluminum_trial_5,aluminum,60C,5,43,2.233552447552514e-05,-2.233552447552514e-05,2.4408901105892253e-05,2.2335459469640864e-05,0.5366927870657371,0.053950534563655304,0.4528132455741353,1.0178750944506503,0.0
60C__aluminum_trial_5,aluminum,60C,5,44,2.233552447552514e-05,-2.233552447552514e-05,2.4408901105892253e-05,2.2335459469640864e-05,0.5475469185330345,0.0604189346323903,0.521143074827573,1.2195380636974054,0.0
60C__aluminum_trial_6,aluminum,60C,6,42,2.2075804195804656e-05,-2.2075804195804656e-05,2.2375104895104462e-05,2.207600364573417e-05,0.3502969777394069,0.04032345869923598,0.28160282000673886,1.0077881861400415,0.0
60C__aluminum_trial_6,aluminum,60C,6,43,2.2075804195804656e-05,-2.2075804195804656e-05,2.2375104895104462e-05,2.207600364573417e-05,0.5370938518969358,0.053186957459707654,0.4530321355305914,1.0178737263150144,0.0
60C__aluminum_trial_6,aluminum,60C,6,44,2.2075804195804656e-05,-2.2075804195804656e-05,2.2375104895104462e-05,2.207600364573417e-05,0.5479292189958659,0.059513156408954083,0.52149970303065,1.2195384135456566,0.0
60C__bismuth_trial_1,bismuth,60C,1,42,1.9261258741258905e-05,-1.9261258741258905e-05,1.9458983252757835e-05,1.9261589932974142e-05,0.35026734939918075,0.04093031996042059,0.2816759783313727,1.007777734070805,0.0
60C__bismuth_trial_1,bismuth,60C,1,43,1.9261258741258905e-05,-1.9261258741258905e-05,1.9458983252757835e-05,1.9261589932974142e-05,0.5366922505471688,0.05395017230678177,0.45281264509367003,1.0178691657974999,0.0
60C__bismuth_trial_1,bismuth,60C,1,44,1.9261258741258905e-05,-1.9261258741258905e-05,1.9458983252757835e-05,1.9261589932974142e-05,0.5475471447657473,0.06041903527948369,0.5211431673787967,1.2195387901720318,0.0
60C__bismuth_trial_2,bismuth,60C,2,42,1.9605454545454566e-05,-1.9605454545454566e-05,2.1607272727273275e-05,1.9605410049267188e-05,0.3502970716557747,0.04032329028347041,0.28160279686615236,1.0077831228358094,0.0
60C__bismuth_trial_2,bismuth,60C,2,43,1.9605454545454566e-05,-1.9605454545454566e-05,2.1607272727273275e-05,1.9605410049267188e-05,0.5370934997838057,0.05318685859071394,0.4530317389618387,1.0178715003849568,0.0
60C__bismuth_trial_2,bismuth,60C,2,44,1.9605454545454566e-05,-1.9605454545454566e-05,2.1607272727273275e-05,1.9605410049267188e-05,0.5479293867591861,0.059513257326882986,0.5214997808591403,1.2195400476114457,0.0
60C__bismuth_trial_3,bismuth,60C,3,42,1.9458601398602443e-05,-1.9458601398602443e-05,2.2293986013986773e-05,1.9458785004561408e-05,0.3502673622614344,0.04093071416630629,0.28167602789376855,1.007782171241836,0.0
60C__bismuth_trial_3,bismuth,60C,3,43,1.9458601398602443e-05,-1.9458601398602443e-05,2.2293986013986773e-05,1.9458785004561408e-05,0.5366923359559873,0.05395035250375235,0.45281274007033695,1.0178715680133068,0.0
60C__bismuth_trial_3,bismuth,60C,3,44,1.9458601398602443e-05,-1.9458601398602443e-05,2.2293986013986773e-05,1.9458785004561408e-05,0.5475471280831371,0.060419052910342316,0.5211431694326583,1.2195401709796518,0.0
60C__bismuth_trial_4,bismuth,60C,4,42,1.980279720279767e-05,-1.980279720279767e-05,2.268575087447537e-05,1.9802863615216593e-05,0.35029706522913473,0.04032339388387995,0.2816028079577005,1.0077846201977392,0.0
60C__bismuth_trial_4,bismuth,60C,4,43,1.980279720279767e-05,-1.980279720279767e-05,2.268575087447537e-05,1.9802863615216593e-05,0.5370935470461293,0.05318691011414034,0.4530317910864072,1.0178722240560543,0.0
60C__bismuth_trial_4,bismuth,60C,4,44,1.980279720279767e-05,-1.980279720279767e-05,2.268575087447537e-05,1.9802863615216593e-05,0.5479293689437074,0.059513254130497996,0.5214997748498162,1.2195401678650175,0.0
60C__bismuth_trial_5,bismuth,60C,5,42,1.9464895104895547e-05,-1.9464895104895547e-05,2.0564287376700387e-05,1.9464866933000426e-05,0.3502673320979917,0.04093018128922168,0.2816759610454314,1.00777651818274,0.0
60C__bismuth_trial_5,bismuth,60C,5,43,1.9464895104895547e-05,-1.9464895104895547e-05,2.0564287376700387e-05,1.9464866933000426e-05,0.5366922602154084,0.05395011184381234,0.452812656148094,1.0178684790783192,0.0
60C__bismuth_trial_5,bismuth,60C,5,44,1.9464895104895547e-05,-1.9464895104895547e-05,2.0564287376700387e-05,1.9464866933000426e-05,0.5475471301880287,0.06041901591203176,0.5211431566918303,1.2195380218215603,0.0
60C__bismuth_trial_6,bismuth,60C,6,42,1.9715384615385124e-05,-1.9715384615385124e-05,2.070646440394361e-05,1.971534606300554e-05,0.35029706141287525,0.04032322560177691,0.28160278806542405,1.007782669267602,0.0
60C__bismuth_trial_6,bismuth,60C,6,43,1.9715384615385124e-05,-1.9715384615385124e-05,2.070646440394361e-05,1.971534606300554e-05,0.5370935089261255,0.053186832755021715,0.45303174893449366,1.0178712036285658,0.0
60C__bismuth_trial_6,bismuth,60C,6,44,1.9715384615385124e-05,-1.9715384615385124e-05,2.070646440394361e-05,1.971534606300554e-05,0.5479293771335204,0.059513246302690004,0.521499774509798,1.2195394881475632,0.0
60C__cement_trial_1,cement,60C,1,42,1.0740699300699889e-05,-1.0740699300699889e-05,9.336928675410423e-06,1.0740749266529606e-05,0.35029723381487193,0.04032165573641504,0.2816025549796457,1.0077534555628989,0.0
60C__cement_trial_1,cement,60C,1,43,1.0740699300699889e-05,-1.0740699300699889e-05,9.336928675410423e-06,1.0740749266529606e-05,0.5370923166079135,0.05318604740198707,0.45303038430770476,1.0178578650732322,0.0
60C__cement_trial_1,cement,60C,1,44,1.0740699300699889e-05,-1.0740699300699889e-05,9.336928675410423e-06,1.0740749266529606e-05,0.5479298666877214,0.059513548237669654,0.5214999840163056,1.219543140202728,0.0
60C__cement_trial_2,cement,60C,2,42,8.73832167832243e-06,-8.73832167832243e-06,7.0341094331497825e-06,8.738291573276447e-06,0.35029728348163247,0.04032156556923646,0.2816025330342116,1.0077502116848496,0.0
60C__cement_trial_2,cement,60C,2,43,8.73832167832243e-06,-8.73832167832243e-06,7.0341094331497825e-06,8.738291573276447e-06,0.5370920927461812,0.05318599712962927,0.45303012574189916,1.0178565336132515,0.0
60C__cement_trial_2,cement,60C,2,44,8.73832167832243e-06,-8.73832167832243e-06,7.0341094331497825e-06,8.738291573276447e-06,0.5479299698260802,0.059513627752899166,0.521500033956325,1.2195446682034083,0.0
60C__cement_trial_3,cement,60C,3,42,8.357062937063616e-06,-8.357062937063616e-06,6.985923366726113e-06,8.357135561286314e-06,0.350297287568895,0.040321427978568844,0.28160251463577785,1.007748054402639,0.0
60C__cement_trial_3,cement,60C,3,43,8.357062937063616e-06,-8.357062937063616e-06,6.985923366726113e-06,8.357135561286314e-06,0.5370920310712236,0.05318593280157613,0.4530300555664192,1.0178555681593764,0.0
60C__cement_trial_3,cement,60C,3,44,8.357062937063616e-06,-8.357062937063616e-06,6.985923366726113e-06,8.357135561286314e-06,0.5479299912995402,0.05951363496735609,0.521500041269228,1.219544340540919,0.0
60C__cement_trial_4,cement,60C,4,42,8.343496503497236e-06,-8.343496503497236e-06,6.77860089565727e-06,8.343520571040606e-06,0.3502972926796784,0.040321446952225594,0.2816025176357403,1.0077483366479238,0.0
60C__cement_trial_4,cement,60C,4,43,8.343496503497236e-06,-8.343496503497236e-06,6.77860089565727e-06,8.343520571040606e-06,0.5370920245099605,0.053185939707600514,0.4530300490476258,1.0178556173771343,0.0
60C__cement_trial_4,cement,60C,4,44,8.343496503497236e-06,-8.343496503497236e-06,6.77860089565727e-06,8.343520571040606e-06,0.5479299966376671,0.059513637693521006,0.5215000441522452,1.2195444631289134,0.0
60C__cement_trial_5,cement,60C,5,42,8.134825174825849e-06,-8.134825174825849e-06,6.663403263403207e-06,8.134837079154419e-06,0.3502972855072572,0.040321447502902265,0.28160251264302205,1.007748050136558,0.0
60C__cement_trial_5,cement,60C,5,43,8.134825174825849e-06,-8.134825174825849e-06,6.663403263403207e-06,8.134837079154419e-06,0.5370920271363875,0.0531859438274518,0.4530300484303075,1.0178556443601767,0.0
60C__cement_trial_5,cement,60C,5,44,8.134825174825849e-06,-8.134825174825849e-06,6.663403263403207e-06,8.134837079154419e-06,0.547929992608415,0.059513643420512644,0.521500043124092,1.2195444597443437,0.0
60C__cement_trial_6,cement,60C,6,42,7.183776223776894e-06,-7.183776223776894e-06,5.295804195804346e-06,7.183752392126557e-06,0.3502972846830877,0.04032132668009462,0.28160248664067083,1.0077456755501266,0.0
60C__cement_trial_6,cement,60C,6,43,7.183776223776894e-06,-7.183776223776894e-06,5.295804195804346e-06,7.183752392126557e-06,0.5370919474506375,0.053185887030610446,0.4530299515449219,1.0178545889055253,0.0
60C__cement_trial_6,cement,60C,6,44,7.183776223776894e-06,-7.183776223776894e-06,5.295804195804346e-06,7.183752392126557e-06,0.5479300211724849,0.05951367723937806,0.5215000564990604,1.219545144499544,0.0
60C__cork_trial_1,cork,60C,1,42,2.060000000000343e-06,-2.060000000000343e-06,1.854389848765601e-06,2.059997754824726e-06,0.35026765148114286,0.04092827421582125,0.2816756005659743,1.0077337178213213,0.0
60C__cork_trial_1,cork,60C,1,43,2.060000000000343e-06,-2.060000000000343e-06,1.854389848765601e-06,2.059997754824726e-06,0.5366901964487024,0.05394916075833679,0.4528102684317822,1.017850162864107,0.0
60C__cork_trial_1,cork,60C,1,44,2.060000000000343e-06,-2.060000000000343e-06,1.854389848765601e-06,2.059997754824726e-06,0.5475480021970974,0.060419651885114736,0.5211435556860836,1.2195465674511976,0.0
60C__cork_trial_2,cork,60C,2,42,1.5930069930079893e-06,-1.5930069930079893e-06,1.5443035244777116e-06,1.593018266190899e-06,0.3502973816925496,0.040320829934856264,0.2816023826129525,1.0077333509997013,0.0
60C__cork_trial_2,cork,60C,2,43,1.5930069930079893e-06,-1.5930069930079893e-06,1.5443035244777116e-06,1.593018266190899e-06,0.5370913356226382,0.053185655890893614,0.4530292393309522,1.017849635953748,0.0
60C__cork_trial_2,cork,60C,2,44,1.5930069930079893e-06,-1.5930069930079893e-06,1.5443035244777116e-06,1.593018266190899e-06,0.5479302793898009,0.05951386650281269,0.5215001758103123,1.2195466166307876,0.0
60C__cork_trial_3,cork,60C,3,42,1.6194405594408294e-06,-1.6194405594408294e-06,1.2953533323903713e-06,1.6194669831036801e-06,0.3502676398611173,0.04092818719076779,0.2816755802187059,1.0077324314250113,0.0
60C__cork_trial_3,cork,60C,3,43,1.6194405594408294e-06,-1.6194405594408294e-06,1.2953533323903713e-06,1.6194669831036801e-06,0.5366901696058879,0.0539491225863019,0.45281023322712677,1.0178494624212968,0.0
60C__cork_trial_3,cork,60C,3,44,1.6194405594408294e-06,-1.6194405594408294e-06,1.2953533323903713e-06,1.6194669831036801e-06,0.5475480069006686,0.06041966400884115,0.5211435574786711,1.2195467337314883,0.0
60C__cork_trial_4,cork,60C,4,42,1.553146853147105e-06,-1.553146853147105e-06,1.3949650349654032e-06,1.5531540187365738e-06,0.3502676488957666,0.04092822442967146,0.28167558576586393,1.0077327250601789,0.0
60C__cork_trial_4,cork,60C,4,43,1.553146853147105e-06,-1.553146853147105e-06,1.3949650349654032e-06,1.5531540187365738e-06,0.5366901579453701,0.05394913956002582,0.4528102208737017,1.0178496503746322,0.0
60C__cork_trial_4,cork,60C,4,44,1.553146853147105e-06,-1.553146853147105e-06,1.3949650349654032e-06,1.5531540187365738e-06,0.5475480154566342,0.06041966868825625,0.5211435621791659,1.2195467845455514,0.0
60C__cork_trial_5,cork,60C,5,42,1.422657342658117e-06,-1.422657342658117e-06,1.2676200591009608e-06,1.4226429831153728e-06,0.35029739433003293,0.04032080640048629,0.28160238175998525,1.0077328318458825,0.0
60C__cork_trial_5,cork,60C,5,43,1.422657342658117e-06,-1.422657342658117e-06,1.2676200591009608e-06,1.4226429831153728e-06,0.5370912967275682,0.0531856405638664,0.4530291970642659,1.0178493393358394,0.0
60C__cork_trial_5,cork,60C,5,44,1.422657342658117e-06,-1.422657342658117e-06,1.2676200591009608e-06,1.4226429831153728e-06,0.5479302990465813,0.059513874995966644,0.5215001845378048,1.219546725157798,0.0
60C__cork_trial_6,cork,60C,6,42,1.5874125874129619e-06,-1.5874125874129619e-06,1.4664111218330722e-06,1.5874212383537326e-06,0.3502676542846638,0.040928139911266655,0.28167557960333894,1.0077315648952285,0.0
60C__cork_trial_6,cork,60C,6,43,1.5874125874129619e-06,-1.5874125874129619e-06,1.4664111218330722e-06,1.5874212383537326e-06,0.5366901296842277,0.05394909581916148,0.4528101917761476,1.0178491091263266,0.0
60C__cork_trial_6,cork,60C,6,44,1.5874125874129619e-06,-1.5874125874129619e-06,1.4664111218330722e-06,1.5874212383537326e-06,0.5475480261428488,0.06041966466993699,0.521143564734059,1.2195466493729321,0.0
60C__copper_trial_1,copper,60C,1,42,2.184783216783266e-05,-2.184783216783266e-05,2.3774544782946835e-05,2.184818474786168e-05,0.35029696806042204,0.040323558082154556,0.28160282507899403,1.0077890564603695,0.0
60C__copper_trial_1,copper,60C,1,43,2.184783216783266e-05,-2.184783216783266e-05,2.3774544782946835e-05,2.184818474786168e-05,0.5370938828756359,0.053187004379135816,0.45303216485092684,1.0178743271048134,0.0
60C__copper_trial_1,copper,60C,1,44,2.184783216783266e-05,-2.184783216783266e-05,2.3774544782946835e-05,2.184818474786168e-05,0.5479292068215444,0.05951317172786515,0.521499701438735,1.2195391788338958,0.0
60C__copper_trial_2,copper,60C,2,42,2.2277062937063564e-05,-2.2277062937063564e-05,2.2169696969697502e-05,2.2277050152215958e-05,0.35029694566992986,0.040323391051362886,0.28160280421304046,1.0077876029235595,0.0
60C__copper_trial_2,copper,60C,2,43,2.2277062937063564e-05,-2.2277062937063564e-05,2.2169696969697502e-05,2.2277050152215958e-05,0.5370939044160308,0.05318693814338491,0.4530321906392328,1.017873518669736,0.0
60C__copper_trial_2,copper,60C,2,44,2.2277062937063564e-05,-2.2277062937063564e-05,2.2169696969697502e-05,2.2277050152215958e-05,0.5479291843720495,0.05951313721983237,0.5214996852908442,1.2195373912713354,0.0
60C__copper_trial_3,copper,60C,3,42,2.1707132867133678e-05,-2.1707132867133678e-05,2.4473567216470266e-05,2.1707194393223785e-05,0.3502969845935688,0.04032359803524447,0.28160283339313663,1.0077892867909974,0.0
60C__copper_trial_3,copper,60C,3,43,2.1707132867133678e-05,-2.1707132867133678e-05,2.4473567216470266e-05,2.1707194393223785e-05,0.537093855060965,0.053187015658572465,0.4530321351440677,1.0178744368054227,0.0
60C__copper_trial_3,copper,60C,3,44,2.1707132867133678e-05,-2.1707132867133678e-05,2.4473567216470266e-05,2.1707194393223785e-05,0.5479292254712914,0.0595131852645183,0.5214997112952673,1.2195399959146587,0.0
60C__copper_trial_4,copper,60C,4,42,2.18262937062946e-05,-2.18262937062946e-05,2.2469090909092602e-05,2.1826521828790998e-05,0.3502969661253593,0.04032344703392441,0.28160281178836144,1.0077876800972503,0.0
60C__copper_trial_4,copper,60C,4,43,2.18262937062946e-05,-2.18262937062946e-05,2.2469090909092602e-05,2.1826521828790998e-05,0.5370938568285302,0.053186952587472934,0.4530321366572084,1.017873580794134,0.0
60C__copper_trial_4,copper,60C,4,44,2.18262937062946e-05,-2.18262937062946e-05,2.2469090909092602e-05,2.1826521828790998e-05,0.5479292135912566,0.05951316671930189,0.5214997017486441,1.2195387707473389,0.0
60C__copper_trial_5,copper,60C,5,42,2.1580419580420748e-05,-2.1580419580420748e-05,2.484867132867227e-05,2.158065948901695e-05,0.3502969747632032,0.04032362836931239,0.28160283122760515,1.007789650366717,0.0
60C__copper_trial_5,copper,60C,5,43,2.1580419580420748e-05,-2.1580419580420748e-05,2.484867132867227e-05,2.158065948901695e-05,0.5370938733256542,0.05318703431480933,0.45303215199984215,1.0178746306150503,0.0
60C__copper_trial_5,copper,60C,5,44,2.1580419580420748e-05,-2.1580419580420748e-05,2.484867132867227e-05,2.158065948901695e-05,0.547929215831083,0.05951319029412422,0.5214997083277384,1.2195400889305361,0.0
60C__copper_trial_6,copper,60C,6,42,2.1197482517483143e-05,-2.1197482517483143e-05,2.3102377622378408e-05,2.1197466552557913e-05,0.3502672707772259,0.04093082410667136,0.28167603955438464,1.0077855737403851,0.0
60C__copper_trial_6,copper,60C,6,43,2.1197482517483143e-05,-2.1197482517483143e-05,2.3102377622378408e-05,2.1197466552557913e-05,0.5366926374577371,0.05395041699276171,0.45281307405060983,1.0178731872624431,0.0
60C__copper_trial_6,copper,60C,6,44,2.1197482517483143e-05,-2.1197482517483143e-05,2.3102377622378408e-05,2.1197466552557913e-05,0.5475469811141475,0.06041898370196105,0.5211431026698875,1.219539829446525,0.0
60C__iron_trial_1,iron,60C,1,42,2.1846013986014665e-05,-2.1846013986014665e-05,2.3848700319288965e-05,2.184627952031948e-05,0.3502969697216057,0.04032356440758528,0.2816028262478626,1.0077889584622002,0.0
60C__iron_trial_1,iron,60C,1,43,2.1846013986014665e-05,-2.1846013986014665e-05,2.3848700319288965e-05,2.184627952031948e-05,0.5370938813864317,0.0531870081398534,0.45303216321562484,1.017874372217478,0.0
60C__iron_trial_1,iron,60C,1,44,2.1846013986014665e-05,-2.1846013986014665e-05,2.3848700319288965e-05,2.184627952031948e-05,0.5479292081834686,0.05951317269483902,0.5214997021445471,1.219539087504037,0.0
60C__iron_trial_2,iron,60C,2,42,2.1839160839161277e-05,-2.1839160839161277e-05,2.2255098291470987e-05,2.1838883192823722e-05,0.35026723638172164,0.040930636299320394,0.2816760153813061,1.0077845495305564,0.0
60C__iron_trial_2,iron,60C,2,43,2.1839160839161277e-05,-2.1839160839161277e-05,2.2255098291470987e-05,2.1838883192823722e-05,0.5366926891110944,0.05395034944216638,0.4528131332605676,1.017872506742554,0.0
60C__iron_trial_2,iron,60C,2,44,2.1839160839161277e-05,-2.1839160839161277e-05,2.2255098291470987e-05,2.1838883192823722e-05,0.5475469401945907,0.060418932083810384,0.5211430764839892,1.219537157425177,0.0
60C__iron_trial_3,iron,60C,3,42,2.1475944055944604e-05,-2.1475944055944604e-05,2.233892140382672e-05,2.1475939593925844e-05,0.3502672255575662,0.040930339288781384,0.2816759752975379,1.0077807441389328,0.0
60C__iron_trial_3,iron,60C,3,43,2.1475944055944604e-05,-2.1475944055944604e-05,2.233892140382672e-05,2.1475939593925844e-05,0.5366926148753431,0.05395020805322144,0.45281304865502875,1.0178705394895193,0.0
60C__iron_trial_3,iron,60C,3,44,2.1475944055944604e-05,-2.1475944055944604e-05,2.233892140382672e-05,2.1475939593925844e-05,0.5475469578240449,0.0604189320244654,0.5211430786270197,1.2195367245887514,0.0
60C__iron_trial_4,iron,60C,4,42,2.157818181818265e-05,-2.157818181818265e-05,2.351534910511341e-05,2.157829095878047e-05,0.350267272164089,0.04093089300412635,0.28167605196812534,1.007787251289183,0.0
60C__iron_trial_4,iron,60C,4,43,2.157818181818265e-05,-2.157818181818265e-05,2.351534910511341e-05,2.157829095878047e-05,0.5366926728301099,0.0539504534430064,0.45281311659048173,1.017873771530607,0.0
60C__iron_trial_4,iron,60C,4,44,2.157818181818265e-05,-2.157818181818265e-05,2.351534910511341e-05,2.157829095878047e-05,0.5475469685562778,0.060418968360592504,0.5211430968732027,1.2195393391380764,0.0
60C__iron_trial_5,iron,60C,5,42,2.1745314685315555e-05,-2.1745314685315555e-05,2.197249417249447e-05,2.174515827040281e-05,0.35029696672851657,0.04032316674277341,0.2816027803575811,1.0077842317565815,0.0
60C__iron_trial_5,iron,60C,5,43,2.1745314685315555e-05,-2.1745314685315555e-05,2.197249417249447e-05,2.174515827040281e-05,0.5370937814813291,0.053186824118187946,0.4530320551749181,1.0178717959598484,0.0
60C__iron_trial_5,iron,60C,5,44,2.1745314685315555e-05,-2.1745314685315555e-05,2.197249417249447e-05,2.174515827040281e-05,0.5479292348781093,0.05951315224334576,0.5214997040999897,1.219537253466435,0.0
60C__iron_trial_6,iron,60C,6,42,2.198545454545572e-05,-2.198545454545572e-05,2.55935664335668e-05,2.1985510117624642e-05,0.3502969804530548,0.040323718134413,0.281602847478582,1.0077911225190535,0.0
60C__iron_trial_6,iron,60C,6,43,2.198545454545572e-05,-2.198545454545572e-05,2.55935664335668e-05,2.1985510117624642e-05,0.5370939060428211,0.053187077338387824,0.45303219238677256,1.0178753062993147,0.0
60C__iron_trial_6,iron,60C,6,44,2.198545454545572e-05,-2.198545454545572e-05,2.55935664335668e-05,2.1985510117624642e-05,0.5479292068709386,0.05951317754560963,0.5214997047483947,1.2195398059813163,0.0
60C__graphite_trial_1,graphite,60C,1,42,2.0463776223777173e-05,-2.0463776223777173e-05,2.080470611791471e-05,2.0464017483368664e-05,0.3502970182949718,0.040322822645333774,0.2816027440113868,1.0077787209952584,0.0
60C__graphite_trial_1,graphite,60C,1,43,2.0463776223777173e-05,-2.0463776223777173e-05,2.080470611791471e-05,2.0464017483368664e-05,0.5370935332642297,0.05318664555089003,0.4530317801907656,1.017869056471514,0.0
60C__graphite_trial_1,graphite,60C,1,44,2.0463776223777173e-05,-2.0463776223777173e-05,2.080470611791471e-05,2.0464017483368664e-05,0.5479293406706096,0.059513190970532495,0.5214997465054525,1.2195377535343916,0.0
60C__graphite_trial_2,graphite,60C,2,42,2.147202797202891e-05,-2.147202797202891e-05,2.3350489510490707e-05,2.1472188641200964e-05,0.3502970282542474,0.040323523067087044,0.28160283371458433,1.0077879936465586,0.0
60C__graphite_trial_2,graphite,60C,2,43,2.147202797202891e-05,-2.147202797202891e-05,2.3350489510490707e-05,2.1472188641200964e-05,0.537093739644822,0.05318697730388202,0.4530320135552116,1.0178737296511204,0.0
60C__graphite_trial_2,graphite,60C,2,44,2.147202797202891e-05,-2.147202797202891e-05,2.3350489510490707e-05,2.1472188641200964e-05,0.5479292826360704,0.059513188153762664,0.5214997341525747,1.219539075948226,0.0
60C__graphite_trial_3,graphite,60C,3,42,2.1119860139861028e-05,-2.1119860139861028e-05,2.3265454545454487e-05,2.1119761704084307e-05,0.35029702103838345,0.04032349548394417,0.28160282430805983,1.007787565359822,0.0
60C__graphite_trial_3,graphite,60C,3,43,2.1119860139861028e-05,-2.1119860139861028e-05,2.3265454545454487e-05,2.1119761704084307e-05,0.5370937281547739,0.053186964841805795,0.4530319962337965,1.0178735002806547,0.0
60C__graphite_trial_3,graphite,60C,3,44,2.1119860139861028e-05,-2.1119860139861028e-05,2.3265454545454487e-05,2.1119761704084307e-05,0.547929284061965,0.05951320124121763,0.5214997356447929,1.219539540521543,0.0
60C__graphite_trial_4,graphite,60C,4,42,2.1008111888111934e-05,-2.1008111888111934e-05,2.031916162424435e-05,2.1008387372857074e-05,0.35029700091646954,0.04032322330400447,0.2816027877352884,1.0077839939719861,0.0
60C__graphite_trial_4,graphite,60C,4,43,2.1008111888111934e-05,-2.1008111888111934e-05,2.031916162424435e-05,2.1008387372857074e-05,0.5370936929242832,0.053186841954374973,0.4530319551882768,1.0178718420156494,0.0
60C__graphite_trial_4,graphite,60C,4,44,2.1008111888111934e-05,-2.1008111888111934e-05,2.031916162424435e-05,2.1008387372857074e-05,0.547929283027988,0.05951318792944904,0.5214997290993338,1.2195383673136544,0.0
60C__graphite_trial_5,graphite,60C,5,42,2.1022377622378343e-05,-2.1022377622378343e-05,2.135890701321021e-05,2.10220467830305e-05,0.3502672992223021,0.04093070949445705,0.28167603150950726,1.0077842170602884,0.0
60C__graphite_trial_5,graphite,60C,5,43,2.1022377622378343e-05,-2.1022377622378343e-05,2.135890701321021e-05,2.10220467830305e-05,0.5366925440195078,0.0539503670601304,0.4528129748961576,1.0178724434799624,0.0
60C__graphite_trial_5,graphite,60C,5,44,2.1022377622378343e-05,-2.1022377622378343e-05,2.135890701321021e-05,2.10220467830305e-05,0.5475470217312158,0.060418977664345064,0.5211431167759479,1.219538476316951,0.0
60C__graphite_trial_6,graphite,60C,6,42,2.1613146853147885e-05,-2.1613146853147885e-05,2.262337523784453e-05,2.1613027924211688e-05,0.3502969877532959,0.04032320169902609,0.281602787504071,1.0077845417379028,0.0
60C__graphite_trial_6,graphite,60C,6,43,2.1613146853147885e-05,-2.1613146853147885e-05,2.262337523784453e-05,2.1613027924211688e-05,0.5370937424523378,0.05318684171643075,0.45303201413428207,1.0178719851101077,0.0
60C__graphite_trial_6,graphite,60C,6,44,2.1613146853147885e-05,-2.1613146853147885e-05,2.262337523784453e-05,2.1613027924211688e-05,0.5479292563968097,0.059513153329235645,0.5214997138484406,1.219537054226301,0.0
60C__gypsum_trial_1,gypsum,60C,1,42,7.404895104896371e-06,-7.404895104896371e-06,6.332012649485546e-06,7.404862022235748e-06,0.35026756760282485,0.04092883787286343,0.2816757160313193,1.00774647948838,0.0
60C__gypsum_trial_1,gypsum,60C,1,43,7.404895104896371e-06,-7.404895104896371e-06,6.332012649485546e-06,7.404862022235748e-06,0.5366908011278345,0.0539494282566025,0.4528109724327872,1.0178555049378997,0.0
60C__gypsum_trial_1,gypsum,60C,1,44,7.404895104896371e-06,-7.404895104896371e-06,6.332012649485546e-06,7.404862022235748e-06,0.5475477520202306,0.06041946554799434,0.5211434412127173,1.2195447909079726,0.0
60C__gypsum_trial_2,gypsum,60C,2,42,6.444195804196731e-06,-6.444195804196731e-06,6.481818181817457e-06,6.444284375132592e-06,0.3502675708866088,0.04092841558298821,0.2816756566527216,1.0077405026218262,0.0
60C__gypsum_trial_2,gypsum,60C,2,43,6.444195804196731e-06,-6.444195804196731e-06,6.481818181817457e-06,6.444284375132592e-06,0.5366906334567072,0.05394922933192432,0.4528107821596376,1.0178525474622893,0.0
60C__gypsum_trial_2,gypsum,60C,2,44,6.444195804196731e-06,-6.444195804196731e-06,6.481818181817457e-06,6.444284375132592e-06,0.5475478066909061,0.06041947957627371,0.5211434580732863,1.2195441052346943,0.0
60C__gypsum_trial_3,gypsum,60C,3,42,6.040839160839791e-06,-6.040839160839791e-06,5.242979206914258e-06,6.040817752683862e-06,0.3502973454895682,0.04032119929919568,0.2816024739672935,1.0077426510844991,0.0
60C__gypsum_trial_3,gypsum,60C,3,43,6.040839160839791e-06,-6.040839160839791e-06,5.242979206914258e-06,6.040817752683862e-06,0.5370917369979586,0.05318581912994513,0.453029719280777,1.017853176721519,0.0
60C__gypsum_trial_3,gypsum,60C,3,44,6.040839160839791e-06,-6.040839160839791e-06,5.242979206914258e-06,6.040817752683862e-06,0.5479301209744812,0.05951371646043815,0.5215001001663551,1.2195449854564,0.0
60C__gypsum_trial_4,gypsum,60C,4,42,5.943076923077832e-06,-5.943076923077832e-06,5.057277788186526e-06,5.9431041016587175e-06,0.3502973454799302,0.040321313043875304,0.28160248506151153,1.007743961070488,0.0
60C__gypsum_trial_4,gypsum,60C,4,43,5.943076923077832e-06,-5.943076923077832e-06,5.057277788186526e-06,5.9431041016587175e-06,0.5370917607950899,0.05318587472464228,0.453029743280049,1.017853938605132,0.0
60C__gypsum_trial_4,gypsum,60C,4,44,5.943076923077832e-06,-5.943076923077832e-06,5.057277788186526e-06,5.9431041016587175e-06,0.547930114153308,0.059513725236137426,0.5215001001812223,1.2195455003824438,0.0
60C__gypsum_trial_5,gypsum,60C,5,42,5.960559440559799e-06,-5.960559440559799e-06,5.583780473824344e-06,5.960568547024242e-06,0.35026761619885144,0.04092872030828678,0.2816756963214731,1.0077433495668227,0.0
60C__gypsum_trial_5,gypsum,60C,5,43,5.960559440559799e-06,-5.960559440559799e-06,5.583780473824344e-06,5.960568547024242e-06,0.5366905968947295,0.053949363712431864,0.4528107415458023,1.017854084723829,0.0
60C__gypsum_trial_5,gypsum,60C,5,44,5.960559440559799e-06,-5.960559440559799e-06,5.583780473824344e-06,5.960568547024242e-06,0.5475478465309594,0.06041952271543862,0.5211434847370381,1.2195455874909265,0.0
60C__gypsum_trial_6,gypsum,60C,6,42,5.8759440559450924e-06,-5.8759440559450924e-06,5.060339163258983e-06,5.875960101658077e-06,0.3502676187019851,0.0409286214080257,0.28167568502056645,1.0077419686876634,0.0
60C__gypsum_trial_6,gypsum,60C,6,43,5.8759440559450924e-06,-5.8759440559450924e-06,5.060339163258983e-06,5.875960101658077e-06,0.5366905623909975,0.05394931672591051,0.452810703960427,1.0178534222477447,0.0
60C__gypsum_trial_6,gypsum,60C,6,44,5.8759440559450924e-06,-5.8759440559450924e-06,5.060339163258983e-06,5.875960101658077e-06,0.5475478581499587,0.06041952095190432,0.5211434876221104,1.2195451701197066,0.0
60C__nickel_trial_1,nickel,60C,1,42,2.132699300699337e-05,-2.132699300699337e-05,2.078531468531486e-05,2.1327108814144758e-05,0.3502672696748036,0.040930520714295496,0.2816760072047024,1.00778232455141,0.0
60C__nickel_trial_1,nickel,60C,1,43,2.132699300699337e-05,-2.132699300699337e-05,2.078531468531486e-05,2.1327108814144758e-05,0.5366925697186499,0.053950278457168835,0.45281300327740365,1.0178713645716495,0.0
60C__nickel_trial_1,nickel,60C,1,44,2.132699300699337e-05,-2.132699300699337e-05,2.078531468531486e-05,2.1327108814144758e-05,0.547546997631013,0.060418957986370946,0.5211431012979443,1.2195379747257842,0.0
60C__nickel_trial_2,nickel,60C,2,42,2.146195804195877e-05,-2.146195804195877e-05,2.1069126951480176e-05,2.1461798307893908e-05,0.3502969768887239,0.04032331225141357,0.2816027971351538,1.007785622814116,0.0
60C__nickel_trial_2,nickel,60C,2,43,2.146195804195877e-05,-2.146195804195877e-05,2.1069126951480176e-05,2.1461798307893908e-05,0.5370937863630743,0.05318688795917618,0.4530320577763343,1.0178726846788198,0.0
60C__nickel_trial_2,nickel,60C,2,44,2.146195804195877e-05,-2.146195804195877e-05,2.1069126951480176e-05,2.1461798307893908e-05,0.5479292404810634,0.05951317464986981,0.5214997113877116,1.2195385471908111,0.0
60C__nickel_trial_3,nickel,60C,3,42,2.1359300699301596e-05,-2.1359300699301596e-05,2.1737163859438142e-05,2.135901346603374e-05,0.35029696506566843,0.040322990805438205,0.28160275713301164,1.0077818081252594,0.0
60C__nickel_trial_3,nickel,60C,3,43,2.1359300699301596e-05,-2.1359300699301596e-05,2.1737163859438142e-05,2.135901346603374e-05,0.5370937223742182,0.05318673990087954,0.453031987174844,1.0178706308414989,0.0
60C__nickel_trial_3,nickel,60C,3,44,2.1359300699301596e-05,-2.1359300699301596e-05,2.1737163859438142e-05,2.135901346603374e-05,0.5479292522526362,0.05951315862518005,0.5214997089404547,1.2195372945052207,0.0
60C__nickel_trial_4,nickel,60C,4,42,2.1772447552447882e-05,-2.1772447552447882e-05,2.5583333100326146e-05,2.1772377626392532e-05,0.3502672602147178,0.04093108658192911,0.2816760711603426,1.007789561444679,0.0
60C__nickel_trial_4,nickel,60C,4,43,2.1772447552447882e-05,-2.1772447552447882e-05,2.5583333100326146e-05,2.1772377626392532e-05,0.5366927535104543,0.05395055010357389,0.4528132037115616,1.0178750843812836,0.0
60C__nickel_trial_4,nickel,60C,4,44,2.1772447552447882e-05,-2.1772447552447882e-05,2.5583333100326146e-05,2.1772377626392532e-05,0.5475469381588385,0.06041896828487218,0.5211430876328026,1.2195395852288515,0.0
60C__nickel_trial_5,nickel,60C,5,42,2.1610069930070447e-05,-2.1610069930070447e-05,2.1296174087294135e-05,2.1610326039909085e-05,0.35026724948528015,0.04093065595788962,0.2816760185200592,1.0077841247100037,0.0
60C__nickel_trial_5,nickel,60C,5,43,2.1610069930070447e-05,-2.1610069930070447e-05,2.1296174087294135e-05,2.1610326039909085e-05,0.5366926562517437,0.05395035207206077,0.45281309679940296,1.01787241277616,0.0
60C__nickel_trial_5,nickel,60C,5,44,2.1610069930070447e-05,-2.1610069930070447e-05,2.1296174087294135e-05,2.1610326039909085e-05,0.5475469597388503,0.060418948090259716,0.5211430867846121,1.2195376384125427,0.0
60C__nickel_trial_6,nickel,60C,6,42,2.1582097902098996e-05,-2.1582097902098996e-05,2.092237762237742e-05,2.1582096209615457e-05,0.35029696132045995,0.040323291525974046,0.28160279039455355,1.007785376657755,0.0
60C__nickel_trial_6,nickel,60C,6,43,2.1582097902098996e-05,-2.1582097902098996e-05,2.092237762237742e-05,2.1582096209615457e-05,0.5370938147622529,0.053186884150569914,0.45303208796201083,1.0178726067112807,0.0
60C__nickel_trial_6,nickel,60C,6,44,2.1582097902098996e-05,-2.1582097902098996e-05,2.092237762237742e-05,2.1582096209615457e-05,0.5479292234215339,0.05951316574926755,0.5214997029351707,1.219538010581699,0.0
60C__pdms_trial_1,pdms,60C,1,42,3.259720279721423e-06,-3.259720279721423e-06,2.1909636555555306e-06,3.2597119503237506e-06,0.3502973907787935,0.040320913346838454,0.28160241908588773,1.0077361017639554,0.0
60C__pdms_trial_1,pdms,60C,1,43,3.259720279721423e-06,-3.259720279721423e-06,2.1909636555555306e-06,3.2597119503237506e-06,0.5370914306782715,0.05318567840332862,0.45302936257934545,1.0178503804658878,0.0
60C__pdms_trial_1,pdms,60C,1,44,3.259720279721423e-06,-3.259720279721423e-06,2.1909636555555306e-06,3.2597119503237506e-06,0.5479302502358492,0.05951381770588905,0.5215001598574146,1.2195464875562683,0.0
60C__pdms_trial_2,pdms,60C,2,42,2.3489510489520466e-06,-2.3489510489520466e-06,1.5477218123440169e-06,2.348953597883383e-06,0.3502973956858021,0.04032077987976397,0.2816023939094859,1.0077334301910439,0.0
60C__pdms_trial_2,pdms,60C,2,43,2.3489510489520466e-06,-2.3489510489520466e-06,1.5477218123440169e-06,2.348953597883383e-06,0.537091339556074,0.05318561721547456,0.4530292545612416,1.0178493059143832,0.0
60C__pdms_trial_2,pdms,60C,2,44,2.3489510489520466e-06,-2.3489510489520466e-06,1.5477218123440169e-06,2.348953597883383e-06,0.5479302836050162,0.05951384514735904,0.5215001744276434,1.2195466354792441,0.0
60C__pdms_trial_3,pdms,60C,3,42,2.5121678321686058e-06,-2.5121678321686058e-06,1.858508158508309e-06,2.512171861802551e-06,0.3502973975762783,0.04032082996946793,0.2816024015711853,1.007734229006387,0.0
60C__pdms_trial_3,pdms,60C,3,43,2.5121678321686058e-06,-2.5121678321686058e-06,1.858508158508309e-06,2.512171861802551e-06,0.5370913565606779,0.05318564165449587,0.4530292749192292,1.0178496674381816,0.0
60C__pdms_trial_3,pdms,60C,3,44,2.5121678321686058e-06,-2.5121678321686058e-06,1.858508158508309e-06,2.512171861802551e-06,0.5479302787070417,0.05951384010680303,0.5215001727279938,1.2195465357085202,0.0
60C__pdms_trial_4,pdms,60C,4,42,1.973706293707713e-06,-1.973706293707713e-06,1.3502111527339752e-06,1.973715112519239e-06,0.35029739803090076,0.040320781378181236,0.28160238817163674,1.0077330011024093,0.0
60C__pdms_trial_4,pdms,60C,4,43,1.973706293707713e-06,-1.973706293707713e-06,1.3502111527339752e-06,1.973715112519239e-06,0.5370913130574011,0.05318562094082578,0.4530292218338831,1.0178491730912445,0.0
60C__pdms_trial_4,pdms,60C,4,44,1.973706293707713e-06,-1.973706293707713e-06,1.3502111527339752e-06,1.973715112519239e-06,0.5479302951685651,0.05951385938012386,0.5215001807282308,1.219546871060607,0.0
60C__pdms_trial_5,pdms,60C,5,42,1.5427972027978005e-06,-1.5427972027978005e-06,9.615027747682768e-07,1.5427996429216704e-06,0.3502676615558615,0.04092810055303139,0.28167557811066873,1.0077310892375875,0.0
60C__pdms_trial_5,pdms,60C,5,43,1.5427972027978005e-06,-1.5427972027978005e-06,9.615027747682768e-07,1.5427996429216704e-06,0.5366901048533756,0.05394907049137835,0.4528101655402413,1.017848754172713,0.0
60C__pdms_trial_5,pdms,60C,5,44,1.5427972027978005e-06,-1.5427972027978005e-06,9.615027747682768e-07,1.5427996429216704e-06,0.5475480386175161,0.06041967064977769,0.5211435698655077,1.2195469554877358,0.0
60C__pdms_trial_6,pdms,60C,6,42,1.7699300699312165e-06,-1.7699300699312165e-06,1.0885426595498918e-06,1.7699388357151823e-06,0.3502676562108808,0.040928168801987436,0.28167558706476603,1.0077320795300986,0.0
60C__pdms_trial_6,pdms,60C,6,43,1.7699300699312165e-06,-1.7699300699312165e-06,1.0885426595498918e-06,1.7699388357151823e-06,0.5366901449348028,0.05394910510567176,0.4528102104330311,1.0178492909495953,0.0
60C__pdms_trial_6,pdms,60C,6,44,1.7699300699312165e-06,-1.7699300699312165e-06,1.0885426595498918e-06,1.7699388357151823e-06,0.5475480227255682,0.06041966404124331,0.5211435636951184,1.2195468708556185,0.0
60C__ps_foam_trial_1,ps_foam,60C,1,42,1.2204662004643195e-06,-1.12573426573441e-06,1.804078274666293e-06,1.4859247050145605e-06,0.35029755815151425,0.04032087536958273,0.28160243647481586,1.0077333306278342,0.0
60C__ps_foam_trial_1,ps_foam,60C,1,43,1.2204662004643195e-06,-1.12573426573441e-06,1.804078274666293e-06,1.4859247050145605e-06,0.5370909914054243,0.05318562884329685,0.45302888510447514,1.0178489750030368,0.0
60C__ps_foam_trial_1,ps_foam,60C,1,44,1.2204662004643195e-06,-1.12573426573441e-06,1.804078274666293e-06,1.4859247050145605e-06,0.547930477752309,0.05951390696163256,0.5215002638697872,1.2195473318418033,0.0
60C__ps_foam_trial_2,ps_foam,60C,2,42,1.4915151515131932e-06,-1.2246153846160682e-06,1.55575621086897e-06,1.7962614740948347e-06,0.35029753478701287,0.04032082023156592,0.2816024226237625,1.007732321926433,0.0
60C__ps_foam_trial_2,ps_foam,60C,2,43,1.4915151515131932e-06,-1.2246153846160682e-06,1.55575621086897e-06,1.7962614740948347e-06,0.5370910231264409,0.05318560857458634,0.4530289183252683,1.0178486244683735,0.0
60C__ps_foam_trial_2,ps_foam,60C,2,44,1.4915151515131932e-06,-1.2246153846160682e-06,1.55575621086897e-06,1.7962614740948347e-06,0.5479304556777659,0.05951389430057062,0.5215002525388854,1.2195465476070009,0.0
60C__ps_foam_trial_3,ps_foam,60C,3,42,1.40708624708438e-06,-1.375804195804858e-06,2.8993006993003228e-06,1.7834130975882471e-06,0.35029752094891214,0.04032098534050713,0.28160243943311275,1.007735033520147,0.0
60C__ps_foam_trial_3,ps_foam,60C,3,43,1.40708624708438e-06,-1.375804195804858e-06,2.8993006993003228e-06,1.7834130975882471e-06,0.5370911019127662,0.053185695466162676,0.45302900145651687,1.017849957659059,0.0
60C__ps_foam_trial_3,ps_foam,60C,3,44,1.40708624708438e-06,-1.375804195804858e-06,2.8993006993003228e-06,1.7834130975882471e-06,0.5479304243581793,0.059513900520421284,0.5215002423495273,1.2195485322650363,0.0
60C__ps_foam_trial_4,ps_foam,60C,4,42,1.1846153846159805e-06,-1.1846153846159805e-06,1.6575932577003044e-06,1.5371181215115711e-06,0.3502677771422676,0.040928160977628976,0.28167561171345945,1.0077304533282967,0.0
60C__ps_foam_trial_4,ps_foam,60C,4,43,1.1846153846159805e-06,-1.1846153846159805e-06,1.6575932577003044e-06,1.5371181215115711e-06,0.5366898782654275,0.05394907780235188,0.4528099315425982,1.017848459330711,0.0
60C__ps_foam_trial_4,ps_foam,60C,4,44,1.1846153846159805e-06,-1.1846153846159805e-06,1.6575932577003044e-06,1.5371181215115711e-06,0.5475481692640822,0.060419697152578354,0.52114362795926,1.219547744244553,0.0
60C__ps_foam_trial_5,ps_foam,60C,5,42,1.5708158508143154e-06,-1.0601398601409314e-06,2.4337118299544733e-06,2.171841696107262e-06,0.3502677591331161,0.04092832181249528,0.28167562082386566,1.0077340700621134,0.0
60C__ps_foam_trial_5,ps_foam,60C,5,43,1.5708158508143154e-06,-1.0601398601409314e-06,2.4337118299544733e-06,2.171841696107262e-06,0.5366899452685385,0.0539491664592338,0.4528099990551747,1.0178496644676287,0.0
60C__ps_foam_trial_5,ps_foam,60C,5,44,1.5708158508143154e-06,-1.0601398601409314e-06,2.4337118299544733e-06,2.171841696107262e-06,0.5475481395318915,0.06041970346056371,0.5211436189025589,1.219548510002724,0.0
60C__ps_foam_trial_6,ps_foam,60C,6,42,2.0597668997653735e-06,-1.8658741258747481e-06,2.908016353394646e-06,2.825892591563306e-06,0.35029753066399644,0.040321005625254314,0.28160244869603446,1.0077359122962546,0.0
60C__ps_foam_trial_6,ps_foam,60C,6,43,2.0597668997653735e-06,-1.8658741258747481e-06,2.908016353394646e-06,2.825892591563306e-06,0.537091109807324,0.053185699854418414,0.4530290175945306,1.0178500595852018,0.0
60C__ps_foam_trial_6,ps_foam,60C,6,44,2.0597668997653735e-06,-1.8658741258747481e-06,2.908016353394646e-06,2.825892591563306e-06,0.5479304262337908,0.059513882477226984,0.5215002416782935,1.2195471804508058,0.0
60C__pu_foam_trial_1,pu_foam,60C,1,42,1.3935664335668584e-06,-1.3935664335668584e-06,1.7303030303028079e-06,1.393565993784737e-06,0.35026766327323133,0.04092824382650628,0.2816755889605193,1.0077327341858393,0.0
60C__pu_foam_trial_1,pu_foam,60C,1,43,1.3935664335668584e-06,-1.3935664335668584e-06,1.7303030303028079e-06,1.393565993784737e-06,0.5366901256737893,0.05394914976353349,0.45281018568590414,1.0178496859252335,0.0
60C__pu_foam_trial_1,pu_foam,60C,1,44,1.3935664335668584e-06,-1.3935664335668584e-06,1.7303030303028079e-06,1.393565993784737e-06,0.5475480332784716,0.06041967545352998,0.5211435705923418,1.2195467006452183,0.0
60C__pu_foam_trial_2,pu_foam,60C,2,42,2.9078321678327078e-06,-2.8946853146866484e-06,2.581585081584941e-06,2.9400409763172073e-06,0.3502676514179008,0.04092829057451256,0.2816756174418695,1.007734656436141,0.0
60C__pu_foam_trial_2,pu_foam,60C,2,43,2.9078321678327078e-06,-2.8946853146866484e-06,2.581585081584941e-06,2.9400409763172073e-06,0.5366902521811675,0.05394916101046696,0.4528103390612088,1.0178506606842983,0.0
60C__pu_foam_trial_2,pu_foam,60C,2,44,2.9078321678327078e-06,-2.8946853146866484e-06,2.581585081584941e-06,2.9400409763172073e-06,0.5475479790331433,0.06041961554652434,0.5211435429432024,1.2195453947908117,0.0
60C__pu_foam_trial_3,pu_foam,60C,3,42,1.5544988344975454e-06,-1.543496503497721e-06,2.6838707510985334e-06,1.5798340425818497e-06,0.3502973797431237,0.040320992197894576,0.2816023965813296,1.0077351257872225,0.0
60C__pu_foam_trial_3,pu_foam,60C,3,43,1.5544988344975454e-06,-1.543496503497721e-06,2.6838707510985334e-06,1.5798340425818497e-06,0.5370913741000457,0.05318574017683435,0.45302927924929853,1.0178506820475595,0.0
60C__pu_foam_trial_3,pu_foam,60C,3,44,1.5544988344975454e-06,-1.543496503497721e-06,2.6838707510985334e-06,1.5798340425818497e-06,0.5479302676749486,0.05951387324357142,0.521500174372869,1.2195466194854667,0.0
60C__pu_foam_trial_4,pu_foam,60C,4,42,1.1244755244761576e-06,-1.1244755244761576e-06,1.6223496363557369e-06,1.1244733440320814e-06,0.3502973885211898,0.04032087190274742,0.281602381577333,1.0077332641255115,0.0
60C__pu_foam_trial_4,pu_foam,60C,4,43,1.1244755244761576e-06,-1.1244755244761576e-06,1.6223496363557369e-06,1.1244733440320814e-06,0.5370913061323889,0.053185677985979854,0.4530292026212883,1.0178497230948904,0.0
60C__pu_foam_trial_4,pu_foam,60C,4,44,1.1244755244761576e-06,-1.1244755244761576e-06,1.6223496363557369e-06,1.1244733440320814e-06,0.5479302947917605,0.05951388708563008,0.5215001851238958,1.219546867984574,0.0
60C__pu_foam_trial_5,pu_foam,60C,5,42,1.4068531468541812e-06,-1.4068531468541812e-06,2.288951048950568e-06,1.4244440979849706e-06,0.3502973874633299,0.04032095092740195,0.28160239218249383,1.0077345793854113,0.0
60C__pu_foam_trial_5,pu_foam,60C,5,43,1.4068531468541812e-06,-1.4068531468541812e-06,2.288951048950568e-06,1.4244440979849706e-06,0.537091340932668,0.053185718125847735,0.45302924310139586,1.0178502817612312,0.0
60C__pu_foam_trial_5,pu_foam,60C,5,44,1.4068531468541812e-06,-1.4068531468541812e-06,2.288951048950568e-06,1.4244440979849706e-06,0.5479302828244987,0.05951387816813536,0.5215001805148455,1.219546687326408,0.0
60C__pu_foam_trial_6,pu_foam,60C,6,42,1.8488111888094157e-06,-1.8369230769234518e-06,2.583449883450384e-06,1.9266201806495454e-06,0.3502973871815878,0.04032097378828012,0.2816023996912216,1.0077356110413147,0.0
60C__pu_foam_trial_6,pu_foam,60C,6,43,1.8488111888094157e-06,-1.8369230769234518e-06,2.583449883450384e-06,1.9266201806495454e-06,0.5370913692825973,0.053185729772836976,0.453029278676359,1.0178505321028308,0.0
60C__pu_foam_trial_6,pu_foam,60C,6,44,1.8488111888094157e-06,-1.8369230769234518e-06,2.583449883450384e-06,1.9266201806495454e-06,0.5479302719698917,0.059513860837732704,0.5215001745272189,1.2195463184729216,0.0
60C__titanium_trial_1,titanium,60C,1,42,2.1168111888112935e-05,-2.1168111888112935e-05,2.0604300353145154e-05,2.1168499488590013e-05,0.3502673216517209,0.04093059966990506,0.2816760291331001,1.0077828332918863,0.0
60C__titanium_trial_1,titanium,60C,1,43,2.1168111888112935e-05,-2.1168111888112935e-05,2.0604300353145154e-05,2.1168499488590013e-05,0.5366924825295988,0.05395030387415841,0.4528129137720407,1.0178715792342232,0.0
60C__titanium_trial_1,titanium,60C,1,44,2.1168111888112935e-05,-2.1168111888112935e-05,2.0604300353145154e-05,2.1168499488590013e-05,0.5475470521365883,0.0604189735124257,0.521143127090922,1.2195383216072475,0.0
60C__titanium_trial_2,titanium,60C,2,42,2.098181818181873e-05,-2.098181818181873e-05,2.1164568764568594e-05,2.098181186555876e-05,0.3502672995954204,0.04093040696328977,0.28167599853609687,1.0077805842715335,0.0
60C__titanium_trial_2,titanium,60C,2,43,2.098181818181873e-05,-2.098181818181873e-05,2.1164568764568594e-05,2.098181186555876e-05,0.5366924647064423,0.05395021910116139,0.4528128901062626,1.0178704109859993,0.0
60C__titanium_trial_2,titanium,60C,2,44,2.098181818181873e-05,-2.098181818181873e-05,2.1164568764568594e-05,2.098181186555876e-05,0.5475470459236859,0.06041896795178993,0.5211431204355599,1.2195377219643415,0.0
60C__titanium_trial_3,titanium,60C,3,42,2.073244755244766e-05,-2.073244755244766e-05,2.1389976689976855e-05,2.0732444128018275e-05,0.3502672976232118,0.040930289510797024,0.28167598159085655,1.0077789984187953,0.0
60C__titanium_trial_3,titanium,60C,3,43,2.073244755244766e-05,-2.073244755244766e-05,2.1389976689976855e-05,2.0732444128018275e-05,0.5366924250118411,0.05395016530030129,0.45281284446079856,1.017869646550177,0.0
60C__titanium_trial_3,titanium,60C,3,44,2.073244755244766e-05,-2.073244755244766e-05,2.1389976689976855e-05,2.0732444128018275e-05,0.5475470569092081,0.06041896954891858,0.5211431231462313,1.219537453751514,0.0
60C__titanium_trial_4,titanium,60C,4,42,2.0988671328671903e-05,-2.0988671328671903e-05,2.3840865017336804e-05,2.098858173736115e-05,0.350267302704441,0.04093091023613333,0.28167605320951716,1.0077863492763843,0.0
60C__titanium_trial_4,titanium,60C,4,43,2.0988671328671903e-05,-2.0988671328671903e-05,2.3840865017336804e-05,2.098858173736115e-05,0.536692584362439,0.053950459049216325,0.4528130178851162,1.0178735527440315,0.0
60C__titanium_trial_4,titanium,60C,4,44,2.0988671328671903e-05,-2.0988671328671903e-05,2.3840865017336804e-05,2.098858173736115e-05,0.5475470144902589,0.06041899414319968,0.5211431191273309,1.2195394455320698,0.0
60C__titanium_trial_5,titanium,60C,5,42,2.0813706293707282e-05,-2.0813706293707282e-05,2.1252721912484035e-05,2.0813806621736803e-05,0.3502969930819058,0.040322985677189234,0.2816027566070559,1.0077811455266257,0.0
60C__titanium_trial_5,titanium,60C,5,43,2.0813706293707282e-05,-2.0813706293707282e-05,2.1252721912484035e-05,2.0813806621736803e-05,0.5370936372350202,0.05318673302544709,0.45303189255264753,1.0178702680560123,0.0
60C__titanium_trial_5,titanium,60C,5,44,2.0813706293707282e-05,-2.0813706293707282e-05,2.1252721912484035e-05,2.0813806621736803e-05,0.5479292958144689,0.059513182253417916,0.5214997295891626,1.2195376018524422,0.0
60C__titanium_trial_6,titanium,60C,6,42,2.0874265734266233e-05,-2.0874265734266233e-05,2.0844529321139267e-05,2.087413569900926e-05,0.35026728783193284,0.0409306451130462,0.2816760183907964,1.0077831380632611,0.0
60C__titanium_trial_6,titanium,60C,6,43,2.0874265734266233e-05,-2.0874265734266233e-05,2.0844529321139267e-05,2.087413569900926e-05,0.5366925394094089,0.053950337385171875,0.45281296693001954,1.0178719228046944,0.0
60C__titanium_trial_6,titanium,60C,6,44,2.0874265734266233e-05,-2.0874265734266233e-05,2.0844529321139267e-05,2.087413569900926e-05,0.5475470193952051,0.06041898328807688,0.521143115221553,1.2195384898839654,0.0
60C__wood_trial_1,wood,60C,1,42,3.894685314685372e-06,-3.894685314685372e-06,4.446993006992152e-06,3.894703843071174e-06,0.3502973444906457,0.04032121142058706,0.2816024434052783,1.007740550513642,0.0
60C__wood_trial_1,wood,60C,1,43,3.894685314685372e-06,-3.894685314685372e-06,4.446993006992152e-06,3.894703843071174e-06,0.5370916241133219,0.05318584078461972,0.4530295716539456,1.0178528321912792,0.0
60C__wood_trial_1,wood,60C,1,44,3.894685314685372e-06,-3.894685314685372e-06,4.446993006992152e-06,3.894703843071174e-06,0.5479301636394287,0.059513793541406776,0.5215001262845376,1.2195459724628988,0.0
60C__wood_trial_2,wood,60C,2,42,3.2292307692315158e-06,-3.2292307692315158e-06,3.112058378050217e-06,3.2292474816274724e-06,0.3502973499302436,0.040321053748968695,0.2816024184558727,1.0077378803809378,0.0
60C__wood_trial_2,wood,60C,2,43,3.2292307692315158e-06,-3.2292307692315158e-06,3.112058378050217e-06,3.2292474816274724e-06,0.5370915377531952,0.05318576682878486,0.4530294718682768,1.0178515784588116,0.0
60C__wood_trial_2,wood,60C,2,44,3.2292307692315158e-06,-3.2292307692315158e-06,3.112058378050217e-06,3.2292474816274724e-06,0.5479301955016778,0.05951381193598857,0.5215001387960145,1.2195458675676762,0.0
60C__wood_trial_3,wood,60C,3,42,3.023776223776988e-06,-3.023776223776988e-06,3.2263077411574803e-06,3.0237506906183796e-06,0.3502676204551554,0.04092838049337395,0.28167561540707714,1.007735976590256,0.0
60C__wood_trial_3,wood,60C,3,43,3.023776223776988e-06,-3.023776223776988e-06,3.2263077411574803e-06,3.0237506906183796e-06,0.5366903343112666,0.05394921964339494,0.45281042428996265,1.017851206580789,0.0
60C__wood_trial_3,wood,60C,3,44,3.023776223776988e-06,-3.023776223776988e-06,3.2263077411574803e-06,3.0237506906183796e-06,0.5475479401524063,0.06041961435848674,0.5211435275726716,1.2195457570072683,0.0
60C__wood_trial_4,wood,60C,4,42,2.9874125874132127e-06,-2.9874125874132127e-06,2.8430769230764623e-06,2.987387363304256e-06,0.35029737271315875,0.04032104258590514,0.28160242080744774,1.0077376729611673,0.0
60C__wood_trial_4,wood,60C,4,43,2.9874125874132127e-06,-2.9874125874132127e-06,2.8430769230764623e-06,2.987387363304256e-06,0.5370914788949259,0.05318575600400014,0.4530294085811119,1.017851328712954,0.0
60C__wood_trial_4,wood,60C,4,44,2.9874125874132127e-06,-2.9874125874132127e-06,2.8430769230764623e-06,2.987387363304256e-06,0.547930226258534,0.059513822914645645,0.5215001526214601,1.2195462664360803,0.0
60C__wood_trial_5,wood,60C,5,42,2.980839160839641e-06,-2.980839160839641e-06,3.010212643692056e-06,2.98088283955902e-06,0.35029737126387916,0.04032100387161867,0.2816024162036306,1.0077370191147519,0.0
60C__wood_trial_5,wood,60C,5,43,2.980839160839641e-06,-2.980839160839641e-06,3.010212643692056e-06,2.98088283955902e-06,0.5370914717173177,0.053185737955669776,0.45302940069498326,1.0178510875735858,0.0
60C__wood_trial_5,wood,60C,5,44,2.980839160839641e-06,-2.980839160839641e-06,3.010212643692056e-06,2.98088283955902e-06,0.5479302274707166,0.05951382065475398,0.5215001522602196,1.219546014406895,0.0
60C__wood_trial_6,wood,60C,6,42,2.7993006993014486e-06,-2.7993006993014486e-06,3.401716236581916e-06,2.7993170617475917e-06,0.3502973744787962,0.040321078315614246,0.28160242299418725,1.0077375332947225,0.0
60C__wood_trial_6,wood,60C,6,43,2.7993006993014486e-06,-2.7993006993014486e-06,3.401716236581916e-06,2.7993170617475917e-06,0.5370914748659806,0.05318577239145229,0.45302940199871733,1.0178515105440695,0.0
60C__wood_trial_6,wood,60C,6,44,2.7993006993014486e-06,-2.7993006993014486e-06,3.401716236581916e-06,2.7993170617475917e-06,0.5479302296465124,0.05951383347586775,0.5215001557810438,1.219546463067287,0.0
