outer_fold,held_out_material,trial,acquisition,res_size,leak_rate,input_magnitude,spectral_radius,washout,n_estimators,max_depth,learning_rate,min_child_weight,subsample,colsample_bytree,reg_alpha,reg_lambda,mean_inner_nrmse,sd_inner_nrmse,mean_inner_r2,performance_index
1,aluminum,24,expected_improvement,78,0.44206867081766615,0.8681256977198613,1.4494747411358855,4,446,4,0.014408529186511322,1.2289242399238836,0.9404570463834628,0.4103473708459985,0.01804690413130856,10.844206981964412,0.24410768840486724,0.08534147347613774,0.603853254421234,0.2654430567739017
1,aluminum,16,expected_improvement,27,0.7980227652714781,1.4582291902687585,1.4808998156760735,5,560,3,0.017496474965142846,18.77153149013232,0.6300652308464253,0.3668086628989705,0.02917024212556975,3.286513701428072,0.2573859334513349,0.11241102215558157,0.5330052083417813,0.28548868899023033
1,aluminum,40,expected_improvement,40,0.9382690777439177,1.563293147675018,1.423152707914653,4,570,2,0.07566132069853587,19.11204620554172,0.6572025723263223,0.4754776953290059,1.8574368084119046,0.824102803538072,0.27088492624283494,0.06823000747240578,0.5384460384321623,0.2879424281109364
1,aluminum,21,expected_improvement,41,0.13539473471527058,0.6876538905915797,1.4418667622499306,1,163,1,0.05542926290443824,4.013897157753816,0.6413688818868925,0.44949242743261963,0.007228267641142148,0.46230111951604075,0.2702227343180088,0.09318250091259309,0.5198711066843101,0.29351835954615707
1,aluminum,43,expected_improvement,46,0.6583217568118174,0.6102967403645988,1.4315941406602077,2,523,2,0.022527007340129145,3.755641187237224,0.7466920564461804,0.3171365626894202,0.6518384732784858,4.775776551577444,0.26984079380381126,0.09720096651698246,0.5150701103585021,0.29414103543305686
1,aluminum,8,random_initialization,66,0.27982017387977165,1.2681961442528047,1.1575080728348477,3,577,3,0.06290110163679075,1.0501926338363732,0.6592699575580653,0.4505039620174998,0.007416974135681198,0.44985454896536875,0.27730797261469237,0.08087392655495691,0.5093392839841635,0.2975264542534316
1,aluminum,36,expected_improvement,70,0.7928836628685588,1.2920008703756942,1.3052547947342086,4,549,2,0.010879767910143001,1.2255397703512332,0.9637236735422061,0.30876643264265785,0.01002513867395221,0.11057062021217623,0.2758979043733304,0.10784452960427172,0.4833500498816657,0.30285903677439835
1,aluminum,20,expected_improvement,32,0.2109458471597111,0.9005928640947114,1.4448952243811921,5,405,3,0.040335380935011024,2.60362708913605,0.6955374363587423,0.377631861784406,0.015530885551377337,0.999821681672851,0.27787766692163085,0.11790769289670895,0.46462959026903317,0.30735459014580807
1,aluminum,12,random_initialization,52,0.0767093271571275,0.8382309104789029,1.4529167327512953,4,220,3,0.08502235937459972,19.339814373670205,0.6817753792371142,0.661563893087026,0.01141501041744222,6.7735487579954485,0.2852803923474429,0.09755896826639181,0.4652484866489198,0.30967013441404084
1,aluminum,29,expected_improvement,43,0.28887859802967664,1.2699384204967767,1.4183812074677105,1,563,3,0.05652558294633357,1.6550044685847034,0.7883199310060689,0.5450423941485624,0.015751245915566984,5.45217777567077,0.2863542245707573,0.11248315271935805,0.4440045807915014,0.31447501275059686
1,aluminum,38,expected_improvement,74,0.7233111861303017,0.33776787826023474,1.2606297806149318,3,586,3,0.013230601112259288,1.0426489584921346,0.7762503960491605,0.3904320142595958,0.016776725089748493,0.22175992515583312,0.2912318867642835,0.13110574161736027,0.4013094281700853,0.3240083221686236
1,aluminum,18,expected_improvement,78,0.26327828423439625,1.3666517122938306,1.170299923088739,1,592,4,0.11805094697188476,1.7319043482243766,0.9166072638039674,0.312225689532517,0.003719703862592383,0.11187300091142921,0.31117731164306706,0.16265794413676876,0.2799390648131233,0.35184179767725926
1,aluminum,10,random_initialization,38,0.2348667628527925,0.8003563712250243,1.2905052916631155,1,575,3,0.12757117375018573,1.463711437491241,0.6281076986883142,0.3487306303047678,0.0006185344876235239,0.24468298529771665,0.31672242360928443,0.14495470732135976,0.29039348005172927,0.35296110043962436
1,aluminum,22,expected_improvement,37,0.8167013520864533,0.47396695053444415,1.463297331547157,3,534,4,0.048162311890054856,2.223510633377457,0.6190354968304901,0.3887171163449272,0.01199893425443025,8.992270692609678,0.3328387489421917,0.15547808509063835,0.21090844807733605,0.37170827021485126
1,aluminum,33,expected_improvement,47,0.16900456781383327,0.9295315241298533,1.3354312730653026,3,593,2,0.1087687593790558,1.4250465172968472,0.6992678339094643,0.4761104042757118,0.17513095797739933,32.435853919772065,0.3346481131011637,0.17571446436016952,0.16538039065054455,0.3785767291912061
1,aluminum,1,random_initialization,11,0.3972942957965762,0.3944110773151144,0.8974819029153143,2,453,2,0.05378534666290853,5.367237001711054,0.6359390999293191,0.3062584788570718,0.008154594453375784,49.076995896503114,0.3389626040392141,0.17297233514675558,0.15241405348260778,0.382205687825903
1,aluminum,23,expected_improvement,66,0.0674106981209445,1.3797592029153016,1.4551313456226214,3,223,2,0.07902523691749658,15.895310070594727,0.6771002904834917,0.5213947983808574,0.0023966506265334486,0.42245062660969934,0.3453124937911518,0.2015671811617885,0.06727228860027945,0.39570428908159894
1,aluminum,35,expected_improvement,45,0.05335320519569602,1.7947588102910295,1.2716116306347545,5,127,2,0.026791870717836702,6.733874337672414,0.6187175928417167,0.3747154446183083,0.042649965883313656,0.1080098224489862,0.34669709817253314,0.21855227596158194,0.020278031906846072,0.4013351671629286
1,aluminum,27,expected_improvement,33,0.5081921188411461,1.9773031636355174,1.48888376039535,5,589,2,0.03246980635758554,6.873917509138226,0.9160131664849521,0.41766196235096853,0.007709775515485574,0.20179150463769582,0.34651426953298026,0.2197897007319325,0.018947243265051317,0.4014616947159634
1,aluminum,37,expected_improvement,32,0.23782767944503908,0.6437969356590291,1.3052316217822932,3,335,2,0.01633788640108689,12.913791436496892,0.6626655955697391,0.46794663784430823,0.00039898024506861656,15.581600388558309,0.3584904145821751,0.1906549458001833,0.033866172233513125,0.40615415103222097
1,aluminum,50,expected_improvement,37,0.20534809058486814,0.4859324790108921,1.482074333528014,2,468,3,0.08534908617385265,11.68904793021649,0.7401816481820268,0.5595964956045903,0.43199536460417715,0.24507714187561197,0.3597113389293615,0.20627752797120447,-0.0026964729513566654,0.4112807209221626
1,aluminum,28,expected_improvement,54,0.5925754798122426,0.46027020184013995,1.4814212106447289,3,105,2,0.032490596617222256,3.068543743558836,0.793682725570441,0.3545928786448152,0.018217474117391108,0.10251495685708792,0.36110132469958733,0.2131777565681389,-0.026649215278299332,0.4143957638416221
1,aluminum,45,expected_improvement,40,0.17241273502553262,1.7853718172775075,1.1513220835385365,2,437,2,0.07048826041943833,9.913512279946582,0.62962942513864,0.33192396878207525,0.0009148929818044419,0.2555563694040573,0.3642447016302665,0.2727711933551163,-0.20460925949822883,0.43243749996904557
1,aluminum,41,expected_improvement,34,0.13487732104167283,1.5494110502351748,1.3758655396900155,1,589,2,0.02068596477328381,6.475140470464812,0.6250191014141796,0.7171956936056427,5.303140529551999,0.12238758832406343,0.39780777503792575,0.2382526743178999,-0.25672192157756324,0.4573709436174007
1,aluminum,13,random_initialization,17,0.2659766966311425,0.4037073895223261,1.0999042012118998,2,494,3,0.08634530778884966,2.7687194873593235,0.6146338465090835,0.9347400947227522,0.012223766882343537,60.92675493294534,0.4033938090393762,0.2507554982694787,-0.3155692655415957,0.4660826836067459
1,aluminum,39,expected_improvement,78,0.15106665935959115,1.5119851004495033,1.283202339282911,5,442,4,0.1448851461666984,1.1048593504936897,0.7095125610185429,0.3100986694228748,1.0559742977165423,0.7925068188208007,0.40235446574322453,0.30775193221656677,-0.49237274263444697,0.4792924487973662
1,aluminum,47,expected_improvement,45,0.7106496924270164,1.2218315868102834,1.4863072490005673,4,125,2,0.10631638453090846,1.4673468452779064,0.6903959631151162,0.30500638872176367,0.032611971097465615,27.563141750866976,0.4100444715384557,0.29387755789186776,-0.48176763013267276,0.48351386101142263
1,aluminum,19,expected_improvement,28,0.3006601955325891,0.6327163154067863,0.5318375026234234,5,377,3,0.04243504487184262,10.454136367472772,0.9218761079694939,0.36294305348205047,0.018661405660607946,0.9138780926467444,0.4461317425759054,0.35943875117002766,-0.9063722679911679,0.5359914303684123
1,aluminum,15,random_initialization,43,0.4736572440193618,0.4800774196357882,1.329820839145303,1,449,2,0.12211541173289485,14.837397139426553,0.9473880524126784,0.5646221648391645,0.0005297293792624469,10.175794844624924,0.4536372038061251,0.33851074165032474,-0.86143468910307,0.5382648892187063
1,aluminum,31,expected_improvement,26,0.6737557847955802,0.8519392562465161,1.1860973941640334,2,395,4,0.0657433995553949,1.8666446622200128,0.9778701137387351,0.49078510398856023,0.009671642351025985,3.606568077968259,0.4560995167429702,0.37622505437854925,-1.029870073365158,0.5501557803376076
1,aluminum,34,expected_improvement,55,0.13201699514644308,1.0055813357293486,1.4403946342646718,1,170,2,0.03296337547095285,17.122531867922152,0.9002531278337333,0.4796675944872595,9.704003743397038,1.7656185581785773,0.4812174795098372,0.2863991934647198,-0.8301237334090437,0.5528172778760171
1,aluminum,7,random_initialization,36,0.28317034299870947,1.4415767151199568,1.078138877933357,0,398,2,0.13424286733161025,1.5603308136279734,0.8078656922264991,0.5514604372625913,0.05522828616229167,17.738099885778585,0.45976964980047824,0.3740359805332517,-1.0401716867053323,0.5532786449337912
1,aluminum,42,expected_improvement,54,0.6201636496365068,0.873793121757688,1.4552913025104004,5,514,1,0.022466888714460842,1.2453500960340311,0.9548043370710055,0.622309016399238,0.0011807791198680704,12.531698607178543,0.46490632820434274,0.4125431255987505,-1.243266436981973,0.5680421096040303
1,aluminum,26,expected_improvement,67,0.10273523359270813,0.9184845040878672,1.465817927250225,4,543,2,0.035690889718437945,4.454390537473425,0.7321545349105942,0.32444848190055575,0.03197098198531255,0.1592003061923956,0.464035044263939,0.43471352010099334,-1.3454355754548313,0.5727134242891874
1,aluminum,9,random_initialization,51,0.18911537810680717,1.1913510841940385,0.5702953621900935,4,111,1,0.040627928669254756,1.401050671442747,0.8066133814934686,0.3623355059756914,1.063321872632433,23.556420661640086,0.49642321471299067,0.3062697029007607,-0.9841845805602383,0.5729906404381808
1,aluminum,30,expected_improvement,55,0.9086715633244278,1.2041887748069366,1.1883233229897125,0,266,4,0.011080833539468817,1.5646310240955745,0.9290993692328287,0.3922715942704723,0.00891732417196987,14.144530601748107,0.5093632630029821,0.2885071746208884,-0.9990501321610332,0.5814900566582042
1,aluminum,2,random_initialization,12,0.9153496206658023,1.554109898228462,1.1682644648577398,1,394,3,0.11726239906079858,1.131307591281419,0.6407407895535239,0.978866977630056,0.9560735018448427,1.1927854890317129,0.4855884810825787,0.3993687134623822,-1.2958430110085488,0.5854306594481742
1,aluminum,44,expected_improvement,45,0.6319645776717322,1.0604876252752313,1.4048145572394248,3,142,3,0.013814125308279468,19.014281318494866,0.7091221609228869,0.39551596773158,0.5770350207566629,9.766977532007466,0.5470061753695442,0.167502453080487,-0.9189723709193132,0.588881788639666
1,aluminum,48,expected_improvement,24,0.3460216434508551,0.43161032592027826,1.2191674261091245,0,566,3,0.07258836967568894,15.831585925653142,0.6033344273794556,0.5365859834398443,1.1367002061131155,1.3103405906854553,0.5142522745406966,0.4582088778032774,-1.752622997256143,0.628804493991516
1,aluminum,11,random_initialization,77,0.8640469732534523,0.9517318578102858,1.0366506130195974,1,570,1,0.07157411244499004,4.121057774306968,0.6249333090231828,0.9860311438137828,0.0036818828034045287,0.2395918257117939,0.5177226599022624,0.44707376532449655,-1.7148054487081958,0.6294911012333866
1,aluminum,46,expected_improvement,24,0.9168306745721331,0.7435962053307901,1.3064816559884187,1,585,3,0.01432912083178844,1.504563457634592,0.8369677747246695,0.3978293989808127,0.003930110244240635,1.3722918667552981,0.5234255254198608,0.5049792666828063,-2.0670289591958255,0.6496703420905623
1,aluminum,6,random_initialization,50,0.4218172642367899,1.6825170611650118,0.9187284888082345,4,258,1,0.018219228341273052,7.551403245050783,0.7979009427614313,0.7817705137450237,0.08857060750830077,10.514956024078224,0.5404321049917288,0.46204087021476664,-1.9371385994198755,0.6559423225454204
1,aluminum,49,expected_improvement,61,0.5840523379418496,0.3820662849137365,1.2044136248679314,5,148,3,0.026986335991901738,6.93955350752428,0.6145534023448364,0.6020273077422077,0.00011845579745683382,1.8288006734732833,0.5357626756949616,0.51436727698107,-2.2002651311834316,0.6643544949402291
1,aluminum,3,random_initialization,19,0.632215558260202,1.8635918787203676,0.5507229204021271,4,192,3,0.014600101587154824,19.48936145743379,0.6195402253350584,0.5502741052641751,0.1606258274575314,7.305295392146365,0.6300829167643158,0.21337087819370099,-1.5909953064823164,0.6834256363127411
1,aluminum,17,expected_improvement,68,0.6453883091773898,1.226272848820399,1.3541871748328909,5,377,2,0.010494881498909333,3.076165901569388,0.6245711869062063,0.45439473270189873,0.00038337265944913195,21.88393101969206,0.6217748764163109,0.4860536269117659,-2.619728212115234,0.7432882831442524
1,aluminum,14,random_initialization,45,0.40805857721051203,1.7146335112725615,1.2186530103226139,1,158,2,0.03297989849922805,1.7474318749251385,0.7799804558165504,0.8732844969601445,6.943867157977644,7.753598412679413,0.621802901248742,0.5391498497174418,-2.9331684735369636,0.7565903636781025
1,aluminum,25,expected_improvement,12,0.06185042022446742,0.6057115596643935,1.396277321143728,1,129,3,0.012224947286784919,8.48308731121051,0.8190444796276388,0.4431204172543448,0.010147954498594094,7.003326869203605,0.6461221875964422,0.47441263447714593,-2.7358632220641814,0.7647253462157287
1,aluminum,5,random_initialization,50,0.3066624286075803,1.4219567530472257,0.5460509823716979,4,573,3,0.015593340469512369,1.5957677007372617,0.9551009381429107,0.7509591414510408,0.0003312772638739824,36.74135068061802,0.6261354077666312,0.635264972128123,-3.6137677203553946,0.784951650798662
1,aluminum,4,random_initialization,22,0.13944821637026594,0.7812855962300833,0.5642459833651412,4,270,3,0.13945854082124465,7.9521134709972285,0.7414839340302958,0.7858508296491826,2.8178806282340303,2.5919974234946976,0.6995124282600741,0.7930026825473377,-5.477252090736006,0.8977630988969085
1,aluminum,32,expected_improvement,71,0.4170410855126976,1.4315806316692723,1.1889203003932753,4,510,3,0.12042897513986313,11.588599769004393,0.9516103332841244,0.6952264806221357,0.00437013905844694,0.4816108791309875,1.0578036278345648,1.416596227383659,-17.0861466285111,1.4119526846804795
2,bismuth,7,random_initialization,33,0.09916362864935221,0.8535167909293403,1.141350790644737,0,151,4,0.047680687889373435,18.59515803616595,0.7036237420102732,0.3099881906324076,0.0006469075215391312,0.18120865708571046,0.2697277903340465,0.06394787985107399,0.5476499942435957,0.285714760296815
2,bismuth,31,expected_improvement,76,0.6417331524768007,0.3118245986985646,1.2372725044521415,3,418,2,0.0397049674198755,1.1260660089857375,0.9810900210867827,0.34487756583637985,3.8369308750318334,13.020251577472722,0.2797420040714365,0.07083691756766332,0.508228039317016,0.29745123346335234
2,bismuth,43,expected_improvement,42,0.23981633125464952,0.6599971489667954,1.1335895408498187,4,427,2,0.07947564413916561,1.4138679367904556,0.8258966860305328,0.30992431301020185,0.00025215278130386607,54.35396398905669,0.3063587505704326,0.16395832302474417,0.29479154615722886,0.34734833132661863
2,bismuth,26,expected_improvement,76,0.6533869526805388,0.41973182016576394,1.4313363909475738,1,352,2,0.012177306262791598,6.167368681936861,0.9934656322964126,0.3437730838473014,0.0696652341782347,0.29564283411347697,0.3370414874093999,0.1375505136205983,0.2247933768948397,0.37142911581454946
2,bismuth,18,expected_improvement,38,0.6417612688256934,0.8031848623544511,1.2782775157656863,1,585,4,0.014485546021132502,1.6108626948351839,0.792838518272494,0.3195298962676758,0.8124383869323839,0.6769624525305775,0.3284781956091548,0.1756631198308309,0.19024374349496037,0.37239397556686255
2,bismuth,38,expected_improvement,78,0.7383003404704498,0.7028281214665256,0.6738057956458314,5,401,1,0.08898145069012407,9.358020616078203,0.8626794878190287,0.3400095350528317,0.002002273977222995,55.217647466741745,0.3215486538405154,0.21266562106923567,0.13393041856864796,0.3747150591078243
2,bismuth,14,random_initialization,39,0.19560595997300673,0.9056394530623821,1.163373910088429,4,288,4,0.014101719937380536,18.745797774520316,0.884627514816559,0.3223843089636061,0.00019253856035576783,2.991281670467519,0.3441681855120058,0.16951059413299352,0.1394464418766017,0.38654583404525417
2,bismuth,23,expected_improvement,77,0.13592925321393312,0.41219700671641335,0.9492692713012916,3,540,4,0.01489027496921263,5.147915890108885,0.7268752322268461,0.3250339685130102,0.0032177003256834108,0.23732915939709098,0.33866568132486574,0.2140168332388239,0.06568059514063307,0.3921698896345717
2,bismuth,2,random_initialization,52,0.6271182410759883,0.33176979426904335,0.660294151323422,1,215,4,0.018076753301264372,2.038314342434667,0.701272110251338,0.43455449438154026,0.001971217126844381,0.16318802534186994,0.3468155994349366,0.21976279483724886,0.018386684388446817,0.40175629814424885
2,bismuth,50,expected_improvement,52,0.18102749213050978,0.8736279921677547,0.6855680458060791,4,535,2,0.0434178561978146,1.6080348804944387,0.8826574324320962,0.3070632914249009,0.04608451979221811,0.25234417548500787,0.3448091850253018,0.24828514594600948,-0.05007881881533005,0.4068804715118042
2,bismuth,45,expected_improvement,54,0.7735390788980339,0.3865388444362083,1.0173697124019905,5,525,1,0.030400530170704522,1.3798235327536272,0.8439783360930473,0.30935421791724255,0.0008405378198828972,0.5132180261662643,0.35766118619814113,0.24240248791553504,-0.08818750392614416,0.4182618081770249
2,bismuth,46,expected_improvement,32,0.36898315870527326,0.39723651548169026,0.42380341984061715,2,237,1,0.03264910313981825,1.4665281067463507,0.7098416027253907,0.3459096391800385,0.00015511258210816888,0.16222038997356972,0.367530102306468,0.2950309447301847,-0.29055624708368755,0.44128783848901415
2,bismuth,49,expected_improvement,66,0.15887951919450433,0.6683935337622571,1.038607970219428,1,581,2,0.06730380112604312,1.1624765394499235,0.6185664712364588,0.3291034296772228,9.761159618160642,0.19981052916259578,0.4020437384296519,0.16415890623693458,-0.10452017938471031,0.44308346498888557
2,bismuth,20,expected_improvement,12,0.7221015564677151,0.5701403023543089,1.3743458589408688,1,408,4,0.016048125376803803,1.059196672629587,0.7653972038424098,0.31274491811492316,0.6949599106270073,0.5725937325084154,0.38040253135165925,0.2644496841465285,-0.24903335098072565,0.44651495238829136
2,bismuth,36,expected_improvement,37,0.3225245212134293,1.3358124767362234,1.2067356756221088,4,363,4,0.10654125173551719,8.70240776614631,0.8052126141289846,0.30622930488117495,0.00034760915493760384,7.187630551014045,0.390599305429679,0.28436961357917073,-0.35763043991615817,0.4616917088244717
2,bismuth,47,expected_improvement,21,0.29572157672122173,0.6015997152877361,0.9773246914898903,4,383,2,0.07135573798948379,8.697854145278352,0.8461491736590115,0.31175580882148857,0.0001020919125927581,0.9298791304939062,0.4028370933368214,0.28071352650287923,-0.40159552654841946,0.4730154749625412
2,bismuth,44,expected_improvement,79,0.2781818133248968,0.29226991194215646,1.4216860175337387,3,305,1,0.02994100881198373,4.106774970124377,0.9580597966126394,0.3059421246714233,0.0024411583390127065,7.452746381287315,0.400338436389088,0.3449671587560832,-0.6214325562267506,0.4865802260781088
2,bismuth,17,expected_improvement,68,0.7081159641611298,0.2906571109751095,1.3986085879486134,2,293,4,0.0909994888976706,12.40183031034478,0.6551938493799142,0.3001104266921444,3.659097477132685,3.5665274354324086,0.4237400270125726,0.2874366825617649,-0.5248201483930393,0.4955991976530138
2,bismuth,42,expected_improvement,36,0.26782724096416466,0.31615466915376456,1.2208114718859873,0,424,2,0.011214644836398774,8.77994894141597,0.7200653446567704,0.3829771082408048,0.4687601566113847,8.806616397721259,0.4185728345482067,0.3188203875841414,-0.6094558657167573,0.49827793144424204
2,bismuth,33,expected_improvement,51,0.12303148664105847,1.5183353760708151,1.415958356016349,1,368,3,0.03437524732827498,1.2593673320922907,0.6632597638650413,0.42580952376275427,0.00010590382002902388,0.2303660412543789,0.42299276131152813,0.3649750597215253,-0.8117061731505513,0.5142365262419094
2,bismuth,25,expected_improvement,44,0.4309703766503224,0.7246184826701322,0.8933317138354118,0,259,4,0.03441967342498575,1.3646680468466057,0.6126636535208491,0.3026763107189435,2.6249202071033335,0.3692911715594667,0.443925429375449,0.29084885546298234,-0.638823118125596,0.5166376432411945
2,bismuth,28,expected_improvement,55,0.32130549750623677,0.27738615251806764,1.1516357155723327,2,289,3,0.031236024033487096,11.416466514005167,0.7045077413511802,0.38361279442989726,7.151605344505361,0.2823380293840338,0.4551218775177698,0.30345134079538766,-0.7423351065008649,0.5309847127166167
2,bismuth,41,expected_improvement,66,0.8052177096063587,0.8476802374491851,1.2471909278624558,1,416,2,0.012630878851512293,3.5460612405420635,0.6920858991787341,0.40155191401021995,0.0024668503247426456,0.17617199940398706,0.44730036115973104,0.36991446411775075,-0.9560008287800978,0.5397789771891688
2,bismuth,13,random_initialization,80,0.8292338227771628,0.7132922873504746,0.45088944765544414,3,165,2,0.06570496908811892,2.207999998733185,0.7879551337752444,0.509166821194152,0.000473192823444079,3.5504690500248,0.4402244279262172,0.42574368188311706,-1.1748640908773338,0.5466603483969965
2,bismuth,24,expected_improvement,36,0.09328708978328142,0.3770169359671476,0.33238067863698034,2,256,2,0.10698506037022794,6.524589413564354,0.6457504548677541,0.519596337986896,0.006120458132020009,0.2709769053741383,0.4590664912198479,0.4239747544865859,-1.2641388803063727,0.5650601798414944
2,bismuth,16,expected_improvement,70,0.05426228288997819,0.4545514596867448,0.9794484929202354,1,267,1,0.01006605641023235,1.6499846787900856,0.6037615650268905,0.30982689443783473,0.025204233149079523,10.141807565969106,0.508087153424936,0.2628579350088816,-0.9087127420706219,0.5738016371771565
2,bismuth,9,random_initialization,76,0.4095387441588309,0.3598531439901316,1.3145836976387633,0,121,1,0.04971057717066056,7.817101685192693,0.6337722511893454,0.7015320312500464,0.2379961664280347,41.77485985827081,0.5174058631661194,0.27556145300796503,-1.0040777778698036,0.5862962264181106
2,bismuth,39,expected_improvement,63,0.8839000987866091,1.6806393359283505,1.029625978194635,5,506,4,0.06801540621066346,4.485477835646679,0.9403567746798164,0.3453391928472618,0.03494540023752078,0.10221914755114762,0.4833472340890951,0.48684239367557264,-1.7283665856923078,0.6050578325079883
2,bismuth,19,expected_improvement,78,0.05779476260525125,0.7737963255761356,1.203260028686777,3,563,4,0.016930331722407935,3.851066689963881,0.601398676917412,0.5336351107553059,0.0015055191145189964,75.84270700489175,0.5283861238227113,0.3257895815601311,-1.2433980609107456,0.6098335192127441
2,bismuth,37,expected_improvement,79,0.2054263042479123,1.1132566716289787,1.3746872607256568,1,444,4,0.06719872166552057,18.720893245096224,0.9659498135303801,0.3828906348474156,0.0007693229076992133,0.1558314527978115,0.49367499435051126,0.47274050864353717,-1.7084198127781711,0.6118601215113956
2,bismuth,21,expected_improvement,78,0.24090875041080656,0.6109766118285274,0.3965728784690612,3,158,3,0.134802703411552,1.0964801638257218,0.7653097802680641,0.3037924337840605,0.00036520884085824615,18.529539225059015,0.4917836631980569,0.4828762978667788,-1.754234619492557,0.6125027376647516
2,bismuth,48,expected_improvement,14,0.2947793924921069,1.0787108954437943,0.598598480806675,0,152,3,0.03200955220242224,4.526917156275612,0.6822875521485909,0.30981262461980325,0.16544907129467756,2.2403335674683627,0.5213027558030557,0.49439964819897847,-1.993069707480213,0.6449026678528004
2,bismuth,27,expected_improvement,15,0.48731562549991486,1.2148628559110004,1.3767984616744104,0,524,3,0.0416184263082176,11.188368644812666,0.7800137184847138,0.354997186848338,0.0010018528280110546,1.3188171200678735,0.5206627029154939,0.5374402001278744,-2.2441795105328017,0.6550227529474625
2,bismuth,1,random_initialization,37,0.5833010515480417,1.5403279778922552,1.4819114739080286,4,300,3,0.036533161412682376,3.2201422991222355,0.6293751497033715,0.309906724524208,0.0022818290554431214,49.42401296016916,0.5593889310815778,0.5066980187246235,-2.3050894044143413,0.6860634357627338
2,bismuth,22,expected_improvement,53,0.6566648980906897,0.3074865945770656,1.384557858423496,5,405,4,0.016689630489259654,3.6905510857878876,0.7247906252208218,0.5463933838591072,0.00034337523363079677,0.10992109810170352,0.5939999243020945,0.6180362291686934,-3.2570944445795393,0.7485089815942678
2,bismuth,30,expected_improvement,50,0.5170385136736179,0.7758532606045052,0.937132046671852,0,405,4,0.012900760259252325,7.828145309588302,0.8536627010437465,0.30661579546119644,0.003813035398670209,1.3567276198424434,0.5887370042711997,0.6522560843227951,-3.471483971137059,0.7518010253518985
2,bismuth,35,expected_improvement,13,0.19147272026511258,0.2522622665723427,1.0466858129286767,0,247,4,0.03031870059407124,5.565579896621504,0.6046972319858626,0.552558604617697,0.01331856411186018,82.80490168899382,0.6587863232693836,0.44269566130935195,-2.6621950052137087,0.7694602385967215
2,bismuth,6,random_initialization,76,0.5002570721465405,1.168803530258101,0.5890371966468555,2,106,1,0.09344836268864914,7.57104425518128,0.9165567426827208,0.43852816201838407,0.00045979639182053755,1.522368975026394,0.6332831078743748,0.7495779187007044,-4.57565571158026,0.8206775875495509
2,bismuth,40,expected_improvement,76,0.383459046925928,1.9480980062613291,0.3215516799891067,5,335,4,0.04757602771990156,4.339226617365519,0.7432313036742909,0.3620650366400052,0.005378299670600125,2.8759735002165585,0.6560170340912046,0.7786605995253615,-5.002485082500755,0.8506821839725449
2,bismuth,8,random_initialization,57,0.25536380504167266,0.8595003580388726,0.7124016449240366,4,365,3,0.09489791144099273,3.315289346663687,0.7907012036713879,0.7017433877765574,7.553343414265412,6.2977390219336415,0.6999567951349256,0.7120312629072055,-4.777249456712424,0.877964610861727
2,bismuth,5,random_initialization,16,0.6827475750302799,1.858308003250097,0.9247157534671986,4,464,3,0.09122447818809915,1.7282461498646216,0.7072309359279343,0.5105281215355469,0.006780756408537454,0.41834816942014585,0.792975502201579,0.9573045919279441,-7.944251845387246,1.0323016501835651
2,bismuth,11,random_initialization,41,0.6553638230426336,1.7038289948292784,1.0450125853785999,3,153,4,0.03981821309942899,2.454456937132672,0.8634207070415547,0.9522172995389537,0.02082455771761418,86.20893122444122,0.8451383784498985,0.7791634430888669,-6.660722165391244,1.039929239222115
2,bismuth,32,expected_improvement,79,0.7783358701570222,0.2582312123185043,1.1973463776556672,2,298,3,0.030433788725275062,2.1972390062200526,0.8354778338770035,0.34942595567073126,9.063454385159622,0.11717767933408842,0.8344984178033442,0.9180829067001447,-7.915428107533742,1.0640191444783804
2,bismuth,12,random_initialization,67,0.882513685721247,1.1330764489879401,0.507871198191142,4,144,3,0.04456403825947607,10.083538436262852,0.9069325205104565,0.8106643277217949,0.2596528008010358,4.752638179834423,0.8228857319340582,1.0794646162291968,-9.662324479374888,1.0927518859913574
2,bismuth,34,expected_improvement,71,0.6572729792402346,0.2684952260794945,1.2300519017567146,2,101,1,0.014246758318271168,3.1885116917729706,0.8555101688876607,0.49703037176576115,0.20208509076980374,25.3035590982061,0.9967179492147409,0.8717621373382618,-9.166761735699419,1.2146584835493064
2,bismuth,3,random_initialization,69,0.35301502865160694,1.090251945703247,1.0129732339986721,1,448,2,0.14091129590060866,1.052073311887481,0.7133544160524512,0.8781633353039322,0.0001042382658441772,0.22682183875866135,0.9535182582623992,1.2653622083876115,-13.525196954799593,1.269858810359302
2,bismuth,10,random_initialization,23,0.07782525133173486,1.453209641555643,0.46645830251120035,3,362,3,0.028056388550076646,13.929753448888984,0.9000178850346133,0.8449131443283737,0.8176163797384712,3.925804194384143,0.9561411658236071,1.3035553925049443,-14.121203029852785,1.2820300139498433
2,bismuth,29,expected_improvement,14,0.9186826212649595,0.6565279702200917,1.4725575771671877,2,240,3,0.11891869495778397,18.296584642598685,0.9898339410656657,0.31297193488843633,4.027982243537062,0.16076493082965296,0.9910875857759427,1.2852818883165338,-14.243755332316153,1.312408057855076
2,bismuth,15,random_initialization,31,0.06716188357570602,1.2904787862629266,0.6367820806238544,2,182,2,0.010568190362503886,1.5361168114601929,0.7423215093163134,0.9119707313963565,0.0011334637279371944,0.3484181739147084,1.0537128185177047,1.3214107635422663,-15.531025129253088,1.3840655094032712
2,bismuth,4,random_initialization,54,0.08114130477792507,0.6678233588543253,0.4971978000336076,3,509,2,0.07564989276264943,3.0191098005602504,0.9891901442898159,0.8803679770574195,0.0018740570049309519,4.805656104850644,1.2469078252777623,1.8273943677084383,-27.311321647838913,1.7037564172048718
3,cement,1,random_initialization,66,0.0845707276020109,0.9786472005192028,1.1974182201915335,3,239,2,0.0192856563414949,5.132169734335645,0.7768597444351217,0.3546536662089799,0.42605463914369496,1.2233151423986472,0.19233988238321312,0.07463004231374058,0.7520626530854653,0.21099739296164827
3,cement,35,expected_improvement,70,0.1779123952285806,1.924812198516716,0.7177681264230091,2,533,2,0.04452636783709992,4.079282021346695,0.7581048571675628,0.3109583327319078,1.4492096643550463,24.55766550097491,0.19467555209785295,0.0776932373059452,0.7433616000929603,0.21409886142433926
3,cement,46,expected_improvement,76,0.2691437330728184,0.6574989193268045,1.1442403848194669,2,314,2,0.0386791039378317,9.94999213005525,0.6956256593257955,0.30717079342615095,0.13367656484349721,22.533866617798875,0.20260815312822578,0.08462399415253173,0.7162115659283473,0.2237641516663587
3,cement,31,expected_improvement,68,0.4770460820350927,1.5527256190547343,1.0668799633075956,2,321,2,0.08145165722385146,4.91261627136306,0.7341449436252248,0.3193045142387103,0.061818787089102656,0.10140423485310278,0.21127044079729929,0.06374786057579922,0.7174104361565778,0.22720740594124908
3,cement,39,expected_improvement,80,0.707498776869425,1.6204953166577722,1.1135531442267141,1,328,1,0.018400215637999522,1.220024766396157,0.711333940419321,0.5016003794470292,0.8255972452496155,2.6152479618060878,0.20887467705149076,0.08971164290744738,0.6988746379129933,0.2313025877783526
3,cement,49,expected_improvement,59,0.7262529601207269,0.6266723516030169,1.285816877247196,3,275,2,0.032270069529910135,8.02172093685141,0.9742272647541931,0.31126642028636875,0.25531991223557565,0.8875989365747645,0.21748803568545594,0.0737365304693338,0.6907787439361459,0.2359221683027894
3,cement,15,random_initialization,27,0.06398246829379861,0.9277013691853045,1.4488019952045748,1,130,3,0.11376745317468721,1.8493633284865774,0.8802612707666118,0.5515276956468435,0.03531554982098233,0.2771289292908907,0.22103363538181917,0.0662773564894507,0.6996646932820452,0.23760297450418183
3,cement,29,expected_improvement,60,0.18546307479849067,1.071168091692933,0.5879132912746469,4,283,2,0.05740246400584436,2.235502643871623,0.8184271851964079,0.45240150891759473,0.20731718751687375,0.8177149501057704,0.21833162195431324,0.08296205424809654,0.6917782726354254,0.23907213551633738
3,cement,34,expected_improvement,69,0.14887596207912884,0.8138858816775167,0.48648453608580733,4,349,2,0.02033922068374395,5.238538358988288,0.8279552393367913,0.31602854710065287,0.039547134034445486,6.631124181292496,0.22116173213305912,0.07218397638975661,0.6936115053826383,0.23920772623049827
3,cement,44,expected_improvement,16,0.15447313729511264,1.25272910238194,0.3785834139552069,1,127,2,0.10463721696615269,2.456395886157478,0.9912121506256829,0.3542689312935816,0.0006615176637549151,0.18338750872944906,0.21783712477106748,0.08693311949852264,0.6885896782678261,0.23957040464569815
3,cement,50,expected_improvement,20,0.754456904878593,0.25105510176627,0.6653113640610768,4,355,2,0.02046805902201806,1.947239363029556,0.7094060518382318,0.303361404262622,0.017654585594916884,0.16136863102065077,0.2208229489859696,0.08543394900094657,0.6840591696443439,0.24218143623620625
3,cement,28,expected_improvement,36,0.4110235026267554,0.6229169920380724,0.5141958517287197,4,135,2,0.032387514405096636,4.405138979598022,0.9365032002400935,0.3252077698742314,0.007100168441838077,1.5451314788953345,0.22250320543149985,0.09363555850690508,0.6735127659989577,0.24591209505822612
3,cement,42,expected_improvement,37,0.3727242599463764,1.4102169500054957,0.7936193094800685,3,554,1,0.11864909516079533,2.2980380699341567,0.6382828058345116,0.31605994522487585,0.00020828687884797938,4.683502206591484,0.2265749204350943,0.07747278295879458,0.6708915850456347,0.24594311617479295
3,cement,40,expected_improvement,79,0.6664950185254037,0.49990483228531835,0.7834635458190911,4,423,2,0.01547069652852866,2.2909295268780276,0.700116275184579,0.35488731072939594,1.0371440104174168,0.3839032633878355,0.22785258383968282,0.08140338755364182,0.6623135941993383,0.24820343072809328
3,cement,23,expected_improvement,32,0.8443979761778865,0.8632531113898676,1.2285011715023613,0,500,3,0.14150567149001905,3.1171716971508374,0.7042780001640991,0.3231311375404856,0.001133062823849624,23.936728005867728,0.23484794421778776,0.0679607520001316,0.6617978087564904,0.25183813221782064
3,cement,3,random_initialization,73,0.2664056671765825,1.3410656029765955,0.8605393150332539,3,405,3,0.06383980732624882,1.146489221667973,0.7812729907923613,0.6725120940275005,0.22164343795432084,11.151071774233147,0.23068141283369448,0.09128714599334786,0.6512920786772651,0.25350319933203147
3,cement,10,random_initialization,30,0.3530340535603001,1.5059517937706952,0.8111945299961498,2,464,1,0.0988020427606438,2.1037539947909885,0.6498069232877146,0.9628518570643723,4.987610508219906,6.123461958506122,0.2326996769868416,0.09160043574188127,0.6369766659845074,0.2555997859223119
3,cement,36,expected_improvement,57,0.4069470141126509,0.8558839237257894,0.4841132981337264,2,427,2,0.12444489612076357,3.8934756298345667,0.7077857015289004,0.5312906350563216,0.06017111432885255,28.601262337956744,0.24037170152949083,0.06300517625309099,0.6482142129156252,0.2561229955927636
3,cement,43,expected_improvement,73,0.1961389221769756,1.4890018205045275,1.036606876519678,5,285,2,0.025818264486122035,1.0278302929601768,0.797211702700469,0.5057607758968407,1.2475195805726118,0.12925711035202472,0.23872814525658326,0.07620407258817304,0.6436313181641549,0.2577791634036265
3,cement,22,expected_improvement,50,0.08029404670704096,0.35274333730152607,0.7341294618733825,1,397,3,0.01788342037630575,5.48831652143539,0.9988918646324458,0.4065848915084367,0.3147023940126389,1.0129021550277446,0.23572188824320472,0.08827515179290306,0.6504049955155607,0.2577906761914305
3,cement,45,expected_improvement,54,0.10147560279744736,1.009190706381328,0.7586323524542842,4,251,1,0.01635393782727733,1.6635291930679799,0.6551590806974482,0.6899213294994535,0.07985375002035505,0.21669671518599237,0.23940556684211178,0.07360102462448173,0.6401042170532419,0.25780582299823224
3,cement,14,random_initialization,19,0.3578840809620223,1.7985349692859807,1.2705642037983864,3,107,3,0.1354269914066168,8.406323621244468,0.8457283168970205,0.5175380100108252,0.00528827599938149,3.7900138698053847,0.2383547418471046,0.08595948377726159,0.6416663114063645,0.25984461279142
3,cement,11,random_initialization,42,0.5137606777637236,1.0119835961837065,0.8283648912964883,2,392,2,0.03298248876353451,1.1481360058440888,0.6155161452220077,0.5647542618056764,3.951398927038142,7.080118208800659,0.23624572971325272,0.09600928911181071,0.6198818780139412,0.2602480519912054
3,cement,33,expected_improvement,61,0.2568948427312285,0.8821601874516868,0.7542082021115744,4,231,2,0.1274260701388518,1.2646462477061233,0.9321983663338782,0.6544710174444763,0.876406993744233,18.227143787975876,0.24688264562248433,0.07253595673548782,0.6238204059841804,0.2650166348063563
3,cement,19,expected_improvement,75,0.27482367685773545,1.3359094837444199,0.9032340895827697,2,245,2,0.01770522146110531,1.9746828580925602,0.7924511698892219,0.796396049885749,0.4149109744186435,0.4423069292668328,0.24504330504850025,0.10126650189584853,0.6135942526977259,0.2703599305224624
3,cement,7,random_initialization,54,0.28305909498015497,1.008614571323189,0.7994194654249669,3,544,2,0.03576970474477124,9.451593595130095,0.8201473585026127,0.6328920164785634,0.28102744549477876,99.06672279445463,0.250155693342745,0.08149027602943987,0.6017766248207083,0.27052826235010496
3,cement,32,expected_improvement,14,0.09655370717309819,1.898557967327903,1.3206412657344762,3,113,3,0.07754638263596338,4.465391611612529,0.6192073452779615,0.3993000457935501,0.0896025273183029,38.63996051882207,0.25978157639311344,0.07864228246430167,0.5744686565433557,0.27944214700918885
3,cement,38,expected_improvement,75,0.23830870220426287,0.7096594533226812,1.3392769533463484,0,495,3,0.09567492496026887,6.023938264964115,0.9247049050506952,0.3329192268648207,0.04265282637873477,61.127284383408806,0.2585925796053073,0.08355922537026853,0.5876688270041374,0.27948238594787445
3,cement,24,expected_improvement,40,0.10739192386146981,1.472803623043686,1.3562496255913743,3,170,3,0.1371717914353789,7.398248987900735,0.6877886668032511,0.4049901987042373,7.960502119347221,0.7523677656218692,0.2570086036443555,0.10887741981220894,0.5416489464252081,0.28422795859740774
3,cement,20,expected_improvement,60,0.08968144534195338,0.4655026745072546,0.32786254365008244,5,194,1,0.06790933796342265,3.0812044711956212,0.9034876124772946,0.734377600504261,6.047954151385097,0.2739576955090722,0.26564599674199457,0.08034590005847356,0.5603820312630181,0.285732471756613
3,cement,6,random_initialization,13,0.9335585358263077,1.3360079026957474,0.8173071893378745,4,321,1,0.017462568174524754,15.278608856070214,0.9513810567249672,0.5166693515189804,0.025939950920546587,1.8420767072067445,0.26117797254588204,0.10748434804944788,0.5592073934753777,0.288049059558244
3,cement,30,expected_improvement,77,0.3420072329125614,1.2526472213981676,0.8087961093250844,3,171,2,0.015919773058730755,2.0049355017749524,0.9051297555887233,0.3270560550449733,0.0016277254069885002,0.6468993576247175,0.28262846225044674,0.07743297561469183,0.5180570288824861,0.3019867061541197
3,cement,8,random_initialization,60,0.8921875794397753,1.1193220568474853,0.7136934613704591,4,271,4,0.05248042036035117,2.299887670562125,0.7210074524395477,0.8027467198720217,0.0019135775466913969,93.92138379949732,0.2855930715393268,0.09048295370748155,0.4883508808329294,0.3082138099661972
3,cement,5,random_initialization,35,0.3745578536971915,1.7864402264091548,0.7416587382448308,1,264,3,0.024059257902555253,3.5999689510933,0.9751059259914042,0.5109880507727425,0.0015351156823309898,3.946816832143859,0.2887018110150622,0.12762483574036337,0.46191121957446335,0.32060801995015303
3,cement,48,expected_improvement,75,0.5471508551507476,0.4194208795988451,0.4055650627481153,2,578,2,0.11091488222184878,1.1394819803796834,0.9803022009340936,0.4604299753788911,7.67560000984313,0.3116544407713278,0.29877350544336223,0.1014163872033341,0.4376313374380779,0.32412760224419573
3,cement,12,random_initialization,51,0.23047587055509056,1.347693648537774,0.4722903699312071,4,549,2,0.07580491913298398,14.153251886763114,0.7388682450869648,0.7493480239209895,0.0004681487755624872,2.6492526549434183,0.2930338634509296,0.13761502864268743,0.44000919427519025,0.3274376206116014
3,cement,41,expected_improvement,68,0.8807584345377482,0.40684573122596457,0.7483980272902802,4,154,1,0.11003179759845405,1.0832850630184654,0.6099823353214321,0.7891475531240093,3.0202679820685576,85.3243315888329,0.3081910408285524,0.08133806722920794,0.4158708289305941,0.3285255576358544
3,cement,25,expected_improvement,12,0.8527834349473964,1.8493376842273008,0.3669846718266235,1,536,1,0.05144280150190575,7.395127729966797,0.9665342447415818,0.9344481933531967,0.844962796028679,10.360093796637784,0.2965489840070529,0.17248511269546232,0.3782770305020689,0.33967026218091845
3,cement,18,expected_improvement,64,0.8259922836546595,0.6520084997006743,1.1588568346454993,3,155,3,0.02388065555538374,8.235812269619023,0.8197073596278719,0.49615311299153586,0.00639984708361419,0.8597203712649628,0.3183723942221914,0.11706821588563453,0.37766901942450487,0.3476394481936
3,cement,27,expected_improvement,72,0.2011046460400972,0.4151471519278336,1.3384401939376886,2,446,2,0.01565897833009618,4.342725072058823,0.9085171675339935,0.8441474199284948,0.17447840570859155,0.15603618661772428,0.31155512307640276,0.15154004587595746,0.3617699675571197,0.34944013454539213
3,cement,13,random_initialization,78,0.7089140021351418,0.8675619536849383,0.7883737703296521,3,149,3,0.054372450304549035,18.853880523492354,0.6310823238640154,0.8961895844356371,5.556300688360445,0.10190866882415872,0.3350930782385586,0.0653070158228281,0.3344382693001101,0.35141983219426565
3,cement,2,random_initialization,15,0.06438554571565668,0.5213084250715623,1.1007984204551888,5,473,2,0.01565247257463008,1.4979992900549306,0.808668996188544,0.30968032252215494,1.6958237060721892,73.57804689677711,0.3327094443849996,0.08565464324772902,0.3157580788720181,0.35412310519693185
3,cement,21,expected_improvement,71,0.07486092739963808,0.7163386261566382,1.2466306750884577,4,211,4,0.031225990313462258,1.2119060299256597,0.8285696303098107,0.4137325329556156,0.19936848963487974,78.9854234924501,0.35199900129585493,0.07671999078217231,0.25161442591199007,0.371178998991398
3,cement,16,expected_improvement,29,0.2765460581590653,1.2656727224870736,1.3928607020440404,2,164,2,0.026507573313773115,7.9606376147863225,0.732809164078004,0.3793419477354102,6.5042813716408325,5.911737178660583,0.35170123044603324,0.09144960669423621,0.25933657110533936,0.3745636321195923
3,cement,47,expected_improvement,80,0.12807429454422808,1.756141278217169,1.1653041240475501,1,143,1,0.013918654238645184,1.9008570824063735,0.8642682540087985,0.6437367294484924,5.36735213609026,2.874511658379784,0.3593044821213027,0.08808277187433988,0.2039724567547709,0.3813251750898877
3,cement,9,random_initialization,76,0.33632343196741815,0.6971035541789891,1.0805337468460554,2,442,4,0.010491259684146333,1.0328688079909314,0.9912676235562525,0.951538292650014,0.00045211951398960496,76.24914063904613,0.38284549221396336,0.07492332033033171,0.11995944987000137,0.4015763222965463
3,cement,4,random_initialization,44,0.3704850455859242,0.6264523390664339,0.5401171052692688,3,320,3,0.01560569306476208,17.379397993729214,0.9195133274846948,0.7273452818520885,2.7427086171680264,86.91936473936116,0.4076637261672445,0.06967270893932515,0.012675660271935257,0.4250819034020758
3,cement,37,expected_improvement,22,0.5365601148949413,1.5955463943556467,0.525795757032216,4,100,3,0.08979866215102209,1.2729938582252414,0.9471306963417256,0.9654920344426401,0.27192853561819996,49.41605902068286,0.3825138277162806,0.2505369935279147,-0.09510438547878519,0.4451480760982593
3,cement,26,expected_improvement,64,0.08096487666990788,1.7065095382723188,0.3600049103077828,0,338,3,0.010638647243669384,19.562827342424058,0.6090148192544241,0.6088798412930794,0.9614256709774479,2.005313051458156,0.43858394146725643,0.07709794667966967,-0.14688016039395194,0.45785842813717387
3,cement,17,expected_improvement,40,0.8393132892686039,1.3660689649535491,0.8127310463870094,1,107,3,0.011075377718945494,15.134157244274231,0.7653511400691073,0.48440274818208623,0.2592371513427244,38.203686787612995,0.4915891096540963,0.05511852943532621,-0.4077892937836285,0.5053687420129278
4,copper,8,random_initialization,31,0.6538310231714827,0.5766202909172887,0.6898743206844096,1,548,4,0.10935886221188307,10.352408891600177,0.6782868774083711,0.32564054088280625,0.011325113512084754,20.28372219347854,0.1387062083497074,0.04492929920862372,0.8797691729208119,0.14993853315186334
4,copper,28,expected_improvement,35,0.86607266965985,1.7820518140537003,1.0047169191887895,3,487,1,0.0143634590043406,4.274965121412089,0.7282123644102448,0.6153432812223181,0.47286991951157215,0.6345870587562306,0.14381606308693673,0.05816342440790857,0.863337471233096,0.15835691918891387
4,copper,24,expected_improvement,59,0.08500455535230445,1.144179247283011,0.8012169914655702,3,574,1,0.0387003812610989,3.9581135736210338,0.827868704257854,0.30395603886740985,0.00014849553198926393,6.057315805332741,0.14568024033163818,0.05070972537297453,0.8653166357019489,0.15835767167488182
4,copper,12,random_initialization,46,0.774770088743907,0.48724441399397844,1.1280412904196004,2,523,4,0.13071085930748214,9.630943755179203,0.68964662342216,0.8266494334749259,0.001693291649457475,28.583025747543598,0.14749041878529798,0.048529584904217736,0.8634466007514964,0.15962281501135242
4,copper,37,expected_improvement,68,0.08616886491841802,0.956851576407092,0.5445180907003042,4,375,4,0.05074742194042911,8.990128329527677,0.8027168712826628,0.6589937921546787,0.00045405773966523515,26.92677008777089,0.14990405564384218,0.04919429197366787,0.8599271335779776,0.16220262863725915
4,copper,13,random_initialization,62,0.7511824823367297,1.4240261433892425,0.8684829100075768,3,422,1,0.011752316674283768,3.350699628826599,0.814029910210879,0.5771740097199538,0.0033585092523657862,1.3475652692234061,0.14798607577106965,0.0633587270211955,0.8520316425534025,0.16382575752636852
4,copper,26,expected_improvement,27,0.08562994713205029,1.415409692383526,0.8232595135559992,2,279,2,0.038027211247324354,3.7370672544154453,0.6504005502830101,0.43489402216932127,0.30738311415123015,2.1657587250421577,0.1516623705584009,0.05395408703652202,0.853326392468175,0.1651508923175314
4,copper,18,expected_improvement,24,0.6492548174718463,1.1989887711060394,0.7070842670990416,1,384,3,0.10188041503807198,11.794227645354466,0.9872829983229848,0.8121402223729921,0.4258919135571213,0.9387649438948827,0.15593683872762448,0.04702013124565837,0.8578417574968833,0.16769187153903908
4,copper,38,expected_improvement,67,0.45231084102807334,0.4480828379057986,0.892821996235325,1,401,3,0.012020805999006094,1.9083112462875282,0.9186692331006486,0.9076704036369485,0.06789799233184993,0.5620504054244854,0.1560242528067866,0.05006475538090792,0.8485126823748894,0.1685404416520136
4,copper,39,expected_improvement,41,0.5227831667139382,0.5149153536339013,1.025993654954462,2,422,3,0.014368530499202425,12.278507685150563,0.6437423071236829,0.3025049727470494,0.3939294014144314,1.1976318023142927,0.15237059138163733,0.07421413804391987,0.8357378197230392,0.1709241258926173
4,copper,47,expected_improvement,37,0.8094239033646892,0.6546404878017185,0.6273411893505194,1,443,4,0.11228528924544831,9.348244364817342,0.6440203494326734,0.7320760803988404,0.006526484521645009,57.28004299380049,0.15777824550080755,0.05522576210040616,0.8425269671112503,0.1715846860259091
4,copper,46,expected_improvement,77,0.17794944415641173,0.5169232747002447,1.1453943866124174,1,596,2,0.05013973938682083,8.861611568479109,0.6932563144206849,0.9630885514772005,0.5295211384298613,25.07694407213262,0.15977399802042846,0.05705368200052702,0.8373547469798154,0.1740374185205602
4,copper,35,expected_improvement,55,0.6847862564381524,1.833093268492429,0.8824137892248323,5,506,3,0.010147617179447305,3.1357484144588406,0.6118160344141791,0.49574689796705124,0.00011858500836037685,3.2411780248202113,0.15964595818385793,0.06412293267104005,0.8323667730357303,0.17567669135161795
4,copper,7,random_initialization,21,0.5965125840394785,0.5519676583964666,1.3716790944483759,5,181,2,0.09754750087889,8.575044224042962,0.8120457844554949,0.5733091279865236,0.09214680079959428,1.1435195671837688,0.16554333089898762,0.05004100263462314,0.8321209743635043,0.17805358155764342
4,copper,11,random_initialization,55,0.16385167253026311,1.625105305250453,0.4586644890923441,4,244,3,0.03606565598159411,3.1223717263833057,0.9388233419221996,0.5099822893774713,0.0008345272755594008,19.28953825692155,0.1625925947649837,0.06497652627504137,0.8274137382350828,0.17883672633374403
4,copper,40,expected_improvement,71,0.8720881863179248,0.7023521507087859,0.6643359015407564,1,574,3,0.012895698251987811,1.490528086156207,0.6726099594031182,0.9452357435270498,0.0002807808823978758,0.6653544361826491,0.1712512655612213,0.032143400353373375,0.8324119019767633,0.17928711564956465
4,copper,43,expected_improvement,48,0.8057895657967132,0.9265633620402187,0.3632763195923361,1,508,3,0.045958170096086444,1.134982610562491,0.898491613650954,0.7756658191451338,1.2379285260217572,66.27259379842434,0.1606459590291089,0.07611189589166523,0.8203858222295923,0.1796739330020252
4,copper,14,random_initialization,30,0.05556592063463402,1.2073502424254925,1.1591572699229375,2,542,2,0.045474919486028276,1.6281716502273553,0.8279945357913375,0.6624106201780979,0.00038657541934769454,3.0262129333601027,0.16825479615823918,0.046677953070242875,0.8351068647904564,0.1799242844257999
4,copper,50,expected_improvement,71,0.5388650171423931,1.3949854276358018,0.794582371216796,3,593,3,0.044369303504540505,5.441251530749655,0.6356864445055408,0.7402399700095886,0.0014399880677358897,41.09045781637417,0.16526870560115645,0.05978214330281389,0.8292144503134484,0.1802142414268599
4,copper,30,expected_improvement,60,0.12494866863274426,0.6194964220842204,0.35768137085552804,4,587,3,0.122282841902183,3.4450843706620202,0.9587677662772098,0.4280851982673476,0.0009519903430234955,71.5794060186131,0.16951042347443945,0.04634705260044599,0.8310659841971866,0.18109718662455096
4,copper,44,expected_improvement,51,0.36395580948948564,0.4990434102207747,1.0323663445502762,2,109,3,0.103347930616837,5.369892627374495,0.6274172222644516,0.8045235069192456,0.013886920136861632,0.39791468038624583,0.17528977210582708,0.03998470340170741,0.8241964915190227,0.18528594795625394
4,copper,45,expected_improvement,52,0.5619444728340495,0.9605948458385439,0.5692524569512605,1,578,2,0.013209538354185616,5.914282392800258,0.9550004475914889,0.4915416458068062,0.00023239324993661997,0.16896934651042997,0.17164952268631709,0.05568879452372446,0.8232188445250578,0.1855717213172482
4,copper,41,expected_improvement,31,0.8826206751273622,1.3816845577325172,1.3454893444033977,4,354,2,0.11043325163648593,2.2933639333365674,0.7471921781776136,0.7049194449273997,0.011402028370779891,3.676967149407652,0.17315604292197212,0.05919401618198195,0.8186741625910074,0.1879545469674676
4,copper,29,expected_improvement,50,0.8267367838580055,1.577677006878331,0.5555616878454581,2,503,1,0.045066741020355496,5.327856946806817,0.9435207097664855,0.30932823891205263,3.259418424947242,5.543916215156603,0.17251957060828865,0.0706380643418493,0.8058081517559357,0.19017908669375097
4,copper,2,random_initialization,34,0.5886718426081589,1.6083132348204692,0.6301288002500345,1,215,4,0.03247969213287801,10.897791130784137,0.9161850504581258,0.5641295879541972,0.00023514864355560715,0.2297792757595632,0.18198629318934123,0.035171611509824,0.8147481765557778,0.19077919606679722
4,copper,16,expected_improvement,73,0.25483196273864045,1.7347720355568557,0.39685155230723956,4,596,1,0.07990106228799289,8.617048500231585,0.9872620458353931,0.6195501326534407,0.010202659577175397,16.176203829544203,0.17970796564201505,0.04602704130786185,0.8134775098880737,0.1912147259689805
4,copper,33,expected_improvement,64,0.4996759493280541,0.6585797012231775,0.7336066221668898,3,590,4,0.043204983284704665,12.618106931008796,0.8962379935352924,0.9146720760989306,0.0009558151979587912,0.19336739289609212,0.18218765830828829,0.04062390607708032,0.8117892810216711,0.19234363482755837
4,copper,1,random_initialization,38,0.7754714792954346,1.714126110790267,0.7481851136037421,1,302,2,0.011337386934471484,8.184518754358512,0.7287234109707257,0.9022544218862165,0.5456941613125604,0.686014873590496,0.174137509487704,0.07349699773707549,0.7994192821830491,0.1925117589219729
4,copper,48,expected_improvement,28,0.3215238582932075,1.9194142708092912,0.6534969769207944,5,555,2,0.03700693585901155,3.0672611593352546,0.7290850157169181,0.8258283066605865,0.0002510241074587792,0.6154214672458473,0.18286791774200295,0.04736421825707222,0.8053443471110646,0.19470897230627102
4,copper,3,random_initialization,49,0.7795285068063192,0.9805958732411445,0.793460219819522,1,190,1,0.02202939026762506,4.129321907548672,0.6769190908867433,0.41812746837660997,0.0013583152966394924,0.26074831684058813,0.17676041702261058,0.07702158440847026,0.7891804589601586,0.19601581312472816
4,copper,22,expected_improvement,18,0.7288764380764045,1.2575955728187918,0.5961427717887788,1,212,2,0.01593424550680512,14.938418109557933,0.9488782173637413,0.8361659016190939,0.0004995650198158001,0.2503116761716497,0.17634975063329472,0.08394038794102247,0.7894699251760086,0.19733484761855033
4,copper,27,expected_improvement,63,0.5386420628778439,0.40130406881419833,0.8626970936244507,1,406,4,0.01345062906183938,10.65093188214593,0.8834022727326852,0.4404386481226713,0.005593106872483558,13.99327106228622,0.1781233368498114,0.08154494527817069,0.7833708351818438,0.19850957316935408
4,copper,5,random_initialization,33,0.6542596298158313,0.9019595224144892,0.9351474079268767,2,460,2,0.06351658980756854,3.316723169316912,0.7688425958655167,0.8350557764800541,0.3964232975929305,0.10124858949846742,0.18496183285849002,0.061752576413589624,0.7973732851018204,0.20039997696188744
4,copper,21,expected_improvement,19,0.1075839420160552,0.8349159686866038,0.5052865971483229,1,477,4,0.02669023285826713,9.651485815272787,0.6937837526365324,0.9240187935288275,0.13643683594886707,7.182795669276106,0.19034501214597083,0.06751944069393166,0.7787637582290735,0.20722487231945375
4,copper,9,random_initialization,77,0.08856887832178667,0.27457841406889116,1.4863925914740996,0,348,3,0.0672426751049612,2.227645309293687,0.9493055567514606,0.5579984015546444,0.06450848046587812,35.46980833904546,0.19266230691995134,0.060924940076012735,0.7822987090352718,0.20789354193895454
4,copper,23,expected_improvement,68,0.8401094193886556,0.40772636156088904,1.2986699724126278,3,524,2,0.10055767461854939,2.2319093846413987,0.9386149079464381,0.8405786361509482,0.648483260183461,1.7311856233004312,0.193366590605916,0.082517317924034,0.7649113437683853,0.21399592008692447
4,copper,42,expected_improvement,58,0.6730297131086017,0.7661730567296203,1.2457909710861135,5,381,2,0.07455846949027653,4.047776985041193,0.8202634604125146,0.35576466904653126,0.004692087778953023,14.459729611650923,0.20800855259442813,0.08113321336612885,0.7374149181837818,0.22829185593596035
4,copper,15,random_initialization,17,0.6673419363800763,1.3429896796271354,0.7629979963017843,1,434,2,0.06490130459257366,1.2559378383268764,0.8323846551752874,0.7725217915382535,0.017313238851089697,0.8754061827432547,0.2289452698759714,0.10019210677229293,0.6699725693227766,0.2539932965690446
4,copper,34,expected_improvement,46,0.1308810163080405,1.1147714388883965,0.33607866504671186,1,458,1,0.012145416324883813,3.6669941934837547,0.8362513212413565,0.8749782257658412,0.008053892321606693,16.549873008120613,0.2398995728193825,0.06209036322640058,0.6591087711599563,0.25542216362598263
4,copper,6,random_initialization,76,0.609368705842505,0.36797484688132803,0.8711650611020063,3,102,3,0.05699989074201267,8.010542352882632,0.7095868721263461,0.8139429275270778,0.024927275362344778,24.354024154636985,0.2509232692916008,0.05004786910604006,0.6371645433890482,0.2634352365681108
4,copper,4,random_initialization,33,0.0691809112067585,1.2505985274229297,1.2714782611463658,0,221,3,0.13846909762392232,19.833479863013547,0.6010311380280086,0.4404329210682512,0.08396830134132621,12.87867650625124,0.2305386625009211,0.15366871452103756,0.5538977490156346,0.2689558411311805
4,copper,49,expected_improvement,53,0.5709144321413884,0.8838058613171123,0.9099448552321001,4,334,3,0.011928444416347954,2.6888864210887835,0.7722362236209852,0.9443500911450216,3.373654042517519,0.13763644533755068,0.25908035512055594,0.06528958295319387,0.6144109218693352,0.2754027508588544
4,copper,20,expected_improvement,45,0.7076073077357113,1.7874464545313793,0.6306479157343046,3,559,4,0.01504518476776558,18.904763502875536,0.846826304744056,0.5535398934721975,0.006487869773298896,27.542010177441817,0.2525106685176128,0.1000099569829228,0.5993012020378325,0.27751315776334345
4,copper,19,expected_improvement,70,0.704496451568371,0.831090141900787,0.7078325024133232,0,116,4,0.04673950802407589,5.891110194924862,0.6690171942251234,0.8219422778363594,7.2318040173543485,1.7748102861005797,0.26921997795624686,0.06947722878214511,0.5695909062017448,0.2865892851517831
4,copper,10,random_initialization,48,0.621492953687408,1.1278796644972688,1.40682843969786,2,314,1,0.06009450135221294,14.557838843474368,0.7024267471551776,0.5660133713382196,0.00014083666761808194,1.8290362330789378,0.24814607940473205,0.16313790296264893,0.5440962092561342,0.2889305551453943
4,copper,31,expected_improvement,28,0.5157956113977623,0.5741129675806587,0.3162233143132759,2,160,2,0.01635091180020552,6.357881515955232,0.747420759734048,0.5526276288005707,0.0005833204056943048,10.291034454824263,0.27415597340669784,0.09307907538583919,0.5295702496431328,0.29742574225315765
4,copper,36,expected_improvement,68,0.20853083665490102,1.4626106480179335,1.1701700823659456,3,444,1,0.016632523323148362,2.894809566167713,0.6216192025523518,0.374039939957708,0.07235171168040455,42.32671473314746,0.28194109754099733,0.07663298028972722,0.5226569960628576,0.30109934261342913
4,copper,32,expected_improvement,35,0.5514672677275334,1.2060547982464724,0.9631851865415191,1,570,2,0.015582976808454673,10.378350434176216,0.904780743383158,0.9781407459165075,0.09842618492404075,71.45476663650764,0.3079854478132495,0.05632264224269024,0.4659203872041349,0.3220661083739221
4,copper,17,expected_improvement,14,0.8310159124137341,0.8844094459026152,1.4258958074239596,3,506,1,0.14542173822861046,9.421500717683527,0.8189276117696931,0.6905396233718959,0.00437836813676547,1.286306608990855,0.2786529704895106,0.20668480863551816,0.38442662536043026,0.33032417264839015
4,copper,25,expected_improvement,58,0.7042605732913504,1.8827915054780417,0.6414650409771059,4,209,1,0.02006255800758448,2.298457847356643,0.8321181973379426,0.9692968752569258,6.8615139404969305,0.48873287101897056,0.34565683786292634,0.07086642187527502,0.332266950510655,0.3633734433317451
5,cork,38,expected_improvement,30,0.13909789359680652,0.3765914607697769,1.4598280229733185,4,423,2,0.033613139726031964,16.65928619083694,0.8053682857858585,0.6344356560680937,0.21880878196611603,29.707669312228933,0.21833749735731972,0.11262983489610737,0.6573813317483812,0.24649495608134656
5,cork,6,random_initialization,36,0.39094597054806424,0.47804931117034677,1.0805193795970998,1,476,4,0.02384924468743702,7.991856442531236,0.688851725503639,0.9359995706919058,0.2351795010943679,2.6561904770506386,0.21880411211369452,0.12637954602939752,0.6409322322046673,0.2503989986210439
5,cork,45,expected_improvement,65,0.8370297559679615,0.8919192774974827,1.4156919151836294,4,309,3,0.04451211378077744,14.727772079147977,0.8453942591523624,0.648741999126257,0.8043687648408292,24.052960385644045,0.23029156978874926,0.11251193672845868,0.6250948504774758,0.2584195539708639
5,cork,13,random_initialization,56,0.6239665601688568,1.9039090752600862,0.9174574786045795,4,534,2,0.0130970358218617,5.997134112120198,0.8525354132732683,0.4009615960082221,0.00476453278704047,12.108699309447784,0.22752705418235752,0.12839098645634883,0.6142199477000582,0.25962480079644473
5,cork,7,random_initialization,36,0.4216316509546561,0.3605183986981194,1.0003219355913788,2,345,1,0.09443461112702732,2.840442032329617,0.91684967754992,0.6549768612064959,0.006618403793695951,1.9620701677509669,0.2251385138190916,0.139889259303629,0.6091694309391291,0.26011082864499885
5,cork,8,random_initialization,30,0.6225770676753305,0.9621387852829555,0.9734009802920705,0,410,2,0.04771172686740462,2.2781992652694654,0.9680335294399889,0.6142048613636761,0.7670388065912254,8.748276290121236,0.23585903387343474,0.11029429306590656,0.6203276379722631,0.2634326071399114
5,cork,5,random_initialization,51,0.26212796099737695,1.0481370215453976,1.0257395287339994,1,166,3,0.030034109535606864,13.833647872656668,0.724298512847974,0.862153362085166,0.00026633010777650843,3.6028101373824946,0.23635700352891972,0.11812412864997311,0.6015866554327516,0.265888035691413
5,cork,28,expected_improvement,59,0.16120344849621238,0.8213094787804238,1.411833533364581,2,303,3,0.021320841484617794,13.434325331381508,0.9319375697831762,0.9805213605457734,0.05070482143428882,0.17578697568979434,0.23362445932036324,0.13004002995614924,0.5973074611793352,0.26613446680940056
5,cork,20,expected_improvement,52,0.3195036656576182,1.872827013540041,1.3123587427591537,2,411,1,0.05477899440166823,10.918688361272874,0.912467395510639,0.8591688047581372,0.005856895770951815,0.2165971922887175,0.23451384100538836,0.13693971371989996,0.5888891673510664,0.26874876943536335
5,cork,17,expected_improvement,66,0.052818091043241824,1.9301511002189873,0.8577661961353025,2,461,2,0.01626303158903588,13.797679632629796,0.9998950527139673,0.7129273342942026,0.5998621714191673,3.977494844944903,0.24938375485740172,0.09959388503786386,0.597973751242743,0.2742822261168677
5,cork,9,random_initialization,60,0.17447367204464465,0.6305448328612371,0.9147214144360629,4,207,1,0.059194567787718574,7.524773319676675,0.6228900795272617,0.7964703218234267,0.039098038568298465,2.3084560526175717,0.24821792799195544,0.10759243048117535,0.5979216316628648,0.2751160356122493
5,cork,11,random_initialization,20,0.1488668264004274,1.5561921566834762,0.39974785750617575,5,249,3,0.10028602161045998,1.6996734979962003,0.650000211184068,0.6316738845235943,4.057662825491389,0.16241014890701297,0.23911020002666947,0.14831490714360282,0.5421656345519534,0.2761889268125702
5,cork,19,expected_improvement,79,0.4783395154922408,0.41208081663181073,1.0168430762514191,1,376,2,0.053217373414581645,4.894796962621164,0.9359591795287124,0.5503178879846664,6.73381625285537,23.358051438668234,0.22670972714376142,0.2012055509162911,0.4591471454169065,0.2770111148728342
5,cork,49,expected_improvement,51,0.31355164653156903,1.2341850319000076,0.32168082549880506,4,446,1,0.04973191480740226,16.107328565238095,0.8562606211113043,0.5967088030970042,0.007657562735786775,95.79511342292315,0.24287721377071292,0.13676540618494992,0.5510804945550687,0.2770685653169504
5,cork,16,expected_improvement,69,0.8240458379934772,1.0381533935668963,1.2312262946022385,4,499,3,0.06396891604655859,9.288548076539833,0.6646821158437849,0.7155453806935701,0.1903637958902211,1.0770117449069465,0.2435749820559696,0.13789459568472245,0.5594318861148976,0.2780486309771502
5,cork,48,expected_improvement,75,0.7224600449606365,1.82026167491359,0.5374020015760751,3,360,2,0.06520712282231286,15.11679887417376,0.7031735126110913,0.9450127644625788,0.0004611111457813965,0.3491679867727242,0.2580229061347793,0.08399863593714736,0.5880246503652733,0.27902256511906615
5,cork,36,expected_improvement,71,0.314929448919192,0.9901211945549181,1.420361967257548,4,588,3,0.030784376181134,19.50933529471453,0.7169106633760052,0.5525328404659398,0.00035708078000715274,5.5699026400569585,0.26052007471346134,0.0788292240445542,0.5902941058422382,0.2802273807245999
5,cork,33,expected_improvement,51,0.863964853212003,0.8011929263999197,1.3593934427026664,3,466,1,0.14918822789099453,18.04594784871009,0.9385416382401606,0.8419774548005414,0.0008067635709281511,7.845963772041398,0.2555861380352006,0.10004895228171955,0.5837600999770026,0.2805983761056305
5,cork,21,expected_improvement,30,0.1730136002374,1.6364162347414848,1.2914149502999956,2,507,4,0.14978241889810626,11.972798544960424,0.6411647113417199,0.32013125834476114,3.9490639068294935,0.15822860554808757,0.2508889425729337,0.122250923310374,0.5581128094132897,0.2814516734005272
5,cork,47,expected_improvement,24,0.5125894028119986,0.6696352896196456,0.3775515834520402,4,288,2,0.012411978452525535,2.011132416819042,0.9908550984105956,0.31076681788377597,0.0008055451595502817,9.810220313924354,0.23893884609594446,0.1705536418723897,0.4983813305884799,0.28157725656404187
5,cork,44,expected_improvement,67,0.351092914326697,1.4085007094295474,0.9929238090147157,4,376,3,0.026381317941511804,15.61821493612995,0.9845159886516321,0.7756645658242614,6.183897224582816,20.90204505938972,0.2341713419192247,0.19421712819122644,0.4554806636661136,0.2827256239670313
5,cork,42,expected_improvement,21,0.4696630526552555,1.215913952320952,1.2540634055139095,3,442,2,0.030608539450262977,3.881503502995071,0.6855843681471281,0.7044468055158439,0.0004943522197349054,14.83882113526531,0.26182754764330823,0.09767077548740571,0.5652477033489987,0.2862452415151597
5,cork,40,expected_improvement,11,0.4238250835905327,1.7407045146414681,1.496741855461211,2,125,2,0.07823444834869944,13.831130942674863,0.6005777747666313,0.685170563079812,1.0846057965659683,2.3982333915834997,0.2620941237738184,0.10488159791503344,0.549928712187298,0.2883145232525768
5,cork,29,expected_improvement,52,0.17265831624402417,0.8051337128884659,0.3778417261045368,4,341,3,0.023443258031238548,19.041786969232138,0.8639088383884064,0.9836953959824846,0.0004286213262719449,0.28046180728734876,0.2635118133461809,0.1056179753692953,0.5412699849686632,0.28991630718850475
5,cork,10,random_initialization,16,0.08221153509750989,0.3460939216180562,1.467191107321388,1,275,2,0.01013397943398374,13.579471081774583,0.9541128631417237,0.3609048131789588,0.014072220624727395,9.327345544273852,0.24151575885424353,0.1967189900068567,0.4294045344372863,0.2906955063559577
5,cork,14,random_initialization,45,0.5347790742455323,1.8271636681000227,1.2584440917150899,1,319,4,0.11483329094420852,3.0630226098450692,0.985136911543472,0.7310207048033012,0.004375799963488347,7.953116674194763,0.2673327397814979,0.09733011892214417,0.5579212804468809,0.291665269512034
5,cork,1,random_initialization,37,0.5269797332781329,1.8741190151955283,1.0780582057341048,3,486,4,0.06527298618837554,2.8385433181503172,0.6997207959022775,0.8591393845941993,0.2927597216101539,0.34326107509845954,0.26347825716934237,0.11737051712026952,0.5438124392630241,0.29282088644940973
5,cork,46,expected_improvement,44,0.7209874887778153,1.030531314519585,0.4538937192919314,2,566,3,0.039610495565485175,17.401449232441976,0.8948582763491784,0.6542360133060672,0.09883557866509793,97.49338937655682,0.2647314134090006,0.11771245406609299,0.5233700142882964,0.29415952692552383
5,cork,18,expected_improvement,61,0.7063802068495113,1.5204698642816854,1.2627708518062508,2,564,3,0.02656179768444931,18.308896677523734,0.9487724549310579,0.993202908411096,0.00017750419300737033,1.428911198511489,0.2711524453350942,0.09243842194228898,0.556927151632135,0.2942620508206664
5,cork,27,expected_improvement,53,0.7001158477020439,1.2005516857419154,0.9744302558981022,5,262,4,0.022493623527231044,4.0930393089242605,0.6902759599958208,0.8224428757742861,2.991770456277393,0.19752666590004545,0.25931707899748724,0.14127692389653068,0.505685681204148,0.29463630997161994
5,cork,15,random_initialization,28,0.5586057715993452,0.9343499499519765,0.8090817585871894,1,181,1,0.08411803684859624,1.45598141379934,0.7143814717284106,0.5769706725118341,0.002316333405041675,2.4542969575001647,0.2739177317319677,0.12098613964558329,0.5197031007501405,0.30416426664336355
5,cork,35,expected_improvement,75,0.10091619282492345,0.6674669967125921,1.4455340528249296,1,173,2,0.018896727359261255,13.521184101491723,0.7980936773801517,0.4393922967023696,0.013836206549101152,5.028099503540744,0.26740759267171194,0.15138709381922485,0.4584573442076583,0.30525436612651813
5,cork,25,expected_improvement,21,0.24586446383563987,0.7238718009097599,1.1068295101403571,4,106,2,0.14356871957926523,15.643021269807276,0.8794306068099458,0.9867638730016428,0.0007538703426369693,3.4647538612052022,0.28395610758262824,0.09336260845651914,0.5055056756844599,0.307296759696758
5,cork,31,expected_improvement,17,0.3472425826670832,1.1593144540113112,0.38286524345823314,5,600,2,0.08911269652951437,8.784530641803725,0.9830889153009286,0.6656210858708411,0.6190311767122737,0.10608669494522646,0.2802300068753984,0.11127555417887443,0.504446278786403,0.308048895420117
5,cork,37,expected_improvement,52,0.10574465246808953,1.3427109217604996,0.6491034568738994,2,598,4,0.01971514328016553,11.513682747232426,0.9410134062419384,0.7950969217869517,0.002824651051640434,1.7280819782866021,0.2932974637358781,0.08831471386000475,0.4961429711499289,0.3153761422008793
5,cork,43,expected_improvement,18,0.09511118596492443,0.880670498996546,1.4099827591437217,4,414,1,0.03988142346191109,1.6953337859503672,0.9374038892305244,0.6617210970951314,0.00046809398643121914,2.8418675314100086,0.2857066159449262,0.12857271885154553,0.46754355389622954,0.3178497956578126
5,cork,32,expected_improvement,44,0.1139862590079694,0.25331722610299223,0.5843863333773341,0,150,4,0.02791672057768394,1.1291802847344374,0.9607649089378512,0.881012739115818,0.0003209330826421288,0.25491863949767646,0.2952170531933572,0.09464718425780827,0.4799629528071801,0.3188788492578093
5,cork,50,expected_improvement,56,0.3074396520853095,1.0561644569919735,1.4150678916749164,1,580,4,0.046982093667812676,10.120598318883216,0.8751398193019602,0.5560461916856667,0.15021188583950235,0.2498430016261827,0.29555876963441213,0.11009702834450452,0.46701448141325697,0.32308302672053824
5,cork,22,expected_improvement,44,0.9220537620492729,1.1328456263904587,0.821536018747534,1,538,2,0.03770634588381731,7.4728464284184755,0.8197816288349628,0.9009055971094531,0.04610433360855819,1.8417616816561377,0.2946680498595736,0.12106070366238318,0.4513945814376348,0.3249332257751694
5,cork,24,expected_improvement,23,0.2708485764202985,0.374988029709598,1.182680639614394,0,263,3,0.034494264010015846,3.3349683103232493,0.7784382617976567,0.47586642107150684,0.21714388545479568,57.05995814957904,0.28402380385341075,0.18394402987114788,0.3481960716835913,0.3300098113211977
5,cork,2,random_initialization,80,0.09241098571515285,0.3538858581486853,1.4874865454110227,4,240,4,0.026846471705872187,1.4232502291498514,0.7565356138208509,0.9955721353825209,0.002556220214640969,42.30644110962502,0.2849712996875115,0.18854209269411154,0.32852546841735786,0.3321068228610394
5,cork,39,expected_improvement,38,0.2850425324964022,0.6722430920366156,1.4115658806365243,2,429,1,0.06066895970610851,3.363848256852252,0.7386024975713574,0.6710802112397849,0.4916600474090274,28.305460878034662,0.3016483330971855,0.13325488188221182,0.4177431645135741,0.33496205356773845
5,cork,4,random_initialization,65,0.49965743851943584,1.120203306452411,0.744054998502198,3,258,2,0.0378779262895376,1.279972856232066,0.8676563510556957,0.9519146703802115,0.01348688673190729,1.160063363332478,0.31463970467564434,0.1133964647430488,0.40278547173256085,0.34298882086140653
5,cork,3,random_initialization,12,0.8885796788646063,0.651341114935582,0.8502266538091379,5,380,3,0.03638820434928785,2.3277636763467053,0.6006818954020127,0.9970859089536013,0.0004007342752311898,0.5801713771988861,0.3193664723447063,0.0972748450133815,0.4051856378906131,0.34368518359805167
5,cork,12,random_initialization,17,0.12042748534827571,0.52985313755381,1.3118771276046048,3,133,3,0.018082850710398793,15.604383829107913,0.9428375653216475,0.3392870574933714,0.056872438860920804,0.2840567181954467,0.30443196639573245,0.16617851918262883,0.3286601268457248,0.34597659619138965
5,cork,34,expected_improvement,34,0.9281652992240539,1.7023821787342068,0.7370814889129369,0,134,2,0.013395321315696969,18.96282073430649,0.9271924723936629,0.6743001814112566,0.2012804247137735,0.42283792971601863,0.30718623535229117,0.1901877413985095,0.23936551769714462,0.35473317070191857
5,cork,23,expected_improvement,25,0.2069359816037769,0.33448329764184415,0.6287850891580031,5,456,2,0.010478062685031658,19.56055046149265,0.6934655452483639,0.8280329385634093,0.4140724236980257,13.710718914431341,0.3652700360717362,0.1764010752229752,0.05986305082105464,0.40937030487748
5,cork,30,expected_improvement,24,0.6635404430351738,1.2621562259083183,0.9775703779064693,1,569,2,0.018573871898610924,1.120824710350756,0.916996161623738,0.9664299279475626,0.05739352737909289,20.21494715047981,0.3594529755678899,0.20699780726248174,0.10188288301305737,0.4112024273835103
5,cork,26,expected_improvement,53,0.49393888824247595,1.4563197703734112,1.0807914205011793,1,126,1,0.010752727806618834,1.074641861542507,0.7568772512420356,0.8509781255174471,1.5037002170485854,3.583304983233978,0.40838181979466015,0.17260927842348,-0.12141548212985076,0.45153413940053017
5,cork,41,expected_improvement,13,0.61032630588506,1.0286501212295507,1.4886411297239681,3,209,2,0.011752131624126692,14.833373321980114,0.9562343359378817,0.851788994754465,0.0018871102916265493,42.58905047584091,0.42547430631328087,0.16656906242306566,-0.1867381691701001,0.46711657191904726
6,graphite,23,expected_improvement,59,0.09155614392069952,0.33223669468985517,0.7608508666303289,1,313,4,0.1383451465490537,1.0135652969281717,0.6361269117918259,0.6966325325783961,3.127948079438606,4.019473834713772,0.20943533365014266,0.14924901700812296,0.6179721672220946,0.2467475879021734
6,graphite,8,random_initialization,46,0.0890566514651385,0.9946904609998608,1.3579992392032052,4,392,4,0.05657497000569318,2.951663706005749,0.7950839106329054,0.6869264320913441,3.0201322215452193,3.2126114353335185,0.21798772993195425,0.1318968567725555,0.6284791773495971,0.25096194412509315
6,graphite,5,random_initialization,51,0.7715071905774858,1.684442971239765,1.2506492436515562,5,388,3,0.039191559484574104,12.763462843628705,0.6182200491562765,0.8018485996895217,1.1054545346293019,0.41285216960983506,0.22384933781409014,0.1200319318921295,0.6382942637231626,0.25385732078712253
6,graphite,32,expected_improvement,42,0.13178463404824253,1.5668715566861895,0.9308987116948841,4,369,1,0.0578005033012709,3.5186835075166614,0.6121762017595149,0.7192859565791656,1.057881457138425,0.10282370029730548,0.23073783449880172,0.10443127322651741,0.6495814570021973,0.2568456528054311
6,graphite,13,random_initialization,73,0.5841397293383859,1.2360690328035675,0.6502050192302995,1,549,2,0.1282188477442274,1.259815021433198,0.9704782309063285,0.905862981287131,1.2153125051742986,81.55435519643191,0.2316023568439259,0.11147282324398522,0.6354093329715582,0.2594705626549222
6,graphite,15,random_initialization,61,0.2406934310562946,0.7342561654041779,0.45672333427379563,4,425,2,0.10621313791742594,2.0656540791017783,0.6171173530751938,0.6789084848425765,0.0013054010555105886,1.3804506704837798,0.22527376277018843,0.1373930421211555,0.6178318870772711,0.2596220233004773
6,graphite,41,expected_improvement,27,0.8376257088782848,1.226681767253675,1.1180156431469925,2,300,4,0.14933331185190607,1.2681454039957343,0.6031032408520739,0.7231537348867323,0.6227441068519266,63.12541099494771,0.23030553417252272,0.1197847200085355,0.6201367883404814,0.2602517141746566
6,graphite,2,random_initialization,43,0.4680760432186556,0.6319233379607645,0.4157557983126324,5,280,2,0.06527881390496791,6.627462540487805,0.7339629903215468,0.6011843827302109,0.0006071446960518703,0.3731852514539727,0.2275223154325499,0.15559520646370403,0.5812494851362874,0.2664211170484759
6,graphite,35,expected_improvement,45,0.12396162362223068,1.5356003328351846,0.44811884026659665,0,177,3,0.07902926979993491,1.330489488522863,0.7102630201176803,0.601850939604798,0.21728655814521775,0.13932092550536715,0.2352845251846123,0.129921604976772,0.60068830086251,0.2677649264288053
6,graphite,33,expected_improvement,72,0.06945747757060583,0.5349104314143006,1.2712962586396241,0,336,1,0.1464642436880045,1.4914035910036691,0.922622746844755,0.3138460620941948,0.0065199623281253115,6.915634043832721,0.24222876146688377,0.11456769672545061,0.6106984505082496,0.2708706856482464
6,graphite,46,expected_improvement,70,0.3950626240583444,0.8788835911041415,0.5458987697057847,3,515,4,0.0383796266924924,15.257739964661221,0.6016032335243049,0.7764433637523791,0.04684871814499239,0.1345624788070069,0.250897623262318,0.08930165823194429,0.6153255012748928,0.2732230378203041
6,graphite,25,expected_improvement,60,0.43522358052698096,0.8259052994037421,0.3677850261671287,4,237,2,0.14657007126698662,1.209098112175135,0.9181654010409801,0.7875989054190838,0.39679750472301073,41.70943411691584,0.24251207197776842,0.12951495561435494,0.582168867956054,0.27489081088135714
6,graphite,28,expected_improvement,52,0.16724427838934278,0.8428814518290636,0.9045652204047423,3,578,3,0.10175303831136061,1.423163408244809,0.7187667961901506,0.31417384218999156,0.0002488971269787354,6.97457674896967,0.24088000965095926,0.13650374161218526,0.5788491215373195,0.27500594505400555
6,graphite,11,random_initialization,24,0.6517053383355249,1.8260846483031876,0.6399511405338227,1,551,2,0.10897958128643552,1.0413764346137784,0.6822999116509013,0.8671689531953881,0.00010438372244589673,10.783419157250195,0.24738339754962238,0.11411019291988558,0.5919269785608475,0.2759109457795938
6,graphite,44,expected_improvement,69,0.2679586666396699,0.5900627640222436,0.46374179049742204,4,453,2,0.12032124208243326,2.1222920377402317,0.6137574121398186,0.7574318948757055,0.010825055939589955,69.0047462101186,0.24901516976307608,0.1091694101273095,0.586736687895725,0.27630752229490346
6,graphite,17,expected_improvement,31,0.10332041136334758,1.3532654662185373,1.1308220332026515,5,554,3,0.042159273385392396,6.309319745999029,0.7318696362334505,0.3864031540721007,6.753721430432432,0.6529115633158348,0.22911970648938773,0.19059210713348826,0.48403065568696635,0.2767677332727598
6,graphite,43,expected_improvement,49,0.7690808591188486,0.6930011013196656,0.4217768860066736,1,489,2,0.05575946968286275,15.41064187056949,0.605167391774022,0.9488400989993022,0.08128135101579223,19.785127815454217,0.25115944758877023,0.10639678402700341,0.5831286128760664,0.2777586435955211
6,graphite,4,random_initialization,31,0.49007194875425053,1.5663658959297768,0.8312700517184619,1,526,2,0.10415989110851998,2.8436126758713054,0.898568675717841,0.4851645018714409,0.0002519553551258248,29.89135964316446,0.24791036262461053,0.12148720098469251,0.581821245306614,0.27828216287078367
6,graphite,24,expected_improvement,80,0.40893482373942264,1.168813192051438,1.1872387159002298,0,577,2,0.012240889365187484,18.331727651986203,0.8264978355338507,0.930285203345234,2.72261277716899,0.2491531469655593,0.2451631120265795,0.13924493918947112,0.5470962652184502,0.2799743468239473
6,graphite,9,random_initialization,68,0.5902691154267498,1.3865446536627726,0.47313438581945444,3,209,2,0.05992049745859415,2.9517626288191225,0.6371736306999745,0.8536656589612386,0.0007904280538775587,1.8675445994824782,0.2535668550248119,0.12792991514789961,0.5565622924744849,0.2855493338117868
6,graphite,48,expected_improvement,72,0.6836062179159818,0.8393571096745925,1.02523073129713,3,184,3,0.1151813208355283,18.405170286525735,0.7003504812217041,0.3882489708367943,0.06388612582412741,0.11285370936812898,0.26201778532991454,0.09894143765848083,0.5744826957253346,0.2867531447445347
6,graphite,30,expected_improvement,78,0.692661299658279,0.27932956480840404,1.0787518989747982,4,332,3,0.035402329926958076,9.170192231669828,0.7531593596203571,0.834105032515537,4.258836505174304,1.8401422082801648,0.24540283454486117,0.16627931153661188,0.4943112264482392,0.28697266242901415
6,graphite,10,random_initialization,60,0.5825765360856451,0.7056021715531424,1.297787336487098,1,439,1,0.03512897761929611,3.094064380188387,0.7450087977190313,0.42145709105952,0.4306639672395356,1.3607424908926444,0.25589034173616165,0.1290129672631096,0.5501421072525144,0.28814358355193903
6,graphite,37,expected_improvement,39,0.39002693502215174,0.48271603225640675,0.4931808857705511,5,567,3,0.049718791867075236,1.047437208126394,0.605742353329935,0.4609249513287829,1.6462991854419795,0.7380399570856497,0.25675640899687874,0.12664220994770448,0.5420936970879912,0.28841696148380486
6,graphite,3,random_initialization,41,0.4896364887918341,0.8153610342933195,1.4744916022627617,4,189,1,0.1343304321713496,2.808176963751518,0.9786069612694916,0.6442937376762994,1.7928274934000439,2.987862802695447,0.2630150132265135,0.10196320357896974,0.5610716129305023,0.2885058141212559
6,graphite,42,expected_improvement,58,0.10779304861289551,1.853146480653315,0.4036179359506799,2,144,1,0.0846386045249717,1.2274987935277788,0.6204762123897433,0.4902432921050206,3.528592954975093,3.800465131558853,0.2500144025979299,0.1545869700941122,0.5090885816088325,0.28866114512145796
6,graphite,7,random_initialization,50,0.7779370326347168,1.2048191059733053,1.3551801822652407,2,400,2,0.12017272003554776,1.6791161862152346,0.7353288572743399,0.9079542369364777,0.003810701102338323,0.627548195890181,0.26605004674069394,0.11216282014808275,0.5568479864147261,0.2940907517777146
6,graphite,50,expected_improvement,66,0.8886644106570519,1.8590198992690377,1.3332982088198346,0,558,4,0.029666503241844052,19.605258068356495,0.8322812312436565,0.31422614416667405,7.80781192666172,0.20693963152596642,0.2472772194955354,0.1939768706436526,0.4273713742574709,0.29577143715644855
6,graphite,40,expected_improvement,26,0.16848483860618824,0.7637336312970741,0.8073823578820862,5,360,2,0.059910715494644405,7.679934815671441,0.6509995231086529,0.6933305985105003,0.0019842238051327103,1.4656904116135927,0.26641425599513463,0.11842765216697018,0.5396190519514774,0.2960211690368772
6,graphite,27,expected_improvement,41,0.11964293124215698,0.879130228649178,0.8206156950770795,3,359,4,0.12994751112967282,7.316704294779396,0.7236073381817992,0.9907948624650098,0.0003196247855004582,3.227950271461395,0.26052565901019986,0.1434253179706574,0.52046591924319,0.29638198850286424
6,graphite,38,expected_improvement,45,0.23187789409234372,0.7138550272773141,1.1122277230829172,5,425,2,0.03918919419907245,17.980427243450816,0.6706949814347591,0.362691712865808,1.3595363739250248,0.13794286659554375,0.275850571757992,0.08409964352285998,0.5458026771565371,0.296875482638707
6,graphite,31,expected_improvement,57,0.064765993694223,1.0524964290798673,1.242830467735378,1,346,2,0.044167561960086976,11.995303443923262,0.6922554790807154,0.8848956220021187,0.5259206591072731,30.609998733993333,0.27537316642219545,0.10031731434543593,0.5243337776596539,0.3004524950085544
6,graphite,1,random_initialization,46,0.6010378408662224,0.9762161330528636,1.4904198341020989,1,221,1,0.06286511027948775,1.3200081090140503,0.9136653864121415,0.8593488370058044,0.11771028958225423,0.18030239800652406,0.27599458031365387,0.11362440752994503,0.5256811561241825,0.30440068219614014
6,graphite,22,expected_improvement,67,0.1519690890469393,0.6279771687374096,0.43404962232570343,4,540,4,0.14055829380777102,13.32473394454695,0.8164393997715964,0.7285104435691969,0.6283200831253504,1.388156600955687,0.2854167260388983,0.08280795885927736,0.5176676885246752,0.30611871575371763
6,graphite,47,expected_improvement,23,0.055614704077774496,0.6618161350916615,0.5379826487874546,2,411,2,0.09824762011671838,1.2321825338414987,0.8946156336642688,0.3346650849578945,4.0076469780988075,7.243584565562133,0.2728320940387815,0.13354807179752734,0.48548170514156536,0.3062191119881633
6,graphite,6,random_initialization,65,0.5205927853625286,1.2054684798878794,1.443015104135215,0,124,4,0.048513508663745715,2.3558251443035583,0.7352417859278969,0.7422202700270168,0.00021175867074775314,0.5149840939146557,0.2719032606107827,0.14221844562155872,0.4796200861839356,0.30745787201617236
6,graphite,19,expected_improvement,49,0.4611234955305773,1.9815581372721482,1.3076414148924895,5,598,1,0.069579013044579,3.8321854428302387,0.7501177752424706,0.4678254618668653,0.0013893607705070133,4.615586280415308,0.2778161443140491,0.11927973117240723,0.5048968547054635,0.3076360771071509
6,graphite,36,expected_improvement,26,0.06471545500284767,0.5039123195712361,1.382596901388873,4,430,4,0.05820937639396648,16.689490347198266,0.8476777135354061,0.8225787946261032,0.007309162421905955,0.14163937209652414,0.2892185963487894,0.09269274912202098,0.5106543831034221,0.31239178362929465
6,graphite,34,expected_improvement,74,0.8525834690165824,0.41311479395316986,0.812423801421013,3,578,3,0.09347224198652557,1.3640563967483548,0.7009522435338478,0.9892627506234093,7.258634770854994,0.13947115986351263,0.27220958994345634,0.17562581553058534,0.4021545524572565,0.3161160438261027
6,graphite,20,expected_improvement,26,0.6205374703537738,0.8317084698955466,1.4302563712765133,4,214,3,0.140650989040689,4.909097126210662,0.7995697158432684,0.861819690770373,2.6935652034211457,72.25522846267391,0.28276739135707424,0.13578371895951893,0.45337484134186334,0.316713321096954
6,graphite,16,expected_improvement,26,0.7789801067027884,0.8423242847598529,0.9078574007800637,4,376,3,0.08621472103079378,5.166132743135094,0.8577603802603604,0.42800157889537654,8.26614832725576,0.10095018144651176,0.2779582124607943,0.19459048941794332,0.3406427811806471,0.3266058348152801
6,graphite,21,expected_improvement,72,0.21674191232511797,0.6166619993396238,1.3594062151217101,3,481,4,0.04196102001475215,1.0071361778950179,0.9806779280428384,0.49901868996253473,7.582871492026798,0.6196434016919408,0.29755613981520396,0.18837311950283395,0.2940536592891291,0.34464941969091245
6,graphite,49,expected_improvement,75,0.8146028240909607,0.5205771177304728,1.0738493414813748,3,209,3,0.11760942250847255,1.3247479687249073,0.6506368158814803,0.3388725619048335,0.014642547138209203,0.8823799118772203,0.3354713964577015,0.10728139614925723,0.33160478463193055,0.3622917454950158
6,graphite,26,expected_improvement,42,0.8913410728532816,0.33316781004909524,0.6616269368137715,2,189,1,0.05782856160635155,1.1907335061712676,0.7976415711719371,0.330619633563759,0.1629677570344434,99.93767970310722,0.31047612769409033,0.2167729195478833,0.17124729336402184,0.36466935758106117
6,graphite,14,random_initialization,32,0.44822102777874734,1.7858089851594805,0.7129158206343207,2,382,2,0.032273922187461425,2.6668079234027604,0.9624106273345338,0.7143924385032648,0.0006445410015813152,16.28032686899576,0.33277446881216644,0.1678242531014948,0.24959805929606294,0.37473053208754015
6,graphite,18,expected_improvement,11,0.7463166494971352,1.007501857279852,1.4937502517892158,5,544,1,0.020876838426591816,7.639680497883337,0.6086710201775353,0.9016149161477556,0.010877692558294674,39.986080926609645,0.32938478074433863,0.2091093519150505,0.16696750507552693,0.38166211872310124
6,graphite,39,expected_improvement,79,0.8985105753320622,1.4365033117302153,1.0864274835157703,2,157,3,0.01068386183300787,15.014828802216126,0.6234983365408044,0.9686772885146377,0.8963484371220116,0.13036651162738444,0.38886802644325863,0.18363534311057816,-0.04575700616407191,0.43477686222090317
6,graphite,29,expected_improvement,12,0.8923443805323208,0.755402087495663,1.2501991802436794,3,117,4,0.012804480144375106,15.808497078971987,0.6803582815275111,0.9156784939339762,3.6103983304694838,0.11800827470048443,0.40161511043556997,0.18518097721443608,-0.10290885565296534,0.447910354739179
6,graphite,12,random_initialization,28,0.28720129355753954,0.6571832796167952,0.5002751371020419,2,437,2,0.014195395872619955,19.06747052964544,0.646955206599981,0.3305333687680472,2.148302091181481,22.47274214056699,0.4105548051068352,0.19847752908382982,-0.17454442617848684,0.46017418737779264
6,graphite,45,expected_improvement,24,0.06729381963691931,1.9177595621396206,1.22117479553447,4,106,1,0.010388121307957313,6.593094162019874,0.9391881358810177,0.9715522409193802,0.06623107523949115,0.10181606027724484,0.4811101754853071,0.1464162164925135,-0.3866234688488206,0.5177142296084355
7,gypsum,26,expected_improvement,70,0.7112035203377873,0.46056159844424993,0.5957783987304601,4,343,2,0.010957694077229064,4.67640369632732,0.9128105722738301,0.7143517770850847,0.02522434579187625,0.9728857334346811,0.21317056066432322,0.13910446616739358,0.627721251716718,0.2479466772061716
7,gypsum,47,expected_improvement,38,0.765479658916034,0.5244402883688267,0.5009599795487403,2,502,2,0.023615287817524793,1.2230038774493008,0.9009989279113159,0.512832696521242,0.007518389525140797,0.1466605399105245,0.21761479251989915,0.12990817002671828,0.6394563667398163,0.2500918350265787
7,gypsum,3,random_initialization,20,0.7598381773983173,1.107992825237721,0.9314742554228679,4,167,3,0.08477245775230252,5.289575458538406,0.9253109960498023,0.9284229949550948,0.02469762956115908,51.207310657217306,0.22005319451295116,0.13171032171190628,0.623526964468258,0.25298077494092774
7,gypsum,8,random_initialization,78,0.8645342072976083,1.2526265948095472,1.099126270604937,3,337,2,0.09482736561345707,9.492933505524238,0.7319446893192928,0.4951293688424617,0.0029724332008288184,61.49007502019986,0.22675308621789553,0.11398847938557014,0.6330511281511716,0.25525020606428805
7,gypsum,33,expected_improvement,70,0.08473738802850309,1.5567495465123216,1.4945975314417939,4,223,1,0.014707074307602893,4.990003566566262,0.791915030498412,0.7358886355867722,0.0008589952866394096,0.10476419204872282,0.21223898715831907,0.1720776667315518,0.5629716735091999,0.255258403841207
7,gypsum,16,expected_improvement,12,0.08102262961112183,0.27106159858013157,0.911889070365212,1,254,4,0.012867751890204237,10.504157801752958,0.875707958696277,0.34236743703881756,0.1795377689619238,0.3737394974779668,0.22825927900429402,0.11658380946615143,0.6257573607388149,0.2574052313708319
7,gypsum,32,expected_improvement,30,0.15875576807937494,0.5076740780373239,0.8101090145544783,5,198,2,0.035488336605628584,5.481703231611459,0.9244236901385786,0.9254745413974816,0.022899377083397683,0.37844348789019183,0.22497956114407752,0.1319581731819156,0.6191235622870566,0.25796910443955645
7,gypsum,21,expected_improvement,20,0.6884972135186267,1.7328465324381317,1.2927904468617335,1,535,2,0.08576512678398814,14.527452923611493,0.7017346626023494,0.47598151760075447,0.00043874323245526436,98.76527424995055,0.23214890980499847,0.10804629556712689,0.6260690199131403,0.2591604836967802
7,gypsum,38,expected_improvement,48,0.8859918851660331,0.3228201900377191,0.6970129711836939,0,113,4,0.06836800962798421,5.42939208675963,0.9489406655543469,0.48389739922207653,0.12114484774079025,4.77789252607662,0.22951098211335447,0.12117309285569598,0.6211149671552102,0.25980425532727847
7,gypsum,15,random_initialization,47,0.7117234944638344,1.4818565258332712,0.6379378254392767,2,166,2,0.04168665650938515,2.5421087360534638,0.8710777599911999,0.3178069893060654,0.20710786209600276,0.17667550493167308,0.23134239265782794,0.12840677399486486,0.6038316389427593,0.26344408615654413
7,gypsum,44,expected_improvement,78,0.05076193947866915,1.8060102617928486,1.2715399240219658,4,514,2,0.026189352139345572,18.016001356153684,0.872737637860624,0.6629638597397106,0.0005114855745649384,12.147246913602176,0.23878605032155809,0.10737902754806367,0.6136724438488028,0.265630807208574
7,gypsum,29,expected_improvement,24,0.4583963071387357,0.38291692927997956,0.6634366815844268,2,107,3,0.1191182108792643,7.002820868667054,0.7176467421753894,0.8310067280159139,0.0005433535443145197,6.520069754965083,0.23528365702122297,0.12501188255878157,0.6028277391824566,0.26653662766091835
7,gypsum,24,expected_improvement,16,0.766895531606917,1.5333796257260124,0.8388781411905495,4,299,1,0.028818511797370803,9.088995452721653,0.6887144957573608,0.31877389209317775,0.01509921132749903,0.27498623366696423,0.2356160076081108,0.12643428676725935,0.6002056871311222,0.26722457929992566
7,gypsum,41,expected_improvement,25,0.7982260841526702,1.0187122417863899,1.2137670889549528,1,257,2,0.1035250039939845,5.6541714221200925,0.9284287110778507,0.31658512946266154,0.022777174800623797,1.409845753743866,0.23655091029813755,0.12276985816359029,0.6021879408664939,0.2672433748390351
7,gypsum,36,expected_improvement,51,0.35734245865568487,1.959709762680142,1.2707501411150508,2,256,2,0.02888554602963919,5.557529539133066,0.6809788164895129,0.3568374862226578,0.0008362909834810232,3.9068254220028296,0.23970616092361235,0.1236340246130697,0.5935714183470805,0.27061466707687976
7,gypsum,10,random_initialization,77,0.6078591128036103,0.2877131617176848,1.394152108502671,5,120,4,0.03273244777102813,1.9239915748482854,0.8629481954387799,0.6763930578451348,0.0001476859462787432,0.6031744471719995,0.24387021811944837,0.11486991013384376,0.5915455800479653,0.2725876956529093
7,gypsum,43,expected_improvement,80,0.8675450490142045,0.3565058955970548,0.45927616579590874,2,232,4,0.12602714734991705,7.309710731465754,0.7897095470931328,0.4069430355109338,0.014198855450232842,55.42374503043528,0.24851724231595723,0.10187466795793983,0.5937811988725968,0.2739859093054422
7,gypsum,31,expected_improvement,25,0.44372153783353346,1.6086240329333172,1.4047844855885605,0,179,4,0.01641075601173997,7.882278956647233,0.6441175028123496,0.44743676283296274,0.0011099273993365223,1.1810429634689807,0.24122124752992738,0.13675688538344102,0.5560788913332417,0.27541046887578763
7,gypsum,20,expected_improvement,27,0.9462304262078602,0.47488733625128177,0.9894072381649381,4,537,3,0.10216512856642775,3.374270008807428,0.7319410513772127,0.961260965841569,0.03051130132631255,39.90915017336338,0.25110568877020534,0.10346441735851494,0.5883219569539536,0.27697179310983405
7,gypsum,28,expected_improvement,62,0.7809575566097342,0.31936429676083866,1.3734433864591205,3,386,2,0.03637027635783485,5.836948444899438,0.8349448852629022,0.5628727076112124,0.09671898300909534,83.3605469286043,0.235895176372227,0.16449636902650247,0.5177892230106999,0.2770192686288526
7,gypsum,12,random_initialization,72,0.4554529557627598,1.7342429346935202,1.3411620944465066,2,207,3,0.05635409381076524,4.33170919565708,0.6423488906659328,0.4948196667135639,0.13043701450037753,12.01731887093996,0.24753272751590277,0.12001550632241828,0.5731621552526691,0.2775366040965073
7,gypsum,48,expected_improvement,47,0.7180925342741098,1.152486760777611,0.7038574625736462,3,588,2,0.055159422991729094,2.913809837571658,0.8090001989214926,0.3784972959786776,0.01234347991415692,1.2886504357925208,0.25038600487771095,0.11279782036571744,0.5816404169596512,0.2785854599691403
7,gypsum,17,expected_improvement,25,0.2982370226511646,1.5739601498561606,1.38187312933217,4,267,3,0.08294714471178741,3.108808655397478,0.8314488105248163,0.38008794900644405,1.5199340514259727,79.9340076266521,0.2434160407619926,0.1465200285272878,0.5330591362723635,0.28004604789381454
7,gypsum,39,expected_improvement,22,0.14211504029775307,1.6018232468212383,1.364605897801476,4,504,1,0.036438680150141636,9.256395501961672,0.659616385299251,0.9768088476052172,0.002107227256870293,6.039712907842018,0.25618336136701003,0.09668587689929364,0.584750457117614,0.2803548305918334
7,gypsum,2,random_initialization,22,0.5552892015288043,0.974458585022411,1.2385012997673164,5,359,2,0.12121492623185165,1.6875916005345806,0.9579846092828387,0.7619664128210121,1.3025714514981352,0.11471936898196074,0.2511775232637146,0.11726529619280711,0.5659320740221201,0.2804938473119164
7,gypsum,27,expected_improvement,21,0.6348225850345003,0.3818053826477816,1.1911210377667447,5,460,3,0.05357035849556442,2.490720934492181,0.9477486788125692,0.3303317339707959,0.01789025003525529,0.22931920535142117,0.24767601442250856,0.13334396406648794,0.5586894453031207,0.2810120054391305
7,gypsum,4,random_initialization,27,0.35089916522590686,1.8915006075161673,0.6692968628170093,2,491,2,0.09485353354098958,13.05820447325155,0.6392809964213745,0.3481065845761298,0.005906808524234368,28.534569425972965,0.2553866337809196,0.10356819031096927,0.5745802171733441,0.2812786813586619
7,gypsum,45,expected_improvement,70,0.46777973632005654,1.7969834128396192,1.4266174159184903,2,218,2,0.0819435998837914,1.3937151749543224,0.920860564471763,0.6548232046315954,0.00015785534583108316,9.618679625624363,0.2537456411304102,0.1123420588099496,0.5723579467981162,0.2818311558328976
7,gypsum,30,expected_improvement,71,0.82765459687767,1.393102211237623,0.45618247552812763,4,446,3,0.031449991460180064,3.862247600848329,0.9039914379831543,0.6143825470973915,0.12577694212290785,3.379772916360343,0.2530327000779983,0.11907655301954372,0.5642025671713997,0.2828018383328842
7,gypsum,49,expected_improvement,25,0.4918829431106951,0.34146442699952717,0.39844089674048605,4,385,3,0.04379099431370559,3.0204336825118134,0.7186128529155615,0.6139162801336049,0.07255771453270354,81.83422302525837,0.24548724692440077,0.15281384137843615,0.5146832897175615,0.2836907072690098
7,gypsum,35,expected_improvement,10,0.9168927719404983,1.2769761051578403,0.9184482284375739,3,259,1,0.04743051219486987,2.974259310125591,0.7401582943051299,0.43368470952624605,0.0038847574029902622,0.21744498105891974,0.2472045869960693,0.14838715818069484,0.5407064951483952,0.284301376541243
7,gypsum,46,expected_improvement,65,0.5558925373441886,0.9318326699196959,0.7655539829255764,2,147,4,0.08039176608598571,5.5554709135597875,0.9949181120456837,0.46224149198897135,0.04785819491712348,4.1594071430425,0.25556453752032665,0.11874633393040555,0.5584150279570909,0.28525112100292804
7,gypsum,34,expected_improvement,15,0.0720461881434069,0.33346255449982043,0.354987687486039,2,591,1,0.08153015863082322,3.9667617994622155,0.8811515178793143,0.7216002130156315,0.006302503440528234,1.6927559702082913,0.25729359418771613,0.11864018913262903,0.5669181147273292,0.2869536414708734
7,gypsum,14,random_initialization,51,0.8035504449704434,0.8188896184406874,1.0881901151326354,2,348,1,0.017907444729834996,13.059299120425615,0.9659572953692962,0.6980985298357768,0.0011218701720088313,35.3114410804527,0.2449518972375901,0.18395391568606062,0.45214240408241546,0.29094037615910523
7,gypsum,13,random_initialization,58,0.4399222086063939,0.5498738371352109,1.0199717896133507,1,500,4,0.03872170566712234,2.4118637305836867,0.6063200611192815,0.8353869436901067,0.020930633747122597,0.22687389272124053,0.25627115962303537,0.14104205760640487,0.5194766689107024,0.2915316740246366
7,gypsum,37,expected_improvement,79,0.7330692841497066,0.49725646966118886,1.4484014533746088,5,572,3,0.03010751984598595,4.814000973253767,0.865194189738322,0.7598621355305833,0.0037473894807481195,0.3465072215510567,0.2617576770083755,0.12120579882444565,0.5486007007916063,0.2920591267144869
7,gypsum,6,random_initialization,12,0.9233798447990644,1.0090754990959638,1.0256357323779561,2,443,4,0.09376531796151129,17.136684874097977,0.9417542226611231,0.5604449194059677,0.011430639182361271,0.11776755648608116,0.2678723630266686,0.10039381088845353,0.5423271467219758,0.292970815748782
7,gypsum,22,expected_improvement,34,0.47543885775134564,1.2453790379418859,1.1199963173810272,5,449,4,0.059645728631489404,14.65579989509429,0.6170239418556256,0.3513462507204861,0.00015415968896016907,0.10653241031437752,0.26642335880085394,0.11081288261338151,0.5304071299051011,0.2941265794541993
7,gypsum,42,expected_improvement,51,0.7542991819443803,1.5693343714279924,0.4748945409330689,3,400,4,0.010428812151863975,1.0848339065654529,0.9486357540105984,0.5840528110047468,1.6774629185837069,9.515317625433537,0.25287998974083276,0.17037318501020288,0.45848065134458016,0.29547328599338346
7,gypsum,1,random_initialization,16,0.6611571384183945,1.3576556629647385,1.0326372816911071,5,141,4,0.01816478515759307,2.0248020138406453,0.6716097488982344,0.9665553390611894,0.0067472394452352796,0.10381023391416742,0.26288097564351026,0.13359672491507776,0.5021848753136533,0.2962801568722797
7,gypsum,11,random_initialization,62,0.511886510262253,1.114850695430028,0.781976073279949,3,383,2,0.012517734600216058,5.7291411292955905,0.939740944207819,0.6250882588835796,4.465210963505149,16.650752086003884,0.24897447302618442,0.1941834526204077,0.41726539169489235,0.29752033618128637
7,gypsum,23,expected_improvement,12,0.7878409243829932,1.3022686833268617,1.2441771563920434,3,191,3,0.05717505968444635,17.48555186152864,0.9732267854609494,0.9413534059317312,0.08496484084145202,83.17535976380023,0.25456749027298525,0.1802765530067245,0.4341943868690647,0.2996366285246664
7,gypsum,19,expected_improvement,76,0.7197309210071169,1.825452687243008,0.4830960853291453,0,337,3,0.14184073722226748,4.964754125526839,0.888901933008687,0.870185801230591,0.016273963682100025,36.13188514988943,0.2717982084595237,0.11735953225463339,0.5204909250744587,0.30113809152318205
7,gypsum,5,random_initialization,19,0.11038333171025536,0.8112674354011644,1.0018953165163589,3,424,2,0.05007880735749957,4.300884539742099,0.9090914333517394,0.3069515840108889,8.30659815348207,14.135710717751172,0.2558959799171248,0.19252543516165369,0.40137500616746014,0.30402733870753823
7,gypsum,18,expected_improvement,34,0.875347041645203,1.1256081015152808,0.6279230609409907,3,179,3,0.06274520127570643,13.704752369210496,0.9029501677262501,0.6368508138445431,0.001459102665455477,2.213971349033072,0.2775056204512515,0.11344041230562862,0.5053076154327796,0.3058657235276586
7,gypsum,7,random_initialization,80,0.7568653518182534,1.3462533166375699,0.35645942959125887,5,111,3,0.016850515800542674,4.402023260159388,0.6407992662270793,0.5423047168345043,0.3531950724308373,0.10811004109647486,0.2631020374479846,0.17763594713265718,0.4139472907234156,0.3075110242311489
7,gypsum,50,expected_improvement,77,0.38865744538258595,1.2637895995163952,1.4278962978779615,4,253,2,0.060130014666140215,3.8930702917464046,0.7355912562925525,0.6219129610710559,0.0006366494682089386,12.943607032873553,0.2833009668425969,0.1262106994705112,0.46626504206444463,0.31485364171022473
7,gypsum,40,expected_improvement,28,0.13066106800229216,1.4265558814052022,0.760337758994234,4,385,3,0.02882933486076195,9.419997704954755,0.7556309681420406,0.9180571261573178,0.00016644392681031746,99.47937275790486,0.27342530817152966,0.19720000645805408,0.3381058935812239,0.3227253097860432
7,gypsum,9,random_initialization,27,0.5954174910260929,1.8559678251053724,1.2343198138002942,4,120,1,0.08348595904961312,15.547962538769191,0.641616373940167,0.7759740085346493,0.6152054893695393,74.2631593050924,0.29368189520811544,0.19668882503086427,0.2753801669049828,0.3428541014658315
7,gypsum,25,expected_improvement,58,0.24420419574506264,1.833850911709083,0.3561438507366583,2,286,3,0.014702243259933896,10.183130675540234,0.6537014547266561,0.5220482905142161,9.255434583545224,0.9610618362294426,0.30970772379459677,0.18626130160490373,0.24756716770543077,0.3562730491958227
8,iron,47,expected_improvement,56,0.40886511810862414,1.834816777807222,0.8888743431951478,2,573,1,0.13821333879944303,6.14439361694914,0.6674787584448568,0.3045491762745616,0.2491921538684847,6.435537519677562,0.23578039741972825,0.14877192013291143,0.5441911450303254,0.27297337745295613
8,iron,33,expected_improvement,33,0.2877292352166212,1.5797698747534799,1.4416402641121107,1,555,2,0.10813823284727427,1.0917911308333161,0.8820200417736757,0.30205521332273233,0.14193049414166894,0.30395318240607205,0.2491537302398042,0.14933620557001,0.5057941827017763,0.2864877816323067
8,iron,38,expected_improvement,34,0.5541595455301983,0.948183025949864,0.9882557507051881,3,357,3,0.12539780610399925,9.481709514137112,0.9129664966592652,0.3020272752631431,0.009789468001462784,0.15520200238865267,0.25059039757862095,0.14369607132870324,0.5115710827302389,0.28651441541079675
8,iron,35,expected_improvement,40,0.4239659353419578,1.000707006859288,0.32569631404875504,5,594,1,0.13795856582619845,1.4958497151636425,0.7922487244317286,0.3059806665147866,0.003569757996297619,0.10926229904877127,0.26205962346923967,0.14097476668787107,0.4823680092574783,0.29730331514120745
8,iron,24,expected_improvement,32,0.5360679039355042,1.746383435199608,1.483267826173398,4,592,4,0.010213088187678533,17.99276904958753,0.6792384801439382,0.37292310000467577,0.00038473397367014164,4.879114278683268,0.2774187820158018,0.15791626306398468,0.40456629015710743,0.31689784778179797
8,iron,23,expected_improvement,63,0.24404683723412307,0.7967370106549279,1.4596551943256737,5,347,3,0.010170440453292308,12.397924191126094,0.7503326593183979,0.31516239547950087,0.0979493819488644,0.730824545007211,0.2833662551528933,0.14229056788393843,0.4123556765980499,0.3189388971238779
8,iron,29,expected_improvement,17,0.568800302949524,0.6019499860762254,1.0262820744740866,4,553,4,0.010278498580199904,12.985927404157428,0.6404480138519122,0.39172464800006945,0.0012400954985228065,1.255245335927466,0.28963606768702777,0.14710297036979772,0.3831700773332106,0.3264118102794772
8,iron,48,expected_improvement,51,0.5302353835763025,0.9922639794222956,0.7552058106382424,5,501,1,0.1266156132646255,1.5011467009213868,0.8961360164957692,0.31185748372162425,0.4998529904135163,10.571125303842685,0.291890199064272,0.181102491270375,0.31144627357799515,0.3371658218818657
8,iron,36,expected_improvement,37,0.07158239945042794,1.903017863214122,1.4874572923139056,4,450,1,0.08454627116000135,1.9603300262950119,0.8865144254793322,0.3460779152236658,0.0546065842355816,0.9698025405314582,0.3092780614650366,0.17720985678738357,0.26052837031576176,0.3535805256618825
8,iron,42,expected_improvement,42,0.2770090279618579,1.9621362704918337,0.8464820746360247,3,555,2,0.05670246273775577,5.114476197591588,0.6541208048861096,0.42411888720431506,1.2760465404556485,50.00545765362339,0.3235787957506935,0.18210116597626844,0.1943419876667876,0.36910408724476057
8,iron,46,expected_improvement,13,0.08047340908756012,0.796113492504046,0.9707242751160181,4,383,3,0.016842364243341124,19.142977533622574,0.8656003366310441,0.35165482408156423,0.03633274343278388,4.571502010529292,0.33372732111436887,0.14343420476266458,0.23065087637732204,0.36958587230503503
8,iron,32,expected_improvement,46,0.2576735180664781,1.861821951609919,1.2676220551301631,1,278,1,0.05496082696322402,1.055057396989576,0.7349017806439923,0.4509029048988894,3.520299759576501,35.39747830794683,0.33099662953264064,0.17269083375032832,0.18547894431094858,0.3741693379702227
8,iron,45,expected_improvement,75,0.4620360920794253,0.6622150025762977,0.7015166199860319,4,578,1,0.1230141634002016,15.42258596680435,0.8283643295281923,0.3836461251241653,0.030769486093423313,46.79977335315688,0.3255350601704534,0.22159821333907698,0.09837016554334801,0.3809346135052227
8,iron,19,expected_improvement,63,0.6728203414163028,1.8709417488333093,0.7078450505942515,1,324,1,0.05419724483834117,1.1686507608308296,0.6745802494714681,0.5361234774820576,0.0008104526773338459,2.2931980299445307,0.33541990453834475,0.24947728860671967,-0.018827880886893827,0.39778922669002464
8,iron,28,expected_improvement,11,0.5574543045864133,0.3616411882229771,1.4091251219498704,3,590,3,0.015565129349812197,19.149612362490682,0.6349900004766883,0.30016464514453056,0.010619108497035219,0.925524494235742,0.36836002464541373,0.14906184220409002,0.08914112544027197,0.40562548519643626
8,iron,9,random_initialization,19,0.07433035473819893,1.5485342303541387,1.1554646135463627,1,571,2,0.07116686025436708,1.0027474681430282,0.6209871676458208,0.4635057528953111,0.02239580837302946,4.259484706926704,0.356123761970629,0.22610575148907197,-0.037851052045881906,0.41265019984289697
8,iron,44,expected_improvement,12,0.19183668054530761,0.6309754086796056,1.3032510190187498,4,222,1,0.04694224013915508,3.0853953330345645,0.622222913728655,0.3265933635305162,2.109497650161951,9.608955266751435,0.36506712162738164,0.21073972890317225,-0.0367333281896734,0.4177520538531747
8,iron,40,expected_improvement,57,0.5941387788740852,0.9379151430641497,0.4826213236437984,3,319,3,0.06893546227320531,7.4411609442979065,0.990744324176546,0.337202702817892,0.00025097753939216135,0.3807368739952271,0.357361887146665,0.2498511040011754,-0.1062204088156623,0.4198246631469589
8,iron,30,expected_improvement,29,0.4272705058559442,0.3870264627541413,0.7013216159687587,4,184,3,0.010499291450964806,15.705380026393188,0.6272043052662732,0.3035809558892697,0.000257020340522934,0.10954252501508846,0.3782622869226743,0.20637969871264214,-0.08056981493431728,0.4298572116008348
8,iron,50,expected_improvement,19,0.8555046606586407,0.6518620742913093,1.488459295955353,4,567,2,0.11474480947148166,10.865291021207163,0.9576596419726815,0.34968380725263126,0.0002505812789171006,10.107465523038274,0.3688635956309576,0.2538953497525455,-0.16533072636954205,0.432337433069094
8,iron,39,expected_improvement,59,0.6839618556166496,1.5479007558327862,1.187985768734158,3,455,1,0.10548411534373563,6.178230427072066,0.6385011675934188,0.3254037743940962,4.278718318833465,0.13329841108110685,0.38163488214606295,0.2306614373058174,-0.15872586378671277,0.4393002414725173
8,iron,26,expected_improvement,58,0.5386323112909951,1.9812373846197475,0.5442535770450749,1,525,2,0.010188400040470976,16.73947267538663,0.7491600643735352,0.35103973065645566,0.005024492715765766,2.8903930029751086,0.38994404602386623,0.2309008183181951,-0.1949991701649832,0.447669250603415
8,iron,27,expected_improvement,56,0.6852232127306982,0.7308643472465055,0.5134273139053269,1,147,1,0.0845601739813034,1.1823846880759652,0.724560689500793,0.3131947712782756,0.0006077706126234201,52.42835202199066,0.40780039515562666,0.21339695325547361,-0.2336381951063381,0.46114963346949506
8,iron,31,expected_improvement,18,0.7164007263415278,1.3718836683791873,0.6163767458179352,1,582,1,0.12930301444223688,1.3382151553876755,0.8758737604490219,0.5341002805084424,0.11433731595633893,35.39730366131474,0.3870881225141023,0.32117544542249404,-0.47043805244506054,0.4673819838697258
8,iron,11,random_initialization,46,0.36571962768541577,0.5989946610673413,0.5195306326631575,2,276,4,0.012758098514913593,2.0115908836410648,0.6007060756714091,0.39052376924505866,0.00041899237104164595,1.458206656943588,0.39637841523238787,0.2890856208022117,-0.4013489745939823,0.4686498204329408
8,iron,43,expected_improvement,27,0.8090526144246359,0.3733715966792386,0.3183870351364523,4,564,2,0.05161032009848355,8.605393595037897,0.8102975752621056,0.3051087853338147,0.011354250947087094,0.9506472209218098,0.3997981025069149,0.3037869460757866,-0.4661289943505591,0.4757448390258615
8,iron,7,random_initialization,22,0.4628155865962165,1.91288593103915,0.5688731620918026,3,177,1,0.049720266794814255,4.50786420300742,0.6558503353124112,0.5227939953966569,0.36717830532390006,1.593677092512269,0.40015228129524905,0.3075788541827494,-0.48175816523372145,0.4770469948409364
8,iron,25,expected_improvement,22,0.37260660329678763,1.1007959925500908,0.311516653057838,4,558,3,0.010079399752290809,5.380543721553485,0.9215914796036315,0.3028924552084374,0.002471299593783864,6.629850985352303,0.40297440997542056,0.31637067080550557,-0.5280885842309748,0.48206707767679696
8,iron,41,expected_improvement,40,0.19149648509560957,1.730794510241877,0.8816946375412458,4,298,2,0.08194952735684204,1.846362445120142,0.9790413279777052,0.3269913930341609,0.006433910798870104,0.10998169429122531,0.40052747354487,0.37632951632150985,-0.756885268272099,0.4946098526252475
8,iron,4,random_initialization,55,0.14246857366614685,1.0910210021533082,0.9661363810577035,1,249,3,0.04058866975645125,2.6574792232743847,0.9994386412066658,0.6817088586763616,0.9567274988421407,5.203204655554938,0.4258277243382472,0.3345184876534409,-0.7041471427940924,0.5094573462516074
8,iron,34,expected_improvement,24,0.19908773822796932,0.47584399947964273,1.378935819170184,1,294,2,0.1376589394735297,1.0088427540962501,0.6154348570168765,0.97267020995666,0.04583401379614981,12.311423859643817,0.42904861342992123,0.3330408160449688,-0.7148272377715222,0.5123088174411634
8,iron,20,expected_improvement,16,0.3330070613473561,0.8426807771864354,0.9493818625706858,4,547,3,0.0620697711916077,1.0975485531607507,0.6545090148523857,0.7217170589487056,0.00300099496732891,10.924730364336812,0.430347808012081,0.3502763619984094,-0.7918231368168428,0.5179168985116833
8,iron,2,random_initialization,35,0.28024269575705574,0.8191348692901763,1.3916751825921958,2,175,2,0.04838471168382802,14.210304210800619,0.770236461389924,0.5182515357210632,0.002428953375768092,54.287746962082295,0.4676722234415494,0.2362211907939948,-0.5972082036210707,0.5267275211400481
8,iron,22,expected_improvement,77,0.773935158769884,0.3906936725201452,0.3884214788804919,0,530,2,0.07701292460489394,1.3034102303123947,0.787499514320882,0.4731069304745417,1.0622648098615155,0.3884208455213596,0.4371129624955845,0.3675035391219571,-0.8952793448270087,0.5289888472760738
8,iron,3,random_initialization,45,0.9390099455564278,1.617391928076015,0.5922177266063877,3,570,3,0.115579768522863,4.826613484683345,0.7556007345182275,0.926227218805445,2.684859625501419,40.79890386981186,0.45180601704547524,0.32815970174727704,-0.8128200298153709,0.5338459424822946
8,iron,21,expected_improvement,76,0.4619435754782253,1.5243302779493657,0.559554243294409,3,245,2,0.03319491568264083,1.019488334037643,0.746956928324912,0.3609106953487091,1.8769300813869727,3.2064910722890745,0.464396637505863,0.3422175863498187,-0.9346024841023137,0.5499510340933177
8,iron,49,expected_improvement,58,0.07069165082771148,1.679358537680079,0.35611734989852806,3,560,2,0.13259046131557692,4.090953527473398,0.9868098483204457,0.342771601470622,6.777731501717748,7.533674456541982,0.4824112078614451,0.29235019259550943,-0.851647402289697,0.5554987560103224
8,iron,18,expected_improvement,77,0.3012688032247537,1.7926550346102066,1.1063658055373502,4,129,3,0.07791958220252063,3.293659925313653,0.926330181644643,0.4429965368889519,0.5613765995773468,6.757315764831209,0.4605999459706742,0.3806212042114303,-1.0719149987356709,0.5557552470235319
8,iron,15,random_initialization,67,0.9130729983432392,0.7900755964361235,0.6375180565124717,4,265,1,0.05009213613632239,2.92260411800294,0.9569831049536127,0.8170602983344111,1.5378870188335005,1.9687879589120378,0.45982941363691515,0.4262198025169824,-1.285295800321074,0.5663843642661608
8,iron,10,random_initialization,28,0.18508795415265816,0.6090222591702815,0.5280223907239947,2,161,3,0.019837229550635042,11.533069756241442,0.8188358787086423,0.605133085792823,0.29951562021124967,0.16936365870922154,0.46997274995964017,0.3869065232404024,-1.154123026551839,0.5666993807697408
8,iron,14,random_initialization,69,0.37432265974515644,0.9721444703077229,1.0551176445054313,3,543,1,0.016480781001754055,14.771557782713932,0.6641716998200151,0.8302448767981989,0.00032672822018983737,84.20114955718394,0.5214467219266774,0.2633673833993015,-0.9830035905272885,0.5872885677765027
8,iron,17,expected_improvement,54,0.4305839755107736,1.4889398551501454,1.1390196802130423,2,187,3,0.019794847232420264,1.1656907944853028,0.9252630018578691,0.3039577052801957,0.009750710851787843,0.528217055653945,0.5010398204675116,0.48898008608048527,-1.8473741727280395,0.6232848419876329
8,iron,6,random_initialization,67,0.9481828216388392,1.9873372529318698,0.3047737136274163,4,393,4,0.030148659337301875,7.929712974418091,0.9384868640880992,0.4885076920759862,0.5384411831215007,69.50054970774865,0.5376896337683241,0.39617195952527423,-1.5928542390719684,0.6367326236496427
8,iron,1,random_initialization,14,0.7612621963004165,1.6124328636300884,0.3062047690175571,0,474,4,0.027277721214792935,3.436466308750114,0.8301133474506918,0.7393361969812319,0.014810268034861277,4.25491241077032,0.5249708383343931,0.5355402442825266,-2.265997148264375,0.6588558994050246
8,iron,37,expected_improvement,20,0.11967576193477299,1.5086122334421455,1.297851599761117,5,566,1,0.14058032162062503,2.04980288727802,0.7325463946872774,0.3414719653848407,0.00014921761318372568,1.6352404226823871,0.5248825231148213,0.5846735715652616,-2.583697241002602,0.6710509160061366
8,iron,8,random_initialization,65,0.16705670742460696,0.5151520161475511,0.8191948265740654,2,182,2,0.015046633241953771,2.6112206834612155,0.9724238467307964,0.6734252489103916,3.3355838156577677,1.8878257242053458,0.5740507453082389,0.4425219569406172,-2.0513623621824033,0.6846812345433931
8,iron,16,expected_improvement,18,0.1488644237482219,1.8597156368044614,1.230426903380453,1,381,4,0.11300417110662783,11.64640198242961,0.8734047188639538,0.6639466717313043,0.5692765172016426,0.7479565451069777,0.5870522718195094,0.6388340748577525,-3.36886922180865,0.7467607905339475
8,iron,13,random_initialization,44,0.6814228058389641,0.35847200159165116,0.664903496450927,4,390,3,0.14459890884053156,18.503065548154375,0.7125914498078678,0.735107917591014,0.000437889045122226,1.032342555460944,0.6284632202312167,0.5604014051908196,-3.107228957957498,0.7685635715289216
8,iron,5,random_initialization,26,0.6870107868798867,0.7837369436579049,0.5428208275991797,0,403,1,0.09171120004280128,13.530200753124726,0.6242271410143492,0.9231734355280232,0.14250402599589146,0.43135671259612196,0.6977276561224791,0.8012962809622186,-5.544365790205229,0.8980517263630338
8,iron,12,random_initialization,36,0.7245257270372558,0.5286698973338174,0.939151777146342,2,286,3,0.010178473519756532,1.5844382972854159,0.7463068150307564,0.9711504888282518,0.004370734971409731,14.891440379203004,0.7466149773212566,0.6456101050586724,-4.651973186418459,0.9080175035859247
9,nickel,37,expected_improvement,78,0.651495830095606,1.4426558481174356,1.384729171503568,2,561,4,0.02067126677840053,4.59358498306694,0.6268722333188342,0.5593075301699519,0.03674386591585262,0.2962603073891712,0.21001648461764783,0.12210071533003176,0.661018316121079,0.24054166345015576
9,nickel,31,expected_improvement,79,0.41629504582273574,0.5926024387256226,0.4128210041252145,4,538,2,0.13085598848877963,18.719298423073006,0.708690508240575,0.33168121710087667,0.0003883103602146662,7.329404268478944,0.25318627613031913,0.07816711687024853,0.6002064265510776,0.27272805534788125
9,nickel,3,random_initialization,69,0.48421351890536013,0.3704327488651735,1.460853972410479,1,222,1,0.031998479500326284,8.75457180030849,0.6190922007013476,0.49634260590354806,0.0053688416016374205,1.0946042972568986,0.24571151615722686,0.1293274227655728,0.5583215373336795,0.27804337184862005
9,nickel,19,expected_improvement,78,0.24606396686192766,0.5487056505906276,1.4214434429012366,1,575,2,0.0735851619707001,11.649330131275867,0.8999392735572047,0.41231475450365446,0.3242754881226039,0.8251656211621994,0.24525881812087655,0.13446600827082994,0.5501032739169616,0.278875320188584
9,nickel,13,random_initialization,60,0.5292660101188241,1.028945392748698,0.4734886224910142,2,577,3,0.10361941335956242,19.687085050243393,0.6301183353304555,0.5005202709899416,0.13232596904133417,0.42960228896640346,0.2727462508308796,0.08320587604070878,0.537795834603036,0.2935477198410568
9,nickel,30,expected_improvement,77,0.7964885249768602,0.724057835188463,0.9349687545809229,2,379,2,0.054316113281850424,18.227923606598836,0.680214341840419,0.32910381547116074,0.0009689447695534659,14.945485313716329,0.2795128394125355,0.10532827856436981,0.4898453314127222,0.305844909053628
9,nickel,21,expected_improvement,26,0.7036227716701308,1.2871935993659602,1.4082549073238815,3,561,2,0.01959333372691036,18.965371381119798,0.6515776857280376,0.39257237201403095,0.009139153252912783,0.11480224431347984,0.2831750277908689,0.10815559944172284,0.47471924632622,0.3102139276512996
9,nickel,33,expected_improvement,66,0.7482142079699066,1.433505324413568,0.8148078666363137,1,583,3,0.08722574199611982,1.7410390817855237,0.861902669625008,0.3940584126599553,1.1546747930945565,5.7043662236303865,0.29450216353752895,0.1451797258158347,0.3802644696050421,0.33079709499148763
9,nickel,14,random_initialization,65,0.11820901892626597,0.8450616662937338,0.5689998287489775,1,215,1,0.1275560649741204,7.6221734580800184,0.7078358365913269,0.3479207538414745,0.0013089483580040163,0.13273947794429297,0.29184500030731064,0.156045472602905,0.36914023515007366,0.3308563684580369
9,nickel,26,expected_improvement,55,0.7595492861243502,1.430274139936485,0.8168671879793361,0,598,1,0.05120830961643091,6.817808417337139,0.7509365596700214,0.4012002939456861,0.013458301265113395,1.0993220600604383,0.3119437089328978,0.1583875308777095,0.2951400848525515,0.35154059165232515
9,nickel,50,expected_improvement,76,0.5198948305075319,0.3679742326232018,1.1553366750362601,1,549,2,0.011554744382025379,4.9456703182740664,0.6781563590321168,0.5259690718660366,1.3436237059839646,0.8421809243258451,0.3200709531587464,0.1452081512558211,0.29036068560071904,0.3563729909727017
9,nickel,17,expected_improvement,67,0.12695687880672196,1.3189609556086352,0.8633630593104233,2,213,4,0.11958894341682763,15.050360429899696,0.6295570801326281,0.5041047446823128,0.00017285312509430047,1.2072120407587132,0.326613172836002,0.1323062011618094,0.28665319882818224,0.35968972312645436
9,nickel,7,random_initialization,59,0.32746460329108873,0.7618470796649593,1.4165725923398784,3,288,3,0.06271553336396476,9.314744137627663,0.8417939574224087,0.36063111662644803,0.0004127668755483067,9.687122202365439,0.32033048664437686,0.16240380347025063,0.25733936761987486,0.3609314375119395
9,nickel,32,expected_improvement,21,0.1876694539265218,0.2548272233732678,1.4024565028491986,1,542,1,0.030442977047455543,7.312846594501247,0.7452646819400722,0.3754895490814909,0.021317302134753163,1.7398216402052462,0.31506832757405556,0.20029153379340328,0.19571347218018736,0.3651412110224064
9,nickel,20,expected_improvement,73,0.5554286944723703,0.8938330178335124,0.7078215786830202,1,455,2,0.06611126489959725,8.571821569489643,0.6244588844281264,0.4130852036071758,0.0005306908029378543,16.277660802559392,0.3200341914927272,0.20848015860540917,0.15802277042800655,0.37215423114407953
9,nickel,16,expected_improvement,65,0.8842023899835396,0.4437761083136683,0.5883512052164022,1,350,4,0.023300379589097486,18.603788792734534,0.7606983703334186,0.31816111964390903,0.0005737901174763055,0.3482133629475416,0.3502427426044529,0.10075592923987711,0.24127993991298857,0.37543172491442217
9,nickel,18,expected_improvement,56,0.39746854473319554,1.550966591179546,0.46083249405840854,0,445,1,0.1251915674558332,1.7420038142966432,0.6593308412140038,0.4760361381836196,0.00013036081210235747,6.906677603178019,0.33473121545494733,0.23522802222014275,0.033135192541983494,0.39353822100998304
9,nickel,45,expected_improvement,61,0.0833946895613034,0.2727267482929585,0.7289644255860621,4,459,3,0.012393424940933555,4.464463880014029,0.6015452189852492,0.569501642802335,0.005267848516910159,1.342725905271554,0.33798355884169257,0.22703841135576375,0.04270904377299742,0.3947431616806335
9,nickel,23,expected_improvement,59,0.4511019278216869,1.9505510097781535,1.4778587182581597,0,237,2,0.013994425821743085,19.708387558106352,0.903029401397629,0.41187631342388575,0.037743275787520604,0.28253069502689093,0.35575157752173214,0.16982390214712728,0.10852920910260866,0.39820755305851396
9,nickel,36,expected_improvement,47,0.7323431535110881,0.5137033426459905,1.3004852057234424,4,484,3,0.038569901881704664,9.152009930347466,0.9261804597808558,0.33466034031373093,4.865401885624993,0.8722760225436776,0.35665704146241894,0.17773090888492327,0.08687558027410994,0.40108976868364976
9,nickel,47,expected_improvement,77,0.6092798624792743,0.5050951415087424,1.2824801185213153,0,600,3,0.044430970587746144,1.5432456533942858,0.606095208420508,0.5865595096531728,0.013465019959051479,3.284857156643398,0.34097829503792,0.24377019658817342,-0.015031314619558755,0.4019208441849633
9,nickel,10,random_initialization,70,0.5041666302183627,1.7399254014850578,1.0702466417237286,1,592,1,0.015990583196517118,5.416006711266764,0.8871828606821575,0.5827567011071609,3.0034308371073415,14.744109636839958,0.3530250664830885,0.19962943849944687,0.052641233299317525,0.4029324261079502
9,nickel,29,expected_improvement,51,0.5914062895431742,1.9262355921540348,0.4614506207983675,1,570,2,0.010009105060758043,12.508771628580915,0.6194612009007082,0.38260282156939773,0.5417553742709874,4.471330321748964,0.3569768192136791,0.19445777867514424,0.04866777504625486,0.40559126388246514
9,nickel,40,expected_improvement,75,0.7100713934063343,0.7535662537475664,1.1200528760988453,2,587,4,0.123358245921839,15.616005589773673,0.610090605673961,0.38446513916643016,0.03715634247540473,3.0541254620507243,0.3514147558604108,0.21773690977936028,0.014850381245591238,0.4058489833052509
9,nickel,24,expected_improvement,64,0.42001714367474313,0.4541998732028296,0.526721021853749,2,519,4,0.010206644701786427,5.141861100120131,0.6563360604560063,0.43668125459792073,0.005479090017002619,0.10838991216729704,0.34988940186675904,0.2350582103700154,-0.02591558194502569,0.4086539544592629
9,nickel,9,random_initialization,65,0.8417681270408559,0.5408956783007126,1.0955625875411756,3,525,3,0.01698906334547542,10.107726216604574,0.6995412801846297,0.38628410600979957,0.014889818370274414,3.83921912113091,0.3827746554159058,0.21130423438464563,-0.10186044544090028,0.4356007140120672
9,nickel,49,expected_improvement,78,0.16674031358852154,0.9788347727820331,1.4971319232476616,2,587,3,0.039489693923104044,2.5031059335770935,0.832242052658963,0.3752079543110694,1.5208613581029893,11.684202196968569,0.3837097107920361,0.24794028740627777,-0.2047537108364434,0.4456947826436055
9,nickel,12,random_initialization,51,0.7656036715588052,1.3596959160815705,1.2666815170946897,1,154,2,0.060468850056392076,3.2821487256335997,0.6598961701273812,0.32445720472453565,0.0028973238798160462,0.25854853880239487,0.37714862838219787,0.2775857756389158,-0.2672013049576234,0.4465450722919268
9,nickel,34,expected_improvement,61,0.34314128377283015,1.880997087353197,0.6546383551753101,2,383,1,0.02343702099174474,12.212238283348082,0.613013950811142,0.38888949040321974,0.00013941669928313653,4.485101296920132,0.384783294663507,0.27474083348425,-0.2910528893939148,0.45346850303456954
9,nickel,44,expected_improvement,73,0.6711830554729046,0.733589634869892,0.469918842325712,1,149,1,0.04438775925832595,4.669453761455796,0.747170208885548,0.3913433026879849,0.38086712568128167,0.12047119431104569,0.3894037100594817,0.29089690937357443,-0.36536694392472824,0.46212793740287533
9,nickel,22,expected_improvement,23,0.0959542480462984,1.2237783748050002,1.438628898855198,2,582,1,0.011775281742116454,14.252769765127246,0.8246032951310542,0.46917319185264955,2.472068743325378,0.1107120165139137,0.4238949157305096,0.2897581671854045,-0.5216143126603896,0.4963344575268607
9,nickel,43,expected_improvement,22,0.27871385141432375,1.6737692752259568,0.9812824347736757,3,372,2,0.016631706768786426,8.70156147981502,0.6154417186657978,0.504495023593577,0.2195615375604081,0.6001532542647418,0.4317120758900372,0.30269800822129217,-0.6056366099754998,0.5073865779453602
9,nickel,42,expected_improvement,80,0.775365450726108,1.077677533293202,0.6906581346436258,2,293,2,0.13598584633253777,11.361024089167854,0.6124760006052662,0.3185284964882318,0.00010517462783619284,2.040139797666808,0.4320245702020827,0.3688487523364767,-0.8661379294234048,0.5242367582862019
9,nickel,41,expected_improvement,77,0.5599817989323959,1.119235945784969,0.7008746139414161,0,551,2,0.09700634771698215,4.122428271779732,0.9673927338877606,0.32799417552050575,0.2431851579073267,1.2803183538186094,0.45889910751831026,0.36397280470012033,-0.9834069957183058,0.5498923086933404
9,nickel,39,expected_improvement,73,0.8257687288223109,1.5250594563654927,0.3130936782935189,2,598,2,0.05581324752070745,8.99750520743934,0.9043970315981352,0.43747337890256954,0.08449642700446228,0.3325471675352625,0.4518843214600964,0.41840483061092965,-1.1949713095236787,0.5564855291128288
9,nickel,15,random_initialization,60,0.8831347581488534,0.4384321476874172,0.41113870576254186,2,369,2,0.017326125695603604,4.728004769716788,0.9753133098348952,0.45411215067366273,0.018470719261758035,11.019349858870894,0.46031426014781485,0.38842594417437876,-1.0983190276488433,0.5574207461914096
9,nickel,46,expected_improvement,21,0.21929099817138975,1.8621423376364663,0.9846441648747675,2,385,1,0.010088326751278633,13.372787248363139,0.9501407874958641,0.3846155049730356,0.0004591743618217961,38.48779617067934,0.5078664012240183,0.22782331743676662,-0.7779857395294849,0.5648222305832099
9,nickel,27,expected_improvement,47,0.5720477126766331,0.9844581154122802,0.46542589890765396,0,261,3,0.08417427517190404,4.767740774593866,0.7385391358124556,0.49378894785943034,0.0023435348114471313,0.817635998612722,0.45940695436797474,0.4474239260847338,-1.3806849967355688,0.5712629358891582
9,nickel,5,random_initialization,45,0.28132256875837774,1.3561743014777816,1.2498421043548575,3,115,2,0.022572527852744707,1.5429623539797366,0.8218721735252614,0.5596567325656129,0.00017587426816845886,5.120490539867692,0.5322002520078885,0.35777784978759214,-1.3738294154635808,0.6216447144547865
9,nickel,48,expected_improvement,72,0.5112627149901097,1.9486188425794413,0.6387757006772624,5,542,2,0.019255953128661303,1.6818007900522947,0.611051835984086,0.6187116327386415,3.9198286275439465,26.001787286253716,0.5353192922497766,0.3588538590423926,-1.3966653618871785,0.6250327570103748
9,nickel,2,random_initialization,64,0.6254613324556547,1.8166292554955255,0.865781606041939,5,339,3,0.061010684144009175,10.413070960690604,0.6486997771897319,0.31580621361530786,0.006244783279203985,10.536293414184904,0.5144202818102315,0.47470924468725423,-1.835286128348131,0.633097592982045
9,nickel,28,expected_improvement,56,0.1929823676483136,1.6398776536218431,1.4586543612703862,0,403,3,0.011250126657067287,7.076183525199816,0.8185336103464441,0.42242745121462566,0.00013308910491246465,16.697105900210936,0.5474292592346948,0.4160745248729757,-1.7314661893620085,0.6514478904529387
9,nickel,38,expected_improvement,21,0.46402048824567466,0.7050290129742605,1.4117336015871367,2,530,2,0.11441790841635363,13.207503417635648,0.7835098782801491,0.32871759707219395,0.000778239179752447,4.604415617826146,0.566749748823826,0.5464186711315884,-2.586871568914524,0.7033544166067232
9,nickel,11,random_initialization,79,0.0633348026479783,1.662957711087627,0.7376437721569815,1,434,3,0.09570764758621415,1.0396762673932132,0.80020707750427,0.8226916997266509,0.0029839007998419312,47.52946029668847,0.569039392909211,0.6354268665713055,-3.2139862784794935,0.7278961095520374
9,nickel,35,expected_improvement,67,0.8840548193177111,0.4426046807151902,1.0975187491199903,0,133,1,0.04136738419407996,17.796732542933224,0.9547508259556114,0.44976446295875927,0.0005697796826346401,27.35045327289475,0.6090016465819823,0.48200361774863965,-2.485510345503122,0.7295025510191422
9,nickel,1,random_initialization,22,0.7811145170782344,1.4655835770281427,0.3642214571508601,3,340,3,0.043942595417018476,1.7083668998909216,0.9456540918382356,0.6573365752728496,0.9944542409785185,25.689694463275238,0.6115513086003728,0.5642730919559097,-3.0066115178790045,0.7526195815893502
9,nickel,6,random_initialization,18,0.5542843830345658,1.3452566550859795,1.3508178182811073,2,550,1,0.06913345339342895,12.863794123078456,0.7172416254571425,0.821989853993051,0.1427334552475577,1.7742353372273956,0.6281807287993136,0.6676338116808891,-3.8663159833325103,0.7950891817195359
9,nickel,4,random_initialization,79,0.21377998848840934,0.7197548184065188,0.8764062609000232,3,514,2,0.011292117597341186,3.8470208676323625,0.7999034688407125,0.9916087237237066,0.3073215831709697,0.29278055381899437,0.6505152866291108,0.7322950646323554,-4.557240185605846,0.8335890527871996
9,nickel,8,random_initialization,49,0.30576560276857345,0.8024166962213746,1.1332132977088278,1,134,4,0.011745286942538328,2.943739233780785,0.6408550758027431,0.8749873458028501,0.33078458139615774,5.777144438756465,0.8571836567209155,0.731032871759858,-6.337300379919638,1.03994187466088
9,nickel,25,expected_improvement,79,0.3179895177013769,0.410963542394632,1.4937321807833848,3,175,2,0.14929738040181373,16.937079878408188,0.908724757104891,0.5572821260193077,0.3722528958686822,0.9955019926222066,0.9513822472218598,1.2715134419586083,-13.614062341897576,1.2692606077115118
10,pdms,28,expected_improvement,51,0.3463633470158651,1.9566987084381045,1.2780141222803907,4,318,3,0.14026706883549883,18.65097577875627,0.9605004914508066,0.5573969841588817,0.016617441741902658,0.14319564113788882,0.21647484105917952,0.0941241375246339,0.6843174390514213,0.240005875440338
10,pdms,42,expected_improvement,46,0.5390323499121505,1.9311600821322443,1.2304293821037815,3,306,3,0.12821177139652357,16.686140517033042,0.7984799663365175,0.46433363567305186,0.012561149514266743,18.568899120362563,0.21498428789835622,0.10460033300923502,0.6786868356759417,0.24113437115066497
10,pdms,39,expected_improvement,58,0.6377394861554099,1.7441878538480975,1.349793787542148,3,359,1,0.13041862788136044,17.08886233416866,0.8908053028257896,0.8672693265298586,0.00018790341366564244,87.09839426758211,0.2184227866985863,0.10233565597508949,0.6706222127769489,0.2440067006923587
10,pdms,5,random_initialization,32,0.1538957381098764,0.726760771321664,0.33872552209432755,0,451,3,0.02342694869171499,18.901650236309486,0.8145783666220314,0.6214285766310124,0.18527384495012061,2.191666777138716,0.23207473462877046,0.09194065175304263,0.651190948368508,0.2550598975670311
10,pdms,43,expected_improvement,20,0.14188594675863614,0.42563719156843505,1.4104838844408127,2,556,4,0.010307163878553058,1.298479834594417,0.7941468348734697,0.7552958221279067,0.003066106879032464,0.6172019879257301,0.23132967810293542,0.0950962992808862,0.6435418467014505,0.25510375292315696
10,pdms,38,expected_improvement,72,0.9270291661639843,0.5000419711663106,0.4425754194838988,1,565,2,0.04394355551875553,18.69622255425646,0.9363813223578309,0.41514254213724466,0.0070371938260307895,4.520004809577118,0.23811123425834346,0.07128215797113491,0.6575514283347685,0.2559317737511272
10,pdms,40,expected_improvement,15,0.295374050397571,0.8943777551025605,0.6546683535107691,3,468,3,0.14102980146438243,19.14161387977125,0.9410724299463992,0.5870001269181129,0.03288976290897856,0.40783022027784943,0.23213327447850263,0.0988185160340295,0.6385730633460726,0.25683790348701
10,pdms,35,expected_improvement,74,0.32063700476483353,1.0561057090763777,0.8884221165777753,3,205,3,0.051072851029948914,17.05080368953616,0.6283986509994097,0.7650127199532487,0.0008255591782618234,0.11338052820803059,0.23906237788967022,0.08792150768020993,0.6419773549208154,0.2610427548097227
10,pdms,3,random_initialization,79,0.7327056745814318,1.2263870462454096,0.6180730524699256,2,224,3,0.0800973078935221,15.310605044914855,0.6193569697497777,0.6285165578784375,0.3237156363879575,0.1215447445112759,0.2402044871351119,0.0998408545037219,0.6211483718278358,0.26516470076104237
10,pdms,31,expected_improvement,36,0.6656065922167427,1.8413168021442061,0.4545397170832953,4,217,3,0.11555953690793952,16.93555937788374,0.8909848514271657,0.6914573226136158,0.0009258670915106801,0.902949245923689,0.25309715523371856,0.08138871389790589,0.6006901177722719,0.27344433370819504
10,pdms,49,expected_improvement,78,0.42869986543390043,1.1994547313344126,0.44781189157501256,1,473,1,0.040662980738311566,17.559503659590565,0.9274315256063077,0.8131119173783699,0.0006837899818080963,18.766872694217657,0.24985568164154628,0.10639782035606785,0.580860817658561,0.27645513673056327
10,pdms,37,expected_improvement,49,0.35453407583556557,1.7884631381553242,1.3592515241466285,3,232,3,0.11549589390615858,17.064828864295492,0.710894497822157,0.9962095830096749,0.000913714882289777,0.36627786712320914,0.2607917300136847,0.06629596478696771,0.5934592894579603,0.27736572121042663
10,pdms,20,expected_improvement,65,0.21252510794840418,1.7137443899927076,0.8658516817413582,1,418,1,0.0585457089982192,17.938807353936927,0.8033826298049082,0.559168316778625,0.03947633803633584,1.85577598435806,0.2584352315798344,0.09376588795408015,0.5739574275722011,0.2818767035683544
10,pdms,41,expected_improvement,29,0.15271190361048437,1.1019651158058477,0.483282648542241,2,172,1,0.0578293178183655,16.222706745702087,0.6372848690647864,0.3991430868918183,0.6611490152706022,3.9324255149170586,0.27303361230230366,0.08121447247358547,0.5469523774850809,0.29333723042070003
10,pdms,6,random_initialization,63,0.32010256952843047,1.1367982291310326,0.8178083361518433,3,433,4,0.11467248508702683,4.834700504362515,0.7940228499358406,0.47562013645124324,0.003103645546759908,3.3474616909761954,0.26393476695699947,0.12081185973360224,0.5174138489326814,0.29413773189040004
10,pdms,34,expected_improvement,74,0.7669688819417867,1.7985427053538126,0.650566774920211,1,213,1,0.023124925460620994,16.783414451584733,0.6358076836315764,0.6466079580308065,0.6966559269028214,1.3127374566956898,0.27366225710502684,0.11894713223239635,0.5064138186953504,0.3033990401631259
10,pdms,12,random_initialization,44,0.5254433859872804,1.635890598742261,0.6241438228937971,2,263,1,0.14990656227214597,11.11303280793034,0.9541922069302812,0.4169569059113037,0.00148376265879121,3.6448164934071543,0.2703229986945863,0.13357212657636497,0.478750545083243,0.30371603033867756
10,pdms,13,random_initialization,57,0.24984553076843824,0.5762219520967079,0.41115502195537895,3,371,3,0.017116740636051005,19.840009671018286,0.8265240749860042,0.4125757546761103,0.0026626891290416114,7.294252895986867,0.27802231063984034,0.11034624857520094,0.5033945730935077,0.3056088727836406
10,pdms,30,expected_improvement,28,0.7964923162051926,1.7748605731696367,0.44007951555461555,3,286,2,0.07562421713211726,19.952345632415287,0.888778801289563,0.3343686928055865,0.000789330379959622,2.214619429680763,0.28203570365031705,0.0944485101592634,0.49948663495571594,0.3056478311901329
10,pdms,16,expected_improvement,15,0.5871865343023107,1.6760244944290728,0.35278931719555245,4,119,3,0.08896138007645736,17.08971496067296,0.8058988653101973,0.9463698273225802,0.007864582009857526,0.5551181035722924,0.28626888528562155,0.08129069768912033,0.5020012699417493,0.30659155970790164
10,pdms,29,expected_improvement,27,0.37286121019479457,1.593032879736735,1.2592266257340645,1,209,4,0.034481811463774575,19.447478184820103,0.8615936104458338,0.8692559012905787,5.2779911898980725,3.48126130950641,0.27466259419792194,0.1374846712452306,0.46953695279605273,0.3090337620092296
10,pdms,36,expected_improvement,32,0.5804600911958581,1.0301269704101068,0.3234339120350776,0,598,3,0.04803766532776961,15.145689625149762,0.6409943044792021,0.3884499528980513,1.6796903652460036,88.19513813158915,0.28103980184876365,0.11660694286712091,0.4821122731857167,0.31019153756554385
10,pdms,10,random_initialization,60,0.45894889508104525,1.6099017976190106,0.7909038072761283,3,105,2,0.054257889049652265,15.624528482693984,0.6821884323909044,0.8176269205464104,0.08297968095879812,18.439850993889365,0.29530850940881537,0.13417356578101466,0.4128032010845767,0.328851900854069
10,pdms,18,expected_improvement,63,0.36947732020742485,1.5814215166771088,0.3008978859415628,5,386,2,0.08489898569045823,7.078604712861583,0.9035503438644111,0.47852836165646195,0.0001791406442272806,0.17411800524268634,0.2914436050440998,0.15171949823290073,0.38076896703332885,0.32937347960232494
10,pdms,46,expected_improvement,70,0.2386586870831543,0.5901473942306573,1.1133447750267116,2,400,4,0.01856358324430671,18.57006664512175,0.8453177266366716,0.6756691937034486,0.00026808956669154943,48.46571618556195,0.3240980464759098,0.14100211366628598,0.3032253223739195,0.3593485748924813
10,pdms,14,random_initialization,58,0.26124354063800936,1.12492574415526,1.1979247157327682,1,401,1,0.011821083054849852,3.5588124688614426,0.8413377528809416,0.4577800158907652,0.0003737355012774889,0.7419687657588392,0.3389909869468247,0.18067432629145688,0.15403908251392617,0.38415956851968897
10,pdms,25,expected_improvement,10,0.5688279404903887,1.6372213419800579,1.312998462265632,4,331,3,0.05869908842258206,13.544647428468473,0.9057627411381032,0.6160345933445392,0.015939284899714003,7.775972454838812,0.35246194514912854,0.18948533203998724,0.08200864802337776,0.39983327815912534
10,pdms,1,random_initialization,78,0.4130236328574795,1.14164332727938,0.6267329317606525,2,528,1,0.056801453499927795,2.8967977731146735,0.767338514163098,0.5532511268272098,0.1489248314780173,21.038800426843515,0.3441187391842282,0.23092929217802913,0.010513871956280618,0.40185106222873546
10,pdms,9,random_initialization,65,0.6122426039301024,0.29969248709624385,1.1481973588311654,4,599,2,0.11559403709859341,7.1502189172247865,0.6012740351020062,0.4293586611528748,0.04934295220518399,0.5521416781482529,0.3561865786374696,0.18872314718629005,0.06705382311863436,0.4033673654340421
10,pdms,33,expected_improvement,80,0.09910339930780546,1.6353710963803687,0.5551069743318406,3,177,2,0.011583203933419056,16.707810126187454,0.6554729947659598,0.706862994513618,0.0002850576911968748,0.6606712929630756,0.3714896580748606,0.1635645977527497,0.0876809526025131,0.41238080751304806
10,pdms,22,expected_improvement,50,0.7792871971471467,0.8963027860564373,0.3098524629003785,5,420,2,0.050891216810082365,1.187595610273015,0.6313982793447535,0.5732584755414207,0.0008973275643110292,0.2142079109218339,0.3546785693944986,0.2570564555202649,-0.10728442760128357,0.41894268327456485
10,pdms,2,random_initialization,61,0.7500365254428992,1.3252205802893067,1.3298554796787876,0,261,2,0.02644216879791785,10.082659878136242,0.9723817238287242,0.4592206840503483,0.0002597944302220548,44.19596744198013,0.39416927621264575,0.168208137771534,-0.044172854983710985,0.43622131065552927
10,pdms,50,expected_improvement,11,0.77659108054199,1.9840181267836243,1.3807393868498012,2,473,2,0.011291434305068284,1.7055665555430517,0.7194036189299828,0.7159293972721572,0.037387509100826,0.472517995535369,0.37151812912586796,0.260017095206195,-0.18567812027632166,0.43652240292741673
10,pdms,26,expected_improvement,38,0.8005536750377549,1.3449763144010822,1.492448444339126,4,106,2,0.056083556524717214,17.562199365336934,0.6195351325341352,0.966269030162719,0.0004671521850421701,19.566416903936332,0.4080882748382616,0.12377239898173219,-0.0010643414223523995,0.4390313745836946
10,pdms,7,random_initialization,34,0.9314739037342552,1.6374772867087586,1.1230377943661298,2,266,1,0.13301626994592317,9.634850129006454,0.7552812157658522,0.5499474191729559,0.000667818022670678,2.211637286693231,0.37445246038342933,0.2651338789389843,-0.21308629322096892,0.4407359301181754
10,pdms,23,expected_improvement,31,0.6245601882316493,1.4860884622686543,0.7321275681403185,0,110,2,0.03691680657020019,11.337972051445455,0.7765873634047172,0.7659970677275634,2.451262948429833,0.15222124411119642,0.3974342767873573,0.2403266782795322,-0.23847327205027471,0.45751594635724036
10,pdms,15,random_initialization,44,0.22987411446307027,1.2072994513417301,0.8008200215815175,2,497,4,0.026546613615750378,9.54229302169745,0.7615119521220073,0.6297381290180812,0.17590869334076933,44.37597695708021,0.4064319998982737,0.2789177602526153,-0.3967120415630979,0.47616143996142757
10,pdms,45,expected_improvement,64,0.5286164651029328,0.39748148073837974,1.2244632055961429,2,195,3,0.01075536893018153,10.653560416229078,0.8070997541775468,0.8678623439085889,0.0010060923842614747,0.7497176016847996,0.4496529761544519,0.2531036449196406,-0.5223061034795841,0.512928887384362
10,pdms,47,expected_improvement,29,0.9139326538391098,1.5057671193390028,0.9388762723002115,3,144,2,0.12005977822430276,1.2226730158591066,0.9676189714298891,0.32258162570705623,0.002365428126699698,7.47004101220822,0.4750811393089271,0.4121638927868074,-1.2855248317413117,0.578122112505629
10,pdms,21,expected_improvement,59,0.24259899438436927,1.6371695391631151,0.3683359800554496,0,513,3,0.01364058758320525,11.30522767579991,0.9875414076355036,0.3003179346919657,4.6229507768599705,42.982217546427364,0.5469259477582618,0.3450622972181457,-1.3935936954173673,0.6331915220627982
10,pdms,48,expected_improvement,68,0.08127001578308615,0.5204991069588057,0.9663684852050463,2,322,2,0.010380120392014264,1.2936698775074778,0.7166888685957065,0.6478680524797911,0.007562948406209246,0.12429787070611312,0.5307085129344677,0.46592930050278614,-1.8794390372245755,0.6471908380601643
10,pdms,44,expected_improvement,51,0.1340385470343346,1.6471263919927108,1.173541667725502,0,239,3,0.010206711896762168,1.1122973175902895,0.9145092956046733,0.36751237481611004,0.016588565445789603,0.7110163666174208,0.5461395457389808,0.4654874734362702,-1.9706442197211744,0.6625114140980484
10,pdms,4,random_initialization,77,0.44015298316545254,0.6350881453317586,1.1226711353898702,0,279,3,0.02004713448585384,5.223086449645999,0.6307092749050293,0.4810695782819681,0.009034744710747594,24.60667113992613,0.5744678702186287,0.4259344942592268,-1.9398212992676216,0.6809514937834353
10,pdms,32,expected_improvement,15,0.9359137671287683,1.6089999039723903,0.4233693341937632,2,597,2,0.010953960993338554,15.537476271155828,0.9738456121077415,0.4676967835011344,0.032742060065106916,0.17269253396112985,0.5575480711526297,0.5547357291371556,-2.5777452057822097,0.6962320034369186
10,pdms,27,expected_improvement,69,0.26904540595855103,1.4439864667183382,0.8082140694193476,0,271,2,0.01983910002499785,3.8504524257468047,0.8864783049834497,0.597997167117535,0.011943638963914385,24.38502471150464,0.585108833880325,0.4829519054742811,-2.319652620899808,0.7058468102488953
10,pdms,24,expected_improvement,49,0.7143472808576918,1.5615838899797643,0.5124399990491,3,226,2,0.021228811186805856,1.3300484219199873,0.632976837183825,0.749803737009717,0.010046402418839692,57.44336386323659,0.6359327951264091,0.36467723345934877,-2.0606265540408875,0.7271021034912463
10,pdms,11,random_initialization,16,0.147751034001544,0.763849709393216,0.518439988482488,3,366,3,0.021303487872053092,8.780497306507536,0.985076051352272,0.748229727715416,0.00021702824849983838,28.08889401155847,0.6133416119837489,0.6215883516715592,-3.4086305896160676,0.7687386999016388
10,pdms,8,random_initialization,45,0.8520921625201745,0.7627716228717047,1.2714304889697898,4,495,3,0.01546183174204131,4.3810563430997504,0.6765106795074508,0.8242108675675857,1.6014990594361622,1.8282596617851987,0.6608132673680456,0.7298248995546216,-4.610171509429804,0.843269492256701
10,pdms,19,expected_improvement,14,0.5885315545342052,1.820188501829958,1.1616473397532174,4,104,4,0.024953249324975293,17.917191301294846,0.7381736771997636,0.4972171986290155,0.004888876542453295,89.6889377168482,0.9669617217526429,0.7483425378623145,-7.585068586025103,1.1540473562182216
10,pdms,17,expected_improvement,58,0.36070635427257325,1.8724574791818382,0.7325014232151796,0,464,2,0.13995682366451365,7.630134095965136,0.8696664716197786,0.8710495931110076,0.5215878988061198,0.24831448109490847,0.8918577395040288,1.0985624361157647,-10.596269815238363,1.1664983485329699
11,ps_foam,3,random_initialization,71,0.44399092617111013,1.5422178404651996,1.4590291882091977,1,413,3,0.05513203178802241,18.500324101989,0.9413201138219912,0.8116857718105472,0.0007104335693834979,0.3619585691445273,0.24317095462612426,0.09160350231569217,0.6184995669044897,0.2660718302050473
11,ps_foam,20,expected_improvement,62,0.7515480320672603,0.31680658367166936,1.3329414064607703,1,575,1,0.04405198846768968,15.358801993016078,0.7312898243923732,0.45228702212669675,0.0010173715945664226,0.12805279143017365,0.24842419512156894,0.08923928446366572,0.6066819221196253,0.2707340162374854
11,ps_foam,17,expected_improvement,63,0.9484161189700269,1.4216507883724878,0.8259025299804661,3,564,1,0.08644752756880664,18.665724449801942,0.7159948763325652,0.7289965363532224,0.0004291380755562966,0.4830697834783211,0.2510567027482297,0.0893254160843441,0.6007350903586317,0.27338805676931577
11,ps_foam,29,expected_improvement,12,0.7673720458437796,1.702346572100008,0.40255109274919376,2,538,1,0.03895522424875357,17.25848076866623,0.7092382747603114,0.44090258978106633,0.3886286353201106,0.1624161632812285,0.2662053635643211,0.0973437730804534,0.545497450523101,0.29054130683443447
11,ps_foam,18,expected_improvement,17,0.7512114664471429,1.8212784565595488,0.7205555941777544,3,496,1,0.10640202487277493,1.044103546627128,0.8985467531959679,0.4973125359818404,0.0021913805325118607,0.6145999297900093,0.27522096104092514,0.11305985475396646,0.4954198833399698,0.30348592472941677
11,ps_foam,35,expected_improvement,76,0.5963861868424117,0.2737488806741324,1.1110086030648008,5,345,2,0.14770278963076483,1.0117601798976301,0.8520924917207153,0.31161345919730665,0.19351451783938634,0.735485705568416,0.2798008977611677,0.11489485865767063,0.47811706519737157,0.3085246124255853
11,ps_foam,38,expected_improvement,65,0.7504384784871212,0.36657423186963156,0.41767165175280585,3,600,3,0.10913816095824912,19.862247449137943,0.9207531991156018,0.49199459347899555,0.014566312882312228,0.5749351858304259,0.2846517561406743,0.09786384581805013,0.49188328418670435,0.3091177175951868
11,ps_foam,21,expected_improvement,77,0.5740651982939794,0.6032226961493515,0.5342373721495046,5,430,2,0.12862325307389094,18.616300525416175,0.9831266511680727,0.9543839816453796,0.0027647106266526556,0.14118981675779177,0.2930892853659808,0.06746237638603601,0.49147820930156905,0.3099548794624898
11,ps_foam,32,expected_improvement,46,0.8863556622030602,1.46196629306358,1.438589569286364,4,411,3,0.13841865924248686,8.596919152770463,0.9111578188386293,0.4157151913136078,0.1531653660329363,0.23758523749063762,0.28478270118454085,0.12502282654677924,0.4468758867596327,0.31603840782123566
11,ps_foam,31,expected_improvement,60,0.9053702568146346,0.3538699336416739,0.416794807023817,3,278,3,0.13533009020854767,14.84416174731136,0.7598978674048371,0.6278465876725536,0.3557595243343914,0.4521786621356599,0.29082009576865936,0.10446569242888984,0.462511354031647,0.3169365188758818
11,ps_foam,46,expected_improvement,47,0.7844866453993836,0.681786458963386,1.3820501944015797,2,562,1,0.0660604941574572,2.656423215059702,0.6762559456839419,0.3599659168822168,3.093447637528025,2.287228738532598,0.28818427076179765,0.12124551406080851,0.44349539302496294,0.31849564927699975
11,ps_foam,39,expected_improvement,78,0.9073405279447768,0.6155822306252001,0.687850820887093,1,531,2,0.015423773991656248,19.54266462372711,0.7817240490211838,0.9423751831737079,0.006299301451346253,0.3800885548461248,0.29143716111670415,0.11021468234632367,0.4497157481334856,0.31899083170328507
11,ps_foam,16,expected_improvement,69,0.726165938808713,0.7608235451665788,0.5207412349325317,2,531,2,0.016820849357924196,13.119043275682724,0.6938193915903292,0.5226788580914493,0.00011505583802480458,0.15977407579524638,0.29300282562799634,0.1244530827195414,0.42586590791185175,0.3241160963078817
11,ps_foam,22,expected_improvement,79,0.1614106398939048,0.3774262814383169,1.2911359642707725,1,311,3,0.058322511672008824,18.34797465277422,0.608478805792571,0.32637326960134977,0.00013988459497285682,0.11304689736800003,0.3139311631746573,0.09168086551664092,0.39993604671535005,0.33685137955381755
11,ps_foam,25,expected_improvement,31,0.6519616453463812,0.5322250827007922,1.2708806139417204,3,155,1,0.10929991220021053,1.0160666586823905,0.7245583093444072,0.3689530952311685,0.016556149217052982,7.016396688728547,0.2982190404499264,0.1570285442964558,0.3497146790492499,0.3374761765240404
11,ps_foam,13,random_initialization,34,0.8871387047195274,1.425760442870393,1.4882306992587957,2,273,1,0.03142589144570276,1.894862798895929,0.7945271043158196,0.6333684871304506,0.007007758177635325,13.769206068618288,0.3057775955625581,0.14617808559193532,0.34235107581069235,0.34232211696054193
11,ps_foam,44,expected_improvement,64,0.3209477534592156,0.9463402827317002,1.4220585659971006,0,544,1,0.02551433323283419,19.944509767870112,0.7116518874332787,0.5151519001440996,0.03547496603398934,0.35174497321466386,0.3094628151231394,0.16123849533997783,0.30273226156127186,0.34977243895813387
11,ps_foam,24,expected_improvement,79,0.9275649174793448,1.6206789345806705,1.2714333265650286,2,408,2,0.11297615019864683,1.251697110530777,0.9547883605293558,0.3342205150960953,0.00043443656629955885,14.292917261009661,0.3208636285560025,0.129345199335068,0.3183792381956394,0.3531999283897695
11,ps_foam,40,expected_improvement,37,0.21927230714996326,1.6236253133102325,0.5121196433684819,5,484,3,0.09603373024596923,16.52335323590112,0.6073299793578366,0.7482013805106829,0.02211843929064415,0.3417895556754227,0.3193760703723231,0.1446467473974792,0.3009806112411737,0.3555377572216929
11,ps_foam,12,random_initialization,36,0.9491974442376917,1.1627643927779336,0.5089119802319224,3,407,3,0.053502326231286375,1.0779512384504475,0.6422864478569718,0.34197585408461695,0.01385345259072799,38.62288927191899,0.34057387789582005,0.19220833799216394,0.12326037161555731,0.38862596239386105
11,ps_foam,19,expected_improvement,55,0.7424633849061613,1.4616322558300823,0.4832545181265647,4,169,1,0.06197379790214143,1.0706423067229964,0.7845995168208962,0.4321705649120558,0.4283932083921639,0.17756636176544696,0.35360697550774617,0.24749996926612422,-0.07348832941001748,0.4154819678242772
11,ps_foam,30,expected_improvement,17,0.8596291238879763,0.6679664371383978,0.7578748000730411,1,445,1,0.03061252145870236,1.2189107992064332,0.6751424086332545,0.9724405991483405,0.00016218954033929222,6.589309940384513,0.3657907548082404,0.2698078779539008,-0.1905020345492401,0.4332427242967156
11,ps_foam,36,expected_improvement,51,0.7330761499299996,1.2861675624385185,1.2039692506340864,4,582,3,0.012243845642567275,11.88934601817358,0.6543059931220002,0.7009696081863391,0.9345430060702618,0.12847720403708773,0.37689742247057334,0.23144326484702382,-0.12213362110303772,0.4347582386823293
11,ps_foam,37,expected_improvement,63,0.8985015328849758,1.02713094816766,0.629354887524886,3,446,1,0.08641135815817652,14.138985019401051,0.9253197675408885,0.8444174107548144,0.0018548331905311104,0.10410187337816403,0.3723943698815114,0.2592770086857198,-0.18546419582115375,0.43721362205294134
11,ps_foam,42,expected_improvement,61,0.6029555149275352,1.5597212721293545,0.7859808657482061,1,569,4,0.1331440935410556,13.342413435860704,0.6352620268607828,0.8466126721732321,0.013810354370893096,0.36253176100253426,0.3728902475384575,0.2623683440902539,-0.1956301931063278,0.43848233356102095
11,ps_foam,14,random_initialization,65,0.9373296614001823,1.1058284133909086,0.4301154593293235,1,217,4,0.03304645025143392,1.1476737481075008,0.8432073036082405,0.5685549066383504,0.3748123454179945,7.729660110042655,0.389032337548765,0.2712093303279798,-0.2949741418815408,0.45683467013075996
11,ps_foam,10,random_initialization,80,0.8640731569789016,0.4397382834785962,0.7834267623789903,2,592,2,0.04334174444362444,8.419856065611418,0.6064462497066417,0.32676212926290177,0.10806003868179485,9.700351093302329,0.3980764819942266,0.25526226783609934,-0.28274089187508245,0.4618920489532515
11,ps_foam,9,random_initialization,75,0.5297409519680453,0.33964878162298484,1.0508681617541282,0,282,4,0.07362092695553396,2.966125620402164,0.7874286263170956,0.3400509673911374,0.03326988574654843,1.0350045738580007,0.39678975199580585,0.2929286339119028,-0.40151081147330214,0.47002191047378156
11,ps_foam,49,expected_improvement,62,0.6808408618561252,1.733127008560847,0.800013543339559,1,235,3,0.04395098763698967,3.1280952697894264,0.7287766444963956,0.7733797054383232,0.9341149333541842,0.14443100254200603,0.3998383949731373,0.2912965414719674,-0.41042038219980115,0.47266253034112915
11,ps_foam,2,random_initialization,28,0.619334386977893,0.5907449815402692,1.3958819914244571,2,221,3,0.04498792986353668,2.4470713373862654,0.6277247963223915,0.31908348957950383,1.1327455367075492,1.0446825359857248,0.41050731770059956,0.2815113566190963,-0.4270387516496777,0.48088515685537364
11,ps_foam,7,random_initialization,39,0.26590516051762125,1.4699428184694963,0.5386070534891065,3,294,2,0.027372375480688153,10.373775807203609,0.6171846330273445,0.8516696856442023,0.0029785361683387513,0.1657705538896655,0.42145105825269047,0.3235340592365629,-0.6244804500074225,0.5023345730618312
11,ps_foam,48,expected_improvement,21,0.3102419180297888,0.9743190129203841,0.3002348784520725,5,414,3,0.13394945729337393,3.5147949255713633,0.9077517800438104,0.479469286158397,0.0015652290996712127,0.19259259119145006,0.4303197139438316,0.3534283226539185,-0.7896057707094196,0.5186767946073112
11,ps_foam,6,random_initialization,11,0.6810343588604328,1.5314613433739466,1.2605439293494407,5,464,1,0.013990948989922147,7.442939951061792,0.668208425035849,0.8227779128809385,0.000157862884130315,1.0024295050745526,0.43409553204412177,0.3524139171325287,-0.8039368101361156,0.5221990113272539
11,ps_foam,33,expected_improvement,30,0.894618687135749,1.5847866453718407,1.4709384693766803,0,235,1,0.010881316887032515,17.752955943090857,0.6516978758527251,0.3354278806057198,0.27909136412882446,0.13651295467561614,0.4969686272790036,0.2395847276249405,-0.7187061817179604,0.5568648091852387
11,ps_foam,15,random_initialization,43,0.291898358046395,1.2979529370716918,1.2975862318675055,1,237,3,0.012599030872829528,1.0708301356346919,0.7507862510223879,0.938396454447971,0.0007037788571166161,13.24218662108935,0.49445040137764346,0.25523320202990035,-0.7635150533512657,0.5582587018851185
11,ps_foam,1,random_initialization,73,0.3300095711086509,1.855458507957225,0.46371568680563147,3,127,3,0.07262371597462236,5.419933688911537,0.6956773877791573,0.7179749451997994,0.04633064464772478,9.916436368698855,0.4866660802840769,0.4540516570300448,-1.5600873841382326,0.6001789945415881
11,ps_foam,34,expected_improvement,55,0.8939964937136022,0.3690482500458382,0.46899341979178544,2,176,2,0.13266659598187486,8.394237979361018,0.75683705787222,0.8320642803729974,0.0008769142943184783,23.63680449250964,0.4996672939418306,0.4173720451825455,-1.4416646333823095,0.604010305237467
11,ps_foam,50,expected_improvement,24,0.901895425790493,0.5670765867785283,0.9306644806364361,1,597,4,0.0308807736450834,6.473659186741095,0.9911104816785953,0.3751619289091081,0.0025223267063622986,0.414683900734831,0.5016938332867974,0.4491378641486763,-1.6187701510733428,0.6139782993239664
11,ps_foam,26,expected_improvement,16,0.888703743944502,1.4233271537763406,1.0875435075396216,0,599,2,0.14363749732169684,3.9125501721702616,0.7228581305941123,0.5847755579125856,0.10791982437421122,0.3799892099916367,0.5132896986009327,0.43440386562890904,-1.6083740404508764,0.6218906650081599
11,ps_foam,23,expected_improvement,16,0.34683581160563953,1.7914046466902525,0.36919380456149575,2,423,2,0.022259027051144523,1.5513025202456476,0.9428642443230564,0.744287061470391,0.022083010169734046,0.12471483983384943,0.528388105001572,0.5629973482628956,-2.4504298647799985,0.6691374420672959
11,ps_foam,4,random_initialization,49,0.39340928754445625,1.4030486356611718,1.140261183848831,5,551,2,0.028621147073324422,4.80737903258248,0.7924655984779431,0.8368805375093527,0.36925668683323304,2.667273030342336,0.5473890782983669,0.5202485691413957,-2.295628422369705,0.6774512205837159
11,ps_foam,5,random_initialization,55,0.5671608458463031,1.9370826586978975,0.46350758472735776,3,460,2,0.0161997713838873,8.423920075223974,0.6909226722773655,0.9035164825391879,0.011357431262892452,11.02020187188781,0.5847500027412784,0.582465507539135,-2.936579748974817,0.7303663796260622
11,ps_foam,8,random_initialization,48,0.6985658472081151,0.38923755059835197,1.0646651817715695,3,291,3,0.013287904996718251,5.88758111493154,0.625886280570386,0.994637805753356,0.0046096870766575895,2.3745146230777188,0.6006476461339408,0.5836397088455391,-3.0549534401522456,0.7465575733453256
11,ps_foam,27,expected_improvement,75,0.6645411864612418,0.793937834833923,1.2235344937449224,5,431,1,0.01744673315523501,1.137596070781742,0.8922375937360221,0.8528261307830409,6.094258157566984,56.2720402212775,0.6727392512091392,0.5004423760440003,-3.0345475244434246,0.7978498452201394
11,ps_foam,41,expected_improvement,47,0.10214065205982169,1.2828704769467218,0.8713684207036487,4,128,1,0.1484480287128052,1.1081777295597113,0.8707726102014783,0.8489574243265012,0.19520428077480875,0.5795029747545962,0.6415899656704657,0.7255751928858816,-4.429491116536625,0.8229837638919361
11,ps_foam,47,expected_improvement,59,0.23184818562582038,1.6015635949538407,0.7021471179538683,1,556,1,0.03442236232305126,12.06768663480186,0.7901491741832175,0.8363904514256111,0.0018596225664476503,0.10723902920126946,0.6447438566595378,0.7423660154880667,-4.5976262035848885,0.8303353605315544
11,ps_foam,43,expected_improvement,73,0.8373393491236727,0.6997812188202577,0.6362359928562454,4,208,3,0.039900677829513564,7.981443152601291,0.7837242159886141,0.8192586159298871,0.0017646734744443668,0.27432485945920954,0.6562935245246104,0.7866866864782406,-5.078721412007697,0.8529651961441705
11,ps_foam,45,expected_improvement,72,0.8942531972171655,1.3802284325986087,0.9348667853274919,5,466,2,0.09619278343365041,1.0649782802814176,0.7825474653916482,0.7744707315674715,0.0002826550645333398,2.088620911869342,0.6850195596817459,0.7976805674311804,-5.40057310698908,0.884439701539541
11,ps_foam,28,expected_improvement,35,0.4669535601816787,1.1565456314028986,1.0148305623623777,3,202,2,0.016664054412100122,4.233261207585326,0.861337468089342,0.39720031529362854,0.0002731682976070543,89.71249178201361,1.0751165848710584,1.0278196304606368,-11.757046405521837,1.3320714924862176
11,ps_foam,11,random_initialization,17,0.22486318902372276,1.6114552066532748,0.7187273173231479,4,100,3,0.024024234315348933,19.28841739383105,0.6614871785281097,0.6862588472063047,1.1268158666706805,23.589941709799284,1.1485996713550837,1.0787491444091952,-13.307912634374802,1.4182869574573824
12,pu_foam,45,expected_improvement,58,0.8541186360505648,0.8595170162162288,1.4384234532096623,4,594,2,0.05293183225545704,19.9191261067215,0.9792428189540312,0.5417990840438766,0.001501475168212535,1.099206081265757,0.24089917054204346,0.08042224527399824,0.6352727520252921,0.261004731860543
12,pu_foam,28,expected_improvement,78,0.2818460475826221,0.25606202584374305,0.30544318874878,4,543,2,0.027332851868576594,18.617609581396586,0.9961416957551533,0.5385867992403895,0.00017881229902047462,5.156837293998199,0.257716239611924,0.06285339910917767,0.611469202845143,0.27342958938921846
12,pu_foam,17,expected_improvement,39,0.7470833545457701,1.1861456586941874,0.4747961228591894,4,540,2,0.11014353649078344,1.583378637100062,0.7929342455586558,0.828104999991089,0.00015185747386286166,2.605000936052009,0.260010312830095,0.1129912649817262,0.5416954901269646,0.28825812907552656
12,pu_foam,47,expected_improvement,71,0.4142709774777899,0.8899597108308434,0.49474133519653773,4,398,4,0.08422874534852855,18.8001881138273,0.964025919749621,0.5567696288223954,0.21727510000382255,12.750786551111766,0.2781391790919373,0.08428933067231494,0.5299659278330853,0.29921151176001604
12,pu_foam,44,expected_improvement,50,0.8764175287182479,1.138781282621915,0.6405605836955202,3,239,1,0.14271155483966189,1.703471809964816,0.9520228219865775,0.7948245823039899,0.00015607862884298626,92.2203098418095,0.2879137420187246,0.16111552266142248,0.37619611045837115,0.3281926226840802
12,pu_foam,18,expected_improvement,46,0.8063505570420136,0.45353228112925525,0.9791846429582403,3,499,2,0.11375641377633859,7.068526677223838,0.8502568673323249,0.5488502025529912,0.00035167589186390133,0.10841437518632076,0.2994120167761593,0.1591334030984556,0.34103546522352635,0.33919536755077323
12,pu_foam,22,expected_improvement,27,0.307649439974224,1.9351094012246393,0.575547743935197,3,564,2,0.13860552249307212,10.301561346754413,0.6813326366904234,0.4198393116006953,0.06806377066822598,0.6705853811428659,0.3112271855125336,0.14044511910472326,0.33745461843006286,0.3463384652887144
12,pu_foam,12,random_initialization,32,0.34357261777492915,1.2289031016630472,0.6349850462615392,4,581,2,0.020087819732674015,3.1515263795251904,0.6523069388088432,0.708612272456675,0.0001365257595854437,2.067462628918345,0.30825100981807946,0.1534902410529546,0.32200179794777295,0.3466235700813181
12,pu_foam,48,expected_improvement,25,0.12307186258166868,0.9912969631431343,0.5307570740104973,4,313,2,0.13832767896912462,17.426976939615752,0.6325771662587393,0.48427506577446183,0.0018523302642110145,0.7151957556107907,0.3408254475455115,0.0449236794588796,0.3467399896386485,0.3520563674102314
12,pu_foam,4,random_initialization,18,0.6621280214738783,1.093998400613736,0.5084036612529539,1,331,4,0.08579208609509095,1.8225903056750303,0.7778374760465848,0.3490981703176854,0.028705320557335705,47.261208918765405,0.32362030577182127,0.15496681606103987,0.2650881220733554,0.3623620097870812
12,pu_foam,5,random_initialization,53,0.8848487380903657,0.31459561681679915,0.6395216235531387,4,151,3,0.07840153427142287,7.033035821166095,0.6826707230676157,0.5628445672475938,0.00046460339082321766,0.3724769672612735,0.3350601465134259,0.17276039121661088,0.19123503463933392,0.37825024431757864
12,pu_foam,27,expected_improvement,23,0.8229395712774129,1.5133296557273965,0.3312287223360585,5,596,1,0.026978799217307753,1.4530541430041135,0.8163069995979974,0.3352144879502482,0.0011654796893185051,23.678473942074802,0.3259604151506667,0.2114436088677012,0.13282812493114357,0.378821317367592
12,pu_foam,42,expected_improvement,78,0.9112885433594738,1.7161069716247441,0.8276353505650995,4,484,4,0.0717613923741797,1.415555975175991,0.8116885047907518,0.8156932900557572,0.4303605831081458,25.506614062555208,0.3453151164132262,0.20230862193799015,0.08172777619946484,0.39589227189772375
12,pu_foam,46,expected_improvement,63,0.4081150010527591,1.9043219420991,0.7812645120335492,0,300,2,0.011656495514514906,17.788822070837643,0.7929997899963424,0.5698952815026187,1.7785135902280695,0.2903039781517007,0.3623125472097971,0.15925450840119157,0.11335284648544885,0.402126174310095
12,pu_foam,31,expected_improvement,69,0.865967602673492,0.2538694246067169,0.9599435495649042,4,443,1,0.08265759983390479,2.080142126057547,0.9339819384531984,0.6376139009099928,0.0026004503081663486,67.51153283233779,0.36948439755791856,0.1593341028070215,0.07706175934916273,0.4093179232596739
12,pu_foam,19,expected_improvement,32,0.3836651978102442,0.7719818677595034,0.48712378329072686,1,503,4,0.10352312946623424,7.097752088617653,0.9048408155851787,0.3496822740388659,0.000106190929082013,15.412716894541905,0.3552119931138106,0.2337989822397343,-0.03841829260981908,0.4136617386737442
12,pu_foam,26,expected_improvement,57,0.2595669598770373,0.5602309468379819,1.4722333333676494,5,593,1,0.09138356753434322,9.731552607483563,0.8577414568782769,0.5458402835487222,0.0690370840820565,20.124459529629068,0.35917321369349936,0.21902045000010878,-0.014045704960073957,0.41392832619352654
12,pu_foam,20,expected_improvement,37,0.9241628258973945,0.5123215639403981,0.6168737902575188,4,587,3,0.04879498313183759,5.698088937694553,0.8540689357329433,0.5216845800956502,0.0004373820046232006,0.14231446443428938,0.3644462200523678,0.20872605117637144,-0.01227548341837481,0.4166277328464607
12,pu_foam,32,expected_improvement,38,0.5991543487170342,0.9506271920730552,1.3850001299825683,5,539,3,0.08159941279210228,5.475044814538775,0.7494084699138153,0.5165799284516039,0.02846326199828726,2.02768804327515,0.3753172070548862,0.282877867936326,-0.271253888704469,0.4460366740389677
12,pu_foam,16,expected_improvement,43,0.07061293669409913,0.4954274725815828,0.7559364539130906,3,366,3,0.10900485928251497,3.86989672915088,0.6199560692076511,0.32689926442292955,4.125290436948853,3.8656997109994964,0.40143214043694897,0.2208737290096862,-0.19956149245321061,0.45665057268937054
12,pu_foam,24,expected_improvement,16,0.5521633276929814,1.6648025350042641,0.7616814478687766,1,517,2,0.015014433701851003,1.092537775945737,0.645435182409044,0.6380019690484042,0.1264641520834206,0.12475177836409913,0.38711481644507034,0.2814168711841609,-0.3175987550621082,0.4574690342411106
12,pu_foam,13,random_initialization,14,0.7899031378370845,1.7730054451962571,1.15499517960811,4,573,1,0.02023746766008111,4.151823301797482,0.817405626258295,0.8735236686936676,4.9026272158966835,0.36233640280080487,0.4050510253730005,0.21893275065588608,-0.21209194452387792,0.459784213036972
12,pu_foam,33,expected_improvement,78,0.7788306228599365,0.25613907288392557,0.35282916067336895,5,224,3,0.03640213943414493,13.845669916271344,0.8234534763181516,0.33412902523587795,0.008355006088131136,8.006624155497152,0.4048335181387629,0.26700575143822947,-0.34319815652012486,0.4715849559983203
12,pu_foam,38,expected_improvement,72,0.22355954366576225,0.33141827657073986,0.34224585202756935,2,394,3,0.08932625323011471,14.098950089206383,0.8727363971243296,0.3291916406355333,0.0019738073215922807,3.41275766577638,0.41050115499818074,0.25348843928176673,-0.33239726825215876,0.4738732648186224
12,pu_foam,7,random_initialization,65,0.27819737183074644,0.5794571727473242,0.7099702713708032,3,253,4,0.049804946527437506,1.4933549094083225,0.6453380716716245,0.8907626229747103,0.000723544995473523,2.354674987637897,0.4194701816097561,0.3104731015908412,-0.5668658517332339,0.4970884570074664
12,pu_foam,3,random_initialization,26,0.7808020443285877,0.8488902346768048,0.5061175412879791,2,200,3,0.019945404521375647,4.535741086281178,0.630276722168276,0.32216915088389264,0.0009384666008093032,1.136934208289171,0.4375743517186017,0.3449886650420541,-0.7875749711518281,0.5238215179791152
12,pu_foam,6,random_initialization,33,0.44909636546829923,0.5585985870121988,1.3214823874710142,1,401,3,0.013745375439930438,2.4995780514445167,0.7662587299686566,0.8713803296500939,0.04899551997260484,0.2746836000445991,0.4485049546505023,0.3570895911874913,-0.8925337157647013,0.5377773524473751
12,pu_foam,1,random_initialization,56,0.9364301286140182,0.6481138267634055,0.3232578596447757,4,350,2,0.02009180418556966,1.488649171189483,0.6047464030531259,0.5138222727841542,0.14666193046792547,24.85880447682,0.475461207049645,0.30632747500056096,-0.8328473148178144,0.5520430757997853
12,pu_foam,35,expected_improvement,18,0.6486405530734022,0.8015625003277507,0.3157821420147867,1,595,4,0.016368365608074715,1.9261903715164193,0.6096142264606926,0.7006945302944034,0.13168371797581443,1.1245371644438087,0.4637063099824442,0.3831858406203503,-1.0847625972885675,0.5595027701375318
12,pu_foam,40,expected_improvement,25,0.21152925616359847,1.17378640155422,0.38495832499577903,4,593,1,0.12101898602326516,4.171921218188661,0.7006981955977638,0.4747497417821692,1.5768206395286652,0.23496978436234348,0.45100672218887833,0.4357068337767857,-1.2691508841544075,0.5599334306330748
12,pu_foam,43,expected_improvement,53,0.5646446566607793,1.5019781411008497,1.080278677840618,3,191,3,0.013517689720821176,1.2631683949555936,0.7942070002195739,0.7884772758020425,0.00014148794743708336,1.9747761631392677,0.4864456073075551,0.3393299835071618,-1.018936889458361,0.5712781031843456
12,pu_foam,41,expected_improvement,34,0.5939704794397932,0.53697966272346,0.4681733966009607,5,583,2,0.09596220744248872,10.99259831519061,0.7042976442062758,0.6917094453579322,0.0008381446090412745,1.8676734347938162,0.48870867719311517,0.39168956959697193,-1.2548060637737777,0.5866310695923581
12,pu_foam,37,expected_improvement,62,0.9362929052400184,0.2686123002106594,1.1911050309281785,5,548,4,0.10458606559982926,4.053111190641896,0.9969651656561132,0.9845744520390385,0.36798247149367025,9.83752169851328,0.4891674847799469,0.4211006880117545,-1.3987419403511459,0.5944426567828855
12,pu_foam,10,random_initialization,62,0.06828865290366254,1.425258380936121,0.6677769116563252,4,474,4,0.03103704574654345,1.7172395904801334,0.7745819211487041,0.9081257985116997,3.5280013835140793,37.39329687570482,0.501803995496201,0.375286096021178,-1.2542308758669152,0.5956255195014956
12,pu_foam,9,random_initialization,13,0.23819812395438034,0.6855375910653349,0.4744756688708949,4,533,4,0.013497577204907362,5.87056442155723,0.679408435595912,0.836113583843465,0.03366762914239744,0.5545025960341713,0.484023875107945,0.4880266856424309,-1.7262421011507123,0.6060305465185527
12,pu_foam,23,expected_improvement,11,0.18738865086236678,1.0252694408390934,1.1929491762473086,5,107,4,0.018075484540674227,6.311526522030651,0.642025274861308,0.37710182603103315,0.00023427280479342556,0.6268865131393779,0.5245148229432406,0.377298033878115,-1.3969910744868568,0.6188393314127694
12,pu_foam,49,expected_improvement,36,0.6719937259793951,1.150652657736729,0.39945448960324187,3,330,2,0.06737225592601019,3.55406508436892,0.9124430589025674,0.6515233844470414,0.5156086719169496,0.17099765462215055,0.5146897938913949,0.4951998930744026,-1.9433405463020157,0.6384897671599956
12,pu_foam,36,expected_improvement,40,0.2870139036734649,1.5231536090224598,0.9483456980642979,3,550,3,0.010729765315549106,1.3307275197760728,0.669860055759643,0.8834561451573202,0.006166868941702308,1.3303302798744252,0.5167312873859417,0.4984140976581519,-1.9742493409339847,0.6413348118004796
12,pu_foam,39,expected_improvement,76,0.2959841078509932,0.6854302406670086,1.4916435289309131,5,543,3,0.020515352333114228,2.5031838701715405,0.6420695720468453,0.3948276583387337,0.0001421171407012311,0.7109053338642973,0.5221473675896585,0.4951093182004697,-1.987157250468609,0.645924697139776
12,pu_foam,14,random_initialization,40,0.5959454119393743,1.5711746126940842,0.9633302998031539,2,430,2,0.014531015380162689,1.045652268635261,0.9819986000967531,0.5496619863361749,0.0019151898597014362,54.41822263265858,0.6041065453090783,0.4442152474685377,-2.226057321796185,0.7151603571762126
12,pu_foam,25,expected_improvement,79,0.9196986690384171,1.1422649535073348,0.7698937781763151,3,360,4,0.11427425172942084,8.02284867149957,0.6604834703194912,0.40756771404499675,0.051713596363482106,0.2165184408074069,0.5694941345232569,0.5897206942186721,-2.8798007316175855,0.716924308077925
12,pu_foam,11,random_initialization,75,0.3160104184431138,1.0545132921232412,0.5073021780790578,4,209,2,0.01092367049330051,3.627523359933209,0.8919613441995198,0.39474170764893224,8.044876643866575,0.7979608323948624,0.686144991858349,0.48704011467493996,-3.0536370629497793,0.807905020527084
12,pu_foam,29,expected_improvement,72,0.5222767044193206,0.6344943445925794,0.6636049516926485,2,590,1,0.06166491070498537,3.4666254351033783,0.8216927756197416,0.8791926419709362,0.023142353931091503,0.10611429764015748,0.6389194187979824,0.7142126758526262,-4.304140766399884,0.817472587761139
12,pu_foam,50,expected_improvement,15,0.8200096641270462,1.897743100713529,1.372478017186148,5,235,1,0.141459591161758,19.974323277126008,0.6013612777998719,0.35433200018956573,0.0002485944488236156,91.31304833325333,0.7509288817435531,0.4945078926320597,-3.597144984986139,0.8745558549015681
12,pu_foam,2,random_initialization,30,0.9128668021992697,1.5617277100382305,1.3674201412823517,1,235,2,0.029455897619563687,9.998760229124368,0.9262659615874044,0.4123708142678276,0.06554480158356718,90.423212790966,0.741044916728529,0.5971840220872588,-4.197016204993413,0.8903409222503438
12,pu_foam,21,expected_improvement,16,0.3217337700754512,1.9026879800880254,0.7445747960897645,2,261,3,0.14630173393314605,1.2546758684312822,0.8272655605862531,0.9314019141035561,0.0007134696955083364,1.0071422128777654,0.6949112927278205,0.7959339536770771,-5.448251524691516,0.8938947811470898
12,pu_foam,34,expected_improvement,57,0.6507425582315077,0.27235956486283563,0.8672868933500875,1,449,2,0.07147539743864362,10.841978106184433,0.8727606634479205,0.7769146061490637,0.00032326466422416496,40.757148068219145,0.7078979760632836,0.8000986049793527,-5.589663073990711,0.9079226273081218
12,pu_foam,15,random_initialization,19,0.5297892706331149,0.38559120189702245,1.4531741056921135,4,255,3,0.04051345788989021,10.559533411449687,0.7969158114393349,0.8331152295922712,0.0012592902912367684,13.946547488268946,0.7112158135802419,0.7949894405806263,-5.572133161408206,0.9099631737253985
12,pu_foam,8,random_initialization,72,0.1771592506639792,1.8168146615037322,1.0662766899601968,1,331,1,0.012687174920281877,14.430546360856239,0.9951197074863176,0.916519424520658,0.019910158332963397,40.27872331010622,0.8192023647850106,0.7208273866342252,-5.8492259957987915,0.9994092114435669
12,pu_foam,30,expected_improvement,77,0.17446003566238136,1.6190211513870012,0.41617728711796614,4,596,3,0.012153222850629393,3.202576422360058,0.878034845607238,0.9070155214558435,0.0001707944726646071,86.82030505729874,0.8376038030945497,0.7531407490032932,-6.300204511237235,1.025888990345373
13,titanium,18,expected_improvement,46,0.9494232427094893,1.2874818156592691,1.4752385986563294,1,391,2,0.050830825884452806,1.5774577717540876,0.6143381107035922,0.39334426596386607,0.2811155075708055,6.778188216640394,0.2612824598219409,0.0795088852469367,0.5726679405795772,0.2811596811336751
13,titanium,22,expected_improvement,34,0.8735697161065449,0.6900138108432248,1.1927916078796277,1,485,4,0.03737264406801995,9.379019643520225,0.9117221868500656,0.4983277352437138,0.0004845369474741499,74.26972249442143,0.30151498474605337,0.10390452413688907,0.41679137278268785,0.3274911157802756
13,titanium,1,random_initialization,53,0.8723170398678836,1.7128482003017003,1.276999790612112,2,501,1,0.028744585641588154,7.616984485741382,0.7687729948006493,0.4110988376053517,0.22550889603571975,5.379828773455528,0.3032432732888183,0.10878151632929256,0.4067724604691165,0.33043865237114145
13,titanium,44,expected_improvement,31,0.08458392130121366,1.3495806130096388,1.465039554175936,1,138,2,0.10130855348112856,1.8981711097788931,0.6580780622291094,0.3204527241087454,0.2641722442263765,1.2780069673547145,0.29932731977636384,0.13991795665044235,0.37260289892190623,0.3343068089389744
13,titanium,32,expected_improvement,33,0.9495525740318745,0.4614583918097852,1.4228251705818293,1,452,2,0.11858930688902151,13.965112364204758,0.6265148481326642,0.4385489204959383,0.6627345866470029,40.99667220137839,0.3323684843224088,0.10400492874818057,0.3105627635846373,0.35836971650945393
13,titanium,38,expected_improvement,62,0.1165374446858228,0.8782571105216714,0.3015088454483853,1,197,1,0.09191282261043572,10.259453020459482,0.8203406627127202,0.3873148516266027,0.24353793054115433,87.86536993028166,0.33493139053113163,0.11525818648454057,0.28438665758183324,0.3637459371522668
13,titanium,28,expected_improvement,32,0.9420445909848476,1.5078927812872378,0.9737790267907864,4,555,3,0.1386627300258459,12.812895120037103,0.9273619438054579,0.5934819121237427,0.08197267023953701,29.775266989711746,0.3430918071681902,0.13177599778281726,0.2314012656603871,0.3760358066138945
13,titanium,21,expected_improvement,47,0.6569068371946901,0.8816944747246234,1.4401391960082,0,498,3,0.05156543663469683,10.031601751418783,0.6005717550112575,0.3964201569548666,0.32838121925129776,41.046912156642016,0.34670917754287556,0.1313244055979247,0.2158045460241369,0.37954027894235676
13,titanium,36,expected_improvement,28,0.06808577178131434,1.5573398782549097,0.8726394001254321,4,586,3,0.08316784090360968,18.10997534124392,0.7454081771878284,0.8193799567852407,3.8444811572848785,0.39638854984138555,0.33421066982735925,0.19836284112871713,0.15156730359331727,0.3838013801095385
13,titanium,5,random_initialization,47,0.6710979436031194,0.7673846058657441,1.0734326032629569,4,293,3,0.06472469435678603,17.288612509263178,0.6427238811992696,0.570888744875458,2.713952572140436,47.51809254005032,0.3756623462074995,0.05876741099840688,0.19922198106437766,0.3903541989571012
13,titanium,9,random_initialization,63,0.19514631638161606,1.9131490719501179,0.4608056610676564,1,267,1,0.12603200308851842,6.498809729620771,0.6408556228370247,0.8208615329856765,0.06460241212956376,0.20450417268151783,0.36258194544832334,0.1512830806844131,0.12228821357286052,0.40040271561942664
13,titanium,46,expected_improvement,47,0.9453078341257092,0.5844965762741136,1.0948165564466843,1,511,2,0.0490383676814453,1.7585911052399668,0.7312615196216328,0.48853198107434215,0.002488549872544976,0.31212042598901424,0.3575060287479729,0.19735427247667817,0.04145993680488658,0.4068445968671424
13,titanium,41,expected_improvement,37,0.08186792401738464,1.779628383275164,0.5810677064230845,3,215,1,0.05402327367542981,2.724552199001718,0.679551115169496,0.37732478669180336,1.819757832966345,0.4789346118233499,0.3692506603230659,0.1741075422957154,0.04605081239188641,0.4127775458969948
13,titanium,50,expected_improvement,50,0.09929255551246721,0.3574292727250964,0.45891285837435225,4,139,3,0.07283679419582048,3.1701925871136494,0.9040215119832307,0.3244920796746998,0.007947783380407733,3.6550402103950175,0.3615652556454076,0.27258080733076123,-0.18349698063500183,0.4297104574780979
13,titanium,30,expected_improvement,14,0.8264972115743636,0.998442118189681,1.2615519347511048,3,417,2,0.04402634153836456,4.741152628519424,0.7585155164383013,0.5288865432409666,0.9015615296687862,80.81931619380669,0.4174807520086898,0.12255298950417365,-0.07693791280347165,0.4481189993847332
13,titanium,27,expected_improvement,37,0.07572960010143363,0.9498328965506855,0.648249352545557,4,544,1,0.0785194762372614,2.0778916628750745,0.6275565270416766,0.9439393976608716,0.00041808560448814336,6.138664314326776,0.39007808037819913,0.2323220335882438,-0.18528688939819918,0.4481585887752601
13,titanium,47,expected_improvement,56,0.9208378492172204,1.3314406791476006,1.472265722666667,5,519,3,0.01289924853567146,19.627002886236344,0.6311201338975101,0.37886286587817863,0.4331155401781232,6.480942355394966,0.4214415656930276,0.1214711508109008,-0.04694642940054333,0.4518093533957528
13,titanium,35,expected_improvement,36,0.9041794271705557,0.7953228668477315,1.4534458486644821,1,582,2,0.010054239842930027,1.9590796275531375,0.8015333227364496,0.5419027082602683,0.00027123651229785095,0.539808214759118,0.3880296794861089,0.25877804949384464,-0.2528590184999424,0.45272419185957
13,titanium,4,random_initialization,77,0.8983979814440727,1.2104033837080248,0.7936210605052703,4,555,2,0.09153340733531505,2.6115121574150066,0.7478475672735913,0.6774947231402417,0.0011613973194264055,6.181608278831669,0.41285644118008813,0.2214444179002821,-0.2575224739850598,0.46821754565515866
13,titanium,26,expected_improvement,53,0.8809208372511667,1.438058078116611,1.4689413585671847,0,327,3,0.06567159080054387,3.895426558710061,0.9760610953474687,0.5302416303328582,0.040955547478191426,0.8309960674007494,0.40339989797460196,0.2688886680543727,-0.3504852826244359,0.47062206498819514
13,titanium,19,expected_improvement,19,0.7385266310250647,1.5908189850088201,1.449798434686156,2,349,1,0.03064343805256244,6.161604513607806,0.9204649718700206,0.3823386097593879,9.313790417236943,0.40902473292811464,0.4331995956050904,0.21695728891377664,-0.3427395321382415,0.48743891783353455
13,titanium,13,random_initialization,16,0.3684219777949609,0.3919831685214902,0.3618108983083969,2,210,2,0.03583020342938805,1.5334354450163692,0.8888573380744466,0.39690877544088665,0.07156351859124217,1.8378495505796657,0.40448152620867467,0.3396484491398481,-0.6104324752321308,0.4893936384936367
13,titanium,31,expected_improvement,49,0.05431347375280167,0.6965471832421919,0.3671493666235699,4,144,4,0.042961724664718384,1.6716839873425018,0.6314008119293381,0.943748642636252,0.024074058099316502,0.11064771039017551,0.43230371075815843,0.2799430133935682,-0.5236663941587085,0.5022894641065505
13,titanium,23,expected_improvement,79,0.8765704369099742,1.8997266639819843,1.3992917602532577,4,590,3,0.07360836654021984,8.045277069493087,0.7030857503242481,0.3784913133378992,0.0004311771526854646,52.614332911318925,0.43972950578327064,0.2547269811121563,-0.4802956157248025,0.5034112510613097
13,titanium,43,expected_improvement,44,0.9293464231591466,0.8129218919479468,1.0812307472316531,2,291,3,0.011457638487941438,4.086309403044145,0.9932482714899645,0.5555781046527746,0.0005346603514494509,0.40477569276071745,0.4519582509244139,0.2667836406245762,-0.5819937404911288,0.518654161080558
13,titanium,8,random_initialization,61,0.8660398920798101,1.797065328255608,1.1215040753759913,4,145,3,0.11226006370029722,8.066961079089731,0.6760064562515085,0.7040786572853703,0.0019514364460749883,0.27922056686893065,0.4591768802416314,0.25516442127460914,-0.5704326403452515,0.5229679855602837
13,titanium,24,expected_improvement,78,0.4596494897307786,0.6159245851727093,1.4832055212934496,1,425,1,0.08854174497848431,7.333113264533354,0.633044598515306,0.4646493204750363,0.08604672802766966,91.71784014280375,0.4590564822498867,0.25894132430640004,-0.5897403964045884,0.5237918133264867
13,titanium,11,random_initialization,55,0.1341566040934801,1.107291050480981,1.2196297605750517,4,541,4,0.0395765121264313,14.204310411102691,0.7881851822988559,0.8833988961724653,2.090858740196891,16.08367126337078,0.46816610002467,0.27573118662261464,-0.6919695785301618,0.5370988966803236
13,titanium,14,random_initialization,15,0.348779252289314,1.0142766918928923,0.4892420599007214,3,413,2,0.1446460291374462,4.645858074792752,0.6506009982478672,0.44812026096710234,9.230374925646439,0.1435594855691297,0.4830534532943339,0.2399884639614773,-0.6634177522520187,0.5430505692847032
13,titanium,29,expected_improvement,30,0.9329685913982316,0.5785744946857084,1.3882370574448788,4,562,3,0.06719490021879665,14.29496460950688,0.7075150580967857,0.3044873665841165,0.18538200653968467,0.34700766749584977,0.4924138698905076,0.2628384745335825,-0.7715293066229731,0.5581234885239033
13,titanium,49,expected_improvement,44,0.7123015435336628,0.5036162530913862,1.4845362396932156,5,237,4,0.018568593583204528,2.7279201397762898,0.6483605950823115,0.47954098041682536,0.00014115044310797874,4.838776729573858,0.47749057411109996,0.3315413368260421,-0.9459186960713025,0.5603759083176105
13,titanium,37,expected_improvement,36,0.2994409026788571,0.5059017050305086,1.2267605114112785,5,543,1,0.034156324099545575,10.575539536859635,0.9872592543698478,0.7241063336586171,0.007455700362579617,0.12443501792953456,0.4657879427904402,0.38594786877081394,-1.1100555306686322,0.5622749099831437
13,titanium,2,random_initialization,73,0.6593800422721302,1.3809635879431008,0.7035337388444416,2,512,3,0.01596239611074013,3.933512049100222,0.6313754161190316,0.8799943218407369,7.459254024405749,20.12001056735164,0.5155102090187034,0.2528880956005262,-0.8792320916165397,0.5787322329188349
13,titanium,12,random_initialization,79,0.24209220102050666,1.6501991734909824,1.0537666870234101,0,355,2,0.041230382673565484,2.596323250579962,0.9587496189656893,0.5389243134722987,2.178736602671945,0.10653124371288666,0.5063534781362987,0.2995646658343522,-0.9811127084886218,0.5812446445948868
13,titanium,17,expected_improvement,79,0.6732917385665261,1.8370646705941367,1.2632711722583545,2,576,2,0.02014330286121265,1.4189640844917804,0.7955929851675926,0.522747025522087,0.00020951384122913156,0.2066949331614954,0.5006877781411095,0.33270274744925765,-1.070132047721323,0.583863465003424
13,titanium,40,expected_improvement,69,0.42404490140603607,1.6556592223326354,0.331765480824299,0,319,2,0.010142083264152349,2.535516540361101,0.8396364762930697,0.3311425552673193,0.011031349364108428,11.866874231275387,0.5104729683260979,0.3484704171691657,-1.1950595955496124,0.5975905726183893
13,titanium,16,expected_improvement,23,0.9259249779235155,1.931809064699186,0.9907352863727852,2,304,2,0.06518773169628767,5.994259073259825,0.8747540448696001,0.36050764877596847,0.00024162784528828585,18.38078190763194,0.5045293564847344,0.395930908710444,-1.370201545798323,0.6035120836623454
13,titanium,39,expected_improvement,78,0.12071955331528365,1.9952175484420844,0.4569668367771391,1,119,4,0.11098123188786352,17.636767708176208,0.6878688585630484,0.5627386779554049,0.019532784246705633,0.3229263949317629,0.5303699900512885,0.3185802665994321,-1.1719672349742645,0.6100150567011465
13,titanium,33,expected_improvement,15,0.5274888188878079,0.870762763703803,0.685565707498343,1,103,1,0.11656279413459467,1.15684615457889,0.9682847892694212,0.6902262707575038,0.7812444002044008,0.7546606687554935,0.5078513923741251,0.4256811357782625,-1.532698591958786,0.6142716763186907
13,titanium,45,expected_improvement,50,0.39141628253324634,1.6627131433790308,1.4833304180789737,5,123,2,0.07075806638569006,10.88472498562035,0.8975589898606484,0.3260309182291248,1.3891097185774282,0.17491129917353201,0.5104610512162229,0.4264142405330114,-1.5501170383007186,0.6170646113494758
13,titanium,20,expected_improvement,79,0.9239455715423531,1.0328188380449146,1.231063265895698,0,364,2,0.05359353726775498,3.521582024415568,0.9079385112544984,0.38141093169022394,0.07161197941896105,0.5361864990099143,0.5309108924110627,0.4134172747417208,-1.6045976378536972,0.6342652110964929
13,titanium,25,expected_improvement,57,0.5488451576294648,1.7038289645498248,0.3285384624353952,5,385,4,0.13090526643320843,8.45527464470493,0.8364551199600264,0.7000044322117187,0.0035335137320578504,23.09116026499388,0.5305871887353433,0.43506756997569357,-1.713407556053681,0.6393540812292666
13,titanium,34,expected_improvement,59,0.11887701435360919,0.9786155952219561,0.35799618359896557,2,507,2,0.013705505517763918,4.019332443215274,0.7020451598875833,0.8860323799529826,0.0004720441692582206,2.1733483947479377,0.5333266340602724,0.46570675892812435,-1.8914707732560692,0.6497533237923034
13,titanium,10,random_initialization,47,0.06093850967386083,0.6669752467124992,1.1155675067139867,1,429,4,0.012292138225039481,17.875864934529048,0.9437542001059678,0.7511368401925218,0.03624032834083993,3.5821614169875446,0.5241310998978226,0.5057020255976828,-2.061127286995627,0.6505566062972433
13,titanium,42,expected_improvement,27,0.10088699941033122,0.3088075923724078,0.9632724819228953,2,561,2,0.14504266044282896,16.09206320816251,0.9836149269391499,0.5457153827289282,7.0070480617584865,10.658933292094904,0.5698202337380479,0.5522604315619016,-2.634936767088417,0.7078853416285233
13,titanium,48,expected_improvement,36,0.05288912492802777,1.5157264287594496,1.155483462898331,1,105,1,0.013728670386353142,7.597999360973795,0.8625889303838046,0.37635271813963983,0.00018020700212795603,0.446474060827477,0.6341229219199382,0.4712447510154576,-2.5749073506377322,0.7519341096738026
13,titanium,3,random_initialization,45,0.569980923017649,0.5544170167857064,1.2274649562431392,0,310,4,0.01975322530267226,1.2917245824409886,0.6854643899080979,0.9516633727115344,5.055467082187068,0.9281143811358671,0.77400792248371,0.8643876803485259,-6.776832901603257,0.9901048425708414
13,titanium,6,random_initialization,68,0.4413664141020107,1.43551419380748,1.2703500738153126,1,139,4,0.12518126097708737,1.0569325480284237,0.9805068599057669,0.7890934409029358,8.425794680057056,7.656750439385901,0.8157406587178889,0.7133652091927174,-5.767056897358238,0.9940819610160683
13,titanium,7,random_initialization,64,0.8778474541726875,0.9502893542663408,1.2434219619499687,4,570,2,0.09814660108421758,4.504098972293641,0.9075846635127347,0.989656360824585,0.0013531251707889535,2.2117977770477117,0.9189440683598651,0.9205003628096515,-8.753298476339289,1.149069159062278
13,titanium,15,random_initialization,78,0.1657683349450485,1.7770914354262757,1.290408196703571,1,133,2,0.010361342674947753,8.845904719979657,0.7160234098172832,0.8279848891934964,0.6278654023494926,52.810138624810556,1.096473584482646,0.9486883176900136,-11.084915420480934,1.3336456639051495
14,wood,33,expected_improvement,55,0.6043144560683016,1.9483159823592677,0.8215233986955126,2,448,1,0.1036293869348117,18.98420827431976,0.6687812119911353,0.8342497915493963,0.6967173645157186,1.3999993680224054,0.19876074692580947,0.08008654856155709,0.7252869261836226,0.21878238406619874
14,wood,45,expected_improvement,78,0.3403779589516071,1.0611765476599766,1.2346698383045882,0,445,2,0.06387651230142397,14.091780662198477,0.6231035468264438,0.6099082686730294,0.0014459146560833582,0.17915449191369096,0.21020364959215523,0.06635736446542201,0.7097239597515925,0.22679299070851072
14,wood,47,expected_improvement,73,0.5415668304133664,1.252305778314821,0.7137227812334971,1,576,4,0.043608452155645364,14.67826116071644,0.6067302562643352,0.4166124913512191,0.006632903232534229,17.494624271418783,0.21011478649632306,0.08274318905187039,0.6925097445264842,0.23080058375929066
14,wood,38,expected_improvement,55,0.39939973498800463,0.8670954757494576,0.4027615105185923,3,530,3,0.05159923159247166,14.105936488283154,0.6243350552758443,0.8379503958564887,0.0002506063868155045,2.9902282168555154,0.21077851645272255,0.08221815608580167,0.6901007962277337,0.23133305547417296
14,wood,6,random_initialization,20,0.2634012604775274,1.3099585563115101,0.5104685641733644,1,586,3,0.03757637793383338,13.583049257637288,0.6393684871203926,0.8213482775205281,0.43708107811840924,56.09501071228,0.21271725586586698,0.08513670090948229,0.6850377538766719,0.23400143109323757
14,wood,36,expected_improvement,30,0.13413380608265812,0.6055496637720484,0.7192214716196248,2,358,1,0.06028068258305644,17.78234926683053,0.7695204138942084,0.5675150186821436,0.0014321075228973196,0.1793043668725629,0.23026032535212915,0.047903571460005796,0.6697564959068308,0.2422362182171306
14,wood,34,expected_improvement,39,0.9110934439777136,0.5465456262663697,1.466331507541492,3,211,1,0.12272965589226863,19.693366186433366,0.9907227747070788,0.5081456445555478,0.021707052894923716,0.11762638909733901,0.23023569616756773,0.05248823644930997,0.668898022789113,0.24335775527989523
14,wood,20,expected_improvement,56,0.6154554111147048,0.9064747524857377,1.3598082079832363,4,321,1,0.14694605543978234,19.16679237936135,0.9382495118604224,0.4529388486393773,0.0002577869529127613,31.495183762919574,0.2325565528169129,0.05061456020278055,0.6637836798603485,0.24521019286760803
14,wood,42,expected_improvement,64,0.2889443065856492,1.3411949547961513,1.3282037387495242,0,585,3,0.032971261344393786,17.804132435879048,0.6243975751966653,0.9995012228643116,0.0006489790215555183,0.2870282092595112,0.23416000706830215,0.06352778681465107,0.6479087996891506,0.2500419537719649
14,wood,50,expected_improvement,79,0.6180679964373137,0.8078192210763286,0.7152173634248769,2,481,1,0.06805754223565964,19.316538207963738,0.7680391081089762,0.8084573536672255,0.1962834639581686,0.2307757704609223,0.2276583343641258,0.09388559208101732,0.6328776852179513,0.25112973238438013
14,wood,49,expected_improvement,53,0.9371874479846276,1.509349680807851,1.1535397045887201,0,391,1,0.1311106288998834,13.17348073786172,0.6015825367784292,0.8811751253177109,0.00020944611664902013,0.15959663221303425,0.23969931778405568,0.06331441250560872,0.6348353917785738,0.25552792091045784
14,wood,48,expected_improvement,50,0.39953918889271844,1.301337774185297,0.8417652321231166,0,410,1,0.11443023931115112,16.61703471388046,0.8950717036121024,0.7822083307248302,4.205481206047533,1.133368404778187,0.24016160775106307,0.06921946964321649,0.6272953598323454,0.2574664751618672
14,wood,7,random_initialization,59,0.5617740655310992,0.743078848183951,1.2997423603763767,5,515,1,0.03101244649162303,17.10893298853183,0.9187219404999528,0.7920121512954847,0.00012896007914362756,0.14549933440089505,0.24657518761661743,0.06098195398351409,0.6188328794670294,0.26182067611249593
14,wood,39,expected_improvement,52,0.6453901117706617,0.7929055338719124,0.4509201727752673,2,556,2,0.06873214213096568,16.361809008350033,0.6169868110150986,0.3668225750494837,0.1759304780439246,43.19274249629042,0.24730811248630402,0.06562957731757266,0.6099993506997133,0.26371550681569716
14,wood,17,expected_improvement,34,0.760452171998247,1.5830158701621282,0.6362883812403226,4,106,4,0.1067268161597761,15.853917219783485,0.675234856459073,0.9210852005618486,0.018256319955246753,6.7385425466808515,0.25788429221971476,0.04739574998004526,0.5928767611179968,0.2697332297147261
14,wood,35,expected_improvement,79,0.3571237786692835,0.28727306643073436,0.5003575234188179,4,573,1,0.01584155018293489,19.671722875818542,0.7514536312967823,0.5174628043450765,1.364736634420821,0.16973289749878753,0.2549361429636188,0.08455716109895418,0.5641221982170364,0.2760754332383573
14,wood,30,expected_improvement,19,0.5487489862057388,1.6688980650784107,0.9351089298177433,1,266,3,0.07477211294175067,18.178427486077453,0.6286006656043133,0.6266555104739582,0.06737197136860369,2.0565032827548264,0.26725699164937405,0.05160521684097195,0.5577649131810711,0.28015829585961705
14,wood,40,expected_improvement,31,0.8605930701217431,1.9360000141246436,0.304905122794971,1,463,4,0.02893783579931215,12.773999076534805,0.6163745876376674,0.5754009348005298,1.5536026430109646,27.58032470442097,0.2670033890181602,0.08491068549991986,0.5315007697801999,0.2882310603931401
14,wood,16,expected_improvement,32,0.46118611888431554,0.7896621936475045,0.38441270221519597,5,286,3,0.12649761024413414,8.699967336082784,0.6148413458059853,0.7173543806452816,0.00015410771071239278,15.335413449747522,0.26646029175684405,0.11870007480330186,0.4995720332869502,0.2961353104576695
14,wood,37,expected_improvement,11,0.4157821789409983,1.7299904843767344,0.39199400634463355,3,314,2,0.13261324939461303,11.327124622943836,0.6272626454986321,0.9162367937522207,0.002080096475483452,0.18972728728932772,0.28563737395813243,0.0792228811971903,0.48266434986656237,0.30544309425743
14,wood,22,expected_improvement,16,0.5313766734024262,1.9579792997975314,0.4671528421999689,3,123,3,0.042643036332478686,10.366456675741471,0.628034113421513,0.9918684420603694,0.0011166234750579667,0.14164840549876656,0.28021955738183785,0.10882932920638576,0.4700925733990296,0.3074268896834343
14,wood,21,expected_improvement,21,0.5032797959483487,0.9853020967934878,0.38942477665045944,4,324,3,0.1239305509852053,14.74494103319774,0.7242227936337434,0.9837394708896445,0.003811057382184095,5.859861339249959,0.28877754329532523,0.0825014895778535,0.46547946775138405,0.3094029156897886
14,wood,41,expected_improvement,35,0.7697066857163546,0.26867586069509436,0.44427362234638607,5,553,1,0.1341459838554937,19.79048011887827,0.6578877932060779,0.6878439721832228,0.2602720962969817,20.68738853940121,0.29442085042945937,0.08184030469077128,0.43970323615585605,0.31488092660215217
14,wood,26,expected_improvement,14,0.25804761608511195,0.7755653005009129,1.4387959351804833,2,376,3,0.11987868455607772,12.174706032295202,0.6145331483107666,0.7345862490559418,0.0010388161156518751,0.24795357297929604,0.2951042625169921,0.10994568146274485,0.41677143518574394,0.32259068288267834
14,wood,44,expected_improvement,43,0.05587390079635662,0.3586791938113409,0.8851508940552923,2,167,2,0.10589120189291536,17.870829111175556,0.6679552992445089,0.6715402006255702,0.0005560256356045233,0.1684455595138706,0.30558980626975973,0.09052818732148629,0.3974935191228738,0.3282218531001313
14,wood,9,random_initialization,40,0.6696856372419012,1.6475893086935594,0.8320614856407844,3,363,1,0.08185772161225323,11.274626574606986,0.9941490905858568,0.38242749662988956,2.0399746948305726,4.426128985895382,0.28916149033857785,0.1631951666334986,0.35589046921500744,0.3299602819969525
14,wood,2,random_initialization,44,0.5252339768418661,1.2088928308009153,0.4229679000827709,1,311,3,0.05747255425303448,5.076307794622552,0.6882576551620758,0.4720124437513754,0.004655110828933607,2.9964543358158764,0.29552861711719397,0.1619692779304924,0.3355009616929166,0.3360209365998171
14,wood,27,expected_improvement,27,0.16244088881499769,1.470333261061211,1.3763891947469202,4,540,4,0.11736100647853649,2.7286473842678984,0.6462319802618982,0.653385344526874,0.07315433915893425,91.5838681818398,0.32230567696658247,0.15393524373813705,0.2539645185462692,0.36078948790111676
14,wood,31,expected_improvement,76,0.5990415796902311,1.158468584049318,0.6137239267208717,0,146,4,0.04621757892461175,18.763965320954895,0.9867715021790258,0.3390641504431995,0.0031307005804041945,62.53785904192563,0.34075036836898626,0.0965013871627769,0.24656434045526449,0.3648757151596805
14,wood,29,expected_improvement,10,0.6094454429684751,1.547434943430208,0.7127108724654658,4,591,4,0.10007590354859315,1.1694341557658532,0.6398684816980201,0.33845917776010015,0.0674358610878968,7.095778355499849,0.337849216940395,0.15492614555591727,0.1921715237254652,0.3765807533293743
14,wood,43,expected_improvement,79,0.59465710314756,1.8186047928419968,1.3122772509744438,2,125,3,0.07789987670146158,12.543687129144708,0.9421706581298295,0.713279584763379,0.007539312598080309,0.20300883808389555,0.33153570093385293,0.18348612414686713,0.16032449874488364,0.3774072319705697
14,wood,46,expected_improvement,62,0.7584085087796874,1.4254476339959221,0.3304289557339852,1,598,4,0.02387560677512531,8.248351166883095,0.6011346933793621,0.3849801810384755,0.15914951980233877,0.11350034326407786,0.336598270603948,0.20821931963984497,0.08588535698271277,0.3886531005139092
14,wood,5,random_initialization,17,0.53560031871875,0.46920592407211015,0.7970311168530997,3,521,3,0.015623434908043835,1.4761363215866041,0.6078901457324851,0.6495155314921115,0.015556651767240023,8.861753093410734,0.35299765065994476,0.24259955402434447,-0.06975933243888782,0.41364753916603086
14,wood,18,expected_improvement,24,0.43665606090716247,0.5855798779658548,0.8186032486111572,1,210,3,0.016172738970763857,17.652863726586414,0.6020078004312732,0.5248209872777789,0.0012312026980832922,0.1365825013986642,0.38610145724371975,0.12815161688207083,0.00011732996405638962,0.41813936146423747
14,wood,13,random_initialization,41,0.7173568507291214,1.121210307632281,0.4069941104179372,4,571,2,0.1488161772653918,10.168405859410264,0.730404236447977,0.6437182843526773,0.20112706923488827,0.5978777452820211,0.35855287876631986,0.24941000041297312,-0.10990829325370396,0.42090537886956314
14,wood,19,expected_improvement,55,0.27634236540881857,1.0439442945743689,1.0443951356880903,0,256,1,0.0877278936135814,3.777147425998704,0.9817268895684054,0.7054576789251813,0.012748742338736506,0.6588594434699879,0.3834307114334148,0.2813410910017108,-0.31588033815825933,0.4537659841838425
14,wood,23,expected_improvement,29,0.7306688824198937,1.2448959883262312,0.322673836275346,3,342,3,0.010911663677151927,8.952351200627966,0.6832524361618569,0.8060735890685027,0.02362153098908605,0.12041158676801629,0.41119102278839204,0.36670288371935744,-0.7631043165305531,0.5028667437182314
14,wood,3,random_initialization,46,0.19917647838100788,0.629419558275429,0.40610383324004207,1,278,4,0.03763944974543459,1.9527517304664095,0.7509711628161504,0.8374153684696828,0.15762299030288757,0.7710893732033811,0.42348716742876175,0.3745120914074882,-0.8552232812349869,0.5171151902806338
14,wood,12,random_initialization,15,0.4303602221350687,0.5981201105376087,0.6982655248731691,2,434,2,0.02498739031892854,5.920682529082536,0.8807443592758752,0.8781243686813254,0.0003702582976383916,89.6722994774473,0.4490418462844352,0.2864066290146856,-0.6632906796410736,0.5206435035381066
14,wood,25,expected_improvement,53,0.7109732165751096,0.5251174510260207,0.33426431133687146,3,192,4,0.03470062677470428,1.2232561562797077,0.678717209880336,0.4654963524659975,0.0001279734502311838,48.69922349732039,0.46466801148932313,0.2332285490101084,-0.5916886945676273,0.5229751487418502
14,wood,15,random_initialization,17,0.5351074465644811,0.4653975788919178,0.7615209514118026,2,331,3,0.025086422136840227,12.121447049159258,0.963753768499726,0.6684965015806524,0.00037702773319400393,6.9328470673226095,0.4674890008213524,0.4351630379169001,-1.3663887869100515,0.5762797603005775
14,wood,1,random_initialization,58,0.6481953216120153,0.3274465663078353,0.5773121958893026,5,385,3,0.11970599948933762,4.4437164181619515,0.9843332533562621,0.6423373022013859,0.03445059311733331,1.1183548566080215,0.4998376123040707,0.5079404975206644,-1.942375026821,0.6268227366842368
14,wood,32,expected_improvement,69,0.17431162834587904,1.5167847413170545,1.4532689129933762,0,253,1,0.0569802630742614,7.844854134746536,0.9732304357666053,0.9355693104097484,2.1901053858439172,69.2471336508679,0.5666969093230025,0.4786258880270683,-2.1969340927436343,0.6863533813297696
14,wood,28,expected_improvement,78,0.24373062416813734,1.2163777058004888,1.4156146504788794,2,126,3,0.14883263078245693,2.4112148165992964,0.6281692289308487,0.45596173399336565,0.0665132987337031,0.1412046415963568,0.5707035195147063,0.6409631189387466,-3.2657773378752637,0.730944299249393
14,wood,10,random_initialization,76,0.61072985126082,1.1570008117885373,1.4686194422620393,1,211,4,0.012743379950579321,2.7419635686070385,0.6380255943681525,0.9272333758404081,0.031080558858568908,5.970487764454775,0.6090098278402675,0.48813020402474966,-2.542432371462433,0.7310423788464548
14,wood,11,random_initialization,16,0.6141311296976172,1.8422013403541821,1.3314220151512015,2,569,3,0.02818030185886007,3.2489237442485415,0.8591940877075378,0.729863615814696,0.6354319046877662,10.73945139945847,0.5879649750481901,0.5900087041251377,-3.020042769168797,0.7354671510794746
14,wood,4,random_initialization,34,0.2343629824665357,0.7453586884661234,0.45144216769795975,5,570,3,0.0713836006166247,4.995973834872019,0.9094793857472102,0.8511540583623352,0.042048975179892346,0.6567498518582386,0.6359573018686281,0.7356665447639571,-4.474061951668684,0.8198739380596174
14,wood,8,random_initialization,39,0.19913408787957082,0.6248150957339785,0.5592700308715148,1,501,3,0.13838981099651168,2.5952575751925853,0.9906117316122667,0.7413903993577247,0.0002695777348753841,0.23084204438994277,0.6964843144392523,0.8372210581988585,-5.866471259185518,0.905789578988967
14,wood,24,expected_improvement,15,0.11763936238441115,1.1833455608727594,1.1375955207410446,1,242,2,0.014290389976389319,18.93375977370561,0.7093317514010702,0.41344309426715814,0.00038899091093392814,76.27422679798786,0.8436627201567658,0.6145435309238211,-5.353369357358414,0.9972986028877211
14,wood,14,random_initialization,69,0.5157884340611821,1.479777725786028,0.7136776222443533,1,162,2,0.01664469091558577,5.52631339919871,0.6127134008514661,0.8920476927797496,0.01973117277989331,57.00012117779567,0.9562579996355078,0.8283365361677908,-8.308230773953674,1.1633421336774554
